timestamp,edb_drain_state,edb_effluent_state,tank_level,flow_rate
2026-03-24T00:00:00.051044,0,0,541.518244,0.5591999999999999
2026-03-24T00:00:01.056912,0,0,540.636218,0.5516
2026-03-24T00:00:02.063882,0,0,541.518244,0.5287999999999999
2026-03-24T00:00:03.069817,0,0,540.636218,0.5287999999999999
2026-03-24T00:00:04.076752,0,0,541.518244,0.5287999999999999
2026-03-24T00:00:05.082696,0,0,541.518244,0.5212
2026-03-24T00:00:06.089633,0,0,540.636218,0.5364
2026-03-24T00:00:07.096595,0,0,541.518244,0.4908
2026-03-24T00:00:08.102524,0,0,541.518244,0.5439999999999999
2026-03-24T00:00:09.110478,0,0,541.518244,0.4832
2026-03-24T00:00:10.116395,0,0,541.518244,0.5136
2026-03-24T00:00:11.123490,0,0,541.518244,0.5439999999999999
2026-03-24T00:00:12.129308,0,0,541.518244,0.5136
2026-03-24T00:00:13.136271,0,0,541.518244,0.5439999999999999
2026-03-24T00:00:14.142214,0,0,541.518244,0.5212
2026-03-24T00:00:15.149182,0,0,541.518244,0.5439999999999999
2026-03-24T00:00:16.156107,0,0,541.518244,0.4832
2026-03-24T00:00:17.163100,0,0,541.518244,0.5516
2026-03-24T00:00:18.170023,0,0,541.518244,0.4908
2026-03-24T00:00:19.175996,0,0,541.518244,0.4908
2026-03-24T00:00:20.182902,0,0,541.518244,0.506
2026-03-24T00:00:21.188848,0,0,539.754192,0.5439999999999999
2026-03-24T00:00:22.195871,0,0,541.518244,0.5287999999999999
2026-03-24T00:00:23.202751,0,0,541.518244,0.5136
2026-03-24T00:00:24.208690,0,0,541.518244,0.5668
2026-03-24T00:00:25.216636,0,0,541.518244,0.506
2026-03-24T00:00:26.222602,0,0,541.518244,0.5287999999999999
2026-03-24T00:00:27.229532,0,0,541.518244,0.5591999999999999
2026-03-24T00:00:28.235587,0,0,541.518244,0.4756
2026-03-24T00:00:29.242415,0,0,541.518244,0.5212
2026-03-24T00:00:30.248369,0,0,541.518244,0.5287999999999999
2026-03-24T00:00:31.255447,0,0,541.518244,0.4832
2026-03-24T00:00:32.263401,0,0,541.518244,0.506
2026-03-24T00:00:33.269209,0,0,541.518244,0.5516
2026-03-24T00:00:34.276143,0,0,543.282296,0.506
2026-03-24T00:00:35.282067,0,0,541.518244,0.5439999999999999
2026-03-24T00:00:36.289025,0,0,540.636218,0.5136
2026-03-24T00:00:37.294998,0,0,540.636218,0.5287999999999999
2026-03-24T00:00:38.301936,0,0,541.518244,0.5364
2026-03-24T00:00:39.308882,0,0,539.754192,0.5136
2026-03-24T00:00:40.315834,0,0,541.518244,0.4832
2026-03-24T00:00:41.322790,0,0,539.754192,0.5439999999999999
2026-03-24T00:00:42.328714,0,0,540.636218,0.5287999999999999
2026-03-24T00:00:43.335765,0,0,541.518244,0.506
2026-03-24T00:00:44.341616,0,0,542.40027,0.5439999999999999
2026-03-24T00:00:45.348543,0,0,540.636218,0.5287999999999999
2026-03-24T00:00:46.354513,0,0,541.518244,0.4832
2026-03-24T00:00:47.361458,0,0,541.518244,0.5212
2026-03-24T00:00:48.369390,0,0,540.636218,0.5287999999999999
2026-03-24T00:00:49.375453,0,0,540.636218,0.4756
2026-03-24T00:00:50.382293,0,0,540.636218,0.506
2026-03-24T00:00:51.388219,0,0,539.754192,0.5516
2026-03-24T00:00:52.395190,0,0,541.518244,0.5287999999999999
2026-03-24T00:00:53.401141,0,0,540.636218,0.5212
2026-03-24T00:00:54.408081,0,0,541.518244,0.5668
2026-03-24T00:00:55.416033,0,0,542.40027,0.5287999999999999
2026-03-24T00:00:56.421973,0,0,540.636218,0
2026-03-24T00:00:57.428905,0,0,541.518244,0.5439999999999999
2026-03-24T00:00:58.434872,0,0,541.518244,0.506
2026-03-24T00:00:59.441821,0,0,542.40027,0.506
2026-03-24T00:01:00.447831,0,0,541.518244,0.5439999999999999
2026-03-24T00:01:01.454717,0,0,541.518244,0.506
2026-03-24T00:01:02.460690,0,0,540.636218,0.5287999999999999
2026-03-24T00:01:03.468615,0,0,541.518244,0.5287999999999999
2026-03-24T00:01:04.475627,0,0,541.518244,0.5212
2026-03-24T00:01:05.481499,0,0,541.518244,0.4832
2026-03-24T00:01:06.488451,0,0,539.754192,0.4908
2026-03-24T00:01:07.494418,0,0,540.636218,0.5287999999999999
2026-03-24T00:01:08.501334,0,0,541.518244,0.506
2026-03-24T00:01:09.507358,0,0,538.872166,0.5439999999999999
2026-03-24T00:01:10.514259,0,0,541.518244,0.5136
2026-03-24T00:01:11.522184,0,0,539.754192,0.506
2026-03-24T00:01:12.528159,0,0,541.518244,0.5591999999999999
2026-03-24T00:01:13.535089,0,0,541.518244,0.506
2026-03-24T00:01:25.172848,0,0,541.518244,0.506
2026-03-24T00:01:27.655423,0,0,541.518244,0.5439999999999999
2026-03-24T00:01:28.662268,0,0,541.518244,0.5591999999999999
2026-03-24T00:01:29.668218,0,0,540.636218,0.4984
2026-03-24T00:01:30.675142,0,0,541.518244,0.5136
2026-03-24T00:01:31.681094,0,0,540.636218,0.5364
2026-03-24T00:01:32.689083,0,0,541.518244,0.4756
2026-03-24T00:01:33.694978,0,0,541.518244,0.5136
2026-03-24T00:01:34.701927,0,0,542.40027,0.5591999999999999
2026-03-24T00:01:35.708869,0,0,541.518244,0.4908
2026-03-24T00:01:36.714805,0,0,540.636218,0.5668
2026-03-24T00:01:37.720749,0,0,541.518244,0.5516
2026-03-24T00:01:38.727783,0,0,541.518244,0
2026-03-24T00:01:39.735759,0,0,541.518244,0.5516
2026-03-24T00:01:40.741608,0,0,541.518244,0.5212
2026-03-24T00:01:41.748552,0,0,539.754192,0.4908
2026-03-24T00:01:42.754497,0,0,540.636218,0.506
2026-03-24T00:01:43.761439,0,0,541.518244,0.5136
2026-03-24T00:01:44.768368,0,0,540.636218,0.4984
2026-03-24T00:01:45.774337,0,0,541.518244,0.5212
2026-03-24T00:01:46.781275,0,0,541.518244,0.5516
2026-03-24T00:01:47.788232,0,0,540.636218,0.4908
2026-03-24T00:01:48.795293,0,0,541.518244,0.5287999999999999
2026-03-24T00:01:49.801149,0,0,541.518244,0.506
2026-03-24T00:01:50.808099,0,0,540.636218,0.4908
2026-03-24T00:01:51.815045,0,0,541.518244,0.5212
2026-03-24T00:01:52.820979,0,0,541.518244,0.5516
2026-03-24T00:01:53.827952,0,0,541.518244,0.5364
2026-03-24T00:01:54.832863,0,0,541.518244,0.4832
2026-03-24T00:01:55.841840,0,0,541.518244,0.5212
2026-03-24T00:01:56.847816,0,0,541.518244,0.4756
2026-03-24T00:01:57.854751,0,0,541.518244,0.5212
2026-03-24T00:01:58.860739,0,0,542.40027,0.5668
2026-03-24T00:01:59.867680,0,0,541.518244,0.506
2026-03-24T00:02:00.874583,0,0,542.40027,0.5439999999999999
2026-03-24T00:02:01.880524,0,0,541.518244,0.5439999999999999
2026-03-24T00:02:02.887511,0,0,538.872166,0.5136
2026-03-24T00:02:03.894389,0,0,541.518244,0.5364
2026-03-24T00:02:04.901336,0,0,540.636218,0.5364
2026-03-24T00:02:05.907344,0,0,541.518244,0.506
2026-03-24T00:02:06.914217,0,0,541.518244,0.506
2026-03-24T00:02:07.921177,0,0,541.518244,0.5668
2026-03-24T00:02:08.927125,0,0,541.518244,0.4984
2026-03-24T00:02:09.934077,0,0,540.636218,0.4984
2026-03-24T00:02:10.941010,0,0,541.518244,0.5212
2026-03-24T00:02:11.947920,0,0,541.518244,0.506
2026-03-24T00:02:12.953899,0,0,541.518244,0.5212
2026-03-24T00:02:13.960853,0,0,542.40027,0.4984
2026-03-24T00:02:14.966793,0,0,541.518244,0.5364
2026-03-24T00:02:15.973755,0,0,540.636218,0.506
2026-03-24T00:02:16.980695,0,0,547.6924260000001,0.506
2026-03-24T00:02:17.986642,0,0,540.636218,0.5364
2026-03-24T00:02:18.994576,0,0,541.518244,0.5136
2026-03-24T00:02:20.000541,0,0,541.518244,0.5591999999999999
2026-03-24T00:02:21.007534,0,0,540.636218,0.5287999999999999
2026-03-24T00:02:22.013407,0,0,540.636218,0.5136
2026-03-24T00:02:23.020353,0,0,540.636218,0.506
2026-03-24T00:02:24.026312,0,0,540.636218,0.5287999999999999
2026-03-24T00:02:25.033257,0,0,539.754192,0.4832
2026-03-24T00:02:26.041200,0,0,540.636218,0.5212
2026-03-24T00:02:27.047152,0,0,540.636218,0.5212
2026-03-24T00:02:28.054063,0,0,541.518244,0
2026-03-24T00:02:29.059938,0,0,541.518244,0.506
2026-03-24T00:02:30.066961,0,0,541.518244,0.506
2026-03-24T00:02:31.072931,0,0,541.518244,0.5212
2026-03-24T00:02:32.082366,0,0,540.636218,0.5136
2026-03-24T00:02:33.086822,0,0,541.518244,0.5212
2026-03-24T00:02:34.093765,0,0,540.636218,0.46040000000000003
2026-03-24T00:02:35.100705,0,0,540.636218,0.5439999999999999
2026-03-24T00:02:36.106631,0,0,541.518244,0.5212
2026-03-24T00:02:37.113594,0,0,541.518244,0.468
2026-03-24T00:02:38.119576,0,0,541.518244,0.5212
2026-03-24T00:02:39.126497,0,0,542.40027,0.5591999999999999
2026-03-24T00:02:40.133455,0,0,541.518244,0.46040000000000003
2026-03-24T00:02:41.139456,0,0,541.518244,0.5136
2026-03-24T00:02:42.147414,0,0,542.40027,0.5212
2026-03-24T00:02:43.153260,0,0,541.518244,0
2026-03-24T00:02:44.160213,0,0,541.518244,0.5212
2026-03-24T00:02:45.166204,0,0,541.518244,0.5287999999999999
2026-03-24T00:02:46.172084,0,0,541.518244,0.4832
2026-03-24T00:02:47.179036,0,0,540.636218,0.5364
2026-03-24T00:02:48.186044,0,0,541.518244,0.5212
2026-03-24T00:02:49.192973,0,0,541.518244,0.4756
2026-03-24T00:02:50.199920,0,0,541.518244,0.5212
2026-03-24T00:02:51.206865,0,0,540.636218,0.5668
2026-03-24T00:02:52.212789,0,0,542.40027,0.5212
2026-03-24T00:03:03.824572,0,0,540.636218,0.5364
2026-03-24T00:03:06.307009,0,0,541.518244,0.4984
2026-03-24T00:03:07.313935,0,0,541.518244,0.468
2026-03-24T00:03:08.319880,0,0,541.518244,0.5136
2026-03-24T00:03:09.326822,0,0,540.636218,0.5212
2026-03-24T00:03:10.332772,0,0,541.518244,0.4984
2026-03-24T00:03:11.340721,0,0,541.518244,0.4908
2026-03-24T00:03:12.346666,0,0,541.518244,0.5591999999999999
2026-03-24T00:03:13.353612,0,0,541.518244,0.4756
2026-03-24T00:03:14.360579,0,0,541.518244,0.5439999999999999
2026-03-24T00:03:15.366503,0,0,541.518244,0.582
2026-03-24T00:03:16.373440,0,0,541.518244,0.5136
2026-03-24T00:03:17.379545,0,0,542.40027,0.4908
2026-03-24T00:03:18.387522,0,0,540.636218,0.5364
2026-03-24T00:03:19.393286,0,0,541.518244,0.5364
2026-03-24T00:03:20.400251,0,0,543.282296,0.5212
2026-03-24T00:03:21.406187,0,0,540.636218,0.5212
2026-03-24T00:03:22.413115,0,0,541.518244,0.5212
2026-03-24T00:03:23.420064,0,0,541.518244,0.4984
2026-03-24T00:03:24.426018,0,0,540.636218,0.506
2026-03-24T00:03:25.432040,0,0,542.40027,0.5212
2026-03-24T00:03:26.439981,0,0,541.518244,0.4832
2026-03-24T00:03:27.446884,0,0,541.518244,0.5364
2026-03-24T00:03:28.452851,0,0,541.518244,0.5287999999999999
2026-03-24T00:03:29.459862,0,0,540.636218,0.4908
2026-03-24T00:03:30.466751,0,0,541.518244,0.5212
2026-03-24T00:03:31.472704,0,0,540.636218,0.5287999999999999
2026-03-24T00:03:32.479709,0,0,541.518244,0.5212
2026-03-24T00:03:33.485551,0,0,541.518244,0.5364
2026-03-24T00:03:34.493535,0,0,541.518244,0.506
2026-03-24T00:03:35.499587,0,0,541.518244,0.4756
2026-03-24T00:03:36.506423,0,0,540.636218,0.5516
2026-03-24T00:03:37.511482,0,0,541.518244,0.5364
2026-03-24T00:03:38.519399,0,0,541.518244,0.4756
2026-03-24T00:03:39.526231,0,0,541.518244,0.5364
2026-03-24T00:03:40.532202,0,0,541.518244,0.506
2026-03-24T00:03:41.539151,0,0,541.518244,0.5212
2026-03-24T00:03:42.546102,0,0,541.518244,0.5743999999999999
2026-03-24T00:03:43.552038,0,0,541.518244,0.5287999999999999
2026-03-24T00:03:44.559029,0,0,540.636218,0.4756
2026-03-24T00:03:45.565945,0,0,541.518244,0.5364
2026-03-24T00:03:46.572916,0,0,539.754192,0.506
2026-03-24T00:03:47.578856,0,0,541.518244,0.4908
2026-03-24T00:03:48.585814,0,0,540.636218,0.5516
2026-03-24T00:03:49.591799,0,0,541.518244,0.506
2026-03-24T00:03:50.599790,0,0,541.518244,0.4756
2026-03-24T00:03:51.605577,0,0,541.518244,0.5136
2026-03-24T00:03:52.612548,0,0,541.518244,0.5136
2026-03-24T00:03:53.618491,0,0,541.518244,0.4756
2026-03-24T00:03:54.625449,0,0,541.518244,0.5364
2026-03-24T00:03:55.632386,0,0,541.518244,0.5136
2026-03-24T00:03:56.638344,0,0,541.518244,0.4756
2026-03-24T00:03:57.646262,0,0,540.636218,0.5439999999999999
2026-03-24T00:03:58.652222,0,0,541.518244,0.506
2026-03-24T00:03:59.659185,0,0,541.518244,0.46040000000000003
2026-03-24T00:04:00.665120,0,0,541.518244,0.506
2026-03-24T00:04:01.672065,0,0,541.518244,0.5364
2026-03-24T00:04:02.679005,0,0,541.518244,0.4756
2026-03-24T00:04:03.684943,0,0,541.518244,0.5212
2026-03-24T00:04:04.691915,0,0,541.518244,0.5287999999999999
2026-03-24T00:04:05.698888,0,0,542.40027,0.4984
2026-03-24T00:04:06.705828,0,0,541.518244,0.5136
2026-03-24T00:04:07.711824,0,0,541.518244,0.5364
2026-03-24T00:04:08.718723,0,0,541.518244,0.4984
2026-03-24T00:04:09.724661,0,0,541.518244,0.5439999999999999
2026-03-24T00:04:10.731637,0,0,541.518244,0.5212
2026-03-24T00:04:11.738529,0,0,540.636218,0.506
2026-03-24T00:04:12.744487,0,0,541.518244,0.5136
2026-03-24T00:04:13.752447,0,0,540.636218,0.5364
2026-03-24T00:04:14.758373,0,0,540.636218,0
2026-03-24T00:04:15.765341,0,0,541.518244,0.4984
2026-03-24T00:04:16.771363,0,0,543.282296,0.506
2026-03-24T00:04:17.778226,0,0,541.518244,0.5136
2026-03-24T00:04:18.785170,0,0,541.518244,0.5287999999999999
2026-03-24T00:04:19.791114,0,0,540.636218,0.5287999999999999
2026-03-24T00:04:20.798026,0,0,541.518244,0.5516
2026-03-24T00:04:21.804979,0,0,541.518244,0.4908
2026-03-24T00:04:22.811938,0,0,541.518244,0.5439999999999999
2026-03-24T00:04:23.817874,0,0,541.518244,0.4908
2026-03-24T00:04:24.824807,0,0,541.518244,0.5212
2026-03-24T00:04:25.830756,0,0,540.636218,0.5212
2026-03-24T00:04:26.837680,0,0,541.518244,0.506
2026-03-24T00:04:27.844657,0,0,545.046348,0.4984
2026-03-24T00:04:28.851693,0,0,541.518244,0.4984
2026-03-24T00:04:29.858548,0,0,541.518244,0.5136
2026-03-24T00:04:30.864446,0,0,541.518244,0.5364
2026-03-24T00:04:31.871471,0,0,541.518244,0.506
2026-03-24T00:04:32.877349,0,0,540.636218,0.4832
2026-03-24T00:04:33.884295,0,0,541.518244,0.506
2026-03-24T00:04:34.891306,0,0,541.518244,0.5591999999999999
2026-03-24T00:04:35.897181,0,0,541.518244,0.4832
2026-03-24T00:04:36.905131,0,0,541.518244,0.5212
2026-03-24T00:04:37.911067,0,0,541.518244,0.5668
2026-03-24T00:04:38.917987,0,0,540.636218,0.506
2026-03-24T00:04:39.923910,0,0,541.518244,0.4984
2026-03-24T00:04:40.930871,0,0,540.636218,0.5136
2026-03-24T00:04:41.936805,0,0,542.40027,0.5364
2026-03-24T00:04:42.943795,0,0,541.518244,0.4756
2026-03-24T00:04:43.950717,0,0,541.518244,0.5439999999999999
2026-03-24T00:04:44.957658,0,0,542.40027,0.5287999999999999
2026-03-24T00:04:45.964594,0,0,541.518244,0.4984
2026-03-24T00:04:46.970555,0,0,541.518244,0.4908
2026-03-24T00:04:47.977494,0,0,541.518244,0.4984
2026-03-24T00:04:48.983555,0,0,541.518244,0.4908
2026-03-24T00:04:49.990398,0,0,540.636218,0.5287999999999999
2026-03-24T00:04:50.997337,0,0,543.282296,0.5591999999999999
2026-03-24T00:04:52.003378,0,0,541.518244,0.4984
2026-03-24T00:04:53.011325,0,0,542.40027,0.5364
2026-03-24T00:04:54.017196,0,0,540.636218,0.5364
2026-03-24T00:04:55.024308,0,0,541.518244,0.4832
2026-03-24T00:04:56.030412,0,0,540.636218,0.506
2026-03-24T00:04:57.037519,0,0,540.636218,0.4756
2026-03-24T00:04:58.043710,0,0,541.518244,0.4756
2026-03-24T00:04:59.050757,0,0,541.518244,0.5668
2026-03-24T00:05:00.057862,0,0,541.518244,0.4832
2026-03-24T00:05:01.064976,0,0,541.518244,0.4756
2026-03-24T00:05:02.072070,0,0,541.518244,0.5287999999999999
2026-03-24T00:05:03.078189,0,0,542.40027,0.5287999999999999
2026-03-24T00:05:04.085286,0,0,540.636218,0.4908
2026-03-24T00:05:05.091526,0,0,541.518244,0.5439999999999999
2026-03-24T00:05:06.098554,0,0,541.518244,0.5364
2026-03-24T00:05:07.105648,0,0,541.518244,0.4908
2026-03-24T00:05:08.112830,0,0,541.518244,0.5212
2026-03-24T00:05:09.119868,0,0,541.518244,0.5287999999999999
2026-03-24T00:05:10.125943,0,0,540.636218,0.4908
2026-03-24T00:05:11.133037,0,0,541.518244,0.5364
2026-03-24T00:05:12.139156,0,0,541.518244,0.5212
2026-03-24T00:05:13.146281,0,0,541.518244,0.4984
2026-03-24T00:05:14.152399,0,0,541.518244,0.5591999999999999
2026-03-24T00:05:15.159556,0,0,541.518244,0.5591999999999999
2026-03-24T00:05:16.167658,0,0,541.518244,0.4908
2026-03-24T00:05:17.173716,0,0,541.518244,0.5287999999999999
2026-03-24T00:05:18.180820,0,0,541.518244,0.5212
2026-03-24T00:05:19.186884,0,0,541.518244,0.4832
2026-03-24T00:05:20.194037,0,0,541.518244,0.5439999999999999
2026-03-24T00:05:21.200133,0,0,541.518244,0.5364
2026-03-24T00:05:22.207190,0,0,539.754192,0.5136
2026-03-24T00:05:23.214305,0,0,541.518244,0.5136
2026-03-24T00:05:24.221408,0,0,540.636218,0.5364
2026-03-24T00:05:25.228508,0,0,541.518244,0.5212
2026-03-24T00:05:26.234589,0,0,541.518244,0.5136
2026-03-24T00:05:27.241713,0,0,541.518244,0.5287999999999999
2026-03-24T00:05:28.247863,0,0,541.518244,0.506
2026-03-24T00:05:29.254951,0,0,541.518244,0.5136
2026-03-24T00:05:30.261067,0,0,541.518244,0.5439999999999999
2026-03-24T00:05:31.268146,0,0,541.518244,0.506
2026-03-24T00:05:32.276260,0,0,541.518244,0.5212
2026-03-24T00:05:33.282350,0,0,541.518244,0.5212
2026-03-24T00:05:34.289461,0,0,541.518244,0.506
2026-03-24T00:05:35.295656,0,0,541.518244,0.5212
2026-03-24T00:05:36.302642,0,0,540.636218,0.506
2026-03-24T00:05:37.308777,0,0,541.518244,0.5364
2026-03-24T00:05:38.315831,0,0,541.518244,0.4832
2026-03-24T00:05:39.322954,0,0,541.518244,0.5136
2026-03-24T00:05:40.330062,0,0,542.40027,0.5212
2026-03-24T00:05:41.337196,0,0,541.518244,0.5136
2026-03-24T00:05:42.343385,0,0,541.518244,0.5516
2026-03-24T00:05:43.350373,0,0,541.518244,0.5439999999999999
2026-03-24T00:05:44.356459,0,0,542.40027,0.506
2026-03-24T00:05:45.363683,0,0,541.518244,0.5212
2026-03-24T00:05:46.369671,0,0,540.636218,0.4832
2026-03-24T00:05:47.377766,0,0,541.518244,0.4984
2026-03-24T00:05:48.384861,0,0,540.636218,0.5364
2026-03-24T00:05:49.390970,0,0,540.636218,0.506
2026-03-24T00:05:50.398047,0,0,540.636218,0.4756
2026-03-24T00:05:51.404171,0,0,541.518244,0.5364
2026-03-24T00:05:52.411337,0,0,540.636218,0.4908
2026-03-24T00:05:53.417372,0,0,541.518244,0.4908
2026-03-24T00:05:54.424463,0,0,541.518244,0.5287999999999999
2026-03-24T00:05:55.432551,0,0,541.518244,0.4908
2026-03-24T00:05:56.438617,0,0,541.518244,0.506
2026-03-24T00:05:57.445748,0,0,540.636218,0.5287999999999999
2026-03-24T00:05:58.451853,0,0,541.518244,0.5287999999999999
2026-03-24T00:05:59.458937,0,0,540.636218,0.4908
2026-03-24T00:06:00.465006,0,0,541.518244,0.4984
2026-03-24T00:06:01.472096,0,0,541.518244,0.506
2026-03-24T00:06:02.478158,0,0,541.518244,0.4984
2026-03-24T00:06:03.486316,0,0,541.518244,0.4908
2026-03-24T00:06:04.493401,0,0,541.518244,0.4984
2026-03-24T00:06:05.499588,0,0,539.754192,0.4832
2026-03-24T00:06:06.506573,0,0,541.518244,0.5516
2026-03-24T00:06:07.512672,0,0,542.40027,0.5896
2026-03-24T00:06:08.519820,0,0,540.636218,0.4984
2026-03-24T00:06:09.525866,0,0,540.636218,0.4984
2026-03-24T00:06:10.532956,0,0,540.636218,0.5287999999999999
2026-03-24T00:06:11.541069,0,0,541.518244,0.46040000000000003
2026-03-24T00:06:12.547141,0,0,541.518244,0.4984
2026-03-24T00:06:13.554236,0,0,540.636218,0.5439999999999999
2026-03-24T00:06:14.560276,0,0,540.636218,0
2026-03-24T00:06:15.567501,0,0,541.518244,0.5364
2026-03-24T00:06:16.573485,0,0,540.636218,0.5364
2026-03-24T00:06:17.580596,0,0,541.518244,0.4984
2026-03-24T00:06:18.586678,0,0,541.518244,0.5136
2026-03-24T00:06:19.594775,0,0,541.518244,0.5439999999999999
2026-03-24T00:06:20.601872,0,0,541.518244,0.4908
2026-03-24T00:06:21.607928,0,0,541.518244,0.5287999999999999
2026-03-24T00:06:22.614991,0,0,541.518244,0.582
2026-03-24T00:06:23.621087,0,0,541.518244,0.4832
2026-03-24T00:06:24.628175,0,0,541.518244,0.5212
2026-03-24T00:06:25.634245,0,0,540.636218,0.5364
2026-03-24T00:06:26.641349,0,0,541.518244,0.506
2026-03-24T00:06:27.649451,0,0,540.636218,0.5439999999999999
2026-03-24T00:06:28.655587,0,0,541.518244,0.5439999999999999
2026-03-24T00:06:29.662673,0,0,541.518244,0.4908
2026-03-24T00:06:30.668742,0,0,540.636218,0.5364
2026-03-24T00:06:31.675844,0,0,541.518244,0.5516
2026-03-24T00:06:32.681938,0,0,541.518244,0.4984
2026-03-24T00:06:33.689009,0,0,540.636218,0.5591999999999999
2026-03-24T00:06:34.696087,0,0,540.636218,0.5516
2026-03-24T00:06:35.703185,0,0,540.636218,0.4756
2026-03-24T00:06:36.710261,0,0,541.518244,0.5287999999999999
2026-03-24T00:06:37.716347,0,0,541.518244,0.5136
2026-03-24T00:06:38.723504,0,0,541.518244,0.4908
2026-03-24T00:06:39.729536,0,0,539.754192,0.506
2026-03-24T00:06:40.736605,0,0,541.518244,0.5516
2026-03-24T00:06:41.742683,0,0,541.518244,0.4908
2026-03-24T00:06:42.750793,0,0,541.518244,0.5136
2026-03-24T00:06:43.757817,0,0,541.518244,0.5516
2026-03-24T00:06:44.763966,0,0,540.636218,0.4984
2026-03-24T00:06:45.771026,0,0,542.40027,0.506
2026-03-24T00:06:46.777062,0,0,541.518244,0.5516
2026-03-24T00:06:47.784140,0,0,541.518244,0.4984
2026-03-24T00:06:58.566648,0,0,540.636218,0.4984
2026-03-24T00:07:01.049229,0,0,541.518244,0.4908
2026-03-24T00:07:02.056319,0,0,541.518244,0.4756
2026-03-24T00:07:03.062418,0,0,541.518244,0.506
2026-03-24T00:07:04.068659,0,0,541.518244,0.506
2026-03-24T00:07:05.075720,0,0,541.518244,0.4984
2026-03-24T00:07:06.083741,0,0,541.518244,0.5287999999999999
2026-03-24T00:07:07.089700,0,0,541.518244,0.5212
2026-03-24T00:07:08.096747,0,0,541.518244,0.5212
2026-03-24T00:07:09.103849,0,0,543.282296,0.4984
2026-03-24T00:07:10.109927,0,0,541.518244,0.4908
2026-03-24T00:07:11.116981,0,0,541.518244,0.5212
2026-03-24T00:07:12.123078,0,0,541.518244,0.5439999999999999
2026-03-24T00:07:13.131151,0,0,541.518244,0.5287999999999999
2026-03-24T00:07:14.137227,0,0,541.518244,0.4908
2026-03-24T00:07:15.144326,0,0,540.636218,0.5364
2026-03-24T00:07:16.150385,0,0,541.518244,0.5136
2026-03-24T00:07:17.157486,0,0,541.518244,0.4908
2026-03-24T00:07:18.164540,0,0,542.40027,0.5516
2026-03-24T00:07:19.170599,0,0,541.518244,0.4984
2026-03-24T00:07:20.177691,0,0,541.518244,0.5364
2026-03-24T00:07:21.184775,0,0,541.518244,0.5212
2026-03-24T00:07:32.684425,0,0,542.40027,0.4756
2026-03-24T00:07:35.166892,0,0,541.518244,0.5439999999999999
2026-03-24T00:07:36.173057,0,0,542.40027,0.5212
2026-03-24T00:07:37.180032,0,0,541.518244,0.4832
2026-03-24T00:07:38.187080,0,0,540.636218,0.5287999999999999
2026-03-24T00:07:39.193171,0,0,542.40027,0.5287999999999999
2026-03-24T00:07:40.201226,0,0,540.636218,0.468
2026-03-24T00:07:41.207392,0,0,541.518244,0.4908
2026-03-24T00:07:42.214378,0,0,541.518244,0.5212
2026-03-24T00:07:43.221441,0,0,542.40027,0.4756
2026-03-24T00:07:44.227543,0,0,541.518244,0.468
2026-03-24T00:07:45.234573,0,0,542.40027,0.4908
2026-03-24T00:07:46.240604,0,0,541.518244,0.4908
2026-03-24T00:07:47.246658,0,0,540.636218,0.4756
2026-03-24T00:07:48.254783,0,0,540.636218,0.5439999999999999
2026-03-24T00:07:49.261842,0,0,541.518244,0.4908
2026-03-24T00:07:50.267935,0,0,541.518244,0.4832
2026-03-24T00:07:51.274975,0,0,541.518244,0.5364
2026-03-24T00:07:52.282057,0,0,539.754192,0.4984
2026-03-24T00:07:53.288110,0,0,540.636218,0.4756
2026-03-24T00:07:54.295204,0,0,541.518244,0.5364
2026-03-24T00:07:55.301277,0,0,541.518244,0.4908
2026-03-24T00:07:56.309328,0,0,540.636218,0.506
2026-03-24T00:07:57.315407,0,0,540.636218,0.5364
2026-03-24T00:07:58.322448,0,0,541.518244,0.506
2026-03-24T00:07:59.329501,0,0,541.518244,0.468
2026-03-24T00:08:00.335658,0,0,541.518244,0.5439999999999999
2026-03-24T00:08:01.342674,0,0,540.636218,0.5136
2026-03-24T00:08:02.348716,0,0,541.518244,0
2026-03-24T00:08:03.356806,0,0,541.518244,0.5439999999999999
2026-03-24T00:08:04.362870,0,0,540.636218,0.4984
2026-03-24T00:08:05.369884,0,0,541.518244,0.4756
2026-03-24T00:08:06.375997,0,0,539.754192,0.5136
2026-03-24T00:08:07.383053,0,0,541.518244,0.4908
2026-03-24T00:08:08.390147,0,0,541.518244,0.468
2026-03-24T00:08:09.396200,0,0,541.518244,0.5136
2026-03-24T00:08:10.403360,0,0,541.518244,0.5212
2026-03-24T00:08:11.410339,0,0,542.40027,0.468
2026-03-24T00:08:12.417385,0,0,541.518244,0.5439999999999999
2026-03-24T00:08:13.423546,0,0,541.518244,0.5212
2026-03-24T00:08:14.430494,0,0,541.518244,0
2026-03-24T00:08:15.437568,0,0,540.636218,0.5136
2026-03-24T00:08:16.443678,0,0,541.518244,0.4908
2026-03-24T00:08:17.450701,0,0,541.518244,0.468
2026-03-24T00:08:18.456783,0,0,540.636218,0.5287999999999999
2026-03-24T00:08:19.464835,0,0,541.518244,0.5287999999999999
2026-03-24T00:08:20.470891,0,0,541.518244,0.4756
2026-03-24T00:08:21.477958,0,0,540.636218,0.5212
2026-03-24T00:08:22.484031,0,0,541.518244,0.5439999999999999
2026-03-24T00:08:23.491094,0,0,541.518244,0.46040000000000003
2026-03-24T00:08:24.498153,0,0,541.518244,0.5212
2026-03-24T00:08:25.504214,0,0,540.636218,0.5364
2026-03-24T00:08:26.511384,0,0,540.636218,0.468
2026-03-24T00:08:27.518341,0,0,541.518244,0.5364
2026-03-24T00:08:28.525404,0,0,541.518244,0.5136
2026-03-24T00:08:29.531559,0,0,541.518244,0
2026-03-24T00:08:30.538578,0,0,541.518244,0.468
2026-03-24T00:08:31.545598,0,0,541.518244,0.5287999999999999
2026-03-24T00:08:32.551731,0,0,541.518244,0.468
2026-03-24T00:08:33.558723,0,0,541.518244,0.5136
2026-03-24T00:08:34.564786,0,0,541.518244,0.506
2026-03-24T00:08:35.572831,0,0,541.518244,0
2026-03-24T00:08:36.578912,0,0,541.518244,0.5212
2026-03-24T00:08:37.585962,0,0,541.518244,0.5136
2026-03-24T00:08:38.592033,0,0,540.636218,0.4908
2026-03-24T00:08:39.599116,0,0,541.518244,0.5364
2026-03-24T00:08:40.606163,0,0,540.636218,0.5364
2026-03-24T00:08:41.612249,0,0,541.518244,0.4908
2026-03-24T00:08:42.620288,0,0,542.40027,0.506
2026-03-24T00:08:43.626380,0,0,540.636218,0.5287999999999999
2026-03-24T00:08:44.633438,0,0,541.518244,0.4832
2026-03-24T00:08:45.639574,0,0,541.518244,0.5212
2026-03-24T00:08:46.646540,0,0,540.636218,0.582
2026-03-24T00:08:47.653622,0,0,541.518244,0.4908
2026-03-24T00:08:48.659733,0,0,541.518244,0.506
2026-03-24T00:08:49.666739,0,0,541.518244,0.5212
2026-03-24T00:08:50.673794,0,0,542.40027,0
2026-03-24T00:08:51.680862,0,0,541.518244,0.4908
2026-03-24T00:08:52.686883,0,0,541.518244,0.4908
2026-03-24T00:08:53.693928,0,0,540.636218,0.5136
2026-03-24T00:08:54.699926,0,0,542.40027,0.4908
2026-03-24T00:08:55.707090,0,0,540.636218,0.5516
2026-03-24T00:08:56.714155,0,0,541.518244,0.4832
2026-03-24T00:08:57.720207,0,0,541.518244,0.506
2026-03-24T00:08:58.728234,0,0,539.754192,0.5136
2026-03-24T00:08:59.734335,0,0,541.518244,0.4908
2026-03-24T00:09:00.741354,0,0,541.518244,0.5136
2026-03-24T00:09:01.747491,0,0,541.518244,0.5212
2026-03-24T00:09:02.754462,0,0,542.40027,0.4908
2026-03-24T00:09:03.761525,0,0,541.518244,0.4908
2026-03-24T00:09:04.767648,0,0,541.518244,0.582
2026-03-24T00:09:05.774668,0,0,541.518244,0.5212
2026-03-24T00:09:06.781721,0,0,541.518244,0.506
2026-03-24T00:09:07.788768,0,0,541.518244,0.5439999999999999
2026-03-24T00:09:08.794801,0,0,541.518244,0
2026-03-24T00:09:09.801865,0,0,541.518244,0
2026-03-24T00:09:10.808029,0,0,541.518244,0.5591999999999999
2026-03-24T00:09:11.814967,0,0,541.518244,0.5136
2026-03-24T00:09:12.822051,0,0,541.518244,0.4756
2026-03-24T00:09:13.828102,0,0,541.518244,0.5212
2026-03-24T00:09:14.836174,0,0,541.518244,0.4908
2026-03-24T00:09:15.842215,0,0,541.518244,0
2026-03-24T00:09:16.849283,0,0,541.518244,0.5136
2026-03-24T00:09:17.855395,0,0,540.636218,0.5212
2026-03-24T00:09:18.862382,0,0,541.518244,0.468
2026-03-24T00:09:19.869435,0,0,542.40027,0.5439999999999999
2026-03-24T00:09:20.875592,0,0,541.518244,0.4984
2026-03-24T00:09:21.882507,0,0,541.518244,0.4756
2026-03-24T00:09:22.889553,0,0,540.636218,0.5516
2026-03-24T00:09:23.896628,0,0,541.518244,0.4984
2026-03-24T00:09:24.902704,0,0,541.518244,0.4756
2026-03-24T00:09:25.909728,0,0,541.518244,0.4832
2026-03-24T00:09:26.915774,0,0,541.518244,0.5212
2026-03-24T00:09:27.921816,0,0,541.518244,0.4908
2026-03-24T00:09:28.929877,0,0,541.518244,0.4984
2026-03-24T00:09:29.935965,0,0,541.518244,0.4908
2026-03-24T00:09:30.943996,0,0,541.518244,0.4832
2026-03-24T00:09:31.950063,0,0,540.636218,0.5439999999999999
2026-03-24T00:09:32.957098,0,0,541.518244,0.5212
2026-03-24T00:09:33.963132,0,0,535.344062,0.4908
2026-03-24T00:09:34.970195,0,0,541.518244,0.5516
2026-03-24T00:09:35.977249,0,0,541.518244,0.5212
2026-03-24T00:09:36.983434,0,0,541.518244,0.4908
2026-03-24T00:09:37.991423,0,0,541.518244,0.5364
2026-03-24T00:09:38.997418,0,0,541.518244,0.4908
2026-03-24T00:09:40.004448,0,0,541.518244,0.468
2026-03-24T00:09:41.010528,0,0,541.518244,0.506
2026-03-24T00:09:42.017568,0,0,540.636218,0.506
2026-03-24T00:09:43.023695,0,0,543.282296,0.4908
2026-03-24T00:09:44.030641,0,0,541.518244,0.4908
2026-03-24T00:09:45.037736,0,0,541.518244,0.5364
2026-03-24T00:09:46.044772,0,0,541.518244,0.46040000000000003
2026-03-24T00:09:47.051829,0,0,541.518244,0.5439999999999999
2026-03-24T00:09:48.057916,0,0,541.518244,0.5287999999999999
2026-03-24T00:09:49.064953,0,0,541.518244,0.468
2026-03-24T00:09:50.071003,0,0,540.636218,0.506
2026-03-24T00:09:51.078061,0,0,542.40027,0.5212
2026-03-24T00:09:52.085072,0,0,541.518244,0.468
2026-03-24T00:09:53.091153,0,0,541.518244,0.5212
2026-03-24T00:09:54.099292,0,0,541.518244,0.5212
2026-03-24T00:09:55.105197,0,0,541.518244,0.5212
2026-03-24T00:09:56.112297,0,0,540.636218,0.5212
2026-03-24T00:09:57.118331,0,0,541.518244,0.506
2026-03-24T00:09:58.125338,0,0,541.518244,0.5136
2026-03-24T00:09:59.131493,0,0,541.518244,0.5212
2026-03-24T00:10:00.138503,0,0,541.518244,0.4832
2026-03-24T00:10:01.145543,0,0,540.636218,0.506
2026-03-24T00:10:02.152555,0,0,540.636218,0.5136
2026-03-24T00:10:03.159664,0,0,541.518244,0.5212
2026-03-24T00:10:04.165653,0,0,541.518244,0.4756
2026-03-24T00:10:05.172681,0,0,541.518244,0.5136
2026-03-24T00:10:06.178750,0,0,541.518244,0.5136
2026-03-24T00:10:07.185778,0,0,541.518244,0.4756
2026-03-24T00:10:08.192838,0,0,541.518244,0.506
2026-03-24T00:10:09.198910,0,0,542.40027,0.5516
2026-03-24T00:10:10.206889,0,0,542.40027,0
2026-03-24T00:10:11.212952,0,0,541.518244,0.506
2026-03-24T00:10:12.220009,0,0,541.518244,0.5212
2026-03-24T00:10:13.226052,0,0,540.636218,0.506
2026-03-24T00:10:14.233104,0,0,541.518244,0.5287999999999999
2026-03-24T00:10:15.239129,0,0,541.518244,0.468
2026-03-24T00:10:16.246196,0,0,541.518244,0.46040000000000003
2026-03-24T00:10:17.254225,0,0,541.518244,0.506
2026-03-24T00:10:18.260293,0,0,541.518244,0.5287999999999999
2026-03-24T00:10:19.267486,0,0,541.518244,0.46040000000000003
2026-03-24T00:10:20.273401,0,0,541.518244,0.4832
2026-03-24T00:10:21.280451,0,0,540.636218,0.5287999999999999
2026-03-24T00:10:22.286500,0,0,541.518244,0.4984
2026-03-24T00:10:23.293505,0,0,541.518244,0.506
2026-03-24T00:10:24.300577,0,0,541.518244,0.5516
2026-03-24T00:10:25.307682,0,0,541.518244,0.4984
2026-03-24T00:10:26.314678,0,0,541.518244,0.4984
2026-03-24T00:10:27.320728,0,0,540.636218,0.506
2026-03-24T00:10:28.327804,0,0,541.518244,0.4908
2026-03-24T00:10:29.333820,0,0,540.636218,0.5287999999999999
2026-03-24T00:10:30.340863,0,0,541.518244,0.4908
2026-03-24T00:10:31.346896,0,0,541.518244,0.5212
2026-03-24T00:10:32.353921,0,0,541.518244,0.4984
2026-03-24T00:10:33.361983,0,0,541.518244,0.5136
2026-03-24T00:10:34.368007,0,0,541.518244,0.4908
2026-03-24T00:10:35.375075,0,0,542.40027,0.468
2026-03-24T00:10:36.380062,0,0,541.518244,0.4984
2026-03-24T00:10:37.388151,0,0,541.518244,0.4984
2026-03-24T00:10:38.394201,0,0,541.518244,0.4984
2026-03-24T00:10:39.401212,0,0,540.636218,0.5287999999999999
2026-03-24T00:10:40.408264,0,0,540.636218,0.4984
2026-03-24T00:10:41.415383,0,0,540.636218,0.4756
2026-03-24T00:10:52.780497,0,0,541.518244,0
2026-03-24T00:10:55.262883,0,0,541.518244,0.4756
2026-03-24T00:10:56.269954,0,0,541.518244,0.468
2026-03-24T00:10:57.275985,0,0,541.518244,0.46040000000000003
2026-03-24T00:10:58.283010,0,0,541.518244,0
2026-03-24T00:10:59.289070,0,0,541.518244,0.46040000000000003
2026-03-24T00:11:00.297123,0,0,539.754192,0.4832
2026-03-24T00:11:01.303152,0,0,540.636218,0
2026-03-24T00:11:02.310183,0,0,541.518244,0.4908
2026-03-24T00:11:03.317220,0,0,541.518244,0.46040000000000003
2026-03-24T00:11:04.323344,0,0,541.518244,0
2026-03-24T00:11:05.330301,0,0,541.518244,0.4984
2026-03-24T00:11:06.336332,0,0,541.518244,0.5136
2026-03-24T00:11:07.343489,0,0,541.518244,0
2026-03-24T00:11:08.350405,0,0,539.754192,0.4756
2026-03-24T00:11:09.357447,0,0,541.518244,0.4756
2026-03-24T00:11:10.363557,0,0,541.518244,0
2026-03-24T00:11:11.370540,0,0,540.636218,0.4908
2026-03-24T00:11:12.377551,0,0,541.518244,0.4908
2026-03-24T00:11:13.383730,0,0,541.518244,0
2026-03-24T00:11:14.390645,0,0,540.636218,0.4984
2026-03-24T00:11:15.397685,0,0,541.518244,0.5287999999999999
2026-03-24T00:11:16.404709,0,0,540.636218,0
2026-03-24T00:11:17.410737,0,0,540.636218,0
2026-03-24T00:11:18.417761,0,0,541.518244,0.506
2026-03-24T00:11:19.424814,0,0,540.636218,0
2026-03-24T00:11:20.430865,0,0,540.636218,0.468
2026-03-24T00:11:21.437899,0,0,541.518244,0.506
2026-03-24T00:11:22.443931,0,0,540.636218,0
2026-03-24T00:11:23.451965,0,0,541.518244,0.4908
2026-03-24T00:11:24.457988,0,0,540.636218,0.4832
2026-03-24T00:11:25.465038,0,0,541.518244,0
2026-03-24T00:11:26.471085,0,0,542.40027,0.5136
2026-03-24T00:11:27.478108,0,0,541.518244,0.4984
2026-03-24T00:11:28.485166,0,0,541.518244,0.46040000000000003
2026-03-24T00:11:29.491191,0,0,541.518244,0.506
2026-03-24T00:11:30.498180,0,0,539.754192,0.4832
2026-03-24T00:11:31.505256,0,0,540.636218,0
2026-03-24T00:11:32.512302,0,0,541.518244,0.4756
2026-03-24T00:11:33.518302,0,0,541.518244,0.506
2026-03-24T00:11:34.525359,0,0,541.518244,0.468
2026-03-24T00:11:35.532397,0,0,539.754192,0.4908
2026-03-24T00:11:36.538442,0,0,540.636218,0.4832
2026-03-24T00:11:37.545468,0,0,541.518244,0.4756
2026-03-24T00:11:38.551578,0,0,540.636218,0.4756
2026-03-24T00:11:39.559617,0,0,540.636218,0.506
2026-03-24T00:11:40.565557,0,0,541.518244,0
2026-03-24T00:11:41.572595,0,0,540.636218,0.5136
2026-03-24T00:11:42.578594,0,0,542.40027,0.5136
2026-03-24T00:11:43.584664,0,0,541.518244,0.4756
2026-03-24T00:11:44.592700,0,0,541.518244,0.5136
2026-03-24T00:11:45.598723,0,0,540.636218,0.506
2026-03-24T00:11:46.605780,0,0,539.754192,0.4756
2026-03-24T00:11:47.612802,0,0,541.518244,0.4756
2026-03-24T00:11:48.619845,0,0,541.518244,0.5364
2026-03-24T00:11:49.625883,0,0,541.518244,0.46040000000000003
2026-03-24T00:11:50.632907,0,0,541.518244,0.4756
2026-03-24T00:11:51.639948,0,0,542.40027,0.5439999999999999
2026-03-24T00:11:52.645979,0,0,540.636218,0.468
2026-03-24T00:11:53.652987,0,0,541.518244,0.4984
2026-03-24T00:11:54.659036,0,0,541.518244,0.5136
2026-03-24T00:11:55.667073,0,0,540.636218,0.5212
2026-03-24T00:11:56.673081,0,0,540.636218,0.468
2026-03-24T00:11:57.680137,0,0,541.518244,0.5364
2026-03-24T00:11:58.686135,0,0,541.518244,0.4908
2026-03-24T00:11:59.693189,0,0,541.518244,0.4908
2026-03-24T00:12:00.699937,0,0,540.636218,0.5212
2026-03-24T00:12:01.706280,0,0,540.636218,0.506
2026-03-24T00:12:02.713312,0,0,541.518244,0
2026-03-24T00:12:03.720351,0,0,541.518244,0.5287999999999999
2026-03-24T00:12:04.727443,0,0,540.636218,0.4756
2026-03-24T00:12:05.733381,0,0,541.518244,0.4756
2026-03-24T00:12:06.740423,0,0,540.636218,0.5136
2026-03-24T00:12:07.746453,0,0,541.518244,0.4984
2026-03-24T00:12:08.753485,0,0,542.40027,0.4756
2026-03-24T00:12:09.760511,0,0,540.636218,0.506
2026-03-24T00:12:10.767662,0,0,543.282296,0.4908
2026-03-24T00:12:11.774563,0,0,541.518244,0.4832
2026-03-24T00:12:12.780631,0,0,541.518244,0.506
2026-03-24T00:12:13.787709,0,0,540.636218,0.4832
2026-03-24T00:12:14.793658,0,0,539.754192,0
2026-03-24T00:12:15.800814,0,0,541.518244,0.5364
2026-03-24T00:12:16.807733,0,0,540.636218,0.4908
2026-03-24T00:12:17.813702,0,0,542.40027,0.468
2026-03-24T00:12:18.821720,0,0,541.518244,0.4908
2026-03-24T00:12:19.827813,0,0,542.40027,0.468
2026-03-24T00:12:20.834802,0,0,542.40027,0.468
2026-03-24T00:12:21.840798,0,0,542.40027,0.506
2026-03-24T00:12:33.248595,0,0,541.518244,0.468
2026-03-24T00:12:35.731318,0,0,540.636218,0.506
2026-03-24T00:12:36.738322,0,0,541.518244,0.4984
2026-03-24T00:12:37.744328,0,0,542.40027,0.4832
2026-03-24T00:12:38.751433,0,0,541.518244,0.4908
2026-03-24T00:12:39.757346,0,0,541.518244,0.5136
2026-03-24T00:12:40.765393,0,0,541.518244,0
2026-03-24T00:12:41.771481,0,0,541.518244,0.506
2026-03-24T00:12:42.778430,0,0,542.40027,0.506
2026-03-24T00:12:43.785493,0,0,540.636218,0.46040000000000003
2026-03-24T00:12:44.791600,0,0,541.518244,0.506
2026-03-24T00:12:45.798560,0,0,541.518244,0.5287999999999999
2026-03-24T00:12:46.804555,0,0,540.636218,0
2026-03-24T00:12:47.811635,0,0,542.40027,0.4756
2026-03-24T00:12:48.818595,0,0,539.754192,0.5136
2026-03-24T00:12:49.825621,0,0,540.636218,0
2026-03-24T00:12:50.831704,0,0,540.636218,0.5136
2026-03-24T00:12:51.838693,0,0,541.518244,0.4908
2026-03-24T00:12:52.845718,0,0,541.518244,0.4908
2026-03-24T00:12:53.851781,0,0,541.518244,0.4908
2026-03-24T00:12:54.858778,0,0,540.636218,0.5364
2026-03-24T00:12:55.865783,0,0,540.636218,0.4756
2026-03-24T00:12:56.872815,0,0,540.636218,0.4984
2026-03-24T00:12:57.878850,0,0,541.518244,0.5212
2026-03-24T00:12:58.885890,0,0,541.518244,0.4756
2026-03-24T00:12:59.892922,0,0,541.518244,0.506
2026-03-24T00:13:00.898933,0,0,541.518244,0.5212
2026-03-24T00:13:01.905963,0,0,543.282296,0.4756
2026-03-24T00:13:02.911990,0,0,541.518244,0.4756
2026-03-24T00:13:03.919970,0,0,541.518244,0.4908
2026-03-24T00:13:04.926023,0,0,541.518244,0.46040000000000003
2026-03-24T00:13:05.933022,0,0,541.518244,0.4908
2026-03-24T00:13:06.939060,0,0,540.636218,0.5439999999999999
2026-03-24T00:13:07.946078,0,0,541.518244,0.4832
2026-03-24T00:13:08.953113,0,0,541.518244,0.506
2026-03-24T00:13:09.959123,0,0,541.518244,0.4908
2026-03-24T00:13:10.966110,0,0,541.518244,0.4832
2026-03-24T00:13:11.973152,0,0,540.636218,0.468
2026-03-24T00:13:12.980182,0,0,541.518244,0.5364
2026-03-24T00:13:13.986203,0,0,540.636218,0.506
2026-03-24T00:13:14.993232,0,0,540.636218,0.4756
2026-03-24T00:13:16.000265,0,0,541.518244,0.5439999999999999
2026-03-24T00:13:17.006274,0,0,541.518244,0.506
2026-03-24T00:13:18.013299,0,0,541.518244,0.4832
2026-03-24T00:13:19.019423,0,0,541.518244,0.506
2026-03-24T00:13:20.027452,0,0,541.518244,0.506
2026-03-24T00:13:21.033370,0,0,541.518244,0.468
2026-03-24T00:13:22.040437,0,0,541.518244,0.5136
2026-03-24T00:13:23.046421,0,0,541.518244,0.506
2026-03-24T00:13:24.053500,0,0,541.518244,0.468
2026-03-24T00:13:25.060507,0,0,541.518244,0.468
2026-03-24T00:13:26.066531,0,0,541.518244,0.5364
2026-03-24T00:13:27.073510,0,0,542.40027,0.4832
2026-03-24T00:13:28.080519,0,0,541.518244,0.5136
2026-03-24T00:13:29.087634,0,0,542.40027,0.506
2026-03-24T00:13:30.093573,0,0,540.636218,0.46040000000000003
2026-03-24T00:13:31.100588,0,0,541.518244,0.5136
2026-03-24T00:13:32.107727,0,0,542.40027,0.5287999999999999
2026-03-24T00:13:33.113658,0,0,541.518244,0.4756
2026-03-24T00:13:34.120663,0,0,541.518244,0.5364
2026-03-24T00:13:35.126681,0,0,541.518244,0.4908
2026-03-24T00:13:36.134711,0,0,541.518244,0.468
2026-03-24T00:13:37.140718,0,0,541.518244,0.5364
2026-03-24T00:13:38.147818,0,0,541.518244,0.5439999999999999
2026-03-24T00:13:39.152722,0,0,541.518244,0
2026-03-24T00:13:40.160795,0,0,541.518244,0.5212
2026-03-24T00:13:41.167811,0,0,541.518244,0.4832
2026-03-24T00:13:42.173863,0,0,541.518244,0
2026-03-24T00:13:43.180888,0,0,541.518244,0.5136
2026-03-24T00:13:44.187915,0,0,541.518244,0.5364
2026-03-24T00:13:45.194955,0,0,541.518244,0.4908
2026-03-24T00:13:46.200923,0,0,542.40027,0.5287999999999999
2026-03-24T00:13:47.207924,0,0,541.518244,0.4908
2026-03-24T00:13:48.214958,0,0,542.40027,0.4908
2026-03-24T00:13:49.221026,0,0,542.40027,0.5212
2026-03-24T00:13:50.228023,0,0,541.518244,0.506
2026-03-24T00:13:51.235024,0,0,541.518244,0.4756
2026-03-24T00:13:52.242066,0,0,541.518244,0.4984
2026-03-24T00:13:53.248051,0,0,540.636218,0.5136
2026-03-24T00:13:54.255105,0,0,541.518244,0.4756
2026-03-24T00:13:55.261084,0,0,540.636218,0.5136
2026-03-24T00:13:56.267992,0,0,542.40027,0.5212
2026-03-24T00:13:57.275137,0,0,541.518244,0.4984
2026-03-24T00:13:58.281137,0,0,541.518244,0.4832
2026-03-24T00:13:59.289155,0,0,540.636218,0.5364
2026-03-24T00:14:00.295201,0,0,541.518244,0
2026-03-24T00:14:01.302223,0,0,539.754192,0.4832
2026-03-24T00:14:02.308275,0,0,541.518244,0.5136
2026-03-24T00:14:03.315359,0,0,541.518244,0.506
2026-03-24T00:14:14.556853,0,0,541.518244,0.4756
2026-03-24T00:14:17.039584,0,0,541.518244,0.468
2026-03-24T00:14:18.046521,0,0,541.518244,0.5287999999999999
2026-03-24T00:14:19.052557,0,0,540.636218,0.4756
2026-03-24T00:14:20.059618,0,0,543.282296,0
2026-03-24T00:14:21.065526,0,0,541.518244,0.4908
2026-03-24T00:14:22.073567,0,0,542.40027,0.4832
2026-03-24T00:14:23.079669,0,0,541.518244,0.468
2026-03-24T00:14:24.086589,0,0,541.518244,0.5364
2026-03-24T00:14:25.093597,0,0,541.518244,0.4832
2026-03-24T00:14:26.099693,0,0,541.518244,0
2026-03-24T00:14:27.106641,0,0,542.40027,0.5516
2026-03-24T00:14:28.112689,0,0,541.518244,0.4984
2026-03-24T00:14:29.120701,0,0,541.518244,0.4908
2026-03-24T00:14:30.126721,0,0,541.518244,0.506
2026-03-24T00:14:31.133733,0,0,541.518244,0.4756
2026-03-24T00:14:32.139805,0,0,542.40027,0
2026-03-24T00:14:33.146761,0,0,541.518244,0.4908
2026-03-24T00:14:34.153813,0,0,541.518244,0.5287999999999999
2026-03-24T00:14:35.159829,0,0,540.636218,0.4908
2026-03-24T00:14:36.166846,0,0,541.518244,0.5287999999999999
2026-03-24T00:14:37.173853,0,0,541.518244,0.4832
2026-03-24T00:14:38.179860,0,0,540.636218,0.4832
2026-03-24T00:14:39.186877,0,0,540.636218,0.4908
2026-03-24T00:14:40.193912,0,0,541.518244,0.5516
2026-03-24T00:14:41.200907,0,0,539.754192,0.4756
2026-03-24T00:14:42.206916,0,0,540.636218,0.5212
2026-03-24T00:14:43.213930,0,0,541.518244,0.4832
2026-03-24T00:14:44.219959,0,0,540.636218,0.4908
2026-03-24T00:14:45.227910,0,0,544.164322,0.506
2026-03-24T00:14:46.233972,0,0,541.518244,0.506
2026-03-24T00:14:47.240998,0,0,541.518244,0.468
2026-03-24T00:14:48.246983,0,0,541.518244,0.4832
2026-03-24T00:14:49.253970,0,0,541.518244,0.506
2026-03-24T00:14:50.261006,0,0,541.518244,0.46040000000000003
2026-03-24T00:14:51.267000,0,0,541.518244,0.5136
2026-03-24T00:14:52.274028,0,0,541.518244,0.5212
2026-03-24T00:14:53.281048,0,0,541.518244,0.4832
2026-03-24T00:14:54.288055,0,0,541.518244,0.4984
2026-03-24T00:14:55.294067,0,0,541.518244,0.4832
2026-03-24T00:14:56.301093,0,0,541.518244,0.4908
2026-03-24T00:14:57.308107,0,0,540.636218,0.5212
2026-03-24T00:14:58.314152,0,0,541.518244,0.5364
2026-03-24T00:14:59.321146,0,0,542.40027,0.46040000000000003
2026-03-24T00:15:00.327182,0,0,542.40027,0.506
2026-03-24T00:15:01.335178,0,0,541.518244,0.5439999999999999
2026-03-24T00:15:02.341197,0,0,541.518244,0.4908
2026-03-24T00:15:03.348203,0,0,541.518244,0.4984
2026-03-24T00:15:04.354233,0,0,541.518244,0.5364
2026-03-24T00:15:05.361245,0,0,541.518244,0.4832
2026-03-24T00:15:06.368234,0,0,542.40027,0.5212
2026-03-24T00:15:07.374259,0,0,541.518244,0.5439999999999999
2026-03-24T00:15:08.382257,0,0,541.518244,0.5136
2026-03-24T00:15:09.388258,0,0,541.518244,0.506
2026-03-24T00:15:10.395358,0,0,541.518244,0.5212
2026-03-24T00:15:11.401282,0,0,541.518244,0.4832
2026-03-24T00:15:12.407359,0,0,540.636218,0.506
2026-03-24T00:15:13.415395,0,0,541.518244,0.5136
2026-03-24T00:15:14.421344,0,0,541.518244,0.4756
2026-03-24T00:15:15.428362,0,0,541.518244,0.4984
2026-03-24T00:15:16.435467,0,0,539.754192,0.506
2026-03-24T00:15:17.442368,0,0,541.518244,0.4908
2026-03-24T00:15:18.448389,0,0,541.518244,0.5136
2026-03-24T00:15:19.455477,0,0,540.636218,0.5516
2026-03-24T00:15:20.461406,0,0,541.518244,0.5136
2026-03-24T00:15:21.468406,0,0,541.518244,0.4756
2026-03-24T00:15:22.475561,0,0,541.518244,0.5212
2026-03-24T00:15:23.481421,0,0,540.636218,0.5136
2026-03-24T00:15:24.489443,0,0,541.518244,0.4984
2026-03-24T00:15:25.495533,0,0,541.518244,0.5136
2026-03-24T00:15:26.502462,0,0,540.636218,0.5136
2026-03-24T00:15:27.508480,0,0,541.518244,0.468
2026-03-24T00:15:28.515580,0,0,540.636218,0.5287999999999999
2026-03-24T00:15:29.522499,0,0,541.518244,0.4984
2026-03-24T00:15:30.528510,0,0,540.636218,0.4756
2026-03-24T00:15:31.535631,0,0,541.518244,0.5287999999999999
2026-03-24T00:15:32.542585,0,0,541.518244,0.5287999999999999
2026-03-24T00:15:33.549549,0,0,541.518244,0.4984
2026-03-24T00:15:34.555664,0,0,540.636218,0.5136
2026-03-24T00:15:35.562588,0,0,541.518244,0.506
2026-03-24T00:15:36.568589,0,0,541.518244,0.4756
2026-03-24T00:15:37.575683,0,0,541.518244,0.5516
2026-03-24T00:15:38.582585,0,0,540.636218,0.4908
2026-03-24T00:15:39.589613,0,0,540.636218,0.4984
2026-03-24T00:15:40.596624,0,0,539.754192,0.5364
2026-03-24T00:15:41.602627,0,0,541.518244,0.5136
2026-03-24T00:15:42.609642,0,0,541.518244,0.4832
2026-03-24T00:15:43.615741,0,0,541.518244,0.5136
2026-03-24T00:15:44.622679,0,0,541.518244,0.4984
2026-03-24T00:15:45.629705,0,0,541.518244,0.468
2026-03-24T00:15:46.635776,0,0,541.518244,0.5136
2026-03-24T00:15:47.643786,0,0,541.518244,0.5136
2026-03-24T00:15:48.649707,0,0,542.40027,0.4984
2026-03-24T00:15:49.656739,0,0,541.518244,0.5439999999999999
2026-03-24T00:15:50.662760,0,0,540.636218,0.4908
2026-03-24T00:15:51.669747,0,0,541.518244,0.506
2026-03-24T00:15:52.675774,0,0,541.518244,0.5212
2026-03-24T00:15:53.682759,0,0,535.344062,0.5212
2026-03-24T00:15:54.689761,0,0,541.518244,0.468
2026-03-24T00:15:55.696713,0,0,541.518244,0.5212
2026-03-24T00:15:56.703721,0,0,543.282296,0.5212
2026-03-24T00:15:57.709729,0,0,541.518244,0
2026-03-24T00:15:58.716754,0,0,541.518244,0.5136
2026-03-24T00:15:59.722770,0,0,540.636218,0.5287999999999999
2026-03-24T00:16:00.729795,0,0,542.40027,0.46040000000000003
2026-03-24T00:16:01.736765,0,0,540.636218,0.4756
2026-03-24T00:16:02.742779,0,0,540.636218,0.4908
2026-03-24T00:16:03.750831,0,0,541.518244,0.4756
2026-03-24T00:16:04.756816,0,0,540.636218,0.506
2026-03-24T00:16:05.763819,0,0,541.518244,0.5136
2026-03-24T00:16:06.769826,0,0,541.518244,0.4756
2026-03-24T00:16:07.776857,0,0,541.518244,0.4908
2026-03-24T00:16:08.782864,0,0,541.518244,0.4908
2026-03-24T00:16:09.789881,0,0,541.518244,0.506
2026-03-24T00:16:10.796881,0,0,541.518244,0.506
2026-03-24T00:16:11.803871,0,0,541.518244,0.4832
2026-03-24T00:16:12.810904,0,0,540.636218,0.4908
2026-03-24T00:16:13.816852,0,0,540.636218,0.4984
2026-03-24T00:16:14.823929,0,0,541.518244,0.5136
2026-03-24T00:16:15.829878,0,0,541.518244,0
2026-03-24T00:16:16.836930,0,0,541.518244,0.5364
2026-03-24T00:16:17.843898,0,0,540.636218,0.5287999999999999
2026-03-24T00:16:18.850940,0,0,541.518244,0.4984
2026-03-24T00:16:19.857901,0,0,541.518244,0.506
2026-03-24T00:16:20.863956,0,0,540.636218,0.5212
2026-03-24T00:16:21.870959,0,0,541.518244,0.4832
2026-03-24T00:16:22.876975,0,0,541.518244,0.5287999999999999
2026-03-24T00:16:23.883931,0,0,540.636218,0.5287999999999999
2026-03-24T00:16:24.889985,0,0,542.40027,0.4832
2026-03-24T00:16:25.896986,0,0,542.40027,0.5287999999999999
2026-03-24T00:16:26.905006,0,0,541.518244,0.5439999999999999
2026-03-24T00:16:27.910999,0,0,540.636218,0.4908
2026-03-24T00:16:28.917975,0,0,541.518244,0.5364
2026-03-24T00:16:29.924012,0,0,541.518244,0.5364
2026-03-24T00:16:30.931008,0,0,541.518244,0.4832
2026-03-24T00:16:31.937036,0,0,541.518244,0.4984
2026-03-24T00:16:32.944011,0,0,541.518244,0.4984
2026-03-24T00:16:33.951039,0,0,541.518244,0.5136
2026-03-24T00:16:34.957998,0,0,541.518244,0.5287999999999999
2026-03-24T00:16:35.965016,0,0,540.636218,0.5212
2026-03-24T00:16:36.969996,0,0,541.518244,0.4832
2026-03-24T00:16:37.978018,0,0,541.518244,0.468
2026-03-24T00:16:38.984040,0,0,541.518244,0.506
2026-03-24T00:16:39.991053,0,0,541.518244,0.506
2026-03-24T00:16:40.997059,0,0,541.518244,0.5212
2026-03-24T00:16:42.004055,0,0,540.636218,0.5136
2026-03-24T00:16:43.012069,0,0,540.636218,0.5136
2026-03-24T00:16:44.018057,0,0,541.518244,0.4908
2026-03-24T00:16:45.025058,0,0,541.518244,0.506
2026-03-24T00:16:46.031068,0,0,541.518244,0.506
2026-03-24T00:16:47.038095,0,0,542.40027,0.4832
2026-03-24T00:16:48.044106,0,0,541.518244,0.5287999999999999
2026-03-24T00:16:49.051116,0,0,541.518244,0.4832
2026-03-24T00:16:50.058109,0,0,541.518244,0.468
2026-03-24T00:16:51.065114,0,0,542.40027,0.5136
2026-03-24T00:16:52.072123,0,0,541.518244,0.4908
2026-03-24T00:16:53.078103,0,0,541.518244,0.4832
2026-03-24T00:16:54.084202,0,0,541.518244,0.5136
2026-03-24T00:16:55.091128,0,0,540.636218,0.5287999999999999
2026-03-24T00:16:56.098139,0,0,541.518244,0.5136
2026-03-24T00:16:57.104168,0,0,541.518244,0.5439999999999999
2026-03-24T00:16:58.111141,0,0,542.40027,0.4984
2026-03-24T00:16:59.119137,0,0,541.518244,0.468
2026-03-24T00:17:00.125162,0,0,540.636218,0.5212
2026-03-24T00:17:01.132165,0,0,541.518244,0.5364
2026-03-24T00:17:02.138153,0,0,541.518244,0.4984
2026-03-24T00:17:03.145149,0,0,540.636218,0.506
2026-03-24T00:17:04.151162,0,0,540.636218,0.4832
2026-03-24T00:17:05.158179,0,0,542.40027,0.506
2026-03-24T00:17:06.166554,0,0,541.518244,0.5591999999999999
2026-03-24T00:17:07.172140,0,0,541.518244,0.5212
2026-03-24T00:17:08.179182,0,0,542.40027,0.4756
2026-03-24T00:17:09.185181,0,0,540.636218,0.5136
2026-03-24T00:17:10.192191,0,0,542.40027,0.5212
2026-03-24T00:17:11.197186,0,0,540.636218,0.468
2026-03-24T00:17:12.205209,0,0,541.518244,0.5439999999999999
2026-03-24T00:17:13.211204,0,0,541.518244,0.506
2026-03-24T00:17:14.219312,0,0,541.518244,0.468
2026-03-24T00:17:15.226241,0,0,541.518244,0.5287999999999999
2026-03-24T00:17:16.232248,0,0,541.518244,0.506
2026-03-24T00:17:17.239304,0,0,541.518244,0.4908
2026-03-24T00:17:18.245252,0,0,540.636218,0.4984
2026-03-24T00:17:19.252254,0,0,541.518244,0.5212
2026-03-24T00:17:20.258219,0,0,541.518244,0.46040000000000003
2026-03-24T00:17:21.265243,0,0,541.518244,0.506
2026-03-24T00:17:22.273226,0,0,541.518244,0.5516
2026-03-24T00:17:23.279334,0,0,541.518244,0.4756
2026-03-24T00:17:24.286252,0,0,541.518244,0.5439999999999999
2026-03-24T00:17:25.292243,0,0,540.636218,0.506
2026-03-24T00:17:26.299348,0,0,541.518244,0.46040000000000003
2026-03-24T00:17:27.305241,0,0,541.518244,0.5364
2026-03-24T00:17:28.311320,0,0,541.518244,0.5136
2026-03-24T00:17:29.318258,0,0,540.636218,0.4832
2026-03-24T00:17:30.326266,0,0,541.518244,0.506
2026-03-24T00:17:31.333254,0,0,539.754192,0.5516
2026-03-24T00:17:32.339381,0,0,541.518244,0
2026-03-24T00:17:33.346259,0,0,541.518244,0.5212
2026-03-24T00:17:34.352271,0,0,540.636218,0.5364
2026-03-24T00:17:35.359391,0,0,540.636218,0.4908
2026-03-24T00:17:36.365264,0,0,541.518244,0.506
2026-03-24T00:17:37.373273,0,0,541.518244,0.5287999999999999
2026-03-24T00:17:38.380281,0,0,541.518244,0.4832
2026-03-24T00:17:39.386306,0,0,540.636218,0.4756
2026-03-24T00:17:40.393303,0,0,541.518244,0.5516
2026-03-24T00:17:41.399425,0,0,539.754192,0.5212
2026-03-24T00:17:42.406325,0,0,541.518244,0.5212
2026-03-24T00:17:43.412332,0,0,541.518244,0.4832
2026-03-24T00:17:44.419381,0,0,541.518244,0.5136
2026-03-24T00:17:45.426319,0,0,541.518244,0.4908
2026-03-24T00:17:46.433299,0,0,541.518244,0.5212
2026-03-24T00:17:47.440328,0,0,542.40027,0.4908
2026-03-24T00:17:48.446354,0,0,540.636218,0.4984
2026-03-24T00:17:49.453345,0,0,541.518244,0.4984
2026-03-24T00:17:50.459403,0,0,541.518244,0.4832
2026-03-24T00:17:51.466337,0,0,540.636218,0.4984
2026-03-24T00:17:52.472320,0,0,541.518244,0.5212
2026-03-24T00:17:53.480347,0,0,541.518244,0.506
2026-03-24T00:17:54.487451,0,0,542.40027,0.46040000000000003
2026-03-24T00:17:55.493349,0,0,542.40027,0.506
2026-03-24T00:17:56.500354,0,0,541.518244,0.5212
2026-03-24T00:17:57.506341,0,0,541.518244,0.4908
2026-03-24T00:17:58.513317,0,0,541.518244,0.5364
2026-03-24T00:17:59.519434,0,0,541.518244,0.5287999999999999
2026-03-24T00:18:00.526322,0,0,541.518244,0.468
2026-03-24T00:18:01.533310,0,0,541.518244,0.5136
2026-03-24T00:18:02.540311,0,0,541.518244,0.5287999999999999
2026-03-24T00:18:03.547409,0,0,541.518244,0.4984
2026-03-24T00:18:04.553323,0,0,541.518244,0.5516
2026-03-24T00:18:05.560345,0,0,540.636218,0.5364
2026-03-24T00:18:06.566341,0,0,541.518244,0.4984
2026-03-24T00:18:07.573337,0,0,541.518244,0.5364
2026-03-24T00:18:08.579465,0,0,541.518244,0.506
2026-03-24T00:18:09.587476,0,0,541.518244,0.4756
2026-03-24T00:18:10.594305,0,0,541.518244,0.4832
2026-03-24T00:18:11.600321,0,0,541.518244,0.5136
2026-03-24T00:18:12.607445,0,0,541.518244,0.4908
2026-03-24T00:18:13.613319,0,0,541.518244,0.5591999999999999
2026-03-24T00:18:14.620348,0,0,541.518244,0.4984
2026-03-24T00:18:15.626352,0,0,540.636218,0.5364
2026-03-24T00:18:16.633322,0,0,541.518244,0.4984
2026-03-24T00:18:17.640336,0,0,541.518244,0.5212
2026-03-24T00:18:18.647503,0,0,545.046348,0.468
2026-03-24T00:18:19.654340,0,0,541.518244,0.5287999999999999
2026-03-24T00:18:20.660311,0,0,541.518244,0.5212
2026-03-24T00:18:21.667381,0,0,540.636218,0.506
2026-03-24T00:18:22.673297,0,0,541.518244,0.5212
2026-03-24T00:18:23.680315,0,0,541.518244,0.4908
2026-03-24T00:18:24.686339,0,0,540.636218,0.4908
2026-03-24T00:18:25.694339,0,0,540.636218,0.5364
2026-03-24T00:18:26.701336,0,0,540.636218,0.4984
2026-03-24T00:18:27.707405,0,0,541.518244,0.4908
2026-03-24T00:18:28.714301,0,0,541.518244,0.5287999999999999
2026-03-24T00:18:29.720333,0,0,541.518244,0.5743999999999999
2026-03-24T00:18:30.727427,0,0,545.046348,0.468
2026-03-24T00:18:31.733332,0,0,540.636218,0.5439999999999999
2026-03-24T00:18:32.741323,0,0,540.636218,0.5212
2026-03-24T00:18:33.747382,0,0,541.518244,0.4832
2026-03-24T00:18:34.754306,0,0,541.518244,0.5212
2026-03-24T00:18:35.761285,0,0,541.518244,0.5136
2026-03-24T00:18:36.767415,0,0,541.518244,0.46040000000000003
2026-03-24T00:18:37.774300,0,0,541.518244,0.5364
2026-03-24T00:18:38.780296,0,0,541.518244,0.5287999999999999
2026-03-24T00:18:39.787419,0,0,540.636218,0.4832
2026-03-24T00:18:40.794329,0,0,541.518244,0.5136
2026-03-24T00:18:41.801339,0,0,542.40027,0.5287999999999999
2026-03-24T00:18:42.808331,0,0,541.518244,0.4908
2026-03-24T00:18:43.814295,0,0,541.518244,0.5136
2026-03-24T00:18:44.821315,0,0,541.518244,0.5287999999999999
2026-03-24T00:18:45.827387,0,0,541.518244,0.4908
2026-03-24T00:18:46.834316,0,0,541.518244,0.4908
2026-03-24T00:18:47.840313,0,0,541.518244,0.5364
2026-03-24T00:18:48.848312,0,0,541.518244,0.4832
2026-03-24T00:18:49.854312,0,0,540.636218,0.506
2026-03-24T00:18:50.861312,0,0,541.518244,0.5364
2026-03-24T00:18:51.868267,0,0,540.636218,0.4832
2026-03-24T00:18:52.874279,0,0,541.518244,0.506
2026-03-24T00:18:53.881307,0,0,541.518244,0.5516
2026-03-24T00:18:54.887397,0,0,540.636218,0.468
2026-03-24T00:18:55.894303,0,0,541.518244,0.506
2026-03-24T00:18:56.901294,0,0,540.636218,0.5516
2026-03-24T00:18:57.908293,0,0,541.518244,0.4908
2026-03-24T00:18:58.915358,0,0,541.518244,0.5136
2026-03-24T00:18:59.921251,0,0,541.518244,0.5287999999999999
2026-03-24T00:19:00.928274,0,0,541.518244,0.4908
2026-03-24T00:19:01.934275,0,0,541.518244,0.5364
2026-03-24T00:19:02.941270,0,0,541.518244,0.5212
2026-03-24T00:19:03.947307,0,0,541.518244,0.506
2026-03-24T00:19:04.955320,0,0,541.518244,0.4832
2026-03-24T00:19:05.961240,0,0,541.518244,0.5516
2026-03-24T00:19:06.968269,0,0,541.518244,0.4984
2026-03-24T00:19:07.975311,0,0,541.518244,0.5136
2026-03-24T00:19:08.981275,0,0,541.518244,0.5287999999999999
2026-03-24T00:19:09.987920,0,0,540.636218,0.506
2026-03-24T00:19:10.994251,0,0,541.518244,0.4908
2026-03-24T00:19:12.002224,0,0,540.636218,0.5364
2026-03-24T00:19:13.008262,0,0,541.518244,0.506
2026-03-24T00:19:14.015306,0,0,541.518244,0.4984
2026-03-24T00:19:15.022222,0,0,541.518244,0.5516
2026-03-24T00:19:16.028225,0,0,541.518244,0.4984
2026-03-24T00:19:17.035203,0,0,540.636218,0.4832
2026-03-24T00:19:18.041207,0,0,540.636218,0.5287999999999999
2026-03-24T00:19:19.048230,0,0,541.518244,0.4832
2026-03-24T00:19:20.055319,0,0,541.518244,0.4832
2026-03-24T00:19:21.062226,0,0,541.518244,0.5516
2026-03-24T00:19:22.068176,0,0,541.518244,0.5136
2026-03-24T00:19:23.075307,0,0,541.518244,0.4756
2026-03-24T00:19:24.082166,0,0,542.40027,0.5439999999999999
2026-03-24T00:19:25.088210,0,0,541.518244,0.4908
2026-03-24T00:19:26.095196,0,0,541.518244,0
2026-03-24T00:19:27.101155,0,0,541.518244,0.5287999999999999
2026-03-24T00:19:28.109145,0,0,541.518244,0.5212
2026-03-24T00:19:29.115189,0,0,541.518244,0.4756
2026-03-24T00:19:30.122202,0,0,541.518244,0.5591999999999999
2026-03-24T00:19:31.129165,0,0,540.636218,0.5591999999999999
2026-03-24T00:19:32.135178,0,0,541.518244,0.4832
2026-03-24T00:19:33.142181,0,0,541.518244,0.5212
2026-03-24T00:19:34.148204,0,0,541.518244,0.5516
2026-03-24T00:19:35.155163,0,0,540.636218,0
2026-03-24T00:19:36.162178,0,0,541.518244,0.5136
2026-03-24T00:19:37.169174,0,0,541.518244,0.506
2026-03-24T00:19:38.175105,0,0,541.518244,0.4832
2026-03-24T00:19:39.182131,0,0,541.518244,0.5287999999999999
2026-03-24T00:19:40.189147,0,0,541.518244,0.5591999999999999
2026-03-24T00:19:41.195128,0,0,541.518244,0.4756
2026-03-24T00:19:42.202099,0,0,541.518244,0.506
2026-03-24T00:19:43.208083,0,0,541.518244,0.506
2026-03-24T00:19:44.216094,0,0,540.636218,0.4984
2026-03-24T00:19:45.222121,0,0,540.636218,0.5591999999999999
2026-03-24T00:19:46.229085,0,0,541.518244,0.506
2026-03-24T00:19:47.236060,0,0,540.636218,0.4908
2026-03-24T00:19:48.242050,0,0,539.754192,0.5364
2026-03-24T00:19:49.249053,0,0,541.518244,0.5591999999999999
2026-03-24T00:19:50.255079,0,0,541.518244,0.5287999999999999
2026-03-24T00:19:51.263069,0,0,541.518244,0.5364
2026-03-24T00:19:52.269061,0,0,541.518244,0.5212
2026-03-24T00:19:53.276057,0,0,541.518244,0.468
2026-03-24T00:19:54.282053,0,0,541.518244,0.5287999999999999
2026-03-24T00:19:55.289053,0,0,541.518244,0.5212
2026-03-24T00:19:56.296040,0,0,541.518244,0.4908
2026-03-24T00:19:57.302033,0,0,540.636218,0.5439999999999999
2026-03-24T00:19:58.309018,0,0,540.636218,0.5212
2026-03-24T00:19:59.316028,0,0,541.518244,0.468
2026-03-24T00:20:00.323020,0,0,541.518244,0.506
2026-03-24T00:20:01.327983,0,0,540.636218,0.5212
2026-03-24T00:20:02.335983,0,0,541.518244,0.4984
2026-03-24T00:20:03.342980,0,0,540.636218,0.506
2026-03-24T00:20:04.348975,0,0,541.518244,0.4908
2026-03-24T00:20:05.356000,0,0,541.518244,0.4984
2026-03-24T00:20:06.362001,0,0,541.518244,0.5287999999999999
2026-03-24T00:20:07.370006,0,0,540.636218,0.5287999999999999
2026-03-24T00:20:08.376001,0,0,541.518244,0.4908
2026-03-24T00:20:09.382963,0,0,541.518244,0.4756
2026-03-24T00:20:10.388987,0,0,542.40027,0.5591999999999999
2026-03-24T00:20:11.395978,0,0,541.518244,0.468
2026-03-24T00:20:12.402987,0,0,540.636218,0.5212
2026-03-24T00:20:13.408956,0,0,540.636218,0.5364
2026-03-24T00:20:14.415953,0,0,541.518244,0.506
2026-03-24T00:20:15.422917,0,0,541.518244,0.506
2026-03-24T00:20:16.429904,0,0,541.518244,0.5136
2026-03-24T00:20:17.435950,0,0,541.518244,0.5136
2026-03-24T00:20:18.442932,0,0,541.518244,0.5287999999999999
2026-03-24T00:20:19.449922,0,0,543.282296,0.5516
2026-03-24T00:20:20.455921,0,0,541.518244,0.506
2026-03-24T00:20:21.462875,0,0,541.518244,0.4756
2026-03-24T00:20:22.468892,0,0,541.518244,0.5364
2026-03-24T00:20:23.476896,0,0,540.636218,0.5212
2026-03-24T00:20:24.482884,0,0,540.636218,0.4908
2026-03-24T00:20:25.489871,0,0,541.518244,0.4984
2026-03-24T00:20:26.495881,0,0,541.518244,0.5287999999999999
2026-03-24T00:20:27.502852,0,0,539.754192,0.506
2026-03-24T00:20:28.509870,0,0,541.518244,0.5287999999999999
2026-03-24T00:20:29.515827,0,0,541.518244,0.5136
2026-03-24T00:20:30.522846,0,0,540.636218,0.4832
2026-03-24T00:20:31.529824,0,0,541.518244,0.5516
2026-03-24T00:20:32.536826,0,0,541.518244,0.4984
2026-03-24T00:20:33.542770,0,0,540.636218,0.506
2026-03-24T00:20:34.549798,0,0,541.518244,0.5287999999999999
2026-03-24T00:20:35.556777,0,0,535.344062,0.5136
2026-03-24T00:20:36.562777,0,0,541.518244,0.4832
2026-03-24T00:20:37.569773,0,0,540.636218,0.4984
2026-03-24T00:20:38.575768,0,0,542.40027,0.5212
2026-03-24T00:20:39.583870,0,0,541.518244,0.5136
2026-03-24T00:20:40.589751,0,0,541.518244,0.5439999999999999
2026-03-24T00:20:41.596741,0,0,540.636218,0.4832
2026-03-24T00:20:42.602729,0,0,541.518244,0.4756
2026-03-24T00:20:43.609717,0,0,541.518244,0.5516
2026-03-24T00:20:44.616717,0,0,540.636218,0.4984
2026-03-24T00:20:45.622709,0,0,541.518244,0.5287999999999999
2026-03-24T00:20:46.630735,0,0,541.518244,0.5287999999999999
2026-03-24T00:20:47.636714,0,0,540.636218,0.4908
2026-03-24T00:20:48.643726,0,0,541.518244,0.4756
2026-03-24T00:20:49.649698,0,0,541.518244,0.5136
2026-03-24T00:20:50.656658,0,0,541.518244,0.4908
2026-03-24T00:20:51.663766,0,0,541.518244,0.506
2026-03-24T00:20:52.669659,0,0,541.518244,0.506
2026-03-24T00:20:53.676658,0,0,541.518244,0.4908
2026-03-24T00:20:54.683708,0,0,541.518244,0.4832
2026-03-24T00:20:55.690627,0,0,541.518244,0.5364
2026-03-24T00:20:56.696623,0,0,541.518244,0.5516
2026-03-24T00:20:57.703692,0,0,541.518244,0.468
2026-03-24T00:20:58.709599,0,0,545.928374,0.5287999999999999
2026-03-24T00:20:59.716593,0,0,541.518244,0.5364
2026-03-24T00:21:00.723681,0,0,540.636218,0.5136
2026-03-24T00:21:01.729622,0,0,541.518244,0.5136
2026-03-24T00:21:02.737585,0,0,540.636218,0.5287999999999999
2026-03-24T00:21:03.743668,0,0,537.108114,0.4908
2026-03-24T00:21:04.750606,0,0,540.636218,0.4832
2026-03-24T00:21:05.756593,0,0,541.518244,0.5287999999999999
2026-03-24T00:21:06.763643,0,0,541.518244,0.4832
2026-03-24T00:21:07.770573,0,0,541.518244,0.5516
2026-03-24T00:21:08.776545,0,0,541.518244,0.5287999999999999
2026-03-24T00:21:09.784547,0,0,540.636218,0.4832
2026-03-24T00:21:10.790543,0,0,541.518244,0.506
2026-03-24T00:21:11.797536,0,0,541.518244,0.5136
2026-03-24T00:21:12.803638,0,0,540.636218,0.4908
2026-03-24T00:21:13.810516,0,0,541.518244,0.506
2026-03-24T00:21:14.816468,0,0,540.636218,0.5516
2026-03-24T00:21:15.823622,0,0,541.518244,0.4832
2026-03-24T00:21:16.830486,0,0,540.636218,0.4832
2026-03-24T00:21:17.837453,0,0,540.636218,0.5212
2026-03-24T00:21:18.844433,0,0,541.518244,0.4832
2026-03-24T00:21:19.850421,0,0,541.518244,0.5212
2026-03-24T00:21:20.857430,0,0,541.518244,0.5516
2026-03-24T00:21:21.863584,0,0,541.518244,0.4756
2026-03-24T00:21:22.870400,0,0,540.636218,0.5212
2026-03-24T00:21:23.877429,0,0,541.518244,0.5516
2026-03-24T00:21:24.883546,0,0,541.518244,0.4756
2026-03-24T00:21:25.890381,0,0,540.636218,0.4756
2026-03-24T00:21:26.897367,0,0,541.518244,0.506
2026-03-24T00:21:27.904360,0,0,540.636218,0.4756
2026-03-24T00:21:28.910351,0,0,540.636218,0.4908
2026-03-24T00:21:29.917340,0,0,541.518244,0.5287999999999999
2026-03-24T00:21:30.923453,0,0,541.518244,0.4908
2026-03-24T00:21:31.930336,0,0,542.40027,0.5136
2026-03-24T00:21:32.937330,0,0,541.518244,0.5287999999999999
2026-03-24T00:21:33.944292,0,0,540.636218,0.4832
2026-03-24T00:21:34.951443,0,0,541.518244,0.5136
2026-03-24T00:21:35.957305,0,0,540.636218,0.5364
2026-03-24T00:21:36.964297,0,0,541.518244,0.4984
2026-03-24T00:21:37.970279,0,0,541.518244,0.4832
2026-03-24T00:21:38.977294,0,0,540.636218,0.5212
2026-03-24T00:21:39.984266,0,0,542.40027,0.5287999999999999
2026-03-24T00:21:40.990253,0,0,540.636218,0.4984
2026-03-24T00:21:41.998239,0,0,539.754192,0.506
2026-03-24T00:21:43.003400,0,0,541.518244,0.506
2026-03-24T00:21:44.011345,0,0,541.518244,0.4832
2026-03-24T00:21:45.017211,0,0,541.518244,0.4832
2026-03-24T00:21:46.024200,0,0,541.518244,0.5364
2026-03-24T00:21:47.030186,0,0,541.518244,0.4984
2026-03-24T00:21:48.037186,0,0,541.518244,0.4908
2026-03-24T00:21:49.044170,0,0,539.754192,0.5364
2026-03-24T00:21:50.051157,0,0,541.518244,0.4908
2026-03-24T00:21:51.058154,0,0,543.282296,0.5287999999999999
2026-03-24T00:21:52.064109,0,0,541.518244,0.5212
2026-03-24T00:21:53.071136,0,0,541.518244,0.468
2026-03-24T00:22:04.826495,0,0,541.518244,0.4984
2026-03-24T00:22:07.308990,0,0,542.40027,0.4984
2026-03-24T00:22:08.315954,0,0,540.636218,0.46040000000000003
2026-03-24T00:22:09.321979,0,0,540.636218,0.4908
2026-03-24T00:22:10.328943,0,0,542.40027,0.4984
2026-03-24T00:22:11.334958,0,0,540.636218,0.4908
2026-03-24T00:22:12.342943,0,0,541.518244,0.4908
2026-03-24T00:22:13.348928,0,0,541.518244,0.4832
2026-03-24T00:22:14.355932,0,0,541.518244,0.506
2026-03-24T00:22:15.361914,0,0,541.518244,0.4756
2026-03-24T00:22:16.368922,0,0,541.518244,0.46040000000000003
2026-03-24T00:22:17.375888,0,0,541.518244,0.5136
2026-03-24T00:22:18.381900,0,0,541.518244,0.5136
2026-03-24T00:22:19.388894,0,0,541.518244,0.5136
2026-03-24T00:22:20.395891,0,0,536.226088,0.506
2026-03-24T00:22:21.402871,0,0,541.518244,0.4984
2026-03-24T00:22:22.408832,0,0,541.518244,0.5136
2026-03-24T00:22:23.415829,0,0,541.518244,0.4984
2026-03-24T00:22:24.422804,0,0,541.518244,0.46040000000000003
2026-03-24T00:22:25.428846,0,0,541.518244,0.5287999999999999
2026-03-24T00:22:26.435885,0,0,541.518244,0.506
2026-03-24T00:22:27.442767,0,0,541.518244,0
2026-03-24T00:22:28.449769,0,0,540.636218,0.4984
2026-03-24T00:22:29.455758,0,0,541.518244,0.5364
2026-03-24T00:22:30.462744,0,0,542.40027,0.4756
2026-03-24T00:22:31.469730,0,0,541.518244,0.5136
2026-03-24T00:22:32.475792,0,0,541.518244,0.4908
2026-03-24T00:22:33.482717,0,0,544.164322,0.468
2026-03-24T00:22:34.488694,0,0,541.518244,0.4756
2026-03-24T00:22:35.496661,0,0,542.40027,0.46040000000000003
2026-03-24T00:22:36.502691,0,0,541.518244,0.4832
2026-03-24T00:22:37.509667,0,0,540.636218,0.5212
2026-03-24T00:22:38.515747,0,0,545.928374,0.5287999999999999
2026-03-24T00:22:39.522621,0,0,541.518244,0.46040000000000003
2026-03-24T00:22:40.529615,0,0,541.518244,0.5212
2026-03-24T00:22:41.535701,0,0,541.518244,0.506
2026-03-24T00:22:42.542633,0,0,541.518244,0.4832
2026-03-24T00:22:43.549578,0,0,541.518244,0.506
2026-03-24T00:22:44.556565,0,0,543.282296,0.5136
2026-03-24T00:22:45.562595,0,0,541.518244,0.468
2026-03-24T00:22:46.569569,0,0,541.518244,0.5364
2026-03-24T00:22:47.576521,0,0,541.518244,0.4756
2026-03-24T00:22:48.580522,0,0,541.518244,0.4908
2026-03-24T00:22:49.589522,0,0,541.518244,0.5212
2026-03-24T00:22:50.595600,0,0,541.518244,0.4984
2026-03-24T00:22:51.603588,0,0,541.518244,0.506
2026-03-24T00:22:52.609459,0,0,541.518244,0.4984
2026-03-24T00:22:53.616457,0,0,540.636218,0.5136
2026-03-24T00:22:54.622439,0,0,540.636218,0
2026-03-24T00:22:55.629465,0,0,541.518244,0.5439999999999999
2026-03-24T00:22:56.636429,0,0,540.636218,0.5212
2026-03-24T00:22:57.642401,0,0,541.518244,0.4908
2026-03-24T00:22:58.650375,0,0,541.518244,0.4984
2026-03-24T00:22:59.656391,0,0,541.518244,0.4984
2026-03-24T00:23:00.663446,0,0,541.518244,0.468
2026-03-24T00:23:12.318651,0,0,541.518244,0.5136
2026-03-24T00:23:14.801220,0,0,541.518244,0.5136
2026-03-24T00:23:15.808161,0,0,541.518244,0.5212
2026-03-24T00:23:16.814148,0,0,542.40027,0.46040000000000003
2026-03-24T00:23:17.821120,0,0,541.518244,0.5516
2026-03-24T00:23:18.827113,0,0,542.40027,0.4984
2026-03-24T00:23:19.835092,0,0,541.518244,0.4756
2026-03-24T00:23:20.841094,0,0,540.636218,0.5212
2026-03-24T00:23:21.848078,0,0,541.518244,0.4908
2026-03-24T00:23:22.855070,0,0,541.518244,0.46040000000000003
2026-03-24T00:23:23.861041,0,0,541.518244,0.4908
2026-03-24T00:23:24.868023,0,0,540.636218,0.506
2026-03-24T00:23:25.874011,0,0,541.518244,0
2026-03-24T00:23:26.882014,0,0,541.518244,0.5516
2026-03-24T00:23:27.887987,0,0,541.518244,0.5364
2026-03-24T00:23:28.894983,0,0,541.518244,0.46040000000000003
2026-03-24T00:23:29.900956,0,0,541.518244,0.5136
2026-03-24T00:23:30.907937,0,0,540.636218,0.5212
2026-03-24T00:23:31.914940,0,0,541.518244,0.4908
2026-03-24T00:23:32.920918,0,0,541.518244,0.506
2026-03-24T00:23:33.927915,0,0,541.518244,0.5364
2026-03-24T00:23:34.934896,0,0,541.518244,0.4908
2026-03-24T00:23:35.941860,0,0,541.518244,0.5439999999999999
2026-03-24T00:23:36.947826,0,0,540.636218,0.4832
2026-03-24T00:23:37.954857,0,0,541.518244,0.468
2026-03-24T00:23:38.961838,0,0,542.40027,0.506
2026-03-24T00:23:39.967822,0,0,541.518244,0.4756
2026-03-24T00:23:40.974811,0,0,541.518244,0.4756
2026-03-24T00:23:41.980798,0,0,541.518244,0.4908
2026-03-24T00:23:42.988755,0,0,543.282296,0.506
2026-03-24T00:23:43.994774,0,0,541.518244,0.46040000000000003
2026-03-24T00:23:45.001750,0,0,541.518244,0.5212
2026-03-24T00:23:46.007827,0,0,541.518244,0.506
2026-03-24T00:23:47.014735,0,0,541.518244,0.506
2026-03-24T00:23:48.021714,0,0,541.518244,0.5287999999999999
2026-03-24T00:23:49.027711,0,0,541.518244,0.5439999999999999
2026-03-24T00:23:50.034684,0,0,540.636218,0.468
2026-03-24T00:23:51.041670,0,0,540.636218,0.506
2026-03-24T00:23:52.048647,0,0,541.518244,0.5364
2026-03-24T00:23:53.054629,0,0,541.518244,0.4756
2026-03-24T00:23:54.061608,0,0,541.518244,0.5136
2026-03-24T00:23:55.068582,0,0,541.518244,0.5212
2026-03-24T00:23:56.073599,0,0,541.518244,0.4756
2026-03-24T00:23:57.081591,0,0,542.40027,0.506
2026-03-24T00:23:58.087669,0,0,541.518244,0.5287999999999999
2026-03-24T00:23:59.095657,0,0,541.518244,0.46040000000000003
2026-03-24T00:24:00.101510,0,0,541.518244,0.5212
2026-03-24T00:24:01.108526,0,0,541.518244,0.5668
2026-03-24T00:24:02.114495,0,0,542.40027,0.4832
2026-03-24T00:24:03.120489,0,0,541.518244,0.4984
2026-03-24T00:24:04.128495,0,0,541.518244,0.5136
2026-03-24T00:24:05.134473,0,0,541.518244,0.468
2026-03-24T00:24:06.142453,0,0,541.518244,0
2026-03-24T00:24:07.148433,0,0,541.518244,0.5212
2026-03-24T00:24:08.155511,0,0,541.518244,0.468
2026-03-24T00:24:09.161404,0,0,541.518244,0.4908
2026-03-24T00:24:10.168381,0,0,540.636218,0.5591999999999999
2026-03-24T00:24:11.175461,0,0,541.518244,0.468
2026-03-24T00:24:12.181375,0,0,541.518244,0.5136
2026-03-24T00:24:13.188398,0,0,541.518244,0.5287999999999999
2026-03-24T00:24:14.195442,0,0,541.518244,0.4908
2026-03-24T00:24:15.202329,0,0,540.636218,0.46040000000000003
2026-03-24T00:24:16.208320,0,0,541.518244,0.5364
2026-03-24T00:24:17.215359,0,0,541.518244,0.4908
2026-03-24T00:24:18.221277,0,0,541.518244,0.4756
2026-03-24T00:24:19.228260,0,0,541.518244,0.5516
2026-03-24T00:24:20.235367,0,0,540.636218,0.4908
2026-03-24T00:24:21.241230,0,0,541.518244,0.4832
2026-03-24T00:24:22.249234,0,0,541.518244,0.4984
2026-03-24T00:24:23.255307,0,0,541.518244,0.5287999999999999
2026-03-24T00:24:24.262180,0,0,542.40027,0
2026-03-24T00:24:25.268172,0,0,540.636218,0.5439999999999999
2026-03-24T00:24:26.275149,0,0,541.518244,0.4908
2026-03-24T00:24:27.282142,0,0,542.40027,0.4756
2026-03-24T00:24:28.288127,0,0,542.40027,0.4984
2026-03-24T00:24:29.295113,0,0,541.518244,0.4984
2026-03-24T00:24:30.302064,0,0,541.518244,0.4832
2026-03-24T00:24:31.309080,0,0,541.518244,0.5439999999999999
2026-03-24T00:24:32.315066,0,0,541.518244,0.506
2026-03-24T00:24:33.322042,0,0,541.518244,0
2026-03-24T00:24:34.328043,0,0,541.518244,0.506
2026-03-24T00:24:35.335029,0,0,541.518244,0.4984
2026-03-24T00:24:36.341997,0,0,541.518244,0.4908
2026-03-24T00:24:37.347912,0,0,541.518244,0.4984
2026-03-24T00:24:38.355994,0,0,541.518244,0.5136
2026-03-24T00:24:39.361943,0,0,540.636218,0.468
2026-03-24T00:24:40.368948,0,0,540.636218,0.5516
2026-03-24T00:24:41.374920,0,0,541.518244,0.5364
2026-03-24T00:24:42.381884,0,0,541.518244,0.4756
2026-03-24T00:24:43.388894,0,0,540.636218,0.4908
2026-03-24T00:24:44.394880,0,0,541.518244,0.5287999999999999
2026-03-24T00:24:45.401828,0,0,541.518244,0.4756
2026-03-24T00:24:46.408845,0,0,541.518244,0.5439999999999999
2026-03-24T00:24:47.415802,0,0,543.282296,0.5439999999999999
2026-03-24T00:24:48.421782,0,0,541.518244,0.4984
2026-03-24T00:24:49.426838,0,0,541.518244,0.5743999999999999
2026-03-24T00:24:50.434784,0,0,541.518244,0.5136
2026-03-24T00:24:51.441790,0,0,541.518244,0.5136
2026-03-24T00:24:52.448713,0,0,540.636218,0.5136
2026-03-24T00:24:53.454730,0,0,541.518244,0.5364
2026-03-24T00:24:54.462680,0,0,541.518244,0.46040000000000003
2026-03-24T00:24:55.468696,0,0,541.518244,0.4984
2026-03-24T00:24:56.475772,0,0,541.518244,0.5136
2026-03-24T00:24:57.481659,0,0,541.518244,0.4832
2026-03-24T00:24:58.488650,0,0,541.518244,0.5212
2026-03-24T00:24:59.495670,0,0,541.518244,0.5136
2026-03-24T00:25:00.501634,0,0,541.518244,0.468
2026-03-24T00:25:01.509587,0,0,541.518244,0.5364
2026-03-24T00:25:02.515691,0,0,541.518244,0.5136
2026-03-24T00:25:03.522634,0,0,541.518244,0.4832
2026-03-24T00:25:04.528619,0,0,541.518244,0.4832
2026-03-24T00:25:05.535664,0,0,541.518244,0.506
2026-03-24T00:25:06.541569,0,0,541.518244,0.4984
2026-03-24T00:25:07.548540,0,0,543.282296,0.506
2026-03-24T00:25:08.555655,0,0,541.518244,0.5668
2026-03-24T00:25:09.562516,0,0,541.518244,0.4756
2026-03-24T00:25:10.569505,0,0,541.518244,0.506
2026-03-24T00:25:11.575594,0,0,541.518244,0.5287999999999999
2026-03-24T00:25:12.582503,0,0,541.518244,0.468
2026-03-24T00:25:13.588414,0,0,541.518244,0.4984
2026-03-24T00:25:14.595456,0,0,541.518244,0.5287999999999999
2026-03-24T00:25:15.602378,0,0,541.518244,0.4908
2026-03-24T00:25:16.608367,0,0,541.518244,0.5212
2026-03-24T00:25:17.616340,0,0,541.518244,0.5136
2026-03-24T00:25:18.622336,0,0,541.518244,0.506
2026-03-24T00:25:19.629318,0,0,541.518244,0.506
2026-03-24T00:25:20.635406,0,0,541.518244,0.5136
2026-03-24T00:25:21.642250,0,0,542.40027,0.5136
2026-03-24T00:25:22.648225,0,0,540.636218,0.5136
2026-03-24T00:25:23.655185,0,0,541.518244,0.5516
2026-03-24T00:25:24.662203,0,0,541.518244,0.4984
2026-03-24T00:25:25.669181,0,0,539.754192,0.506
2026-03-24T00:25:26.676154,0,0,541.518244,0.5364
2026-03-24T00:25:27.682149,0,0,541.518244,0.5212
2026-03-24T00:25:28.687122,0,0,541.518244,0.4832
2026-03-24T00:25:29.695111,0,0,541.518244,0.5364
2026-03-24T00:25:30.702096,0,0,540.636218,0.4984
2026-03-24T00:25:31.709077,0,0,541.518244,0.4908
2026-03-24T00:25:32.715067,0,0,541.518244,0.5439999999999999
2026-03-24T00:25:33.723048,0,0,541.518244,0.506
2026-03-24T00:25:34.729028,0,0,541.518244,0.506
2026-03-24T00:25:35.736019,0,0,536.226088,0.5287999999999999
2026-03-24T00:25:36.741997,0,0,541.518244,0.5364
2026-03-24T00:25:37.748987,0,0,541.518244,0.4984
2026-03-24T00:25:38.754973,0,0,541.518244,0.5591999999999999
2026-03-24T00:25:39.761949,0,0,541.518244,0.5136
2026-03-24T00:25:40.769921,0,0,541.518244,0.4756
2026-03-24T00:25:41.775904,0,0,539.754192,0.5364
2026-03-24T00:25:42.782884,0,0,541.518244,0.5516
2026-03-24T00:25:43.788870,0,0,537.99014,0.5136
2026-03-24T00:25:44.795860,0,0,541.518244,0.5212
2026-03-24T00:25:45.801842,0,0,541.518244,0.4908
2026-03-24T00:25:46.808841,0,0,541.518244,0.4832
2026-03-24T00:25:47.815818,0,0,542.40027,0.5212
2026-03-24T00:25:58.645087,0,0,541.518244,0.4908
2026-03-24T00:26:01.127702,0,0,541.518244,0.5212
2026-03-24T00:26:02.134591,0,0,541.518244,0.5668
2026-03-24T00:26:03.140540,0,0,541.518244,0
2026-03-24T00:26:04.147590,0,0,542.40027,0.506
2026-03-24T00:26:05.153562,0,0,540.636218,0.5439999999999999
2026-03-24T00:26:06.161507,0,0,541.518244,0.46040000000000003
2026-03-24T00:26:07.167539,0,0,541.518244,0.506
2026-03-24T00:26:08.174449,0,0,540.636218,0.5136
2026-03-24T00:26:09.181422,0,0,541.518244,0.46040000000000003
2026-03-24T00:26:10.187534,0,0,541.518244,0.5136
2026-03-24T00:26:11.194429,0,0,539.754192,0.5439999999999999
2026-03-24T00:26:12.200397,0,0,541.518244,0.4756
2026-03-24T00:26:13.208397,0,0,542.40027,0.5287999999999999
2026-03-24T00:26:14.214366,0,0,540.636218,0.506
2026-03-24T00:26:15.221313,0,0,541.518244,0.4832
2026-03-24T00:26:16.227416,0,0,539.754192,0.4832
2026-03-24T00:26:17.234299,0,0,541.518244,0.5287999999999999
2026-03-24T00:26:18.241283,0,0,541.518244,0.4984
2026-03-24T00:26:19.247356,0,0,540.636218,0.4984
2026-03-24T00:26:20.254254,0,0,541.518244,0.5136
2026-03-24T00:26:21.260208,0,0,542.40027,0.468
2026-03-24T00:26:22.268225,0,0,541.518244,0.4908
2026-03-24T00:26:23.274188,0,0,541.518244,0.4984
2026-03-24T00:26:24.281202,0,0,541.518244,0.5212
2026-03-24T00:26:25.288151,0,0,541.518244,0.4984
2026-03-24T00:26:26.294153,0,0,540.636218,0.5287999999999999
2026-03-24T00:26:27.301138,0,0,541.518244,0.4756
2026-03-24T00:26:28.307118,0,0,540.636218,0.4832
2026-03-24T00:26:29.315081,0,0,543.282296,0.506
2026-03-24T00:26:30.321087,0,0,541.518244,0.4908
2026-03-24T00:26:31.328038,0,0,541.518244,0.4832
2026-03-24T00:26:32.334026,0,0,541.518244,0.4832
2026-03-24T00:26:33.341035,0,0,540.636218,0.4756
2026-03-24T00:26:34.347991,0,0,537.108114,0.4756
2026-03-24T00:26:35.353989,0,0,539.754192,0.5287999999999999
2026-03-24T00:26:36.360968,0,0,541.518244,0
2026-03-24T00:26:37.367952,0,0,540.636218,0.4908
2026-03-24T00:26:38.374942,0,0,540.636218,0.5287999999999999
2026-03-24T00:26:39.380895,0,0,540.636218,0.4984
2026-03-24T00:26:40.387918,0,0,541.518244,0.46040000000000003
2026-03-24T00:26:41.394855,0,0,540.636218,0.5136
2026-03-24T00:26:42.400875,0,0,541.518244,0.5287999999999999
2026-03-24T00:26:43.407854,0,0,541.518244,0.4908
2026-03-24T00:26:44.413865,0,0,542.40027,0.5364
2026-03-24T00:26:45.421802,0,0,541.518244,0.4832
2026-03-24T00:26:46.427818,0,0,541.518244,0.4832
2026-03-24T00:26:47.434766,0,0,541.518244,0.5212
2026-03-24T00:26:48.440737,0,0,540.636218,0.5136
2026-03-24T00:26:49.447777,0,0,540.636218,0.4756
2026-03-24T00:26:50.454744,0,0,541.518244,0.5287999999999999
2026-03-24T00:26:51.460668,0,0,541.518244,0.4832
2026-03-24T00:26:52.468662,0,0,540.636218,0.4832
2026-03-24T00:26:53.474622,0,0,541.518244,0.4832
2026-03-24T00:26:54.481612,0,0,541.518244,0.4908
2026-03-24T00:26:55.486602,0,0,541.518244,0.4832
2026-03-24T00:26:56.494579,0,0,539.754192,0.5439999999999999
2026-03-24T00:26:57.501568,0,0,541.518244,0.4984
2026-03-24T00:26:58.507648,0,0,541.518244,0.468
2026-03-24T00:26:59.514552,0,0,541.518244,0.506
2026-03-24T00:27:00.521510,0,0,541.518244,0.5136
2026-03-24T00:27:01.528483,0,0,541.518244,0.4908
2026-03-24T00:27:02.534492,0,0,541.518244,0.5287999999999999
2026-03-24T00:27:03.541506,0,0,541.518244,0.5136
2026-03-24T00:27:04.547569,0,0,539.754192,0.46040000000000003
2026-03-24T00:27:05.554476,0,0,541.518244,0.5287999999999999
2026-03-24T00:27:06.561398,0,0,541.518244,0.5439999999999999
2026-03-24T00:27:07.567459,0,0,541.518244,0.4908
2026-03-24T00:27:08.575453,0,0,541.518244,0.5136
2026-03-24T00:27:09.581356,0,0,541.518244,0.5287999999999999
2026-03-24T00:27:10.588315,0,0,541.518244,0.4832
2026-03-24T00:27:11.594299,0,0,541.518244,0.506
2026-03-24T00:27:12.600268,0,0,540.636218,0.5364
2026-03-24T00:27:13.608278,0,0,541.518244,0.4908
2026-03-24T00:27:14.614265,0,0,540.636218,0.5439999999999999
2026-03-24T00:27:15.621248,0,0,541.518244,0.5287999999999999
2026-03-24T00:27:16.628228,0,0,541.518244,0.46040000000000003
2026-03-24T00:27:17.635199,0,0,539.754192,0.5364
2026-03-24T00:27:18.641168,0,0,541.518244,0.582
2026-03-24T00:27:19.648143,0,0,541.518244,0.506
2026-03-24T00:27:20.654166,0,0,541.518244,0.4984
2026-03-24T00:27:21.661092,0,0,541.518244,0.506
2026-03-24T00:27:22.668107,0,0,540.636218,0.4756
2026-03-24T00:27:23.674109,0,0,540.636218,0.4984
2026-03-24T00:27:24.682053,0,0,541.518244,0.5439999999999999
2026-03-24T00:27:25.688035,0,0,541.518244,0.4756
2026-03-24T00:27:26.695039,0,0,541.518244,0.5212
2026-03-24T00:27:27.701037,0,0,539.754192,0.506
2026-03-24T00:27:28.708003,0,0,541.518244,0.4832
2026-03-24T00:27:29.714953,0,0,540.636218,0
2026-03-24T00:27:30.720956,0,0,541.518244,0.4984
2026-03-24T00:27:31.728955,0,0,541.518244,0.5136
2026-03-24T00:27:32.734906,0,0,540.636218,0.4984
2026-03-24T00:27:33.741918,0,0,541.518244,0.5591999999999999
2026-03-24T00:27:34.747928,0,0,541.518244,0.4908
2026-03-24T00:27:35.754877,0,0,541.518244,0.506
2026-03-24T00:27:36.760837,0,0,541.518244,0.5136
2026-03-24T00:27:37.767782,0,0,540.636218,0.468
2026-03-24T00:27:38.774787,0,0,541.518244,0.5136
2026-03-24T00:27:39.781771,0,0,541.518244,0.5287999999999999
2026-03-24T00:27:40.788727,0,0,541.518244,0.5136
2026-03-24T00:27:41.794719,0,0,541.518244,0.4832
2026-03-24T00:27:42.801713,0,0,542.40027,0.5439999999999999
2026-03-24T00:27:43.807725,0,0,540.636218,0.4908
2026-03-24T00:27:44.814704,0,0,541.518244,0.4984
2026-03-24T00:27:45.821698,0,0,541.518244,0.4984
2026-03-24T00:27:46.827692,0,0,541.518244,0.4756
2026-03-24T00:27:47.835731,0,0,539.754192,0.4832
2026-03-24T00:27:48.841699,0,0,540.636218,0.5364
2026-03-24T00:27:49.847767,0,0,540.636218,0.4756
2026-03-24T00:27:50.854710,0,0,540.636218,0.4984
2026-03-24T00:27:51.861543,0,0,541.518244,0.506
2026-03-24T00:27:52.865668,0,0,542.40027,0.5136
2026-03-24T00:27:53.873684,0,0,540.636218,0.506
2026-03-24T00:27:54.880510,0,0,541.518244,0.506
2026-03-24T00:27:55.888595,0,0,542.40027,0.4984
2026-03-24T00:27:56.895540,0,0,541.518244,0.4832
2026-03-24T00:27:57.900441,0,0,541.518244,0.5364
2026-03-24T00:27:58.906441,0,0,540.636218,0.5136
2026-03-24T00:27:59.914576,0,0,540.636218,0.5136
2026-03-24T00:28:00.921411,0,0,541.518244,0.5212
2026-03-24T00:28:01.928345,0,0,540.636218,0.5287999999999999
2026-03-24T00:28:02.934363,0,0,541.518244,0.4832
2026-03-24T00:28:03.942316,0,0,541.518244,0.5212
2026-03-24T00:28:04.948266,0,0,541.518244,0.5136
2026-03-24T00:28:05.955333,0,0,541.518244,0.5136
2026-03-24T00:28:06.961251,0,0,541.518244,0.506
2026-03-24T00:28:07.968231,0,0,538.872166,0.468
2026-03-24T00:28:08.974208,0,0,541.518244,0.4984
2026-03-24T00:28:09.981194,0,0,541.518244,0.5591999999999999
2026-03-24T00:28:10.989178,0,0,541.518244,0.506
2026-03-24T00:28:11.993104,0,0,536.226088,0.4756
2026-03-24T00:28:13.002143,0,0,541.518244,0.5364
2026-03-24T00:28:14.008098,0,0,541.518244,0.5287999999999999
2026-03-24T00:28:15.015093,0,0,541.518244,0.46040000000000003
2026-03-24T00:28:16.021053,0,0,541.518244,0.5668
2026-03-24T00:28:17.028036,0,0,541.518244,0.5136
2026-03-24T00:28:18.035016,0,0,541.518244,0.468
2026-03-24T00:28:19.041977,0,0,540.636218,0.5212
2026-03-24T00:28:20.048969,0,0,541.518244,0.506
2026-03-24T00:28:21.054960,0,0,541.518244,0.4832
2026-03-24T00:28:22.061947,0,0,540.636218,0.5364
2026-03-24T00:28:23.067909,0,0,541.518244,0.5212
2026-03-24T00:28:24.074899,0,0,540.636218,0.4984
2026-03-24T00:28:25.080847,0,0,541.518244,0.4908
2026-03-24T00:28:26.087957,0,0,541.518244,0.5743999999999999
2026-03-24T00:28:27.095903,0,0,541.518244,0.4984
2026-03-24T00:28:28.101779,0,0,541.518244,0.5136
2026-03-24T00:28:29.108829,0,0,541.518244,0.5136
2026-03-24T00:28:30.114802,0,0,540.636218,0.4756
2026-03-24T00:28:31.120017,0,0,542.40027,0.4984
2026-03-24T00:28:32.127791,0,0,541.518244,0.5136
2026-03-24T00:28:33.134738,0,0,541.518244,0.468
2026-03-24T00:28:34.141711,0,0,541.518244,0.5212
2026-03-24T00:28:35.148692,0,0,542.40027,0.5591999999999999
2026-03-24T00:28:36.155749,0,0,542.40027,0.4984
2026-03-24T00:28:50.268322,0,0,542.40027,0.506
2026-03-24T00:28:51.274521,0,0,540.636218,0.506
2026-03-24T00:28:52.283641,0,0,540.636218,0.46040000000000003
2026-03-24T00:28:53.287347,0,0,539.754192,0.5212
2026-03-24T00:28:54.293246,0,0,541.518244,0.4756
2026-03-24T00:28:55.301229,0,0,541.518244,0.4984
2026-03-24T00:28:56.307278,0,0,545.046348,0.5439999999999999
2026-03-24T00:28:57.314184,0,0,541.518244,0.4984
2026-03-24T00:28:58.321217,0,0,541.518244,0.5212
2026-03-24T00:28:59.327302,0,0,541.518244,0.5439999999999999
2026-03-24T00:29:00.334177,0,0,541.518244,0.4832
2026-03-24T00:29:01.340139,0,0,541.518244,0.4984
2026-03-24T00:29:02.348111,0,0,541.518244,0.5212
2026-03-24T00:29:03.354091,0,0,541.518244,0.4756
2026-03-24T00:29:04.361117,0,0,541.518244,0.5287999999999999
2026-03-24T00:29:05.367082,0,0,541.518244,0.5287999999999999
2026-03-24T00:29:06.374098,0,0,542.40027,0.5212
2026-03-24T00:29:07.381024,0,0,542.40027,0.506
2026-03-24T00:29:08.386979,0,0,541.518244,0.5668
2026-03-24T00:29:09.393958,0,0,541.518244,0.5364
2026-03-24T00:29:10.400934,0,0,541.518244,0.468
2026-03-24T00:29:11.407908,0,0,541.518244,0.5287999999999999
2026-03-24T00:29:12.413878,0,0,541.518244,0.5212
2026-03-24T00:29:13.420859,0,0,541.518244,0
2026-03-24T00:29:14.427856,0,0,541.518244,0.5591999999999999
2026-03-24T00:29:15.433835,0,0,540.636218,0.5364
2026-03-24T00:29:16.440810,0,0,540.636218,0.4908
2026-03-24T00:29:17.446784,0,0,540.636218,0.4984
2026-03-24T00:29:18.454764,0,0,539.754192,0.5136
2026-03-24T00:29:19.460743,0,0,541.518244,0.4756
2026-03-24T00:29:20.467789,0,0,541.518244,0.5212
2026-03-24T00:29:21.473695,0,0,540.636218,0.5287999999999999
2026-03-24T00:29:22.480696,0,0,540.636218,0.46040000000000003
2026-03-24T00:29:23.487725,0,0,541.518244,0.4832
2026-03-24T00:29:24.493808,0,0,539.754192,0.5516
2026-03-24T00:29:25.500618,0,0,540.636218,0.468
2026-03-24T00:29:26.507678,0,0,541.518244,0.506
2026-03-24T00:29:27.514570,0,0,540.636218,0.5591999999999999
2026-03-24T00:29:28.520587,0,0,541.518244,0.46040000000000003
2026-03-24T00:29:29.527608,0,0,541.518244,0.5668
2026-03-24T00:29:30.534544,0,0,541.518244,0.5212
2026-03-24T00:29:31.540513,0,0,540.636218,0.468
2026-03-24T00:29:32.547569,0,0,541.518244,0.5212
2026-03-24T00:29:33.553447,0,0,541.518244,0.5212
2026-03-24T00:29:34.561451,0,0,543.282296,0.4832
2026-03-24T00:29:35.567505,0,0,541.518244,0.5591999999999999
2026-03-24T00:29:36.574417,0,0,540.636218,0.5364
2026-03-24T00:29:37.580353,0,0,541.518244,0.4908
2026-03-24T00:29:38.587444,0,0,542.40027,0.4908
2026-03-24T00:29:39.594285,0,0,541.518244,0.5212
2026-03-24T00:29:40.600253,0,0,541.518244,0.468
2026-03-24T00:29:41.608235,0,0,540.636218,0.5287999999999999
2026-03-24T00:29:42.614209,0,0,541.518244,0.4984
2026-03-24T00:29:54.402406,0,0,541.518244,0
2026-03-24T00:29:56.884927,0,0,539.754192,0.46040000000000003
2026-03-24T00:29:57.891896,0,0,541.518244,0.506
2026-03-24T00:29:58.897855,0,0,539.754192,0.506
2026-03-24T00:29:59.904849,0,0,541.518244,0.468
2026-03-24T00:30:00.910838,0,0,540.636218,0.4832
2026-03-24T00:30:01.918801,0,0,541.518244,0.5287999999999999
2026-03-24T00:30:02.924780,0,0,541.518244,0.4756
2026-03-24T00:30:03.931790,0,0,541.518244,0.4756
2026-03-24T00:30:04.938717,0,0,541.518244,0.4908
2026-03-24T00:30:05.943888,0,0,540.636218,0.4908
2026-03-24T00:30:06.951714,0,0,541.518244,0.5212
2026-03-24T00:30:07.957663,0,0,541.518244,0.5136
2026-03-24T00:30:08.964646,0,0,541.518244,0.46040000000000003
2026-03-24T00:30:09.971687,0,0,540.636218,0.5136
2026-03-24T00:30:10.978604,0,0,541.518244,0.5287999999999999
2026-03-24T00:30:11.984560,0,0,541.518244,0.5136
2026-03-24T00:30:12.991676,0,0,542.40027,0.4832
2026-03-24T00:30:13.998532,0,0,541.518244,0.5364
2026-03-24T00:30:15.004501,0,0,541.518244,0.468
2026-03-24T00:30:16.011623,0,0,541.518244,0.5212
2026-03-24T00:30:17.017465,0,0,541.518244,0.5364
2026-03-24T00:30:18.025446,0,0,541.518244,0.468
2026-03-24T00:30:19.031502,0,0,541.518244,0.4984
2026-03-24T00:30:20.038395,0,0,541.518244,0.5364
2026-03-24T00:30:21.045362,0,0,541.518244,0.506
2026-03-24T00:30:22.051422,0,0,541.518244,0.5212
2026-03-24T00:30:23.058323,0,0,541.518244,0.5591999999999999
2026-03-24T00:30:24.064288,0,0,541.518244,0.506
2026-03-24T00:30:25.072282,0,0,541.518244,0.4984
2026-03-24T00:30:26.078217,0,0,540.636218,0.4832
2026-03-24T00:30:27.085208,0,0,541.518244,0.4984
2026-03-24T00:30:28.091281,0,0,541.518244,0.4908
2026-03-24T00:30:29.098181,0,0,541.518244,0.5136
2026-03-24T00:30:30.105161,0,0,541.518244,0.4908
2026-03-24T00:30:31.111134,0,0,541.518244,0.4984
2026-03-24T00:30:32.118116,0,0,541.518244,0.5212
2026-03-24T00:30:33.125100,0,0,541.518244,0.4984
2026-03-24T00:30:34.132026,0,0,541.518244,0.4756
2026-03-24T00:30:35.138026,0,0,541.518244,0.4984
2026-03-24T00:30:36.145049,0,0,541.518244,0.5212
2026-03-24T00:30:37.152006,0,0,542.40027,0.4908
2026-03-24T00:30:38.157998,0,0,541.518244,0.5287999999999999
2026-03-24T00:30:39.164955,0,0,541.518244,0.5212
2026-03-24T00:30:40.170929,0,0,541.518244,0.4908
2026-03-24T00:30:41.178933,0,0,541.518244,0.5439999999999999
2026-03-24T00:30:42.184887,0,0,541.518244,0.506
2026-03-24T00:30:43.191874,0,0,544.164322,0.506
2026-03-24T00:30:44.197856,0,0,541.518244,0.5516
2026-03-24T00:30:45.204824,0,0,541.518244,0.5287999999999999
2026-03-24T00:30:46.211827,0,0,541.518244,0.4908
2026-03-24T00:30:47.217758,0,0,541.518244,0.5364
2026-03-24T00:30:48.224753,0,0,541.518244,0.506
2026-03-24T00:30:49.231749,0,0,541.518244,0.468
2026-03-24T00:30:50.238710,0,0,541.518244,0.5212
2026-03-24T00:30:51.244705,0,0,541.518244,0.5287999999999999
2026-03-24T00:30:52.251710,0,0,541.518244,0.4908
2026-03-24T00:30:53.258655,0,0,541.518244,0.5439999999999999
2026-03-24T00:30:54.264627,0,0,541.518244,0.5591999999999999
2026-03-24T00:30:55.271660,0,0,541.518244,0.4756
2026-03-24T00:30:56.277605,0,0,541.518244,0.5287999999999999
2026-03-24T00:30:57.284545,0,0,541.518244,0.506
2026-03-24T00:30:58.291618,0,0,541.518244,0.4756
2026-03-24T00:30:59.298498,0,0,541.518244,0.5287999999999999
2026-03-24T00:31:00.304486,0,0,540.636218,0.506
2026-03-24T00:31:01.311545,0,0,541.518244,0.4832
2026-03-24T00:31:02.318455,0,0,542.40027,0.506
2026-03-24T00:31:03.324385,0,0,541.518244,0.5364
2026-03-24T00:31:04.331496,0,0,541.518244,0.4756
2026-03-24T00:31:05.338375,0,0,541.518244,0.5212
2026-03-24T00:31:06.345364,0,0,540.636218,0.5516
2026-03-24T00:31:07.351413,0,0,541.518244,0.4756
2026-03-24T00:31:08.358322,0,0,541.518244,0.5439999999999999
2026-03-24T00:31:09.365270,0,0,541.518244,0.5287999999999999
2026-03-24T00:31:10.371335,0,0,541.518244,0.4984
2026-03-24T00:31:11.378246,0,0,541.518244,0.5439999999999999
2026-03-24T00:31:12.384210,0,0,542.40027,0.5516
2026-03-24T00:31:13.392183,0,0,541.518244,0.4984
2026-03-24T00:31:14.398193,0,0,541.518244,0.5212
2026-03-24T00:31:15.405141,0,0,540.636218,0.4832
2026-03-24T00:31:16.411137,0,0,541.518244,0.5136
2026-03-24T00:31:17.418105,0,0,541.518244,0.4832
2026-03-24T00:31:18.425105,0,0,541.518244,0.5591999999999999
2026-03-24T00:31:19.431076,0,0,541.518244,0.4984
2026-03-24T00:31:20.439057,0,0,540.636218,0.5136
2026-03-24T00:31:21.445029,0,0,541.518244,0.5591999999999999
2026-03-24T00:31:22.451977,0,0,541.518244,0.4984
2026-03-24T00:31:23.457956,0,0,541.518244,0.4832
2026-03-24T00:31:24.464968,0,0,540.636218,0.4984
2026-03-24T00:31:25.471928,0,0,541.518244,0.4908
2026-03-24T00:31:26.477902,0,0,539.754192,0
2026-03-24T00:31:27.484869,0,0,541.518244,0.4908
2026-03-24T00:31:28.491892,0,0,539.754192,0.4908
2026-03-24T00:31:29.498837,0,0,541.518244,0
2026-03-24T00:31:30.504831,0,0,537.99014,0.4984
2026-03-24T00:31:31.511773,0,0,541.518244,0.4984
2026-03-24T00:31:32.517778,0,0,541.518244,0.4832
2026-03-24T00:31:33.524723,0,0,541.518244,0.4908
2026-03-24T00:31:34.531754,0,0,540.636218,0.5287999999999999
2026-03-24T00:31:35.537707,0,0,541.518244,0.4908
2026-03-24T00:31:36.545705,0,0,541.518244,0.5287999999999999
2026-03-24T00:31:37.551646,0,0,541.518244,0.4908
2026-03-24T00:31:38.558604,0,0,542.40027,0.506
2026-03-24T00:31:39.564561,0,0,541.518244,0.5136
2026-03-24T00:31:40.571608,0,0,541.518244,0.5212
2026-03-24T00:31:41.578553,0,0,541.518244,0.4832
2026-03-24T00:31:42.584536,0,0,541.518244,0.5591999999999999
2026-03-24T00:31:43.591564,0,0,541.518244,0.4984
2026-03-24T00:31:44.598444,0,0,540.636218,0.4832
2026-03-24T00:31:45.605450,0,0,542.40027,0.5212
2026-03-24T00:31:46.611510,0,0,541.518244,0.5212
2026-03-24T00:31:47.618379,0,0,541.518244,0.4832
2026-03-24T00:31:48.623453,0,0,541.518244,0.5516
2026-03-24T00:31:49.631445,0,0,541.518244,0.5136
2026-03-24T00:31:50.638340,0,0,541.518244,0.4756
2026-03-24T00:31:51.645306,0,0,541.518244,0.5364
2026-03-24T00:31:52.652292,0,0,539.754192,0.5212
2026-03-24T00:31:53.658237,0,0,541.518244,0
2026-03-24T00:31:54.665213,0,0,540.636218,0.5516
2026-03-24T00:31:55.671199,0,0,540.636218,0.5516
2026-03-24T00:31:56.678187,0,0,543.282296,0.4908
2026-03-24T00:31:57.685178,0,0,540.636218,0.5136
2026-03-24T00:31:58.691134,0,0,542.40027,0.5212
2026-03-24T00:31:59.699100,0,0,542.40027,0.4832
2026-03-24T00:32:00.705068,0,0,540.636218,0.5212
2026-03-24T00:32:01.712065,0,0,542.40027,0.5287999999999999
2026-03-24T00:32:02.718015,0,0,540.636218,0.4908
2026-03-24T00:32:03.725031,0,0,540.636218,0.5439999999999999
2026-03-24T00:32:04.730996,0,0,541.518244,0.5516
2026-03-24T00:32:05.737976,0,0,541.518244,0.468
2026-03-24T00:32:06.744959,0,0,541.518244,0.5212
2026-03-24T00:32:07.751919,0,0,540.636218,0.5439999999999999
2026-03-24T00:32:08.758892,0,0,540.636218,0.4908
2026-03-24T00:32:09.764871,0,0,540.636218,0.5287999999999999
2026-03-24T00:32:10.771859,0,0,540.636218,0.5212
2026-03-24T00:32:11.777839,0,0,542.40027,0.5136
2026-03-24T00:32:12.784799,0,0,541.518244,0.5516
2026-03-24T00:32:13.791792,0,0,540.636218,0.5364
2026-03-24T00:32:14.797777,0,0,541.518244,0.4908
2026-03-24T00:32:15.805741,0,0,541.518244,0.506
2026-03-24T00:32:16.811740,0,0,542.40027,0.5591999999999999
2026-03-24T00:32:17.818692,0,0,542.40027,0.4832
2026-03-24T00:32:18.824656,0,0,541.518244,0.5364
2026-03-24T00:32:19.831675,0,0,541.518244,0.5591999999999999
2026-03-24T00:32:20.837605,0,0,541.518244,0.4832
2026-03-24T00:32:21.844561,0,0,540.636218,0.5364
2026-03-24T00:32:22.851626,0,0,536.226088,0.5439999999999999
2026-03-24T00:32:23.858527,0,0,541.518244,0.46040000000000003
2026-03-24T00:32:24.865520,0,0,541.518244,0.5136
2026-03-24T00:32:25.871564,0,0,539.754192,0.4984
2026-03-24T00:32:26.878449,0,0,541.518244,0.4908
2026-03-24T00:32:27.884432,0,0,541.518244,0.5212
2026-03-24T00:32:28.891516,0,0,539.754192,0.5364
2026-03-24T00:32:29.898398,0,0,541.518244,0.4908
2026-03-24T00:32:30.904383,0,0,541.518244,0.4832
2026-03-24T00:32:31.912334,0,0,540.636218,0.5439999999999999
2026-03-24T00:32:32.918295,0,0,541.518244,0.4908
2026-03-24T00:32:33.925321,0,0,539.754192,0.4984
2026-03-24T00:32:34.931330,0,0,541.518244,0.5136
2026-03-24T00:32:35.938247,0,0,540.636218,0.5136
2026-03-24T00:32:36.944214,0,0,541.518244,0.4984
2026-03-24T00:32:37.951203,0,0,541.518244,0.5591999999999999
2026-03-24T00:32:38.959140,0,0,540.636218,0.4908
2026-03-24T00:32:39.965140,0,0,541.518244,0.4908
2026-03-24T00:32:40.972128,0,0,541.518244,0.5364
2026-03-24T00:32:41.978107,0,0,541.518244,0.506
2026-03-24T00:32:42.985073,0,0,541.518244,0.506
2026-03-24T00:32:43.991042,0,0,541.518244,0.5439999999999999
2026-03-24T00:32:44.998032,0,0,541.518244,0.4832
2026-03-24T00:32:46.005033,0,0,540.636218,0.4984
2026-03-24T00:32:47.011989,0,0,542.40027,0.5516
2026-03-24T00:32:48.018962,0,0,541.518244,0.5287999999999999
2026-03-24T00:32:49.024923,0,0,541.518244,0.4832
2026-03-24T00:32:50.031928,0,0,540.636218,0.5212
2026-03-24T00:32:51.037872,0,0,540.636218,0.5136
2026-03-24T00:32:52.044878,0,0,541.518244,0.4756
2026-03-24T00:32:53.050827,0,0,542.40027,0.5439999999999999
2026-03-24T00:32:54.057796,0,0,539.754192,0.4984
2026-03-24T00:32:55.065813,0,0,541.518244,0.4832
2026-03-24T00:32:56.071777,0,0,541.518244,0.5364
2026-03-24T00:32:57.078745,0,0,541.518244,0.5212
2026-03-24T00:32:58.084719,0,0,541.518244,0.4908
2026-03-24T00:32:59.091764,0,0,540.636218,0.5212
2026-03-24T00:33:00.097641,0,0,541.518244,0.5439999999999999
2026-03-24T00:33:01.104693,0,0,541.518244,0.4756
2026-03-24T00:33:02.111753,0,0,540.636218,0.5439999999999999
2026-03-24T00:33:03.118622,0,0,536.226088,0.5364
2026-03-24T00:33:04.125602,0,0,540.636218,0.4984
2026-03-24T00:33:05.131617,0,0,540.636218,0.5591999999999999
2026-03-24T00:33:06.138521,0,0,541.518244,0.5212
2026-03-24T00:33:07.144519,0,0,541.518244,0.4832
2026-03-24T00:33:08.151551,0,0,541.518244,0.5439999999999999
2026-03-24T00:33:09.157460,0,0,541.518244,0.5287999999999999
2026-03-24T00:33:10.164464,0,0,540.636218,0.4832
2026-03-24T00:33:11.172387,0,0,541.518244,0.5364
2026-03-24T00:33:12.178393,0,0,541.518244,0.4908
2026-03-24T00:33:13.185344,0,0,542.40027,0.4984
2026-03-24T00:33:14.191396,0,0,540.636218,0.5212
2026-03-24T00:33:15.198291,0,0,541.518244,0.5591999999999999
2026-03-24T00:33:16.204302,0,0,540.636218,0.468
2026-03-24T00:33:17.211306,0,0,541.518244,0.5212
2026-03-24T00:33:18.218237,0,0,541.518244,0.5212
2026-03-24T00:33:19.225216,0,0,539.754192,0.4832
2026-03-24T00:33:20.232188,0,0,541.518244,0.5212
2026-03-24T00:33:21.238198,0,0,540.636218,0.5287999999999999
2026-03-24T00:33:22.245157,0,0,543.282296,0.468
2026-03-24T00:33:23.251118,0,0,541.518244,0.5364
2026-03-24T00:33:24.258090,0,0,542.40027,0.5364
2026-03-24T00:33:25.264095,0,0,541.518244,0.4984
2026-03-24T00:33:26.272046,0,0,541.518244,0.5364
2026-03-24T00:33:27.279069,0,0,541.518244,0.5743999999999999
2026-03-24T00:33:28.285044,0,0,541.518244,0.5136
2026-03-24T00:33:29.291968,0,0,541.518244,0.5212
2026-03-24T00:33:30.297953,0,0,540.636218,0.5439999999999999
2026-03-24T00:33:31.304956,0,0,541.518244,0.4984
2026-03-24T00:33:32.310914,0,0,540.636218,0.5212
2026-03-24T00:33:33.317905,0,0,542.40027,0.4832
2026-03-24T00:33:34.325864,0,0,541.518244,0.4984
2026-03-24T00:33:35.331893,0,0,540.636218,0.5668
2026-03-24T00:33:36.338805,0,0,541.518244,0.5136
2026-03-24T00:33:37.344812,0,0,541.518244,0.4984
2026-03-24T00:33:48.952115,0,0,540.636218,0.5364
2026-03-24T00:33:51.434446,0,0,541.518244,0.5364
2026-03-24T00:33:52.441433,0,0,541.518244,0.4908
2026-03-24T00:33:53.447456,0,0,541.518244,0.4832
2026-03-24T00:33:54.454354,0,0,541.518244,0.5212
2026-03-24T00:33:55.460318,0,0,541.518244,0.4908
2026-03-24T00:33:56.468324,0,0,541.518244,0.4832
2026-03-24T00:33:57.474243,0,0,541.518244,0.5212
2026-03-24T00:33:58.481289,0,0,541.518244,0.4832
2026-03-24T00:33:59.488183,0,0,540.636218,0.5136
2026-03-24T00:34:00.494227,0,0,542.40027,0.5212
2026-03-24T00:34:01.501202,0,0,542.40027,0.4832
2026-03-24T00:34:02.507183,0,0,541.518244,0.506
2026-03-24T00:34:03.514160,0,0,541.518244,0.5287999999999999
2026-03-24T00:34:04.521102,0,0,541.518244,0.5212
2026-03-24T00:34:05.528069,0,0,541.518244,0.5212
2026-03-24T00:34:06.534063,0,0,541.518244,0.5287999999999999
2026-03-24T00:34:07.541049,0,0,541.518244,0.506
2026-03-24T00:34:08.548011,0,0,541.518244,0.46040000000000003
2026-03-24T00:34:09.553983,0,0,543.282296,0.5136
2026-03-24T00:34:21.314147,0,0,541.518244,0.5212
2026-03-24T00:34:23.796640,0,0,541.518244,0.46040000000000003
2026-03-24T00:34:24.803677,0,0,541.518244,0.5212
2026-03-24T00:34:25.809555,0,0,540.636218,0.5136
2026-03-24T00:34:26.816531,0,0,541.518244,0.506
2026-03-24T00:34:27.822494,0,0,541.518244,0.4984
2026-03-24T00:34:28.829446,0,0,539.754192,0.5591999999999999
2026-03-24T00:34:29.836472,0,0,542.40027,0.4908
2026-03-24T00:34:30.843529,0,0,541.518244,0.506
2026-03-24T00:34:31.850409,0,0,541.518244,0.5591999999999999
2026-03-24T00:34:32.856387,0,0,541.518244,0.5439999999999999
2026-03-24T00:34:33.863493,0,0,540.636218,0.4756
2026-03-24T00:34:34.869314,0,0,541.518244,0.5136
2026-03-24T00:34:35.876299,0,0,541.518244,0.5516
2026-03-24T00:34:36.883419,0,0,541.518244,0.4984
2026-03-24T00:34:37.890266,0,0,541.518244,0.5364
2026-03-24T00:34:38.896220,0,0,541.518244,0.5439999999999999
2026-03-24T00:34:39.903188,0,0,539.754192,0.4756
2026-03-24T00:34:40.910161,0,0,540.636218,0.4984
2026-03-24T00:34:41.916135,0,0,541.518244,0.4908
2026-03-24T00:34:42.923114,0,0,540.636218,0.46040000000000003
2026-03-24T00:34:43.929106,0,0,541.518244,0.5364
2026-03-24T00:34:44.937088,0,0,541.518244,0.506
2026-03-24T00:34:55.870303,0,0,541.518244,0.4832
2026-03-24T00:34:58.352803,0,0,541.518244,0.5212
2026-03-24T00:34:59.359812,0,0,541.518244,0.506
2026-03-24T00:35:00.365747,0,0,541.518244,0.506
2026-03-24T00:35:01.372718,0,0,539.754192,0.5516
2026-03-24T00:35:02.378704,0,0,540.636218,0.5212
2026-03-24T00:35:03.386669,0,0,541.518244,0.4832
2026-03-24T00:35:04.392581,0,0,539.754192,0.4908
2026-03-24T00:35:05.399667,0,0,541.518244,0.5212
2026-03-24T00:35:06.406601,0,0,541.518244,0.46040000000000003
2026-03-24T00:35:07.412527,0,0,541.518244,0.5136
2026-03-24T00:35:08.419567,0,0,541.518244,0.4908
2026-03-24T00:35:09.425486,0,0,540.636218,0.4908
2026-03-24T00:35:10.432465,0,0,541.518244,0.5287999999999999
2026-03-24T00:35:11.439530,0,0,541.518244,0.506
2026-03-24T00:35:12.446416,0,0,540.636218,0.506
2026-03-24T00:35:13.452386,0,0,540.636218,0.506
2026-03-24T00:35:14.459440,0,0,541.518244,0.5439999999999999
2026-03-24T00:35:15.466347,0,0,541.518244,0.468
2026-03-24T00:35:16.472302,0,0,541.518244,0.5212
2026-03-24T00:35:17.479350,0,0,541.518244,0.5136
2026-03-24T00:35:18.485286,0,0,541.518244,0
2026-03-24T00:35:19.493267,0,0,541.518244,0.4908
2026-03-24T00:35:20.499335,0,0,541.518244,0.5287999999999999
2026-03-24T00:35:21.506196,0,0,542.40027,0.4832
2026-03-24T00:35:22.513185,0,0,541.518244,0.5287999999999999
2026-03-24T00:35:23.519152,0,0,541.518244,0.5743999999999999
2026-03-24T00:35:24.526138,0,0,541.518244,0.468
2026-03-24T00:35:25.532091,0,0,541.518244,0.5516
2026-03-24T00:35:26.540045,0,0,541.518244,0.5136
2026-03-24T00:35:27.546024,0,0,541.518244,0.4832
2026-03-24T00:35:28.553007,0,0,541.518244,0.5439999999999999
2026-03-24T00:35:29.558970,0,0,541.518244,0.5287999999999999
2026-03-24T00:35:30.565950,0,0,542.40027,0
2026-03-24T00:35:31.572922,0,0,542.40027,0.5212
2026-03-24T00:35:32.578900,0,0,539.754192,0.5364
2026-03-24T00:35:33.585838,0,0,541.518244,0.506
2026-03-24T00:35:34.591848,0,0,540.636218,0.5212
2026-03-24T00:35:35.599832,0,0,541.518244,0.5439999999999999
2026-03-24T00:35:36.605776,0,0,541.518244,0
2026-03-24T00:35:37.612774,0,0,541.518244,0.5287999999999999
2026-03-24T00:35:38.619768,0,0,541.518244,0.5136
2026-03-24T00:35:39.625711,0,0,541.518244,0.4756
2026-03-24T00:35:40.632680,0,0,541.518244,0.5364
2026-03-24T00:35:41.638674,0,0,541.518244,0.5364
2026-03-24T00:35:42.646668,0,0,544.164322,0.4756
2026-03-24T00:35:43.652632,0,0,540.636218,0.5364
2026-03-24T00:35:44.659688,0,0,541.518244,0.5287999999999999
2026-03-24T00:35:45.665603,0,0,540.636218,0.4756
2026-03-24T00:35:46.672573,0,0,540.636218,0.4984
2026-03-24T00:35:47.679566,0,0,541.518244,0.5439999999999999
2026-03-24T00:35:48.684446,0,0,541.518244,0.4832
2026-03-24T00:35:49.692632,0,0,539.754192,0.4908
2026-03-24T00:35:50.699544,0,0,541.518244,0.5212
2026-03-24T00:35:51.706423,0,0,542.40027,0.4984
2026-03-24T00:35:52.712428,0,0,540.636218,0.5439999999999999
2026-03-24T00:35:53.719477,0,0,541.518244,0.5136
2026-03-24T00:35:54.726370,0,0,541.518244,0.4984
2026-03-24T00:35:55.732338,0,0,541.518244,0.4984
2026-03-24T00:35:56.739402,0,0,540.636218,0.5364
2026-03-24T00:35:57.745287,0,0,541.518244,0.4984
2026-03-24T00:35:58.753245,0,0,543.282296,0.5136
2026-03-24T00:35:59.759299,0,0,535.344062,0.5136
2026-03-24T00:36:00.766164,0,0,541.518244,0.506
2026-03-24T00:36:01.772151,0,0,541.518244,0.5136
2026-03-24T00:36:02.779131,0,0,540.636218,0.5364
2026-03-24T00:36:03.786102,0,0,541.518244,0.4984
2026-03-24T00:36:04.792056,0,0,541.518244,0.4908
2026-03-24T00:36:05.798040,0,0,541.518244,0.5591999999999999
2026-03-24T00:36:06.806029,0,0,541.518244,0.4984
2026-03-24T00:36:07.813000,0,0,541.518244,0.5136
2026-03-24T00:36:08.818967,0,0,540.636218,0.5212
2026-03-24T00:36:09.825957,0,0,541.518244,0.5287999999999999
2026-03-24T00:36:10.832896,0,0,539.754192,0.4908
2026-03-24T00:36:11.838896,0,0,540.636218,0.5516
2026-03-24T00:36:12.845828,0,0,542.40027,0.5212
2026-03-24T00:36:13.851842,0,0,540.636218,0.4984
2026-03-24T00:36:14.859826,0,0,541.518244,0.5212
2026-03-24T00:36:15.865801,0,0,541.518244,0.5287999999999999
2026-03-24T00:36:16.872766,0,0,541.518244,0.506
2026-03-24T00:36:17.878745,0,0,541.518244,0.5287999999999999
2026-03-24T00:36:18.885729,0,0,542.40027,0.5364
2026-03-24T00:36:19.892720,0,0,541.518244,0.4984
2026-03-24T00:36:20.898691,0,0,541.518244,0.5364
2026-03-24T00:36:21.906666,0,0,541.518244,0.5287999999999999
2026-03-24T00:36:22.912610,0,0,540.636218,0.506
2026-03-24T00:36:23.919660,0,0,541.518244,0.5287999999999999
2026-03-24T00:36:24.925582,0,0,540.636218,0.5364
2026-03-24T00:36:25.932548,0,0,541.518244,0.5212
2026-03-24T00:36:26.939562,0,0,541.518244,0.506
2026-03-24T00:36:27.945481,0,0,541.518244,0.5287999999999999
2026-03-24T00:36:28.952452,0,0,541.518244,0.468
2026-03-24T00:36:29.958473,0,0,541.518244,0.5364
2026-03-24T00:36:30.966428,0,0,541.518244,0.4908
2026-03-24T00:36:31.972363,0,0,540.636218,0.4908
2026-03-24T00:36:32.979426,0,0,541.518244,0.5136
2026-03-24T00:36:33.985345,0,0,541.518244,0.506
2026-03-24T00:36:34.992292,0,0,541.518244,0.4832
2026-03-24T00:36:35.999380,0,0,541.518244,0.5516
2026-03-24T00:36:37.005275,0,0,541.518244,0.5212
2026-03-24T00:36:38.013246,0,0,541.518244,0.4832
2026-03-24T00:36:39.019183,0,0,539.754192,0.4984
2026-03-24T00:36:40.026157,0,0,541.518244,0.5136
2026-03-24T00:36:41.032133,0,0,541.518244,0.468
2026-03-24T00:36:42.039112,0,0,540.636218,0.5364
2026-03-24T00:36:43.046091,0,0,540.636218,0.5439999999999999
2026-03-24T00:36:44.052065,0,0,539.754192,0.5136
2026-03-24T00:36:45.059023,0,0,541.518244,0.5136
2026-03-24T00:36:46.065999,0,0,541.518244,0.5136
2026-03-24T00:36:47.072974,0,0,541.518244,0.4756
2026-03-24T00:36:48.079019,0,0,541.518244,0.468
2026-03-24T00:36:49.085927,0,0,541.518244,0.5136
2026-03-24T00:36:50.091902,0,0,542.40027,0.506
2026-03-24T00:36:51.098867,0,0,541.518244,0.506
2026-03-24T00:36:52.105848,0,0,541.518244,0.5364
2026-03-24T00:36:53.111831,0,0,541.518244,0.468
2026-03-24T00:36:54.119805,0,0,541.518244,0.506
2026-03-24T00:36:55.125771,0,0,541.518244,0.5212
2026-03-24T00:36:56.132744,0,0,541.518244,0.4908
2026-03-24T00:36:57.138696,0,0,541.518244,0.5896
2026-03-24T00:36:58.145724,0,0,540.636218,0.506
2026-03-24T00:36:59.152690,0,0,541.518244,0.4832
2026-03-24T00:37:09.701073,0,0,540.636218,0.506
2026-03-24T00:37:12.183514,0,0,541.518244,0.506
2026-03-24T00:37:13.190283,0,0,541.518244,0.5136
2026-03-24T00:37:14.196279,0,0,541.518244,0.4908
2026-03-24T00:37:15.203316,0,0,540.636218,0.5212
2026-03-24T00:37:16.209237,0,0,539.754192,0.5668
2026-03-24T00:37:17.217179,0,0,541.518244,0.4908
2026-03-24T00:37:18.223190,0,0,541.518244,0.5136
2026-03-24T00:37:19.230114,0,0,541.518244,0.5287999999999999
2026-03-24T00:37:20.237128,0,0,540.636218,0.5136
2026-03-24T00:37:21.243073,0,0,541.518244,0.5212
2026-03-24T00:37:22.250082,0,0,541.518244,0.5136
2026-03-24T00:37:23.256056,0,0,541.518244,0.4908
2026-03-24T00:37:24.263032,0,0,539.754192,0.4908
2026-03-24T00:37:25.269956,0,0,541.518244,0.5516
2026-03-24T00:37:26.276966,0,0,541.518244,0.4832
2026-03-24T00:37:27.282925,0,0,540.636218,0.4984
2026-03-24T00:37:28.289926,0,0,541.518244,0.5439999999999999
2026-03-24T00:37:29.296891,0,0,540.636218,0.4832
2026-03-24T00:37:30.302868,0,0,541.518244,0.4984
2026-03-24T00:37:31.309802,0,0,541.518244,0.5212
2026-03-24T00:37:32.315783,0,0,541.518244,0.4756
2026-03-24T00:37:33.323818,0,0,541.518244,0.5136
2026-03-24T00:37:34.328704,0,0,541.518244,0.5668
2026-03-24T00:37:35.336698,0,0,539.754192,0.5364
2026-03-24T00:37:36.343731,0,0,541.518244,0.5136
2026-03-24T00:37:37.349628,0,0,541.518244,0.5364
2026-03-24T00:37:38.356618,0,0,541.518244,0.4908
2026-03-24T00:37:39.362579,0,0,541.518244,0.4756
2026-03-24T00:37:40.370568,0,0,541.518244,0.5439999999999999
2026-03-24T00:37:41.376505,0,0,541.518244,0.506
2026-03-24T00:37:42.383630,0,0,540.636218,0.4908
2026-03-24T00:37:43.389477,0,0,541.518244,0.5743999999999999
2026-03-24T00:37:44.396463,0,0,541.518244,0.5212
2026-03-24T00:37:45.403566,0,0,541.518244,0.468
2026-03-24T00:37:46.409445,0,0,541.518244,0.5516
2026-03-24T00:37:47.416410,0,0,541.518244,0.4832
2026-03-24T00:37:48.423489,0,0,541.518244,0.4832
2026-03-24T00:37:49.430372,0,0,541.518244,0.5287999999999999
2026-03-24T00:37:50.436329,0,0,541.518244,0.4832
2026-03-24T00:37:51.442260,0,0,540.636218,0.4756
2026-03-24T00:37:52.450243,0,0,541.518244,0.5516
2026-03-24T00:37:53.456252,0,0,539.754192,0.4984
2026-03-24T00:37:54.463193,0,0,541.518244,0.4908
2026-03-24T00:37:55.469206,0,0,539.754192,0.5287999999999999
2026-03-24T00:37:56.477169,0,0,540.636218,0.506
2026-03-24T00:37:57.483111,0,0,541.518244,0.4908
2026-03-24T00:37:58.490079,0,0,541.518244,0.5439999999999999
2026-03-24T00:37:59.496067,0,0,541.518244,0.5439999999999999
2026-03-24T00:38:00.503039,0,0,541.518244,0.4832
2026-03-24T00:38:01.510006,0,0,541.518244,0.5136
2026-03-24T00:38:02.516017,0,0,541.518244,0.4832
2026-03-24T00:38:03.522945,0,0,541.518244,0.506
2026-03-24T00:38:04.529982,0,0,541.518244,0.5591999999999999
2026-03-24T00:38:16.060366,0,0,542.40027,0.4756
2026-03-24T00:38:18.542610,0,0,543.282296,0.506
2026-03-24T00:38:19.549591,0,0,540.636218,0.5668
2026-03-24T00:38:20.555621,0,0,539.754192,0.5212
2026-03-24T00:38:21.562555,0,0,541.518244,0.4832
2026-03-24T00:38:22.568521,0,0,541.518244,0.4908
2026-03-24T00:38:23.576477,0,0,541.518244,0.4984
2026-03-24T00:38:24.582462,0,0,541.518244,0.46040000000000003
2026-03-24T00:38:25.589425,0,0,540.636218,0.5364
2026-03-24T00:38:26.596392,0,0,542.40027,0.5212
2026-03-24T00:38:27.602385,0,0,541.518244,0.4908
2026-03-24T00:38:28.609346,0,0,541.518244,0.5364
2026-03-24T00:38:29.615359,0,0,541.518244,0.4984
2026-03-24T00:38:30.622262,0,0,542.40027,0.4908
2026-03-24T00:38:31.629262,0,0,541.518244,0.5743999999999999
2026-03-24T00:38:32.636203,0,0,541.518244,0.4984
2026-03-24T00:38:33.642227,0,0,541.518244,0.4908
2026-03-24T00:38:34.649198,0,0,541.518244,0.4984
2026-03-24T00:38:35.656174,0,0,541.518244,0.4984
2026-03-24T00:38:36.662138,0,0,541.518244,0.5136
2026-03-24T00:38:37.669090,0,0,540.636218,0.5591999999999999
2026-03-24T00:38:38.675116,0,0,541.518244,0.5364
2026-03-24T00:38:39.683048,0,0,541.518244,0.4756
2026-03-24T00:38:40.689037,0,0,541.518244,0.5287999999999999
2026-03-24T00:38:41.696005,0,0,541.518244,0.5287999999999999
2026-03-24T00:38:42.702983,0,0,541.518244,0.4908
2026-03-24T00:38:43.708909,0,0,541.518244,0.5516
2026-03-24T00:38:44.715954,0,0,541.518244,0.5439999999999999
2026-03-24T00:38:45.721901,0,0,541.518244,0.4832
2026-03-24T00:38:46.728837,0,0,542.40027,0.506
2026-03-24T00:38:47.735878,0,0,540.636218,0.5136
2026-03-24T00:38:48.742848,0,0,541.518244,0.5212
2026-03-24T00:38:49.748779,0,0,541.518244,0.5212
2026-03-24T00:38:50.755789,0,0,541.518244,0.506
2026-03-24T00:38:51.762734,0,0,542.40027,0.4832
2026-03-24T00:38:52.768645,0,0,541.518244,0.5287999999999999
2026-03-24T00:38:53.775704,0,0,542.40027,0.5212
2026-03-24T00:38:54.782607,0,0,541.518244,0
2026-03-24T00:38:55.789595,0,0,540.636218,0.5439999999999999
2026-03-24T00:38:56.795707,0,0,540.636218,0.5364
2026-03-24T00:38:57.802570,0,0,541.518244,0.4832
2026-03-24T00:38:58.809548,0,0,540.636218,0.5287999999999999
2026-03-24T00:38:59.815624,0,0,541.518244,0.506
2026-03-24T00:39:00.822462,0,0,541.518244,0
2026-03-24T00:39:01.828537,0,0,541.518244,0.506
2026-03-24T00:39:02.836375,0,0,541.518244,0.5516
2026-03-24T00:39:03.842368,0,0,540.636218,0.506
2026-03-24T00:39:04.849330,0,0,541.518244,0.4908
2026-03-24T00:39:05.855451,0,0,540.636218,0.5364
2026-03-24T00:39:06.862324,0,0,541.518244,0.5287999999999999
2026-03-24T00:39:07.869318,0,0,540.636218,0.5439999999999999
2026-03-24T00:39:08.875396,0,0,542.40027,0.5364
2026-03-24T00:39:09.882326,0,0,541.518244,0.4908
2026-03-24T00:39:10.889307,0,0,539.754192,0.4832
2026-03-24T00:39:11.896275,0,0,541.518244,0.5287999999999999
2026-03-24T00:39:23.038622,0,0,541.518244,0.5136
2026-03-24T00:39:25.521148,0,0,541.518244,0.506
2026-03-24T00:39:26.528123,0,0,541.518244,0.4984
2026-03-24T00:39:27.534086,0,0,538.872166,0.506
2026-03-24T00:39:28.541091,0,0,541.518244,0.4984
2026-03-24T00:39:29.548097,0,0,540.636218,0.5287999999999999
2026-03-24T00:39:30.555086,0,0,542.40027,0.5212
2026-03-24T00:39:31.561117,0,0,541.518244,0.46040000000000003
2026-03-24T00:39:32.568081,0,0,541.518244,0.5136
2026-03-24T00:39:33.575043,0,0,540.636218,0.5364
2026-03-24T00:39:34.581070,0,0,541.518244,0.4756
2026-03-24T00:39:35.588062,0,0,541.518244,0.5364
2026-03-24T00:39:36.594019,0,0,542.40027,0.5668
2026-03-24T00:39:37.602002,0,0,540.636218,0.4908
2026-03-24T00:39:38.607988,0,0,541.518244,0.4756
2026-03-24T00:39:39.615030,0,0,541.518244,0.506
2026-03-24T00:39:40.620974,0,0,541.518244,0.4908
2026-03-24T00:39:41.627963,0,0,541.518244,0.4908
2026-03-24T00:39:42.634947,0,0,541.518244,0.5212
2026-03-24T00:39:43.640938,0,0,541.518244,0.4756
2026-03-24T00:39:44.647886,0,0,541.518244,0.4984
2026-03-24T00:39:45.654892,0,0,543.282296,0.5364
2026-03-24T00:39:46.661905,0,0,541.518244,0.506
2026-03-24T00:39:47.667870,0,0,537.99014,0.468
2026-03-24T00:39:48.674849,0,0,541.518244,0.4908
2026-03-24T00:39:49.681858,0,0,541.518244,0.5287999999999999
2026-03-24T00:39:50.687856,0,0,541.518244,0.4908
2026-03-24T00:39:51.694824,0,0,541.518244,0.5287999999999999
2026-03-24T00:39:52.700753,0,0,541.518244,0.5212
2026-03-24T00:39:53.706756,0,0,541.518244,0.4832
2026-03-24T00:39:54.714782,0,0,539.754192,0.5287999999999999
2026-03-24T00:39:55.721775,0,0,541.518244,0.4756
2026-03-24T00:39:56.727758,0,0,541.518244,0.506
2026-03-24T00:39:57.734746,0,0,541.518244,0.5287999999999999
2026-03-24T00:39:58.741729,0,0,541.518244,0.4984
2026-03-24T00:39:59.747756,0,0,541.518244,0.4908
2026-03-24T00:40:00.754695,0,0,544.164322,0.5136
2026-03-24T00:40:01.761678,0,0,541.518244,0.4984
2026-03-24T00:40:02.768676,0,0,541.518244,0.5212
2026-03-24T00:40:03.774627,0,0,544.164322,0.5439999999999999
2026-03-24T00:40:04.781596,0,0,541.518244,0.5136
2026-03-24T00:40:05.788611,0,0,541.518244,0.4908
2026-03-24T00:40:06.794623,0,0,541.518244,0.5212
2026-03-24T00:40:07.801585,0,0,541.518244,0.5212
2026-03-24T00:40:08.807624,0,0,541.518244,0.4756
2026-03-24T00:40:09.815608,0,0,541.518244,0.5212
2026-03-24T00:40:10.820523,0,0,541.518244,0.5516
2026-03-24T00:40:11.828564,0,0,541.518244,0.4756
2026-03-24T00:40:12.834515,0,0,541.518244,0.5591999999999999
2026-03-24T00:40:13.841507,0,0,540.636218,0.5439999999999999
2026-03-24T00:40:14.848454,0,0,541.518244,0.4756
2026-03-24T00:40:15.854448,0,0,541.518244,0.5287999999999999
2026-03-24T00:40:16.861435,0,0,541.518244,0.5287999999999999
2026-03-24T00:40:17.868401,0,0,541.518244,0.4908
2026-03-24T00:40:18.875523,0,0,541.518244,0.5287999999999999
2026-03-24T00:40:19.881411,0,0,540.636218,0.5364
2026-03-24T00:40:20.888372,0,0,541.518244,0.468
2026-03-24T00:40:21.895456,0,0,536.226088,0.5364
2026-03-24T00:40:22.901331,0,0,541.518244,0.5212
2026-03-24T00:40:23.908327,0,0,541.518244,0.4832
2026-03-24T00:40:24.915407,0,0,545.928374,0.5364
2026-03-24T00:40:25.922282,0,0,541.518244,0.5136
2026-03-24T00:40:26.928280,0,0,542.40027,0.46040000000000003
2026-03-24T00:40:27.934228,0,0,541.518244,0.5439999999999999
2026-03-24T00:40:28.941312,0,0,540.636218,0.5439999999999999
2026-03-24T00:40:29.948290,0,0,541.518244,0.4832
2026-03-24T00:40:30.955330,0,0,541.518244,0.5136
2026-03-24T00:40:31.961210,0,0,541.518244,0.4984
2026-03-24T00:40:32.969204,0,0,540.636218,0.4832
2026-03-24T00:40:33.975196,0,0,541.518244,0.5212
2026-03-24T00:40:34.982192,0,0,541.518244,0.5439999999999999
2026-03-24T00:40:35.988192,0,0,541.518244,0.4984
2026-03-24T00:40:36.995163,0,0,540.636218,0.5364
2026-03-24T00:40:38.002158,0,0,539.754192,0.5212
2026-03-24T00:40:39.008172,0,0,540.636218,0.468
2026-03-24T00:40:40.015130,0,0,542.40027,0.4984
2026-03-24T00:40:41.022092,0,0,541.518244,0.582
2026-03-24T00:40:42.029097,0,0,541.518244,0.4832
2026-03-24T00:40:43.035074,0,0,541.518244,0.506
2026-03-24T00:40:44.042058,0,0,542.40027,0.5212
2026-03-24T00:40:45.048023,0,0,540.636218,0.5212
2026-03-24T00:40:46.054995,0,0,537.99014,0.5136
2026-03-24T00:40:47.062029,0,0,541.518244,0.5287999999999999
2026-03-24T00:40:48.067909,0,0,540.636218,0.506
2026-03-24T00:40:49.075950,0,0,537.108114,0.5136
2026-03-24T00:40:50.081976,0,0,542.40027,0.5364
2026-03-24T00:40:51.088946,0,0,541.518244,0.4908
2026-03-24T00:40:52.094906,0,0,545.046348,0.5136
2026-03-24T00:40:53.101931,0,0,541.518244,0.5212
2026-03-24T00:40:54.107919,0,0,542.40027,0.4832
2026-03-24T00:40:55.114882,0,0,541.518244,0.5136
2026-03-24T00:40:56.121874,0,0,541.518244,0.5136
2026-03-24T00:40:57.128866,0,0,541.518244,0.4908
2026-03-24T00:40:58.135830,0,0,541.518244,0.506
2026-03-24T00:40:59.141826,0,0,541.518244,0.5136
2026-03-24T00:41:00.148843,0,0,541.518244,0.46040000000000003
2026-03-24T00:41:01.154802,0,0,541.518244,0.506
2026-03-24T00:41:02.161760,0,0,541.518244,0.5591999999999999
2026-03-24T00:41:03.168721,0,0,541.518244,0.5287999999999999
2026-03-24T00:41:04.174705,0,0,541.518244,0.5364
2026-03-24T00:41:05.182721,0,0,541.518244,0.5136
2026-03-24T00:41:06.188725,0,0,541.518244,0.4756
2026-03-24T00:41:07.195750,0,0,541.518244,0.506
2026-03-24T00:41:08.201692,0,0,540.636218,0.5591999999999999
2026-03-24T00:41:09.208663,0,0,541.518244,0.4832
2026-03-24T00:41:10.215717,0,0,541.518244,0.468
2026-03-24T00:41:11.221635,0,0,541.518244,0.5287999999999999
2026-03-24T00:41:12.229643,0,0,540.636218,0.5136
2026-03-24T00:41:13.235678,0,0,541.518244,0.5136
2026-03-24T00:41:14.242585,0,0,541.518244,0.5212
2026-03-24T00:41:15.248541,0,0,541.518244,0.5439999999999999
2026-03-24T00:41:16.255626,0,0,540.636218,0
2026-03-24T00:41:17.261528,0,0,541.518244,0.5287999999999999
2026-03-24T00:41:18.268554,0,0,539.754192,0.5287999999999999
2026-03-24T00:41:19.275540,0,0,539.754192,0.4832
2026-03-24T00:41:20.282461,0,0,542.40027,0.5364
2026-03-24T00:41:21.289452,0,0,541.518244,0.5287999999999999
2026-03-24T00:41:22.295533,0,0,538.872166,0.4756
2026-03-24T00:41:23.302406,0,0,541.518244,0.5212
2026-03-24T00:41:24.308391,0,0,535.344062,0.506
2026-03-24T00:41:25.315435,0,0,541.518244,0.4908
2026-03-24T00:41:26.322363,0,0,543.282296,0.506
2026-03-24T00:41:37.948685,0,0,540.636218,0.4756
2026-03-24T00:41:40.431137,0,0,541.518244,0.4984
2026-03-24T00:41:41.438088,0,0,540.636218,0.4908
2026-03-24T00:41:42.444090,0,0,541.518244,0.5136
2026-03-24T00:41:43.451082,0,0,541.518244,0.4908
2026-03-24T00:41:44.457054,0,0,541.518244,0.4908
2026-03-24T00:41:45.465021,0,0,541.518244,0.5136
2026-03-24T00:41:46.471039,0,0,541.518244,0.4984
2026-03-24T00:41:47.477985,0,0,540.636218,0.4832
2026-03-24T00:41:48.485006,0,0,540.636218,0.4984
2026-03-24T00:41:49.490982,0,0,542.40027,0.4908
2026-03-24T00:41:50.497951,0,0,540.636218,0.4756
2026-03-24T00:41:51.503835,0,0,541.518244,0.4984
2026-03-24T00:41:52.510926,0,0,541.518244,0.468
2026-03-24T00:41:53.517880,0,0,540.636218,0.5136
2026-03-24T00:41:54.524898,0,0,541.518244,0.5212
2026-03-24T00:41:55.530875,0,0,541.518244,0.4908
2026-03-24T00:41:56.537810,0,0,541.518244,0.506
2026-03-24T00:41:57.543810,0,0,539.754192,0.5516
2026-03-24T00:41:58.550806,0,0,540.636218,0.46040000000000003
2026-03-24T00:41:59.557766,0,0,541.518244,0.506
2026-03-24T00:42:00.564808,0,0,542.40027,0.5439999999999999
2026-03-24T00:42:01.571791,0,0,541.518244,0.506
2026-03-24T00:42:02.577738,0,0,541.518244,0.4984
2026-03-24T00:42:03.584653,0,0,541.518244,0.5212
2026-03-24T00:42:04.591752,0,0,541.518244,0.468
2026-03-24T00:42:05.597707,0,0,541.518244,0.4984
2026-03-24T00:42:06.604691,0,0,540.636218,0.5364
2026-03-24T00:42:07.610654,0,0,541.518244,0.4908
2026-03-24T00:42:08.618636,0,0,541.518244,0.4984
2026-03-24T00:42:09.624634,0,0,541.518244,0.5516
2026-03-24T00:42:10.631673,0,0,541.518244,0.4984
2026-03-24T00:42:11.637587,0,0,541.518244,0.46040000000000003
2026-03-24T00:42:12.644562,0,0,542.40027,0.5287999999999999
2026-03-24T00:42:13.651617,0,0,541.518244,0.506
2026-03-24T00:42:14.657512,0,0,541.518244,0.4908
2026-03-24T00:42:15.664519,0,0,541.518244,0.5212
2026-03-24T00:42:16.671583,0,0,541.518244,0.5136
2026-03-24T00:42:17.678494,0,0,541.518244,0.506
2026-03-24T00:42:18.684477,0,0,541.518244,0.4984
2026-03-24T00:42:19.691544,0,0,541.518244,0.4984
2026-03-24T00:42:20.698423,0,0,541.518244,0.506
2026-03-24T00:42:21.704431,0,0,541.518244,0.5364
2026-03-24T00:42:22.711489,0,0,540.636218,0.506
2026-03-24T00:42:23.717367,0,0,541.518244,0.4832
2026-03-24T00:42:24.725350,0,0,541.518244,0.5516
2026-03-24T00:42:25.731454,0,0,541.518244,0.4832
2026-03-24T00:42:26.738301,0,0,540.636218,0.4984
2026-03-24T00:42:27.744295,0,0,542.40027,0.5668
2026-03-24T00:42:28.751339,0,0,541.518244,0.4984
2026-03-24T00:42:29.758255,0,0,540.636218,0.5212
2026-03-24T00:42:30.764251,0,0,541.518244,0.5743999999999999
2026-03-24T00:42:31.771338,0,0,541.518244,0.506
2026-03-24T00:42:32.778188,0,0,541.518244,0
2026-03-24T00:42:33.785200,0,0,541.518244,0.5516
2026-03-24T00:42:34.791187,0,0,541.518244,0.506
2026-03-24T00:42:35.798175,0,0,541.518244,0.4756
2026-03-24T00:42:36.805159,0,0,539.754192,0.506
2026-03-24T00:42:37.811147,0,0,540.636218,0.506
2026-03-24T00:42:38.818071,0,0,541.518244,0.4908
2026-03-24T00:42:39.824096,0,0,541.518244,0.5136
2026-03-24T00:42:40.832087,0,0,541.518244,0.5212
2026-03-24T00:42:41.838007,0,0,540.636218,0
2026-03-24T00:42:42.843996,0,0,540.636218,0.5516
2026-03-24T00:42:43.851032,0,0,540.636218,0.5364
2026-03-24T00:42:44.858009,0,0,541.518244,0.46040000000000003
2026-03-24T00:42:45.864996,0,0,541.518244,0.4908
2026-03-24T00:42:46.870965,0,0,541.518244,0.5212
2026-03-24T00:42:47.878962,0,0,540.636218,0.4984
2026-03-24T00:42:48.884956,0,0,541.518244,0.506
2026-03-24T00:42:49.891922,0,0,544.164322,0.5287999999999999
2026-03-24T00:42:50.897907,0,0,540.636218,0.468
2026-03-24T00:42:51.904896,0,0,541.518244,0.506
2026-03-24T00:42:52.911861,0,0,541.518244,0.506
2026-03-24T00:42:53.917864,0,0,541.518244,0.46040000000000003
2026-03-24T00:42:54.924847,0,0,540.636218,0.506
2026-03-24T00:42:55.931824,0,0,541.518244,0.5591999999999999
2026-03-24T00:42:56.938816,0,0,540.636218,0.46040000000000003
2026-03-24T00:42:57.944795,0,0,540.636218,0.4984
2026-03-24T00:42:58.951781,0,0,541.518244,0.4984
2026-03-24T00:42:59.957717,0,0,539.754192,0.4756
2026-03-24T00:43:00.964719,0,0,541.518244,0.4984
2026-03-24T00:43:01.971730,0,0,539.754192,0.5591999999999999
2026-03-24T00:43:02.977668,0,0,541.518244,0.4984
2026-03-24T00:43:03.985679,0,0,540.636218,0.5439999999999999
2026-03-24T00:43:04.991711,0,0,540.636218,0.5364
2026-03-24T00:43:05.998606,0,0,541.518244,0.468
2026-03-24T00:43:07.004594,0,0,541.518244,0.4832
2026-03-24T00:43:08.011651,0,0,540.636218,0.5668
2026-03-24T00:43:09.018533,0,0,541.518244,0
2026-03-24T00:43:10.024538,0,0,541.518244,0.5136
2026-03-24T00:43:11.031586,0,0,542.40027,0.5212
2026-03-24T00:43:12.038495,0,0,541.518244,0.4984
2026-03-24T00:43:13.045479,0,0,540.636218,0.5136
2026-03-24T00:43:14.051557,0,0,541.518244,0.4908
2026-03-24T00:43:15.058442,0,0,541.518244,0.506
2026-03-24T00:43:16.064417,0,0,541.518244,0.5287999999999999
2026-03-24T00:43:17.071457,0,0,541.518244,0.5212
2026-03-24T00:43:18.078395,0,0,541.518244,0.4984
2026-03-24T00:43:19.084395,0,0,541.518244,0.4832
2026-03-24T00:43:20.092351,0,0,541.518244,0.4832
2026-03-24T00:43:21.098361,0,0,541.518244,0.5136
2026-03-24T00:43:22.105355,0,0,540.636218,0.46040000000000003
2026-03-24T00:43:23.111400,0,0,541.518244,0.5136
2026-03-24T00:43:24.118322,0,0,541.518244,0.5136
2026-03-24T00:43:25.125290,0,0,541.518244,0.5136
2026-03-24T00:43:26.131334,0,0,541.518244,0.4984
2026-03-24T00:43:27.139342,0,0,541.518244,0.5364
2026-03-24T00:43:28.145207,0,0,540.636218,0.4908
2026-03-24T00:43:29.152184,0,0,541.518244,0.5212
2026-03-24T00:43:30.158159,0,0,541.518244,0.4908
2026-03-24T00:43:31.165184,0,0,540.636218,0.4984
2026-03-24T00:43:32.171133,0,0,542.40027,0.5287999999999999
2026-03-24T00:43:33.178080,0,0,540.636218,0.4908
2026-03-24T00:43:34.185117,0,0,541.518244,0.468
2026-03-24T00:43:35.192108,0,0,541.518244,0.5364
2026-03-24T00:43:36.199080,0,0,541.518244,0.468
2026-03-24T00:43:37.205116,0,0,541.518244,0.4908
2026-03-24T00:43:38.212042,0,0,539.754192,0.5364
2026-03-24T00:43:39.218042,0,0,541.518244,0.5591999999999999
2026-03-24T00:43:40.225067,0,0,541.518244,0.46040000000000003
2026-03-24T00:43:41.232019,0,0,541.518244,0.5364
2026-03-24T00:43:52.540288,0,0,541.518244,0.5136
2026-03-24T00:43:55.022713,0,0,541.518244,0.5439999999999999
2026-03-24T00:43:56.029670,0,0,542.40027,0.506
2026-03-24T00:43:57.035699,0,0,541.518244,0.4984
2026-03-24T00:43:58.042634,0,0,540.636218,0.5287999999999999
2026-03-24T00:43:59.048594,0,0,541.518244,0.5136
2026-03-24T00:44:00.056572,0,0,541.518244,0.4908
2026-03-24T00:44:01.062610,0,0,541.518244,0.5287999999999999
2026-03-24T00:44:02.069573,0,0,541.518244,0.5136
2026-03-24T00:44:03.076589,0,0,541.518244,0.5287999999999999
2026-03-24T00:44:04.082585,0,0,541.518244,0.5287999999999999
2026-03-24T00:44:05.089512,0,0,541.518244,0.5136
2026-03-24T00:44:06.095554,0,0,541.518244,0.4908
2026-03-24T00:44:07.102452,0,0,541.518244,0.5136
2026-03-24T00:44:08.109438,0,0,541.518244,0.4908
2026-03-24T00:44:09.116446,0,0,541.518244,0.5136
2026-03-24T00:44:10.122390,0,0,541.518244,0.5668
2026-03-24T00:44:11.129368,0,0,540.636218,0.4908
2026-03-24T00:44:12.136408,0,0,541.518244,0.5136
2026-03-24T00:44:13.142349,0,0,541.518244,0.506
2026-03-24T00:44:14.149340,0,0,541.518244,0.5136
2026-03-24T00:44:25.278560,0,0,540.636218,0.5136
2026-03-24T00:44:27.761070,0,0,541.518244,0.4984
2026-03-24T00:44:28.768050,0,0,542.40027,0.506
2026-03-24T00:44:29.774006,0,0,541.518244,0.506
2026-03-24T00:44:30.781009,0,0,540.636218,0.4908
2026-03-24T00:44:31.786949,0,0,541.518244,0.4984
2026-03-24T00:44:32.794921,0,0,541.518244,0.506
2026-03-24T00:44:33.800965,0,0,541.518244,0.46040000000000003
2026-03-24T00:44:34.808049,0,0,541.518244,0.5212
2026-03-24T00:44:35.814996,0,0,541.518244,0.5287999999999999
2026-03-24T00:44:36.820927,0,0,540.636218,0.5136
2026-03-24T00:44:37.827921,0,0,541.518244,0.5287999999999999
2026-03-24T00:44:38.833883,0,0,541.518244,0.506
2026-03-24T00:44:39.839914,0,0,541.518244,0.4908
2026-03-24T00:44:40.847865,0,0,541.518244,0.5136
2026-03-24T00:44:41.854802,0,0,540.636218,0.5136
2026-03-24T00:44:42.860816,0,0,541.518244,0.5212
2026-03-24T00:44:43.866785,0,0,541.518244,0.5287999999999999
2026-03-24T00:44:44.874749,0,0,542.40027,0.5287999999999999
2026-03-24T00:44:45.880761,0,0,541.518244,0.4832
2026-03-24T00:44:46.887794,0,0,541.518244,0.5287999999999999
2026-03-24T00:44:47.893705,0,0,540.636218,0.5364
2026-03-24T00:44:48.901732,0,0,542.40027,0
2026-03-24T00:44:49.907742,0,0,540.636218,0.5136
2026-03-24T00:44:50.914655,0,0,542.40027,0.5287999999999999
2026-03-24T00:44:51.921657,0,0,541.518244,0.4832
2026-03-24T00:44:52.927723,0,0,541.518244,0.5439999999999999
2026-03-24T00:44:53.934651,0,0,541.518244,0.5439999999999999
2026-03-24T00:44:54.940577,0,0,541.518244,0
2026-03-24T00:44:55.947680,0,0,541.518244,0.5364
2026-03-24T00:44:56.954578,0,0,541.518244,0.5287999999999999
2026-03-24T00:44:57.961529,0,0,541.518244,0.468
2026-03-24T00:44:58.967610,0,0,541.518244,0.5212
2026-03-24T00:44:59.974473,0,0,541.518244,0.5136
2026-03-24T00:45:00.981413,0,0,542.40027,0
2026-03-24T00:45:01.987501,0,0,540.636218,0.5136
2026-03-24T00:45:02.994372,0,0,540.636218,0.4984
2026-03-24T00:45:04.000336,0,0,541.518244,0.4756
2026-03-24T00:45:05.008365,0,0,541.518244,0.4832
2026-03-24T00:45:06.014329,0,0,541.518244,0.506
2026-03-24T00:45:07.021338,0,0,541.518244,0.46040000000000003
2026-03-24T00:45:08.028307,0,0,538.872166,0.5136
2026-03-24T00:45:09.034291,0,0,541.518244,0.5212
2026-03-24T00:45:10.041269,0,0,541.518244,0.46040000000000003
2026-03-24T00:45:11.047194,0,0,541.518244,0.5364
2026-03-24T00:45:12.055191,0,0,541.518244,0.46040000000000003
2026-03-24T00:45:13.061161,0,0,541.518244,0.46040000000000003
2026-03-24T00:45:14.068146,0,0,541.518244,0.5287999999999999
2026-03-24T00:45:15.074116,0,0,541.518244,0.5212
2026-03-24T00:45:16.081091,0,0,541.518244,0.468
2026-03-24T00:45:17.088094,0,0,540.636218,0.5364
2026-03-24T00:45:18.093058,0,0,540.636218,0.5591999999999999
2026-03-24T00:45:19.101047,0,0,541.518244,0.4756
2026-03-24T00:45:20.107997,0,0,541.518244,0.5516
2026-03-24T00:45:21.115013,0,0,541.518244,0.5591999999999999
2026-03-24T00:45:22.120967,0,0,541.518244,0.5136
2026-03-24T00:45:23.127963,0,0,541.518244,0.4984
2026-03-24T00:45:24.134962,0,0,536.226088,0.5136
2026-03-24T00:45:25.140924,0,0,541.518244,0.4832
2026-03-24T00:45:26.147898,0,0,540.636218,0.506
2026-03-24T00:45:27.153887,0,0,540.636218,0.4984
2026-03-24T00:45:28.161899,0,0,541.518244,0.5212
2026-03-24T00:45:29.167865,0,0,539.754192,0.5287999999999999
2026-03-24T00:45:30.174815,0,0,542.40027,0.5212
2026-03-24T00:45:31.180790,0,0,541.518244,0.506
2026-03-24T00:45:32.187827,0,0,541.518244,0.4984
2026-03-24T00:45:33.194742,0,0,541.518244,0.5516
2026-03-24T00:45:34.200728,0,0,541.518244,0.5212
2026-03-24T00:45:35.207725,0,0,541.518244,0.506
2026-03-24T00:45:36.214693,0,0,541.518244,0.5364
2026-03-24T00:45:37.220709,0,0,541.518244,0.5364
2026-03-24T00:45:38.227710,0,0,540.636218,0.4756
2026-03-24T00:45:39.234636,0,0,541.518244,0.5212
2026-03-24T00:45:40.241618,0,0,540.636218,0.468
2026-03-24T00:45:41.247671,0,0,541.518244,0.4756
2026-03-24T00:45:42.254583,0,0,542.40027,0.5287999999999999
2026-03-24T00:45:43.260550,0,0,540.636218,0.506
2026-03-24T00:45:44.268523,0,0,541.518244,0.506
2026-03-24T00:45:45.274527,0,0,541.518244,0.5743999999999999
2026-03-24T00:45:46.281490,0,0,539.754192,0.5212
2026-03-24T00:45:47.287568,0,0,541.518244,0.4908
2026-03-24T00:45:48.294458,0,0,541.518244,0.5287999999999999
2026-03-24T00:45:49.301423,0,0,541.518244,0.4908
2026-03-24T00:45:50.307649,0,0,541.518244,0.4832
2026-03-24T00:45:51.314389,0,0,541.518244,0.5364
2026-03-24T00:45:52.320347,0,0,541.518244,0.4984
2026-03-24T00:45:53.328336,0,0,541.518244,0.4832
2026-03-24T00:45:54.334317,0,0,541.518244,0.5212
2026-03-24T00:45:55.341274,0,0,541.518244,0.4832
2026-03-24T00:45:56.348272,0,0,541.518244,0.506
2026-03-24T00:46:07.302499,0,0,540.636218,0.5364
2026-03-24T00:46:09.785024,0,0,540.636218,0.5136
2026-03-24T00:46:10.791974,0,0,541.518244,0.468
2026-03-24T00:46:11.797975,0,0,541.518244,0.506
2026-03-24T00:46:12.804964,0,0,541.518244,0.506
2026-03-24T00:46:13.810925,0,0,540.636218,0
2026-03-24T00:46:14.818908,0,0,541.518244,0.5364
2026-03-24T00:46:15.824883,0,0,542.40027,0.5212
2026-03-24T00:46:16.831920,0,0,541.518244,0.4756
2026-03-24T00:46:17.838848,0,0,541.518244,0.5591999999999999
2026-03-24T00:46:18.844819,0,0,541.518244,0.4832
2026-03-24T00:46:19.851801,0,0,540.636218,0.4756
2026-03-24T00:46:20.857779,0,0,541.518244,0.5212
2026-03-24T00:46:21.864759,0,0,541.518244,0.506
2026-03-24T00:46:22.871785,0,0,541.518244,0.4756
2026-03-24T00:46:23.878716,0,0,541.518244,0.5364
2026-03-24T00:46:24.884693,0,0,540.636218,0.5136
2026-03-24T00:46:25.891730,0,0,541.518244,0.468
2026-03-24T00:46:26.898657,0,0,541.518244,0.5439999999999999
2026-03-24T00:46:27.904625,0,0,541.518244,0.4984
2026-03-24T00:46:28.911672,0,0,541.518244,0.46040000000000003
2026-03-24T00:46:29.917624,0,0,540.636218,0.5287999999999999
2026-03-24T00:46:30.925590,0,0,541.518244,0.506
2026-03-24T00:46:31.931580,0,0,541.518244,0.4756
2026-03-24T00:46:32.938510,0,0,541.518244,0.5287999999999999
2026-03-24T00:46:33.945485,0,0,539.754192,0.506
2026-03-24T00:46:34.951503,0,0,540.636218,0.4756
2026-03-24T00:46:35.958433,0,0,541.518244,0.5212
2026-03-24T00:46:36.964413,0,0,541.518244,0.5516
2026-03-24T00:46:37.972388,0,0,541.518244,0.468
2026-03-24T00:46:38.978369,0,0,541.518244,0.4832
2026-03-24T00:46:39.985389,0,0,540.636218,0.5591999999999999
2026-03-24T00:46:40.991410,0,0,541.518244,0.4908
2026-03-24T00:46:41.998316,0,0,541.518244,0.5136
2026-03-24T00:46:43.005299,0,0,541.518244,0.4832
2026-03-24T00:46:44.011321,0,0,541.518244,0.4756
2026-03-24T00:46:45.018237,0,0,540.636218,0.506
2026-03-24T00:46:46.024217,0,0,540.636218,0.5364
2026-03-24T00:46:47.032194,0,0,541.518244,0.4908
2026-03-24T00:46:48.038184,0,0,542.40027,0.5287999999999999
2026-03-24T00:46:49.045168,0,0,540.636218,0.5212
2026-03-24T00:46:50.052136,0,0,539.754192,0.4832
2026-03-24T00:46:51.058110,0,0,542.40027,0.5516
2026-03-24T00:46:52.065082,0,0,541.518244,0.5212
2026-03-24T00:46:53.071091,0,0,541.518244,0.4832
2026-03-24T00:46:54.079037,0,0,540.636218,0.506
2026-03-24T00:46:55.085025,0,0,544.164322,0.4832
2026-03-24T00:46:56.091994,0,0,540.636218,0.4832
2026-03-24T00:46:57.097989,0,0,541.518244,0.5136
2026-03-24T00:46:58.104962,0,0,542.40027,0.4984
2026-03-24T00:46:59.111947,0,0,541.518244,0.4832
2026-03-24T00:47:00.117921,0,0,540.636218,0.5212
2026-03-24T00:47:01.124915,0,0,541.518244,0.4832
2026-03-24T00:47:02.131878,0,0,543.282296,0.4832
2026-03-24T00:47:03.138844,0,0,541.518244,0.5136
2026-03-24T00:47:04.144853,0,0,541.518244,0.5439999999999999
2026-03-24T00:47:05.151829,0,0,540.636218,0.4756
2026-03-24T00:47:06.158780,0,0,541.518244,0.5136
2026-03-24T00:47:07.164779,0,0,541.518244,0.5212
2026-03-24T00:47:08.171769,0,0,540.636218,0.468
2026-03-24T00:47:09.177729,0,0,540.636218,0.5136
2026-03-24T00:47:10.184703,0,0,540.636218,0.5516
2026-03-24T00:47:11.191759,0,0,541.518244,0.4756
2026-03-24T00:47:12.198722,0,0,541.518244,0.506
2026-03-24T00:47:13.204654,0,0,541.518244,0.5136
2026-03-24T00:47:14.211692,0,0,540.636218,0.4756
2026-03-24T00:47:15.218606,0,0,540.636218,0.506
2026-03-24T00:47:16.224590,0,0,541.518244,0.5287999999999999
2026-03-24T00:47:17.231635,0,0,541.518244,0.4832
2026-03-24T00:47:18.238533,0,0,541.518244,0.5136
2026-03-24T00:47:19.245508,0,0,540.636218,0.4984
2026-03-24T00:47:20.251561,0,0,541.518244,0.4984
2026-03-24T00:47:21.258471,0,0,541.518244,0.4908
2026-03-24T00:47:22.265429,0,0,541.518244,0.5364
2026-03-24T00:47:23.271505,0,0,541.518244,0.4908
2026-03-24T00:47:24.278398,0,0,540.636218,0.4984
2026-03-24T00:47:25.284388,0,0,540.636218,0.5287999999999999
2026-03-24T00:47:26.292359,0,0,542.40027,0.4908
2026-03-24T00:47:27.298324,0,0,540.636218,0.4984
2026-03-24T00:47:28.305314,0,0,541.518244,0.5896
2026-03-24T00:47:29.311390,0,0,541.518244,0.5136
2026-03-24T00:47:30.318294,0,0,541.518244,0.4984
2026-03-24T00:47:31.325256,0,0,541.518244,0.5136
2026-03-24T00:47:32.331342,0,0,541.518244,0.4984
2026-03-24T00:47:33.338219,0,0,541.518244,0.506
2026-03-24T00:47:34.345184,0,0,540.636218,0.5136
2026-03-24T00:47:35.352218,0,0,541.518244,0.5439999999999999
2026-03-24T00:47:36.358199,0,0,541.518244,0.4908
2026-03-24T00:47:47.339696,0,0,541.518244,0.5439999999999999
2026-03-24T00:47:49.821922,0,0,541.518244,0.506
2026-03-24T00:47:50.828888,0,0,541.518244,0
2026-03-24T00:47:51.834886,0,0,541.518244,0.5364
2026-03-24T00:47:52.840818,0,0,541.518244,0.4984
2026-03-24T00:47:53.847835,0,0,541.518244,0.46040000000000003
2026-03-24T00:47:54.855821,0,0,541.518244,0.5136
2026-03-24T00:47:55.861758,0,0,540.636218,0.4756
2026-03-24T00:47:56.868747,0,0,539.754192,0.468
2026-03-24T00:47:57.875796,0,0,541.518244,0.5136
2026-03-24T00:47:58.881729,0,0,541.518244,0.5287999999999999
2026-03-24T00:47:59.888703,0,0,541.518244,0.4756
2026-03-24T00:48:00.894688,0,0,541.518244,0.4908
2026-03-24T00:48:01.902655,0,0,540.636218,0.5591999999999999
2026-03-24T00:48:02.908595,0,0,542.40027,0.4756
2026-03-24T00:48:03.915686,0,0,541.518244,0.4984
2026-03-24T00:48:04.921563,0,0,541.518244,0.5516
2026-03-24T00:48:05.928535,0,0,540.636218,0
2026-03-24T00:48:06.935597,0,0,541.518244,0.5516
2026-03-24T00:48:07.941470,0,0,541.518244,0.4756
2026-03-24T00:48:08.948443,0,0,541.518244,0.4756
2026-03-24T00:48:09.955541,0,0,539.754192,0.5136
2026-03-24T00:48:10.962424,0,0,540.636218,0.506
2026-03-24T00:48:11.968399,0,0,541.518244,0.46040000000000003
2026-03-24T00:48:12.975453,0,0,543.282296,0.4908
2026-03-24T00:48:13.982333,0,0,541.518244,0.5516
2026-03-24T00:48:14.988345,0,0,541.518244,0.4908
2026-03-24T00:48:15.995364,0,0,541.518244,0.5212
2026-03-24T00:48:17.001283,0,0,541.518244,0.4984
2026-03-24T00:48:18.009271,0,0,541.518244,0
2026-03-24T00:48:19.015396,0,0,540.636218,0.4832
2026-03-24T00:48:20.022181,0,0,541.518244,0.4756
2026-03-24T00:48:21.028195,0,0,541.518244,0.46040000000000003
2026-03-24T00:48:22.035144,0,0,541.518244,0.5136
2026-03-24T00:48:23.042132,0,0,540.636218,0.4756
2026-03-24T00:48:24.048103,0,0,541.518244,0
2026-03-24T00:48:25.055077,0,0,540.636218,0.5364
2026-03-24T00:48:26.062067,0,0,539.754192,0.506
2026-03-24T00:48:27.068015,0,0,541.518244,0.4908
2026-03-24T00:48:28.075015,0,0,541.518244,0.5136
2026-03-24T00:48:29.082011,0,0,541.518244,0.5212
2026-03-24T00:48:30.088999,0,0,540.636218,0.4756
2026-03-24T00:48:31.094974,0,0,541.518244,0.506
2026-03-24T00:48:32.101923,0,0,541.518244,0.506
2026-03-24T00:48:33.107896,0,0,541.518244,0.4908
2026-03-24T00:48:34.115889,0,0,541.518244,0.4832
2026-03-24T00:48:35.121860,0,0,541.518244,0.5516
2026-03-24T00:48:36.128819,0,0,540.636218,0.5287999999999999
2026-03-24T00:48:37.134817,0,0,541.518244,0.5136
2026-03-24T00:48:38.141766,0,0,541.518244,0.5364
2026-03-24T00:48:39.148801,0,0,541.518244,0.5287999999999999
2026-03-24T00:48:40.154762,0,0,542.40027,0.468
2026-03-24T00:48:41.161732,0,0,541.518244,0.5287999999999999
2026-03-24T00:48:42.168713,0,0,540.636218,0.4832
2026-03-24T00:48:43.175759,0,0,541.518244,0.506
2026-03-24T00:48:44.181672,0,0,541.518244,0.5287999999999999
2026-03-24T00:48:45.188643,0,0,540.636218,0.506
2026-03-24T00:48:46.195675,0,0,541.518244,0.4832
2026-03-24T00:48:47.201588,0,0,541.518244,0.4984
2026-03-24T00:48:48.208575,0,0,541.518244,0.5136
2026-03-24T00:48:49.214550,0,0,541.518244,0.5136
2026-03-24T00:48:50.222540,0,0,541.518244,0.5287999999999999
2026-03-24T00:48:51.228517,0,0,541.518244,0.4908
2026-03-24T00:48:52.235572,0,0,540.636218,0.4756
2026-03-24T00:48:53.241474,0,0,541.518244,0.5364
2026-03-24T00:48:54.248444,0,0,541.518244,0.506
2026-03-24T00:48:55.255517,0,0,541.518244,0.4984
2026-03-24T00:48:56.261404,0,0,540.636218,0.5516
2026-03-24T00:48:57.268386,0,0,542.40027,0.506
2026-03-24T00:48:58.275437,0,0,541.518244,0.468
2026-03-24T00:48:59.282307,0,0,540.636218,0.5516
2026-03-24T00:49:00.288283,0,0,541.518244,0.5136
2026-03-24T00:49:01.295303,0,0,541.518244,0.4984
2026-03-24T00:49:02.302232,0,0,541.518244,0.5439999999999999
2026-03-24T00:49:03.308201,0,0,541.518244,0.5212
2026-03-24T00:49:04.315170,0,0,540.636218,0.4908
2026-03-24T00:49:05.321159,0,0,541.518244,0.5439999999999999
2026-03-24T00:49:06.329138,0,0,541.518244,0.506
2026-03-24T00:49:07.335077,0,0,541.518244,0.4908
2026-03-24T00:49:08.342092,0,0,541.518244,0.5439999999999999
2026-03-24T00:49:09.348058,0,0,541.518244,0.506
2026-03-24T00:49:10.355029,0,0,541.518244,0.4832
2026-03-24T00:49:11.362009,0,0,541.518244,0.5516
2026-03-24T00:49:12.367993,0,0,541.518244,0.506
2026-03-24T00:49:13.375960,0,0,541.518244,0.468
2026-03-24T00:49:14.381951,0,0,541.518244,0.5287999999999999
2026-03-24T00:49:15.388920,0,0,540.636218,0.5212
2026-03-24T00:49:16.394904,0,0,541.518244,0.46040000000000003
2026-03-24T00:49:17.401866,0,0,541.518244,0.5364
2026-03-24T00:49:18.408851,0,0,541.518244,0.5212
2026-03-24T00:49:19.414830,0,0,541.518244,0.4832
2026-03-24T00:49:20.421829,0,0,540.636218,0.5364
2026-03-24T00:49:21.427790,0,0,540.636218,0.5439999999999999
2026-03-24T00:49:22.435788,0,0,543.282296,0.46040000000000003
2026-03-24T00:49:23.441752,0,0,540.636218,0.5439999999999999
2026-03-24T00:49:24.448754,0,0,541.518244,0.506
2026-03-24T00:49:25.454688,0,0,541.518244,0.46040000000000003
2026-03-24T00:49:26.461695,0,0,540.636218,0.506
2026-03-24T00:49:27.468686,0,0,541.518244,0.5439999999999999
2026-03-24T00:49:28.474619,0,0,541.518244,0.4832
2026-03-24T00:49:29.482580,0,0,541.518244,0.4984
2026-03-24T00:49:30.488568,0,0,541.518244,0.5516
2026-03-24T00:49:31.495615,0,0,541.518244,0.4984
2026-03-24T00:49:32.501537,0,0,541.518244,0.5287999999999999
2026-03-24T00:49:33.508496,0,0,541.518244,0.5212
2026-03-24T00:49:34.515550,0,0,541.518244,0.4756
2026-03-24T00:49:35.521450,0,0,541.518244,0.4984
2026-03-24T00:49:36.528426,0,0,541.518244,0.5439999999999999
2026-03-24T00:49:37.535576,0,0,541.518244,0.4832
2026-03-24T00:49:38.542387,0,0,541.518244,0.4984
2026-03-24T00:49:39.548350,0,0,541.518244,0.5212
2026-03-24T00:49:40.555456,0,0,540.636218,0.4984
2026-03-24T00:49:41.561319,0,0,541.518244,0.5364
2026-03-24T00:49:42.568283,0,0,539.754192,0.5136
2026-03-24T00:49:43.575357,0,0,540.636218,0.4832
2026-03-24T00:49:44.581249,0,0,541.518244,0.4984
2026-03-24T00:49:45.589230,0,0,542.40027,0.5287999999999999
2026-03-24T00:49:46.595199,0,0,540.636218,0.4908
2026-03-24T00:49:47.602168,0,0,540.636218,0.5212
2026-03-24T00:49:48.608145,0,0,541.518244,0.5516
2026-03-24T00:49:49.615157,0,0,541.518244,0.5136
2026-03-24T00:49:50.622096,0,0,542.40027,0.4984
2026-03-24T00:49:51.628081,0,0,540.636218,0.5364
2026-03-24T00:49:52.635056,0,0,541.518244,0.468
2026-03-24T00:49:53.642064,0,0,542.40027,0.5136
2026-03-24T00:49:54.649011,0,0,542.40027,0.5364
2026-03-24T00:49:55.654965,0,0,541.518244,0.506
2026-03-24T00:49:56.661941,0,0,541.518244,0.5136
2026-03-24T00:49:57.667939,0,0,541.518244,0.5439999999999999
2026-03-24T00:49:58.674909,0,0,542.40027,0.4984
2026-03-24T00:49:59.681883,0,0,542.40027,0.5136
2026-03-24T00:50:00.687885,0,0,541.518244,0.5287999999999999
2026-03-24T00:50:01.695876,0,0,540.636218,0.4984
2026-03-24T00:50:02.701838,0,0,539.754192,0.506
2026-03-24T00:50:03.708834,0,0,542.40027,0.5439999999999999
2026-03-24T00:50:04.714804,0,0,541.518244,0.5212
2026-03-24T00:50:05.721778,0,0,541.518244,0.4984
2026-03-24T00:50:06.728744,0,0,541.518244,0.506
2026-03-24T00:50:07.734750,0,0,540.636218,0.5212
2026-03-24T00:50:08.741654,0,0,541.518244,0.4756
2026-03-24T00:50:09.748651,0,0,539.754192,0.4908
2026-03-24T00:50:10.755679,0,0,541.518244,0.5212
2026-03-24T00:50:11.761603,0,0,542.40027,0.506
2026-03-24T00:50:12.768579,0,0,541.518244,0.5516
2026-03-24T00:50:13.774559,0,0,541.518244,0.5212
2026-03-24T00:50:14.781575,0,0,541.518244,0.4908
2026-03-24T00:50:15.788516,0,0,541.518244,0.4984
2026-03-24T00:50:16.794487,0,0,540.636218,0.5212
2026-03-24T00:50:17.802508,0,0,542.40027,0.5212
2026-03-24T00:50:18.808435,0,0,540.636218,0.5439999999999999
2026-03-24T00:50:19.815530,0,0,541.518244,0.5212
2026-03-24T00:50:20.821370,0,0,541.518244,0.4908
2026-03-24T00:50:21.828370,0,0,541.518244,0.5516
2026-03-24T00:50:22.835449,0,0,541.518244,0.5287999999999999
2026-03-24T00:50:23.841303,0,0,541.518244,0.4832
2026-03-24T00:50:24.848296,0,0,540.636218,0.4908
2026-03-24T00:50:25.855444,0,0,541.518244,0.5287999999999999
2026-03-24T00:50:26.862227,0,0,541.518244,0.468
2026-03-24T00:50:27.868220,0,0,541.518244,0.5212
2026-03-24T00:50:28.875191,0,0,540.636218,0.4908
2026-03-24T00:50:29.881176,0,0,543.282296,0.468
2026-03-24T00:50:30.888156,0,0,541.518244,0.5439999999999999
2026-03-24T00:50:31.895125,0,0,541.518244,0.5212
2026-03-24T00:50:32.901110,0,0,537.108114,0.4908
2026-03-24T00:50:33.909092,0,0,541.518244,0.4984
2026-03-24T00:50:34.915065,0,0,542.40027,0.5591999999999999
2026-03-24T00:50:35.922044,0,0,541.518244,0.4756
2026-03-24T00:50:36.928084,0,0,538.872166,0.4984
2026-03-24T00:50:37.934983,0,0,541.518244,0.506
2026-03-24T00:50:38.941980,0,0,541.518244,0.468
2026-03-24T00:50:39.947932,0,0,541.518244,0.5136
2026-03-24T00:50:40.954925,0,0,541.518244,0.5287999999999999
2026-03-24T00:50:41.961890,0,0,541.518244,0.468
2026-03-24T00:50:42.968847,0,0,541.518244,0.4908
2026-03-24T00:50:43.974887,0,0,541.518244,0.4984
2026-03-24T00:50:44.981860,0,0,541.518244,0
2026-03-24T00:50:45.987849,0,0,541.518244,0.5287999999999999
2026-03-24T00:50:46.994822,0,0,541.518244,0.5287999999999999
2026-03-24T00:50:48.001765,0,0,541.518244,0.4832
2026-03-24T00:50:49.007776,0,0,541.518244,0.5668
2026-03-24T00:50:50.015795,0,0,541.518244,0.5212
2026-03-24T00:50:51.021699,0,0,541.518244,0
2026-03-24T00:50:52.028699,0,0,541.518244,0.5287999999999999
2026-03-24T00:50:53.034674,0,0,541.518244,0.5364
2026-03-24T00:50:54.041648,0,0,541.518244,0.4908
2026-03-24T00:50:55.048586,0,0,541.518244,0.4984
2026-03-24T00:50:56.054610,0,0,540.636218,0.506
2026-03-24T00:50:57.061568,0,0,541.518244,0.4984
2026-03-24T00:50:58.068551,0,0,541.518244,0.4984
2026-03-24T00:50:59.075572,0,0,541.518244,0.5212
2026-03-24T00:51:00.080119,0,0,537.99014,0.5364
2026-03-24T00:51:01.088479,0,0,541.518244,0.506
2026-03-24T00:51:02.094420,0,0,541.518244,0.5287999999999999
2026-03-24T00:51:03.101424,0,0,537.99014,0.5287999999999999
2026-03-24T00:51:04.108383,0,0,541.518244,0.5287999999999999
2026-03-24T00:51:05.114360,0,0,541.518244,0.5439999999999999
2026-03-24T00:51:06.122359,0,0,541.518244,0.5136
2026-03-24T00:51:07.128329,0,0,541.518244,0.4984
2026-03-24T00:51:08.135406,0,0,541.518244,0.5439999999999999
2026-03-24T00:51:09.141263,0,0,541.518244,0.5136
2026-03-24T00:51:10.148250,0,0,541.518244,0.4908
2026-03-24T00:51:11.155324,0,0,541.518244,0.5287999999999999
2026-03-24T00:51:12.161191,0,0,541.518244,0.4908
2026-03-24T00:51:13.169202,0,0,537.99014,0.5287999999999999
2026-03-24T00:51:14.175133,0,0,541.518244,0.5439999999999999
2026-03-24T00:51:15.182120,0,0,540.636218,0.5287999999999999
2026-03-24T00:51:16.188095,0,0,541.518244,0.5136
2026-03-24T00:51:17.195065,0,0,541.518244,0.5591999999999999
2026-03-24T00:51:18.201049,0,0,541.518244,0.5439999999999999
2026-03-24T00:51:19.208011,0,0,541.518244,0.506
2026-03-24T00:51:20.215025,0,0,541.518244,0.5287999999999999
2026-03-24T00:51:21.221993,0,0,540.636218,0.5287999999999999
2026-03-24T00:51:22.228958,0,0,540.636218,0
2026-03-24T00:51:23.234933,0,0,541.518244,0.5287999999999999
2026-03-24T00:51:24.241899,0,0,542.40027,0.5364
2026-03-24T00:51:25.247899,0,0,541.518244,0.4984
2026-03-24T00:51:26.254850,0,0,542.40027,0.506
2026-03-24T00:51:27.261853,0,0,541.518244,0.5287999999999999
2026-03-24T00:51:28.267830,0,0,541.518244,0.5136
2026-03-24T00:51:29.275789,0,0,541.518244,0.5591999999999999
2026-03-24T00:51:30.281763,0,0,541.518244,0.5591999999999999
2026-03-24T00:51:31.288766,0,0,541.518244,0.4832
2026-03-24T00:51:42.690189,0,0,540.636218,0.46040000000000003
2026-03-24T00:51:45.172437,0,0,542.40027,0.468
2026-03-24T00:51:46.179529,0,0,541.518244,0.5364
2026-03-24T00:51:47.185389,0,0,541.518244,0.5136
2026-03-24T00:51:48.192342,0,0,540.636218,0
2026-03-24T00:51:49.198340,0,0,540.636218,0.5364
2026-03-24T00:51:50.206347,0,0,541.518244,0.5136
2026-03-24T00:51:51.212312,0,0,541.518244,0.4908
2026-03-24T00:51:52.219387,0,0,541.518244,0.4908
2026-03-24T00:51:53.226250,0,0,540.636218,0.5212
2026-03-24T00:51:54.232217,0,0,542.40027,0
2026-03-24T00:51:55.239202,0,0,541.518244,0.506
2026-03-24T00:51:56.245171,0,0,541.518244,0.5212
2026-03-24T00:51:57.252149,0,0,541.518244,0.4984
2026-03-24T00:51:58.259125,0,0,541.518244,0.4908
2026-03-24T00:51:59.266107,0,0,540.636218,0.4984
2026-03-24T00:52:00.272072,0,0,540.636218,0.4984
2026-03-24T00:52:01.279049,0,0,541.518244,0.4832
2026-03-24T00:52:02.286027,0,0,541.518244,0.4832
2026-03-24T00:52:03.291998,0,0,541.518244,0.46040000000000003
2026-03-24T00:52:04.299019,0,0,541.518244,0.5136
2026-03-24T00:52:05.304946,0,0,540.636218,0.4984
2026-03-24T00:52:06.312959,0,0,541.518244,0.4832
2026-03-24T00:52:07.318921,0,0,541.518244,0.4984
2026-03-24T00:52:08.325886,0,0,541.518244,0.4832
2026-03-24T00:52:09.332854,0,0,541.518244,0.4832
2026-03-24T00:52:10.338827,0,0,541.518244,0.5212
2026-03-24T00:52:11.345809,0,0,540.636218,0.5287999999999999
2026-03-24T00:52:12.351840,0,0,541.518244,0.468
2026-03-24T00:52:13.359779,0,0,541.518244,0.4984
2026-03-24T00:52:14.365737,0,0,540.636218,0.506
2026-03-24T00:52:15.372712,0,0,541.518244,0.4756
2026-03-24T00:52:16.378705,0,0,541.518244,0.5287999999999999
2026-03-24T00:52:17.385663,0,0,540.636218,0.4908
2026-03-24T00:52:18.392642,0,0,541.518244,0.4756
2026-03-24T00:52:19.398600,0,0,543.282296,0.5212
2026-03-24T00:52:20.405579,0,0,541.518244,0.5364
2026-03-24T00:52:21.412598,0,0,541.518244,0.5212
2026-03-24T00:52:22.418531,0,0,539.754192,0.4984
2026-03-24T00:52:23.425504,0,0,541.518244,0.5136
2026-03-24T00:52:24.432489,0,0,540.636218,0.5212
2026-03-24T00:52:25.439594,0,0,540.636218,0.5287999999999999
2026-03-24T00:52:26.445447,0,0,541.518244,0.5212
2026-03-24T00:52:27.452413,0,0,541.518244,0.4908
2026-03-24T00:52:28.458425,0,0,540.636218,0.5136
2026-03-24T00:52:29.466476,0,0,541.518244,0.5439999999999999
2026-03-24T00:52:30.472382,0,0,541.518244,0.4832
2026-03-24T00:52:31.479435,0,0,542.40027,0.5136
2026-03-24T00:52:32.485321,0,0,541.518244,0.5136
2026-03-24T00:52:33.492292,0,0,542.40027,0.506
2026-03-24T00:52:34.499399,0,0,541.518244,0.4984
2026-03-24T00:52:35.505239,0,0,540.636218,0.5212
2026-03-24T00:52:36.512231,0,0,541.518244,0.506
2026-03-24T00:52:37.519204,0,0,541.518244,0.4908
2026-03-24T00:52:38.526181,0,0,541.518244,0.5364
2026-03-24T00:52:39.531097,0,0,541.518244,0.506
2026-03-24T00:52:50.280334,0,0,542.40027,0.506
2026-03-24T00:52:52.762802,0,0,541.518244,0.4908
2026-03-24T00:52:53.769772,0,0,541.518244,0.5136
2026-03-24T00:52:54.775763,0,0,541.518244,0.506
2026-03-24T00:52:55.782728,0,0,541.518244,0.46040000000000003
2026-03-24T00:52:56.788749,0,0,541.518244,0.506
2026-03-24T00:52:57.796713,0,0,540.636218,0.5287999999999999
2026-03-24T00:52:58.802670,0,0,540.636218,0.506
2026-03-24T00:52:59.809621,0,0,541.518244,0.4756
2026-03-24T00:53:00.816593,0,0,541.518244,0.5212
2026-03-24T00:53:01.822583,0,0,540.636218,0.506
2026-03-24T00:53:02.829515,0,0,540.636218,0.4984
2026-03-24T00:53:03.835655,0,0,541.518244,0.5136
2026-03-24T00:53:04.842508,0,0,541.518244,0.5439999999999999
2026-03-24T00:53:05.849484,0,0,541.518244,0.4832
2026-03-24T00:53:06.856434,0,0,541.518244,0.5136
2026-03-24T00:53:07.862428,0,0,541.518244,0.4984
2026-03-24T00:53:08.869385,0,0,541.518244,0.5136
2026-03-24T00:53:09.876385,0,0,541.518244,0.5439999999999999
2026-03-24T00:53:10.882350,0,0,541.518244,0.5136
2026-03-24T00:53:11.889323,0,0,541.518244,0.4832
2026-03-24T00:53:12.895401,0,0,540.636218,0.5287999999999999
2026-03-24T00:53:13.903385,0,0,540.636218,0.5136
2026-03-24T00:53:14.909271,0,0,541.518244,0
2026-03-24T00:53:15.916229,0,0,541.518244,0.5136
2026-03-24T00:53:16.923312,0,0,541.518244,0.5212
2026-03-24T00:53:17.929198,0,0,541.518244,0.46040000000000003
2026-03-24T00:53:18.936148,0,0,540.636218,0.5136
2026-03-24T00:53:19.942119,0,0,545.928374,0.5212
2026-03-24T00:53:20.949061,0,0,541.518244,0.468
2026-03-24T00:53:21.956072,0,0,541.518244,0.5136
2026-03-24T00:53:22.963053,0,0,541.518244,0.5136
2026-03-24T00:53:23.969023,0,0,541.518244,0.46040000000000003
2026-03-24T00:53:24.975995,0,0,541.518244,0.5364
2026-03-24T00:53:25.982986,0,0,541.518244,0.5364
2026-03-24T00:53:26.988944,0,0,541.518244,0.4756
2026-03-24T00:53:27.995964,0,0,541.518244,0.4832
2026-03-24T00:53:29.002923,0,0,541.518244,0.5136
2026-03-24T00:53:30.009901,0,0,541.518244,0.4984
2026-03-24T00:53:31.015870,0,0,541.518244,0.506
2026-03-24T00:53:32.022960,0,0,542.40027,0.5591999999999999
2026-03-24T00:53:33.029847,0,0,540.636218,0.46040000000000003
2026-03-24T00:53:34.035800,0,0,541.518244,0.5364
2026-03-24T00:53:35.042779,0,0,541.518244,0.5136
2026-03-24T00:53:36.048741,0,0,540.636218,0.4756
2026-03-24T00:53:37.056710,0,0,541.518244,0.4984
2026-03-24T00:53:38.061667,0,0,541.518244,0.5212
2026-03-24T00:53:39.069700,0,0,540.636218,0.506
2026-03-24T00:53:40.075702,0,0,541.518244,0.5212
2026-03-24T00:53:41.082640,0,0,541.518244,0.5136
2026-03-24T00:53:42.089606,0,0,540.636218,0.4756
2026-03-24T00:53:43.095635,0,0,541.518244,0.5212
2026-03-24T00:53:44.102522,0,0,542.40027,0.5287999999999999
2026-03-24T00:53:45.109499,0,0,541.518244,0.506
2026-03-24T00:53:46.116494,0,0,541.518244,0.4832
2026-03-24T00:53:47.122483,0,0,541.518244,0.5364
2026-03-24T00:53:48.129413,0,0,540.636218,0.506
2026-03-24T00:53:49.136353,0,0,541.518244,0.4984
2026-03-24T00:53:50.142334,0,0,541.518244,0.5668
2026-03-24T00:53:51.149291,0,0,542.40027,0.4756
2026-03-24T00:53:52.155443,0,0,541.518244,0.5287999999999999
2026-03-24T00:53:53.163339,0,0,541.518244,0.5212
2026-03-24T00:53:54.169219,0,0,541.518244,0.506
2026-03-24T00:53:55.176196,0,0,541.518244,0.5364
2026-03-24T00:53:56.182211,0,0,541.518244,0.5439999999999999
2026-03-24T00:53:57.189180,0,0,541.518244,0.4984
2026-03-24T00:53:58.196148,0,0,541.518244,0.468
2026-03-24T00:53:59.202146,0,0,541.518244,0.5212
2026-03-24T00:54:00.209221,0,0,541.518244,0.506
2026-03-24T00:54:01.216110,0,0,540.636218,0.5136
2026-03-24T00:54:02.223045,0,0,541.518244,0.5364
2026-03-24T00:54:03.228993,0,0,541.518244,0.4984
2026-03-24T00:54:04.236029,0,0,540.636218,0.4832
2026-03-24T00:54:05.243000,0,0,541.518244,0.5212
2026-03-24T00:54:06.248945,0,0,541.518244,0.5212
2026-03-24T00:54:07.255941,0,0,541.518244,0.468
2026-03-24T00:54:08.261908,0,0,540.636218,0.5287999999999999
2026-03-24T00:54:09.269868,0,0,542.40027,0.5212
2026-03-24T00:54:10.275870,0,0,541.518244,0.5439999999999999
2026-03-24T00:54:11.282818,0,0,541.518244,0.5364
2026-03-24T00:54:12.288809,0,0,541.518244,0.506
2026-03-24T00:54:13.295778,0,0,541.518244,0.468
2026-03-24T00:54:14.302742,0,0,541.518244,0.5212
2026-03-24T00:54:15.308722,0,0,541.518244,0.506
2026-03-24T00:54:16.315762,0,0,541.518244,0.4908
2026-03-24T00:54:17.322679,0,0,541.518244,0.5591999999999999
2026-03-24T00:54:18.329648,0,0,540.636218,0.4832
2026-03-24T00:54:19.335675,0,0,542.40027,0.5136
2026-03-24T00:54:20.342593,0,0,541.518244,0.5516
2026-03-24T00:54:21.349575,0,0,540.636218,0.5212
2026-03-24T00:54:22.355594,0,0,540.636218,0
2026-03-24T00:54:23.362516,0,0,542.40027,0.5364
2026-03-24T00:54:24.368500,0,0,541.518244,0.5287999999999999
2026-03-24T00:54:25.376476,0,0,541.518244,0.46040000000000003
2026-03-24T00:54:26.382443,0,0,541.518244,0.5136
2026-03-24T00:54:27.389425,0,0,541.518244,0.5364
2026-03-24T00:54:28.395516,0,0,542.40027,0.4832
2026-03-24T00:54:29.402368,0,0,537.99014,0.5516
2026-03-24T00:54:30.409350,0,0,541.518244,0.506
2026-03-24T00:54:31.415457,0,0,541.518244,0
2026-03-24T00:54:32.422262,0,0,539.754192,0.5439999999999999
2026-03-24T00:54:33.429278,0,0,540.636218,0.5439999999999999
2026-03-24T00:54:34.436255,0,0,540.636218,0.5287999999999999
2026-03-24T00:54:35.442216,0,0,541.518244,0.5364
2026-03-24T00:54:36.449188,0,0,541.518244,0.5136
2026-03-24T00:54:37.456164,0,0,540.636218,0.4756
2026-03-24T00:54:38.462089,0,0,541.518244,0.5591999999999999
2026-03-24T00:54:39.469067,0,0,541.518244,0.5364
2026-03-24T00:54:40.475069,0,0,541.518244,0
2026-03-24T00:54:41.483040,0,0,542.40027,0.5212
2026-03-24T00:54:42.489018,0,0,541.518244,0.4908
2026-03-24T00:54:43.496011,0,0,541.518244,0.5287999999999999
2026-03-24T00:54:44.501967,0,0,541.518244,0.5516
2026-03-24T00:54:45.508940,0,0,542.40027,0.4984
2026-03-24T00:54:46.515927,0,0,540.636218,0.468
2026-03-24T00:54:47.521898,0,0,541.518244,0.5212
2026-03-24T00:54:48.529877,0,0,541.518244,0.5287999999999999
2026-03-24T00:54:49.535843,0,0,541.518244,0.4756
2026-03-24T00:54:50.542806,0,0,541.518244,0.5212
2026-03-24T00:54:51.548824,0,0,541.518244,0.5439999999999999
2026-03-24T00:54:52.555804,0,0,540.636218,0.4756
2026-03-24T00:54:53.562773,0,0,541.518244,0.4832
2026-03-24T00:54:54.568712,0,0,541.518244,0.5212
2026-03-24T00:54:55.575771,0,0,541.518244,0.468
2026-03-24T00:54:56.582688,0,0,541.518244,0.506
2026-03-24T00:54:57.589681,0,0,540.636218,0.5212
2026-03-24T00:54:58.595695,0,0,540.636218,0.4908
2026-03-24T00:54:59.602609,0,0,546.8104000000001,0.4908
2026-03-24T00:55:00.608603,0,0,541.518244,0.5516
2026-03-24T00:55:01.615632,0,0,541.518244,0.4908
2026-03-24T00:55:02.622527,0,0,541.518244,0.5287999999999999
2026-03-24T00:55:03.628494,0,0,541.518244,0.5136
2026-03-24T00:55:04.636492,0,0,541.518244,0.5136
2026-03-24T00:55:05.642443,0,0,542.40027,0.506
2026-03-24T00:55:06.649447,0,0,540.636218,0.5516
2026-03-24T00:55:07.655535,0,0,541.518244,0.4908
2026-03-24T00:55:08.662386,0,0,540.636218,0.5212
2026-03-24T00:55:09.669380,0,0,541.518244,0.5364
2026-03-24T00:55:10.675435,0,0,541.518244,0.4908
2026-03-24T00:55:11.682323,0,0,541.518244,0.4984
2026-03-24T00:55:12.689300,0,0,541.518244,0.5136
2026-03-24T00:55:13.696287,0,0,541.518244,0.468
2026-03-24T00:55:14.702233,0,0,540.636218,0.4832
2026-03-24T00:55:15.709202,0,0,541.518244,0.5668
2026-03-24T00:55:16.715191,0,0,541.518244,0.4908
2026-03-24T00:55:17.722171,0,0,540.636218,0.5136
2026-03-24T00:55:18.729152,0,0,541.518244,0.5364
2026-03-24T00:55:19.735137,0,0,541.518244,0.5287999999999999
2026-03-24T00:55:20.743089,0,0,541.518244,0.4908
2026-03-24T00:55:21.749079,0,0,541.518244,0.5668
2026-03-24T00:55:22.756045,0,0,541.518244,0.4756
2026-03-24T00:55:23.762017,0,0,540.636218,0.4908
2026-03-24T00:55:24.768981,0,0,541.518244,0.5212
2026-03-24T00:55:25.775971,0,0,541.518244,0.4832
2026-03-24T00:55:26.781937,0,0,541.518244,0.468
2026-03-24T00:55:38.098190,0,0,540.636218,0.4984
2026-03-24T00:55:40.580578,0,0,541.518244,0.5136
2026-03-24T00:55:41.587634,0,0,541.518244,0.4984
2026-03-24T00:55:42.593594,0,0,539.754192,0.4756
2026-03-24T00:55:43.600532,0,0,541.518244,0.5136
2026-03-24T00:55:44.606493,0,0,540.636218,0.5364
2026-03-24T00:55:45.614475,0,0,541.518244,0.5212
2026-03-24T00:55:46.620446,0,0,541.518244,0.4984
2026-03-24T00:55:47.627516,0,0,541.518244,0.5364
2026-03-24T00:55:48.634386,0,0,541.518244,0.4908
2026-03-24T00:55:49.640373,0,0,540.636218,0.468
2026-03-24T00:55:50.647421,0,0,539.754192,0.5212
2026-03-24T00:55:51.653323,0,0,540.636218,0.506
2026-03-24T00:55:52.660301,0,0,541.518244,0.468
2026-03-24T00:55:53.667316,0,0,542.40027,0.506
2026-03-24T00:55:54.674217,0,0,541.518244,0.4756
2026-03-24T00:55:55.680194,0,0,541.518244,0.4832
2026-03-24T00:55:56.687332,0,0,542.40027,0.5439999999999999
2026-03-24T00:55:57.694167,0,0,540.636218,0.4908
2026-03-24T00:55:58.700118,0,0,541.518244,0.5136
2026-03-24T00:55:59.707114,0,0,541.518244,0.5212
2026-03-24T00:56:00.713107,0,0,541.518244,0.4832
2026-03-24T00:56:01.721055,0,0,541.518244,0.4832
2026-03-24T00:56:02.727046,0,0,541.518244,0.5287999999999999
2026-03-24T00:56:03.734012,0,0,540.636218,0.4832
2026-03-24T00:56:04.740965,0,0,541.518244,0.4908
2026-03-24T00:56:05.746979,0,0,541.518244,0.5287999999999999
2026-03-24T00:56:06.753944,0,0,541.518244,0.4908
2026-03-24T00:56:07.759918,0,0,541.518244,0.506
2026-03-24T00:56:08.766893,0,0,541.518244,0.5287999999999999
2026-03-24T00:56:09.773857,0,0,540.636218,0.4908
2026-03-24T00:56:10.780841,0,0,541.518244,0.4756
2026-03-24T00:56:11.786759,0,0,541.518244,0.5136
2026-03-24T00:56:12.793804,0,0,540.636218,0.5136
2026-03-24T00:56:13.799838,0,0,541.518244,0.4756
2026-03-24T00:56:14.806729,0,0,540.636218,0.5364
2026-03-24T00:56:15.813723,0,0,541.518244,0.506
2026-03-24T00:56:16.819720,0,0,541.518244,0.468
2026-03-24T00:56:17.827683,0,0,541.518244,0.5136
2026-03-24T00:56:18.833648,0,0,541.518244,0.5516
2026-03-24T00:56:19.840569,0,0,541.518244,0.5136
2026-03-24T00:56:20.847633,0,0,541.518244,0.506
2026-03-24T00:56:21.853525,0,0,541.518244,0.5212
2026-03-24T00:56:22.860511,0,0,541.518244,0.4832
2026-03-24T00:56:23.866462,0,0,540.636218,0.5516
2026-03-24T00:56:24.873463,0,0,541.518244,0.5136
2026-03-24T00:56:25.880444,0,0,541.518244,0.5136
2026-03-24T00:56:26.887463,0,0,541.518244,0.5516
2026-03-24T00:56:27.892436,0,0,541.518244,0.5212
2026-03-24T00:56:28.900386,0,0,541.518244,0.4832
2026-03-24T00:56:29.907363,0,0,541.518244,0.5287999999999999
2026-03-24T00:56:30.912285,0,0,541.518244,0.5287999999999999
2026-03-24T00:56:31.920251,0,0,541.518244,0.4908
2026-03-24T00:56:32.927319,0,0,541.518244,0.5136
2026-03-24T00:56:33.934233,0,0,541.518244,0.5136
2026-03-24T00:56:34.940196,0,0,541.518244,0.4908
2026-03-24T00:56:35.947157,0,0,541.518244,0.506
2026-03-24T00:56:36.954146,0,0,539.754192,0.5364
2026-03-24T00:56:37.960106,0,0,541.518244,0.4832
2026-03-24T00:56:38.967078,0,0,542.40027,0.5287999999999999
2026-03-24T00:56:39.973054,0,0,539.754192,0.5439999999999999
2026-03-24T00:56:40.981028,0,0,541.518244,0.506
2026-03-24T00:56:41.987014,0,0,542.40027,0.5591999999999999
2026-03-24T00:56:42.994019,0,0,540.636218,0.582
2026-03-24T00:56:43.999947,0,0,541.518244,0.506
2026-03-24T00:56:45.006913,0,0,539.754192,0.5287999999999999
2026-03-24T00:56:46.013919,0,0,541.518244,0.5287999999999999
2026-03-24T00:56:47.019877,0,0,541.518244,0.46040000000000003
2026-03-24T00:56:48.026832,0,0,541.518244,0.506
2026-03-24T00:56:49.033841,0,0,541.518244,0.5439999999999999
2026-03-24T00:56:50.040797,0,0,541.518244,0.5136
2026-03-24T00:56:51.046780,0,0,541.518244,0.4908
2026-03-24T00:56:52.053745,0,0,541.518244,0.5136
2026-03-24T00:56:53.060760,0,0,540.636218,0.4984
2026-03-24T00:56:54.066738,0,0,541.518244,0.506
2026-03-24T00:56:55.073666,0,0,541.518244,0.5136
2026-03-24T00:56:56.079726,0,0,541.518244,0.4832
2026-03-24T00:56:57.087704,0,0,540.636218,0.4832
2026-03-24T00:56:58.093618,0,0,541.518244,0.5212
2026-03-24T00:56:59.100596,0,0,543.282296,0.506
2026-03-24T00:57:00.106586,0,0,540.636218,0.506
2026-03-24T00:57:01.113567,0,0,541.518244,0.5439999999999999
2026-03-24T00:57:02.120523,0,0,541.518244,0.4832
2026-03-24T00:57:03.126498,0,0,541.518244,0.506
2026-03-24T00:57:04.133476,0,0,541.518244,0.5439999999999999
2026-03-24T00:57:05.139571,0,0,540.636218,0.4832
2026-03-24T00:57:06.147500,0,0,541.518244,0.506
2026-03-24T00:57:07.153412,0,0,538.872166,0.5439999999999999
2026-03-24T00:57:08.160374,0,0,540.636218,0.4984
2026-03-24T00:57:19.708607,0,0,541.518244,0.5287999999999999
2026-03-24T00:57:22.191030,0,0,541.518244,0.5364
2026-03-24T00:57:23.197974,0,0,540.636218,0.468
2026-03-24T00:57:24.203979,0,0,541.518244,0.46040000000000003
2026-03-24T00:57:25.210920,0,0,540.636218,0.5439999999999999
2026-03-24T00:57:26.216837,0,0,541.518244,0.468
2026-03-24T00:57:27.224834,0,0,541.518244,0.5287999999999999
2026-03-24T00:57:28.230807,0,0,540.636218,0.5212
2026-03-24T00:57:29.237780,0,0,542.40027,0.4908
2026-03-24T00:57:30.244768,0,0,541.518244,0.4984
2026-03-24T00:57:31.250723,0,0,541.518244,0.506
2026-03-24T00:57:32.257723,0,0,541.518244,0.506
2026-03-24T00:57:33.263746,0,0,541.518244,0.4908
2026-03-24T00:57:34.270678,0,0,540.636218,0.5136
2026-03-24T00:57:35.277701,0,0,541.518244,0.4756
2026-03-24T00:57:36.284612,0,0,541.518244,0.46040000000000003
2026-03-24T00:57:37.290584,0,0,540.636218,0.5516
2026-03-24T00:57:38.297595,0,0,541.518244,0.5212
2026-03-24T00:57:39.304536,0,0,540.636218,0.506
2026-03-24T00:57:40.310508,0,0,540.636218,0.5136
2026-03-24T00:57:41.317476,0,0,540.636218,0.5136
2026-03-24T00:57:42.323592,0,0,541.518244,0.4832
2026-03-24T00:57:43.331602,0,0,541.518244,0.5212
2026-03-24T00:57:44.337398,0,0,541.518244,0.5439999999999999
2026-03-24T00:57:45.344376,0,0,540.636218,0.5136
2026-03-24T00:57:46.351459,0,0,541.518244,0.582
2026-03-24T00:57:47.357294,0,0,539.754192,0.5364
2026-03-24T00:57:48.364314,0,0,541.518244,0.4908
2026-03-24T00:57:49.370282,0,0,541.518244,0.5439999999999999
2026-03-24T00:57:50.377276,0,0,542.40027,0.4984
2026-03-24T00:57:51.384250,0,0,541.518244,0.506
2026-03-24T00:57:52.391315,0,0,541.518244,0.5136
2026-03-24T00:57:53.397203,0,0,541.518244,0.506
2026-03-24T00:57:54.404187,0,0,541.518244,0.4984
2026-03-24T00:57:55.411115,0,0,542.40027,0.4984
2026-03-24T00:57:56.417099,0,0,541.518244,0.506
2026-03-24T00:57:57.424062,0,0,541.518244,0.4908
2026-03-24T00:57:58.430028,0,0,541.518244,0.5364
2026-03-24T00:57:59.437998,0,0,540.636218,0.5287999999999999
2026-03-24T00:58:00.443924,0,0,541.518244,0.4984
2026-03-24T00:58:01.450934,0,0,541.518244,0.5364
2026-03-24T00:58:02.457929,0,0,541.518244,0.5212
2026-03-24T00:58:03.463905,0,0,541.518244,0
2026-03-24T00:58:04.470927,0,0,540.636218,0.506
2026-03-24T00:58:05.476895,0,0,540.636218,0.5287999999999999
2026-03-24T00:58:06.484859,0,0,541.518244,0.4908
2026-03-24T00:58:07.490798,0,0,541.518244,0.5287999999999999
2026-03-24T00:58:08.497820,0,0,540.636218,0.5439999999999999
2026-03-24T00:58:09.503784,0,0,541.518244,0.4832
2026-03-24T00:58:10.510751,0,0,540.636218,0.4984
2026-03-24T00:58:11.517709,0,0,541.518244,0.5668
2026-03-24T00:58:12.523720,0,0,540.636218,0.4908
2026-03-24T00:58:13.530680,0,0,541.518244,0.5212
2026-03-24T00:58:14.537652,0,0,541.518244,0.5212
2026-03-24T00:58:15.544634,0,0,540.636218,0.4984
2026-03-24T00:58:16.550564,0,0,540.636218,0.5212
2026-03-24T00:58:17.557562,0,0,541.518244,0.5287999999999999
2026-03-24T00:58:18.564562,0,0,540.636218,0.506
2026-03-24T00:58:19.570512,0,0,540.636218,0.5212
2026-03-24T00:58:20.577501,0,0,541.518244,0.5136
2026-03-24T00:58:21.583572,0,0,541.518244,0.4908
2026-03-24T00:58:22.591525,0,0,541.518244,0.4984
2026-03-24T00:58:23.597416,0,0,541.518244,0.582
2026-03-24T00:58:24.604410,0,0,540.636218,0.5439999999999999
2026-03-24T00:58:25.610342,0,0,541.518244,0.5364
2026-03-24T00:58:26.617348,0,0,541.518244,0.5136
2026-03-24T00:58:27.624313,0,0,541.518244,0.4832
2026-03-24T00:58:28.630296,0,0,541.518244,0.5287999999999999
2026-03-24T00:58:29.637285,0,0,540.636218,0.5591999999999999
2026-03-24T00:58:30.643198,0,0,540.636218,0.5364
2026-03-24T00:58:31.651182,0,0,541.518244,0.5136
2026-03-24T00:58:32.657155,0,0,541.518244,0.5212
2026-03-24T00:58:33.664117,0,0,540.636218,0.5287999999999999
2026-03-24T00:58:34.670121,0,0,541.518244,0.506
2026-03-24T00:58:35.677071,0,0,540.636218,0.506
2026-03-24T00:58:36.684044,0,0,541.518244,0.5364
2026-03-24T00:58:37.690017,0,0,541.518244,0.4984
2026-03-24T00:58:38.698005,0,0,541.518244,0.5287999999999999
2026-03-24T00:58:39.703962,0,0,543.282296,0.4984
2026-03-24T00:58:40.710955,0,0,539.754192,0.4908
2026-03-24T00:58:41.716911,0,0,540.636218,0.4984
2026-03-24T00:58:42.723899,0,0,543.282296,0.506
2026-03-24T00:58:43.730851,0,0,540.636218,0.5212
2026-03-24T00:58:44.736827,0,0,540.636218,0.5364
2026-03-24T00:58:45.743825,0,0,541.518244,0.4984
2026-03-24T00:58:46.750782,0,0,541.518244,0.4984
2026-03-24T00:58:47.757767,0,0,541.518244,0.5516
2026-03-24T00:58:48.763781,0,0,541.518244,0.5287999999999999
2026-03-24T00:58:49.770709,0,0,541.518244,0.4984
2026-03-24T00:58:50.777690,0,0,541.518244,0.5136
2026-03-24T00:58:51.782631,0,0,541.518244,0.5212
2026-03-24T00:58:52.790632,0,0,541.518244,0.4832
2026-03-24T00:58:53.796613,0,0,541.518244,0.5516
2026-03-24T00:58:54.804562,0,0,540.636218,0.4984
2026-03-24T00:58:55.810574,0,0,541.518244,0.5439999999999999
2026-03-24T00:58:56.817518,0,0,542.40027,0.5516
2026-03-24T00:58:57.823624,0,0,541.518244,0.5287999999999999
2026-03-24T00:58:58.830482,0,0,541.518244,0.5136
2026-03-24T00:58:59.837427,0,0,540.636218,0.5439999999999999
2026-03-24T00:59:00.843550,0,0,541.518244,0.5212
2026-03-24T00:59:01.850374,0,0,541.518244,0.468
2026-03-24T00:59:02.857374,0,0,541.518244,0.5287999999999999
2026-03-24T00:59:03.864358,0,0,541.518244,0.5287999999999999
2026-03-24T00:59:04.870358,0,0,541.518244,0.506
2026-03-24T00:59:05.877333,0,0,541.518244,0.5287999999999999
2026-03-24T00:59:06.884264,0,0,541.518244,0.5212
2026-03-24T00:59:07.890231,0,0,541.518244,0.506
2026-03-24T00:59:08.897213,0,0,541.518244,0.5212
2026-03-24T00:59:09.903204,0,0,541.518244,0.5136
2026-03-24T00:59:10.911186,0,0,544.164322,0.4756
2026-03-24T00:59:11.917163,0,0,541.518244,0.5212
2026-03-24T00:59:12.924217,0,0,541.518244,0.5212
2026-03-24T00:59:13.930134,0,0,541.518244,0.46040000000000003
2026-03-24T00:59:14.937049,0,0,540.636218,0.5136
2026-03-24T00:59:15.944034,0,0,543.282296,0.5364
2026-03-24T00:59:16.950011,0,0,541.518244,0.5364
2026-03-24T00:59:17.956971,0,0,540.636218,0.4832
2026-03-24T00:59:18.963935,0,0,543.282296,0.5516
2026-03-24T00:59:19.970926,0,0,541.518244,0.4756
2026-03-24T00:59:20.976891,0,0,540.636218,0.4984
2026-03-24T00:59:21.983887,0,0,545.046348,0.5439999999999999
2026-03-24T00:59:22.990834,0,0,541.518244,0
2026-03-24T00:59:23.996808,0,0,541.518244,0.5668
2026-03-24T00:59:25.003811,0,0,541.518244,0.5591999999999999
2026-03-24T00:59:26.009759,0,0,541.518244,0.506
2026-03-24T00:59:27.017741,0,0,541.518244,0.5136
2026-03-24T00:59:28.023760,0,0,540.636218,0.5287999999999999
2026-03-24T00:59:29.030680,0,0,541.518244,0.4908
2026-03-24T00:59:30.036662,0,0,542.40027,0.5136
2026-03-24T00:59:31.043709,0,0,541.518244,0.5136
2026-03-24T00:59:32.050624,0,0,541.518244,0.4908
2026-03-24T00:59:33.056596,0,0,541.518244,0.506
2026-03-24T00:59:34.063629,0,0,540.636218,0.5668
2026-03-24T00:59:35.070522,0,0,541.518244,0.5136
2026-03-24T00:59:36.077494,0,0,541.518244,0.4984
2026-03-24T00:59:37.083579,0,0,541.518244,0.5364
2026-03-24T00:59:38.090451,0,0,541.518244,0.4908
2026-03-24T00:59:39.097415,0,0,541.518244,0.5439999999999999
2026-03-24T00:59:40.103497,0,0,543.282296,0.5212
2026-03-24T00:59:41.110370,0,0,541.518244,0.506
2026-03-24T00:59:42.116335,0,0,541.518244,0.5668
2026-03-24T00:59:43.124314,0,0,541.518244,0.5516
2026-03-24T00:59:44.130290,0,0,541.518244,0.4908
2026-03-24T00:59:45.137277,0,0,541.518244,0.5591999999999999
2026-03-24T00:59:46.143368,0,0,540.636218,0.5364
2026-03-24T00:59:47.150200,0,0,541.518244,0.506
2026-03-24T00:59:48.157203,0,0,540.636218,0.5287999999999999
2026-03-24T00:59:49.163162,0,0,541.518244,0.5439999999999999
2026-03-24T00:59:50.170140,0,0,540.636218,0.5439999999999999
2026-03-24T00:59:51.177122,0,0,541.518244,0.5136
2026-03-24T00:59:52.184087,0,0,537.108114,0.5364
2026-03-24T00:59:53.190062,0,0,541.518244,0.4908
2026-03-24T00:59:54.197036,0,0,541.518244,0.4908
2026-03-24T00:59:55.204055,0,0,540.636218,0.5439999999999999
2026-03-24T00:59:56.209984,0,0,541.518244,0.4756
2026-03-24T00:59:57.216935,0,0,542.40027,0.5136
2026-03-24T00:59:58.222931,0,0,541.518244,0.5364
2026-03-24T00:59:59.230894,0,0,540.636218,0.4756
2026-03-24T01:00:00.236847,0,0,541.518244,0.5136
2026-03-24T01:00:01.243909,0,0,541.518244,0.5591999999999999
2026-03-24T01:00:02.249815,0,0,540.636218,0.4984
2026-03-24T01:00:03.256798,0,0,541.518244,0.468
2026-03-24T01:00:04.263772,0,0,541.518244,0.5439999999999999
2026-03-24T01:00:05.269783,0,0,541.518244,0.5136
2026-03-24T01:00:06.276715,0,0,541.518244,0.4908
2026-03-24T01:00:07.283736,0,0,544.164322,0.5668
2026-03-24T01:00:08.290679,0,0,541.518244,0.506
2026-03-24T01:00:09.296684,0,0,541.518244,0.468
2026-03-24T01:00:10.303690,0,0,541.518244,0.5439999999999999
2026-03-24T01:00:11.310595,0,0,541.518244,0.5287999999999999
2026-03-24T01:00:12.316627,0,0,541.518244,0.5212
2026-03-24T01:00:13.323603,0,0,541.518244,0.5212
2026-03-24T01:00:14.329557,0,0,541.518244,0.5212
2026-03-24T01:00:15.337479,0,0,541.518244,0.4984
2026-03-24T01:00:16.343630,0,0,540.636218,0.5364
2026-03-24T01:00:17.350463,0,0,541.518244,0.5591999999999999
2026-03-24T01:00:18.356452,0,0,541.518244,0.4984
2026-03-24T01:00:19.363471,0,0,540.636218,0.5136
2026-03-24T01:00:20.370389,0,0,539.754192,0.5516
2026-03-24T01:00:21.376342,0,0,540.636218,0.4832
2026-03-24T01:00:22.384324,0,0,543.282296,0.5287999999999999
2026-03-24T01:00:23.390304,0,0,540.636218,0.5439999999999999
2026-03-24T01:00:24.397271,0,0,540.636218,0.468
2026-03-24T01:00:25.403300,0,0,541.518244,0.5439999999999999
2026-03-24T01:00:26.410201,0,0,540.636218,0.5516
2026-03-24T01:00:27.417149,0,0,541.518244,0.4908
2026-03-24T01:00:28.423100,0,0,541.518244,0.5364
2026-03-24T01:00:29.430116,0,0,541.518244,0.4908
2026-03-24T01:00:30.436128,0,0,539.754192,0.4984
2026-03-24T01:00:31.444031,0,0,540.636218,0.5287999999999999
2026-03-24T01:00:32.450081,0,0,540.636218,0.5439999999999999
2026-03-24T01:00:33.456999,0,0,540.636218,0.4908
2026-03-24T01:00:34.463004,0,0,541.518244,0.5439999999999999
2026-03-24T01:00:35.469989,0,0,541.518244,0.506
2026-03-24T01:00:36.476933,0,0,541.518244,0.4832
2026-03-24T01:00:37.482927,0,0,542.40027,0.5591999999999999
2026-03-24T01:00:38.490917,0,0,541.518244,0.5136
2026-03-24T01:00:39.496878,0,0,541.518244,0.4756
2026-03-24T01:00:40.503871,0,0,541.518244,0.5364
2026-03-24T01:00:41.509788,0,0,541.518244,0.5287999999999999
2026-03-24T01:00:42.516804,0,0,541.518244,0.4984
2026-03-24T01:00:43.523820,0,0,539.754192,0.5668
2026-03-24T01:00:44.529731,0,0,540.636218,0.5287999999999999
2026-03-24T01:00:45.536724,0,0,540.636218,0.5212
2026-03-24T01:00:46.543695,0,0,541.518244,0.5287999999999999
2026-03-24T01:00:47.550656,0,0,541.518244,0.5364
2026-03-24T01:00:48.556631,0,0,541.518244,0.506
2026-03-24T01:00:49.563676,0,0,541.518244,0.5516
2026-03-24T01:00:50.569534,0,0,540.636218,0.5136
2026-03-24T01:00:51.576561,0,0,541.518244,0.506
2026-03-24T01:00:52.583607,0,0,541.518244,0.5212
2026-03-24T01:00:53.589476,0,0,541.518244,0.5591999999999999
2026-03-24T01:00:54.597464,0,0,540.636218,0.46040000000000003
2026-03-24T01:00:55.603534,0,0,541.518244,0.5439999999999999
2026-03-24T01:00:56.610382,0,0,541.518244,0.5668
2026-03-24T01:00:57.616364,0,0,541.518244,0.506
2026-03-24T01:00:58.623441,0,0,541.518244,0.5287999999999999
2026-03-24T01:00:59.630311,0,0,541.518244,0.5212
2026-03-24T01:01:00.636268,0,0,541.518244,0.4908
2026-03-24T01:01:01.643375,0,0,541.518244,0.5591999999999999
2026-03-24T01:01:02.650234,0,0,541.518244,0.5668
2026-03-24T01:01:03.657202,0,0,541.518244,0.506
2026-03-24T01:01:04.663295,0,0,540.636218,0.4984
2026-03-24T01:01:05.670134,0,0,541.518244,0.582
2026-03-24T01:01:06.676127,0,0,540.636218,0.5364
2026-03-24T01:01:07.683084,0,0,541.518244,0.5364
2026-03-24T01:01:08.690069,0,0,542.40027,0.5287999999999999
2026-03-24T01:01:09.696058,0,0,541.518244,0.4756
2026-03-24T01:01:10.704020,0,0,541.518244,0.506
2026-03-24T01:01:11.709977,0,0,541.518244,0.5364
2026-03-24T01:01:12.717019,0,0,540.636218,0.5364
2026-03-24T01:01:13.722973,0,0,539.754192,0.5136
2026-03-24T01:01:14.729956,0,0,541.518244,0.5591999999999999
2026-03-24T01:01:15.736930,0,0,542.40027,0.4908
2026-03-24T01:01:16.742889,0,0,539.754192,0.5212
2026-03-24T01:01:17.749886,0,0,540.636218,0.5287999999999999
2026-03-24T01:01:18.756822,0,0,541.518244,0.506
2026-03-24T01:01:19.763818,0,0,539.754192,0.5136
2026-03-24T01:01:20.769802,0,0,540.636218,0.5591999999999999
2026-03-24T01:01:21.776753,0,0,541.518244,0.5364
2026-03-24T01:01:22.782730,0,0,540.636218,0.5287999999999999
2026-03-24T01:01:23.789663,0,0,541.518244,0.5591999999999999
2026-03-24T01:01:24.795694,0,0,541.518244,0.5668
2026-03-24T01:01:25.802627,0,0,541.518244,0.5136
2026-03-24T01:01:26.810591,0,0,541.518244,0.5743999999999999
2026-03-24T01:01:27.816620,0,0,541.518244,0.4908
2026-03-24T01:01:28.823630,0,0,541.518244,0.5136
2026-03-24T01:01:29.829569,0,0,541.518244,0.5287999999999999
2026-03-24T01:01:30.836505,0,0,541.518244,0.5136
2026-03-24T01:01:31.843548,0,0,541.518244,0.4832
2026-03-24T01:01:32.849485,0,0,540.636218,0.5743999999999999
2026-03-24T01:01:33.856445,0,0,541.518244,0.5287999999999999
2026-03-24T01:01:34.863492,0,0,540.636218,0.5212
2026-03-24T01:01:35.870402,0,0,541.518244,0.5364
2026-03-24T01:01:36.876386,0,0,541.518244,0.4984
2026-03-24T01:01:37.883428,0,0,541.518244,0.4832
2026-03-24T01:01:38.889319,0,0,541.518244,0.5439999999999999
2026-03-24T01:01:39.896283,0,0,540.636218,0.506
2026-03-24T01:01:40.903319,0,0,541.518244,0.5212
2026-03-24T01:01:41.908185,0,0,540.636218,0.5136
2026-03-24T01:01:42.917206,0,0,541.518244,0.5439999999999999
2026-03-24T01:01:43.923190,0,0,539.754192,0.4984
2026-03-24T01:01:44.930164,0,0,541.518244,0.5439999999999999
2026-03-24T01:01:45.936141,0,0,541.518244,0.5439999999999999
2026-03-24T01:01:46.943069,0,0,541.518244,0.506
2026-03-24T01:01:47.950087,0,0,540.636218,0.5287999999999999
2026-03-24T01:01:48.956062,0,0,541.518244,0.5439999999999999
2026-03-24T01:01:49.963031,0,0,541.518244,0.468
2026-03-24T01:01:50.970004,0,0,540.636218,0.5364
2026-03-24T01:01:51.976967,0,0,541.518244,0.5516
2026-03-24T01:01:52.982912,0,0,541.518244,0.5212
2026-03-24T01:01:53.989927,0,0,541.518244,0.5743999999999999
2026-03-24T01:01:54.995907,0,0,540.636218,0.5212
2026-03-24T01:01:56.002839,0,0,541.518244,0.5212
2026-03-24T01:01:57.009823,0,0,541.518244,0.5212
2026-03-24T01:01:58.015812,0,0,543.282296,0.5364
2026-03-24T01:01:59.023760,0,0,541.518244,0.4908
2026-03-24T01:02:00.029733,0,0,541.518244,0.4984
2026-03-24T01:02:01.036737,0,0,541.518244,0.4832
2026-03-24T01:02:02.042683,0,0,541.518244,0.506
2026-03-24T01:02:03.049671,0,0,541.518244,0.5364
2026-03-24T01:02:04.056660,0,0,541.518244,0.5287999999999999
2026-03-24T01:02:05.062578,0,0,538.872166,0.4908
2026-03-24T01:02:06.070560,0,0,541.518244,0.506
2026-03-24T01:02:07.076542,0,0,541.518244,0.5516
2026-03-24T01:02:08.083624,0,0,541.518244,0.5439999999999999
2026-03-24T01:02:09.089496,0,0,541.518244,0.5439999999999999
2026-03-24T01:02:10.096444,0,0,541.518244,0.5439999999999999
2026-03-24T01:02:11.102422,0,0,540.636218,0.468
2026-03-24T01:02:12.109463,0,0,542.40027,0.5287999999999999
2026-03-24T01:02:13.116382,0,0,541.518244,0.5591999999999999
2026-03-24T01:02:14.123447,0,0,539.754192,0.468
2026-03-24T01:02:15.130283,0,0,541.518244,0.5212
2026-03-24T01:02:16.136297,0,0,542.40027,0.5287999999999999
2026-03-24T01:02:17.143355,0,0,541.518244,0.4908
2026-03-24T01:02:18.149223,0,0,541.518244,0.5287999999999999
2026-03-24T01:02:19.156221,0,0,540.636218,0.5364
2026-03-24T01:02:20.163198,0,0,537.99014,0.5136
2026-03-24T01:02:21.169223,0,0,541.518244,0.5212
2026-03-24T01:02:22.177188,0,0,541.518244,0.5287999999999999
2026-03-24T01:02:23.183153,0,0,540.636218,0.468
2026-03-24T01:02:24.190133,0,0,540.636218,0.4908
2026-03-24T01:02:25.196107,0,0,541.518244,0.5212
2026-03-24T01:02:26.203086,0,0,541.518244,0.506
2026-03-24T01:02:27.209032,0,0,541.518244,0.4908
2026-03-24T01:02:28.216006,0,0,541.518244,0.5668
2026-03-24T01:02:29.222988,0,0,541.518244,0.5212
2026-03-24T01:02:30.229950,0,0,542.40027,0.4984
2026-03-24T01:02:31.236937,0,0,541.518244,0.5516
2026-03-24T01:02:32.242904,0,0,541.518244,0.506
2026-03-24T01:02:33.249876,0,0,541.518244,0.4832
2026-03-24T01:02:34.255866,0,0,542.40027,0.5516
2026-03-24T01:02:35.262823,0,0,542.40027,0.5212
2026-03-24T01:02:36.269795,0,0,541.518244,0.506
2026-03-24T01:02:37.275852,0,0,544.164322,0.5591999999999999
2026-03-24T01:02:38.283786,0,0,540.636218,0.5287999999999999
2026-03-24T01:02:39.289827,0,0,541.518244,0.4984
2026-03-24T01:02:40.296692,0,0,541.518244,0.5364
2026-03-24T01:02:41.302670,0,0,541.518244,0.5287999999999999
2026-03-24T01:02:42.309674,0,0,537.99014,0.4908
2026-03-24T01:02:43.315726,0,0,541.518244,0.5136
2026-03-24T01:02:44.322596,0,0,540.636218,0.5136
2026-03-24T01:02:45.329563,0,0,541.518244,0.5136
2026-03-24T01:02:46.336517,0,0,541.518244,0.5668
2026-03-24T01:02:47.343653,0,0,541.518244,0.4908
2026-03-24T01:02:48.349502,0,0,541.518244,0.4984
2026-03-24T01:02:49.356462,0,0,540.636218,0.5516
2026-03-24T01:02:50.362450,0,0,540.636218,0.5439999999999999
2026-03-24T01:02:51.369406,0,0,541.518244,0.4984
2026-03-24T01:02:52.376397,0,0,541.518244,0.5668
2026-03-24T01:02:53.382365,0,0,541.518244,0.506
2026-03-24T01:02:54.390321,0,0,541.518244,0.4984
2026-03-24T01:02:55.396371,0,0,540.636218,0.5591999999999999
2026-03-24T01:02:56.403394,0,0,541.518244,0.5364
2026-03-24T01:02:57.409273,0,0,541.518244,0.4908
2026-03-24T01:02:58.416208,0,0,540.636218,0.5212
2026-03-24T01:02:59.422217,0,0,541.518244,0.5668
2026-03-24T01:03:00.429210,0,0,541.518244,0.4984
2026-03-24T01:03:01.436169,0,0,541.518244,0.5364
2026-03-24T01:03:02.443139,0,0,541.518244,0.582
2026-03-24T01:03:03.450124,0,0,540.636218,0.5212
2026-03-24T01:03:04.456062,0,0,541.518244,0.5668
2026-03-24T01:03:05.463025,0,0,540.636218,0.5516
2026-03-24T01:03:06.468999,0,0,541.518244,0.4908
2026-03-24T01:03:07.475974,0,0,539.754192,0.5516
2026-03-24T01:03:08.482946,0,0,542.40027,0.5287999999999999
2026-03-24T01:03:09.488947,0,0,541.518244,0.5136
2026-03-24T01:03:10.496909,0,0,541.518244,0.5212
2026-03-24T01:03:11.502902,0,0,542.40027,0.5212
2026-03-24T01:03:12.509889,0,0,541.518244,0.468
2026-03-24T01:03:13.515835,0,0,541.518244,0.5439999999999999
2026-03-24T01:03:14.522843,0,0,541.518244,0.5591999999999999
2026-03-24T01:03:15.528824,0,0,540.636218,0.4908
2026-03-24T01:03:16.535830,0,0,541.518244,0.5136
2026-03-24T01:03:17.542794,0,0,541.518244,0.5364
2026-03-24T01:03:18.549743,0,0,541.518244,0.5287999999999999
2026-03-24T01:03:19.556711,0,0,540.636218,0.4984
2026-03-24T01:03:20.562686,0,0,540.636218,0.5287999999999999
2026-03-24T01:03:21.569648,0,0,541.518244,0.506
2026-03-24T01:03:22.575671,0,0,541.518244,0.5136
2026-03-24T01:03:23.582576,0,0,540.636218,0.5287999999999999
2026-03-24T01:03:24.589533,0,0,540.636218,0.4908
2026-03-24T01:03:25.595586,0,0,541.518244,0.5591999999999999
2026-03-24T01:03:26.603656,0,0,541.518244,0.5668
2026-03-24T01:03:27.609425,0,0,541.518244,0.4984
2026-03-24T01:03:28.616433,0,0,540.636218,0.5212
2026-03-24T01:03:29.622409,0,0,541.518244,0.5743999999999999
2026-03-24T01:03:30.629385,0,0,540.636218,0.5212
2026-03-24T01:03:31.635432,0,0,541.518244,0.4984
2026-03-24T01:03:32.642330,0,0,541.518244,0.5439999999999999
2026-03-24T01:03:33.649302,0,0,541.518244,0.5212
2026-03-24T01:03:34.656272,0,0,540.636218,0.5364
2026-03-24T01:03:35.663340,0,0,540.636218,0.5591999999999999
2026-03-24T01:03:36.669212,0,0,540.636218,0.5439999999999999
2026-03-24T01:03:37.676197,0,0,540.636218,0.5364
2026-03-24T01:03:38.682177,0,0,541.518244,0.5439999999999999
2026-03-24T01:03:39.689131,0,0,539.754192,0.506
2026-03-24T01:03:40.696096,0,0,541.518244,0.5212
2026-03-24T01:03:41.702093,0,0,541.518244,0.4984
2026-03-24T01:03:42.710054,0,0,541.518244,0.5212
2026-03-24T01:03:43.716032,0,0,542.40027,0.5212
2026-03-24T01:03:44.723007,0,0,541.518244,0.5212
2026-03-24T01:03:45.728979,0,0,542.40027,0.5136
2026-03-24T01:03:46.735972,0,0,541.518244,0.5287999999999999
2026-03-24T01:03:47.741925,0,0,541.518244,0.5743999999999999
2026-03-24T01:03:48.748908,0,0,541.518244,0.5439999999999999
2026-03-24T01:03:49.755891,0,0,541.518244,0.5287999999999999
2026-03-24T01:03:50.762847,0,0,540.636218,0.5591999999999999
2026-03-24T01:03:51.769809,0,0,540.636218,0.4984
2026-03-24T01:03:52.775794,0,0,541.518244,0.5516
2026-03-24T01:03:53.782761,0,0,541.518244,0.582
2026-03-24T01:03:54.788734,0,0,541.518244,0.506
2026-03-24T01:03:55.795803,0,0,541.518244,0.46040000000000003
2026-03-24T01:03:56.802682,0,0,541.518244,0.62
2026-03-24T01:03:57.809617,0,0,541.518244,0.5136
2026-03-24T01:03:58.816628,0,0,541.518244,0.5364
2026-03-24T01:03:59.822590,0,0,541.518244,0.5668
2026-03-24T01:04:00.829561,0,0,541.518244,0.5439999999999999
2026-03-24T01:04:01.835632,0,0,541.518244,0
2026-03-24T01:04:02.842526,0,0,541.518244,0.5896
2026-03-24T01:04:03.848474,0,0,541.518244,0.5364
2026-03-24T01:04:04.855581,0,0,540.636218,0.5287999999999999
2026-03-24T01:04:05.863571,0,0,540.636218,0.5668
2026-03-24T01:04:06.869403,0,0,541.518244,0.582
2026-03-24T01:04:07.876379,0,0,540.636218,0.506
2026-03-24T01:04:08.882355,0,0,541.518244,0.5364
2026-03-24T01:04:09.889306,0,0,541.518244,0.582
2026-03-24T01:04:10.895443,0,0,542.40027,0.4984
2026-03-24T01:04:11.902284,0,0,541.518244,0.5591999999999999
2026-03-24T01:04:12.909255,0,0,541.518244,0.5591999999999999
2026-03-24T01:04:13.916217,0,0,541.518244,0.4984
2026-03-24T01:04:14.923174,0,0,541.518244,0.582
2026-03-24T01:04:15.929138,0,0,541.518244,0.5212
2026-03-24T01:04:16.936147,0,0,540.636218,0.5287999999999999
2026-03-24T01:04:17.942115,0,0,541.518244,0.5972
2026-03-24T01:04:18.949076,0,0,541.518244,0.5516
2026-03-24T01:04:19.955057,0,0,541.518244,0.4984
2026-03-24T01:04:20.962021,0,0,541.518244,0.5364
2026-03-24T01:04:21.969979,0,0,541.518244,0.4984
2026-03-24T01:04:22.975948,0,0,541.518244,0.4908
2026-03-24T01:04:23.982921,0,0,540.636218,0.5212
2026-03-24T01:04:24.988881,0,0,541.518244,0.5591999999999999
2026-03-24T01:04:25.995844,0,0,541.518244,0.4908
2026-03-24T01:04:27.001833,0,0,541.518244,0.5743999999999999
2026-03-24T01:04:28.008830,0,0,541.518244,0.5287999999999999
2026-03-24T01:04:29.015830,0,0,541.518244,0.5516
2026-03-24T01:04:30.022783,0,0,541.518244,0.5364
2026-03-24T01:04:31.029726,0,0,541.518244,0.5212
2026-03-24T01:04:32.034702,0,0,541.518244,0.5136
2026-03-24T01:04:33.042687,0,0,540.636218,0.5896
2026-03-24T01:04:34.048657,0,0,541.518244,0.5364
2026-03-24T01:04:35.055687,0,0,541.518244,0.5212
2026-03-24T01:04:36.061594,0,0,541.518244,0.5668
2026-03-24T01:04:37.068581,0,0,541.518244,0.5212
2026-03-24T01:04:38.076529,0,0,541.518244,0.5136
2026-03-24T01:04:39.082536,0,0,541.518244,0.5668
2026-03-24T01:04:40.089510,0,0,541.518244,0.5287999999999999
2026-03-24T01:04:41.095591,0,0,541.518244,0.5212
2026-03-24T01:04:42.102456,0,0,541.518244,0.5439999999999999
2026-03-24T01:04:43.108406,0,0,541.518244,0.5668
2026-03-24T01:04:44.115457,0,0,541.518244,0.5212
2026-03-24T01:04:45.122380,0,0,541.518244,0.5439999999999999
2026-03-24T01:04:46.129354,0,0,541.518244,0.5668
2026-03-24T01:04:47.136312,0,0,541.518244,0.5287999999999999
2026-03-24T01:04:48.142305,0,0,541.518244,0.5591999999999999
2026-03-24T01:04:49.148249,0,0,540.636218,0.506
2026-03-24T01:04:50.155383,0,0,542.40027,0.5212
2026-03-24T01:04:51.162242,0,0,541.518244,0.5439999999999999
2026-03-24T01:04:52.168188,0,0,541.518244,0.5364
2026-03-24T01:04:53.175165,0,0,540.636218,0.4908
2026-03-24T01:04:54.183139,0,0,541.518244,0.5591999999999999
2026-03-24T01:04:55.189115,0,0,541.518244,0.5668
2026-03-24T01:04:56.196075,0,0,541.518244,0.506
2026-03-24T01:04:57.202044,0,0,540.636218,0.5439999999999999
2026-03-24T01:04:58.209032,0,0,541.518244,0.5516
2026-03-24T01:04:59.215001,0,0,541.518244,0.5136
2026-03-24T01:05:00.221982,0,0,541.518244,0.4984
2026-03-24T01:05:01.228959,0,0,541.518244,0.5364
2026-03-24T01:05:02.235916,0,0,541.518244,0.5136
2026-03-24T01:05:03.242890,0,0,540.636218,0.4984
2026-03-24T01:05:04.248911,0,0,541.518244,0.5439999999999999
2026-03-24T01:05:05.255905,0,0,542.40027,0.5136
2026-03-24T01:05:06.261823,0,0,541.518244,0.5287999999999999
2026-03-24T01:05:07.268814,0,0,540.636218,0.5287999999999999
2026-03-24T01:05:08.274781,0,0,541.518244,0.5212
2026-03-24T01:05:09.281732,0,0,541.518244,0.5136
2026-03-24T01:05:10.289699,0,0,541.518244,0.5516
2026-03-24T01:05:11.295915,0,0,541.518244,0.5591999999999999
2026-03-24T01:05:12.302613,0,0,541.518244,0.5212
2026-03-24T01:05:13.308573,0,0,541.518244,0.5668
2026-03-24T01:05:14.315662,0,0,541.518244,0.5364
2026-03-24T01:05:15.321527,0,0,541.518244,0.5136
2026-03-24T01:05:16.328541,0,0,540.636218,0.5212
2026-03-24T01:05:17.335609,0,0,540.636218,0.5364
2026-03-24T01:05:18.342478,0,0,541.518244,0.506
2026-03-24T01:05:19.349454,0,0,539.754192,0.5364
2026-03-24T01:05:20.355492,0,0,541.518244,0.5287999999999999
2026-03-24T01:05:21.362360,0,0,541.518244,0.4908
2026-03-24T01:05:22.368340,0,0,541.518244,0.5591999999999999
2026-03-24T01:05:23.375350,0,0,541.518244,0.5212
2026-03-24T01:05:24.381314,0,0,541.518244,0.5136
2026-03-24T01:05:25.388262,0,0,541.518244,0.5516
2026-03-24T01:05:26.396273,0,0,541.518244,0.5591999999999999
2026-03-24T01:05:27.402233,0,0,541.518244,0.4756
2026-03-24T01:05:28.409179,0,0,541.518244,0.5516
2026-03-24T01:05:29.415196,0,0,541.518244,0.5439999999999999
2026-03-24T01:05:30.422164,0,0,541.518244,0.5212
2026-03-24T01:05:31.428124,0,0,541.518244,0.5364
2026-03-24T01:05:32.435084,0,0,541.518244,0.5439999999999999
2026-03-24T01:05:33.443043,0,0,541.518244,0.5212
2026-03-24T01:05:34.449025,0,0,541.518244,0.5591999999999999
2026-03-24T01:05:35.456002,0,0,540.636218,0.5439999999999999
2026-03-24T01:05:36.462008,0,0,542.40027,0.4984
2026-03-24T01:05:37.468952,0,0,542.40027,0.5364
2026-03-24T01:05:38.474925,0,0,541.518244,0.5287999999999999
2026-03-24T01:05:39.481908,0,0,540.636218,0.4984
2026-03-24T01:05:40.486867,0,0,541.518244,0.5591999999999999
2026-03-24T01:05:41.494837,0,0,541.518244,0.6048
2026-03-24T01:05:42.502808,0,0,541.518244,0.506
2026-03-24T01:05:43.508795,0,0,541.518244,0.5287999999999999
2026-03-24T01:05:44.515773,0,0,541.518244,0.5287999999999999
2026-03-24T01:05:45.521750,0,0,541.518244,0.5287999999999999
2026-03-24T01:05:46.528718,0,0,542.40027,0.5136
2026-03-24T01:05:47.534690,0,0,540.636218,0.5439999999999999
2026-03-24T01:05:48.541634,0,0,541.518244,0.506
2026-03-24T01:05:49.549579,0,0,541.518244,0.5364
2026-03-24T01:05:50.555675,0,0,542.40027,0.5516
2026-03-24T01:05:51.562556,0,0,541.518244,0.4908
2026-03-24T01:05:52.568518,0,0,540.636218,0.5668
2026-03-24T01:05:53.575619,0,0,540.636218,0.5287999999999999
2026-03-24T01:05:54.581479,0,0,541.518244,0.5136
2026-03-24T01:05:55.588441,0,0,541.518244,0.5212
2026-03-24T01:05:56.594427,0,0,540.636218,0.5439999999999999
2026-03-24T01:05:57.602378,0,0,541.518244,0.5516
2026-03-24T01:05:58.609380,0,0,541.518244,0.5364
2026-03-24T01:05:59.615448,0,0,540.636218,0.5364
2026-03-24T01:06:00.622299,0,0,541.518244,0.4908
2026-03-24T01:06:01.628288,0,0,541.518244,0.5136
2026-03-24T01:06:02.635322,0,0,541.518244,0.5591999999999999
2026-03-24T01:06:03.641283,0,0,541.518244,0.5516
2026-03-24T01:06:04.648244,0,0,541.518244,0.506
2026-03-24T01:06:05.656256,0,0,541.518244,0.5439999999999999
2026-03-24T01:06:06.662174,0,0,542.40027,0.5439999999999999
2026-03-24T01:06:07.669169,0,0,540.636218,0.506
2026-03-24T01:06:08.675094,0,0,542.40027,0.5364
2026-03-24T01:06:09.682092,0,0,543.282296,0.5668
2026-03-24T01:06:10.688141,0,0,541.518244,0.4984
2026-03-24T01:06:11.695088,0,0,541.518244,0.5516
2026-03-24T01:06:12.701066,0,0,541.518244,0.506
2026-03-24T01:06:13.709057,0,0,541.518244,0.5212
2026-03-24T01:06:14.715947,0,0,541.518244,0.5516
2026-03-24T01:06:15.721993,0,0,541.518244,0.5136
2026-03-24T01:06:16.728950,0,0,541.518244,0.4908
2026-03-24T01:06:17.734950,0,0,541.518244,0.5439999999999999
2026-03-24T01:06:18.741913,0,0,541.518244,0.5364
2026-03-24T01:06:19.747869,0,0,541.518244,0.5212
2026-03-24T01:06:20.754845,0,0,540.636218,0.582
2026-03-24T01:06:21.762805,0,0,541.518244,0.5287999999999999
2026-03-24T01:06:22.768807,0,0,541.518244,0.4984
2026-03-24T01:06:23.775770,0,0,541.518244,0.5743999999999999
2026-03-24T01:06:24.781742,0,0,541.518244,0.5743999999999999
2026-03-24T01:06:25.788718,0,0,541.518244,0.5287999999999999
2026-03-24T01:06:26.794800,0,0,550.3385040000001,0.5668
2026-03-24T01:06:27.801663,0,0,540.636218,0.5516
2026-03-24T01:06:28.807754,0,0,541.518244,0.5287999999999999
2026-03-24T01:06:29.815671,0,0,540.636218,0.5439999999999999
2026-03-24T01:06:30.822598,0,0,541.518244,0.5364
2026-03-24T01:06:31.828525,0,0,541.518244,0.506
2026-03-24T01:06:32.835589,0,0,541.518244,0.5743999999999999
2026-03-24T01:06:33.841533,0,0,541.518244,0.5668
2026-03-24T01:06:34.848489,0,0,541.518244,0.5439999999999999
2026-03-24T01:06:35.854439,0,0,541.518244,0.5364
2026-03-24T01:06:36.861436,0,0,541.518244,0.5516
2026-03-24T01:06:37.869409,0,0,541.518244,0.4984
2026-03-24T01:06:38.875418,0,0,541.518244,0.506
2026-03-24T01:06:39.882359,0,0,541.518244,0.5972
2026-03-24T01:06:40.888327,0,0,541.518244,0.506
2026-03-24T01:06:41.895337,0,0,542.40027,0.5364
2026-03-24T01:06:42.901297,0,0,541.518244,0.5591999999999999
2026-03-24T01:06:43.908248,0,0,540.636218,0.5136
2026-03-24T01:06:44.914200,0,0,539.754192,0.5591999999999999
2026-03-24T01:06:45.922188,0,0,539.754192,0.5591999999999999
2026-03-24T01:06:46.929163,0,0,541.518244,0.4832
2026-03-24T01:06:47.935123,0,0,541.518244,0.5516
2026-03-24T01:06:48.942076,0,0,540.636218,0.582
2026-03-24T01:06:49.948069,0,0,540.636218,0.4832
2026-03-24T01:06:50.955031,0,0,541.518244,0.5743999999999999
2026-03-24T01:06:51.961022,0,0,541.518244,0.5591999999999999
2026-03-24T01:06:52.967997,0,0,541.518244,0.506
2026-03-24T01:06:53.975944,0,0,541.518244,0.5668
2026-03-24T01:06:54.981898,0,0,541.518244,0.5516
2026-03-24T01:06:55.988892,0,0,541.518244,0.506
2026-03-24T01:06:56.994863,0,0,541.518244,0.5439999999999999
2026-03-24T01:06:58.001855,0,0,539.754192,0.5212
2026-03-24T01:06:59.007843,0,0,541.518244,0.5212
2026-03-24T01:07:00.014814,0,0,541.518244,0.5439999999999999
2026-03-24T01:07:01.020762,0,0,540.636218,0.5516
2026-03-24T01:07:02.028719,0,0,541.518244,0.468
2026-03-24T01:07:03.035751,0,0,541.518244,0.5287999999999999
2026-03-24T01:07:04.041647,0,0,540.636218,0.5439999999999999
2026-03-24T01:07:05.048676,0,0,540.636218,0.4908
2026-03-24T01:07:06.054649,0,0,541.518244,0.5516
2026-03-24T01:07:07.061612,0,0,542.40027,0.5364
2026-03-24T01:07:08.067627,0,0,542.40027,0.5136
2026-03-24T01:07:09.074505,0,0,541.518244,0.5743999999999999
2026-03-24T01:07:10.082506,0,0,541.518244,0.5896
2026-03-24T01:07:11.088473,0,0,541.518244,0.5212
2026-03-24T01:07:12.095548,0,0,541.518244,0.5439999999999999
2026-03-24T01:07:13.101396,0,0,541.518244,0.5364
2026-03-24T01:07:14.108402,0,0,540.636218,0.5439999999999999
2026-03-24T01:07:15.114360,0,0,540.636218,0.5212
2026-03-24T01:07:16.121338,0,0,541.518244,0.5439999999999999
2026-03-24T01:07:17.127332,0,0,541.518244,0.506
2026-03-24T01:07:18.135329,0,0,541.518244,0.4984
2026-03-24T01:07:19.142218,0,0,540.636218,0.5591999999999999
2026-03-24T01:07:20.148169,0,0,540.636218,0.4984
2026-03-24T01:07:21.155144,0,0,537.108114,0.5516
2026-03-24T01:07:22.161116,0,0,541.518244,0.582
2026-03-24T01:07:23.168095,0,0,540.636218,0.4908
2026-03-24T01:07:24.174086,0,0,540.636218,0.5439999999999999
2026-03-24T01:07:25.181047,0,0,540.636218,0.5668
2026-03-24T01:07:26.189018,0,0,540.636218,0.5287999999999999
2026-03-24T01:07:27.194995,0,0,541.518244,0.5212
2026-03-24T01:07:28.201966,0,0,540.636218,0.5591999999999999
2026-03-24T01:07:29.207931,0,0,541.518244,0.506
2026-03-24T01:07:30.214911,0,0,541.518244,0.5439999999999999
2026-03-24T01:07:31.220875,0,0,541.518244,0.5516
2026-03-24T01:07:32.227858,0,0,540.636218,0.5287999999999999
2026-03-24T01:07:33.233827,0,0,541.518244,0.5516
2026-03-24T01:07:34.241798,0,0,540.636218,0.5591999999999999
2026-03-24T01:07:35.248773,0,0,541.518244,0.4984
2026-03-24T01:07:36.254754,0,0,542.40027,0.5668
2026-03-24T01:07:37.261712,0,0,541.518244,0.5364
2026-03-24T01:07:38.267758,0,0,541.518244,0.5516
2026-03-24T01:07:39.274670,0,0,540.636218,0.5516
2026-03-24T01:07:40.280638,0,0,540.636218,0.5591999999999999
2026-03-24T01:07:41.288651,0,0,542.40027,0.5287999999999999
2026-03-24T01:07:42.295687,0,0,540.636218,0.5287999999999999
2026-03-24T01:07:43.301595,0,0,541.518244,0.5743999999999999
2026-03-24T01:07:44.308562,0,0,540.636218,0.5212
2026-03-24T01:07:45.314554,0,0,529.1698799999999,0.506
2026-03-24T01:07:46.321525,0,0,541.518244,0.5439999999999999
2026-03-24T01:07:47.327568,0,0,541.518244,0.506
2026-03-24T01:07:48.334464,0,0,541.518244,0.5136
2026-03-24T01:07:59.101735,0,0,541.518244,0.5516
2026-03-24T01:08:01.584111,0,0,541.518244,0.5364
2026-03-24T01:08:02.590077,0,0,541.518244,0.5364
2026-03-24T01:08:03.597081,0,0,542.40027,0.5439999999999999
2026-03-24T01:08:04.604049,0,0,543.282296,0.4908
2026-03-24T01:08:05.610029,0,0,540.636218,0.4908
2026-03-24T01:08:06.617992,0,0,539.754192,0.5364
2026-03-24T01:08:07.623974,0,0,541.518244,0.506
2026-03-24T01:08:08.630939,0,0,542.40027,0.5743999999999999
2026-03-24T01:08:09.637911,0,0,541.518244,0.5287999999999999
2026-03-24T01:08:10.643884,0,0,540.636218,0.506
2026-03-24T01:08:11.650820,0,0,541.518244,0.5212
2026-03-24T01:08:12.656801,0,0,540.636218,0.506
2026-03-24T01:08:13.663862,0,0,542.40027,0.4984
2026-03-24T01:08:14.670765,0,0,541.518244,0.5591999999999999
2026-03-24T01:08:15.677724,0,0,541.518244,0.5591999999999999
2026-03-24T01:08:16.683745,0,0,540.636218,0.4756
2026-03-24T01:08:17.690686,0,0,540.636218,0.5439999999999999
2026-03-24T01:08:18.697647,0,0,541.518244,0.5668
2026-03-24T01:08:19.702608,0,0,541.518244,0.4832
2026-03-24T01:08:20.710599,0,0,541.518244,0.5364
2026-03-24T01:08:21.716585,0,0,541.518244,0.5591999999999999
2026-03-24T01:08:33.192803,0,0,540.636218,0.5364
2026-03-24T01:08:55.896275,0,0,539.754192,0.5743999999999999
2026-03-24T01:08:56.550612,0,0,539.754192,0.5743999999999999
2026-03-24T01:08:56.551392,0,0,539.754192,0.5743999999999999
2026-03-24T01:08:56.552056,0,0,539.754192,0.5743999999999999
2026-03-24T01:08:56.552653,0,0,539.754192,0.5743999999999999
2026-03-24T01:08:56.553265,0,0,539.754192,0.5743999999999999
2026-03-24T01:08:56.553829,0,0,539.754192,0.5743999999999999
2026-03-24T01:08:56.554435,0,0,539.754192,0.5743999999999999
2026-03-24T01:08:56.555029,0,0,539.754192,0.5743999999999999
2026-03-24T01:08:56.555779,0,0,539.754192,0.5743999999999999
2026-03-24T01:08:56.556430,0,0,539.754192,0.5743999999999999
2026-03-24T01:08:56.557026,0,0,539.754192,0.5743999999999999
2026-03-24T01:08:56.557612,0,0,539.754192,0.5743999999999999
2026-03-24T01:08:56.558211,0,0,539.754192,0.5743999999999999
2026-03-24T01:08:56.558777,0,0,539.754192,0.5743999999999999
2026-03-24T01:08:56.559463,0,0,539.754192,0.5743999999999999
2026-03-24T01:08:56.560120,0,0,539.754192,0.5743999999999999
2026-03-24T01:08:56.560704,0,0,539.754192,0.5743999999999999
2026-03-24T01:08:56.561312,0,0,539.754192,0.5743999999999999
2026-03-24T01:08:56.561887,0,0,539.754192,0.5743999999999999
2026-03-24T01:08:56.562487,0,0,539.754192,0.5743999999999999
2026-03-24T01:08:56.563082,0,0,539.754192,0.5743999999999999
2026-03-24T01:08:56.563820,0,0,539.754192,0.5743999999999999
2026-03-24T01:08:56.564555,0,0,539.754192,0.5743999999999999
2026-03-24T01:08:56.565168,0,0,539.754192,0.5743999999999999
2026-03-24T01:08:56.565736,0,0,539.754192,0.5743999999999999
2026-03-24T01:08:56.566329,0,0,539.754192,0.5743999999999999
2026-03-24T01:08:56.566884,0,0,539.754192,0.5743999999999999
2026-03-24T01:08:56.567663,0,0,539.754192,0.5743999999999999
2026-03-24T01:08:56.568318,0,0,539.754192,0.5743999999999999
2026-03-24T01:08:56.568896,0,0,539.754192,0.5743999999999999
2026-03-24T01:08:56.569494,0,0,539.754192,0.5743999999999999
2026-03-24T01:08:56.570079,0,0,539.754192,0.5743999999999999
2026-03-24T01:08:56.570646,0,0,539.754192,0.5743999999999999
2026-03-24T01:08:56.571315,0,0,539.754192,0.5743999999999999
2026-03-24T01:08:56.571983,0,0,539.754192,0.5743999999999999
2026-03-24T01:08:56.572571,0,0,539.754192,0.5743999999999999
2026-03-24T01:08:56.573158,0,0,539.754192,0.5743999999999999
2026-03-24T01:08:56.573724,0,0,539.754192,0.5743999999999999
2026-03-24T01:08:56.574322,0,0,539.754192,0.5743999999999999
2026-03-24T01:08:56.574892,0,0,539.754192,0.5743999999999999
2026-03-24T01:08:56.575624,0,0,539.754192,0.5743999999999999
2026-03-24T01:08:56.576272,0,0,539.754192,0.5743999999999999
2026-03-24T01:08:56.576833,0,0,539.754192,0.5743999999999999
2026-03-24T01:08:56.577432,0,0,539.754192,0.5743999999999999
2026-03-24T01:08:56.578012,0,0,539.754192,0.5743999999999999
2026-03-24T01:08:56.578588,0,0,539.754192,0.5743999999999999
2026-03-24T01:08:56.579173,0,0,539.754192,0.5743999999999999
2026-03-24T01:08:56.579992,0,0,539.754192,0.5743999999999999
2026-03-24T01:08:56.580586,0,0,539.754192,0.5743999999999999
2026-03-24T01:08:56.581175,0,0,539.754192,0.5743999999999999
2026-03-24T01:08:56.581737,0,0,539.754192,0.5743999999999999
2026-03-24T01:08:56.582331,0,0,539.754192,0.5743999999999999
2026-03-24T01:08:56.582900,0,0,539.754192,0.5743999999999999
2026-03-24T01:08:56.583662,0,0,539.754192,0.5743999999999999
2026-03-24T01:08:56.584308,0,0,539.754192,0.5743999999999999
2026-03-24T01:08:56.584886,0,0,539.754192,0.5743999999999999
2026-03-24T01:08:56.585484,0,0,539.754192,0.5743999999999999
2026-03-24T01:08:56.586066,0,0,539.754192,0.5743999999999999
2026-03-24T01:08:56.586638,0,0,539.754192,0.5743999999999999
2026-03-24T01:08:56.587303,0,0,539.754192,0.5743999999999999
2026-03-24T01:08:56.588001,0,0,539.754192,0.5743999999999999
2026-03-24T01:08:56.588591,0,0,539.754192,0.5743999999999999
2026-03-24T01:08:56.589184,0,0,539.754192,0.5743999999999999
2026-03-24T01:08:56.589749,0,0,539.754192,0.5743999999999999
2026-03-24T01:08:56.590349,0,0,539.754192,0.5743999999999999
2026-03-24T01:08:56.590923,0,0,539.754192,0.5743999999999999
2026-03-24T01:08:56.591708,0,0,539.754192,0.5743999999999999
2026-03-24T01:08:56.592356,0,0,539.754192,0.5743999999999999
2026-03-24T01:08:56.592940,0,0,539.754192,0.5743999999999999
2026-03-24T01:08:56.593525,0,0,539.754192,0.5743999999999999
2026-03-24T01:08:56.594119,0,0,539.754192,0.5743999999999999
2026-03-24T01:08:56.594688,0,0,539.754192,0.5743999999999999
2026-03-24T01:08:56.595365,0,0,539.754192,0.5743999999999999
2026-03-24T01:08:56.596015,0,0,539.754192,0.5743999999999999
2026-03-24T01:08:56.596598,0,0,539.754192,0.5743999999999999
2026-03-24T01:08:56.597191,0,0,539.754192,0.5743999999999999
2026-03-24T01:08:56.597785,0,0,539.754192,0.5743999999999999
2026-03-24T01:08:56.598385,0,0,539.754192,0.5743999999999999
2026-03-24T01:08:56.599039,0,0,539.754192,0.5743999999999999
2026-03-24T01:08:56.599826,0,0,539.754192,0.5743999999999999
2026-03-24T01:08:56.600576,0,0,539.754192,0.5743999999999999
2026-03-24T01:08:56.601452,0,0,539.754192,0.5743999999999999
2026-03-24T01:08:56.602452,0,0,539.754192,0.5743999999999999
2026-03-24T01:08:56.603553,0,0,539.754192,0.5743999999999999
2026-03-24T01:08:56.604467,0,0,539.754192,0.5743999999999999
2026-03-24T01:08:56.605463,0,0,539.754192,0.5743999999999999
2026-03-24T01:08:56.606590,0,0,539.754192,0.5743999999999999
2026-03-24T01:08:56.607550,0,0,539.754192,0.5743999999999999
2026-03-24T01:08:56.608483,0,0,539.754192,0.5743999999999999
2026-03-24T01:08:56.609464,0,0,539.754192,0.5743999999999999
2026-03-24T01:08:56.610467,0,0,539.754192,0.5743999999999999
2026-03-24T01:08:56.611566,0,0,539.754192,0.5743999999999999
2026-03-24T01:08:56.612468,0,0,539.754192,0.5743999999999999
2026-03-24T01:08:56.613453,0,0,539.754192,0.5743999999999999
2026-03-24T01:08:56.614441,0,0,539.754192,0.5743999999999999
2026-03-24T01:08:56.615540,0,0,539.754192,0.5743999999999999
2026-03-24T01:08:56.616459,0,0,539.754192,0.5743999999999999
2026-03-24T01:08:56.617447,0,0,539.754192,0.5743999999999999
2026-03-24T01:08:56.618442,0,0,539.754192,0.5743999999999999
2026-03-24T01:08:56.619530,0,0,539.754192,0.5743999999999999
2026-03-24T01:08:56.620467,0,0,539.754192,0.5743999999999999
2026-03-24T01:08:56.621441,0,0,539.754192,0.5743999999999999
2026-03-24T01:08:56.622438,0,0,539.754192,0.5743999999999999
2026-03-24T01:08:56.623604,0,0,539.754192,0.5743999999999999
2026-03-24T01:08:56.624467,0,0,539.754192,0.5743999999999999
2026-03-24T01:08:56.625446,0,0,539.754192,0.5743999999999999
2026-03-24T01:08:56.626439,0,0,539.754192,0.5743999999999999
2026-03-24T01:08:56.627536,0,0,539.754192,0.5743999999999999
2026-03-24T01:08:56.628461,0,0,539.754192,0.5743999999999999
2026-03-24T01:08:56.629445,0,0,539.754192,0.5743999999999999
2026-03-24T01:08:56.630441,0,0,539.754192,0.5743999999999999
2026-03-24T01:08:56.631537,0,0,539.754192,0.5743999999999999
2026-03-24T01:08:56.632449,0,0,539.754192,0.5743999999999999
2026-03-24T01:08:56.633442,0,0,539.754192,0.5743999999999999
2026-03-24T01:08:56.634442,0,0,539.754192,0.5743999999999999
2026-03-24T01:08:56.635556,0,0,539.754192,0.5743999999999999
2026-03-24T01:08:56.636453,0,0,539.754192,0.5743999999999999
2026-03-24T01:08:56.637441,0,0,539.754192,0.5743999999999999
2026-03-24T01:08:56.638445,0,0,539.754192,0.5743999999999999
2026-03-24T01:08:56.639543,0,0,539.754192,0.5743999999999999
2026-03-24T01:08:56.640460,0,0,539.754192,0.5743999999999999
2026-03-24T01:08:56.641446,0,0,539.754192,0.5743999999999999
2026-03-24T01:08:56.642447,0,0,539.754192,0.5743999999999999
2026-03-24T01:08:56.643541,0,0,539.754192,0.5743999999999999
2026-03-24T01:08:56.644454,0,0,539.754192,0.5743999999999999
2026-03-24T01:08:56.645449,0,0,539.754192,0.5743999999999999
2026-03-24T01:08:56.646433,0,0,539.754192,0.5743999999999999
2026-03-24T01:08:56.647618,0,0,539.754192,0.5743999999999999
2026-03-24T01:08:56.648379,0,0,539.754192,0.5743999999999999
2026-03-24T01:08:56.649071,0,0,539.754192,0.5743999999999999
2026-03-24T01:08:56.649699,0,0,539.754192,0.5743999999999999
2026-03-24T01:08:56.650404,0,0,539.754192,0.5743999999999999
2026-03-24T01:08:56.651568,0,0,539.754192,0.5743999999999999
2026-03-24T01:08:56.652479,0,0,539.754192,0.5743999999999999
2026-03-24T01:08:56.653465,0,0,539.754192,0.5743999999999999
2026-03-24T01:08:56.654447,0,0,539.754192,0.5743999999999999
2026-03-24T01:08:56.655592,0,0,539.754192,0.5743999999999999
2026-03-24T01:08:56.656474,0,0,539.754192,0.5743999999999999
2026-03-24T01:08:56.657459,0,0,539.754192,0.5743999999999999
2026-03-24T01:08:56.658450,0,0,539.754192,0.5743999999999999
2026-03-24T01:08:56.659570,0,0,539.754192,0.5743999999999999
2026-03-24T01:08:56.660464,0,0,539.754192,0.5743999999999999
2026-03-24T01:08:56.661463,0,0,539.754192,0.5743999999999999
2026-03-24T01:08:56.662460,0,0,539.754192,0.5743999999999999
2026-03-24T01:08:56.663542,0,0,539.754192,0.5743999999999999
2026-03-24T01:08:56.664468,0,0,539.754192,0.5743999999999999
2026-03-24T01:08:56.665462,0,0,539.754192,0.5743999999999999
2026-03-24T01:08:56.666457,0,0,539.754192,0.5743999999999999
2026-03-24T01:08:56.667531,0,0,539.754192,0.5743999999999999
2026-03-24T01:08:56.668466,0,0,539.754192,0.5743999999999999
2026-03-24T01:08:56.669449,0,0,539.754192,0.5743999999999999
2026-03-24T01:08:56.670447,0,0,539.754192,0.5743999999999999
2026-03-24T01:08:56.671569,0,0,539.754192,0.5743999999999999
2026-03-24T01:08:56.672494,0,0,539.754192,0.5743999999999999
2026-03-24T01:08:56.673470,0,0,539.754192,0.5743999999999999
2026-03-24T01:08:56.674455,0,0,539.754192,0.5743999999999999
2026-03-24T01:08:56.675550,0,0,539.754192,0.5743999999999999
2026-03-24T01:08:56.676457,0,0,539.754192,0.5743999999999999
2026-03-24T01:08:56.677452,0,0,539.754192,0.5743999999999999
2026-03-24T01:08:56.678455,0,0,539.754192,0.5743999999999999
2026-03-24T01:08:56.679545,0,0,539.754192,0.5743999999999999
2026-03-24T01:08:56.680467,0,0,539.754192,0.5743999999999999
2026-03-24T01:08:56.681454,0,0,539.754192,0.5743999999999999
2026-03-24T01:08:56.682457,0,0,539.754192,0.5743999999999999
2026-03-24T01:08:56.683569,0,0,539.754192,0.5743999999999999
2026-03-24T01:08:56.684462,0,0,539.754192,0.5743999999999999
2026-03-24T01:08:56.685458,0,0,539.754192,0.5743999999999999
2026-03-24T01:08:56.686461,0,0,539.754192,0.5743999999999999
2026-03-24T01:08:56.687542,0,0,539.754192,0.5743999999999999
2026-03-24T01:08:56.688463,0,0,539.754192,0.5743999999999999
2026-03-24T01:08:56.689460,0,0,539.754192,0.5743999999999999
2026-03-24T01:08:56.690454,0,0,539.754192,0.5743999999999999
2026-03-24T01:08:56.691543,0,0,539.754192,0.5743999999999999
2026-03-24T01:08:56.692472,0,0,539.754192,0.5743999999999999
2026-03-24T01:08:56.693464,0,0,539.754192,0.5743999999999999
2026-03-24T01:08:56.694454,0,0,539.754192,0.5743999999999999
2026-03-24T01:08:56.695568,0,0,539.754192,0.5743999999999999
2026-03-24T01:08:56.696470,0,0,539.754192,0.5743999999999999
2026-03-24T01:08:56.697459,0,0,539.754192,0.5743999999999999
2026-03-24T01:08:56.698454,0,0,539.754192,0.5743999999999999
2026-03-24T01:08:56.699546,0,0,539.754192,0.5743999999999999
2026-03-24T01:08:56.700467,0,0,539.754192,0.5743999999999999
2026-03-24T01:08:56.701461,0,0,539.754192,0.5743999999999999
2026-03-24T01:08:56.702455,0,0,539.754192,0.5743999999999999
2026-03-24T01:08:56.703545,0,0,539.754192,0.5743999999999999
2026-03-24T01:08:56.704469,0,0,539.754192,0.5743999999999999
2026-03-24T01:08:56.705461,0,0,539.754192,0.5743999999999999
2026-03-24T01:08:56.706451,0,0,539.754192,0.5743999999999999
2026-03-24T01:08:56.707562,0,0,539.754192,0.5743999999999999
2026-03-24T01:08:56.708466,0,0,539.754192,0.5743999999999999
2026-03-24T01:08:56.709473,0,0,539.754192,0.5743999999999999
2026-03-24T01:08:56.710452,0,0,539.754192,0.5743999999999999
2026-03-24T01:08:56.711537,0,0,539.754192,0.5743999999999999
2026-03-24T01:08:56.712454,0,0,539.754192,0.5743999999999999
2026-03-24T01:08:56.713455,0,0,539.754192,0.5743999999999999
2026-03-24T01:08:56.714460,0,0,539.754192,0.5743999999999999
2026-03-24T01:08:56.715539,0,0,539.754192,0.5743999999999999
2026-03-24T01:08:56.716466,0,0,539.754192,0.5743999999999999
2026-03-24T01:08:56.717468,0,0,539.754192,0.5743999999999999
2026-03-24T01:08:56.718457,0,0,539.754192,0.5743999999999999
2026-03-24T01:08:56.719595,0,0,539.754192,0.5743999999999999
2026-03-24T01:08:56.720475,0,0,539.754192,0.5743999999999999
2026-03-24T01:08:56.721461,0,0,539.754192,0.5743999999999999
2026-03-24T01:08:56.722447,0,0,539.754192,0.5743999999999999
2026-03-24T01:08:56.723548,0,0,539.754192,0.5743999999999999
2026-03-24T01:08:56.724463,0,0,539.754192,0.5743999999999999
2026-03-24T01:08:56.725460,0,0,539.754192,0.5743999999999999
2026-03-24T01:08:56.726454,0,0,539.754192,0.5743999999999999
2026-03-24T01:08:56.727537,0,0,539.754192,0.5743999999999999
2026-03-24T01:08:56.728466,0,0,539.754192,0.5743999999999999
2026-03-24T01:08:56.729457,0,0,539.754192,0.5743999999999999
2026-03-24T01:08:56.730445,0,0,539.754192,0.5743999999999999
2026-03-24T01:08:56.731563,0,0,539.754192,0.5743999999999999
2026-03-24T01:08:56.732465,0,0,539.754192,0.5743999999999999
2026-03-24T01:08:56.733461,0,0,539.754192,0.5743999999999999
2026-03-24T01:08:56.734445,0,0,539.754192,0.5743999999999999
2026-03-24T01:08:56.735546,0,0,539.754192,0.5743999999999999
2026-03-24T01:08:56.736463,0,0,539.754192,0.5743999999999999
2026-03-24T01:08:56.737449,0,0,539.754192,0.5743999999999999
2026-03-24T01:08:56.738441,0,0,539.754192,0.5743999999999999
2026-03-24T01:08:56.739541,0,0,539.754192,0.5743999999999999
2026-03-24T01:08:56.740466,0,0,539.754192,0.5743999999999999
2026-03-24T01:08:56.741445,0,0,539.754192,0.5743999999999999
2026-03-24T01:08:56.742442,0,0,539.754192,0.5743999999999999
2026-03-24T01:08:56.743559,0,0,539.754192,0.5743999999999999
2026-03-24T01:08:56.744473,0,0,539.754192,0.5743999999999999
2026-03-24T01:08:56.745446,0,0,539.754192,0.5743999999999999
2026-03-24T01:08:56.746441,0,0,539.754192,0.5743999999999999
2026-03-24T01:08:56.747532,0,0,539.754192,0.5743999999999999
2026-03-24T01:08:56.748457,0,0,539.754192,0.5743999999999999
2026-03-24T01:08:56.749447,0,0,539.754192,0.5743999999999999
2026-03-24T01:08:56.750438,0,0,539.754192,0.5743999999999999
2026-03-24T01:08:56.751545,0,0,539.754192,0.5743999999999999
2026-03-24T01:08:56.752459,0,0,539.754192,0.5743999999999999
2026-03-24T01:08:56.753444,0,0,539.754192,0.5743999999999999
2026-03-24T01:08:56.754446,0,0,539.754192,0.5743999999999999
2026-03-24T01:08:56.755556,0,0,539.754192,0.5743999999999999
2026-03-24T01:08:56.756454,0,0,539.754192,0.5743999999999999
2026-03-24T01:08:56.757445,0,0,539.754192,0.5743999999999999
2026-03-24T01:08:56.758439,0,0,539.754192,0.5743999999999999
2026-03-24T01:08:56.759537,0,0,539.754192,0.5743999999999999
2026-03-24T01:08:56.760454,0,0,539.754192,0.5743999999999999
2026-03-24T01:08:56.761452,0,0,539.754192,0.5743999999999999
2026-03-24T01:08:56.762436,0,0,539.754192,0.5743999999999999
2026-03-24T01:08:56.763552,0,0,539.754192,0.5743999999999999
2026-03-24T01:08:56.764470,0,0,539.754192,0.5743999999999999
2026-03-24T01:08:56.765451,0,0,539.754192,0.5743999999999999
2026-03-24T01:08:56.766457,0,0,539.754192,0.5743999999999999
2026-03-24T01:08:56.767567,0,0,539.754192,0.5743999999999999
2026-03-24T01:08:56.768461,0,0,539.754192,0.5743999999999999
2026-03-24T01:08:56.769455,0,0,539.754192,0.5743999999999999
2026-03-24T01:08:56.770455,0,0,539.754192,0.5743999999999999
2026-03-24T01:08:56.771550,0,0,539.754192,0.5743999999999999
2026-03-24T01:08:56.772460,0,0,539.754192,0.5743999999999999
2026-03-24T01:08:56.773457,0,0,539.754192,0.5743999999999999
2026-03-24T01:08:56.774453,0,0,539.754192,0.5743999999999999
2026-03-24T01:08:56.775536,0,0,539.754192,0.5743999999999999
2026-03-24T01:08:56.776472,0,0,539.754192,0.5743999999999999
2026-03-24T01:08:56.777463,0,0,539.754192,0.5743999999999999
2026-03-24T01:08:56.778457,0,0,539.754192,0.5743999999999999
2026-03-24T01:08:56.779565,0,0,539.754192,0.5743999999999999
2026-03-24T01:08:56.780461,0,0,539.754192,0.5743999999999999
2026-03-24T01:08:56.781462,0,0,539.754192,0.5743999999999999
2026-03-24T01:08:56.782454,0,0,539.754192,0.5743999999999999
2026-03-24T01:08:56.783588,0,0,539.754192,0.5743999999999999
2026-03-24T01:08:56.784468,0,0,539.754192,0.5743999999999999
2026-03-24T01:08:56.785452,0,0,539.754192,0.5743999999999999
2026-03-24T01:08:56.786447,0,0,539.754192,0.5743999999999999
2026-03-24T01:08:56.787544,0,0,539.754192,0.5743999999999999
2026-03-24T01:08:56.788497,0,0,539.754192,0.5743999999999999
2026-03-24T01:08:56.789459,0,0,539.754192,0.5743999999999999
2026-03-24T01:08:56.790453,0,0,539.754192,0.5743999999999999
2026-03-24T01:08:56.791576,0,0,539.754192,0.5743999999999999
2026-03-24T01:08:56.792465,0,0,539.754192,0.5743999999999999
2026-03-24T01:08:56.793452,0,0,539.754192,0.5743999999999999
2026-03-24T01:08:56.794849,0,0,539.754192,0.5743999999999999
2026-03-24T01:08:56.795936,0,0,539.754192,0.5743999999999999
2026-03-24T01:08:56.796679,0,0,539.754192,0.5743999999999999
2026-03-24T01:08:56.797471,0,0,539.754192,0.5743999999999999
2026-03-24T01:08:56.798452,0,0,539.754192,0.5743999999999999
2026-03-24T01:08:56.799530,0,0,539.754192,0.5743999999999999
2026-03-24T01:08:56.800465,0,0,539.754192,0.5743999999999999
2026-03-24T01:08:56.801444,0,0,539.754192,0.5743999999999999
2026-03-24T01:08:56.802439,0,0,539.754192,0.5743999999999999
2026-03-24T01:08:56.803569,0,0,539.754192,0.5743999999999999
2026-03-24T01:08:56.804468,0,0,539.754192,0.5743999999999999
2026-03-24T01:08:56.805453,0,0,539.754192,0.5743999999999999
2026-03-24T01:08:56.806447,0,0,539.754192,0.5743999999999999
2026-03-24T01:08:56.807537,0,0,539.754192,0.5743999999999999
2026-03-24T01:08:56.808465,0,0,539.754192,0.5743999999999999
2026-03-24T01:08:56.809456,0,0,539.754192,0.5743999999999999
2026-03-24T01:08:56.810447,0,0,539.754192,0.5743999999999999
2026-03-24T01:08:56.811636,0,0,539.754192,0.5743999999999999
2026-03-24T01:08:56.812469,0,0,539.754192,0.5743999999999999
2026-03-24T01:08:56.813448,0,0,539.754192,0.5743999999999999
2026-03-24T01:08:56.814447,0,0,539.754192,0.5743999999999999
2026-03-24T01:08:56.815564,0,0,539.754192,0.5743999999999999
2026-03-24T01:08:56.816466,0,0,539.754192,0.5743999999999999
2026-03-24T01:08:56.817453,0,0,539.754192,0.5743999999999999
2026-03-24T01:08:56.818447,0,0,539.754192,0.5743999999999999
2026-03-24T01:08:56.819535,0,0,539.754192,0.5743999999999999
2026-03-24T01:08:56.820461,0,0,539.754192,0.5743999999999999
2026-03-24T01:08:56.821449,0,0,539.754192,0.5743999999999999
2026-03-24T01:08:56.822448,0,0,539.754192,0.5743999999999999
2026-03-24T01:08:56.823532,0,0,539.754192,0.5743999999999999
2026-03-24T01:08:56.824461,0,0,539.754192,0.5743999999999999
2026-03-24T01:08:56.825453,0,0,539.754192,0.5743999999999999
2026-03-24T01:08:56.826456,0,0,539.754192,0.5743999999999999
2026-03-24T01:08:56.827578,0,0,539.754192,0.5743999999999999
2026-03-24T01:08:56.828455,0,0,539.754192,0.5743999999999999
2026-03-24T01:08:56.829450,0,0,539.754192,0.5743999999999999
2026-03-24T01:08:56.830446,0,0,539.754192,0.5743999999999999
2026-03-24T01:08:56.831532,0,0,539.754192,0.5743999999999999
2026-03-24T01:08:56.832454,0,0,539.754192,0.5743999999999999
2026-03-24T01:08:56.833448,0,0,539.754192,0.5743999999999999
2026-03-24T01:08:56.834443,0,0,539.754192,0.5743999999999999
2026-03-24T01:08:56.835529,0,0,539.754192,0.5743999999999999
2026-03-24T01:08:56.836463,0,0,539.754192,0.5743999999999999
2026-03-24T01:08:56.837448,0,0,539.754192,0.5743999999999999
2026-03-24T01:08:56.838443,0,0,539.754192,0.5743999999999999
2026-03-24T01:08:56.839556,0,0,539.754192,0.5743999999999999
2026-03-24T01:08:56.840456,0,0,539.754192,0.5743999999999999
2026-03-24T01:08:56.841434,0,0,539.754192,0.5743999999999999
2026-03-24T01:08:56.842435,0,0,539.754192,0.5743999999999999
2026-03-24T01:08:56.843522,0,0,539.754192,0.5743999999999999
2026-03-24T01:08:56.844457,0,0,539.754192,0.5743999999999999
2026-03-24T01:08:56.845452,0,0,539.754192,0.5743999999999999
2026-03-24T01:08:56.846445,0,0,539.754192,0.5743999999999999
2026-03-24T01:08:56.847539,0,0,539.754192,0.5743999999999999
2026-03-24T01:08:56.848457,0,0,539.754192,0.5743999999999999
2026-03-24T01:08:56.849447,0,0,539.754192,0.5743999999999999
2026-03-24T01:08:56.850445,0,0,539.754192,0.5743999999999999
2026-03-24T01:08:56.851551,0,0,539.754192,0.5743999999999999
2026-03-24T01:08:56.852451,0,0,539.754192,0.5743999999999999
2026-03-24T01:08:56.853449,0,0,539.754192,0.5743999999999999
2026-03-24T01:08:56.854443,0,0,539.754192,0.5743999999999999
2026-03-24T01:08:56.855530,0,0,539.754192,0.5743999999999999
2026-03-24T01:08:56.856465,0,0,539.754192,0.5743999999999999
2026-03-24T01:08:56.857457,0,0,539.754192,0.5743999999999999
2026-03-24T01:08:56.858447,0,0,539.754192,0.5743999999999999
2026-03-24T01:08:56.859550,0,0,539.754192,0.5743999999999999
2026-03-24T01:08:56.860450,0,0,539.754192,0.5743999999999999
2026-03-24T01:08:56.861446,0,0,539.754192,0.5743999999999999
2026-03-24T01:08:56.862440,0,0,539.754192,0.5743999999999999
2026-03-24T01:08:56.863565,0,0,539.754192,0.5743999999999999
2026-03-24T01:08:56.864453,0,0,539.754192,0.5743999999999999
2026-03-24T01:08:56.865452,0,0,539.754192,0.5743999999999999
2026-03-24T01:08:56.866446,0,0,539.754192,0.5743999999999999
2026-03-24T01:08:56.867541,0,0,539.754192,0.5743999999999999
2026-03-24T01:08:56.868465,0,0,539.754192,0.5743999999999999
2026-03-24T01:08:56.869450,0,0,539.754192,0.5743999999999999
2026-03-24T01:08:56.870435,0,0,539.754192,0.5743999999999999
2026-03-24T01:08:56.871542,0,0,539.754192,0.5743999999999999
2026-03-24T01:08:56.872476,0,0,539.754192,0.5743999999999999
2026-03-24T01:08:56.873457,0,0,539.754192,0.5743999999999999
2026-03-24T01:08:56.874445,0,0,539.754192,0.5743999999999999
2026-03-24T01:08:56.875555,0,0,539.754192,0.5743999999999999
2026-03-24T01:08:56.876449,0,0,539.754192,0.5743999999999999
2026-03-24T01:08:56.877440,0,0,539.754192,0.5743999999999999
2026-03-24T01:08:56.878440,0,0,539.754192,0.5743999999999999
2026-03-24T01:08:56.879541,0,0,539.754192,0.5743999999999999
2026-03-24T01:08:56.880450,0,0,539.754192,0.5743999999999999
2026-03-24T01:08:56.881438,0,0,539.754192,0.5743999999999999
2026-03-24T01:08:56.882446,0,0,539.754192,0.5743999999999999
2026-03-24T01:08:56.883537,0,0,539.754192,0.5743999999999999
2026-03-24T01:08:56.884451,0,0,539.754192,0.5743999999999999
2026-03-24T01:08:56.885440,0,0,539.754192,0.5743999999999999
2026-03-24T01:08:56.886439,0,0,539.754192,0.5743999999999999
2026-03-24T01:08:56.887564,0,0,539.754192,0.5743999999999999
2026-03-24T01:08:56.888440,0,0,539.754192,0.5743999999999999
2026-03-24T01:08:56.889441,0,0,539.754192,0.5743999999999999
2026-03-24T01:08:56.890441,0,0,539.754192,0.5743999999999999
2026-03-24T01:08:56.891595,0,0,539.754192,0.5743999999999999
2026-03-24T01:08:56.892434,0,0,539.754192,0.5743999999999999
2026-03-24T01:08:56.893444,0,0,539.754192,0.5743999999999999
2026-03-24T01:08:56.894440,0,0,539.754192,0.5743999999999999
2026-03-24T01:08:56.895598,0,0,539.754192,0.5743999999999999
2026-03-24T01:08:56.896358,0,0,539.754192,0.5743999999999999
2026-03-24T01:08:56.897034,0,0,539.754192,0.5743999999999999
2026-03-24T01:08:56.897670,0,0,539.754192,0.5743999999999999
2026-03-24T01:08:56.898455,0,0,539.754192,0.5743999999999999
2026-03-24T01:08:56.899527,0,0,539.754192,0.5743999999999999
2026-03-24T01:08:56.900458,0,0,539.754192,0.5743999999999999
2026-03-24T01:08:56.901453,0,0,539.754192,0.5743999999999999
2026-03-24T01:08:56.902450,0,0,539.754192,0.5743999999999999
2026-03-24T01:08:56.903564,0,0,539.754192,0.5743999999999999
2026-03-24T01:08:56.904469,0,0,539.754192,0.5743999999999999
2026-03-24T01:08:56.905456,0,0,539.754192,0.5743999999999999
2026-03-24T01:08:56.906450,0,0,539.754192,0.5743999999999999
2026-03-24T01:08:56.907538,0,0,539.754192,0.5743999999999999
2026-03-24T01:08:56.908463,0,0,539.754192,0.5743999999999999
2026-03-24T01:08:56.909457,0,0,539.754192,0.5743999999999999
2026-03-24T01:08:56.910446,0,0,539.754192,0.5743999999999999
2026-03-24T01:08:56.911540,0,0,539.754192,0.5743999999999999
2026-03-24T01:08:56.912459,0,0,539.754192,0.5743999999999999
2026-03-24T01:08:56.913452,0,0,539.754192,0.5743999999999999
2026-03-24T01:08:56.914451,0,0,539.754192,0.5743999999999999
2026-03-24T01:08:56.915555,0,0,539.754192,0.5743999999999999
2026-03-24T01:08:56.916452,0,0,539.754192,0.5743999999999999
2026-03-24T01:08:56.917463,0,0,539.754192,0.5743999999999999
2026-03-24T01:08:56.918458,0,0,539.754192,0.5743999999999999
2026-03-24T01:08:56.919548,0,0,539.754192,0.5743999999999999
2026-03-24T01:08:56.920470,0,0,539.754192,0.5743999999999999
2026-03-24T01:08:56.921461,0,0,539.754192,0.5743999999999999
2026-03-24T01:08:56.922463,0,0,539.754192,0.5743999999999999
2026-03-24T01:08:56.923535,0,0,539.754192,0.5743999999999999
2026-03-24T01:08:56.924456,0,0,539.754192,0.5743999999999999
2026-03-24T01:08:56.925445,0,0,539.754192,0.5743999999999999
2026-03-24T01:08:56.926449,0,0,539.754192,0.5743999999999999
2026-03-24T01:08:56.927557,0,0,539.754192,0.5743999999999999
2026-03-24T01:08:56.928462,0,0,539.754192,0.5743999999999999
2026-03-24T01:08:56.929453,0,0,539.754192,0.5743999999999999
2026-03-24T01:08:56.930452,0,0,539.754192,0.5743999999999999
2026-03-24T01:08:56.931545,0,0,539.754192,0.5743999999999999
2026-03-24T01:08:56.932475,0,0,539.754192,0.5743999999999999
2026-03-24T01:08:56.933458,0,0,539.754192,0.5743999999999999
2026-03-24T01:08:56.934449,0,0,539.754192,0.5743999999999999
2026-03-24T01:08:56.935583,0,0,539.754192,0.5743999999999999
2026-03-24T01:08:56.936463,0,0,539.754192,0.5743999999999999
2026-03-24T01:08:56.937466,0,0,539.754192,0.5743999999999999
2026-03-24T01:08:56.938454,0,0,539.754192,0.5743999999999999
2026-03-24T01:08:56.939564,0,0,539.754192,0.5743999999999999
2026-03-24T01:08:56.940458,0,0,539.754192,0.5743999999999999
2026-03-24T01:08:56.941447,0,0,539.754192,0.5743999999999999
2026-03-24T01:08:56.942449,0,0,539.754192,0.5743999999999999
2026-03-24T01:08:56.943540,0,0,539.754192,0.5743999999999999
2026-03-24T01:08:56.944452,0,0,539.754192,0.5743999999999999
2026-03-24T01:08:56.945444,0,0,539.754192,0.5743999999999999
2026-03-24T01:08:56.946444,0,0,539.754192,0.5743999999999999
2026-03-24T01:08:56.947533,0,0,539.754192,0.5743999999999999
2026-03-24T01:08:56.948454,0,0,539.754192,0.5743999999999999
2026-03-24T01:08:56.949446,0,0,539.754192,0.5743999999999999
2026-03-24T01:08:56.950439,0,0,539.754192,0.5743999999999999
2026-03-24T01:08:56.951565,0,0,539.754192,0.5743999999999999
2026-03-24T01:08:56.952479,0,0,539.754192,0.5743999999999999
2026-03-24T01:08:56.953453,0,0,539.754192,0.5743999999999999
2026-03-24T01:08:56.954447,0,0,539.754192,0.5743999999999999
2026-03-24T01:08:56.955536,0,0,539.754192,0.5743999999999999
2026-03-24T01:08:56.956457,0,0,539.754192,0.5743999999999999
2026-03-24T01:08:56.957440,0,0,539.754192,0.5743999999999999
2026-03-24T01:08:56.958438,0,0,539.754192,0.5743999999999999
2026-03-24T01:08:56.959531,0,0,539.754192,0.5743999999999999
2026-03-24T01:08:56.960451,0,0,539.754192,0.5743999999999999
2026-03-24T01:08:56.961442,0,0,539.754192,0.5743999999999999
2026-03-24T01:08:56.962443,0,0,539.754192,0.5743999999999999
2026-03-24T01:08:56.963548,0,0,539.754192,0.5743999999999999
2026-03-24T01:08:56.964451,0,0,539.754192,0.5743999999999999
2026-03-24T01:08:56.965445,0,0,539.754192,0.5743999999999999
2026-03-24T01:08:56.966437,0,0,539.754192,0.5743999999999999
2026-03-24T01:08:56.967534,0,0,539.754192,0.5743999999999999
2026-03-24T01:08:56.968451,0,0,539.754192,0.5743999999999999
2026-03-24T01:08:56.969445,0,0,539.754192,0.5743999999999999
2026-03-24T01:08:56.970443,0,0,539.754192,0.5743999999999999
2026-03-24T01:08:56.971524,0,0,539.754192,0.5743999999999999
2026-03-24T01:08:56.972453,0,0,539.754192,0.5743999999999999
2026-03-24T01:08:56.973454,0,0,539.754192,0.5743999999999999
2026-03-24T01:08:56.974444,0,0,539.754192,0.5743999999999999
2026-03-24T01:08:56.975555,0,0,539.754192,0.5743999999999999
2026-03-24T01:08:56.976460,0,0,539.754192,0.5743999999999999
2026-03-24T01:08:56.977451,0,0,539.754192,0.5743999999999999
2026-03-24T01:08:56.978444,0,0,539.754192,0.5743999999999999
2026-03-24T01:08:56.979549,0,0,539.754192,0.5743999999999999
2026-03-24T01:08:56.980463,0,0,539.754192,0.5743999999999999
2026-03-24T01:08:56.981456,0,0,539.754192,0.5743999999999999
2026-03-24T01:08:56.982447,0,0,539.754192,0.5743999999999999
2026-03-24T01:08:56.983542,0,0,539.754192,0.5743999999999999
2026-03-24T01:08:56.984453,0,0,539.754192,0.5743999999999999
2026-03-24T01:08:56.985442,0,0,539.754192,0.5743999999999999
2026-03-24T01:08:56.986440,0,0,539.754192,0.5743999999999999
2026-03-24T01:08:56.987607,0,0,539.754192,0.5743999999999999
2026-03-24T01:08:56.988474,0,0,539.754192,0.5743999999999999
2026-03-24T01:08:56.989455,0,0,539.754192,0.5743999999999999
2026-03-24T01:08:56.990447,0,0,539.754192,0.5743999999999999
2026-03-24T01:08:56.991539,0,0,539.754192,0.5743999999999999
2026-03-24T01:08:56.992462,0,0,539.754192,0.5743999999999999
2026-03-24T01:08:56.993489,0,0,539.754192,0.5743999999999999
2026-03-24T01:08:56.994445,0,0,539.754192,0.5743999999999999
2026-03-24T01:08:56.995532,0,0,539.754192,0.5743999999999999
2026-03-24T01:08:56.996456,0,0,539.754192,0.5743999999999999
2026-03-24T01:08:56.997447,0,0,539.754192,0.5743999999999999
2026-03-24T01:08:56.998442,0,0,539.754192,0.5743999999999999
2026-03-24T01:08:56.999588,0,0,539.754192,0.5743999999999999
2026-03-24T01:08:57.000464,0,0,539.754192,0.5743999999999999
2026-03-24T01:08:57.001444,0,0,539.754192,0.5743999999999999
2026-03-24T01:08:57.002441,0,0,539.754192,0.5743999999999999
2026-03-24T01:08:57.003541,0,0,539.754192,0.5743999999999999
2026-03-24T01:08:57.004447,0,0,539.754192,0.5743999999999999
2026-03-24T01:08:57.005446,0,0,539.754192,0.5743999999999999
2026-03-24T01:08:57.006443,0,0,539.754192,0.5743999999999999
2026-03-24T01:08:57.007530,0,0,539.754192,0.5743999999999999
2026-03-24T01:08:57.008457,0,0,539.754192,0.5743999999999999
2026-03-24T01:08:57.009444,0,0,539.754192,0.5743999999999999
2026-03-24T01:08:57.010451,0,0,539.754192,0.5743999999999999
2026-03-24T01:08:57.011559,0,0,539.754192,0.5743999999999999
2026-03-24T01:08:57.012459,0,0,539.754192,0.5743999999999999
2026-03-24T01:08:57.013451,0,0,539.754192,0.5743999999999999
2026-03-24T01:08:57.014450,0,0,539.754192,0.5743999999999999
2026-03-24T01:08:57.015528,0,0,539.754192,0.5743999999999999
2026-03-24T01:08:57.016487,0,0,539.754192,0.5743999999999999
2026-03-24T01:08:57.017447,0,0,539.754192,0.5743999999999999
2026-03-24T01:08:57.018447,0,0,539.754192,0.5743999999999999
2026-03-24T01:08:57.019595,0,0,539.754192,0.5743999999999999
2026-03-24T01:08:57.020465,0,0,539.754192,0.5743999999999999
2026-03-24T01:08:57.021451,0,0,539.754192,0.5743999999999999
2026-03-24T01:08:57.022443,0,0,539.754192,0.5743999999999999
2026-03-24T01:08:57.023550,0,0,539.754192,0.5743999999999999
2026-03-24T01:08:57.024475,0,0,539.754192,0.5743999999999999
2026-03-24T01:08:57.025452,0,0,539.754192,0.5743999999999999
2026-03-24T01:08:57.026441,0,0,539.754192,0.5743999999999999
2026-03-24T01:08:57.027536,0,0,539.754192,0.5743999999999999
2026-03-24T01:08:57.028454,0,0,539.754192,0.5743999999999999
2026-03-24T01:08:57.029454,0,0,539.754192,0.5743999999999999
2026-03-24T01:08:57.030444,0,0,539.754192,0.5743999999999999
2026-03-24T01:08:57.031537,0,0,539.754192,0.5743999999999999
2026-03-24T01:08:57.032453,0,0,539.754192,0.5743999999999999
2026-03-24T01:08:57.033449,0,0,539.754192,0.5743999999999999
2026-03-24T01:08:57.034443,0,0,539.754192,0.5743999999999999
2026-03-24T01:08:57.035541,0,0,539.754192,0.5743999999999999
2026-03-24T01:08:57.036453,0,0,539.754192,0.5743999999999999
2026-03-24T01:08:57.037449,0,0,539.754192,0.5743999999999999
2026-03-24T01:08:57.038444,0,0,539.754192,0.5743999999999999
2026-03-24T01:08:57.039540,0,0,539.754192,0.5743999999999999
2026-03-24T01:08:57.040454,0,0,539.754192,0.5743999999999999
2026-03-24T01:08:57.041448,0,0,539.754192,0.5743999999999999
2026-03-24T01:08:57.042452,0,0,539.754192,0.5743999999999999
2026-03-24T01:08:57.043566,0,0,539.754192,0.5743999999999999
2026-03-24T01:08:57.044450,0,0,539.754192,0.5743999999999999
2026-03-24T01:08:57.045445,0,0,539.754192,0.5743999999999999
2026-03-24T01:08:57.046437,0,0,539.754192,0.5743999999999999
2026-03-24T01:08:57.047514,0,0,539.754192,0.5743999999999999
2026-03-24T01:08:57.048448,0,0,539.754192,0.5743999999999999
2026-03-24T01:08:57.049429,0,0,539.754192,0.5743999999999999
2026-03-24T01:08:57.050430,0,0,539.754192,0.5743999999999999
2026-03-24T01:08:57.051546,0,0,539.754192,0.5743999999999999
2026-03-24T01:08:57.052449,0,0,539.754192,0.5743999999999999
2026-03-24T01:08:57.053447,0,0,539.754192,0.5743999999999999
2026-03-24T01:08:57.054439,0,0,539.754192,0.5743999999999999
2026-03-24T01:08:57.055526,0,0,539.754192,0.5743999999999999
2026-03-24T01:08:57.056454,0,0,539.754192,0.5743999999999999
2026-03-24T01:08:57.057442,0,0,539.754192,0.5743999999999999
2026-03-24T01:08:57.058433,0,0,539.754192,0.5743999999999999
2026-03-24T01:08:57.059531,0,0,539.754192,0.5743999999999999
2026-03-24T01:08:57.060455,0,0,539.754192,0.5743999999999999
2026-03-24T01:08:57.061445,0,0,539.754192,0.5743999999999999
2026-03-24T01:08:57.062433,0,0,539.754192,0.5743999999999999
2026-03-24T01:08:57.063540,0,0,539.754192,0.5743999999999999
2026-03-24T01:08:57.064449,0,0,539.754192,0.5743999999999999
2026-03-24T01:08:57.065442,0,0,539.754192,0.5743999999999999
2026-03-24T01:08:57.066439,0,0,539.754192,0.5743999999999999
2026-03-24T01:08:57.067524,0,0,539.754192,0.5743999999999999
2026-03-24T01:08:57.068450,0,0,539.754192,0.5743999999999999
2026-03-24T01:08:57.069448,0,0,539.754192,0.5743999999999999
2026-03-24T01:08:57.070440,0,0,539.754192,0.5743999999999999
2026-03-24T01:08:57.071524,0,0,539.754192,0.5743999999999999
2026-03-24T01:08:57.072450,0,0,539.754192,0.5743999999999999
2026-03-24T01:08:57.073439,0,0,539.754192,0.5743999999999999
2026-03-24T01:08:57.074437,0,0,539.754192,0.5743999999999999
2026-03-24T01:08:57.075552,0,0,539.754192,0.5743999999999999
2026-03-24T01:08:57.076445,0,0,539.754192,0.5743999999999999
2026-03-24T01:08:57.077448,0,0,539.754192,0.5743999999999999
2026-03-24T01:08:57.078444,0,0,539.754192,0.5743999999999999
2026-03-24T01:08:57.079522,0,0,539.754192,0.5743999999999999
2026-03-24T01:08:57.080449,0,0,539.754192,0.5743999999999999
2026-03-24T01:08:57.081446,0,0,539.754192,0.5743999999999999
2026-03-24T01:08:57.082440,0,0,539.754192,0.5743999999999999
2026-03-24T01:08:57.083528,0,0,539.754192,0.5743999999999999
2026-03-24T01:08:57.084458,0,0,539.754192,0.5743999999999999
2026-03-24T01:08:57.085447,0,0,539.754192,0.5743999999999999
2026-03-24T01:08:57.086432,0,0,539.754192,0.5743999999999999
2026-03-24T01:08:57.087538,0,0,539.754192,0.5743999999999999
2026-03-24T01:08:57.088442,0,0,539.754192,0.5743999999999999
2026-03-24T01:08:57.089441,0,0,539.754192,0.5743999999999999
2026-03-24T01:08:57.090437,0,0,539.754192,0.5743999999999999
2026-03-24T01:08:57.091525,0,0,539.754192,0.5743999999999999
2026-03-24T01:08:57.092454,0,0,539.754192,0.5743999999999999
2026-03-24T01:08:57.093438,0,0,539.754192,0.5743999999999999
2026-03-24T01:08:57.094434,0,0,539.754192,0.5743999999999999
2026-03-24T01:08:57.095521,0,0,539.754192,0.5743999999999999
2026-03-24T01:08:57.096468,0,0,539.754192,0.5743999999999999
2026-03-24T01:08:57.097440,0,0,539.754192,0.5743999999999999
2026-03-24T01:08:57.098434,0,0,539.754192,0.5743999999999999
2026-03-24T01:08:57.099544,0,0,539.754192,0.5743999999999999
2026-03-24T01:08:57.100449,0,0,539.754192,0.5743999999999999
2026-03-24T01:08:57.101442,0,0,539.754192,0.5743999999999999
2026-03-24T01:08:57.102444,0,0,539.754192,0.5743999999999999
2026-03-24T01:08:57.103524,0,0,539.754192,0.5743999999999999
2026-03-24T01:08:57.104449,0,0,539.754192,0.5743999999999999
2026-03-24T01:08:57.105441,0,0,539.754192,0.5743999999999999
2026-03-24T01:08:57.106452,0,0,539.754192,0.5743999999999999
2026-03-24T01:08:57.107585,0,0,539.754192,0.5743999999999999
2026-03-24T01:08:57.108467,0,0,539.754192,0.5743999999999999
2026-03-24T01:08:57.109444,0,0,539.754192,0.5743999999999999
2026-03-24T01:08:57.110428,0,0,539.754192,0.5743999999999999
2026-03-24T01:08:57.111536,0,0,539.754192,0.5743999999999999
2026-03-24T01:08:57.112447,0,0,539.754192,0.5743999999999999
2026-03-24T01:08:57.113441,0,0,539.754192,0.5743999999999999
2026-03-24T01:08:57.114430,0,0,539.754192,0.5743999999999999
2026-03-24T01:08:57.115580,0,0,539.754192,0.5743999999999999
2026-03-24T01:08:57.116461,0,0,539.754192,0.5743999999999999
2026-03-24T01:08:57.117435,0,0,539.754192,0.5743999999999999
2026-03-24T01:08:57.118553,0,0,539.754192,0.5743999999999999
2026-03-24T01:08:57.119547,0,0,539.754192,0.5743999999999999
2026-03-24T01:08:57.120446,0,0,539.754192,0.5743999999999999
2026-03-24T01:08:57.121429,0,0,539.754192,0.5743999999999999
2026-03-24T01:08:57.122428,0,0,539.754192,0.5743999999999999
2026-03-24T01:08:57.123538,0,0,539.754192,0.5743999999999999
2026-03-24T01:08:57.124438,0,0,539.754192,0.5743999999999999
2026-03-24T01:08:57.125436,0,0,539.754192,0.5743999999999999
2026-03-24T01:08:57.126436,0,0,539.754192,0.5743999999999999
2026-03-24T01:08:57.127524,0,0,539.754192,0.5743999999999999
2026-03-24T01:08:57.128440,0,0,539.754192,0.5743999999999999
2026-03-24T01:08:57.129428,0,0,539.754192,0.5743999999999999
2026-03-24T01:08:57.130430,0,0,539.754192,0.5743999999999999
2026-03-24T01:08:57.131515,0,0,539.754192,0.5743999999999999
2026-03-24T01:08:57.132436,0,0,539.754192,0.5743999999999999
2026-03-24T01:08:57.133426,0,0,539.754192,0.5743999999999999
2026-03-24T01:08:57.134434,0,0,539.754192,0.5743999999999999
2026-03-24T01:08:57.135558,0,0,539.754192,0.5743999999999999
2026-03-24T01:08:57.136448,0,0,539.754192,0.5743999999999999
2026-03-24T01:08:57.137443,0,0,539.754192,0.5743999999999999
2026-03-24T01:08:57.138427,0,0,539.754192,0.5743999999999999
2026-03-24T01:08:57.139520,0,0,539.754192,0.5743999999999999
2026-03-24T01:08:57.140433,0,0,539.754192,0.5743999999999999
2026-03-24T01:08:57.141430,0,0,539.754192,0.5743999999999999
2026-03-24T01:08:57.142419,0,0,539.754192,0.5743999999999999
2026-03-24T01:08:57.143581,0,0,539.754192,0.5743999999999999
2026-03-24T01:08:57.144344,0,0,539.754192,0.5743999999999999
2026-03-24T01:08:57.145028,0,0,539.754192,0.5743999999999999
2026-03-24T01:08:57.145672,0,0,539.754192,0.5743999999999999
2026-03-24T01:08:57.146447,0,0,539.754192,0.5743999999999999
2026-03-24T01:08:57.147526,0,0,539.754192,0.5743999999999999
2026-03-24T01:08:57.148460,0,0,539.754192,0.5743999999999999
2026-03-24T01:08:57.149453,0,0,539.754192,0.5743999999999999
2026-03-24T01:08:57.150456,0,0,539.754192,0.5743999999999999
2026-03-24T01:08:57.151574,0,0,539.754192,0.5743999999999999
2026-03-24T01:08:57.152454,0,0,539.754192,0.5743999999999999
2026-03-24T01:08:57.153446,0,0,539.754192,0.5743999999999999
2026-03-24T01:08:57.154443,0,0,539.754192,0.5743999999999999
2026-03-24T01:08:57.155527,0,0,539.754192,0.5743999999999999
2026-03-24T01:08:57.156459,0,0,539.754192,0.5743999999999999
2026-03-24T01:08:57.157449,0,0,539.754192,0.5743999999999999
2026-03-24T01:08:57.158445,0,0,539.754192,0.5743999999999999
2026-03-24T01:08:57.159519,0,0,539.754192,0.5743999999999999
2026-03-24T01:08:57.160457,0,0,539.754192,0.5743999999999999
2026-03-24T01:08:57.161447,0,0,539.754192,0.5743999999999999
2026-03-24T01:08:57.162443,0,0,539.754192,0.5743999999999999
2026-03-24T01:08:57.163544,0,0,539.754192,0.5743999999999999
2026-03-24T01:08:57.164452,0,0,539.754192,0.5743999999999999
2026-03-24T01:08:57.165448,0,0,539.754192,0.5743999999999999
2026-03-24T01:08:57.166448,0,0,539.754192,0.5743999999999999
2026-03-24T01:08:57.167537,0,0,539.754192,0.5743999999999999
2026-03-24T01:08:57.168450,0,0,539.754192,0.5743999999999999
2026-03-24T01:08:57.169453,0,0,539.754192,0.5743999999999999
2026-03-24T01:08:57.170443,0,0,539.754192,0.5743999999999999
2026-03-24T01:08:57.171543,0,0,539.754192,0.5743999999999999
2026-03-24T01:08:57.172464,0,0,539.754192,0.5743999999999999
2026-03-24T01:08:57.173443,0,0,539.754192,0.5743999999999999
2026-03-24T01:08:57.174447,0,0,539.754192,0.5743999999999999
2026-03-24T01:08:57.175555,0,0,539.754192,0.5743999999999999
2026-03-24T01:08:57.176456,0,0,539.754192,0.5743999999999999
2026-03-24T01:08:57.177452,0,0,539.754192,0.5743999999999999
2026-03-24T01:08:57.178445,0,0,539.754192,0.5743999999999999
2026-03-24T01:08:57.179532,0,0,539.754192,0.5743999999999999
2026-03-24T01:08:57.180454,0,0,539.754192,0.5743999999999999
2026-03-24T01:08:57.181444,0,0,539.754192,0.5743999999999999
2026-03-24T01:08:57.182440,0,0,539.754192,0.5743999999999999
2026-03-24T01:08:57.183520,0,0,539.754192,0.5743999999999999
2026-03-24T01:08:57.184451,0,0,539.754192,0.5743999999999999
2026-03-24T01:08:57.185449,0,0,539.754192,0.5743999999999999
2026-03-24T01:08:57.186441,0,0,539.754192,0.5743999999999999
2026-03-24T01:08:57.187545,0,0,539.754192,0.5743999999999999
2026-03-24T01:08:57.188454,0,0,539.754192,0.5743999999999999
2026-03-24T01:08:57.189447,0,0,539.754192,0.5743999999999999
2026-03-24T01:08:57.190448,0,0,539.754192,0.5743999999999999
2026-03-24T01:08:57.191530,0,0,539.754192,0.5743999999999999
2026-03-24T01:08:57.192458,0,0,539.754192,0.5743999999999999
2026-03-24T01:08:57.193444,0,0,539.754192,0.5743999999999999
2026-03-24T01:08:57.194435,0,0,539.754192,0.5743999999999999
2026-03-24T01:08:57.195525,0,0,539.754192,0.5743999999999999
2026-03-24T01:08:57.196448,0,0,539.754192,0.5743999999999999
2026-03-24T01:08:57.197447,0,0,539.754192,0.5743999999999999
2026-03-24T01:08:57.198445,0,0,539.754192,0.5743999999999999
2026-03-24T01:08:57.199549,0,0,539.754192,0.5743999999999999
2026-03-24T01:08:57.200475,0,0,539.754192,0.5743999999999999
2026-03-24T01:08:57.201448,0,0,539.754192,0.5743999999999999
2026-03-24T01:08:57.202440,0,0,539.754192,0.5743999999999999
2026-03-24T01:08:57.203521,0,0,539.754192,0.5743999999999999
2026-03-24T01:08:57.204453,0,0,539.754192,0.5743999999999999
2026-03-24T01:08:57.205443,0,0,539.754192,0.5743999999999999
2026-03-24T01:08:57.206441,0,0,539.754192,0.5743999999999999
2026-03-24T01:08:57.207524,0,0,539.754192,0.5743999999999999
2026-03-24T01:08:57.208453,0,0,539.754192,0.5743999999999999
2026-03-24T01:08:57.209447,0,0,539.754192,0.5743999999999999
2026-03-24T01:08:57.210451,0,0,539.754192,0.5743999999999999
2026-03-24T01:08:57.211545,0,0,539.754192,0.5743999999999999
2026-03-24T01:08:57.212448,0,0,539.754192,0.5743999999999999
2026-03-24T01:08:57.213442,0,0,539.754192,0.5743999999999999
2026-03-24T01:08:57.214433,0,0,539.754192,0.5743999999999999
2026-03-24T01:08:57.215572,0,0,539.754192,0.5743999999999999
2026-03-24T01:08:57.216449,0,0,539.754192,0.5743999999999999
2026-03-24T01:08:57.217444,0,0,539.754192,0.5743999999999999
2026-03-24T01:08:57.218441,0,0,539.754192,0.5743999999999999
2026-03-24T01:08:57.219529,0,0,539.754192,0.5743999999999999
2026-03-24T01:08:57.220451,0,0,539.754192,0.5743999999999999
2026-03-24T01:08:57.221460,0,0,539.754192,0.5743999999999999
2026-03-24T01:08:57.222437,0,0,539.754192,0.5743999999999999
2026-03-24T01:08:57.223532,0,0,539.754192,0.5743999999999999
2026-03-24T01:08:57.224444,0,0,539.754192,0.5743999999999999
2026-03-24T01:08:57.225444,0,0,539.754192,0.5743999999999999
2026-03-24T01:08:57.226440,0,0,539.754192,0.5743999999999999
2026-03-24T01:08:57.227537,0,0,539.754192,0.5743999999999999
2026-03-24T01:08:57.228465,0,0,539.754192,0.5743999999999999
2026-03-24T01:08:57.229456,0,0,539.754192,0.5743999999999999
2026-03-24T01:08:57.230434,0,0,539.754192,0.5743999999999999
2026-03-24T01:08:57.231532,0,0,539.754192,0.5743999999999999
2026-03-24T01:08:57.232449,0,0,539.754192,0.5743999999999999
2026-03-24T01:08:57.233447,0,0,539.754192,0.5743999999999999
2026-03-24T01:08:57.234437,0,0,539.754192,0.5743999999999999
2026-03-24T01:08:57.235535,0,0,539.754192,0.5743999999999999
2026-03-24T01:08:57.236442,0,0,539.754192,0.5743999999999999
2026-03-24T01:08:57.237437,0,0,539.754192,0.5743999999999999
2026-03-24T01:08:57.238439,0,0,539.754192,0.5743999999999999
2026-03-24T01:08:57.239527,0,0,539.754192,0.5743999999999999
2026-03-24T01:08:57.240451,0,0,539.754192,0.5743999999999999
2026-03-24T01:08:57.241446,0,0,539.754192,0.5743999999999999
2026-03-24T01:08:57.242442,0,0,539.754192,0.5743999999999999
2026-03-24T01:08:57.243524,0,0,539.754192,0.5743999999999999
2026-03-24T01:08:57.244453,0,0,539.754192,0.5743999999999999
2026-03-24T01:08:57.245446,0,0,539.754192,0.5743999999999999
2026-03-24T01:08:57.246442,0,0,539.754192,0.5743999999999999
2026-03-24T01:08:57.247539,0,0,539.754192,0.5743999999999999
2026-03-24T01:08:57.248469,0,0,539.754192,0.5743999999999999
2026-03-24T01:08:57.249445,0,0,539.754192,0.5743999999999999
2026-03-24T01:08:57.250443,0,0,539.754192,0.5743999999999999
2026-03-24T01:08:57.251527,0,0,539.754192,0.5743999999999999
2026-03-24T01:08:57.252448,0,0,539.754192,0.5743999999999999
2026-03-24T01:08:57.253450,0,0,539.754192,0.5743999999999999
2026-03-24T01:08:57.254436,0,0,539.754192,0.5743999999999999
2026-03-24T01:08:57.255528,0,0,539.754192,0.5743999999999999
2026-03-24T01:08:57.256459,0,0,539.754192,0.5743999999999999
2026-03-24T01:08:57.257449,0,0,539.754192,0.5743999999999999
2026-03-24T01:08:57.258452,0,0,539.754192,0.5743999999999999
2026-03-24T01:08:57.259577,0,0,539.754192,0.5743999999999999
2026-03-24T01:08:57.260459,0,0,539.754192,0.5743999999999999
2026-03-24T01:08:57.261440,0,0,539.754192,0.5743999999999999
2026-03-24T01:08:57.262440,0,0,539.754192,0.5743999999999999
2026-03-24T01:08:57.263529,0,0,539.754192,0.5743999999999999
2026-03-24T01:08:57.264450,0,0,539.754192,0.5743999999999999
2026-03-24T01:08:57.265441,0,0,539.754192,0.5743999999999999
2026-03-24T01:08:57.266445,0,0,539.754192,0.5743999999999999
2026-03-24T01:08:57.267527,0,0,539.754192,0.5743999999999999
2026-03-24T01:08:57.268453,0,0,539.754192,0.5743999999999999
2026-03-24T01:08:57.269447,0,0,539.754192,0.5743999999999999
2026-03-24T01:08:57.270444,0,0,539.754192,0.5743999999999999
2026-03-24T01:08:57.271543,0,0,539.754192,0.5743999999999999
2026-03-24T01:08:57.272453,0,0,539.754192,0.5743999999999999
2026-03-24T01:08:57.273449,0,0,539.754192,0.5743999999999999
2026-03-24T01:08:57.274441,0,0,539.754192,0.5743999999999999
2026-03-24T01:08:57.275527,0,0,539.754192,0.5743999999999999
2026-03-24T01:08:57.276450,0,0,539.754192,0.5743999999999999
2026-03-24T01:08:57.277449,0,0,539.754192,0.5743999999999999
2026-03-24T01:08:57.278441,0,0,539.754192,0.5743999999999999
2026-03-24T01:08:57.279529,0,0,539.754192,0.5743999999999999
2026-03-24T01:08:57.280456,0,0,539.754192,0.5743999999999999
2026-03-24T01:08:57.281438,0,0,539.754192,0.5743999999999999
2026-03-24T01:08:57.282436,0,0,539.754192,0.5743999999999999
2026-03-24T01:08:57.283540,0,0,539.754192,0.5743999999999999
2026-03-24T01:08:57.284445,0,0,539.754192,0.5743999999999999
2026-03-24T01:08:57.285441,0,0,539.754192,0.5743999999999999
2026-03-24T01:08:57.286436,0,0,539.754192,0.5743999999999999
2026-03-24T01:08:57.287535,0,0,539.754192,0.5743999999999999
2026-03-24T01:08:57.288449,0,0,539.754192,0.5743999999999999
2026-03-24T01:08:57.289442,0,0,539.754192,0.5743999999999999
2026-03-24T01:08:57.290439,0,0,539.754192,0.5743999999999999
2026-03-24T01:08:57.291523,0,0,539.754192,0.5743999999999999
2026-03-24T01:08:57.292450,0,0,539.754192,0.5743999999999999
2026-03-24T01:08:57.293443,0,0,539.754192,0.5743999999999999
2026-03-24T01:08:57.294441,0,0,539.754192,0.5743999999999999
2026-03-24T01:08:57.295517,0,0,539.754192,0.5743999999999999
2026-03-24T01:08:57.296445,0,0,539.754192,0.5743999999999999
2026-03-24T01:08:57.297432,0,0,539.754192,0.5743999999999999
2026-03-24T01:08:57.298432,0,0,539.754192,0.5743999999999999
2026-03-24T01:08:57.299544,0,0,539.754192,0.5743999999999999
2026-03-24T01:08:57.300467,0,0,539.754192,0.5743999999999999
2026-03-24T01:08:57.301446,0,0,539.754192,0.5743999999999999
2026-03-24T01:08:57.302477,0,0,539.754192,0.5743999999999999
2026-03-24T01:08:57.303530,0,0,539.754192,0.5743999999999999
2026-03-24T01:08:57.304443,0,0,539.754192,0.5743999999999999
2026-03-24T01:08:57.305444,0,0,539.754192,0.5743999999999999
2026-03-24T01:08:57.306433,0,0,539.754192,0.5743999999999999
2026-03-24T01:08:57.307521,0,0,539.754192,0.5743999999999999
2026-03-24T01:08:57.308449,0,0,539.754192,0.5743999999999999
2026-03-24T01:08:57.309440,0,0,539.754192,0.5743999999999999
2026-03-24T01:08:57.310433,0,0,539.754192,0.5743999999999999
2026-03-24T01:08:57.311544,0,0,539.754192,0.5743999999999999
2026-03-24T01:08:57.312444,0,0,539.754192,0.5743999999999999
2026-03-24T01:08:57.313441,0,0,539.754192,0.5743999999999999
2026-03-24T01:08:57.314431,0,0,539.754192,0.5743999999999999
2026-03-24T01:08:57.315533,0,0,539.754192,0.5743999999999999
2026-03-24T01:08:57.316444,0,0,539.754192,0.5743999999999999
2026-03-24T01:08:57.317439,0,0,539.754192,0.5743999999999999
2026-03-24T01:08:57.318441,0,0,539.754192,0.5743999999999999
2026-03-24T01:08:57.319520,0,0,539.754192,0.5743999999999999
2026-03-24T01:08:57.320449,0,0,539.754192,0.5743999999999999
2026-03-24T01:08:57.321441,0,0,539.754192,0.5743999999999999
2026-03-24T01:08:57.322433,0,0,539.754192,0.5743999999999999
2026-03-24T01:08:57.323632,0,0,539.754192,0.5743999999999999
2026-03-24T01:08:57.324397,0,0,539.754192,0.5743999999999999
2026-03-24T01:08:57.325426,0,0,539.754192,0.5743999999999999
2026-03-24T01:08:57.326421,0,0,539.754192,0.5743999999999999
2026-03-24T01:08:57.327519,0,0,539.754192,0.5743999999999999
2026-03-24T01:08:57.328441,0,0,539.754192,0.5743999999999999
2026-03-24T01:08:57.329434,0,0,539.754192,0.5743999999999999
2026-03-24T01:08:57.330422,0,0,539.754192,0.5743999999999999
2026-03-24T01:08:57.331515,0,0,539.754192,0.5743999999999999
2026-03-24T01:08:57.332460,0,0,539.754192,0.5743999999999999
2026-03-24T01:08:57.333436,0,0,539.754192,0.5743999999999999
2026-03-24T01:08:57.334433,0,0,539.754192,0.5743999999999999
2026-03-24T01:08:57.335526,0,0,539.754192,0.5743999999999999
2026-03-24T01:08:57.336439,0,0,539.754192,0.5743999999999999
2026-03-24T01:08:57.337432,0,0,539.754192,0.5743999999999999
2026-03-24T01:08:57.338427,0,0,539.754192,0.5743999999999999
2026-03-24T01:08:57.339516,0,0,539.754192,0.5743999999999999
2026-03-24T01:08:57.340452,0,0,539.754192,0.5743999999999999
2026-03-24T01:08:57.341437,0,0,539.754192,0.5743999999999999
2026-03-24T01:08:57.342434,0,0,539.754192,0.5743999999999999
2026-03-24T01:08:57.343519,0,0,539.754192,0.5743999999999999
2026-03-24T01:08:57.344444,0,0,539.754192,0.5743999999999999
2026-03-24T01:08:57.345422,0,0,539.754192,0.5743999999999999
2026-03-24T01:08:57.346427,0,0,539.754192,0.5743999999999999
2026-03-24T01:08:57.347537,0,0,539.754192,0.5743999999999999
2026-03-24T01:08:57.348439,0,0,539.754192,0.5743999999999999
2026-03-24T01:08:57.349432,0,0,539.754192,0.5743999999999999
2026-03-24T01:08:57.350429,0,0,539.754192,0.5743999999999999
2026-03-24T01:08:57.351525,0,0,539.754192,0.5743999999999999
2026-03-24T01:08:57.352440,0,0,539.754192,0.5743999999999999
2026-03-24T01:08:57.353434,0,0,539.754192,0.5743999999999999
2026-03-24T01:08:57.354425,0,0,539.754192,0.5743999999999999
2026-03-24T01:08:57.355516,0,0,539.754192,0.5743999999999999
2026-03-24T01:08:57.356442,0,0,539.754192,0.5743999999999999
2026-03-24T01:08:57.357429,0,0,539.754192,0.5743999999999999
2026-03-24T01:08:57.358421,0,0,539.754192,0.5743999999999999
2026-03-24T01:08:57.359528,0,0,539.754192,0.5743999999999999
2026-03-24T01:08:57.360442,0,0,539.754192,0.5743999999999999
2026-03-24T01:08:57.361441,0,0,539.754192,0.5743999999999999
2026-03-24T01:08:57.362421,0,0,539.754192,0.5743999999999999
2026-03-24T01:08:57.363517,0,0,539.754192,0.5743999999999999
2026-03-24T01:08:57.364440,0,0,539.754192,0.5743999999999999
2026-03-24T01:08:57.365423,0,0,539.754192,0.5743999999999999
2026-03-24T01:08:57.366421,0,0,539.754192,0.5743999999999999
2026-03-24T01:08:57.367557,0,0,539.754192,0.5743999999999999
2026-03-24T01:08:57.368436,0,0,539.754192,0.5743999999999999
2026-03-24T01:08:57.369419,0,0,539.754192,0.5743999999999999
2026-03-24T01:08:57.370420,0,0,539.754192,0.5743999999999999
2026-03-24T01:08:57.371534,0,0,539.754192,0.5743999999999999
2026-03-24T01:08:57.372428,0,0,539.754192,0.5743999999999999
2026-03-24T01:08:57.373430,0,0,539.754192,0.5743999999999999
2026-03-24T01:08:57.374421,0,0,539.754192,0.5743999999999999
2026-03-24T01:08:57.375514,0,0,539.754192,0.5743999999999999
2026-03-24T01:08:57.376430,0,0,539.754192,0.5743999999999999
2026-03-24T01:08:57.377421,0,0,539.754192,0.5743999999999999
2026-03-24T01:08:57.378422,0,0,539.754192,0.5743999999999999
2026-03-24T01:08:57.379509,0,0,539.754192,0.5743999999999999
2026-03-24T01:08:57.380429,0,0,539.754192,0.5743999999999999
2026-03-24T01:08:57.381423,0,0,539.754192,0.5743999999999999
2026-03-24T01:08:57.382432,0,0,539.754192,0.5743999999999999
2026-03-24T01:08:57.383563,0,0,539.754192,0.5743999999999999
2026-03-24T01:08:57.384458,0,0,539.754192,0.5743999999999999
2026-03-24T01:08:57.385436,0,0,539.754192,0.5743999999999999
2026-03-24T01:08:57.386424,0,0,539.754192,0.5743999999999999
2026-03-24T01:08:57.387512,0,0,539.754192,0.5743999999999999
2026-03-24T01:08:57.388428,0,0,539.754192,0.5743999999999999
2026-03-24T01:08:57.389448,0,0,539.754192,0.5743999999999999
2026-03-24T01:08:57.390430,0,0,539.754192,0.5743999999999999
2026-03-24T01:08:57.391595,0,0,539.754192,0.5743999999999999
2026-03-24T01:08:57.392355,0,0,539.754192,0.5743999999999999
2026-03-24T01:08:57.393047,0,0,539.754192,0.5743999999999999
2026-03-24T01:08:57.393670,0,0,539.754192,0.5743999999999999
2026-03-24T01:08:57.394432,0,0,539.754192,0.5743999999999999
2026-03-24T01:08:57.395542,0,0,539.754192,0.5743999999999999
2026-03-24T01:08:57.396439,0,0,539.754192,0.5743999999999999
2026-03-24T01:08:57.397444,0,0,539.754192,0.5743999999999999
2026-03-24T01:08:57.398430,0,0,539.754192,0.5743999999999999
2026-03-24T01:08:57.399569,0,0,539.754192,0.5743999999999999
2026-03-24T01:08:57.400438,0,0,539.754192,0.5743999999999999
2026-03-24T01:08:57.401427,0,0,539.754192,0.5743999999999999
2026-03-24T01:08:57.402424,0,0,539.754192,0.5743999999999999
2026-03-24T01:08:57.403683,0,0,539.754192,0.5743999999999999
2026-03-24T01:08:57.404460,0,0,539.754192,0.5743999999999999
2026-03-24T01:08:57.405443,0,0,539.754192,0.5743999999999999
2026-03-24T01:08:57.406442,0,0,539.754192,0.5743999999999999
2026-03-24T01:08:57.407556,0,0,539.754192,0.5743999999999999
2026-03-24T01:08:57.408455,0,0,539.754192,0.5743999999999999
2026-03-24T01:08:57.409447,0,0,539.754192,0.5743999999999999
2026-03-24T01:08:57.410432,0,0,539.754192,0.5743999999999999
2026-03-24T01:08:57.411524,0,0,539.754192,0.5743999999999999
2026-03-24T01:08:57.412441,0,0,539.754192,0.5743999999999999
2026-03-24T01:08:57.413441,0,0,539.754192,0.5743999999999999
2026-03-24T01:08:57.414430,0,0,539.754192,0.5743999999999999
2026-03-24T01:08:57.415525,0,0,539.754192,0.5743999999999999
2026-03-24T01:08:57.416448,0,0,539.754192,0.5743999999999999
2026-03-24T01:08:57.417434,0,0,539.754192,0.5743999999999999
2026-03-24T01:08:57.418425,0,0,539.754192,0.5743999999999999
2026-03-24T01:08:57.419535,0,0,539.754192,0.5743999999999999
2026-03-24T01:08:57.420441,0,0,539.754192,0.5743999999999999
2026-03-24T01:08:57.421434,0,0,539.754192,0.5743999999999999
2026-03-24T01:08:57.422432,0,0,539.754192,0.5743999999999999
2026-03-24T01:08:57.423521,0,0,539.754192,0.5743999999999999
2026-03-24T01:08:57.424448,0,0,539.754192,0.5743999999999999
2026-03-24T01:08:57.425435,0,0,539.754192,0.5743999999999999
2026-03-24T01:08:57.426435,0,0,539.754192,0.5743999999999999
2026-03-24T01:08:57.427514,0,0,539.754192,0.5743999999999999
2026-03-24T01:08:57.428441,0,0,539.754192,0.5743999999999999
2026-03-24T01:08:57.429428,0,0,539.754192,0.5743999999999999
2026-03-24T01:08:57.430437,0,0,539.754192,0.5743999999999999
2026-03-24T01:08:57.431569,0,0,539.754192,0.5743999999999999
2026-03-24T01:08:57.432436,0,0,539.754192,0.5743999999999999
2026-03-24T01:08:57.433442,0,0,539.754192,0.5743999999999999
2026-03-24T01:08:57.434430,0,0,539.754192,0.5743999999999999
2026-03-24T01:08:57.435525,0,0,539.754192,0.5743999999999999
2026-03-24T01:08:57.436447,0,0,539.754192,0.5743999999999999
2026-03-24T01:08:57.437438,0,0,539.754192,0.5743999999999999
2026-03-24T01:08:57.438429,0,0,539.754192,0.5743999999999999
2026-03-24T01:08:57.439517,0,0,539.754192,0.5743999999999999
2026-03-24T01:08:57.440444,0,0,539.754192,0.5743999999999999
2026-03-24T01:08:57.441431,0,0,539.754192,0.5743999999999999
2026-03-24T01:08:57.442427,0,0,539.754192,0.5743999999999999
2026-03-24T01:08:57.443541,0,0,539.754192,0.5743999999999999
2026-03-24T01:08:57.444445,0,0,539.754192,0.5743999999999999
2026-03-24T01:08:57.445435,0,0,539.754192,0.5743999999999999
2026-03-24T01:08:57.446429,0,0,539.754192,0.5743999999999999
2026-03-24T01:08:57.447521,0,0,539.754192,0.5743999999999999
2026-03-24T01:08:57.448445,0,0,539.754192,0.5743999999999999
2026-03-24T01:08:57.449434,0,0,539.754192,0.5743999999999999
2026-03-24T01:08:57.450432,0,0,539.754192,0.5743999999999999
2026-03-24T01:08:57.451518,0,0,539.754192,0.5743999999999999
2026-03-24T01:08:57.452451,0,0,539.754192,0.5743999999999999
2026-03-24T01:08:57.453430,0,0,539.754192,0.5743999999999999
2026-03-24T01:08:57.454426,0,0,539.754192,0.5743999999999999
2026-03-24T01:08:57.455536,0,0,539.754192,0.5743999999999999
2026-03-24T01:08:57.456430,0,0,539.754192,0.5743999999999999
2026-03-24T01:08:57.457430,0,0,539.754192,0.5743999999999999
2026-03-24T01:08:57.458429,0,0,539.754192,0.5743999999999999
2026-03-24T01:08:57.459510,0,0,539.754192,0.5743999999999999
2026-03-24T01:08:57.460440,0,0,539.754192,0.5743999999999999
2026-03-24T01:08:57.461431,0,0,539.754192,0.5743999999999999
2026-03-24T01:08:57.462426,0,0,539.754192,0.5743999999999999
2026-03-24T01:08:57.463516,0,0,539.754192,0.5743999999999999
2026-03-24T01:08:57.464431,0,0,539.754192,0.5743999999999999
2026-03-24T01:08:57.465430,0,0,539.754192,0.5743999999999999
2026-03-24T01:08:57.466429,0,0,539.754192,0.5743999999999999
2026-03-24T01:08:57.467524,0,0,539.754192,0.5743999999999999
2026-03-24T01:08:57.468436,0,0,539.754192,0.5743999999999999
2026-03-24T01:08:57.469432,0,0,539.754192,0.5743999999999999
2026-03-24T01:08:57.470426,0,0,539.754192,0.5743999999999999
2026-03-24T01:08:57.471512,0,0,539.754192,0.5743999999999999
2026-03-24T01:08:57.472439,0,0,539.754192,0.5743999999999999
2026-03-24T01:08:57.473435,0,0,539.754192,0.5743999999999999
2026-03-24T01:08:57.474416,0,0,539.754192,0.5743999999999999
2026-03-24T01:08:57.475506,0,0,539.754192,0.5743999999999999
2026-03-24T01:08:57.476433,0,0,539.754192,0.5743999999999999
2026-03-24T01:08:57.477422,0,0,539.754192,0.5743999999999999
2026-03-24T01:08:57.478425,0,0,539.754192,0.5743999999999999
2026-03-24T01:08:57.479532,0,0,539.754192,0.5743999999999999
2026-03-24T01:08:57.480434,0,0,539.754192,0.5743999999999999
2026-03-24T01:08:57.481430,0,0,539.754192,0.5743999999999999
2026-03-24T01:08:57.482422,0,0,539.754192,0.5743999999999999
2026-03-24T01:08:57.483508,0,0,539.754192,0.5743999999999999
2026-03-24T01:08:57.484435,0,0,539.754192,0.5743999999999999
2026-03-24T01:08:57.485425,0,0,539.754192,0.5743999999999999
2026-03-24T01:08:57.486423,0,0,539.754192,0.5743999999999999
2026-03-24T01:08:57.487512,0,0,539.754192,0.5743999999999999
2026-03-24T01:08:57.488434,0,0,539.754192,0.5743999999999999
2026-03-24T01:08:57.489428,0,0,539.754192,0.5743999999999999
2026-03-24T01:08:57.490428,0,0,539.754192,0.5743999999999999
2026-03-24T01:08:57.491528,0,0,539.754192,0.5743999999999999
2026-03-24T01:08:57.492433,0,0,539.754192,0.5743999999999999
2026-03-24T01:08:57.493432,0,0,539.754192,0.5743999999999999
2026-03-24T01:08:57.494422,0,0,539.754192,0.5743999999999999
2026-03-24T01:08:57.495556,0,0,539.754192,0.5743999999999999
2026-03-24T01:08:57.496435,0,0,539.754192,0.5743999999999999
2026-03-24T01:08:57.497424,0,0,539.754192,0.5743999999999999
2026-03-24T01:08:57.498420,0,0,539.754192,0.5743999999999999
2026-03-24T01:08:57.499509,0,0,539.754192,0.5743999999999999
2026-03-24T01:08:57.500428,0,0,539.754192,0.5743999999999999
2026-03-24T01:08:57.501415,0,0,539.754192,0.5743999999999999
2026-03-24T01:08:57.502417,0,0,539.754192,0.5743999999999999
2026-03-24T01:08:57.503523,0,0,539.754192,0.5743999999999999
2026-03-24T01:08:57.504425,0,0,539.754192,0.5743999999999999
2026-03-24T01:08:57.505458,0,0,539.754192,0.5743999999999999
2026-03-24T01:08:57.506412,0,0,539.754192,0.5743999999999999
2026-03-24T01:08:57.507509,0,0,539.754192,0.5743999999999999
2026-03-24T01:08:57.508428,0,0,539.754192,0.5743999999999999
2026-03-24T01:08:57.509415,0,0,539.754192,0.5743999999999999
2026-03-24T01:08:57.510412,0,0,539.754192,0.5743999999999999
2026-03-24T01:08:57.511507,0,0,539.754192,0.5743999999999999
2026-03-24T01:08:57.512426,0,0,539.754192,0.5743999999999999
2026-03-24T01:08:57.513418,0,0,539.754192,0.5743999999999999
2026-03-24T01:08:57.514420,0,0,539.754192,0.5743999999999999
2026-03-24T01:08:57.515524,0,0,539.754192,0.5743999999999999
2026-03-24T01:08:57.516421,0,0,539.754192,0.5743999999999999
2026-03-24T01:08:57.517414,0,0,539.754192,0.5743999999999999
2026-03-24T01:08:57.518409,0,0,539.754192,0.5743999999999999
2026-03-24T01:08:57.519506,0,0,539.754192,0.5743999999999999
2026-03-24T01:08:57.520420,0,0,539.754192,0.5743999999999999
2026-03-24T01:08:57.521412,0,0,539.754192,0.5743999999999999
2026-03-24T01:08:57.522412,0,0,539.754192,0.5743999999999999
2026-03-24T01:08:57.523501,0,0,539.754192,0.5743999999999999
2026-03-24T01:08:57.524421,0,0,539.754192,0.5743999999999999
2026-03-24T01:08:57.525411,0,0,539.754192,0.5743999999999999
2026-03-24T01:08:57.526408,0,0,539.754192,0.5743999999999999
2026-03-24T01:08:57.527519,0,0,539.754192,0.5743999999999999
2026-03-24T01:08:57.528479,0,0,539.754192,0.5743999999999999
2026-03-24T01:08:57.529426,0,0,539.754192,0.5743999999999999
2026-03-24T01:08:57.530437,0,0,539.754192,0.5743999999999999
2026-03-24T01:08:57.531500,0,0,539.754192,0.5743999999999999
2026-03-24T01:08:57.532437,0,0,539.754192,0.5743999999999999
2026-03-24T01:08:57.533420,0,0,539.754192,0.5743999999999999
2026-03-24T01:08:57.534420,0,0,539.754192,0.5743999999999999
2026-03-24T01:08:57.535528,0,0,539.754192,0.5743999999999999
2026-03-24T01:08:57.536453,0,0,539.754192,0.5743999999999999
2026-03-24T01:08:57.537432,0,0,539.754192,0.5743999999999999
2026-03-24T01:08:57.538436,0,0,539.754192,0.5743999999999999
2026-03-24T01:08:57.539540,0,0,539.754192,0.5743999999999999
2026-03-24T01:08:57.540429,0,0,539.754192,0.5743999999999999
2026-03-24T01:08:57.541425,0,0,539.754192,0.5743999999999999
2026-03-24T01:08:57.542419,0,0,539.754192,0.5743999999999999
2026-03-24T01:08:57.543526,0,0,539.754192,0.5743999999999999
2026-03-24T01:08:57.544450,0,0,539.754192,0.5743999999999999
2026-03-24T01:08:57.545422,0,0,539.754192,0.5743999999999999
2026-03-24T01:08:57.546441,0,0,539.754192,0.5743999999999999
2026-03-24T01:08:57.547501,0,0,539.754192,0.5743999999999999
2026-03-24T01:08:57.548439,0,0,539.754192,0.5743999999999999
2026-03-24T01:08:57.549425,0,0,539.754192,0.5743999999999999
2026-03-24T01:08:57.550432,0,0,539.754192,0.5743999999999999
2026-03-24T01:08:57.551515,0,0,539.754192,0.5743999999999999
2026-03-24T01:08:57.552436,0,0,539.754192,0.5743999999999999
2026-03-24T01:08:57.553429,0,0,539.754192,0.5743999999999999
2026-03-24T01:08:57.554429,0,0,539.754192,0.5743999999999999
2026-03-24T01:08:57.555518,0,0,539.754192,0.5743999999999999
2026-03-24T01:08:57.556451,0,0,539.754192,0.5743999999999999
2026-03-24T01:08:57.557430,0,0,539.754192,0.5743999999999999
2026-03-24T01:08:57.558416,0,0,539.754192,0.5743999999999999
2026-03-24T01:08:57.559516,0,0,539.754192,0.5743999999999999
2026-03-24T01:08:57.560457,0,0,539.754192,0.5743999999999999
2026-03-24T01:08:57.561444,0,0,539.754192,0.5743999999999999
2026-03-24T01:08:57.562409,0,0,539.754192,0.5743999999999999
2026-03-24T01:08:57.563534,0,0,539.754192,0.5743999999999999
2026-03-24T01:08:57.564435,0,0,539.754192,0.5743999999999999
2026-03-24T01:08:57.565430,0,0,539.754192,0.5743999999999999
2026-03-24T01:08:57.566423,0,0,539.754192,0.5743999999999999
2026-03-24T01:08:57.567494,0,0,539.754192,0.5743999999999999
2026-03-24T01:08:57.568432,0,0,539.754192,0.5743999999999999
2026-03-24T01:08:57.569423,0,0,539.754192,0.5743999999999999
2026-03-24T01:08:57.570421,0,0,539.754192,0.5743999999999999
2026-03-24T01:08:57.571504,0,0,539.754192,0.5743999999999999
2026-03-24T01:08:57.572427,0,0,539.754192,0.5743999999999999
2026-03-24T01:08:57.573423,0,0,539.754192,0.5743999999999999
2026-03-24T01:08:57.574418,0,0,539.754192,0.5743999999999999
2026-03-24T01:08:57.575508,0,0,539.754192,0.5743999999999999
2026-03-24T01:08:57.576431,0,0,539.754192,0.5743999999999999
2026-03-24T01:08:57.577426,0,0,539.754192,0.5743999999999999
2026-03-24T01:08:57.578421,0,0,539.754192,0.5743999999999999
2026-03-24T01:08:57.579498,0,0,539.754192,0.5743999999999999
2026-03-24T01:08:57.580437,0,0,539.754192,0.5743999999999999
2026-03-24T01:08:57.581424,0,0,539.754192,0.5743999999999999
2026-03-24T01:08:57.582418,0,0,539.754192,0.5743999999999999
2026-03-24T01:08:57.583495,0,0,539.754192,0.5743999999999999
2026-03-24T01:08:57.584430,0,0,539.754192,0.5743999999999999
2026-03-24T01:08:57.585419,0,0,539.754192,0.5743999999999999
2026-03-24T01:08:57.586417,0,0,539.754192,0.5743999999999999
2026-03-24T01:08:57.587517,0,0,539.754192,0.5743999999999999
2026-03-24T01:08:57.588422,0,0,539.754192,0.5743999999999999
2026-03-24T01:08:57.589426,0,0,539.754192,0.5743999999999999
2026-03-24T01:08:57.590418,0,0,539.754192,0.5743999999999999
2026-03-24T01:08:57.591494,0,0,539.754192,0.5743999999999999
2026-03-24T01:08:57.592448,0,0,539.754192,0.5743999999999999
2026-03-24T01:08:57.593426,0,0,539.754192,0.5743999999999999
2026-03-24T01:08:57.594424,0,0,539.754192,0.5743999999999999
2026-03-24T01:08:57.595505,0,0,539.754192,0.5743999999999999
2026-03-24T01:08:57.596430,0,0,539.754192,0.5743999999999999
2026-03-24T01:08:57.597425,0,0,539.754192,0.5743999999999999
2026-03-24T01:08:57.598429,0,0,539.754192,0.5743999999999999
2026-03-24T01:08:57.599515,0,0,539.754192,0.5743999999999999
2026-03-24T01:08:57.600433,0,0,539.754192,0.5743999999999999
2026-03-24T01:08:57.601429,0,0,539.754192,0.5743999999999999
2026-03-24T01:08:57.602429,0,0,539.754192,0.5743999999999999
2026-03-24T01:08:57.603551,0,0,539.754192,0.5743999999999999
2026-03-24T01:08:57.604431,0,0,539.754192,0.5743999999999999
2026-03-24T01:08:57.605420,0,0,539.754192,0.5743999999999999
2026-03-24T01:08:57.606410,0,0,539.754192,0.5743999999999999
2026-03-24T01:08:57.607499,0,0,539.754192,0.5743999999999999
2026-03-24T01:08:57.608431,0,0,539.754192,0.5743999999999999
2026-03-24T01:08:57.609418,0,0,539.754192,0.5743999999999999
2026-03-24T01:08:57.610413,0,0,539.754192,0.5743999999999999
2026-03-24T01:08:57.611510,0,0,539.754192,0.5743999999999999
2026-03-24T01:08:57.612427,0,0,539.754192,0.5743999999999999
2026-03-24T01:08:57.613412,0,0,539.754192,0.5743999999999999
2026-03-24T01:08:57.614411,0,0,539.754192,0.5743999999999999
2026-03-24T01:08:57.615501,0,0,539.754192,0.5743999999999999
2026-03-24T01:08:57.616426,0,0,539.754192,0.5743999999999999
2026-03-24T01:08:57.617410,0,0,539.754192,0.5743999999999999
2026-03-24T01:08:57.618411,0,0,539.754192,0.5743999999999999
2026-03-24T01:08:57.619498,0,0,539.754192,0.5743999999999999
2026-03-24T01:08:57.620421,0,0,539.754192,0.5743999999999999
2026-03-24T01:08:57.621412,0,0,539.754192,0.5743999999999999
2026-03-24T01:08:57.622414,0,0,539.754192,0.5743999999999999
2026-03-24T01:08:57.623514,0,0,539.754192,0.5743999999999999
2026-03-24T01:08:57.624422,0,0,539.754192,0.5743999999999999
2026-03-24T01:08:57.625409,0,0,539.754192,0.5743999999999999
2026-03-24T01:08:57.626406,0,0,539.754192,0.5743999999999999
2026-03-24T01:08:57.627500,0,0,539.754192,0.5743999999999999
2026-03-24T01:08:57.628418,0,0,539.754192,0.5743999999999999
2026-03-24T01:08:57.629411,0,0,539.754192,0.5743999999999999
2026-03-24T01:08:57.630559,0,0,539.754192,0.5743999999999999
2026-03-24T01:08:57.631512,0,0,539.754192,0.5743999999999999
2026-03-24T01:08:57.632436,0,0,539.754192,0.5743999999999999
2026-03-24T01:08:57.633410,0,0,539.754192,0.5743999999999999
2026-03-24T01:08:57.634408,0,0,539.754192,0.5743999999999999
2026-03-24T01:08:57.635512,0,0,539.754192,0.5743999999999999
2026-03-24T01:08:57.636416,0,0,539.754192,0.5743999999999999
2026-03-24T01:08:57.637409,0,0,539.754192,0.5743999999999999
2026-03-24T01:08:57.638407,0,0,539.754192,0.5743999999999999
2026-03-24T01:08:57.639575,0,0,539.754192,0.5743999999999999
2026-03-24T01:08:57.640332,0,0,539.754192,0.5743999999999999
2026-03-24T01:08:57.641027,0,0,539.754192,0.5743999999999999
2026-03-24T01:08:57.641683,0,0,539.754192,0.5743999999999999
2026-03-24T01:08:57.642389,0,0,539.754192,0.5743999999999999
2026-03-24T01:08:57.643521,0,0,539.754192,0.5743999999999999
2026-03-24T01:08:57.644451,0,0,539.754192,0.5743999999999999
2026-03-24T01:08:57.645421,0,0,539.754192,0.5743999999999999
2026-03-24T01:08:57.646422,0,0,539.754192,0.5743999999999999
2026-03-24T01:08:57.647547,0,0,539.754192,0.5743999999999999
2026-03-24T01:08:57.648442,0,0,539.754192,0.5743999999999999
2026-03-24T01:08:57.649426,0,0,539.754192,0.5743999999999999
2026-03-24T01:08:57.650413,0,0,539.754192,0.5743999999999999
2026-03-24T01:08:57.651506,0,0,539.754192,0.5743999999999999
2026-03-24T01:08:57.652445,0,0,539.754192,0.5743999999999999
2026-03-24T01:08:57.653425,0,0,539.754192,0.5743999999999999
2026-03-24T01:08:57.654412,0,0,539.754192,0.5743999999999999
2026-03-24T01:08:57.655494,0,0,539.754192,0.5743999999999999
2026-03-24T01:08:57.656442,0,0,539.754192,0.5743999999999999
2026-03-24T01:08:57.657441,0,0,539.754192,0.5743999999999999
2026-03-24T01:08:57.658427,0,0,539.754192,0.5743999999999999
2026-03-24T01:08:57.659521,0,0,539.754192,0.5743999999999999
2026-03-24T01:08:57.660444,0,0,539.754192,0.5743999999999999
2026-03-24T01:08:57.661422,0,0,539.754192,0.5743999999999999
2026-03-24T01:08:57.662417,0,0,539.754192,0.5743999999999999
2026-03-24T01:08:57.663500,0,0,539.754192,0.5743999999999999
2026-03-24T01:08:57.664427,0,0,539.754192,0.5743999999999999
2026-03-24T01:08:57.665431,0,0,539.754192,0.5743999999999999
2026-03-24T01:08:57.666425,0,0,539.754192,0.5743999999999999
2026-03-24T01:08:57.667501,0,0,539.754192,0.5743999999999999
2026-03-24T01:08:57.668451,0,0,539.754192,0.5743999999999999
2026-03-24T01:08:57.669430,0,0,539.754192,0.5743999999999999
2026-03-24T01:08:57.670425,0,0,539.754192,0.5743999999999999
2026-03-24T01:08:57.671523,0,0,539.754192,0.5743999999999999
2026-03-24T01:08:57.672429,0,0,539.754192,0.5743999999999999
2026-03-24T01:08:57.673416,0,0,539.754192,0.5743999999999999
2026-03-24T01:08:57.674425,0,0,539.754192,0.5743999999999999
2026-03-24T01:08:57.675504,0,0,539.754192,0.5743999999999999
2026-03-24T01:08:57.676434,0,0,539.754192,0.5743999999999999
2026-03-24T01:08:57.677408,0,0,539.754192,0.5743999999999999
2026-03-24T01:08:57.678409,0,0,539.754192,0.5743999999999999
2026-03-24T01:08:57.679488,0,0,539.754192,0.5743999999999999
2026-03-24T01:08:57.680430,0,0,539.754192,0.5743999999999999
2026-03-24T01:08:57.681413,0,0,539.754192,0.5743999999999999
2026-03-24T01:08:57.682413,0,0,539.754192,0.5743999999999999
2026-03-24T01:08:57.683515,0,0,539.754192,0.5743999999999999
2026-03-24T01:08:57.684432,0,0,539.754192,0.5743999999999999
2026-03-24T01:08:57.685418,0,0,539.754192,0.5743999999999999
2026-03-24T01:08:57.686410,0,0,539.754192,0.5743999999999999
2026-03-24T01:08:57.687494,0,0,539.754192,0.5743999999999999
2026-03-24T01:08:57.688436,0,0,539.754192,0.5743999999999999
2026-03-24T01:08:57.689428,0,0,539.754192,0.5743999999999999
2026-03-24T01:08:57.690423,0,0,539.754192,0.5743999999999999
2026-03-24T01:08:57.691569,0,0,539.754192,0.5743999999999999
2026-03-24T01:08:57.692451,0,0,539.754192,0.5743999999999999
2026-03-24T01:08:57.693462,0,0,539.754192,0.5743999999999999
2026-03-24T01:08:57.694448,0,0,539.754192,0.5743999999999999
2026-03-24T01:08:57.695515,0,0,539.754192,0.5743999999999999
2026-03-24T01:08:57.696441,0,0,539.754192,0.5743999999999999
2026-03-24T01:08:57.697431,0,0,539.754192,0.5743999999999999
2026-03-24T01:08:57.698425,0,0,539.754192,0.5743999999999999
2026-03-24T01:08:57.699521,0,0,539.754192,0.5743999999999999
2026-03-24T01:08:57.700520,0,0,539.754192,0.5743999999999999
2026-03-24T01:08:57.701503,0,0,539.754192,0.5743999999999999
2026-03-24T01:08:57.702510,0,0,539.754192,0.5743999999999999
2026-03-24T01:08:57.703590,0,0,539.754192,0.5743999999999999
2026-03-24T01:08:57.704491,0,0,539.754192,0.5743999999999999
2026-03-24T01:08:57.705502,0,0,539.754192,0.5743999999999999
2026-03-24T01:08:57.706507,0,0,539.754192,0.5743999999999999
2026-03-24T01:08:57.707581,0,0,539.754192,0.5743999999999999
2026-03-24T01:08:57.708454,0,0,539.754192,0.5743999999999999
2026-03-24T01:08:57.709474,0,0,539.754192,0.5743999999999999
2026-03-24T01:08:57.710550,0,0,539.754192,0.5743999999999999
2026-03-24T01:08:57.711577,0,0,539.754192,0.5743999999999999
2026-03-24T01:08:57.712595,0,0,539.754192,0.5743999999999999
2026-03-24T01:08:57.713558,0,0,539.754192,0.5743999999999999
2026-03-24T01:08:57.714491,0,0,539.754192,0.5743999999999999
2026-03-24T01:08:57.715603,0,0,539.754192,0.5743999999999999
2026-03-24T01:08:57.716580,0,0,539.754192,0.5743999999999999
2026-03-24T01:08:57.717503,0,0,539.754192,0.5743999999999999
2026-03-24T01:08:57.718467,0,0,539.754192,0.5743999999999999
2026-03-24T01:08:57.719478,0,0,539.754192,0.5743999999999999
2026-03-24T01:08:57.720422,0,0,539.754192,0.5743999999999999
2026-03-24T01:08:57.721346,0,0,539.754192,0.5743999999999999
2026-03-24T01:08:57.722294,0,0,539.754192,0.5743999999999999
2026-03-24T01:08:57.723326,0,0,539.754192,0.5743999999999999
2026-03-24T01:08:57.724337,0,0,539.754192,0.5743999999999999
2026-03-24T01:08:57.725266,0,0,539.754192,0.5743999999999999
2026-03-24T01:08:57.726173,0,0,539.754192,0.5743999999999999
2026-03-24T01:08:57.727168,0,0,539.754192,0.5743999999999999
2026-03-24T01:08:57.728295,0,0,539.754192,0.5743999999999999
2026-03-24T01:08:57.729226,0,0,539.754192,0.5743999999999999
2026-03-24T01:08:57.730179,0,0,539.754192,0.5743999999999999
2026-03-24T01:08:57.731126,0,0,539.754192,0.5743999999999999
2026-03-24T01:08:57.732202,0,0,539.754192,0.5743999999999999
2026-03-24T01:08:57.733159,0,0,539.754192,0.5743999999999999
2026-03-24T01:08:57.734105,0,0,539.754192,0.5743999999999999
2026-03-24T01:08:57.735014,0,0,539.754192,0.5743999999999999
2026-03-24T01:08:57.736033,0,0,539.754192,0.5743999999999999
2026-03-24T01:08:57.736994,0,0,539.754192,0.5743999999999999
2026-03-24T01:08:57.737943,0,0,539.754192,0.5743999999999999
2026-03-24T01:08:57.738799,0,0,539.754192,0.5743999999999999
2026-03-24T01:08:57.739984,0,0,539.754192,0.5743999999999999
2026-03-24T01:08:57.740943,0,0,539.754192,0.5743999999999999
2026-03-24T01:08:57.741794,0,0,539.754192,0.5743999999999999
2026-03-24T01:08:57.742715,0,0,539.754192,0.5743999999999999
2026-03-24T01:08:57.743718,0,0,539.754192,0.5743999999999999
2026-03-24T01:08:57.744665,0,0,539.754192,0.5743999999999999
2026-03-24T01:08:57.745631,0,0,539.754192,0.5743999999999999
2026-03-24T01:08:57.746601,0,0,539.754192,0.5743999999999999
2026-03-24T01:08:57.747644,0,0,539.754192,0.5743999999999999
2026-03-24T01:08:57.748619,0,0,539.754192,0.5743999999999999
2026-03-24T01:08:57.749579,0,0,539.754192,0.5743999999999999
2026-03-24T01:08:57.750553,0,0,539.754192,0.5743999999999999
2026-03-24T01:08:57.751700,0,0,539.754192,0.5743999999999999
2026-03-24T01:08:57.752728,0,0,539.754192,0.5743999999999999
2026-03-24T01:08:57.753605,0,0,539.754192,0.5743999999999999
2026-03-24T01:08:57.754534,0,0,539.754192,0.5743999999999999
2026-03-24T01:08:57.755650,0,0,539.754192,0.5743999999999999
2026-03-24T01:08:57.756674,0,0,539.754192,0.5743999999999999
2026-03-24T01:08:57.757546,0,0,539.754192,0.5743999999999999
2026-03-24T01:08:57.758261,0,0,539.754192,0.5743999999999999
2026-03-24T01:08:57.758908,0,0,539.754192,0.5743999999999999
2026-03-24T01:08:57.759657,0,0,539.754192,0.5743999999999999
2026-03-24T01:08:57.760459,0,0,539.754192,0.5743999999999999
2026-03-24T01:08:57.761417,0,0,539.754192,0.5743999999999999
2026-03-24T01:08:57.762456,0,0,539.754192,0.5743999999999999
2026-03-24T01:08:57.763511,0,0,539.754192,0.5743999999999999
2026-03-24T01:08:57.764438,0,0,539.754192,0.5743999999999999
2026-03-24T01:08:57.765407,0,0,539.754192,0.5743999999999999
2026-03-24T01:08:57.766413,0,0,539.754192,0.5743999999999999
2026-03-24T01:08:57.767501,0,0,539.754192,0.5743999999999999
2026-03-24T01:08:57.768423,0,0,539.754192,0.5743999999999999
2026-03-24T01:08:57.769421,0,0,539.754192,0.5743999999999999
2026-03-24T01:08:57.770409,0,0,539.754192,0.5743999999999999
2026-03-24T01:08:57.771505,0,0,539.754192,0.5743999999999999
2026-03-24T01:08:57.772458,0,0,539.754192,0.5743999999999999
2026-03-24T01:08:57.773425,0,0,539.754192,0.5743999999999999
2026-03-24T01:08:57.774421,0,0,539.754192,0.5743999999999999
2026-03-24T01:08:57.775528,0,0,539.754192,0.5743999999999999
2026-03-24T01:08:57.776428,0,0,539.754192,0.5743999999999999
2026-03-24T01:08:57.777414,0,0,539.754192,0.5743999999999999
2026-03-24T01:08:57.778412,0,0,539.754192,0.5743999999999999
2026-03-24T01:08:57.779513,0,0,539.754192,0.5743999999999999
2026-03-24T01:08:57.780455,0,0,539.754192,0.5743999999999999
2026-03-24T01:08:57.781434,0,0,539.754192,0.5743999999999999
2026-03-24T01:08:57.782425,0,0,539.754192,0.5743999999999999
2026-03-24T01:08:57.783538,0,0,539.754192,0.5743999999999999
2026-03-24T01:08:57.784436,0,0,539.754192,0.5743999999999999
2026-03-24T01:08:57.785430,0,0,539.754192,0.5743999999999999
2026-03-24T01:08:57.786427,0,0,539.754192,0.5743999999999999
2026-03-24T01:08:57.787514,0,0,539.754192,0.5743999999999999
2026-03-24T01:08:57.788437,0,0,539.754192,0.5743999999999999
2026-03-24T01:08:57.789426,0,0,539.754192,0.5743999999999999
2026-03-24T01:08:57.790440,0,0,539.754192,0.5743999999999999
2026-03-24T01:08:57.791521,0,0,539.754192,0.5743999999999999
2026-03-24T01:08:57.792436,0,0,539.754192,0.5743999999999999
2026-03-24T01:08:57.793418,0,0,539.754192,0.5743999999999999
2026-03-24T01:08:57.794459,0,0,539.754192,0.5743999999999999
2026-03-24T01:08:57.795567,0,0,539.754192,0.5743999999999999
2026-03-24T01:08:57.796444,0,0,539.754192,0.5743999999999999
2026-03-24T01:08:57.797433,0,0,539.754192,0.5743999999999999
2026-03-24T01:08:57.798418,0,0,539.754192,0.5743999999999999
2026-03-24T01:08:57.799491,0,0,539.754192,0.5743999999999999
2026-03-24T01:08:57.800432,0,0,539.754192,0.5743999999999999
2026-03-24T01:08:57.801421,0,0,539.754192,0.5743999999999999
2026-03-24T01:08:57.802413,0,0,539.754192,0.5743999999999999
2026-03-24T01:08:57.803503,0,0,539.754192,0.5743999999999999
2026-03-24T01:08:57.804482,0,0,539.754192,0.5743999999999999
2026-03-24T01:08:57.805448,0,0,539.754192,0.5743999999999999
2026-03-24T01:08:57.806440,0,0,539.754192,0.5743999999999999
2026-03-24T01:08:57.807506,0,0,539.754192,0.5743999999999999
2026-03-24T01:08:57.808438,0,0,539.754192,0.5743999999999999
2026-03-24T01:08:57.809425,0,0,539.754192,0.5743999999999999
2026-03-24T01:08:57.810421,0,0,539.754192,0.5743999999999999
2026-03-24T01:08:57.811486,0,0,539.754192,0.5743999999999999
2026-03-24T01:08:57.812453,0,0,539.754192,0.5743999999999999
2026-03-24T01:08:57.813419,0,0,539.754192,0.5743999999999999
2026-03-24T01:08:57.814410,0,0,539.754192,0.5743999999999999
2026-03-24T01:08:57.815548,0,0,539.754192,0.5743999999999999
2026-03-24T01:08:57.816445,0,0,539.754192,0.5743999999999999
2026-03-24T01:08:57.817429,0,0,539.754192,0.5743999999999999
2026-03-24T01:08:57.818425,0,0,539.754192,0.5743999999999999
2026-03-24T01:08:57.819512,0,0,539.754192,0.5743999999999999
2026-03-24T01:08:57.820423,0,0,539.754192,0.5743999999999999
2026-03-24T01:08:57.821410,0,0,539.754192,0.5743999999999999
2026-03-24T01:08:57.822409,0,0,539.754192,0.5743999999999999
2026-03-24T01:08:57.823500,0,0,539.754192,0.5743999999999999
2026-03-24T01:08:57.824427,0,0,539.754192,0.5743999999999999
2026-03-24T01:08:57.825414,0,0,539.754192,0.5743999999999999
2026-03-24T01:08:57.826457,0,0,539.754192,0.5743999999999999
2026-03-24T01:08:57.827497,0,0,539.754192,0.5743999999999999
2026-03-24T01:08:57.828433,0,0,539.754192,0.5743999999999999
2026-03-24T01:08:57.829414,0,0,539.754192,0.5743999999999999
2026-03-24T01:08:57.830411,0,0,539.754192,0.5743999999999999
2026-03-24T01:08:57.831496,0,0,539.754192,0.5743999999999999
2026-03-24T01:08:57.832431,0,0,539.754192,0.5743999999999999
2026-03-24T01:08:57.833409,0,0,539.754192,0.5743999999999999
2026-03-24T01:08:57.834408,0,0,539.754192,0.5743999999999999
2026-03-24T01:08:57.835542,0,0,539.754192,0.5743999999999999
2026-03-24T01:08:57.836473,0,0,539.754192,0.5743999999999999
2026-03-24T01:08:57.837424,0,0,539.754192,0.5743999999999999
2026-03-24T01:08:57.838413,0,0,539.754192,0.5743999999999999
2026-03-24T01:08:57.839560,0,0,539.754192,0.5743999999999999
2026-03-24T01:08:57.840427,0,0,539.754192,0.5743999999999999
2026-03-24T01:08:57.841412,0,0,539.754192,0.5743999999999999
2026-03-24T01:08:57.842406,0,0,539.754192,0.5743999999999999
2026-03-24T01:08:57.843498,0,0,539.754192,0.5743999999999999
2026-03-24T01:08:57.844427,0,0,539.754192,0.5743999999999999
2026-03-24T01:08:57.845412,0,0,539.754192,0.5743999999999999
2026-03-24T01:08:57.846405,0,0,539.754192,0.5743999999999999
2026-03-24T01:08:57.847537,0,0,539.754192,0.5743999999999999
2026-03-24T01:08:57.848424,0,0,539.754192,0.5743999999999999
2026-03-24T01:08:57.849420,0,0,539.754192,0.5743999999999999
2026-03-24T01:08:57.850413,0,0,539.754192,0.5743999999999999
2026-03-24T01:08:57.851525,0,0,539.754192,0.5743999999999999
2026-03-24T01:08:57.852436,0,0,539.754192,0.5743999999999999
2026-03-24T01:08:57.853425,0,0,539.754192,0.5743999999999999
2026-03-24T01:08:57.854422,0,0,539.754192,0.5743999999999999
2026-03-24T01:08:57.855499,0,0,539.754192,0.5743999999999999
2026-03-24T01:08:57.856434,0,0,539.754192,0.5743999999999999
2026-03-24T01:08:57.857507,0,0,539.754192,0.5743999999999999
2026-03-24T01:08:57.858430,0,0,539.754192,0.5743999999999999
2026-03-24T01:08:57.859510,0,0,539.754192,0.5743999999999999
2026-03-24T01:08:57.860453,0,0,539.754192,0.5743999999999999
2026-03-24T01:08:57.861427,0,0,539.754192,0.5743999999999999
2026-03-24T01:08:57.862430,0,0,539.754192,0.5743999999999999
2026-03-24T01:08:57.863559,0,0,539.754192,0.5743999999999999
2026-03-24T01:08:57.864439,0,0,539.754192,0.5743999999999999
2026-03-24T01:08:57.865426,0,0,539.754192,0.5743999999999999
2026-03-24T01:08:57.866408,0,0,539.754192,0.5743999999999999
2026-03-24T01:08:57.867507,0,0,539.754192,0.5743999999999999
2026-03-24T01:08:57.868415,0,0,539.754192,0.5743999999999999
2026-03-24T01:08:57.869424,0,0,539.754192,0.5743999999999999
2026-03-24T01:08:57.870407,0,0,539.754192,0.5743999999999999
2026-03-24T01:08:57.871492,0,0,539.754192,0.5743999999999999
2026-03-24T01:08:57.872417,0,0,539.754192,0.5743999999999999
2026-03-24T01:08:57.873404,0,0,539.754192,0.5743999999999999
2026-03-24T01:08:57.874405,0,0,539.754192,0.5743999999999999
2026-03-24T01:08:57.875492,0,0,539.754192,0.5743999999999999
2026-03-24T01:08:57.876415,0,0,539.754192,0.5743999999999999
2026-03-24T01:08:57.877408,0,0,539.754192,0.5743999999999999
2026-03-24T01:08:57.878484,0,0,539.754192,0.5743999999999999
2026-03-24T01:08:57.879508,0,0,539.754192,0.5743999999999999
2026-03-24T01:08:57.880420,0,0,539.754192,0.5743999999999999
2026-03-24T01:08:57.881410,0,0,539.754192,0.5743999999999999
2026-03-24T01:08:57.882426,0,0,539.754192,0.5743999999999999
2026-03-24T01:08:57.883501,0,0,539.754192,0.5743999999999999
2026-03-24T01:08:57.884433,0,0,539.754192,0.5743999999999999
2026-03-24T01:08:57.885404,0,0,539.754192,0.5743999999999999
2026-03-24T01:08:57.886407,0,0,539.754192,0.5743999999999999
2026-03-24T01:08:57.887576,0,0,539.754192,0.5743999999999999
2026-03-24T01:08:57.888321,0,0,539.754192,0.5743999999999999
2026-03-24T01:08:57.888978,0,0,539.754192,0.5743999999999999
2026-03-24T01:08:57.889669,0,0,539.754192,0.5743999999999999
2026-03-24T01:08:57.890438,0,0,539.754192,0.5743999999999999
2026-03-24T01:08:57.891505,0,0,539.754192,0.5743999999999999
2026-03-24T01:08:57.892448,0,0,539.754192,0.5743999999999999
2026-03-24T01:08:57.893423,0,0,539.754192,0.5743999999999999
2026-03-24T01:08:57.894413,0,0,539.754192,0.5743999999999999
2026-03-24T01:08:57.895497,0,0,539.754192,0.5743999999999999
2026-03-24T01:08:57.896435,0,0,539.754192,0.5743999999999999
2026-03-24T01:08:57.897420,0,0,539.754192,0.5743999999999999
2026-03-24T01:08:57.898420,0,0,539.754192,0.5743999999999999
2026-03-24T01:08:57.899527,0,0,539.754192,0.5743999999999999
2026-03-24T01:08:57.900419,0,0,539.754192,0.5743999999999999
2026-03-24T01:08:57.901413,0,0,539.754192,0.5743999999999999
2026-03-24T01:08:57.902408,0,0,539.754192,0.5743999999999999
2026-03-24T01:08:57.903497,0,0,539.754192,0.5743999999999999
2026-03-24T01:08:57.904420,0,0,539.754192,0.5743999999999999
2026-03-24T01:08:57.905410,0,0,539.754192,0.5743999999999999
2026-03-24T01:08:57.906400,0,0,539.754192,0.5743999999999999
2026-03-24T01:08:57.907589,0,0,539.754192,0.5743999999999999
2026-03-24T01:08:57.908441,0,0,539.754192,0.5743999999999999
2026-03-24T01:08:57.909411,0,0,539.754192,0.5743999999999999
2026-03-24T01:08:57.910457,0,0,539.754192,0.5743999999999999
2026-03-24T01:08:57.911504,0,0,539.754192,0.5743999999999999
2026-03-24T01:08:57.912442,0,0,539.754192,0.5743999999999999
2026-03-24T01:08:57.913422,0,0,539.754192,0.5743999999999999
2026-03-24T01:08:57.914407,0,0,539.754192,0.5743999999999999
2026-03-24T01:08:57.915513,0,0,539.754192,0.5743999999999999
2026-03-24T01:08:57.916418,0,0,539.754192,0.5743999999999999
2026-03-24T01:08:57.917420,0,0,539.754192,0.5743999999999999
2026-03-24T01:08:57.918414,0,0,539.754192,0.5743999999999999
2026-03-24T01:08:57.919500,0,0,539.754192,0.5743999999999999
2026-03-24T01:08:57.920471,0,0,539.754192,0.5743999999999999
2026-03-24T01:08:57.921430,0,0,539.754192,0.5743999999999999
2026-03-24T01:08:57.922435,0,0,539.754192,0.5743999999999999
2026-03-24T01:08:57.923507,0,0,539.754192,0.5743999999999999
2026-03-24T01:08:57.924426,0,0,539.754192,0.5743999999999999
2026-03-24T01:08:57.925412,0,0,539.754192,0.5743999999999999
2026-03-24T01:08:57.926410,0,0,539.754192,0.5743999999999999
2026-03-24T01:08:57.927551,0,0,539.754192,0.5743999999999999
2026-03-24T01:08:57.928422,0,0,539.754192,0.5743999999999999
2026-03-24T01:08:57.929411,0,0,539.754192,0.5743999999999999
2026-03-24T01:08:57.930401,0,0,539.754192,0.5743999999999999
2026-03-24T01:08:57.931550,0,0,539.754192,0.5743999999999999
2026-03-24T01:08:57.932415,0,0,539.754192,0.5743999999999999
2026-03-24T01:08:57.933414,0,0,539.754192,0.5743999999999999
2026-03-24T01:08:57.934406,0,0,539.754192,0.5743999999999999
2026-03-24T01:08:57.935503,0,0,539.754192,0.5743999999999999
2026-03-24T01:08:57.936419,0,0,539.754192,0.5743999999999999
2026-03-24T01:08:57.937413,0,0,539.754192,0.5743999999999999
2026-03-24T01:08:57.938412,0,0,539.754192,0.5743999999999999
2026-03-24T01:08:57.939503,0,0,539.754192,0.5743999999999999
2026-03-24T01:08:57.940437,0,0,539.754192,0.5743999999999999
2026-03-24T01:08:57.941462,0,0,539.754192,0.5743999999999999
2026-03-24T01:08:57.942418,0,0,539.754192,0.5743999999999999
2026-03-24T01:08:57.943495,0,0,539.754192,0.5743999999999999
2026-03-24T01:08:57.944429,0,0,539.754192,0.5743999999999999
2026-03-24T01:08:57.945409,0,0,539.754192,0.5743999999999999
2026-03-24T01:08:57.946408,0,0,539.754192,0.5743999999999999
2026-03-24T01:08:57.947532,0,0,539.754192,0.5743999999999999
2026-03-24T01:08:57.948437,0,0,539.754192,0.5743999999999999
2026-03-24T01:08:57.949422,0,0,539.754192,0.5743999999999999
2026-03-24T01:08:57.950435,0,0,539.754192,0.5743999999999999
2026-03-24T01:08:57.951540,0,0,539.754192,0.5743999999999999
2026-03-24T01:08:57.952437,0,0,539.754192,0.5743999999999999
2026-03-24T01:08:57.953417,0,0,539.754192,0.5743999999999999
2026-03-24T01:08:57.954413,0,0,539.754192,0.5743999999999999
2026-03-24T01:08:57.955498,0,0,539.754192,0.5743999999999999
2026-03-24T01:08:57.956435,0,0,539.754192,0.5743999999999999
2026-03-24T01:08:57.957427,0,0,539.754192,0.5743999999999999
2026-03-24T01:08:57.958414,0,0,539.754192,0.5743999999999999
2026-03-24T01:08:57.959509,0,0,539.754192,0.5743999999999999
2026-03-24T01:08:57.960444,0,0,539.754192,0.5743999999999999
2026-03-24T01:08:57.961423,0,0,539.754192,0.5743999999999999
2026-03-24T01:08:57.962474,0,0,539.754192,0.5743999999999999
2026-03-24T01:08:57.963514,0,0,539.754192,0.5743999999999999
2026-03-24T01:08:57.964451,0,0,539.754192,0.5743999999999999
2026-03-24T01:08:57.965429,0,0,539.754192,0.5743999999999999
2026-03-24T01:08:57.966407,0,0,539.754192,0.5743999999999999
2026-03-24T01:08:57.967509,0,0,539.754192,0.5743999999999999
2026-03-24T01:08:57.968437,0,0,539.754192,0.5743999999999999
2026-03-24T01:08:57.969426,0,0,539.754192,0.5743999999999999
2026-03-24T01:08:57.970427,0,0,539.754192,0.5743999999999999
2026-03-24T01:08:57.971548,0,0,539.754192,0.5743999999999999
2026-03-24T01:08:57.972442,0,0,539.754192,0.5743999999999999
2026-03-24T01:08:57.973474,0,0,539.754192,0.5743999999999999
2026-03-24T01:08:57.974447,0,0,539.754192,0.5743999999999999
2026-03-24T01:08:57.975491,0,0,539.754192,0.5743999999999999
2026-03-24T01:08:57.976444,0,0,539.754192,0.5743999999999999
2026-03-24T01:08:57.977402,0,0,539.754192,0.5743999999999999
2026-03-24T01:08:57.978423,0,0,539.754192,0.5743999999999999
2026-03-24T01:08:57.979498,0,0,539.754192,0.5743999999999999
2026-03-24T01:08:57.980433,0,0,539.754192,0.5743999999999999
2026-03-24T01:08:57.981427,0,0,539.754192,0.5743999999999999
2026-03-24T01:08:57.982426,0,0,539.754192,0.5743999999999999
2026-03-24T01:08:57.983501,0,0,539.754192,0.5743999999999999
2026-03-24T01:08:57.984431,0,0,539.754192,0.5743999999999999
2026-03-24T01:08:57.985426,0,0,539.754192,0.5743999999999999
2026-03-24T01:08:57.986407,0,0,539.754192,0.5743999999999999
2026-03-24T01:08:57.987506,0,0,539.754192,0.5743999999999999
2026-03-24T01:08:57.988447,0,0,539.754192,0.5743999999999999
2026-03-24T01:08:57.989428,0,0,539.754192,0.5743999999999999
2026-03-24T01:08:57.990412,0,0,539.754192,0.5743999999999999
2026-03-24T01:08:57.991500,0,0,539.754192,0.5743999999999999
2026-03-24T01:08:57.992457,0,0,539.754192,0.5743999999999999
2026-03-24T01:08:57.993427,0,0,539.754192,0.5743999999999999
2026-03-24T01:08:57.994464,0,0,539.754192,0.5743999999999999
2026-03-24T01:08:57.995514,0,0,539.754192,0.5743999999999999
2026-03-24T01:08:57.996436,0,0,539.754192,0.5743999999999999
2026-03-24T01:08:57.997419,0,0,539.754192,0.5743999999999999
2026-03-24T01:08:57.998405,0,0,539.754192,0.5743999999999999
2026-03-24T01:08:57.999493,0,0,539.754192,0.5743999999999999
2026-03-24T01:08:58.000413,0,0,539.754192,0.5743999999999999
2026-03-24T01:08:58.001421,0,0,539.754192,0.5743999999999999
2026-03-24T01:08:58.002410,0,0,539.754192,0.5743999999999999
2026-03-24T01:08:58.003495,0,0,539.754192,0.5743999999999999
2026-03-24T01:08:58.004458,0,0,539.754192,0.5743999999999999
2026-03-24T01:08:58.005426,0,0,539.754192,0.5743999999999999
2026-03-24T01:08:58.006415,0,0,539.754192,0.5743999999999999
2026-03-24T01:08:58.007492,0,0,539.754192,0.5743999999999999
2026-03-24T01:08:58.008417,0,0,539.754192,0.5743999999999999
2026-03-24T01:08:58.009415,0,0,539.754192,0.5743999999999999
2026-03-24T01:08:58.010418,0,0,539.754192,0.5743999999999999
2026-03-24T01:08:58.011521,0,0,539.754192,0.5743999999999999
2026-03-24T01:08:58.012431,0,0,539.754192,0.5743999999999999
2026-03-24T01:08:58.013425,0,0,539.754192,0.5743999999999999
2026-03-24T01:08:58.014416,0,0,539.754192,0.5743999999999999
2026-03-24T01:08:58.015537,0,0,539.754192,0.5743999999999999
2026-03-24T01:08:58.016436,0,0,539.754192,0.5743999999999999
2026-03-24T01:08:58.017451,0,0,539.754192,0.5743999999999999
2026-03-24T01:08:58.018414,0,0,539.754192,0.5743999999999999
2026-03-24T01:08:58.019501,0,0,539.754192,0.5743999999999999
2026-03-24T01:08:58.020431,0,0,539.754192,0.5743999999999999
2026-03-24T01:08:58.021420,0,0,539.754192,0.5743999999999999
2026-03-24T01:08:58.023758,0,0,539.754192,0.5743999999999999
2026-03-24T01:08:58.024607,0,0,539.754192,0.5743999999999999
2026-03-24T01:08:58.025289,0,0,539.754192,0.5743999999999999
2026-03-24T01:08:58.025894,0,0,539.754192,0.5743999999999999
2026-03-24T01:08:58.026540,0,0,539.754192,0.5743999999999999
2026-03-24T01:08:58.027188,0,0,539.754192,0.5743999999999999
2026-03-24T01:08:58.028077,0,0,539.754192,0.5743999999999999
2026-03-24T01:08:58.028686,0,0,539.754192,0.5743999999999999
2026-03-24T01:08:58.029349,0,0,539.754192,0.5743999999999999
2026-03-24T01:08:58.030458,0,0,539.754192,0.5743999999999999
2026-03-24T01:08:58.031493,0,0,539.754192,0.5743999999999999
2026-03-24T01:08:58.032421,0,0,539.754192,0.5743999999999999
2026-03-24T01:08:58.033395,0,0,539.754192,0.5743999999999999
2026-03-24T01:08:58.034397,0,0,539.754192,0.5743999999999999
2026-03-24T01:08:58.035473,0,0,539.754192,0.5743999999999999
2026-03-24T01:08:58.036410,0,0,539.754192,0.5743999999999999
2026-03-24T01:08:58.037391,0,0,539.754192,0.5743999999999999
2026-03-24T01:08:58.038396,0,0,539.754192,0.5743999999999999
2026-03-24T01:08:58.039483,0,0,539.754192,0.5743999999999999
2026-03-24T01:08:58.040482,0,0,539.754192,0.5743999999999999
2026-03-24T01:08:58.041405,0,0,539.754192,0.5743999999999999
2026-03-24T01:08:58.042387,0,0,539.754192,0.5743999999999999
2026-03-24T01:08:58.043472,0,0,539.754192,0.5743999999999999
2026-03-24T01:08:58.044410,0,0,539.754192,0.5743999999999999
2026-03-24T01:08:58.045416,0,0,539.754192,0.5743999999999999
2026-03-24T01:08:58.046405,0,0,539.754192,0.5743999999999999
2026-03-24T01:08:58.047478,0,0,539.754192,0.5743999999999999
2026-03-24T01:08:58.048418,0,0,539.754192,0.5743999999999999
2026-03-24T01:08:58.049406,0,0,539.754192,0.5743999999999999
2026-03-24T01:08:58.050385,0,0,539.754192,0.5743999999999999
2026-03-24T01:08:58.051469,0,0,539.754192,0.5743999999999999
2026-03-24T01:08:58.052421,0,0,539.754192,0.5743999999999999
2026-03-24T01:08:58.053417,0,0,539.754192,0.5743999999999999
2026-03-24T01:08:58.054426,0,0,539.754192,0.5743999999999999
2026-03-24T01:08:58.055470,0,0,539.754192,0.5743999999999999
2026-03-24T01:08:58.056419,0,0,539.754192,0.5743999999999999
2026-03-24T01:08:58.057395,0,0,539.754192,0.5743999999999999
2026-03-24T01:08:58.058387,0,0,539.754192,0.5743999999999999
2026-03-24T01:08:58.059472,0,0,539.754192,0.5743999999999999
2026-03-24T01:08:58.060413,0,0,539.754192,0.5743999999999999
2026-03-24T01:08:58.061401,0,0,539.754192,0.5743999999999999
2026-03-24T01:08:58.062392,0,0,539.754192,0.5743999999999999
2026-03-24T01:08:58.063478,0,0,539.754192,0.5743999999999999
2026-03-24T01:08:58.064401,0,0,539.754192,0.5743999999999999
2026-03-24T01:08:58.065400,0,0,539.754192,0.5743999999999999
2026-03-24T01:08:58.066389,0,0,539.754192,0.5743999999999999
2026-03-24T01:08:58.067467,0,0,539.754192,0.5743999999999999
2026-03-24T01:08:58.068417,0,0,539.754192,0.5743999999999999
2026-03-24T01:08:58.069394,0,0,539.754192,0.5743999999999999
2026-03-24T01:08:58.070394,0,0,539.754192,0.5743999999999999
2026-03-24T01:08:58.071469,0,0,539.754192,0.5743999999999999
2026-03-24T01:08:58.072399,0,0,539.754192,0.5743999999999999
2026-03-24T01:08:58.073400,0,0,539.754192,0.5743999999999999
2026-03-24T01:08:58.074398,0,0,539.754192,0.5743999999999999
2026-03-24T01:08:58.075467,0,0,539.754192,0.5743999999999999
2026-03-24T01:08:58.076416,0,0,539.754192,0.5743999999999999
2026-03-24T01:08:58.077402,0,0,539.754192,0.5743999999999999
2026-03-24T01:08:58.078392,0,0,539.754192,0.5743999999999999
2026-03-24T01:08:58.079520,0,0,539.754192,0.5743999999999999
2026-03-24T01:08:58.080417,0,0,539.754192,0.5743999999999999
2026-03-24T01:08:58.081397,0,0,539.754192,0.5743999999999999
2026-03-24T01:08:58.082389,0,0,539.754192,0.5743999999999999
2026-03-24T01:08:58.083473,0,0,539.754192,0.5743999999999999
2026-03-24T01:08:58.084402,0,0,539.754192,0.5743999999999999
2026-03-24T01:08:58.085395,0,0,539.754192,0.5743999999999999
2026-03-24T01:08:58.086396,0,0,539.754192,0.5743999999999999
2026-03-24T01:08:58.087461,0,0,539.754192,0.5743999999999999
2026-03-24T01:08:58.088395,0,0,539.754192,0.5743999999999999
2026-03-24T01:08:58.089387,0,0,539.754192,0.5743999999999999
2026-03-24T01:08:58.090386,0,0,539.754192,0.5743999999999999
2026-03-24T01:08:58.091462,0,0,539.754192,0.5743999999999999
2026-03-24T01:08:58.092403,0,0,539.754192,0.5743999999999999
2026-03-24T01:08:58.093391,0,0,539.754192,0.5743999999999999
2026-03-24T01:08:58.094400,0,0,539.754192,0.5743999999999999
2026-03-24T01:08:58.095465,0,0,539.754192,0.5743999999999999
2026-03-24T01:08:58.096408,0,0,539.754192,0.5743999999999999
2026-03-24T01:08:58.097399,0,0,539.754192,0.5743999999999999
2026-03-24T01:08:58.098414,0,0,539.754192,0.5743999999999999
2026-03-24T01:08:58.099465,0,0,539.754192,0.5743999999999999
2026-03-24T01:08:58.100460,0,0,539.754192,0.5743999999999999
2026-03-24T01:08:58.101414,0,0,539.754192,0.5743999999999999
2026-03-24T01:08:58.102400,0,0,539.754192,0.5743999999999999
2026-03-24T01:08:58.103477,0,0,539.754192,0.5743999999999999
2026-03-24T01:08:58.104400,0,0,539.754192,0.5743999999999999
2026-03-24T01:08:58.105396,0,0,539.754192,0.5743999999999999
2026-03-24T01:08:58.106389,0,0,539.754192,0.5743999999999999
2026-03-24T01:08:58.107539,0,0,539.754192,0.5743999999999999
2026-03-24T01:08:58.108419,0,0,539.754192,0.5743999999999999
2026-03-24T01:08:58.109412,0,0,539.754192,0.5743999999999999
2026-03-24T01:08:58.110383,0,0,539.754192,0.5743999999999999
2026-03-24T01:08:58.111465,0,0,539.754192,0.5743999999999999
2026-03-24T01:08:58.112420,0,0,539.754192,0.5743999999999999
2026-03-24T01:08:58.113391,0,0,539.754192,0.5743999999999999
2026-03-24T01:08:58.114402,0,0,539.754192,0.5743999999999999
2026-03-24T01:08:58.115468,0,0,539.754192,0.5743999999999999
2026-03-24T01:08:58.116396,0,0,539.754192,0.5743999999999999
2026-03-24T01:08:58.117398,0,0,539.754192,0.5743999999999999
2026-03-24T01:08:58.118396,0,0,539.754192,0.5743999999999999
2026-03-24T01:08:58.119469,0,0,539.754192,0.5743999999999999
2026-03-24T01:08:58.120413,0,0,539.754192,0.5743999999999999
2026-03-24T01:08:58.121435,0,0,539.754192,0.5743999999999999
2026-03-24T01:08:58.122394,0,0,539.754192,0.5743999999999999
2026-03-24T01:08:58.123462,0,0,539.754192,0.5743999999999999
2026-03-24T01:08:58.124403,0,0,539.754192,0.5743999999999999
2026-03-24T01:08:58.125392,0,0,539.754192,0.5743999999999999
2026-03-24T01:08:58.126405,0,0,539.754192,0.5743999999999999
2026-03-24T01:08:58.127473,0,0,539.754192,0.5743999999999999
2026-03-24T01:08:58.128414,0,0,539.754192,0.5743999999999999
2026-03-24T01:08:58.129411,0,0,539.754192,0.5743999999999999
2026-03-24T01:08:58.130385,0,0,539.754192,0.5743999999999999
2026-03-24T01:08:58.131509,0,0,539.754192,0.5743999999999999
2026-03-24T01:08:58.132397,0,0,539.754192,0.5743999999999999
2026-03-24T01:08:58.133389,0,0,539.754192,0.5743999999999999
2026-03-24T01:08:58.134384,0,0,539.754192,0.5743999999999999
2026-03-24T01:08:58.135561,0,0,539.754192,0.5743999999999999
2026-03-24T01:08:58.136286,0,0,539.754192,0.5743999999999999
2026-03-24T01:08:58.136892,0,0,539.754192,0.5743999999999999
2026-03-24T01:08:58.137550,0,0,539.754192,0.5743999999999999
2026-03-24T01:08:58.138413,0,0,539.754192,0.5743999999999999
2026-03-24T01:08:58.139507,0,0,539.754192,0.5743999999999999
2026-03-24T01:08:58.140411,0,0,539.754192,0.5743999999999999
2026-03-24T01:08:58.141398,0,0,539.754192,0.5743999999999999
2026-03-24T01:08:58.142518,0,0,539.754192,0.5743999999999999
2026-03-24T01:08:58.143480,0,0,539.754192,0.5743999999999999
2026-03-24T01:08:58.144406,0,0,539.754192,0.5743999999999999
2026-03-24T01:08:58.145397,0,0,539.754192,0.5743999999999999
2026-03-24T01:08:58.146389,0,0,539.754192,0.5743999999999999
2026-03-24T01:08:58.147479,0,0,539.754192,0.5743999999999999
2026-03-24T01:08:58.148413,0,0,539.754192,0.5743999999999999
2026-03-24T01:08:58.149393,0,0,539.754192,0.5743999999999999
2026-03-24T01:08:58.150386,0,0,539.754192,0.5743999999999999
2026-03-24T01:08:58.151471,0,0,539.754192,0.5743999999999999
2026-03-24T01:08:58.152414,0,0,539.754192,0.5743999999999999
2026-03-24T01:08:58.153409,0,0,539.754192,0.5743999999999999
2026-03-24T01:08:58.154397,0,0,539.754192,0.5743999999999999
2026-03-24T01:08:58.155473,0,0,539.754192,0.5743999999999999
2026-03-24T01:08:58.156407,0,0,539.754192,0.5743999999999999
2026-03-24T01:08:58.157407,0,0,539.754192,0.5743999999999999
2026-03-24T01:08:58.158400,0,0,539.754192,0.5743999999999999
2026-03-24T01:08:58.159479,0,0,539.754192,0.5743999999999999
2026-03-24T01:08:58.160413,0,0,539.754192,0.5743999999999999
2026-03-24T01:08:58.161404,0,0,539.754192,0.5743999999999999
2026-03-24T01:08:58.162415,0,0,539.754192,0.5743999999999999
2026-03-24T01:08:58.163514,0,0,539.754192,0.5743999999999999
2026-03-24T01:08:58.164424,0,0,539.754192,0.5743999999999999
2026-03-24T01:08:58.165385,0,0,539.754192,0.5743999999999999
2026-03-24T01:08:58.166386,0,0,539.754192,0.5743999999999999
2026-03-24T01:08:58.167467,0,0,539.754192,0.5743999999999999
2026-03-24T01:08:58.168418,0,0,539.754192,0.5743999999999999
2026-03-24T01:08:58.169407,0,0,539.754192,0.5743999999999999
2026-03-24T01:08:58.170401,0,0,539.754192,0.5743999999999999
2026-03-24T01:08:58.171474,0,0,539.754192,0.5743999999999999
2026-03-24T01:08:58.172417,0,0,539.754192,0.5743999999999999
2026-03-24T01:08:58.173403,0,0,539.754192,0.5743999999999999
2026-03-24T01:08:58.174386,0,0,539.754192,0.5743999999999999
2026-03-24T01:08:58.175476,0,0,539.754192,0.5743999999999999
2026-03-24T01:08:58.176418,0,0,539.754192,0.5743999999999999
2026-03-24T01:08:58.177407,0,0,539.754192,0.5743999999999999
2026-03-24T01:08:58.178398,0,0,539.754192,0.5743999999999999
2026-03-24T01:08:58.179479,0,0,539.754192,0.5743999999999999
2026-03-24T01:08:58.180412,0,0,539.754192,0.5743999999999999
2026-03-24T01:08:58.181414,0,0,539.754192,0.5743999999999999
2026-03-24T01:08:58.182400,0,0,539.754192,0.5743999999999999
2026-03-24T01:08:58.183475,0,0,539.754192,0.5743999999999999
2026-03-24T01:08:58.184459,0,0,539.754192,0.5743999999999999
2026-03-24T01:08:58.185388,0,0,539.754192,0.5743999999999999
2026-03-24T01:08:58.186405,0,0,539.754192,0.5743999999999999
2026-03-24T01:08:58.187475,0,0,539.754192,0.5743999999999999
2026-03-24T01:08:58.188410,0,0,539.754192,0.5743999999999999
2026-03-24T01:08:58.189403,0,0,539.754192,0.5743999999999999
2026-03-24T01:08:58.190388,0,0,539.754192,0.5743999999999999
2026-03-24T01:08:58.191461,0,0,539.754192,0.5743999999999999
2026-03-24T01:08:58.192409,0,0,539.754192,0.5743999999999999
2026-03-24T01:08:58.193404,0,0,539.754192,0.5743999999999999
2026-03-24T01:08:58.194387,0,0,539.754192,0.5743999999999999
2026-03-24T01:08:58.195469,0,0,539.754192,0.5743999999999999
2026-03-24T01:08:58.196400,0,0,539.754192,0.5743999999999999
2026-03-24T01:08:58.197399,0,0,539.754192,0.5743999999999999
2026-03-24T01:08:58.198400,0,0,539.754192,0.5743999999999999
2026-03-24T01:08:58.199470,0,0,539.754192,0.5743999999999999
2026-03-24T01:08:58.200407,0,0,539.754192,0.5743999999999999
2026-03-24T01:08:58.201410,0,0,539.754192,0.5743999999999999
2026-03-24T01:08:58.202402,0,0,539.754192,0.5743999999999999
2026-03-24T01:08:58.203481,0,0,539.754192,0.5743999999999999
2026-03-24T01:08:58.204420,0,0,539.754192,0.5743999999999999
2026-03-24T01:08:58.205452,0,0,539.754192,0.5743999999999999
2026-03-24T01:08:58.206412,0,0,539.754192,0.5743999999999999
2026-03-24T01:08:58.207462,0,0,539.754192,0.5743999999999999
2026-03-24T01:08:58.208411,0,0,539.754192,0.5743999999999999
2026-03-24T01:08:58.209400,0,0,539.754192,0.5743999999999999
2026-03-24T01:08:58.210394,0,0,539.754192,0.5743999999999999
2026-03-24T01:08:58.211478,0,0,539.754192,0.5743999999999999
2026-03-24T01:08:58.212410,0,0,539.754192,0.5743999999999999
2026-03-24T01:08:58.213397,0,0,539.754192,0.5743999999999999
2026-03-24T01:08:58.214393,0,0,539.754192,0.5743999999999999
2026-03-24T01:08:58.215524,0,0,539.754192,0.5743999999999999
2026-03-24T01:08:58.216411,0,0,539.754192,0.5743999999999999
2026-03-24T01:08:58.217396,0,0,539.754192,0.5743999999999999
2026-03-24T01:08:58.218405,0,0,539.754192,0.5743999999999999
2026-03-24T01:08:58.219471,0,0,539.754192,0.5743999999999999
2026-03-24T01:08:58.220406,0,0,539.754192,0.5743999999999999
2026-03-24T01:08:58.221402,0,0,539.754192,0.5743999999999999
2026-03-24T01:08:58.222434,0,0,539.754192,0.5743999999999999
2026-03-24T01:08:58.223461,0,0,539.754192,0.5743999999999999
2026-03-24T01:08:58.224414,0,0,539.754192,0.5743999999999999
2026-03-24T01:08:58.225405,0,0,539.754192,0.5743999999999999
2026-03-24T01:08:58.226449,0,0,539.754192,0.5743999999999999
2026-03-24T01:08:58.227478,0,0,539.754192,0.5743999999999999
2026-03-24T01:08:58.228420,0,0,539.754192,0.5743999999999999
2026-03-24T01:08:58.229402,0,0,539.754192,0.5743999999999999
2026-03-24T01:08:58.230396,0,0,539.754192,0.5743999999999999
2026-03-24T01:08:58.231470,0,0,539.754192,0.5743999999999999
2026-03-24T01:08:58.232419,0,0,539.754192,0.5743999999999999
2026-03-24T01:08:58.233398,0,0,539.754192,0.5743999999999999
2026-03-24T01:08:58.234388,0,0,539.754192,0.5743999999999999
2026-03-24T01:08:58.235473,0,0,539.754192,0.5743999999999999
2026-03-24T01:08:58.236411,0,0,539.754192,0.5743999999999999
2026-03-24T01:08:58.237407,0,0,539.754192,0.5743999999999999
2026-03-24T01:08:58.238398,0,0,539.754192,0.5743999999999999
2026-03-24T01:08:58.239473,0,0,539.754192,0.5743999999999999
2026-03-24T01:08:58.240410,0,0,539.754192,0.5743999999999999
2026-03-24T01:08:58.241402,0,0,539.754192,0.5743999999999999
2026-03-24T01:08:58.242403,0,0,539.754192,0.5743999999999999
2026-03-24T01:08:58.243467,0,0,539.754192,0.5743999999999999
2026-03-24T01:08:58.244414,0,0,539.754192,0.5743999999999999
2026-03-24T01:08:58.245413,0,0,539.754192,0.5743999999999999
2026-03-24T01:08:58.246418,0,0,539.754192,0.5743999999999999
2026-03-24T01:08:58.247519,0,0,539.754192,0.5743999999999999
2026-03-24T01:08:58.248421,0,0,539.754192,0.5743999999999999
2026-03-24T01:08:58.249387,0,0,539.754192,0.5743999999999999
2026-03-24T01:08:58.250399,0,0,539.754192,0.5743999999999999
2026-03-24T01:08:58.251479,0,0,539.754192,0.5743999999999999
2026-03-24T01:08:58.252411,0,0,539.754192,0.5743999999999999
2026-03-24T01:08:58.253405,0,0,539.754192,0.5743999999999999
2026-03-24T01:08:58.254402,0,0,539.754192,0.5743999999999999
2026-03-24T01:08:58.255471,0,0,539.754192,0.5743999999999999
2026-03-24T01:08:58.256409,0,0,539.754192,0.5743999999999999
2026-03-24T01:08:58.257403,0,0,539.754192,0.5743999999999999
2026-03-24T01:08:58.258402,0,0,539.754192,0.5743999999999999
2026-03-24T01:08:58.259464,0,0,539.754192,0.5743999999999999
2026-03-24T01:08:58.260420,0,0,539.754192,0.5743999999999999
2026-03-24T01:08:58.261397,0,0,539.754192,0.5743999999999999
2026-03-24T01:08:58.262396,0,0,539.754192,0.5743999999999999
2026-03-24T01:08:58.263471,0,0,539.754192,0.5743999999999999
2026-03-24T01:08:58.264413,0,0,539.754192,0.5743999999999999
2026-03-24T01:08:58.265398,0,0,539.754192,0.5743999999999999
2026-03-24T01:08:58.266401,0,0,539.754192,0.5743999999999999
2026-03-24T01:08:58.267475,0,0,539.754192,0.5743999999999999
2026-03-24T01:08:58.268456,0,0,539.754192,0.5743999999999999
2026-03-24T01:08:58.269409,0,0,539.754192,0.5743999999999999
2026-03-24T01:08:58.270416,0,0,539.754192,0.5743999999999999
2026-03-24T01:08:58.271463,0,0,539.754192,0.5743999999999999
2026-03-24T01:08:58.272393,0,0,539.754192,0.5743999999999999
2026-03-24T01:08:58.273383,0,0,539.754192,0.5743999999999999
2026-03-24T01:08:58.274382,0,0,539.754192,0.5743999999999999
2026-03-24T01:08:58.275466,0,0,539.754192,0.5743999999999999
2026-03-24T01:08:58.276406,0,0,539.754192,0.5743999999999999
2026-03-24T01:08:58.277387,0,0,539.754192,0.5743999999999999
2026-03-24T01:08:58.278382,0,0,539.754192,0.5743999999999999
2026-03-24T01:08:58.279457,0,0,539.754192,0.5743999999999999
2026-03-24T01:08:58.280404,0,0,539.754192,0.5743999999999999
2026-03-24T01:08:58.281383,0,0,539.754192,0.5743999999999999
2026-03-24T01:08:58.282378,0,0,539.754192,0.5743999999999999
2026-03-24T01:08:58.283457,0,0,539.754192,0.5743999999999999
2026-03-24T01:08:58.284676,0,0,539.754192,0.5743999999999999
2026-03-24T01:08:58.285396,0,0,539.754192,0.5743999999999999
2026-03-24T01:08:58.286390,0,0,539.754192,0.5743999999999999
2026-03-24T01:08:58.287465,0,0,539.754192,0.5743999999999999
2026-03-24T01:08:58.288390,0,0,539.754192,0.5743999999999999
2026-03-24T01:08:58.289428,0,0,539.754192,0.5743999999999999
2026-03-24T01:08:58.290393,0,0,539.754192,0.5743999999999999
2026-03-24T01:08:58.291457,0,0,539.754192,0.5743999999999999
2026-03-24T01:08:58.292396,0,0,539.754192,0.5743999999999999
2026-03-24T01:08:58.293386,0,0,539.754192,0.5743999999999999
2026-03-24T01:08:58.294386,0,0,539.754192,0.5743999999999999
2026-03-24T01:08:58.295461,0,0,539.754192,0.5743999999999999
2026-03-24T01:08:58.296995,0,0,539.754192,0.5743999999999999
2026-03-24T01:08:58.297864,0,0,539.754192,0.5743999999999999
2026-03-24T01:08:58.298744,0,0,539.754192,0.5743999999999999
2026-03-24T01:08:58.299866,0,0,539.754192,0.5743999999999999
2026-03-24T01:08:58.300829,0,0,539.754192,0.5743999999999999
2026-03-24T01:08:58.301784,0,0,539.754192,0.5743999999999999
2026-03-24T01:08:58.302715,0,0,539.754192,0.5743999999999999
2026-03-24T01:08:58.303758,0,0,539.754192,0.5743999999999999
2026-03-24T01:08:58.304755,0,0,539.754192,0.5743999999999999
2026-03-24T01:08:58.305652,0,0,539.754192,0.5743999999999999
2026-03-24T01:08:58.306424,0,0,539.754192,0.5743999999999999
2026-03-24T01:08:58.307550,0,0,539.754192,0.5743999999999999
2026-03-24T01:08:58.308398,0,0,539.754192,0.5743999999999999
2026-03-24T01:08:58.309385,0,0,539.754192,0.5743999999999999
2026-03-24T01:08:58.310424,0,0,539.754192,0.5743999999999999
2026-03-24T01:08:58.311511,0,0,539.754192,0.5743999999999999
2026-03-24T01:08:58.312417,0,0,539.754192,0.5743999999999999
2026-03-24T01:08:58.313386,0,0,539.754192,0.5743999999999999
2026-03-24T01:08:58.314384,0,0,539.754192,0.5743999999999999
2026-03-24T01:08:58.315500,0,0,539.754192,0.5743999999999999
2026-03-24T01:08:58.316414,0,0,539.754192,0.5743999999999999
2026-03-24T01:08:58.317386,0,0,539.754192,0.5743999999999999
2026-03-24T01:08:58.318383,0,0,539.754192,0.5743999999999999
2026-03-24T01:08:58.319489,0,0,539.754192,0.5743999999999999
2026-03-24T01:08:58.320399,0,0,539.754192,0.5743999999999999
2026-03-24T01:08:58.321391,0,0,539.754192,0.5743999999999999
2026-03-24T01:08:58.322384,0,0,539.754192,0.5743999999999999
2026-03-24T01:08:58.323496,0,0,539.754192,0.5743999999999999
2026-03-24T01:08:58.324429,0,0,539.754192,0.5743999999999999
2026-03-24T01:08:58.325392,0,0,539.754192,0.5743999999999999
2026-03-24T01:08:58.326385,0,0,539.754192,0.5743999999999999
2026-03-24T01:08:58.327490,0,0,539.754192,0.5743999999999999
2026-03-24T01:08:58.328400,0,0,539.754192,0.5743999999999999
2026-03-24T01:08:58.329386,0,0,539.754192,0.5743999999999999
2026-03-24T01:08:58.330401,0,0,539.754192,0.5743999999999999
2026-03-24T01:08:58.331502,0,0,539.754192,0.5743999999999999
2026-03-24T01:08:58.332400,0,0,539.754192,0.5743999999999999
2026-03-24T01:08:58.333390,0,0,539.754192,0.5743999999999999
2026-03-24T01:08:58.334381,0,0,539.754192,0.5743999999999999
2026-03-24T01:08:58.335466,0,0,539.754192,0.5743999999999999
2026-03-24T01:08:58.336401,0,0,539.754192,0.5743999999999999
2026-03-24T01:08:58.337396,0,0,539.754192,0.5743999999999999
2026-03-24T01:08:58.338385,0,0,539.754192,0.5743999999999999
2026-03-24T01:08:58.339472,0,0,539.754192,0.5743999999999999
2026-03-24T01:08:58.340391,0,0,539.754192,0.5743999999999999
2026-03-24T01:08:58.341379,0,0,539.754192,0.5743999999999999
2026-03-24T01:08:58.342381,0,0,539.754192,0.5743999999999999
2026-03-24T01:08:58.343464,0,0,539.754192,0.5743999999999999
2026-03-24T01:08:58.344392,0,0,539.754192,0.5743999999999999
2026-03-24T01:08:58.345383,0,0,539.754192,0.5743999999999999
2026-03-24T01:08:58.346380,0,0,539.754192,0.5743999999999999
2026-03-24T01:08:58.347546,0,0,539.754192,0.5743999999999999
2026-03-24T01:08:58.348399,0,0,539.754192,0.5743999999999999
2026-03-24T01:08:58.349388,0,0,539.754192,0.5743999999999999
2026-03-24T01:08:58.350385,0,0,539.754192,0.5743999999999999
2026-03-24T01:08:58.351452,0,0,539.754192,0.5743999999999999
2026-03-24T01:08:58.352388,0,0,539.754192,0.5743999999999999
2026-03-24T01:08:58.353384,0,0,539.754192,0.5743999999999999
2026-03-24T01:08:58.354415,0,0,539.754192,0.5743999999999999
2026-03-24T01:08:58.355477,0,0,539.754192,0.5743999999999999
2026-03-24T01:08:58.356411,0,0,539.754192,0.5743999999999999
2026-03-24T01:08:58.357409,0,0,539.754192,0.5743999999999999
2026-03-24T01:08:58.358387,0,0,539.754192,0.5743999999999999
2026-03-24T01:08:58.359458,0,0,539.754192,0.5743999999999999
2026-03-24T01:08:58.360385,0,0,539.754192,0.5743999999999999
2026-03-24T01:08:58.361379,0,0,539.754192,0.5743999999999999
2026-03-24T01:08:58.362379,0,0,539.754192,0.5743999999999999
2026-03-24T01:08:58.363543,0,0,539.754192,0.5743999999999999
2026-03-24T01:08:58.364407,0,0,539.754192,0.5743999999999999
2026-03-24T01:08:58.365385,0,0,539.754192,0.5743999999999999
2026-03-24T01:08:58.366383,0,0,539.754192,0.5743999999999999
2026-03-24T01:08:58.367455,0,0,539.754192,0.5743999999999999
2026-03-24T01:08:58.368389,0,0,539.754192,0.5743999999999999
2026-03-24T01:08:58.369383,0,0,539.754192,0.5743999999999999
2026-03-24T01:08:58.370378,0,0,539.754192,0.5743999999999999
2026-03-24T01:08:58.371454,0,0,539.754192,0.5743999999999999
2026-03-24T01:08:58.372384,0,0,539.754192,0.5743999999999999
2026-03-24T01:08:58.373378,0,0,539.754192,0.5743999999999999
2026-03-24T01:08:58.374402,0,0,539.754192,0.5743999999999999
2026-03-24T01:08:58.375475,0,0,539.754192,0.5743999999999999
2026-03-24T01:08:58.376467,0,0,539.754192,0.5743999999999999
2026-03-24T01:08:58.377406,0,0,539.754192,0.5743999999999999
2026-03-24T01:08:58.378401,0,0,541.518244,0.4984
2026-03-24T01:08:59.385515,0,0,542.40027,0.4984
2026-03-24T01:09:00.391781,0,0,540.636218,0.5516
2026-03-24T01:09:01.398447,0,0,541.518244,0.5212
2026-03-24T01:09:02.404407,0,0,541.518244,0.4756
2026-03-24T01:09:03.412412,0,0,541.518244,0.5439999999999999
2026-03-24T01:09:04.418368,0,0,540.636218,0.5439999999999999
2026-03-24T01:09:05.425341,0,0,540.636218,0.4984
2026-03-24T01:09:06.432315,0,0,541.518244,0.5743999999999999
2026-03-24T01:09:07.438315,0,0,541.518244,0.5136
2026-03-24T01:09:08.445262,0,0,541.518244,0.46040000000000003
2026-03-24T01:09:09.451379,0,0,541.518244,0.5287999999999999
2026-03-24T01:09:10.458201,0,0,540.636218,0.5364
2026-03-24T01:09:11.465176,0,0,541.518244,0.5212
2026-03-24T01:09:12.475812,0,0,541.518244,0.506
2026-03-24T01:09:13.478132,0,0,541.518244,0.5364
2026-03-24T01:09:14.485061,0,0,540.636218,0.4984
2026-03-24T01:09:15.492069,0,0,541.518244,0.5439999999999999
2026-03-24T01:09:16.498026,0,0,541.518244,0.5136
2026-03-24T01:09:17.504978,0,0,541.518244,0.4984
2026-03-24T01:09:18.511015,0,0,541.518244,0.5743999999999999
2026-03-24T01:09:19.518974,0,0,541.518244,0.5591999999999999
2026-03-24T01:09:20.524961,0,0,541.518244,0.4984
2026-03-24T01:09:21.531932,0,0,541.518244,0.5212
2026-03-24T01:09:22.538898,0,0,541.518244,0.5668
2026-03-24T01:09:23.544851,0,0,542.40027,0.506
2026-03-24T01:09:24.551858,0,0,542.40027,0.5591999999999999
2026-03-24T01:09:25.557847,0,0,539.754192,0.5439999999999999
2026-03-24T01:09:26.564790,0,0,541.518244,0.4832
2026-03-24T01:09:27.571805,0,0,541.518244,0.5287999999999999
2026-03-24T01:09:28.578759,0,0,541.518244,0.5136
2026-03-24T01:09:29.584681,0,0,541.518244,0.4756
2026-03-24T01:09:30.591766,0,0,541.518244,0.5439999999999999
2026-03-24T01:09:31.598631,0,0,541.518244,0.5743999999999999
2026-03-24T01:09:32.604616,0,0,542.40027,0.4832
2026-03-24T01:09:33.611684,0,0,540.636218,0.5439999999999999
2026-03-24T01:09:34.617563,0,0,541.518244,0.5136
2026-03-24T01:09:35.625515,0,0,538.872166,0.4908
2026-03-24T01:09:36.631619,0,0,541.518244,0.506
2026-03-24T01:09:37.638466,0,0,542.40027,0.468
2026-03-24T01:09:38.645439,0,0,541.518244,0.5136
2026-03-24T01:09:39.651541,0,0,541.518244,0.5516
2026-03-24T01:09:40.658394,0,0,541.518244,0.5287999999999999
2026-03-24T01:09:41.664348,0,0,540.636218,0.5212
2026-03-24T01:09:42.671480,0,0,541.518244,0.5364
2026-03-24T01:09:43.678295,0,0,541.518244,0.5212
2026-03-24T01:09:44.685288,0,0,541.518244,0.5136
2026-03-24T01:09:45.691399,0,0,541.518244,0.5364
2026-03-24T01:09:46.698220,0,0,539.754192,0.5212
2026-03-24T01:09:47.705170,0,0,541.518244,0.4908
2026-03-24T01:09:48.711182,0,0,542.40027,0.5439999999999999
2026-03-24T01:09:49.718147,0,0,542.40027,0.5364
2026-03-24T01:09:50.724112,0,0,540.636218,0.506
2026-03-24T01:09:51.732075,0,0,541.518244,0.5364
2026-03-24T01:09:52.738097,0,0,541.518244,0.582
2026-03-24T01:09:53.745057,0,0,541.518244,0.5212
2026-03-24T01:09:54.752072,0,0,541.518244,0.5439999999999999
2026-03-24T01:09:55.757989,0,0,541.518244,0.5287999999999999
2026-03-24T01:09:56.764966,0,0,542.40027,0.5287999999999999
2026-03-24T01:09:57.770913,0,0,541.518244,0.5439999999999999
2026-03-24T01:09:58.777902,0,0,541.518244,0.5591999999999999
2026-03-24T01:09:59.784863,0,0,541.518244,0.506
2026-03-24T01:10:00.791869,0,0,541.518244,0.5364
2026-03-24T01:10:01.797851,0,0,540.636218,0.5364
2026-03-24T01:10:02.804795,0,0,541.518244,0.5212
2026-03-24T01:10:03.811759,0,0,541.518244,0.4984
2026-03-24T01:10:04.817753,0,0,540.636218,0.5439999999999999
2026-03-24T01:10:05.824714,0,0,541.518244,0.5439999999999999
2026-03-24T01:10:06.830714,0,0,540.636218,0.4984
2026-03-24T01:10:07.838649,0,0,542.40027,0.5287999999999999
2026-03-24T01:10:08.844630,0,0,541.518244,0.5136
2026-03-24T01:10:09.851723,0,0,541.518244,0.5287999999999999
2026-03-24T01:10:10.858581,0,0,541.518244,0.5591999999999999
2026-03-24T01:10:11.864531,0,0,541.518244,0.5364
2026-03-24T01:10:12.871639,0,0,541.518244,0.4984
2026-03-24T01:10:13.877489,0,0,541.518244,0.5287999999999999
2026-03-24T01:10:14.884476,0,0,541.518244,0.5287999999999999
2026-03-24T01:10:15.891576,0,0,541.518244,0.4908
2026-03-24T01:10:16.898419,0,0,542.40027,0.5591999999999999
2026-03-24T01:10:17.904386,0,0,540.636218,0.5439999999999999
2026-03-24T01:10:18.911509,0,0,541.518244,0.5212
2026-03-24T01:10:19.918329,0,0,541.518244,0.5591999999999999
2026-03-24T01:10:20.924339,0,0,541.518244,0.5212
2026-03-24T01:10:21.931366,0,0,541.518244,0.4984
2026-03-24T01:10:22.937265,0,0,541.518244,0.5591999999999999
2026-03-24T01:10:23.945221,0,0,541.518244,0.5668
2026-03-24T01:10:24.951307,0,0,541.518244,0.5212
2026-03-24T01:10:25.958225,0,0,540.636218,0.5287999999999999
2026-03-24T01:10:26.965168,0,0,540.636218,0.5668
2026-03-24T01:10:27.971148,0,0,541.518244,0.506
2026-03-24T01:10:28.978098,0,0,540.636218,0.5516
2026-03-24T01:10:29.984040,0,0,541.518244,0.5743999999999999
2026-03-24T01:10:30.991074,0,0,541.518244,0.4908
2026-03-24T01:10:31.998049,0,0,541.518244,0.5287999999999999
2026-03-24T01:10:33.005011,0,0,541.518244,0.5668
2026-03-24T01:10:34.010964,0,0,541.518244,0.4984
2026-03-24T01:10:35.017931,0,0,541.518244,0.5364
2026-03-24T01:10:36.024940,0,0,539.754192,0.5743999999999999
2026-03-24T01:10:37.030899,0,0,542.40027,0.4832
2026-03-24T01:10:38.037860,0,0,541.518244,0.5439999999999999
2026-03-24T01:10:39.043843,0,0,541.518244,0.5364
2026-03-24T01:10:40.051835,0,0,540.636218,0.5136
2026-03-24T01:10:41.056735,0,0,541.518244,0.5516
2026-03-24T01:10:42.064762,0,0,541.518244,0.5364
2026-03-24T01:10:43.071753,0,0,541.518244,0.5136
2026-03-24T01:10:44.077706,0,0,542.40027,0.582
2026-03-24T01:10:45.084692,0,0,537.108114,0.5516
2026-03-24T01:10:46.090663,0,0,540.636218,0.4908
2026-03-24T01:10:47.098584,0,0,541.518244,0.5364
2026-03-24T01:10:48.104620,0,0,542.40027,0.5896
2026-03-24T01:10:49.111604,0,0,541.518244,0.4984
2026-03-24T01:10:50.117552,0,0,541.518244,0.5516
2026-03-24T01:10:51.124521,0,0,541.518244,0.582
2026-03-24T01:10:52.131566,0,0,540.636218,0.4832
2026-03-24T01:10:53.137456,0,0,541.518244,0.5212
2026-03-24T01:10:54.144423,0,0,541.518244,0.5364
2026-03-24T01:10:55.151547,0,0,541.518244,0.4908
2026-03-24T01:10:56.158423,0,0,542.40027,0.5287999999999999
2026-03-24T01:10:57.164369,0,0,540.636218,0.5136
2026-03-24T01:10:58.171439,0,0,541.518244,0.5364
2026-03-24T01:10:59.178309,0,0,541.518244,0.5364
2026-03-24T01:11:00.184305,0,0,541.518244,0.5668
2026-03-24T01:11:01.191329,0,0,541.518244,0.5136
2026-03-24T01:11:02.197225,0,0,541.518244,0.5439999999999999
2026-03-24T01:11:03.205215,0,0,541.518244,0.5668
2026-03-24T01:11:04.211179,0,0,541.518244,0.4984
2026-03-24T01:11:05.218155,0,0,540.636218,0.506
2026-03-24T01:11:06.224126,0,0,541.518244,0.5591999999999999
2026-03-24T01:11:07.231100,0,0,541.518244,0.5136
2026-03-24T01:11:08.238071,0,0,541.518244,0.5212
2026-03-24T01:11:19.812289,0,0,543.282296,0.5668
2026-03-24T01:11:22.294681,0,0,541.518244,0.5212
2026-03-24T01:11:23.301634,0,0,541.518244,0.5439999999999999
2026-03-24T01:11:24.307663,0,0,541.518244,0.5212
2026-03-24T01:11:25.314594,0,0,541.518244,0.5364
2026-03-24T01:11:26.320546,0,0,541.518244,0.5212
2026-03-24T01:11:27.328500,0,0,541.518244,0.5212
2026-03-24T01:11:28.334497,0,0,541.518244,0.5439999999999999
2026-03-24T01:11:29.341454,0,0,540.636218,0.5212
2026-03-24T01:11:30.348407,0,0,541.518244,0.5136
2026-03-24T01:11:31.354401,0,0,541.518244,0.506
2026-03-24T01:11:32.361347,0,0,541.518244,0.506
2026-03-24T01:11:33.367430,0,0,540.636218,0.5364
2026-03-24T01:11:34.374305,0,0,541.518244,0.506
2026-03-24T01:11:35.381304,0,0,540.636218,0.4756
2026-03-24T01:11:36.388262,0,0,541.518244,0.5516
2026-03-24T01:11:37.394227,0,0,541.518244,0.5287999999999999
2026-03-24T01:11:38.401190,0,0,541.518244,0.5439999999999999
2026-03-24T01:11:39.408182,0,0,541.518244,0.5439999999999999
2026-03-24T01:11:40.414179,0,0,541.518244,0.5439999999999999
2026-03-24T01:11:41.421129,0,0,543.282296,0.5136
2026-03-24T01:11:42.427108,0,0,540.636218,0.5439999999999999
2026-03-24T01:11:43.435079,0,0,540.636218,0.5439999999999999
2026-03-24T01:11:44.441050,0,0,541.518244,0.4832
2026-03-24T01:11:45.448038,0,0,541.518244,0.5439999999999999
2026-03-24T01:11:46.455018,0,0,541.518244,0.5364
2026-03-24T01:11:47.460954,0,0,541.518244,0.506
2026-03-24T01:11:48.467943,0,0,542.40027,0.5591999999999999
2026-03-24T01:11:49.473898,0,0,541.518244,0.5516
2026-03-24T01:11:50.480878,0,0,541.518244,0.4832
2026-03-24T01:11:51.487908,0,0,541.518244,0.5439999999999999
2026-03-24T01:11:52.494843,0,0,541.518244,0.5136
2026-03-24T01:11:53.500820,0,0,541.518244,0.5364
2026-03-24T01:11:54.507803,0,0,541.518244,0.5591999999999999
2026-03-24T01:11:55.514752,0,0,541.518244,0.5287999999999999
2026-03-24T01:11:56.520741,0,0,541.518244,0.4908
2026-03-24T01:11:57.527727,0,0,541.518244,0.5212
2026-03-24T01:11:58.533664,0,0,541.518244,0.5212
2026-03-24T01:11:59.541618,0,0,540.636218,0.468
2026-03-24T01:12:00.547689,0,0,545.046348,0.5364
2026-03-24T01:12:01.554598,0,0,541.518244,0.5136
2026-03-24T01:12:02.561518,0,0,540.636218,0.5136
2026-03-24T01:12:03.567577,0,0,542.40027,0.5668
2026-03-24T01:12:04.574524,0,0,540.636218,0.5516
2026-03-24T01:12:05.580458,0,0,541.518244,0.5212
2026-03-24T01:12:06.587529,0,0,542.40027,0.5364
2026-03-24T01:12:07.594377,0,0,541.518244,0.5439999999999999
2026-03-24T01:12:08.601342,0,0,540.636218,0.4984
2026-03-24T01:12:09.607409,0,0,540.636218,0.5212
2026-03-24T01:12:10.614298,0,0,541.518244,0.5668
2026-03-24T01:12:11.621291,0,0,541.518244,0.5212
2026-03-24T01:12:12.627359,0,0,541.518244,0.5287999999999999
2026-03-24T01:12:13.634205,0,0,541.518244,0.5287999999999999
2026-03-24T01:12:14.640192,0,0,541.518244,0.5136
2026-03-24T01:12:15.648157,0,0,541.518244,0.582
2026-03-24T01:12:16.654160,0,0,541.518244,0.5136
2026-03-24T01:12:27.569412,0,0,541.518244,0.4756
2026-03-24T01:12:30.051783,0,0,543.282296,0.582
2026-03-24T01:12:31.058755,0,0,540.636218,0.5136
2026-03-24T01:12:32.064697,0,0,541.518244,0.4908
2026-03-24T01:12:33.071705,0,0,540.636218,0.4984
2026-03-24T01:12:34.077671,0,0,539.754192,0.4984
2026-03-24T01:12:35.085630,0,0,537.108114,0.4756
2026-03-24T01:12:36.091724,0,0,541.518244,0.5516
2026-03-24T01:12:37.098610,0,0,541.518244,0.5287999999999999
2026-03-24T01:12:38.105537,0,0,540.636218,0.5136
2026-03-24T01:12:39.110557,0,0,541.518244,0.5439999999999999
2026-03-24T01:12:40.118525,0,0,541.518244,0.5591999999999999
2026-03-24T01:12:41.124523,0,0,541.518244,0.4832
2026-03-24T01:12:42.131574,0,0,541.518244,0.5287999999999999
2026-03-24T01:12:43.138415,0,0,541.518244,0.5364
2026-03-24T01:12:44.145391,0,0,541.518244,0.506
2026-03-24T01:12:45.151483,0,0,542.40027,0.5136
2026-03-24T01:12:46.158352,0,0,541.518244,0.5287999999999999
2026-03-24T01:12:47.165334,0,0,545.046348,0.46040000000000003
2026-03-24T01:12:48.171411,0,0,541.518244,0.5287999999999999
2026-03-24T01:12:49.178290,0,0,540.636218,0.5287999999999999
2026-03-24T01:12:50.184224,0,0,541.518244,0.4756
2026-03-24T01:12:51.192206,0,0,541.518244,0.5136
2026-03-24T01:12:52.198206,0,0,541.518244,0.5668
2026-03-24T01:12:53.205166,0,0,541.518244,0.4832
2026-03-24T01:12:54.212127,0,0,541.518244,0.5439999999999999
2026-03-24T01:12:55.218117,0,0,540.636218,0.5591999999999999
2026-03-24T01:12:56.224043,0,0,539.754192,0.506
2026-03-24T01:12:57.231071,0,0,541.518244,0.5136
2026-03-24T01:12:58.238031,0,0,541.518244,0.506
2026-03-24T01:12:59.244991,0,0,541.518244,0.506
2026-03-24T01:13:00.251983,0,0,541.518244,0.5896
2026-03-24T01:13:01.257965,0,0,541.518244,0.5516
2026-03-24T01:13:02.264957,0,0,541.518244,0.5287999999999999
2026-03-24T01:13:03.271919,0,0,540.636218,0.5591999999999999
2026-03-24T01:13:04.277869,0,0,540.636218,0.5364
2026-03-24T01:13:05.284897,0,0,541.518244,0.506
2026-03-24T01:13:06.290872,0,0,541.518244,0.4908
2026-03-24T01:13:07.298747,0,0,542.40027,0.5287999999999999
2026-03-24T01:13:08.304779,0,0,541.518244,0.506
2026-03-24T01:13:09.311732,0,0,540.636218,0.506
2026-03-24T01:13:10.318726,0,0,541.518244,0.5591999999999999
2026-03-24T01:13:11.324729,0,0,539.754192,0.4832
2026-03-24T01:13:12.331802,0,0,541.518244,0.5212
2026-03-24T01:13:13.337896,0,0,541.518244,0.5439999999999999
2026-03-24T01:13:14.344975,0,0,541.518244,0.5287999999999999
2026-03-24T01:13:15.352028,0,0,539.754192,0.4984
2026-03-24T01:13:16.359119,0,0,541.518244,0.5364
2026-03-24T01:13:17.365175,0,0,542.40027,0.5516
2026-03-24T01:13:18.372264,0,0,541.518244,0.5287999999999999
2026-03-24T01:13:19.379424,0,0,541.518244,0.5439999999999999
2026-03-24T01:13:20.385408,0,0,541.518244,0.5287999999999999
2026-03-24T01:13:21.392497,0,0,541.518244,0.5439999999999999
2026-03-24T01:13:22.399655,0,0,541.518244,0.5287999999999999
2026-03-24T01:13:23.406632,0,0,541.518244,0.5668
2026-03-24T01:13:24.412731,0,0,542.40027,0.5439999999999999
2026-03-24T01:13:25.419782,0,0,541.518244,0.5516
2026-03-24T01:13:26.426872,0,0,541.518244,0.5591999999999999
2026-03-24T01:13:27.432933,0,0,541.518244,0.4832
2026-03-24T01:13:28.440006,0,0,540.636218,0.4908
2026-03-24T01:13:29.446095,0,0,541.518244,0.5439999999999999
2026-03-24T01:13:30.454143,0,0,541.518244,0.468
2026-03-24T01:13:31.460230,0,0,541.518244,0.506
2026-03-24T01:13:32.467379,0,0,541.518244,0.5136
2026-03-24T01:13:33.473373,0,0,541.518244,0.5212
2026-03-24T01:13:34.480431,0,0,540.636218,0.5364
2026-03-24T01:13:35.487672,0,0,540.636218,0.5212
2026-03-24T01:13:36.493566,0,0,541.518244,0.4832
2026-03-24T01:13:37.500663,0,0,539.754192,0.5212
2026-03-24T01:13:38.507754,0,0,541.518244,0.5287999999999999
2026-03-24T01:13:39.514814,0,0,542.40027,0.5287999999999999
2026-03-24T01:13:40.520889,0,0,539.754192,0.5668
2026-03-24T01:13:41.527977,0,0,539.754192,0.5212
2026-03-24T01:13:42.535047,0,0,540.636218,0.4832
2026-03-24T01:13:43.541087,0,0,541.518244,0.5364
2026-03-24T01:13:44.548184,0,0,541.518244,0.5516
2026-03-24T01:13:45.554248,0,0,541.518244,0.4984
2026-03-24T01:13:46.562293,0,0,541.518244,0.506
2026-03-24T01:13:47.568386,0,0,541.518244,0.5439999999999999
2026-03-24T01:13:48.575525,0,0,542.40027,0.4984
2026-03-24T01:13:49.581525,0,0,541.518244,0.5591999999999999
2026-03-24T01:13:50.588595,0,0,541.518244,0.5364
2026-03-24T01:13:51.595745,0,0,541.518244,0.5136
2026-03-24T01:13:52.601736,0,0,541.518244,0.5439999999999999
2026-03-24T01:13:53.608808,0,0,541.518244,0.5591999999999999
2026-03-24T01:13:54.615886,0,0,540.636218,0.4832
2026-03-24T01:13:55.622932,0,0,541.518244,0.5364
2026-03-24T01:13:56.629004,0,0,540.636218,0.5136
2026-03-24T01:13:57.636077,0,0,541.518244,0.4908
2026-03-24T01:13:58.643180,0,0,540.636218,0.5668
2026-03-24T01:13:59.649238,0,0,541.518244,0.5743999999999999
2026-03-24T01:14:00.656312,0,0,541.518244,0.4756
2026-03-24T01:14:01.662390,0,0,541.518244,0.5212
2026-03-24T01:14:02.670461,0,0,541.518244,0.5136
2026-03-24T01:14:03.675933,0,0,541.518244,0.5212
2026-03-24T01:14:04.683584,0,0,540.636218,0.5287999999999999
2026-03-24T01:14:05.689601,0,0,541.518244,0.5668
2026-03-24T01:14:06.696712,0,0,541.518244,0.4984
2026-03-24T01:14:07.703783,0,0,541.518244,0.5439999999999999
2026-03-24T01:14:08.709795,0,0,541.518244,0.5212
2026-03-24T01:14:09.716889,0,0,541.518244,0.5212
2026-03-24T01:14:10.723962,0,0,541.518244,0.506
2026-03-24T01:14:11.731028,0,0,542.40027,0.5896
2026-03-24T01:14:12.737084,0,0,542.40027,0.506
2026-03-24T01:14:13.744160,0,0,541.518244,0.5364
2026-03-24T01:14:14.751296,0,0,542.40027,0.5287999999999999
2026-03-24T01:14:15.757273,0,0,541.518244,0.5136
2026-03-24T01:14:16.764340,0,0,541.518244,0.4984
2026-03-24T01:14:17.770405,0,0,541.518244,0.5896
2026-03-24T01:14:18.778465,0,0,541.518244,0.5364
2026-03-24T01:14:19.784533,0,0,540.636218,0.5364
2026-03-24T01:14:20.789592,0,0,540.636218,0.5136
2026-03-24T01:14:21.797664,0,0,540.636218,0.5136
2026-03-24T01:14:22.804726,0,0,541.518244,0.5516
2026-03-24T01:14:23.810792,0,0,542.40027,0.5516
2026-03-24T01:14:24.817879,0,0,541.518244,0.4832
2026-03-24T01:14:25.824966,0,0,541.518244,0.5287999999999999
2026-03-24T01:14:26.832042,0,0,541.518244,0.5287999999999999
2026-03-24T01:14:27.839092,0,0,542.40027,0.5364
2026-03-24T01:14:28.845152,0,0,540.636218,0.5212
2026-03-24T01:14:29.852218,0,0,540.636218,0.5668
2026-03-24T01:14:30.859339,0,0,541.518244,0.506
2026-03-24T01:14:31.865332,0,0,543.282296,0.5364
2026-03-24T01:14:32.872386,0,0,541.518244,0.5516
2026-03-24T01:14:33.878456,0,0,538.872166,0.5136
2026-03-24T01:14:34.886522,0,0,539.754192,0.5212
2026-03-24T01:14:35.892582,0,0,540.636218,0.5364
2026-03-24T01:14:36.899685,0,0,542.40027,0.5364
2026-03-24T01:14:37.905706,0,0,541.518244,0.506
2026-03-24T01:14:38.912768,0,0,540.636218,0.5668
2026-03-24T01:14:39.919831,0,0,541.518244,0.4908
2026-03-24T01:14:40.925889,0,0,541.518244,0.4984
2026-03-24T01:14:41.932947,0,0,541.518244,0.5668
2026-03-24T01:14:42.939998,0,0,541.518244,0.5364
2026-03-24T01:14:43.947079,0,0,540.636218,0.506
2026-03-24T01:14:44.953142,0,0,542.40027,0.5287999999999999
2026-03-24T01:14:45.960210,0,0,541.518244,0.5439999999999999
2026-03-24T01:14:46.967423,0,0,541.518244,0.4984
2026-03-24T01:14:47.973329,0,0,541.518244,0.5668
2026-03-24T01:14:48.980360,0,0,539.754192,0.5439999999999999
2026-03-24T01:14:49.986447,0,0,541.518244,0.5136
2026-03-24T01:14:50.994511,0,0,541.518244,0.5439999999999999
2026-03-24T01:14:52.000572,0,0,540.636218,0.5364
2026-03-24T01:14:53.007729,0,0,540.636218,0.5591999999999999
2026-03-24T01:14:54.013691,0,0,541.518244,0.5896
2026-03-24T01:14:55.020714,0,0,540.636218,0.506
2026-03-24T01:14:56.027817,0,0,541.518244,0.5212
2026-03-24T01:14:57.033868,0,0,541.518244,0.5516
2026-03-24T01:14:58.041935,0,0,541.518244,0.5287999999999999
2026-03-24T01:14:59.047996,0,0,540.636218,0.4908
2026-03-24T01:15:00.055033,0,0,541.518244,0.5439999999999999
2026-03-24T01:15:01.061087,0,0,541.518244,0.5896
2026-03-24T01:15:02.068167,0,0,541.518244,0.4908
2026-03-24T01:15:03.075367,0,0,541.518244,0.5743999999999999
2026-03-24T01:15:04.081261,0,0,537.108114,0.5212
2026-03-24T01:15:05.088384,0,0,541.518244,0.4984
2026-03-24T01:15:06.094421,0,0,540.636218,0.5668
2026-03-24T01:15:07.102440,0,0,540.636218,0.5287999999999999
2026-03-24T01:15:08.108511,0,0,541.518244,0.5136
2026-03-24T01:15:09.115739,0,0,540.636218,0.582
2026-03-24T01:15:10.121649,0,0,541.518244,0.5668
2026-03-24T01:15:11.127829,0,0,541.518244,0.4984
2026-03-24T01:15:12.135809,0,0,541.518244,0.5668
2026-03-24T01:15:13.141824,0,0,541.518244,0.5591999999999999
2026-03-24T01:15:14.148921,0,0,540.636218,0.5136
2026-03-24T01:15:15.155976,0,0,540.636218,0.5668
2026-03-24T01:15:16.163003,1,0,541.518244,0.582
2026-03-24T01:15:17.169045,0,0,540.636218,0
2026-03-24T01:15:18.176096,0,0,541.518244,0
2026-03-24T01:15:19.183161,0,0,541.518244,0
2026-03-24T01:15:20.189222,0,0,541.518244,0
2026-03-24T01:15:21.196274,0,0,541.518244,0
2026-03-24T01:15:22.203467,0,0,541.518244,0
2026-03-24T01:15:23.210375,0,0,541.518244,0
2026-03-24T01:15:24.216459,0,0,541.518244,0.46040000000000003
2026-03-24T01:15:25.223566,0,0,542.40027,0
2026-03-24T01:15:26.229548,0,0,541.518244,0
2026-03-24T01:15:27.236608,0,0,541.518244,0
2026-03-24T01:15:28.243764,0,0,541.518244,0
2026-03-24T01:15:29.249698,0,0,542.40027,0
2026-03-24T01:15:30.257784,0,0,541.518244,0
2026-03-24T01:15:31.263841,0,0,541.518244,0
2026-03-24T01:15:32.270889,0,0,541.518244,0
2026-03-24T01:15:33.276937,0,0,541.518244,0
2026-03-24T01:15:34.283990,0,0,541.518244,0
2026-03-24T01:15:35.291050,0,0,542.40027,0
2026-03-24T01:15:36.297084,0,0,541.518244,0
2026-03-24T01:15:37.304139,0,0,541.518244,0
2026-03-24T01:15:38.310191,0,0,541.518244,0
2026-03-24T01:15:39.318276,0,0,541.518244,0
2026-03-24T01:15:40.324308,0,0,541.518244,0
2026-03-24T01:15:41.331511,0,0,541.518244,0
2026-03-24T01:15:42.337404,0,0,542.40027,0
2026-03-24T01:15:43.344513,0,0,540.636218,0
2026-03-24T01:15:44.351635,0,0,541.518244,0
2026-03-24T01:15:45.356589,0,0,541.518244,0
2026-03-24T01:15:46.364736,0,0,541.518244,0
2026-03-24T01:15:47.371824,0,0,541.518244,0.5439999999999999
2026-03-24T01:15:48.378800,0,0,541.518244,0.5212
2026-03-24T01:15:49.384862,0,0,541.518244,0.5516
2026-03-24T01:15:50.391925,0,0,541.518244,0.5212
2026-03-24T01:15:51.398972,0,0,541.518244,0.5287999999999999
2026-03-24T01:15:52.405025,0,0,541.518244,0.5516
2026-03-24T01:15:53.412067,0,0,541.518244,0.5136
2026-03-24T01:15:54.418108,0,0,541.518244,0.5439999999999999
2026-03-24T01:15:55.426192,0,0,541.518244,0.5591999999999999
2026-03-24T01:15:56.432235,0,0,542.40027,0.506
2026-03-24T01:15:57.439417,0,0,541.518244,0.5364
2026-03-24T01:15:58.445334,0,0,540.636218,0.5439999999999999
2026-03-24T01:15:59.452393,0,0,541.518244,0.5287999999999999
2026-03-24T01:16:00.459545,0,0,541.518244,0.4832
2026-03-24T01:16:01.465501,0,0,541.518244,0.5439999999999999
2026-03-24T01:16:02.472535,0,0,541.518244,0.4908
2026-03-24T01:16:03.479681,0,0,541.518244,0.4984
2026-03-24T01:16:04.486670,0,0,540.636218,0.5668
2026-03-24T01:16:05.492669,0,0,540.636218,0.506
2026-03-24T01:16:06.499797,0,0,541.518244,0.506
2026-03-24T01:16:07.506822,0,0,541.518244,0.5591999999999999
2026-03-24T01:16:08.512872,0,0,540.636218,0.5287999999999999
2026-03-24T01:16:09.519902,0,0,540.636218,0.468
2026-03-24T01:16:10.525994,0,0,540.636218,0.5287999999999999
2026-03-24T01:16:11.534037,0,0,541.518244,0.5287999999999999
2026-03-24T01:16:12.540070,0,0,541.518244,0.506
2026-03-24T01:16:13.547117,0,0,541.518244,0.5743999999999999
2026-03-24T01:16:14.553157,0,0,541.518244,0.5591999999999999
2026-03-24T01:16:15.560219,0,0,541.518244,0.5287999999999999
2026-03-24T01:16:16.567337,0,0,542.40027,0.5287999999999999
2026-03-24T01:16:17.573289,0,0,541.518244,0.5439999999999999
2026-03-24T01:16:18.581341,0,0,540.636218,0.4908
2026-03-24T01:16:19.587510,0,0,541.518244,0.5439999999999999
2026-03-24T01:16:20.594460,0,0,542.40027,0.5516
2026-03-24T01:16:21.600498,0,0,540.636218,0.4984
2026-03-24T01:16:22.607636,0,0,541.518244,0.5287999999999999
2026-03-24T01:16:23.614585,0,0,541.518244,0.5136
2026-03-24T01:16:24.620634,0,0,541.518244,0.5212
2026-03-24T01:16:25.627790,0,0,542.40027,0.5516
2026-03-24T01:16:26.634754,0,0,541.518244,0.5591999999999999
2026-03-24T01:16:27.641787,0,0,541.518244,0.468
2026-03-24T01:16:28.647833,0,0,541.518244,0.5212
2026-03-24T01:16:29.653857,0,0,540.636218,0.5896
2026-03-24T01:16:30.660935,0,0,540.636218,0.5136
2026-03-24T01:16:31.667912,0,0,541.518244,0.5364
2026-03-24T01:16:32.675008,0,0,540.636218,0.5439999999999999
2026-03-24T01:16:33.681051,0,0,541.518244,0.4908
2026-03-24T01:16:34.689060,0,0,541.518244,0.5439999999999999
2026-03-24T01:16:35.695123,0,0,541.518244,0.5591999999999999
2026-03-24T01:16:36.702202,0,0,541.518244,0.5212
2026-03-24T01:16:37.708286,0,0,540.636218,0.5364
2026-03-24T01:16:38.715362,0,0,540.636218,0.5591999999999999
2026-03-24T01:16:39.722311,0,0,539.754192,0.506
2026-03-24T01:16:40.728382,0,0,541.518244,0.5136
2026-03-24T01:16:41.735489,0,0,541.518244,0.5516
2026-03-24T01:16:42.742493,0,0,542.40027,0.5287999999999999
2026-03-24T01:16:43.749516,0,0,541.518244,0.4908
2026-03-24T01:16:44.755628,0,0,541.518244,0.5212
2026-03-24T01:16:45.762620,0,0,541.518244,0.5136
2026-03-24T01:16:46.768675,0,0,541.518244,0.5439999999999999
2026-03-24T01:16:47.775764,0,0,539.754192,0.5439999999999999
2026-03-24T01:16:48.782739,0,0,540.636218,0.4984
2026-03-24T01:16:49.788778,0,0,540.636218,0.5136
2026-03-24T01:16:50.796817,0,0,541.518244,0.5516
2026-03-24T01:16:51.802880,0,0,541.518244,0.5287999999999999
2026-03-24T01:16:52.809895,0,0,541.518244,0.5212
2026-03-24T01:16:53.815966,0,0,541.518244,0.5287999999999999
2026-03-24T01:16:54.823022,0,0,540.636218,0.5136
2026-03-24T01:16:55.830055,0,0,541.518244,0.5212
2026-03-24T01:16:56.836099,0,0,541.518244,0.5287999999999999
2026-03-24T01:16:57.843141,0,0,541.518244,0.4908
2026-03-24T01:16:58.850189,0,0,540.636218,0.506
2026-03-24T01:16:59.857229,0,0,540.636218,0.5364
2026-03-24T01:17:00.863412,0,0,540.636218,0.5439999999999999
2026-03-24T01:17:01.870338,0,0,540.636218,0.506
2026-03-24T01:17:02.876368,0,0,542.40027,0.5439999999999999
2026-03-24T01:17:03.883559,0,0,541.518244,0.506
2026-03-24T01:17:04.890449,0,0,541.518244,0.4832
2026-03-24T01:17:05.896494,0,0,541.518244,0.5668
2026-03-24T01:17:06.904541,0,0,541.518244,0.506
2026-03-24T01:17:07.910587,0,0,541.518244,0.4908
2026-03-24T01:17:08.917678,0,0,540.636218,0.5212
2026-03-24T01:17:09.923779,0,0,541.518244,0.5212
2026-03-24T01:17:10.930742,0,0,541.518244,0.4756
2026-03-24T01:17:11.937896,0,0,541.518244,0.5439999999999999
2026-03-24T01:17:12.943858,0,0,541.518244,0.5364
2026-03-24T01:17:13.950872,0,0,541.518244,0.4908
2026-03-24T01:17:14.957907,0,0,540.636218,0.5439999999999999
2026-03-24T01:17:15.964971,0,0,541.518244,0.5364
2026-03-24T01:17:16.971013,0,0,541.518244,0.4756
2026-03-24T01:17:17.978041,0,0,541.518244,0.5364
2026-03-24T01:17:18.984074,0,0,541.518244,0.5364
2026-03-24T01:17:19.991088,0,0,540.636218,0.468
2026-03-24T01:17:20.998150,0,0,540.636218,0.5136
2026-03-24T01:17:22.004210,0,0,541.518244,0.5439999999999999
2026-03-24T01:17:23.012260,0,0,541.518244,0.5136
2026-03-24T01:17:24.018272,0,0,540.636218,0.4984
2026-03-24T01:17:25.025309,0,0,541.518244,0.5516
2026-03-24T01:17:26.031477,0,0,541.518244,0.4756
2026-03-24T01:17:27.037397,0,0,541.518244,0.5287999999999999
2026-03-24T01:17:28.045440,0,0,541.518244,0.5136
2026-03-24T01:17:29.051649,0,0,540.636218,0
2026-03-24T01:17:30.058593,0,0,541.518244,0.5287999999999999
2026-03-24T01:17:31.065645,0,0,540.636218,0.5439999999999999
2026-03-24T01:17:32.072674,0,0,541.518244,0.506
2026-03-24T01:17:33.078791,0,0,538.872166,0.5743999999999999
2026-03-24T01:17:34.085750,0,0,540.636218,0.5439999999999999
2026-03-24T01:17:35.090796,0,0,541.518244,0.4756
2026-03-24T01:17:36.098833,0,0,545.046348,0.5591999999999999
2026-03-24T01:17:37.105895,0,0,541.518244,0.5439999999999999
2026-03-24T01:17:38.111901,0,0,541.518244,0
2026-03-24T01:17:39.119976,0,0,541.518244,0.506
2026-03-24T01:17:40.126003,0,0,540.636218,0.5516
2026-03-24T01:17:41.133041,0,0,541.518244,0.5136
2026-03-24T01:17:42.139070,0,0,542.40027,0.5364
2026-03-24T01:17:43.146139,0,0,541.518244,0.5439999999999999
2026-03-24T01:17:44.152159,0,0,540.636218,0.4832
2026-03-24T01:17:45.159280,0,0,541.518244,0.506
2026-03-24T01:17:46.166233,0,0,541.518244,0.5439999999999999
2026-03-24T01:17:47.173269,0,0,541.518244,0.4756
2026-03-24T01:17:48.180327,0,0,540.636218,0.5212
2026-03-24T01:17:49.186364,0,0,541.518244,0.5668
2026-03-24T01:17:50.193427,0,0,540.636218,0.4832
2026-03-24T01:17:51.199540,0,0,540.636218,0.5439999999999999
2026-03-24T01:17:52.206467,0,0,541.518244,0.5287999999999999
2026-03-24T01:17:53.213498,0,0,541.518244,0.468
2026-03-24T01:17:54.219677,0,0,540.636218,0.4984
2026-03-24T01:17:55.227673,0,0,541.518244,0.506
2026-03-24T01:17:56.233628,0,0,540.636218,0.5212
2026-03-24T01:17:57.240653,0,0,541.518244,0.5364
2026-03-24T01:17:58.246707,0,0,541.518244,0.5516
2026-03-24T01:17:59.253722,0,0,540.636218,0.4832
2026-03-24T01:18:00.260767,0,0,540.636218,0.5136
2026-03-24T01:18:01.266835,0,0,542.40027,0.5287999999999999
2026-03-24T01:18:02.273858,0,0,543.282296,0.4832
2026-03-24T01:18:03.280910,0,0,539.754192,0.5439999999999999
2026-03-24T01:18:04.287967,0,0,540.636218,0.5591999999999999
2026-03-24T01:18:05.293950,0,0,541.518244,0.4756
2026-03-24T01:18:06.301035,0,0,541.518244,0.4984
2026-03-24T01:18:07.307075,0,0,540.636218,0.5439999999999999
2026-03-24T01:18:08.314071,0,0,541.518244,0.4832
2026-03-24T01:18:09.321136,0,0,540.636218,0.5136
2026-03-24T01:18:10.327181,0,0,540.636218,0.5516
2026-03-24T01:18:11.335184,0,0,541.518244,0.4984
2026-03-24T01:18:12.341244,0,0,541.518244,0.4908
2026-03-24T01:18:13.348302,0,0,541.518244,0.5591999999999999
2026-03-24T01:18:14.354328,0,0,541.518244,0.4984
2026-03-24T01:18:15.361363,0,0,541.518244,0.5136
2026-03-24T01:18:16.368406,0,0,540.636218,0.5591999999999999
2026-03-24T01:18:17.374444,0,0,541.518244,0.506
2026-03-24T01:18:18.381463,0,0,540.636218,0.5136
2026-03-24T01:18:19.388519,0,0,541.518244,0.5591999999999999
2026-03-24T01:18:20.395647,0,0,540.636218,0.5212
2026-03-24T01:18:21.401588,0,0,540.636218,0.5287999999999999
2026-03-24T01:18:22.408608,0,0,541.518244,0.5591999999999999
2026-03-24T01:18:23.414657,0,0,541.518244,0.4908
2026-03-24T01:18:24.421702,0,0,540.636218,0.5136
2026-03-24T01:18:25.428754,0,0,541.518244,0.5364
2026-03-24T01:18:26.434751,0,0,541.518244,0.5364
2026-03-24T01:18:27.442814,0,0,541.518244,0.4832
2026-03-24T01:18:28.448835,0,0,541.518244,0.5516
2026-03-24T01:18:29.455900,0,0,541.518244,0.506
2026-03-24T01:18:30.461898,0,0,540.636218,0.506
2026-03-24T01:18:31.468916,0,0,541.518244,0.5287999999999999
2026-03-24T01:18:32.475967,0,0,541.518244,0.5364
2026-03-24T01:18:33.482031,0,0,540.636218,0.4908
2026-03-24T01:18:34.489027,0,0,540.636218,0.5212
2026-03-24T01:18:35.496110,0,0,540.636218,0.468
2026-03-24T01:18:36.503156,0,0,541.518244,0.5287999999999999
2026-03-24T01:18:37.509132,0,0,540.636218,0.5287999999999999
2026-03-24T01:18:38.516230,0,0,540.636218,0.5136
2026-03-24T01:18:39.522198,0,0,540.636218,0.468
2026-03-24T01:18:40.529261,0,0,541.518244,0.5439999999999999
2026-03-24T01:18:41.536328,0,0,541.518244,0.5136
2026-03-24T01:18:42.543417,0,0,541.518244,0.506
2026-03-24T01:18:43.550360,0,0,541.518244,0.5439999999999999
2026-03-24T01:18:44.556415,0,0,540.636218,0.5364
2026-03-24T01:18:45.563513,0,0,537.99014,0.506
2026-03-24T01:18:46.569484,0,0,540.636218,0.5287999999999999
2026-03-24T01:18:47.576512,0,0,540.636218,0.5364
2026-03-24T01:18:48.583627,0,0,541.518244,0.468
2026-03-24T01:18:49.589589,0,0,540.636218,0.5439999999999999
2026-03-24T01:18:50.597632,0,0,542.40027,0.5287999999999999
2026-03-24T01:18:51.602633,0,0,540.636218,0.506
2026-03-24T01:18:52.610681,0,0,541.518244,0.5364
2026-03-24T01:18:53.616728,0,0,542.40027,0.5136
2026-03-24T01:18:54.623805,0,0,540.636218,0.4832
2026-03-24T01:18:55.629828,0,0,539.754192,0.5287999999999999
2026-03-24T01:18:56.636852,0,0,540.636218,0.5668
2026-03-24T01:18:57.643890,0,0,537.108114,0.468
2026-03-24T01:18:58.650892,0,0,541.518244,0.5136
2026-03-24T01:18:59.657951,0,0,540.636218,0.5136
2026-03-24T01:19:00.663983,0,0,542.40027,0.4756
2026-03-24T01:19:01.670992,0,0,541.518244,0.5439999999999999
2026-03-24T01:19:02.677049,0,0,541.518244,0.5516
2026-03-24T01:19:03.684029,0,0,540.636218,0.4832
2026-03-24T01:19:04.691091,0,0,541.518244,0.5439999999999999
2026-03-24T01:19:05.697156,0,0,541.518244,0.5287999999999999
2026-03-24T01:19:06.705192,0,0,541.518244,0.46040000000000003
2026-03-24T01:19:07.711270,0,0,541.518244,0.5439999999999999
2026-03-24T01:19:08.717210,0,0,540.636218,0.5212
2026-03-24T01:19:09.724245,0,0,540.636218,0.4756
2026-03-24T01:19:10.731321,0,0,541.518244,0.5364
2026-03-24T01:19:11.737318,0,0,541.518244,0.5439999999999999
2026-03-24T01:19:12.744318,0,0,542.40027,0.468
2026-03-24T01:19:13.751436,0,0,542.40027,0.5364
2026-03-24T01:19:14.758404,0,0,541.518244,0.5212
2026-03-24T01:19:15.765433,0,0,541.518244,0.5364
2026-03-24T01:19:16.771545,0,0,541.518244,0.5439999999999999
2026-03-24T01:19:17.778499,0,0,541.518244,0.506
2026-03-24T01:19:18.784529,0,0,543.282296,0.4756
2026-03-24T01:19:19.791629,0,0,540.636218,0.5287999999999999
2026-03-24T01:19:20.798572,0,0,542.40027,0.5439999999999999
2026-03-24T01:19:21.804622,0,0,541.518244,0.5212
2026-03-24T01:19:22.812660,0,0,540.636218,0.5287999999999999
2026-03-24T01:19:23.818688,0,0,541.518244,0.5364
2026-03-24T01:19:24.825713,0,0,541.518244,0.468
2026-03-24T01:19:25.830743,0,0,540.636218,0.5136
2026-03-24T01:19:26.838785,0,0,541.518244,0.5287999999999999
2026-03-24T01:19:27.844808,0,0,541.518244,0.5212
2026-03-24T01:19:28.851847,0,0,540.636218,0.5212
2026-03-24T01:19:29.858877,0,0,541.518244,0.5287999999999999
2026-03-24T01:19:30.865906,0,0,541.518244,0.5212
2026-03-24T01:19:31.872935,0,0,541.518244,0.5212
2026-03-24T01:19:32.878955,0,0,541.518244,0.5364
2026-03-24T01:19:33.885995,0,0,540.636218,0.4832
2026-03-24T01:19:34.892025,0,0,540.636218,0.5212
2026-03-24T01:19:35.899061,0,0,541.518244,0.5287999999999999
2026-03-24T01:19:36.906090,0,0,540.636218,0.4984
2026-03-24T01:19:37.912120,0,0,543.282296,0.4832
2026-03-24T01:19:38.920140,0,0,541.518244,0.5516
2026-03-24T01:19:39.926178,0,0,540.636218,0.4832
2026-03-24T01:19:40.933211,0,0,541.518244,0.4832
2026-03-24T01:19:41.939310,0,0,541.518244,0.5439999999999999
2026-03-24T01:19:42.946267,0,0,541.518244,0.5136
2026-03-24T01:19:43.952286,0,0,541.518244,0.5136
2026-03-24T01:19:44.959407,0,0,541.518244,0.5136
2026-03-24T01:19:45.966362,0,0,541.518244,0.5364
2026-03-24T01:19:46.973384,0,0,541.518244,0.5364
2026-03-24T01:19:47.978432,0,0,541.518244,0.5516
2026-03-24T01:19:48.986438,0,0,542.40027,0.5516
2026-03-24T01:19:49.993472,0,0,541.518244,0.5212
2026-03-24T01:19:50.999579,0,0,540.636218,0.5668
2026-03-24T01:19:52.006522,0,0,541.518244,0.4984
2026-03-24T01:19:53.013554,0,0,541.518244,0.5136
2026-03-24T01:19:54.019660,0,0,541.518244,0.5364
2026-03-24T01:19:55.027610,0,0,541.518244,0.4984
2026-03-24T01:19:56.033594,0,0,541.518244,0.4832
2026-03-24T01:19:57.040647,0,0,541.518244,0.5439999999999999
2026-03-24T01:19:58.046644,0,0,541.518244,0.5668
2026-03-24T01:19:59.053696,0,0,541.518244,0.4756
2026-03-24T01:20:00.059786,0,0,540.636218,0.5591999999999999
2026-03-24T01:20:01.066752,0,0,541.518244,0.582
2026-03-24T01:20:02.073787,0,0,541.518244,0.4832
2026-03-24T01:20:03.080812,0,0,541.518244,0.5439999999999999
2026-03-24T01:20:04.087846,0,0,541.518244,0.5364
2026-03-24T01:20:05.093834,0,0,541.518244,0.506
2026-03-24T01:20:06.100890,0,0,542.40027,0.5364
2026-03-24T01:20:07.106926,0,0,541.518244,0.5364
2026-03-24T01:20:08.113955,0,0,541.518244,0.4756
2026-03-24T01:20:09.120979,0,0,541.518244,0.5364
2026-03-24T01:20:10.127015,0,0,540.636218,0.5743999999999999
2026-03-24T01:20:11.135031,0,0,541.518244,0.468
2026-03-24T01:20:12.141099,0,0,541.518244,0.5364
2026-03-24T01:20:13.148108,0,0,541.518244,0.5287999999999999
2026-03-24T01:20:14.154136,0,0,542.40027,0.46040000000000003
2026-03-24T01:20:15.161143,0,0,541.518244,0.5212
2026-03-24T01:20:16.167197,0,0,539.754192,0.5668
2026-03-24T01:20:17.174194,0,0,540.636218,0
2026-03-24T01:20:18.181230,0,0,540.636218,0.5136
2026-03-24T01:20:19.188273,0,0,542.40027,0.5439999999999999
2026-03-24T01:20:20.195363,0,0,541.518244,0.46040000000000003
2026-03-24T01:20:21.201309,0,0,540.636218,0.5668
2026-03-24T01:20:22.208346,0,0,542.40027,0.5212
2026-03-24T01:20:23.214360,0,0,541.518244,0.4756
2026-03-24T01:20:24.221389,0,0,541.518244,0.5136
2026-03-24T01:20:25.228422,0,0,542.40027,0.5439999999999999
2026-03-24T01:20:26.234469,0,0,541.518244,0.4832
2026-03-24T01:20:27.242475,0,0,541.518244,0.5287999999999999
2026-03-24T01:20:28.248502,0,0,541.518244,0.5364
2026-03-24T01:20:29.255621,0,0,542.40027,0.4756
2026-03-24T01:20:30.261618,0,0,541.518244,0.4984
2026-03-24T01:20:31.268598,0,0,540.636218,0.5364
2026-03-24T01:20:32.274626,0,0,542.40027,0.4756
2026-03-24T01:20:33.280638,0,0,541.518244,0.506
2026-03-24T01:20:34.288676,0,0,542.40027,0.5439999999999999
2026-03-24T01:20:35.295732,0,0,541.518244,0.5212
2026-03-24T01:20:36.302727,0,0,539.754192,0.5287999999999999
2026-03-24T01:20:37.308764,0,0,541.518244,0.582
2026-03-24T01:20:38.315811,0,0,541.518244,0.4832
2026-03-24T01:20:39.321791,0,0,541.518244,0.5136
2026-03-24T01:20:40.328818,0,0,541.518244,0.5136
2026-03-24T01:20:41.335857,0,0,541.518244,0.506
2026-03-24T01:20:42.341874,0,0,541.518244,0.506
2026-03-24T01:20:43.349910,0,0,541.518244,0.5439999999999999
2026-03-24T01:20:44.355938,0,0,542.40027,0.4984
2026-03-24T01:20:45.362942,0,0,542.40027,0.4908
2026-03-24T01:20:46.368987,0,0,541.518244,0.5516
2026-03-24T01:20:47.376001,0,0,541.518244,0.5287999999999999
2026-03-24T01:20:48.382013,0,0,541.518244,0.506
2026-03-24T01:20:49.389034,0,0,540.636218,0.5212
2026-03-24T01:20:50.395962,0,0,540.636218,0.5287999999999999
2026-03-24T01:20:51.403091,0,0,541.518244,0.4832
2026-03-24T01:20:52.410105,0,0,541.518244,0.582
2026-03-24T01:20:53.416140,0,0,541.518244,0.5136
2026-03-24T01:20:54.423168,0,0,541.518244,0.4908
2026-03-24T01:20:55.429199,0,0,540.636218,0.5212
2026-03-24T01:20:56.436229,0,0,541.518244,0.5287999999999999
2026-03-24T01:20:57.443308,0,0,540.636218,0.4908
2026-03-24T01:20:58.449267,0,0,541.518244,0.5212
2026-03-24T01:20:59.457294,0,0,540.636218,0.506
2026-03-24T01:21:00.463409,0,0,541.518244,0.468
2026-03-24T01:21:01.470340,0,0,540.636218,0.5591999999999999
2026-03-24T01:21:02.476376,0,0,541.518244,0.4984
2026-03-24T01:21:03.483459,0,0,541.518244,0.4908
2026-03-24T01:21:04.489407,0,0,540.636218,0.5364
2026-03-24T01:21:05.496421,0,0,541.518244,0.5136
2026-03-24T01:21:06.503525,0,0,540.636218,0.4832
2026-03-24T01:21:07.510447,0,0,542.40027,0.582
2026-03-24T01:21:08.517508,0,0,541.518244,0.5591999999999999
2026-03-24T01:21:09.523576,0,0,541.518244,0.4984
2026-03-24T01:21:10.530549,0,0,541.518244,0.5364
2026-03-24T01:21:11.536572,0,0,541.518244,0.4984
2026-03-24T01:21:12.543630,0,0,541.518244,0.4984
2026-03-24T01:21:13.550615,0,0,541.518244,0.5516
2026-03-24T01:21:14.556649,0,0,539.754192,0.5287999999999999
2026-03-24T01:21:15.564659,0,0,541.518244,0.4832
2026-03-24T01:21:16.570695,0,0,541.518244,0.5287999999999999
2026-03-24T01:21:17.577705,0,0,540.636218,0.5212
2026-03-24T01:21:18.583785,0,0,542.40027,0.4908
2026-03-24T01:21:19.590756,0,0,541.518244,0.5516
2026-03-24T01:21:20.596781,0,0,541.518244,0.5287999999999999
2026-03-24T01:21:21.603825,0,0,540.636218,0.4984
2026-03-24T01:21:22.610828,0,0,541.518244,0.5287999999999999
2026-03-24T01:21:23.617841,0,0,541.518244,0.5136
2026-03-24T01:21:24.624857,0,0,541.518244,0.4908
2026-03-24T01:21:25.630887,0,0,541.518244,0.5287999999999999
2026-03-24T01:21:26.637903,0,0,540.636218,0.5364
2026-03-24T01:21:27.643962,0,0,541.518244,0.4984
2026-03-24T01:21:28.650987,0,0,541.518244,0.5668
2026-03-24T01:21:29.657096,0,0,541.518244,0.5439999999999999
2026-03-24T01:21:30.664003,0,0,540.636218,0.506
2026-03-24T01:21:31.672055,0,0,541.518244,0.5439999999999999
2026-03-24T01:21:32.678080,0,0,541.518244,0.5287999999999999
2026-03-24T01:21:33.685147,0,0,540.636218,0.5287999999999999
2026-03-24T01:21:34.691118,0,0,541.518244,0.5364
2026-03-24T01:21:35.698104,0,0,541.518244,0.5516
2026-03-24T01:21:36.704115,0,0,541.518244,0.468
2026-03-24T01:21:37.711141,0,0,541.518244,0.5439999999999999
2026-03-24T01:21:38.718169,0,0,540.636218,0.5439999999999999
2026-03-24T01:21:39.725187,0,0,544.164322,0.4984
2026-03-24T01:21:40.732209,0,0,541.518244,0.5287999999999999
2026-03-24T01:21:41.738236,0,0,541.518244,0.5668
2026-03-24T01:21:42.745254,0,0,541.518244,0.506
2026-03-24T01:21:43.751413,0,0,541.518244,0.4984
2026-03-24T01:21:44.758274,0,0,541.518244,0.5136
2026-03-24T01:21:45.765304,0,0,541.518244,0.4984
2026-03-24T01:21:46.771513,0,0,541.518244,0.5212
2026-03-24T01:21:47.779482,0,0,541.518244,0.5364
2026-03-24T01:21:48.785393,0,0,541.518244,0.4984
2026-03-24T01:21:49.792402,0,0,541.518244,0.4908
2026-03-24T01:21:50.798395,0,0,541.518244,0.5516
2026-03-24T01:21:51.805445,0,0,541.518244,0.5136
2026-03-24T01:21:52.811548,0,0,541.518244,0.5212
2026-03-24T01:21:53.818473,0,0,541.518244,0.5136
2026-03-24T01:21:54.825513,0,0,540.636218,0.5439999999999999
2026-03-24T01:21:55.832535,0,0,541.518244,0.506
2026-03-24T01:21:56.839644,0,0,542.40027,0.5287999999999999
2026-03-24T01:21:57.845567,0,0,541.518244,0.5136
2026-03-24T01:21:58.852579,0,0,541.518244,0.506
2026-03-24T01:21:59.858602,0,0,540.636218,0.506
2026-03-24T01:22:00.865630,0,0,541.518244,0.4984
2026-03-24T01:22:01.872644,0,0,541.518244,0.506
2026-03-24T01:22:02.878644,0,0,541.518244,0.5364
2026-03-24T01:22:03.886675,0,0,541.518244,0.4908
2026-03-24T01:22:04.892692,0,0,540.636218,0.5212
2026-03-24T01:22:05.899789,0,0,541.518244,0.5364
2026-03-24T01:22:06.905713,0,0,541.518244,0.5212
2026-03-24T01:22:07.912753,0,0,540.636218,0.5136
2026-03-24T01:22:08.918749,0,0,541.518244,0.5287999999999999
2026-03-24T01:22:09.925787,0,0,541.518244,0.5212
2026-03-24T01:22:10.932826,0,0,542.40027,0.5136
2026-03-24T01:22:11.939833,0,0,541.518244,0.5439999999999999
2026-03-24T01:22:12.946864,0,0,541.518244,0.506
2026-03-24T01:22:13.952846,0,0,541.518244,0.4756
2026-03-24T01:22:14.959918,0,0,540.636218,0.5212
2026-03-24T01:22:15.965910,0,0,542.40027,0.5364
2026-03-24T01:22:16.972946,0,0,541.518244,0.5212
2026-03-24T01:22:17.979940,0,0,541.518244,0.5668
2026-03-24T01:22:18.985972,0,0,541.518244,0.506
2026-03-24T01:22:19.993996,0,0,539.754192,0.4984
2026-03-24T01:22:21.000005,0,0,541.518244,0.5591999999999999
2026-03-24T01:22:22.007062,0,0,541.518244,0.5439999999999999
2026-03-24T01:22:23.013053,0,0,541.518244,0.4908
2026-03-24T01:22:34.726773,0,0,539.754192,0.4908
2026-03-24T01:22:37.209282,0,0,541.518244,0.5212
2026-03-24T01:22:38.216318,0,0,540.636218,0.4908
2026-03-24T01:22:39.222324,0,0,540.636218,0.4756
2026-03-24T01:22:40.229313,0,0,541.518244,0.5287999999999999
2026-03-24T01:22:41.235469,0,0,541.518244,0.4756
2026-03-24T01:22:42.243464,0,0,539.754192,0.4984
2026-03-24T01:22:43.249394,0,0,542.40027,0.5439999999999999
2026-03-24T01:22:44.256391,0,0,541.518244,0.4908
2026-03-24T01:22:45.263547,0,0,542.40027,0.4984
2026-03-24T01:22:46.269452,0,0,541.518244,0.506
2026-03-24T01:22:47.276466,0,0,540.636218,0.5212
2026-03-24T01:22:48.282465,0,0,541.518244,0.4756
2026-03-24T01:22:49.289497,0,0,540.636218,0.506
2026-03-24T01:22:50.296474,0,0,540.636218,0.5136
2026-03-24T01:22:51.303597,0,0,541.518244,0.4756
2026-03-24T01:22:52.309557,0,0,540.636218,0.5364
2026-03-24T01:22:53.316529,0,0,541.518244,0.5136
2026-03-24T01:22:54.323655,0,0,539.754192,0.468
2026-03-24T01:22:55.329603,0,0,541.518244,0.5364
2026-03-24T01:22:56.336578,0,0,542.40027,0.5896
2026-03-24T01:22:57.342629,0,0,542.40027,0.506
2026-03-24T01:22:58.350652,0,0,541.518244,0.5516
2026-03-24T01:22:59.355908,0,0,541.518244,0.4832
2026-03-24T01:23:00.363776,0,0,541.518244,0.46040000000000003
2026-03-24T01:23:01.370712,0,0,540.636218,0.4908
2026-03-24T01:23:02.376729,0,0,541.518244,0.5287999999999999
2026-03-24T01:23:03.383746,0,0,540.636218,0.468
2026-03-24T01:23:04.389723,0,0,539.754192,0.5212
2026-03-24T01:23:05.396755,0,0,540.636218,0.4984
2026-03-24T01:23:06.403833,0,0,541.518244,0.46040000000000003
2026-03-24T01:23:07.410800,0,0,541.518244,0.5364
2026-03-24T01:23:08.416808,0,0,542.40027,0.5439999999999999
2026-03-24T01:23:09.423855,0,0,540.636218,0.46040000000000003
2026-03-24T01:23:10.430833,0,0,541.518244,0.5439999999999999
2026-03-24T01:23:11.436860,0,0,539.754192,0.5136
2026-03-24T01:23:12.443923,0,0,541.518244,0.5136
2026-03-24T01:23:13.449909,0,0,542.40027,0.5136
2026-03-24T01:23:14.457881,0,0,541.518244,0.5364
2026-03-24T01:23:15.463932,0,0,541.518244,0.4984
2026-03-24T01:23:16.470936,0,0,541.518244,0.5212
2026-03-24T01:23:17.477951,0,0,541.518244,0.5287999999999999
2026-03-24T01:23:18.484154,0,0,540.636218,0.4984
2026-03-24T01:23:19.490963,0,0,540.636218,0.5287999999999999
2026-03-24T01:23:20.496944,0,0,542.40027,0.5516
2026-03-24T01:23:21.504968,0,0,541.518244,0.4908
2026-03-24T01:23:22.511000,0,0,541.518244,0.5287999999999999
2026-03-24T01:23:23.518010,0,0,540.636218,0.5136
2026-03-24T01:23:24.524028,0,0,541.518244,0.4984
2026-03-24T01:23:25.531019,0,0,541.518244,0.5516
2026-03-24T01:23:26.538057,0,0,541.518244,0.5516
2026-03-24T01:23:27.544065,0,0,541.518244,0.4908
2026-03-24T01:23:28.551089,0,0,540.636218,0.5516
2026-03-24T01:23:29.558103,0,0,541.518244,0.5364
2026-03-24T01:23:30.565114,0,0,541.518244,0.506
2026-03-24T01:23:31.571128,0,0,541.518244,0.5364
2026-03-24T01:23:32.578138,0,0,541.518244,0.5516
2026-03-24T01:23:33.584153,0,0,541.518244,0.5212
2026-03-24T01:23:34.591172,0,0,541.518244,0.5287999999999999
2026-03-24T01:23:35.598194,0,0,542.40027,0.5212
2026-03-24T01:23:36.604206,0,0,541.518244,0.5212
2026-03-24T01:23:37.612223,0,0,540.636218,0.5439999999999999
2026-03-24T01:23:38.618291,0,0,539.754192,0.5591999999999999
2026-03-24T01:23:39.625268,0,0,539.754192,0.5136
2026-03-24T01:23:40.631375,0,0,539.754192,0.506
2026-03-24T01:23:41.638325,0,0,541.518244,0.5364
2026-03-24T01:23:42.645311,0,0,541.518244,0.468
2026-03-24T01:23:43.651401,0,0,541.518244,0.5136
2026-03-24T01:23:44.658389,0,0,542.40027,0.5287999999999999
2026-03-24T01:23:45.665375,0,0,541.518244,0.506
2026-03-24T01:23:46.672342,0,0,542.40027,0.5212
2026-03-24T01:23:47.678397,0,0,541.518244,0.5439999999999999
2026-03-24T01:23:48.685407,0,0,541.518244,0.5212
2026-03-24T01:23:49.692403,0,0,541.518244,0.4832
2026-03-24T01:23:50.698407,0,0,540.636218,0.5212
2026-03-24T01:23:51.705434,0,0,540.636218,0.4832
2026-03-24T01:23:52.711504,0,0,541.518244,0.506
2026-03-24T01:23:53.719535,0,0,541.518244,0.5364
2026-03-24T01:23:54.725473,0,0,541.518244,0.4908
2026-03-24T01:23:55.732477,0,0,541.518244,0.4984
2026-03-24T01:23:56.738533,0,0,540.636218,0.5212
2026-03-24T01:23:57.745525,0,0,541.518244,0.4984
2026-03-24T01:23:58.752516,0,0,541.518244,0.4984
2026-03-24T01:23:59.758556,0,0,541.518244,0.5668
2026-03-24T01:24:00.765562,0,0,541.518244,0.5287999999999999
2026-03-24T01:24:01.772571,0,0,539.754192,0.4756
2026-03-24T01:24:02.779702,0,0,541.518244,0.5439999999999999
2026-03-24T01:24:03.785614,0,0,542.40027,0.506
2026-03-24T01:24:04.792634,0,0,540.636218,0
2026-03-24T01:24:05.799710,0,0,541.518244,0.5136
2026-03-24T01:24:06.805646,0,0,541.518244,0.5212
2026-03-24T01:24:07.812625,0,0,541.518244,0.468
2026-03-24T01:24:08.818659,0,0,541.518244,0.5364
2026-03-24T01:24:09.826672,0,0,541.518244,0.5364
2026-03-24T01:24:10.832724,0,0,540.636218,0.5287999999999999
2026-03-24T01:24:11.839771,0,0,541.518244,0.5439999999999999
2026-03-24T01:24:12.845732,0,0,541.518244,0.5212
2026-03-24T01:24:13.852726,0,0,540.636218,0.4832
2026-03-24T01:24:14.859813,0,0,539.754192,0.5287999999999999
2026-03-24T01:24:15.865754,0,0,540.636218,0.5364
2026-03-24T01:24:16.872780,0,0,540.636218,0.4832
2026-03-24T01:24:17.879804,0,0,539.754192,0.5364
2026-03-24T01:24:18.886819,0,0,541.518244,0.5287999999999999
2026-03-24T01:24:19.892797,0,0,541.518244,0.4832
2026-03-24T01:24:20.899805,0,0,541.518244,0.4984
2026-03-24T01:24:21.906824,0,0,541.518244,0.5591999999999999
2026-03-24T01:24:22.912824,0,0,542.40027,0.4756
2026-03-24T01:24:23.919895,0,0,540.636218,0.4908
2026-03-24T01:24:24.925851,0,0,541.518244,0.5364
2026-03-24T01:24:25.933837,0,0,542.40027,0.4756
2026-03-24T01:24:26.939891,0,0,541.518244,0.5287999999999999
2026-03-24T01:24:27.946921,0,0,541.518244,0.5668
2026-03-24T01:24:28.952926,0,0,541.518244,0.506
2026-03-24T01:24:29.959952,0,0,540.636218,0.5287999999999999
2026-03-24T01:24:30.966946,0,0,541.518244,0.5364
2026-03-24T01:24:31.972967,0,0,540.636218,0.4908
2026-03-24T01:24:32.979977,0,0,541.518244,0.5439999999999999
2026-03-24T01:24:33.986994,0,0,538.872166,0.5364
2026-03-24T01:24:34.994017,0,0,541.518244,0.46040000000000003
2026-03-24T01:24:36.000013,0,0,541.518244,0.5364
2026-03-24T01:24:37.007027,0,0,541.518244,0.5591999999999999
2026-03-24T01:24:38.014040,0,0,540.636218,0.468
2026-03-24T01:24:39.020046,0,0,541.518244,0.5591999999999999
2026-03-24T01:24:40.027039,0,0,541.518244,0.5287999999999999
2026-03-24T01:24:41.032013,0,0,541.518244,0.4832
2026-03-24T01:24:42.041049,0,0,541.518244,0.506
2026-03-24T01:24:43.047063,0,0,541.518244,0.5364
2026-03-24T01:24:44.054090,0,0,540.636218,0.46040000000000003
2026-03-24T01:24:45.060109,0,0,541.518244,0.5136
2026-03-24T01:24:46.067105,0,0,541.518244,0.5136
2026-03-24T01:24:47.074116,0,0,541.518244,0.4832
2026-03-24T01:24:48.080108,0,0,540.636218,0.506
2026-03-24T01:24:49.087139,0,0,541.518244,0.5439999999999999
2026-03-24T01:24:50.094142,0,0,541.518244,0.4908
2026-03-24T01:24:51.101152,0,0,541.518244,0.5136
2026-03-24T01:24:52.107177,0,0,541.518244,0.5439999999999999
2026-03-24T01:24:53.114173,0,0,541.518244,0.4908
2026-03-24T01:24:54.121190,0,0,541.518244,0.5136
2026-03-24T01:24:55.127196,0,0,541.518244,0.4832
2026-03-24T01:24:56.134208,0,0,542.40027,0.5212
2026-03-24T01:24:57.140217,0,0,541.518244,0.506
2026-03-24T01:24:58.147956,0,0,540.636218,0.5743999999999999
2026-03-24T01:24:59.154223,0,0,541.518244,0.506
2026-03-24T01:25:00.161260,0,0,541.518244,0.5136
2026-03-24T01:25:01.167368,0,0,541.518244,0.5287999999999999
2026-03-24T01:25:02.174284,0,0,541.518244,0.506
2026-03-24T01:25:03.181288,0,0,542.40027,0.506
2026-03-24T01:25:04.187416,0,0,538.872166,0.506
2026-03-24T01:25:05.194362,0,0,541.518244,0.5136
2026-03-24T01:25:06.201349,0,0,544.164322,0.506
2026-03-24T01:25:07.208328,0,0,541.518244,0.5439999999999999
2026-03-24T01:25:08.214377,0,0,540.636218,0.4908
2026-03-24T01:25:09.221383,0,0,540.636218,0.4908
2026-03-24T01:25:10.228375,0,0,541.518244,0.5668
2026-03-24T01:25:11.234371,0,0,541.518244,0.4984
2026-03-24T01:25:12.241420,0,0,541.518244,0.506
2026-03-24T01:25:13.247486,0,0,541.518244,0.5516
2026-03-24T01:25:14.255527,0,0,541.518244,0.5364
2026-03-24T01:25:15.260406,0,0,540.636218,0.4832
2026-03-24T01:25:16.268452,0,0,541.518244,0.5364
2026-03-24T01:25:17.274470,0,0,541.518244,0.5212
2026-03-24T01:25:18.281467,0,0,542.40027,0.4756
2026-03-24T01:25:19.288454,0,0,541.518244,0.5591999999999999
2026-03-24T01:25:20.294461,0,0,541.518244,0.506
2026-03-24T01:25:21.301512,0,0,542.40027,0.4908
2026-03-24T01:25:22.308473,0,0,541.518244,0.4908
2026-03-24T01:25:23.315607,0,0,541.518244,0.5516
2026-03-24T01:25:24.321542,0,0,543.282296,0.4832
2026-03-24T01:25:25.328502,0,0,541.518244,0.5287999999999999
2026-03-24T01:25:26.335620,0,0,543.282296,0.4984
2026-03-24T01:25:27.341540,0,0,540.636218,0.4756
2026-03-24T01:25:28.348517,0,0,540.636218,0.5364
2026-03-24T01:25:29.354549,0,0,540.636218,0.5212
2026-03-24T01:25:30.362547,0,0,541.518244,0.4984
2026-03-24T01:25:31.368562,0,0,541.518244,0.506
2026-03-24T01:25:32.374551,0,0,541.518244,0.5212
2026-03-24T01:25:33.381581,0,0,541.518244,0.5136
2026-03-24T01:25:34.388585,0,0,541.518244,0.5287999999999999
2026-03-24T01:25:35.395701,0,0,541.518244,0.5516
2026-03-24T01:25:36.401615,0,0,542.40027,0.46040000000000003
2026-03-24T01:25:37.408630,0,0,541.518244,0.5439999999999999
2026-03-24T01:25:38.415696,0,0,542.40027,0.5212
2026-03-24T01:25:39.422644,0,0,542.40027,0.4908
2026-03-24T01:25:40.428671,0,0,540.636218,0.5287999999999999
2026-03-24T01:25:41.435762,0,0,541.518244,0.5212
2026-03-24T01:25:42.442677,0,0,541.518244,0.4832
2026-03-24T01:25:43.448720,0,0,541.518244,0.5136
2026-03-24T01:25:44.455734,0,0,541.518244,0.5287999999999999
2026-03-24T01:25:45.461708,0,0,540.636218,0.4756
2026-03-24T01:25:46.469704,0,0,541.518244,0.4984
2026-03-24T01:25:57.948437,0,0,541.518244,0.4908
2026-03-24T01:26:00.430875,0,0,541.518244,0.4908
2026-03-24T01:26:01.437882,0,0,541.518244,0.5439999999999999
2026-03-24T01:26:02.443886,0,0,541.518244,0.4908
2026-03-24T01:26:03.450893,0,0,541.518244,0.4984
2026-03-24T01:26:04.456896,0,0,542.40027,0.5364
2026-03-24T01:26:05.464890,0,0,537.99014,0.506
2026-03-24T01:26:06.470892,0,0,541.518244,0.4984
2026-03-24T01:26:07.477915,0,0,541.518244,0.5136
2026-03-24T01:26:08.484929,0,0,541.518244,0.4908
2026-03-24T01:26:09.490919,0,0,541.518244,0.5136
2026-03-24T01:26:10.497919,0,0,541.518244,0.5439999999999999
2026-03-24T01:26:11.503942,0,0,540.636218,0.5136
2026-03-24T01:26:12.510931,0,0,544.164322,0
2026-03-24T01:26:13.517934,0,0,539.754192,0.5364
2026-03-24T01:26:14.524969,0,0,540.636218,0.5439999999999999
2026-03-24T01:26:15.530960,0,0,542.40027,0.4832
2026-03-24T01:26:16.537954,0,0,540.636218,0.5287999999999999
2026-03-24T01:26:17.544989,0,0,542.40027,0.5668
2026-03-24T01:26:18.550981,0,0,541.518244,0
2026-03-24T01:26:19.558003,0,0,542.40027,0.4984
2026-03-24T01:26:20.564021,0,0,541.518244,0.5212
2026-03-24T01:26:31.245587,0,0,541.518244,0.506
2026-03-24T01:26:33.728091,0,0,544.164322,0.4756
2026-03-24T01:26:34.735084,0,0,540.636218,0.4832
2026-03-24T01:26:35.741093,0,0,541.518244,0.5364
2026-03-24T01:26:36.748110,0,0,541.518244,0.4832
2026-03-24T01:26:37.754156,0,0,541.518244,0.4908
2026-03-24T01:26:38.762117,0,0,541.518244,0.506
2026-03-24T01:26:39.768122,0,0,541.518244,0.4984
2026-03-24T01:26:40.775128,0,0,541.518244,0.4908
2026-03-24T01:26:41.782134,0,0,541.518244,0.5212
2026-03-24T01:26:42.788144,0,0,541.518244,0.5287999999999999
2026-03-24T01:26:43.795131,0,0,540.636218,0.4984
2026-03-24T01:26:44.801157,0,0,542.40027,0.5439999999999999
2026-03-24T01:26:45.808166,0,0,543.282296,0.4832
2026-03-24T01:26:46.815173,0,0,541.518244,0.5136
2026-03-24T01:26:47.822170,0,0,541.518244,0.5364
2026-03-24T01:26:48.828186,0,0,541.518244,0.5212
2026-03-24T01:26:49.835186,0,0,541.518244,0.4756
2026-03-24T01:26:50.842192,0,0,541.518244,0.5364
2026-03-24T01:26:51.848200,0,0,541.518244,0.4984
2026-03-24T01:26:52.855338,0,0,541.518244,0.4908
2026-03-24T01:26:53.861248,0,0,541.518244,0.5136
2026-03-24T01:27:05.410891,0,0,541.518244,0.46040000000000003
2026-03-24T01:27:07.893372,0,0,541.518244,0
2026-03-24T01:27:08.900409,0,0,541.518244,0.5287999999999999
2026-03-24T01:27:09.906394,0,0,546.8104000000001,0.4984
2026-03-24T01:27:10.913369,0,0,540.636218,0.4984
2026-03-24T01:27:11.919513,0,0,541.518244,0.4832
2026-03-24T01:27:12.927476,0,0,539.754192,0.4756
2026-03-24T01:27:13.933375,0,0,540.636218,0.5212
2026-03-24T01:27:14.940343,0,0,541.518244,0.5364
2026-03-24T01:27:15.947470,0,0,535.344062,0.5136
2026-03-24T01:27:16.953403,0,0,540.636218,0.4832
2026-03-24T01:27:17.960414,0,0,541.518244,0.506
2026-03-24T01:27:18.966421,0,0,539.754192,0.4984
2026-03-24T01:27:19.973413,0,0,535.344062,0.4832
2026-03-24T01:27:20.980402,0,0,541.518244,0.4908
2026-03-24T01:27:21.987492,0,0,541.518244,0.506
2026-03-24T01:27:22.993431,0,0,541.518244,0.46040000000000003
2026-03-24T01:27:24.000459,0,0,541.518244,0.5287999999999999
2026-03-24T01:27:25.007564,0,0,540.636218,0.506
2026-03-24T01:27:26.013475,0,0,541.518244,0.4756
2026-03-24T01:27:27.020489,0,0,540.636218,0.5287999999999999
2026-03-24T01:27:28.026526,0,0,543.282296,0.4984
2026-03-24T01:27:29.034456,0,0,536.226088,0.4984
2026-03-24T01:27:30.040464,0,0,541.518244,0.5136
2026-03-24T01:27:31.047553,0,0,541.518244,0.5136
2026-03-24T01:27:32.054526,0,0,539.754192,0.4756
2026-03-24T01:27:33.060477,0,0,540.636218,0.5364
2026-03-24T01:27:34.067519,0,0,541.518244,0.5212
2026-03-24T01:27:35.073447,0,0,541.518244,0.46040000000000003
2026-03-24T01:27:36.080465,0,0,541.518244,0.5364
2026-03-24T01:27:37.087540,0,0,542.40027,0.5136
2026-03-24T01:27:38.094466,0,0,542.40027,0.4832
2026-03-24T01:27:39.099927,0,0,540.636218,0.4832
2026-03-24T01:27:40.107556,0,0,541.518244,0.5136
2026-03-24T01:27:41.114504,0,0,542.40027,0.5287999999999999
2026-03-24T01:27:42.120515,0,0,541.518244,0.5212
2026-03-24T01:27:43.127621,0,0,541.518244,0.5591999999999999
2026-03-24T01:27:44.133519,0,0,542.40027,0.4832
2026-03-24T01:27:45.141522,0,0,540.636218,0.4908
2026-03-24T01:27:46.147615,0,0,541.518244,0.4908
2026-03-24T01:27:47.154531,0,0,542.40027,0.4908
2026-03-24T01:27:48.161474,0,0,541.518244,0.5212
2026-03-24T01:27:49.167615,0,0,541.518244,0.5287999999999999
2026-03-24T01:27:50.174547,0,0,541.518244,0.4984
2026-03-24T01:27:51.180548,0,0,541.518244,0.5287999999999999
2026-03-24T01:27:52.187623,0,0,540.636218,0.4832
2026-03-24T01:27:53.194559,0,0,540.636218,0.468
2026-03-24T01:27:54.201553,0,0,541.518244,0.5136
2026-03-24T01:27:55.207660,0,0,541.518244,0.5212
2026-03-24T01:27:56.214564,0,0,541.518244,0.4908
2026-03-24T01:27:57.221573,0,0,539.754192,0.5287999999999999
2026-03-24T01:27:58.227641,0,0,539.754192,0.5516
2026-03-24T01:27:59.234535,0,0,541.518244,0
2026-03-24T01:28:00.240616,0,0,541.518244,0.5364
2026-03-24T01:28:01.248552,0,0,541.518244,0.5668
2026-03-24T01:28:02.254602,0,0,541.518244,0.4756
2026-03-24T01:28:03.261554,0,0,540.636218,0.5136
2026-03-24T01:28:04.268580,0,0,542.40027,0.506
2026-03-24T01:28:05.274572,0,0,541.518244,0.4984
2026-03-24T01:28:06.281618,0,0,541.518244,0.506
2026-03-24T01:28:07.287660,0,0,541.518244,0.4984
2026-03-24T01:28:08.294604,0,0,541.518244,0.4984
2026-03-24T01:28:09.301629,0,0,541.518244,0.4984
2026-03-24T01:28:10.308579,0,0,539.754192,0.506
2026-03-24T01:28:11.314644,0,0,541.518244,0.4984
2026-03-24T01:28:12.321608,0,0,541.518244,0.4756
2026-03-24T01:28:13.328627,0,0,541.518244,0.5136
2026-03-24T01:28:14.334628,0,0,540.636218,0.5439999999999999
2026-03-24T01:28:15.341624,0,0,541.518244,0.4908
2026-03-24T01:28:16.347681,0,0,541.518244,0.5212
2026-03-24T01:28:17.355692,0,0,540.636218,0.468
2026-03-24T01:28:18.361659,0,0,541.518244,0.5287999999999999
2026-03-24T01:28:19.368658,0,0,540.636218,0.506
2026-03-24T01:28:20.375711,0,0,541.518244,0.4984
2026-03-24T01:28:21.381629,0,0,541.518244,0.5136
2026-03-24T01:28:22.388651,0,0,539.754192,0.5212
2026-03-24T01:28:23.394651,0,0,540.636218,0.5136
2026-03-24T01:28:24.401666,0,0,541.518244,0.468
2026-03-24T01:28:25.408679,0,0,541.518244,0.5668
2026-03-24T01:28:26.415769,0,0,541.518244,0.4908
2026-03-24T01:28:27.421671,0,0,541.518244,0.4832
2026-03-24T01:28:28.428660,0,0,541.518244,0.5364
2026-03-24T01:28:29.435766,0,0,541.518244,0.5212
2026-03-24T01:28:30.441680,0,0,541.518244,0.4832
2026-03-24T01:28:31.448691,0,0,541.518244,0.5287999999999999
2026-03-24T01:28:32.454703,0,0,541.518244,0.4908
2026-03-24T01:28:33.462690,0,0,540.636218,0.5212
2026-03-24T01:28:34.468688,0,0,542.40027,0.5287999999999999
2026-03-24T01:28:35.475757,0,0,541.518244,0.5287999999999999
2026-03-24T01:28:36.482690,0,0,541.518244,0.468
2026-03-24T01:28:37.488707,0,0,540.636218,0.5516
2026-03-24T01:28:38.495757,0,0,541.518244,0.506
2026-03-24T01:28:39.501688,0,0,541.518244,0.5136
2026-03-24T01:28:40.508751,0,0,541.518244,0.5364
2026-03-24T01:28:41.515727,0,0,540.636218,0.5212
2026-03-24T01:28:42.522706,0,0,540.636218,0
2026-03-24T01:28:43.528732,0,0,540.636218,0.5439999999999999
2026-03-24T01:28:44.535733,0,0,541.518244,0.5364
2026-03-24T01:28:45.542705,0,0,541.518244,0.46040000000000003
2026-03-24T01:28:46.548710,0,0,541.518244,0.5364
2026-03-24T01:28:47.555752,0,0,540.636218,0.5364
2026-03-24T01:28:48.561717,0,0,540.636218,0.468
2026-03-24T01:28:49.569733,0,0,540.636218,0.5439999999999999
2026-03-24T01:28:50.575734,0,0,541.518244,0.5212
2026-03-24T01:28:51.582724,0,0,541.518244,0.4756
2026-03-24T01:28:52.589705,0,0,541.518244,0.5136
2026-03-24T01:28:53.595830,0,0,541.518244,0.5212
2026-03-24T01:28:54.602746,0,0,541.518244,0.4832
2026-03-24T01:28:55.608764,0,0,541.518244,0.5364
2026-03-24T01:28:56.615773,0,0,541.518244,0.5212
2026-03-24T01:28:57.622764,0,0,541.518244,0.4756
2026-03-24T01:28:58.629759,0,0,541.518244,0.5136
2026-03-24T01:28:59.635799,0,0,540.636218,0.5439999999999999
2026-03-24T01:29:00.642792,0,0,541.518244,0.4908
2026-03-24T01:29:01.649776,0,0,540.636218,0.5136
2026-03-24T01:29:02.655780,0,0,540.636218,0.5591999999999999
2026-03-24T01:29:03.662786,0,0,542.40027,0.5136
2026-03-24T01:29:04.668771,0,0,541.518244,0.5212
2026-03-24T01:29:05.676764,0,0,541.518244,0.5136
2026-03-24T01:29:06.682773,0,0,540.636218,0.4756
2026-03-24T01:29:07.689774,0,0,540.636218,0.5591999999999999
2026-03-24T01:29:08.696772,0,0,541.518244,0.5364
2026-03-24T01:29:09.702796,0,0,541.518244,0.46040000000000003
2026-03-24T01:29:10.709776,0,0,541.518244,0.5136
2026-03-24T01:29:11.715788,0,0,541.518244,0.4908
2026-03-24T01:29:12.722792,0,0,541.518244,0.4756
2026-03-24T01:29:13.729789,0,0,539.754192,0.506
2026-03-24T01:29:14.736790,0,0,541.518244,0.5439999999999999
2026-03-24T01:29:15.742801,0,0,541.518244,0.46040000000000003
2026-03-24T01:29:16.749798,0,0,541.518244,0.5212
2026-03-24T01:29:17.756795,0,0,542.40027,0.5287999999999999
2026-03-24T01:29:18.762790,0,0,541.518244,0.4908
2026-03-24T01:29:19.769788,0,0,542.40027,0
2026-03-24T01:29:20.775830,0,0,541.518244,0.5287999999999999
2026-03-24T01:29:21.783817,0,0,541.518244,0.4908
2026-03-24T01:29:22.789807,0,0,541.518244,0.4832
2026-03-24T01:29:23.796808,0,0,541.518244,0.4984
2026-03-24T01:29:24.803818,0,0,541.518244,0.4756
2026-03-24T01:29:25.809818,0,0,541.518244,0.506
2026-03-24T01:29:26.816817,0,0,541.518244,0.5287999999999999
2026-03-24T01:29:27.822817,0,0,540.636218,0.4908
2026-03-24T01:29:28.829828,0,0,541.518244,0.4832
2026-03-24T01:29:29.836819,0,0,542.40027,0.506
2026-03-24T01:29:30.843822,0,0,542.40027,0.5136
2026-03-24T01:29:31.849835,0,0,541.518244,0.4908
2026-03-24T01:29:32.856828,0,0,540.636218,0.5591999999999999
2026-03-24T01:29:33.863879,0,0,542.40027,0.46040000000000003
2026-03-24T01:29:34.869868,0,0,541.518244,0.4984
2026-03-24T01:29:35.876860,0,0,541.518244,0.5591999999999999
2026-03-24T01:29:36.882866,0,0,542.40027,0.4984
2026-03-24T01:29:37.890831,0,0,541.518244,0.4908
2026-03-24T01:29:38.896847,0,0,541.518244,0.5516
2026-03-24T01:29:39.903838,0,0,541.518244,0.4908
2026-03-24T01:29:40.910866,0,0,541.518244,0.506
2026-03-24T01:29:41.916869,0,0,541.518244,0.5287999999999999
2026-03-24T01:29:53.452599,0,0,541.518244,0.4832
2026-03-24T01:29:55.934856,0,0,541.518244,0.5136
2026-03-24T01:29:56.941843,0,0,540.636218,0.5516
2026-03-24T01:29:57.947905,0,0,540.636218,0.4756
2026-03-24T01:29:58.954870,0,0,541.518244,0.468
2026-03-24T01:29:59.960860,0,0,541.518244,0.5516
2026-03-24T01:30:00.968855,0,0,541.518244,0.506
2026-03-24T01:30:01.974889,0,0,542.40027,0.4908
2026-03-24T01:30:02.981840,0,0,541.518244,0.5516
2026-03-24T01:30:03.988862,0,0,542.40027,0.4984
2026-03-24T01:30:04.994869,0,0,541.518244,0.4756
2026-03-24T01:30:06.001890,0,0,541.518244,0.4984
2026-03-24T01:30:07.007895,0,0,541.518244,0.506
2026-03-24T01:30:08.014902,0,0,541.518244,0.4984
2026-03-24T01:30:09.021906,0,0,541.518244,0.5287999999999999
2026-03-24T01:30:10.028855,0,0,541.518244,0.506
2026-03-24T01:30:11.034876,0,0,540.636218,0.4756
2026-03-24T01:30:12.041887,0,0,541.518244,0.5439999999999999
2026-03-24T01:30:13.048909,0,0,540.636218,0.5136
2026-03-24T01:30:14.054878,0,0,541.518244,0.4756
2026-03-24T01:30:15.061881,0,0,540.636218,0.506
2026-03-24T01:30:16.067869,0,0,542.40027,0.4984
2026-03-24T01:30:17.075866,0,0,541.518244,0.4832
2026-03-24T01:30:18.081898,0,0,540.636218,0.5136
2026-03-24T01:30:19.088919,0,0,540.636218,0.5136
2026-03-24T01:30:20.095890,0,0,541.518244,0.4832
2026-03-24T01:30:21.102013,0,0,540.636218,0.5287999999999999
2026-03-24T01:30:22.108968,0,0,540.636218,0.5287999999999999
2026-03-24T01:30:23.114949,0,0,541.518244,0.4984
2026-03-24T01:30:24.121971,0,0,541.518244,0.5439999999999999
2026-03-24T01:30:25.128948,0,0,541.518244,0.4984
2026-03-24T01:30:26.135960,0,0,541.518244,0.4832
2026-03-24T01:30:27.141955,0,0,541.518244,0.5364
2026-03-24T01:30:28.148960,0,0,540.636218,0.5287999999999999
2026-03-24T01:30:29.155955,0,0,541.518244,0.4832
2026-03-24T01:30:30.161958,0,0,540.636218,0.5287999999999999
2026-03-24T01:30:31.168931,0,0,541.518244,0.5364
2026-03-24T01:30:32.174973,0,0,543.282296,0.4832
2026-03-24T01:30:33.182970,0,0,541.518244,0.506
2026-03-24T01:30:34.188935,0,0,541.518244,0.5136
2026-03-24T01:30:35.195940,0,0,541.518244,0.468
2026-03-24T01:30:36.202961,0,0,539.754192,0.5287999999999999
2026-03-24T01:30:37.208933,0,0,540.636218,0.5364
2026-03-24T01:30:38.215978,0,0,540.636218,0.5212
2026-03-24T01:30:39.221969,0,0,541.518244,0.5364
2026-03-24T01:30:40.228953,0,0,541.518244,0.5136
2026-03-24T01:30:41.235952,0,0,541.518244,0
2026-03-24T01:30:42.242958,0,0,541.518244,0.5516
2026-03-24T01:30:43.248949,0,0,540.636218,0.5136
2026-03-24T01:30:44.255964,0,0,541.518244,0.4984
2026-03-24T01:30:45.262952,0,0,542.40027,0.5516
2026-03-24T01:30:46.268942,0,0,541.518244,0.5212
2026-03-24T01:30:47.275978,0,0,541.518244,0.4908
2026-03-24T01:30:48.281956,0,0,540.636218,0.506
2026-03-24T01:30:49.289962,0,0,541.518244,0.5287999999999999
2026-03-24T01:30:50.295976,0,0,542.40027,0.4756
2026-03-24T01:30:51.302947,0,0,542.40027,0.4908
2026-03-24T01:31:02.182571,0,0,541.518244,0.4984
2026-03-24T01:31:04.664910,0,0,545.928374,0.4756
2026-03-24T01:31:05.671891,0,0,541.518244,0.5287999999999999
2026-03-24T01:31:06.677902,0,0,543.282296,0.4984
2026-03-24T01:31:07.684871,0,0,542.40027,0.4908
2026-03-24T01:31:08.690866,0,0,541.518244,0.5212
2026-03-24T01:31:09.698893,0,0,541.518244,0.506
2026-03-24T01:31:10.704888,0,0,539.754192,0.4756
2026-03-24T01:31:11.711888,0,0,541.518244,0.5516
2026-03-24T01:31:12.718895,0,0,541.518244,0.4984
2026-03-24T01:31:13.724840,0,0,541.518244,0.4756
2026-03-24T01:31:14.731847,0,0,541.518244,0.5591999999999999
2026-03-24T01:31:15.737828,0,0,541.518244,0.4984
2026-03-24T01:31:16.744836,0,0,541.518244,0.4908
2026-03-24T01:31:17.751867,0,0,541.518244,0.5136
2026-03-24T01:31:18.758865,0,0,541.518244,0.506
2026-03-24T01:31:19.764870,0,0,541.518244,0.46040000000000003
2026-03-24T01:31:20.771840,0,0,540.636218,0.506
2026-03-24T01:31:21.778868,0,0,541.518244,0.5212
2026-03-24T01:31:22.784859,0,0,541.518244,0.468
2026-03-24T01:31:23.791828,0,0,540.636218,0.5136
2026-03-24T01:31:35.079709,0,0,540.636218,0.4908
2026-03-24T01:31:37.561974,0,0,541.518244,0.5287999999999999
2026-03-24T01:31:38.568972,0,0,541.518244,0.4832
2026-03-24T01:31:39.574954,0,0,540.636218,0.5136
2026-03-24T01:31:40.581927,0,0,541.518244,0.5287999999999999
2026-03-24T01:31:41.587925,0,0,541.518244,0.4908
2026-03-24T01:31:42.595955,0,0,537.99014,0.4832
2026-03-24T01:31:43.601958,0,0,541.518244,0.506
2026-03-24T01:31:44.608957,0,0,541.518244,0.5364
2026-03-24T01:31:45.615932,0,0,539.754192,0.46040000000000003
2026-03-24T01:31:46.621967,0,0,540.636218,0.5591999999999999
2026-03-24T01:31:47.628919,0,0,540.636218,0.5136
2026-03-24T01:31:48.634914,0,0,541.518244,0.4984
2026-03-24T01:31:49.641912,0,0,541.518244,0.5516
2026-03-24T01:31:50.648914,0,0,540.636218,0.5136
2026-03-24T01:31:51.655912,0,0,541.518244,0.46040000000000003
2026-03-24T01:31:52.661920,0,0,541.518244,0.5287999999999999
2026-03-24T01:31:53.668838,0,0,541.518244,0.506
2026-03-24T01:31:54.675809,0,0,541.518244,0
2026-03-24T01:31:55.681837,0,0,541.518244,0.5364
2026-03-24T01:31:56.688837,0,0,541.518244,0.5287999999999999
2026-03-24T01:31:57.694810,0,0,541.518244,0.4832
2026-03-24T01:31:58.702843,0,0,540.636218,0.5591999999999999
2026-03-24T01:31:59.708814,0,0,540.636218,0.4984
2026-03-24T01:32:00.715823,0,0,541.518244,0.4756
2026-03-24T01:32:01.722878,0,0,541.518244,0.5136
2026-03-24T01:32:02.728820,0,0,541.518244,0.4908
2026-03-24T01:32:03.735862,0,0,541.518244,0.4756
2026-03-24T01:32:04.741860,0,0,540.636218,0.4756
2026-03-24T01:32:05.748860,0,0,541.518244,0.5439999999999999
2026-03-24T01:32:06.755838,0,0,541.518244,0.468
2026-03-24T01:32:07.762870,0,0,541.518244,0.5136
2026-03-24T01:32:08.768862,0,0,541.518244,0.5439999999999999
2026-03-24T01:32:09.775841,0,0,541.518244,0.4756
2026-03-24T01:32:10.782844,0,0,541.518244,0.5287999999999999
2026-03-24T01:32:11.788845,0,0,541.518244,0.5212
2026-03-24T01:32:12.795838,0,0,541.518244,0.4908
2026-03-24T01:32:13.801845,0,0,540.636218,0.5591999999999999
2026-03-24T01:32:14.809821,0,0,541.518244,0.4832
2026-03-24T01:32:15.815813,0,0,542.40027,0.468
2026-03-24T01:32:16.822807,0,0,541.518244,0.506
2026-03-24T01:32:17.829809,0,0,541.518244,0.5439999999999999
2026-03-24T01:32:18.835845,0,0,541.518244,0.4832
2026-03-24T01:32:19.842797,0,0,541.518244,0.4908
2026-03-24T01:32:20.848806,0,0,541.518244,0.506
2026-03-24T01:32:21.855811,0,0,540.636218,0.506
2026-03-24T01:32:22.862799,0,0,541.518244,0.4908
2026-03-24T01:32:23.869777,0,0,541.518244,0.5516
2026-03-24T01:32:24.875841,0,0,540.636218,0.4908
2026-03-24T01:32:25.882775,0,0,541.518244,0.506
2026-03-24T01:32:26.889793,0,0,540.636218,0.506
2026-03-24T01:32:27.895787,0,0,541.518244,0.4908
2026-03-24T01:32:28.902773,0,0,541.518244,0.4984
2026-03-24T01:32:29.908780,0,0,540.636218,0.5287999999999999
2026-03-24T01:32:30.916770,0,0,541.518244,0.4832
2026-03-24T01:32:31.922756,0,0,541.518244,0.4832
2026-03-24T01:32:32.929774,0,0,543.282296,0.4908
2026-03-24T01:32:33.936791,0,0,541.518244,0.4756
2026-03-24T01:32:34.942755,0,0,539.754192,0.4984
2026-03-24T01:32:35.949781,0,0,541.518244,0.5287999999999999
2026-03-24T01:32:36.955819,0,0,542.40027,0
2026-03-24T01:32:37.962755,0,0,541.518244,0.5364
2026-03-24T01:32:38.969738,0,0,541.518244,0.4984
2026-03-24T01:32:39.976756,0,0,541.518244,0.4756
2026-03-24T01:32:40.982730,0,0,541.518244,0.506
2026-03-24T01:32:41.989738,0,0,541.518244,0.4984
2026-03-24T01:32:42.996755,0,0,542.40027,0.506
2026-03-24T01:32:44.002723,0,0,541.518244,0.5136
2026-03-24T01:32:45.009741,0,0,541.518244,0.5136
2026-03-24T01:32:46.015797,0,0,541.518244,0.5364
2026-03-24T01:32:47.023804,0,0,541.518244,0.4908
2026-03-24T01:32:48.029736,0,0,541.518244,0.5136
2026-03-24T01:32:49.036739,0,0,541.518244,0.4832
2026-03-24T01:32:50.043741,0,0,541.518244,0.5212
2026-03-24T01:32:51.049727,0,0,541.518244,0.5439999999999999
2026-03-24T01:32:52.056725,0,0,540.636218,0.468
2026-03-24T01:32:53.062696,0,0,541.518244,0.506
2026-03-24T01:32:54.069703,0,0,541.518244,0.5439999999999999
2026-03-24T01:32:55.076715,0,0,541.518244,0.4756
2026-03-24T01:32:56.083791,0,0,541.518244,0.4984
2026-03-24T01:32:57.089729,0,0,541.518244,0.5136
2026-03-24T01:32:58.096730,0,0,541.518244,0.4984
2026-03-24T01:32:59.103756,0,0,545.046348,0
2026-03-24T01:33:00.109724,0,0,540.636218,0.5287999999999999
2026-03-24T01:33:01.116762,0,0,541.518244,0.4908
2026-03-24T01:33:02.122721,0,0,541.518244,0.4832
2026-03-24T01:33:03.130710,0,0,540.636218,0.5287999999999999
2026-03-24T01:33:04.136697,0,0,541.518244,0.506
2026-03-24T01:33:05.143750,0,0,541.518244,0
2026-03-24T01:33:06.150695,0,0,542.40027,0.5212
2026-03-24T01:33:07.156690,0,0,542.40027,0.506
2026-03-24T01:33:08.163731,0,0,541.518244,0.506
2026-03-24T01:33:09.169725,0,0,540.636218,0.5287999999999999
2026-03-24T01:33:10.175877,0,0,541.518244,0.5212
2026-03-24T01:33:11.183731,0,0,541.518244,0.468
2026-03-24T01:33:12.190687,0,0,541.518244,0.5439999999999999
2026-03-24T01:33:13.196670,0,0,541.518244,0.4908
2026-03-24T01:33:14.203722,0,0,541.518244,0.4756
2026-03-24T01:33:15.210702,0,0,543.282296,0.506
2026-03-24T01:33:16.216681,0,0,541.518244,0.5364
2026-03-24T01:33:17.223719,0,0,540.636218,0
2026-03-24T01:33:18.229663,0,0,541.518244,0.468
2026-03-24T01:33:19.237670,0,0,541.518244,0.5516
2026-03-24T01:33:20.243710,0,0,539.754192,0.4908
2026-03-24T01:33:21.250654,0,0,541.518244,0.5591999999999999
2026-03-24T01:33:22.257692,0,0,540.636218,0.5287999999999999
2026-03-24T01:33:23.263719,0,0,540.636218,0.4832
2026-03-24T01:33:24.270644,0,0,541.518244,0.5439999999999999
2026-03-24T01:33:25.276641,0,0,539.754192,0.5364
2026-03-24T01:33:26.283702,0,0,541.518244,0.506
2026-03-24T01:33:27.290592,0,0,541.518244,0.4832
2026-03-24T01:33:28.297628,0,0,540.636218,0.4832
2026-03-24T01:33:29.303654,0,0,542.40027,0.468
2026-03-24T01:33:30.310612,0,0,541.518244,0.5287999999999999
2026-03-24T01:33:31.317637,0,0,541.518244,0.506
2026-03-24T01:33:32.323675,0,0,544.164322,0.468
2026-03-24T01:33:33.330617,0,0,541.518244,0.5364
2026-03-24T01:33:34.336612,0,0,540.636218,0.5287999999999999
2026-03-24T01:33:35.344612,0,0,541.518244,0.4756
2026-03-24T01:33:36.350608,0,0,539.754192,0.506
2026-03-24T01:33:37.357607,0,0,541.518244,0.5212
2026-03-24T01:33:38.364598,0,0,541.518244,0.506
2026-03-24T01:33:39.370599,0,0,541.518244,0.5212
2026-03-24T01:33:40.377596,0,0,540.636218,0.5591999999999999
2026-03-24T01:33:41.383694,0,0,541.518244,0.46040000000000003
2026-03-24T01:33:42.390623,0,0,541.518244,0.5136
2026-03-24T01:33:43.397577,0,0,540.636218,0.5212
2026-03-24T01:33:44.403926,0,0,541.518244,0.4908
2026-03-24T01:33:45.410579,0,0,541.518244,0.5212
2026-03-24T01:33:46.417607,0,0,542.40027,0.5364
2026-03-24T01:33:47.424593,0,0,541.518244,0.506
2026-03-24T01:33:48.430607,0,0,542.40027,0.4984
2026-03-24T01:33:49.437594,0,0,542.40027,0.5364
2026-03-24T01:33:50.443652,0,0,541.518244,0.4756
2026-03-24T01:33:51.451657,0,0,541.518244,0.5364
2026-03-24T01:33:52.457576,0,0,541.518244,0.506
2026-03-24T01:33:53.464546,0,0,541.518244,0.506
2026-03-24T01:33:54.471648,0,0,541.518244,0.5364
2026-03-24T01:33:55.477547,0,0,541.518244,0.4908
2026-03-24T01:33:56.484538,0,0,541.518244,0.4984
2026-03-24T01:33:57.490518,0,0,541.518244,0
2026-03-24T01:33:58.497531,0,0,539.754192,0.5212
2026-03-24T01:33:59.504524,0,0,540.636218,0.4908
2026-03-24T01:34:00.511628,0,0,540.636218,0.5287999999999999
2026-03-24T01:34:01.516485,0,0,541.518244,0.506
2026-03-24T01:34:02.524517,0,0,541.518244,0.4984
2026-03-24T01:34:03.531594,0,0,541.518244,0.506
2026-03-24T01:34:04.537550,0,0,541.518244,0.5364
2026-03-24T01:34:05.544511,0,0,543.282296,0.4984
2026-03-24T01:34:06.550520,0,0,539.754192,0.4832
2026-03-24T01:34:07.558496,0,0,541.518244,0.5364
2026-03-24T01:34:08.564501,0,0,541.518244,0.506
2026-03-24T01:34:09.571585,0,0,541.518244,0.5136
2026-03-24T01:34:10.578481,0,0,541.518244,0.5212
2026-03-24T01:34:11.584483,0,0,542.40027,0.4832
2026-03-24T01:34:12.591607,0,0,540.636218,0.506
2026-03-24T01:34:13.597443,0,0,540.636218,0.5136
2026-03-24T01:34:14.604472,0,0,541.518244,0.506
2026-03-24T01:34:15.611576,0,0,541.518244,0.506
2026-03-24T01:34:16.618503,0,0,540.636218,0.5591999999999999
2026-03-24T01:34:17.624457,0,0,540.636218,0.4832
2026-03-24T01:34:18.630451,0,0,542.40027,0.4832
2026-03-24T01:34:19.638439,0,0,540.636218,0.5136
2026-03-24T01:34:20.644465,0,0,540.636218,0.5439999999999999
2026-03-24T01:34:21.651542,0,0,543.282296,0.5136
2026-03-24T01:34:22.657442,0,0,541.518244,0.5212
2026-03-24T01:34:23.665436,0,0,541.518244,0.4832
2026-03-24T01:34:24.671541,0,0,540.636218,0.5364
2026-03-24T01:34:25.678437,0,0,541.518244,0.506
2026-03-24T01:34:26.685417,0,0,541.518244,0.506
2026-03-24T01:34:27.691531,0,0,541.518244,0.4756
2026-03-24T01:34:28.698416,0,0,540.636218,0.5287999999999999
2026-03-24T01:34:29.704423,0,0,540.636218,0.5439999999999999
2026-03-24T01:34:30.711499,0,0,541.518244,0
2026-03-24T01:34:31.718403,0,0,542.40027,0.5136
2026-03-24T01:34:32.725430,0,0,541.518244,0.5287999999999999
2026-03-24T01:34:33.731557,0,0,541.518244,0.46040000000000003
2026-03-24T01:34:34.738388,0,0,541.518244,0.4984
2026-03-24T01:34:35.745388,0,0,541.518244,0.5287999999999999
2026-03-24T01:34:36.751501,0,0,541.518244,0.4984
2026-03-24T01:34:37.758406,0,0,540.636218,0.5743999999999999
2026-03-24T01:34:38.764374,0,0,540.636218,0.468
2026-03-24T01:34:39.772376,0,0,541.518244,0.506
2026-03-24T01:34:40.778370,0,0,541.518244,0.5136
2026-03-24T01:34:41.785369,0,0,541.518244,0.5516
2026-03-24T01:34:42.792362,0,0,541.518244,0.4908
2026-03-24T01:34:43.798364,0,0,539.754192,0.5439999999999999
2026-03-24T01:34:44.805329,0,0,540.636218,0.5136
2026-03-24T01:34:45.811436,0,0,541.518244,0.4756
2026-03-24T01:34:46.818355,0,0,541.518244,0.5439999999999999
2026-03-24T01:34:47.825309,0,0,541.518244,0.4908
2026-03-24T01:34:58.637857,0,0,541.518244,0.506
2026-03-24T01:35:01.120337,0,0,541.518244,0.5136
2026-03-24T01:35:02.127384,0,0,541.518244,0.4756
2026-03-24T01:35:03.133308,0,0,541.518244,0.4984
2026-03-24T01:35:04.140317,0,0,541.518244,0.5136
2026-03-24T01:35:05.146332,0,0,543.282296,0.4832
2026-03-24T01:35:06.154308,0,0,541.518244,0.5212
2026-03-24T01:35:07.160321,0,0,541.518244,0.5287999999999999
2026-03-24T01:35:08.167349,0,0,542.40027,0.506
2026-03-24T01:35:09.174322,0,0,541.518244,0.4984
2026-03-24T01:35:10.180277,0,0,540.636218,0.506
2026-03-24T01:35:11.187338,0,0,541.518244,0.5136
2026-03-24T01:35:12.192218,0,0,542.40027,0.4984
2026-03-24T01:35:13.200317,0,0,541.518244,0.5364
2026-03-24T01:35:14.207285,0,0,541.518244,0.46040000000000003
2026-03-24T01:35:15.214281,0,0,542.40027,0.4908
2026-03-24T01:35:16.220258,0,0,542.40027,0.5364
2026-03-24T01:35:17.227405,0,0,541.518244,0.5287999999999999
2026-03-24T01:35:18.234247,0,0,541.518244,0.46040000000000003
2026-03-24T01:35:19.240210,0,0,541.518244,0.5591999999999999
2026-03-24T01:35:20.247186,0,0,541.518244,0.4984
2026-03-24T01:35:31.603819,0,0,541.518244,0.5364
2026-03-24T01:35:34.086173,0,0,541.518244,0.4756
2026-03-24T01:35:35.092131,0,0,540.636218,0.5364
2026-03-24T01:35:36.099137,0,0,540.636218,0.506
2026-03-24T01:35:37.106147,0,0,541.518244,0.4908
2026-03-24T01:35:38.112137,0,0,542.40027,0.4984
2026-03-24T01:35:39.120150,0,0,541.518244,0.5287999999999999
2026-03-24T01:35:40.126131,0,0,541.518244,0.4832
2026-03-24T01:35:41.133135,0,0,541.518244,0.4908
2026-03-24T01:35:42.140130,0,0,542.40027,0.5439999999999999
2026-03-24T01:35:43.146136,0,0,541.518244,0.4756
2026-03-24T01:35:44.153087,0,0,541.518244,0.4832
2026-03-24T01:35:45.159133,0,0,541.518244,0.5136
2026-03-24T01:35:46.166100,0,0,540.636218,0.506
2026-03-24T01:35:47.173091,0,0,540.636218,0.468
2026-03-24T01:35:48.180090,0,0,541.518244,0.4984
2026-03-24T01:35:49.186042,0,0,541.518244,0.506
2026-03-24T01:35:50.193030,0,0,541.518244,0.506
2026-03-24T01:35:51.200066,0,0,540.636218,0.4832
2026-03-24T01:35:52.206080,0,0,540.636218,0.5136
2026-03-24T01:35:53.213060,0,0,541.518244,0.4832
2026-03-24T01:35:54.219071,0,0,540.636218,0.5212
2026-03-24T01:35:55.227082,0,0,541.518244,0.5287999999999999
2026-03-24T01:35:56.233080,0,0,541.518244,0.4908
2026-03-24T01:35:57.240049,0,0,541.518244,0.5136
2026-03-24T01:35:58.247056,0,0,541.518244,0.5439999999999999
2026-03-24T01:35:59.253052,0,0,541.518244,0.4832
2026-03-24T01:36:00.260051,0,0,540.636218,0.5516
2026-03-24T01:36:01.264972,0,0,541.518244,0.5287999999999999
2026-03-24T01:36:02.273032,0,0,541.518244,0.4756
2026-03-24T01:36:03.279977,0,0,541.518244,0.5212
2026-03-24T01:36:04.287025,0,0,541.518244,0.4756
2026-03-24T01:36:05.293006,0,0,541.518244,0.468
2026-03-24T01:36:06.300021,0,0,541.518244,0.5212
2026-03-24T01:36:07.307017,0,0,540.636218,0.4984
2026-03-24T01:36:08.312999,0,0,541.518244,0.46040000000000003
2026-03-24T01:36:09.319964,0,0,541.518244,0.4832
2026-03-24T01:36:10.325982,0,0,541.518244,0.4756
2026-03-24T01:36:11.333962,0,0,536.226088,0.4832
2026-03-24T01:36:12.339942,0,0,541.518244,0.5364
2026-03-24T01:36:13.346929,0,0,541.518244,0.506
2026-03-24T01:36:14.353919,0,0,541.518244,0.4832
2026-03-24T01:36:15.359974,0,0,541.518244,0.5287999999999999
2026-03-24T01:36:16.366928,0,0,541.518244,0.4984
2026-03-24T01:36:17.371937,0,0,537.108114,0.4984
2026-03-24T01:36:18.379968,0,0,541.518244,0.5516
2026-03-24T01:36:19.386925,0,0,541.518244,0.4908
2026-03-24T01:36:20.393900,0,0,541.518244,0.4832
2026-03-24T01:36:21.399935,0,0,541.518244,0.5516
2026-03-24T01:36:22.406919,0,0,541.518244,0.5516
2026-03-24T01:36:23.413920,0,0,541.518244,0
2026-03-24T01:36:24.419918,0,0,541.518244,0.5364
2026-03-24T01:36:25.426890,0,0,541.518244,0.5364
2026-03-24T01:36:26.432892,0,0,541.518244,0.4832
2026-03-24T01:36:27.440880,0,0,540.636218,0.5136
2026-03-24T01:36:28.446894,0,0,542.40027,0.5287999999999999
2026-03-24T01:36:29.453883,0,0,541.518244,0.4832
2026-03-24T01:36:30.460883,0,0,541.518244,0.5439999999999999
2026-03-24T01:36:31.466854,0,0,541.518244,0.5136
2026-03-24T01:36:32.473857,0,0,541.518244,0.4908
2026-03-24T01:36:33.479872,0,0,540.636218,0.5212
2026-03-24T01:36:34.486866,0,0,541.518244,0.5516
2026-03-24T01:36:35.493850,0,0,545.046348,0.4908
2026-03-24T01:36:36.500854,0,0,541.518244,0.4832
2026-03-24T01:36:37.505770,0,0,541.518244,0.5212
2026-03-24T01:36:38.513833,0,0,541.518244,0.5287999999999999
2026-03-24T01:36:39.520831,0,0,542.40027,0.4908
2026-03-24T01:36:40.526819,0,0,541.518244,0.5212
2026-03-24T01:36:41.533821,0,0,539.754192,0.4756
2026-03-24T01:36:42.539818,0,0,541.518244,0.5287999999999999
2026-03-24T01:36:43.547791,0,0,541.518244,0.5136
2026-03-24T01:36:44.553792,0,0,541.518244,0.506
2026-03-24T01:36:45.560798,0,0,540.636218,0.4756
2026-03-24T01:36:46.567825,0,0,541.518244,0.5439999999999999
2026-03-24T01:36:47.573764,0,0,541.518244,0.5364
2026-03-24T01:36:48.580714,0,0,541.518244,0.506
2026-03-24T01:36:49.586706,0,0,541.518244,0.5136
2026-03-24T01:36:50.593735,0,0,541.518244,0.5212
2026-03-24T01:36:51.600735,0,0,541.518244,0.5212
2026-03-24T01:36:52.607864,0,0,541.518244,0.5287999999999999
2026-03-24T01:36:53.613760,0,0,540.636218,0.5136
2026-03-24T01:36:54.619753,0,0,541.518244,0.5212
2026-03-24T01:36:55.627782,0,0,541.518244,0.5439999999999999
2026-03-24T01:36:56.633735,0,0,548.5744520000001,0.5516
2026-03-24T01:36:57.640807,0,0,541.518244,0.4756
2026-03-24T01:36:58.646741,0,0,541.518244,0.5287999999999999
2026-03-24T01:36:59.654694,0,0,541.518244,0.5212
2026-03-24T01:37:00.660688,0,0,541.518244,0.4908
2026-03-24T01:37:01.667746,0,0,541.518244,0.5516
2026-03-24T01:37:02.674721,0,0,543.282296,0.5136
2026-03-24T01:37:03.680700,0,0,541.518244,0.4832
2026-03-24T01:37:04.687777,0,0,541.518244,0.5136
2026-03-24T01:37:05.693676,0,0,539.754192,0.5439999999999999
2026-03-24T01:37:06.700722,0,0,541.518244,0.4832
2026-03-24T01:37:07.707741,0,0,541.518244,0.4908
2026-03-24T01:37:08.714691,0,0,541.518244,0.5668
2026-03-24T01:37:09.720690,0,0,541.518244,0.5287999999999999
2026-03-24T01:37:10.727733,0,0,540.636218,0.5364
2026-03-24T01:37:11.734671,0,0,542.40027,0.5287999999999999
2026-03-24T01:37:12.740675,0,0,541.518244,0.4756
2026-03-24T01:37:13.747728,0,0,541.518244,0.5591999999999999
2026-03-24T01:37:14.753688,0,0,550.3385040000001,0.4908
2026-03-24T01:37:15.761673,0,0,541.518244,0.4908
2026-03-24T01:37:16.767709,0,0,541.518244,0.5136
2026-03-24T01:37:17.774648,0,0,540.636218,0.5287999999999999
2026-03-24T01:37:18.781639,0,0,541.518244,0
2026-03-24T01:37:19.787702,0,0,541.518244,0.5364
2026-03-24T01:37:20.794630,0,0,541.518244,0.506
2026-03-24T01:37:21.800641,0,0,540.636218,0.46040000000000003
2026-03-24T01:37:22.807679,0,0,541.518244,0.5136
2026-03-24T01:37:23.813624,0,0,541.518244,0.5668
2026-03-24T01:37:24.821594,0,0,541.518244,0.5136
2026-03-24T01:37:25.827643,0,0,541.518244,0.5364
2026-03-24T01:37:26.834569,0,0,541.518244,0.5364
2026-03-24T01:37:27.841566,0,0,541.518244,0.506
2026-03-24T01:37:28.846561,0,0,541.518244,0.5212
2026-03-24T01:37:29.854559,0,0,539.754192,0.5287999999999999
2026-03-24T01:37:30.860548,0,0,540.636218,0
2026-03-24T01:37:31.868545,0,0,541.518244,0.5136
2026-03-24T01:37:32.874546,0,0,541.518244,0.5287999999999999
2026-03-24T01:37:33.881482,0,0,541.518244,0.4908
2026-03-24T01:37:34.888476,0,0,541.518244,0.5287999999999999
2026-03-24T01:37:35.894464,0,0,540.636218,0.5287999999999999
2026-03-24T01:37:36.901497,0,0,541.518244,0.468
2026-03-24T01:37:37.907600,0,0,541.518244,0.5364
2026-03-24T01:37:38.914521,0,0,541.518244,0.5212
2026-03-24T01:37:39.920496,0,0,540.636218,0.4908
2026-03-24T01:37:40.928470,0,0,540.636218,0.5364
2026-03-24T01:37:41.934472,0,0,541.518244,0.5364
2026-03-24T01:37:42.941452,0,0,541.518244,0.46040000000000003
2026-03-24T01:37:43.948457,0,0,541.518244,0.4908
2026-03-24T01:37:44.954458,0,0,541.518244,0.5439999999999999
2026-03-24T01:37:45.961459,0,0,540.636218,0.4756
2026-03-24T01:37:46.967542,0,0,540.636218,0.506
2026-03-24T01:37:47.975540,0,0,540.636218,0.5136
2026-03-24T01:37:48.981415,0,0,540.636218,0.4908
2026-03-24T01:37:49.988454,0,0,541.518244,0.5439999999999999
2026-03-24T01:37:50.995479,0,0,541.518244,0.5364
2026-03-24T01:37:52.001430,0,0,542.40027,0.506
2026-03-24T01:37:53.008423,0,0,541.518244,0.5212
2026-03-24T01:37:54.014406,0,0,541.518244,0.5287999999999999
2026-03-24T01:37:55.021378,0,0,541.518244,0.5212
2026-03-24T01:37:56.027461,0,0,539.754192,0.4908
2026-03-24T01:37:57.035497,0,0,540.636218,0.5136
2026-03-24T01:37:58.041374,0,0,540.636218,0.4832
2026-03-24T01:37:59.048356,0,0,541.518244,0.4984
2026-03-24T01:38:00.055442,0,0,540.636218,0.5591999999999999
2026-03-24T01:38:01.061331,0,0,540.636218,0.4832
2026-03-24T01:38:02.068353,0,0,542.40027,0.4832
2026-03-24T01:38:03.074332,0,0,540.636218,0.506
2026-03-24T01:38:04.082330,0,0,542.40027,0.5439999999999999
2026-03-24T01:38:05.088445,0,0,541.518244,0.4984
2026-03-24T01:38:06.095410,0,0,541.518244,0.5136
2026-03-24T01:38:07.102331,0,0,541.518244,0.5364
2026-03-24T01:38:08.108297,0,0,541.518244,0.4908
2026-03-24T01:38:09.115418,0,0,541.518244,0.5591999999999999
2026-03-24T01:38:10.121338,0,0,541.518244,0.5439999999999999
2026-03-24T01:38:11.128302,0,0,540.636218,0.4984
2026-03-24T01:38:12.134311,0,0,540.636218,0.5439999999999999
2026-03-24T01:38:13.142307,0,0,540.636218,0.4984
2026-03-24T01:38:14.148286,0,0,545.046348,0.5212
2026-03-24T01:38:15.155380,0,0,540.636218,0.5364
2026-03-24T01:38:16.162291,0,0,540.636218,0.4908
2026-03-24T01:38:17.168243,0,0,542.40027,0.5287999999999999
2026-03-24T01:38:18.175324,0,0,541.518244,0.506
2026-03-24T01:38:19.181258,0,0,541.518244,0.5287999999999999
2026-03-24T01:38:20.188234,0,0,541.518244,0.46040000000000003
2026-03-24T01:38:21.195322,0,0,541.518244,0.5287999999999999
2026-03-24T01:38:22.202209,0,0,541.518244,0.5591999999999999
2026-03-24T01:38:23.209206,0,0,541.518244,0.4756
2026-03-24T01:38:24.215153,0,0,541.518244,0.5439999999999999
2026-03-24T01:38:25.222187,0,0,540.636218,0.506
2026-03-24T01:38:26.228146,0,0,540.636218,0.4908
2026-03-24T01:38:27.235178,0,0,540.636218,0.5439999999999999
2026-03-24T01:38:28.241148,0,0,541.518244,0.506
2026-03-24T01:38:29.249144,0,0,541.518244,0.4908
2026-03-24T01:38:30.255123,0,0,541.518244,0.5287999999999999
2026-03-24T01:38:31.262153,0,0,542.40027,0.5287999999999999
2026-03-24T01:38:32.269104,0,0,541.518244,0.506
2026-03-24T01:38:33.275095,0,0,541.518244,0.5364
2026-03-24T01:38:34.282114,0,0,541.518244,0.5364
2026-03-24T01:38:35.288092,0,0,542.40027,0.5136
2026-03-24T01:38:36.295078,0,0,541.518244,0.5212
2026-03-24T01:38:37.302081,0,0,540.636218,0.5287999999999999
2026-03-24T01:38:38.309098,0,0,541.518244,0.4756
2026-03-24T01:38:39.316086,0,0,541.518244,0.5287999999999999
2026-03-24T01:38:40.322078,0,0,540.636218,0.5136
2026-03-24T01:38:41.329073,0,0,541.518244,0.4984
2026-03-24T01:38:42.335029,0,0,541.518244,0.5287999999999999
2026-03-24T01:38:43.342065,0,0,542.40027,0.5287999999999999
2026-03-24T01:38:44.348042,0,0,541.518244,0.4908
2026-03-24T01:38:45.356059,0,0,541.518244,0.5287999999999999
2026-03-24T01:38:46.362045,0,0,539.754192,0.5287999999999999
2026-03-24T01:38:47.368996,0,0,540.636218,0.4756
2026-03-24T01:38:48.375992,0,0,540.636218,0.5212
2026-03-24T01:38:49.382017,0,0,541.518244,0.506
2026-03-24T01:38:50.389010,0,0,541.518244,0.4908
2026-03-24T01:38:51.394995,0,0,541.518244,0.5136
2026-03-24T01:38:52.401985,0,0,541.518244,0.5212
2026-03-24T01:38:53.408937,0,0,541.518244,0.4908
2026-03-24T01:38:54.415958,0,0,541.518244,0.4756
2026-03-24T01:38:55.422952,0,0,541.518244,0.5364
2026-03-24T01:38:56.428960,0,0,541.518244,0.506
2026-03-24T01:38:57.435942,0,0,542.40027,0.4984
2026-03-24T01:38:58.441940,0,0,541.518244,0.5136
2026-03-24T01:38:59.448932,0,0,541.518244,0.4832
2026-03-24T01:39:00.454932,0,0,541.518244,0.506
2026-03-24T01:39:01.462948,0,0,541.518244,0.5364
2026-03-24T01:39:02.468927,0,0,541.518244,0.5212
2026-03-24T01:39:03.475921,0,0,540.636218,0.4832
2026-03-24T01:39:04.482929,0,0,541.518244,0.5591999999999999
2026-03-24T01:39:05.488853,0,0,541.518244,0.4908
2026-03-24T01:39:06.495883,0,0,541.518244,0.4984
2026-03-24T01:39:07.501844,0,0,540.636218,0.5668
2026-03-24T01:39:08.508853,0,0,541.518244,0.4984
2026-03-24T01:39:09.515851,0,0,541.518244,0.4832
2026-03-24T01:39:10.522815,0,0,541.518244,0.5212
2026-03-24T01:39:11.529826,0,0,541.518244,0.4984
2026-03-24T01:39:12.535836,0,0,540.636218,0.5212
2026-03-24T01:39:13.542826,0,0,541.518244,0.5287999999999999
2026-03-24T01:39:14.548819,0,0,540.636218,0.4908
2026-03-24T01:39:15.555818,0,0,540.636218,0.4908
2026-03-24T01:39:16.561795,0,0,541.518244,0.5364
2026-03-24T01:39:30.695437,0,0,541.518244,0.4756
2026-03-24T01:39:31.701736,0,0,540.636218,0.5212
2026-03-24T01:39:32.707758,0,0,541.518244,0.5136
2026-03-24T01:39:33.714708,0,0,540.636218,0
2026-03-24T01:39:34.720707,0,0,542.40027,0.4908
2026-03-24T01:39:35.728680,0,0,541.518244,0.468
2026-03-24T01:39:36.734699,0,0,540.636218,0.46040000000000003
2026-03-24T01:39:37.741674,0,0,542.40027,0.506
2026-03-24T01:39:38.748677,0,0,540.636218,0.506
2026-03-24T01:39:39.754677,0,0,538.872166,0.46040000000000003
2026-03-24T01:39:40.761668,0,0,541.518244,0.5364
2026-03-24T01:39:41.767754,0,0,541.518244,0.4832
2026-03-24T01:39:42.774652,0,0,541.518244,0.46040000000000003
2026-03-24T01:39:43.781617,0,0,540.636218,0.5364
2026-03-24T01:39:44.788638,0,0,539.754192,0.5364
2026-03-24T01:39:45.794618,0,0,542.40027,0.4756
2026-03-24T01:39:46.801623,0,0,542.40027,0.5439999999999999
2026-03-24T01:39:47.808574,0,0,541.518244,0.4984
2026-03-24T01:39:48.814556,0,0,541.518244,0.4832
2026-03-24T01:39:49.821550,0,0,541.518244,0.5364
2026-03-24T01:39:50.827620,0,0,541.518244,0.5212
2026-03-24T01:40:01.428005,0,0,543.282296,0.4756
2026-03-24T01:40:03.910468,0,0,541.518244,0.4984
2026-03-24T01:40:04.917460,0,0,541.518244,0.506
2026-03-24T01:40:05.923503,0,0,541.518244,0.5212
2026-03-24T01:40:06.930441,0,0,541.518244,0.4756
2026-03-24T01:40:07.936429,0,0,541.518244,0.5287999999999999
2026-03-24T01:40:08.944372,0,0,541.518244,0.5364
2026-03-24T01:40:09.950409,0,0,544.164322,0.468
2026-03-24T01:40:10.957390,0,0,541.518244,0.5136
2026-03-24T01:40:11.964398,0,0,541.518244,0.5591999999999999
2026-03-24T01:40:12.970387,0,0,540.636218,0.4908
2026-03-24T01:40:13.977397,0,0,541.518244,0.506
2026-03-24T01:40:14.983441,0,0,540.636218,0.4984
2026-03-24T01:40:15.990363,0,0,540.636218,0.4832
2026-03-24T01:40:16.997342,0,0,541.518244,0.506
2026-03-24T01:40:18.004381,0,0,540.636218,0.5212
2026-03-24T01:40:19.010362,0,0,541.518244,0.5136
2026-03-24T01:40:20.017356,0,0,541.518244,0.5136
2026-03-24T01:40:21.024341,0,0,541.518244,0.5364
2026-03-24T01:40:22.030348,0,0,541.518244,0.4832
2026-03-24T01:40:23.037306,0,0,541.518244,0.5136
2026-03-24T01:40:24.043409,0,0,541.518244,0.5364
2026-03-24T01:40:35.671863,0,0,540.636218,0.4756
2026-03-24T01:40:38.154227,0,0,541.518244,0.4984
2026-03-24T01:40:39.161236,0,0,542.40027,0.5591999999999999
2026-03-24T01:40:40.167276,0,0,541.518244,0.4832
2026-03-24T01:40:41.174206,0,0,541.518244,0.4756
2026-03-24T01:40:42.180204,0,0,541.518244,0.5439999999999999
2026-03-24T01:40:43.188201,0,0,541.518244,0.506
2026-03-24T01:40:44.194166,0,0,541.518244,0.4756
2026-03-24T01:40:45.201187,0,0,539.754192,0.5212
2026-03-24T01:40:46.208174,0,0,541.518244,0.506
2026-03-24T01:40:47.214182,0,0,541.518244,0.468
2026-03-24T01:40:48.221169,0,0,541.518244,0.5439999999999999
2026-03-24T01:40:49.227142,0,0,540.636218,0.4908
2026-03-24T01:40:50.234089,0,0,540.636218,0.4832
2026-03-24T01:40:51.241096,0,0,540.636218,0.5364
2026-03-24T01:40:52.248082,0,0,541.518244,0.5136
2026-03-24T01:40:53.254078,0,0,541.518244,0.468
2026-03-24T01:40:54.261073,0,0,540.636218,0.5364
2026-03-24T01:40:55.268110,0,0,541.518244,0.5364
2026-03-24T01:40:56.274041,0,0,541.518244,0
2026-03-24T01:40:57.281079,0,0,541.518244,0.5136
2026-03-24T01:40:58.287073,0,0,541.518244,0.5136
2026-03-24T01:41:09.278384,0,0,542.40027,0
2026-03-24T01:41:11.760934,0,0,541.518244,0.4756
2026-03-24T01:41:12.767890,0,0,541.518244,0.4832
2026-03-24T01:41:13.773916,0,0,541.518244,0.506
2026-03-24T01:41:14.780906,0,0,541.518244,0.4908
2026-03-24T01:41:15.786895,0,0,541.518244,0.5212
2026-03-24T01:41:16.794881,0,0,541.518244,0
2026-03-24T01:41:17.800881,0,0,540.636218,0.5136
2026-03-24T01:41:18.807861,0,0,540.636218,0.5287999999999999
2026-03-24T01:41:19.814867,0,0,541.518244,0.4908
2026-03-24T01:41:20.820853,0,0,541.518244,0.4908
2026-03-24T01:41:21.827852,0,0,541.518244,0.5591999999999999
2026-03-24T01:41:22.833851,0,0,541.518244,0.4756
2026-03-24T01:41:23.840837,0,0,541.518244,0.4832
2026-03-24T01:41:24.847798,0,0,541.518244,0.4984
2026-03-24T01:41:25.854791,0,0,541.518244,0.4832
2026-03-24T01:41:26.860807,0,0,542.40027,0.5439999999999999
2026-03-24T01:41:27.867854,0,0,535.344062,0.5364
2026-03-24T01:41:28.874799,0,0,541.518244,0.4756
2026-03-24T01:41:29.880780,0,0,541.518244,0.4908
2026-03-24T01:41:30.887813,0,0,541.518244,0.5136
2026-03-24T01:41:31.893756,0,0,541.518244,0.4984
2026-03-24T01:41:32.901782,0,0,540.636218,0.4984
2026-03-24T01:41:33.907785,0,0,541.518244,0.5287999999999999
2026-03-24T01:41:34.914755,0,0,540.636218,0.4756
2026-03-24T01:41:35.921748,0,0,541.518244,0.506
2026-03-24T01:41:36.927739,0,0,542.40027,0.5287999999999999
2026-03-24T01:41:37.934740,0,0,541.518244,0.468
2026-03-24T01:41:38.940739,0,0,540.636218,0.4908
2026-03-24T01:41:39.947740,0,0,541.518244,0.5287999999999999
2026-03-24T01:41:40.954721,0,0,541.518244,0.4984
2026-03-24T01:41:41.961712,0,0,543.282296,0.468
2026-03-24T01:41:42.967786,0,0,541.518244,0.582
2026-03-24T01:41:43.974751,0,0,541.518244,0.4984
2026-03-24T01:41:44.980736,0,0,541.518244,0.46040000000000003
2026-03-24T01:41:45.987760,0,0,540.636218,0.5668
2026-03-24T01:41:46.994722,0,0,540.636218,0.506
2026-03-24T01:41:47.999899,0,0,540.636218,0.5287999999999999
2026-03-24T01:41:49.008702,0,0,541.518244,0.5136
2026-03-24T01:41:50.014693,0,0,541.518244,0.5136
2026-03-24T01:41:51.021686,0,0,545.928374,0.5136
2026-03-24T01:41:52.028661,0,0,541.518244,0.5212
2026-03-24T01:41:53.034650,0,0,540.636218,0.506
2026-03-24T01:41:54.041634,0,0,541.518244,0.4908
2026-03-24T01:41:55.047719,0,0,541.518244,0.5439999999999999
2026-03-24T01:41:56.054621,0,0,541.518244,0.4984
2026-03-24T01:41:57.061620,0,0,541.518244,0.4908
2026-03-24T01:41:58.068597,0,0,540.636218,0.5212
2026-03-24T01:41:59.074600,0,0,542.40027,0.506
2026-03-24T01:42:00.081576,0,0,541.518244,0.5136
2026-03-24T01:42:01.088578,0,0,541.518244,0.5364
2026-03-24T01:42:02.094597,0,0,541.518244,0.5136
2026-03-24T01:42:03.101564,0,0,541.518244,0.468
2026-03-24T01:42:04.107679,0,0,541.518244,0.4984
2026-03-24T01:42:05.114533,0,0,541.518244,0.5287999999999999
2026-03-24T01:42:06.121579,0,0,541.518244,0.4832
2026-03-24T01:42:07.128540,0,0,543.282296,0.5668
2026-03-24T01:42:08.135615,0,0,542.40027,0.5364
2026-03-24T01:42:09.141553,0,0,541.518244,0.4908
2026-03-24T01:42:10.148514,0,0,541.518244,0.506
2026-03-24T01:42:11.154535,0,0,540.636218,0.5212
2026-03-24T01:42:12.160471,0,0,540.636218,0.468
2026-03-24T01:42:13.168513,0,0,540.636218,0.5364
2026-03-24T01:42:14.175602,0,0,541.518244,0.4908
2026-03-24T01:42:15.181491,0,0,539.754192,0.4908
2026-03-24T01:42:16.188484,0,0,541.518244,0.5364
2026-03-24T01:42:17.195516,0,0,540.636218,0.506
2026-03-24T01:42:18.201447,0,0,541.518244,0.5136
2026-03-24T01:42:19.208441,0,0,541.518244,0.506
2026-03-24T01:42:20.214471,0,0,543.282296,0.5516
2026-03-24T01:42:21.222437,0,0,539.754192,0.468
2026-03-24T01:42:22.227988,0,0,541.518244,0.5212
2026-03-24T01:42:23.235491,0,0,541.518244,0.506
2026-03-24T01:42:24.242397,0,0,541.518244,0.4756
2026-03-24T01:42:25.248398,0,0,540.636218,0.5439999999999999
2026-03-24T01:42:26.255538,0,0,541.518244,0.5439999999999999
2026-03-24T01:42:27.261375,0,0,541.518244,0.4984
2026-03-24T01:42:28.268373,0,0,541.518244,0.5136
2026-03-24T01:42:29.275534,0,0,541.518244,0.506
2026-03-24T01:42:30.282343,0,0,541.518244,0.4908
2026-03-24T01:42:31.288355,0,0,541.518244,0.5287999999999999
2026-03-24T01:42:32.295469,0,0,541.518244,0.5136
2026-03-24T01:42:33.302334,0,0,541.518244,0.4908
2026-03-24T01:42:34.308334,0,0,541.518244,0.5364
2026-03-24T01:42:35.315439,0,0,540.636218,0.506
2026-03-24T01:42:36.321283,0,0,541.518244,0.4984
2026-03-24T01:42:37.329319,0,0,540.636218,0.4984
2026-03-24T01:42:38.335370,0,0,541.518244,0.5136
2026-03-24T01:42:39.341253,0,0,541.518244,0.4908
2026-03-24T01:42:50.045691,0,0,541.518244,0.5136
2026-03-24T01:42:52.528159,0,0,541.518244,0.46040000000000003
2026-03-24T01:42:53.535106,0,0,542.40027,0.4908
2026-03-24T01:42:54.541146,0,0,541.518244,0.5591999999999999
2026-03-24T01:42:55.548137,0,0,540.636218,0.4756
2026-03-24T01:42:56.554122,0,0,545.046348,0.5287999999999999
2026-03-24T01:42:57.562108,0,0,542.40027,0.4984
2026-03-24T01:42:58.568098,0,0,541.518244,0.4908
2026-03-24T01:42:59.575083,0,0,541.518244,0.4908
2026-03-24T01:43:00.582097,0,0,540.636218,0.5136
2026-03-24T01:43:01.588066,0,0,541.518244,0.4756
2026-03-24T01:43:02.595056,0,0,541.518244,0.468
2026-03-24T01:43:03.601020,0,0,541.518244,0.5212
2026-03-24T01:43:04.608005,0,0,540.636218,0.4832
2026-03-24T01:43:05.614999,0,0,541.518244,0.4984
2026-03-24T01:43:06.621980,0,0,540.636218,0.4984
2026-03-24T01:43:07.627971,0,0,541.518244,0.4832
2026-03-24T01:43:08.635027,0,0,541.518244,0.4984
2026-03-24T01:43:09.641996,0,0,540.636218,0.5591999999999999
2026-03-24T01:43:10.647981,0,0,541.518244,0.4908
2026-03-24T01:43:11.654935,0,0,543.282296,0.5287999999999999
2026-03-24T01:43:12.660997,0,0,541.518244,0.5287999999999999
2026-03-24T01:43:13.668949,0,0,541.518244,0
2026-03-24T01:43:14.674955,0,0,541.518244,0.506
2026-03-24T01:43:15.681963,0,0,540.636218,0.5439999999999999
2026-03-24T01:43:16.688945,0,0,541.518244,0.46040000000000003
2026-03-24T01:43:17.694892,0,0,541.518244,0.5136
2026-03-24T01:43:18.701935,0,0,541.518244,0.5516
2026-03-24T01:43:19.707911,0,0,541.518244,0.468
2026-03-24T01:43:20.714868,0,0,541.518244,0.4984
2026-03-24T01:43:21.721907,0,0,541.518244,0.5591999999999999
2026-03-24T01:43:22.728875,0,0,540.636218,0.506
2026-03-24T01:43:23.734823,0,0,541.518244,0.5287999999999999
2026-03-24T01:43:24.741846,0,0,541.518244,0.5516
2026-03-24T01:43:25.748835,0,0,541.518244,0.4984
2026-03-24T01:43:26.754809,0,0,539.754192,0.5136
2026-03-24T01:43:27.761800,0,0,540.636218,0.5439999999999999
2026-03-24T01:43:28.767801,0,0,541.518244,0.5136
2026-03-24T01:43:29.775834,0,0,541.518244,0.506
2026-03-24T01:43:30.781791,0,0,541.518244,0.5364
2026-03-24T01:43:31.788753,0,0,543.282296,0.506
2026-03-24T01:43:32.795769,0,0,541.518244,0.506
2026-03-24T01:43:33.801753,0,0,542.40027,0.5439999999999999
2026-03-24T01:43:34.808754,0,0,540.636218,0.4756
2026-03-24T01:43:35.814913,0,0,540.636218,0.4832
2026-03-24T01:43:36.821781,0,0,540.636218,0.5364
2026-03-24T01:43:37.828759,0,0,540.636218,0.4908
2026-03-24T01:43:38.835788,0,0,541.518244,0.4756
2026-03-24T01:43:39.841750,0,0,541.518244,0.5439999999999999
2026-03-24T01:43:40.848684,0,0,542.40027,0.4984
2026-03-24T01:43:41.855755,0,0,541.518244,0.468
2026-03-24T01:43:42.861694,0,0,541.518244,0.5591999999999999
2026-03-24T01:43:43.868667,0,0,541.518244,0.4984
2026-03-24T01:43:44.874665,0,0,539.754192,0.4756
2026-03-24T01:43:45.882669,0,0,541.518244,0.5591999999999999
2026-03-24T01:43:46.888636,0,0,540.636218,0.5212
2026-03-24T01:43:57.700177,0,0,541.518244,0.4832
2026-03-24T01:44:00.182537,0,0,541.518244,0.5287999999999999
2026-03-24T01:44:01.189565,0,0,541.518244,0.468
2026-03-24T01:44:02.195639,0,0,541.518244,0.5364
2026-03-24T01:44:03.202537,0,0,541.518244,0.5136
2026-03-24T01:44:04.208535,0,0,540.636218,0.468
2026-03-24T01:44:05.216505,0,0,541.518244,0.5212
2026-03-24T01:44:06.222533,0,0,541.518244,0.5287999999999999
2026-03-24T01:44:07.229509,0,0,541.518244,0.46040000000000003
2026-03-24T01:44:08.236491,0,0,541.518244,0.4908
2026-03-24T01:44:09.242495,0,0,540.636218,0.5136
2026-03-24T01:44:10.249472,0,0,541.518244,0.4756
2026-03-24T01:44:11.255526,0,0,541.518244,0.5136
2026-03-24T01:44:12.262475,0,0,541.518244,0.5287999999999999
2026-03-24T01:44:13.269451,0,0,540.636218,0.4984
2026-03-24T01:44:14.276448,0,0,541.518244,0.4984
2026-03-24T01:44:15.282447,0,0,541.518244,0.5136
2026-03-24T01:44:16.289434,0,0,540.636218,0.46040000000000003
2026-03-24T01:44:17.296391,0,0,542.40027,0.4756
2026-03-24T01:44:18.302397,0,0,541.518244,0.5591999999999999
2026-03-24T01:44:19.309380,0,0,541.518244,0.4984
2026-03-24T01:44:20.315431,0,0,542.40027,0.5212
2026-03-24T01:44:31.620960,0,0,541.518244,0.4908
2026-03-24T01:44:34.103393,0,0,541.518244,0.5287999999999999
2026-03-24T01:44:35.110282,0,0,541.518244,0.5212
2026-03-24T01:44:36.116258,0,0,541.518244,0.4832
2026-03-24T01:44:37.123332,0,0,538.872166,0.5212
2026-03-24T01:44:38.129277,0,0,540.636218,0.5287999999999999
2026-03-24T01:44:39.137273,0,0,541.518244,0.46040000000000003
2026-03-24T01:44:40.143304,0,0,541.518244,0.5287999999999999
2026-03-24T01:44:41.150203,0,0,540.636218,0.4908
2026-03-24T01:44:42.157238,0,0,541.518244,0.4832
2026-03-24T01:44:43.163334,0,0,542.40027,0.5364
2026-03-24T01:44:44.170225,0,0,541.518244,0.5364
2026-03-24T01:44:45.176181,0,0,541.518244,0.4756
2026-03-24T01:44:46.183164,0,0,540.636218,0.5136
2026-03-24T01:44:47.190150,0,0,541.518244,0.5439999999999999
2026-03-24T01:44:48.197166,0,0,541.518244,0.4756
2026-03-24T01:44:49.203146,0,0,541.518244,0.5287999999999999
2026-03-24T01:44:50.210124,0,0,541.518244,0.5516
2026-03-24T01:44:51.217124,0,0,540.636218,0.4984
2026-03-24T01:44:52.223152,0,0,543.282296,0.506
2026-03-24T01:44:53.230121,0,0,542.40027,0.5364
2026-03-24T01:44:54.236063,0,0,541.518244,0.4756
2026-03-24T01:44:55.243084,0,0,541.518244,0.4832
2026-03-24T01:44:56.250090,0,0,541.518244,0.5212
2026-03-24T01:44:57.257084,0,0,542.40027,0.506
2026-03-24T01:44:58.264066,0,0,541.518244,0.5212
2026-03-24T01:44:59.270065,0,0,541.518244,0.5136
2026-03-24T01:45:00.276119,0,0,541.518244,0.506
2026-03-24T01:45:01.282982,0,0,541.518244,0.506
2026-03-24T01:45:02.289994,0,0,540.636218,0.5212
2026-03-24T01:45:03.297010,0,0,540.636218,0.46040000000000003
2026-03-24T01:45:04.303995,0,0,541.518244,0.5364
2026-03-24T01:45:05.309983,0,0,541.518244,0.5364
2026-03-24T01:45:06.316978,0,0,541.518244,0.4984
2026-03-24T01:45:07.323964,0,0,540.636218,0.5136
2026-03-24T01:45:08.329925,0,0,540.636218,0.5212
2026-03-24T01:45:09.336954,0,0,541.518244,0.5136
2026-03-24T01:45:10.342937,0,0,542.40027,0.5212
2026-03-24T01:45:11.350928,0,0,541.518244,0.5668
2026-03-24T01:45:12.356886,0,0,540.636218,0.506
2026-03-24T01:45:13.363916,0,0,541.518244,0.5136
2026-03-24T01:45:14.370902,0,0,541.518244,0.5364
2026-03-24T01:45:15.376889,0,0,541.518244,0.506
2026-03-24T01:45:16.383861,0,0,539.754192,0.506
2026-03-24T01:45:17.389882,0,0,541.518244,0.5591999999999999
2026-03-24T01:45:18.396823,0,0,542.40027,0.5364
2026-03-24T01:45:19.402815,0,0,541.518244,0.4756
2026-03-24T01:45:20.410813,0,0,541.518244,0.5136
2026-03-24T01:45:21.416782,0,0,540.636218,0.5136
2026-03-24T01:45:22.423798,0,0,540.636218,0.5212
2026-03-24T01:45:23.430783,0,0,541.518244,0.4756
2026-03-24T01:45:24.436751,0,0,541.518244,0.4908
2026-03-24T01:45:25.443775,0,0,541.518244,0.5212
2026-03-24T01:45:26.449749,0,0,599.7319600000001,0.5364
2026-03-24T01:45:27.456731,0,0,541.518244,0.5212
2026-03-24T01:45:28.463733,0,0,541.518244,0.506
2026-03-24T01:45:29.470721,0,0,541.518244,0.5364
2026-03-24T01:45:30.477721,0,0,541.518244,0.506
2026-03-24T01:45:31.483740,0,0,540.636218,0.4832
2026-03-24T01:45:32.490700,0,0,541.518244,0.5668
2026-03-24T01:45:33.496686,0,0,540.636218,0.5212
2026-03-24T01:45:34.503741,0,0,541.518244,0.4908
2026-03-24T01:45:35.509679,0,0,541.518244,0.5287999999999999
2026-03-24T01:45:36.517673,0,0,541.518244,0.5743999999999999
2026-03-24T01:45:37.523715,0,0,541.518244,0.4984
2026-03-24T01:45:38.530690,0,0,541.518244,0.5287999999999999
2026-03-24T01:45:39.537667,0,0,542.40027,0.5212
2026-03-24T01:45:40.543714,0,0,541.518244,0.4984
2026-03-24T01:45:41.550622,0,0,540.636218,0.5136
2026-03-24T01:45:42.556646,0,0,543.282296,0.5439999999999999
2026-03-24T01:45:43.563693,0,0,541.518244,0.4832
2026-03-24T01:45:44.570606,0,0,539.754192,0.5516
2026-03-24T01:45:45.577583,0,0,541.518244,0.5516
2026-03-24T01:45:46.583622,0,0,541.518244,0.5212
2026-03-24T01:45:47.590599,0,0,540.636218,0.5364
2026-03-24T01:45:48.597584,0,0,541.518244,0.4984
2026-03-24T01:45:49.603638,0,0,541.518244,0.4908
2026-03-24T01:45:50.610537,0,0,540.636218,0.5287999999999999
2026-03-24T01:45:51.616554,0,0,541.518244,0.5439999999999999
2026-03-24T01:45:52.624556,0,0,541.518244,0.4756
2026-03-24T01:45:53.630540,0,0,541.518244,0.5668
2026-03-24T01:45:54.637529,0,0,542.40027,0.5591999999999999
2026-03-24T01:45:55.644515,0,0,540.636218,0.4984
2026-03-24T01:45:56.650509,0,0,541.518244,0.5136
2026-03-24T01:45:57.657465,0,0,541.518244,0.5136
2026-03-24T01:45:58.663581,0,0,541.518244,0.4832
2026-03-24T01:45:59.670464,0,0,541.518244,0.5364
2026-03-24T01:46:00.677429,0,0,541.518244,0.5516
2026-03-24T01:46:01.684465,0,0,541.518244,0.5136
2026-03-24T01:46:02.691531,0,0,541.518244,0.5287999999999999
2026-03-24T01:46:03.697417,0,0,541.518244,0.5516
2026-03-24T01:46:04.704444,0,0,541.518244,0.4908
2026-03-24T01:46:05.710413,0,0,541.518244,0.5668
2026-03-24T01:46:06.717391,0,0,541.518244,0.4984
2026-03-24T01:46:07.723479,0,0,541.518244,0.468
2026-03-24T01:46:08.731475,0,0,541.518244,0.5287999999999999
2026-03-24T01:46:09.737345,0,0,541.518244,0.506
2026-03-24T01:46:10.744344,0,0,541.518244,0.506
2026-03-24T01:46:11.751452,0,0,540.636218,0.4908
2026-03-24T01:46:12.757333,0,0,541.518244,0.5136
2026-03-24T01:46:13.764323,0,0,542.40027,0.4756
2026-03-24T01:46:14.770312,0,0,541.518244,0.5136
2026-03-24T01:46:15.777288,0,0,541.518244,0.5212
2026-03-24T01:46:16.784291,0,0,541.518244,0.4984
2026-03-24T01:46:17.791363,0,0,540.636218,0.506
2026-03-24T01:46:18.798282,0,0,543.282296,0.5439999999999999
2026-03-24T01:46:19.804268,0,0,541.518244,0.506
2026-03-24T01:46:20.811321,0,0,540.636218,0.506
2026-03-24T01:46:21.817245,0,0,541.518244,0.5212
2026-03-24T01:46:22.824229,0,0,541.518244,0.5136
2026-03-24T01:46:23.830223,0,0,541.518244,0.5136
2026-03-24T01:46:24.838235,0,0,541.518244,0.5212
2026-03-24T01:46:25.844213,0,0,541.518244,0.4984
2026-03-24T01:46:26.851285,0,0,540.636218,0.5439999999999999
2026-03-24T01:46:27.858214,0,0,540.636218,0.5591999999999999
2026-03-24T01:46:28.864202,0,0,541.518244,0.5212
2026-03-24T01:46:29.871154,0,0,541.518244,0.4984
2026-03-24T01:46:30.877215,0,0,541.518244,0.4984
2026-03-24T01:46:31.884180,0,0,541.518244,0.506
2026-03-24T01:46:32.891184,0,0,539.754192,0.5136
2026-03-24T01:46:33.898131,0,0,541.518244,0.5439999999999999
2026-03-24T01:46:34.905170,0,0,540.636218,0.4908
2026-03-24T01:46:35.911141,0,0,541.518244,0.5439999999999999
2026-03-24T01:46:36.918150,0,0,540.636218,0.506
2026-03-24T01:46:37.924117,0,0,539.754192,0.5136
2026-03-24T01:46:38.931137,0,0,541.518244,0.5287999999999999
2026-03-24T01:46:39.937092,0,0,541.518244,0.5591999999999999
2026-03-24T01:46:40.945091,0,0,540.636218,0.4984
2026-03-24T01:46:41.951099,0,0,542.40027,0.4984
2026-03-24T01:46:42.958095,0,0,541.518244,0.5591999999999999
2026-03-24T01:46:43.965068,0,0,541.518244,0.4908
2026-03-24T01:46:44.971031,0,0,541.518244,0.506
2026-03-24T01:46:45.978046,0,0,541.518244,0.5287999999999999
2026-03-24T01:46:46.984044,0,0,541.518244,0.5212
2026-03-24T01:46:47.991048,0,0,541.518244,0.4984
2026-03-24T01:46:48.997023,0,0,541.518244,0.506
2026-03-24T01:46:50.004994,0,0,541.518244,0.5668
2026-03-24T01:46:51.012014,0,0,540.636218,0.5136
2026-03-24T01:46:52.017973,0,0,540.636218,0.5439999999999999
2026-03-24T01:46:53.024936,0,0,541.518244,0.4984
2026-03-24T01:46:54.030953,0,0,544.164322,0.4832
2026-03-24T01:46:55.037924,0,0,541.518244,0.5439999999999999
2026-03-24T01:46:56.043924,0,0,542.40027,0.5136
2026-03-24T01:46:57.050961,0,0,541.518244,0.4832
2026-03-24T01:46:58.057961,0,0,539.754192,0.5591999999999999
2026-03-24T01:46:59.064989,0,0,541.518244,0.5364
2026-03-24T01:47:00.071964,0,0,541.518244,0.4908
2026-03-24T01:47:01.077935,0,0,542.40027,0.5668
2026-03-24T01:47:02.084894,0,0,541.518244,0.5136
2026-03-24T01:47:03.090896,0,0,541.518244,0.4908
2026-03-24T01:47:04.097890,0,0,541.518244,0.5439999999999999
2026-03-24T01:47:05.103860,0,0,541.518244,0.5287999999999999
2026-03-24T01:47:06.111891,0,0,541.518244,0.4908
2026-03-24T01:47:07.118878,0,0,540.636218,0.5439999999999999
2026-03-24T01:47:08.124899,0,0,541.518244,0.5287999999999999
2026-03-24T01:47:09.131876,0,0,541.518244,0.506
2026-03-24T01:47:10.137864,0,0,541.518244,0.5364
2026-03-24T01:47:11.144795,0,0,541.518244,0.5896
2026-03-24T01:47:12.150822,0,0,541.518244,0.46040000000000003
2026-03-24T01:47:13.157838,0,0,540.636218,0.5212
2026-03-24T01:47:14.164810,0,0,541.518244,0.5364
2026-03-24T01:47:15.171835,0,0,541.518244,0.4756
2026-03-24T01:47:16.178825,0,0,541.518244,0.5516
2026-03-24T01:47:17.184822,0,0,540.636218,0.5439999999999999
2026-03-24T01:47:18.191790,0,0,541.518244,0.4984
2026-03-24T01:47:19.197694,0,0,541.518244,0.5439999999999999
2026-03-24T01:47:20.204623,0,0,541.518244,0.5439999999999999
2026-03-24T01:47:21.210545,0,0,541.518244,0.4832
2026-03-24T01:47:22.218453,0,0,541.518244,0.5364
2026-03-24T01:47:23.225367,0,0,541.518244,0.5212
2026-03-24T01:47:24.231428,0,0,541.518244,0.46040000000000003
2026-03-24T01:47:25.238219,0,0,540.636218,0.5439999999999999
2026-03-24T01:47:26.244093,0,0,541.518244,0.5364
2026-03-24T01:47:27.251016,0,0,540.636218,0.4832
2026-03-24T01:47:28.255939,0,0,541.518244,0.5516
2026-03-24T01:47:29.263873,0,0,541.518244,0.5364
2026-03-24T01:47:30.270817,0,0,541.518244,0.4832
2026-03-24T01:47:31.277712,0,0,540.636218,0.4984
2026-03-24T01:47:32.284677,0,0,541.518244,0.5439999999999999
2026-03-24T01:47:33.290560,0,0,540.636218,0.4832
2026-03-24T01:47:34.297490,0,0,541.518244,0.5364
2026-03-24T01:47:35.303524,0,0,541.518244,0.5516
2026-03-24T01:47:36.310350,0,0,540.636218,0.4908
2026-03-24T01:47:37.316263,0,0,541.518244,0.5212
2026-03-24T01:47:38.324210,0,0,541.518244,0.5287999999999999
2026-03-24T01:47:39.331072,0,0,541.518244,0.5136
2026-03-24T01:47:40.337042,0,0,541.518244,0.5212
2026-03-24T01:47:41.343966,0,0,540.636218,0.5287999999999999
2026-03-24T01:47:42.349874,0,0,541.518244,0.4984
2026-03-24T01:47:43.356787,0,0,541.518244,0.5136
2026-03-24T01:47:44.362728,0,0,541.518244,0.5364
2026-03-24T01:47:45.368615,0,0,541.518244,0.5287999999999999
2026-03-24T01:47:46.376605,0,0,541.518244,0.4984
2026-03-24T01:47:47.383602,0,0,541.518244,0.5287999999999999
2026-03-24T01:47:48.390475,0,0,541.518244,0.4832
2026-03-24T01:47:49.396328,0,0,541.518244,0.4984
2026-03-24T01:47:50.403349,0,0,540.636218,0.5439999999999999
2026-03-24T01:47:51.409135,0,0,540.636218,0.4832
2026-03-24T01:47:52.416131,0,0,540.636218,0.5287999999999999
2026-03-24T01:47:53.422013,0,0,540.636218,0.5364
2026-03-24T01:47:54.429943,0,0,541.518244,0.5287999999999999
2026-03-24T01:47:55.436869,0,0,541.518244,0.4832
2026-03-24T01:47:56.442768,0,0,539.754192,0.5439999999999999
2026-03-24T01:47:57.449671,0,0,540.636218,0.5136
2026-03-24T01:47:58.455671,0,0,541.518244,0.4908
2026-03-24T01:47:59.462562,0,0,541.518244,0.582
2026-03-24T01:48:00.468504,0,0,541.518244,0.4984
2026-03-24T01:48:01.475454,0,0,540.636218,0.468
2026-03-24T01:48:02.482297,0,0,541.518244,0.5287999999999999
2026-03-24T01:48:03.489239,0,0,541.518244,0.506
2026-03-24T01:48:04.496164,0,0,540.636218,0.506
2026-03-24T01:48:05.502051,0,0,541.518244,0.5516
2026-03-24T01:48:06.508990,0,0,539.754192,0.4984
2026-03-24T01:48:07.514934,0,0,540.636218,0.4832
2026-03-24T01:48:08.521858,0,0,541.518244,0.5896
2026-03-24T01:48:09.527760,0,0,541.518244,0.4908
2026-03-24T01:48:10.535760,0,0,541.518244,0.4984
2026-03-24T01:48:11.542614,0,0,541.518244,0.506
2026-03-24T01:48:12.548556,0,0,539.754192,0.5364
2026-03-24T01:48:13.555541,0,0,541.518244,0.4908
2026-03-24T01:48:14.561375,0,0,541.518244,0.5516
2026-03-24T01:48:15.568325,0,0,541.518244,0.5212
2026-03-24T01:48:16.574242,0,0,538.872166,0.4908
2026-03-24T01:48:17.581164,0,0,542.40027,0.506
2026-03-24T01:48:18.587108,0,0,541.518244,0.5287999999999999
2026-03-24T01:48:19.594997,0,0,541.518244,0.4832
2026-03-24T01:48:20.601946,0,0,539.754192,0.5591999999999999
2026-03-24T01:48:21.607870,0,0,541.518244,0.5364
2026-03-24T01:48:22.614813,0,0,541.518244,0.5212
2026-03-24T01:48:23.620715,0,0,541.518244,0.5668
2026-03-24T01:48:24.627720,0,0,541.518244,0.5364
2026-03-24T01:48:25.633575,0,0,541.518244,0.4756
2026-03-24T01:48:26.640492,0,0,540.636218,0.5364
2026-03-24T01:48:27.648420,0,0,541.518244,0.5439999999999999
2026-03-24T01:48:28.654367,0,0,541.518244,0.4984
2026-03-24T01:48:29.661275,0,0,541.518244,0.5516
2026-03-24T01:48:30.667305,0,0,541.518244,0.5364
2026-03-24T01:48:31.674124,0,0,542.40027,0.5136
2026-03-24T01:48:32.680055,0,0,541.518244,0.5212
2026-03-24T01:48:33.686994,0,0,541.518244,0.5439999999999999
2026-03-24T01:48:34.692900,0,0,542.40027,0
2026-03-24T01:48:35.700835,0,0,541.518244,0.5439999999999999
2026-03-24T01:48:36.706763,0,0,542.40027,0.5287999999999999
2026-03-24T01:48:37.713693,0,0,540.636218,0.4832
2026-03-24T01:48:38.720604,0,0,541.518244,0.5668
2026-03-24T01:48:39.726564,0,0,541.518244,0.5516
2026-03-24T01:48:40.733469,0,0,540.636218,0.506
2026-03-24T01:48:41.739484,0,0,540.636218,0.5439999999999999
2026-03-24T01:48:42.746322,0,0,542.40027,0.506
2026-03-24T01:48:43.754258,0,0,541.518244,0.5287999999999999
2026-03-24T01:48:44.760195,0,0,541.518244,0.5364
2026-03-24T01:48:45.767125,0,0,542.40027,0.5439999999999999
2026-03-24T01:48:46.773042,0,0,540.636218,0.5287999999999999
2026-03-24T01:48:47.779971,0,0,541.518244,0.5439999999999999
2026-03-24T01:48:48.785903,0,0,540.636218,0.5364
2026-03-24T01:48:49.792834,0,0,540.636218,0.506
2026-03-24T01:48:50.798745,0,0,541.518244,0.5287999999999999
2026-03-24T01:49:02.019715,0,0,541.518244,0.5136
2026-03-24T01:49:04.501852,0,0,541.518244,0.5439999999999999
2026-03-24T01:49:05.508761,0,0,541.518244,0.5439999999999999
2026-03-24T01:49:06.514706,0,0,540.636218,0.4908
2026-03-24T01:49:07.521623,0,0,541.518244,0.5212
2026-03-24T01:49:08.527643,0,0,541.518244,0.4984
2026-03-24T01:49:09.535588,0,0,541.518244,0.4908
2026-03-24T01:49:10.541440,0,0,541.518244,0.5591999999999999
2026-03-24T01:49:11.548373,0,0,540.636218,0.5364
2026-03-24T01:49:12.555425,0,0,541.518244,0.4984
2026-03-24T01:49:13.561233,0,0,541.518244,0.5439999999999999
2026-03-24T01:49:14.568132,0,0,541.518244,0.5516
2026-03-24T01:49:15.574087,0,0,541.518244,0.4908
2026-03-24T01:49:16.581011,0,0,541.518244,0.5212
2026-03-24T01:49:17.587953,0,0,541.518244,0.5287999999999999
2026-03-24T01:49:18.594870,0,0,541.518244,0.4908
2026-03-24T01:49:19.600808,0,0,541.518244,0.5743999999999999
2026-03-24T01:49:20.607811,0,0,541.518244,0.5364
2026-03-24T01:49:21.614682,0,0,540.636218,0.46040000000000003
2026-03-24T01:49:22.620600,0,0,541.518244,0.5212
2026-03-24T01:49:23.627606,0,0,541.518244,0.5516
2026-03-24T01:49:24.632445,0,0,541.518244,0.4756
2026-03-24T01:49:25.641405,0,0,541.518244,0.5212
2026-03-24T01:49:26.647494,0,0,542.40027,0.5364
2026-03-24T01:49:27.654257,0,0,541.518244,0
2026-03-24T01:49:28.661210,0,0,541.518244,0.5287999999999999
2026-03-24T01:49:29.667124,0,0,541.518244,0.5668
2026-03-24T01:49:30.674058,0,0,541.518244,0.468
2026-03-24T01:49:31.679992,0,0,542.40027,0.5439999999999999
2026-03-24T01:49:32.686918,0,0,540.636218,0.5136
2026-03-24T01:49:33.693864,0,0,541.518244,0.4908
2026-03-24T01:49:34.700789,0,0,541.518244,0.5516
2026-03-24T01:49:35.706729,0,0,541.518244,0.5287999999999999
2026-03-24T01:49:36.713667,0,0,539.754192,0.4756
2026-03-24T01:49:37.720621,0,0,541.518244,0.5136
2026-03-24T01:49:38.726528,0,0,541.518244,0.5136
2026-03-24T01:49:39.733498,0,0,541.518244,0.4984
2026-03-24T01:49:40.739456,0,0,541.518244,0.5212
2026-03-24T01:49:41.747453,0,0,540.636218,0.5364
2026-03-24T01:49:42.753260,0,0,541.518244,0.4756
2026-03-24T01:49:43.760190,0,0,541.518244,0.506
2026-03-24T01:49:44.767121,0,0,541.518244,0.4908
2026-03-24T01:49:45.773059,0,0,541.518244,0.468
2026-03-24T01:49:46.779997,0,0,540.636218,0.5136
2026-03-24T01:49:47.785929,0,0,540.636218,0.5439999999999999
2026-03-24T01:49:48.792857,0,0,541.518244,0.46040000000000003
2026-03-24T01:49:49.799850,0,0,541.518244,0.5287999999999999
2026-03-24T01:49:50.806717,0,0,540.636218,0.582
2026-03-24T01:49:51.812666,0,0,540.636218,0.4908
2026-03-24T01:49:52.819673,0,0,541.518244,0.5287999999999999
2026-03-24T01:49:53.826539,0,0,541.518244,0.5287999999999999
2026-03-24T01:49:54.831543,0,0,541.518244,0.4832
2026-03-24T01:49:55.839472,0,0,541.518244,0.5287999999999999
2026-03-24T01:49:56.845330,0,0,541.518244,0.582
2026-03-24T01:49:57.853277,0,0,541.518244,0.4832
2026-03-24T01:49:58.859203,0,0,541.518244,0.5287999999999999
2026-03-24T01:49:59.866148,0,0,540.636218,0.5668
2026-03-24T01:50:00.873114,0,0,540.636218,0.4756
2026-03-24T01:50:01.879060,0,0,541.518244,0.4832
2026-03-24T01:50:02.885962,0,0,541.518244,0.506
2026-03-24T01:50:03.891929,0,0,541.518244,0.5212
2026-03-24T01:50:04.898807,0,0,541.518244,0.5439999999999999
2026-03-24T01:50:05.905749,0,0,541.518244,0.5212
2026-03-24T01:50:06.912667,0,0,540.636218,0.4984
2026-03-24T01:50:07.918665,0,0,541.518244,0.506
2026-03-24T01:50:08.925603,0,0,541.518244,0.5743999999999999
2026-03-24T01:50:09.932513,0,0,541.518244,0.5287999999999999
2026-03-24T01:50:10.938426,0,0,540.636218,0.5439999999999999
2026-03-24T01:50:11.945363,0,0,541.518244,0.5439999999999999
2026-03-24T01:50:12.951402,0,0,541.518244,0.5364
2026-03-24T01:50:13.959320,0,0,541.518244,0.4908
2026-03-24T01:50:14.965186,0,0,541.518244,0.5136
2026-03-24T01:50:15.972098,0,0,541.518244,0.5439999999999999
2026-03-24T01:50:16.979033,0,0,541.518244,0.4908
2026-03-24T01:50:17.984973,0,0,542.40027,0.506
2026-03-24T01:50:18.991908,0,0,541.518244,0.5136
2026-03-24T01:50:19.997836,0,0,541.518244,0.5364
2026-03-24T01:50:21.004791,0,0,540.636218,0.5287999999999999
2026-03-24T01:50:22.011773,0,0,542.40027,0.5287999999999999
2026-03-24T01:50:23.018655,0,0,542.40027,0.4984
2026-03-24T01:50:24.024569,0,0,541.518244,0.5591999999999999
2026-03-24T01:50:25.031593,0,0,541.518244,0.5212
2026-03-24T01:50:26.038438,0,0,541.518244,0.5287999999999999
2026-03-24T01:50:27.044371,0,0,541.518244,0.5136
2026-03-24T01:50:28.051454,0,0,541.518244,0.5591999999999999
2026-03-24T01:50:29.057240,0,0,541.518244,0.5516
2026-03-24T01:50:30.065231,0,0,541.518244,0.5591999999999999
2026-03-24T01:50:31.071167,0,0,541.518244,0.4756
2026-03-24T01:50:32.078049,0,0,541.518244,0.4908
2026-03-24T01:50:43.543943,0,0,541.518244,0.5364
2026-03-24T01:50:46.026229,0,0,540.636218,0.506
2026-03-24T01:50:47.033165,0,0,541.518244,0.4832
2026-03-24T01:50:48.039107,0,0,540.636218,0.5287999999999999
2026-03-24T01:50:49.046028,0,0,540.636218,0.5212
2026-03-24T01:50:50.051996,0,0,540.636218,0.4984
2026-03-24T01:50:51.059936,0,0,541.518244,0.5516
2026-03-24T01:50:52.065852,0,0,541.518244,0.506
2026-03-24T01:50:53.072820,0,0,540.636218,0.5287999999999999
2026-03-24T01:50:54.079814,0,0,542.40027,0.5136
2026-03-24T01:50:55.085693,0,0,542.40027,0.5287999999999999
2026-03-24T01:50:56.092613,0,0,541.518244,0.5136
2026-03-24T01:50:57.098567,0,0,541.518244,0.5668
2026-03-24T01:50:58.105503,0,0,541.518244,0.5439999999999999
2026-03-24T01:50:59.112434,0,0,541.518244,0.5287999999999999
2026-03-24T01:51:00.119514,0,0,541.518244,0.5287999999999999
2026-03-24T01:51:01.125304,0,0,541.518244,0.4908
2026-03-24T01:51:02.132276,0,0,541.518244,0.4908
2026-03-24T01:51:03.139300,0,0,541.518244,0.5591999999999999
2026-03-24T01:51:04.145173,0,0,541.518244,0.5136
2026-03-24T01:51:05.152059,0,0,541.518244,0.4908
2026-03-24T01:51:06.158029,0,0,541.518244,0.5591999999999999
2026-03-24T01:51:07.165930,0,0,541.518244,0.5287999999999999
2026-03-24T01:51:08.171907,0,0,541.518244,0.5136
2026-03-24T01:51:09.178830,0,0,540.636218,0.5364
2026-03-24T01:51:10.185776,0,0,541.518244,0.5287999999999999
2026-03-24T01:51:11.191760,0,0,541.518244,0.4984
2026-03-24T01:51:12.198633,0,0,541.518244,0.5136
2026-03-24T01:51:13.204581,0,0,541.518244,0.4908
2026-03-24T01:51:14.211644,0,0,541.518244,0.4984
2026-03-24T01:51:15.218467,0,0,542.40027,0.5364
2026-03-24T01:51:16.225425,0,0,541.518244,0.5136
2026-03-24T01:51:17.231488,0,0,541.518244,0.5212
2026-03-24T01:51:18.238300,0,0,543.282296,0.5364
2026-03-24T01:51:19.245246,0,0,542.40027,0.4984
2026-03-24T01:51:20.251205,0,0,541.518244,0.4756
2026-03-24T01:51:21.258139,0,0,541.518244,0.5439999999999999
2026-03-24T01:51:22.264038,0,0,542.40027,0.4984
2026-03-24T01:51:23.271984,0,0,541.518244,0.4984
2026-03-24T01:51:24.277961,0,0,542.40027,0.5516
2026-03-24T01:51:25.284891,0,0,541.518244,0.5364
2026-03-24T01:51:26.291842,0,0,541.518244,0
2026-03-24T01:51:27.297747,0,0,541.518244,0.5364
2026-03-24T01:51:28.304741,0,0,540.636218,0.506
2026-03-24T01:51:29.310638,0,0,540.636218,0.46040000000000003
2026-03-24T01:51:30.317617,0,0,541.518244,0.5364
2026-03-24T01:51:31.323684,0,0,541.518244,0.4984
2026-03-24T01:51:32.331632,0,0,541.518244,0.468
2026-03-24T01:51:33.337438,0,0,542.40027,0.5439999999999999
2026-03-24T01:51:34.344352,0,0,541.518244,0.506
2026-03-24T01:51:35.351464,0,0,541.518244,0
2026-03-24T01:51:36.357280,0,0,543.282296,0.5516
2026-03-24T01:51:37.364177,0,0,541.518244,0.5136
2026-03-24T01:51:38.370155,0,0,541.518244,0.506
2026-03-24T01:51:39.377092,0,0,541.518244,0.5212
2026-03-24T01:51:40.384057,0,0,541.518244,0.5516
2026-03-24T01:51:41.390994,0,0,541.518244,0.4832
2026-03-24T01:51:42.397964,0,0,542.40027,0.5287999999999999
2026-03-24T01:51:43.403870,0,0,541.518244,0.5896
2026-03-24T01:51:44.410835,0,0,541.518244,0.4832
2026-03-24T01:51:45.416766,0,0,545.046348,0.5439999999999999
2026-03-24T01:51:46.423725,0,0,541.518244,0.582
2026-03-24T01:51:47.429648,0,0,540.636218,0.4756
2026-03-24T01:51:48.437605,0,0,541.518244,0.5516
2026-03-24T01:51:49.443632,0,0,540.636218,0.5212
2026-03-24T01:51:50.450496,0,0,542.40027,0.4984
2026-03-24T01:51:51.457451,0,0,541.518244,0.5212
2026-03-24T01:51:52.463462,0,0,541.518244,0.5364
2026-03-24T01:51:53.470315,0,0,542.40027,0.4908
2026-03-24T01:51:54.476276,0,0,541.518244,0.5364
2026-03-24T01:51:55.483306,0,0,540.636218,0.5439999999999999
2026-03-24T01:51:56.490161,0,0,542.40027,0.4756
2026-03-24T01:51:57.497088,0,0,541.518244,0.5212
2026-03-24T01:51:58.504052,0,0,541.518244,0.5591999999999999
2026-03-24T01:51:59.509979,0,0,541.518244,0.468
2026-03-24T01:52:00.516947,0,0,541.518244,0.5439999999999999
2026-03-24T01:52:01.522891,0,0,541.518244,0.5287999999999999
2026-03-24T01:52:02.529831,0,0,541.518244,0.4832
2026-03-24T01:52:03.535827,0,0,540.636218,0.5591999999999999
2026-03-24T01:52:04.543779,0,0,541.518244,0.5136
2026-03-24T01:52:05.549655,0,0,541.518244,0.4908
2026-03-24T01:52:06.556609,0,0,541.518244,0.5439999999999999
2026-03-24T01:52:07.563634,0,0,541.518244,0.5516
2026-03-24T01:52:08.569493,0,0,541.518244,0.4756
2026-03-24T01:52:09.576433,0,0,541.518244,0.4984
2026-03-24T01:52:10.582364,0,0,541.518244,0.5439999999999999
2026-03-24T01:52:11.589316,0,0,541.518244,0.4908
2026-03-24T01:52:12.596278,0,0,541.518244,0.5439999999999999
2026-03-24T01:52:13.603303,0,0,540.636218,0.5287999999999999
2026-03-24T01:52:14.610162,0,0,541.518244,0.5287999999999999
2026-03-24T01:52:15.616103,0,0,541.518244,0.4984
2026-03-24T01:52:16.623030,0,0,541.518244,0.5364
2026-03-24T01:52:17.629004,0,0,540.636218,0.5212
2026-03-24T01:52:18.635948,0,0,539.754192,0.5136
2026-03-24T01:52:19.641891,0,0,541.518244,0.5516
2026-03-24T01:52:20.649841,0,0,541.518244,0.4984
2026-03-24T01:52:21.655791,0,0,541.518244,0.5212
2026-03-24T01:52:22.662727,0,0,541.518244,0.5516
2026-03-24T01:52:23.669683,0,0,541.518244,0.5212
2026-03-24T01:52:24.675775,0,0,541.518244,0.5364
2026-03-24T01:52:25.682581,0,0,541.518244,0.5439999999999999
2026-03-24T01:52:26.688529,0,0,541.518244,0.4984
2026-03-24T01:52:27.695639,0,0,540.636218,0.4756
2026-03-24T01:52:28.702390,0,0,541.518244,0.5668
2026-03-24T01:52:29.709366,0,0,541.518244,0.4984
2026-03-24T01:52:30.716311,0,0,543.282296,0.5136
2026-03-24T01:52:31.722249,0,0,544.164322,0.5516
2026-03-24T01:52:32.729215,0,0,541.518244,0.5516
2026-03-24T01:52:33.735121,0,0,542.40027,0.506
2026-03-24T01:52:34.742077,0,0,541.518244,0.5439999999999999
2026-03-24T01:52:35.748038,0,0,542.40027,0.5212
2026-03-24T01:52:36.755991,0,0,541.518244,0.4756
2026-03-24T01:52:37.761942,0,0,541.518244,0.5591999999999999
2026-03-24T01:52:38.768891,0,0,541.518244,0.4832
2026-03-24T01:52:39.775842,0,0,543.282296,0.506
2026-03-24T01:52:40.781761,0,0,541.518244,0.5287999999999999
2026-03-24T01:52:41.788739,0,0,541.518244,0.5439999999999999
2026-03-24T01:52:42.794684,0,0,542.40027,0.4832
2026-03-24T01:52:43.801627,0,0,541.518244,0.5212
2026-03-24T01:52:44.808581,0,0,541.518244,0.5439999999999999
2026-03-24T01:52:45.815630,0,0,541.518244,0.4984
2026-03-24T01:52:46.822471,0,0,541.518244,0.5212
2026-03-24T01:52:47.828422,0,0,541.518244,0.5212
2026-03-24T01:52:48.835496,0,0,538.872166,0.4756
2026-03-24T01:52:49.841309,0,0,541.518244,0.5212
2026-03-24T01:52:50.848270,0,0,541.518244,0.5287999999999999
2026-03-24T01:52:51.854206,0,0,540.636218,0.4908
2026-03-24T01:52:52.862292,0,0,540.636218,0.5439999999999999
2026-03-24T01:52:53.868104,0,0,541.518244,0.5439999999999999
2026-03-24T01:52:54.875057,0,0,541.518244,0.5212
2026-03-24T01:52:55.882028,0,0,541.518244,0.5439999999999999
2026-03-24T01:52:56.887967,0,0,541.518244,0.5591999999999999
2026-03-24T01:52:57.894907,0,0,541.518244,0.5136
2026-03-24T01:52:58.900879,0,0,541.518244,0.5287999999999999
2026-03-24T01:52:59.907815,0,0,541.518244,0.5668
2026-03-24T01:53:00.913885,0,0,542.40027,0.468
2026-03-24T01:53:01.921701,0,0,541.518244,0.4984
2026-03-24T01:53:02.928648,0,0,541.518244,0.5136
2026-03-24T01:53:03.934602,0,0,538.872166,0.5136
2026-03-24T01:53:04.941546,0,0,542.40027,0.5212
2026-03-24T01:53:05.947593,0,0,541.518244,0.506
2026-03-24T01:53:06.954457,0,0,541.518244,0.5439999999999999
2026-03-24T01:53:07.960388,0,0,541.518244,0.5212
2026-03-24T01:53:08.968325,0,0,541.518244,0.5287999999999999
2026-03-24T01:53:09.974261,0,0,539.754192,0.468
2026-03-24T01:53:10.981241,0,0,541.518244,0.5287999999999999
2026-03-24T01:53:11.987889,0,0,541.518244,0.5516
2026-03-24T01:53:12.994141,0,0,541.518244,0.4984
2026-03-24T01:53:14.001094,0,0,541.518244,0.5364
2026-03-24T01:53:15.007052,0,0,540.636218,0.5439999999999999
2026-03-24T01:53:16.013964,0,0,541.518244,0.4908
2026-03-24T01:53:17.019928,0,0,541.518244,0.5287999999999999
2026-03-24T01:53:18.027891,0,0,540.636218,0.5439999999999999
2026-03-24T01:53:19.034822,0,0,541.518244,0.4984
2026-03-24T01:53:20.040771,0,0,541.518244,0.5364
2026-03-24T01:53:21.047782,0,0,540.636218,0.506
2026-03-24T01:53:32.644753,0,0,541.518244,0.5136
2026-03-24T01:53:35.127097,0,0,540.636218,0.5136
2026-03-24T01:53:36.134049,0,0,541.518244,0.5516
2026-03-24T01:53:37.139980,0,0,541.518244,0.5212
2026-03-24T01:53:38.146933,0,0,540.636218,0.4756
2026-03-24T01:53:39.152860,0,0,542.40027,0.5591999999999999
2026-03-24T01:53:40.160825,0,0,541.518244,0.5212
2026-03-24T01:53:41.166786,0,0,541.518244,0.4832
2026-03-24T01:53:42.173757,0,0,542.40027,0.5439999999999999
2026-03-24T01:53:43.180690,0,0,541.518244,0.5212
2026-03-24T01:53:44.186634,0,0,540.636218,0.4832
2026-03-24T01:53:45.193583,0,0,539.754192,0.5287999999999999
2026-03-24T01:53:46.199607,0,0,541.518244,0.506
2026-03-24T01:53:47.206463,0,0,541.518244,0.506
2026-03-24T01:53:48.213462,0,0,541.518244,0.5212
2026-03-24T01:53:49.220399,0,0,540.636218,0.5364
2026-03-24T01:53:50.226350,0,0,540.636218,0.5136
2026-03-24T01:53:51.233275,0,0,542.40027,0.5364
2026-03-24T01:53:52.240250,0,0,541.518244,0.506
2026-03-24T01:53:53.246207,0,0,541.518244,0.506
2026-03-24T01:53:54.253163,0,0,540.636218,0.5591999999999999
2026-03-24T01:53:55.259132,0,0,541.518244,0.5364
2026-03-24T01:53:56.267054,0,0,541.518244,0.4908
2026-03-24T01:53:57.272992,0,0,541.518244,0.5439999999999999
2026-03-24T01:53:58.279953,0,0,541.518244,0.5212
2026-03-24T01:53:59.286923,0,0,541.518244,0.4756
2026-03-24T01:54:00.292889,0,0,543.282296,0.5668
2026-03-24T01:54:01.299850,0,0,541.518244,0.5212
2026-03-24T01:54:02.305770,0,0,540.636218,0.4756
2026-03-24T01:54:03.312735,0,0,540.636218,0.5516
2026-03-24T01:54:04.319705,0,0,540.636218,0.5439999999999999
2026-03-24T01:54:05.326666,0,0,541.518244,0.46040000000000003
2026-03-24T01:54:06.332601,0,0,541.518244,0.5364
2026-03-24T01:54:07.339578,0,0,541.518244,0.5212
2026-03-24T01:54:08.346513,0,0,540.636218,0.4984
2026-03-24T01:54:09.352456,0,0,540.636218,0.5287999999999999
2026-03-24T01:54:10.359483,0,0,541.518244,0.5364
2026-03-24T01:54:11.365341,0,0,541.518244,0.4984
2026-03-24T01:54:12.372284,0,0,541.518244,0.5212
2026-03-24T01:54:13.379318,0,0,541.518244,0.5287999999999999
2026-03-24T01:54:14.386174,0,0,541.518244,0
2026-03-24T01:54:15.393129,0,0,541.518244,0.5516
2026-03-24T01:54:16.399095,0,0,539.754192,0.5136
2026-03-24T01:54:17.406039,0,0,541.518244,0.5136
2026-03-24T01:54:18.411994,0,0,541.518244,0.5516
2026-03-24T01:54:19.418945,0,0,541.518244,0.4908
2026-03-24T01:54:20.424895,0,0,540.636218,0.468
2026-03-24T01:54:21.432830,0,0,541.518244,0.5516
2026-03-24T01:54:22.438798,0,0,541.518244,0.5516
2026-03-24T01:54:23.445722,0,0,540.636218,0.5136
2026-03-24T01:54:24.452714,0,0,541.518244,0.506
2026-03-24T01:54:25.458711,0,0,540.636218,0.5287999999999999
2026-03-24T01:54:26.465636,0,0,541.518244,0.4908
2026-03-24T01:54:27.471648,0,0,541.518244,0.5516
2026-03-24T01:54:28.478563,0,0,540.636218,0.5591999999999999
2026-03-24T01:54:29.485498,0,0,541.518244,0.506
2026-03-24T01:54:30.492471,0,0,541.518244,0.5743999999999999
2026-03-24T01:54:31.499478,0,0,540.636218,0.5516
2026-03-24T01:54:32.505353,0,0,539.754192,0.506
2026-03-24T01:54:33.512331,0,0,541.518244,0.5287999999999999
2026-03-24T01:54:34.518290,0,0,540.636218,0.5364
2026-03-24T01:54:35.525263,0,0,541.518244,0.4908
2026-03-24T01:54:36.531196,0,0,540.636218,0.5516
2026-03-24T01:54:37.539131,0,0,541.518244,0.5287999999999999
2026-03-24T01:54:38.544053,0,0,541.518244,0.5212
2026-03-24T01:54:39.552052,0,0,540.636218,0.5212
2026-03-24T01:54:40.558977,0,0,541.518244,0.506
2026-03-24T01:54:41.564965,0,0,541.518244,0.4984
2026-03-24T01:54:42.571939,0,0,541.518244,0.506
2026-03-24T01:54:43.577871,0,0,540.636218,0.5439999999999999
2026-03-24T01:54:44.584786,0,0,541.518244,0.506
2026-03-24T01:54:45.591808,0,0,540.636218,0.5439999999999999
2026-03-24T01:54:46.598696,0,0,541.518244,0.5212
2026-03-24T01:54:47.605653,0,0,541.518244,0.5212
2026-03-24T01:54:48.611699,0,0,539.754192,0.5212
2026-03-24T01:54:49.618603,0,0,541.518244,0.5212
2026-03-24T01:54:50.624532,0,0,541.518244,0.4832
2026-03-24T01:54:51.631600,0,0,541.518244,0.5364
2026-03-24T01:54:52.637471,0,0,541.518244,0.5212
2026-03-24T01:54:53.645425,0,0,540.636218,0.506
2026-03-24T01:54:54.651489,0,0,540.636218,0.5212
2026-03-24T01:54:55.658305,0,0,541.518244,0.5591999999999999
2026-03-24T01:54:56.665259,0,0,544.164322,0.5287999999999999
2026-03-24T01:54:57.671329,0,0,540.636218,0.5364
2026-03-24T01:54:58.678199,0,0,540.636218,0.5591999999999999
2026-03-24T01:54:59.684147,0,0,541.518244,0.5136
2026-03-24T01:55:00.691109,0,0,541.518244,0.5287999999999999
2026-03-24T01:55:01.698037,0,0,540.636218,0.5668
2026-03-24T01:55:02.705070,0,0,540.636218,0.506
2026-03-24T01:55:03.711941,0,0,541.518244,0.506
2026-03-24T01:55:04.717936,0,0,540.636218,0.5364
2026-03-24T01:55:05.724908,0,0,541.518244,0.5287999999999999
2026-03-24T01:55:06.730832,0,0,541.518244,0.5287999999999999
2026-03-24T01:55:07.737808,0,0,541.518244,0.5287999999999999
2026-03-24T01:55:08.743803,0,0,541.518244,0.5136
2026-03-24T01:55:09.751732,0,0,541.518244,0.5136
2026-03-24T01:55:10.757667,0,0,540.636218,0.5668
2026-03-24T01:55:11.764630,0,0,541.518244,0.5212
2026-03-24T01:55:12.771639,0,0,540.636218,0.5287999999999999
2026-03-24T01:55:13.777545,0,0,540.636218,0.5287999999999999
2026-03-24T01:55:14.784495,0,0,541.518244,0.5364
2026-03-24T01:55:15.790456,0,0,541.518244,0.5212
2026-03-24T01:55:16.797375,0,0,542.40027,0.5516
2026-03-24T01:55:17.804333,0,0,541.518244,0.5287999999999999
2026-03-24T01:55:18.811386,0,0,540.636218,0.5287999999999999
2026-03-24T01:55:19.818254,0,0,540.636218,0.5439999999999999
2026-03-24T01:55:20.824182,0,0,541.518244,0.4984
2026-03-24T01:55:21.831172,0,0,541.518244,0.5212
2026-03-24T01:55:22.837117,0,0,541.518244,0.5212
2026-03-24T01:55:23.844072,0,0,541.518244,0.5287999999999999
2026-03-24T01:55:24.850034,0,0,541.518244,0.5136
2026-03-24T01:55:25.857978,0,0,541.518244,0.5668
2026-03-24T01:55:26.863946,0,0,540.636218,0.5287999999999999
2026-03-24T01:55:27.870887,0,0,541.518244,0.506
2026-03-24T01:55:28.877835,0,0,541.518244,0.5972
2026-03-24T01:55:29.883839,0,0,540.636218,0.5591999999999999
2026-03-24T01:55:30.890738,0,0,541.518244,0.4908
2026-03-24T01:55:31.896729,0,0,541.518244,0.5212
2026-03-24T01:55:32.903784,0,0,540.636218,0.5287999999999999
2026-03-24T01:55:33.910626,0,0,541.518244,0.4984
2026-03-24T01:55:34.917593,0,0,541.518244,0.5287999999999999
2026-03-24T01:55:35.924558,0,0,540.636218,0.5364
2026-03-24T01:55:36.930499,0,0,541.518244,0.5212
2026-03-24T01:55:37.937467,0,0,542.40027,0.5439999999999999
2026-03-24T01:55:38.943525,0,0,541.518244,0.5212
2026-03-24T01:55:39.950380,0,0,541.518244,0.506
2026-03-24T01:55:40.956402,0,0,541.518244,0.5287999999999999
2026-03-24T01:55:41.963404,0,0,541.518244,0.5516
2026-03-24T01:55:42.970296,0,0,539.754192,0.4832
2026-03-24T01:55:43.977235,0,0,541.518244,0.506
2026-03-24T01:55:44.984177,0,0,541.518244,0.5136
2026-03-24T01:55:45.990165,0,0,541.518244,0.4984
2026-03-24T01:55:46.997091,0,0,542.40027,0.5212
2026-03-24T01:55:48.003032,0,0,542.40027,0.5516
2026-03-24T01:55:49.010047,0,0,541.518244,0.5212
2026-03-24T01:55:50.015944,0,0,540.636218,0.5516
2026-03-24T01:55:51.023958,0,0,541.518244,0.5212
2026-03-24T01:55:52.030853,0,0,541.518244,0.5136
2026-03-24T01:55:53.036850,0,0,541.518244,0.5364
2026-03-24T01:55:54.043888,0,0,541.518244,0.5136
2026-03-24T01:55:55.049748,0,0,541.518244,0.5136
2026-03-24T01:55:56.056728,0,0,541.518244,0.5212
2026-03-24T01:55:57.062689,0,0,538.872166,0.5287999999999999
2026-03-24T01:55:58.069635,0,0,542.40027,0.4832
2026-03-24T01:55:59.076636,0,0,541.518244,0.5287999999999999
2026-03-24T01:56:00.083739,0,0,541.518244,0.5743999999999999
2026-03-24T01:56:01.090557,0,0,541.518244,0.5212
2026-03-24T01:56:02.096582,0,0,541.518244,0.5136
2026-03-24T01:56:03.103631,0,0,541.518244,0.5972
2026-03-24T01:56:04.109415,0,0,540.636218,0.506
2026-03-24T01:56:05.116353,0,0,541.518244,0.5212
2026-03-24T01:56:06.121332,0,0,541.518244,0.5287999999999999
2026-03-24T01:56:07.130287,0,0,541.518244,0.4908
2026-03-24T01:56:08.137267,0,0,541.518244,0.5287999999999999
2026-03-24T01:56:09.143275,0,0,538.872166,0.506
2026-03-24T01:56:10.150157,0,0,541.518244,0.5136
2026-03-24T01:56:11.156131,0,0,541.518244,0.4984
2026-03-24T01:56:12.163085,0,0,538.872166,0.5516
2026-03-24T01:56:13.169059,0,0,541.518244,0.5439999999999999
2026-03-24T01:56:14.176009,0,0,541.518244,0.4984
2026-03-24T01:56:15.182962,0,0,541.518244,0.5212
2026-03-24T01:56:16.189945,0,0,541.518244,0.5287999999999999
2026-03-24T01:56:17.196893,0,0,541.518244,0.5136
2026-03-24T01:56:18.202835,0,0,539.754192,0.5516
2026-03-24T01:56:19.209739,0,0,541.518244,0.5516
2026-03-24T01:56:20.215821,0,0,541.518244,0.5212
2026-03-24T01:56:21.222721,0,0,541.518244,0.4984
2026-03-24T01:56:22.228681,0,0,541.518244,0.506
2026-03-24T01:56:23.236631,0,0,541.518244,0.4908
2026-03-24T01:56:24.243644,0,0,541.518244,0.5591999999999999
2026-03-24T01:56:25.249553,0,0,541.518244,0.5136
2026-03-24T01:56:26.256525,0,0,541.518244,0.4984
2026-03-24T01:56:27.262447,0,0,541.518244,0.5516
2026-03-24T01:56:28.269446,0,0,541.518244,0.5364
2026-03-24T01:56:29.275483,0,0,540.636218,0.5212
2026-03-24T01:56:30.282347,0,0,541.518244,0.5516
2026-03-24T01:56:31.289305,0,0,540.636218,0.5439999999999999
2026-03-24T01:56:32.296225,0,0,541.518244,0.506
2026-03-24T01:56:33.303312,0,0,540.636218,0.5516
2026-03-24T01:56:34.309211,0,0,541.518244,0.5591999999999999
2026-03-24T01:56:35.316101,0,0,540.636218,0.506
2026-03-24T01:56:36.322083,0,0,544.164322,0.5591999999999999
2026-03-24T01:56:37.329016,0,0,541.518244,0.5591999999999999
2026-03-24T01:56:38.335000,0,0,541.518244,0.4984
2026-03-24T01:56:39.342963,0,0,541.518244,0.5743999999999999
2026-03-24T01:56:40.349920,0,0,541.518244,0.5287999999999999
2026-03-24T01:56:41.355883,0,0,541.518244,0.4756
2026-03-24T01:56:42.362882,0,0,541.518244,0.5516
2026-03-24T01:56:43.368792,0,0,540.636218,0.5439999999999999
2026-03-24T01:56:44.375798,0,0,541.518244,0.468
2026-03-24T01:56:45.381741,0,0,541.518244,0.5668
2026-03-24T01:56:46.388716,0,0,541.518244,0.5287999999999999
2026-03-24T01:56:47.395744,0,0,542.40027,0.5287999999999999
2026-03-24T01:56:48.402640,0,0,545.046348,0.5439999999999999
2026-03-24T01:56:49.409566,0,0,541.518244,0.5439999999999999
2026-03-24T01:56:50.415647,0,0,541.518244,0.5136
2026-03-24T01:56:51.422524,0,0,541.518244,0.5364
2026-03-24T01:56:52.428471,0,0,540.636218,0.5668
2026-03-24T01:56:53.435524,0,0,541.518244,0.5136
2026-03-24T01:56:54.440358,0,0,540.636218,0.5212
2026-03-24T01:56:55.449321,0,0,541.518244,0.5136
2026-03-24T01:56:56.456317,0,0,542.40027,0.5136
2026-03-24T01:56:57.462258,0,0,541.518244,0.5743999999999999
2026-03-24T01:56:58.469192,0,0,541.518244,0.5743999999999999
2026-03-24T01:56:59.475175,0,0,540.636218,0.46040000000000003
2026-03-24T01:57:00.482153,0,0,543.282296,0.5743999999999999
2026-03-24T01:57:01.488091,0,0,541.518244,0.5212
2026-03-24T01:57:02.495099,0,0,541.518244,0.5364
2026-03-24T01:57:03.501033,0,0,541.518244,0.4908
2026-03-24T01:57:04.509006,0,0,541.518244,0.5516
2026-03-24T01:57:05.515970,0,0,541.518244,0.5287999999999999
2026-03-24T01:57:06.521926,0,0,541.518244,0.5439999999999999
2026-03-24T01:57:07.528872,0,0,541.518244,0.5516
2026-03-24T01:57:08.534819,0,0,540.636218,0.4984
2026-03-24T01:57:09.541760,0,0,540.636218,0.5287999999999999
2026-03-24T01:57:10.547807,0,0,541.518244,0.5516
2026-03-24T01:57:11.554672,0,0,541.518244,0.5287999999999999
2026-03-24T01:57:12.562661,0,0,544.164322,0.5364
2026-03-24T01:57:13.568626,0,0,541.518244,0.5439999999999999
2026-03-24T01:57:14.575667,0,0,541.518244,0.5136
2026-03-24T01:57:15.581559,0,0,541.518244,0.5516
2026-03-24T01:57:16.588512,0,0,540.636218,0.5743999999999999
2026-03-24T01:57:17.594477,0,0,540.636218,0.5287999999999999
2026-03-24T01:57:18.601430,0,0,541.518244,0.5439999999999999
2026-03-24T01:57:19.607498,0,0,540.636218,0.5364
2026-03-24T01:57:20.615423,0,0,541.518244,0.5136
2026-03-24T01:57:21.622307,0,0,540.636218,0.5364
2026-03-24T01:57:22.628271,0,0,541.518244,0.5668
2026-03-24T01:57:23.635321,0,0,541.518244,0.5364
2026-03-24T01:57:24.641191,0,0,541.518244,0.5516
2026-03-24T01:57:25.648153,0,0,540.636218,0.5668
2026-03-24T01:57:26.654109,0,0,542.40027,0.5364
2026-03-24T01:57:27.661091,0,0,542.40027,0.5287999999999999
2026-03-24T01:57:28.668041,0,0,541.518244,0.582
2026-03-24T01:57:29.675014,0,0,543.282296,0.506
2026-03-24T01:57:30.681938,0,0,541.518244,0.5287999999999999
2026-03-24T01:57:31.687923,0,0,541.518244,0.5364
2026-03-24T01:57:32.694902,0,0,541.518244,0.4908
2026-03-24T01:57:33.700844,0,0,541.518244,0.5364
2026-03-24T01:57:34.707858,0,0,542.40027,0.5439999999999999
2026-03-24T01:57:35.713774,0,0,541.518244,0.506
2026-03-24T01:57:36.721739,0,0,538.872166,0.5212
2026-03-24T01:57:37.728700,0,0,540.636218,0.5364
2026-03-24T01:57:38.734661,0,0,539.754192,0.5364
2026-03-24T01:57:39.741655,0,0,542.40027,0.506
2026-03-24T01:57:40.747679,0,0,541.518244,0.5364
2026-03-24T01:57:41.754587,0,0,541.518244,0.5516
2026-03-24T01:57:42.760544,0,0,541.518244,0.468
2026-03-24T01:57:43.767583,0,0,540.636218,0.5364
2026-03-24T01:57:44.775560,0,0,541.518244,0.506
2026-03-24T01:57:45.780405,0,0,540.636218,0.506
2026-03-24T01:57:46.788357,0,0,539.754192,0.5668
2026-03-24T01:57:47.794294,0,0,541.518244,0.5439999999999999
2026-03-24T01:57:48.801294,0,0,542.40027,0.5364
2026-03-24T01:57:49.807357,0,0,541.518244,0.5364
2026-03-24T01:58:01.693390,0,0,541.518244,0.5439999999999999
2026-03-24T01:58:04.175824,0,0,541.518244,0.5743999999999999
2026-03-24T01:58:05.182727,0,0,541.518244,0.5136
2026-03-24T01:58:06.188786,0,0,541.518244,0.5364
2026-03-24T01:58:07.195737,0,0,541.518244,0.5439999999999999
2026-03-24T01:58:08.201626,0,0,541.518244,0.5212
2026-03-24T01:58:09.209598,0,0,542.40027,0.506
2026-03-24T01:58:10.215637,0,0,541.518244,0.5364
2026-03-24T01:58:11.222495,0,0,541.518244,0.506
2026-03-24T01:58:12.229476,0,0,542.40027,0.5287999999999999
2026-03-24T01:58:13.235549,0,0,541.518244,0.5287999999999999
2026-03-24T01:58:14.242403,0,0,541.518244,0.4756
2026-03-24T01:58:15.248379,0,0,541.518244,0.4832
2026-03-24T01:58:16.255369,0,0,542.40027,0.5516
2026-03-24T01:58:17.262286,0,0,540.636218,0.5591999999999999
2026-03-24T01:58:18.268206,0,0,541.518244,0.5212
2026-03-24T01:58:19.275315,0,0,540.636218,0.5287999999999999
2026-03-24T01:58:20.282204,0,0,540.636218,0.4984
2026-03-24T01:58:21.289169,0,0,541.518244,0.4756
2026-03-24T01:58:22.295121,0,0,540.636218,0.582
2026-03-24T01:58:23.302085,0,0,541.518244,0.5439999999999999
2026-03-24T01:58:24.308049,0,0,541.518244,0.4984
2026-03-24T01:58:25.316046,0,0,540.636218,0.506
2026-03-24T01:58:26.322009,0,0,541.518244,0.5287999999999999
2026-03-24T01:58:27.328934,0,0,541.518244,0.46040000000000003
2026-03-24T01:58:28.335888,0,0,540.636218,0.5591999999999999
2026-03-24T01:58:29.341852,0,0,539.754192,0.5591999999999999
2026-03-24T01:58:30.348818,0,0,541.518244,0.5136
2026-03-24T01:58:31.354773,0,0,541.518244,0.5212
2026-03-24T01:58:32.361733,0,0,541.518244,0.5212
2026-03-24T01:58:33.368679,0,0,541.518244,0.5136
2026-03-24T01:58:34.375703,0,0,541.518244,0.5591999999999999
2026-03-24T01:58:35.380578,0,0,541.518244,0.5364
2026-03-24T01:58:36.388582,0,0,541.518244,0.46040000000000003
2026-03-24T01:58:37.395630,0,0,540.636218,0.5516
2026-03-24T01:58:38.401505,0,0,541.518244,0.5287999999999999
2026-03-24T01:58:39.408456,0,0,541.518244,0.5212
2026-03-24T01:58:40.414433,0,0,541.518244,0.5364
2026-03-24T01:58:41.422389,0,0,541.518244,0.5136
2026-03-24T01:58:42.428364,0,0,541.518244,0.4832
2026-03-24T01:58:43.435427,0,0,540.636218,0.5287999999999999
2026-03-24T01:58:44.442308,0,0,541.518244,0.5287999999999999
2026-03-24T01:58:45.448253,0,0,542.40027,0.5136
2026-03-24T01:58:46.455198,0,0,540.636218,0.5439999999999999
2026-03-24T01:58:47.461212,0,0,541.518244,0.5364
2026-03-24T01:58:48.468206,0,0,540.636218,0.5136
2026-03-24T01:58:49.475144,0,0,540.636218,0.5516
2026-03-24T01:58:50.482108,0,0,541.518244,0.5439999999999999
2026-03-24T01:58:51.488084,0,0,541.518244,0.5212
2026-03-24T01:58:52.494002,0,0,541.518244,0.5743999999999999
2026-03-24T01:58:53.501993,0,0,540.636218,0.4984
2026-03-24T01:58:54.507975,0,0,541.518244,0.4908
2026-03-24T01:58:55.514933,0,0,542.40027,0.5591999999999999
2026-03-24T01:58:56.520901,0,0,541.518244,0.5212
2026-03-24T01:58:57.528870,0,0,541.518244,0.5287999999999999
2026-03-24T01:58:58.534809,0,0,539.754192,0.5516
2026-03-24T01:59:09.301060,0,0,541.518244,0.5439999999999999
2026-03-24T01:59:11.783481,0,0,540.636218,0.5439999999999999
2026-03-24T01:59:12.790321,0,0,541.518244,0.506
2026-03-24T01:59:13.796249,0,0,541.518244,0.4756
2026-03-24T01:59:14.803380,0,0,541.518244,0.5364
2026-03-24T01:59:15.809201,0,0,540.636218,0.5591999999999999
2026-03-24T01:59:16.817164,0,0,542.40027,0.4832
2026-03-24T01:59:17.823119,0,0,541.518244,0.5516
2026-03-24T01:59:18.830144,0,0,541.518244,0.5364
2026-03-24T01:59:19.837056,0,0,541.518244,0.4832
2026-03-24T01:59:20.843059,0,0,541.518244,0.5212
2026-03-24T01:59:21.850041,0,0,542.40027,0.5439999999999999
2026-03-24T01:59:22.855993,0,0,541.518244,0.506
2026-03-24T01:59:23.862965,0,0,541.518244,0.5439999999999999
2026-03-24T01:59:24.869929,0,0,541.518244,0.5668
2026-03-24T01:59:25.876865,0,0,541.518244,0.506
2026-03-24T01:59:26.882821,0,0,541.518244,0.5212
2026-03-24T01:59:27.889839,0,0,541.518244,0.5439999999999999
2026-03-24T01:59:28.896767,0,0,541.518244,0.5743999999999999
2026-03-24T01:59:29.902763,0,0,541.518244,0.506
2026-03-24T01:59:30.909685,0,0,541.518244,0.582
2026-03-24T01:59:31.915722,0,0,542.40027,0.506
2026-03-24T01:59:32.923686,0,0,542.40027,0.5136
2026-03-24T01:59:33.929639,0,0,541.518244,0.5591999999999999
2026-03-24T01:59:34.936551,0,0,541.518244,0.506
2026-03-24T01:59:35.943630,0,0,540.636218,0.506
2026-03-24T01:59:36.949474,0,0,541.518244,0.5364
2026-03-24T01:59:37.956453,0,0,540.636218,0.5212
2026-03-24T01:59:38.962465,0,0,541.518244,0.5439999999999999
2026-03-24T01:59:39.969425,0,0,541.518244,0.5439999999999999
2026-03-24T01:59:40.976352,0,0,541.518244,0.506
2026-03-24T01:59:41.983431,0,0,540.636218,0.4984
2026-03-24T01:59:42.989275,0,0,540.636218,0.5212
2026-03-24T01:59:43.996234,0,0,542.40027,0.5212
2026-03-24T01:59:45.003190,0,0,542.40027,0.5136
2026-03-24T01:59:46.009198,0,0,540.636218,0.5439999999999999
2026-03-24T01:59:47.016125,0,0,541.518244,0.5136
2026-03-24T01:59:48.022160,0,0,541.518244,0.5136
2026-03-24T01:59:49.030106,0,0,541.518244,0.5516
2026-03-24T01:59:50.036065,0,0,541.518244,0.506
2026-03-24T01:59:51.043062,0,0,540.636218,0.5212
2026-03-24T01:59:52.050026,0,0,541.518244,0.5439999999999999
2026-03-24T01:59:53.055977,0,0,541.518244,0.4984
2026-03-24T01:59:54.062941,0,0,541.518244,0.4984
2026-03-24T01:59:55.068871,0,0,540.636218,0.5364
2026-03-24T01:59:56.075888,0,0,542.40027,0.5287999999999999
2026-03-24T01:59:57.082851,0,0,540.636218,0.4756
2026-03-24T01:59:58.089806,0,0,541.518244,0.5439999999999999
2026-03-24T01:59:59.095817,0,0,540.636218,0.5136
2026-03-24T02:00:00.102772,0,0,541.518244,0.506
2026-03-24T02:00:01.109724,0,0,540.636218,0.5591999999999999
2026-03-24T02:01:04.675497,0,0,540.636218,0.468
2026-03-24T02:01:07.158074,0,0,544.164322,0.5668
2026-03-24T02:01:08.164429,0,0,541.518244,0.4832
2026-03-24T02:01:09.170222,0,0,541.518244,0.5287999999999999
2026-03-24T02:01:10.178059,0,0,540.636218,0.5364
2026-03-24T02:01:11.184109,0,0,543.282296,0.4832
2026-03-24T02:01:12.192093,0,0,541.518244,0.506
2026-03-24T02:01:13.198160,0,0,541.518244,0.5743999999999999
2026-03-24T02:01:14.205133,0,0,540.636218,0.4832
2026-03-24T02:01:15.212080,0,0,539.754192,0.5364
2026-03-24T02:01:16.218119,0,0,542.40027,0.506
2026-03-24T02:01:17.225088,0,0,540.636218,0.4908
2026-03-24T02:01:18.229212,0,0,541.518244,0.5668
2026-03-24T02:01:19.238055,0,0,542.40027,0.5439999999999999
2026-03-24T02:01:20.245725,0,0,540.636218,0.4908
2026-03-24T02:01:21.255103,0,0,541.518244,0.5364
2026-03-24T02:01:22.263328,0,0,541.518244,0.5516
2026-03-24T02:01:23.272370,0,0,541.518244,0.4832
