timestamp,edb_drain_state,edb_effluent_state,tank_level,flow_rate
2026-03-05T00:00:22.478719,0,0,2,50.0
2026-03-05T00:00:56.220339,0,0,3,51.0
2026-03-05T00:01:20.235985,0,0,3,50.0
2026-03-05T00:02:24.934512,0,0,2,51.0
2026-03-05T00:02:40.750178,0,0,2,50.0
2026-03-05T00:02:56.467539,0,0,2,50.0
2026-03-05T00:03:30.727775,0,0,2,52.0
2026-03-05T00:04:00.612881,0,0,2,51.0
2026-03-05T00:04:29.718124,0,0,2,50.0
2026-03-05T00:05:13.200333,0,0,2,51.0
2026-03-05T00:06:10.696761,0,0,3,50.0
2026-03-05T00:06:26.502255,0,0,2,51.0
2026-03-05T00:06:42.215860,0,0,2,50.0
2026-03-05T00:07:08.221426,0,0,2,51.0
2026-03-05T00:07:22.962015,0,0,2,51.0
2026-03-05T00:09:01.336537,0,0,2,50.0
2026-03-05T00:09:31.506726,0,0,2,51.0
2026-03-05T00:09:57.991128,0,0,2,51.0
2026-03-05T00:10:55.956302,0,0,2,50.0
2026-03-05T00:12:12.460985,0,0,2,51.0
2026-03-05T00:13:02.700780,0,0,2,51.0
2026-03-05T00:13:26.388981,0,0,2,50.0
2026-03-05T00:13:43.221758,0,0,2,50.0
2026-03-05T00:14:02.470147,0,0,2,52.0
2026-03-05T00:15:40.363663,0,0,3,51.0
2026-03-05T00:17:07.735722,0,0,1,51.0
2026-03-05T00:17:24.945263,0,0,2,52.0
2026-03-05T00:17:39.714732,0,0,2,50.0
2026-03-05T00:18:37.702447,0,0,2,50.0
2026-03-05T00:18:53.499030,0,0,2,51.0
2026-03-05T00:19:08.223842,0,0,2,50.0
2026-03-05T00:19:32.227038,0,0,2,51.0
2026-03-05T00:20:42.700318,0,0,2,51.0
2026-03-05T00:20:57.467950,0,0,2,51.0
2026-03-05T00:21:40.948912,0,0,2,52.0
2026-03-05T00:22:21.259855,0,0,2,51.0
2026-03-05T00:22:36.963552,0,0,2,51.0
2026-03-05T00:22:52.758365,0,0,2,50.0
2026-03-05T00:23:35.703053,0,0,2,51.0
2026-03-05T00:23:59.225516,0,0,2,50.0
2026-03-05T00:24:31.971883,0,0,2,51.0
2026-03-05T00:25:07.231997,0,0,2,52.0
2026-03-05T00:25:21.976570,0,0,2,50.0
2026-03-05T00:25:38.806233,0,0,2,50.0
2026-03-05T00:26:05.466358,0,0,2,51.0
2026-03-05T00:26:56.709302,0,0,2,52.0
2026-03-05T00:29:08.952055,0,0,2,52.0
2026-03-05T00:29:23.716531,0,0,2,51.0
2026-03-05T00:29:41.214284,0,0,3,52.0
2026-03-05T00:29:56.998771,0,0,2,51.0
2026-03-05T00:30:15.208557,0,0,2,51.0
2026-03-05T00:30:30.985944,0,0,2,51.0
2026-03-05T00:30:44.272688,0,0,2,52.0
2026-03-05T00:32:31.200648,0,0,2,51.0
2026-03-05T00:32:46.992461,0,0,2,51.0
2026-03-05T00:33:02.750211,0,0,2,51.0
2026-03-05T00:34:16.216549,0,0,2,50.0
2026-03-05T00:35:40.699343,0,0,2,50.0
2026-03-05T00:36:20.451561,0,0,2,51.0
2026-03-05T00:36:35.220938,0,0,2,50.0
2026-03-05T00:36:53.970638,0,0,2,51.0
2026-03-05T00:37:11.198100,0,0,2,51.0
2026-03-05T00:37:45.456414,0,0,2,52.0
2026-03-05T00:39:49.452335,0,0,2,50.0
2026-03-05T00:40:07.694742,0,0,2,52.0
2026-03-05T00:40:23.500331,0,0,2,51.0
2026-03-05T00:40:38.218975,0,0,2,51.0
2026-03-05T00:41:21.699877,0,0,2,51.0
2026-03-05T00:41:36.470481,0,0,2,51.0
2026-03-05T00:41:53.724181,0,0,2,51.0
2026-03-05T00:42:11.937834,0,0,2,52.0
2026-03-05T00:42:27.711274,0,0,2,51.0
2026-03-05T00:42:43.466874,0,0,2,50.0
2026-03-05T00:42:57.958528,0,0,2,50.0
2026-03-05T00:43:23.964899,0,0,2,51.0
2026-03-05T00:43:38.721613,0,0,2,50.0
2026-03-05T00:44:01.764075,0,0,2,50.0
2026-03-05T00:44:17.463623,0,0,1,50.0
2026-03-05T00:44:33.210256,0,0,3,50.0
2026-03-05T00:44:48.990152,0,0,2,50.0
2026-03-05T00:45:12.482391,0,0,2,50.0
2026-03-05T00:45:53.452321,0,0,2,50.0
2026-03-05T00:46:09.211892,0,0,2,51.0
2026-03-05T00:46:23.969527,0,0,2,50.0
2026-03-05T00:46:50.722006,0,0,2,52.0
2026-03-05T00:47:07.965625,0,0,2,51.0
2026-03-05T00:47:59.205499,0,0,2,51.0
2026-03-05T00:49:54.968338,0,0,2,50.0
2026-03-05T00:50:10.750001,0,0,2,50.0
2026-03-05T00:50:28.961903,0,0,2,52.0
2026-03-05T00:50:48.462442,0,0,3,51.0
2026-03-05T00:51:03.217803,0,0,2,51.0
2026-03-05T00:51:27.936340,0,0,2,51.0
2026-03-05T00:51:52.475628,0,0,2,51.0
2026-03-05T00:52:07.719087,0,0,2,51.0
2026-03-05T00:52:57.463853,0,0,2,50.0
2026-03-05T00:53:29.208086,0,0,2,50.0
2026-03-05T00:54:27.222627,0,0,2,51.0
2026-03-05T00:54:51.232068,0,0,3,50.0
2026-03-05T00:55:17.717599,0,0,2,51.0
2026-03-05T00:56:05.466465,0,0,2,50.0
2026-03-05T00:56:23.958131,0,0,2,51.0
2026-03-05T00:56:58.202976,0,0,2,52.0
2026-03-05T00:58:05.462330,0,0,2,52.0
2026-03-05T00:58:20.218977,0,0,2,50.0
2026-03-05T00:58:37.710753,0,0,2,51.0
2026-03-05T00:58:53.459124,0,0,3,51.0
2026-03-05T00:59:11.735869,0,0,2,51.0
2026-03-05T00:59:27.473372,0,0,2,50.0
2026-03-05T00:59:42.713148,0,0,2,50.0
2026-03-05T01:00:16.243064,0,0,2,50.0
2026-03-05T01:01:14.213819,0,0,2,50.0
2026-03-05T01:01:38.217253,0,0,2,50.0
2026-03-05T01:01:53.959883,0,0,2,52.0
2026-03-05T01:03:33.722418,0,0,2,51.0
2026-03-05T01:04:58.472112,0,0,2,50.0
2026-03-05T01:05:17.720872,0,0,2,52.0
2026-03-05T01:05:34.957410,0,0,2,51.0
2026-03-05T01:06:59.201385,0,0,2,51.0
2026-03-05T01:08:04.972558,0,0,2,50.0
2026-03-05T01:08:53.215336,0,0,2,50.0
2026-03-05T01:09:42.124176,0,0,2,50.0
2026-03-05T01:10:38.473157,0,0,2,50.0
2026-03-05T01:11:04.976345,0,0,2,51.0
2026-03-05T01:12:12.952698,0,0,2,51.0
2026-03-05T01:13:00.718440,0,0,2,50.0
2026-03-05T01:14:00.198122,0,0,2,51.0
2026-03-05T01:14:31.968138,0,0,2,50.0
2026-03-05T01:14:49.440872,0,0,2,51.0
2026-03-05T01:15:07.697465,0,0,2,51.0
2026-03-05T01:15:45.009611,0,0,2,50.0
2026-03-05T01:16:11.474019,0,0,3,51.0
2026-03-05T01:16:28.700262,0,0,2,51.0
2026-03-05T01:16:52.270672,0,0,2,50.0
2026-03-05T01:17:09.956216,0,0,4,51.0
2026-03-05T01:17:40.719692,0,0,2,50.0
2026-03-05T01:18:24.450635,0,0,2,52.0
2026-03-05T01:18:42.708140,0,0,2,52.0
2026-03-05T01:18:58.480826,0,0,2,50.0
2026-03-05T01:19:32.196812,0,0,2,51.0
2026-03-05T01:19:47.962304,0,0,2,51.0
2026-03-05T01:20:11.487933,0,0,2,51.0
2026-03-05T01:20:52.472959,0,0,2,51.0
2026-03-05T01:21:44.953613,0,0,2,51.0
2026-03-05T01:22:32.717454,0,0,2,50.0
2026-03-05T01:23:55.749383,0,0,2,51.0
2026-03-05T01:24:29.464500,0,0,2,50.0
2026-03-05T01:25:35.969929,0,0,2,51.0
2026-03-05T01:26:35.437623,0,0,2,51.0
2026-03-05T01:27:43.703910,0,0,2,51.0
2026-03-05T01:27:58.467315,0,0,2,51.0
2026-03-05T01:28:22.479866,0,0,2,50.0
2026-03-05T01:30:19.705261,0,0,2,51.0
2026-03-05T01:30:36.951474,0,0,2,52.0
2026-03-05T01:30:50.879095,0,0,2,51.0
2026-03-05T01:31:09.184826,0,0,2,51.0
2026-03-05T01:31:28.485483,0,0,2,51.0
2026-03-05T01:31:43.216804,0,0,2,50.0
2026-03-05T01:32:09.717498,0,0,2,51.0
2026-03-05T01:33:38.722949,0,0,2,50.0
2026-03-05T01:34:19.718983,0,0,2,50.0
2026-03-05T01:35:19.198551,0,0,2,51.0
2026-03-05T01:36:06.988310,0,0,2,50.0
2026-03-05T01:36:47.976295,0,0,2,51.0
2026-03-05T01:37:05.704417,0,0,2,51.0
2026-03-05T01:37:23.973625,0,0,2,52.0
2026-03-05T01:37:39.731194,0,0,2,51.0
2026-03-05T01:37:55.496880,0,0,2,50.0
2026-03-05T01:38:30.706854,0,0,2,51.0
2026-03-05T01:38:45.469832,0,0,2,51.0
2026-03-05T01:39:09.489004,0,0,2,50.0
2026-03-05T01:39:50.475094,0,0,2,51.0
2026-03-05T01:40:14.534302,0,0,2,51.0
2026-03-05T01:40:38.489995,0,0,2,50.0
2026-03-05T01:40:55.236472,0,0,2,50.0
2026-03-05T01:41:36.734465,0,0,2,52.0
2026-03-05T01:41:52.462890,0,0,2,51.0
2026-03-05T01:43:07.966957,0,0,2,50.0
2026-03-05T01:43:58.718737,0,0,2,50.0
2026-03-05T01:44:49.475731,0,0,2,51.0
2026-03-05T01:45:25.461818,0,0,2,51.0
2026-03-05T01:45:56.200116,0,0,2,50.0
2026-03-05T01:46:11.989846,0,0,2,51.0
2026-03-05T01:46:29.196262,0,0,2,52.0
2026-03-05T01:46:43.967689,0,0,2,50.0
2026-03-05T01:47:08.699161,0,0,2,52.0
2026-03-05T01:47:24.473879,0,0,2,51.0
2026-03-05T01:47:47.991289,0,0,2,50.0
2026-03-05T01:48:37.564961,0,0,2,50.0
2026-03-05T01:48:55.210569,0,0,3,51.0
2026-03-05T01:49:09.978157,0,0,2,51.0
2026-03-05T01:49:33.983715,0,0,2,50.0
2026-03-05T01:49:50.740247,0,0,2,51.0
2026-03-05T01:50:17.213575,0,0,2,51.0
2026-03-05T01:51:05.970351,0,0,2,50.0
2026-03-05T01:51:29.985804,0,0,2,50.0
2026-03-05T01:52:09.965888,0,0,2,50.0
2026-03-05T01:52:49.968790,0,0,2,50.0
2026-03-05T01:53:29.986072,0,0,2,50.0
2026-03-05T01:54:10.970750,0,0,2,50.0
2026-03-05T01:54:34.983343,0,0,2,50.0
2026-03-05T01:54:54.221964,0,0,2,52.0
2026-03-05T01:55:59.969305,0,0,2,50.0
2026-03-05T01:57:04.853915,0,0,2,50.0
2026-03-05T01:57:58.222345,0,0,3,51.0
2026-03-05T02:01:38.632462,0,0,2,50.0
2026-03-05T02:01:41.119090,0,0,2,52.0
2026-03-05T02:01:42.125693,0,0,2,50.0
2026-03-05T02:01:43.132302,0,0,2,50.0
2026-03-05T02:01:44.139901,0,0,2,51.0
2026-03-05T02:01:45.146404,0,0,2,50.0
2026-03-05T02:01:46.152796,0,0,2,50.0
2026-03-05T02:01:48.154557,0,0,3,51.0
2026-03-05T02:01:48.166426,0,0,2,50.0
2026-03-05T02:01:49.173637,0,0,2,50.0
2026-03-05T02:01:50.178837,0,0,3,51.0
2026-03-05T02:01:51.186120,0,0,2,50.0
2026-03-05T02:01:52.192182,0,0,2,50.0
2026-03-05T02:01:53.199268,0,0,2,51.0
2026-03-05T02:01:54.204928,0,0,3,50.0
2026-03-05T02:01:55.210809,0,0,2,50.0
2026-03-05T02:01:56.216572,0,0,2,51.0
2026-03-05T02:01:57.223344,0,0,2,50.0
2026-03-05T02:01:58.230215,0,0,2,50.0
2026-03-05T02:02:00.231968,0,0,2,50.0
2026-03-05T02:02:00.241626,0,0,2,51.0
2026-03-05T02:02:01.247493,0,0,3,50.0
2026-03-05T02:02:02.254385,0,0,2,50.0
2026-03-05T02:02:03.259145,0,0,2,51.0
2026-03-05T02:02:04.265976,0,0,3,50.0
2026-03-05T02:02:05.272848,0,0,2,50.0
2026-03-05T02:02:07.274657,0,0,2,51.0
2026-03-05T02:02:07.285590,0,0,1,50.0
2026-03-05T02:02:08.291504,0,0,2,50.0
2026-03-05T02:02:09.297389,0,0,2,51.0
2026-03-05T02:02:10.303263,0,0,3,50.0
2026-03-05T02:02:11.310234,0,0,2,50.0
2026-03-05T02:02:12.314188,0,0,2,51.0
2026-03-05T02:02:14.316053,0,0,2,50.0
2026-03-05T02:02:14.328824,0,0,2,50.0
2026-03-05T02:02:15.334764,0,0,2,51.0
2026-03-05T02:02:16.341656,0,0,2,50.0
2026-03-05T02:02:17.347611,0,0,2,50.0
2026-03-05T02:02:18.353518,0,0,2,50.0
2026-03-05T02:02:19.359443,0,0,2,51.0
2026-03-05T02:02:20.364329,0,0,2,50.0
2026-03-05T02:02:21.373320,0,0,2,50.0
2026-03-05T02:02:22.378301,0,0,2,51.0
2026-03-05T02:02:23.385126,0,0,2,50.0
2026-03-05T02:02:24.391094,0,0,2,50.0
2026-03-05T02:02:25.398126,0,0,2,51.0
2026-03-05T02:02:26.403970,0,0,2,50.0
2026-03-05T02:02:27.407954,0,0,2,50.0
2026-03-05T02:02:29.409768,0,0,2,51.0
2026-03-05T02:02:29.422675,0,0,2,50.0
2026-03-05T02:02:30.429722,0,0,2,50.0
2026-03-05T02:02:31.435612,0,0,2,51.0
2026-03-05T02:02:32.441646,0,0,2,50.0
2026-03-05T02:02:33.447534,0,0,2,50.0
2026-03-05T02:02:34.452495,0,0,2,51.0
2026-03-05T02:02:35.460555,0,0,2,50.0
2026-03-05T02:02:36.466557,0,0,2,50.0
2026-03-05T02:02:37.473446,0,0,2,51.0
2026-03-05T02:02:39.475225,0,0,2,50.0
2026-03-05T02:03:07.108026,0,0,2,51.0
2026-03-05T02:03:08.114506,0,0,2,51.0
2026-03-05T02:03:09.120503,0,0,2,50.0
2026-03-05T02:03:10.126578,0,0,3,50.0
2026-03-05T02:03:11.132643,0,0,2,50.0
2026-03-05T02:03:12.139678,0,0,3,51.0
2026-03-05T02:03:13.145727,0,0,3,50.0
2026-03-05T02:03:14.152792,0,0,3,50.0
2026-03-05T02:03:15.159838,0,0,2,51.0
2026-03-05T02:03:16.164874,0,0,2,50.0
2026-03-05T02:03:17.169940,0,0,2,50.0
2026-03-05T02:03:18.178101,0,0,2,51.0
2026-03-05T02:03:19.185004,0,0,3,50.0
2026-03-05T02:03:20.191048,0,0,5,50.0
2026-03-05T02:03:21.197086,0,0,2,51.0
2026-03-05T02:03:22.203131,0,0,2,50.0
2026-03-05T02:03:23.210276,0,0,2,50.0
2026-03-05T02:03:24.217186,0,0,2,51.0
2026-03-05T02:03:25.221265,0,0,2,50.0
2026-03-05T02:03:27.222492,0,0,2,50.0
2026-03-05T02:03:27.235220,0,0,2,50.0
2026-03-05T02:03:28.242349,0,0,2,51.0
2026-03-05T02:03:29.248310,0,0,2,50.0
2026-03-05T02:03:30.254392,0,0,0,50.0
2026-03-05T02:03:31.261367,0,0,3,51.0
2026-03-05T02:03:32.265425,0,0,3,50.0
2026-03-05T02:03:34.266475,0,0,2,50.0
2026-03-05T02:04:04.375151,0,0,2,89.0
2026-03-05T02:04:05.381603,0,0,2,86.0
2026-03-05T02:04:06.387643,0,0,2,86.0
2026-03-05T02:04:08.389448,0,0,3,87.0
2026-03-05T02:05:41.132117,0,0,2,86.0
2026-03-05T02:05:42.138494,0,0,2,89.0
2026-03-05T02:05:43.144406,0,0,2,89.0
2026-03-05T02:05:44.150369,0,0,2,80.0
2026-03-05T02:05:45.156246,0,0,2,90.0
2026-03-05T02:05:46.161196,0,0,2,82.0
2026-03-05T02:05:47.170247,0,0,2,83.0
2026-03-05T02:05:48.176014,0,0,2,81.0
2026-03-05T02:05:49.181936,0,0,2,85.0
2026-03-05T02:05:50.187849,0,0,2,81.0
2026-03-05T02:05:51.194907,0,0,2,83.0
2026-03-05T02:05:52.200694,0,0,2,84.0
2026-03-05T02:05:53.206662,0,0,2,84.0
2026-03-05T02:05:54.212636,0,0,2,81.0
2026-03-05T02:05:55.219524,0,0,2,83.0
2026-03-05T02:05:56.226480,0,0,2,83.0
2026-03-05T02:05:57.231380,0,0,2,81.0
2026-03-05T02:05:58.238358,0,0,2,83.0
2026-03-05T02:05:59.244228,0,0,2,85.0
2026-03-05T02:06:00.251167,0,0,2,82.0
2026-03-05T02:06:01.257135,0,0,2,81.0
2026-03-05T02:06:02.263033,0,0,2,82.0
2026-03-05T02:06:03.269953,0,0,3,88.0
2026-03-05T02:06:04.275927,0,0,2,88.0
2026-03-05T02:06:05.282807,0,0,2,93.0
2026-03-05T02:06:06.288768,0,0,3,95.0
2026-03-05T02:06:07.293813,0,0,3,94.0
2026-03-05T02:06:09.295821,0,0,3,96.0
2026-03-05T02:06:09.307569,0,0,2,106.0
2026-03-05T02:06:10.313539,0,0,2,105.0
2026-03-05T02:06:11.320480,0,0,2,112.0
2026-03-05T02:06:12.326501,0,0,2,108.0
2026-03-05T02:06:13.332346,0,0,2,108.0
2026-03-05T02:06:14.339279,0,0,2,111.0
2026-03-05T02:06:15.344237,0,0,2,110.0
2026-03-05T02:06:16.351221,0,0,2,109.0
2026-03-05T02:06:17.357117,0,0,3,109.0
2026-03-05T02:06:18.364059,0,0,2,109.0
2026-03-05T02:06:19.371007,0,0,2,107.0
2026-03-05T02:06:20.376945,0,0,2,110.0
2026-03-05T02:06:21.382888,0,0,2,110.0
2026-03-05T02:06:22.387934,0,0,2,110.0
2026-03-05T02:06:23.395826,0,0,2,113.0
2026-03-05T02:06:24.401789,0,0,2,111.0
2026-03-05T02:06:25.407742,0,0,3,113.0
2026-03-05T02:06:26.413690,0,0,2,111.0
2026-03-05T02:06:27.420608,0,0,2,113.0
2026-03-05T02:06:28.427583,0,0,2,108.0
2026-03-05T02:06:29.431554,0,0,2,109.0
2026-03-05T02:06:30.439517,0,0,2,112.0
2026-03-05T02:06:31.445408,0,0,2,112.0
2026-03-05T02:06:32.452387,0,0,2,111.0
2026-03-05T02:06:33.458409,0,0,2,112.0
2026-03-05T02:06:34.465264,0,0,2,108.0
2026-03-05T02:06:35.471231,0,0,2,109.0
2026-03-05T02:06:36.477147,0,0,2,110.0
2026-03-05T02:06:38.478932,0,0,2,108.0
2026-03-05T02:06:38.490230,0,0,2,110.0
2026-03-05T02:06:39.496038,0,0,2,110.0
2026-03-05T02:06:40.501976,0,0,2,109.0
2026-03-05T02:06:41.508955,0,0,2,109.0
2026-03-05T02:06:42.514892,0,0,2,108.0
2026-03-05T02:06:43.521843,0,0,2,110.0
2026-03-05T02:06:44.527768,0,0,2,116.0
2026-03-05T02:06:45.533744,0,0,2,107.0
2026-03-05T02:06:46.540692,0,0,2,108.0
2026-03-05T02:06:47.546633,0,0,2,105.0
2026-03-05T02:06:49.548398,0,0,2,103.0
2026-03-05T02:06:49.558607,0,0,2,106.0
2026-03-05T02:06:50.565493,0,0,2,104.0
2026-03-05T02:06:51.572470,0,0,3,103.0
2026-03-05T02:06:52.578489,0,0,3,106.0
2026-03-05T02:06:53.584379,0,0,2,104.0
2026-03-05T02:06:54.590318,0,0,2,103.0
2026-03-05T02:06:55.597302,0,0,2,101.0
2026-03-05T02:06:56.603229,0,0,2,98.0
2026-03-05T02:06:57.610309,0,0,2,101.0
2026-03-05T02:06:58.615186,0,0,2,98.0
2026-03-05T02:06:59.622214,0,0,3,101.0
2026-03-05T02:07:00.629065,0,0,2,100.0
2026-03-05T02:07:01.635009,0,0,2,96.0
2026-03-05T02:07:02.640984,0,0,2,96.0
2026-03-05T02:07:03.646958,0,0,2,98.0
2026-03-05T02:07:04.653853,0,0,2,98.0
2026-03-05T02:07:06.655629,0,0,3,96.0
2026-03-05T02:07:06.666746,0,0,2,96.0
2026-03-05T02:07:07.672729,0,0,2,95.0
2026-03-05T02:07:08.678712,0,0,2,96.0
2026-03-05T02:07:09.685631,0,0,3,94.0
2026-03-05T02:07:10.691625,0,0,2,94.0
2026-03-05T02:07:11.698557,0,0,2,93.0
2026-03-05T02:07:13.700316,0,0,2,94.0
2026-03-05T02:07:13.710562,0,0,2,91.0
2026-03-05T02:07:14.716468,0,0,2,94.0
2026-03-05T02:07:15.723414,0,0,2,92.0
2026-03-05T02:07:16.729368,0,0,2,94.0
2026-03-05T02:07:17.734402,0,0,2,93.0
2026-03-05T02:07:18.742372,0,0,2,92.0
2026-03-05T02:07:20.744169,0,0,2,91.0
2026-03-05T02:07:20.755202,0,0,3,93.0
2026-03-05T02:07:21.760190,0,0,2,92.0
2026-03-05T02:07:22.767158,0,0,2,92.0
2026-03-05T02:07:23.774229,0,0,2,93.0
2026-03-05T02:07:24.780067,0,0,2,89.0
2026-03-05T02:07:25.787008,0,0,2,88.0
2026-03-05T02:07:27.788776,0,0,2,90.0
2026-03-05T02:07:27.798896,0,0,3,90.0
2026-03-05T02:07:28.804940,0,0,2,99.0
2026-03-05T02:07:29.811910,0,0,3,93.0
2026-03-05T02:07:30.816889,0,0,2,89.0
2026-03-05T02:07:31.823843,0,0,2,89.0
2026-03-05T02:07:32.830754,0,0,2,90.0
2026-03-05T02:07:34.832509,0,0,3,90.0
2026-03-05T02:07:34.843619,0,0,2,89.0
2026-03-05T02:07:35.848675,0,0,2,88.0
2026-03-05T02:07:36.855616,0,0,3,89.0
2026-03-05T02:07:37.861579,0,0,2,87.0
2026-03-05T02:07:38.868534,0,0,2,89.0
2026-03-05T02:07:39.875518,0,0,2,89.0
2026-03-05T02:07:41.877307,0,0,2,87.0
2026-03-05T02:07:41.887406,0,0,2,87.0
2026-03-05T02:07:42.893399,0,0,2,87.0
2026-03-05T02:07:43.900370,0,0,2,87.0
2026-03-05T02:07:44.905348,0,0,2,86.0
2026-03-05T02:07:45.912307,0,0,3,88.0
2026-03-05T02:07:46.916338,0,0,2,88.0
2026-03-05T02:07:48.918197,0,0,2,87.0
2026-03-05T02:07:48.932201,0,0,2,84.0
2026-03-05T02:07:49.937179,0,0,2,89.0
2026-03-05T02:07:50.944148,0,0,2,86.0
2026-03-05T02:07:51.950128,0,0,2,86.0
2026-03-05T02:07:52.957024,0,0,3,87.0
2026-03-05T02:07:53.962079,0,0,2,85.0
2026-03-05T02:07:54.969042,0,0,2,87.0
2026-03-05T02:07:55.975994,0,0,2,88.0
2026-03-05T02:07:56.981929,0,0,2,85.0
2026-03-05T02:07:57.987878,0,0,2,87.0
2026-03-05T02:07:58.993836,0,0,2,89.0
2026-03-05T02:08:00.000787,0,0,2,85.0
2026-03-05T02:08:01.005809,0,0,2,88.0
2026-03-05T02:08:02.011826,0,0,2,86.0
2026-03-05T02:08:03.018808,0,0,3,85.0
2026-03-05T02:08:04.025724,0,0,2,84.0
2026-03-05T02:08:05.032832,0,0,2,86.0
2026-03-05T02:08:06.038643,0,0,2,86.0
2026-03-05T02:08:07.045629,0,0,2,84.0
2026-03-05T02:08:08.050610,0,0,2,84.0
2026-03-05T02:08:09.055535,0,0,2,85.0
2026-03-05T02:08:10.062590,0,0,2,85.0
2026-03-05T02:08:11.070513,0,0,2,86.0
2026-03-05T02:08:12.077438,0,0,2,83.0
2026-03-05T02:08:13.082484,0,0,2,84.0
2026-03-05T02:08:14.089445,0,0,2,84.0
2026-03-05T02:08:15.095413,0,0,2,85.0
2026-03-05T02:08:16.100403,0,0,2,84.0
2026-03-05T02:08:17.107309,0,0,2,83.0
2026-03-05T02:08:18.114342,0,0,3,85.0
2026-03-05T02:08:19.120271,0,0,2,83.0
2026-03-05T02:08:20.127268,0,0,2,83.0
2026-03-05T02:08:21.134270,0,0,2,84.0
2026-03-05T02:08:22.139204,0,0,2,83.0
2026-03-05T02:08:23.146211,0,0,2,84.0
2026-03-05T02:08:24.152136,0,0,2,85.0
2026-03-05T02:08:25.157058,0,0,2,83.0
2026-03-05T02:08:26.164172,0,0,2,86.0
2026-03-05T02:08:28.166093,0,0,2,83.0
2026-03-05T02:08:28.177923,0,0,2,84.0
2026-03-05T02:08:29.183934,0,0,2,86.0
2026-03-05T02:08:30.190884,0,0,2,82.0
2026-03-05T02:08:31.195843,0,0,2,85.0
2026-03-05T02:08:32.202812,0,0,2,82.0
2026-03-05T02:08:33.208704,0,0,3,85.0
2026-03-05T02:08:35.210506,0,0,2,83.0
2026-03-05T02:08:35.221770,0,0,2,83.0
2026-03-05T02:08:36.227678,0,0,2,83.0
2026-03-05T02:08:37.234651,0,0,2,84.0
2026-03-05T02:08:38.240599,0,0,2,82.0
2026-03-05T02:08:39.247586,0,0,2,82.0
2026-03-05T02:08:40.252542,0,0,2,82.0
2026-03-05T02:08:41.257528,0,0,2,83.0
2026-03-05T02:08:42.265590,0,0,2,83.0
2026-03-05T02:08:43.272542,0,0,2,82.0
2026-03-05T02:08:45.274400,0,0,2,82.0
2026-03-05T02:08:45.284361,0,0,3,83.0
2026-03-05T02:08:46.291372,0,0,2,80.0
2026-03-05T02:08:47.297332,0,0,2,82.0
2026-03-05T02:08:48.304300,0,0,2,83.0
2026-03-05T02:08:49.310378,0,0,2,82.0
2026-03-05T02:08:50.316260,0,0,2,80.0
2026-03-05T02:08:51.322402,0,0,2,85.0
2026-03-05T02:08:53.324234,0,0,3,78.0
2026-03-05T02:08:53.336154,0,0,3,84.0
2026-03-05T02:08:54.341138,0,0,3,80.0
2026-03-05T02:08:55.348100,0,0,3,82.0
2026-03-05T02:08:56.354177,0,0,2,80.0
2026-03-05T02:08:57.361035,0,0,2,82.0
2026-03-05T02:08:58.366996,0,0,3,81.0
2026-03-05T02:08:59.373038,0,0,2,81.0
2026-03-05T02:09:00.379948,0,0,2,83.0
2026-03-05T02:09:01.385920,0,0,2,82.0
2026-03-05T02:09:02.392851,0,0,2,80.0
2026-03-05T02:09:03.397894,0,0,3,82.0
2026-03-05T02:09:04.404838,0,0,2,80.0
2026-03-05T02:09:05.410804,0,0,2,85.0
2026-03-05T02:09:07.412571,0,0,2,81.0
2026-03-05T02:09:07.423743,0,0,2,79.0
2026-03-05T02:09:08.429723,0,0,3,81.0
2026-03-05T02:09:09.436670,0,0,2,81.0
2026-03-05T02:09:10.442702,0,0,2,79.0
2026-03-05T02:09:11.449651,0,0,2,79.0
2026-03-05T02:09:12.455579,0,0,2,82.0
2026-03-05T02:09:13.461577,0,0,2,81.0
2026-03-05T02:09:14.467589,0,0,6,79.0
2026-03-05T02:09:15.474525,0,0,2,81.0
2026-03-05T02:09:16.481459,0,0,3,77.0
2026-03-05T02:09:17.486526,0,0,2,79.0
2026-03-05T02:09:18.493424,0,0,2,81.0
2026-03-05T02:09:19.499395,0,0,2,81.0
2026-03-05T02:09:20.506451,0,0,3,80.0
2026-03-05T02:09:21.512350,0,0,3,79.0
2026-03-05T02:09:22.518393,0,0,3,81.0
2026-03-05T02:09:23.524298,0,0,2,79.0
2026-03-05T02:09:24.531303,0,0,2,79.0
2026-03-05T02:09:25.538386,0,0,2,77.0
2026-03-05T02:09:26.544317,0,0,2,81.0
2026-03-05T02:09:27.550382,0,0,2,79.0
2026-03-05T02:09:28.556360,0,0,2,74.0
2026-03-05T02:09:29.563344,0,0,2,79.0
2026-03-05T02:09:30.569348,0,0,2,80.0
2026-03-05T02:09:31.575352,0,0,2,80.0
2026-03-05T02:09:32.582445,0,0,2,78.0
2026-03-05T02:09:33.588373,0,0,2,80.0
2026-03-05T02:09:34.595367,0,0,2,78.0
2026-03-05T02:09:35.601400,0,0,2,79.0
2026-03-05T02:10:21.866348,0,0,2,79.0
2026-03-05T02:10:22.872556,0,0,2,79.0
2026-03-05T02:10:24.874432,0,0,2,77.0
2026-03-05T02:10:24.885505,0,0,3,80.0
2026-03-05T02:10:25.891534,0,0,2,78.0
2026-03-05T02:10:27.893374,0,0,2,77.0
2026-03-05T02:10:27.903482,0,0,2,77.0
2026-03-05T02:10:28.910495,0,0,2,78.0
2026-03-05T02:10:29.917450,0,0,4,78.0
2026-03-05T02:10:30.922502,0,0,2,75.0
2026-03-05T02:10:31.929440,0,0,2,74.0
2026-03-05T02:10:32.935369,0,0,2,80.0
2026-03-05T02:10:33.942487,0,0,3,74.0
2026-03-05T02:10:34.948415,0,0,2,79.0
2026-03-05T02:10:35.954341,0,0,2,76.0
2026-03-05T02:10:36.960349,0,0,1,73.0
2026-03-05T02:10:37.967336,0,0,3,76.0
2026-03-05T02:10:38.974435,0,0,2,77.0
2026-03-05T02:10:39.979352,0,0,2,76.0
2026-03-05T02:10:40.986469,0,0,2,77.0
2026-03-05T02:10:41.992355,0,0,3,74.0
2026-03-05T02:10:42.999347,0,0,2,78.0
2026-03-05T02:10:44.005342,0,0,2,74.0
2026-03-05T02:10:45.011331,0,0,2,79.0
2026-03-05T02:10:46.018396,0,0,2,78.0
2026-03-05T02:10:47.024312,0,0,2,79.0
2026-03-05T02:10:48.031264,0,0,2,82.0
2026-03-05T02:10:49.037313,0,0,2,84.0
2026-03-05T02:10:50.043300,0,0,2,87.0
2026-03-05T02:10:51.049263,0,0,4,92.0
2026-03-05T02:10:52.056246,0,0,2,91.0
2026-03-05T02:10:53.062348,0,0,2,86.0
2026-03-05T02:10:54.068216,0,0,2,90.0
2026-03-05T02:10:55.075212,0,0,2,91.0
2026-03-05T02:10:56.081223,0,0,2,88.0
2026-03-05T02:10:58.083056,0,0,3,87.0
2026-03-05T02:10:58.094286,0,0,2,88.0
2026-03-05T02:10:59.099141,0,0,2,91.0
2026-03-05T02:11:00.106289,0,0,2,88.0
2026-03-05T02:11:01.113169,0,0,2,87.0
2026-03-05T02:11:02.120174,0,0,2,88.0
2026-03-05T02:11:03.125156,0,0,2,86.0
2026-03-05T02:11:04.132156,0,0,3,88.0
2026-03-05T02:11:05.138255,0,0,2,88.0
2026-03-05T02:11:06.144147,0,0,2,85.0
2026-03-05T02:11:07.151160,0,0,2,89.0
2026-03-05T02:11:08.157128,0,0,2,86.0
2026-03-05T02:11:09.163135,0,0,2,84.0
2026-03-05T02:11:10.170221,0,0,2,85.0
2026-03-05T02:11:11.176073,0,0,2,84.0
2026-03-05T02:11:12.183088,0,0,3,84.0
2026-03-05T02:11:13.189119,0,0,2,85.0
2026-03-05T02:11:14.195125,0,0,2,83.0
2026-03-05T02:11:24.895468,0,0,2,82.0
2026-03-05T02:11:27.381923,0,0,2,85.0
2026-03-05T02:11:28.383915,0,0,2,79.0
2026-03-05T02:11:29.390076,0,0,2,80.0
2026-03-05T02:11:30.398957,0,0,2,82.0
2026-03-05T02:11:31.404899,0,0,2,79.0
2026-03-05T02:11:33.406688,0,0,2,81.0
2026-03-05T02:11:33.416886,0,0,2,82.0
2026-03-05T02:11:34.423907,0,0,3,79.0
2026-03-05T02:11:35.430929,0,0,2,80.0
2026-03-05T02:11:36.435928,0,0,3,78.0
2026-03-05T02:11:37.442895,0,0,2,83.0
2026-03-05T02:11:38.448729,0,0,3,80.0
2026-03-05T02:11:39.454821,0,0,3,75.0
2026-03-05T02:11:40.461749,0,0,2,82.0
2026-03-05T02:11:41.467783,0,0,2,79.0
2026-03-05T02:11:42.473735,0,0,2,80.0
2026-03-05T02:11:43.480753,0,0,2,78.0
2026-03-05T02:11:44.487713,0,0,2,79.0
2026-03-05T02:11:45.492713,0,0,2,79.0
2026-03-05T02:11:46.499730,0,0,2,81.0
2026-03-05T02:11:47.505685,0,0,2,79.0
2026-03-05T02:11:48.512640,0,0,2,78.0
2026-03-05T02:11:49.518656,0,0,2,76.0
2026-03-05T02:11:50.524661,0,0,2,79.0
2026-03-05T02:11:51.531635,0,0,2,84.0
2026-03-05T02:11:52.537609,0,0,2,86.0
2026-03-05T02:11:53.544609,0,0,2,86.0
2026-03-05T02:11:54.550577,0,0,2,88.0
2026-03-05T02:11:55.556543,0,0,2,87.0
2026-03-05T02:11:56.562544,0,0,2,89.0
2026-03-05T02:11:57.569523,0,0,2,91.0
2026-03-05T02:11:58.575509,0,0,3,88.0
2026-03-05T02:11:59.581489,0,0,2,88.0
2026-03-05T02:12:00.588516,0,0,2,89.0
2026-03-05T02:12:01.594484,0,0,2,90.0
2026-03-05T02:12:02.601453,0,0,2,89.0
2026-03-05T02:12:03.607457,0,0,3,86.0
2026-03-05T02:12:04.613454,0,0,2,88.0
2026-03-05T02:12:05.619451,0,0,2,87.0
2026-03-05T02:12:06.626547,0,0,2,85.0
2026-03-05T02:12:08.628320,0,0,2,85.0
2026-03-05T02:12:08.637359,0,0,2,88.0
2026-03-05T02:12:09.645365,0,0,2,86.0
2026-03-05T02:12:10.651370,0,0,2,86.0
2026-03-05T02:12:11.658418,0,0,2,87.0
2026-03-05T02:12:12.664338,0,0,3,85.0
2026-03-05T02:12:13.670425,0,0,2,83.0
2026-03-05T02:12:14.676357,0,0,2,85.0
2026-03-05T02:12:16.678278,0,0,2,85.0
2026-03-05T02:12:16.690293,0,0,2,85.0
2026-03-05T02:12:17.696315,0,0,2,84.0
2026-03-05T02:12:18.702355,0,0,2,86.0
2026-03-05T02:12:19.708290,0,0,3,82.0
2026-03-05T02:12:20.715281,0,0,2,88.0
2026-03-05T02:12:21.721256,0,0,3,81.0
2026-03-05T02:12:22.727196,0,0,2,82.0
2026-03-05T02:12:24.728990,0,0,2,84.0
2026-03-05T02:12:24.740063,0,0,2,83.0
2026-03-05T02:12:25.746622,0,0,3,81.0
2026-03-05T02:12:26.753066,0,0,2,83.0
2026-03-05T02:12:27.759073,0,0,2,84.0
2026-03-05T02:12:28.765055,0,0,2,80.0
2026-03-05T02:12:29.772111,0,0,2,84.0
2026-03-05T02:12:30.778192,0,0,2,75.0
2026-03-05T02:12:31.784051,0,0,2,81.0
2026-03-05T02:12:32.791027,0,0,3,81.0
2026-03-05T02:12:33.797019,0,0,2,81.0
2026-03-05T02:12:34.804000,0,0,2,82.0
2026-03-05T02:12:35.809983,0,0,2,80.0
2026-03-05T02:12:36.815960,0,0,2,79.0
2026-03-05T02:12:37.822072,0,0,3,81.0
2026-03-05T02:12:38.828962,0,0,3,80.0
2026-03-05T02:12:39.835954,0,0,2,79.0
2026-03-05T02:12:41.837739,0,0,2,80.0
2026-03-05T02:12:41.847783,0,0,2,80.0
2026-03-05T02:12:42.853812,0,0,2,80.0
2026-03-05T02:12:43.860798,0,0,2,81.0
2026-03-05T02:12:44.866783,0,0,2,79.0
2026-03-05T02:12:45.872740,0,0,2,78.0
2026-03-05T02:12:46.878709,0,0,2,83.0
2026-03-05T02:12:47.885833,0,0,2,80.0
2026-03-05T02:12:48.892719,0,0,2,78.0
2026-03-05T02:12:49.898705,0,0,2,80.0
2026-03-05T02:12:50.904694,0,0,2,78.0
2026-03-05T02:12:51.910661,0,0,2,77.0
2026-03-05T02:12:52.917642,0,0,2,81.0
2026-03-05T02:12:53.923627,0,0,3,76.0
2026-03-05T02:13:21.888632,0,0,2,50.0
2026-03-05T02:13:24.372191,0,0,2,51.0
2026-03-05T02:13:25.379178,0,0,2,51.0
2026-03-05T02:13:26.383764,0,0,2,50.0
2026-03-05T02:13:28.385615,0,0,2,50.0
2026-03-05T02:13:28.398123,0,0,2,50.0
2026-03-05T02:13:37.211405,0,0,2,50.0
2026-03-05T02:13:39.695820,0,0,2,51.0
2026-03-05T02:13:40.701794,0,0,3,51.0
2026-03-05T02:13:41.707758,0,0,2,50.0
2026-03-05T02:13:42.714782,0,0,3,50.0
2026-03-05T02:13:43.720793,0,0,2,51.0
2026-03-05T02:13:44.726791,0,0,2,50.0
2026-03-05T02:13:45.732755,0,0,2,50.0
2026-03-05T02:13:46.739739,0,0,2,51.0
2026-03-05T02:13:47.746706,0,0,2,50.0
2026-03-05T02:13:48.751708,0,0,2,50.0
2026-03-05T02:13:49.758686,0,0,2,51.0
2026-03-05T02:13:50.764684,0,0,3,50.0
2026-03-05T02:13:51.771611,0,0,2,50.0
2026-03-05T02:13:52.777579,0,0,3,50.0
2026-03-05T02:13:53.783563,0,0,2,51.0
2026-03-05T02:13:54.789548,0,0,2,50.0
2026-03-05T02:13:55.796518,0,0,3,50.0
2026-03-05T02:13:56.803499,0,0,2,51.0
2026-03-05T02:13:57.808562,0,0,2,50.0
2026-03-05T02:13:58.815505,0,0,2,50.0
2026-03-05T02:13:59.821478,0,0,2,52.0
2026-03-05T02:14:00.828458,0,0,2,50.0
2026-03-05T02:14:01.834499,0,0,4,50.0
2026-03-05T02:14:11.887700,0,0,2,50.0
2026-03-05T02:14:14.634625,0,0,2,51.0
2026-03-05T02:14:15.378284,0,0,3,50.0
2026-03-05T02:14:16.384124,0,0,3,51.0
2026-03-05T02:14:17.391113,0,0,2,50.0
2026-03-05T02:14:18.397095,0,0,2,50.0
2026-03-05T02:14:19.403078,0,0,2,51.0
2026-03-05T02:14:20.409057,0,0,2,50.0
2026-03-05T02:14:21.414122,0,0,2,50.0
2026-03-05T02:14:22.423034,0,0,2,51.0
2026-03-05T02:14:23.428000,0,0,2,50.0
2026-03-05T02:14:24.434978,0,0,2,50.0
2026-03-05T02:14:25.440949,0,0,3,51.0
2026-03-05T02:14:26.447937,0,0,2,50.0
2026-03-05T02:14:27.453895,0,0,2,50.0
2026-03-05T02:14:28.459885,0,0,2,51.0
2026-03-05T02:14:29.465881,0,0,2,50.0
2026-03-05T02:14:30.472847,0,0,2,50.0
2026-03-05T02:14:31.479835,0,0,2,51.0
2026-03-05T02:14:32.484825,0,0,2,50.0
2026-03-05T02:14:33.491792,0,0,2,50.0
2026-03-05T02:14:34.497775,0,0,2,50.0
2026-03-05T02:14:35.504795,0,0,2,51.0
2026-03-05T02:14:37.506670,0,0,3,50.0
2026-03-05T02:14:37.516682,0,0,3,50.0
2026-03-05T02:14:38.523693,0,0,2,51.0
2026-03-05T02:14:39.529703,0,0,3,61.0
2026-03-05T02:14:40.536594,0,0,3,76.0
2026-03-05T02:14:41.542557,0,0,2,80.0
2026-03-05T02:14:42.548543,0,0,1,81.0
2026-03-05T02:14:43.552475,0,0,2,85.0
2026-03-05T02:14:45.554221,0,0,2,83.0
2026-03-05T02:14:45.567362,0,0,2,81.0
2026-03-05T02:14:46.573499,0,0,2,84.0
2026-03-05T02:14:47.580442,0,0,2,80.0
2026-03-05T02:14:48.586460,0,0,2,80.0
2026-03-05T02:14:49.592379,0,0,2,81.0
2026-03-05T02:14:50.599411,0,0,2,81.0
2026-03-05T02:14:51.605393,0,0,2,80.0
2026-03-05T02:14:52.611384,0,0,2,80.0
2026-03-05T02:14:53.618401,0,0,2,81.0
2026-03-05T02:14:54.625316,0,0,2,81.0
2026-03-05T02:14:55.630363,0,0,2,78.0
2026-03-05T02:14:56.637282,0,0,3,78.0
2026-03-05T02:14:57.643296,0,0,2,80.0
2026-03-05T02:14:58.650360,0,0,2,78.0
2026-03-05T02:14:59.656228,0,0,2,76.0
2026-03-05T02:15:00.662261,0,0,2,81.0
2026-03-05T02:15:01.668188,0,0,2,79.0
2026-03-05T02:15:02.675163,0,0,2,77.0
2026-03-05T02:15:03.682198,0,0,2,81.0
2026-03-05T02:15:04.688072,0,0,2,76.0
2026-03-05T02:15:05.694214,0,0,2,79.0
2026-03-05T02:15:06.700038,0,0,2,79.0
2026-03-05T02:15:07.707016,0,0,2,78.0
2026-03-05T02:15:08.712992,0,0,2,77.0
2026-03-05T02:15:09.718979,0,0,2,77.0
2026-03-05T02:15:10.725946,0,0,2,78.0
2026-03-05T02:15:11.731946,0,0,2,79.0
2026-03-05T02:15:12.738988,0,0,2,75.0
2026-03-05T02:15:13.744974,0,0,2,77.0
2026-03-05T02:15:14.750960,0,0,2,78.0
2026-03-05T02:15:15.756895,0,0,2,77.0
2026-03-05T02:15:16.763874,0,0,2,78.0
2026-03-05T02:15:17.769826,0,0,3,73.0
2026-03-05T02:15:18.775847,0,0,2,76.0
2026-03-05T02:15:19.782820,0,0,2,76.0
2026-03-05T02:15:21.784613,0,0,2,74.0
2026-03-05T02:15:21.795696,0,0,2,77.0
2026-03-05T02:15:22.801743,0,0,2,78.0
2026-03-05T02:15:23.807713,0,0,2,74.0
2026-03-05T02:15:24.813692,0,0,2,75.0
2026-03-05T02:15:25.820674,0,0,2,81.0
2026-03-05T02:15:26.827569,0,0,2,79.0
2026-03-05T02:15:28.829287,0,0,2,72.0
2026-03-05T02:15:28.839498,0,0,2,75.0
2026-03-05T02:15:29.845543,0,0,2,85.0
2026-03-05T02:15:30.852542,0,0,3,68.0
2026-03-05T02:15:31.858540,0,0,2,89.0
2026-03-05T02:15:32.864487,0,0,2,75.0
2026-03-05T02:15:34.877481,0,0,2,76.0
2026-03-05T02:15:35.884415,0,0,2,101.0
2026-03-05T02:15:36.890508,0,0,2,101.0
2026-03-05T02:15:37.896371,0,0,2,78.0
2026-03-05T02:15:38.902416,0,0,2,61.0
2026-03-05T02:15:39.909332,0,0,2,50.0
2026-03-05T02:15:40.915320,0,0,2,50.0
2026-03-05T02:15:41.921372,0,0,2,51.0
2026-03-05T02:15:42.928355,0,0,3,50.0
2026-03-05T02:15:44.930205,0,0,2,50.0
2026-03-05T02:15:44.941270,0,0,2,51.0
2026-03-05T02:15:45.947301,0,0,2,50.0
2026-03-05T02:15:46.953260,0,0,2,50.0
2026-03-05T02:15:47.959245,0,0,2,50.0
2026-03-05T02:15:49.961019,0,0,3,51.0
2026-03-05T02:15:49.972130,0,0,2,50.0
2026-03-05T02:15:50.979188,0,0,1,50.0
2026-03-05T02:15:51.985140,0,0,2,51.0
2026-03-05T02:15:52.991096,0,0,2,50.0
2026-03-05T02:15:53.998190,0,0,2,50.0
2026-03-05T02:15:55.004014,0,0,2,51.0
2026-03-05T02:15:56.011047,0,0,3,50.0
2026-03-05T02:15:57.015975,0,0,2,50.0
2026-03-05T02:15:58.022956,0,0,2,51.0
2026-03-05T02:15:59.028880,0,0,3,50.0
2026-03-05T02:16:00.035906,0,0,2,50.0
2026-03-05T02:16:01.041897,0,0,2,51.0
2026-03-05T02:16:02.047858,0,0,2,50.0
2026-03-05T02:16:03.054892,0,0,2,50.0
2026-03-05T02:16:04.059797,0,0,2,51.0
2026-03-05T02:16:05.067767,0,0,2,50.0
2026-03-05T02:16:06.072744,0,0,2,50.0
2026-03-05T02:16:07.079728,0,0,3,50.0
2026-03-05T02:16:08.086712,0,0,2,51.0
2026-03-05T02:16:09.092697,0,0,2,50.0
2026-03-05T02:16:10.098726,0,0,3,50.0
2026-03-05T02:16:11.104662,0,0,2,51.0
2026-03-05T02:16:12.111640,0,0,2,50.0
2026-03-05T02:16:13.117622,0,0,2,50.0
2026-03-05T02:16:14.124590,0,0,2,51.0
2026-03-05T02:16:15.130565,0,0,2,50.0
2026-03-05T02:16:16.136562,0,0,2,50.0
2026-03-05T02:16:17.143542,0,0,2,51.0
2026-03-05T02:16:18.149529,0,0,2,50.0
2026-03-05T02:16:19.156506,0,0,2,50.0
2026-03-05T02:16:20.161475,0,0,2,51.0
2026-03-05T02:16:21.168457,0,0,2,50.0
2026-03-05T02:16:22.174488,0,0,2,50.0
2026-03-05T02:16:23.181403,0,0,2,51.0
2026-03-05T02:16:24.187417,0,0,2,50.0
2026-03-05T02:16:25.193398,0,0,3,50.0
2026-03-05T02:16:26.200357,0,0,2,51.0
2026-03-05T02:16:27.206417,0,0,2,50.0
2026-03-05T02:16:28.213296,0,0,2,50.0
2026-03-05T02:16:29.218401,0,0,1,50.0
2026-03-05T02:16:30.225288,0,0,2,51.0
2026-03-05T02:16:32.227073,0,0,4,50.0
2026-03-05T02:16:32.238229,0,0,2,50.0
2026-03-05T02:16:33.244159,0,0,2,51.0
2026-03-05T02:16:34.249136,0,0,2,50.0
2026-03-05T02:16:35.257097,0,0,2,50.0
2026-03-05T02:16:36.263060,0,0,2,51.0
2026-03-05T02:16:37.270163,0,0,2,50.0
2026-03-05T02:16:39.271920,0,0,2,50.0
2026-03-05T02:16:39.281964,0,0,2,51.0
2026-03-05T02:16:40.289014,0,0,2,50.0
2026-03-05T02:16:41.295022,0,0,1,50.0
2026-03-05T02:16:42.301952,0,0,2,51.0
2026-03-05T02:16:43.306948,0,0,2,50.0
2026-03-05T02:16:44.313885,0,0,2,50.0
2026-03-05T02:16:46.315729,0,0,2,50.0
2026-03-05T02:16:46.326828,0,0,2,51.0
2026-03-05T02:16:47.332829,0,0,2,50.0
2026-03-05T02:16:57.900385,0,0,2,51.0
2026-03-05T02:17:00.383565,0,0,2,52.0
2026-03-05T02:17:02.385286,0,0,2,50.0
2026-03-05T02:17:02.396549,0,0,2,50.0
2026-03-05T02:17:03.403569,0,0,2,51.0
2026-03-05T02:17:04.408538,0,0,2,50.0
2026-03-05T02:17:05.415524,0,0,1,50.0
2026-03-05T02:17:06.421454,0,0,2,51.0
2026-03-05T02:17:07.428395,0,0,2,50.0
2026-03-05T02:17:08.435373,0,0,2,50.0
2026-03-05T02:17:09.440335,0,0,2,51.0
2026-03-05T02:17:10.447321,0,0,1,50.0
2026-03-05T02:17:11.453306,0,0,2,50.0
2026-03-05T02:17:12.460246,0,0,2,50.0
2026-03-05T02:17:14.462109,0,0,2,51.0
2026-03-05T02:17:14.472184,0,0,2,50.0
2026-03-05T02:17:15.478273,0,0,2,50.0
2026-03-05T02:17:16.485168,0,0,2,51.0
2026-03-05T02:17:17.492156,0,0,2,50.0
2026-03-05T02:17:18.497144,0,0,2,50.0
2026-03-05T02:17:19.504155,0,0,2,51.0
2026-03-05T02:17:20.510267,0,0,2,50.0
2026-03-05T02:17:21.517121,0,0,2,50.0
2026-03-05T02:17:22.523088,0,0,3,51.0
2026-03-05T02:17:23.529064,0,0,3,50.0
2026-03-05T02:17:24.536040,0,0,2,50.0
2026-03-05T02:17:25.542111,0,0,2,51.0
2026-03-05T02:17:26.548999,0,0,2,50.0
2026-03-05T02:17:28.550807,0,0,1,50.0
2026-03-05T02:17:28.560873,0,0,2,51.0
2026-03-05T02:17:29.566915,0,0,3,50.0
2026-03-05T02:17:30.573887,0,0,2,50.0
2026-03-05T02:17:31.579846,0,0,3,50.0
2026-03-05T02:17:32.585836,0,0,2,51.0
2026-03-05T02:17:33.592751,0,0,2,50.0
2026-03-05T02:17:35.594485,0,0,2,50.0
2026-03-05T02:17:35.605715,0,0,2,51.0
2026-03-05T02:17:36.611731,0,0,2,50.0
2026-03-05T02:17:37.617699,0,0,2,50.0
2026-03-05T02:17:38.623673,0,0,2,51.0
2026-03-05T02:17:39.630683,0,0,2,50.0
2026-03-05T02:17:40.637709,0,0,2,50.0
2026-03-05T02:17:41.642686,0,0,3,51.0
2026-03-05T02:17:42.649632,0,0,2,50.0
2026-03-05T02:17:43.655617,0,0,2,50.0
2026-03-05T02:17:44.662621,0,0,2,51.0
2026-03-05T02:17:45.667557,0,0,2,50.0
2026-03-05T02:17:46.674603,0,0,2,50.0
2026-03-05T02:17:47.680570,0,0,2,50.0
2026-03-05T02:17:49.682402,0,0,2,51.0
2026-03-05T02:17:49.694528,0,0,2,50.0
2026-03-05T02:17:50.700486,0,0,2,50.0
2026-03-05T02:17:51.706513,0,0,2,51.0
2026-03-05T02:17:52.712453,0,0,2,50.0
2026-03-05T02:17:53.719412,0,0,2,50.0
2026-03-05T02:17:54.725427,0,0,2,51.0
2026-03-05T02:17:55.731367,0,0,3,50.0
2026-03-05T02:17:56.738395,0,0,3,50.0
2026-03-05T02:17:57.744238,0,0,2,51.0
2026-03-05T02:17:58.751179,0,0,2,50.0
2026-03-05T02:17:59.757082,0,0,3,50.0
2026-03-05T02:18:00.763103,0,0,3,51.0
2026-03-05T02:18:01.769059,0,0,2,50.0
2026-03-05T02:18:02.775995,0,0,2,50.0
2026-03-05T02:18:03.781942,0,0,2,51.0
2026-03-05T02:18:04.788986,0,0,2,50.0
2026-03-05T02:18:05.794949,0,0,2,50.0
2026-03-05T02:18:06.800891,0,0,3,51.0
2026-03-05T02:18:07.807856,0,0,2,50.0
2026-03-05T02:18:09.809634,0,0,3,50.0
2026-03-05T02:18:09.819653,0,0,2,50.0
2026-03-05T02:18:10.825671,0,0,2,51.0
2026-03-05T02:18:11.832618,0,0,2,50.0
2026-03-05T02:18:12.839566,0,0,2,50.0
2026-03-05T02:18:13.845525,0,0,2,51.0
2026-03-05T02:18:14.851456,0,0,2,50.0
2026-03-05T02:18:16.853219,0,0,2,50.0
2026-03-05T02:18:16.864361,0,0,2,51.0
2026-03-05T02:18:17.870435,0,0,2,50.0
2026-03-05T02:18:18.876337,0,0,2,50.0
2026-03-05T02:18:19.882328,0,0,2,51.0
2026-03-05T02:18:20.889266,0,0,3,50.0
2026-03-05T02:18:21.896222,0,0,3,50.0
2026-03-05T02:18:23.898085,0,0,3,51.0
2026-03-05T02:18:23.908087,0,0,2,50.0
2026-03-05T02:18:24.914184,0,0,2,50.0
2026-03-05T02:18:25.921025,0,0,2,51.0
2026-03-05T02:18:26.926998,0,0,2,50.0
2026-03-05T02:18:27.933942,0,0,3,50.0
2026-03-05T02:19:20.125163,0,0,2,52.0
2026-03-05T02:19:20.873013,0,0,2,50.0
2026-03-05T02:19:21.879006,0,0,2,50.0
2026-03-05T02:19:23.880851,0,0,2,51.0
2026-03-05T02:19:23.891856,0,0,3,50.0
2026-03-05T02:19:24.897817,0,0,2,50.0
2026-03-05T02:19:25.903796,0,0,3,51.0
2026-03-05T02:19:26.910816,0,0,2,50.0
2026-03-05T02:19:27.917711,0,0,1,50.0
2026-03-05T02:19:28.922636,0,0,2,51.0
2026-03-05T02:19:29.929593,0,0,2,50.0
2026-03-05T02:19:30.935451,0,0,3,50.0
2026-03-05T02:19:31.942522,0,0,2,51.0
2026-03-05T02:19:32.948446,0,0,2,50.0
2026-03-05T02:19:33.954454,0,0,2,50.0
2026-03-05T02:19:34.960420,0,0,2,51.0
2026-03-05T02:19:35.967361,0,0,2,50.0
2026-03-05T02:19:36.974457,0,0,2,50.0
2026-03-05T02:19:37.979328,0,0,2,50.0
2026-03-05T02:19:38.986332,0,0,2,51.0
2026-03-05T02:19:39.992224,0,0,2,50.0
2026-03-05T02:19:40.999167,0,0,2,50.0
2026-03-05T02:19:42.005160,0,0,4,51.0
2026-03-05T02:19:43.011118,0,0,4,50.0
2026-03-05T02:19:44.018217,0,0,2,50.0
2026-03-05T02:19:45.024063,0,0,1,51.0
2026-03-05T02:19:46.031003,0,0,2,50.0
2026-03-05T02:19:47.035982,0,0,5,50.0
2026-03-05T02:19:48.042916,0,0,2,51.0
2026-03-05T02:19:49.048866,0,0,3,50.0
2026-03-05T02:19:50.055826,0,0,2,50.0
2026-03-05T02:19:51.061790,0,0,2,51.0
2026-03-05T02:19:52.067850,0,0,1,50.0
2026-03-05T02:19:53.074773,0,0,2,50.0
2026-03-05T02:19:54.080717,0,0,2,51.0
2026-03-05T02:19:55.087663,0,0,2,50.0
2026-03-05T02:19:56.093634,0,0,2,50.0
2026-03-05T02:19:57.099611,0,0,2,51.0
2026-03-05T02:19:58.105567,0,0,2,50.0
2026-03-05T02:20:18.147518,0,0,2,51.0
2026-03-05T02:20:20.630826,0,0,2,51.0
2026-03-05T02:20:21.637753,0,0,2,50.0
2026-03-05T02:20:22.641830,0,0,2,51.0
2026-03-05T02:20:24.643792,0,0,2,50.0
2026-03-05T02:21:00.637950,0,0,2,50.0
2026-03-05T02:21:03.121347,0,0,2,52.0
2026-03-05T02:21:04.128298,0,0,2,50.0
2026-03-05T02:21:05.134426,0,0,2,50.0
2026-03-05T02:21:07.136192,0,0,2,51.0
2026-03-05T02:21:07.146238,0,0,2,50.0
2026-03-05T02:21:08.153162,0,0,2,50.0
2026-03-05T02:21:09.159129,0,0,2,50.0
2026-03-05T02:21:10.166159,0,0,2,51.0
2026-03-05T02:21:11.173046,0,0,2,50.0
2026-03-05T02:21:12.178110,0,0,2,50.0
2026-03-05T02:21:13.183922,0,0,2,51.0
2026-03-05T02:21:14.191030,0,0,2,50.0
2026-03-05T02:21:15.197916,0,0,3,50.0
2026-03-05T02:23:22.642697,0,0,2,51.0
2026-03-05T02:23:25.125832,0,0,2,51.0
2026-03-05T02:23:26.132792,0,0,2,50.0
2026-03-05T02:23:27.138811,0,0,2,50.0
2026-03-05T02:23:29.140608,0,0,2,51.0
2026-03-05T02:23:29.150727,0,0,2,50.0
2026-03-05T02:24:49.015941,0,0,2,51.0
2026-03-05T02:24:50.021353,0,0,2,51.0
2026-03-05T02:24:51.027331,0,0,3,50.0
2026-03-05T02:24:52.034354,0,0,3,50.0
2026-03-05T02:24:54.036252,0,0,3,51.0
2026-03-05T02:24:54.046338,0,0,2,50.0
2026-03-05T02:24:55.052192,0,0,2,50.0
2026-03-05T02:24:56.059172,0,0,2,50.0
2026-03-05T02:24:57.066234,0,0,2,51.0
2026-03-05T02:24:58.071122,0,0,2,50.0
2026-03-05T02:24:59.078199,0,0,2,50.0
2026-03-05T02:25:00.084078,0,0,3,51.0
2026-03-05T02:25:01.091205,0,0,1,50.0
2026-03-05T02:25:03.092976,0,0,4,50.0
2026-03-05T02:25:03.102952,0,0,2,51.0
2026-03-05T02:25:04.108945,0,0,2,50.0
2026-03-05T02:25:05.115914,0,0,2,50.0
2026-03-05T02:25:06.122871,0,0,2,51.0
2026-03-05T02:25:07.127856,0,0,2,50.0
2026-03-05T02:25:08.134798,0,0,2,50.0
2026-03-05T02:25:09.140931,0,0,2,51.0
2026-03-05T02:25:10.147827,0,0,2,50.0
2026-03-05T02:25:11.153754,0,0,3,50.0
2026-03-05T02:25:12.159718,0,0,2,51.0
2026-03-05T02:25:13.166690,0,0,2,50.0
2026-03-05T02:25:14.172656,0,0,2,50.0
2026-03-05T02:25:15.179629,0,0,2,51.0
2026-03-05T02:25:16.184571,0,0,2,50.0
2026-03-05T02:25:18.186344,0,0,2,50.0
2026-03-05T02:25:18.197503,0,0,0,50.0
2026-03-05T02:25:19.204509,0,0,2,51.0
2026-03-05T02:25:20.210584,0,0,2,50.0
2026-03-05T02:25:21.216467,0,0,2,50.0
2026-03-05T02:25:22.223399,0,0,3,51.0
2026-03-05T02:25:23.228380,0,0,2,50.0
2026-03-05T02:25:25.230235,0,0,2,50.0
2026-03-05T02:25:25.241314,0,0,2,51.0
2026-03-05T02:25:26.248317,0,0,2,50.0
2026-03-05T02:25:27.254373,0,0,2,50.0
2026-03-05T02:25:28.261252,0,0,2,51.0
2026-03-05T02:25:29.268225,0,0,2,50.0
2026-03-05T02:25:30.273176,0,0,3,50.0
2026-03-05T02:25:32.274491,0,0,2,51.0
2026-03-05T02:25:32.286226,0,0,2,50.0
2026-03-05T02:25:33.293107,0,0,2,50.0
2026-03-05T02:25:34.298198,0,0,2,50.0
2026-03-05T02:25:35.305049,0,0,2,51.0
2026-03-05T02:25:36.311037,0,0,3,50.0
2026-03-05T02:25:37.318187,0,0,2,50.0
2026-03-05T02:25:38.324068,0,0,2,51.0
2026-03-05T02:25:39.330101,0,0,2,50.0
2026-03-05T02:25:40.336968,0,0,2,50.0
2026-03-05T02:25:41.342946,0,0,2,51.0
2026-03-05T02:25:42.349911,0,0,2,50.0
2026-03-05T02:25:43.355876,0,0,2,50.0
2026-03-05T02:25:44.361860,0,0,2,51.0
2026-03-05T02:26:00.386313,0,0,2,50.0
2026-03-05T02:26:02.869401,0,0,2,51.0
2026-03-05T02:26:03.875305,0,0,2,50.0
2026-03-05T02:26:04.882416,0,0,2,51.0
2026-03-05T02:26:05.889242,0,0,2,50.0
2026-03-05T02:26:06.894338,0,0,2,50.0
2026-03-05T02:26:07.901199,0,0,2,51.0
2026-03-05T02:26:08.907194,0,0,2,50.0
2026-03-05T02:26:09.913160,0,0,2,50.0
2026-03-05T02:26:10.921116,0,0,2,51.0
2026-03-05T02:26:11.926169,0,0,2,50.0
2026-03-05T02:26:12.933054,0,0,2,50.0
2026-03-05T02:26:13.938104,0,0,2,50.0
2026-03-05T02:26:14.946091,0,0,2,51.0
2026-03-05T02:26:15.950968,0,0,2,50.0
2026-03-05T02:26:17.952790,0,0,3,50.0
2026-03-05T02:26:17.963815,0,0,2,51.0
2026-03-05T02:26:18.970805,0,0,2,50.0
2026-03-05T02:27:04.118300,0,0,2,51.0
2026-03-05T02:27:05.124573,0,0,2,51.0
2026-03-05T02:27:06.129558,0,0,2,50.0
2026-03-05T02:27:07.137631,0,0,2,50.0
2026-03-05T02:27:08.142560,0,0,2,51.0
2026-03-05T02:27:09.149487,0,0,2,50.0
2026-03-05T02:27:10.154496,0,0,2,50.0
2026-03-05T02:27:11.162504,0,0,2,51.0
2026-03-05T02:27:12.169411,0,0,2,50.0
2026-03-05T02:27:13.174448,0,0,3,50.0
2026-03-05T02:27:14.181375,0,0,2,51.0
2026-03-05T02:27:15.187325,0,0,2,50.0
2026-03-05T02:27:16.194440,0,0,2,50.0
2026-03-05T02:27:17.199264,0,0,2,51.0
2026-03-05T02:27:18.206321,0,0,2,50.0
2026-03-05T02:27:19.210284,0,0,3,50.0
2026-03-05T02:27:21.212029,0,0,2,50.0
2026-03-05T02:27:31.924642,0,0,2,51.0
2026-03-05T02:27:34.407877,0,0,2,51.0
2026-03-05T02:27:35.414713,0,0,3,50.0
2026-03-05T02:27:36.418754,0,0,2,51.0
2026-03-05T02:27:37.427744,0,0,2,50.0
2026-03-05T02:27:38.432659,0,0,2,50.0
2026-03-05T02:27:39.439646,0,0,2,51.0
2026-03-05T02:27:40.445630,0,0,2,50.0
2026-03-05T02:27:41.452504,0,0,2,50.0
2026-03-05T02:27:42.459553,0,0,2,50.0
2026-03-05T02:27:43.464513,0,0,3,51.0
2026-03-05T02:27:44.471538,0,0,2,50.0
2026-03-05T02:27:45.477516,0,0,2,50.0
2026-03-05T02:27:46.484479,0,0,2,51.0
2026-03-05T02:27:47.489453,0,0,2,50.0
2026-03-05T02:27:48.496413,0,0,2,50.0
2026-03-05T02:27:49.502488,0,0,2,51.0
2026-03-05T02:27:50.509341,0,0,2,50.0
2026-03-05T02:27:51.516458,0,0,2,50.0
2026-03-05T02:27:52.521427,0,0,3,51.0
2026-03-05T02:27:53.528380,0,0,2,50.0
2026-03-05T02:27:55.530383,0,0,2,50.0
2026-03-05T02:28:08.615452,0,0,2,51.0
2026-03-05T02:28:09.621808,0,0,2,51.0
2026-03-05T02:28:10.626634,0,0,2,50.0
2026-03-05T02:28:12.628388,0,0,2,50.0
2026-03-05T02:28:31.632798,0,0,2,50.0
2026-03-05T02:28:34.116185,0,0,2,51.0
2026-03-05T02:28:35.123138,0,0,2,51.0
2026-03-05T02:28:36.129208,0,0,2,50.0
2026-03-05T02:28:37.136158,0,0,2,50.0
2026-03-05T02:28:38.141063,0,0,2,51.0
2026-03-05T02:28:39.148025,0,0,2,50.0
2026-03-05T02:28:40.154126,0,0,2,50.0
2026-03-05T02:28:41.160968,0,0,2,51.0
2026-03-05T02:28:42.167954,0,0,2,50.0
2026-03-05T02:28:43.172919,0,0,3,50.0
2026-03-05T02:28:44.179912,0,0,2,51.0
2026-03-05T02:28:45.184879,0,0,3,50.0
2026-03-05T02:28:46.192839,0,0,2,50.0
2026-03-05T02:28:47.198825,0,0,2,50.0
2026-03-05T02:28:48.204792,0,0,2,51.0
2026-03-05T02:28:49.210761,0,0,2,50.0
2026-03-05T02:28:50.217748,0,0,2,50.0
2026-03-05T02:28:51.224741,0,0,2,51.0
2026-03-05T02:28:52.229706,0,0,2,50.0
2026-03-05T02:28:53.236760,0,0,2,50.0
2026-03-05T02:28:54.242748,0,0,2,52.0
2026-03-05T02:28:55.249691,0,0,3,50.0
2026-03-05T02:28:56.255650,0,0,3,50.0
2026-03-05T02:28:57.261614,0,0,2,51.0
2026-03-05T02:28:58.268632,0,0,2,50.0
2026-03-05T02:28:59.274646,0,0,2,50.0
2026-03-05T02:29:01.276567,0,0,2,51.0
2026-03-05T02:29:37.122201,0,0,2,51.0
2026-03-05T02:29:38.128505,0,0,2,50.0
2026-03-05T02:29:39.134523,0,0,2,50.0
2026-03-05T02:29:40.140480,0,0,2,51.0
2026-03-05T02:29:41.146558,0,0,2,50.0
2026-03-05T02:29:42.153422,0,0,2,50.0
2026-03-05T02:29:43.160404,0,0,2,51.0
2026-03-05T02:29:44.165329,0,0,2,50.0
2026-03-05T02:29:45.172365,0,0,2,50.0
2026-03-05T02:29:46.178397,0,0,2,50.0
2026-03-05T02:29:47.185302,0,0,3,51.0
2026-03-05T02:29:48.191275,0,0,2,50.0
2026-03-05T02:29:49.197254,0,0,2,50.0
2026-03-05T02:29:50.203227,0,0,2,51.0
2026-03-05T02:29:51.210303,0,0,2,50.0
2026-03-05T02:29:52.217076,0,0,2,50.0
2026-03-05T02:29:53.222190,0,0,2,51.0
2026-03-05T02:29:54.229026,0,0,2,50.0
2026-03-05T02:29:56.230789,0,0,3,50.0
2026-03-05T02:29:56.241929,0,0,2,51.0
2026-03-05T02:29:57.247948,0,0,3,50.0
2026-03-05T02:29:58.253919,0,0,2,50.0
2026-03-05T02:29:59.260912,0,0,3,51.0
2026-03-05T02:30:00.266885,0,0,2,50.0
2026-03-05T02:30:01.271854,0,0,2,50.0
2026-03-05T02:30:02.278862,0,0,2,50.0
2026-03-05T02:30:03.285789,0,0,3,51.0
2026-03-05T02:30:04.291756,0,0,3,50.0
2026-03-05T02:30:05.298739,0,0,2,50.0
2026-03-05T02:30:06.304701,0,0,3,51.0
2026-03-05T02:30:07.310674,0,0,2,50.0
2026-03-05T02:30:08.317696,0,0,2,50.0
2026-03-05T02:30:10.319712,0,0,0,51.0
2026-03-05T02:30:10.330617,0,0,2,50.0
2026-03-05T02:30:11.335571,0,0,2,50.0
2026-03-05T02:30:12.342549,0,0,2,51.0
2026-03-05T02:30:13.348522,0,0,2,50.0
2026-03-05T02:30:14.355506,0,0,0,50.0
2026-03-05T02:30:15.362553,0,0,2,51.0
2026-03-05T02:30:16.366648,0,0,2,50.0
2026-03-05T02:30:17.374544,0,0,2,50.0
2026-03-05T02:30:18.380437,0,0,2,51.0
2026-03-05T02:30:19.387418,0,0,2,50.0
2026-03-05T02:30:20.393410,0,0,2,50.0
2026-03-05T02:30:21.399383,0,0,2,50.0
2026-03-05T02:30:22.403324,0,0,2,51.0
2026-03-05T02:30:23.412364,0,0,2,50.0
2026-03-05T02:30:24.419288,0,0,3,50.0
2026-03-05T02:30:25.424259,0,0,2,51.0
2026-03-05T02:30:26.431243,0,0,2,50.0
2026-03-05T02:30:27.437210,0,0,2,50.0
2026-03-05T02:30:28.444190,0,0,2,51.0
2026-03-05T02:30:29.450211,0,0,2,50.0
2026-03-05T02:30:30.456077,0,0,2,50.0
2026-03-05T02:30:31.463053,0,0,2,51.0
2026-03-05T02:30:32.469028,0,0,2,50.0
2026-03-05T02:30:33.475982,0,0,2,50.0
2026-03-05T02:30:34.480972,0,0,2,51.0
2026-03-05T02:30:35.487959,0,0,2,50.0
2026-03-05T02:30:36.493952,0,0,3,50.0
2026-03-05T02:30:37.500922,0,0,2,51.0
2026-03-05T02:30:38.506789,0,0,2,50.0
2026-03-05T02:30:39.512849,0,0,2,50.0
2026-03-05T02:30:40.519825,0,0,2,50.0
2026-03-05T02:30:41.525763,0,0,3,51.0
2026-03-05T02:30:42.532776,0,0,2,50.0
2026-03-05T02:30:43.537786,0,0,2,50.0
2026-03-05T02:30:44.544717,0,0,2,51.0
2026-03-05T02:30:45.550680,0,0,2,50.0
2026-03-05T02:30:46.557637,0,0,2,50.0
2026-03-05T02:30:56.624131,0,0,2,52.0
2026-03-05T02:30:57.630540,0,0,3,50.0
2026-03-05T02:30:58.636289,0,0,2,50.0
2026-03-05T02:30:59.643416,0,0,2,51.0
2026-03-05T02:31:01.645224,0,0,2,50.0
2026-03-05T02:31:01.655272,0,0,2,50.0
2026-03-05T02:31:02.661269,0,0,2,51.0
2026-03-05T02:31:03.668267,0,0,2,50.0
2026-03-05T02:31:04.675229,0,0,2,50.0
2026-03-05T02:31:05.680186,0,0,2,51.0
2026-03-05T02:31:06.687070,0,0,2,50.0
2026-03-05T02:31:08.688859,0,0,2,50.0
2026-03-05T02:31:08.700087,0,0,2,50.0
2026-03-05T02:31:09.705098,0,0,3,51.0
2026-03-05T02:31:10.712060,0,0,2,50.0
2026-03-05T02:31:11.718102,0,0,3,50.0
2026-03-05T02:31:12.725021,0,0,2,51.0
2026-03-05T02:31:13.731953,0,0,2,50.0
2026-03-05T02:31:14.737050,0,0,2,50.0
2026-03-05T02:31:15.743954,0,0,2,51.0
2026-03-05T02:31:16.749914,0,0,2,50.0
2026-03-05T02:31:17.756947,0,0,2,50.0
2026-03-05T02:31:18.761860,0,0,2,51.0
2026-03-05T02:31:19.768842,0,0,3,50.0
2026-03-05T02:31:20.775824,0,0,4,50.0
2026-03-05T02:31:21.781786,0,0,2,51.0
2026-03-05T02:31:22.788754,0,0,2,50.0
2026-03-05T02:31:23.793692,0,0,2,50.0
2026-03-05T02:31:24.800677,0,0,2,51.0
2026-03-05T02:31:25.806659,0,0,2,50.0
2026-03-05T02:31:26.813597,0,0,2,50.0
2026-03-05T02:31:27.819566,0,0,2,50.0
2026-03-05T02:31:28.825540,0,0,2,51.0
2026-03-05T02:31:29.832506,0,0,2,50.0
2026-03-05T02:31:30.838521,0,0,2,50.0
2026-03-05T02:31:31.845509,0,0,1,51.0
2026-03-05T02:31:32.850509,0,0,2,50.0
2026-03-05T02:31:33.857412,0,0,2,50.0
2026-03-05T02:31:34.863394,0,0,2,51.0
2026-03-05T02:31:35.870406,0,0,2,50.0
2026-03-05T02:31:36.877330,0,0,2,50.0
2026-03-05T02:31:37.882368,0,0,2,51.0
2026-03-05T02:31:38.889313,0,0,2,50.0
2026-03-05T02:31:39.895291,0,0,2,50.0
2026-03-05T02:31:40.902347,0,0,2,51.0
2026-03-05T02:31:41.907214,0,0,2,50.0
2026-03-05T02:31:42.914295,0,0,2,50.0
2026-03-05T02:31:43.920149,0,0,2,50.0
2026-03-05T02:31:44.927123,0,0,2,51.0
2026-03-05T02:31:46.928881,0,0,2,50.0
2026-03-05T02:31:46.939064,0,0,3,50.0
2026-03-05T02:31:47.946209,0,0,2,51.0
2026-03-05T02:31:48.952023,0,0,2,50.0
2026-03-05T02:31:49.959006,0,0,2,50.0
2026-03-05T02:31:50.963972,0,0,3,51.0
2026-03-05T02:31:51.970941,0,0,2,50.0
2026-03-05T02:31:52.977912,0,0,3,50.0
2026-03-05T02:31:53.983909,0,0,2,51.0
2026-03-05T02:32:53.637892,0,0,2,50.0
2026-03-05T02:32:56.121327,0,0,2,52.0
2026-03-05T02:32:57.128282,0,0,2,50.0
2026-03-05T02:32:58.132245,0,0,2,50.0
2026-03-05T02:32:59.140291,0,0,2,51.0
2026-03-05T02:33:00.146315,0,0,2,50.0
2026-03-05T02:33:01.153206,0,0,2,50.0
2026-03-05T02:33:11.902668,0,0,2,51.0
2026-03-05T02:33:14.385808,0,0,2,52.0
2026-03-05T02:33:15.392799,0,0,2,50.0
2026-03-05T02:33:16.398674,0,0,2,50.0
2026-03-05T02:33:17.405788,0,0,2,51.0
2026-03-05T02:33:18.410724,0,0,2,50.0
2026-03-05T02:33:19.417666,0,0,2,50.0
2026-03-05T02:33:20.423690,0,0,2,51.0
2026-03-05T02:33:21.430644,0,0,2,50.0
2026-03-05T02:33:22.437599,0,0,2,50.0
2026-03-05T02:33:23.442575,0,0,2,51.0
2026-03-05T02:33:24.449543,0,0,3,50.0
2026-03-05T02:33:25.455523,0,0,2,50.0
2026-03-05T02:33:26.462577,0,0,2,51.0
2026-03-05T02:33:27.468462,0,0,3,50.0
2026-03-05T02:33:29.470281,0,0,2,50.0
2026-03-05T02:33:29.480503,0,0,2,50.0
2026-03-05T02:33:30.487400,0,0,2,51.0
2026-03-05T02:33:31.494423,0,0,2,50.0
2026-03-05T02:33:32.499348,0,0,2,50.0
2026-03-05T02:33:33.506407,0,0,2,51.0
2026-03-05T02:33:34.512308,0,0,2,50.0
2026-03-05T02:33:35.519287,0,0,2,50.0
2026-03-05T02:33:37.521128,0,0,2,51.0
2026-03-05T02:33:37.531268,0,0,3,50.0
2026-03-05T02:33:38.538336,0,0,3,50.0
2026-03-05T02:33:39.544241,0,0,2,51.0
2026-03-05T02:33:40.551229,0,0,2,50.0
2026-03-05T02:33:41.556189,0,0,2,50.0
2026-03-05T02:33:42.561096,0,0,2,51.0
2026-03-05T02:33:43.569093,0,0,2,50.0
2026-03-05T02:33:44.576024,0,0,2,50.0
2026-03-05T02:33:45.581016,0,0,2,51.0
2026-03-05T02:33:46.587982,0,0,2,50.0
2026-03-05T02:33:47.594958,0,0,3,50.0
2026-03-05T02:33:48.600891,0,0,2,50.0
2026-03-05T02:33:49.607862,0,0,2,51.0
2026-03-05T02:33:50.612929,0,0,2,50.0
2026-03-05T02:33:51.619852,0,0,2,50.0
2026-03-05T02:33:52.624829,0,0,2,51.0
2026-03-05T02:33:53.632795,0,0,2,50.0
2026-03-05T02:33:54.639740,0,0,2,50.0
2026-03-05T02:33:55.644740,0,0,2,51.0
2026-03-05T02:33:56.650759,0,0,3,50.0
2026-03-05T02:33:57.657719,0,0,2,50.0
2026-03-05T02:33:58.664655,0,0,2,51.0
2026-03-05T02:33:59.669622,0,0,2,50.0
2026-03-05T02:34:00.676598,0,0,2,50.0
2026-03-05T02:34:01.682604,0,0,3,51.0
2026-03-05T02:34:02.689564,0,0,2,50.0
2026-03-05T02:34:03.694556,0,0,2,50.0
2026-03-05T02:34:04.701536,0,0,2,51.0
2026-03-05T02:34:05.708471,0,0,2,50.0
2026-03-05T02:34:06.714431,0,0,2,50.0
2026-03-05T02:34:07.721432,0,0,3,51.0
2026-03-05T02:34:08.726485,0,0,2,50.0
2026-03-05T02:34:19.392798,0,0,2,50.0
2026-03-05T02:34:21.876094,0,0,2,51.0
2026-03-05T02:34:22.883081,0,0,2,51.0
2026-03-05T02:34:23.889030,0,0,2,50.0
2026-03-05T02:34:24.896003,0,0,2,50.0
2026-03-05T02:34:25.900968,0,0,2,51.0
2026-03-05T02:34:26.907949,0,0,2,50.0
2026-03-05T02:34:27.913964,0,0,2,50.0
2026-03-05T02:34:28.920955,0,0,2,50.0
2026-03-05T02:34:29.927852,0,0,2,51.0
2026-03-05T02:34:30.932833,0,0,2,50.0
2026-03-05T02:34:31.939781,0,0,2,50.0
2026-03-05T02:34:32.945789,0,0,2,51.0
2026-03-05T02:34:33.952767,0,0,2,50.0
2026-03-05T02:34:34.957731,0,0,2,50.0
2026-03-05T02:34:35.964734,0,0,2,51.0
2026-03-05T02:34:36.970670,0,0,2,50.0
2026-03-05T02:34:37.977629,0,0,2,50.0
2026-03-05T02:34:38.984603,0,0,2,51.0
2026-03-05T02:34:39.988577,0,0,2,50.0
2026-03-05T02:34:40.996555,0,0,2,50.0
2026-03-05T02:34:42.002615,0,0,2,51.0
2026-03-05T02:34:43.009534,0,0,2,50.0
2026-03-05T02:34:53.642826,0,0,2,51.0
2026-03-05T02:34:56.127242,0,0,2,52.0
2026-03-05T02:34:57.133214,0,0,2,50.0
2026-03-05T02:34:58.139260,0,0,2,50.0
2026-03-05T02:35:00.141105,0,0,2,51.0
2026-03-05T02:35:19.140376,0,0,2,50.0
2026-03-05T02:35:21.623761,0,0,2,52.0
2026-03-05T02:35:22.630705,0,0,2,50.0
2026-03-05T02:35:23.635747,0,0,2,50.0
2026-03-05T02:35:24.643752,0,0,2,51.0
2026-03-05T02:35:26.645541,0,0,2,50.0
2026-03-05T02:35:26.655559,0,0,3,50.0
2026-03-05T02:35:27.661598,0,0,2,51.0
2026-03-05T02:35:28.668568,0,0,2,50.0
2026-03-05T02:35:29.675564,0,0,2,50.0
2026-03-05T02:35:30.680538,0,0,2,50.0
2026-03-05T02:35:31.685521,0,0,2,51.0
2026-03-05T02:35:32.693536,0,0,2,50.0
2026-03-05T02:35:33.700513,0,0,2,50.0
2026-03-05T02:35:34.705484,0,0,2,51.0
2026-03-05T02:35:35.712461,0,0,2,50.0
2026-03-05T02:35:36.718510,0,0,2,50.0
2026-03-05T02:35:38.720248,0,0,2,51.0
2026-03-05T02:35:51.869735,0,0,2,51.0
2026-03-05T02:35:52.876131,0,0,2,50.0
2026-03-05T02:35:53.882269,0,0,2,51.0
2026-03-05T02:35:55.884152,0,0,2,50.0
2026-03-05T02:35:55.894115,0,0,2,50.0
2026-03-05T02:35:56.901107,0,0,3,50.0
2026-03-05T02:35:57.907072,0,0,2,51.0
2026-03-05T02:35:58.914124,0,0,2,50.0
2026-03-05T02:35:59.921052,0,0,2,50.0
2026-03-05T02:36:00.925971,0,0,2,51.0
2026-03-05T02:36:02.927787,0,0,2,50.0
2026-03-05T02:36:02.938967,0,0,2,50.0
2026-03-05T02:36:03.945957,0,0,2,51.0
2026-03-05T02:36:04.951954,0,0,2,50.0
2026-03-05T02:36:05.957928,0,0,2,50.0
2026-03-05T02:36:06.963888,0,0,2,51.0
2026-03-05T02:36:07.970842,0,0,2,50.0
2026-03-05T02:36:09.972554,0,0,2,50.0
2026-03-05T02:36:09.982886,0,0,2,51.0
2026-03-05T02:36:10.989881,0,0,2,50.0
2026-03-05T02:36:11.995847,0,0,3,50.0
2026-03-05T02:36:13.002850,0,0,3,51.0
2026-03-05T02:36:14.008790,0,0,2,50.0
2026-03-05T02:36:15.014808,0,0,2,50.0
2026-03-05T02:36:16.021723,0,0,2,50.0
2026-03-05T02:36:17.027845,0,0,2,51.0
2026-03-05T02:36:19.029574,0,0,2,50.0
2026-03-05T02:36:29.638111,0,0,2,50.0
2026-03-05T02:36:32.121477,0,0,2,51.0
2026-03-05T02:36:33.128414,0,0,2,51.0
2026-03-05T02:36:34.134516,0,0,2,50.0
2026-03-05T02:36:35.141443,0,0,2,50.0
2026-03-05T02:36:36.146462,0,0,3,51.0
2026-03-05T02:36:37.153376,0,0,2,50.0
2026-03-05T02:36:38.159392,0,0,2,50.0
2026-03-05T02:36:39.166444,0,0,2,51.0
2026-03-05T02:36:40.173339,0,0,2,50.0
2026-03-05T02:36:41.178452,0,0,3,50.0
2026-03-05T02:36:42.185306,0,0,3,51.0
2026-03-05T02:36:43.190447,0,0,3,50.0
2026-03-05T02:36:45.193409,0,0,2,50.0
2026-03-05T02:36:45.203284,0,0,2,51.0
2026-03-05T02:36:46.210376,0,0,2,50.0
2026-03-05T02:36:47.215233,0,0,2,50.0
2026-03-05T02:36:48.223194,0,0,2,51.0
2026-03-05T02:36:49.230281,0,0,3,50.0
2026-03-05T02:36:50.235163,0,0,2,50.0
2026-03-05T02:36:51.240167,0,0,2,50.0
2026-03-05T02:36:52.248144,0,0,0,51.0
2026-03-05T02:36:53.255129,0,0,3,50.0
2026-03-05T02:36:54.260082,0,0,2,50.0
2026-03-05T02:36:55.267084,0,0,6,51.0
2026-03-05T02:36:56.274192,0,0,3,50.0
2026-03-05T02:36:57.280047,0,0,2,50.0
2026-03-05T02:36:58.286964,0,0,3,51.0
2026-03-05T02:38:03.376424,0,0,2,51.0
2026-03-05T02:38:04.382762,0,0,2,50.0
2026-03-05T02:38:05.386879,0,0,2,51.0
2026-03-05T02:38:06.395652,0,0,2,50.0
2026-03-05T02:38:07.399761,0,0,2,50.0
2026-03-05T02:38:08.407736,0,0,2,51.0
2026-03-05T02:38:09.412668,0,0,3,50.0
2026-03-05T02:38:11.414439,0,0,1,50.0
2026-03-05T02:38:11.427559,0,0,2,51.0
2026-03-05T02:38:12.431557,0,0,3,50.0
2026-03-05T02:38:13.439529,0,0,2,50.0
2026-03-05T02:38:14.445519,0,0,2,51.0
2026-03-05T02:38:15.452488,0,0,2,50.0
2026-03-05T02:38:16.457461,0,0,3,50.0
2026-03-05T02:38:18.459238,0,0,2,51.0
2026-03-05T02:38:18.470455,0,0,2,50.0
2026-03-05T02:38:19.477413,0,0,2,50.0
2026-03-05T02:38:20.484408,0,0,2,51.0
2026-03-05T02:38:21.489380,0,0,3,50.0
2026-03-05T02:38:22.496359,0,0,2,50.0
2026-03-05T02:38:23.502384,0,0,2,50.0
2026-03-05T02:38:43.389492,0,0,2,50.0
2026-03-05T02:38:45.872899,0,0,2,51.0
2026-03-05T02:38:46.879871,0,0,2,50.0
2026-03-05T02:38:47.884868,0,0,2,51.0
2026-03-05T02:38:49.886494,0,0,2,50.0
2026-03-05T02:38:49.897839,0,0,2,50.0
2026-03-05T02:38:50.904921,0,0,2,51.0
2026-03-05T02:38:52.906553,0,0,3,50.0
2026-03-05T02:38:52.917801,0,0,2,50.0
2026-03-05T02:38:53.924785,0,0,3,51.0
2026-03-05T02:38:54.929739,0,0,2,50.0
2026-03-05T02:38:55.936751,0,0,2,50.0
2026-03-05T02:38:56.942723,0,0,2,50.0
2026-03-05T02:38:57.949733,0,0,3,51.0
2026-03-05T02:38:58.954739,0,0,2,50.0
2026-03-05T02:38:59.961695,0,0,2,50.0
2026-03-05T02:39:00.966689,0,0,3,51.0
2026-03-05T02:39:01.974631,0,0,2,50.0
2026-03-05T02:39:02.981623,0,0,2,50.0
2026-03-05T02:39:03.986633,0,0,2,51.0
2026-03-05T02:39:04.991586,0,0,2,50.0
2026-03-05T02:39:05.999584,0,0,5,50.0
2026-03-05T02:39:07.006587,0,0,2,51.0
2026-03-05T02:39:08.011533,0,0,2,50.0
2026-03-05T02:39:09.018517,0,0,3,50.0
2026-03-05T02:39:10.025491,0,0,3,51.0
2026-03-05T02:39:11.031474,0,0,2,50.0
2026-03-05T02:39:12.036450,0,0,2,50.0
2026-03-05T02:39:14.038291,0,0,4,50.0
2026-03-05T02:39:14.050362,0,0,2,51.0
2026-03-05T02:39:23.652804,0,0,2,50.0
2026-03-05T02:39:26.136165,0,0,2,51.0
2026-03-05T02:39:27.143131,0,0,2,50.0
2026-03-05T02:39:28.147130,0,0,2,51.0
2026-03-05T02:39:30.149033,0,0,2,50.0
2026-03-05T02:39:49.127280,0,0,3,51.0
2026-03-05T02:39:50.133644,0,0,3,50.0
2026-03-05T02:39:51.139693,0,0,2,50.0
2026-03-05T02:39:52.145655,0,0,2,51.0
2026-03-05T02:39:53.151621,0,0,2,50.0
2026-03-05T02:39:54.158595,0,0,2,50.0
2026-03-05T02:39:55.165564,0,0,3,51.0
2026-03-05T02:39:56.168531,0,0,3,50.0
2026-03-05T02:39:58.170404,0,0,2,50.0
2026-03-05T02:39:58.183504,0,0,2,50.0
2026-03-05T02:39:59.190558,0,0,2,51.0
2026-03-05T02:40:00.196486,0,0,2,50.0
2026-03-05T02:40:01.202521,0,0,2,50.0
2026-03-05T02:40:02.208460,0,0,2,51.0
2026-03-05T02:40:03.215408,0,0,2,50.0
2026-03-05T02:40:04.222497,0,0,2,50.0
2026-03-05T02:40:05.227415,0,0,2,51.0
2026-03-05T02:40:06.234299,0,0,2,50.0
2026-03-05T02:40:07.240338,0,0,2,51.0
2026-03-05T02:40:08.247309,0,0,2,51.0
2026-03-05T02:40:09.253285,0,0,2,50.0
2026-03-05T02:40:10.259265,0,0,2,50.0
2026-03-05T02:40:11.266275,0,0,1,51.0
2026-03-05T02:40:13.268123,0,0,2,50.0
2026-03-05T02:40:13.279197,0,0,2,50.0
2026-03-05T02:40:14.284180,0,0,4,51.0
2026-03-05T02:40:15.290203,0,0,2,50.0
2026-03-05T02:40:16.297135,0,0,2,50.0
2026-03-05T02:40:17.304116,0,0,2,50.0
2026-03-05T02:40:18.310173,0,0,3,51.0
2026-03-05T02:40:19.316059,0,0,2,50.0
2026-03-05T02:40:20.323019,0,0,2,50.0
2026-03-05T02:40:21.328995,0,0,2,51.0
2026-03-05T02:40:22.335973,0,0,2,50.0
2026-03-05T02:40:23.340946,0,0,2,50.0
2026-03-05T02:40:24.347925,0,0,2,51.0
2026-03-05T02:40:25.354093,0,0,3,50.0
2026-03-05T02:40:26.360886,0,0,2,50.0
2026-03-05T02:40:27.367871,0,0,3,51.0
2026-03-05T02:40:28.371816,0,0,2,50.0
2026-03-05T02:40:29.379823,0,0,2,50.0
2026-03-05T02:40:30.385767,0,0,2,51.0
2026-03-05T02:40:31.392786,0,0,2,50.0
2026-03-05T02:40:32.396783,0,0,2,50.0
2026-03-05T02:40:33.404839,0,0,2,51.0
2026-03-05T02:40:34.410703,0,0,2,50.0
2026-03-05T02:40:35.417675,0,0,2,50.0
2026-03-05T02:40:36.424681,0,0,2,50.0
2026-03-05T02:40:37.429665,0,0,2,51.0
2026-03-05T02:40:38.436642,0,0,2,50.0
2026-03-05T02:40:39.442668,0,0,3,50.0
2026-03-05T02:40:40.449610,0,0,2,51.0
2026-03-05T02:40:41.454584,0,0,2,50.0
2026-03-05T02:40:42.461556,0,0,2,50.0
2026-03-05T02:40:43.468532,0,0,2,51.0
2026-03-05T02:40:44.474565,0,0,2,50.0
2026-03-05T02:40:45.481549,0,0,3,50.0
2026-03-05T02:40:46.486542,0,0,2,51.0
2026-03-05T02:40:47.493504,0,0,2,50.0
2026-03-05T02:40:48.499498,0,0,2,50.0
2026-03-05T02:40:49.506558,0,0,2,51.0
2026-03-05T02:40:50.511439,0,0,2,50.0
2026-03-05T02:40:51.518468,0,0,2,50.0
2026-03-05T02:40:52.525393,0,0,2,51.0
2026-03-05T02:40:53.531413,0,0,2,50.0
2026-03-05T02:40:54.538516,0,0,2,50.0
2026-03-05T02:40:55.543339,0,0,2,50.0
2026-03-05T02:42:10.139246,0,0,2,50.0
2026-03-05T02:42:12.622658,0,0,2,51.0
2026-03-05T02:42:13.629674,0,0,2,51.0
2026-03-05T02:42:14.634587,0,0,2,50.0
2026-03-05T02:42:16.636376,0,0,2,50.0
2026-03-05T02:42:16.647562,0,0,1,51.0
2026-03-05T02:42:17.654584,0,0,2,50.0
2026-03-05T02:42:18.660542,0,0,3,50.0
2026-03-05T02:42:19.667528,0,0,2,51.0
2026-03-05T02:42:20.674530,0,0,2,50.0
2026-03-05T02:42:21.677462,0,0,2,50.0
2026-03-05T02:42:22.686607,0,0,2,51.0
2026-03-05T02:42:23.692524,0,0,2,50.0
2026-03-05T02:42:24.699495,0,0,2,50.0
2026-03-05T02:42:26.701301,0,0,2,50.0
2026-03-05T02:42:26.711284,0,0,3,51.0
2026-03-05T02:42:27.717365,0,0,2,50.0
2026-03-05T02:42:28.724348,0,0,2,50.0
2026-03-05T02:42:29.731326,0,0,3,51.0
2026-03-05T02:42:30.736290,0,0,3,50.0
2026-03-05T02:42:31.743234,0,0,2,50.0
2026-03-05T02:42:33.745015,0,0,3,51.0
2026-03-05T02:42:45.390740,0,0,2,51.0
2026-03-05T02:42:47.873972,0,0,2,51.0
2026-03-05T02:42:48.880961,0,0,2,50.0
2026-03-05T02:42:49.889187,0,0,2,51.0
2026-03-05T02:42:51.891015,0,0,2,50.0
2026-03-05T02:42:51.897823,0,0,2,50.0
2026-03-05T02:42:52.905834,0,0,2,51.0
2026-03-05T02:42:53.911790,0,0,2,50.0
2026-03-05T02:42:54.918784,0,0,2,50.0
2026-03-05T02:42:55.925770,0,0,2,50.0
2026-03-05T02:42:56.930730,0,0,2,51.0
2026-03-05T02:42:57.935622,0,0,2,50.0
2026-03-05T02:42:58.943752,0,0,2,50.0
2026-03-05T02:42:59.950640,0,0,2,51.0
2026-03-05T02:43:00.955626,0,0,2,50.0
2026-03-05T02:43:01.962594,0,0,2,50.0
2026-03-05T02:43:02.968597,0,0,2,51.0
2026-03-05T02:43:03.975568,0,0,2,50.0
2026-03-05T02:43:04.982561,0,0,3,50.0
2026-03-05T02:43:05.987519,0,0,2,51.0
2026-03-05T02:43:06.994493,0,0,2,50.0
2026-03-05T02:43:08.000470,0,0,2,50.0
2026-03-05T02:43:09.007490,0,0,2,51.0
2026-03-05T02:43:10.012455,0,0,2,50.0
2026-03-05T02:43:11.019393,0,0,2,50.0
2026-03-05T02:43:13.021165,0,0,2,51.0
2026-03-05T02:43:13.031351,0,0,2,50.0
2026-03-05T02:43:14.039267,0,0,2,50.0
2026-03-05T02:43:15.044358,0,0,2,50.0
2026-03-05T02:43:16.051332,0,0,3,51.0
2026-03-05T02:43:17.057309,0,0,2,50.0
2026-03-05T02:43:18.061227,0,0,2,50.0
2026-03-05T02:43:20.062489,0,0,2,51.0
2026-03-05T02:43:20.076300,0,0,2,50.0
2026-03-05T02:43:21.083199,0,0,2,50.0
2026-03-05T02:43:22.089155,0,0,2,51.0
2026-03-05T02:43:23.096138,0,0,2,50.0
2026-03-05T02:43:24.101124,0,0,2,50.0
2026-03-05T02:43:25.108094,0,0,2,51.0
2026-03-05T02:43:26.114169,0,0,2,50.0
2026-03-05T02:43:27.121095,0,0,2,50.0
2026-03-05T02:43:28.128053,0,0,2,51.0
2026-03-05T02:43:29.133012,0,0,2,50.0
2026-03-05T02:43:30.140011,0,0,3,50.0
2026-03-05T02:43:31.145968,0,0,2,50.0
2026-03-05T02:43:32.152940,0,0,3,51.0
2026-03-05T02:43:33.157923,0,0,2,50.0
2026-03-05T02:43:34.164907,0,0,2,50.0
2026-03-05T02:43:36.166581,0,0,2,51.0
2026-03-05T02:43:36.177882,0,0,3,50.0
2026-03-05T02:43:37.183836,0,0,3,50.0
2026-03-05T02:43:38.189812,0,0,2,51.0
2026-03-05T02:43:39.196786,0,0,2,50.0
2026-03-05T02:43:40.202770,0,0,2,50.0
2026-03-05T02:43:41.209735,0,0,2,51.0
2026-03-05T02:43:42.214718,0,0,2,50.0
2026-03-05T02:43:43.221715,0,0,2,50.0
2026-03-05T02:43:44.228667,0,0,2,51.0
2026-03-05T02:43:45.234546,0,0,2,50.0
2026-03-05T02:43:46.241622,0,0,2,50.0
2026-03-05T02:43:47.246610,0,0,2,51.0
2026-03-05T02:43:48.253661,0,0,2,50.0
2026-03-05T02:43:49.259576,0,0,2,50.0
2026-03-05T02:43:50.266639,0,0,2,50.0
2026-03-05T02:43:51.271550,0,0,2,51.0
2026-03-05T02:44:12.619664,0,0,2,51.0
2026-03-05T02:44:13.626177,0,0,2,50.0
2026-03-05T02:44:14.629976,0,0,2,51.0
2026-03-05T02:44:15.639070,0,0,2,50.0
2026-03-05T02:44:16.643973,0,0,2,50.0
2026-03-05T02:44:17.650950,0,0,2,51.0
2026-03-05T02:44:18.656946,0,0,2,50.0
2026-03-05T02:44:19.663911,0,0,2,50.0
2026-03-05T02:44:20.670901,0,0,2,51.0
2026-03-05T02:44:21.675856,0,0,3,50.0
2026-03-05T02:44:22.682772,0,0,2,50.0
2026-03-05T02:44:23.688826,0,0,2,51.0
2026-03-05T02:44:24.695793,0,0,2,50.0
2026-03-05T02:44:25.700779,0,0,2,50.0
2026-03-05T02:44:26.707757,0,0,2,51.0
2026-03-05T02:44:27.712701,0,0,3,50.0
2026-03-05T02:44:28.720784,0,0,2,50.0
2026-03-05T02:44:29.727691,0,0,3,51.0
2026-03-05T02:44:30.732674,0,0,2,50.0
2026-03-05T02:44:32.734501,0,0,3,50.0
2026-03-05T02:44:32.745594,0,0,2,50.0
2026-03-05T02:44:33.752601,0,0,3,51.0
2026-03-05T02:44:34.757566,0,0,5,50.0
2026-03-05T02:44:35.764550,0,0,2,50.0
2026-03-05T02:44:36.771526,0,0,2,51.0
2026-03-05T02:44:37.777531,0,0,2,50.0
2026-03-05T02:44:38.784553,0,0,2,50.0
2026-03-05T02:44:39.789500,0,0,3,51.0
2026-03-05T02:44:40.796469,0,0,2,50.0
2026-03-05T02:44:41.802499,0,0,3,50.0
2026-03-05T02:44:42.809416,0,0,2,51.0
2026-03-05T02:44:43.814481,0,0,2,50.0
2026-03-05T02:44:44.821379,0,0,2,50.0
2026-03-05T02:44:46.823152,0,0,2,51.0
2026-03-05T02:44:46.834385,0,0,2,50.0
2026-03-05T02:44:47.841326,0,0,2,50.0
2026-03-05T02:44:48.846330,0,0,2,50.0
2026-03-05T02:44:49.853282,0,0,2,51.0
2026-03-05T02:44:50.859282,0,0,2,50.0
2026-03-05T02:45:01.136517,0,0,2,50.0
2026-03-05T02:45:03.620030,0,0,2,51.0
2026-03-05T02:45:04.627054,0,0,2,51.0
2026-03-05T02:45:05.633002,0,0,2,50.0
2026-03-05T02:45:06.639978,0,0,2,50.0
2026-03-05T02:45:07.644949,0,0,2,50.0
2026-03-05T02:45:08.651802,0,0,3,51.0
2026-03-05T02:45:09.657922,0,0,2,50.0
2026-03-05T02:45:10.664810,0,0,2,50.0
2026-03-05T02:45:11.671771,0,0,2,51.0
2026-03-05T02:45:12.676726,0,0,3,50.0
2026-03-05T02:45:13.683738,0,0,2,50.0
2026-03-05T02:45:14.689683,0,0,2,51.0
2026-03-05T02:45:15.696701,0,0,2,50.0
2026-03-05T02:45:17.698586,0,0,3,50.0
2026-03-05T02:45:17.708662,0,0,2,51.0
2026-03-05T02:45:18.714645,0,0,2,50.0
2026-03-05T02:45:19.721615,0,0,2,50.0
2026-03-05T02:45:20.728589,0,0,2,51.0
2026-03-05T02:45:21.733576,0,0,2,50.0
2026-03-05T02:45:22.740548,0,0,2,50.0
2026-03-05T02:45:23.746575,0,0,3,51.0
2026-03-05T02:45:24.753541,0,0,2,51.0
2026-03-05T02:45:25.758556,0,0,2,50.0
2026-03-05T02:45:26.765442,0,0,2,50.0
2026-03-05T02:45:27.772435,0,0,3,51.0
2026-03-05T02:45:28.778494,0,0,3,50.0
2026-03-05T02:45:29.785395,0,0,2,50.0
2026-03-05T02:45:30.790445,0,0,2,51.0
2026-03-05T02:45:31.797348,0,0,2,50.0
2026-03-05T02:45:32.803377,0,0,2,50.0
2026-03-05T02:45:33.810422,0,0,2,51.0
2026-03-05T02:45:34.815336,0,0,6,50.0
2026-03-05T02:45:35.822366,0,0,2,50.0
2026-03-05T02:45:36.829263,0,0,4,51.0
2026-03-05T02:45:37.835255,0,0,2,50.0
2026-03-05T02:45:38.842216,0,0,2,50.0
2026-03-05T02:45:39.847084,0,0,2,51.0
2026-03-05T02:45:40.854225,0,0,2,50.0
2026-03-05T02:45:41.860108,0,0,2,50.0
2026-03-05T02:45:42.867105,0,0,2,50.0
2026-03-05T02:45:43.872996,0,0,2,51.0
2026-03-05T02:45:44.878255,0,0,2,50.0
2026-03-05T02:45:46.880006,0,0,2,50.0
2026-03-05T02:45:46.891911,0,0,2,51.0
2026-03-05T02:45:47.898982,0,0,2,50.0
2026-03-05T02:45:48.903952,0,0,2,50.0
2026-03-05T02:45:49.910927,0,0,2,51.0
2026-03-05T02:45:50.916937,0,0,2,50.0
2026-03-05T02:45:51.923926,0,0,2,50.0
2026-03-05T02:45:52.930836,0,0,2,51.0
2026-03-05T02:45:53.935861,0,0,2,50.0
2026-03-05T02:45:54.942826,0,0,2,50.0
2026-03-05T02:45:55.948781,0,0,2,51.0
2026-03-05T02:45:56.955772,0,0,2,50.0
2026-03-05T02:45:57.960725,0,0,3,50.0
2026-03-05T02:45:58.967715,0,0,2,51.0
2026-03-05T02:45:59.974715,0,0,2,50.0
2026-03-05T02:46:00.980681,0,0,2,50.0
2026-03-05T02:46:01.987669,0,0,2,50.0
2026-03-05T02:46:02.992615,0,0,2,51.0
2026-03-05T02:46:03.999587,0,0,2,50.0
2026-03-05T02:46:05.005450,0,0,3,50.0
2026-03-05T02:46:06.012535,0,0,2,51.0
2026-03-05T02:46:07.017510,0,0,2,50.0
2026-03-05T02:46:08.024516,0,0,2,50.0
2026-03-05T02:46:09.031512,0,0,2,51.0
2026-03-05T02:46:10.037480,0,0,2,50.0
2026-03-05T02:46:11.044472,0,0,2,50.0
2026-03-05T02:46:12.049403,0,0,2,51.0
2026-03-05T02:46:13.056383,0,0,2,50.0
2026-03-05T02:46:14.062433,0,0,2,50.0
2026-03-05T02:46:15.069344,0,0,3,51.0
2026-03-05T02:46:16.075315,0,0,2,50.0
2026-03-05T02:46:18.077087,0,0,2,50.0
2026-03-05T02:46:18.088239,0,0,4,51.0
2026-03-05T02:46:19.094342,0,0,2,50.0
2026-03-05T02:46:20.101218,0,0,2,50.0
2026-03-05T02:46:21.106328,0,0,2,50.0
2026-03-05T02:46:22.113177,0,0,3,51.0
2026-03-05T02:46:23.119164,0,0,2,50.0
2026-03-05T02:46:24.126285,0,0,2,50.0
2026-03-05T02:46:25.132133,0,0,2,51.0
2026-03-05T02:46:26.138206,0,0,2,50.0
2026-03-05T02:46:27.145100,0,0,2,50.0
2026-03-05T02:46:28.151085,0,0,2,51.0
2026-03-05T02:46:29.158147,0,0,2,50.0
2026-03-05T02:46:30.163024,0,0,3,50.0
2026-03-05T02:46:31.168951,0,0,2,51.0
2026-03-05T02:46:32.177070,0,0,2,50.0
2026-03-05T02:46:33.183048,0,0,2,50.0
2026-03-05T02:46:34.189027,0,0,2,51.0
2026-03-05T02:46:35.195000,0,0,2,50.0
2026-03-05T02:46:36.201971,0,0,2,50.0
2026-03-05T02:46:37.206910,0,0,2,51.0
2026-03-05T02:46:38.214863,0,0,2,50.0
2026-03-05T02:46:39.219832,0,0,2,50.0
2026-03-05T02:46:40.226819,0,0,2,50.0
2026-03-05T02:46:41.233770,0,0,2,51.0
2026-03-05T02:46:42.239748,0,0,2,50.0
2026-03-05T02:46:43.245731,0,0,2,50.0
2026-03-05T02:46:44.250675,0,0,2,51.0
2026-03-05T02:46:45.258772,0,0,2,50.0
2026-03-05T02:46:46.264715,0,0,2,50.0
2026-03-05T02:46:47.271643,0,0,2,51.0
2026-03-05T02:46:48.277594,0,0,3,50.0
2026-03-05T02:46:49.283594,0,0,2,50.0
2026-03-05T02:46:50.290573,0,0,2,51.0
2026-03-05T02:46:51.296552,0,0,2,50.0
2026-03-05T02:46:52.300538,0,0,2,50.0
2026-03-05T02:46:53.308607,0,0,2,51.0
2026-03-05T02:46:54.315569,0,0,2,50.0
2026-03-05T02:46:55.321533,0,0,2,50.0
2026-03-05T02:46:57.323311,0,0,2,51.0
2026-03-05T02:47:16.374710,0,0,2,50.0
2026-03-05T02:47:17.380926,0,0,2,50.0
2026-03-05T02:47:18.386989,0,0,2,50.0
2026-03-05T02:47:19.392902,0,0,3,51.0
2026-03-05T02:47:20.398893,0,0,2,50.0
2026-03-05T02:47:21.405907,0,0,3,50.0
2026-03-05T02:47:22.412859,0,0,3,51.0
2026-03-05T02:47:23.415775,0,0,2,50.0
2026-03-05T02:47:24.424877,0,0,2,50.0
2026-03-05T02:47:25.430809,0,0,2,51.0
2026-03-05T02:47:26.437793,0,0,2,50.0
2026-03-05T02:47:27.443768,0,0,2,50.0
2026-03-05T02:47:28.449744,0,0,2,51.0
2026-03-05T02:47:29.455725,0,0,2,50.0
2026-03-05T02:47:30.462704,0,0,2,50.0
2026-03-05T02:47:31.469677,0,0,3,51.0
2026-03-05T02:47:32.474673,0,0,2,50.0
2026-03-05T02:47:33.481612,0,0,2,50.0
2026-03-05T02:47:34.487567,0,0,2,50.0
2026-03-05T02:47:35.494560,0,0,3,51.0
2026-03-05T02:47:36.500482,0,0,3,50.0
2026-03-05T02:47:37.506486,0,0,2,50.0
2026-03-05T02:47:38.513452,0,0,4,51.0
2026-03-05T02:47:39.519409,0,0,2,50.0
2026-03-05T02:47:40.524414,0,0,2,50.0
2026-03-05T02:47:41.531389,0,0,2,51.0
2026-03-05T02:47:42.538440,0,0,2,50.0
2026-03-05T02:47:43.544351,0,0,2,50.0
2026-03-05T02:47:44.551359,0,0,2,51.0
2026-03-05T02:47:45.557310,0,0,2,50.0
2026-03-05T02:47:46.563306,0,0,2,50.0
2026-03-05T02:47:47.568297,0,0,2,51.0
2026-03-05T02:47:49.570188,0,0,2,50.0
2026-03-05T02:47:49.583189,0,0,2,50.0
2026-03-05T02:47:50.588218,0,0,2,51.0
2026-03-05T02:47:51.595171,0,0,2,50.0
2026-03-05T02:47:52.600134,0,0,2,50.0
2026-03-05T02:47:53.607075,0,0,4,50.0
2026-03-05T02:47:55.608841,0,0,2,51.0
2026-03-05T02:47:55.620025,0,0,2,50.0
2026-03-05T02:47:56.627051,0,0,2,50.0
2026-03-05T02:47:57.633023,0,0,3,51.0
2026-03-05T02:47:58.639997,0,0,3,50.0
2026-03-05T02:47:59.644975,0,0,2,50.0
2026-03-05T02:48:00.649834,0,0,2,51.0
2026-03-05T02:48:01.657909,0,0,2,50.0
2026-03-05T02:48:02.664914,0,0,2,50.0
2026-03-05T02:48:03.671905,0,0,2,51.0
2026-03-05T02:48:04.676844,0,0,2,50.0
2026-03-05T02:48:05.683808,0,0,2,50.0
2026-03-05T02:48:06.689794,0,0,2,51.0
2026-03-05T02:48:07.696776,0,0,2,50.0
2026-03-05T02:48:08.701746,0,0,2,50.0
2026-03-05T02:48:09.707753,0,0,2,51.0
2026-03-05T02:48:10.715746,0,0,2,50.0
2026-03-05T02:48:11.721707,0,0,2,50.0
2026-03-05T02:48:12.728676,0,0,2,51.0
2026-03-05T02:48:22.879000,0,0,2,50.0
2026-03-05T02:48:25.362436,0,0,3,51.0
2026-03-05T02:48:27.364158,0,0,2,51.0
2026-03-05T02:48:27.375334,0,0,3,50.0
2026-03-05T02:48:29.377087,0,0,2,50.0
2026-03-05T02:48:55.272212,0,0,2,51.0
2026-03-05T02:48:57.756632,0,0,2,51.0
2026-03-05T02:48:58.762608,0,0,2,50.0
2026-03-05T02:48:59.768566,0,0,2,51.0
2026-03-05T02:49:00.773590,0,0,2,50.0
2026-03-05T02:49:01.780605,0,0,2,50.0
2026-03-05T02:49:02.787571,0,0,2,50.0
2026-03-05T02:49:03.793540,0,0,2,51.0
2026-03-05T02:49:04.800494,0,0,2,50.0
2026-03-05T02:49:05.807499,0,0,2,50.0
2026-03-05T02:49:06.812467,0,0,2,51.0
2026-03-05T02:49:07.818540,0,0,2,50.0
2026-03-05T02:49:08.825455,0,0,2,50.0
2026-03-05T02:49:09.832384,0,0,2,51.0
2026-03-05T02:49:10.837361,0,0,2,50.0
2026-03-05T02:49:11.844336,0,0,2,50.0
2026-03-05T02:49:12.850397,0,0,2,51.0
2026-03-05T02:49:13.857294,0,0,2,50.0
2026-03-05T02:49:14.864252,0,0,2,50.0
2026-03-05T02:49:16.866155,0,0,2,51.0
2026-03-05T02:49:16.876152,0,0,2,50.0
2026-03-05T02:49:17.882287,0,0,2,51.0
2026-03-05T02:49:18.889140,0,0,2,51.0
2026-03-05T02:49:19.894264,0,0,2,50.0
2026-03-05T02:49:20.901133,0,0,3,50.0
2026-03-05T02:49:21.906137,0,0,2,50.0
2026-03-05T02:49:22.914207,0,0,2,51.0
2026-03-05T02:49:23.921185,0,0,0,50.0
2026-03-05T02:49:24.926199,0,0,2,50.0
2026-03-05T02:49:25.933097,0,0,2,51.0
2026-03-05T02:49:26.939152,0,0,3,50.0
2026-03-05T02:49:28.941021,0,0,2,50.0
2026-03-05T02:49:28.950934,0,0,2,51.0
2026-03-05T02:49:29.957963,0,0,2,50.0
2026-03-05T02:49:30.964938,0,0,3,50.0
2026-03-05T02:49:31.970923,0,0,2,51.0
2026-03-05T02:49:32.977902,0,0,2,50.0
2026-03-05T02:49:33.981796,0,0,2,50.0
2026-03-05T02:49:34.989878,0,0,2,51.0
2026-03-05T02:49:35.995860,0,0,2,50.0
2026-03-05T02:49:37.997628,0,0,2,50.0
2026-03-05T02:49:38.009695,0,0,2,51.0
2026-03-05T02:49:39.014728,0,0,2,50.0
2026-03-05T02:49:40.021681,0,0,2,50.0
2026-03-05T02:49:41.027640,0,0,2,50.0
2026-03-05T02:49:42.034629,0,0,2,51.0
2026-03-05T02:49:43.039606,0,0,2,50.0
2026-03-05T02:49:44.046572,0,0,2,50.0
2026-03-05T02:49:45.052541,0,0,2,51.0
2026-03-05T02:49:46.059507,0,0,2,50.0
2026-03-05T02:49:47.066568,0,0,2,50.0
2026-03-05T02:49:48.071496,0,0,2,51.0
2026-03-05T02:49:49.078495,0,0,2,50.0
2026-03-05T02:49:50.082524,0,0,3,50.0
2026-03-05T02:49:51.091450,0,0,2,51.0
2026-03-05T02:49:52.096404,0,0,2,50.0
2026-03-05T02:49:53.103409,0,0,2,50.0
2026-03-05T02:50:37.373054,0,0,2,52.0
2026-03-05T02:50:38.379361,0,0,3,50.0
2026-03-05T02:50:39.384264,0,0,2,50.0
2026-03-05T02:50:40.392159,0,0,2,51.0
2026-03-05T02:50:41.397256,0,0,2,50.0
2026-03-05T02:50:42.404223,0,0,3,50.0
2026-03-05T02:50:43.410263,0,0,3,51.0
2026-03-05T02:50:44.417155,0,0,2,50.0
2026-03-05T02:50:45.424164,0,0,2,50.0
2026-03-05T02:50:46.427062,0,0,3,51.0
2026-03-05T02:50:47.436169,0,0,3,50.0
2026-03-05T02:50:48.442159,0,0,2,50.0
2026-03-05T02:50:49.449047,0,0,2,50.0
2026-03-05T02:50:50.454100,0,0,3,51.0
2026-03-05T02:50:51.460981,0,0,2,50.0
2026-03-05T02:50:52.466973,0,0,1,50.0
2026-03-05T02:50:53.473930,0,0,2,51.0
2026-03-05T02:50:54.480902,0,0,2,50.0
2026-03-05T02:50:55.485850,0,0,3,50.0
2026-03-05T02:50:57.487698,0,0,2,51.0
2026-03-05T02:50:57.498821,0,0,2,50.0
2026-03-05T02:50:58.505762,0,0,2,50.0
2026-03-05T02:50:59.510825,0,0,2,51.0
2026-03-05T02:51:00.517763,0,0,2,50.0
2026-03-05T02:51:01.524775,0,0,2,50.0
2026-03-05T02:51:02.528738,0,0,2,51.0
2026-03-05T02:51:03.537831,0,0,3,50.0
2026-03-05T02:51:04.542769,0,0,3,50.0
2026-03-05T02:51:05.549693,0,0,2,51.0
2026-03-05T02:51:06.555671,0,0,2,50.0
2026-03-05T02:51:07.562647,0,0,2,50.0
2026-03-05T02:51:08.567615,0,0,2,50.0
2026-03-05T02:51:09.574604,0,0,2,51.0
2026-03-05T02:51:10.580645,0,0,2,50.0
2026-03-05T02:51:12.582436,0,0,2,50.0
2026-03-05T02:51:12.594538,0,0,2,51.0
2026-03-05T02:51:13.599481,0,0,2,50.0
2026-03-05T02:51:14.606533,0,0,2,50.0
2026-03-05T02:51:15.612451,0,0,2,51.0
2026-03-05T02:51:16.619450,0,0,2,50.0
2026-03-05T02:51:17.623412,0,0,2,50.0
2026-03-05T02:51:18.631471,0,0,2,51.0
2026-03-05T02:51:20.633231,0,0,2,50.0
2026-03-05T02:51:20.644409,0,0,2,50.0
2026-03-05T02:51:21.651286,0,0,2,51.0
2026-03-05T02:51:22.655237,0,0,3,50.0
2026-03-05T02:51:23.663288,0,0,2,50.0
2026-03-05T02:51:24.669251,0,0,2,50.0
2026-03-05T02:51:25.674370,0,0,2,51.0
2026-03-05T02:51:27.676211,0,0,5,50.0
2026-03-05T02:51:27.688189,0,0,2,50.0
2026-03-05T02:51:28.695167,0,0,2,51.0
2026-03-05T02:51:29.701108,0,0,2,50.0
2026-03-05T02:51:30.708127,0,0,2,50.0
2026-03-05T02:51:31.713070,0,0,2,51.0
2026-03-05T02:51:32.720083,0,0,2,50.0
2026-03-05T02:51:33.727098,0,0,2,50.0
2026-03-05T02:51:35.728852,0,0,3,51.0
2026-03-05T02:51:35.738905,0,0,2,50.0
2026-03-05T02:51:36.744916,0,0,2,50.0
2026-03-05T02:51:37.751952,0,0,2,51.0
2026-03-05T02:51:38.757920,0,0,2,50.0
2026-03-05T02:51:39.764873,0,0,2,50.0
2026-03-05T02:51:40.767803,0,0,2,51.0
2026-03-05T02:52:25.604620,0,0,2,51.0
2026-03-05T02:52:26.610805,0,0,2,51.0
2026-03-05T02:52:27.616809,0,0,2,50.0
2026-03-05T02:52:28.623749,0,0,2,50.0
2026-03-05T02:52:29.628764,0,0,2,50.0
2026-03-05T02:52:30.635740,0,0,2,51.0
2026-03-05T02:52:31.641699,0,0,2,50.0
2026-03-05T02:52:32.648721,0,0,2,50.0
2026-03-05T02:52:33.655582,0,0,2,51.0
2026-03-05T02:52:34.660571,0,0,2,50.0
2026-03-05T02:52:35.667546,0,0,2,50.0
2026-03-05T02:52:36.673494,0,0,2,51.0
2026-03-05T02:52:37.680491,0,0,2,50.0
2026-03-05T02:52:38.685514,0,0,2,50.0
2026-03-05T02:52:39.692514,0,0,2,51.0
2026-03-05T02:52:40.698512,0,0,2,50.0
2026-03-05T02:52:41.705433,0,0,2,50.0
2026-03-05T02:52:42.712448,0,0,2,51.0
2026-03-05T02:52:43.717401,0,0,3,50.0
2026-03-05T02:52:44.724402,0,0,3,50.0
2026-03-05T02:52:45.730437,0,0,2,51.0
2026-03-05T02:52:46.737394,0,0,2,50.0
2026-03-05T02:52:48.739059,0,0,2,50.0
2026-03-05T02:52:48.748160,0,0,2,50.0
2026-03-05T02:52:49.756209,0,0,2,51.0
2026-03-05T02:52:50.762334,0,0,2,50.0
2026-03-05T02:52:51.769194,0,0,2,50.0
2026-03-05T02:52:52.774221,0,0,2,51.0
2026-03-05T02:52:53.781131,0,0,2,50.0
2026-03-05T02:52:54.787164,0,0,2,50.0
2026-03-05T02:52:55.794234,0,0,2,51.0
2026-03-05T02:52:56.799101,0,0,2,50.0
2026-03-05T02:52:57.806175,0,0,2,50.0
2026-03-05T02:52:58.813054,0,0,2,51.0
2026-03-05T02:52:59.819038,0,0,2,50.0
2026-03-05T02:53:00.826116,0,0,2,50.0
2026-03-05T02:53:01.831022,0,0,2,51.0
2026-03-05T02:53:02.837943,0,0,2,50.0
2026-03-05T02:53:03.842940,0,0,2,50.0
2026-03-05T02:53:04.850920,0,0,2,51.0
2026-03-05T02:53:05.856909,0,0,2,50.0
2026-03-05T02:53:06.862884,0,0,3,50.0
2026-03-05T02:53:07.869857,0,0,2,50.0
2026-03-05T02:53:08.875846,0,0,2,51.0
2026-03-05T02:53:09.882852,0,0,2,50.0
2026-03-05T02:53:11.884777,0,0,2,50.0
2026-03-05T02:53:11.894695,0,0,4,51.0
2026-03-05T02:53:12.900740,0,0,2,50.0
2026-03-05T02:53:13.907726,0,0,2,50.0
2026-03-05T02:53:14.913709,0,0,2,51.0
2026-03-05T02:53:15.919645,0,0,2,50.0
2026-03-05T02:53:16.926663,0,0,2,50.0
2026-03-05T02:53:17.932643,0,0,2,51.0
2026-03-05T02:53:19.934483,0,0,2,50.0
2026-03-05T02:53:55.896164,0,0,2,50.0
2026-03-05T02:53:58.379635,0,0,2,51.0
2026-03-05T02:53:59.386592,0,0,3,50.0
2026-03-05T02:54:00.390555,0,0,2,51.0
2026-03-05T02:54:01.399600,0,0,2,50.0
2026-03-05T02:54:02.404555,0,0,2,50.0
2026-03-05T02:54:03.411533,0,0,2,51.0
2026-03-05T02:54:04.417530,0,0,2,50.0
2026-03-05T02:54:05.424480,0,0,2,50.0
2026-03-05T02:54:06.431482,0,0,3,51.0
2026-03-05T02:54:07.436443,0,0,2,50.0
2026-03-05T02:54:08.443452,0,0,2,50.0
2026-03-05T02:54:09.449398,0,0,2,50.0
2026-03-05T02:54:10.456360,0,0,2,51.0
2026-03-05T02:54:11.461331,0,0,2,50.0
2026-03-05T02:54:12.468327,0,0,2,50.0
2026-03-05T02:54:13.474378,0,0,2,51.0
2026-03-05T02:54:14.481307,0,0,2,50.0
2026-03-05T02:54:15.487185,0,0,3,50.0
2026-03-05T02:54:16.493203,0,0,2,51.0
2026-03-05T02:54:17.500138,0,0,2,50.0
2026-03-05T02:54:18.506288,0,0,2,50.0
2026-03-05T02:54:19.513080,0,0,2,51.0
2026-03-05T02:54:20.518190,0,0,3,50.0
2026-03-05T02:54:21.525019,0,0,3,50.0
2026-03-05T02:54:22.530135,0,0,2,51.0
2026-03-05T02:54:23.538153,0,0,3,50.0
2026-03-05T02:54:24.544962,0,0,3,50.0
2026-03-05T02:54:25.549925,0,0,2,50.0
2026-03-05T02:54:26.556933,0,0,3,51.0
2026-03-05T02:54:27.562881,0,0,2,50.0
2026-03-05T02:54:28.569849,0,0,2,50.0
2026-03-05T02:54:29.574785,0,0,3,51.0
2026-03-05T02:54:31.576523,0,0,2,50.0
2026-03-05T02:54:31.588759,0,0,2,50.0
2026-03-05T02:54:32.594786,0,0,2,51.0
2026-03-05T02:54:33.601759,0,0,3,50.0
2026-03-05T02:54:34.606625,0,0,2,50.0
2026-03-05T02:54:35.613706,0,0,2,51.0
2026-03-05T02:54:36.619737,0,0,2,50.0
2026-03-05T02:54:38.621552,0,0,2,50.0
2026-03-05T02:54:38.632584,0,0,2,51.0
2026-03-05T02:54:39.638627,0,0,2,50.0
2026-03-05T02:54:40.645609,0,0,2,50.0
2026-03-05T02:54:41.651562,0,0,2,51.0
2026-03-05T02:54:42.658566,0,0,2,50.0
2026-03-05T02:54:43.661541,0,0,2,50.0
2026-03-05T02:54:45.663349,0,0,2,50.0
2026-03-05T02:54:45.676468,0,0,3,51.0
2026-03-05T02:54:46.683466,0,0,2,50.0
2026-03-05T02:54:47.689428,0,0,2,50.0
2026-03-05T02:54:48.695417,0,0,2,51.0
2026-03-05T02:54:49.702468,0,0,2,50.0
2026-03-05T02:54:50.708363,0,0,2,50.0
2026-03-05T02:54:51.714658,0,0,2,51.0
2026-03-05T02:54:52.720310,0,0,2,50.0
2026-03-05T02:54:53.727322,0,0,2,50.0
2026-03-05T02:54:54.734390,0,0,2,51.0
2026-03-05T02:54:55.740263,0,0,2,50.0
2026-03-05T02:54:56.746372,0,0,2,50.0
2026-03-05T02:54:57.752244,0,0,2,51.0
2026-03-05T02:54:59.754198,0,0,2,50.0
2026-03-05T02:54:59.765219,0,0,2,50.0
2026-03-05T02:55:00.772189,0,0,2,51.0
2026-03-05T02:55:01.777139,0,0,2,50.0
2026-03-05T02:55:02.784104,0,0,2,50.0
2026-03-05T02:55:03.791130,0,0,2,51.0
2026-03-05T02:55:04.797092,0,0,2,50.0
2026-03-05T02:55:05.803081,0,0,2,50.0
2026-03-05T02:55:07.804911,0,0,2,50.0
2026-03-05T02:55:29.115990,0,0,2,52.0
2026-03-05T02:55:30.122467,0,0,2,50.0
2026-03-05T02:55:31.128404,0,0,2,50.0
2026-03-05T02:55:33.130272,0,0,2,51.0
2026-03-05T02:55:33.140312,0,0,2,50.0
2026-03-05T02:55:34.147317,0,0,2,50.0
2026-03-05T02:55:35.153306,0,0,2,51.0
2026-03-05T02:55:36.160271,0,0,2,50.0
2026-03-05T02:55:37.167271,0,0,2,50.0
2026-03-05T02:55:38.172187,0,0,2,51.0
2026-03-05T02:55:40.174097,0,0,2,50.0
2026-03-05T02:55:40.185017,0,0,2,50.0
2026-03-05T02:55:41.192168,0,0,2,51.0
2026-03-05T02:55:42.197129,0,0,2,50.0
2026-03-05T02:55:43.204109,0,0,2,50.0
2026-03-05T02:55:44.210156,0,0,2,50.0
2026-03-05T02:55:45.217018,0,0,2,51.0
2026-03-05T02:55:47.218746,0,0,2,50.0
2026-03-05T02:57:04.921825,0,0,2,50.0
2026-03-05T02:57:07.405093,0,0,2,51.0
2026-03-05T02:57:08.412063,0,0,2,51.0
2026-03-05T02:57:09.417092,0,0,2,50.0
2026-03-05T02:57:11.418507,0,0,2,50.0
2026-03-05T02:57:11.429969,0,0,2,50.0
2026-03-05T02:57:23.165411,0,0,2,50.0
2026-03-05T02:57:25.648736,0,0,2,51.0
2026-03-05T02:57:26.655712,0,0,2,51.0
2026-03-05T02:57:27.661734,0,0,2,50.0
2026-03-05T02:57:29.663711,0,0,2,50.0
2026-03-05T02:57:29.673488,0,0,2,51.0
2026-03-05T02:57:30.680526,0,0,2,50.0
2026-03-05T02:57:31.686589,0,0,2,50.0
2026-03-05T02:57:32.693453,0,0,2,51.0
2026-03-05T02:57:33.700433,0,0,2,50.0
2026-03-05T02:57:34.705456,0,0,1,50.0
2026-03-05T02:57:35.712504,0,0,2,51.0
2026-03-05T02:57:36.718536,0,0,2,50.0
2026-03-05T02:57:37.725368,0,0,2,50.0
2026-03-05T02:57:38.730398,0,0,2,50.0
2026-03-05T02:57:39.737314,0,0,2,51.0
2026-03-05T02:57:40.743299,0,0,2,50.0
2026-03-05T02:57:41.750355,0,0,2,50.0
2026-03-05T02:57:42.757217,0,0,2,51.0
2026-03-05T02:57:44.758527,0,0,2,50.0
2026-03-05T02:57:44.769220,0,0,2,50.0
2026-03-05T02:57:45.775249,0,0,2,51.0
2026-03-05T02:57:46.782281,0,0,4,50.0
2026-03-05T02:57:47.787202,0,0,5,50.0
2026-03-05T02:57:48.793165,0,0,2,51.0
2026-03-05T02:57:49.801146,0,0,3,50.0
2026-03-05T02:57:50.807186,0,0,3,50.0
2026-03-05T02:57:52.809031,0,0,2,51.0
2026-03-05T02:57:52.819043,0,0,2,50.0
2026-03-05T02:57:54.820909,0,0,4,50.0
2026-03-05T02:58:39.388415,0,0,3,50.0
2026-03-05T02:58:41.871828,0,0,2,52.0
2026-03-05T02:58:42.878785,0,0,2,50.0
2026-03-05T02:58:43.883749,0,0,2,50.0
2026-03-05T02:58:44.891834,0,0,2,50.0
2026-03-05T02:58:45.896803,0,0,2,51.0
2026-03-05T02:58:47.898582,0,0,2,50.0
2026-03-05T02:58:47.909782,0,0,2,50.0
2026-03-05T02:58:48.916699,0,0,3,51.0
2026-03-05T02:58:49.923690,0,0,2,50.0
2026-03-05T02:58:50.928641,0,0,2,50.0
2026-03-05T02:58:51.935635,0,0,2,51.0
2026-03-05T02:58:52.940636,0,0,2,50.0
2026-03-05T02:58:53.948606,0,0,2,50.0
2026-03-05T02:58:54.953556,0,0,2,51.0
2026-03-05T02:58:55.960525,0,0,2,50.0
2026-03-05T02:58:56.966554,0,0,2,50.0
2026-03-05T02:58:57.973482,0,0,2,51.0
2026-03-05T02:58:58.979466,0,0,2,50.0
2026-03-05T02:58:59.983449,0,0,2,50.0
2026-03-05T02:59:00.992449,0,0,2,51.0
2026-03-05T02:59:01.998480,0,0,2,51.0
2026-03-05T02:59:03.005373,0,0,2,50.0
2026-03-05T02:59:04.010456,0,0,2,50.0
2026-03-05T02:59:05.017344,0,0,0,51.0
2026-03-05T02:59:06.024319,0,0,2,50.0
2026-03-05T02:59:07.030376,0,0,2,50.0
2026-03-05T02:59:08.035343,0,0,3,51.0
2026-03-05T02:59:09.042285,0,0,2,50.0
2026-03-05T02:59:11.044061,0,0,2,50.0
2026-03-05T02:59:11.055051,0,0,3,51.0
2026-03-05T02:59:12.062251,0,0,2,50.0
2026-03-05T02:59:13.067117,0,0,2,50.0
2026-03-05T02:59:14.074119,0,0,2,51.0
2026-03-05T02:59:15.081064,0,0,2,50.0
2026-03-05T02:59:16.085027,0,0,2,50.0
2026-03-05T02:59:17.094112,0,0,2,51.0
2026-03-05T02:59:18.098962,0,0,2,50.0
2026-03-05T02:59:19.105916,0,0,2,50.0
2026-03-05T02:59:20.111864,0,0,2,50.0
2026-03-05T02:59:21.118888,0,0,2,51.0
2026-03-05T02:59:22.124837,0,0,2,50.0
2026-03-05T02:59:23.128823,0,0,2,50.0
2026-03-05T02:59:24.137855,0,0,2,51.0
2026-03-05T02:59:25.143786,0,0,2,50.0
2026-03-05T02:59:26.150742,0,0,2,50.0
2026-03-05T02:59:27.155714,0,0,2,51.0
2026-03-05T02:59:28.162731,0,0,2,50.0
2026-03-05T02:59:29.168661,0,0,2,50.0
2026-03-05T02:59:30.173691,0,0,2,51.0
2026-03-05T02:59:31.181685,0,0,2,50.0
2026-03-05T02:59:32.187610,0,0,2,50.0
2026-03-05T02:59:33.194602,0,0,2,51.0
2026-03-05T02:59:34.200560,0,0,2,50.0
2026-03-05T02:59:35.207544,0,0,2,50.0
2026-03-05T02:59:36.212511,0,0,2,51.0
2026-03-05T02:59:37.219487,0,0,2,50.0
2026-03-05T02:59:38.226551,0,0,2,50.0
2026-03-05T02:59:39.232450,0,0,2,50.0
2026-03-05T02:59:40.238460,0,0,2,51.0
2026-03-05T02:59:41.244413,0,0,2,50.0
2026-03-05T02:59:42.251370,0,0,2,50.0
2026-03-05T02:59:43.257400,0,0,2,51.0
2026-03-05T02:59:44.264332,0,0,2,50.0
2026-03-05T02:59:46.266154,0,0,2,50.0
2026-03-05T02:59:46.276259,0,0,2,51.0
2026-03-05T02:59:47.283262,0,0,2,50.0
2026-03-05T02:59:48.289213,0,0,2,50.0
2026-03-05T02:59:49.295208,0,0,2,51.0
2026-03-05T02:59:50.301160,0,0,2,50.0
2026-03-05T02:59:51.308129,0,0,2,50.0
2026-03-05T02:59:52.314306,0,0,2,51.0
2026-03-05T02:59:54.316068,0,0,2,50.0
2026-03-05T02:59:54.327031,0,0,2,50.0
2026-03-05T02:59:55.333055,0,0,3,51.0
2026-03-05T02:59:56.340026,0,0,2,50.0
2026-03-05T02:59:57.346088,0,0,2,50.0
2026-03-05T02:59:58.351982,0,0,2,51.0
2026-03-05T02:59:59.358076,0,0,2,50.0
2026-03-05T03:00:01.359942,0,0,2,50.0
2026-03-05T03:00:01.370882,0,0,2,50.0
2026-03-05T03:00:02.377935,0,0,2,51.0
2026-03-05T03:00:03.383874,0,0,2,50.0
2026-03-05T03:00:04.389882,0,0,2,50.0
2026-03-05T03:00:05.396858,0,0,3,51.0
2026-03-05T03:00:06.402837,0,0,2,50.0
2026-03-05T03:00:07.407818,0,0,2,50.0
2026-03-05T03:00:09.409660,0,0,2,51.0
2026-03-05T03:00:09.421773,0,0,2,50.0
2026-03-05T03:00:10.428742,0,0,2,50.0
2026-03-05T03:00:11.434713,0,0,2,51.0
2026-03-05T03:00:12.440685,0,0,2,50.0
2026-03-05T03:00:13.446651,0,0,2,50.0
2026-03-05T03:00:14.453661,0,0,2,51.0
2026-03-05T03:00:15.459586,0,0,2,50.0
2026-03-05T03:00:17.461393,0,0,2,50.0
2026-03-05T03:00:17.471543,0,0,2,50.0
2026-03-05T03:00:18.478537,0,0,2,51.0
2026-03-05T03:00:19.485499,0,0,2,50.0
2026-03-05T03:00:20.491510,0,0,2,50.0
2026-03-05T03:00:21.497464,0,0,2,51.0
2026-03-05T03:00:22.503429,0,0,2,50.0
2026-03-05T03:00:23.510473,0,0,2,50.0
2026-03-05T03:00:25.512267,0,0,2,51.0
2026-03-05T03:00:25.522692,0,0,2,50.0
2026-03-05T03:00:26.529381,0,0,2,50.0
2026-03-05T03:00:27.535362,0,0,3,51.0
2026-03-05T03:00:28.542395,0,0,2,50.0
2026-03-05T03:00:29.548301,0,0,3,50.0
2026-03-05T03:00:30.554332,0,0,2,51.0
2026-03-05T03:00:31.560201,0,0,2,50.0
2026-03-05T03:00:32.567164,0,0,2,50.0
2026-03-05T03:00:33.573160,0,0,2,51.0
2026-03-05T03:00:34.580119,0,0,2,50.0
2026-03-05T03:00:35.586179,0,0,2,50.0
2026-03-05T03:00:36.592052,0,0,2,50.0
2026-03-05T03:00:37.598981,0,0,2,51.0
2026-03-05T03:00:39.600777,0,0,2,50.0
2026-03-05T03:00:50.390407,0,0,2,50.0
2026-03-05T03:00:52.874674,0,0,2,52.0
2026-03-05T03:00:53.880648,0,0,3,50.0
2026-03-05T03:00:54.885615,0,0,3,50.0
2026-03-05T03:00:55.893638,0,0,2,51.0
2026-03-05T03:00:56.899673,0,0,2,50.0
2026-03-05T03:00:58.901415,0,0,2,50.0
2026-03-05T03:00:58.911497,0,0,2,50.0
2026-03-05T03:00:59.918527,0,0,6,51.0
2026-03-05T03:01:00.925485,0,0,2,50.0
2026-03-05T03:01:01.930505,0,0,3,50.0
2026-03-05T03:01:02.937425,0,0,2,51.0
2026-03-05T03:01:03.943357,0,0,2,50.0
2026-03-05T03:01:05.945138,0,0,2,50.0
2026-03-05T03:01:24.878646,0,0,2,51.0
2026-03-05T03:01:25.884905,0,0,2,50.0
2026-03-05T03:01:26.890772,0,0,2,50.0
2026-03-05T03:01:27.896872,0,0,2,51.0
2026-03-05T03:01:28.902858,0,0,2,50.0
2026-03-05T03:01:29.909834,0,0,2,50.0
2026-03-05T03:01:30.916802,0,0,2,51.0
2026-03-05T03:01:31.921759,0,0,2,50.0
2026-03-05T03:01:32.928759,0,0,3,50.0
2026-03-05T03:01:33.934743,0,0,3,51.0
2026-03-05T03:01:34.941714,0,0,2,50.0
2026-03-05T03:01:35.947690,0,0,2,50.0
2026-03-05T03:01:36.952642,0,0,2,51.0
2026-03-05T03:01:37.959635,0,0,3,50.0
2026-03-05T03:01:38.966515,0,0,2,50.0
2026-03-05T03:01:40.968314,0,0,2,51.0
2026-03-05T03:01:59.893589,0,0,2,50.0
2026-03-05T03:02:02.377021,0,0,2,52.0
2026-03-05T03:02:03.382964,0,0,2,50.0
2026-03-05T03:02:04.387884,0,0,3,50.0
2026-03-05T03:02:05.397042,0,0,2,51.0
2026-03-05T03:02:25.417010,0,0,2,51.0
2026-03-05T03:02:27.900394,0,0,2,51.0
2026-03-05T03:02:28.907405,0,0,2,50.0
2026-03-05T03:02:29.914317,0,0,2,51.0
2026-03-05T03:02:31.916065,0,0,3,50.0
2026-03-05T03:02:31.925256,0,0,2,50.0
2026-03-05T03:02:32.932299,0,0,2,50.0
2026-03-05T03:02:33.938369,0,0,2,51.0
2026-03-05T03:02:34.945245,0,0,2,50.0
2026-03-05T03:02:35.952226,0,0,2,50.0
2026-03-05T03:02:36.957184,0,0,2,51.0
2026-03-05T03:02:37.963164,0,0,2,50.0
2026-03-05T03:02:39.964963,0,0,2,50.0
2026-03-05T03:02:39.977079,0,0,2,51.0
2026-03-05T03:02:40.982219,0,0,2,50.0
2026-03-05T03:02:41.989077,0,0,2,50.0
2026-03-05T03:02:42.995049,0,0,2,51.0
2026-03-05T03:02:44.002155,0,0,3,50.0
2026-03-05T03:02:45.007004,0,0,2,50.0
2026-03-05T03:02:46.014154,0,0,2,51.0
2026-03-05T03:02:47.020944,0,0,2,50.0
2026-03-05T03:02:48.026941,0,0,2,50.0
2026-03-05T03:02:49.033899,0,0,2,51.0
2026-03-05T03:03:21.389610,0,0,2,50.0
2026-03-05T03:03:31.142467,0,0,2,50.0
2026-03-05T03:03:33.625771,0,0,2,51.0
2026-03-05T03:03:34.632742,0,0,3,50.0
2026-03-05T03:03:35.636734,0,0,2,51.0
2026-03-05T03:03:37.638510,0,0,2,50.0
2026-03-05T03:03:37.650601,0,0,2,50.0
2026-03-05T03:03:38.657690,0,0,2,51.0
2026-03-05T03:03:39.663650,0,0,2,50.0
2026-03-05T03:03:40.670638,0,0,3,50.0
2026-03-05T03:03:41.677622,0,0,2,51.0
2026-03-05T03:03:42.680639,0,0,3,50.0
2026-03-05T03:03:44.682435,0,0,2,50.0
2026-03-05T03:03:44.695475,0,0,2,51.0
2026-03-05T03:03:45.702532,0,0,2,50.0
2026-03-05T03:03:46.707473,0,0,2,50.0
2026-03-05T03:03:47.714495,0,0,2,51.0
2026-03-05T03:03:48.720440,0,0,2,50.0
2026-03-05T03:03:49.727379,0,0,2,50.0
2026-03-05T03:03:50.734540,0,0,2,51.0
2026-03-05T03:03:51.739368,0,0,2,50.0
2026-03-05T03:03:52.746383,0,0,2,50.0
2026-03-05T03:03:53.752321,0,0,2,50.0
2026-03-05T03:03:54.759289,0,0,2,51.0
2026-03-05T03:03:55.764256,0,0,2,50.0
2026-03-05T03:04:40.389808,0,0,2,50.0
2026-03-05T03:04:42.873100,0,0,2,51.0
2026-03-05T03:04:43.880069,0,0,2,51.0
2026-03-05T03:04:44.886164,0,0,2,50.0
2026-03-05T03:04:46.887946,0,0,2,50.0
2026-03-05T03:04:46.898121,0,0,2,51.0
2026-03-05T03:04:47.905059,0,0,2,50.0
2026-03-05T03:04:48.910978,0,0,2,50.0
2026-03-05T03:04:49.918095,0,0,2,51.0
2026-03-05T03:04:50.924895,0,0,2,50.0
2026-03-05T03:04:51.929945,0,0,2,50.0
2026-03-05T03:04:53.932000,0,0,2,51.0
2026-03-05T03:05:28.894829,0,0,2,51.0
2026-03-05T03:05:31.377948,0,0,2,52.0
2026-03-05T03:05:32.384936,0,0,2,50.0
2026-03-05T03:05:33.388884,0,0,2,50.0
2026-03-05T03:05:35.390590,0,0,2,51.0
2026-03-05T03:06:02.136817,0,0,2,51.0
2026-03-05T03:06:04.620171,0,0,2,52.0
2026-03-05T03:06:05.627150,0,0,2,50.0
2026-03-05T03:06:06.633092,0,0,3,50.0
2026-03-05T03:06:08.634894,0,0,2,51.0
2026-03-05T03:06:08.644990,0,0,2,50.0
2026-03-05T03:06:09.651982,0,0,3,50.0
2026-03-05T03:06:10.657957,0,0,2,51.0
2026-03-05T03:06:36.418081,0,0,2,51.0
2026-03-05T03:06:38.901322,0,0,2,51.0
2026-03-05T03:06:39.908290,0,0,2,50.0
2026-03-05T03:06:40.914252,0,0,2,50.0
2026-03-05T03:06:41.921270,0,0,2,51.0
2026-03-05T03:06:42.926351,0,0,2,50.0
2026-03-05T03:06:43.933259,0,0,2,50.0
2026-03-05T03:07:14.865919,0,0,2,51.0
2026-03-05T03:07:15.872362,0,0,2,50.0
2026-03-05T03:07:16.878552,0,0,2,51.0
2026-03-05T03:07:18.880405,0,0,2,50.0
2026-03-05T03:07:18.890317,0,0,2,50.0
2026-03-05T03:07:19.897266,0,0,2,51.0
2026-03-05T03:07:20.903287,0,0,2,50.0
2026-03-05T03:07:21.910290,0,0,2,50.0
2026-03-05T03:07:22.917200,0,0,2,51.0
2026-03-05T03:07:23.922266,0,0,2,50.0
2026-03-05T03:07:25.924027,0,0,3,50.0
2026-03-05T03:07:25.935093,0,0,2,51.0
2026-03-05T03:07:26.942205,0,0,2,50.0
2026-03-05T03:07:27.947086,0,0,2,50.0
2026-03-05T03:07:28.954185,0,0,2,50.0
2026-03-05T03:07:29.960047,0,0,2,51.0
2026-03-05T03:07:30.966986,0,0,2,50.0
2026-03-05T03:07:32.968747,0,0,2,50.0
2026-03-05T03:07:32.978892,0,0,2,51.0
2026-03-05T03:07:33.985925,0,0,2,50.0
2026-03-05T03:07:34.991942,0,0,2,51.0
2026-03-05T03:07:35.998903,0,0,2,51.0
2026-03-05T03:07:37.003881,0,0,1,50.0
2026-03-05T03:07:38.010845,0,0,2,50.0
2026-03-05T03:07:39.017929,0,0,2,51.0
2026-03-05T03:07:41.019775,0,0,2,50.0
2026-03-05T03:07:41.030801,0,0,2,50.0
2026-03-05T03:07:42.035761,0,0,2,51.0
2026-03-05T03:07:43.042725,0,0,2,50.0
2026-03-05T03:07:44.048689,0,0,2,50.0
2026-03-05T03:07:45.055660,0,0,2,51.0
2026-03-05T03:07:46.060651,0,0,2,50.0
2026-03-05T03:07:47.066651,0,0,2,50.0
2026-03-05T03:07:48.074627,0,0,2,50.0
2026-03-05T03:07:49.080583,0,0,2,51.0
2026-03-05T03:07:50.087541,0,0,2,50.0
2026-03-05T03:07:51.091487,0,0,2,50.0
2026-03-05T03:07:52.099525,0,0,2,51.0
2026-03-05T03:07:53.105458,0,0,3,50.0
2026-03-05T03:07:54.112445,0,0,3,50.0
2026-03-05T03:07:55.119466,0,0,2,51.0
2026-03-05T03:07:56.124411,0,0,2,50.0
2026-03-05T03:07:57.131344,0,0,2,50.0
2026-03-05T03:07:58.137347,0,0,2,51.0
2026-03-05T03:07:59.144328,0,0,2,50.0
2026-03-05T03:08:00.149296,0,0,2,50.0
2026-03-05T03:08:01.156240,0,0,2,51.0
2026-03-05T03:08:03.157991,0,0,2,50.0
2026-03-05T03:08:29.884081,0,0,2,50.0
2026-03-05T03:08:32.367558,0,0,2,51.0
2026-03-05T03:08:33.373487,0,0,2,50.0
2026-03-05T03:08:34.380485,0,0,2,51.0
2026-03-05T03:08:35.387558,0,0,2,50.0
2026-03-05T03:08:36.392451,0,0,2,50.0
2026-03-05T03:08:37.399396,0,0,2,51.0
2026-03-05T03:08:38.405370,0,0,2,50.0
2026-03-05T03:08:39.412331,0,0,2,50.0
2026-03-05T03:08:40.419323,0,0,2,51.0
2026-03-05T03:08:41.424296,0,0,2,50.0
2026-03-05T03:08:42.431298,0,0,2,50.0
2026-03-05T03:08:43.437267,0,0,2,51.0
2026-03-05T03:08:44.444263,0,0,2,50.0
2026-03-05T03:08:45.449231,0,0,4,50.0
2026-03-05T03:08:46.456214,0,0,2,51.0
2026-03-05T03:08:47.462304,0,0,2,50.0
2026-03-05T03:08:48.468150,0,0,3,50.0
2026-03-05T03:08:49.476054,0,0,2,51.0
2026-03-05T03:08:51.477855,0,0,2,50.0
2026-03-05T03:09:26.385987,0,0,2,50.0
2026-03-05T03:09:28.869456,0,0,3,51.0
2026-03-05T03:09:29.876447,0,0,2,51.0
2026-03-05T03:09:30.882634,0,0,2,50.0
2026-03-05T03:09:31.889501,0,0,2,50.0
2026-03-05T03:09:32.894549,0,0,2,50.0
2026-03-05T03:09:33.901444,0,0,2,51.0
2026-03-05T03:09:34.907444,0,0,2,50.0
2026-03-05T03:09:35.914496,0,0,2,50.0
2026-03-05T03:09:36.921478,0,0,3,51.0
2026-03-05T03:09:37.925493,0,0,2,50.0
2026-03-05T03:09:38.933386,0,0,2,50.0
2026-03-05T03:09:40.935167,0,0,2,51.0
2026-03-05T03:09:40.946412,0,0,2,50.0
2026-03-05T03:09:41.951348,0,0,2,50.0
2026-03-05T03:09:42.958414,0,0,2,51.0
2026-03-05T03:09:43.964348,0,0,3,50.0
2026-03-05T03:09:44.971330,0,0,2,50.0
2026-03-05T03:09:45.978416,0,0,2,51.0
2026-03-05T03:09:46.983330,0,0,2,50.0
2026-03-05T03:09:47.990410,0,0,2,50.0
2026-03-05T03:09:48.996269,0,0,2,50.0
2026-03-05T03:09:50.003265,0,0,1,51.0
2026-03-05T03:09:51.008249,0,0,2,50.0
2026-03-05T03:09:52.015250,0,0,2,50.0
2026-03-05T03:09:53.022460,0,0,1,51.0
2026-03-05T03:09:54.028249,0,0,4,50.0
2026-03-05T03:09:55.035257,0,0,2,50.0
2026-03-05T03:09:56.040202,0,0,3,51.0
2026-03-05T03:09:57.047243,0,0,2,50.0
2026-03-05T03:09:58.053214,0,0,2,50.0
2026-03-05T03:09:59.060207,0,0,2,51.0
2026-03-05T03:10:00.065185,0,0,3,50.0
2026-03-05T03:10:02.066954,0,0,2,50.0
2026-03-05T03:10:02.079143,0,0,2,51.0
2026-03-05T03:10:03.085148,0,0,2,50.0
2026-03-05T03:10:04.092144,0,0,2,50.0
2026-03-05T03:10:05.097127,0,0,2,51.0
2026-03-05T03:10:06.104108,0,0,2,50.0
2026-03-05T03:10:07.110212,0,0,2,50.0
2026-03-05T03:10:18.625589,0,0,2,50.0
2026-03-05T03:10:19.632045,0,0,2,50.0
2026-03-05T03:10:20.637978,0,0,2,51.0
2026-03-05T03:10:21.643947,0,0,3,50.0
2026-03-05T03:10:22.649934,0,0,2,50.0
2026-03-05T03:10:23.656971,0,0,2,50.0
2026-03-05T03:10:24.663952,0,0,2,51.0
2026-03-05T03:10:25.666884,0,0,2,50.0
2026-03-05T03:10:27.668671,0,0,2,50.0
2026-03-05T03:10:27.681835,0,0,2,51.0
2026-03-05T03:10:28.688870,0,0,2,50.0
2026-03-05T03:10:29.694883,0,0,2,50.0
2026-03-05T03:10:30.700862,0,0,2,51.0
2026-03-05T03:10:31.706853,0,0,2,50.0
2026-03-05T03:10:32.713810,0,0,3,50.0
2026-03-05T03:10:33.720946,0,0,2,51.0
2026-03-05T03:10:34.725906,0,0,5,50.0
2026-03-05T03:10:35.732923,0,0,2,50.0
2026-03-05T03:10:36.738905,0,0,3,51.0
2026-03-05T03:10:37.745903,0,0,2,50.0
2026-03-05T03:10:39.747827,0,0,2,50.0
2026-03-05T03:10:39.757701,0,0,2,51.0
2026-03-05T03:10:40.764765,0,0,2,50.0
2026-03-05T03:10:41.770794,0,0,3,50.0
2026-03-05T03:10:52.145047,0,0,2,51.0
2026-03-05T03:10:53.151592,0,0,2,50.0
2026-03-05T03:10:54.157580,0,0,2,51.0
2026-03-05T03:10:55.164719,0,0,3,50.0
2026-03-05T03:10:56.169613,0,0,2,50.0
2026-03-05T03:10:57.176595,0,0,2,50.0
2026-03-05T03:10:58.182589,0,0,2,51.0
2026-03-05T03:10:59.189558,0,0,2,50.0
2026-03-05T03:11:00.196563,0,0,2,50.0
2026-03-05T03:11:01.201532,0,0,3,51.0
2026-03-05T03:11:02.208553,0,0,2,50.0
2026-03-05T03:11:03.214581,0,0,2,50.0
2026-03-05T03:11:04.221518,0,0,2,51.0
2026-03-05T03:11:05.226506,0,0,2,50.0
2026-03-05T03:11:06.233484,0,0,2,50.0
2026-03-05T03:11:07.237509,0,0,2,51.0
2026-03-05T03:11:08.246485,0,0,2,50.0
2026-03-05T03:11:09.253471,0,0,2,50.0
2026-03-05T03:11:10.258490,0,0,2,51.0
2026-03-05T03:11:11.265435,0,0,2,50.0
2026-03-05T03:11:12.271424,0,0,2,51.0
2026-03-05T03:11:13.278469,0,0,3,51.0
2026-03-05T03:11:14.282526,0,0,2,50.0
2026-03-05T03:11:29.391028,0,0,2,51.0
2026-03-05T03:11:30.397227,0,0,2,50.0
2026-03-05T03:11:31.402626,0,0,2,51.0
2026-03-05T03:11:33.404392,0,0,2,50.0
2026-03-05T03:11:33.415242,0,0,2,50.0
2026-03-05T03:11:34.422245,0,0,2,51.0
2026-03-05T03:11:35.428140,0,0,3,50.0
2026-03-05T03:11:36.435149,0,0,2,50.0
2026-03-05T03:11:37.442240,0,0,2,51.0
2026-03-05T03:11:38.447141,0,0,2,50.0
2026-03-05T03:11:39.454136,0,0,2,50.0
2026-03-05T03:11:41.455919,0,0,2,51.0
2026-03-05T03:11:41.467046,0,0,3,50.0
2026-03-05T03:11:42.472013,0,0,2,50.0
2026-03-05T03:11:43.479045,0,0,2,51.0
2026-03-05T03:11:44.484988,0,0,2,50.0
2026-03-05T03:11:45.492002,0,0,2,50.0
2026-03-05T03:11:46.498938,0,0,2,51.0
2026-03-05T03:11:48.500677,0,0,2,50.0
2026-03-05T03:11:48.510933,0,0,2,50.0
2026-03-05T03:11:49.516941,0,0,2,50.0
2026-03-05T03:13:39.147255,0,0,3,51.0
2026-03-05T03:13:41.630533,0,0,2,51.0
2026-03-05T03:13:42.637543,0,0,2,50.0
2026-03-05T03:13:43.643496,0,0,2,51.0
2026-03-05T03:13:44.650520,0,0,2,50.0
2026-03-05T03:13:45.655406,0,0,2,50.0
2026-03-05T03:13:46.662448,0,0,3,51.0
2026-03-05T03:13:47.668374,0,0,2,50.0
2026-03-05T03:13:48.675376,0,0,2,50.0
2026-03-05T03:13:49.682400,0,0,2,51.0
2026-03-05T03:13:50.687372,0,0,2,50.0
2026-03-05T03:13:51.694472,0,0,2,50.0
2026-03-05T03:13:52.700392,0,0,2,50.0
2026-03-05T03:13:53.707382,0,0,2,51.0
2026-03-05T03:13:54.711325,0,0,2,50.0
2026-03-05T03:13:55.718371,0,0,2,50.0
2026-03-05T03:13:56.725332,0,0,2,51.0
2026-03-05T03:13:57.732285,0,0,2,50.0
2026-03-05T03:13:58.739336,0,0,2,50.0
2026-03-05T03:13:59.744302,0,0,2,51.0
2026-03-05T03:14:00.751271,0,0,2,50.0
2026-03-05T03:14:02.753020,0,0,2,50.0
2026-03-05T03:14:02.764243,0,0,2,51.0
2026-03-05T03:14:03.769258,0,0,2,50.0
2026-03-05T03:14:05.770454,0,0,2,50.0
2026-03-05T03:14:05.783076,0,0,2,51.0
2026-03-05T03:14:06.789093,0,0,2,50.0
2026-03-05T03:14:07.796080,0,0,3,50.0
2026-03-05T03:14:08.801072,0,0,2,51.0
2026-03-05T03:14:09.808051,0,0,2,50.0
2026-03-05T03:14:10.814081,0,0,2,50.0
2026-03-05T03:14:12.815812,0,0,2,50.0
2026-03-05T03:14:12.825956,0,0,2,51.0
2026-03-05T03:14:13.833002,0,0,2,50.0
2026-03-05T03:14:14.838970,0,0,2,50.0
2026-03-05T03:14:15.845961,0,0,3,51.0
2026-03-05T03:14:16.852960,0,0,2,50.0
2026-03-05T03:14:17.858113,0,0,2,50.0
2026-03-05T03:14:18.865022,0,0,2,51.0
2026-03-05T03:14:19.871001,0,0,2,50.0
2026-03-05T03:14:20.877958,0,0,2,50.0
2026-03-05T03:14:21.883922,0,0,2,51.0
2026-03-05T03:14:22.889928,0,0,2,50.0
2026-03-05T03:14:23.896890,0,0,2,50.0
2026-03-05T03:14:24.902882,0,0,2,51.0
2026-03-05T03:14:25.909861,0,0,2,50.0
2026-03-05T03:14:26.914881,0,0,3,50.0
2026-03-05T03:14:27.921853,0,0,2,51.0
2026-03-05T03:14:28.927775,0,0,2,50.0
2026-03-05T03:14:29.934762,0,0,2,50.0
2026-03-05T03:14:30.940779,0,0,2,51.0
2026-03-05T03:14:31.946752,0,0,2,50.0
2026-03-05T03:14:32.953748,0,0,2,50.0
2026-03-05T03:14:33.959635,0,0,3,50.0
2026-03-05T03:14:35.961404,0,0,2,51.0
2026-03-05T03:14:35.971659,0,0,2,50.0
2026-03-05T03:14:36.978656,0,0,2,50.0
2026-03-05T03:14:47.409988,0,0,2,50.0
2026-03-05T03:14:49.893476,0,0,2,51.0
2026-03-05T03:14:50.901503,0,0,2,50.0
2026-03-05T03:14:52.903245,0,0,2,51.0
2026-03-05T03:15:14.370776,0,0,2,51.0
2026-03-05T03:15:15.377044,0,0,2,50.0
2026-03-05T03:15:16.383054,0,0,2,51.0
2026-03-05T03:15:17.390189,0,0,2,50.0
2026-03-05T03:15:18.395036,0,0,2,50.0
2026-03-05T03:15:19.401971,0,0,2,51.0
2026-03-05T03:15:20.407974,0,0,2,50.0
2026-03-05T03:15:21.414959,0,0,2,50.0
2026-03-05T03:15:22.421932,0,0,2,50.0
2026-03-05T03:15:23.426995,0,0,3,51.0
2026-03-05T03:15:24.434110,0,0,2,50.0
2026-03-05T03:15:26.435931,0,0,2,50.0
2026-03-05T03:16:11.135616,0,0,2,50.0
2026-03-05T03:16:13.619139,0,0,2,51.0
2026-03-05T03:16:14.625090,0,0,2,51.0
2026-03-05T03:16:15.632139,0,0,2,50.0
2026-03-05T03:16:17.633981,0,0,2,50.0
2026-03-05T03:16:17.644083,0,0,2,51.0
2026-03-05T03:16:18.651093,0,0,2,50.0
2026-03-05T03:16:19.657065,0,0,2,50.0
2026-03-05T03:16:20.664049,0,0,2,51.0
2026-03-05T03:16:21.671028,0,0,2,50.0
2026-03-05T03:16:22.676015,0,0,2,50.0
2026-03-05T03:16:23.681974,0,0,2,51.0
2026-03-05T03:16:25.683820,0,0,2,50.0
2026-03-05T03:16:25.695851,0,0,2,50.0
2026-03-05T03:16:26.700908,0,0,2,50.0
2026-03-05T03:16:27.707878,0,0,2,51.0
2026-03-05T03:16:28.713852,0,0,2,50.0
2026-03-05T03:16:29.720831,0,0,2,50.0
2026-03-05T03:16:30.727813,0,0,2,51.0
2026-03-05T03:16:32.729620,0,0,2,50.0
2026-03-05T03:16:32.739873,0,0,2,50.0
2026-03-05T03:16:33.745831,0,0,2,51.0
2026-03-05T03:16:34.752838,0,0,2,50.0
2026-03-05T03:16:35.757827,0,0,2,50.0
2026-03-05T03:16:36.764806,0,0,3,51.0
2026-03-05T03:16:37.771774,0,0,2,50.0
2026-03-05T03:16:38.777823,0,0,2,50.0
2026-03-05T03:16:40.779682,0,0,5,51.0
2026-03-05T03:16:40.789592,0,0,3,50.0
2026-03-05T03:16:41.796679,0,0,2,50.0
2026-03-05T03:16:42.802667,0,0,3,50.0
2026-03-05T03:16:43.809635,0,0,2,51.0
2026-03-05T03:16:44.814636,0,0,2,50.0
2026-03-05T03:16:45.820641,0,0,2,50.0
2026-03-05T03:16:47.822438,0,0,2,51.0
2026-03-05T03:16:47.834573,0,0,2,50.0
2026-03-05T03:16:48.841552,0,0,2,50.0
2026-03-05T03:16:49.846572,0,0,2,51.0
2026-03-05T03:16:50.853480,0,0,2,50.0
2026-03-05T03:16:51.859501,0,0,2,50.0
2026-03-05T03:16:52.866497,0,0,2,51.0
2026-03-05T03:16:53.872452,0,0,2,50.0
2026-03-05T03:16:54.878528,0,0,0,50.0
2026-03-05T03:16:55.885432,0,0,2,51.0
2026-03-05T03:16:56.891382,0,0,2,50.0
2026-03-05T03:16:57.898428,0,0,2,50.0
2026-03-05T03:16:58.903372,0,0,3,51.0
2026-03-05T03:16:59.910410,0,0,2,50.0
2026-03-05T03:17:00.916332,0,0,2,50.0
2026-03-05T03:17:01.922420,0,0,2,50.0
2026-03-05T03:17:03.924254,0,0,2,51.0
2026-03-05T03:17:03.935309,0,0,2,50.0
2026-03-05T03:17:04.942405,0,0,2,50.0
2026-03-05T03:17:05.948313,0,0,2,51.0
2026-03-05T03:17:06.954337,0,0,2,50.0
2026-03-05T03:17:07.960246,0,0,2,50.0
2026-03-05T03:17:08.967246,0,0,2,51.0
2026-03-05T03:17:09.974294,0,0,2,50.0
2026-03-05T03:17:10.980219,0,0,3,50.0
2026-03-05T03:17:11.986270,0,0,2,51.0
2026-03-05T03:17:12.992132,0,0,2,50.0
2026-03-05T03:17:13.999117,0,0,2,50.0
2026-03-05T03:17:15.005097,0,0,2,51.0
2026-03-05T03:17:16.011073,0,0,3,50.0
2026-03-05T03:17:17.015119,0,0,2,50.0
2026-03-05T03:17:18.024115,0,0,2,51.0
2026-03-05T03:17:19.031096,0,0,2,50.0
2026-03-05T03:17:20.037082,0,0,2,50.0
2026-03-05T03:17:21.043070,0,0,2,51.0
2026-03-05T03:17:22.049017,0,0,2,50.0
2026-03-05T03:17:23.055995,0,0,2,50.0
2026-03-05T03:17:24.062072,0,0,2,50.0
2026-03-05T03:17:25.067039,0,0,2,51.0
2026-03-05T03:17:27.068914,0,0,2,50.0
2026-03-05T03:17:46.131312,0,0,2,50.0
2026-03-05T03:17:48.613554,0,0,2,51.0
2026-03-05T03:17:49.621541,0,0,2,50.0
2026-03-05T03:17:50.627530,0,0,2,51.0
2026-03-05T03:17:51.634577,0,0,2,50.0
2026-03-05T03:17:52.640507,0,0,2,50.0
2026-03-05T03:17:53.646553,0,0,2,51.0
2026-03-05T03:17:54.652474,0,0,2,50.0
2026-03-05T03:17:55.659460,0,0,2,50.0
2026-03-05T03:17:56.666516,0,0,2,51.0
2026-03-05T03:17:57.671362,0,0,2,50.0
2026-03-05T03:17:58.678460,0,0,2,50.0
2026-03-05T03:17:59.684327,0,0,2,51.0
2026-03-05T03:18:00.691307,0,0,3,50.0
2026-03-05T03:18:01.696273,0,0,2,50.0
2026-03-05T03:18:02.703293,0,0,2,50.0
2026-03-05T03:18:03.709239,0,0,2,51.0
2026-03-05T03:18:05.710504,0,0,2,50.0
2026-03-05T03:18:05.722612,0,0,3,50.0
2026-03-05T03:18:06.728162,0,0,2,51.0
2026-03-05T03:18:07.735182,0,0,2,50.0
2026-03-05T03:18:08.741141,0,0,2,50.0
2026-03-05T03:18:09.748156,0,0,2,51.0
2026-03-05T03:18:10.753111,0,0,3,50.0
2026-03-05T03:18:11.760195,0,0,2,50.0
2026-03-05T03:18:12.767065,0,0,3,51.0
2026-03-05T03:18:13.773056,0,0,2,50.0
2026-03-05T03:18:14.780040,0,0,2,50.0
2026-03-05T03:18:15.785020,0,0,2,51.0
2026-03-05T03:18:16.791999,0,0,2,50.0
2026-03-05T03:18:17.797979,0,0,2,50.0
2026-03-05T03:18:18.804937,0,0,2,51.0
2026-03-05T03:18:19.809953,0,0,2,50.0
2026-03-05T03:18:20.816899,0,0,2,50.0
2026-03-05T03:18:21.823916,0,0,2,50.0
2026-03-05T03:18:22.829889,0,0,3,51.0
2026-03-05T03:18:23.836857,0,0,2,50.0
2026-03-05T03:18:24.841954,0,0,2,50.0
2026-03-05T03:18:25.848849,0,0,2,51.0
2026-03-05T03:18:26.854911,0,0,2,50.0
2026-03-05T03:18:27.861899,0,0,2,50.0
2026-03-05T03:18:28.868869,0,0,2,51.0
2026-03-05T03:18:29.873838,0,0,3,50.0
2026-03-05T03:18:30.880754,0,0,2,50.0
2026-03-05T03:18:31.886753,0,0,2,51.0
2026-03-05T03:18:32.893713,0,0,2,50.0
2026-03-05T03:18:43.656070,0,0,2,50.0
2026-03-05T03:18:46.139542,0,0,2,51.0
2026-03-05T03:18:47.146474,0,0,2,51.0
2026-03-05T03:18:49.148250,0,0,3,50.0
2026-03-05T03:18:49.159535,0,0,3,50.0
2026-03-05T03:18:51.161382,0,0,2,51.0
2026-03-05T03:18:51.171356,0,0,2,50.0
2026-03-05T03:18:52.177397,0,0,2,50.0
2026-03-05T03:18:53.184380,0,0,2,50.0
2026-03-05T03:18:54.191354,0,0,2,51.0
2026-03-05T03:18:55.196351,0,0,2,50.0
2026-03-05T03:18:56.203356,0,0,3,50.0
2026-03-05T03:18:57.209323,0,0,2,51.0
2026-03-05T03:18:58.216308,0,0,2,50.0
2026-03-05T03:18:59.221281,0,0,2,50.0
2026-03-05T03:19:00.228285,0,0,2,51.0
2026-03-05T03:19:01.234362,0,0,2,50.0
2026-03-05T03:19:02.241232,0,0,2,50.0
2026-03-05T03:19:03.248199,0,0,3,51.0
2026-03-05T03:19:04.253221,0,0,2,50.0
2026-03-05T03:19:05.260189,0,0,2,50.0
2026-03-05T03:19:06.266272,0,0,2,52.0
2026-03-05T03:19:07.273139,0,0,2,50.0
2026-03-05T03:19:08.278205,0,0,2,50.0
2026-03-05T03:19:09.285111,0,0,2,51.0
2026-03-05T03:19:10.290288,0,0,2,50.0
2026-03-05T03:19:12.292140,0,0,2,50.0
2026-03-05T03:19:12.305065,0,0,2,51.0
2026-03-05T03:19:13.310144,0,0,2,50.0
2026-03-05T03:19:14.316993,0,0,3,50.0
2026-03-05T03:19:15.323031,0,0,2,50.0
2026-03-05T03:19:16.329987,0,0,2,51.0
2026-03-05T03:19:17.334975,0,0,2,50.0
2026-03-05T03:19:18.341000,0,0,2,50.0
2026-03-05T03:19:20.342806,0,0,2,51.0
2026-03-05T03:19:20.354846,0,0,2,50.0
2026-03-05T03:19:21.361886,0,0,2,50.0
2026-03-05T03:19:22.366829,0,0,2,51.0
2026-03-05T03:19:23.373843,0,0,3,50.0
2026-03-05T03:19:24.379835,0,0,2,50.0
2026-03-05T03:19:25.386802,0,0,2,51.0
2026-03-05T03:19:26.392723,0,0,2,50.0
2026-03-05T03:19:28.394541,0,0,2,50.0
2026-03-05T03:19:49.875852,0,0,2,51.0
2026-03-05T03:19:50.882417,0,0,2,50.0
2026-03-05T03:19:51.886232,0,0,2,51.0
2026-03-05T03:19:53.888045,0,0,2,50.0
2026-03-05T03:19:53.900277,0,0,2,50.0
2026-03-05T03:19:54.907284,0,0,2,51.0
2026-03-05T03:19:55.913259,0,0,2,50.0
2026-03-05T03:19:56.920238,0,0,2,50.0
2026-03-05T03:19:57.927314,0,0,2,51.0
2026-03-05T03:19:58.932143,0,0,2,50.0
2026-03-05T03:19:59.939220,0,0,2,50.0
2026-03-05T03:20:00.945150,0,0,2,50.0
2026-03-05T03:20:01.952126,0,0,2,51.0
2026-03-05T03:20:02.957107,0,0,2,50.0
2026-03-05T03:20:03.964087,0,0,2,50.0
2026-03-05T03:20:04.970130,0,0,2,51.0
2026-03-05T03:20:05.976932,0,0,2,50.0
2026-03-05T03:20:06.984104,0,0,2,50.0
2026-03-05T03:20:07.988023,0,0,3,51.0
2026-03-05T03:20:08.996000,0,0,2,50.0
2026-03-05T03:20:54.638853,0,0,2,50.0
2026-03-05T03:20:57.122181,0,0,2,51.0
2026-03-05T03:20:58.129059,0,0,2,51.0
2026-03-05T03:20:59.132995,0,0,3,50.0
2026-03-05T03:21:00.142166,0,0,2,50.0
2026-03-05T03:21:01.147008,0,0,2,51.0
2026-03-05T03:21:38.155912,0,0,2,50.0
2026-03-05T03:21:40.639275,0,0,2,51.0
2026-03-05T03:21:41.646316,0,0,2,51.0
2026-03-05T03:21:42.652184,0,0,3,50.0
2026-03-05T03:21:43.659216,0,0,2,50.0
2026-03-05T03:21:44.664201,0,0,2,50.0
2026-03-05T03:21:45.671165,0,0,2,51.0
2026-03-05T03:21:46.677192,0,0,2,50.0
2026-03-05T03:21:47.683128,0,0,2,50.0
2026-03-05T03:21:48.691126,0,0,3,51.0
2026-03-05T03:21:49.696115,0,0,2,50.0
2026-03-05T03:21:50.703086,0,0,2,50.0
2026-03-05T03:21:52.704936,0,0,2,51.0
2026-03-05T03:22:36.374729,0,0,2,50.0
2026-03-05T03:22:38.858203,0,0,2,51.0
2026-03-05T03:22:39.865134,0,0,2,50.0
2026-03-05T03:22:40.869095,0,0,3,51.0
2026-03-05T03:22:42.870920,0,0,3,50.0
2026-03-05T03:22:42.883016,0,0,3,50.0
2026-03-05T03:22:43.890133,0,0,2,51.0
2026-03-05T03:22:44.895994,0,0,2,50.0
2026-03-05T03:22:45.902977,0,0,2,50.0
2026-03-05T03:22:46.909956,0,0,2,51.0
2026-03-05T03:22:47.914928,0,0,2,50.0
2026-03-05T03:22:48.919929,0,0,2,50.0
2026-03-05T03:22:49.927899,0,0,2,51.0
2026-03-05T03:22:50.934891,0,0,2,50.0
2026-03-05T03:22:51.939856,0,0,2,50.0
2026-03-05T03:22:52.946826,0,0,2,51.0
2026-03-05T03:22:53.952816,0,0,2,50.0
2026-03-05T03:22:54.959791,0,0,2,50.0
2026-03-05T03:22:55.966742,0,0,2,50.0
2026-03-05T03:22:56.971760,0,0,2,51.0
2026-03-05T03:22:57.978747,0,0,2,50.0
2026-03-05T03:22:58.984715,0,0,3,50.0
2026-03-05T03:22:59.991691,0,0,2,51.0
2026-03-05T03:23:00.996676,0,0,4,50.0
2026-03-05T03:23:02.003645,0,0,3,50.0
2026-03-05T03:23:03.010714,0,0,2,51.0
2026-03-05T03:23:04.016631,0,0,2,50.0
2026-03-05T03:23:14.650235,0,0,2,51.0
2026-03-05T03:23:17.133341,0,0,2,52.0
2026-03-05T03:23:18.140320,0,0,2,50.0
2026-03-05T03:23:19.146414,0,0,2,50.0
2026-03-05T03:23:21.148278,0,0,2,51.0
2026-03-05T03:23:21.158347,0,0,2,50.0
2026-03-05T03:23:22.165244,0,0,2,50.0
2026-03-05T03:23:23.170290,0,0,2,51.0
2026-03-05T03:23:24.178322,0,0,2,50.0
2026-03-05T03:23:25.185178,0,0,2,50.0
2026-03-05T03:23:26.190297,0,0,2,51.0
2026-03-05T03:23:27.196068,0,0,2,50.0
2026-03-05T03:23:29.197827,0,0,2,50.0
2026-03-05T03:23:29.210124,0,0,2,51.0
2026-03-05T03:23:30.215038,0,0,2,50.0
2026-03-05T03:23:31.222112,0,0,2,50.0
2026-03-05T03:23:32.227984,0,0,2,51.0
2026-03-05T03:23:33.234985,0,0,2,50.0
2026-03-05T03:23:34.240016,0,0,2,50.0
2026-03-05T03:23:35.247071,0,0,0,50.0
2026-03-05T03:23:37.248830,0,0,2,51.0
2026-03-05T03:23:37.259865,0,0,2,50.0
2026-03-05T03:23:38.266903,0,0,3,50.0
2026-03-05T03:23:51.115362,0,0,2,51.0
2026-03-05T03:23:52.121701,0,0,2,50.0
2026-03-05T03:23:54.123632,0,0,2,50.0
2026-03-05T03:23:54.134600,0,0,2,51.0
2026-03-05T03:23:55.139592,0,0,2,50.0
2026-03-05T03:23:56.146656,0,0,2,50.0
2026-03-05T03:23:57.152556,0,0,2,51.0
2026-03-05T03:23:58.159540,0,0,2,50.0
2026-03-05T03:23:59.164570,0,0,2,50.0
2026-03-05T03:24:00.171456,0,0,2,51.0
2026-03-05T03:24:02.173234,0,0,2,50.0
2026-03-05T03:24:02.184349,0,0,2,50.0
2026-03-05T03:24:03.191402,0,0,2,51.0
2026-03-05T03:24:04.196357,0,0,2,50.0
2026-03-05T03:24:05.203335,0,0,3,50.0
2026-03-05T03:24:06.209318,0,0,2,51.0
2026-03-05T03:24:07.216241,0,0,2,50.0
2026-03-05T03:24:08.223354,0,0,2,50.0
2026-03-05T03:24:09.228257,0,0,2,51.0
2026-03-05T03:24:10.235245,0,0,2,50.0
2026-03-05T03:24:11.241230,0,0,2,50.0
2026-03-05T03:24:12.248199,0,0,3,51.0
2026-03-05T03:24:13.253183,0,0,2,50.0
2026-03-05T03:24:14.260148,0,0,4,50.0
2026-03-05T03:24:15.266227,0,0,2,50.0
2026-03-05T03:24:16.273110,0,0,2,51.0
2026-03-05T03:24:17.280074,0,0,2,50.0
2026-03-05T03:24:18.285071,0,0,2,50.0
2026-03-05T03:24:19.292041,0,0,3,51.0
2026-03-05T03:24:20.297991,0,0,2,50.0
2026-03-05T03:24:22.299870,0,0,2,50.0
2026-03-05T03:25:44.640856,0,0,2,50.0
2026-03-05T03:25:47.124227,0,0,2,51.0
2026-03-05T03:25:48.131230,0,0,2,51.0
2026-03-05T03:25:49.135224,0,0,2,50.0
2026-03-05T03:25:51.136968,0,0,2,50.0
2026-03-05T03:25:51.149215,0,0,2,51.0
2026-03-05T03:25:52.156225,0,0,2,50.0
2026-03-05T03:25:54.158065,0,0,2,50.0
2026-03-05T03:25:54.169050,0,0,2,51.0
2026-03-05T03:25:55.176056,0,0,2,50.0
2026-03-05T03:25:56.181029,0,0,2,50.0
2026-03-05T03:25:57.188049,0,0,3,50.0
2026-03-05T03:25:58.194149,0,0,2,51.0
2026-03-05T03:25:59.199971,0,0,2,50.0
2026-03-05T03:26:01.201746,0,0,2,50.0
2026-03-05T03:26:01.212895,0,0,2,51.0
2026-03-05T03:26:02.218948,0,0,2,50.0
2026-03-05T03:26:03.225891,0,0,2,50.0
2026-03-05T03:26:04.232873,0,0,2,51.0
2026-03-05T03:26:05.237848,0,0,2,50.0
2026-03-05T03:26:06.243837,0,0,2,50.0
2026-03-05T03:26:07.250923,0,0,2,51.0
2026-03-05T03:26:08.257816,0,0,2,50.0
2026-03-05T03:26:09.262828,0,0,3,50.0
2026-03-05T03:26:10.269767,0,0,2,51.0
2026-03-05T03:26:11.276768,0,0,2,50.0
2026-03-05T03:26:12.282754,0,0,2,50.0
2026-03-05T03:26:13.289722,0,0,2,51.0
2026-03-05T03:26:14.294710,0,0,2,50.0
2026-03-05T03:26:15.300766,0,0,2,50.0
2026-03-05T03:26:16.307680,0,0,2,50.0
2026-03-05T03:26:17.314675,0,0,2,51.0
2026-03-05T03:26:18.319639,0,0,2,50.0
2026-03-05T03:26:19.326594,0,0,2,50.0
2026-03-05T03:26:20.333609,0,0,2,51.0
2026-03-05T03:26:21.339589,0,0,2,50.0
2026-03-05T03:26:22.346506,0,0,2,50.0
2026-03-05T03:26:23.351563,0,0,2,51.0
2026-03-05T03:26:24.358534,0,0,2,50.0
2026-03-05T03:26:26.360395,0,0,2,50.0
2026-03-05T03:26:26.371480,0,0,2,51.0
2026-03-05T03:26:27.377460,0,0,2,50.0
2026-03-05T03:26:37.913706,0,0,2,50.0
2026-03-05T03:26:40.397145,0,0,2,51.0
2026-03-05T03:26:42.398471,0,0,3,50.0
2026-03-05T03:27:00.390413,0,0,2,50.0
2026-03-05T03:27:12.135147,0,0,2,50.0
2026-03-05T03:27:14.618515,0,0,2,51.0
2026-03-05T03:27:16.620314,0,0,2,50.0
2026-03-05T03:28:26.641638,0,0,2,50.0
2026-03-05T03:28:29.124919,0,0,2,51.0
2026-03-05T03:28:30.131905,0,0,2,51.0
2026-03-05T03:28:31.137879,0,0,3,50.0
2026-03-05T03:28:33.139920,0,0,2,50.0
2026-03-05T03:29:09.140531,0,0,2,50.0
2026-03-05T03:29:11.623858,0,0,2,51.0
2026-03-05T03:29:12.630922,0,0,2,51.0
2026-03-05T03:29:13.634901,0,0,2,50.0
2026-03-05T03:29:15.636678,0,0,2,50.0
2026-03-05T03:29:15.648845,0,0,2,50.0
2026-03-05T03:30:01.858584,0,0,2,51.0
2026-03-05T03:30:02.864837,0,0,1,50.0
2026-03-05T03:30:03.870837,0,0,2,51.0
2026-03-05T03:30:05.872536,0,0,2,50.0
2026-03-05T03:32:14.632446,0,0,2,51.0
2026-03-05T03:32:17.458476,0,0,2,52.0
2026-03-05T03:32:18.122838,0,0,2,50.0
2026-03-05T03:32:19.128995,0,0,2,50.0
2026-03-05T03:32:21.130830,0,0,3,51.0
2026-03-05T03:32:21.140902,0,0,2,50.0
2026-03-05T03:32:22.147871,0,0,2,50.0
2026-03-05T03:32:23.153848,0,0,2,51.0
2026-03-05T03:32:24.160825,0,0,2,50.0
2026-03-05T03:32:25.167800,0,0,2,50.0
2026-03-05T03:32:26.172809,0,0,2,51.0
2026-03-05T03:32:27.179773,0,0,2,50.0
2026-03-05T03:32:28.185783,0,0,2,50.0
2026-03-05T03:32:29.192745,0,0,2,51.0
2026-03-05T03:32:30.197718,0,0,2,50.0
2026-03-05T03:32:31.204667,0,0,2,50.0
2026-03-05T03:32:32.210683,0,0,2,50.0
2026-03-05T03:32:33.217638,0,0,2,51.0
2026-03-05T03:32:34.223606,0,0,3,50.0
2026-03-05T03:32:36.225467,0,0,2,50.0
2026-03-05T03:32:36.236557,0,0,2,51.0
2026-03-05T03:32:37.242614,0,0,3,51.0
2026-03-05T03:32:38.249560,0,0,2,50.0
2026-03-05T03:32:39.254540,0,0,2,51.0
2026-03-05T03:32:40.261516,0,0,2,50.0
2026-03-05T03:32:41.268496,0,0,2,50.0
2026-03-05T03:32:42.274561,0,0,2,51.0
2026-03-05T03:32:44.276444,0,0,2,50.0
2026-03-05T03:32:44.286447,0,0,2,50.0
2026-03-05T03:32:46.288288,0,0,2,51.0
2026-03-05T03:32:46.299280,0,0,2,50.0
2026-03-05T03:32:47.306428,0,0,2,50.0
2026-03-05T03:32:48.311346,0,0,3,50.0
2026-03-05T03:32:49.318385,0,0,2,51.0
2026-03-05T03:32:50.325273,0,0,2,50.0
2026-03-05T03:32:51.331256,0,0,2,50.0
2026-03-05T03:32:52.338376,0,0,2,51.0
2026-03-05T03:32:54.340240,0,0,3,50.0
2026-03-05T03:33:05.138684,0,0,2,51.0
2026-03-05T03:33:07.621915,0,0,2,51.0
2026-03-05T03:33:08.628892,0,0,2,50.0
2026-03-05T03:33:09.632949,0,0,2,51.0
2026-03-05T03:33:10.641862,0,0,2,50.0
2026-03-05T03:33:11.646809,0,0,2,50.0
2026-03-05T03:33:12.653774,0,0,2,51.0
2026-03-05T03:33:13.659759,0,0,2,50.0
2026-03-05T03:33:14.666751,0,0,3,50.0
2026-03-05T03:33:15.673722,0,0,2,51.0
2026-03-05T03:33:16.678712,0,0,2,50.0
2026-03-05T03:33:17.685685,0,0,2,50.0
2026-03-05T03:33:18.691670,0,0,2,50.0
2026-03-05T03:33:19.698638,0,0,2,51.0
2026-03-05T03:33:20.703619,0,0,2,50.0
2026-03-05T03:33:21.710631,0,0,2,50.0
2026-03-05T03:33:22.716598,0,0,2,51.0
2026-03-05T03:33:23.723555,0,0,2,50.0
2026-03-05T03:33:24.730570,0,0,3,50.0
2026-03-05T03:33:25.735563,0,0,2,51.0
2026-03-05T03:33:26.742573,0,0,2,50.0
2026-03-05T03:33:27.748452,0,0,3,50.0
2026-03-05T03:33:28.755472,0,0,3,51.0
2026-03-05T03:33:29.760412,0,0,3,50.0
2026-03-05T03:33:30.766691,0,0,1,50.0
2026-03-05T03:33:31.774447,0,0,2,51.0
2026-03-05T03:33:32.779240,0,0,2,50.0
2026-03-05T03:33:33.787357,0,0,6,50.0
2026-03-05T03:33:34.792250,0,0,2,51.0
2026-03-05T03:33:35.799237,0,0,2,50.0
2026-03-05T03:33:36.805195,0,0,2,50.0
2026-03-05T03:33:37.812195,0,0,2,50.0
2026-03-05T03:33:38.817169,0,0,2,51.0
2026-03-05T03:33:39.824136,0,0,2,50.0
2026-03-05T03:33:40.831122,0,0,2,50.0
2026-03-05T03:33:41.837096,0,0,2,51.0
2026-03-05T03:33:42.844067,0,0,2,50.0
2026-03-05T03:33:43.849042,0,0,2,50.0
2026-03-05T03:33:44.856032,0,0,2,51.0
2026-03-05T03:33:45.862150,0,0,3,50.0
2026-03-05T03:33:46.868999,0,0,2,50.0
2026-03-05T03:33:47.875003,0,0,3,51.0
2026-03-05T03:33:48.881023,0,0,2,50.0
2026-03-05T03:33:49.887948,0,0,2,50.0
2026-03-05T03:33:50.893948,0,0,2,51.0
2026-03-05T03:33:51.899912,0,0,3,50.0
2026-03-05T03:33:52.903856,0,0,2,50.0
2026-03-05T03:33:54.905658,0,0,2,51.0
2026-03-05T03:34:49.391345,0,0,2,51.0
2026-03-05T03:34:50.397649,0,0,2,51.0
2026-03-05T03:34:51.403589,0,0,2,50.0
2026-03-05T03:35:55.623948,0,0,2,51.0
2026-03-05T03:35:56.630302,0,0,2,50.0
2026-03-05T03:35:57.636144,0,0,2,51.0
2026-03-05T03:35:58.643156,0,0,2,50.0
2026-03-05T03:35:59.648099,0,0,2,50.0
2026-03-05T03:36:00.655092,0,0,2,51.0
2026-03-05T03:36:01.661057,0,0,2,50.0
2026-03-05T03:36:02.668082,0,0,2,50.0
2026-03-05T03:36:03.675019,0,0,2,51.0
2026-03-05T03:36:04.679978,0,0,2,50.0
2026-03-05T03:36:05.687027,0,0,2,50.0
2026-03-05T03:36:06.691981,0,0,2,50.0
2026-03-05T03:36:07.699924,0,0,2,51.0
2026-03-05T03:36:08.704896,0,0,2,50.0
2026-03-05T03:36:09.711874,0,0,2,50.0
2026-03-05T03:36:10.717907,0,0,2,51.0
2026-03-05T03:36:11.724745,0,0,2,50.0
2026-03-05T03:36:12.731880,0,0,2,50.0
2026-03-05T03:36:13.736807,0,0,3,51.0
2026-03-05T03:36:14.743776,0,0,2,50.0
2026-03-05T03:36:15.749760,0,0,2,50.0
2026-03-05T03:36:16.756814,0,0,2,51.0
2026-03-05T03:36:17.761722,0,0,3,50.0
2026-03-05T03:36:18.768677,0,0,3,50.0
2026-03-05T03:36:19.775667,0,0,2,51.0
2026-03-05T03:36:20.781625,0,0,2,50.0
2026-03-05T03:36:21.788635,0,0,1,50.0
2026-03-05T03:36:22.793605,0,0,3,51.0
2026-03-05T03:36:23.800572,0,0,2,50.0
2026-03-05T03:36:24.804500,0,0,2,50.0
2026-03-05T03:36:26.806355,0,0,2,50.0
2026-03-05T03:36:26.818545,0,0,3,51.0
2026-03-05T03:36:27.825523,0,0,2,50.0
2026-03-05T03:36:28.832441,0,0,2,50.0
2026-03-05T03:36:29.838513,0,0,2,51.0
2026-03-05T03:36:30.844426,0,0,2,50.0
2026-03-05T03:36:31.850429,0,0,2,50.0
2026-03-05T03:37:17.666921,0,0,2,50.0
2026-03-05T03:37:20.150381,0,0,2,51.0
2026-03-05T03:37:21.157300,0,0,2,51.0
2026-03-05T03:37:22.162247,0,0,2,50.0
2026-03-05T03:37:23.170366,0,0,2,50.0
2026-03-05T03:37:24.175215,0,0,2,51.0
2026-03-05T03:37:25.182386,0,0,2,50.0
2026-03-05T03:37:26.188219,0,0,2,50.0
2026-03-05T03:37:27.195126,0,0,2,51.0
2026-03-05T03:37:28.202207,0,0,2,50.0
2026-03-05T03:37:29.207125,0,0,2,50.0
2026-03-05T03:37:30.214163,0,0,2,51.0
2026-03-05T03:37:31.220056,0,0,2,50.0
2026-03-05T03:37:32.226925,0,0,2,50.0
2026-03-05T03:37:33.232075,0,0,3,50.0
2026-03-05T03:37:34.238978,0,0,2,51.0
2026-03-05T03:37:35.244938,0,0,2,50.0
2026-03-05T03:37:36.251914,0,0,2,50.0
2026-03-05T03:37:37.258912,0,0,2,51.0
2026-03-05T03:37:38.263888,0,0,2,50.0
2026-03-05T03:37:39.270864,0,0,2,50.0
2026-03-05T03:37:40.276827,0,0,2,53.0
2026-03-05T03:37:41.283810,0,0,3,50.0
2026-03-05T03:38:24.134477,0,0,2,51.0
2026-03-05T03:38:26.617853,0,0,2,52.0
2026-03-05T03:38:27.623784,0,0,2,50.0
2026-03-05T03:38:28.630834,0,0,2,50.0
2026-03-05T03:38:30.632601,0,0,2,51.0
2026-03-05T03:38:30.642722,0,0,2,50.0
2026-03-05T03:38:31.649689,0,0,2,50.0
2026-03-05T03:38:32.655687,0,0,2,51.0
2026-03-05T03:38:33.662646,0,0,2,50.0
2026-03-05T03:38:34.669630,0,0,2,50.0
2026-03-05T03:38:35.674628,0,0,2,51.0
2026-03-05T03:38:36.679524,0,0,2,50.0
2026-03-05T03:38:37.686675,0,0,2,50.0
2026-03-05T03:38:38.694569,0,0,2,50.0
2026-03-05T03:38:39.699535,0,0,2,51.0
2026-03-05T03:38:40.706553,0,0,2,50.0
2026-03-05T03:38:41.712466,0,0,3,50.0
2026-03-05T03:38:42.719470,0,0,2,51.0
2026-03-05T03:38:43.726506,0,0,2,50.0
2026-03-05T03:38:44.731395,0,0,2,50.0
2026-03-05T03:38:45.738452,0,0,2,51.0
2026-03-05T03:38:46.744352,0,0,2,50.0
2026-03-05T03:38:47.751331,0,0,3,50.0
2026-03-05T03:38:48.756289,0,0,2,51.0
2026-03-05T03:38:49.761309,0,0,2,50.0
2026-03-05T03:38:50.770452,0,0,4,50.0
2026-03-05T03:38:51.776317,0,0,2,51.0
2026-03-05T03:38:52.783322,0,0,2,50.0
2026-03-05T03:38:53.788284,0,0,2,50.0
2026-03-05T03:38:54.795251,0,0,2,51.0
2026-03-05T03:38:55.801174,0,0,2,50.0
2026-03-05T03:38:56.808132,0,0,2,50.0
2026-03-05T03:38:57.813106,0,0,2,50.0
2026-03-05T03:38:58.820150,0,0,3,51.0
2026-03-05T03:38:59.827103,0,0,2,50.0
2026-03-05T03:39:00.831087,0,0,5,50.0
2026-03-05T03:39:01.840061,0,0,2,51.0
2026-03-05T03:39:02.845092,0,0,2,50.0
2026-03-05T03:39:03.852046,0,0,2,50.0
2026-03-05T03:39:04.858063,0,0,2,51.0
2026-03-05T03:39:05.864970,0,0,3,50.0
2026-03-05T03:39:06.870959,0,0,2,50.0
2026-03-05T03:39:07.875928,0,0,3,51.0
2026-03-05T03:39:09.877810,0,0,2,50.0
2026-03-05T03:39:28.892937,0,0,2,50.0
2026-03-05T03:39:31.376356,0,0,2,52.0
2026-03-05T03:39:32.383340,0,0,2,50.0
2026-03-05T03:39:33.387339,0,0,2,50.0
2026-03-05T03:39:35.389115,0,0,2,51.0
2026-03-05T03:40:05.625192,0,0,2,51.0
2026-03-05T03:40:06.631570,0,0,2,50.0
2026-03-05T03:40:07.635537,0,0,2,51.0
2026-03-05T03:40:09.637318,0,0,2,50.0
2026-03-05T03:40:09.649460,0,0,2,50.0
2026-03-05T03:40:10.656477,0,0,3,51.0
2026-03-05T03:40:11.662512,0,0,2,50.0
2026-03-05T03:40:12.669422,0,0,2,50.0
2026-03-05T03:40:13.676404,0,0,2,51.0
2026-03-05T03:40:14.680365,0,0,2,50.0
2026-03-05T03:40:15.688459,0,0,2,50.0
2026-03-05T03:40:16.694430,0,0,2,50.0
2026-03-05T03:40:17.701368,0,0,2,51.0
2026-03-05T03:40:18.706401,0,0,2,50.0
2026-03-05T03:40:19.713307,0,0,2,50.0
2026-03-05T03:40:20.719271,0,0,2,51.0
2026-03-05T03:40:21.726335,0,0,2,50.0
2026-03-05T03:40:22.733231,0,0,2,50.0
2026-03-05T03:40:23.737179,0,0,2,51.0
2026-03-05T03:40:24.745186,0,0,3,50.0
2026-03-05T03:40:25.751168,0,0,3,51.0
2026-03-05T03:40:26.758212,0,0,2,51.0
2026-03-05T03:40:27.763116,0,0,2,50.0
2026-03-05T03:40:28.770241,0,0,2,50.0
2026-03-05T03:40:29.777071,0,0,3,51.0
2026-03-05T03:40:58.390971,0,0,2,50.0
2026-03-05T03:41:00.874387,0,0,2,51.0
2026-03-05T03:41:01.880340,0,0,2,51.0
2026-03-05T03:41:02.887240,0,0,2,50.0
2026-03-05T03:41:04.888984,0,0,2,50.0
2026-03-05T03:41:15.641573,0,0,2,51.0
2026-03-05T03:41:18.124972,0,0,2,51.0
2026-03-05T03:41:19.131931,0,0,2,50.0
2026-03-05T03:41:20.138345,0,0,2,51.0
2026-03-05T03:41:21.144955,0,0,2,50.0
2026-03-05T03:41:22.149934,0,0,2,50.0
2026-03-05T03:41:23.156873,0,0,2,51.0
2026-03-05T03:41:24.162852,0,0,2,50.0
2026-03-05T03:41:25.169902,0,0,2,50.0
2026-03-05T03:41:26.176747,0,0,2,51.0
2026-03-05T03:41:27.181761,0,0,2,50.0
2026-03-05T03:41:28.186722,0,0,2,50.0
2026-03-05T03:41:29.194736,0,0,2,50.0
2026-03-05T03:41:30.201692,0,0,2,51.0
2026-03-05T03:41:31.206660,0,0,2,50.0
2026-03-05T03:41:32.213644,0,0,2,50.0
2026-03-05T03:41:33.219585,0,0,2,51.0
2026-03-05T03:41:34.226555,0,0,2,50.0
2026-03-05T03:41:35.233551,0,0,2,50.0
2026-03-05T03:41:36.238570,0,0,3,51.0
2026-03-05T03:41:37.245519,0,0,2,50.0
2026-03-05T03:41:38.251511,0,0,2,50.0
2026-03-05T03:41:39.258520,0,0,2,51.0
2026-03-05T03:41:40.263479,0,0,2,50.0
2026-03-05T03:41:41.270440,0,0,1,50.0
2026-03-05T03:41:42.275425,0,0,2,51.0
2026-03-05T03:41:43.283429,0,0,2,50.0
2026-03-05T03:41:44.289358,0,0,2,50.0
2026-03-05T03:41:45.295347,0,0,3,50.0
2026-03-05T03:41:46.302381,0,0,2,51.0
2026-03-05T03:41:47.308310,0,0,0,50.0
2026-03-05T03:41:48.315292,0,0,2,50.0
2026-03-05T03:41:49.320245,0,0,1,51.0
2026-03-05T03:41:50.327328,0,0,2,50.0
2026-03-05T03:41:52.329043,0,0,2,50.0
2026-03-05T03:41:52.340130,0,0,3,51.0
2026-03-05T03:41:53.347220,0,0,2,50.0
2026-03-05T03:41:54.352190,0,0,2,50.0
2026-03-05T03:41:55.359168,0,0,2,51.0
2026-03-05T03:41:56.365129,0,0,3,50.0
2026-03-05T03:41:57.372078,0,0,2,50.0
2026-03-05T03:41:58.378238,0,0,2,51.0
2026-03-05T03:42:00.380006,0,0,2,50.0
2026-03-05T03:42:36.890915,0,0,2,50.0
2026-03-05T03:42:39.374234,0,0,2,51.0
2026-03-05T03:42:40.381147,0,0,2,51.0
2026-03-05T03:42:41.385105,0,0,2,50.0
2026-03-05T03:42:42.394276,0,0,2,50.0
2026-03-05T03:42:43.398203,0,0,2,51.0
2026-03-05T03:42:45.399943,0,0,2,50.0
2026-03-05T03:42:45.412068,0,0,2,50.0
2026-03-05T03:42:46.419021,0,0,2,51.0
2026-03-05T03:42:47.426115,0,0,2,50.0
2026-03-05T03:42:48.430985,0,0,2,50.0
2026-03-05T03:42:49.437962,0,0,2,51.0
2026-03-05T03:42:50.443941,0,0,2,50.0
2026-03-05T03:42:51.450875,0,0,3,50.0
2026-03-05T03:42:52.455965,0,0,2,50.0
2026-03-05T03:42:53.462872,0,0,2,51.0
2026-03-05T03:42:54.468833,0,0,2,50.0
2026-03-05T03:42:55.475824,0,0,3,50.0
2026-03-05T03:42:56.482801,0,0,2,51.0
2026-03-05T03:42:57.487776,0,0,2,50.0
2026-03-05T03:42:58.493749,0,0,2,50.0
2026-03-05T03:43:00.495639,0,0,2,51.0
2026-03-05T03:43:00.507620,0,0,2,50.0
2026-03-05T03:43:01.512661,0,0,2,50.0
2026-03-05T03:43:02.519623,0,0,2,51.0
2026-03-05T03:43:03.526613,0,0,2,50.0
2026-03-05T03:43:04.532580,0,0,2,50.0
2026-03-05T03:43:05.538568,0,0,2,51.0
2026-03-05T03:43:07.540353,0,0,2,50.0
2026-03-05T03:43:18.135079,0,0,2,50.0
2026-03-05T03:43:20.618360,0,0,2,52.0
2026-03-05T03:43:21.625182,0,0,2,50.0
2026-03-05T03:43:22.630156,0,0,3,50.0
2026-03-05T03:43:24.631933,0,0,2,51.0
2026-03-05T03:43:24.643144,0,0,2,50.0
2026-03-05T03:43:25.650113,0,0,2,50.0
2026-03-05T03:43:26.655978,0,0,2,50.0
2026-03-05T03:43:27.662991,0,0,2,51.0
2026-03-05T03:43:28.669941,0,0,2,50.0
2026-03-05T03:43:29.674917,0,0,3,50.0
2026-03-05T03:43:30.679840,0,0,2,51.0
2026-03-05T03:43:32.681617,0,0,2,50.0
2026-03-05T03:43:32.694782,0,0,2,50.0
2026-03-05T03:43:33.699828,0,0,2,51.0
2026-03-05T03:43:34.706802,0,0,2,50.0
2026-03-05T03:43:35.712745,0,0,2,50.0
2026-03-05T03:43:37.714518,0,0,2,51.0
2026-03-05T03:43:37.726563,0,0,3,50.0
2026-03-05T03:43:38.731574,0,0,2,50.0
2026-03-05T03:43:39.738542,0,0,2,51.0
2026-03-05T03:43:40.744516,0,0,3,50.0
2026-03-05T03:43:41.751478,0,0,2,50.0
2026-03-05T03:43:42.756408,0,0,2,51.0
2026-03-05T03:43:44.758233,0,0,2,50.0
2026-03-05T03:43:44.770419,0,0,2,50.0
2026-03-05T03:43:45.776339,0,0,3,50.0
2026-03-05T03:43:46.783299,0,0,2,51.0
2026-03-05T03:43:47.788260,0,0,3,50.0
2026-03-05T03:43:48.795229,0,0,2,50.0
2026-03-05T03:43:49.800263,0,0,1,51.0
2026-03-05T03:43:50.808261,0,0,3,50.0
2026-03-05T03:43:51.813138,0,0,2,50.0
2026-03-05T03:43:52.820125,0,0,2,51.0
2026-03-05T03:43:53.827205,0,0,2,50.0
2026-03-05T03:43:55.828966,0,0,2,50.0
2026-03-05T03:43:55.839968,0,0,3,51.0
2026-03-05T03:43:56.844965,0,0,3,50.0
2026-03-05T03:43:57.851937,0,0,2,50.0
2026-03-05T03:43:58.857901,0,0,2,51.0
2026-03-05T03:43:59.864874,0,0,2,50.0
2026-03-05T03:44:00.870900,0,0,4,50.0
2026-03-05T03:44:02.872734,0,0,2,51.0
2026-03-05T03:44:40.377232,0,0,2,52.0
2026-03-05T03:44:41.383589,0,0,2,50.0
2026-03-05T03:44:42.387595,0,0,2,50.0
2026-03-05T03:44:44.389426,0,0,2,50.0
2026-03-05T03:46:17.391236,0,0,3,50.0
2026-03-05T03:46:19.874528,0,0,2,51.0
2026-03-05T03:46:20.881430,0,0,2,51.0
2026-03-05T03:46:21.885380,0,0,2,50.0
2026-03-05T03:46:23.887207,0,0,2,50.0
2026-03-05T03:46:23.899400,0,0,2,51.0
2026-03-05T03:46:24.906374,0,0,2,50.0
2026-03-05T03:46:25.912287,0,0,2,50.0
2026-03-05T03:46:26.919273,0,0,2,51.0
2026-03-05T03:46:27.926284,0,0,2,50.0
2026-03-05T03:46:28.931183,0,0,2,50.0
2026-03-05T03:46:29.938150,0,0,2,51.0
2026-03-05T03:46:31.939941,0,0,2,50.0
2026-03-05T03:46:31.951009,0,0,2,50.0
2026-03-05T03:46:32.955987,0,0,2,51.0
2026-03-05T03:46:33.962966,0,0,3,50.0
2026-03-05T03:46:34.968917,0,0,2,50.0
2026-03-05T03:46:35.975932,0,0,2,50.0
2026-03-05T03:46:36.982825,0,0,2,51.0
2026-03-05T03:46:37.987989,0,0,2,50.0
2026-03-05T03:46:38.994880,0,0,2,50.0
2026-03-05T03:46:40.000833,0,0,3,51.0
2026-03-05T03:46:41.007807,0,0,2,50.0
2026-03-05T03:46:42.012777,0,0,2,50.0
2026-03-05T03:46:43.019812,0,0,2,51.0
2026-03-05T03:46:44.026700,0,0,2,50.0
2026-03-05T03:46:45.032665,0,0,2,50.0
2026-03-05T03:46:46.039628,0,0,2,51.0
2026-03-05T03:46:47.044622,0,0,2,50.0
2026-03-05T03:46:48.051585,0,0,2,50.0
2026-03-05T03:46:49.057538,0,0,2,51.0
2026-03-05T03:46:50.064446,0,0,2,50.0
2026-03-05T03:46:52.066281,0,0,2,50.0
2026-03-05T03:46:52.076447,0,0,2,51.0
2026-03-05T03:46:53.083421,0,0,3,50.0
2026-03-05T03:46:54.089385,0,0,2,50.0
2026-03-05T03:46:55.096355,0,0,2,50.0
2026-03-05T03:46:56.101324,0,0,2,51.0
2026-03-05T03:46:57.108205,0,0,2,50.0
2026-03-05T03:46:58.114406,0,0,2,50.0
2026-03-05T03:46:59.121259,0,0,2,51.0
2026-03-05T03:47:00.127218,0,0,2,50.0
2026-03-05T03:47:01.133187,0,0,2,50.0
2026-03-05T03:47:22.668077,0,0,2,51.0
2026-03-05T03:47:23.674502,0,0,2,50.0
2026-03-05T03:47:24.680432,0,0,2,51.0
2026-03-05T03:47:25.687425,0,0,2,50.0
2026-03-05T03:47:26.692369,0,0,2,50.0
2026-03-05T03:47:27.699365,0,0,2,51.0
2026-03-05T03:47:28.705334,0,0,2,50.0
2026-03-05T03:47:29.712309,0,0,2,50.0
2026-03-05T03:47:30.719273,0,0,3,51.0
2026-03-05T03:47:31.724223,0,0,2,50.0
2026-03-05T03:47:33.726134,0,0,2,50.0
2026-03-05T03:47:33.737181,0,0,2,51.0
2026-03-05T03:47:34.744141,0,0,2,50.0
2026-03-05T03:47:35.749110,0,0,2,50.0
2026-03-05T03:47:36.756072,0,0,3,51.0
2026-03-05T03:47:37.762213,0,0,2,50.0
2026-03-05T03:47:38.767032,0,0,2,50.0
2026-03-05T03:47:39.776043,0,0,2,50.0
2026-03-05T03:47:40.780979,0,0,2,51.0
2026-03-05T03:47:41.787934,0,0,2,50.0
2026-03-05T03:47:42.793911,0,0,2,50.0
2026-03-05T03:47:43.800841,0,0,2,51.0
2026-03-05T03:47:44.805842,0,0,2,50.0
2026-03-05T03:47:45.810825,0,0,2,50.0
2026-03-05T03:47:47.812645,0,0,2,51.0
2026-03-05T03:47:47.825754,0,0,2,50.0
2026-03-05T03:47:48.832729,0,0,3,50.0
2026-03-05T03:48:16.899552,0,0,2,52.0
2026-03-05T03:48:17.905878,0,0,3,50.0
2026-03-05T03:48:18.911818,0,0,2,50.0
2026-03-05T03:48:20.913603,0,0,3,51.0
2026-03-05T03:48:20.923690,0,0,2,50.0
2026-03-05T03:48:21.930716,0,0,3,50.0
2026-03-05T03:48:22.936673,0,0,5,51.0
2026-03-05T03:48:23.943642,0,0,2,50.0
2026-03-05T03:48:24.950639,0,0,2,50.0
2026-03-05T03:48:25.955584,0,0,2,50.0
2026-03-05T03:48:26.962537,0,0,2,51.0
2026-03-05T03:48:46.894740,0,0,2,50.0
2026-03-05T03:48:49.377966,0,0,2,52.0
2026-03-05T03:48:50.384929,0,0,3,50.0
2026-03-05T03:48:51.390876,0,0,2,50.0
2026-03-05T03:48:53.392735,0,0,2,51.0
2026-03-05T03:48:53.402812,0,0,2,50.0
2026-03-05T03:48:54.409715,0,0,2,50.0
2026-03-05T03:48:55.415769,0,0,2,50.0
2026-03-05T03:49:21.163452,0,0,2,50.0
2026-03-05T03:49:23.646949,0,0,2,51.0
2026-03-05T03:49:24.653874,0,0,2,50.0
2026-03-05T03:49:25.659898,0,0,2,51.0
2026-03-05T03:49:27.661658,0,0,2,50.0
2026-03-05T03:49:37.549133,0,0,3,51.0
2026-03-05T03:49:40.033495,0,0,2,51.0
2026-03-05T03:49:41.039442,0,0,2,51.0
2026-03-05T03:49:42.045430,0,0,2,50.0
2026-03-05T03:49:43.052278,0,0,3,50.0
2026-03-05T03:49:44.058490,0,0,2,51.0
2026-03-05T03:49:45.064427,0,0,2,50.0
2026-03-05T03:49:46.070468,0,0,2,50.0
2026-03-05T03:49:48.072326,0,0,2,51.0
2026-03-05T03:49:48.084213,0,0,2,50.0
2026-03-05T03:49:49.089230,0,0,3,50.0
2026-03-05T03:49:50.096196,0,0,2,51.0
2026-03-05T03:49:51.102290,0,0,2,50.0
2026-03-05T03:49:52.109119,0,0,2,50.0
2026-03-05T03:49:53.114161,0,0,2,50.0
2026-03-05T03:49:54.121058,0,0,3,51.0
2026-03-05T03:49:55.127032,0,0,1,50.0
2026-03-05T03:49:56.134104,0,0,2,50.0
2026-03-05T03:49:57.140999,0,0,2,51.0
2026-03-05T03:49:58.145989,0,0,2,50.0
2026-03-05T03:49:59.152942,0,0,2,50.0
2026-03-05T03:50:00.156999,0,0,2,51.0
2026-03-05T03:50:02.158872,0,0,4,50.0
2026-03-05T03:50:46.938276,0,0,2,51.0
2026-03-05T03:50:49.421477,0,0,2,52.0
2026-03-05T03:50:50.428444,0,0,2,50.0
2026-03-05T03:50:51.434520,0,0,2,50.0
2026-03-05T03:50:52.439334,0,0,2,51.0
2026-03-05T03:50:53.446500,0,0,2,50.0
2026-03-05T03:50:54.453427,0,0,2,50.0
2026-03-05T03:50:55.459323,0,0,2,51.0
2026-03-05T03:50:56.466357,0,0,2,50.0
2026-03-05T03:50:58.468175,0,0,2,50.0
2026-03-05T03:50:58.477276,0,0,2,51.0
2026-03-05T03:50:59.485215,0,0,2,50.0
2026-03-05T03:51:00.491211,0,0,3,50.0
2026-03-05T03:51:01.498256,0,0,2,51.0
2026-03-05T03:51:02.503141,0,0,2,50.0
2026-03-05T03:51:03.510197,0,0,2,50.0
2026-03-05T03:51:04.514123,0,0,2,50.0
2026-03-05T03:51:06.515884,0,0,2,51.0
2026-03-05T03:51:06.529903,0,0,2,50.0
2026-03-05T03:51:07.534937,0,0,2,50.0
2026-03-05T03:51:08.541894,0,0,2,51.0
2026-03-05T03:51:09.547872,0,0,2,50.0
2026-03-05T03:51:10.554861,0,0,2,50.0
2026-03-05T03:51:11.557816,0,0,2,51.0
2026-03-05T03:51:12.566827,0,0,2,50.0
2026-03-05T03:51:13.573729,0,0,2,50.0
2026-03-05T03:51:14.579753,0,0,2,51.0
2026-03-05T03:51:15.586697,0,0,3,50.0
2026-03-05T03:51:16.591671,0,0,2,50.0
2026-03-05T03:51:17.598655,0,0,3,51.0
2026-03-05T03:51:18.604626,0,0,2,50.0
2026-03-05T03:51:19.611649,0,0,2,50.0
2026-03-05T03:51:20.616559,0,0,2,51.0
2026-03-05T03:51:21.623517,0,0,2,50.0
2026-03-05T03:51:22.630538,0,0,2,50.0
2026-03-05T03:51:23.636490,0,0,2,50.0
2026-03-05T03:51:24.643460,0,0,3,51.0
2026-03-05T03:51:25.647414,0,0,2,50.0
2026-03-05T03:51:26.655435,0,0,2,50.0
2026-03-05T03:51:27.661367,0,0,2,51.0
2026-03-05T03:51:28.668329,0,0,2,50.0
2026-03-05T03:51:29.674385,0,0,2,50.0
2026-03-05T03:51:30.680286,0,0,2,51.0
2026-03-05T03:51:31.687252,0,0,2,50.0
2026-03-05T03:51:32.692216,0,0,2,50.0
2026-03-05T03:51:33.700245,0,0,2,51.0
2026-03-05T03:51:34.705138,0,0,2,50.0
2026-03-05T03:51:35.712115,0,0,2,50.0
2026-03-05T03:51:36.718193,0,0,2,51.0
2026-03-05T03:51:37.725078,0,0,2,50.0
2026-03-05T03:51:38.730978,0,0,2,50.0
2026-03-05T03:51:39.737015,0,0,2,51.0
2026-03-05T03:51:40.744024,0,0,2,50.0
2026-03-05T03:51:41.749973,0,0,2,50.0
2026-03-05T03:51:42.755905,0,0,2,51.0
2026-03-05T03:51:43.761911,0,0,2,50.0
2026-03-05T03:51:44.768887,0,0,2,50.0
2026-03-05T03:51:55.379085,0,0,2,51.0
2026-03-05T03:51:58.121837,0,0,2,52.0
2026-03-05T03:51:58.869596,0,0,2,50.0
2026-03-05T03:52:00.870478,0,0,2,50.0
2026-03-05T03:52:00.882455,0,0,2,51.0
2026-03-05T03:52:01.887458,0,0,2,50.0
2026-03-05T03:52:02.894468,0,0,2,50.0
2026-03-05T03:52:03.900388,0,0,2,51.0
2026-03-05T03:52:04.907333,0,0,2,50.0
2026-03-05T03:52:05.914426,0,0,2,50.0
2026-03-05T03:52:07.917307,0,0,2,51.0
2026-03-05T03:52:07.926293,0,0,2,50.0
2026-03-05T03:52:08.932209,0,0,2,50.0
2026-03-05T03:52:09.939190,0,0,2,51.0
2026-03-05T03:52:10.944142,0,0,2,50.0
2026-03-05T03:52:11.951135,0,0,2,50.0
2026-03-05T03:52:12.957022,0,0,2,51.0
2026-03-05T03:52:14.958777,0,0,2,50.0
2026-03-05T03:52:14.970981,0,0,2,50.0
2026-03-05T03:52:15.975993,0,0,2,50.0
2026-03-05T03:52:16.983001,0,0,2,51.0
2026-03-05T03:52:17.988936,0,0,2,50.0
2026-03-05T03:52:18.995933,0,0,2,50.0
2026-03-05T03:52:29.126268,0,0,2,50.0
2026-03-05T03:52:31.609708,0,0,2,51.0
2026-03-05T03:52:33.611452,0,0,2,51.0
2026-03-05T03:52:33.622615,0,0,2,50.0
2026-03-05T03:52:34.629608,0,0,2,50.0
2026-03-05T03:52:35.634552,0,0,2,50.0
2026-03-05T03:52:36.641545,0,0,2,51.0
2026-03-05T03:52:37.647526,0,0,2,50.0
2026-03-05T03:52:38.653351,0,0,2,50.0
2026-03-05T03:52:39.661428,0,0,2,51.0
2026-03-05T03:52:40.666434,0,0,2,50.0
2026-03-05T03:52:41.673310,0,0,2,50.0
2026-03-05T03:52:42.679318,0,0,2,51.0
2026-03-05T03:52:43.686323,0,0,2,50.0
2026-03-05T03:52:44.691230,0,0,2,50.0
2026-03-05T03:52:45.698261,0,0,2,51.0
2026-03-05T03:52:47.700029,0,0,2,50.0
2026-03-05T03:52:47.711085,0,0,2,50.0
2026-03-05T03:52:48.718218,0,0,2,51.0
2026-03-05T03:52:49.723081,0,0,2,50.0
2026-03-05T03:52:50.730150,0,0,2,50.0
2026-03-05T03:52:51.736022,0,0,1,50.0
2026-03-05T03:52:52.742958,0,0,3,51.0
2026-03-05T03:52:54.744747,0,0,2,50.0
2026-03-05T03:52:54.754909,0,0,2,50.0
2026-03-05T03:52:55.761935,0,0,2,51.0
2026-03-05T03:52:56.767918,0,0,2,50.0
2026-03-05T03:52:57.774901,0,0,2,50.0
2026-03-05T03:52:58.779859,0,0,2,51.0
2026-03-05T03:52:59.786877,0,0,2,50.0
2026-03-05T03:53:00.792876,0,0,2,50.0
2026-03-05T03:53:02.794619,0,0,2,51.0
2026-03-05T03:53:02.804699,0,0,2,50.0
2026-03-05T03:53:03.811707,0,0,2,50.0
2026-03-05T03:53:04.818645,0,0,2,51.0
2026-03-05T03:53:05.823656,0,0,2,50.0
2026-03-05T03:53:06.831628,0,0,2,50.0
2026-03-05T03:53:07.836537,0,0,3,51.0
2026-03-05T03:53:08.843658,0,0,2,50.0
2026-03-05T03:53:10.845383,0,0,2,50.0
2026-03-05T03:53:10.856456,0,0,3,50.0
2026-03-05T03:53:11.862475,0,0,2,51.0
2026-03-05T03:53:12.868448,0,0,2,50.0
2026-03-05T03:53:13.875433,0,0,2,50.0
2026-03-05T03:53:14.881384,0,0,4,51.0
2026-03-05T03:53:15.888367,0,0,2,50.0
2026-03-05T03:53:16.893420,0,0,2,50.0
2026-03-05T03:53:17.900379,0,0,2,51.0
2026-03-05T03:53:18.906468,0,0,2,50.0
2026-03-05T03:53:19.913326,0,0,2,50.0
2026-03-05T03:53:21.915122,0,0,2,51.0
2026-03-05T03:53:21.925157,0,0,2,50.0
2026-03-05T03:53:22.932185,0,0,2,50.0
2026-03-05T03:53:23.938247,0,0,2,51.0
2026-03-05T03:53:24.945121,0,0,2,50.0
2026-03-05T03:53:25.950273,0,0,2,50.0
2026-03-05T03:53:26.957106,0,0,2,51.0
2026-03-05T03:53:28.958926,0,0,2,50.0
2026-03-05T03:53:28.969989,0,0,2,50.0
2026-03-05T03:53:29.975975,0,0,2,50.0
2026-03-05T03:53:30.981973,0,0,0,51.0
2026-03-05T03:53:31.988938,0,0,2,50.0
2026-03-05T03:53:32.994924,0,0,2,50.0
2026-03-05T03:53:34.001859,0,0,2,51.0
2026-03-05T03:53:35.006982,0,0,2,50.0
2026-03-05T03:53:37.008702,0,0,2,50.0
2026-03-05T03:53:37.020735,0,0,2,51.0
2026-03-05T03:53:38.026771,0,0,2,50.0
2026-03-05T03:53:39.032745,0,0,2,50.0
2026-03-05T03:53:40.038682,0,0,2,51.0
2026-03-05T03:53:41.045694,0,0,2,50.0
2026-03-05T03:53:42.051630,0,0,2,50.0
2026-03-05T03:53:43.057733,0,0,2,51.0
2026-03-05T03:53:45.059468,0,0,2,50.0
2026-03-05T03:53:45.070543,0,0,2,50.0
2026-03-05T03:53:46.077506,0,0,3,51.0
2026-03-05T03:53:47.083535,0,0,2,50.0
2026-03-05T03:53:48.089486,0,0,2,50.0
2026-03-05T03:53:49.095463,0,0,2,50.0
2026-03-05T03:53:50.102566,0,0,2,51.0
2026-03-05T03:53:51.108461,0,0,3,50.0
2026-03-05T03:53:52.114503,0,0,2,50.0
2026-03-05T03:53:53.121393,0,0,2,51.0
2026-03-05T03:53:54.127378,0,0,2,50.0
2026-03-05T03:53:55.134436,0,0,2,50.0
2026-03-05T03:53:56.139313,0,0,2,51.0
2026-03-05T03:53:57.146416,0,0,2,50.0
2026-03-05T03:53:59.148269,0,0,2,50.0
2026-03-05T03:53:59.159226,0,0,2,51.0
2026-03-05T03:54:00.166311,0,0,2,50.0
2026-03-05T03:54:01.171190,0,0,2,50.0
2026-03-05T03:54:02.178227,0,0,3,51.0
2026-03-05T03:54:03.184124,0,0,2,50.0
2026-03-05T03:54:04.191102,0,0,2,50.0
2026-03-05T03:54:05.196987,0,0,0,50.0
2026-03-05T03:54:07.198767,0,0,2,51.0
2026-03-05T03:54:07.209007,0,0,2,50.0
2026-03-05T03:54:08.215984,0,0,2,50.0
2026-03-05T03:54:09.222965,0,0,2,51.0
2026-03-05T03:54:10.227933,0,0,2,50.0
2026-03-05T03:54:11.234906,0,0,2,50.0
2026-03-05T03:54:12.239872,0,0,2,51.0
2026-03-05T03:54:14.241707,0,0,2,50.0
2026-03-05T03:54:14.253793,0,0,2,50.0
2026-03-05T03:54:15.259803,0,0,3,51.0
2026-03-05T03:54:16.266786,0,0,2,50.0
2026-03-05T03:54:17.272747,0,0,2,50.0
2026-03-05T03:54:18.279688,0,0,2,51.0
2026-03-05T03:54:19.283688,0,0,2,50.0
2026-03-05T03:54:21.285476,0,0,2,50.0
2026-03-05T03:54:21.297536,0,0,2,51.0
2026-03-05T03:54:22.304571,0,0,2,50.0
2026-03-05T03:54:23.310565,0,0,2,50.0
2026-03-05T03:54:24.316529,0,0,2,51.0
2026-03-05T03:54:25.323503,0,0,2,50.0
2026-03-05T03:54:26.327473,0,0,2,50.0
2026-03-05T03:54:28.329268,0,0,2,50.0
2026-03-05T03:54:28.341398,0,0,2,51.0
2026-03-05T03:54:29.348379,0,0,2,50.0
2026-03-05T03:54:30.354486,0,0,2,50.0
2026-03-05T03:54:31.361359,0,0,2,51.0
2026-03-05T03:54:32.368308,0,0,2,50.0
2026-03-05T03:54:33.371316,0,0,2,50.0
2026-03-05T03:54:35.373119,0,0,2,51.0
2026-03-05T03:54:35.386325,0,0,2,50.0
2026-03-05T03:54:36.393201,0,0,2,50.0
2026-03-05T03:54:37.398271,0,0,2,51.0
2026-03-05T03:54:38.405127,0,0,2,50.0
2026-03-05T03:54:39.411134,0,0,2,50.0
2026-03-05T03:54:40.416060,0,0,2,51.0
2026-03-05T03:54:42.417824,0,0,2,50.0
2026-03-05T03:54:42.430151,0,0,2,50.0
2026-03-05T03:54:43.437016,0,0,2,51.0
2026-03-05T03:54:44.442985,0,0,2,50.0
2026-03-05T03:54:45.449946,0,0,2,50.0
2026-03-05T03:54:46.454913,0,0,2,50.0
2026-03-05T03:54:47.461884,0,0,2,51.0
2026-03-05T03:54:48.468794,0,0,2,50.0
2026-03-05T03:54:50.470555,0,0,2,50.0
2026-03-05T03:54:50.481798,0,0,2,51.0
2026-03-05T03:54:51.486883,0,0,2,50.0
2026-03-05T03:54:53.488649,0,0,2,50.0
2026-03-05T03:55:29.394645,0,0,2,50.0
2026-03-05T03:55:31.877737,0,0,2,52.0
2026-03-05T03:55:32.884720,0,0,2,50.0
2026-03-05T03:55:33.889645,0,0,2,50.0
2026-03-05T03:55:35.891454,0,0,2,51.0
2026-03-05T03:55:35.902693,0,0,2,50.0
2026-03-05T03:55:36.909635,0,0,2,50.0
2026-03-05T03:55:37.915589,0,0,2,50.0
2026-03-05T03:55:38.922593,0,0,2,51.0
2026-03-05T03:55:39.929533,0,0,2,50.0
2026-03-05T03:55:40.933473,0,0,2,50.0
2026-03-05T03:56:33.614955,0,0,2,51.0
2026-03-05T03:56:34.621179,0,0,2,51.0
2026-03-05T03:56:35.627156,0,0,4,50.0
2026-03-05T03:56:37.628997,0,0,2,50.0
2026-03-05T03:57:13.643659,0,0,3,51.0
2026-03-05T03:57:16.126989,0,0,2,51.0
2026-03-05T03:57:17.133953,0,0,2,50.0
2026-03-05T03:57:18.138961,0,0,3,51.0
2026-03-05T03:57:19.146941,0,0,2,50.0
2026-03-05T03:57:20.151873,0,0,2,50.0
2026-03-05T03:57:21.158802,0,0,3,51.0
2026-03-05T03:57:22.164810,0,0,2,50.0
2026-03-05T03:57:23.171761,0,0,2,50.0
2026-03-05T03:57:24.178785,0,0,2,51.0
2026-03-05T03:57:25.181724,0,0,2,50.0
2026-03-05T03:57:26.190694,0,0,2,50.0
2026-03-05T03:57:27.196710,0,0,2,50.0
2026-03-05T03:57:28.203665,0,0,2,51.0
2026-03-05T03:57:29.208629,0,0,2,50.0
2026-03-05T03:57:30.215649,0,0,2,50.0
2026-03-05T03:57:31.221566,0,0,2,51.0
2026-03-05T03:57:32.228444,0,0,2,50.0
2026-03-05T03:57:34.230260,0,0,2,50.0
2026-03-05T03:57:34.240470,0,0,2,51.0
2026-03-05T03:57:35.247544,0,0,2,50.0
2026-03-05T03:57:36.253518,0,0,2,50.0
2026-03-05T03:57:37.260475,0,0,2,51.0
2026-03-05T03:57:38.265451,0,0,2,50.0
2026-03-05T03:57:39.272364,0,0,2,50.0
2026-03-05T03:57:40.279304,0,0,1,51.0
2026-03-05T03:57:41.285287,0,0,2,50.0
2026-03-05T03:57:42.292245,0,0,3,50.0
2026-03-05T03:57:43.297216,0,0,2,51.0
2026-03-05T03:57:44.304192,0,0,2,50.0
2026-03-05T03:57:45.310280,0,0,3,50.0
2026-03-05T03:57:46.316148,0,0,2,50.0
2026-03-05T03:57:48.317942,0,0,2,51.0
2026-03-05T03:57:48.329087,0,0,3,50.0
2026-03-05T03:57:49.336096,0,0,2,50.0
2026-03-05T03:57:50.342198,0,0,2,51.0
2026-03-05T03:57:51.349046,0,0,2,50.0
2026-03-05T03:57:52.353986,0,0,2,50.0
2026-03-05T03:57:53.360885,0,0,2,51.0
2026-03-05T03:57:54.367033,0,0,2,50.0
2026-03-05T03:57:55.373925,0,0,2,50.0
2026-03-05T03:57:56.379959,0,0,2,51.0
2026-03-05T03:57:57.385856,0,0,2,50.0
2026-03-05T03:58:06.241147,0,0,2,50.0
2026-03-05T03:58:08.724568,0,0,2,51.0
2026-03-05T03:58:09.731534,0,0,2,50.0
2026-03-05T03:58:10.737423,0,0,2,51.0
2026-03-05T03:58:11.744512,0,0,2,50.0
2026-03-05T03:58:12.749496,0,0,2,50.0
2026-03-05T03:58:13.756438,0,0,2,50.0
2026-03-05T03:58:14.762499,0,0,0,51.0
2026-03-05T03:58:15.769380,0,0,2,50.0
2026-03-05T03:58:16.776352,0,0,2,50.0
2026-03-05T03:58:17.781319,0,0,2,51.0
2026-03-05T03:58:18.788312,0,0,2,50.0
2026-03-05T03:58:19.794409,0,0,2,50.0
2026-03-05T03:58:20.801286,0,0,2,51.0
2026-03-05T03:58:21.806338,0,0,2,50.0
2026-03-05T03:58:22.813230,0,0,2,50.0
2026-03-05T03:58:23.819206,0,0,2,51.0
2026-03-05T03:58:24.826258,0,0,2,50.0
2026-03-05T03:58:25.833139,0,0,2,50.0
2026-03-05T03:58:26.838293,0,0,2,51.0
2026-03-05T03:58:27.845144,0,0,2,50.0
2026-03-05T03:58:28.851112,0,0,2,50.0
2026-03-05T03:58:29.858188,0,0,2,51.0
2026-03-05T03:58:30.863063,0,0,2,50.0
2026-03-05T03:58:41.385425,0,0,2,50.0
2026-03-05T03:58:44.123885,0,0,2,51.0
2026-03-05T03:59:20.889234,0,0,2,50.0
2026-03-05T03:59:23.372660,0,0,2,51.0
2026-03-05T03:59:24.379624,0,0,2,51.0
2026-03-05T03:59:25.384526,0,0,2,50.0
2026-03-05T03:59:27.386363,0,0,2,50.0
2026-03-05T03:59:27.397464,0,0,2,51.0
2026-03-05T03:59:28.404481,0,0,2,50.0
2026-03-05T03:59:29.410479,0,0,3,50.0
2026-03-05T03:59:30.417427,0,0,2,50.0
2026-03-05T03:59:31.424417,0,0,2,51.0
2026-03-05T03:59:32.427349,0,0,3,50.0
2026-03-05T03:59:33.436448,0,0,2,50.0
2026-03-05T03:59:34.442518,0,0,2,51.0
2026-03-05T03:59:35.449336,0,0,3,50.0
2026-03-05T03:59:36.454383,0,0,2,50.0
2026-03-05T03:59:37.461262,0,0,2,51.0
2026-03-05T03:59:38.467239,0,0,2,50.0
2026-03-05T03:59:39.474349,0,0,2,50.0
2026-03-05T03:59:40.481166,0,0,2,51.0
2026-03-05T03:59:41.485112,0,0,2,50.0
2026-03-05T03:59:42.493244,0,0,2,50.0
2026-03-05T03:59:43.499180,0,0,2,51.0
2026-03-05T03:59:45.500994,0,0,2,50.0
2026-03-05T03:59:45.511023,0,0,2,50.0
2026-03-05T03:59:46.518099,0,0,3,51.0
2026-03-05T03:59:47.525024,0,0,2,50.0
2026-03-05T03:59:48.530987,0,0,3,50.0
2026-03-05T03:59:49.536939,0,0,2,50.0
2026-03-05T03:59:50.542973,0,0,2,51.0
2026-03-05T03:59:51.549952,0,0,2,50.0
2026-03-05T03:59:52.555944,0,0,2,50.0
2026-03-05T03:59:53.562908,0,0,3,51.0
2026-03-05T03:59:54.567860,0,0,2,50.0
2026-03-05T03:59:55.574836,0,0,2,50.0
2026-03-05T03:59:56.581813,0,0,3,51.0
2026-03-05T03:59:57.587786,0,0,2,50.0
2026-03-05T03:59:58.594819,0,0,2,50.0
2026-03-05T03:59:59.599755,0,0,2,51.0
2026-03-05T04:00:00.606722,0,0,2,50.0
2026-03-05T04:00:01.612673,0,0,2,50.0
2026-03-05T04:00:02.619668,0,0,2,51.0
2026-03-05T04:00:03.625618,0,0,2,50.0
2026-03-05T04:00:04.631591,0,0,2,50.0
2026-03-05T04:00:05.638622,0,0,2,51.0
2026-03-05T04:00:06.643564,0,0,2,50.0
2026-03-05T04:00:07.651563,0,0,2,50.0
2026-03-05T04:00:08.656529,0,0,2,50.0
2026-03-05T04:00:09.663517,0,0,2,51.0
2026-03-05T04:00:10.669478,0,0,2,50.0
2026-03-05T04:00:11.676422,0,0,2,50.0
2026-03-05T04:00:12.682497,0,0,2,51.0
2026-03-05T04:00:14.684383,0,0,2,50.0
2026-03-05T04:00:14.695343,0,0,2,50.0
2026-03-05T04:00:15.701327,0,0,3,51.0
2026-03-05T04:00:16.707301,0,0,2,50.0
2026-03-05T04:00:17.713257,0,0,2,50.0
2026-03-05T04:00:18.720236,0,0,2,51.0
2026-03-05T04:00:19.727254,0,0,2,50.0
2026-03-05T04:00:20.733175,0,0,2,50.0
2026-03-05T04:00:21.739173,0,0,2,51.0
2026-03-05T04:00:22.745143,0,0,2,50.0
2026-03-05T04:00:23.752086,0,0,2,50.0
2026-03-05T04:00:24.758237,0,0,2,50.0
2026-03-05T04:00:25.764036,0,0,2,51.0
2026-03-05T04:00:26.770102,0,0,2,50.0
2026-03-05T04:00:27.775057,0,0,2,50.0
2026-03-05T04:00:28.783988,0,0,2,51.0
2026-03-05T04:00:29.789963,0,0,3,50.0
2026-03-05T04:00:30.795933,0,0,2,50.0
2026-03-05T04:00:31.801905,0,0,3,51.0
2026-03-05T04:00:32.808902,0,0,2,50.0
2026-03-05T04:00:33.814878,0,0,2,50.0
2026-03-05T04:00:34.818851,0,0,3,51.0
2026-03-05T04:00:36.820653,0,0,2,50.0
2026-03-05T04:00:36.833802,0,0,2,50.0
2026-03-05T04:00:37.840762,0,0,2,51.0
2026-03-05T04:00:38.846718,0,0,2,50.0
2026-03-05T04:00:39.852694,0,0,2,50.0
2026-03-05T04:00:40.858676,0,0,3,51.0
2026-03-05T04:00:41.865570,0,0,2,50.0
2026-03-05T04:00:42.871694,0,0,2,50.0
2026-03-05T04:00:43.877584,0,0,2,51.0
2026-03-05T04:00:44.884612,0,0,2,50.0
2026-03-05T04:00:45.890577,0,0,2,50.0
2026-03-05T04:00:46.897522,0,0,2,50.0
2026-03-05T04:00:47.903501,0,0,2,51.0
2026-03-05T04:00:48.909475,0,0,3,50.0
2026-03-05T04:00:49.915445,0,0,2,50.0
2026-03-05T04:00:50.922478,0,0,3,51.0
2026-03-05T04:00:51.929426,0,0,2,50.0
2026-03-05T04:00:53.931192,0,0,2,50.0
2026-03-05T04:00:53.941332,0,0,2,51.0
2026-03-05T04:00:55.943087,0,0,2,50.0
2026-03-05T04:01:39.872792,0,0,2,51.0
2026-03-05T04:01:40.878979,0,0,2,51.0
2026-03-05T04:01:41.884113,0,0,2,50.0
2026-03-05T04:01:42.892129,0,0,2,50.0
2026-03-05T04:01:43.897064,0,0,2,50.0
2026-03-05T04:01:44.904028,0,0,2,51.0
2026-03-05T04:01:45.910159,0,0,2,50.0
2026-03-05T04:01:46.916997,0,0,3,50.0
2026-03-05T04:01:47.923988,0,0,0,51.0
2026-03-05T04:01:48.928955,0,0,2,50.0
2026-03-05T04:01:49.935923,0,0,3,50.0
2026-03-05T04:01:50.941917,0,0,2,51.0
2026-03-05T04:01:51.948887,0,0,3,50.0
2026-03-05T04:01:52.953913,0,0,2,50.0
2026-03-05T04:01:54.955964,0,0,2,51.0
2026-03-05T04:03:02.896883,0,0,2,50.0
2026-03-05T04:03:05.379996,0,0,2,52.0
2026-03-05T04:03:06.386972,0,0,2,50.0
2026-03-05T04:03:07.392945,0,0,2,50.0
2026-03-05T04:03:08.399957,0,0,2,51.0
2026-03-05T04:03:09.404913,0,0,2,50.0
2026-03-05T04:03:10.410851,0,0,1,50.0
2026-03-05T04:03:11.417832,0,0,2,50.0
2026-03-05T04:03:12.424817,0,0,2,51.0
2026-03-05T04:03:13.431788,0,0,2,50.0
2026-03-05T04:03:14.436783,0,0,1,50.0
2026-03-05T04:03:15.442623,0,0,2,51.0
2026-03-05T04:03:17.444428,0,0,2,50.0
2026-03-05T04:03:17.455662,0,0,2,50.0
2026-03-05T04:03:18.461671,0,0,2,51.0
2026-03-05T04:03:19.468630,0,0,2,50.0
2026-03-05T04:03:20.474610,0,0,2,50.0
2026-03-05T04:03:21.481552,0,0,2,51.0
2026-03-05T04:03:22.488693,0,0,3,50.0
2026-03-05T04:03:23.493575,0,0,2,50.0
2026-03-05T04:03:24.500528,0,0,2,51.0
2026-03-05T04:03:25.506571,0,0,2,50.0
2026-03-05T04:03:26.513412,0,0,2,50.0
2026-03-05T04:03:27.518460,0,0,2,51.0
2026-03-05T04:03:28.525360,0,0,2,50.0
2026-03-05T04:03:29.532343,0,0,2,50.0
2026-03-05T04:03:30.538396,0,0,2,50.0
2026-03-05T04:03:31.544283,0,0,3,51.0
2026-03-05T04:03:32.550348,0,0,2,50.0
2026-03-05T04:03:33.557211,0,0,2,50.0
2026-03-05T04:03:34.563205,0,0,3,51.0
2026-03-05T04:03:35.570246,0,0,3,50.0
2026-03-05T04:03:36.575126,0,0,2,50.0
2026-03-05T04:03:47.125547,0,0,2,50.0
2026-03-05T04:03:49.608961,0,0,2,51.0
2026-03-05T04:03:50.615942,0,0,3,50.0
2026-03-05T04:03:51.621920,0,0,2,51.0
2026-03-05T04:03:52.628883,0,0,2,50.0
2026-03-05T04:03:53.633858,0,0,2,50.0
2026-03-05T04:03:54.640777,0,0,2,51.0
2026-03-05T04:03:55.646718,0,0,2,50.0
2026-03-05T04:03:56.653723,0,0,2,50.0
2026-03-05T04:03:57.660680,0,0,3,51.0
2026-03-05T04:03:58.665645,0,0,2,50.0
2026-03-05T04:03:59.672648,0,0,3,50.0
2026-03-05T04:04:00.676557,0,0,2,50.0
2026-03-05T04:04:01.685549,0,0,2,51.0
2026-03-05T04:04:02.690623,0,0,2,50.0
2026-03-05T04:04:03.697457,0,0,2,50.0
2026-03-05T04:04:04.703431,0,0,3,51.0
2026-03-05T04:04:05.710444,0,0,2,50.0
2026-03-05T04:04:06.717395,0,0,3,50.0
2026-03-05T04:04:07.722415,0,0,2,51.0
2026-03-05T04:04:08.729363,0,0,2,50.0
2026-03-05T04:05:11.417380,0,0,2,50.0
2026-03-05T04:05:13.900758,0,0,2,52.0
2026-03-05T04:05:14.907661,0,0,3,50.0
2026-03-05T04:05:15.913692,0,0,2,50.0
2026-03-05T04:05:16.920655,0,0,2,51.0
2026-03-05T04:05:17.925642,0,0,2,50.0
2026-03-05T04:05:18.932610,0,0,2,50.0
2026-03-05T04:05:19.938582,0,0,2,50.0
2026-03-05T04:05:20.945554,0,0,2,51.0
2026-03-05T04:05:21.952528,0,0,2,50.0
2026-03-05T04:05:22.957486,0,0,2,50.0
2026-03-05T04:05:23.964526,0,0,2,51.0
2026-03-05T04:05:24.970517,0,0,2,50.0
2026-03-05T04:05:25.977433,0,0,3,50.0
2026-03-05T04:05:26.982458,0,0,2,51.0
2026-03-05T04:05:27.989390,0,0,2,50.0
2026-03-05T04:05:28.995359,0,0,2,50.0
2026-03-05T04:05:30.000386,0,0,2,51.0
2026-03-05T04:05:31.009303,0,0,2,50.0
2026-03-05T04:05:32.014391,0,0,2,50.0
2026-03-05T04:05:33.021267,0,0,2,51.0
2026-03-05T04:05:34.027239,0,0,2,50.0
2026-03-05T04:05:35.034260,0,0,3,50.0
2026-03-05T04:05:36.039185,0,0,2,51.0
2026-03-05T04:05:37.045182,0,0,2,50.0
2026-03-05T04:05:38.053156,0,0,2,50.0
2026-03-05T04:05:39.059116,0,0,3,50.0
2026-03-05T04:05:40.066143,0,0,2,51.0
2026-03-05T04:05:41.071054,0,0,3,50.0
2026-03-05T04:05:42.078123,0,0,2,50.0
2026-03-05T04:05:43.084021,0,0,2,51.0
2026-03-05T04:05:44.090984,0,0,2,50.0
2026-03-05T04:05:46.092799,0,0,2,50.0
2026-03-05T04:06:05.137924,0,0,2,50.0
2026-03-05T04:06:07.621349,0,0,2,52.0
2026-03-05T04:06:08.628329,0,0,2,50.0
2026-03-05T04:06:09.632257,0,0,2,50.0
2026-03-05T04:06:10.641355,0,0,2,51.0
2026-03-05T04:06:11.646393,0,0,2,50.0
2026-03-05T04:06:12.653287,0,0,2,50.0
2026-03-05T04:06:14.654495,0,0,3,50.0
2026-03-05T04:06:14.666234,0,0,2,51.0
2026-03-05T04:06:15.672148,0,0,2,50.0
2026-03-05T04:06:16.678197,0,0,2,50.0
2026-03-05T04:06:17.685133,0,0,2,51.0
2026-03-05T04:06:18.691085,0,0,2,50.0
2026-03-05T04:06:19.696048,0,0,3,50.0
2026-03-05T04:06:21.697805,0,0,2,51.0
2026-03-05T04:06:21.710170,0,0,2,50.0
2026-03-05T04:06:22.715966,0,0,3,50.0
2026-03-05T04:06:23.722964,0,0,2,51.0
2026-03-05T04:06:24.729933,0,0,2,50.0
2026-03-05T04:06:25.734840,0,0,2,50.0
2026-03-05T04:06:26.741862,0,0,2,51.0
2026-03-05T04:06:27.747802,0,0,2,50.0
2026-03-05T04:06:28.754929,0,0,3,50.0
2026-03-05T04:06:30.756905,0,0,2,51.0
2026-03-05T04:06:30.766681,0,0,1,50.0
2026-03-05T04:06:31.773776,0,0,2,50.0
2026-03-05T04:06:32.779734,0,0,1,51.0
2026-03-05T04:06:33.786707,0,0,2,50.0
2026-03-05T04:06:34.791689,0,0,2,50.0
2026-03-05T04:06:35.796634,0,0,2,50.0
2026-03-05T04:06:36.804708,0,0,2,51.0
2026-03-05T04:06:38.806637,0,0,2,50.0
2026-03-05T04:06:38.816495,0,0,3,50.0
2026-03-05T04:06:39.823547,0,0,2,51.0
2026-03-05T04:06:40.830553,0,0,3,50.0
2026-03-05T04:06:41.836507,0,0,2,50.0
2026-03-05T04:06:42.843498,0,0,2,51.0
2026-03-05T04:06:43.848433,0,0,2,50.0
2026-03-05T04:06:45.850271,0,0,2,50.0
2026-03-05T04:06:45.861369,0,0,3,51.0
2026-03-05T04:06:46.868396,0,0,2,50.0
2026-03-05T04:06:47.874430,0,0,2,50.0
2026-03-05T04:06:48.880331,0,0,2,51.0
2026-03-05T04:06:49.887309,0,0,2,50.0
2026-03-05T04:06:50.891235,0,0,2,50.0
2026-03-05T04:06:52.893019,0,0,2,51.0
2026-03-05T04:06:52.905171,0,0,2,50.0
2026-03-05T04:06:53.912212,0,0,2,50.0
2026-03-05T04:06:54.918239,0,0,2,50.0
2026-03-05T04:06:55.925170,0,0,3,51.0
2026-03-05T04:06:56.931146,0,0,2,50.0
2026-03-05T04:06:57.936120,0,0,2,50.0
2026-03-05T04:06:59.937928,0,0,3,51.0
2026-03-05T04:06:59.950122,0,0,2,50.0
2026-03-05T04:07:00.957424,0,0,2,50.0
2026-03-05T04:07:01.962129,0,0,2,51.0
2026-03-05T04:07:02.968996,0,0,2,50.0
2026-03-05T04:07:03.976143,0,0,2,50.0
2026-03-05T04:07:04.981930,0,0,2,51.0
2026-03-05T04:07:05.986895,0,0,2,50.0
2026-03-05T04:07:07.988620,0,0,2,50.0
2026-03-05T04:07:08.000797,0,0,2,51.0
2026-03-05T04:07:09.006794,0,0,2,50.0
2026-03-05T04:07:10.013781,0,0,2,50.0
2026-03-05T04:07:11.018761,0,0,2,50.0
2026-03-05T04:07:12.025719,0,0,2,51.0
2026-03-05T04:07:13.032680,0,0,2,50.0
2026-03-05T04:07:14.037679,0,0,2,50.0
2026-03-05T04:07:15.044667,0,0,2,51.0
2026-03-05T04:07:16.050648,0,0,2,50.0
2026-03-05T04:07:17.057605,0,0,2,50.0
2026-03-05T04:07:18.063575,0,0,2,51.0
2026-03-05T04:07:19.070557,0,0,2,50.0
2026-03-05T04:07:20.076521,0,0,2,50.0
2026-03-05T04:07:21.081530,0,0,2,51.0
2026-03-05T04:07:22.089497,0,0,2,50.0
2026-03-05T04:07:23.095478,0,0,2,50.0
2026-03-05T04:07:24.101442,0,0,2,51.0
2026-03-05T04:07:25.107408,0,0,2,50.0
2026-03-05T04:07:26.114442,0,0,2,50.0
2026-03-05T04:07:27.120351,0,0,2,51.0
2026-03-05T04:07:28.126485,0,0,2,50.0
2026-03-05T04:07:29.133298,0,0,3,50.0
2026-03-05T04:07:30.139269,0,0,2,50.0
2026-03-05T04:07:31.146341,0,0,2,51.0
2026-03-05T04:07:32.152241,0,0,3,50.0
2026-03-05T04:07:33.158332,0,0,3,50.0
2026-03-05T04:07:34.164240,0,0,2,51.0
2026-03-05T04:07:35.171201,0,0,3,50.0
2026-03-05T04:07:36.178260,0,0,3,50.0
2026-03-05T04:07:37.184184,0,0,2,51.0
2026-03-05T04:07:38.188064,0,0,2,50.0
2026-03-05T04:07:39.196129,0,0,2,50.0
2026-03-05T04:07:40.203075,0,0,2,51.0
2026-03-05T04:07:41.209055,0,0,1,50.0
2026-03-05T04:07:42.215054,0,0,2,50.0
2026-03-05T04:07:43.221006,0,0,2,51.0
2026-03-05T04:07:44.227962,0,0,2,50.0
2026-03-05T04:07:45.234906,0,0,3,50.0
2026-03-05T04:07:46.240907,0,0,2,51.0
2026-03-05T04:07:47.246858,0,0,2,50.0
2026-03-05T04:07:48.252821,0,0,2,50.0
2026-03-05T04:07:49.259734,0,0,2,50.0
2026-03-05T04:07:50.265794,0,0,3,51.0
2026-03-05T04:07:51.271740,0,0,3,50.0
2026-03-05T04:07:52.276783,0,0,2,50.0
2026-03-05T04:07:54.278528,0,0,2,51.0
2026-03-05T04:07:54.291580,0,0,2,50.0
2026-03-05T04:07:55.297635,0,0,2,50.0
2026-03-05T04:07:56.303618,0,0,2,51.0
2026-03-05T04:07:57.309561,0,0,2,50.0
2026-03-05T04:07:58.316566,0,0,2,50.0
2026-03-05T04:07:59.322535,0,0,2,51.0
2026-03-05T04:08:00.328528,0,0,2,50.0
2026-03-05T04:08:01.335534,0,0,2,50.0
2026-03-05T04:08:02.341478,0,0,2,51.0
2026-03-05T04:08:03.348442,0,0,2,50.0
2026-03-05T04:08:04.354499,0,0,2,50.0
2026-03-05T04:08:05.360397,0,0,2,51.0
2026-03-05T04:08:06.366452,0,0,2,50.0
2026-03-05T04:08:07.372379,0,0,2,50.0
2026-03-05T04:08:08.380356,0,0,2,51.0
2026-03-05T04:08:09.385295,0,0,2,50.0
2026-03-05T04:08:10.392258,0,0,2,50.0
2026-03-05T04:08:11.398320,0,0,2,50.0
2026-03-05T04:08:12.405215,0,0,2,51.0
2026-03-05T04:08:13.411173,0,0,2,50.0
2026-03-05T04:08:14.415197,0,0,2,50.0
2026-03-05T04:08:15.423183,0,0,2,51.0
2026-03-05T04:08:16.430205,0,0,2,50.0
2026-03-05T04:08:17.437092,0,0,2,50.0
2026-03-05T04:08:18.442157,0,0,2,51.0
2026-03-05T04:08:19.449041,0,0,2,50.0
2026-03-05T04:08:20.455035,0,0,3,50.0
2026-03-05T04:08:21.461988,0,0,2,51.0
2026-03-05T04:08:22.467997,0,0,2,50.0
2026-03-05T04:08:23.474073,0,0,3,50.0
2026-03-05T04:08:24.480958,0,0,2,51.0
2026-03-05T04:08:25.486951,0,0,3,50.0
2026-03-05T04:08:26.493926,0,0,2,50.0
2026-03-05T04:08:27.498904,0,0,2,50.0
2026-03-05T04:08:28.505816,0,0,2,51.0
2026-03-05T04:08:30.507660,0,0,2,50.0
2026-03-05T04:08:30.518740,0,0,2,50.0
2026-03-05T04:08:31.524758,0,0,2,51.0
2026-03-05T04:08:32.530721,0,0,2,50.0
2026-03-05T04:08:33.537689,0,0,3,50.0
2026-03-05T04:08:34.543659,0,0,2,51.0
2026-03-05T04:08:35.550637,0,0,2,50.0
2026-03-05T04:08:36.555738,0,0,2,50.0
2026-03-05T04:08:37.562730,0,0,2,51.0
2026-03-05T04:08:38.568692,0,0,2,50.0
2026-03-05T04:08:40.570536,0,0,2,50.0
2026-03-05T04:08:40.582607,0,0,2,51.0
2026-03-05T04:08:52.624927,0,0,2,52.0
2026-03-05T04:08:53.631266,0,0,3,50.0
2026-03-05T04:08:54.636183,0,0,2,50.0
2026-03-05T04:08:56.637961,0,0,2,51.0
2026-03-05T04:08:56.650166,0,0,2,50.0
2026-03-05T04:08:57.656122,0,0,3,50.0
2026-03-05T04:08:58.662189,0,0,2,51.0
2026-03-05T04:08:59.669060,0,0,2,50.0
2026-03-05T04:09:00.676039,0,0,2,50.0
2026-03-05T04:09:01.680983,0,0,2,51.0
2026-03-05T04:09:02.687960,0,0,2,50.0
2026-03-05T04:09:03.693956,0,0,2,50.0
2026-03-05T04:09:04.700964,0,0,2,51.0
2026-03-05T04:09:05.706909,0,0,2,50.0
2026-03-05T04:09:06.712878,0,0,2,50.0
2026-03-05T04:09:07.718869,0,0,2,50.0
2026-03-05T04:09:08.725832,0,0,2,51.0
2026-03-05T04:09:09.732784,0,0,2,50.0
2026-03-05T04:09:10.737788,0,0,3,50.0
2026-03-05T04:09:11.744802,0,0,2,51.0
2026-03-05T04:09:12.750795,0,0,3,50.0
2026-03-05T04:09:13.757771,0,0,2,50.0
2026-03-05T04:09:14.763739,0,0,3,51.0
2026-03-05T04:09:15.769717,0,0,3,50.0
2026-03-05T04:09:16.776672,0,0,2,50.0
2026-03-05T04:09:17.782725,0,0,2,51.0
2026-03-05T04:09:19.784605,0,0,2,50.0
2026-03-05T04:09:40.109644,0,0,2,51.0
2026-03-05T04:09:41.115990,0,0,2,50.0
2026-03-05T04:09:42.119943,0,0,2,51.0
2026-03-05T04:09:44.121707,0,0,2,50.0
2026-03-05T04:09:44.134118,0,0,2,50.0
2026-03-05T04:09:45.140970,0,0,2,51.0
2026-03-05T04:09:46.146934,0,0,2,50.0
2026-03-05T04:09:47.153892,0,0,2,50.0
2026-03-05T04:09:48.160883,0,0,2,51.0
2026-03-05T04:09:49.163895,0,0,2,50.0
2026-03-05T04:10:49.383845,0,0,2,51.0
2026-03-05T04:10:51.867151,0,0,2,51.0
2026-03-05T04:10:52.874350,0,0,2,50.0
2026-03-05T04:10:53.880235,0,0,3,50.0
2026-03-05T04:10:54.887239,0,0,2,51.0
2026-03-05T04:10:55.892198,0,0,2,50.0
2026-03-05T04:10:56.899143,0,0,2,50.0
2026-03-05T04:10:57.905121,0,0,3,51.0
2026-03-05T04:10:58.912113,0,0,2,50.0
2026-03-05T04:10:59.919088,0,0,2,50.0
2026-03-05T04:11:00.924062,0,0,2,51.0
2026-03-05T04:11:01.931023,0,0,2,50.0
2026-03-05T04:11:02.937061,0,0,3,50.0
2026-03-05T04:11:03.944021,0,0,2,51.0
2026-03-05T04:11:04.948970,0,0,2,50.0
2026-03-05T04:11:05.955935,0,0,2,50.0
2026-03-05T04:11:06.961970,0,0,2,51.0
2026-03-05T04:11:07.968914,0,0,2,50.0
2026-03-05T04:11:08.975816,0,0,2,50.0
2026-03-05T04:11:10.977594,0,0,2,51.0
2026-03-05T04:11:10.987795,0,0,2,50.0
2026-03-05T04:11:11.993765,0,0,3,50.0
2026-03-05T04:11:13.000739,0,0,2,50.0
2026-03-05T04:11:14.005716,0,0,1,51.0
2026-03-05T04:11:15.012668,0,0,2,50.0
2026-03-05T04:11:16.017672,0,0,3,50.0
2026-03-05T04:11:17.025720,0,0,2,51.0
2026-03-05T04:11:18.032625,0,0,3,50.0
2026-03-05T04:11:19.037571,0,0,2,50.0
2026-03-05T04:11:20.044563,0,0,2,51.0
2026-03-05T04:11:21.050552,0,0,2,50.0
2026-03-05T04:11:22.057508,0,0,2,50.0
2026-03-05T04:11:23.062486,0,0,2,51.0
2026-03-05T04:11:24.069438,0,0,2,50.0
2026-03-05T04:11:25.076415,0,0,2,50.0
2026-03-05T04:11:26.082457,0,0,2,51.0
2026-03-05T04:11:27.089386,0,0,2,50.0
2026-03-05T04:11:28.094462,0,0,2,50.0
2026-03-05T04:11:29.100314,0,0,2,51.0
2026-03-05T04:11:40.930805,0,0,2,50.0
2026-03-05T04:11:43.414110,0,0,2,51.0
2026-03-05T04:11:44.420995,0,0,2,51.0
2026-03-05T04:11:45.424963,0,0,2,50.0
2026-03-05T04:11:46.434120,0,0,2,50.0
2026-03-05T04:11:47.438961,0,0,2,50.0
2026-03-05T04:11:48.445906,0,0,3,51.0
2026-03-05T04:11:49.451895,0,0,2,50.0
2026-03-05T04:11:50.458878,0,0,2,50.0
2026-03-05T04:11:51.465812,0,0,2,51.0
2026-03-05T04:11:52.470823,0,0,2,50.0
2026-03-05T04:11:53.477760,0,0,3,50.0
2026-03-05T04:11:54.483606,0,0,2,51.0
2026-03-05T04:11:55.490665,0,0,3,50.0
2026-03-05T04:11:56.495708,0,0,2,50.0
2026-03-05T04:11:57.502684,0,0,2,51.0
2026-03-05T04:11:58.508720,0,0,2,50.0
2026-03-05T04:11:59.515624,0,0,2,50.0
2026-03-05T04:12:00.522619,0,0,2,51.0
2026-03-05T04:12:01.527576,0,0,2,50.0
2026-03-05T04:12:02.534577,0,0,1,50.0
2026-03-05T04:12:03.540540,0,0,2,50.0
2026-03-05T04:12:47.272003,0,0,2,51.0
2026-03-05T04:12:49.756402,0,0,2,51.0
2026-03-05T04:12:50.762458,0,0,2,51.0
2026-03-05T04:12:51.768345,0,0,2,50.0
2026-03-05T04:12:52.775305,0,0,2,50.0
2026-03-05T04:12:54.777149,0,0,2,50.0
2026-03-05T04:12:54.787234,0,0,2,51.0
2026-03-05T04:12:55.793261,0,0,2,50.0
2026-03-05T04:12:56.800222,0,0,2,50.0
2026-03-05T04:12:57.807036,0,0,2,51.0
2026-03-05T04:12:58.812186,0,0,2,50.0
2026-03-05T04:12:59.819154,0,0,3,50.0
2026-03-05T04:13:00.825104,0,0,2,51.0
2026-03-05T04:13:02.826917,0,0,2,50.0
2026-03-05T04:13:02.837958,0,0,2,50.0
2026-03-05T04:13:03.843943,0,0,2,51.0
2026-03-05T04:13:04.849941,0,0,2,50.0
2026-03-05T04:13:05.856944,0,0,2,50.0
2026-03-05T04:13:06.863868,0,0,2,51.0
2026-03-05T04:13:08.875896,0,0,2,50.0
2026-03-05T04:13:09.881848,0,0,3,51.0
2026-03-05T04:13:10.888782,0,0,3,50.0
2026-03-05T04:13:11.894785,0,0,2,50.0
2026-03-05T04:13:12.900746,0,0,2,50.0
2026-03-05T04:13:13.907738,0,0,3,51.0
2026-03-05T04:13:14.913705,0,0,2,50.0
2026-03-05T04:13:16.915451,0,0,2,50.0
2026-03-05T04:13:16.925626,0,0,2,51.0
2026-03-05T04:13:17.932623,0,0,2,50.0
2026-03-05T04:13:18.938616,0,0,2,50.0
2026-03-05T04:13:19.945594,0,0,3,51.0
2026-03-05T04:13:20.950558,0,0,3,50.0
2026-03-05T04:13:21.957518,0,0,2,50.0
2026-03-05T04:13:22.964590,0,0,2,51.0
2026-03-05T04:13:23.970507,0,0,3,50.0
2026-03-05T04:13:24.977459,0,0,2,50.0
2026-03-05T04:13:25.982494,0,0,3,51.0
2026-03-05T04:13:26.989391,0,0,2,50.0
2026-03-05T04:13:27.995382,0,0,2,50.0
2026-03-05T04:13:29.002467,0,0,2,51.0
2026-03-05T04:13:30.009357,0,0,2,50.0
2026-03-05T04:13:31.014397,0,0,3,50.0
2026-03-05T04:13:32.021286,0,0,2,51.0
2026-03-05T04:13:33.027256,0,0,2,50.0
2026-03-05T04:13:34.034339,0,0,2,50.0
2026-03-05T04:13:35.039180,0,0,3,50.0
2026-03-05T04:13:37.040893,0,0,2,51.0
2026-03-05T04:13:37.052200,0,0,2,50.0
2026-03-05T04:13:38.059216,0,0,2,50.0
2026-03-05T04:13:40.060988,0,0,3,51.0
2026-03-05T04:13:40.071041,0,0,2,50.0
2026-03-05T04:13:41.078245,0,0,2,50.0
2026-03-05T04:13:42.084024,0,0,3,51.0
2026-03-05T04:13:43.091016,0,0,2,50.0
2026-03-05T04:13:44.096006,0,0,2,50.0
2026-03-05T04:13:45.103009,0,0,2,51.0
2026-03-05T04:13:47.104835,0,0,2,50.0
2026-03-05T04:13:47.115846,0,0,2,50.0
2026-03-05T04:13:48.122871,0,0,2,51.0
2026-03-05T04:13:49.127833,0,0,2,50.0
2026-03-05T04:13:50.134808,0,0,2,50.0
2026-03-05T04:13:51.140819,0,0,2,50.0
2026-03-05T04:13:52.147837,0,0,3,51.0
2026-03-05T04:13:54.149603,0,0,2,50.0
2026-03-05T04:14:04.887991,0,0,2,50.0
2026-03-05T04:14:07.372401,0,0,2,51.0
2026-03-05T04:14:08.378476,0,0,5,50.0
2026-03-05T04:14:09.385339,0,0,2,51.0
2026-03-05T04:14:10.391460,0,0,2,50.0
2026-03-05T04:14:11.397393,0,0,2,50.0
2026-03-05T04:14:12.403392,0,0,2,51.0
2026-03-05T04:14:14.405164,0,0,2,50.0
2026-03-05T04:14:14.416180,0,0,2,50.0
2026-03-05T04:14:15.423203,0,0,2,51.0
2026-03-05T04:14:16.428178,0,0,3,50.0
2026-03-05T04:14:17.435153,0,0,2,50.0
2026-03-05T04:14:18.441163,0,0,2,50.0
2026-03-05T04:14:19.448142,0,0,2,51.0
2026-03-05T04:14:21.449929,0,0,2,50.0
2026-03-05T04:14:21.460018,0,0,2,50.0
2026-03-05T04:14:22.466104,0,0,2,51.0
2026-03-05T04:14:23.473020,0,0,2,50.0
2026-03-05T04:14:24.478982,0,0,3,50.0
2026-03-05T04:14:25.484988,0,0,3,51.0
2026-03-05T04:14:26.491986,0,0,2,50.0
2026-03-05T04:14:27.498112,0,0,2,50.0
2026-03-05T04:14:29.499969,0,0,2,51.0
2026-03-05T04:14:29.510806,0,0,3,50.0
2026-03-05T04:14:30.516870,0,0,2,50.0
2026-03-05T04:14:31.523810,0,0,2,51.0
2026-03-05T04:14:32.529794,0,0,2,50.0
2026-03-05T04:14:33.536777,0,0,3,50.0
2026-03-05T04:14:34.541773,0,0,2,51.0
2026-03-05T04:14:35.548766,0,0,0,50.0
2026-03-05T04:14:37.550506,0,0,3,50.0
2026-03-05T04:14:37.561617,0,0,2,50.0
2026-03-05T04:14:38.567658,0,0,3,51.0
2026-03-05T04:14:39.573629,0,0,2,50.0
2026-03-05T04:14:40.580585,0,0,2,50.0
2026-03-05T04:14:41.586646,0,0,2,51.0
2026-03-05T04:14:42.593591,0,0,2,50.0
2026-03-05T04:14:43.598493,0,0,2,50.0
2026-03-05T04:14:44.605553,0,0,2,51.0
2026-03-05T04:14:45.611452,0,0,2,50.0
2026-03-05T04:14:46.618570,0,0,2,50.0
2026-03-05T04:14:47.625435,0,0,2,51.0
2026-03-05T04:14:48.630458,0,0,2,50.0
2026-03-05T04:14:49.637351,0,0,2,50.0
2026-03-05T04:14:50.643349,0,0,2,51.0
2026-03-05T04:14:51.650375,0,0,2,50.0
2026-03-05T04:14:52.654459,0,0,2,50.0
2026-03-05T04:14:53.662421,0,0,2,51.0
2026-03-05T04:14:54.668250,0,0,2,50.0
2026-03-05T04:14:55.675206,0,0,2,50.0
2026-03-05T04:14:56.682284,0,0,3,51.0
2026-03-05T04:14:57.687122,0,0,2,50.0
2026-03-05T04:14:58.694239,0,0,2,50.0
2026-03-05T04:14:59.698272,0,0,3,50.0
2026-03-05T04:15:00.707160,0,0,2,51.0
2026-03-05T04:15:01.712084,0,0,2,50.0
2026-03-05T04:15:02.719055,0,0,2,50.0
2026-03-05T04:15:03.726138,0,0,3,51.0
2026-03-05T04:15:04.731991,0,0,2,50.0
2026-03-05T04:15:05.738867,0,0,2,50.0
2026-03-05T04:15:06.743935,0,0,3,51.0
2026-03-05T04:15:07.751020,0,0,3,50.0
2026-03-05T04:15:08.756907,0,0,2,50.0
2026-03-05T04:15:09.763872,0,0,2,51.0
2026-03-05T04:15:10.768857,0,0,2,50.0
2026-03-05T04:15:11.775820,0,0,3,50.0
2026-03-05T04:15:12.782798,0,0,3,51.0
2026-03-05T04:15:13.788775,0,0,2,50.0
2026-03-05T04:15:14.795752,0,0,3,50.0
2026-03-05T04:15:15.800724,0,0,2,50.0
2026-03-05T04:15:16.807691,0,0,2,51.0
2026-03-05T04:15:17.813715,0,0,2,50.0
2026-03-05T04:15:18.820690,0,0,2,50.0
2026-03-05T04:15:19.827675,0,0,3,51.0
2026-03-05T04:15:20.832638,0,0,2,50.0
2026-03-05T04:15:21.839600,0,0,2,50.0
2026-03-05T04:15:22.845580,0,0,2,51.0
2026-03-05T04:15:23.852552,0,0,3,50.0
2026-03-05T04:15:24.857538,0,0,2,50.0
2026-03-05T04:15:25.864504,0,0,2,51.0
2026-03-05T04:15:37.667719,0,0,2,50.0
2026-03-05T04:15:40.151137,0,0,2,51.0
2026-03-05T04:15:41.158166,0,0,2,50.0
2026-03-05T04:15:42.164123,0,0,2,51.0
2026-03-05T04:15:43.171130,0,0,2,50.0
2026-03-05T04:15:44.176100,0,0,2,50.0
2026-03-05T04:15:45.183099,0,0,2,51.0
2026-03-05T04:15:46.189065,0,0,3,50.0
2026-03-05T04:15:47.196037,0,0,2,50.0
2026-03-05T04:15:48.203021,0,0,2,51.0
2026-03-05T04:15:49.207906,0,0,2,50.0
2026-03-05T04:15:50.214923,0,0,2,50.0
2026-03-05T04:15:51.220866,0,0,2,50.0
2026-03-05T04:15:52.226895,0,0,2,51.0
2026-03-05T04:15:53.231870,0,0,2,50.0
2026-03-05T04:15:54.239808,0,0,2,50.0
2026-03-05T04:15:55.244825,0,0,2,51.0
2026-03-05T04:15:57.246557,0,0,2,50.0
2026-03-05T04:15:57.259759,0,0,2,50.0
2026-03-05T04:15:58.264738,0,0,2,51.0
2026-03-05T04:15:59.271699,0,0,2,50.0
2026-03-05T04:16:00.277662,0,0,4,50.0
2026-03-05T04:16:01.284625,0,0,2,51.0
2026-03-05T04:16:02.289628,0,0,2,50.0
2026-03-05T04:16:03.295547,0,0,2,50.0
2026-03-05T04:16:04.303688,0,0,2,51.0
2026-03-05T04:16:06.305534,0,0,2,50.0
2026-03-05T04:16:06.316517,0,0,3,50.0
2026-03-05T04:16:07.321481,0,0,2,50.0
2026-03-05T04:16:08.328492,0,0,2,51.0
2026-03-05T04:16:09.334528,0,0,2,50.0
2026-03-05T04:16:10.341433,0,0,2,50.0
2026-03-05T04:16:11.346403,0,0,1,51.0
2026-03-05T04:16:12.353453,0,0,3,50.0
2026-03-05T04:16:13.360430,0,0,2,50.0
2026-03-05T04:16:14.366468,0,0,3,51.0
2026-03-05T04:16:15.373372,0,0,2,50.0
2026-03-05T04:16:17.375245,0,0,2,50.0
2026-03-05T04:17:18.131221,0,0,2,50.0
2026-03-05T04:17:20.613651,0,0,2,51.0
2026-03-05T04:17:21.621653,0,0,2,50.0
2026-03-05T04:17:22.627639,0,0,2,51.0
2026-03-05T04:17:24.629434,0,0,2,50.0
2026-03-05T04:17:53.392495,0,0,2,50.0
2026-03-05T04:17:55.875918,0,0,2,51.0
2026-03-05T04:17:56.882915,0,0,2,51.0
2026-03-05T04:17:57.886810,0,0,2,50.0
2026-03-05T04:17:58.895926,0,0,2,50.0
2026-03-05T04:17:59.900909,0,0,2,50.0
2026-03-05T04:18:00.907912,0,0,2,51.0
2026-03-05T04:18:01.913862,0,0,2,50.0
2026-03-05T04:18:02.920870,0,0,2,50.0
2026-03-05T04:18:03.927845,0,0,2,51.0
2026-03-05T04:18:04.932783,0,0,2,50.0
2026-03-05T04:18:05.939755,0,0,3,50.0
2026-03-05T04:18:06.945792,0,0,2,51.0
2026-03-05T04:18:07.951741,0,0,2,50.0
2026-03-05T04:18:08.957735,0,0,2,50.0
2026-03-05T04:18:09.964710,0,0,2,51.0
2026-03-05T04:18:10.970699,0,0,3,50.0
2026-03-05T04:18:11.977670,0,0,2,50.0
2026-03-05T04:18:12.984668,0,0,2,51.0
2026-03-05T04:18:13.987531,0,0,2,50.0
2026-03-05T04:18:15.989329,0,0,2,50.0
2026-03-05T04:18:16.002605,0,0,2,50.0
2026-03-05T04:18:24.707889,0,0,2,50.0
2026-03-05T04:18:27.191348,0,0,2,51.0
2026-03-05T04:18:28.198413,0,0,3,50.0
2026-03-05T04:18:29.204282,0,0,2,51.0
2026-03-05T04:18:30.209337,0,0,2,50.0
2026-03-05T04:18:32.211106,0,0,2,50.0
2026-03-05T04:18:32.223231,0,0,2,51.0
2026-03-05T04:18:33.229176,0,0,2,50.0
2026-03-05T04:18:34.236142,0,0,2,50.0
2026-03-05T04:18:35.243119,0,0,2,50.0
2026-03-05T04:18:36.248150,0,0,2,51.0
2026-03-05T04:18:37.255114,0,0,3,50.0
2026-03-05T04:18:38.259043,0,0,2,50.0
2026-03-05T04:18:40.260833,0,0,2,51.0
2026-03-05T04:18:40.272995,0,0,2,50.0
2026-03-05T04:18:41.280047,0,0,3,50.0
2026-03-05T04:18:42.286047,0,0,2,51.0
2026-03-05T04:18:43.292991,0,0,2,50.0
2026-03-05T04:18:44.299925,0,0,2,50.0
2026-03-05T04:18:45.304977,0,0,1,51.0
2026-03-05T04:18:47.306756,0,0,2,50.0
2026-03-05T04:18:47.317865,0,0,2,50.0
2026-03-05T04:18:48.324901,0,0,2,51.0
2026-03-05T04:18:49.329873,0,0,2,50.0
2026-03-05T04:18:50.336833,0,0,3,50.0
2026-03-05T04:18:51.343853,0,0,2,51.0
2026-03-05T04:18:52.349830,0,0,2,50.0
2026-03-05T04:18:53.356836,0,0,2,50.0
2026-03-05T04:18:55.358624,0,0,2,50.0
2026-03-05T04:18:55.368753,0,0,1,51.0
2026-03-05T04:18:56.374742,0,0,2,50.0
2026-03-05T04:18:57.381697,0,0,2,50.0
2026-03-05T04:18:58.386707,0,0,2,51.0
2026-03-05T04:18:59.393637,0,0,2,50.0
2026-03-05T04:19:00.400636,0,0,2,50.0
2026-03-05T04:19:01.406676,0,0,2,51.0
2026-03-05T04:19:03.408436,0,0,2,50.0
2026-03-05T04:19:03.418686,0,0,2,50.0
2026-03-05T04:19:04.425592,0,0,2,51.0
2026-03-05T04:19:05.431543,0,0,2,50.0
2026-03-05T04:19:06.438606,0,0,2,50.0
2026-03-05T04:19:07.443490,0,0,2,51.0
2026-03-05T04:19:08.450542,0,0,2,50.0
2026-03-05T04:19:09.457430,0,0,3,50.0
2026-03-05T04:19:11.459180,0,0,2,50.0
2026-03-05T04:19:11.470494,0,0,2,51.0
2026-03-05T04:19:12.475424,0,0,2,50.0
2026-03-05T04:19:13.482464,0,0,2,50.0
2026-03-05T04:19:14.488379,0,0,4,51.0
2026-03-05T04:19:15.495358,0,0,2,50.0
2026-03-05T04:19:16.501282,0,0,2,50.0
2026-03-05T04:19:18.502528,0,0,2,51.0
2026-03-05T04:19:18.514435,0,0,2,50.0
2026-03-05T04:19:19.520271,0,0,2,50.0
2026-03-05T04:19:20.527316,0,0,2,51.0
2026-03-05T04:19:21.532265,0,0,2,50.0
2026-03-05T04:19:22.539243,0,0,3,50.0
2026-03-05T04:19:23.546157,0,0,2,51.0
2026-03-05T04:19:24.552136,0,0,2,50.0
2026-03-05T04:19:40.629323,0,0,3,50.0
2026-03-05T04:19:43.113824,0,0,2,51.0
2026-03-05T04:19:44.119795,0,0,2,50.0
2026-03-05T04:19:45.125813,0,0,2,51.0
2026-03-05T04:19:46.132776,0,0,2,50.0
2026-03-05T04:19:47.138757,0,0,2,50.0
2026-03-05T04:19:48.144722,0,0,2,51.0
2026-03-05T04:19:49.150732,0,0,2,50.0
2026-03-05T04:19:50.157697,0,0,2,50.0
2026-03-05T04:19:51.164588,0,0,2,51.0
2026-03-05T04:20:27.120426,0,0,2,50.0
2026-03-05T04:20:28.126850,0,0,3,51.0
2026-03-05T04:20:29.132824,0,0,2,50.0
2026-03-05T04:20:30.138797,0,0,2,50.0
2026-03-05T04:20:31.144780,0,0,2,51.0
2026-03-05T04:20:32.150729,0,0,2,50.0
2026-03-05T04:20:33.158803,0,0,2,50.0
2026-03-05T04:20:34.163786,0,0,2,50.0
2026-03-05T04:20:36.165536,0,0,2,51.0
2026-03-05T04:20:36.176625,0,0,2,50.0
2026-03-05T04:20:37.183646,0,0,2,50.0
2026-03-05T04:20:38.189624,0,0,2,51.0
2026-03-05T04:20:39.195610,0,0,2,50.0
2026-03-05T04:20:40.201572,0,0,2,50.0
2026-03-05T04:20:41.207491,0,0,3,51.0
2026-03-05T04:20:42.215620,0,0,2,50.0
2026-03-05T04:20:43.220598,0,0,3,50.0
2026-03-05T04:20:44.227558,0,0,2,51.0
2026-03-05T04:20:45.233540,0,0,1,50.0
2026-03-05T04:20:46.240522,0,0,3,50.0
2026-03-05T04:20:48.242339,0,0,2,51.0
2026-03-05T04:20:48.252359,0,0,2,50.0
2026-03-05T04:20:49.259416,0,0,1,50.0
2026-03-05T04:20:50.265378,0,0,2,51.0
2026-03-05T04:20:51.272354,0,0,2,50.0
2026-03-05T04:20:52.277318,0,0,3,50.0
2026-03-05T04:20:53.283304,0,0,2,51.0
2026-03-05T04:20:55.285069,0,0,2,50.0
2026-03-05T04:20:55.297332,0,0,2,50.0
2026-03-05T04:20:56.303219,0,0,2,50.0
2026-03-05T04:20:57.309217,0,0,2,51.0
2026-03-05T04:20:58.316160,0,0,2,50.0
2026-03-05T04:20:59.322279,0,0,2,50.0
2026-03-05T04:21:00.329175,0,0,2,51.0
2026-03-05T04:21:01.333129,0,0,2,50.0
2026-03-05T04:21:02.341187,0,0,2,50.0
2026-03-05T04:21:03.346981,0,0,2,51.0
2026-03-05T04:21:04.354231,0,0,2,50.0
2026-03-05T04:21:05.361074,0,0,2,50.0
2026-03-05T04:21:06.366154,0,0,2,51.0
2026-03-05T04:21:07.372994,0,0,2,50.0
2026-03-05T04:21:08.378983,0,0,2,50.0
2026-03-05T04:21:09.385934,0,0,2,51.0
2026-03-05T04:21:10.390922,0,0,2,50.0
2026-03-05T04:21:11.396898,0,0,2,50.0
2026-03-05T04:21:13.398531,0,0,3,50.0
2026-03-05T04:21:13.410814,0,0,2,51.0
2026-03-05T04:21:14.416856,0,0,2,50.0
2026-03-05T04:21:15.421810,0,0,3,50.0
2026-03-05T04:21:16.429785,0,0,2,51.0
2026-03-05T04:21:17.435765,0,0,2,50.0
2026-03-05T04:21:18.440700,0,0,2,50.0
2026-03-05T04:21:19.447821,0,0,2,51.0
2026-03-05T04:21:20.454750,0,0,3,50.0
2026-03-05T04:21:21.461709,0,0,2,50.0
2026-03-05T04:21:22.467687,0,0,2,51.0
2026-03-05T04:21:23.473690,0,0,2,50.0
2026-03-05T04:21:24.479651,0,0,3,50.0
2026-03-05T04:21:25.485568,0,0,2,51.0
2026-03-05T04:21:27.487309,0,0,2,50.0
2026-03-05T04:21:27.499537,0,0,2,50.0
2026-03-05T04:21:28.504563,0,0,2,51.0
2026-03-05T04:21:29.511547,0,0,2,50.0
2026-03-05T04:21:30.518528,0,0,2,50.0
2026-03-05T04:21:31.524473,0,0,2,50.0
2026-03-05T04:21:32.529429,0,0,3,51.0
2026-03-05T04:21:34.531204,0,0,2,50.0
2026-03-05T04:21:34.543383,0,0,2,50.0
2026-03-05T04:21:35.549421,0,0,2,51.0
2026-03-05T04:21:36.556404,0,0,2,50.0
2026-03-05T04:21:37.562438,0,0,2,50.0
2026-03-05T04:21:38.568365,0,0,2,51.0
2026-03-05T04:21:39.573378,0,0,2,50.0
2026-03-05T04:21:40.581348,0,0,2,50.0
2026-03-05T04:21:41.587318,0,0,2,51.0
2026-03-05T04:21:42.593277,0,0,2,50.0
2026-03-05T04:21:43.600275,0,0,2,50.0
2026-03-05T04:21:44.606324,0,0,2,51.0
2026-03-05T04:21:45.612104,0,0,2,50.0
2026-03-05T04:21:46.619179,0,0,2,50.0
2026-03-05T04:21:47.625202,0,0,3,51.0
2026-03-05T04:21:48.632160,0,0,2,50.0
2026-03-05T04:21:49.638229,0,0,2,50.0
2026-03-05T04:21:50.644157,0,0,2,50.0
2026-03-05T04:21:51.650221,0,0,3,51.0
2026-03-05T04:21:52.657109,0,0,2,50.0
2026-03-05T04:21:53.662201,0,0,2,50.0
2026-03-05T04:21:54.669987,0,0,2,51.0
2026-03-05T04:21:56.671869,0,0,2,50.0
2026-03-05T04:22:23.536171,0,0,2,50.0
2026-03-05T04:22:26.020295,0,0,2,51.0
2026-03-05T04:22:27.026234,0,0,2,51.0
2026-03-05T04:22:28.032135,0,0,2,50.0
2026-03-05T04:22:29.039247,0,0,2,50.0
2026-03-05T04:22:30.045243,0,0,2,50.0
2026-03-05T04:22:31.051186,0,0,2,51.0
2026-03-05T04:22:32.057160,0,0,2,50.0
2026-03-05T04:22:33.064146,0,0,2,50.0
2026-03-05T04:22:34.071139,0,0,2,51.0
2026-03-05T04:22:35.076095,0,0,2,50.0
2026-03-05T04:22:36.083073,0,0,2,50.0
2026-03-05T04:22:37.089088,0,0,2,51.0
2026-03-05T04:22:38.096039,0,0,3,50.0
2026-03-05T04:22:39.101010,0,0,2,50.0
2026-03-05T04:22:40.107987,0,0,2,51.0
2026-03-05T04:22:41.114110,0,0,2,50.0
2026-03-05T04:22:42.120957,0,0,2,50.0
2026-03-05T04:22:43.125937,0,0,3,51.0
2026-03-05T04:22:44.132983,0,0,3,50.0
2026-03-05T04:22:46.134796,0,0,2,50.0
2026-03-05T04:23:07.628136,0,0,2,52.0
2026-03-05T04:23:08.634574,0,0,2,50.0
2026-03-05T04:23:09.640380,0,0,2,50.0
2026-03-05T04:23:11.642290,0,0,3,51.0
2026-03-05T04:23:11.652257,0,0,2,50.0
2026-03-05T04:23:12.659296,0,0,2,50.0
2026-03-05T04:23:13.665295,0,0,2,50.0
2026-03-05T04:23:14.672272,0,0,2,51.0
2026-03-05T04:23:15.679228,0,0,2,50.0
2026-03-05T04:23:16.683166,0,0,2,50.0
2026-03-05T04:23:18.684918,0,0,2,51.0
2026-03-05T04:23:18.697064,0,0,2,50.0
2026-03-05T04:23:19.704150,0,0,2,50.0
2026-03-05T04:23:20.709140,0,0,2,51.0
2026-03-05T04:23:31.383362,0,0,2,51.0
2026-03-05T04:23:33.866933,0,0,2,52.0
2026-03-05T04:23:34.873858,0,0,2,50.0
2026-03-05T04:23:35.879772,0,0,2,50.0
2026-03-05T04:23:36.886750,0,0,2,51.0
2026-03-05T04:23:37.891721,0,0,2,50.0
2026-03-05T04:23:38.898702,0,0,2,50.0
2026-03-05T04:23:39.904775,0,0,3,50.0
2026-03-05T04:23:41.906533,0,0,2,51.0
2026-03-05T04:23:41.918661,0,0,2,50.0
2026-03-05T04:23:42.923649,0,0,2,50.0
2026-03-05T04:23:43.930607,0,0,2,51.0
2026-03-05T04:23:44.936589,0,0,2,50.0
2026-03-05T04:23:45.943566,0,0,2,50.0
2026-03-05T04:23:46.948537,0,0,3,51.0
2026-03-05T04:23:47.955492,0,0,2,50.0
2026-03-05T04:23:48.961560,0,0,2,50.0
2026-03-05T04:23:49.968460,0,0,2,51.0
2026-03-05T04:23:50.975445,0,0,3,50.0
2026-03-05T04:23:51.980416,0,0,2,50.0
2026-03-05T04:23:52.987399,0,0,2,51.0
2026-03-05T04:23:53.993370,0,0,3,50.0
2026-03-05T04:23:54.999304,0,0,2,50.0
2026-03-05T04:23:56.005415,0,0,2,50.0
2026-03-05T04:24:06.644822,0,0,2,50.0
2026-03-05T04:24:09.128147,0,0,2,52.0
2026-03-05T04:24:10.135135,0,0,0,50.0
2026-03-05T04:24:11.139099,0,0,2,50.0
2026-03-05T04:24:13.140920,0,0,2,51.0
2026-03-05T04:24:13.153012,0,0,2,50.0
2026-03-05T04:24:14.160018,0,0,2,50.0
2026-03-05T04:24:15.165959,0,0,2,50.0
2026-03-05T04:24:16.172962,0,0,2,51.0
2026-03-05T04:24:17.179928,0,0,3,50.0
2026-03-05T04:24:18.184909,0,0,2,50.0
2026-03-05T04:24:19.190868,0,0,2,51.0
2026-03-05T04:24:20.197898,0,0,2,50.0
2026-03-05T04:24:21.204823,0,0,2,50.0
2026-03-05T04:24:22.209835,0,0,2,51.0
2026-03-05T04:24:23.216819,0,0,2,50.0
2026-03-05T04:24:24.222791,0,0,2,50.0
2026-03-05T04:24:25.229761,0,0,2,51.0
2026-03-05T04:24:26.236726,0,0,2,50.0
2026-03-05T04:24:27.241727,0,0,2,50.0
2026-03-05T04:24:28.248700,0,0,2,51.0
2026-03-05T04:24:29.254663,0,0,3,50.0
2026-03-05T04:24:37.168882,0,0,2,51.0
2026-03-05T04:24:37.972821,0,0,2,51.0
2026-03-05T04:24:37.973433,0,0,2,51.0
2026-03-05T04:24:37.973966,0,0,2,51.0
2026-03-05T04:24:37.974654,0,0,2,51.0
2026-03-05T04:24:37.975177,0,0,2,51.0
2026-03-05T04:24:37.975688,0,0,2,51.0
2026-03-05T04:24:37.976192,0,0,2,51.0
2026-03-05T04:24:37.976697,0,0,2,51.0
2026-03-05T04:24:37.977196,0,0,2,51.0
2026-03-05T04:24:37.977692,0,0,2,51.0
2026-03-05T04:24:37.978358,0,0,2,51.0
2026-03-05T04:24:37.978805,0,0,2,51.0
2026-03-05T04:24:37.979191,0,0,2,51.0
2026-03-05T04:24:37.979569,0,0,2,51.0
2026-03-05T04:24:37.979940,0,0,2,51.0
2026-03-05T04:24:37.980304,0,0,2,51.0
2026-03-05T04:24:37.980669,0,0,2,51.0
2026-03-05T04:24:37.981033,0,0,2,51.0
2026-03-05T04:24:37.981402,0,0,2,51.0
2026-03-05T04:24:37.981770,0,0,2,51.0
2026-03-05T04:24:37.982263,0,0,2,51.0
2026-03-05T04:24:37.982699,0,0,2,51.0
2026-03-05T04:24:37.983080,0,0,2,51.0
2026-03-05T04:24:37.983452,0,0,2,51.0
2026-03-05T04:24:37.983826,0,0,2,51.0
2026-03-05T04:24:37.984193,0,0,2,51.0
2026-03-05T04:24:37.984564,0,0,2,51.0
2026-03-05T04:24:37.984937,0,0,2,51.0
2026-03-05T04:24:37.985316,0,0,2,51.0
2026-03-05T04:24:37.985693,0,0,2,51.0
2026-03-05T04:24:37.986164,0,0,2,51.0
2026-03-05T04:24:37.986617,0,0,2,51.0
2026-03-05T04:24:37.987008,0,0,2,51.0
2026-03-05T04:24:37.987389,0,0,2,51.0
2026-03-05T04:24:37.987767,0,0,2,51.0
2026-03-05T04:24:37.988141,0,0,2,51.0
2026-03-05T04:24:37.988514,0,0,2,51.0
2026-03-05T04:24:37.988887,0,0,2,51.0
2026-03-05T04:24:37.989258,0,0,2,51.0
2026-03-05T04:24:37.989631,0,0,2,51.0
2026-03-05T04:24:37.990146,0,0,2,51.0
2026-03-05T04:24:37.990614,0,0,2,51.0
2026-03-05T04:24:37.991007,0,0,2,51.0
2026-03-05T04:24:37.991385,0,0,2,51.0
2026-03-05T04:24:37.991762,0,0,2,51.0
2026-03-05T04:24:37.992137,0,0,2,51.0
2026-03-05T04:24:37.992602,0,0,2,51.0
2026-03-05T04:24:37.993012,0,0,2,51.0
2026-03-05T04:24:37.993400,0,0,2,51.0
2026-03-05T04:24:37.993778,0,0,2,51.0
2026-03-05T04:24:37.994265,0,0,2,51.0
2026-03-05T04:24:37.994686,0,0,2,51.0
2026-03-05T04:24:37.995064,0,0,2,51.0
2026-03-05T04:24:37.995446,0,0,2,51.0
2026-03-05T04:24:37.995822,0,0,2,51.0
2026-03-05T04:24:37.996193,0,0,2,51.0
2026-03-05T04:24:37.996561,0,0,2,51.0
2026-03-05T04:24:37.996932,0,0,2,51.0
2026-03-05T04:24:37.997308,0,0,2,51.0
2026-03-05T04:24:37.997686,0,0,2,51.0
2026-03-05T04:24:37.998160,0,0,2,51.0
2026-03-05T04:24:37.998609,0,0,2,51.0
2026-03-05T04:24:37.999063,0,0,2,51.0
2026-03-05T04:24:37.999446,0,0,2,51.0
2026-03-05T04:24:37.999815,0,0,2,51.0
2026-03-05T04:24:38.000180,0,0,2,51.0
2026-03-05T04:24:38.000550,0,0,2,51.0
2026-03-05T04:24:38.000918,0,0,2,51.0
2026-03-05T04:24:38.001287,0,0,2,51.0
2026-03-05T04:24:38.001670,0,0,2,51.0
2026-03-05T04:24:38.002199,0,0,2,51.0
2026-03-05T04:24:38.002648,0,0,2,51.0
2026-03-05T04:24:38.003031,0,0,2,51.0
2026-03-05T04:24:38.003402,0,0,2,51.0
2026-03-05T04:24:38.003774,0,0,2,51.0
2026-03-05T04:24:38.004144,0,0,2,51.0
2026-03-05T04:24:38.004542,0,0,2,51.0
2026-03-05T04:24:38.004917,0,0,2,51.0
2026-03-05T04:24:38.005283,0,0,2,51.0
2026-03-05T04:24:38.006349,0,0,2,51.0
2026-03-05T04:24:38.007213,0,0,2,51.0
2026-03-05T04:24:38.008203,0,0,2,51.0
2026-03-05T04:24:38.009203,0,0,2,51.0
2026-03-05T04:24:38.010295,0,0,2,51.0
2026-03-05T04:24:38.011222,0,0,2,51.0
2026-03-05T04:24:38.012198,0,0,2,51.0
2026-03-05T04:24:38.013193,0,0,2,51.0
2026-03-05T04:24:38.014338,0,0,2,51.0
2026-03-05T04:24:38.015218,0,0,2,51.0
2026-03-05T04:24:38.016203,0,0,2,51.0
2026-03-05T04:24:38.017214,0,0,2,51.0
2026-03-05T04:24:38.018302,0,0,2,51.0
2026-03-05T04:24:38.019210,0,0,2,51.0
2026-03-05T04:24:38.020197,0,0,2,51.0
2026-03-05T04:24:38.021219,0,0,2,51.0
2026-03-05T04:24:38.022297,0,0,2,51.0
2026-03-05T04:24:38.023219,0,0,2,51.0
2026-03-05T04:24:38.024217,0,0,2,51.0
2026-03-05T04:24:38.025218,0,0,2,51.0
2026-03-05T04:24:38.026313,0,0,2,51.0
2026-03-05T04:24:38.026749,0,0,2,51.0
2026-03-05T04:24:38.027278,0,0,2,51.0
2026-03-05T04:24:38.028208,0,0,2,51.0
2026-03-05T04:24:38.029222,0,0,2,51.0
2026-03-05T04:24:38.030298,0,0,2,51.0
2026-03-05T04:24:38.031213,0,0,2,51.0
2026-03-05T04:24:38.032224,0,0,2,51.0
2026-03-05T04:24:38.033217,0,0,2,51.0
2026-03-05T04:24:38.034306,0,0,2,51.0
2026-03-05T04:24:38.035228,0,0,2,51.0
2026-03-05T04:24:38.036219,0,0,2,51.0
2026-03-05T04:24:38.037218,0,0,2,51.0
2026-03-05T04:24:38.038348,0,0,2,51.0
2026-03-05T04:24:38.039205,0,0,2,51.0
2026-03-05T04:24:38.040219,0,0,2,51.0
2026-03-05T04:24:38.041216,0,0,2,51.0
2026-03-05T04:24:38.042305,0,0,2,51.0
2026-03-05T04:24:38.043228,0,0,2,51.0
2026-03-05T04:24:38.044218,0,0,2,51.0
2026-03-05T04:24:38.045216,0,0,2,51.0
2026-03-05T04:24:38.046336,0,0,2,51.0
2026-03-05T04:24:38.047208,0,0,2,51.0
2026-03-05T04:24:38.048259,0,0,2,51.0
2026-03-05T04:24:38.049217,0,0,2,51.0
2026-03-05T04:24:38.050312,0,0,2,51.0
2026-03-05T04:24:38.051225,0,0,2,51.0
2026-03-05T04:24:38.052220,0,0,2,51.0
2026-03-05T04:24:38.053212,0,0,2,51.0
2026-03-05T04:24:38.054292,0,0,2,51.0
2026-03-05T04:24:38.055225,0,0,2,51.0
2026-03-05T04:24:38.056220,0,0,2,51.0
2026-03-05T04:24:38.057219,0,0,2,51.0
2026-03-05T04:24:38.058337,0,0,2,51.0
2026-03-05T04:24:38.059209,0,0,2,51.0
2026-03-05T04:24:38.060216,0,0,2,51.0
2026-03-05T04:24:38.061212,0,0,2,51.0
2026-03-05T04:24:38.062296,0,0,2,51.0
2026-03-05T04:24:38.063229,0,0,2,51.0
2026-03-05T04:24:38.064214,0,0,2,51.0
2026-03-05T04:24:38.065214,0,0,2,51.0
2026-03-05T04:24:38.066304,0,0,2,51.0
2026-03-05T04:24:38.067223,0,0,2,51.0
2026-03-05T04:24:38.068220,0,0,2,51.0
2026-03-05T04:24:38.069253,0,0,2,51.0
2026-03-05T04:24:38.070304,0,0,2,51.0
2026-03-05T04:24:38.071225,0,0,2,51.0
2026-03-05T04:24:38.072224,0,0,2,51.0
2026-03-05T04:24:38.073220,0,0,2,51.0
2026-03-05T04:24:38.074336,0,0,2,51.0
2026-03-05T04:24:38.075204,0,0,2,51.0
2026-03-05T04:24:38.076218,0,0,2,51.0
2026-03-05T04:24:38.077225,0,0,2,51.0
2026-03-05T04:24:38.078326,0,0,2,51.0
2026-03-05T04:24:38.079210,0,0,2,51.0
2026-03-05T04:24:38.080258,0,0,2,51.0
2026-03-05T04:24:38.081225,0,0,2,51.0
2026-03-05T04:24:38.082292,0,0,2,51.0
2026-03-05T04:24:38.083224,0,0,2,51.0
2026-03-05T04:24:38.084223,0,0,2,51.0
2026-03-05T04:24:38.085221,0,0,2,51.0
2026-03-05T04:24:38.086301,0,0,2,51.0
2026-03-05T04:24:38.087224,0,0,2,51.0
2026-03-05T04:24:38.088218,0,0,2,51.0
2026-03-05T04:24:38.089223,0,0,2,51.0
2026-03-05T04:24:38.090313,0,0,2,51.0
2026-03-05T04:24:38.091203,0,0,2,51.0
2026-03-05T04:24:38.092217,0,0,2,51.0
2026-03-05T04:24:38.093226,0,0,2,51.0
2026-03-05T04:24:38.094305,0,0,2,51.0
2026-03-05T04:24:38.095208,0,0,2,51.0
2026-03-05T04:24:38.096227,0,0,2,51.0
2026-03-05T04:24:38.097217,0,0,2,51.0
2026-03-05T04:24:38.098299,0,0,2,51.0
2026-03-05T04:24:38.099215,0,0,2,51.0
2026-03-05T04:24:38.100219,0,0,2,51.0
2026-03-05T04:24:38.101254,0,0,2,51.0
2026-03-05T04:24:38.102302,0,0,2,51.0
2026-03-05T04:24:38.103234,0,0,2,51.0
2026-03-05T04:24:38.104215,0,0,2,51.0
2026-03-05T04:24:38.105195,0,0,2,51.0
2026-03-05T04:24:38.106288,0,0,2,51.0
2026-03-05T04:24:38.107227,0,0,2,51.0
2026-03-05T04:24:38.108215,0,0,2,51.0
2026-03-05T04:24:38.109218,0,0,2,51.0
2026-03-05T04:24:38.110305,0,0,2,51.0
2026-03-05T04:24:38.111259,0,0,2,51.0
2026-03-05T04:24:38.112219,0,0,2,51.0
2026-03-05T04:24:38.113218,0,0,2,51.0
2026-03-05T04:24:38.114292,0,0,2,51.0
2026-03-05T04:24:38.115199,0,0,2,51.0
2026-03-05T04:24:38.116221,0,0,2,51.0
2026-03-05T04:24:38.117215,0,0,2,51.0
2026-03-05T04:24:38.118432,0,0,2,51.0
2026-03-05T04:24:38.119305,0,0,2,51.0
2026-03-05T04:24:38.120302,0,0,2,51.0
2026-03-05T04:24:38.121301,0,0,2,51.0
2026-03-05T04:24:38.122437,0,0,2,51.0
2026-03-05T04:24:38.123302,0,0,2,51.0
2026-03-05T04:24:38.124305,0,0,2,51.0
2026-03-05T04:24:38.125297,0,0,2,51.0
2026-03-05T04:24:38.126402,0,0,2,51.0
2026-03-05T04:24:38.127300,0,0,2,51.0
2026-03-05T04:24:38.128300,0,0,2,51.0
2026-03-05T04:24:38.129217,0,0,2,51.0
2026-03-05T04:24:38.130302,0,0,2,51.0
2026-03-05T04:24:38.131200,0,0,2,51.0
2026-03-05T04:24:38.132254,0,0,2,51.0
2026-03-05T04:24:38.133219,0,0,2,51.0
2026-03-05T04:24:38.134303,0,0,2,51.0
2026-03-05T04:24:38.135206,0,0,2,51.0
2026-03-05T04:24:38.136221,0,0,2,51.0
2026-03-05T04:24:38.137217,0,0,2,51.0
2026-03-05T04:24:38.138291,0,0,2,51.0
2026-03-05T04:24:38.139225,0,0,2,51.0
2026-03-05T04:24:38.140225,0,0,2,51.0
2026-03-05T04:24:38.141221,0,0,2,51.0
2026-03-05T04:24:38.142417,0,0,2,51.0
2026-03-05T04:24:38.143220,0,0,2,51.0
2026-03-05T04:24:38.144228,0,0,2,51.0
2026-03-05T04:24:38.145220,0,0,2,51.0
2026-03-05T04:24:38.146299,0,0,2,51.0
2026-03-05T04:24:38.147226,0,0,2,51.0
2026-03-05T04:24:38.148214,0,0,2,51.0
2026-03-05T04:24:38.149212,0,0,2,51.0
2026-03-05T04:24:38.150305,0,0,2,51.0
2026-03-05T04:24:38.151198,0,0,2,51.0
2026-03-05T04:24:38.152215,0,0,2,51.0
2026-03-05T04:24:38.153242,0,0,2,51.0
2026-03-05T04:24:38.154294,0,0,2,51.0
2026-03-05T04:24:38.155211,0,0,2,51.0
2026-03-05T04:24:38.156219,0,0,2,51.0
2026-03-05T04:24:38.157211,0,0,2,51.0
2026-03-05T04:24:38.158303,0,0,2,51.0
2026-03-05T04:24:38.159223,0,0,2,51.0
2026-03-05T04:24:38.160219,0,0,2,51.0
2026-03-05T04:24:38.161219,0,0,2,51.0
2026-03-05T04:24:38.162292,0,0,2,51.0
2026-03-05T04:24:38.163262,0,0,2,51.0
2026-03-05T04:24:38.164217,0,0,2,51.0
2026-03-05T04:24:38.165219,0,0,2,51.0
2026-03-05T04:24:38.166431,0,0,2,51.0
2026-03-05T04:24:38.167301,0,0,2,51.0
2026-03-05T04:24:38.168299,0,0,2,51.0
2026-03-05T04:24:38.169291,0,0,2,51.0
2026-03-05T04:24:38.170369,0,0,2,51.0
2026-03-05T04:24:38.171296,0,0,2,51.0
2026-03-05T04:24:38.172307,0,0,2,51.0
2026-03-05T04:24:38.173293,0,0,2,51.0
2026-03-05T04:24:38.174448,0,0,2,51.0
2026-03-05T04:24:38.175297,0,0,2,51.0
2026-03-05T04:24:38.176300,0,0,2,51.0
2026-03-05T04:24:38.177228,0,0,2,51.0
2026-03-05T04:24:38.178299,0,0,2,51.0
2026-03-05T04:24:38.179225,0,0,2,51.0
2026-03-05T04:24:38.180218,0,0,2,51.0
2026-03-05T04:24:38.181219,0,0,2,51.0
2026-03-05T04:24:38.182303,0,0,2,51.0
2026-03-05T04:24:38.183228,0,0,2,51.0
2026-03-05T04:24:38.184251,0,0,2,51.0
2026-03-05T04:24:38.185222,0,0,2,51.0
2026-03-05T04:24:38.186292,0,0,2,51.0
2026-03-05T04:24:38.187225,0,0,2,51.0
2026-03-05T04:24:38.188215,0,0,2,51.0
2026-03-05T04:24:38.189220,0,0,2,51.0
2026-03-05T04:24:38.190331,0,0,2,51.0
2026-03-05T04:24:38.191206,0,0,2,51.0
2026-03-05T04:24:38.192216,0,0,2,51.0
2026-03-05T04:24:38.193211,0,0,2,51.0
2026-03-05T04:24:38.194303,0,0,2,51.0
2026-03-05T04:24:38.195220,0,0,2,51.0
2026-03-05T04:24:38.196211,0,0,2,51.0
2026-03-05T04:24:38.197248,0,0,2,51.0
2026-03-05T04:24:38.198313,0,0,2,51.0
2026-03-05T04:24:38.199204,0,0,2,51.0
2026-03-05T04:24:38.200185,0,0,2,51.0
2026-03-05T04:24:38.201216,0,0,2,51.0
2026-03-05T04:24:38.202333,0,0,2,51.0
2026-03-05T04:24:38.203202,0,0,2,51.0
2026-03-05T04:24:38.204213,0,0,2,51.0
2026-03-05T04:24:38.205247,0,0,2,51.0
2026-03-05T04:24:38.206295,0,0,2,51.0
2026-03-05T04:24:38.207229,0,0,2,51.0
2026-03-05T04:24:38.208216,0,0,2,51.0
2026-03-05T04:24:38.209217,0,0,2,51.0
2026-03-05T04:24:38.210293,0,0,2,51.0
2026-03-05T04:24:38.211226,0,0,2,51.0
2026-03-05T04:24:38.212217,0,0,2,51.0
2026-03-05T04:24:38.213216,0,0,2,51.0
2026-03-05T04:24:38.214302,0,0,2,51.0
2026-03-05T04:24:38.215222,0,0,2,51.0
2026-03-05T04:24:38.216251,0,0,2,51.0
2026-03-05T04:24:38.217218,0,0,2,51.0
2026-03-05T04:24:38.218291,0,0,2,51.0
2026-03-05T04:24:38.219223,0,0,2,51.0
2026-03-05T04:24:38.220215,0,0,2,51.0
2026-03-05T04:24:38.221214,0,0,2,51.0
2026-03-05T04:24:38.222303,0,0,2,51.0
2026-03-05T04:24:38.223202,0,0,2,51.0
2026-03-05T04:24:38.224204,0,0,2,51.0
2026-03-05T04:24:38.225215,0,0,2,51.0
2026-03-05T04:24:38.226318,0,0,2,51.0
2026-03-05T04:24:38.227202,0,0,2,51.0
2026-03-05T04:24:38.228213,0,0,2,51.0
2026-03-05T04:24:38.229213,0,0,2,51.0
2026-03-05T04:24:38.230305,0,0,2,51.0
2026-03-05T04:24:38.231222,0,0,2,51.0
2026-03-05T04:24:38.232216,0,0,2,51.0
2026-03-05T04:24:38.233213,0,0,2,51.0
2026-03-05T04:24:38.234418,0,0,2,51.0
2026-03-05T04:24:38.235298,0,0,2,51.0
2026-03-05T04:24:38.236295,0,0,2,51.0
2026-03-05T04:24:38.237344,0,0,2,51.0
2026-03-05T04:24:38.238406,0,0,2,51.0
2026-03-05T04:24:38.239297,0,0,2,51.0
2026-03-05T04:24:38.240299,0,0,2,51.0
2026-03-05T04:24:38.241294,0,0,2,51.0
2026-03-05T04:24:38.242382,0,0,2,51.0
2026-03-05T04:24:38.243301,0,0,2,51.0
2026-03-05T04:24:38.244294,0,0,2,51.0
2026-03-05T04:24:38.245215,0,0,2,51.0
2026-03-05T04:24:38.246299,0,0,2,51.0
2026-03-05T04:24:38.247260,0,0,2,51.0
2026-03-05T04:24:38.248221,0,0,2,51.0
2026-03-05T04:24:38.249217,0,0,2,51.0
2026-03-05T04:24:38.250288,0,0,2,51.0
2026-03-05T04:24:38.251197,0,0,2,51.0
2026-03-05T04:24:38.252215,0,0,2,51.0
2026-03-05T04:24:38.253220,0,0,2,51.0
2026-03-05T04:24:38.254295,0,0,2,51.0
2026-03-05T04:24:38.255218,0,0,2,51.0
2026-03-05T04:24:38.256214,0,0,2,51.0
2026-03-05T04:24:38.257251,0,0,2,51.0
2026-03-05T04:24:38.258289,0,0,2,51.0
2026-03-05T04:24:38.259222,0,0,2,51.0
2026-03-05T04:24:38.260212,0,0,2,51.0
2026-03-05T04:24:38.261213,0,0,2,51.0
2026-03-05T04:24:38.262294,0,0,2,51.0
2026-03-05T04:24:38.263202,0,0,2,51.0
2026-03-05T04:24:38.264212,0,0,2,51.0
2026-03-05T04:24:38.265211,0,0,2,51.0
2026-03-05T04:24:38.266413,0,0,2,51.0
2026-03-05T04:24:38.267292,0,0,2,51.0
2026-03-05T04:24:38.268339,0,0,2,51.0
2026-03-05T04:24:38.269297,0,0,2,51.0
2026-03-05T04:24:38.270415,0,0,2,51.0
2026-03-05T04:24:38.271300,0,0,2,51.0
2026-03-05T04:24:38.272294,0,0,2,51.0
2026-03-05T04:24:38.273299,0,0,2,51.0
2026-03-05T04:24:38.274402,0,0,2,51.0
2026-03-05T04:24:38.275001,0,0,2,51.0
2026-03-05T04:24:38.275569,0,0,2,51.0
2026-03-05T04:24:38.276289,0,0,2,51.0
2026-03-05T04:24:38.277211,0,0,2,51.0
2026-03-05T04:24:38.278341,0,0,2,51.0
2026-03-05T04:24:38.279207,0,0,2,51.0
2026-03-05T04:24:38.280213,0,0,2,51.0
2026-03-05T04:24:38.281212,0,0,2,51.0
2026-03-05T04:24:38.282294,0,0,2,51.0
2026-03-05T04:24:38.283226,0,0,2,51.0
2026-03-05T04:24:38.284215,0,0,2,51.0
2026-03-05T04:24:38.285213,0,0,2,51.0
2026-03-05T04:24:38.286295,0,0,2,51.0
2026-03-05T04:24:38.287222,0,0,2,51.0
2026-03-05T04:24:38.288252,0,0,2,51.0
2026-03-05T04:24:38.289217,0,0,2,51.0
2026-03-05T04:24:38.290323,0,0,2,51.0
2026-03-05T04:24:38.291214,0,0,2,51.0
2026-03-05T04:24:38.292219,0,0,2,51.0
2026-03-05T04:24:38.293216,0,0,2,51.0
2026-03-05T04:24:38.294304,0,0,2,51.0
2026-03-05T04:24:38.295225,0,0,2,51.0
2026-03-05T04:24:38.296214,0,0,2,51.0
2026-03-05T04:24:38.297225,0,0,2,51.0
2026-03-05T04:24:38.298302,0,0,2,51.0
2026-03-05T04:24:38.299222,0,0,2,51.0
2026-03-05T04:24:38.300221,0,0,2,51.0
2026-03-05T04:24:38.301219,0,0,2,51.0
2026-03-05T04:24:38.302313,0,0,2,51.0
2026-03-05T04:24:38.303198,0,0,2,51.0
2026-03-05T04:24:38.304221,0,0,2,51.0
2026-03-05T04:24:38.305209,0,0,2,51.0
2026-03-05T04:24:38.306286,0,0,2,51.0
2026-03-05T04:24:38.307220,0,0,2,51.0
2026-03-05T04:24:38.308193,0,0,2,51.0
2026-03-05T04:24:38.309250,0,0,2,51.0
2026-03-05T04:24:38.310302,0,0,2,51.0
2026-03-05T04:24:38.311224,0,0,2,51.0
2026-03-05T04:24:38.312216,0,0,2,51.0
2026-03-05T04:24:38.313209,0,0,2,51.0
2026-03-05T04:24:38.314326,0,0,2,51.0
2026-03-05T04:24:38.315200,0,0,2,51.0
2026-03-05T04:24:38.316214,0,0,2,51.0
2026-03-05T04:24:38.317211,0,0,2,51.0
2026-03-05T04:24:38.318299,0,0,2,51.0
2026-03-05T04:24:38.319227,0,0,2,51.0
2026-03-05T04:24:38.320210,0,0,2,51.0
2026-03-05T04:24:38.321211,0,0,2,51.0
2026-03-05T04:24:38.322312,0,0,2,51.0
2026-03-05T04:24:38.323192,0,0,2,51.0
2026-03-05T04:24:38.324208,0,0,2,51.0
2026-03-05T04:24:38.325214,0,0,2,51.0
2026-03-05T04:24:38.326282,0,0,2,51.0
2026-03-05T04:24:38.327189,0,0,2,51.0
2026-03-05T04:24:38.328178,0,0,2,51.0
2026-03-05T04:24:38.329228,0,0,2,51.0
2026-03-05T04:24:38.330322,0,0,2,51.0
2026-03-05T04:24:38.331199,0,0,2,51.0
2026-03-05T04:24:38.332214,0,0,2,51.0
2026-03-05T04:24:38.333305,0,0,2,51.0
2026-03-05T04:24:38.334368,0,0,2,51.0
2026-03-05T04:24:38.335202,0,0,2,51.0
2026-03-05T04:24:38.336215,0,0,2,51.0
2026-03-05T04:24:38.337208,0,0,2,51.0
2026-03-05T04:24:38.338441,0,0,2,51.0
2026-03-05T04:24:38.339290,0,0,2,51.0
2026-03-05T04:24:38.340300,0,0,2,51.0
2026-03-05T04:24:38.341311,0,0,2,51.0
2026-03-05T04:24:38.342386,0,0,2,51.0
2026-03-05T04:24:38.343282,0,0,2,51.0
2026-03-05T04:24:38.344292,0,0,2,51.0
2026-03-05T04:24:38.345292,0,0,2,51.0
2026-03-05T04:24:38.346402,0,0,2,51.0
2026-03-05T04:24:38.347280,0,0,2,51.0
2026-03-05T04:24:38.348292,0,0,2,51.0
2026-03-05T04:24:38.349217,0,0,2,51.0
2026-03-05T04:24:38.350291,0,0,2,51.0
2026-03-05T04:24:38.351190,0,0,2,51.0
2026-03-05T04:24:38.352252,0,0,2,51.0
2026-03-05T04:24:38.353228,0,0,2,51.0
2026-03-05T04:24:38.354310,0,0,2,51.0
2026-03-05T04:24:38.355200,0,0,2,51.0
2026-03-05T04:24:38.356214,0,0,2,51.0
2026-03-05T04:24:38.357208,0,0,2,51.0
2026-03-05T04:24:38.358289,0,0,2,51.0
2026-03-05T04:24:38.359219,0,0,2,51.0
2026-03-05T04:24:38.360211,0,0,2,51.0
2026-03-05T04:24:38.361202,0,0,2,51.0
2026-03-05T04:24:38.362355,0,0,2,51.0
2026-03-05T04:24:38.363194,0,0,2,51.0
2026-03-05T04:24:38.364211,0,0,2,51.0
2026-03-05T04:24:38.365206,0,0,2,51.0
2026-03-05T04:24:38.366290,0,0,2,51.0
2026-03-05T04:24:38.367199,0,0,2,51.0
2026-03-05T04:24:38.368202,0,0,2,51.0
2026-03-05T04:24:38.369202,0,0,2,51.0
2026-03-05T04:24:38.370296,0,0,2,51.0
2026-03-05T04:24:38.371191,0,0,2,51.0
2026-03-05T04:24:38.372215,0,0,2,51.0
2026-03-05T04:24:38.373231,0,0,2,51.0
2026-03-05T04:24:38.374300,0,0,2,51.0
2026-03-05T04:24:38.375224,0,0,2,51.0
2026-03-05T04:24:38.376212,0,0,2,51.0
2026-03-05T04:24:38.377201,0,0,2,51.0
2026-03-05T04:24:38.378308,0,0,2,51.0
2026-03-05T04:24:38.379203,0,0,2,51.0
2026-03-05T04:24:38.380210,0,0,2,51.0
2026-03-05T04:24:38.381209,0,0,2,51.0
2026-03-05T04:24:38.382399,0,0,2,51.0
2026-03-05T04:24:38.383406,0,0,2,51.0
2026-03-05T04:24:38.386117,0,0,2,51.0
2026-03-05T04:24:38.386761,0,0,2,51.0
2026-03-05T04:24:38.387195,0,0,2,51.0
2026-03-05T04:24:38.387580,0,0,2,51.0
2026-03-05T04:24:38.388184,0,0,2,51.0
2026-03-05T04:24:38.389166,0,0,2,51.0
2026-03-05T04:24:38.390297,0,0,2,51.0
2026-03-05T04:24:38.391214,0,0,2,51.0
2026-03-05T04:24:38.392202,0,0,2,51.0
2026-03-05T04:24:38.393204,0,0,2,51.0
2026-03-05T04:24:38.394293,0,0,2,51.0
2026-03-05T04:24:38.395207,0,0,2,51.0
2026-03-05T04:24:38.396215,0,0,2,51.0
2026-03-05T04:24:38.397211,0,0,2,51.0
2026-03-05T04:24:38.398288,0,0,2,51.0
2026-03-05T04:24:38.399216,0,0,2,51.0
2026-03-05T04:24:38.400210,0,0,2,51.0
2026-03-05T04:24:38.401211,0,0,2,51.0
2026-03-05T04:24:38.402255,0,0,2,51.0
2026-03-05T04:24:38.403218,0,0,2,51.0
2026-03-05T04:24:38.404252,0,0,2,51.0
2026-03-05T04:24:38.405204,0,0,2,51.0
2026-03-05T04:24:38.406288,0,0,2,51.0
2026-03-05T04:24:38.407225,0,0,2,51.0
2026-03-05T04:24:38.408215,0,0,2,51.0
2026-03-05T04:24:38.409199,0,0,2,51.0
2026-03-05T04:24:38.410291,0,0,2,51.0
2026-03-05T04:24:38.411214,0,0,2,51.0
2026-03-05T04:24:38.412206,0,0,2,51.0
2026-03-05T04:24:38.413193,0,0,2,51.0
2026-03-05T04:24:38.414332,0,0,2,51.0
2026-03-05T04:24:38.415195,0,0,2,51.0
2026-03-05T04:24:38.416209,0,0,2,51.0
2026-03-05T04:24:38.417205,0,0,2,51.0
2026-03-05T04:24:38.418285,0,0,2,51.0
2026-03-05T04:24:38.419213,0,0,2,51.0
2026-03-05T04:24:38.420208,0,0,2,51.0
2026-03-05T04:24:38.421204,0,0,2,51.0
2026-03-05T04:24:38.422286,0,0,2,51.0
2026-03-05T04:24:38.423178,0,0,2,51.0
2026-03-05T04:24:38.424213,0,0,2,51.0
2026-03-05T04:24:38.425230,0,0,2,51.0
2026-03-05T04:24:38.426297,0,0,2,51.0
2026-03-05T04:24:38.427217,0,0,2,51.0
2026-03-05T04:24:38.428205,0,0,2,51.0
2026-03-05T04:24:38.429202,0,0,2,51.0
2026-03-05T04:24:38.430287,0,0,2,51.0
2026-03-05T04:24:38.431194,0,0,2,51.0
2026-03-05T04:24:38.432205,0,0,2,51.0
2026-03-05T04:24:38.433201,0,0,2,51.0
2026-03-05T04:24:38.434282,0,0,2,51.0
2026-03-05T04:24:38.435214,0,0,2,51.0
2026-03-05T04:24:38.436204,0,0,2,51.0
2026-03-05T04:24:38.437192,0,0,2,51.0
2026-03-05T04:24:38.438292,0,0,2,51.0
2026-03-05T04:24:38.439216,0,0,2,51.0
2026-03-05T04:24:38.440209,0,0,2,51.0
2026-03-05T04:24:38.441195,0,0,2,51.0
2026-03-05T04:24:38.442284,0,0,2,51.0
2026-03-05T04:24:38.443215,0,0,2,51.0
2026-03-05T04:24:38.444207,0,0,2,51.0
2026-03-05T04:24:38.445203,0,0,2,51.0
2026-03-05T04:24:38.446429,0,0,2,51.0
2026-03-05T04:24:38.447275,0,0,2,51.0
2026-03-05T04:24:38.448285,0,0,2,51.0
2026-03-05T04:24:38.449266,0,0,2,51.0
2026-03-05T04:24:38.450368,0,0,2,51.0
2026-03-05T04:24:38.451265,0,0,2,51.0
2026-03-05T04:24:38.452280,0,0,2,51.0
2026-03-05T04:24:38.453281,0,0,2,51.0
2026-03-05T04:24:38.454387,0,0,2,51.0
2026-03-05T04:24:38.455279,0,0,2,51.0
2026-03-05T04:24:38.456281,0,0,2,51.0
2026-03-05T04:24:38.457210,0,0,2,51.0
2026-03-05T04:24:38.458320,0,0,2,51.0
2026-03-05T04:24:38.459187,0,0,2,51.0
2026-03-05T04:24:38.460210,0,0,2,51.0
2026-03-05T04:24:38.461212,0,0,2,51.0
2026-03-05T04:24:38.462299,0,0,2,51.0
2026-03-05T04:24:38.463219,0,0,2,51.0
2026-03-05T04:24:38.464208,0,0,2,51.0
2026-03-05T04:24:38.465199,0,0,2,51.0
2026-03-05T04:24:38.466283,0,0,2,51.0
2026-03-05T04:24:38.467242,0,0,2,51.0
2026-03-05T04:24:38.468209,0,0,2,51.0
2026-03-05T04:24:38.469198,0,0,2,51.0
2026-03-05T04:24:38.470289,0,0,2,51.0
2026-03-05T04:24:38.471190,0,0,2,51.0
2026-03-05T04:24:38.472208,0,0,2,51.0
2026-03-05T04:24:38.473208,0,0,2,51.0
2026-03-05T04:24:38.474283,0,0,2,51.0
2026-03-05T04:24:38.475181,0,0,2,51.0
2026-03-05T04:24:38.476205,0,0,2,51.0
2026-03-05T04:24:38.477204,0,0,2,51.0
2026-03-05T04:24:38.478286,0,0,2,51.0
2026-03-05T04:24:38.479213,0,0,2,51.0
2026-03-05T04:24:38.480212,0,0,2,51.0
2026-03-05T04:24:38.481193,0,0,2,51.0
2026-03-05T04:24:38.482293,0,0,2,51.0
2026-03-05T04:24:38.483211,0,0,2,51.0
2026-03-05T04:24:38.484210,0,0,2,51.0
2026-03-05T04:24:38.485198,0,0,2,51.0
2026-03-05T04:24:38.486294,0,0,2,51.0
2026-03-05T04:24:38.487205,0,0,2,51.0
2026-03-05T04:24:38.488346,0,0,2,51.0
2026-03-05T04:24:38.489277,0,0,2,51.0
2026-03-05T04:24:38.490383,0,0,2,51.0
2026-03-05T04:24:38.491266,0,0,2,51.0
2026-03-05T04:24:38.492279,0,0,2,51.0
2026-03-05T04:24:38.493276,0,0,2,51.0
2026-03-05T04:24:38.494406,0,0,2,51.0
2026-03-05T04:24:38.495271,0,0,2,51.0
2026-03-05T04:24:38.496278,0,0,2,51.0
2026-03-05T04:24:38.497282,0,0,2,51.0
2026-03-05T04:24:38.498382,0,0,2,51.0
2026-03-05T04:24:38.499187,0,0,2,51.0
2026-03-05T04:24:38.500207,0,0,2,51.0
2026-03-05T04:24:38.501206,0,0,2,51.0
2026-03-05T04:24:38.502273,0,0,2,51.0
2026-03-05T04:24:38.503188,0,0,2,51.0
2026-03-05T04:24:38.504215,0,0,2,51.0
2026-03-05T04:24:38.505181,0,0,2,51.0
2026-03-05T04:24:38.506280,0,0,2,51.0
2026-03-05T04:24:38.507178,0,0,2,51.0
2026-03-05T04:24:38.508207,0,0,2,51.0
2026-03-05T04:24:38.509235,0,0,2,51.0
2026-03-05T04:24:38.510283,0,0,2,51.0
2026-03-05T04:24:38.511212,0,0,2,51.0
2026-03-05T04:24:38.512220,0,0,2,51.0
2026-03-05T04:24:38.513207,0,0,2,51.0
2026-03-05T04:24:38.514280,0,0,2,51.0
2026-03-05T04:24:38.515207,0,0,2,51.0
2026-03-05T04:24:38.516210,0,0,2,51.0
2026-03-05T04:24:38.517192,0,0,2,51.0
2026-03-05T04:24:38.518277,0,0,2,51.0
2026-03-05T04:24:38.519208,0,0,2,51.0
2026-03-05T04:24:38.520204,0,0,2,51.0
2026-03-05T04:24:38.521189,0,0,2,51.0
2026-03-05T04:24:38.522281,0,0,2,51.0
2026-03-05T04:24:38.522708,0,0,2,51.0
2026-03-05T04:24:38.523190,0,0,2,51.0
2026-03-05T04:24:38.524166,0,0,2,51.0
2026-03-05T04:24:38.525201,0,0,2,51.0
2026-03-05T04:24:38.526313,0,0,2,51.0
2026-03-05T04:24:38.527226,0,0,2,51.0
2026-03-05T04:24:38.528217,0,0,2,51.0
2026-03-05T04:24:38.529170,0,0,2,51.0
2026-03-05T04:24:38.530321,0,0,2,51.0
2026-03-05T04:24:38.531185,0,0,2,51.0
2026-03-05T04:24:38.532206,0,0,2,51.0
2026-03-05T04:24:38.533194,0,0,2,51.0
2026-03-05T04:24:38.534285,0,0,2,51.0
2026-03-05T04:24:38.535210,0,0,2,51.0
2026-03-05T04:24:38.536207,0,0,2,51.0
2026-03-05T04:24:38.537164,0,0,2,51.0
2026-03-05T04:24:38.538276,0,0,2,51.0
2026-03-05T04:24:38.539208,0,0,2,51.0
2026-03-05T04:24:38.540201,0,0,2,51.0
2026-03-05T04:24:38.541162,0,0,2,51.0
2026-03-05T04:24:38.542276,0,0,2,51.0
2026-03-05T04:24:38.543208,0,0,2,51.0
2026-03-05T04:24:38.544199,0,0,2,51.0
2026-03-05T04:24:38.545161,0,0,2,51.0
2026-03-05T04:24:38.546288,0,0,2,51.0
2026-03-05T04:24:38.547186,0,0,2,51.0
2026-03-05T04:24:38.548204,0,0,2,51.0
2026-03-05T04:24:38.549187,0,0,2,51.0
2026-03-05T04:24:38.550284,0,0,2,51.0
2026-03-05T04:24:38.551337,0,0,2,51.0
2026-03-05T04:24:38.552285,0,0,2,51.0
2026-03-05T04:24:38.553250,0,0,2,51.0
2026-03-05T04:24:38.554369,0,0,2,51.0
2026-03-05T04:24:38.555285,0,0,2,51.0
2026-03-05T04:24:38.556274,0,0,2,51.0
2026-03-05T04:24:38.557267,0,0,2,51.0
2026-03-05T04:24:38.558437,0,0,2,51.0
2026-03-05T04:24:38.559263,0,0,2,51.0
2026-03-05T04:24:38.560277,0,0,2,51.0
2026-03-05T04:24:38.561269,0,0,2,51.0
2026-03-05T04:24:38.562279,0,0,2,51.0
2026-03-05T04:24:38.563208,0,0,2,51.0
2026-03-05T04:24:38.564200,0,0,2,51.0
2026-03-05T04:24:38.565202,0,0,2,51.0
2026-03-05T04:24:38.566269,0,0,2,51.0
2026-03-05T04:24:38.567185,0,0,2,51.0
2026-03-05T04:24:38.568205,0,0,2,51.0
2026-03-05T04:24:38.569202,0,0,2,51.0
2026-03-05T04:24:38.570274,0,0,2,51.0
2026-03-05T04:24:38.571208,0,0,2,51.0
2026-03-05T04:24:38.572240,0,0,2,51.0
2026-03-05T04:24:38.573191,0,0,2,51.0
2026-03-05T04:24:38.574277,0,0,2,51.0
2026-03-05T04:24:38.575209,0,0,2,51.0
2026-03-05T04:24:38.576207,0,0,2,51.0
2026-03-05T04:24:38.577199,0,0,2,51.0
2026-03-05T04:24:38.578286,0,0,2,51.0
2026-03-05T04:24:38.579211,0,0,2,51.0
2026-03-05T04:24:38.580209,0,0,2,51.0
2026-03-05T04:24:38.581191,0,0,2,51.0
2026-03-05T04:24:38.582281,0,0,2,51.0
2026-03-05T04:24:38.583216,0,0,2,51.0
2026-03-05T04:24:38.584209,0,0,2,51.0
2026-03-05T04:24:38.585191,0,0,2,51.0
2026-03-05T04:24:38.586279,0,0,2,51.0
2026-03-05T04:24:38.587196,0,0,2,51.0
2026-03-05T04:24:38.588210,0,0,2,51.0
2026-03-05T04:24:38.589187,0,0,2,51.0
2026-03-05T04:24:38.590276,0,0,2,51.0
2026-03-05T04:24:38.591188,0,0,2,51.0
2026-03-05T04:24:38.592209,0,0,2,51.0
2026-03-05T04:24:38.593321,0,0,2,51.0
2026-03-05T04:24:38.594399,0,0,2,51.0
2026-03-05T04:24:38.595278,0,0,2,51.0
2026-03-05T04:24:38.596287,0,0,2,51.0
2026-03-05T04:24:38.597268,0,0,2,51.0
2026-03-05T04:24:38.598385,0,0,2,51.0
2026-03-05T04:24:38.599280,0,0,2,51.0
2026-03-05T04:24:38.600280,0,0,2,51.0
2026-03-05T04:24:38.601274,0,0,2,51.0
2026-03-05T04:24:38.602347,0,0,2,51.0
2026-03-05T04:24:38.603271,0,0,2,51.0
2026-03-05T04:24:38.604209,0,0,2,51.0
2026-03-05T04:24:38.605201,0,0,2,51.0
2026-03-05T04:24:38.606275,0,0,2,51.0
2026-03-05T04:24:38.607180,0,0,2,51.0
2026-03-05T04:24:38.608212,0,0,2,51.0
2026-03-05T04:24:38.609193,0,0,2,51.0
2026-03-05T04:24:38.610278,0,0,2,51.0
2026-03-05T04:24:38.611211,0,0,2,51.0
2026-03-05T04:24:38.612206,0,0,2,51.0
2026-03-05T04:24:38.613194,0,0,2,51.0
2026-03-05T04:24:38.614456,0,0,2,51.0
2026-03-05T04:24:38.615281,0,0,2,51.0
2026-03-05T04:24:38.616300,0,0,2,51.0
2026-03-05T04:24:38.617269,0,0,2,51.0
2026-03-05T04:24:38.618388,0,0,2,51.0
2026-03-05T04:24:38.619284,0,0,2,51.0
2026-03-05T04:24:38.620289,0,0,2,51.0
2026-03-05T04:24:38.621269,0,0,2,51.0
2026-03-05T04:24:38.622368,0,0,2,51.0
2026-03-05T04:24:38.623272,0,0,2,51.0
2026-03-05T04:24:38.624280,0,0,2,51.0
2026-03-05T04:24:38.625206,0,0,2,51.0
2026-03-05T04:24:38.626280,0,0,2,51.0
2026-03-05T04:24:38.627212,0,0,2,51.0
2026-03-05T04:24:38.628214,0,0,2,51.0
2026-03-05T04:24:38.629189,0,0,2,51.0
2026-03-05T04:24:38.630270,0,0,2,51.0
2026-03-05T04:24:38.631214,0,0,2,51.0
2026-03-05T04:24:38.632196,0,0,2,51.0
2026-03-05T04:24:38.633187,0,0,2,51.0
2026-03-05T04:24:38.634274,0,0,2,51.0
2026-03-05T04:24:38.635247,0,0,2,51.0
2026-03-05T04:24:38.636211,0,0,2,51.0
2026-03-05T04:24:38.637193,0,0,2,51.0
2026-03-05T04:24:38.638285,0,0,2,51.0
2026-03-05T04:24:38.639191,0,0,2,51.0
2026-03-05T04:24:38.640209,0,0,2,51.0
2026-03-05T04:24:38.641193,0,0,2,51.0
2026-03-05T04:24:38.642277,0,0,2,51.0
2026-03-05T04:24:38.643213,0,0,2,51.0
2026-03-05T04:24:38.644207,0,0,2,51.0
2026-03-05T04:24:38.645164,0,0,2,51.0
2026-03-05T04:24:38.646273,0,0,2,51.0
2026-03-05T04:24:38.647212,0,0,2,51.0
2026-03-05T04:24:38.648203,0,0,2,51.0
2026-03-05T04:24:38.649192,0,0,2,51.0
2026-03-05T04:24:38.650300,0,0,2,51.0
2026-03-05T04:24:38.651184,0,0,2,51.0
2026-03-05T04:24:38.652200,0,0,2,51.0
2026-03-05T04:24:38.653180,0,0,2,51.0
2026-03-05T04:24:38.654284,0,0,2,51.0
2026-03-05T04:24:38.655207,0,0,2,51.0
2026-03-05T04:24:38.656338,0,0,2,51.0
2026-03-05T04:24:38.657263,0,0,2,51.0
2026-03-05T04:24:38.658359,0,0,2,51.0
2026-03-05T04:24:38.659272,0,0,2,51.0
2026-03-05T04:24:38.660284,0,0,2,51.0
2026-03-05T04:24:38.661268,0,0,2,51.0
2026-03-05T04:24:38.662368,0,0,2,51.0
2026-03-05T04:24:38.663267,0,0,2,51.0
2026-03-05T04:24:38.664275,0,0,2,51.0
2026-03-05T04:24:38.665264,0,0,2,51.0
2026-03-05T04:24:38.666350,0,0,2,51.0
2026-03-05T04:24:38.667181,0,0,2,51.0
2026-03-05T04:24:38.668198,0,0,2,51.0
2026-03-05T04:24:38.669203,0,0,2,51.0
2026-03-05T04:24:38.670271,0,0,2,51.0
2026-03-05T04:24:38.671203,0,0,2,51.0
2026-03-05T04:24:38.672196,0,0,2,51.0
2026-03-05T04:24:38.673195,0,0,2,51.0
2026-03-05T04:24:38.674272,0,0,2,51.0
2026-03-05T04:24:38.675192,0,0,2,51.0
2026-03-05T04:24:38.676200,0,0,2,51.0
2026-03-05T04:24:38.677220,0,0,2,51.0
2026-03-05T04:24:38.678282,0,0,2,51.0
2026-03-05T04:24:38.679196,0,0,2,51.0
2026-03-05T04:24:38.680209,0,0,2,51.0
2026-03-05T04:24:38.681200,0,0,2,51.0
2026-03-05T04:24:38.682277,0,0,2,51.0
2026-03-05T04:24:38.683218,0,0,2,51.0
2026-03-05T04:24:38.684206,0,0,2,51.0
2026-03-05T04:24:38.685189,0,0,2,51.0
2026-03-05T04:24:38.686307,0,0,2,51.0
2026-03-05T04:24:38.687199,0,0,2,51.0
2026-03-05T04:24:38.688215,0,0,2,51.0
2026-03-05T04:24:38.689169,0,0,2,51.0
2026-03-05T04:24:38.690276,0,0,2,51.0
2026-03-05T04:24:38.691212,0,0,2,51.0
2026-03-05T04:24:38.692203,0,0,2,51.0
2026-03-05T04:24:38.693161,0,0,2,51.0
2026-03-05T04:24:38.694272,0,0,2,51.0
2026-03-05T04:24:38.695210,0,0,2,51.0
2026-03-05T04:24:38.696200,0,0,2,51.0
2026-03-05T04:24:38.697186,0,0,2,51.0
2026-03-05T04:24:38.698426,0,0,2,51.0
2026-03-05T04:24:38.699266,0,0,2,51.0
2026-03-05T04:24:38.700288,0,0,2,51.0
2026-03-05T04:24:38.701266,0,0,2,51.0
2026-03-05T04:24:38.702361,0,0,2,51.0
2026-03-05T04:24:38.703271,0,0,2,51.0
2026-03-05T04:24:38.704283,0,0,2,51.0
2026-03-05T04:24:38.705275,0,0,2,51.0
2026-03-05T04:24:38.706360,0,0,2,51.0
2026-03-05T04:24:38.707267,0,0,2,51.0
2026-03-05T04:24:38.708278,0,0,2,51.0
2026-03-05T04:24:38.709216,0,0,2,51.0
2026-03-05T04:24:38.710259,0,0,2,51.0
2026-03-05T04:24:38.711218,0,0,2,51.0
2026-03-05T04:24:38.712201,0,0,2,51.0
2026-03-05T04:24:38.713188,0,0,2,51.0
2026-03-05T04:24:38.714276,0,0,2,51.0
2026-03-05T04:24:38.715207,0,0,2,51.0
2026-03-05T04:24:38.716195,0,0,2,51.0
2026-03-05T04:24:38.717180,0,0,2,51.0
2026-03-05T04:24:38.718319,0,0,2,51.0
2026-03-05T04:24:38.719197,0,0,2,51.0
2026-03-05T04:24:38.720237,0,0,2,51.0
2026-03-05T04:24:38.721201,0,0,2,51.0
2026-03-05T04:24:38.722297,0,0,2,51.0
2026-03-05T04:24:38.723191,0,0,2,51.0
2026-03-05T04:24:38.724204,0,0,2,51.0
2026-03-05T04:24:38.725195,0,0,2,51.0
2026-03-05T04:24:38.726297,0,0,2,51.0
2026-03-05T04:24:38.727215,0,0,2,51.0
2026-03-05T04:24:38.728203,0,0,2,51.0
2026-03-05T04:24:38.729188,0,0,2,51.0
2026-03-05T04:24:38.730320,0,0,2,51.0
2026-03-05T04:24:38.731177,0,0,2,51.0
2026-03-05T04:24:38.732195,0,0,2,51.0
2026-03-05T04:24:38.733198,0,0,2,51.0
2026-03-05T04:24:38.734270,0,0,2,51.0
2026-03-05T04:24:38.735207,0,0,2,51.0
2026-03-05T04:24:38.736198,0,0,2,51.0
2026-03-05T04:24:38.737196,0,0,2,51.0
2026-03-05T04:24:38.738271,0,0,2,51.0
2026-03-05T04:24:38.739201,0,0,2,51.0
2026-03-05T04:24:38.740196,0,0,2,51.0
2026-03-05T04:24:38.741229,0,0,2,51.0
2026-03-05T04:24:38.742284,0,0,2,51.0
2026-03-05T04:24:38.743207,0,0,2,51.0
2026-03-05T04:24:38.744202,0,0,2,51.0
2026-03-05T04:24:38.745190,0,0,2,51.0
2026-03-05T04:24:38.746278,0,0,2,51.0
2026-03-05T04:24:38.747207,0,0,2,51.0
2026-03-05T04:24:38.748198,0,0,2,51.0
2026-03-05T04:24:38.749196,0,0,2,51.0
2026-03-05T04:24:38.750280,0,0,2,51.0
2026-03-05T04:24:38.751183,0,0,2,51.0
2026-03-05T04:24:38.752201,0,0,2,51.0
2026-03-05T04:24:38.753195,0,0,2,51.0
2026-03-05T04:24:38.754272,0,0,2,51.0
2026-03-05T04:24:38.755204,0,0,2,51.0
2026-03-05T04:24:38.756198,0,0,2,51.0
2026-03-05T04:24:38.757185,0,0,2,51.0
2026-03-05T04:24:38.758270,0,0,2,51.0
2026-03-05T04:24:38.759188,0,0,2,51.0
2026-03-05T04:24:38.760197,0,0,2,51.0
2026-03-05T04:24:38.761189,0,0,2,51.0
2026-03-05T04:24:38.762422,0,0,2,51.0
2026-03-05T04:24:38.763267,0,0,2,51.0
2026-03-05T04:24:38.764272,0,0,2,51.0
2026-03-05T04:24:38.765265,0,0,2,51.0
2026-03-05T04:24:38.766364,0,0,2,51.0
2026-03-05T04:24:38.767266,0,0,2,51.0
2026-03-05T04:24:38.768276,0,0,2,51.0
2026-03-05T04:24:38.769273,0,0,2,51.0
2026-03-05T04:24:38.770383,0,0,2,51.0
2026-03-05T04:24:38.770966,0,0,2,51.0
2026-03-05T04:24:38.771492,0,0,2,51.0
2026-03-05T04:24:38.772269,0,0,2,51.0
2026-03-05T04:24:38.773267,0,0,2,51.0
2026-03-05T04:24:38.774293,0,0,2,51.0
2026-03-05T04:24:38.775206,0,0,2,51.0
2026-03-05T04:24:38.776195,0,0,2,51.0
2026-03-05T04:24:38.777194,0,0,2,51.0
2026-03-05T04:24:38.778268,0,0,2,51.0
2026-03-05T04:24:38.779202,0,0,2,51.0
2026-03-05T04:24:38.780196,0,0,2,51.0
2026-03-05T04:24:38.781189,0,0,2,51.0
2026-03-05T04:24:38.782275,0,0,2,51.0
2026-03-05T04:24:38.783213,0,0,2,51.0
2026-03-05T04:24:38.784227,0,0,2,51.0
2026-03-05T04:24:38.785190,0,0,2,51.0
2026-03-05T04:24:38.786276,0,0,2,51.0
2026-03-05T04:24:38.787217,0,0,2,51.0
2026-03-05T04:24:38.788210,0,0,2,51.0
2026-03-05T04:24:38.789192,0,0,2,51.0
2026-03-05T04:24:38.790278,0,0,2,51.0
2026-03-05T04:24:38.791199,0,0,2,51.0
2026-03-05T04:24:38.792209,0,0,2,51.0
2026-03-05T04:24:38.793187,0,0,2,51.0
2026-03-05T04:24:38.794311,0,0,2,51.0
2026-03-05T04:24:38.795188,0,0,2,51.0
2026-03-05T04:24:38.796209,0,0,2,51.0
2026-03-05T04:24:38.797196,0,0,2,51.0
2026-03-05T04:24:38.798279,0,0,2,51.0
2026-03-05T04:24:38.799210,0,0,2,51.0
2026-03-05T04:24:38.800205,0,0,2,51.0
2026-03-05T04:24:38.801177,0,0,2,51.0
2026-03-05T04:24:38.802272,0,0,2,51.0
2026-03-05T04:24:38.803211,0,0,2,51.0
2026-03-05T04:24:38.804205,0,0,2,51.0
2026-03-05T04:24:38.805220,0,0,2,51.0
2026-03-05T04:24:38.806281,0,0,2,51.0
2026-03-05T04:24:38.807216,0,0,2,51.0
2026-03-05T04:24:38.808204,0,0,2,51.0
2026-03-05T04:24:38.809186,0,0,2,51.0
2026-03-05T04:24:38.810279,0,0,2,51.0
2026-03-05T04:24:38.811197,0,0,2,51.0
2026-03-05T04:24:38.812187,0,0,2,51.0
2026-03-05T04:24:38.813192,0,0,2,51.0
2026-03-05T04:24:38.814272,0,0,2,51.0
2026-03-05T04:24:38.815237,0,0,2,51.0
2026-03-05T04:24:38.816216,0,0,2,51.0
2026-03-05T04:24:38.817186,0,0,2,51.0
2026-03-05T04:24:38.818268,0,0,2,51.0
2026-03-05T04:24:38.819207,0,0,2,51.0
2026-03-05T04:24:38.820204,0,0,2,51.0
2026-03-05T04:24:38.821186,0,0,2,51.0
2026-03-05T04:24:38.822286,0,0,2,51.0
2026-03-05T04:24:38.823191,0,0,2,51.0
2026-03-05T04:24:38.824205,0,0,2,51.0
2026-03-05T04:24:38.825206,0,0,2,51.0
2026-03-05T04:24:38.826276,0,0,2,51.0
2026-03-05T04:24:38.827212,0,0,2,51.0
2026-03-05T04:24:38.828206,0,0,2,51.0
2026-03-05T04:24:38.829191,0,0,2,51.0
2026-03-05T04:24:38.830279,0,0,2,51.0
2026-03-05T04:24:38.831210,0,0,2,51.0
2026-03-05T04:24:38.832209,0,0,2,51.0
2026-03-05T04:24:38.833187,0,0,2,51.0
2026-03-05T04:24:38.834274,0,0,2,51.0
2026-03-05T04:24:38.835193,0,0,2,51.0
2026-03-05T04:24:38.836344,0,0,2,51.0
2026-03-05T04:24:38.837248,0,0,2,51.0
2026-03-05T04:24:38.838358,0,0,2,51.0
2026-03-05T04:24:38.839264,0,0,2,51.0
2026-03-05T04:24:38.840277,0,0,2,51.0
2026-03-05T04:24:38.841265,0,0,2,51.0
2026-03-05T04:24:38.842343,0,0,2,51.0
2026-03-05T04:24:38.843263,0,0,2,51.0
2026-03-05T04:24:38.844272,0,0,2,51.0
2026-03-05T04:24:38.845270,0,0,2,51.0
2026-03-05T04:24:38.846348,0,0,2,51.0
2026-03-05T04:24:38.847181,0,0,2,51.0
2026-03-05T04:24:38.848206,0,0,2,51.0
2026-03-05T04:24:38.849198,0,0,2,51.0
2026-03-05T04:24:38.850271,0,0,2,51.0
2026-03-05T04:24:38.851208,0,0,2,51.0
2026-03-05T04:24:38.852201,0,0,2,51.0
2026-03-05T04:24:38.853188,0,0,2,51.0
2026-03-05T04:24:38.854276,0,0,2,51.0
2026-03-05T04:24:38.855213,0,0,2,51.0
2026-03-05T04:24:38.856198,0,0,2,51.0
2026-03-05T04:24:38.857215,0,0,2,51.0
2026-03-05T04:24:38.858299,0,0,2,51.0
2026-03-05T04:24:38.859196,0,0,2,51.0
2026-03-05T04:24:38.860193,0,0,2,51.0
2026-03-05T04:24:38.861182,0,0,2,51.0
2026-03-05T04:24:38.862280,0,0,2,51.0
2026-03-05T04:24:38.863180,0,0,2,51.0
2026-03-05T04:24:38.864197,0,0,2,51.0
2026-03-05T04:24:38.865178,0,0,2,51.0
2026-03-05T04:24:38.866273,0,0,2,51.0
2026-03-05T04:24:38.867200,0,0,2,51.0
2026-03-05T04:24:38.868198,0,0,2,51.0
2026-03-05T04:24:38.869182,0,0,2,51.0
2026-03-05T04:24:38.870272,0,0,2,51.0
2026-03-05T04:24:38.871199,0,0,2,51.0
2026-03-05T04:24:38.872197,0,0,2,51.0
2026-03-05T04:24:38.873190,0,0,2,51.0
2026-03-05T04:24:38.874275,0,0,2,51.0
2026-03-05T04:24:38.875191,0,0,2,51.0
2026-03-05T04:24:38.876200,0,0,2,51.0
2026-03-05T04:24:38.877186,0,0,2,51.0
2026-03-05T04:24:38.878415,0,0,2,51.0
2026-03-05T04:24:38.879263,0,0,2,51.0
2026-03-05T04:24:38.880272,0,0,2,51.0
2026-03-05T04:24:38.881266,0,0,2,51.0
2026-03-05T04:24:38.882345,0,0,2,51.0
2026-03-05T04:24:38.883254,0,0,2,51.0
2026-03-05T04:24:38.884266,0,0,2,51.0
2026-03-05T04:24:38.885263,0,0,2,51.0
2026-03-05T04:24:38.886355,0,0,2,51.0
2026-03-05T04:24:38.887254,0,0,2,51.0
2026-03-05T04:24:38.888266,0,0,2,51.0
2026-03-05T04:24:38.889195,0,0,2,51.0
2026-03-05T04:24:38.890269,0,0,2,51.0
2026-03-05T04:24:38.891204,0,0,2,51.0
2026-03-05T04:24:38.892196,0,0,2,51.0
2026-03-05T04:24:38.893191,0,0,2,51.0
2026-03-05T04:24:38.894296,0,0,2,51.0
2026-03-05T04:24:38.895202,0,0,2,51.0
2026-03-05T04:24:38.896191,0,0,2,51.0
2026-03-05T04:24:38.897191,0,0,2,51.0
2026-03-05T04:24:38.898274,0,0,2,51.0
2026-03-05T04:24:38.899230,0,0,2,51.0
2026-03-05T04:24:38.900193,0,0,2,51.0
2026-03-05T04:24:38.901189,0,0,2,51.0
2026-03-05T04:24:38.902263,0,0,2,51.0
2026-03-05T04:24:38.903197,0,0,2,51.0
2026-03-05T04:24:38.904188,0,0,2,51.0
2026-03-05T04:24:38.905183,0,0,2,51.0
2026-03-05T04:24:38.906261,0,0,2,51.0
2026-03-05T04:24:38.907194,0,0,2,51.0
2026-03-05T04:24:38.908189,0,0,2,51.0
2026-03-05T04:24:38.909186,0,0,2,51.0
2026-03-05T04:24:38.910263,0,0,2,51.0
2026-03-05T04:24:38.911196,0,0,2,51.0
2026-03-05T04:24:38.912187,0,0,2,51.0
2026-03-05T04:24:38.913188,0,0,2,51.0
2026-03-05T04:24:38.914243,0,0,2,51.0
2026-03-05T04:24:38.915199,0,0,2,51.0
2026-03-05T04:24:38.916189,0,0,2,51.0
2026-03-05T04:24:38.917190,0,0,2,51.0
2026-03-05T04:24:38.918261,0,0,2,51.0
2026-03-05T04:24:38.919196,0,0,2,51.0
2026-03-05T04:24:38.920325,0,0,2,51.0
2026-03-05T04:24:38.921269,0,0,2,51.0
2026-03-05T04:24:38.922343,0,0,2,51.0
2026-03-05T04:24:38.923265,0,0,2,51.0
2026-03-05T04:24:38.924263,0,0,2,51.0
2026-03-05T04:24:38.925255,0,0,2,51.0
2026-03-05T04:24:38.926347,0,0,2,51.0
2026-03-05T04:24:38.927265,0,0,2,51.0
2026-03-05T04:24:38.928256,0,0,2,51.0
2026-03-05T04:24:38.929255,0,0,2,51.0
2026-03-05T04:24:38.930340,0,0,2,51.0
2026-03-05T04:24:38.931194,0,0,2,51.0
2026-03-05T04:24:38.932190,0,0,2,51.0
2026-03-05T04:24:38.933215,0,0,2,51.0
2026-03-05T04:24:38.934266,0,0,2,51.0
2026-03-05T04:24:38.935233,0,0,2,51.0
2026-03-05T04:24:38.936204,0,0,2,51.0
2026-03-05T04:24:38.937193,0,0,2,51.0
2026-03-05T04:24:38.938285,0,0,2,51.0
2026-03-05T04:24:38.939206,0,0,2,51.0
2026-03-05T04:24:38.940199,0,0,2,51.0
2026-03-05T04:24:38.941219,0,0,2,51.0
2026-03-05T04:24:38.942253,0,0,2,51.0
2026-03-05T04:24:38.943209,0,0,2,51.0
2026-03-05T04:24:38.944197,0,0,2,51.0
2026-03-05T04:24:38.945188,0,0,2,51.0
2026-03-05T04:24:38.946256,0,0,2,51.0
2026-03-05T04:24:38.947206,0,0,2,51.0
2026-03-05T04:24:38.948195,0,0,2,51.0
2026-03-05T04:24:38.949194,0,0,2,51.0
2026-03-05T04:24:38.950252,0,0,2,51.0
2026-03-05T04:24:38.951199,0,0,2,51.0
2026-03-05T04:24:38.952196,0,0,2,51.0
2026-03-05T04:24:38.953184,0,0,2,51.0
2026-03-05T04:24:38.954247,0,0,2,51.0
2026-03-05T04:24:38.955202,0,0,2,51.0
2026-03-05T04:24:38.956196,0,0,2,51.0
2026-03-05T04:24:38.957184,0,0,2,51.0
2026-03-05T04:24:38.958252,0,0,2,51.0
2026-03-05T04:24:38.959219,0,0,2,51.0
2026-03-05T04:24:38.960202,0,0,2,51.0
2026-03-05T04:24:38.961187,0,0,2,51.0
2026-03-05T04:24:38.962396,0,0,2,51.0
2026-03-05T04:24:38.963280,0,0,2,51.0
2026-03-05T04:24:38.964271,0,0,2,51.0
2026-03-05T04:24:38.965258,0,0,2,51.0
2026-03-05T04:24:38.966336,0,0,2,51.0
2026-03-05T04:24:38.967270,0,0,2,51.0
2026-03-05T04:24:38.968268,0,0,2,51.0
2026-03-05T04:24:38.969257,0,0,2,51.0
2026-03-05T04:24:38.970332,0,0,2,51.0
2026-03-05T04:24:38.971263,0,0,2,51.0
2026-03-05T04:24:38.972255,0,0,2,51.0
2026-03-05T04:24:38.973189,0,0,2,51.0
2026-03-05T04:24:38.974253,0,0,2,51.0
2026-03-05T04:24:38.975196,0,0,2,51.0
2026-03-05T04:24:38.976197,0,0,2,51.0
2026-03-05T04:24:38.977193,0,0,2,51.0
2026-03-05T04:24:38.978253,0,0,2,51.0
2026-03-05T04:24:38.979203,0,0,2,51.0
2026-03-05T04:24:38.980232,0,0,2,51.0
2026-03-05T04:24:38.981188,0,0,2,51.0
2026-03-05T04:24:38.982253,0,0,2,51.0
2026-03-05T04:24:38.983332,0,0,2,51.0
2026-03-05T04:24:38.984276,0,0,2,51.0
2026-03-05T04:24:38.985264,0,0,2,51.0
2026-03-05T04:24:38.986344,0,0,2,51.0
2026-03-05T04:24:38.987277,0,0,2,51.0
2026-03-05T04:24:38.988252,0,0,2,51.0
2026-03-05T04:24:38.989254,0,0,2,51.0
2026-03-05T04:24:38.990339,0,0,2,51.0
2026-03-05T04:24:38.991270,0,0,2,51.0
2026-03-05T04:24:38.992254,0,0,2,51.0
2026-03-05T04:24:38.993254,0,0,2,51.0
2026-03-05T04:24:38.994253,0,0,2,51.0
2026-03-05T04:24:38.995194,0,0,2,51.0
2026-03-05T04:24:38.996182,0,0,2,51.0
2026-03-05T04:24:38.997184,0,0,2,51.0
2026-03-05T04:24:38.998244,0,0,2,51.0
2026-03-05T04:24:38.999191,0,0,2,51.0
2026-03-05T04:24:39.000188,0,0,2,51.0
2026-03-05T04:24:39.001202,0,0,2,51.0
2026-03-05T04:24:39.002254,0,0,2,51.0
2026-03-05T04:24:39.003192,0,0,2,51.0
2026-03-05T04:24:39.004322,0,0,2,51.0
2026-03-05T04:24:39.005264,0,0,2,51.0
2026-03-05T04:24:39.006375,0,0,2,51.0
2026-03-05T04:24:39.007270,0,0,2,51.0
2026-03-05T04:24:39.008260,0,0,2,51.0
2026-03-05T04:24:39.009252,0,0,2,51.0
2026-03-05T04:24:39.010347,0,0,2,51.0
2026-03-05T04:24:39.011263,0,0,2,51.0
2026-03-05T04:24:39.012257,0,0,2,51.0
2026-03-05T04:24:39.013250,0,0,2,51.0
2026-03-05T04:24:39.014331,0,0,2,51.0
2026-03-05T04:24:39.015190,0,0,2,51.0
2026-03-05T04:24:39.016190,0,0,2,51.0
2026-03-05T04:24:39.017187,0,0,2,51.0
2026-03-05T04:24:39.018256,0,0,2,51.0
2026-03-05T04:24:39.018679,0,0,2,51.0
2026-03-05T04:24:39.019175,0,0,2,51.0
2026-03-05T04:24:39.020196,0,0,2,51.0
2026-03-05T04:24:39.021183,0,0,2,51.0
2026-03-05T04:24:39.022268,0,0,2,51.0
2026-03-05T04:24:39.023205,0,0,2,51.0
2026-03-05T04:24:39.024189,0,0,2,51.0
2026-03-05T04:24:39.025217,0,0,2,51.0
2026-03-05T04:24:39.026257,0,0,2,51.0
2026-03-05T04:24:39.027198,0,0,2,51.0
2026-03-05T04:24:39.028192,0,0,2,51.0
2026-03-05T04:24:39.029185,0,0,2,51.0
2026-03-05T04:24:39.030254,0,0,2,51.0
2026-03-05T04:24:39.031201,0,0,2,51.0
2026-03-05T04:24:39.032194,0,0,2,51.0
2026-03-05T04:24:39.033185,0,0,2,51.0
2026-03-05T04:24:39.034257,0,0,2,51.0
2026-03-05T04:24:39.035199,0,0,2,51.0
2026-03-05T04:24:39.036190,0,0,2,51.0
2026-03-05T04:24:39.037184,0,0,2,51.0
2026-03-05T04:24:39.038251,0,0,2,51.0
2026-03-05T04:24:39.039190,0,0,2,51.0
2026-03-05T04:24:39.040187,0,0,2,51.0
2026-03-05T04:24:39.041184,0,0,2,51.0
2026-03-05T04:24:39.042246,0,0,2,51.0
2026-03-05T04:24:39.043189,0,0,2,51.0
2026-03-05T04:24:39.044192,0,0,2,51.0
2026-03-05T04:24:39.045190,0,0,2,51.0
2026-03-05T04:24:39.046391,0,0,2,51.0
2026-03-05T04:24:39.047273,0,0,2,51.0
2026-03-05T04:24:39.048264,0,0,2,51.0
2026-03-05T04:24:39.049259,0,0,2,51.0
2026-03-05T04:24:39.050339,0,0,2,51.0
2026-03-05T04:24:39.051272,0,0,2,51.0
2026-03-05T04:24:39.052264,0,0,2,51.0
2026-03-05T04:24:39.053252,0,0,2,51.0
2026-03-05T04:24:39.054328,0,0,2,51.0
2026-03-05T04:24:39.055261,0,0,2,51.0
2026-03-05T04:24:39.056256,0,0,2,51.0
2026-03-05T04:24:39.057186,0,0,2,51.0
2026-03-05T04:24:39.058253,0,0,2,51.0
2026-03-05T04:24:39.059194,0,0,2,51.0
2026-03-05T04:24:39.060188,0,0,2,51.0
2026-03-05T04:24:39.061181,0,0,2,51.0
2026-03-05T04:24:39.062245,0,0,2,51.0
2026-03-05T04:24:39.063194,0,0,2,51.0
2026-03-05T04:24:39.064185,0,0,2,51.0
2026-03-05T04:24:39.065187,0,0,2,51.0
2026-03-05T04:24:39.066250,0,0,2,51.0
2026-03-05T04:24:39.067333,0,0,2,51.0
2026-03-05T04:24:39.068265,0,0,2,51.0
2026-03-05T04:24:39.069259,0,0,2,51.0
2026-03-05T04:24:39.070334,0,0,2,51.0
2026-03-05T04:24:39.071270,0,0,2,51.0
2026-03-05T04:24:39.072264,0,0,2,51.0
2026-03-05T04:24:39.073261,0,0,2,51.0
2026-03-05T04:24:39.074328,0,0,2,51.0
2026-03-05T04:24:39.075268,0,0,2,51.0
2026-03-05T04:24:39.076260,0,0,2,51.0
2026-03-05T04:24:39.077255,0,0,2,51.0
2026-03-05T04:24:39.078249,0,0,2,51.0
2026-03-05T04:24:39.079196,0,0,2,51.0
2026-03-05T04:24:39.080190,0,0,2,51.0
2026-03-05T04:24:39.081178,0,0,2,51.0
2026-03-05T04:24:39.082248,0,0,2,51.0
2026-03-05T04:24:39.083190,0,0,2,51.0
2026-03-05T04:24:39.084187,0,0,2,51.0
2026-03-05T04:24:39.085182,0,0,2,51.0
2026-03-05T04:24:39.086250,0,0,2,51.0
2026-03-05T04:24:39.087195,0,0,2,51.0
2026-03-05T04:24:39.088329,0,0,2,51.0
2026-03-05T04:24:39.089256,0,0,2,51.0
2026-03-05T04:24:39.090337,0,0,2,51.0
2026-03-05T04:24:39.091271,0,0,2,51.0
2026-03-05T04:24:39.092268,0,0,2,51.0
2026-03-05T04:24:39.093260,0,0,2,51.0
2026-03-05T04:24:39.094336,0,0,2,51.0
2026-03-05T04:24:39.095266,0,0,2,51.0
2026-03-05T04:24:39.096261,0,0,2,51.0
2026-03-05T04:24:39.097255,0,0,2,51.0
2026-03-05T04:24:39.098324,0,0,2,51.0
2026-03-05T04:24:39.099194,0,0,2,51.0
2026-03-05T04:24:39.100190,0,0,2,51.0
2026-03-05T04:24:39.101184,0,0,2,51.0
2026-03-05T04:24:39.102247,0,0,2,51.0
2026-03-05T04:24:39.103193,0,0,2,51.0
2026-03-05T04:24:39.104186,0,0,2,51.0
2026-03-05T04:24:39.105177,0,0,2,51.0
2026-03-05T04:24:39.106243,0,0,2,51.0
2026-03-05T04:24:39.107193,0,0,2,51.0
2026-03-05T04:24:39.108188,0,0,2,51.0
2026-03-05T04:24:39.109213,0,0,2,51.0
2026-03-05T04:24:39.110247,0,0,2,51.0
2026-03-05T04:24:39.111200,0,0,2,51.0
2026-03-05T04:24:39.112190,0,0,2,51.0
2026-03-05T04:24:39.113181,0,0,2,51.0
2026-03-05T04:24:39.114253,0,0,2,51.0
2026-03-05T04:24:39.115197,0,0,2,51.0
2026-03-05T04:24:39.116191,0,0,2,51.0
2026-03-05T04:24:39.117192,0,0,2,51.0
2026-03-05T04:24:39.118246,0,0,2,51.0
2026-03-05T04:24:39.119185,0,0,2,51.0
2026-03-05T04:24:39.120191,0,0,2,51.0
2026-03-05T04:24:39.121184,0,0,2,51.0
2026-03-05T04:24:39.122258,0,0,2,51.0
2026-03-05T04:24:39.123197,0,0,2,51.0
2026-03-05T04:24:39.124184,0,0,2,51.0
2026-03-05T04:24:39.125177,0,0,2,51.0
2026-03-05T04:24:39.126243,0,0,2,51.0
2026-03-05T04:24:39.127187,0,0,2,51.0
2026-03-05T04:24:39.128186,0,0,2,51.0
2026-03-05T04:24:39.129185,0,0,2,51.0
2026-03-05T04:24:39.130390,0,0,2,51.0
2026-03-05T04:24:39.131263,0,0,2,51.0
2026-03-05T04:24:39.132260,0,0,2,51.0
2026-03-05T04:24:39.133256,0,0,2,51.0
2026-03-05T04:24:39.134336,0,0,2,51.0
2026-03-05T04:24:39.135272,0,0,2,51.0
2026-03-05T04:24:39.136262,0,0,2,51.0
2026-03-05T04:24:39.137257,0,0,2,51.0
2026-03-05T04:24:39.138330,0,0,2,51.0
2026-03-05T04:24:39.139277,0,0,2,51.0
2026-03-05T04:24:39.140258,0,0,2,51.0
2026-03-05T04:24:39.141186,0,0,2,51.0
2026-03-05T04:24:39.142251,0,0,2,51.0
2026-03-05T04:24:39.143201,0,0,2,51.0
2026-03-05T04:24:39.144187,0,0,2,51.0
2026-03-05T04:24:39.145178,0,0,2,51.0
2026-03-05T04:24:39.146246,0,0,2,51.0
2026-03-05T04:24:39.147191,0,0,2,51.0
2026-03-05T04:24:39.148181,0,0,2,51.0
2026-03-05T04:24:39.149176,0,0,2,51.0
2026-03-05T04:24:39.150248,0,0,2,51.0
2026-03-05T04:24:39.151192,0,0,2,51.0
2026-03-05T04:24:39.152322,0,0,2,51.0
2026-03-05T04:24:39.153254,0,0,2,51.0
2026-03-05T04:24:39.154336,0,0,2,51.0
2026-03-05T04:24:39.155269,0,0,2,51.0
2026-03-05T04:24:39.156263,0,0,2,51.0
2026-03-05T04:24:39.157255,0,0,2,51.0
2026-03-05T04:24:39.158330,0,0,2,51.0
2026-03-05T04:24:39.159272,0,0,2,51.0
2026-03-05T04:24:39.160260,0,0,2,51.0
2026-03-05T04:24:39.161250,0,0,2,51.0
2026-03-05T04:24:39.162323,0,0,2,51.0
2026-03-05T04:24:39.163192,0,0,2,51.0
2026-03-05T04:24:39.164184,0,0,2,51.0
2026-03-05T04:24:39.165181,0,0,2,51.0
2026-03-05T04:24:39.166287,0,0,2,51.0
2026-03-05T04:24:39.167193,0,0,2,51.0
2026-03-05T04:24:39.168187,0,0,2,51.0
2026-03-05T04:24:39.169180,0,0,2,51.0
2026-03-05T04:24:39.170260,0,0,2,51.0
2026-03-05T04:24:39.171181,0,0,2,51.0
2026-03-05T04:24:39.172189,0,0,2,51.0
2026-03-05T04:24:39.173213,0,0,2,51.0
2026-03-05T04:24:39.174247,0,0,2,51.0
2026-03-05T04:24:39.175189,0,0,2,51.0
2026-03-05T04:24:39.176185,0,0,2,51.0
2026-03-05T04:24:39.177184,0,0,2,51.0
2026-03-05T04:24:39.178253,0,0,2,51.0
2026-03-05T04:24:39.179199,0,0,2,51.0
2026-03-05T04:24:39.180193,0,0,2,51.0
2026-03-05T04:24:39.181187,0,0,2,51.0
2026-03-05T04:24:39.182254,0,0,2,51.0
2026-03-05T04:24:39.183188,0,0,2,51.0
2026-03-05T04:24:39.184185,0,0,2,51.0
2026-03-05T04:24:39.185183,0,0,2,51.0
2026-03-05T04:24:39.186253,0,0,2,51.0
2026-03-05T04:24:39.187192,0,0,2,51.0
2026-03-05T04:24:39.188183,0,0,2,51.0
2026-03-05T04:24:39.189184,0,0,2,51.0
2026-03-05T04:24:39.190251,0,0,2,51.0
2026-03-05T04:24:39.191194,0,0,2,51.0
2026-03-05T04:24:39.192178,0,0,2,51.0
2026-03-05T04:24:39.193181,0,0,2,51.0
2026-03-05T04:24:39.194392,0,0,2,51.0
2026-03-05T04:24:39.195271,0,0,2,51.0
2026-03-05T04:24:39.196254,0,0,2,51.0
2026-03-05T04:24:39.197239,0,0,2,51.0
2026-03-05T04:24:39.198397,0,0,2,51.0
2026-03-05T04:24:39.199269,0,0,2,51.0
2026-03-05T04:24:39.200262,0,0,2,51.0
2026-03-05T04:24:39.201264,0,0,2,51.0
2026-03-05T04:24:39.202330,0,0,2,51.0
2026-03-05T04:24:39.203262,0,0,2,51.0
2026-03-05T04:24:39.204256,0,0,2,51.0
2026-03-05T04:24:39.205186,0,0,2,51.0
2026-03-05T04:24:39.206251,0,0,2,51.0
2026-03-05T04:24:39.207192,0,0,2,51.0
2026-03-05T04:24:39.208186,0,0,2,51.0
2026-03-05T04:24:39.209182,0,0,2,51.0
2026-03-05T04:24:39.210244,0,0,2,51.0
2026-03-05T04:24:39.211189,0,0,2,51.0
2026-03-05T04:24:39.212187,0,0,2,51.0
2026-03-05T04:24:39.213181,0,0,2,51.0
2026-03-05T04:24:39.214242,0,0,2,51.0
2026-03-05T04:24:39.215190,0,0,2,51.0
2026-03-05T04:24:39.216317,0,0,2,51.0
2026-03-05T04:24:39.217254,0,0,2,51.0
2026-03-05T04:24:39.218333,0,0,2,51.0
2026-03-05T04:24:39.219266,0,0,2,51.0
2026-03-05T04:24:39.220261,0,0,2,51.0
2026-03-05T04:24:39.221266,0,0,2,51.0
2026-03-05T04:24:39.222331,0,0,2,51.0
2026-03-05T04:24:39.223268,0,0,2,51.0
2026-03-05T04:24:39.224258,0,0,2,51.0
2026-03-05T04:24:39.225251,0,0,2,51.0
2026-03-05T04:24:39.226321,0,0,2,51.0
2026-03-05T04:24:39.227192,0,0,2,51.0
2026-03-05T04:24:39.228183,0,0,2,51.0
2026-03-05T04:24:39.229181,0,0,2,51.0
2026-03-05T04:24:39.230280,0,0,2,51.0
2026-03-05T04:24:39.231192,0,0,2,51.0
2026-03-05T04:24:39.232184,0,0,2,51.0
2026-03-05T04:24:39.233181,0,0,2,51.0
2026-03-05T04:24:39.234250,0,0,2,51.0
2026-03-05T04:24:39.235191,0,0,2,51.0
2026-03-05T04:24:39.236185,0,0,2,51.0
2026-03-05T04:24:39.237212,0,0,2,51.0
2026-03-05T04:24:39.238247,0,0,2,51.0
2026-03-05T04:24:39.239191,0,0,2,51.0
2026-03-05T04:24:39.240189,0,0,2,51.0
2026-03-05T04:24:39.241183,0,0,2,51.0
2026-03-05T04:24:39.242251,0,0,2,51.0
2026-03-05T04:24:39.243197,0,0,2,51.0
2026-03-05T04:24:39.244199,0,0,2,51.0
2026-03-05T04:24:39.245185,0,0,2,51.0
2026-03-05T04:24:39.246246,0,0,2,51.0
2026-03-05T04:24:39.247223,0,0,2,51.0
2026-03-05T04:24:39.248194,0,0,2,51.0
2026-03-05T04:24:39.249180,0,0,2,51.0
2026-03-05T04:24:39.250252,0,0,2,51.0
2026-03-05T04:24:39.251191,0,0,2,51.0
2026-03-05T04:24:39.252187,0,0,2,51.0
2026-03-05T04:24:39.253174,0,0,2,51.0
2026-03-05T04:24:39.254246,0,0,2,51.0
2026-03-05T04:24:39.255192,0,0,2,51.0
2026-03-05T04:24:39.256183,0,0,2,51.0
2026-03-05T04:24:39.257178,0,0,2,51.0
2026-03-05T04:24:39.258275,0,0,2,51.0
2026-03-05T04:24:39.259197,0,0,2,51.0
2026-03-05T04:24:39.260191,0,0,2,51.0
2026-03-05T04:24:39.261182,0,0,2,51.0
2026-03-05T04:24:39.262248,0,0,2,51.0
2026-03-05T04:24:39.263193,0,0,2,51.0
2026-03-05T04:24:39.264194,0,0,2,51.0
2026-03-05T04:24:39.265186,0,0,2,51.0
2026-03-05T04:24:39.266242,0,0,2,51.0
2026-03-05T04:24:39.266664,0,0,2,51.0
2026-03-05T04:24:39.267181,0,0,2,51.0
2026-03-05T04:24:39.268216,0,0,2,51.0
2026-03-05T04:24:39.269175,0,0,2,51.0
2026-03-05T04:24:39.270246,0,0,2,51.0
2026-03-05T04:24:39.271191,0,0,2,51.0
2026-03-05T04:24:39.272185,0,0,2,51.0
2026-03-05T04:24:39.273176,0,0,2,51.0
2026-03-05T04:24:39.274236,0,0,2,51.0
2026-03-05T04:24:39.275186,0,0,2,51.0
2026-03-05T04:24:39.276184,0,0,2,51.0
2026-03-05T04:24:39.277181,0,0,2,51.0
2026-03-05T04:24:39.278275,0,0,2,51.0
2026-03-05T04:24:39.279186,0,0,2,51.0
2026-03-05T04:24:39.280186,0,0,2,51.0
2026-03-05T04:24:39.281182,0,0,2,51.0
2026-03-05T04:24:39.282256,0,0,2,51.0
2026-03-05T04:24:39.283193,0,0,2,51.0
2026-03-05T04:24:39.284191,0,0,2,51.0
2026-03-05T04:24:39.285189,0,0,2,51.0
2026-03-05T04:24:39.286251,0,0,2,51.0
2026-03-05T04:24:39.287193,0,0,2,51.0
2026-03-05T04:24:39.288191,0,0,2,51.0
2026-03-05T04:24:39.289214,0,0,2,51.0
2026-03-05T04:24:39.290248,0,0,2,51.0
2026-03-05T04:24:39.291190,0,0,2,51.0
2026-03-05T04:24:39.292186,0,0,2,51.0
2026-03-05T04:24:39.293176,0,0,2,51.0
2026-03-05T04:24:39.294243,0,0,2,51.0
2026-03-05T04:24:39.295192,0,0,2,51.0
2026-03-05T04:24:39.296182,0,0,2,51.0
2026-03-05T04:24:39.297174,0,0,2,51.0
2026-03-05T04:24:39.298244,0,0,2,51.0
2026-03-05T04:24:39.299186,0,0,2,51.0
2026-03-05T04:24:39.300183,0,0,2,51.0
2026-03-05T04:24:39.301173,0,0,2,51.0
2026-03-05T04:24:39.302244,0,0,2,51.0
2026-03-05T04:24:39.303189,0,0,2,51.0
2026-03-05T04:24:39.304185,0,0,2,51.0
2026-03-05T04:24:39.305180,0,0,2,51.0
2026-03-05T04:24:39.306248,0,0,2,51.0
2026-03-05T04:24:39.307188,0,0,2,51.0
2026-03-05T04:24:39.308185,0,0,2,51.0
2026-03-05T04:24:39.309179,0,0,2,51.0
2026-03-05T04:24:39.310390,0,0,2,51.0
2026-03-05T04:24:39.311266,0,0,2,51.0
2026-03-05T04:24:39.312254,0,0,2,51.0
2026-03-05T04:24:39.313248,0,0,2,51.0
2026-03-05T04:24:39.314325,0,0,2,51.0
2026-03-05T04:24:39.315261,0,0,2,51.0
2026-03-05T04:24:39.316253,0,0,2,51.0
2026-03-05T04:24:39.317243,0,0,2,51.0
2026-03-05T04:24:39.318320,0,0,2,51.0
2026-03-05T04:24:39.319261,0,0,2,51.0
2026-03-05T04:24:39.320251,0,0,2,51.0
2026-03-05T04:24:39.321176,0,0,2,51.0
2026-03-05T04:24:39.322242,0,0,2,51.0
2026-03-05T04:24:39.323187,0,0,2,51.0
2026-03-05T04:24:39.324181,0,0,2,51.0
2026-03-05T04:24:39.325181,0,0,2,51.0
2026-03-05T04:24:39.326250,0,0,2,51.0
2026-03-05T04:24:39.327192,0,0,2,51.0
2026-03-05T04:24:39.328182,0,0,2,51.0
2026-03-05T04:24:39.329181,0,0,2,51.0
2026-03-05T04:24:39.330244,0,0,2,51.0
2026-03-05T04:24:39.331323,0,0,2,51.0
2026-03-05T04:24:39.332255,0,0,2,51.0
2026-03-05T04:24:39.333237,0,0,2,51.0
2026-03-05T04:24:39.334461,0,0,2,51.0
2026-03-05T04:24:39.335278,0,0,2,51.0
2026-03-05T04:24:39.336262,0,0,2,51.0
2026-03-05T04:24:39.337251,0,0,2,51.0
2026-03-05T04:24:39.338368,0,0,2,51.0
2026-03-05T04:24:39.339266,0,0,2,51.0
2026-03-05T04:24:39.340253,0,0,2,51.0
2026-03-05T04:24:39.341245,0,0,2,51.0
2026-03-05T04:24:39.342249,0,0,2,51.0
2026-03-05T04:24:39.343191,0,0,2,51.0
2026-03-05T04:24:39.344178,0,0,2,51.0
2026-03-05T04:24:39.345178,0,0,2,51.0
2026-03-05T04:24:39.346245,0,0,2,51.0
2026-03-05T04:24:39.347185,0,0,2,51.0
2026-03-05T04:24:39.348194,0,0,2,51.0
2026-03-05T04:24:39.349183,0,0,2,51.0
2026-03-05T04:24:39.350248,0,0,2,51.0
2026-03-05T04:24:39.351194,0,0,2,51.0
2026-03-05T04:24:39.352320,0,0,2,51.0
2026-03-05T04:24:39.353255,0,0,2,51.0
2026-03-05T04:24:39.354326,0,0,2,51.0
2026-03-05T04:24:39.355256,0,0,2,51.0
2026-03-05T04:24:39.356244,0,0,2,51.0
2026-03-05T04:24:39.357229,0,0,2,51.0
2026-03-05T04:24:39.358392,0,0,2,51.0
2026-03-05T04:24:39.359258,0,0,2,51.0
2026-03-05T04:24:39.360248,0,0,2,51.0
2026-03-05T04:24:39.361247,0,0,2,51.0
2026-03-05T04:24:39.362314,0,0,2,51.0
2026-03-05T04:24:39.363186,0,0,2,51.0
2026-03-05T04:24:39.364176,0,0,2,51.0
2026-03-05T04:24:39.365177,0,0,2,51.0
2026-03-05T04:24:39.366248,0,0,2,51.0
2026-03-05T04:24:39.367180,0,0,2,51.0
2026-03-05T04:24:39.368185,0,0,2,51.0
2026-03-05T04:24:39.369180,0,0,2,51.0
2026-03-05T04:24:39.370247,0,0,2,51.0
2026-03-05T04:24:39.371185,0,0,2,51.0
2026-03-05T04:24:39.372179,0,0,2,51.0
2026-03-05T04:24:39.373209,0,0,2,51.0
2026-03-05T04:24:39.374240,0,0,2,51.0
2026-03-05T04:24:39.375188,0,0,2,51.0
2026-03-05T04:24:39.376179,0,0,2,51.0
2026-03-05T04:24:39.377174,0,0,2,51.0
2026-03-05T04:24:39.378261,0,0,2,51.0
2026-03-05T04:24:39.379187,0,0,2,51.0
2026-03-05T04:24:39.380182,0,0,2,51.0
2026-03-05T04:24:39.381178,0,0,2,51.0
2026-03-05T04:24:39.382243,0,0,2,51.0
2026-03-05T04:24:39.383184,0,0,2,51.0
2026-03-05T04:24:39.384178,0,0,2,51.0
2026-03-05T04:24:39.385173,0,0,2,51.0
2026-03-05T04:24:39.386235,0,0,2,51.0
2026-03-05T04:24:39.387180,0,0,2,51.0
2026-03-05T04:24:39.388174,0,0,2,51.0
2026-03-05T04:24:39.389173,0,0,2,51.0
2026-03-05T04:24:39.390242,0,0,2,51.0
2026-03-05T04:24:39.391187,0,0,2,51.0
2026-03-05T04:24:39.392179,0,0,2,51.0
2026-03-05T04:24:39.393181,0,0,2,51.0
2026-03-05T04:24:39.394386,0,0,2,51.0
2026-03-05T04:24:39.395260,0,0,2,51.0
2026-03-05T04:24:39.396254,0,0,2,51.0
2026-03-05T04:24:39.397248,0,0,2,51.0
2026-03-05T04:24:39.398329,0,0,2,51.0
2026-03-05T04:24:39.399263,0,0,2,51.0
2026-03-05T04:24:39.400257,0,0,2,51.0
2026-03-05T04:24:39.401255,0,0,2,51.0
2026-03-05T04:24:39.402322,0,0,2,51.0
2026-03-05T04:24:39.403261,0,0,2,51.0
2026-03-05T04:24:39.404254,0,0,2,51.0
2026-03-05T04:24:39.405184,0,0,2,51.0
2026-03-05T04:24:39.406240,0,0,2,51.0
2026-03-05T04:24:39.407187,0,0,2,51.0
2026-03-05T04:24:39.408179,0,0,2,51.0
2026-03-05T04:24:39.409174,0,0,2,51.0
2026-03-05T04:24:39.410241,0,0,2,51.0
2026-03-05T04:24:39.411183,0,0,2,51.0
2026-03-05T04:24:39.412183,0,0,2,51.0
2026-03-05T04:24:39.413179,0,0,2,51.0
2026-03-05T04:24:39.414246,0,0,2,51.0
2026-03-05T04:24:39.415324,0,0,2,51.0
2026-03-05T04:24:39.416256,0,0,2,51.0
2026-03-05T04:24:39.417252,0,0,2,51.0
2026-03-05T04:24:39.418326,0,0,2,51.0
2026-03-05T04:24:39.419261,0,0,2,51.0
2026-03-05T04:24:39.420247,0,0,2,51.0
2026-03-05T04:24:39.421245,0,0,2,51.0
2026-03-05T04:24:39.422326,0,0,2,51.0
2026-03-05T04:24:39.423255,0,0,2,51.0
2026-03-05T04:24:39.424253,0,0,2,51.0
2026-03-05T04:24:39.425246,0,0,2,51.0
2026-03-05T04:24:39.426226,0,0,2,51.0
2026-03-05T04:24:39.427189,0,0,2,51.0
2026-03-05T04:24:39.428180,0,0,2,51.0
2026-03-05T04:24:39.429167,0,0,2,51.0
2026-03-05T04:24:39.430239,0,0,2,51.0
2026-03-05T04:24:39.431187,0,0,2,51.0
2026-03-05T04:24:39.432186,0,0,2,51.0
2026-03-05T04:24:39.433175,0,0,2,51.0
2026-03-05T04:24:39.434249,0,0,2,51.0
2026-03-05T04:24:39.435189,0,0,2,51.0
2026-03-05T04:24:39.436320,0,0,2,51.0
2026-03-05T04:24:39.437249,0,0,2,51.0
2026-03-05T04:24:39.438328,0,0,2,51.0
2026-03-05T04:24:39.439264,0,0,2,51.0
2026-03-05T04:24:39.440260,0,0,2,51.0
2026-03-05T04:24:39.441252,0,0,2,51.0
2026-03-05T04:24:39.442322,0,0,2,51.0
2026-03-05T04:24:39.443261,0,0,2,51.0
2026-03-05T04:24:39.444249,0,0,2,51.0
2026-03-05T04:24:39.445244,0,0,2,51.0
2026-03-05T04:24:39.446321,0,0,2,51.0
2026-03-05T04:24:39.447188,0,0,2,51.0
2026-03-05T04:24:39.448182,0,0,2,51.0
2026-03-05T04:24:39.449173,0,0,2,51.0
2026-03-05T04:24:39.450238,0,0,2,51.0
2026-03-05T04:24:39.451183,0,0,2,51.0
2026-03-05T04:24:39.452182,0,0,2,51.0
2026-03-05T04:24:39.453185,0,0,2,51.0
2026-03-05T04:24:39.454239,0,0,2,51.0
2026-03-05T04:24:39.455189,0,0,2,51.0
2026-03-05T04:24:39.456184,0,0,2,51.0
2026-03-05T04:24:39.457206,0,0,2,51.0
2026-03-05T04:24:39.458238,0,0,2,51.0
2026-03-05T04:24:39.459189,0,0,2,51.0
2026-03-05T04:24:39.460182,0,0,2,51.0
2026-03-05T04:24:39.461174,0,0,2,51.0
2026-03-05T04:24:39.462239,0,0,2,51.0
2026-03-05T04:24:39.463190,0,0,2,51.0
2026-03-05T04:24:39.464180,0,0,2,51.0
2026-03-05T04:24:39.465179,0,0,2,51.0
2026-03-05T04:24:39.466237,0,0,2,51.0
2026-03-05T04:24:39.467184,0,0,2,51.0
2026-03-05T04:24:39.468179,0,0,2,51.0
2026-03-05T04:24:39.469173,0,0,2,51.0
2026-03-05T04:24:39.470231,0,0,2,51.0
2026-03-05T04:24:39.471184,0,0,2,51.0
2026-03-05T04:24:39.472175,0,0,2,51.0
2026-03-05T04:24:39.473170,0,0,2,51.0
2026-03-05T04:24:39.474241,0,0,2,51.0
2026-03-05T04:24:39.475182,0,0,2,51.0
2026-03-05T04:24:39.476182,0,0,2,51.0
2026-03-05T04:24:39.477181,0,0,2,51.0
2026-03-05T04:24:39.478381,0,0,2,51.0
2026-03-05T04:24:39.479259,0,0,2,51.0
2026-03-05T04:24:39.480240,0,0,2,51.0
2026-03-05T04:24:39.481246,0,0,2,51.0
2026-03-05T04:24:39.482324,0,0,2,51.0
2026-03-05T04:24:39.483263,0,0,2,51.0
2026-03-05T04:24:39.484259,0,0,2,51.0
2026-03-05T04:24:39.485249,0,0,2,51.0
2026-03-05T04:24:39.486314,0,0,2,51.0
2026-03-05T04:24:39.487253,0,0,2,51.0
2026-03-05T04:24:39.488253,0,0,2,51.0
2026-03-05T04:24:39.489181,0,0,2,51.0
2026-03-05T04:24:39.490234,0,0,2,51.0
2026-03-05T04:24:39.491182,0,0,2,51.0
2026-03-05T04:24:39.492175,0,0,2,51.0
2026-03-05T04:24:39.493172,0,0,2,51.0
2026-03-05T04:24:39.494237,0,0,2,51.0
2026-03-05T04:24:39.495182,0,0,2,51.0
2026-03-05T04:24:39.496179,0,0,2,51.0
2026-03-05T04:24:39.497173,0,0,2,51.0
2026-03-05T04:24:39.498241,0,0,2,51.0
2026-03-05T04:24:39.499323,0,0,2,51.0
2026-03-05T04:24:39.500256,0,0,2,51.0
2026-03-05T04:24:39.501252,0,0,2,51.0
2026-03-05T04:24:39.502329,0,0,2,51.0
2026-03-05T04:24:39.503262,0,0,2,51.0
2026-03-05T04:24:39.504254,0,0,2,51.0
2026-03-05T04:24:39.505245,0,0,2,51.0
2026-03-05T04:24:39.506330,0,0,2,51.0
2026-03-05T04:24:39.507257,0,0,2,51.0
2026-03-05T04:24:39.508249,0,0,2,51.0
2026-03-05T04:24:39.509244,0,0,2,51.0
2026-03-05T04:24:39.510243,0,0,2,51.0
2026-03-05T04:24:39.511184,0,0,2,51.0
2026-03-05T04:24:39.512176,0,0,2,51.0
2026-03-05T04:24:39.513170,0,0,2,51.0
2026-03-05T04:24:39.514233,0,0,2,51.0
2026-03-05T04:24:39.514658,0,0,2,51.0
2026-03-05T04:24:39.515168,0,0,2,51.0
2026-03-05T04:24:39.516175,0,0,2,51.0
2026-03-05T04:24:39.517171,0,0,2,51.0
2026-03-05T04:24:39.518229,0,0,2,51.0
2026-03-05T04:24:39.519184,0,0,2,51.0
2026-03-05T04:24:39.520210,0,0,2,51.0
2026-03-05T04:24:39.521173,0,0,2,51.0
2026-03-05T04:24:39.522241,0,0,2,51.0
2026-03-05T04:24:39.523186,0,0,2,51.0
2026-03-05T04:24:39.524183,0,0,2,51.0
2026-03-05T04:24:39.525173,0,0,2,51.0
2026-03-05T04:24:39.526236,0,0,2,51.0
2026-03-05T04:24:39.527183,0,0,2,51.0
2026-03-05T04:24:39.528182,0,0,2,51.0
2026-03-05T04:24:39.529182,0,0,2,51.0
2026-03-05T04:24:39.530272,0,0,2,51.0
2026-03-05T04:24:39.531191,0,0,2,51.0
2026-03-05T04:24:39.532181,0,0,2,51.0
2026-03-05T04:24:39.533170,0,0,2,51.0
2026-03-05T04:24:39.534231,0,0,2,51.0
2026-03-05T04:24:39.535184,0,0,2,51.0
2026-03-05T04:24:39.536222,0,0,2,51.0
2026-03-05T04:24:39.537183,0,0,2,51.0
2026-03-05T04:24:39.538252,0,0,2,51.0
2026-03-05T04:24:39.539190,0,0,2,51.0
2026-03-05T04:24:39.540181,0,0,2,51.0
2026-03-05T04:24:39.541202,0,0,2,51.0
2026-03-05T04:24:39.542248,0,0,2,51.0
2026-03-05T04:24:39.543188,0,0,2,51.0
2026-03-05T04:24:39.544183,0,0,2,51.0
2026-03-05T04:24:39.545176,0,0,2,51.0
2026-03-05T04:24:39.546233,0,0,2,51.0
2026-03-05T04:24:39.547187,0,0,2,51.0
2026-03-05T04:24:39.548179,0,0,2,51.0
2026-03-05T04:24:39.549183,0,0,2,51.0
2026-03-05T04:24:39.550239,0,0,2,51.0
2026-03-05T04:24:39.551184,0,0,2,51.0
2026-03-05T04:24:39.552179,0,0,2,51.0
2026-03-05T04:24:39.553171,0,0,2,51.0
2026-03-05T04:24:39.554233,0,0,2,51.0
2026-03-05T04:24:39.555184,0,0,2,51.0
2026-03-05T04:24:39.556173,0,0,2,51.0
2026-03-05T04:24:39.557177,0,0,2,51.0
2026-03-05T04:24:39.558237,0,0,2,51.0
2026-03-05T04:24:39.559184,0,0,2,51.0
2026-03-05T04:24:39.560179,0,0,2,51.0
2026-03-05T04:24:39.561173,0,0,2,51.0
2026-03-05T04:24:39.562385,0,0,2,51.0
2026-03-05T04:24:39.563263,0,0,2,51.0
2026-03-05T04:24:39.564254,0,0,2,51.0
2026-03-05T04:24:39.565244,0,0,2,51.0
2026-03-05T04:24:39.566322,0,0,2,51.0
2026-03-05T04:24:39.567260,0,0,2,51.0
2026-03-05T04:24:39.568248,0,0,2,51.0
2026-03-05T04:24:39.569246,0,0,2,51.0
2026-03-05T04:24:39.570317,0,0,2,51.0
2026-03-05T04:24:39.571250,0,0,2,51.0
2026-03-05T04:24:39.572245,0,0,2,51.0
2026-03-05T04:24:39.573180,0,0,2,51.0
2026-03-05T04:24:39.574238,0,0,2,51.0
2026-03-05T04:24:39.575184,0,0,2,51.0
2026-03-05T04:24:39.576176,0,0,2,51.0
2026-03-05T04:24:39.577172,0,0,2,51.0
2026-03-05T04:24:39.578234,0,0,2,51.0
2026-03-05T04:24:39.579182,0,0,2,51.0
2026-03-05T04:24:39.580176,0,0,2,51.0
2026-03-05T04:24:39.581169,0,0,2,51.0
2026-03-05T04:24:39.582237,0,0,2,51.0
2026-03-05T04:24:39.583324,0,0,2,51.0
2026-03-05T04:24:39.584245,0,0,2,51.0
2026-03-05T04:24:39.585248,0,0,2,51.0
2026-03-05T04:24:39.586318,0,0,2,51.0
2026-03-05T04:24:39.587263,0,0,2,51.0
2026-03-05T04:24:39.588256,0,0,2,51.0
2026-03-05T04:24:39.589244,0,0,2,51.0
2026-03-05T04:24:39.590324,0,0,2,51.0
2026-03-05T04:24:39.591262,0,0,2,51.0
2026-03-05T04:24:39.592251,0,0,2,51.0
2026-03-05T04:24:39.593242,0,0,2,51.0
2026-03-05T04:24:39.594236,0,0,2,51.0
2026-03-05T04:24:39.595182,0,0,2,51.0
2026-03-05T04:24:39.596175,0,0,2,51.0
2026-03-05T04:24:39.597167,0,0,2,51.0
2026-03-05T04:24:39.598234,0,0,2,51.0
2026-03-05T04:24:39.599182,0,0,2,51.0
2026-03-05T04:24:39.600176,0,0,2,51.0
2026-03-05T04:24:39.601165,0,0,2,51.0
2026-03-05T04:24:39.602264,0,0,2,51.0
2026-03-05T04:24:39.603189,0,0,2,51.0
2026-03-05T04:24:39.604314,0,0,2,51.0
2026-03-05T04:24:39.605245,0,0,2,51.0
2026-03-05T04:24:39.606331,0,0,2,51.0
2026-03-05T04:24:39.607256,0,0,2,51.0
2026-03-05T04:24:39.608255,0,0,2,51.0
2026-03-05T04:24:39.609243,0,0,2,51.0
2026-03-05T04:24:39.610320,0,0,2,51.0
2026-03-05T04:24:39.611262,0,0,2,51.0
2026-03-05T04:24:39.612252,0,0,2,51.0
2026-03-05T04:24:39.613245,0,0,2,51.0
2026-03-05T04:24:39.614317,0,0,2,51.0
2026-03-05T04:24:39.615183,0,0,2,51.0
2026-03-05T04:24:39.616176,0,0,2,51.0
2026-03-05T04:24:39.617168,0,0,2,51.0
2026-03-05T04:24:39.618236,0,0,2,51.0
2026-03-05T04:24:39.619184,0,0,2,51.0
2026-03-05T04:24:39.620173,0,0,2,51.0
2026-03-05T04:24:39.621169,0,0,2,51.0
2026-03-05T04:24:39.622233,0,0,2,51.0
2026-03-05T04:24:39.623188,0,0,2,51.0
2026-03-05T04:24:39.624177,0,0,2,51.0
2026-03-05T04:24:39.625201,0,0,2,51.0
2026-03-05T04:24:39.626238,0,0,2,51.0
2026-03-05T04:24:39.627185,0,0,2,51.0
2026-03-05T04:24:39.628181,0,0,2,51.0
2026-03-05T04:24:39.629176,0,0,2,51.0
2026-03-05T04:24:39.630236,0,0,2,51.0
2026-03-05T04:24:39.631185,0,0,2,51.0
2026-03-05T04:24:39.632186,0,0,2,51.0
2026-03-05T04:24:39.633184,0,0,2,51.0
2026-03-05T04:24:39.634244,0,0,2,51.0
2026-03-05T04:24:39.635218,0,0,2,51.0
2026-03-05T04:24:39.636183,0,0,2,51.0
2026-03-05T04:24:39.637168,0,0,2,51.0
2026-03-05T04:24:39.638239,0,0,2,51.0
2026-03-05T04:24:39.639184,0,0,2,51.0
2026-03-05T04:24:39.640177,0,0,2,51.0
2026-03-05T04:24:39.641166,0,0,2,51.0
2026-03-05T04:24:39.642234,0,0,2,51.0
2026-03-05T04:24:39.643178,0,0,2,51.0
2026-03-05T04:24:39.644175,0,0,2,51.0
2026-03-05T04:24:39.645167,0,0,2,51.0
2026-03-05T04:24:39.646379,0,0,2,51.0
2026-03-05T04:24:39.647253,0,0,2,51.0
2026-03-05T04:24:39.648244,0,0,2,51.0
2026-03-05T04:24:39.649246,0,0,2,51.0
2026-03-05T04:24:39.650324,0,0,2,51.0
2026-03-05T04:24:39.651261,0,0,2,51.0
2026-03-05T04:24:39.652254,0,0,3,52.0
2026-03-05T04:24:40.659358,0,0,2,50.0
2026-03-05T04:24:41.665354,0,0,3,50.0
2026-03-05T04:24:42.672345,0,0,3,51.0
2026-03-05T04:24:43.677425,0,0,2,50.0
2026-03-05T04:24:45.679162,0,0,2,50.0
2026-03-05T04:24:45.690308,0,0,2,51.0
2026-03-05T04:24:46.697228,0,0,2,50.0
2026-03-05T04:24:47.703218,0,0,2,50.0
2026-03-05T04:24:48.709211,0,0,3,51.0
2026-03-05T04:24:49.716205,0,0,2,50.0
2026-03-05T04:24:50.722302,0,0,2,50.0
2026-03-05T04:24:52.724028,0,0,3,51.0
2026-03-05T04:24:52.734197,0,0,3,50.0
2026-03-05T04:24:53.741123,0,0,3,50.0
2026-03-05T04:24:54.747080,0,0,2,51.0
2026-03-05T04:24:55.754136,0,0,2,50.0
2026-03-05T04:24:56.761045,0,0,2,50.0
2026-03-05T04:24:57.765987,0,0,2,51.0
2026-03-05T04:24:58.773021,0,0,3,50.0
2026-03-05T04:24:59.779054,0,0,2,51.0
2026-03-05T04:25:00.786089,0,0,2,50.0
2026-03-05T04:25:01.790979,0,0,2,51.0
2026-03-05T04:25:02.797940,0,0,2,50.0
2026-03-05T04:25:03.804923,0,0,3,50.0
2026-03-05T04:25:04.810870,0,0,2,51.0
2026-03-05T04:25:05.817842,0,0,2,50.0
2026-03-05T04:25:06.822852,0,0,2,50.0
2026-03-05T04:25:07.829839,0,0,2,51.0
2026-03-05T04:25:08.835802,0,0,3,50.0
2026-03-05T04:25:09.841756,0,0,2,50.0
2026-03-05T04:25:10.847760,0,0,2,51.0
2026-03-05T04:25:11.854750,0,0,2,50.0
2026-03-05T04:25:12.861763,0,0,2,50.0
2026-03-05T04:25:13.867627,0,0,2,51.0
2026-03-05T04:25:14.874617,0,0,2,50.0
2026-03-05T04:25:15.879571,0,0,2,50.0
2026-03-05T04:25:16.886560,0,0,2,51.0
2026-03-05T04:25:17.892539,0,0,2,50.0
2026-03-05T04:25:18.899514,0,0,2,50.0
2026-03-05T04:25:19.905558,0,0,2,50.0
2026-03-05T04:25:20.911464,0,0,2,51.0
2026-03-05T04:25:21.918480,0,0,2,50.0
2026-03-05T04:25:22.924456,0,0,2,50.0
2026-03-05T04:25:23.931428,0,0,2,51.0
2026-03-05T04:25:24.936392,0,0,2,50.0
2026-03-05T04:25:25.943339,0,0,2,50.0
2026-03-05T04:25:26.949375,0,0,3,51.0
2026-03-05T04:25:27.956322,0,0,3,50.0
2026-03-05T04:25:28.962392,0,0,3,50.0
2026-03-05T04:25:29.968271,0,0,2,51.0
2026-03-05T04:25:30.975251,0,0,2,50.0
2026-03-05T04:25:31.981226,0,0,2,50.0
2026-03-05T04:25:32.987233,0,0,2,51.0
2026-03-05T04:25:33.993219,0,0,2,50.0
2026-03-05T04:25:35.000205,0,0,2,50.0
2026-03-05T04:25:36.007125,0,0,2,51.0
2026-03-05T04:25:37.013126,0,0,2,50.0
2026-03-05T04:25:38.019073,0,0,2,50.0
2026-03-05T04:25:39.025053,0,0,2,50.0
2026-03-05T04:25:40.031031,0,0,3,51.0
2026-03-05T04:25:41.038167,0,0,2,50.0
2026-03-05T04:25:42.044009,0,0,2,50.0
2026-03-05T04:25:43.049970,0,0,2,51.0
2026-03-05T04:25:44.056953,0,0,2,50.0
2026-03-05T04:25:45.063919,0,0,2,50.0
2026-03-05T04:25:46.069897,0,0,2,51.0
2026-03-05T04:25:47.075875,0,0,2,50.0
2026-03-05T04:25:48.081894,0,0,2,50.0
2026-03-05T04:25:49.088845,0,0,2,51.0
2026-03-05T04:25:50.094840,0,0,2,50.0
2026-03-05T04:25:51.100800,0,0,2,50.0
2026-03-05T04:25:52.107798,0,0,2,51.0
2026-03-05T04:25:53.113769,0,0,2,50.0
2026-03-05T04:25:54.120775,0,0,3,50.0
2026-03-05T04:25:55.126769,0,0,2,50.0
2026-03-05T04:25:56.132678,0,0,2,51.0
2026-03-05T04:25:57.138645,0,0,2,50.0
2026-03-05T04:25:58.145667,0,0,2,50.0
2026-03-05T04:25:59.151622,0,0,2,51.0
2026-03-05T04:26:00.157602,0,0,2,50.0
2026-03-05T04:26:01.164608,0,0,2,50.0
2026-03-05T04:26:03.166483,0,0,3,51.0
2026-03-05T04:26:03.177571,0,0,2,50.0
2026-03-05T04:26:04.183587,0,0,2,50.0
2026-03-05T04:26:05.189513,0,0,2,51.0
2026-03-05T04:26:06.195502,0,0,2,50.0
2026-03-05T04:26:07.202546,0,0,2,50.0
2026-03-05T04:26:08.209444,0,0,2,51.0
2026-03-05T04:26:09.214539,0,0,2,50.0
2026-03-05T04:26:10.221476,0,0,2,50.0
2026-03-05T04:26:11.227392,0,0,3,51.0
2026-03-05T04:26:12.234470,0,0,3,50.0
2026-03-05T04:26:13.239361,0,0,2,50.0
2026-03-05T04:26:14.246405,0,0,2,50.0
2026-03-05T04:26:15.252293,0,0,2,51.0
2026-03-05T04:26:16.259300,0,0,2,50.0
2026-03-05T04:26:18.261095,0,0,2,50.0
2026-03-05T04:26:18.271175,0,0,2,51.0
2026-03-05T04:26:19.278249,0,0,2,50.0
2026-03-05T04:26:20.284182,0,0,2,50.0
2026-03-05T04:26:21.291168,0,0,2,51.0
2026-03-05T04:26:22.296131,0,0,2,50.0
2026-03-05T04:26:23.303058,0,0,2,50.0
2026-03-05T04:26:25.304959,0,0,2,51.0
2026-03-05T04:26:25.316076,0,0,2,50.0
2026-03-05T04:26:26.323078,0,0,2,50.0
2026-03-05T04:26:27.328057,0,0,3,51.0
2026-03-05T04:26:28.335036,0,0,2,50.0
2026-03-05T04:26:29.341006,0,0,3,50.0
2026-03-05T04:26:30.348017,0,0,2,51.0
2026-03-05T04:26:31.352895,0,0,3,50.0
2026-03-05T04:26:32.358883,0,0,2,50.0
2026-03-05T04:26:33.366864,0,0,3,50.0
2026-03-05T04:26:34.372838,0,0,2,51.0
2026-03-05T04:26:35.379811,0,0,2,50.0
2026-03-05T04:26:36.384797,0,0,3,50.0
2026-03-05T04:26:37.391870,0,0,2,51.0
2026-03-05T04:26:38.397791,0,0,2,50.0
2026-03-05T04:26:39.404748,0,0,2,50.0
2026-03-05T04:26:40.410693,0,0,2,51.0
2026-03-05T04:26:41.416713,0,0,2,50.0
2026-03-05T04:26:42.423697,0,0,1,50.0
2026-03-05T04:26:43.428712,0,0,2,51.0
2026-03-05T04:26:44.436719,0,0,2,50.0
2026-03-05T04:26:45.441639,0,0,2,50.0
2026-03-05T04:26:46.448629,0,0,2,51.0
2026-03-05T04:26:47.454595,0,0,3,50.0
2026-03-05T04:26:48.461568,0,0,2,50.0
2026-03-05T04:26:49.466637,0,0,3,51.0
2026-03-05T04:26:50.472521,0,0,2,50.0
2026-03-05T04:26:51.480529,0,0,2,50.0
2026-03-05T04:26:52.486552,0,0,2,50.0
2026-03-05T04:26:53.493462,0,0,2,51.0
2026-03-05T04:26:54.498486,0,0,2,50.0
2026-03-05T04:26:55.505413,0,0,2,50.0
2026-03-05T04:26:56.512369,0,0,2,51.0
2026-03-05T04:26:57.518471,0,0,2,50.0
2026-03-05T04:26:58.524356,0,0,2,50.0
2026-03-05T04:26:59.530398,0,0,2,51.0
2026-03-05T04:27:00.536281,0,0,2,50.0
2026-03-05T04:27:01.543286,0,0,2,50.0
2026-03-05T04:27:02.550351,0,0,2,51.0
2026-03-05T04:27:03.555207,0,0,2,50.0
2026-03-05T04:27:04.562314,0,0,2,50.0
2026-03-05T04:27:05.569232,0,0,2,51.0
2026-03-05T04:27:06.575173,0,0,2,50.0
2026-03-05T04:27:07.581157,0,0,2,50.0
2026-03-05T04:27:08.587129,0,0,0,50.0
2026-03-05T04:27:09.594174,0,0,2,51.0
2026-03-05T04:27:10.600063,0,0,2,50.0
2026-03-05T04:27:11.606171,0,0,2,50.0
2026-03-05T04:27:12.613050,0,0,2,51.0
2026-03-05T04:27:13.619041,0,0,2,50.0
2026-03-05T04:27:14.626078,0,0,2,50.0
2026-03-05T04:27:15.632000,0,0,2,51.0
2026-03-05T04:27:16.637984,0,0,2,50.0
2026-03-05T04:27:17.643932,0,0,2,50.0
2026-03-05T04:27:18.650921,0,0,2,51.0
2026-03-05T04:27:20.652775,0,0,2,50.0
2026-03-05T04:27:20.662826,0,0,2,50.0
2026-03-05T04:27:21.669830,0,0,2,51.0
2026-03-05T04:27:22.675810,0,0,2,50.0
2026-03-05T04:27:23.682810,0,0,2,50.0
2026-03-05T04:27:24.688761,0,0,2,51.0
2026-03-05T04:27:25.694746,0,0,2,50.0
2026-03-05T04:27:26.699796,0,0,2,50.0
2026-03-05T04:27:28.701649,0,0,2,51.0
2026-03-05T04:27:28.714617,0,0,2,50.0
2026-03-05T04:27:30.716422,0,0,3,50.0
2026-03-05T04:27:59.385656,0,0,2,51.0
2026-03-05T04:28:01.868924,0,0,2,52.0
2026-03-05T04:28:02.874868,0,0,2,50.0
2026-03-05T04:28:03.879818,0,0,2,50.0
2026-03-05T04:28:04.888883,0,0,2,51.0
2026-03-05T04:28:05.893835,0,0,2,50.0
2026-03-05T04:28:06.900788,0,0,2,50.0
2026-03-05T04:28:07.906747,0,0,2,50.0
2026-03-05T04:28:08.913728,0,0,2,51.0
2026-03-05T04:28:09.920696,0,0,2,50.0
2026-03-05T04:28:10.925702,0,0,2,50.0
2026-03-05T04:28:11.932592,0,0,2,51.0
2026-03-05T04:28:12.938720,0,0,2,50.0
2026-03-05T04:28:13.945653,0,0,3,50.0
2026-03-05T04:28:14.950621,0,0,4,51.0
2026-03-05T04:28:15.957594,0,0,2,50.0
2026-03-05T04:28:16.963583,0,0,3,50.0
2026-03-05T04:28:17.970567,0,0,2,51.0
2026-03-05T04:28:18.977524,0,0,2,50.0
2026-03-05T04:28:19.982554,0,0,2,50.0
2026-03-05T04:28:20.989515,0,0,2,51.0
2026-03-05T04:28:22.991334,0,0,2,50.0
2026-03-05T04:29:24.643669,0,0,2,50.0
2026-03-05T04:29:27.126962,0,0,2,51.0
2026-03-05T04:29:28.133929,0,0,2,51.0
2026-03-05T04:29:29.137890,0,0,2,50.0
2026-03-05T04:29:31.139726,0,0,2,50.0
2026-03-05T04:30:35.397110,0,0,2,51.0
2026-03-05T04:30:36.404388,0,0,2,50.0
2026-03-05T04:30:37.410459,0,0,2,51.0
2026-03-05T04:30:39.412328,0,0,2,50.0
2026-03-05T04:30:39.422400,0,0,3,50.0
2026-03-05T04:30:40.429308,0,0,2,51.0
2026-03-05T04:30:41.435264,0,0,2,50.0
2026-03-05T04:30:42.442283,0,0,2,50.0
2026-03-05T04:30:43.449203,0,0,2,51.0
2026-03-05T04:30:44.454267,0,0,3,50.0
2026-03-05T04:30:45.461160,0,0,2,50.0
2026-03-05T04:30:46.467058,0,0,2,50.0
2026-03-05T04:30:47.474242,0,0,2,51.0
2026-03-05T04:30:48.479103,0,0,2,50.0
2026-03-05T04:30:49.486134,0,0,2,50.0
2026-03-05T04:30:50.492057,0,0,2,51.0
2026-03-05T04:30:51.499054,0,0,3,50.0
2026-03-05T04:30:52.505991,0,0,3,50.0
2026-03-05T04:30:53.510983,0,0,2,51.0
2026-03-05T04:30:54.517837,0,0,2,50.0
2026-03-05T04:30:55.523964,0,0,2,50.0
2026-03-05T04:30:56.530931,0,0,2,51.0
2026-03-05T04:30:57.535901,0,0,3,50.0
2026-03-05T04:30:58.542900,0,0,2,50.0
2026-03-05T04:30:59.549855,0,0,2,51.0
2026-03-05T04:31:00.555819,0,0,2,50.0
2026-03-05T04:31:01.562789,0,0,2,50.0
2026-03-05T04:31:02.567763,0,0,2,50.0
2026-03-05T04:31:03.574723,0,0,2,51.0
2026-03-05T04:31:05.576520,0,0,2,50.0
2026-03-05T04:31:05.587593,0,0,2,50.0
2026-03-05T04:31:06.592652,0,0,2,51.0
2026-03-05T04:31:07.599592,0,0,2,50.0
2026-03-05T04:31:08.606609,0,0,2,50.0
2026-03-05T04:31:09.612547,0,0,2,51.0
2026-03-05T04:31:10.617453,0,0,2,50.0
2026-03-05T04:31:11.624608,0,0,2,50.0
2026-03-05T04:31:13.626447,0,0,3,51.0
2026-03-05T04:31:13.637431,0,0,2,50.0
2026-03-05T04:31:14.644475,0,0,2,50.0
2026-03-05T04:31:15.650523,0,0,2,51.0
2026-03-05T04:31:16.656412,0,0,2,50.0
2026-03-05T04:31:17.663374,0,0,2,50.0
2026-03-05T04:31:18.669342,0,0,2,51.0
2026-03-05T04:31:20.671095,0,0,2,50.0
2026-03-05T04:31:20.681259,0,0,2,50.0
2026-03-05T04:31:21.688301,0,0,2,50.0
2026-03-05T04:31:22.694373,0,0,2,51.0
2026-03-05T04:31:23.701247,0,0,2,50.0
2026-03-05T04:31:24.707219,0,0,2,50.0
2026-03-05T04:31:25.713157,0,0,2,51.0
2026-03-05T04:31:26.720228,0,0,2,50.0
2026-03-05T04:31:27.725145,0,0,3,50.0
2026-03-05T04:31:28.732103,0,0,2,51.0
2026-03-05T04:31:29.738196,0,0,2,50.0
2026-03-05T04:31:31.740025,0,0,2,50.0
2026-03-05T04:31:31.752006,0,0,2,51.0
2026-03-05T04:31:32.757038,0,0,2,50.0
2026-03-05T04:31:33.764015,0,0,2,50.0
2026-03-05T04:31:34.769975,0,0,3,51.0
2026-03-05T04:31:35.776965,0,0,3,50.0
2026-03-05T04:31:36.782902,0,0,2,50.0
2026-03-05T04:31:38.784670,0,0,3,51.0
2026-03-05T04:31:38.794850,0,0,2,50.0
2026-03-05T04:31:39.801857,0,0,2,50.0
2026-03-05T04:31:40.808805,0,0,2,50.0
2026-03-05T04:31:41.813819,0,0,3,51.0
2026-03-05T04:31:42.820796,0,0,2,50.0
2026-03-05T04:31:43.826719,0,0,2,50.0
2026-03-05T04:31:44.833842,0,0,3,51.0
2026-03-05T04:31:45.839736,0,0,2,50.0
2026-03-05T04:31:46.845721,0,0,2,50.0
2026-03-05T04:31:47.852683,0,0,2,51.0
2026-03-05T04:31:48.858670,0,0,2,50.0
2026-03-05T04:31:49.865631,0,0,2,50.0
2026-03-05T04:31:50.870621,0,0,3,51.0
2026-03-05T04:31:51.877646,0,0,2,50.0
2026-03-05T04:31:52.883595,0,0,2,50.0
2026-03-05T04:31:53.890620,0,0,2,51.0
2026-03-05T04:31:54.895571,0,0,2,50.0
2026-03-05T04:31:55.902609,0,0,2,50.0
2026-03-05T04:31:56.908567,0,0,2,51.0
2026-03-05T04:31:58.910410,0,0,2,50.0
2026-03-05T04:31:58.922473,0,0,2,50.0
2026-03-05T04:31:59.927442,0,0,2,50.0
2026-03-05T04:32:00.934522,0,0,2,51.0
2026-03-05T04:32:01.940422,0,0,2,50.0
2026-03-05T04:32:02.947369,0,0,2,50.0
2026-03-05T04:32:03.954406,0,0,3,51.0
2026-03-05T04:32:04.959382,0,0,3,50.0
2026-03-05T04:32:06.961133,0,0,2,50.0
2026-03-05T04:32:51.636732,0,0,2,50.0
2026-03-05T04:32:54.120177,0,0,2,51.0
2026-03-05T04:32:55.127157,0,0,2,50.0
2026-03-05T04:32:56.133122,0,0,2,51.0
2026-03-05T04:32:58.134866,0,0,2,50.0
2026-03-05T04:32:58.145024,0,0,2,50.0
2026-03-05T04:33:08.925346,0,0,2,50.0
2026-03-05T04:33:11.408747,0,0,3,51.0
2026-03-05T04:33:12.415711,0,0,2,51.0
2026-03-05T04:33:13.421723,0,0,3,50.0
2026-03-05T04:33:14.428697,0,0,2,50.0
2026-03-05T04:33:15.433649,0,0,3,51.0
2026-03-05T04:33:16.440634,0,0,2,50.0
2026-03-05T04:33:17.446615,0,0,2,50.0
2026-03-05T04:33:18.453573,0,0,2,51.0
2026-03-05T04:33:19.460547,0,0,2,50.0
2026-03-05T04:33:20.465519,0,0,3,50.0
2026-03-05T04:33:21.472533,0,0,2,51.0
2026-03-05T04:33:22.478540,0,0,2,50.0
2026-03-05T04:33:23.485479,0,0,2,50.0
2026-03-05T04:33:24.490511,0,0,2,51.0
2026-03-05T04:33:25.497431,0,0,2,50.0
2026-03-05T04:33:26.503407,0,0,2,50.0
2026-03-05T04:33:27.508390,0,0,2,51.0
2026-03-05T04:33:28.517398,0,0,2,50.0
2026-03-05T04:33:29.522419,0,0,2,50.0
2026-03-05T04:33:30.529341,0,0,2,50.0
2026-03-05T04:33:41.381689,0,0,2,50.0
2026-03-05T04:33:43.865010,0,0,2,51.0
2026-03-05T04:33:45.866534,0,0,2,51.0
2026-03-05T04:33:45.877923,0,0,2,50.0
2026-03-05T04:33:46.884927,0,0,2,50.0
2026-03-05T04:33:47.888879,0,0,2,51.0
2026-03-05T04:33:48.896863,0,0,2,50.0
2026-03-05T04:33:49.902883,0,0,2,50.0
2026-03-05T04:33:50.909873,0,0,2,50.0
2026-03-05T04:33:51.916775,0,0,2,51.0
2026-03-05T04:33:52.921794,0,0,3,50.0
2026-03-05T04:33:53.928728,0,0,2,50.0
2026-03-05T04:33:54.934719,0,0,2,51.0
2026-03-05T04:33:55.941692,0,0,2,50.0
2026-03-05T04:33:56.946678,0,0,3,50.0
2026-03-05T04:33:57.953641,0,0,3,51.0
2026-03-05T04:33:58.959661,0,0,2,50.0
2026-03-05T04:33:59.966638,0,0,2,50.0
2026-03-05T04:34:00.972608,0,0,2,51.0
2026-03-05T04:34:01.978596,0,0,2,50.0
2026-03-05T04:34:02.985525,0,0,2,50.0
2026-03-05T04:34:03.991523,0,0,2,51.0
2026-03-05T04:34:04.998488,0,0,2,50.0
2026-03-05T04:34:06.003475,0,0,2,50.0
2026-03-05T04:34:07.010519,0,0,2,51.0
2026-03-05T04:34:08.017415,0,0,2,50.0
2026-03-05T04:34:09.023393,0,0,2,50.0
2026-03-05T04:34:10.029354,0,0,1,50.0
2026-03-05T04:34:11.035338,0,0,2,51.0
2026-03-05T04:34:12.042409,0,0,3,50.0
2026-03-05T04:34:13.048340,0,0,2,50.0
2026-03-05T04:34:14.055324,0,0,2,51.0
2026-03-05T04:34:15.060264,0,0,2,50.0
2026-03-05T04:34:16.067262,0,0,3,50.0
2026-03-05T04:34:17.074305,0,0,2,51.0
2026-03-05T04:34:18.080170,0,0,2,50.0
2026-03-05T04:34:19.086252,0,0,3,50.0
2026-03-05T04:34:20.090167,0,0,2,51.0
2026-03-05T04:34:22.091943,0,0,2,50.0
2026-03-05T04:34:22.105165,0,0,2,50.0
2026-03-05T04:34:23.111068,0,0,2,51.0
2026-03-05T04:34:24.118140,0,0,2,50.0
2026-03-05T04:34:25.124021,0,0,2,50.0
2026-03-05T04:34:26.131023,0,0,2,51.0
2026-03-05T04:34:27.137008,0,0,2,50.0
2026-03-05T04:34:28.143007,0,0,2,50.0
2026-03-05T04:34:29.148976,0,0,2,50.0
2026-03-05T04:34:30.155921,0,0,2,51.0
2026-03-05T04:34:31.161897,0,0,2,50.0
2026-03-05T04:34:32.167882,0,0,3,50.0
2026-03-05T04:34:33.174875,0,0,3,51.0
2026-03-05T04:34:34.180835,0,0,2,50.0
2026-03-05T04:34:35.187818,0,0,2,50.0
2026-03-05T04:34:36.193808,0,0,2,51.0
2026-03-05T04:34:37.198812,0,0,2,50.0
2026-03-05T04:34:38.205709,0,0,2,50.0
2026-03-05T04:34:39.212690,0,0,2,51.0
2026-03-05T04:34:40.219664,0,0,2,50.0
2026-03-05T04:34:41.224637,0,0,2,50.0
2026-03-05T04:34:42.231614,0,0,2,51.0
2026-03-05T04:34:43.237660,0,0,2,50.0
2026-03-05T04:35:36.137039,0,0,2,50.0
2026-03-05T04:35:38.620310,0,0,2,51.0
2026-03-05T04:35:39.627293,0,0,2,50.0
2026-03-05T04:35:40.631304,0,0,2,51.0
2026-03-05T04:35:41.640339,0,0,2,50.0
2026-03-05T04:35:42.645302,0,0,2,50.0
2026-03-05T04:35:43.652271,0,0,2,51.0
2026-03-05T04:35:44.657230,0,0,2,50.0
2026-03-05T04:35:45.665228,0,0,2,50.0
2026-03-05T04:35:46.672177,0,0,2,51.0
2026-03-05T04:35:47.677176,0,0,2,50.0
2026-03-05T04:35:48.684088,0,0,2,50.0
2026-03-05T04:35:49.690233,0,0,2,50.0
2026-03-05T04:35:50.697075,0,0,2,51.0
2026-03-05T04:35:51.702145,0,0,2,50.0
2026-03-05T04:35:52.709026,0,0,2,50.0
2026-03-05T04:35:53.715046,0,0,2,51.0
2026-03-05T04:35:54.721877,0,0,2,50.0
2026-03-05T04:35:55.727999,0,0,2,50.0
2026-03-05T04:35:56.734121,0,0,2,51.0
2026-03-05T04:35:57.740861,0,0,2,50.0
2026-03-05T04:35:58.746840,0,0,2,50.0
2026-03-05T04:35:59.753754,0,0,2,51.0
2026-03-05T04:36:00.758843,0,0,1,50.0
2026-03-05T04:36:02.760576,0,0,2,50.0
2026-03-05T04:36:02.772813,0,0,3,51.0
2026-03-05T04:36:03.778698,0,0,2,50.0
2026-03-05T04:36:04.784667,0,0,3,50.0
2026-03-05T04:36:05.790658,0,0,2,51.0
2026-03-05T04:36:06.797651,0,0,2,50.0
2026-03-05T04:36:07.803600,0,0,2,50.0
2026-03-05T04:36:08.810599,0,0,2,50.0
2026-03-05T04:36:09.815634,0,0,2,51.0
2026-03-05T04:36:11.817394,0,0,2,50.0
2026-03-05T04:36:25.873733,0,0,3,52.0
2026-03-05T04:36:26.880253,0,0,3,50.0
2026-03-05T04:36:27.886301,0,0,3,50.0
2026-03-05T04:36:29.888110,0,0,3,51.0
2026-03-05T04:36:51.369397,0,0,1,51.0
2026-03-05T04:36:52.375611,0,0,2,51.0
2026-03-05T04:36:53.380571,0,0,2,50.0
2026-03-05T04:37:05.676899,0,0,2,50.0
2026-03-05T04:37:08.160266,0,0,2,51.0
2026-03-05T04:37:09.167247,0,0,2,50.0
2026-03-05T04:37:10.171256,0,0,2,51.0
2026-03-05T04:37:12.173052,0,0,2,50.0
2026-03-05T04:37:55.873600,0,0,2,50.0
2026-03-05T04:37:58.357143,0,0,2,52.0
2026-03-05T04:37:59.363993,0,0,2,50.0
2026-03-05T04:38:00.369990,0,0,2,50.0
2026-03-05T04:38:02.371995,0,0,3,51.0
2026-03-05T04:38:02.381951,0,0,2,50.0
2026-03-05T04:38:03.388914,0,0,3,50.0
2026-03-05T04:38:04.394889,0,0,2,51.0
2026-03-05T04:38:05.401855,0,0,2,50.0
2026-03-05T04:38:06.408833,0,0,2,50.0
2026-03-05T04:38:07.412811,0,0,2,51.0
2026-03-05T04:38:08.420818,0,0,2,50.0
2026-03-05T04:38:09.426804,0,0,2,50.0
2026-03-05T04:38:10.433778,0,0,2,51.0
2026-03-05T04:38:11.438735,0,0,2,50.0
2026-03-05T04:38:12.445689,0,0,3,50.0
2026-03-05T04:38:13.450616,0,0,2,51.0
2026-03-05T04:38:14.458625,0,0,2,50.0
2026-03-05T04:38:15.464600,0,0,3,50.0
2026-03-05T04:38:16.470585,0,0,2,50.0
2026-03-05T04:38:17.477578,0,0,2,51.0
2026-03-05T04:38:18.483633,0,0,2,51.0
2026-03-05T04:38:19.490591,0,0,2,50.0
2026-03-05T04:38:20.495567,0,0,2,51.0
2026-03-05T04:38:21.501498,0,0,2,50.0
2026-03-05T04:38:22.509513,0,0,2,50.0
2026-03-05T04:38:23.513457,0,0,3,51.0
2026-03-05T04:38:24.521525,0,0,3,50.0
2026-03-05T04:38:25.527452,0,0,2,50.0
2026-03-05T04:38:26.534468,0,0,2,51.0
2026-03-05T04:38:27.540412,0,0,2,50.0
2026-03-05T04:38:28.547390,0,0,2,50.0
2026-03-05T04:38:29.552356,0,0,3,51.0
2026-03-05T04:38:30.559326,0,0,2,50.0
2026-03-05T04:38:31.566360,0,0,2,50.0
2026-03-05T04:38:32.572266,0,0,2,51.0
2026-03-05T04:38:33.576194,0,0,2,50.0
2026-03-05T04:38:34.584276,0,0,2,50.0
2026-03-05T04:38:35.591214,0,0,2,50.0
2026-03-05T04:38:36.597166,0,0,3,51.0
2026-03-05T04:38:37.603142,0,0,2,50.0
2026-03-05T04:38:38.610195,0,0,2,50.0
2026-03-05T04:38:39.616098,0,0,2,51.0
2026-03-05T04:38:40.623065,0,0,2,50.0
2026-03-05T04:38:41.629030,0,0,2,50.0
2026-03-05T04:38:42.635021,0,0,2,51.0
2026-03-05T04:38:43.640984,0,0,3,50.0
2026-03-05T04:38:44.647961,0,0,2,50.0
2026-03-05T04:38:45.652950,0,0,2,51.0
2026-03-05T04:38:46.659931,0,0,2,50.0
2026-03-05T04:38:47.666916,0,0,2,50.0
2026-03-05T04:38:48.671867,0,0,2,51.0
2026-03-05T04:38:49.679857,0,0,2,50.0
2026-03-05T04:38:50.685806,0,0,2,50.0
2026-03-05T04:38:51.691816,0,0,2,51.0
2026-03-05T04:38:52.697819,0,0,2,50.0
2026-03-05T04:38:53.704791,0,0,2,50.0
2026-03-05T04:38:54.711778,0,0,2,50.0
2026-03-05T04:38:55.716726,0,0,2,51.0
2026-03-05T04:38:56.723713,0,0,3,50.0
2026-03-05T04:38:57.729599,0,0,2,50.0
2026-03-05T04:38:58.736787,0,0,2,51.0
2026-03-05T04:39:00.738671,0,0,3,50.0
2026-03-05T04:39:00.748520,0,0,2,50.0
2026-03-05T04:39:01.754527,0,0,2,51.0
2026-03-05T04:39:02.761498,0,0,2,50.0
2026-03-05T04:39:03.768511,0,0,2,50.0
2026-03-05T04:39:04.773471,0,0,2,51.0
2026-03-05T04:39:05.779448,0,0,2,50.0
2026-03-05T04:39:06.786510,0,0,2,50.0
2026-03-05T04:39:07.793385,0,0,2,51.0
2026-03-05T04:39:08.798422,0,0,2,50.0
2026-03-05T04:39:09.805348,0,0,3,50.0
2026-03-05T04:39:10.812316,0,0,2,51.0
2026-03-05T04:39:11.818393,0,0,2,50.0
2026-03-05T04:39:12.824291,0,0,2,50.0
2026-03-05T04:39:13.830422,0,0,2,50.0
2026-03-05T04:39:14.837241,0,0,2,51.0
2026-03-05T04:39:15.843230,0,0,2,50.0
2026-03-05T04:39:16.850298,0,0,2,50.0
2026-03-05T04:39:17.855225,0,0,2,51.0
2026-03-05T04:39:18.862295,0,0,3,50.0
2026-03-05T04:39:19.869164,0,0,2,50.0
2026-03-05T04:39:20.875166,0,0,2,51.0
2026-03-05T04:39:21.882200,0,0,2,50.0
2026-03-05T04:39:22.887101,0,0,3,50.0
2026-03-05T04:39:23.894268,0,0,2,51.0
2026-03-05T04:39:24.899984,0,0,2,50.0
2026-03-05T04:39:25.906978,0,0,3,50.0
2026-03-05T04:39:27.908756,0,0,2,51.0
2026-03-05T04:39:27.918903,0,0,3,50.0
2026-03-05T04:39:28.925928,0,0,2,50.0
2026-03-05T04:39:29.931883,0,0,3,50.0
2026-03-05T04:39:30.937859,0,0,2,51.0
2026-03-05T04:39:31.943830,0,0,2,50.0
2026-03-05T04:39:32.950798,0,0,2,50.0
2026-03-05T04:39:33.956837,0,0,2,51.0
2026-03-05T04:39:34.963772,0,0,2,50.0
2026-03-05T04:39:35.969744,0,0,2,50.0
2026-03-05T04:39:36.975671,0,0,2,51.0
2026-03-05T04:39:37.982694,0,0,2,50.0
2026-03-05T04:39:38.988669,0,0,2,50.0
2026-03-05T04:39:39.993639,0,0,3,51.0
2026-03-05T04:39:40.999640,0,0,2,50.0
2026-03-05T04:39:42.007627,0,0,2,50.0
2026-03-05T04:39:43.014543,0,0,2,51.0
2026-03-05T04:39:44.020557,0,0,2,50.0
2026-03-05T04:39:45.026583,0,0,2,50.0
2026-03-05T04:39:55.634125,0,0,2,51.0
2026-03-05T04:39:58.118393,0,0,2,52.0
2026-03-05T04:39:59.125309,0,0,2,50.0
2026-03-05T04:40:01.127224,0,0,2,50.0
2026-03-05T04:40:01.138276,0,0,3,51.0
2026-03-05T04:40:02.143186,0,0,2,50.0
2026-03-05T04:40:03.150234,0,0,3,50.0
2026-03-05T04:40:04.156144,0,0,2,51.0
2026-03-05T04:40:05.163124,0,0,2,50.0
2026-03-05T04:40:06.168072,0,0,2,50.0
2026-03-05T04:40:07.175023,0,0,2,51.0
2026-03-05T04:40:08.181974,0,0,3,50.0
2026-03-05T04:40:09.187927,0,0,3,50.0
2026-03-05T04:40:10.194900,0,0,5,51.0
2026-03-05T04:40:11.199886,0,0,2,50.0
2026-03-05T04:40:12.206869,0,0,2,50.0
2026-03-05T04:40:13.212840,0,0,3,51.0
2026-03-05T04:40:14.219840,0,0,2,50.0
2026-03-05T04:40:15.224821,0,0,2,50.0
2026-03-05T04:40:16.231780,0,0,2,50.0
2026-03-05T04:40:17.238762,0,0,2,51.0
2026-03-05T04:40:18.244690,0,0,2,50.0
2026-03-05T04:40:19.251685,0,0,2,50.0
2026-03-05T04:40:20.255748,0,0,2,51.0
2026-03-05T04:40:21.263708,0,0,2,50.0
2026-03-05T04:40:22.270709,0,0,2,50.0
2026-03-05T04:40:23.276668,0,0,2,51.0
2026-03-05T04:40:24.282653,0,0,2,50.0
2026-03-05T04:40:25.288653,0,0,3,50.0
2026-03-05T04:40:26.295625,0,0,2,51.0
2026-03-05T04:40:27.299632,0,0,2,50.0
2026-03-05T04:40:29.301482,0,0,2,50.0
2026-03-05T04:41:54.231124,0,0,2,51.0
2026-03-05T04:41:56.714598,0,0,3,52.0
2026-03-05T04:41:57.721407,0,0,2,50.0
2026-03-05T04:41:58.726453,0,0,2,50.0
2026-03-05T04:41:59.734493,0,0,2,51.0
2026-03-05T04:42:01.736248,0,0,2,50.0
2026-03-05T04:42:01.746401,0,0,2,50.0
2026-03-05T04:42:02.752352,0,0,3,50.0
2026-03-05T04:42:04.754192,0,0,2,51.0
2026-03-05T04:42:04.766182,0,0,2,50.0
2026-03-05T04:42:05.771198,0,0,5,50.0
2026-03-05T04:42:06.778256,0,0,2,51.0
2026-03-05T04:42:07.784150,0,0,2,50.0
2026-03-05T04:42:08.791107,0,0,1,50.0
2026-03-05T04:42:09.795113,0,0,2,51.0
2026-03-05T04:42:10.803150,0,0,2,50.0
2026-03-05T04:42:11.809075,0,0,3,50.0
2026-03-05T04:42:12.816060,0,0,2,51.0
2026-03-05T04:42:13.822184,0,0,2,50.0
2026-03-05T04:42:14.828044,0,0,2,50.0
2026-03-05T04:42:15.835023,0,0,2,51.0
2026-03-05T04:42:16.840944,0,0,2,50.0
2026-03-05T04:42:17.847962,0,0,3,50.0
2026-03-05T04:42:18.852936,0,0,2,51.0
2026-03-05T04:42:19.859915,0,0,1,50.0
2026-03-05T04:42:20.866887,0,0,2,50.0
2026-03-05T04:42:21.872874,0,0,3,50.0
2026-03-05T04:42:22.878845,0,0,3,51.0
2026-03-05T04:42:23.883791,0,0,2,50.0
2026-03-05T04:42:24.891813,0,0,2,50.0
2026-03-05T04:42:26.893699,0,0,4,51.0
2026-03-05T04:42:26.903611,0,0,2,50.0
2026-03-05T04:42:27.909658,0,0,2,50.0
2026-03-05T04:42:28.916616,0,0,2,51.0
2026-03-05T04:42:29.923630,0,0,2,50.0
2026-03-05T04:42:30.929587,0,0,2,50.0
2026-03-05T04:42:31.935481,0,0,2,51.0
2026-03-05T04:42:33.937220,0,0,2,50.0
2026-03-05T04:42:33.948467,0,0,2,50.0
2026-03-05T04:42:34.954468,0,0,2,51.0
2026-03-05T04:42:35.960440,0,0,2,50.0
2026-03-05T04:42:36.967437,0,0,2,50.0
2026-03-05T04:42:37.973378,0,0,2,51.0
2026-03-05T04:42:38.980366,0,0,2,50.0
2026-03-05T04:42:39.986501,0,0,2,50.0
2026-03-05T04:42:40.992337,0,0,2,50.0
2026-03-05T04:42:41.998418,0,0,2,51.0
2026-03-05T04:42:43.005286,0,0,2,50.0
2026-03-05T04:42:44.011277,0,0,2,50.0
2026-03-05T04:42:45.016254,0,0,2,51.0
2026-03-05T04:42:46.022241,0,0,2,50.0
2026-03-05T04:42:47.030299,0,0,2,50.0
2026-03-05T04:42:48.037247,0,0,3,51.0
2026-03-05T04:42:49.043215,0,0,2,50.0
2026-03-05T04:42:50.049175,0,0,3,50.0
2026-03-05T04:42:51.055166,0,0,2,51.0
2026-03-05T04:42:52.062240,0,0,2,50.0
2026-03-05T04:42:53.069008,0,0,2,50.0
2026-03-05T04:45:26.895007,0,0,2,51.0
2026-03-05T04:45:29.378458,0,0,2,52.0
2026-03-05T04:45:30.385314,0,0,2,50.0
2026-03-05T04:45:31.391301,0,0,3,50.0
2026-03-05T04:45:32.398314,0,0,2,51.0
2026-03-05T04:45:33.403295,0,0,2,50.0
2026-03-05T04:45:34.410303,0,0,3,50.0
2026-03-05T04:45:35.415167,0,0,3,51.0
2026-03-05T04:45:36.423168,0,0,3,50.0
2026-03-05T04:45:37.430222,0,0,2,50.0
2026-03-05T04:45:38.435173,0,0,2,51.0
2026-03-05T04:45:40.436969,0,0,2,50.0
2026-03-05T04:46:44.623274,0,0,2,51.0
2026-03-05T04:46:45.629601,0,0,2,50.0
2026-03-05T04:46:46.635543,0,0,2,51.0
2026-03-05T04:46:47.642583,0,0,2,50.0
2026-03-05T04:46:48.647535,0,0,2,50.0
2026-03-05T04:46:49.654524,0,0,2,51.0
2026-03-05T04:46:50.660489,0,0,2,50.0
2026-03-05T04:46:51.667453,0,0,2,50.0
2026-03-05T04:46:52.674483,0,0,3,50.0
2026-03-05T04:46:53.679364,0,0,2,51.0
2026-03-05T04:46:54.686501,0,0,3,50.0
2026-03-05T04:46:55.692369,0,0,2,50.0
2026-03-05T04:46:56.699334,0,0,2,51.0
2026-03-05T04:46:57.704278,0,0,2,50.0
2026-03-05T04:46:58.711269,0,0,2,50.0
2026-03-05T04:46:59.717256,0,0,2,51.0
2026-03-05T04:47:00.724257,0,0,2,50.0
2026-03-05T04:47:01.731221,0,0,3,50.0
2026-03-05T04:47:03.733063,0,0,2,51.0
2026-03-05T04:47:38.635793,0,0,2,51.0
2026-03-05T04:48:04.391325,0,0,2,50.0
2026-03-05T04:48:06.874666,0,0,2,52.0
2026-03-05T04:48:07.881628,0,0,2,50.0
2026-03-05T04:48:08.885584,0,0,2,50.0
2026-03-05T04:48:10.886487,0,0,2,50.0
2026-03-05T04:48:10.899581,0,0,2,51.0
2026-03-05T04:48:11.906597,0,0,2,50.0
2026-03-05T04:48:12.912558,0,0,2,50.0
2026-03-05T04:48:23.631925,0,0,2,51.0
2026-03-05T04:48:24.638311,0,0,2,51.0
2026-03-05T04:48:25.642246,0,0,2,50.0
2026-03-05T04:48:27.644029,0,0,2,50.0
2026-03-05T04:48:27.656198,0,0,2,51.0
2026-03-05T04:48:28.663220,0,0,2,50.0
2026-03-05T04:48:30.665081,0,0,2,50.0
2026-03-05T04:48:30.676068,0,0,2,51.0
2026-03-05T04:48:31.683045,0,0,2,50.0
2026-03-05T04:48:32.688059,0,0,2,50.0
2026-03-05T04:48:33.695030,0,0,0,50.0
2026-03-05T04:48:34.700974,0,0,2,51.0
2026-03-05T04:48:35.707899,0,0,2,50.0
2026-03-05T04:48:36.712949,0,0,3,50.0
2026-03-05T04:48:37.719910,0,0,3,51.0
2026-03-05T04:48:38.725892,0,0,2,50.0
2026-03-05T04:48:39.732857,0,0,2,50.0
2026-03-05T04:48:40.738846,0,0,2,51.0
2026-03-05T04:48:41.744797,0,0,2,50.0
2026-03-05T04:48:42.751766,0,0,2,50.0
2026-03-05T04:48:43.757783,0,0,5,51.0
2026-03-05T04:48:44.764748,0,0,2,50.0
2026-03-05T04:48:45.769735,0,0,4,50.0
2026-03-05T04:48:46.776710,0,0,3,51.0
2026-03-05T04:48:47.783649,0,0,4,50.0
2026-03-05T04:48:48.789651,0,0,4,50.0
2026-03-05T04:48:49.795599,0,0,2,51.0
2026-03-05T04:48:50.801641,0,0,2,50.0
2026-03-05T04:48:51.808602,0,0,2,50.0
2026-03-05T04:48:52.814641,0,0,2,50.0
2026-03-05T04:48:54.816381,0,0,3,51.0
2026-03-05T04:49:39.389938,0,0,2,50.0
2026-03-05T04:49:41.873369,0,0,2,51.0
2026-03-05T04:49:42.880327,0,0,2,51.0
2026-03-05T04:49:43.883361,0,0,2,50.0
2026-03-05T04:49:45.885216,0,0,2,50.0
2026-03-05T04:49:45.898385,0,0,2,51.0
2026-03-05T04:49:46.905270,0,0,2,50.0
2026-03-05T04:49:47.911256,0,0,2,50.0
2026-03-05T04:49:48.918291,0,0,3,51.0
2026-03-05T04:49:49.925206,0,0,2,50.0
2026-03-05T04:49:50.930256,0,0,2,50.0
2026-03-05T04:49:51.936177,0,0,2,51.0
2026-03-05T04:49:53.937981,0,0,2,50.0
2026-03-05T04:50:05.673327,0,0,2,50.0
2026-03-05T04:50:08.156710,0,0,2,52.0
2026-03-05T04:50:09.163682,0,0,2,50.0
2026-03-05T04:50:10.169725,0,0,2,50.0
2026-03-05T04:50:12.170480,0,0,2,51.0
2026-03-05T04:50:12.181604,0,0,2,50.0
2026-03-05T04:50:14.182475,0,0,2,50.0
2026-03-05T04:50:14.194550,0,0,2,50.0
2026-03-05T04:50:15.201529,0,0,2,51.0
2026-03-05T04:50:16.208524,0,0,3,50.0
2026-03-05T04:50:17.213513,0,0,2,50.0
2026-03-05T04:50:18.220491,0,0,2,51.0
2026-03-05T04:50:19.226471,0,0,2,50.0
2026-03-05T04:50:20.233414,0,0,2,50.0
2026-03-05T04:50:21.238518,0,0,2,51.0
2026-03-05T04:50:22.245391,0,0,2,50.0
2026-03-05T04:50:23.251351,0,0,2,50.0
2026-03-05T04:50:24.258378,0,0,2,51.0
2026-03-05T04:50:25.264372,0,0,2,50.0
2026-03-05T04:50:26.270403,0,0,2,50.0
2026-03-05T04:50:27.277258,0,0,2,51.0
2026-03-05T04:50:28.282402,0,0,3,50.0
2026-03-05T04:50:38.717499,0,0,2,50.0
2026-03-05T04:50:41.200014,0,0,2,52.0
2026-03-05T04:50:42.207940,0,0,2,50.0
2026-03-05T04:50:44.209708,0,0,2,50.0
2026-03-05T04:50:44.220842,0,0,2,51.0
2026-03-05T04:50:45.225807,0,0,2,50.0
2026-03-05T04:50:46.232775,0,0,2,50.0
2026-03-05T04:50:47.238764,0,0,2,51.0
2026-03-05T04:50:48.245734,0,0,2,50.0
2026-03-05T04:50:49.252656,0,0,3,50.0
2026-03-05T04:50:50.257787,0,0,2,51.0
2026-03-05T04:50:51.264760,0,0,2,50.0
2026-03-05T04:50:52.270740,0,0,2,50.0
2026-03-05T04:50:53.277717,0,0,2,51.0
2026-03-05T04:50:54.282705,0,0,2,50.0
2026-03-05T04:50:56.284469,0,0,2,50.0
2026-03-05T04:50:56.295546,0,0,2,50.0
2026-03-05T04:50:57.302552,0,0,2,51.0
2026-03-05T04:50:58.308528,0,0,3,50.0
2026-03-05T04:50:59.314543,0,0,2,50.0
2026-03-05T04:51:00.321504,0,0,2,51.0
2026-03-05T04:51:01.325427,0,0,2,51.0
2026-03-05T04:51:02.334561,0,0,2,50.0
2026-03-05T04:51:03.339510,0,0,4,51.0
2026-03-05T04:51:04.346519,0,0,4,50.0
2026-03-05T04:51:05.353436,0,0,2,50.0
2026-03-05T04:51:07.355179,0,0,2,51.0
2026-03-05T04:51:07.365296,0,0,3,50.0
2026-03-05T04:51:08.371307,0,0,3,50.0
2026-03-05T04:51:09.378335,0,0,3,51.0
2026-03-05T04:51:10.384264,0,0,2,50.0
2026-03-05T04:51:11.391179,0,0,2,50.0
2026-03-05T04:51:12.396277,0,0,2,51.0
2026-03-05T04:51:14.398103,0,0,2,50.0
2026-03-05T04:51:33.368269,0,0,2,50.0
2026-03-05T04:51:34.374676,0,0,2,50.0
2026-03-05T04:51:35.378644,0,0,2,51.0
2026-03-05T04:51:36.386647,0,0,2,50.0
2026-03-05T04:51:37.392597,0,0,2,50.0
2026-03-05T04:51:38.399620,0,0,2,51.0
2026-03-05T04:51:39.406626,0,0,2,50.0
2026-03-05T04:51:40.411597,0,0,3,50.0
2026-03-05T04:51:41.418562,0,0,2,51.0
2026-03-05T04:51:42.424515,0,0,5,50.0
2026-03-05T04:51:43.431494,0,0,2,50.0
2026-03-05T04:51:44.436459,0,0,2,51.0
2026-03-05T04:51:45.443411,0,0,2,50.0
2026-03-05T04:51:46.449419,0,0,2,50.0
2026-03-05T04:51:47.456395,0,0,2,50.0
2026-03-05T04:51:48.463387,0,0,2,51.0
2026-03-05T04:51:49.468325,0,0,2,50.0
2026-03-05T04:51:50.475312,0,0,2,50.0
2026-03-05T04:51:51.481315,0,0,2,51.0
2026-03-05T04:51:52.488271,0,0,2,50.0
2026-03-05T04:51:54.490119,0,0,2,50.0
2026-03-05T04:51:54.500233,0,0,2,51.0
2026-03-05T04:51:55.507217,0,0,3,50.0
2026-03-05T04:51:56.513151,0,0,2,50.0
2026-03-05T04:51:57.520148,0,0,3,51.0
2026-03-05T04:51:58.525116,0,0,2,50.0
2026-03-05T04:51:59.532074,0,0,2,50.0
2026-03-05T04:52:01.533857,0,0,2,51.0
2026-03-05T04:52:01.545054,0,0,3,50.0
2026-03-05T04:52:02.550115,0,0,2,50.0
2026-03-05T04:52:03.557016,0,0,2,51.0
2026-03-05T04:52:04.563997,0,0,2,50.0
2026-03-05T04:52:05.569956,0,0,2,50.0
2026-03-05T04:52:06.575923,0,0,2,51.0
2026-03-05T04:52:07.581940,0,0,2,50.0
2026-03-05T04:52:08.588862,0,0,3,50.0
2026-03-05T04:52:09.594888,0,0,2,50.0
2026-03-05T04:52:10.601850,0,0,2,51.0
2026-03-05T04:52:11.607798,0,0,2,50.0
2026-03-05T04:52:12.613775,0,0,2,50.0
2026-03-05T04:52:14.615612,0,0,2,51.0
2026-03-05T04:52:14.626690,0,0,2,50.0
2026-03-05T04:52:15.632695,0,0,2,50.0
2026-03-05T04:52:16.638667,0,0,2,51.0
2026-03-05T04:52:17.645670,0,0,3,50.0
2026-03-05T04:52:18.651616,0,0,2,50.0
2026-03-05T04:52:19.657592,0,0,2,51.0
2026-03-05T04:52:20.664618,0,0,2,50.0
2026-03-05T04:52:21.670649,0,0,3,50.0
2026-03-05T04:52:23.672425,0,0,2,51.0
2026-03-05T04:52:23.683497,0,0,2,50.0
2026-03-05T04:52:24.689503,0,0,2,50.0
2026-03-05T04:52:25.695466,0,0,2,50.0
2026-03-05T04:52:26.702475,0,0,3,51.0
2026-03-05T04:52:27.709417,0,0,2,50.0
2026-03-05T04:52:28.714430,0,0,2,50.0
2026-03-05T04:52:29.721461,0,0,2,51.0
2026-03-05T04:52:30.727424,0,0,2,50.0
2026-03-05T04:52:31.734477,0,0,2,50.0
2026-03-05T04:52:32.740381,0,0,3,51.0
2026-03-05T04:52:33.746429,0,0,3,50.0
2026-03-05T04:52:34.752320,0,0,2,50.0
2026-03-05T04:52:35.759248,0,0,2,51.0
2026-03-05T04:52:36.766314,0,0,2,50.0
2026-03-05T04:52:37.771222,0,0,2,50.0
2026-03-05T04:52:38.778245,0,0,2,51.0
2026-03-05T04:52:39.784132,0,0,2,50.0
2026-03-05T04:52:40.791144,0,0,2,50.0
2026-03-05T04:52:41.796107,0,0,2,51.0
2026-03-05T04:52:43.797837,0,0,3,50.0
2026-03-05T04:53:26.535536,0,0,2,51.0
2026-03-05T04:53:29.018990,0,0,2,52.0
2026-03-05T04:53:30.025949,0,0,2,50.0
2026-03-05T04:53:31.031902,0,0,2,50.0
2026-03-05T04:53:32.038838,0,0,2,51.0
2026-03-05T04:53:34.040566,0,0,2,50.0
2026-03-05T04:53:34.050785,0,0,2,50.0
2026-03-05T04:53:35.056839,0,0,2,50.0
2026-03-05T04:53:36.063799,0,0,2,51.0
2026-03-05T04:53:37.070764,0,0,2,50.0
2026-03-05T04:53:38.075773,0,0,2,50.0
2026-03-05T04:53:39.082685,0,0,0,51.0
2026-03-05T04:53:41.084433,0,0,2,50.0
2026-03-05T04:53:41.095802,0,0,2,50.0
2026-03-05T04:53:42.100745,0,0,2,51.0
2026-03-05T04:53:43.107685,0,0,2,50.0
2026-03-05T04:53:44.113686,0,0,2,50.0
2026-03-05T04:53:45.120626,0,0,3,51.0
2026-03-05T04:53:46.126685,0,0,2,50.0
2026-03-05T04:53:48.128574,0,0,2,50.0
2026-03-05T04:53:48.139582,0,0,2,51.0
2026-03-05T04:53:49.145530,0,0,2,50.0
2026-03-05T04:53:50.151541,0,0,2,50.0
2026-03-05T04:53:51.157509,0,0,2,51.0
2026-03-05T04:53:52.164503,0,0,2,50.0
2026-03-05T04:53:53.171478,0,0,2,50.0
2026-03-05T04:53:54.177443,0,0,2,51.0
2026-03-05T04:53:56.179287,0,0,2,50.0
2026-03-05T04:53:56.189367,0,0,2,50.0
2026-03-05T04:53:57.196377,0,0,3,50.0
2026-03-05T04:53:58.202435,0,0,2,51.0
2026-03-05T04:53:59.208319,0,0,2,50.0
2026-03-05T04:54:00.214369,0,0,2,50.0
2026-03-05T04:54:01.221287,0,0,2,51.0
2026-03-05T04:54:02.228121,0,0,2,50.0
2026-03-05T04:54:03.234348,0,0,3,50.0
2026-03-05T04:54:04.240152,0,0,2,51.0
2026-03-05T04:54:05.246289,0,0,2,50.0
2026-03-05T04:54:06.253181,0,0,2,50.0
2026-03-05T04:54:08.254593,0,0,2,51.0
2026-03-05T04:54:08.265142,0,0,2,50.0
2026-03-05T04:54:09.272037,0,0,2,50.0
2026-03-05T04:54:10.278095,0,0,2,51.0
2026-03-05T04:54:11.284938,0,0,2,50.0
2026-03-05T04:54:12.290971,0,0,3,50.0
2026-03-05T04:54:13.296940,0,0,2,51.0
2026-03-05T04:54:14.302995,0,0,2,50.0
2026-03-05T04:54:15.309949,0,0,2,50.0
2026-03-05T04:54:16.315885,0,0,3,50.0
2026-03-05T04:54:17.321861,0,0,2,51.0
2026-03-05T04:54:18.328840,0,0,2,50.0
2026-03-05T04:54:19.334795,0,0,2,50.0
2026-03-05T04:54:20.341783,0,0,2,51.0
2026-03-05T04:54:21.346761,0,0,2,50.0
2026-03-05T04:54:22.353771,0,0,3,50.0
2026-03-05T04:54:23.359728,0,0,2,51.0
2026-03-05T04:54:24.366685,0,0,3,50.0
2026-03-05T04:54:25.373666,0,0,2,50.0
2026-03-05T04:54:26.378653,0,0,2,51.0
2026-03-05T04:54:27.385606,0,0,2,50.0
2026-03-05T04:54:28.390626,0,0,2,50.0
2026-03-05T04:54:29.398596,0,0,2,51.0
2026-03-05T04:54:30.403556,0,0,2,50.0
2026-03-05T04:54:31.410606,0,0,2,50.0
2026-03-05T04:54:32.416538,0,0,2,50.0
2026-03-05T04:54:33.423479,0,0,2,51.0
2026-03-05T04:54:34.430548,0,0,2,50.0
2026-03-05T04:54:35.433425,0,0,2,50.0
2026-03-05T04:54:36.442520,0,0,2,51.0
2026-03-05T04:54:37.448440,0,0,2,50.0
2026-03-05T04:54:38.455387,0,0,2,50.0
2026-03-05T04:54:39.460348,0,0,2,51.0
2026-03-05T04:54:40.467315,0,0,2,50.0
2026-03-05T04:54:41.474402,0,0,2,50.0
2026-03-05T04:54:42.479256,0,0,2,51.0
2026-03-05T04:54:43.484283,0,0,2,50.0
2026-03-05T04:54:44.492294,0,0,2,50.0
2026-03-05T04:54:45.499278,0,0,2,51.0
2026-03-05T04:54:46.505246,0,0,2,50.0
2026-03-05T04:54:47.512239,0,0,2,50.0
2026-03-05T04:54:49.514061,0,0,2,51.0
2026-03-05T04:54:49.524038,0,0,2,50.0
2026-03-05T04:54:50.531101,0,0,2,50.0
2026-03-05T04:54:51.537046,0,0,2,50.0
2026-03-05T04:54:52.543029,0,0,2,51.0
2026-03-05T04:54:53.549001,0,0,2,50.0
2026-03-05T04:54:54.553956,0,0,2,50.0
2026-03-05T04:54:55.562132,0,0,2,51.0
2026-03-05T04:54:56.569024,0,0,2,50.0
2026-03-05T04:54:57.574997,0,0,2,50.0
2026-03-05T04:54:59.576767,0,0,2,51.0
2026-03-05T04:55:09.138253,0,0,2,51.0
2026-03-05T04:55:11.621570,0,0,2,52.0
2026-03-05T04:55:12.628552,0,0,2,50.0
2026-03-05T04:55:13.632468,0,0,2,50.0
2026-03-05T04:55:15.634252,0,0,2,51.0
2026-03-05T04:55:15.646498,0,0,2,50.0
2026-03-05T04:55:16.653467,0,0,2,50.0
2026-03-05T04:55:17.659419,0,0,2,51.0
2026-03-05T04:55:18.666449,0,0,2,50.0
2026-03-05T04:55:19.673346,0,0,2,50.0
2026-03-05T04:55:20.678432,0,0,2,51.0
2026-03-05T04:55:21.684304,0,0,3,50.0
2026-03-05T04:55:22.691415,0,0,2,50.0
2026-03-05T04:55:23.698442,0,0,2,51.0
2026-03-05T04:55:25.700193,0,0,2,50.0
2026-03-05T04:55:25.710240,0,0,2,50.0
2026-03-05T04:55:26.716198,0,0,2,50.0
2026-03-05T04:55:27.723163,0,0,3,51.0
2026-03-05T04:55:28.729120,0,0,2,50.0
2026-03-05T04:55:29.735121,0,0,2,50.0
2026-03-05T04:55:30.742174,0,0,2,51.0
2026-03-05T04:55:31.748100,0,0,2,50.0
2026-03-05T04:55:32.755106,0,0,3,50.0
2026-03-05T04:55:33.760045,0,0,2,51.0
2026-03-05T04:55:34.767031,0,0,2,50.0
2026-03-05T04:55:35.774102,0,0,2,50.0
2026-03-05T04:55:36.779934,0,0,2,51.0
2026-03-05T04:55:37.785961,0,0,2,50.0
2026-03-05T04:55:38.791946,0,0,2,50.0
2026-03-05T04:55:39.798958,0,0,2,51.0
2026-03-05T04:55:40.804919,0,0,2,50.0
2026-03-05T04:55:41.810923,0,0,2,50.0
2026-03-05T04:55:42.816879,0,0,3,50.0
2026-03-05T04:55:43.823860,0,0,2,51.0
2026-03-05T04:55:44.830825,0,0,2,50.0
2026-03-05T04:55:45.836737,0,0,2,50.0
2026-03-05T04:55:46.842729,0,0,2,51.0
2026-03-05T04:55:47.848717,0,0,3,50.0
2026-03-05T04:55:48.855662,0,0,2,50.0
2026-03-05T04:55:49.861666,0,0,2,51.0
2026-03-05T04:55:50.867647,0,0,2,50.0
2026-03-05T04:55:51.874608,0,0,2,50.0
2026-03-05T04:55:52.880590,0,0,2,51.0
2026-03-05T04:55:53.887554,0,0,3,50.0
2026-03-05T04:55:54.891541,0,0,2,50.0
2026-03-05T04:55:55.899528,0,0,2,51.0
2026-03-05T04:55:56.905491,0,0,2,50.0
2026-03-05T04:55:57.912442,0,0,2,50.0
2026-03-05T04:55:58.918514,0,0,2,51.0
2026-03-05T04:55:59.924406,0,0,2,50.0
2026-03-05T04:56:00.931297,0,0,2,50.0
2026-03-05T04:56:01.937364,0,0,2,50.0
2026-03-05T04:56:02.944333,0,0,2,51.0
2026-03-05T04:56:03.949223,0,0,2,50.0
2026-03-05T04:56:04.956290,0,0,2,50.0
2026-03-05T04:56:34.140190,0,0,2,51.0
2026-03-05T04:56:36.623638,0,0,2,52.0
2026-03-05T04:56:37.630554,0,0,2,50.0
2026-03-05T04:56:38.634561,0,0,2,50.0
2026-03-05T04:56:40.636357,0,0,2,51.0
2026-03-05T04:56:40.648418,0,0,2,50.0
2026-03-05T04:56:41.655444,0,0,2,50.0
2026-03-05T04:56:42.661426,0,0,2,51.0
2026-03-05T04:56:43.668413,0,0,3,50.0
2026-03-05T04:56:44.675403,0,0,2,50.0
2026-03-05T04:56:45.679324,0,0,2,51.0
2026-03-05T04:56:47.681104,0,0,3,50.0
2026-03-05T04:56:47.693246,0,0,2,50.0
2026-03-05T04:56:48.700258,0,0,2,51.0
2026-03-05T04:56:49.704227,0,0,3,50.0
2026-03-05T04:56:50.712214,0,0,2,50.0
2026-03-05T04:56:51.718278,0,0,2,51.0
2026-03-05T04:56:52.724155,0,0,3,50.0
2026-03-05T04:56:54.725942,0,0,2,50.0
2026-03-05T04:56:54.737088,0,0,3,50.0
2026-03-05T04:56:55.744082,0,0,2,51.0
2026-03-05T04:56:56.750146,0,0,2,51.0
2026-03-05T04:56:57.757035,0,0,3,50.0
2026-03-05T04:56:58.762132,0,0,3,51.0
2026-03-05T04:56:59.768021,0,0,2,50.0
2026-03-05T04:57:00.776022,0,0,0,50.0
2026-03-05T04:57:01.782123,0,0,2,51.0
2026-03-05T04:57:03.783882,0,0,2,50.0
2026-03-05T04:57:03.793852,0,0,2,50.0
2026-03-05T04:57:04.800910,0,0,2,51.0
2026-03-05T04:57:05.806888,0,0,2,50.0
2026-03-05T04:57:06.812876,0,0,0,50.0
2026-03-05T04:57:07.818842,0,0,2,51.0
2026-03-05T04:57:08.825774,0,0,2,50.0
2026-03-05T04:57:09.832799,0,0,2,50.0
2026-03-05T04:57:10.838773,0,0,2,51.0
2026-03-05T04:57:11.844735,0,0,3,50.0
2026-03-05T04:57:12.850685,0,0,2,50.0
2026-03-05T04:57:13.857672,0,0,2,50.0
2026-03-05T04:57:24.499054,0,0,2,51.0
2026-03-05T04:57:26.982445,0,0,2,52.0
2026-03-05T04:57:27.989368,0,0,2,50.0
2026-03-05T04:57:28.995301,0,0,2,50.0
2026-03-05T04:57:30.002450,0,0,2,51.0
2026-03-05T04:57:31.007340,0,0,2,50.0
2026-03-05T04:57:32.014397,0,0,2,50.0
2026-03-05T04:57:33.020268,0,0,2,51.0
2026-03-05T04:57:34.026234,0,0,2,50.0
2026-03-05T04:57:35.034297,0,0,2,50.0
2026-03-05T04:57:36.039206,0,0,2,51.0
2026-03-05T04:57:37.045224,0,0,2,50.0
2026-03-05T04:57:39.047094,0,0,2,50.0
2026-03-05T04:58:00.373132,0,0,2,51.0
2026-03-05T04:58:01.379532,0,0,2,51.0
2026-03-05T04:58:02.383590,0,0,2,50.0
2026-03-05T04:58:03.392522,0,0,2,50.0
2026-03-05T04:58:04.397508,0,0,2,50.0
2026-03-05T04:58:05.404464,0,0,3,51.0
2026-03-05T04:58:06.410512,0,0,2,50.0
2026-03-05T04:58:07.417403,0,0,2,50.0
2026-03-05T04:58:08.424410,0,0,2,51.0
2026-03-05T04:58:09.427417,0,0,2,50.0
2026-03-05T04:58:11.429157,0,0,2,50.0
2026-03-05T04:58:11.442430,0,0,2,51.0
2026-03-05T04:58:12.449298,0,0,1,50.0
2026-03-05T04:58:13.454342,0,0,2,50.0
2026-03-05T04:58:14.461239,0,0,2,51.0
2026-03-05T04:58:15.467221,0,0,2,50.0
2026-03-05T04:58:16.474298,0,0,2,50.0
2026-03-05T04:58:17.480142,0,0,2,51.0
2026-03-05T04:58:18.486282,0,0,2,50.0
2026-03-05T04:58:19.493110,0,0,2,50.0
2026-03-05T04:58:20.499091,0,0,3,51.0
2026-03-05T04:58:21.506174,0,0,2,50.0
2026-03-05T04:58:22.511066,0,0,2,50.0
2026-03-05T04:58:23.518128,0,0,2,50.0
2026-03-05T04:58:24.523036,0,0,3,51.0
2026-03-05T04:58:26.524770,0,0,2,50.0
2026-03-05T04:59:04.869642,0,0,3,51.0
2026-03-05T04:59:05.876003,0,0,2,50.0
2026-03-05T04:59:06.882086,0,0,2,51.0
2026-03-05T04:59:07.888974,0,0,2,50.0
2026-03-05T04:59:08.893981,0,0,3,50.0
2026-03-05T04:59:09.900957,0,0,2,51.0
2026-03-05T04:59:10.906973,0,0,2,50.0
2026-03-05T04:59:11.913929,0,0,2,50.0
2026-03-05T04:59:12.920906,0,0,2,51.0
2026-03-05T04:59:13.923914,0,0,2,50.0
2026-03-05T04:59:14.932943,0,0,2,50.0
2026-03-05T04:59:15.938843,0,0,2,50.0
2026-03-05T04:59:16.945822,0,0,2,51.0
2026-03-05T04:59:17.950830,0,0,2,50.0
2026-03-05T04:59:18.957742,0,0,2,50.0
2026-03-05T04:59:19.963761,0,0,2,51.0
2026-03-05T04:59:20.970688,0,0,2,50.0
2026-03-05T04:59:21.976661,0,0,2,50.0
2026-03-05T04:59:22.982669,0,0,0,51.0
2026-03-05T04:59:23.989624,0,0,2,50.0
2026-03-05T04:59:24.995675,0,0,2,50.0
2026-03-05T04:59:26.997529,0,0,5,51.0
2026-03-05T04:59:27.007547,0,0,2,50.0
2026-03-05T04:59:28.014541,0,0,3,50.0
2026-03-05T04:59:29.021467,0,0,2,51.0
2026-03-05T04:59:30.027444,0,0,2,50.0
2026-03-05T04:59:31.033436,0,0,3,50.0
2026-03-05T04:59:32.039400,0,0,3,51.0
2026-03-05T04:59:33.046459,0,0,2,50.0
2026-03-05T04:59:34.052454,0,0,2,50.0
2026-03-05T04:59:36.054303,0,0,2,50.0
2026-03-05T04:59:36.063245,0,0,2,51.0
2026-03-05T04:59:37.071290,0,0,2,50.0
2026-03-05T04:59:38.078347,0,0,2,50.0
2026-03-05T04:59:39.084230,0,0,2,51.0
2026-03-05T04:59:40.090321,0,0,2,50.0
2026-03-05T04:59:41.096223,0,0,2,50.0
2026-03-05T04:59:42.103245,0,0,2,51.0
2026-03-05T04:59:43.109209,0,0,2,50.0
2026-03-05T04:59:44.115159,0,0,2,50.0
2026-03-05T04:59:45.122212,0,0,2,51.0
2026-03-05T04:59:46.128095,0,0,2,50.0
2026-03-05T04:59:47.135077,0,0,2,50.0
2026-03-05T04:59:48.141040,0,0,2,51.0
2026-03-05T04:59:49.147050,0,0,2,50.0
2026-03-05T04:59:50.152963,0,0,2,50.0
2026-03-05T04:59:51.159949,0,0,2,51.0
2026-03-05T04:59:52.165899,0,0,2,50.0
2026-03-05T04:59:53.171904,0,0,3,50.0
2026-03-05T04:59:54.178896,0,0,2,50.0
2026-03-05T04:59:55.182865,0,0,3,51.0
2026-03-05T04:59:56.191861,0,0,2,50.0
2026-03-05T04:59:57.196849,0,0,2,50.0
2026-03-05T04:59:58.203817,0,0,2,51.0
2026-03-05T04:59:59.209801,0,0,2,50.0
2026-03-05T05:00:00.216664,0,0,2,50.0
2026-03-05T05:00:01.223774,0,0,2,51.0
2026-03-05T05:00:02.228708,0,0,2,50.0
2026-03-05T05:00:04.230530,0,0,2,50.0
2026-03-05T05:00:04.241697,0,0,2,51.0
2026-03-05T05:00:05.248650,0,0,3,50.0
2026-03-05T05:00:06.252642,0,0,2,50.0
2026-03-05T05:00:07.260619,0,0,2,51.0
2026-03-05T05:00:08.266615,0,0,2,50.0
2026-03-05T05:00:09.273502,0,0,2,50.0
2026-03-05T05:00:10.279657,0,0,2,51.0
2026-03-05T05:00:11.285606,0,0,2,50.0
2026-03-05T05:00:12.292597,0,0,2,50.0
2026-03-05T05:00:14.294459,0,0,2,50.0
2026-03-05T05:00:14.304443,0,0,2,51.0
2026-03-05T05:00:15.310494,0,0,2,50.0
2026-03-05T05:00:16.317412,0,0,2,50.0
2026-03-05T05:00:17.324375,0,0,3,51.0
2026-03-05T05:00:18.330440,0,0,2,50.0
2026-03-05T05:00:19.336305,0,0,2,50.0
2026-03-05T05:00:20.342471,0,0,3,51.0
2026-03-05T05:00:21.349267,0,0,2,50.0
2026-03-05T05:00:22.355267,0,0,2,50.0
2026-03-05T05:00:23.362300,0,0,2,51.0
2026-03-05T05:00:24.367165,0,0,3,50.0
2026-03-05T05:00:25.374313,0,0,3,50.0
2026-03-05T05:00:26.379164,0,0,3,51.0
2026-03-05T05:00:27.386254,0,0,2,50.0
2026-03-05T05:00:28.393122,0,0,3,50.0
2026-03-05T05:00:29.399092,0,0,4,50.0
2026-03-05T05:00:30.406151,0,0,1,51.0
2026-03-05T05:00:31.411058,0,0,2,50.0
2026-03-05T05:00:32.418084,0,0,2,50.0
2026-03-05T05:00:33.423043,0,0,2,51.0
2026-03-05T05:00:34.430935,0,0,2,50.0
2026-03-05T05:00:35.437910,0,0,2,50.0
2026-03-05T05:00:36.443903,0,0,2,51.0
2026-03-05T05:00:37.449923,0,0,2,50.0
2026-03-05T05:00:38.455928,0,0,2,50.0
2026-03-05T05:00:39.462891,0,0,2,51.0
2026-03-05T05:00:40.468843,0,0,2,50.0
2026-03-05T05:00:41.474812,0,0,2,50.0
2026-03-05T05:00:42.481769,0,0,2,51.0
2026-03-05T05:00:44.483887,0,0,1,50.0
2026-03-05T05:00:44.493731,0,0,2,50.0
2026-03-05T05:00:45.499714,0,0,2,51.0
2026-03-05T05:00:46.506669,0,0,2,50.0
2026-03-05T05:00:47.512647,0,0,2,50.0
2026-03-05T05:00:48.519624,0,0,2,51.0
2026-03-05T05:00:49.525542,0,0,2,50.0
2026-03-05T05:00:51.526484,0,0,2,50.0
2026-03-05T05:00:51.538620,0,0,2,50.0
2026-03-05T05:00:52.544614,0,0,2,51.0
2026-03-05T05:00:53.551599,0,0,2,50.0
2026-03-05T05:00:54.556512,0,0,2,50.0
2026-03-05T05:02:04.406409,0,0,2,50.0
2026-03-05T05:02:06.889765,0,0,2,51.0
2026-03-05T05:02:07.896770,0,0,3,50.0
2026-03-05T05:02:08.902717,0,0,2,51.0
2026-03-05T05:02:09.909753,0,0,2,50.0
2026-03-05T05:02:11.911632,0,0,2,50.0
2026-03-05T05:02:11.921535,0,0,2,51.0
2026-03-05T05:02:12.927598,0,0,2,50.0
2026-03-05T05:02:13.934598,0,0,2,50.0
2026-03-05T05:02:14.940654,0,0,2,51.0
2026-03-05T05:02:15.946539,0,0,2,50.0
2026-03-05T05:02:16.953543,0,0,2,50.0
2026-03-05T05:02:17.959526,0,0,2,50.0
2026-03-05T05:02:18.966563,0,0,2,51.0
2026-03-05T05:02:19.971456,0,0,2,50.0
2026-03-05T05:02:20.978514,0,0,2,50.0
2026-03-05T05:02:21.984407,0,0,2,51.0
2026-03-05T05:02:22.991381,0,0,2,50.0
2026-03-05T05:02:23.997272,0,0,2,50.0
2026-03-05T05:02:25.002450,0,0,2,51.0
2026-03-05T05:02:26.010424,0,0,2,50.0
2026-03-05T05:02:28.012153,0,0,2,50.0
2026-03-05T05:02:28.023185,0,0,3,51.0
2026-03-05T05:02:29.028198,0,0,2,50.0
2026-03-05T05:02:30.035180,0,0,1,50.0
2026-03-05T05:02:31.042256,0,0,2,51.0
2026-03-05T05:02:32.048122,0,0,0,50.0
2026-03-05T05:02:33.054191,0,0,3,50.0
2026-03-05T05:02:35.055977,0,0,2,51.0
2026-03-05T05:02:35.066152,0,0,2,50.0
2026-03-05T05:02:36.073031,0,0,2,50.0
2026-03-05T05:02:37.079003,0,0,2,50.0
2026-03-05T05:02:38.084958,0,0,2,51.0
2026-03-05T05:02:39.091980,0,0,3,50.0
2026-03-05T05:02:40.098905,0,0,2,50.0
2026-03-05T05:02:42.100671,0,0,2,51.0
2026-03-05T05:02:42.109827,0,0,2,50.0
2026-03-05T05:02:43.116892,0,0,2,50.0
2026-03-05T05:02:44.123835,0,0,2,51.0
2026-03-05T05:02:45.129842,0,0,2,50.0
2026-03-05T05:02:46.135819,0,0,2,50.0
2026-03-05T05:02:47.142858,0,0,2,51.0
2026-03-05T05:02:49.144648,0,0,2,50.0
2026-03-05T05:02:49.155840,0,0,2,50.0
2026-03-05T05:02:50.160774,0,0,2,51.0
2026-03-05T05:02:51.167751,0,0,2,50.0
2026-03-05T05:02:52.173715,0,0,2,50.0
2026-03-05T05:02:53.180696,0,0,3,51.0
2026-03-05T05:02:54.186638,0,0,3,50.0
2026-03-05T05:02:55.192664,0,0,2,50.0
2026-03-05T05:02:56.199656,0,0,2,50.0
2026-03-05T05:02:57.205583,0,0,2,51.0
2026-03-05T05:02:58.212562,0,0,2,50.0
2026-03-05T05:02:59.217524,0,0,2,50.0
2026-03-05T05:03:00.224503,0,0,2,51.0
2026-03-05T05:03:01.230544,0,0,2,50.0
2026-03-05T05:03:02.237515,0,0,2,50.0
2026-03-05T05:03:03.244458,0,0,2,51.0
2026-03-05T05:03:04.249427,0,0,2,50.0
2026-03-05T05:03:05.256420,0,0,2,50.0
2026-03-05T05:03:06.262451,0,0,2,51.0
2026-03-05T05:03:07.269360,0,0,2,50.0
2026-03-05T05:03:08.274413,0,0,2,50.0
2026-03-05T05:03:09.281286,0,0,2,51.0
2026-03-05T05:03:10.287322,0,0,2,50.0
2026-03-05T05:03:11.294386,0,0,2,50.0
2026-03-05T05:03:12.301270,0,0,2,51.0
2026-03-05T05:03:13.306309,0,0,2,50.0
2026-03-05T05:03:14.313204,0,0,2,50.0
2026-03-05T05:03:15.319189,0,0,2,50.0
2026-03-05T05:03:16.326242,0,0,2,51.0
2026-03-05T05:03:17.330221,0,0,2,50.0
2026-03-05T05:03:18.338206,0,0,2,50.0
2026-03-05T05:03:19.345124,0,0,3,51.0
2026-03-05T05:03:21.346865,0,0,2,50.0
2026-03-05T05:03:21.357024,0,0,3,50.0
2026-03-05T05:03:22.363063,0,0,2,51.0
2026-03-05T05:03:24.364797,0,0,2,50.0
2026-03-05T05:03:24.375865,0,0,2,50.0
2026-03-05T05:03:25.382875,0,0,2,51.0
2026-03-05T05:03:26.386840,0,0,2,50.0
2026-03-05T05:03:27.394829,0,0,1,50.0
2026-03-05T05:03:28.401795,0,0,2,51.0
2026-03-05T05:03:29.407750,0,0,2,50.0
2026-03-05T05:03:31.409506,0,0,2,50.0
2026-03-05T05:03:31.419663,0,0,3,50.0
2026-03-05T05:03:32.426713,0,0,2,51.0
2026-03-05T05:03:33.432687,0,0,2,50.0
2026-03-05T05:03:34.438629,0,0,2,50.0
2026-03-05T05:03:35.445605,0,0,2,51.0
2026-03-05T05:03:36.451537,0,0,2,50.0
2026-03-05T05:03:38.453284,0,0,2,50.0
2026-03-05T05:03:38.464486,0,0,2,51.0
2026-03-05T05:03:39.470553,0,0,2,50.0
2026-03-05T05:03:40.476514,0,0,3,50.0
2026-03-05T05:03:41.483490,0,0,2,51.0
2026-03-05T05:03:42.489476,0,0,2,50.0
2026-03-05T05:03:43.495455,0,0,2,50.0
2026-03-05T05:03:44.502563,0,0,2,51.0
2026-03-05T05:03:45.508436,0,0,2,50.0
2026-03-05T05:03:46.515401,0,0,2,50.0
2026-03-05T05:03:47.521317,0,0,3,51.0
2026-03-05T05:03:48.527338,0,0,2,50.0
2026-03-05T05:03:49.533290,0,0,2,50.0
2026-03-05T05:03:50.540284,0,0,2,50.0
2026-03-05T05:03:51.546638,0,0,2,51.0
2026-03-05T05:03:53.548496,0,0,3,50.0
2026-03-05T05:03:53.559127,0,0,2,50.0
2026-03-05T05:03:54.565174,0,0,2,51.0
2026-03-05T05:03:55.572123,0,0,2,50.0
2026-03-05T05:03:56.577131,0,0,2,50.0
2026-03-05T05:03:57.584108,0,0,3,51.0
2026-03-05T05:03:58.590127,0,0,2,50.0
2026-03-05T05:04:00.591897,0,0,2,50.0
2026-03-05T05:04:00.603956,0,0,2,51.0
2026-03-05T05:04:01.608994,0,0,2,50.0
2026-03-05T05:04:02.615984,0,0,2,50.0
2026-03-05T05:04:03.621959,0,0,2,51.0
2026-03-05T05:04:04.628932,0,0,2,50.0
2026-03-05T05:04:05.633938,0,0,2,50.0
2026-03-05T05:04:07.635782,0,0,2,51.0
2026-03-05T05:04:07.647889,0,0,2,50.0
2026-03-05T05:04:08.653833,0,0,2,50.0
2026-03-05T05:04:09.659813,0,0,2,50.0
2026-03-05T05:04:10.665789,0,0,2,51.0
2026-03-05T05:04:11.672769,0,0,2,50.0
2026-03-05T05:04:12.678686,0,0,5,50.0
2026-03-05T05:04:14.680429,0,0,2,51.0
2026-03-05T05:04:14.690769,0,0,2,50.0
2026-03-05T05:04:16.692509,0,0,2,50.0
2026-03-05T05:04:16.704613,0,0,2,51.0
2026-03-05T05:04:17.710637,0,0,2,50.0
2026-03-05T05:04:18.717597,0,0,2,50.0
2026-03-05T05:04:19.722564,0,0,2,51.0
2026-03-05T05:04:20.729566,0,0,2,50.0
2026-03-05T05:04:21.735570,0,0,1,50.0
2026-03-05T05:04:22.742603,0,0,2,51.0
2026-03-05T05:04:23.748517,0,0,2,50.0
2026-03-05T05:04:24.753478,0,0,3,50.0
2026-03-05T05:04:25.761451,0,0,2,51.0
2026-03-05T05:04:26.766678,0,0,2,50.0
2026-03-05T05:04:27.773438,0,0,2,50.0
2026-03-05T05:04:28.779408,0,0,2,50.0
2026-03-05T05:04:29.786502,0,0,2,51.0
2026-03-05T05:04:30.792359,0,0,2,50.0
2026-03-05T05:04:31.799346,0,0,2,50.0
2026-03-05T05:04:32.805320,0,0,2,51.0
2026-03-05T05:04:33.811284,0,0,2,50.0
2026-03-05T05:04:34.818367,0,0,2,50.0
2026-03-05T05:04:35.824208,0,0,2,51.0
2026-03-05T05:04:37.826106,0,0,2,50.0
2026-03-05T05:05:21.389657,0,0,2,50.0
2026-03-05T05:05:23.873034,0,0,2,51.0
2026-03-05T05:05:24.880013,0,0,2,50.0
2026-03-05T05:05:25.886097,0,0,3,51.0
2026-03-05T05:05:26.893030,0,0,2,50.0
2026-03-05T05:05:27.897987,0,0,2,50.0
2026-03-05T05:05:28.904963,0,0,2,51.0
2026-03-05T05:05:29.910935,0,0,4,50.0
2026-03-05T05:05:30.917912,0,0,2,50.0
2026-03-05T05:05:31.924772,0,0,2,51.0
2026-03-05T05:05:32.929884,0,0,2,50.0
2026-03-05T05:05:33.936848,0,0,2,50.0
2026-03-05T05:05:34.942822,0,0,2,51.0
2026-03-05T05:05:35.949791,0,0,3,50.0
2026-03-05T05:05:36.954806,0,0,2,50.0
2026-03-05T05:05:37.961760,0,0,2,51.0
2026-03-05T05:05:38.967738,0,0,2,50.0
2026-03-05T05:05:39.974630,0,0,2,50.0
2026-03-05T05:05:41.976425,0,0,2,51.0
2026-03-05T05:05:41.986607,0,0,2,50.0
2026-03-05T05:05:42.993655,0,0,2,50.0
2026-03-05T05:05:43.999600,0,0,2,50.0
2026-03-05T05:05:45.006603,0,0,2,51.0
2026-03-05T05:05:46.011580,0,0,2,50.0
2026-03-05T05:05:47.018600,0,0,3,50.0
2026-03-05T05:05:48.025545,0,0,2,51.0
2026-03-05T05:05:49.031492,0,0,2,50.0
2026-03-05T05:05:50.037477,0,0,2,50.0
2026-03-05T05:05:51.043472,0,0,2,51.0
2026-03-05T05:05:52.050527,0,0,2,50.0
2026-03-05T05:05:53.056435,0,0,3,50.0
2026-03-05T05:05:54.061348,0,0,2,51.0
2026-03-05T05:05:55.068359,0,0,3,50.0
2026-03-05T05:05:56.075348,0,0,2,50.0
2026-03-05T05:05:57.082405,0,0,2,51.0
2026-03-05T05:05:58.088284,0,0,2,50.0
2026-03-05T05:05:59.094358,0,0,2,50.0
2026-03-05T05:06:00.100234,0,0,2,50.0
2026-03-05T05:06:01.107217,0,0,2,51.0
2026-03-05T05:06:02.113209,0,0,2,50.0
2026-03-05T05:06:03.119180,0,0,2,50.0
2026-03-05T05:06:04.126223,0,0,2,51.0
2026-03-05T05:06:05.131995,0,0,2,50.0
2026-03-05T05:06:06.139086,0,0,2,50.0
2026-03-05T05:06:07.144051,0,0,2,51.0
2026-03-05T05:06:08.148984,0,0,2,50.0
2026-03-05T05:06:10.150772,0,0,2,50.0
2026-03-05T05:06:10.163985,0,0,2,51.0
2026-03-05T05:06:11.169954,0,0,2,50.0
2026-03-05T05:06:12.175927,0,0,2,50.0
2026-03-05T05:06:13.182822,0,0,2,51.0
2026-03-05T05:06:14.188901,0,0,2,50.0
2026-03-05T05:06:15.193863,0,0,2,50.0
2026-03-05T05:06:17.195662,0,0,2,51.0
2026-03-05T05:06:17.207780,0,0,2,50.0
2026-03-05T05:06:18.213752,0,0,3,50.0
2026-03-05T05:06:19.220760,0,0,2,50.0
2026-03-05T05:06:20.227725,0,0,2,51.0
2026-03-05T05:06:21.232684,0,0,3,50.0
2026-03-05T05:06:22.239688,0,0,2,50.0
2026-03-05T05:06:24.241507,0,0,2,51.0
2026-03-05T05:06:24.252568,0,0,2,50.0
2026-03-05T05:06:25.257608,0,0,2,50.0
2026-03-05T05:06:26.264580,0,0,3,51.0
2026-03-05T05:06:27.270592,0,0,2,50.0
2026-03-05T05:06:28.277517,0,0,3,50.0
2026-03-05T05:06:29.284515,0,0,2,51.0
2026-03-05T05:06:30.289514,0,0,2,50.0
2026-03-05T05:06:31.296469,0,0,2,50.0
2026-03-05T05:06:32.302475,0,0,2,51.0
2026-03-05T05:06:33.309417,0,0,3,50.0
2026-03-05T05:06:34.314444,0,0,2,50.0
2026-03-05T05:06:35.321352,0,0,2,51.0
2026-03-05T05:06:36.328319,0,0,2,50.0
2026-03-05T05:06:37.334421,0,0,2,50.0
2026-03-05T05:06:38.340302,0,0,2,50.0
2026-03-05T05:06:39.346336,0,0,2,51.0
2026-03-05T05:06:40.353268,0,0,2,50.0
2026-03-05T05:06:41.359233,0,0,2,50.0
2026-03-05T05:06:42.366298,0,0,2,51.0
2026-03-05T05:06:43.371205,0,0,2,50.0
2026-03-05T05:06:44.378379,0,0,2,50.0
2026-03-05T05:06:45.385153,0,0,2,51.0
2026-03-05T05:06:46.390666,0,0,2,50.0
2026-03-05T05:06:47.397095,0,0,2,50.0
2026-03-05T05:06:48.403104,0,0,2,51.0
2026-03-05T05:06:49.410237,0,0,2,50.0
2026-03-05T05:06:50.415971,0,0,3,50.0
2026-03-05T05:06:52.417744,0,0,2,51.0
2026-03-05T05:06:52.428970,0,0,2,50.0
2026-03-05T05:06:53.434949,0,0,2,50.0
2026-03-05T05:06:54.441954,0,0,2,51.0
2026-03-05T05:06:55.447934,0,0,2,50.0
2026-03-05T05:06:56.453889,0,0,2,50.0
2026-03-05T05:06:57.459795,0,0,2,50.0
2026-03-05T05:06:59.461580,0,0,2,51.0
2026-03-05T05:06:59.472808,0,0,2,50.0
2026-03-05T05:07:00.478865,0,0,3,50.0
2026-03-05T05:07:01.485820,0,0,2,51.0
2026-03-05T05:07:02.491805,0,0,2,50.0
2026-03-05T05:07:03.498771,0,0,2,50.0
2026-03-05T05:07:04.504727,0,0,4,51.0
2026-03-05T05:07:06.506508,0,0,2,50.0
2026-03-05T05:07:06.516575,0,0,2,50.0
2026-03-05T05:07:07.523598,0,0,2,51.0
2026-03-05T05:07:08.530617,0,0,3,50.0
2026-03-05T05:07:09.535572,0,0,2,50.0
2026-03-05T05:07:10.542572,0,0,2,51.0
2026-03-05T05:07:11.548529,0,0,2,50.0
2026-03-05T05:07:12.555425,0,0,2,50.0
2026-03-05T05:07:14.557203,0,0,2,50.0
2026-03-05T05:07:14.567426,0,0,2,51.0
2026-03-05T05:07:15.573448,0,0,2,50.0
2026-03-05T05:07:16.580391,0,0,2,50.0
2026-03-05T05:07:17.587373,0,0,2,51.0
2026-03-05T05:07:18.592377,0,0,2,50.0
2026-03-05T05:07:19.599332,0,0,2,50.0
2026-03-05T05:07:20.605328,0,0,2,51.0
2026-03-05T05:07:21.612262,0,0,2,50.0
2026-03-05T05:07:22.617254,0,0,2,50.0
2026-03-05T05:07:23.624246,0,0,3,51.0
2026-03-05T05:07:24.631202,0,0,2,50.0
2026-03-05T05:07:25.637191,0,0,2,50.0
2026-03-05T05:07:26.643085,0,0,2,51.0
2026-03-05T05:07:28.644860,0,0,2,50.0
2026-03-05T05:07:28.656138,0,0,2,50.0
2026-03-05T05:07:29.661044,0,0,3,51.0
2026-03-05T05:07:30.669015,0,0,2,50.0
2026-03-05T05:07:31.673989,0,0,3,50.0
2026-03-05T05:07:32.680986,0,0,2,50.0
2026-03-05T05:07:33.687906,0,0,2,51.0
2026-03-05T05:07:35.689647,0,0,2,50.0
2026-03-05T05:07:35.699941,0,0,2,50.0
2026-03-05T05:07:37.701711,0,0,2,51.0
2026-03-05T05:08:21.388402,0,0,2,50.0
2026-03-05T05:08:23.871816,0,0,2,51.0
2026-03-05T05:08:24.878762,0,0,2,50.0
2026-03-05T05:08:25.882757,0,0,2,51.0
2026-03-05T05:08:27.884539,0,0,2,50.0
2026-03-05T05:08:27.896647,0,0,2,50.0
2026-03-05T05:08:28.903673,0,0,2,51.0
2026-03-05T05:08:29.909675,0,0,2,50.0
2026-03-05T05:08:30.916626,0,0,3,50.0
2026-03-05T05:08:31.923622,0,0,2,51.0
2026-03-05T05:08:32.926668,0,0,2,50.0
2026-03-05T05:08:34.928416,0,0,2,50.0
2026-03-05T05:08:34.941467,0,0,2,50.0
2026-03-05T05:09:03.122769,0,0,2,52.0
2026-03-05T05:09:04.128854,0,0,2,50.0
2026-03-05T05:09:05.134901,0,0,2,50.0
2026-03-05T05:09:07.136714,0,0,2,50.0
2026-03-05T05:09:26.142137,0,0,2,50.0
2026-03-05T05:09:28.625274,0,0,3,52.0
2026-03-05T05:09:29.632251,0,0,2,50.0
2026-03-05T05:09:30.638366,0,0,2,50.0
2026-03-05T05:09:32.640316,0,0,2,51.0
2026-03-05T05:09:32.650229,0,0,2,50.0
2026-03-05T05:09:33.657193,0,0,2,50.0
2026-03-05T05:09:34.663178,0,0,2,51.0
2026-03-05T05:09:35.670221,0,0,2,50.0
2026-03-05T05:09:36.677126,0,0,2,50.0
2026-03-05T05:09:37.682225,0,0,2,51.0
2026-03-05T05:09:38.689066,0,0,2,50.0
2026-03-05T05:09:40.690920,0,0,3,50.0
2026-03-05T05:11:23.646508,0,0,2,51.0
2026-03-05T05:11:35.638812,0,0,2,50.0
2026-03-05T05:11:38.122201,0,0,2,51.0
2026-03-05T05:11:39.129234,0,0,2,51.0
2026-03-05T05:11:40.135212,0,0,2,50.0
2026-03-05T05:11:41.142244,0,0,2,50.0
2026-03-05T05:11:42.147124,0,0,2,51.0
2026-03-05T05:11:43.154183,0,0,2,50.0
2026-03-05T05:11:44.160073,0,0,2,50.0
2026-03-05T05:11:45.167038,0,0,3,51.0
2026-03-05T05:11:46.173922,0,0,3,50.0
2026-03-05T05:11:47.178954,0,0,2,50.0
2026-03-05T05:11:48.185923,0,0,2,51.0
2026-03-05T05:11:49.191896,0,0,2,50.0
2026-03-05T05:11:50.198872,0,0,1,50.0
2026-03-05T05:11:51.203856,0,0,2,51.0
2026-03-05T05:11:53.205609,0,0,2,50.0
2026-03-05T05:11:53.216799,0,0,2,50.0
2026-03-05T05:11:54.223813,0,0,3,51.0
2026-03-05T05:11:55.229788,0,0,2,50.0
2026-03-05T05:11:56.234721,0,0,2,50.0
2026-03-05T05:11:57.242750,0,0,2,50.0
2026-03-05T05:11:58.248675,0,0,2,51.0
2026-03-05T05:12:00.250464,0,0,2,50.0
2026-03-05T05:12:00.260629,0,0,2,50.0
2026-03-05T05:12:01.267633,0,0,0,51.0
2026-03-05T05:12:02.274608,0,0,2,50.0
2026-03-05T05:12:03.280592,0,0,2,50.0
2026-03-05T05:12:04.286531,0,0,2,51.0
2026-03-05T05:12:05.292511,0,0,2,50.0
2026-03-05T05:12:07.294351,0,0,2,50.0
2026-03-05T05:12:07.304426,0,0,2,51.0
2026-03-05T05:12:08.312431,0,0,2,50.0
2026-03-05T05:12:09.317420,0,0,2,50.0
2026-03-05T05:12:10.324355,0,0,2,51.0
2026-03-05T05:12:11.331374,0,0,2,50.0
2026-03-05T05:12:12.337303,0,0,2,50.0
2026-03-05T05:12:14.338496,0,0,2,51.0
2026-03-05T05:12:14.349255,0,0,3,50.0
2026-03-05T05:12:15.356274,0,0,2,50.0
2026-03-05T05:12:16.362354,0,0,3,50.0
2026-03-05T05:12:17.368233,0,0,2,51.0
2026-03-05T05:12:18.375272,0,0,0,50.0
2026-03-05T05:12:19.381134,0,0,2,50.0
2026-03-05T05:12:20.387174,0,0,3,51.0
2026-03-05T05:12:21.394248,0,0,2,50.0
2026-03-05T05:12:22.400124,0,0,3,50.0
2026-03-05T05:12:23.406190,0,0,2,51.0
2026-03-05T05:12:24.413090,0,0,2,50.0
2026-03-05T05:12:25.419070,0,0,2,50.0
2026-03-05T05:12:26.425009,0,0,2,51.0
2026-03-05T05:12:27.432003,0,0,2,50.0
2026-03-05T05:12:28.438085,0,0,3,50.0
2026-03-05T05:12:29.444932,0,0,2,51.0
2026-03-05T05:12:30.450915,0,0,2,50.0
2026-03-05T05:12:31.456885,0,0,2,50.0
2026-03-05T05:12:32.462869,0,0,2,50.0
2026-03-05T05:12:33.469839,0,0,2,51.0
2026-03-05T05:12:34.476854,0,0,2,50.0
2026-03-05T05:12:35.481838,0,0,2,50.0
2026-03-05T05:12:36.488776,0,0,2,51.0
2026-03-05T05:12:37.494755,0,0,2,50.0
2026-03-05T05:12:38.501708,0,0,2,50.0
2026-03-05T05:12:39.506705,0,0,2,51.0
2026-03-05T05:12:40.513666,0,0,2,50.0
2026-03-05T05:12:41.519680,0,0,3,50.0
2026-03-05T05:13:15.547400,0,0,2,51.0
2026-03-05T05:13:18.030789,0,0,2,51.0
2026-03-05T05:13:19.037780,0,0,3,50.0
2026-03-05T05:13:20.043762,0,0,2,51.0
2026-03-05T05:13:21.050710,0,0,2,50.0
2026-03-05T05:13:22.055721,0,0,3,50.0
2026-03-05T05:13:23.062680,0,0,3,50.0
2026-03-05T05:13:24.068676,0,0,3,51.0
2026-03-05T05:13:25.075623,0,0,2,50.0
2026-03-05T05:13:26.082601,0,0,2,50.0
2026-03-05T05:13:27.087565,0,0,3,51.0
2026-03-05T05:13:28.094533,0,0,3,50.0
2026-03-05T05:13:29.100521,0,0,2,50.0
2026-03-05T05:13:30.107528,0,0,2,51.0
2026-03-05T05:13:31.112508,0,0,2,50.0
2026-03-05T05:13:32.118596,0,0,2,50.0
2026-03-05T05:13:33.125418,0,0,2,51.0
2026-03-05T05:13:34.132378,0,0,2,50.0
2026-03-05T05:13:35.139374,0,0,1,50.0
2026-03-05T05:13:36.144336,0,0,2,51.0
2026-03-05T05:13:37.149280,0,0,2,50.0
2026-03-05T05:13:38.157386,0,0,2,50.0
2026-03-05T05:13:39.164286,0,0,2,51.0
2026-03-05T05:13:40.169262,0,0,3,50.0
2026-03-05T05:13:41.176236,0,0,0,50.0
2026-03-05T05:14:25.055117,0,0,2,50.0
2026-03-05T05:14:27.539143,0,0,3,51.0
2026-03-05T05:14:28.545096,0,0,2,51.0
2026-03-05T05:14:29.551064,0,0,2,50.0
2026-03-05T05:14:30.558188,0,0,2,50.0
2026-03-05T05:14:31.564093,0,0,2,50.0
2026-03-05T05:14:32.570192,0,0,2,51.0
2026-03-05T05:14:33.576029,0,0,2,50.0
2026-03-05T05:14:34.583001,0,0,2,50.0
2026-03-05T05:14:35.590089,0,0,2,51.0
2026-03-05T05:14:36.594692,0,0,2,50.0
2026-03-05T05:14:37.601944,0,0,4,50.0
2026-03-05T05:14:38.607918,0,0,2,51.0
2026-03-05T05:14:40.609713,0,0,2,50.0
2026-03-05T05:14:40.619791,0,0,2,50.0
2026-03-05T05:14:41.626774,0,0,2,51.0
2026-03-05T05:14:42.632755,0,0,3,50.0
2026-03-05T05:14:43.639730,0,0,2,50.0
2026-03-05T05:14:44.646720,0,0,2,51.0
2026-03-05T05:14:45.651696,0,0,3,50.0
2026-03-05T05:14:47.653429,0,0,1,50.0
2026-03-05T05:14:47.663602,0,0,2,52.0
2026-03-05T05:14:48.671605,0,0,2,50.0
2026-03-05T05:14:49.676591,0,0,2,50.0
2026-03-05T05:14:50.683550,0,0,2,50.0
2026-03-05T05:14:51.690551,0,0,2,51.0
2026-03-05T05:14:52.696486,0,0,2,50.0
2026-03-05T05:14:53.703597,0,0,3,50.0
2026-03-05T05:14:54.708548,0,0,2,51.0
2026-03-05T05:14:56.710358,0,0,3,50.0
2026-03-05T05:14:56.721377,0,0,3,50.0
2026-03-05T05:14:57.728437,0,0,1,51.0
2026-03-05T05:14:58.733408,0,0,3,50.0
2026-03-05T05:14:59.740340,0,0,2,50.0
2026-03-05T05:15:00.747344,0,0,5,51.0
2026-03-05T05:15:01.753328,0,0,2,50.0
2026-03-05T05:15:02.759379,0,0,2,50.0
2026-03-05T05:15:04.761136,0,0,2,51.0
2026-03-05T05:15:04.772177,0,0,2,50.0
2026-03-05T05:15:05.778271,0,0,2,50.0
2026-03-05T05:15:06.785205,0,0,2,51.0
2026-03-05T05:15:07.791168,0,0,3,50.0
2026-03-05T05:15:08.797188,0,0,3,50.0
2026-03-05T05:15:09.804104,0,0,2,50.0
2026-03-05T05:15:10.810259,0,0,2,51.0
2026-03-05T05:15:11.815109,0,0,3,50.0
2026-03-05T05:15:12.822136,0,0,2,50.0
2026-03-05T05:15:13.829010,0,0,3,51.0
2026-03-05T05:15:14.835005,0,0,2,50.0
2026-03-05T05:15:15.841971,0,0,2,50.0
2026-03-05T05:15:16.847939,0,0,2,51.0
2026-03-05T05:15:17.853874,0,0,2,50.0
2026-03-05T05:15:19.855702,0,0,2,50.0
2026-03-05T05:15:19.866858,0,0,2,51.0
2026-03-05T05:15:20.872853,0,0,3,50.0
2026-03-05T05:15:21.878820,0,0,2,50.0
2026-03-05T05:15:22.885796,0,0,2,51.0
2026-03-05T05:15:23.892801,0,0,2,50.0
2026-03-05T05:15:24.897835,0,0,2,50.0
2026-03-05T05:15:25.904785,0,0,2,51.0
2026-03-05T05:15:26.910798,0,0,2,50.0
2026-03-05T05:15:27.917760,0,0,2,50.0
2026-03-05T05:15:28.923706,0,0,2,50.0
2026-03-05T05:15:29.929706,0,0,2,51.0
2026-03-05T05:15:30.935687,0,0,2,50.0
2026-03-05T05:15:31.942627,0,0,2,50.0
2026-03-05T05:15:32.949671,0,0,2,51.0
2026-03-05T05:15:33.954575,0,0,2,50.0
2026-03-05T05:15:34.961557,0,0,2,50.0
2026-03-05T05:15:35.967557,0,0,2,51.0
2026-03-05T05:15:36.974539,0,0,2,50.0
2026-03-05T05:15:37.980480,0,0,2,50.0
2026-03-05T05:15:38.986526,0,0,2,51.0
2026-03-05T05:15:39.993463,0,0,2,50.0
2026-03-05T05:15:40.999451,0,0,2,50.0
2026-03-05T05:15:42.006507,0,0,2,51.0
2026-03-05T05:15:43.011376,0,0,2,50.0
2026-03-05T05:15:44.018454,0,0,2,50.0
2026-03-05T05:15:45.024320,0,0,2,50.0
2026-03-05T05:15:46.031287,0,0,2,51.0
2026-03-05T05:15:47.036259,0,0,2,50.0
2026-03-05T05:15:48.043253,0,0,2,50.0
2026-03-05T05:15:49.050324,0,0,2,51.0
2026-03-05T05:15:50.056239,0,0,2,50.0
2026-03-05T05:15:51.063225,0,0,2,50.0
2026-03-05T05:15:52.068164,0,0,2,51.0
2026-03-05T05:15:53.075178,0,0,2,50.0
2026-03-05T05:15:54.081147,0,0,2,50.0
2026-03-05T05:15:55.088123,0,0,2,51.0
2026-03-05T05:15:56.094174,0,0,2,50.0
2026-03-05T05:15:57.100037,0,0,2,50.0
2026-03-05T05:15:58.107040,0,0,3,51.0
2026-03-05T05:15:59.113031,0,0,2,50.0
2026-03-05T05:16:00.120000,0,0,2,50.0
2026-03-05T05:16:01.124950,0,0,2,51.0
2026-03-05T05:16:02.131905,0,0,2,50.0
2026-03-05T05:16:03.137885,0,0,2,50.0
2026-03-05T05:16:04.144927,0,0,2,50.0
2026-03-05T05:16:06.146468,0,0,2,51.0
2026-03-05T05:16:06.156679,0,0,2,50.0
2026-03-05T05:16:07.163833,0,0,2,50.0
2026-03-05T05:16:08.169787,0,0,2,51.0
2026-03-05T05:16:09.176748,0,0,2,50.0
2026-03-05T05:16:10.181714,0,0,2,50.0
2026-03-05T05:16:11.188727,0,0,3,51.0
2026-03-05T05:16:12.195707,0,0,2,50.0
2026-03-05T05:16:14.197538,0,0,2,50.0
2026-03-05T05:17:24.127820,0,0,2,51.0
2026-03-05T05:17:25.140953,0,0,2,50.0
2026-03-05T05:17:26.146938,0,0,2,51.0
2026-03-05T05:17:27.152902,0,0,2,50.0
2026-03-05T05:17:28.159876,0,0,2,50.0
2026-03-05T05:17:29.166899,0,0,2,51.0
2026-03-05T05:17:30.171824,0,0,2,50.0
2026-03-05T05:17:31.176839,0,0,2,50.0
2026-03-05T05:17:33.178667,0,0,2,50.0
2026-03-05T05:17:33.191758,0,0,3,51.0
2026-03-05T05:17:34.196731,0,0,2,50.0
2026-03-05T05:17:35.203693,0,0,2,50.0
2026-03-05T05:17:36.209653,0,0,2,51.0
2026-03-05T05:17:37.216656,0,0,2,50.0
2026-03-05T05:17:38.223634,0,0,2,50.0
2026-03-05T05:17:39.228506,0,0,2,51.0
2026-03-05T05:17:40.235636,0,0,2,50.0
2026-03-05T05:17:41.241561,0,0,2,50.0
2026-03-05T05:17:42.248512,0,0,2,51.0
2026-03-05T05:17:43.253507,0,0,2,50.0
2026-03-05T05:17:44.260485,0,0,2,50.0
2026-03-05T05:17:45.267458,0,0,2,51.0
2026-03-05T05:17:46.272479,0,0,2,50.0
2026-03-05T05:17:47.280424,0,0,2,50.0
2026-03-05T05:17:48.285403,0,0,2,51.0
2026-03-05T05:17:49.291372,0,0,3,50.0
2026-03-05T05:17:50.298398,0,0,3,50.0
2026-03-05T05:17:51.305325,0,0,2,50.0
2026-03-05T05:17:52.310386,0,0,2,51.0
2026-03-05T05:17:53.316294,0,0,2,50.0
2026-03-05T05:17:54.324195,0,0,2,50.0
2026-03-05T05:17:55.330265,0,0,2,51.0
2026-03-05T05:17:56.336179,0,0,2,50.0
2026-03-05T05:17:57.342240,0,0,2,50.0
2026-03-05T05:17:58.349099,0,0,2,51.0
2026-03-05T05:17:59.355061,0,0,2,50.0
2026-03-05T05:18:00.362195,0,0,2,50.0
2026-03-05T05:18:01.368018,0,0,2,51.0
2026-03-05T05:18:02.373982,0,0,3,50.0
2026-03-05T05:18:04.375829,0,0,2,50.0
2026-03-05T05:18:04.386934,0,0,2,51.0
2026-03-05T05:18:05.392891,0,0,2,50.0
2026-03-05T05:18:06.398910,0,0,2,50.0
2026-03-05T05:18:07.405866,0,0,2,51.0
2026-03-05T05:18:08.411858,0,0,2,50.0
2026-03-05T05:18:09.417915,0,0,2,50.0
2026-03-05T05:18:10.424853,0,0,3,50.0
2026-03-05T05:18:11.430828,0,0,3,51.0
2026-03-05T05:18:12.437824,0,0,2,50.0
2026-03-05T05:18:13.443783,0,0,2,50.0
2026-03-05T05:18:23.391332,0,0,2,50.0
2026-03-05T05:18:25.872459,0,0,3,51.0
2026-03-05T05:18:27.874338,0,0,2,50.0
2026-03-05T05:18:27.887463,0,0,2,51.0
2026-03-05T05:18:28.894477,0,0,2,50.0
2026-03-05T05:18:29.899413,0,0,2,50.0
2026-03-05T05:18:30.906462,0,0,2,51.0
2026-03-05T05:18:31.912329,0,0,2,50.0
2026-03-05T05:18:32.919347,0,0,2,50.0
2026-03-05T05:18:33.926362,0,0,2,51.0
2026-03-05T05:18:34.929252,0,0,2,50.0
2026-03-05T05:18:35.938303,0,0,2,50.0
2026-03-05T05:18:36.944174,0,0,2,50.0
2026-03-05T05:18:37.951234,0,0,3,51.0
2026-03-05T05:18:38.956169,0,0,2,50.0
2026-03-05T05:18:39.963150,0,0,3,50.0
2026-03-05T05:18:40.969115,0,0,2,51.0
2026-03-05T05:18:41.976158,0,0,2,50.0
2026-03-05T05:18:42.982164,0,0,2,50.0
2026-03-05T05:18:43.988040,0,0,2,51.0
2026-03-05T05:18:44.995043,0,0,2,50.0
2026-03-05T05:18:46.000997,0,0,3,50.0
2026-03-05T05:18:47.007967,0,0,2,51.0
2026-03-05T05:18:58.634514,0,0,3,50.0
2026-03-05T05:19:01.117651,0,0,2,51.0
2026-03-05T05:19:02.124608,0,0,3,50.0
2026-03-05T05:19:03.130610,0,0,2,51.0
2026-03-05T05:19:04.137545,0,0,2,50.0
2026-03-05T05:19:05.142593,0,0,2,50.0
2026-03-05T05:19:06.149502,0,0,0,51.0
2026-03-05T05:19:07.155451,0,0,2,50.0
2026-03-05T05:19:08.161422,0,0,2,50.0
2026-03-05T05:19:09.169415,0,0,2,51.0
2026-03-05T05:19:10.174454,0,0,3,50.0
2026-03-05T05:19:11.181352,0,0,3,50.0
2026-03-05T05:19:12.187371,0,0,2,51.0
2026-03-05T05:19:13.194405,0,0,3,50.0
2026-03-05T05:19:14.199340,0,0,2,50.0
2026-03-05T05:19:15.206379,0,0,2,51.0
2026-03-05T05:19:16.212237,0,0,2,50.0
2026-03-05T05:19:17.219222,0,0,2,50.0
2026-03-05T05:19:18.225255,0,0,3,51.0
2026-03-05T05:19:20.227109,0,0,2,50.0
2026-03-05T05:19:20.238282,0,0,2,50.0
2026-03-05T05:19:21.244171,0,0,2,50.0
2026-03-05T05:19:22.251145,0,0,2,51.0
2026-03-05T05:19:23.256114,0,0,2,50.0
2026-03-05T05:19:24.263132,0,0,3,50.0
2026-03-05T05:19:25.270220,0,0,2,51.0
2026-03-05T05:19:26.276072,0,0,2,50.0
2026-03-05T05:19:27.282115,0,0,4,50.0
2026-03-05T05:19:28.288005,0,0,3,51.0
2026-03-05T05:19:29.294984,0,0,2,50.0
2026-03-05T05:19:30.300964,0,0,2,50.0
2026-03-05T05:19:31.306929,0,0,2,51.0
2026-03-05T05:19:32.312921,0,0,2,50.0
2026-03-05T05:19:33.319914,0,0,3,50.0
2026-03-05T05:19:34.326862,0,0,2,51.0
2026-03-05T05:19:36.328661,0,0,2,50.0
2026-03-05T05:19:36.338724,0,0,2,50.0
2026-03-05T05:19:37.344729,0,0,2,50.0
2026-03-05T05:19:38.351706,0,0,2,51.0
2026-03-05T05:19:39.357721,0,0,2,50.0
2026-03-05T05:19:40.363665,0,0,2,50.0
2026-03-05T05:19:42.376649,0,0,1,50.0
2026-03-05T05:19:43.382635,0,0,2,50.0
2026-03-05T05:19:44.389563,0,0,2,51.0
2026-03-05T05:19:45.395580,0,0,2,50.0
2026-03-05T05:19:46.401515,0,0,2,50.0
2026-03-05T05:19:47.408474,0,0,2,51.0
2026-03-05T05:19:48.414462,0,0,2,50.0
2026-03-05T05:19:50.416262,0,0,2,50.0
2026-03-05T05:19:50.427436,0,0,3,51.0
2026-03-05T05:19:51.433416,0,0,1,50.0
2026-03-05T05:19:52.440416,0,0,2,50.0
2026-03-05T05:19:53.446437,0,0,2,51.0
2026-03-05T05:19:54.452366,0,0,2,50.0
2026-03-05T05:19:55.458378,0,0,3,50.0
2026-03-05T05:19:56.465404,0,0,3,50.0
2026-03-05T05:20:06.964539,0,0,2,50.0
2026-03-05T05:20:09.776592,0,0,2,52.0
2026-03-05T05:20:10.455049,0,0,2,50.0
2026-03-05T05:20:11.460971,0,0,1,50.0
2026-03-05T05:20:12.467949,0,0,2,51.0
2026-03-05T05:20:13.472934,0,0,2,50.0
2026-03-05T05:20:14.479931,0,0,2,50.0
2026-03-05T05:20:15.485931,0,0,3,50.0
2026-03-05T05:20:16.492922,0,0,3,51.0
2026-03-05T05:20:17.499766,0,0,2,50.0
2026-03-05T05:20:18.504737,0,0,2,50.0
2026-03-05T05:20:19.511715,0,0,3,51.0
2026-03-05T05:20:20.517713,0,0,2,50.0
2026-03-05T05:20:21.524708,0,0,2,50.0
2026-03-05T05:20:22.529696,0,0,3,51.0
2026-03-05T05:20:23.536665,0,0,2,50.0
2026-03-05T05:20:24.542703,0,0,2,50.0
2026-03-05T05:20:25.549651,0,0,2,51.0
2026-03-05T05:20:26.555626,0,0,2,50.0
2026-03-05T05:20:27.559648,0,0,2,50.0
2026-03-05T05:20:28.568541,0,0,2,51.0
2026-03-05T05:20:30.570390,0,0,3,50.0
2026-03-05T05:20:30.581484,0,0,3,50.0
2026-03-05T05:20:32.583273,0,0,2,51.0
2026-03-05T05:20:32.593422,0,0,2,50.0
2026-03-05T05:20:33.600402,0,0,2,50.0
2026-03-05T05:20:34.606438,0,0,1,51.0
2026-03-05T05:20:35.612348,0,0,2,50.0
2026-03-05T05:20:36.618423,0,0,2,50.0
2026-03-05T05:20:37.625251,0,0,2,50.0
2026-03-05T05:20:39.627033,0,0,4,51.0
2026-03-05T05:20:39.638452,0,0,2,50.0
2026-03-05T05:20:40.643266,0,0,2,50.0
2026-03-05T05:20:41.650333,0,0,2,51.0
2026-03-05T05:20:42.657213,0,0,3,50.0
2026-03-05T05:20:43.663212,0,0,2,50.0
2026-03-05T05:20:44.667157,0,0,2,51.0
2026-03-05T05:20:45.675239,0,0,2,50.0
2026-03-05T05:20:47.676986,0,0,2,50.0
2026-03-05T05:20:47.688022,0,0,2,51.0
2026-03-05T05:20:48.695088,0,0,2,50.0
2026-03-05T05:20:49.701063,0,0,3,50.0
2026-03-05T05:20:50.707042,0,0,2,51.0
2026-03-05T05:20:51.714084,0,0,2,50.0
2026-03-05T05:20:52.719897,0,0,3,50.0
2026-03-05T05:20:54.721671,0,0,2,51.0
2026-03-05T05:20:54.731889,0,0,0,50.0
2026-03-05T05:20:55.738910,0,0,2,50.0
2026-03-05T05:20:56.744865,0,0,2,50.0
2026-03-05T05:20:57.750858,0,0,2,51.0
2026-03-05T05:20:58.757893,0,0,2,50.0
2026-03-05T05:20:59.761844,0,0,3,50.0
2026-03-05T05:21:00.770866,0,0,2,51.0
2026-03-05T05:21:01.776849,0,0,2,50.0
2026-03-05T05:21:02.782811,0,0,3,50.0
2026-03-05T05:21:04.784592,0,0,2,51.0
2026-03-05T05:21:04.795658,0,0,3,50.0
2026-03-05T05:21:05.802661,0,0,2,50.0
2026-03-05T05:21:06.807535,0,0,2,51.0
2026-03-05T05:21:07.814615,0,0,3,50.0
2026-03-05T05:21:08.820602,0,0,2,50.0
2026-03-05T05:21:09.827593,0,0,2,51.0
2026-03-05T05:21:11.829367,0,0,2,50.0
2026-03-05T05:21:11.839437,0,0,2,50.0
2026-03-05T05:21:12.844459,0,0,2,50.0
2026-03-05T05:21:13.852477,0,0,2,51.0
2026-03-05T05:21:14.859477,0,0,2,50.0
2026-03-05T05:21:15.864436,0,0,2,50.0
2026-03-05T05:21:16.870466,0,0,2,51.0
2026-03-05T05:21:17.877317,0,0,3,50.0
2026-03-05T05:21:19.879090,0,0,2,50.0
2026-03-05T05:21:19.890376,0,0,2,51.0
2026-03-05T05:21:20.896361,0,0,2,50.0
2026-03-05T05:21:22.898219,0,0,2,50.0
2026-03-05T05:21:22.909181,0,0,2,51.0
2026-03-05T05:21:23.916253,0,0,2,50.0
2026-03-05T05:21:24.921199,0,0,2,50.0
2026-03-05T05:21:25.928195,0,0,2,51.0
2026-03-05T05:21:26.934244,0,0,2,50.0
2026-03-05T05:21:27.939166,0,0,2,50.0
2026-03-05T05:21:28.947149,0,0,2,51.0
2026-03-05T05:21:29.953086,0,0,2,50.0
2026-03-05T05:21:30.960070,0,0,2,50.0
2026-03-05T05:21:31.966142,0,0,2,50.0
2026-03-05T05:21:32.973045,0,0,2,51.0
2026-03-05T05:21:33.978116,0,0,2,50.0
2026-03-05T05:21:34.984967,0,0,2,50.0
2026-03-05T05:21:35.991028,0,0,2,51.0
2026-03-05T05:21:36.997951,0,0,3,50.0
2026-03-05T05:21:38.003976,0,0,2,50.0
2026-03-05T05:21:39.009934,0,0,2,51.0
2026-03-05T05:21:40.016903,0,0,2,50.0
2026-03-05T05:21:41.021872,0,0,2,50.0
2026-03-05T05:21:42.029767,0,0,2,51.0
2026-03-05T05:21:43.034769,0,0,2,50.0
2026-03-05T05:21:44.041751,0,0,2,50.0
2026-03-05T05:21:45.047740,0,0,3,51.0
2026-03-05T05:21:46.054709,0,0,2,50.0
2026-03-05T05:21:47.060694,0,0,2,50.0
2026-03-05T05:21:48.066699,0,0,2,51.0
2026-03-05T05:21:49.073664,0,0,2,50.0
2026-03-05T05:21:50.079617,0,0,2,50.0
2026-03-05T05:21:51.086591,0,0,2,50.0
2026-03-05T05:21:52.091582,0,0,2,51.0
2026-03-05T05:21:53.098614,0,0,2,50.0
2026-03-05T05:21:54.105523,0,0,2,50.0
2026-03-05T05:21:55.111491,0,0,2,51.0
2026-03-05T05:21:57.113356,0,0,2,50.0
2026-03-05T05:21:57.123431,0,0,2,50.0
2026-03-05T05:21:58.130513,0,0,2,51.0
2026-03-05T05:21:59.136424,0,0,2,50.0
2026-03-05T05:22:00.143379,0,0,2,50.0
2026-03-05T05:22:01.148372,0,0,2,51.0
2026-03-05T05:22:02.155337,0,0,2,50.0
2026-03-05T05:22:03.160324,0,0,3,50.0
2026-03-05T05:22:04.168355,0,0,3,51.0
2026-03-05T05:22:05.174388,0,0,2,50.0
2026-03-05T05:22:07.176158,0,0,2,50.0
2026-03-05T05:22:07.187140,0,0,2,51.0
2026-03-05T05:22:08.193184,0,0,2,50.0
2026-03-05T05:22:09.199173,0,0,2,50.0
2026-03-05T05:22:10.206211,0,0,2,50.0
2026-03-05T05:22:11.212123,0,0,2,51.0
2026-03-05T05:22:12.219008,0,0,2,50.0
2026-03-05T05:22:13.225124,0,0,2,50.0
2026-03-05T05:22:14.231056,0,0,2,51.0
2026-03-05T05:22:15.237018,0,0,2,50.0
2026-03-05T05:22:16.243981,0,0,2,50.0
2026-03-05T05:22:17.249967,0,0,2,51.0
2026-03-05T05:22:18.256942,0,0,3,50.0
2026-03-05T05:22:19.262896,0,0,2,50.0
2026-03-05T05:22:20.267904,0,0,2,51.0
2026-03-05T05:22:21.275891,0,0,2,50.0
2026-03-05T05:22:22.281867,0,0,3,50.0
2026-03-05T05:22:23.287836,0,0,3,51.0
2026-03-05T05:22:24.293951,0,0,3,50.0
2026-03-05T05:22:25.300774,0,0,2,50.0
2026-03-05T05:22:26.307737,0,0,2,51.0
2026-03-05T05:22:27.311752,0,0,2,50.0
2026-03-05T05:22:29.313595,0,0,2,50.0
2026-03-05T05:22:29.324640,0,0,3,50.0
2026-03-05T05:22:30.332636,0,0,2,51.0
2026-03-05T05:22:31.338616,0,0,2,50.0
2026-03-05T05:22:32.344611,0,0,2,50.0
2026-03-05T05:22:33.350546,0,0,2,51.0
2026-03-05T05:22:34.357472,0,0,2,50.0
2026-03-05T05:22:35.364579,0,0,2,50.0
2026-03-05T05:22:36.370504,0,0,2,51.0
2026-03-05T05:22:38.372277,0,0,2,50.0
2026-03-05T05:22:38.381422,0,0,2,50.0
2026-03-05T05:22:39.389424,0,0,2,51.0
2026-03-05T05:22:40.395369,0,0,3,50.0
2026-03-05T05:22:41.401384,0,0,3,50.0
2026-03-05T05:22:42.408353,0,0,2,51.0
2026-03-05T05:22:43.412382,0,0,2,50.0
2026-03-05T05:22:45.414330,0,0,2,50.0
2026-03-05T05:22:45.426407,0,0,2,51.0
2026-03-05T05:24:38.135315,0,0,2,50.0
2026-03-05T05:24:40.618593,0,0,2,51.0
2026-03-05T05:24:41.625531,0,0,2,50.0
2026-03-05T05:24:42.631518,0,0,3,51.0
2026-03-05T05:24:44.633314,0,0,2,50.0
2026-03-05T05:24:44.643352,0,0,2,50.0
2026-03-05T05:24:45.650440,0,0,2,51.0
2026-03-05T05:24:46.656372,0,0,2,50.0
2026-03-05T05:24:47.663357,0,0,2,50.0
2026-03-05T05:24:48.670465,0,0,2,51.0
2026-03-05T05:24:49.673410,0,0,2,50.0
2026-03-05T05:24:51.675165,0,0,3,50.0
2026-03-05T05:24:51.688219,0,0,2,51.0
2026-03-05T05:24:52.695289,0,0,2,50.0
2026-03-05T05:24:53.700258,0,0,2,50.0
2026-03-05T05:24:54.707238,0,0,3,50.0
2026-03-05T05:24:55.713209,0,0,2,51.0
2026-03-05T05:24:56.720205,0,0,2,50.0
2026-03-05T05:24:57.726276,0,0,2,50.0
2026-03-05T05:24:58.732128,0,0,2,51.0
2026-03-05T05:24:59.739120,0,0,3,50.0
2026-03-05T05:25:00.745091,0,0,2,50.0
2026-03-05T05:25:01.752050,0,0,4,51.0
2026-03-05T05:25:02.757052,0,0,3,50.0
2026-03-05T05:25:03.764003,0,0,3,50.0
2026-03-05T05:25:04.770943,0,0,3,51.0
2026-03-05T05:25:05.775854,0,0,2,50.0
2026-03-05T05:25:06.782957,0,0,2,50.0
2026-03-05T05:25:07.788894,0,0,2,51.0
2026-03-05T05:25:08.795913,0,0,3,50.0
2026-03-05T05:25:09.801862,0,0,2,50.0
2026-03-05T05:25:10.807836,0,0,2,51.0
2026-03-05T05:25:11.813832,0,0,2,50.0
2026-03-05T05:25:13.815789,0,0,2,50.0
2026-03-05T05:25:13.827665,0,0,2,51.0
2026-03-05T05:25:14.833734,0,0,2,50.0
2026-03-05T05:25:15.839722,0,0,2,50.0
2026-03-05T05:25:16.845663,0,0,3,50.0
2026-03-05T05:25:17.852645,0,0,2,51.0
2026-03-05T05:25:18.858643,0,0,2,50.0
2026-03-05T05:25:20.860376,0,0,2,50.0
2026-03-05T05:25:20.871543,0,0,2,51.0
2026-03-05T05:25:21.877536,0,0,2,50.0
2026-03-05T05:25:22.883500,0,0,2,50.0
2026-03-05T05:25:23.890506,0,0,2,51.0
2026-03-05T05:25:24.896456,0,0,3,50.0
2026-03-05T05:25:25.902468,0,0,3,50.0
2026-03-05T05:25:26.907525,0,0,2,51.0
2026-03-05T05:25:28.909225,0,0,2,50.0
2026-03-05T05:25:28.921343,0,0,2,50.0
2026-03-05T05:25:30.922498,0,0,2,51.0
2026-03-05T05:25:30.934344,0,0,2,50.0
2026-03-05T05:25:31.941310,0,0,2,50.0
2026-03-05T05:25:32.946336,0,0,2,50.0
2026-03-05T05:25:33.953238,0,0,2,51.0
2026-03-05T05:25:34.959217,0,0,2,50.0
2026-03-05T05:25:35.966302,0,0,2,50.0
2026-03-05T05:25:37.968028,0,0,2,51.0
2026-03-05T05:25:37.978199,0,0,2,50.0
2026-03-05T05:25:38.985129,0,0,2,50.0
2026-03-05T05:25:39.991106,0,0,3,51.0
2026-03-05T05:25:40.998154,0,0,2,50.0
2026-03-05T05:25:42.003072,0,0,2,50.0
2026-03-05T05:25:43.010153,0,0,3,51.0
2026-03-05T05:25:44.015048,0,0,2,50.0
2026-03-05T05:25:46.016779,0,0,2,50.0
2026-03-05T05:25:46.029897,0,0,2,51.0
2026-03-05T05:25:47.034944,0,0,2,50.0
2026-03-05T05:25:48.041905,0,0,2,50.0
2026-03-05T05:25:49.047884,0,0,2,51.0
2026-03-05T05:25:50.054861,0,0,2,50.0
2026-03-05T05:25:51.059847,0,0,2,50.0
2026-03-05T05:25:52.065868,0,0,2,50.0
2026-03-05T05:25:54.067773,0,0,2,51.0
2026-03-05T05:25:54.079744,0,0,2,50.0
2026-03-05T05:25:55.086778,0,0,2,50.0
2026-03-05T05:25:56.091739,0,0,2,51.0
2026-03-05T05:25:57.098722,0,0,2,50.0
2026-03-05T05:25:58.104661,0,0,2,50.0
2026-03-05T05:25:59.111655,0,0,2,51.0
2026-03-05T05:26:00.116617,0,0,2,50.0
2026-03-05T05:26:01.123635,0,0,2,50.0
2026-03-05T05:26:02.130608,0,0,2,51.0
2026-03-05T05:26:03.136554,0,0,2,50.0
2026-03-05T05:26:04.142540,0,0,2,50.0
2026-03-05T05:26:05.148514,0,0,2,51.0
2026-03-05T05:26:06.155485,0,0,2,50.0
2026-03-05T05:26:07.161389,0,0,2,50.0
2026-03-05T05:26:08.168486,0,0,3,51.0
2026-03-05T05:26:09.174531,0,0,2,50.0
2026-03-05T05:26:10.180459,0,0,2,50.0
2026-03-05T05:26:11.187414,0,0,2,50.0
2026-03-05T05:26:12.193385,0,0,2,51.0
2026-03-05T05:26:13.199390,0,0,2,50.0
2026-03-05T05:26:14.205370,0,0,2,50.0
2026-03-05T05:26:15.212361,0,0,2,51.0
2026-03-05T05:26:16.218432,0,0,2,50.0
2026-03-05T05:26:17.225257,0,0,2,50.0
2026-03-05T05:26:18.231259,0,0,2,51.0
2026-03-05T05:26:19.237239,0,0,2,50.0
2026-03-05T05:26:20.244186,0,0,2,50.0
2026-03-05T05:26:21.250240,0,0,2,51.0
2026-03-05T05:26:22.256150,0,0,2,50.0
2026-03-05T05:26:24.258097,0,0,2,50.0
2026-03-05T05:26:24.268975,0,0,2,51.0
2026-03-05T05:26:25.276034,0,0,2,50.0
2026-03-05T05:26:26.281010,0,0,2,50.0
2026-03-05T05:26:27.287964,0,0,2,51.0
2026-03-05T05:26:28.293953,0,0,2,50.0
2026-03-05T05:26:29.300891,0,0,3,50.0
2026-03-05T05:26:30.307001,0,0,2,50.0
2026-03-05T05:26:31.312889,0,0,2,51.0
2026-03-05T05:26:32.318859,0,0,2,50.0
2026-03-05T05:26:33.325829,0,0,2,50.0
2026-03-05T05:26:34.332808,0,0,3,51.0
2026-03-05T05:26:35.337787,0,0,2,50.0
2026-03-05T05:26:36.344769,0,0,2,50.0
2026-03-05T05:26:37.350755,0,0,2,51.0
2026-03-05T05:26:38.357711,0,0,2,50.0
2026-03-05T05:26:39.363654,0,0,2,50.0
2026-03-05T05:26:40.369633,0,0,2,51.0
2026-03-05T05:26:41.376645,0,0,2,50.0
2026-03-05T05:26:42.382687,0,0,2,50.0
2026-03-05T05:26:44.384522,0,0,2,51.0
2026-03-05T05:27:12.140542,0,0,2,50.0
2026-03-05T05:27:14.623944,0,0,2,51.0
2026-03-05T05:27:15.630889,0,0,2,51.0
2026-03-05T05:27:16.634890,0,0,2,50.0
2026-03-05T05:27:17.643810,0,0,2,50.0
2026-03-05T05:27:18.648794,0,0,2,51.0
2026-03-05T05:27:27.418229,0,0,2,50.0
2026-03-05T05:27:29.901488,0,0,2,51.0
2026-03-05T05:27:30.908384,0,0,4,51.0
2026-03-05T05:27:31.914520,0,0,3,50.0
2026-03-05T05:27:32.919449,0,0,2,50.0
2026-03-05T05:27:34.921233,0,0,2,50.0
2026-03-05T05:27:34.933388,0,0,2,51.0
2026-03-05T05:27:35.939407,0,0,2,50.0
2026-03-05T05:27:36.946445,0,0,2,50.0
2026-03-05T05:27:37.953297,0,0,2,51.0
2026-03-05T05:27:38.958382,0,0,2,50.0
2026-03-05T05:27:39.965266,0,0,2,50.0
2026-03-05T05:27:40.971269,0,0,2,51.0
2026-03-05T05:27:41.978348,0,0,2,50.0
2026-03-05T05:27:42.983222,0,0,3,50.0
2026-03-05T05:27:43.989199,0,0,3,51.0
2026-03-05T05:27:44.995175,0,0,3,50.0
2026-03-05T05:27:46.003119,0,0,2,50.0
2026-03-05T05:27:47.009040,0,0,2,51.0
2026-03-05T05:27:48.014201,0,0,2,50.0
2026-03-05T05:27:49.022189,0,0,3,50.0
2026-03-05T05:27:50.027991,0,0,2,50.0
2026-03-05T05:27:51.034990,0,0,2,51.0
2026-03-05T05:27:52.039921,0,0,2,50.0
2026-03-05T05:28:02.634479,0,0,3,52.0
2026-03-05T05:28:03.640642,0,0,4,50.0
2026-03-05T05:28:04.644617,0,0,2,50.0
2026-03-05T05:28:05.653736,0,0,2,51.0
2026-03-05T05:28:06.658635,0,0,2,50.0
2026-03-05T05:28:07.665597,0,0,2,50.0
2026-03-05T05:28:08.671554,0,0,2,51.0
2026-03-05T05:28:09.678553,0,0,2,50.0
2026-03-05T05:28:10.685504,0,0,2,50.0
2026-03-05T05:28:11.690551,0,0,2,51.0
2026-03-05T05:28:12.697459,0,0,3,50.0
2026-03-05T05:28:13.703461,0,0,2,50.0
2026-03-05T05:28:14.710486,0,0,2,51.0
2026-03-05T05:28:15.715418,0,0,2,50.0
2026-03-05T05:28:16.721363,0,0,2,50.0
2026-03-05T05:28:17.728373,0,0,2,50.0
2026-03-05T05:28:18.735375,0,0,3,51.0
2026-03-05T05:28:19.741387,0,0,2,50.0
2026-03-05T05:28:20.747325,0,0,2,50.0
2026-03-05T05:28:21.754370,0,0,2,51.0
2026-03-05T05:28:22.760308,0,0,2,50.0
2026-03-05T05:28:23.767290,0,0,2,50.0
2026-03-05T05:28:24.772206,0,0,3,51.0
2026-03-05T05:28:25.779211,0,0,2,50.0
2026-03-05T05:28:26.786263,0,0,2,50.0
2026-03-05T05:28:27.792125,0,0,2,51.0
2026-03-05T05:28:28.798159,0,0,2,50.0
2026-03-05T05:28:29.804044,0,0,3,50.0
2026-03-05T05:28:30.811026,0,0,2,51.0
2026-03-05T05:28:31.816987,0,0,2,50.0
2026-03-05T05:28:32.824023,0,0,2,50.0
2026-03-05T05:28:33.828955,0,0,2,51.0
2026-03-05T05:28:34.835928,0,0,2,50.0
2026-03-05T05:28:35.842904,0,0,2,50.0
2026-03-05T05:28:36.847874,0,0,2,50.0
2026-03-05T05:28:37.854854,0,0,2,51.0
2026-03-05T05:28:38.860869,0,0,2,50.0
2026-03-05T05:28:39.867860,0,0,3,50.0
2026-03-05T05:28:40.873839,0,0,3,51.0
2026-03-05T05:28:41.879830,0,0,2,50.0
2026-03-05T05:28:42.885700,0,0,2,50.0
2026-03-05T05:28:43.892772,0,0,2,51.0
2026-03-05T05:28:44.899752,0,0,2,50.0
2026-03-05T05:28:45.905702,0,0,2,50.0
2026-03-05T05:28:47.907614,0,0,2,51.0
2026-03-05T05:28:47.917670,0,0,2,50.0
2026-03-05T05:28:48.924639,0,0,2,50.0
2026-03-05T05:28:49.930641,0,0,2,51.0
2026-03-05T05:28:50.936607,0,0,2,50.0
2026-03-05T05:28:51.943568,0,0,2,50.0
2026-03-05T05:28:52.949539,0,0,2,51.0
2026-03-05T05:28:53.956448,0,0,2,50.0
2026-03-05T05:28:55.958303,0,0,2,50.0
2026-03-05T05:28:55.968460,0,0,2,50.0
2026-03-05T05:28:56.974528,0,0,3,51.0
2026-03-05T05:28:57.981433,0,0,2,50.0
2026-03-05T05:28:58.988409,0,0,3,50.0
2026-03-05T05:28:59.993381,0,0,2,51.0
2026-03-05T05:29:01.000390,0,0,2,50.0
2026-03-05T05:29:02.006376,0,0,2,50.0
2026-03-05T05:29:03.013330,0,0,2,51.0
2026-03-05T05:29:04.018406,0,0,2,50.0
2026-03-05T05:29:05.025292,0,0,2,50.0
2026-03-05T05:29:06.031260,0,0,2,51.0
2026-03-05T05:29:07.038323,0,0,2,50.0
2026-03-05T05:29:08.045209,0,0,2,50.0
2026-03-05T05:29:09.050243,0,0,2,51.0
2026-03-05T05:29:10.057117,0,0,2,50.0
2026-03-05T05:29:11.063125,0,0,2,50.0
2026-03-05T05:29:12.070187,0,0,2,51.0
2026-03-05T05:29:13.075092,0,0,2,50.0
2026-03-05T05:29:14.082150,0,0,2,50.0
2026-03-05T05:29:15.089014,0,0,2,51.0
2026-03-05T05:29:16.095003,0,0,2,50.0
2026-03-05T05:29:17.100983,0,0,2,50.0
2026-03-05T05:29:18.105976,0,0,2,50.0
2026-03-05T05:29:19.113896,0,0,2,51.0
2026-03-05T05:29:20.119912,0,0,3,50.0
2026-03-05T05:29:21.126872,0,0,2,50.0
2026-03-05T05:29:22.131850,0,0,2,51.0
2026-03-05T05:29:23.138825,0,0,2,50.0
2026-03-05T05:29:24.145796,0,0,2,50.0
2026-03-05T05:29:25.151800,0,0,2,51.0
2026-03-05T05:29:26.157727,0,0,3,50.0
2026-03-05T05:29:27.163736,0,0,2,50.0
2026-03-05T05:29:28.170708,0,0,2,51.0
2026-03-05T05:29:29.176680,0,0,2,50.0
2026-03-05T05:29:30.183601,0,0,2,50.0
2026-03-05T05:29:31.189585,0,0,2,51.0
2026-03-05T05:29:32.195528,0,0,2,50.0
2026-03-05T05:29:33.202624,0,0,2,50.0
2026-03-05T05:29:34.208577,0,0,2,50.0
2026-03-05T05:29:35.214614,0,0,4,51.0
2026-03-05T05:29:37.216366,0,0,2,50.0
2026-03-05T05:29:37.227395,0,0,2,50.0
2026-03-05T05:29:38.233389,0,0,2,51.0
2026-03-05T05:29:39.239399,0,0,2,50.0
2026-03-05T05:29:40.246447,0,0,2,50.0
2026-03-05T05:29:41.252348,0,0,2,51.0
2026-03-05T05:29:42.259271,0,0,2,50.0
2026-03-05T05:29:43.265389,0,0,2,50.0
2026-03-05T05:29:44.271296,0,0,2,51.0
2026-03-05T05:29:46.273059,0,0,2,50.0
2026-03-05T05:29:46.284175,0,0,0,50.0
2026-03-05T05:29:47.291135,0,0,2,51.0
2026-03-05T05:29:48.296190,0,0,3,50.0
2026-03-05T05:29:49.303139,0,0,3,50.0
2026-03-05T05:29:50.309110,0,0,2,51.0
2026-03-05T05:29:51.316139,0,0,2,50.0
2026-03-05T05:29:52.322210,0,0,2,50.0
2026-03-05T05:29:53.328118,0,0,2,50.0
2026-03-05T05:29:54.334179,0,0,2,51.0
2026-03-05T05:29:55.341037,0,0,2,50.0
2026-03-05T05:29:56.348009,0,0,2,50.0
2026-03-05T05:29:57.352964,0,0,2,51.0
2026-03-05T05:29:58.360090,0,0,2,50.0
2026-03-05T05:30:00.362054,0,0,2,50.0
2026-03-05T05:30:18.374121,0,0,2,50.0
2026-03-05T05:30:20.857432,0,0,2,51.0
2026-03-05T05:30:21.864392,0,0,2,50.0
2026-03-05T05:30:22.869300,0,0,2,51.0
2026-03-05T05:30:23.877412,0,0,2,50.0
2026-03-05T05:30:24.882273,0,0,2,50.0
2026-03-05T05:30:25.889315,0,0,2,51.0
2026-03-05T05:30:26.895299,0,0,2,50.0
2026-03-05T05:30:27.902335,0,0,2,50.0
2026-03-05T05:30:28.909219,0,0,2,50.0
2026-03-05T05:30:29.914269,0,0,2,51.0
2026-03-05T05:30:30.921185,0,0,2,50.0
2026-03-05T05:30:31.925190,0,0,2,50.0
2026-03-05T05:30:32.934293,0,0,2,51.0
2026-03-05T05:30:33.939181,0,0,2,50.0
2026-03-05T05:30:35.940970,0,0,2,50.0
2026-03-05T05:30:35.952000,0,0,2,51.0
2026-03-05T05:30:36.959042,0,0,2,50.0
2026-03-05T05:30:37.964979,0,0,2,50.0
2026-03-05T05:30:38.970913,0,0,2,51.0
2026-03-05T05:30:39.977953,0,0,2,50.0
2026-03-05T05:30:40.983874,0,0,3,50.0
2026-03-05T05:30:41.990981,0,0,2,51.0
2026-03-05T05:30:42.995913,0,0,3,50.0
2026-03-05T05:30:44.997693,0,0,4,50.0
2026-03-05T05:30:45.009813,0,0,2,51.0
2026-03-05T05:30:46.015830,0,0,3,50.0
2026-03-05T05:30:47.020806,0,0,2,50.0
2026-03-05T05:30:48.027768,0,0,2,50.0
2026-03-05T05:30:49.034754,0,0,1,51.0
2026-03-05T05:30:50.039783,0,0,2,50.0
2026-03-05T05:30:51.046737,0,0,2,50.0
2026-03-05T05:30:52.052711,0,0,2,51.0
2026-03-05T05:30:53.059658,0,0,3,50.0
2026-03-05T05:30:54.066656,0,0,2,50.0
2026-03-05T05:30:55.072624,0,0,2,51.0
2026-03-05T05:30:56.078619,0,0,2,50.0
2026-03-05T05:30:57.082608,0,0,3,50.0
2026-03-05T05:30:59.084411,0,0,2,51.0
2026-03-05T05:30:59.097502,0,0,2,50.0
2026-03-05T05:31:00.103511,0,0,2,50.0
2026-03-05T05:31:01.110482,0,0,2,51.0
2026-03-05T05:31:02.116440,0,0,2,50.0
2026-03-05T05:31:03.123393,0,0,3,50.0
2026-03-05T05:31:04.128314,0,0,2,50.0
2026-03-05T05:31:05.135425,0,0,2,51.0
2026-03-05T05:31:06.141361,0,0,2,50.0
2026-03-05T05:31:07.148303,0,0,2,50.0
2026-03-05T05:31:08.154382,0,0,2,51.0
2026-03-05T05:31:09.160297,0,0,2,50.0
2026-03-05T05:31:10.167321,0,0,2,50.0
2026-03-05T05:31:11.173288,0,0,2,51.0
2026-03-05T05:31:12.180260,0,0,2,50.0
2026-03-05T05:31:13.185241,0,0,3,50.0
2026-03-05T05:31:14.192211,0,0,2,51.0
2026-03-05T05:31:15.198193,0,0,2,50.0
2026-03-05T05:31:17.199966,0,0,2,50.0
2026-03-05T05:31:17.211984,0,0,3,51.0
2026-03-05T05:31:18.217057,0,0,2,50.0
2026-03-05T05:31:19.224033,0,0,3,50.0
2026-03-05T05:31:20.230062,0,0,2,51.0
2026-03-05T05:31:21.236998,0,0,2,50.0
2026-03-05T05:31:22.242135,0,0,2,50.0
2026-03-05T05:31:24.244002,0,0,2,50.0
2026-03-05T05:31:24.254872,0,0,2,51.0
2026-03-05T05:31:25.261928,0,0,2,50.0
2026-03-05T05:31:26.267971,0,0,3,50.0
2026-03-05T05:31:27.273904,0,0,2,51.0
2026-03-05T05:31:28.280891,0,0,2,50.0
2026-03-05T05:31:29.286869,0,0,2,50.0
2026-03-05T05:31:30.293886,0,0,2,51.0
2026-03-05T05:31:32.295972,0,0,2,50.0
2026-03-05T05:32:07.142673,0,0,2,50.0
2026-03-05T05:32:09.625883,0,0,2,51.0
2026-03-05T05:32:10.632865,0,0,2,51.0
2026-03-05T05:32:11.636824,0,0,2,50.0
2026-03-05T05:32:12.645830,0,0,2,50.0
2026-03-05T05:32:13.650798,0,0,2,51.0
2026-03-05T05:32:14.657724,0,0,3,50.0
2026-03-05T05:32:15.663702,0,0,2,50.0
2026-03-05T05:32:16.670675,0,0,2,51.0
2026-03-05T05:32:17.677625,0,0,2,50.0
2026-03-05T05:32:18.682622,0,0,2,50.0
2026-03-05T05:32:19.689544,0,0,2,50.0
2026-03-05T05:32:21.691261,0,0,3,51.0
2026-03-05T05:32:21.702546,0,0,3,50.0
2026-03-05T05:32:22.707487,0,0,2,50.0
2026-03-05T05:32:23.714471,0,0,3,51.0
2026-03-05T05:32:24.720439,0,0,3,50.0
2026-03-05T05:32:25.726681,0,0,2,50.0
2026-03-05T05:32:35.882803,0,0,2,50.0
2026-03-05T05:32:38.366365,0,0,2,51.0
2026-03-05T05:32:40.368135,0,0,2,51.0
2026-03-05T05:32:40.379142,0,0,2,50.0
2026-03-05T05:32:42.380909,0,0,2,50.0
2026-03-05T05:32:42.390981,0,0,3,51.0
2026-03-05T05:32:43.398135,0,0,2,50.0
2026-03-05T05:32:44.403951,0,0,2,50.0
2026-03-05T05:32:45.410925,0,0,2,51.0
2026-03-05T05:32:46.417925,0,0,2,50.0
2026-03-05T05:32:47.422861,0,0,3,50.0
2026-03-05T05:32:49.424603,0,0,3,50.0
2026-03-05T05:32:49.435810,0,0,2,51.0
2026-03-05T05:32:50.442823,0,0,2,50.0
2026-03-05T05:32:51.447819,0,0,3,50.0
2026-03-05T05:32:52.454788,0,0,3,51.0
2026-03-05T05:32:53.460762,0,0,3,50.0
2026-03-05T05:32:54.467722,0,0,2,50.0
2026-03-05T05:32:56.469439,0,0,2,51.0
2026-03-05T05:32:56.478629,0,0,2,50.0
2026-03-05T05:32:57.486670,0,0,2,50.0
2026-03-05T05:32:58.492636,0,0,2,51.0
2026-03-05T05:32:59.499622,0,0,2,50.0
2026-03-05T05:33:09.417881,0,0,2,50.0
2026-03-05T05:33:11.901418,0,0,2,51.0
2026-03-05T05:33:13.902503,0,0,2,50.0
2026-03-05T05:33:42.638202,0,0,2,50.0
2026-03-05T05:33:45.121537,0,0,2,51.0
2026-03-05T05:33:46.128554,0,0,2,50.0
2026-03-05T05:33:47.133596,0,0,2,51.0
2026-03-05T05:33:48.141580,0,0,3,50.0
2026-03-05T05:33:49.146528,0,0,2,50.0
2026-03-05T05:33:50.153462,0,0,2,51.0
2026-03-05T05:33:51.159464,0,0,2,50.0
2026-03-05T05:33:52.166473,0,0,2,50.0
2026-03-05T05:33:53.173413,0,0,2,51.0
2026-03-05T05:33:54.178505,0,0,3,50.0
2026-03-05T05:33:55.185302,0,0,2,50.0
2026-03-05T05:33:56.191280,0,0,2,51.0
2026-03-05T05:33:57.198392,0,0,2,50.0
2026-03-05T05:33:58.203278,0,0,2,50.0
2026-03-05T05:33:59.210320,0,0,3,50.0
2026-03-05T05:34:00.215195,0,0,6,51.0
2026-03-05T05:34:01.223187,0,0,2,50.0
2026-03-05T05:34:02.229113,0,0,2,50.0
2026-03-05T05:34:03.235102,0,0,2,51.0
2026-03-05T05:34:04.242206,0,0,2,50.0
2026-03-05T05:34:05.248103,0,0,2,50.0
2026-03-05T05:34:06.255058,0,0,1,51.0
2026-03-05T05:34:07.260021,0,0,4,50.0
2026-03-05T05:34:08.266975,0,0,3,50.0
2026-03-05T05:34:09.273958,0,0,2,51.0
2026-03-05T05:34:10.279947,0,0,4,50.0
2026-03-05T05:34:11.285938,0,0,2,50.0
2026-03-05T05:34:12.291920,0,0,1,51.0
2026-03-05T05:34:13.298879,0,0,2,50.0
2026-03-05T05:34:14.304815,0,0,3,50.0
2026-03-05T05:34:15.310811,0,0,2,51.0
2026-03-05T05:34:16.316798,0,0,2,50.0
2026-03-05T05:34:17.323791,0,0,2,50.0
2026-03-05T05:34:18.328775,0,0,2,51.0
2026-03-05T05:34:19.336752,0,0,2,50.0
2026-03-05T05:34:20.342714,0,0,3,50.0
2026-03-05T05:34:21.348676,0,0,2,50.0
2026-03-05T05:34:22.355689,0,0,2,51.0
2026-03-05T05:34:23.361621,0,0,3,50.0
2026-03-05T05:34:24.367605,0,0,2,50.0
2026-03-05T05:34:25.373604,0,0,2,51.0
2026-03-05T05:34:27.375347,0,0,2,50.0
2026-03-05T05:34:27.387508,0,0,2,50.0
2026-03-05T05:34:28.393512,0,0,2,51.0
2026-03-05T05:34:29.399474,0,0,2,50.0
2026-03-05T05:34:30.405475,0,0,2,50.0
2026-03-05T05:34:31.412425,0,0,2,51.0
2026-03-05T05:34:32.418503,0,0,3,50.0
2026-03-05T05:34:33.422501,0,0,2,50.0
2026-03-05T05:34:34.431413,0,0,2,51.0
2026-03-05T05:34:35.437344,0,0,2,50.0
2026-03-05T05:34:36.444317,0,0,2,50.0
2026-03-05T05:34:37.449259,0,0,2,50.0
2026-03-05T05:34:38.456265,0,0,2,51.0
2026-03-05T05:34:39.462357,0,0,2,50.0
2026-03-05T05:34:40.469182,0,0,2,50.0
2026-03-05T05:34:42.470503,0,0,3,51.0
2026-03-05T05:34:42.481116,0,0,2,50.0
2026-03-05T05:34:43.488119,0,0,2,50.0
2026-03-05T05:34:44.494245,0,0,2,51.0
2026-03-05T05:34:45.501109,0,0,2,50.0
2026-03-05T05:34:46.506194,0,0,3,50.0
2026-03-05T05:34:47.513003,0,0,2,51.0
2026-03-05T05:34:48.519124,0,0,3,50.0
2026-03-05T05:34:49.526147,0,0,2,50.0
2026-03-05T05:34:51.528053,0,0,2,51.0
2026-03-05T05:35:18.149962,0,0,2,50.0
2026-03-05T05:35:20.633311,0,0,2,52.0
2026-03-05T05:35:21.640280,0,0,2,50.0
2026-03-05T05:35:22.645296,0,0,2,50.0
2026-03-05T05:35:24.647112,0,0,2,51.0
2026-03-05T05:35:24.658301,0,0,3,50.0
2026-03-05T05:35:25.665185,0,0,2,50.0
2026-03-05T05:35:26.671153,0,0,2,51.0
2026-03-05T05:35:27.678217,0,0,2,50.0
2026-03-05T05:35:28.684100,0,0,2,50.0
2026-03-05T05:35:29.690210,0,0,2,50.0
2026-03-05T05:35:30.697046,0,0,2,51.0
2026-03-05T05:35:31.703046,0,0,2,50.0
2026-03-05T05:35:32.710106,0,0,2,50.0
2026-03-05T05:35:33.713980,0,0,2,51.0
2026-03-05T05:35:34.721973,0,0,2,50.0
2026-03-05T05:35:35.727926,0,0,1,50.0
2026-03-05T05:35:36.734936,0,0,2,51.0
2026-03-05T05:35:37.739871,0,0,2,50.0
2026-03-05T05:35:38.746897,0,0,2,50.0
2026-03-05T05:35:39.753836,0,0,2,51.0
2026-03-05T05:35:40.759825,0,0,2,50.0
2026-03-05T05:35:41.765790,0,0,3,50.0
2026-03-05T05:35:42.771784,0,0,2,51.0
2026-03-05T05:35:43.778757,0,0,2,50.0
2026-03-05T05:35:44.783695,0,0,2,50.0
2026-03-05T05:35:46.785534,0,0,1,51.0
2026-03-05T05:35:46.797600,0,0,3,50.0
2026-03-05T05:35:47.803642,0,0,2,50.0
2026-03-05T05:35:48.810608,0,0,2,50.0
2026-03-05T05:35:49.816599,0,0,2,51.0
2026-03-05T05:35:50.821546,0,0,2,50.0
2026-03-05T05:35:51.826633,0,0,1,50.0
2026-03-05T05:35:52.835608,0,0,2,51.0
2026-03-05T05:35:53.842569,0,0,2,50.0
2026-03-05T05:35:54.847531,0,0,2,50.0
2026-03-05T05:35:55.854565,0,0,2,51.0
2026-03-05T05:35:57.856341,0,0,2,50.0
2026-03-05T05:35:57.867334,0,0,2,50.0
2026-03-05T05:35:58.873375,0,0,2,51.0
2026-03-05T05:35:59.879344,0,0,2,50.0
2026-03-05T05:36:00.886380,0,0,2,50.0
2026-03-05T05:36:01.892299,0,0,2,51.0
2026-03-05T05:36:02.898310,0,0,3,50.0
2026-03-05T05:36:04.900099,0,0,2,50.0
2026-03-05T05:36:04.910236,0,0,2,51.0
2026-03-05T05:36:05.917154,0,0,2,50.0
2026-03-05T05:36:06.924158,0,0,2,50.0
2026-03-05T05:36:07.929089,0,0,2,50.0
2026-03-05T05:36:08.936110,0,0,2,51.0
2026-03-05T05:36:09.941109,0,0,2,50.0
2026-03-05T05:36:10.949159,0,0,2,50.0
2026-03-05T05:36:12.950884,0,0,3,51.0
2026-03-05T05:36:12.960975,0,0,2,50.0
2026-03-05T05:36:13.968004,0,0,2,50.0
2026-03-05T05:36:14.973963,0,0,2,51.0
2026-03-05T05:36:15.980934,0,0,2,50.0
2026-03-05T05:36:16.986914,0,0,3,50.0
2026-03-05T05:36:17.992855,0,0,2,51.0
2026-03-05T05:36:18.999967,0,0,2,50.0
2026-03-05T05:36:20.005931,0,0,2,50.0
2026-03-05T05:36:21.012913,0,0,2,51.0
2026-03-05T05:36:22.017871,0,0,2,50.0
2026-03-05T05:36:23.024836,0,0,2,50.0
2026-03-05T05:36:25.026618,0,0,2,50.0
2026-03-05T05:36:25.037680,0,0,2,51.0
2026-03-05T05:36:26.043691,0,0,2,50.0
2026-03-05T05:36:27.049691,0,0,2,50.0
2026-03-05T05:36:28.056641,0,0,3,51.0
2026-03-05T05:36:29.062616,0,0,2,50.0
2026-03-05T05:36:30.066571,0,0,3,50.0
2026-03-05T05:36:32.068340,0,0,3,51.0
2026-03-05T05:36:32.081485,0,0,2,50.0
2026-03-05T05:36:33.088530,0,0,2,50.0
2026-03-05T05:36:34.094551,0,0,2,51.0
2026-03-05T05:36:35.100466,0,0,2,50.0
2026-03-05T05:36:36.106470,0,0,2,50.0
2026-03-05T05:36:37.113412,0,0,2,51.0
2026-03-05T05:36:39.115203,0,0,2,50.0
2026-03-05T05:36:39.125455,0,0,2,50.0
2026-03-05T05:36:40.131464,0,0,2,51.0
2026-03-05T05:36:42.133215,0,0,3,50.0
2026-03-05T05:36:42.145396,0,0,2,50.0
2026-03-05T05:36:43.150412,0,0,2,50.0
2026-03-05T05:36:44.157312,0,0,2,51.0
2026-03-05T05:36:45.163293,0,0,2,50.0
2026-03-05T05:36:46.170325,0,0,3,50.0
2026-03-05T05:36:47.174301,0,0,3,51.0
2026-03-05T05:36:48.182335,0,0,2,50.0
2026-03-05T05:36:49.189191,0,0,2,50.0
2026-03-05T05:36:50.195174,0,0,2,51.0
2026-03-05T05:36:51.202225,0,0,3,50.0
2026-03-05T05:36:52.207133,0,0,2,50.0
2026-03-05T05:36:53.214191,0,0,2,51.0
2026-03-05T05:36:54.220110,0,0,2,50.0
2026-03-05T05:36:55.227103,0,0,2,50.0
2026-03-05T05:36:56.231974,0,0,2,51.0
2026-03-05T05:37:35.619528,0,0,2,51.0
2026-03-05T05:37:36.626179,0,0,2,50.0
2026-03-05T05:37:37.632025,0,0,2,51.0
2026-03-05T05:37:39.633815,0,0,2,50.0
2026-03-05T05:39:07.137588,0,0,3,50.0
2026-03-05T05:39:09.620890,0,0,2,51.0
2026-03-05T05:39:10.627843,0,0,2,50.0
2026-03-05T05:39:11.631789,0,0,2,51.0
2026-03-05T05:39:12.640816,0,0,2,50.0
2026-03-05T05:39:13.645776,0,0,2,50.0
2026-03-05T05:39:14.652746,0,0,2,51.0
2026-03-05T05:39:15.658745,0,0,2,50.0
2026-03-05T05:39:16.664687,0,0,2,50.0
2026-03-05T05:39:17.671690,0,0,2,50.0
2026-03-05T05:39:18.675623,0,0,2,51.0
2026-03-05T05:39:19.684707,0,0,2,50.0
2026-03-05T05:39:20.690658,0,0,2,50.0
2026-03-05T05:39:22.692660,0,0,2,51.0
2026-03-05T05:39:22.702530,0,0,2,50.0
2026-03-05T05:39:23.709500,0,0,2,50.0
2026-03-05T05:39:24.715483,0,0,2,51.0
2026-03-05T05:39:25.722541,0,0,4,50.0
2026-03-05T05:39:26.728429,0,0,2,50.0
2026-03-05T05:39:27.734405,0,0,2,51.0
2026-03-05T05:39:29.736215,0,0,2,50.0
2026-03-05T05:39:29.747362,0,0,2,50.0
2026-03-05T05:39:30.753364,0,0,3,51.0
2026-03-05T05:39:31.759329,0,0,2,50.0
2026-03-05T05:39:32.766276,0,0,0,50.0
2026-03-05T05:39:33.773284,0,0,2,51.0
2026-03-05T05:39:34.779294,0,0,2,50.0
2026-03-05T05:39:36.781103,0,0,2,50.0
2026-03-05T05:39:36.791154,0,0,3,50.0
2026-03-05T05:39:37.798219,0,0,1,51.0
2026-03-05T05:39:38.804117,0,0,3,50.0
2026-03-05T05:39:39.810204,0,0,2,50.0
2026-03-05T05:39:40.816063,0,0,2,51.0
2026-03-05T05:39:41.822989,0,0,2,50.0
2026-03-05T05:39:43.824785,0,0,2,50.0
2026-03-05T05:39:43.834917,0,0,2,51.0
2026-03-05T05:39:44.841959,0,0,2,50.0
2026-03-05T05:39:45.847936,0,0,2,50.0
2026-03-05T05:39:46.854916,0,0,3,51.0
2026-03-05T05:39:47.860901,0,0,2,50.0
2026-03-05T05:39:48.864786,0,0,2,50.0
2026-03-05T05:40:33.146599,0,0,2,50.0
2026-03-05T05:40:35.629826,0,0,2,51.0
2026-03-05T05:40:36.636813,0,0,2,51.0
2026-03-05T05:40:37.640714,0,0,2,50.0
2026-03-05T05:40:38.649703,0,0,2,50.0
2026-03-05T05:40:39.654684,0,0,2,51.0
2026-03-05T05:40:40.661615,0,0,2,50.0
2026-03-05T05:40:41.667639,0,0,2,50.0
2026-03-05T05:40:42.674582,0,0,2,51.0
2026-03-05T05:40:43.681582,0,0,2,50.0
2026-03-05T05:40:44.685569,0,0,2,50.0
2026-03-05T05:40:46.687299,0,0,2,51.0
2026-03-05T05:40:46.699452,0,0,2,50.0
2026-03-05T05:40:47.706491,0,0,2,50.0
2026-03-05T05:40:48.711485,0,0,2,50.0
2026-03-05T05:40:49.718486,0,0,2,51.0
2026-03-05T05:40:50.724406,0,0,2,50.0
2026-03-05T05:40:51.731400,0,0,2,50.0
2026-03-05T05:40:52.737356,0,0,2,51.0
2026-03-05T05:40:54.739135,0,0,2,50.0
2026-03-05T05:40:54.750356,0,0,2,50.0
2026-03-05T05:40:56.752136,0,0,2,51.0
2026-03-05T05:40:56.763157,0,0,2,50.0
2026-03-05T05:40:57.768189,0,0,3,50.0
2026-03-05T05:40:58.775229,0,0,2,51.0
2026-03-05T05:40:59.782301,0,0,2,50.0
2026-03-05T05:41:00.788207,0,0,3,50.0
2026-03-05T05:41:01.792212,0,0,2,51.0
2026-03-05T05:41:02.800166,0,0,2,50.0
2026-03-05T05:41:03.807114,0,0,1,50.0
2026-03-05T05:41:04.813091,0,0,2,50.0
2026-03-05T05:41:05.819082,0,0,2,51.0
2026-03-05T05:41:06.825052,0,0,2,50.0
2026-03-05T05:41:07.831990,0,0,2,50.0
2026-03-05T05:41:08.838993,0,0,2,51.0
2026-03-05T05:41:10.840805,0,0,2,50.0
2026-03-05T05:41:38.796822,0,0,2,50.0
2026-03-05T05:41:41.280222,0,0,2,51.0
2026-03-05T05:41:42.287183,0,0,2,50.0
2026-03-05T05:41:43.293159,0,0,2,51.0
2026-03-05T05:41:44.298168,0,0,2,50.0
2026-03-05T05:41:45.305183,0,0,2,50.0
2026-03-05T05:41:46.312110,0,0,2,50.0
2026-03-05T05:41:47.318164,0,0,0,51.0
2026-03-05T05:41:48.325075,0,0,3,50.0
2026-03-05T05:41:49.331987,0,0,3,50.0
2026-03-05T05:41:50.336965,0,0,3,51.0
2026-03-05T05:41:51.343961,0,0,3,50.0
2026-03-05T05:41:52.349899,0,0,2,50.0
2026-03-05T05:41:53.356893,0,0,2,51.0
2026-03-05T05:41:54.361834,0,0,3,50.0
2026-03-05T05:41:56.363684,0,0,2,50.0
2026-03-05T05:41:56.373815,0,0,2,51.0
2026-03-05T05:41:57.381816,0,0,2,50.0
2026-03-05T05:41:58.386770,0,0,1,50.0
2026-03-05T05:41:59.393765,0,0,2,51.0
2026-03-05T05:42:00.400740,0,0,2,50.0
2026-03-05T05:42:01.406691,0,0,3,50.0
2026-03-05T05:42:02.413710,0,0,2,51.0
2026-03-05T05:42:03.418654,0,0,2,50.0
2026-03-05T05:42:04.425618,0,0,2,50.0
2026-03-05T05:42:05.432595,0,0,3,50.0
2026-03-05T05:42:06.438580,0,0,2,51.0
2026-03-05T05:42:07.444544,0,0,2,50.0
2026-03-05T05:42:08.449470,0,0,3,50.0
2026-03-05T05:42:28.383578,0,0,2,50.0
2026-03-05T05:42:30.867008,0,0,2,51.0
2026-03-05T05:42:31.873959,0,0,2,51.0
2026-03-05T05:42:32.879994,0,0,2,50.0
2026-03-05T05:42:34.881802,0,0,3,50.0
2026-03-05T05:42:34.891875,0,0,2,50.0
2026-03-05T05:42:35.898881,0,0,3,51.0
2026-03-05T05:42:36.904846,0,0,2,50.0
2026-03-05T05:42:37.910833,0,0,2,50.0
2026-03-05T05:42:38.918815,0,0,2,51.0
2026-03-05T05:42:39.923780,0,0,2,50.0
2026-03-05T05:42:40.930781,0,0,2,50.0
2026-03-05T05:42:41.936823,0,0,3,51.0
2026-03-05T05:42:42.943768,0,0,2,50.0
2026-03-05T05:42:43.948725,0,0,2,50.0
2026-03-05T05:42:44.955726,0,0,3,51.0
2026-03-05T05:42:45.961708,0,0,2,50.0
2026-03-05T05:42:46.967669,0,0,2,50.0
2026-03-05T05:42:47.974573,0,0,2,51.0
2026-03-05T05:42:49.976340,0,0,2,50.0
2026-03-05T05:43:59.896576,0,0,2,51.0
2026-03-05T05:44:02.379841,0,0,2,52.0
2026-03-05T05:44:03.386824,0,0,2,50.0
2026-03-05T05:44:04.392806,0,0,2,50.0
2026-03-05T05:44:06.394523,0,0,2,51.0
2026-03-05T05:44:06.404680,0,0,2,50.0
2026-03-05T05:44:07.411699,0,0,2,50.0
2026-03-05T05:44:08.417711,0,0,2,51.0
2026-03-05T05:44:09.424673,0,0,2,50.0
2026-03-05T05:44:10.431552,0,0,3,50.0
2026-03-05T05:44:11.436612,0,0,2,51.0
2026-03-05T05:44:12.443577,0,0,2,50.0
2026-03-05T05:44:13.449685,0,0,6,50.0
2026-03-05T05:44:14.456521,0,0,2,51.0
2026-03-05T05:44:15.461493,0,0,2,50.0
2026-03-05T05:44:16.468489,0,0,2,50.0
2026-03-05T05:44:17.474492,0,0,2,51.0
2026-03-05T05:44:18.481419,0,0,1,50.0
2026-03-05T05:44:19.487415,0,0,2,50.0
2026-03-05T05:44:20.493419,0,0,2,50.0
2026-03-05T05:44:21.500368,0,0,2,51.0
2026-03-05T05:44:22.506395,0,0,1,51.0
2026-03-05T05:44:23.512306,0,0,2,50.0
2026-03-05T05:44:24.518354,0,0,4,51.0
2026-03-05T05:44:25.525261,0,0,2,50.0
2026-03-05T05:44:26.532261,0,0,2,50.0
2026-03-05T05:44:27.538356,0,0,3,51.0
2026-03-05T05:44:28.544226,0,0,2,50.0
2026-03-05T05:44:29.550265,0,0,2,50.0
2026-03-05T05:44:30.557137,0,0,2,51.0
2026-03-05T05:44:31.563173,0,0,2,50.0
2026-03-05T05:44:32.569118,0,0,3,50.0
2026-03-05T05:44:33.575101,0,0,2,51.0
2026-03-05T05:44:34.582195,0,0,2,50.0
2026-03-05T05:44:35.588046,0,0,2,50.0
2026-03-05T05:44:36.593925,0,0,2,51.0
2026-03-05T05:44:37.600992,0,0,2,50.0
2026-03-05T05:44:38.606966,0,0,2,50.0
2026-03-05T05:44:39.613930,0,0,2,50.0
2026-03-05T05:44:40.619906,0,0,2,51.0
2026-03-05T05:44:41.625922,0,0,2,50.0
2026-03-05T05:44:43.627862,0,0,2,50.0
2026-03-05T05:44:43.638783,0,0,3,51.0
2026-03-05T05:44:44.645857,0,0,3,50.0
2026-03-05T05:44:45.650835,0,0,2,50.0
2026-03-05T05:44:46.657798,0,0,2,51.0
2026-03-05T05:44:47.663745,0,0,2,50.0
2026-03-05T05:44:48.670740,0,0,2,50.0
2026-03-05T05:44:49.675733,0,0,2,51.0
2026-03-05T05:44:51.677530,0,0,2,50.0
2026-03-05T05:44:51.688618,0,0,3,50.0
2026-03-05T05:44:52.695654,0,0,2,51.0
2026-03-05T05:44:53.702607,0,0,2,50.0
2026-03-05T05:44:54.707576,0,0,2,50.0
2026-03-05T05:44:55.714532,0,0,2,51.0
2026-03-05T05:44:56.720562,0,0,2,50.0
2026-03-05T05:44:57.726514,0,0,2,50.0
2026-03-05T05:44:59.728282,0,0,2,50.0
2026-03-05T05:44:59.739501,0,0,2,51.0
2026-03-05T05:45:00.746664,0,0,2,50.0
2026-03-05T05:45:02.748552,0,0,2,50.0
2026-03-05T05:46:27.143024,0,0,2,50.0
2026-03-05T05:46:29.626444,0,0,2,51.0
2026-03-05T05:46:30.633279,0,0,2,50.0
2026-03-05T05:46:31.637341,0,0,2,51.0
2026-03-05T05:46:32.646405,0,0,2,50.0
2026-03-05T05:46:33.651310,0,0,2,50.0
2026-03-05T05:46:34.658366,0,0,3,51.0
2026-03-05T05:46:35.664251,0,0,3,50.0
2026-03-05T05:48:23.384270,0,0,2,50.0
2026-03-05T05:48:25.867583,0,0,2,51.0
2026-03-05T05:48:26.874631,0,0,2,50.0
2026-03-05T05:48:27.880504,0,0,2,51.0
2026-03-05T05:48:28.887566,0,0,2,50.0
2026-03-05T05:48:29.892549,0,0,2,50.0
2026-03-05T05:48:30.899430,0,0,3,51.0
2026-03-05T05:48:31.905375,0,0,2,50.0
2026-03-05T05:48:32.912384,0,0,2,50.0
2026-03-05T05:48:33.918423,0,0,3,51.0
2026-03-05T05:48:34.924323,0,0,2,50.0
2026-03-05T05:48:35.931243,0,0,2,50.0
2026-03-05T05:48:37.933017,0,0,2,51.0
2026-03-05T05:48:37.944193,0,0,2,50.0
2026-03-05T05:48:38.949198,0,0,2,50.0
2026-03-05T05:48:39.956200,0,0,2,51.0
2026-03-05T05:48:40.962290,0,0,2,50.0
2026-03-05T05:48:41.969115,0,0,2,50.0
2026-03-05T05:48:42.975071,0,0,2,51.0
2026-03-05T05:48:44.976827,0,0,2,50.0
2026-03-05T05:48:44.988053,0,0,2,50.0
2026-03-05T05:49:04.889227,0,0,2,50.0
2026-03-05T05:49:07.372541,0,0,2,51.0
2026-03-05T05:49:08.379580,0,0,2,51.0
2026-03-05T05:49:09.383578,0,0,2,50.0
2026-03-05T05:49:10.392505,0,0,2,50.0
2026-03-05T05:49:11.397494,0,0,2,51.0
2026-03-05T05:49:12.404490,0,0,2,50.0
2026-03-05T05:49:13.410507,0,0,2,50.0
2026-03-05T05:49:14.417428,0,0,2,51.0
2026-03-05T05:49:15.423409,0,0,5,50.0
2026-03-05T05:49:16.429303,0,0,2,50.0
2026-03-05T05:49:18.431033,0,0,2,51.0
2026-03-05T05:49:18.442318,0,0,2,50.0
2026-03-05T05:49:19.449257,0,0,2,50.0
2026-03-05T05:49:20.454329,0,0,2,50.0
2026-03-05T05:49:30.897658,0,0,2,52.0
2026-03-05T05:49:31.903995,0,0,2,50.0
2026-03-05T05:49:32.909913,0,0,2,50.0
2026-03-05T05:49:34.911764,0,0,2,51.0
2026-03-05T05:49:34.921830,0,0,2,50.0
2026-03-05T05:49:35.928882,0,0,2,50.0
2026-03-05T05:49:36.934861,0,0,2,50.0
2026-03-05T05:49:37.941832,0,0,2,51.0
2026-03-05T05:49:38.947831,0,0,2,50.0
2026-03-05T05:49:39.953778,0,0,2,50.0
2026-03-05T05:49:40.960848,0,0,3,51.0
2026-03-05T05:49:41.966846,0,0,3,50.0
2026-03-05T05:49:42.973793,0,0,2,50.0
2026-03-05T05:49:44.975680,0,0,2,51.0
2026-03-05T05:49:44.985676,0,0,3,50.0
2026-03-05T05:49:45.991661,0,0,2,50.0
2026-03-05T05:49:46.998599,0,0,2,51.0
2026-03-05T05:49:48.004595,0,0,2,50.0
2026-03-05T05:49:49.010573,0,0,2,50.0
2026-03-05T05:49:50.017540,0,0,2,51.0
2026-03-05T05:49:51.022517,0,0,3,50.0
2026-03-05T05:49:53.024285,0,0,4,50.0
2026-03-05T05:49:53.035401,0,0,2,50.0
2026-03-05T05:49:54.042475,0,0,2,51.0
2026-03-05T05:49:55.049393,0,0,2,50.0
2026-03-05T05:49:56.055375,0,0,3,50.0
2026-03-05T05:49:57.061350,0,0,3,51.0
2026-03-05T05:49:58.067325,0,0,2,50.0
2026-03-05T05:49:59.074442,0,0,2,50.0
2026-03-05T05:50:00.080327,0,0,2,51.0
2026-03-05T05:50:01.086400,0,0,2,50.0
2026-03-05T05:50:02.092325,0,0,3,50.0
2026-03-05T05:50:03.099303,0,0,2,51.0
2026-03-05T05:50:04.106307,0,0,2,50.0
2026-03-05T05:50:05.111188,0,0,2,50.0
2026-03-05T05:50:06.118245,0,0,2,51.0
2026-03-05T05:50:07.124128,0,0,2,50.0
2026-03-05T05:50:08.131121,0,0,2,50.0
2026-03-05T05:50:09.136089,0,0,3,51.0
2026-03-05T05:50:10.142649,0,0,2,50.0
2026-03-05T05:50:11.150139,0,0,2,50.0
2026-03-05T05:50:12.154156,0,0,3,50.0
2026-03-05T05:50:13.163040,0,0,2,51.0
2026-03-05T05:50:14.168015,0,0,2,50.0
2026-03-05T05:50:15.174996,0,0,2,50.0
2026-03-05T05:50:16.180947,0,0,2,51.0
2026-03-05T05:50:17.187922,0,0,2,50.0
2026-03-05T05:50:18.192913,0,0,3,50.0
2026-03-05T05:50:19.197862,0,0,2,51.0
2026-03-05T05:50:20.206879,0,0,2,50.0
2026-03-05T05:50:21.212843,0,0,2,50.0
2026-03-05T05:50:22.219816,0,0,2,51.0
2026-03-05T05:50:23.224762,0,0,2,50.0
2026-03-05T05:50:24.231773,0,0,2,50.0
2026-03-05T05:50:25.237743,0,0,2,51.0
2026-03-05T05:50:26.243694,0,0,2,50.0
2026-03-05T05:50:27.250756,0,0,2,50.0
2026-03-05T05:50:29.252477,0,0,2,51.0
2026-03-05T05:50:29.262589,0,0,2,50.0
2026-03-05T05:50:30.269582,0,0,3,50.0
2026-03-05T05:50:31.275561,0,0,2,50.0
2026-03-05T05:50:32.281532,0,0,2,51.0
2026-03-05T05:50:33.288517,0,0,2,50.0
2026-03-05T05:50:34.294590,0,0,2,50.0
2026-03-05T05:50:36.296329,0,0,2,51.0
2026-03-05T05:50:36.307432,0,0,2,50.0
2026-03-05T05:50:37.313415,0,0,2,50.0
2026-03-05T05:50:38.320376,0,0,2,51.0
2026-03-05T05:50:39.326436,0,0,2,50.0
2026-03-05T05:50:40.332318,0,0,3,50.0
2026-03-05T05:50:41.338383,0,0,2,51.0
2026-03-05T05:50:42.345299,0,0,2,50.0
2026-03-05T05:50:43.352312,0,0,2,50.0
2026-03-05T05:50:44.357265,0,0,2,51.0
2026-03-05T05:50:45.364235,0,0,2,50.0
2026-03-05T05:50:46.370278,0,0,2,50.0
2026-03-05T05:50:47.377161,0,0,2,51.0
2026-03-05T05:50:48.381190,0,0,2,50.0
2026-03-05T05:50:49.389175,0,0,2,50.0
2026-03-05T05:50:50.395128,0,0,2,50.0
2026-03-05T05:50:51.402149,0,0,3,51.0
2026-03-05T05:50:52.409025,0,0,2,50.0
2026-03-05T05:50:53.414134,0,0,2,50.0
2026-03-05T05:50:54.421026,0,0,2,51.0
2026-03-05T05:50:55.427009,0,0,2,50.0
2026-03-05T05:50:56.433965,0,0,2,50.0
2026-03-05T05:50:57.438938,0,0,2,51.0
2026-03-05T05:50:58.445902,0,0,2,50.0
2026-03-05T05:50:59.452912,0,0,3,50.0
2026-03-05T05:51:00.458899,0,0,2,51.0
2026-03-05T05:51:01.464857,0,0,2,50.0
2026-03-05T05:51:02.470678,0,0,2,50.0
2026-03-05T05:51:03.477698,0,0,2,51.0
2026-03-05T05:51:04.483770,0,0,2,50.0
2026-03-05T05:51:05.490752,0,0,2,50.0
2026-03-05T05:51:06.495744,0,0,2,50.0
2026-03-05T05:51:07.502703,0,0,3,51.0
2026-03-05T05:51:08.509679,0,0,2,50.0
2026-03-05T05:51:09.515649,0,0,2,50.0
2026-03-05T05:51:10.521628,0,0,2,51.0
2026-03-05T05:51:11.526692,0,0,2,50.0
2026-03-05T05:51:12.534596,0,0,2,50.0
2026-03-05T05:51:13.540569,0,0,2,51.0
2026-03-05T05:51:14.546565,0,0,2,50.0
2026-03-05T05:51:15.553488,0,0,2,50.0
2026-03-05T05:51:16.559496,0,0,2,51.0
2026-03-05T05:51:17.566504,0,0,2,50.0
2026-03-05T05:51:18.572436,0,0,2,50.0
2026-03-05T05:51:19.578495,0,0,3,51.0
2026-03-05T05:51:20.584369,0,0,2,50.0
2026-03-05T05:51:21.590446,0,0,3,50.0
2026-03-05T05:51:22.597322,0,0,2,51.0
2026-03-05T05:51:23.603310,0,0,2,50.0
2026-03-05T05:51:24.610352,0,0,2,50.0
2026-03-05T05:51:25.616234,0,0,2,50.0
2026-03-05T05:51:26.623207,0,0,2,51.0
2026-03-05T05:51:27.628287,0,0,2,50.0
2026-03-05T05:51:28.635148,0,0,2,50.0
2026-03-05T05:51:29.641126,0,0,2,51.0
2026-03-05T05:51:30.647146,0,0,2,50.0
2026-03-05T05:51:31.655218,0,0,3,50.0
2026-03-05T05:51:32.660147,0,0,2,51.0
2026-03-05T05:51:33.667120,0,0,2,50.0
2026-03-05T05:51:35.668878,0,0,2,50.0
2026-03-05T05:51:35.679992,0,0,2,51.0
2026-03-05T05:53:06.386683,0,0,2,50.0
2026-03-05T05:53:08.869868,0,0,2,51.0
2026-03-05T05:53:09.876845,0,0,2,50.0
2026-03-05T05:53:10.882824,0,0,2,51.0
2026-03-05T05:53:12.884714,0,0,2,50.0
2026-03-05T05:53:12.894724,0,0,2,50.0
2026-03-05T05:53:13.901705,0,0,2,51.0
2026-03-05T05:53:14.906670,0,0,2,50.0
2026-03-05T05:53:15.914658,0,0,2,50.0
2026-03-05T05:53:16.920635,0,0,2,51.0
2026-03-05T05:53:17.926606,0,0,2,50.0
2026-03-05T05:53:18.933589,0,0,2,50.0
2026-03-05T05:53:20.935441,0,0,2,51.0
2026-03-05T05:53:20.945552,0,0,2,50.0
2026-03-05T05:53:21.951543,0,0,2,50.0
2026-03-05T05:53:22.958530,0,0,2,51.0
2026-03-05T05:53:23.964461,0,0,2,50.0
2026-03-05T05:53:24.971461,0,0,2,50.0
2026-03-05T05:53:25.977323,0,0,2,51.0
2026-03-05T05:53:26.983433,0,0,2,50.0
2026-03-05T05:53:28.985242,0,0,2,50.0
2026-03-05T05:53:28.996373,0,0,3,50.0
2026-03-05T05:53:30.002399,0,0,3,51.0
2026-03-05T05:53:31.008347,0,0,3,50.0
2026-03-05T05:53:32.014681,0,0,2,50.0
2026-03-05T05:53:33.022355,0,0,0,51.0
2026-03-05T05:53:34.027268,0,0,2,50.0
2026-03-05T05:53:35.034357,0,0,3,50.0
2026-03-05T05:53:37.036265,0,0,2,51.0
2026-03-05T05:53:37.047087,0,0,2,50.0
2026-03-05T05:53:38.053158,0,0,2,50.0
2026-03-05T05:53:39.059158,0,0,2,51.0
2026-03-05T05:53:40.065125,0,0,2,50.0
2026-03-05T05:53:41.072101,0,0,2,50.0
2026-03-05T05:53:42.079085,0,0,2,51.0
2026-03-05T05:53:43.083916,0,0,2,50.0
2026-03-05T05:53:45.085655,0,0,2,50.0
2026-03-05T05:53:45.096855,0,0,2,50.0
2026-03-05T05:53:46.103856,0,0,2,51.0
2026-03-05T05:53:47.108866,0,0,2,50.0
2026-03-05T05:53:48.115835,0,0,2,50.0
2026-03-05T05:53:49.122838,0,0,2,51.0
2026-03-05T05:53:50.128851,0,0,2,50.0
2026-03-05T05:53:51.135885,0,0,2,50.0
2026-03-05T05:53:52.140839,0,0,2,51.0
2026-03-05T05:53:54.142614,0,0,2,50.0
2026-03-05T05:53:54.153658,0,0,2,50.0
2026-03-05T05:53:55.160672,0,0,2,51.0
2026-03-05T05:53:56.165637,0,0,1,50.0
2026-03-05T05:53:57.172626,0,0,2,50.0
2026-03-05T05:53:58.179597,0,0,2,51.0
2026-03-05T05:53:59.185557,0,0,2,50.0
2026-03-05T05:54:01.187291,0,0,3,50.0
2026-03-05T05:54:01.197503,0,0,2,51.0
2026-03-05T05:54:02.204491,0,0,2,50.0
2026-03-05T05:54:03.210516,0,0,2,50.0
2026-03-05T05:54:04.216460,0,0,2,50.0
2026-03-05T05:54:05.223565,0,0,2,51.0
2026-03-05T05:54:06.229403,0,0,2,50.0
2026-03-05T05:54:07.236422,0,0,3,50.0
2026-03-05T05:54:08.242471,0,0,2,51.0
2026-03-05T05:54:09.248364,0,0,2,50.0
2026-03-05T05:54:10.254433,0,0,2,50.0
2026-03-05T05:54:11.261303,0,0,2,51.0
2026-03-05T05:54:12.267296,0,0,2,50.0
2026-03-05T05:54:13.271276,0,0,3,50.0
2026-03-05T05:54:14.280353,0,0,2,51.0
2026-03-05T05:54:15.286355,0,0,2,50.0
2026-03-05T05:54:16.293240,0,0,2,50.0
2026-03-05T05:54:17.298243,0,0,2,51.0
2026-03-05T05:54:18.305107,0,0,2,50.0
2026-03-05T05:54:19.311104,0,0,2,50.0
2026-03-05T05:54:20.318157,0,0,2,51.0
2026-03-05T05:54:21.325043,0,0,3,50.0
2026-03-05T05:54:22.330070,0,0,1,50.0
2026-03-05T05:54:23.337086,0,0,2,50.0
2026-03-05T05:54:24.342728,0,0,2,51.0
2026-03-05T05:54:25.350104,0,0,2,50.0
2026-03-05T05:54:26.355025,0,0,1,50.0
2026-03-05T05:54:27.362061,0,0,2,51.0
2026-03-05T05:54:28.367950,0,0,3,50.0
2026-03-05T05:54:29.374882,0,0,2,50.0
2026-03-05T05:54:30.380858,0,0,3,51.0
2026-03-05T05:54:31.386848,0,0,2,50.0
2026-03-05T05:54:32.393838,0,0,2,50.0
2026-03-05T05:54:33.399806,0,0,3,51.0
2026-03-05T05:54:34.406778,0,0,2,50.0
2026-03-05T05:54:35.411756,0,0,2,50.0
2026-03-05T05:54:36.418726,0,0,3,51.0
2026-03-05T05:54:37.425734,0,0,3,50.0
2026-03-05T05:54:38.431613,0,0,2,50.0
2026-03-05T05:54:39.437657,0,0,2,51.0
2026-03-05T05:54:40.443623,0,0,2,50.0
2026-03-05T05:54:41.450615,0,0,2,50.0
2026-03-05T05:54:42.456584,0,0,1,50.0
2026-03-05T05:54:43.462567,0,0,2,51.0
2026-03-05T05:54:44.468534,0,0,2,50.0
2026-03-05T05:54:46.470340,0,0,2,50.0
2026-03-05T05:54:46.482582,0,0,2,51.0
2026-03-05T05:54:47.488449,0,0,2,50.0
2026-03-05T05:54:48.494456,0,0,2,50.0
2026-03-05T05:54:49.500401,0,0,2,51.0
2026-03-05T05:54:50.507393,0,0,2,50.0
2026-03-05T05:54:51.513312,0,0,2,50.0
2026-03-05T05:54:52.519327,0,0,2,51.0
2026-03-05T05:54:54.521057,0,0,2,50.0
2026-03-05T05:54:54.532347,0,0,2,50.0
2026-03-05T05:54:55.539253,0,0,2,51.0
2026-03-05T05:54:56.544216,0,0,2,50.0
2026-03-05T05:54:57.551175,0,0,2,50.0
2026-03-05T05:55:07.386709,0,0,2,50.0
2026-03-05T05:55:09.869895,0,0,2,51.0
2026-03-05T05:55:10.876985,0,0,2,50.0
2026-03-05T05:55:11.882957,0,0,2,51.0
2026-03-05T05:55:13.884824,0,0,2,50.0
2026-03-05T05:55:13.894778,0,0,2,50.0
2026-03-05T05:55:14.901801,0,0,2,51.0
2026-03-05T05:55:15.907768,0,0,0,50.0
2026-03-05T05:55:16.914742,0,0,2,50.0
2026-03-05T05:55:17.920721,0,0,2,51.0
2026-03-05T05:55:18.926634,0,0,2,50.0
2026-03-05T05:55:20.928403,0,0,2,50.0
2026-03-05T05:55:20.939597,0,0,2,51.0
2026-03-05T05:55:21.946605,0,0,2,50.0
2026-03-05T05:55:22.951584,0,0,2,50.0
2026-03-05T05:55:23.958581,0,0,2,51.0
2026-03-05T05:55:24.964524,0,0,2,50.0
2026-03-05T05:55:25.971496,0,0,2,50.0
2026-03-05T05:55:26.977573,0,0,2,51.0
2026-03-05T05:55:28.979399,0,0,2,50.0
2026-03-05T05:55:28.990500,0,0,2,50.0
2026-03-05T05:55:29.996419,0,0,2,50.0
2026-03-05T05:55:31.002462,0,0,1,51.0
2026-03-05T05:55:41.635764,0,0,2,51.0
2026-03-05T05:55:42.642240,0,0,3,51.0
2026-03-05T05:55:43.647162,0,0,3,50.0
2026-03-05T05:55:44.655121,0,0,2,50.0
2026-03-05T05:55:45.660108,0,0,2,51.0
2026-03-05T05:55:46.667081,0,0,2,50.0
2026-03-05T05:55:47.672051,0,0,2,50.0
2026-03-05T05:55:48.680025,0,0,3,51.0
2026-03-05T05:55:49.686101,0,0,2,50.0
2026-03-05T05:55:50.690906,0,0,2,50.0
2026-03-05T05:55:51.698992,0,0,3,51.0
2026-03-05T05:55:52.704936,0,0,2,50.0
2026-03-05T05:55:53.711911,0,0,2,50.0
2026-03-05T05:55:54.716870,0,0,2,50.0
2026-03-05T05:55:55.723835,0,0,2,51.0
2026-03-05T05:55:56.729830,0,0,2,50.0
2026-03-05T05:55:57.735802,0,0,2,50.0
2026-03-05T05:55:58.742814,0,0,2,51.0
2026-03-05T05:55:59.748770,0,0,2,50.0
2026-03-05T05:56:00.755770,0,0,2,50.0
2026-03-05T05:56:01.761699,0,0,2,51.0
2026-03-05T05:56:02.767708,0,0,2,50.0
2026-03-05T05:56:03.773665,0,0,2,50.0
2026-03-05T05:56:04.778685,0,0,2,51.0
2026-03-05T05:56:06.780529,0,0,2,50.0
2026-03-05T05:56:44.122427,0,0,2,52.0
2026-03-05T05:56:45.128653,0,0,2,50.0
2026-03-05T05:56:46.133577,0,0,3,50.0
2026-03-05T05:56:48.134506,0,0,3,51.0
2026-03-05T05:56:48.146556,0,0,2,50.0
2026-03-05T05:56:49.153623,0,0,2,50.0
2026-03-05T05:56:50.159590,0,0,3,51.0
2026-03-05T05:56:51.166564,0,0,4,50.0
2026-03-05T05:56:52.172492,0,0,2,50.0
2026-03-05T05:56:53.178508,0,0,2,51.0
2026-03-05T05:56:54.185407,0,0,3,50.0
2026-03-05T05:56:55.191421,0,0,2,50.0
2026-03-05T05:56:56.198442,0,0,1,50.0
2026-03-05T05:56:57.203287,0,0,2,51.0
2026-03-05T05:56:59.205053,0,0,3,50.0
2026-03-05T05:56:59.216294,0,0,2,50.0
2026-03-05T05:57:00.223337,0,0,2,51.0
2026-03-05T05:57:01.229282,0,0,3,50.0
2026-03-05T05:57:02.235266,0,0,2,50.0
2026-03-05T05:57:03.242308,0,0,3,51.0
2026-03-05T05:57:04.248205,0,0,2,50.0
2026-03-05T05:57:05.254252,0,0,2,50.0
2026-03-05T05:57:06.260248,0,0,2,51.0
2026-03-05T05:57:08.262071,0,0,3,50.0
2026-03-05T05:57:08.274207,0,0,2,50.0
2026-03-05T05:57:10.275966,0,0,3,51.0
2026-03-05T05:57:10.286131,0,0,2,50.0
2026-03-05T05:57:12.287918,0,0,3,50.0
2026-03-05T05:57:12.298951,0,0,2,51.0
2026-03-05T05:57:13.305001,0,0,2,50.0
2026-03-05T05:57:14.310972,0,0,2,50.0
2026-03-05T05:57:15.316955,0,0,2,50.0
2026-03-05T05:57:16.323923,0,0,3,51.0
2026-03-05T05:57:17.330887,0,0,2,50.0
2026-03-05T05:57:18.335905,0,0,2,50.0
2026-03-05T05:57:20.337658,0,0,3,51.0
2026-03-05T05:57:33.626384,0,0,2,51.0
2026-03-05T05:57:34.632531,0,0,2,50.0
2026-03-05T05:57:35.636546,0,0,2,50.0
2026-03-05T05:57:36.645520,0,0,2,51.0
2026-03-05T05:57:37.650572,0,0,3,50.0
2026-03-05T05:57:39.652429,0,0,2,50.0
2026-03-05T05:57:39.663393,0,0,2,51.0
2026-03-05T05:57:40.670455,0,0,2,50.0
2026-03-05T05:57:41.676367,0,0,2,50.0
2026-03-05T05:57:42.682410,0,0,2,51.0
2026-03-05T05:57:43.689317,0,0,2,50.0
2026-03-05T05:57:44.694371,0,0,2,50.0
2026-03-05T05:57:45.702390,0,0,2,51.0
2026-03-05T05:57:46.706675,0,0,2,50.0
2026-03-05T05:57:47.714332,0,0,2,50.0
2026-03-05T05:57:48.720170,0,0,3,51.0
2026-03-05T05:57:49.727166,0,0,2,50.0
2026-03-05T05:57:50.733126,0,0,2,50.0
2026-03-05T05:57:51.737132,0,0,2,51.0
2026-03-05T05:57:53.738965,0,0,2,50.0
2026-03-05T05:58:46.637384,0,0,2,50.0
2026-03-05T05:58:49.120736,0,0,2,52.0
2026-03-05T05:58:50.127700,0,0,3,50.0
2026-03-05T05:58:51.131665,0,0,2,50.0
2026-03-05T05:58:52.140661,0,0,2,51.0
2026-03-05T05:58:53.145634,0,0,2,50.0
2026-03-05T05:58:54.152592,0,0,3,50.0
2026-03-05T05:58:55.157574,0,0,2,50.0
2026-03-05T05:58:56.165560,0,0,2,51.0
2026-03-05T05:58:57.171519,0,0,2,50.0
2026-03-05T05:58:58.175536,0,0,2,50.0
2026-03-05T05:59:00.177302,0,0,3,51.0
2026-03-05T05:59:00.190542,0,0,3,50.0
2026-03-05T05:59:01.197459,0,0,3,50.0
2026-03-05T05:59:02.202477,0,0,2,51.0
2026-03-05T05:59:03.209412,0,0,2,50.0
2026-03-05T05:59:04.215361,0,0,2,50.0
2026-03-05T05:59:05.222426,0,0,2,51.0
2026-03-05T05:59:06.228350,0,0,2,50.0
2026-03-05T05:59:07.234408,0,0,2,50.0
2026-03-05T05:59:08.241280,0,0,2,51.0
2026-03-05T05:59:09.247256,0,0,2,50.0
2026-03-05T05:59:10.253228,0,0,1,50.0
2026-03-05T05:59:11.259210,0,0,2,51.0
2026-03-05T05:59:12.265211,0,0,2,50.0
2026-03-05T05:59:13.273207,0,0,2,50.0
2026-03-05T05:59:14.278229,0,0,2,50.0
2026-03-05T05:59:15.285103,0,0,2,51.0
2026-03-05T05:59:17.286899,0,0,2,50.0
2026-03-05T05:59:17.297981,0,0,2,50.0
2026-03-05T05:59:18.304008,0,0,3,51.0
2026-03-05T05:59:19.309991,0,0,2,50.0
2026-03-05T05:59:20.315929,0,0,2,50.0
2026-03-05T05:59:21.322926,0,0,2,51.0
2026-03-05T05:59:22.327950,0,0,3,50.0
2026-03-05T05:59:23.334961,0,0,2,50.0
2026-03-05T05:59:24.341911,0,0,2,51.0
2026-03-05T05:59:25.347902,0,0,2,50.0
2026-03-05T05:59:26.354864,0,0,2,50.0
2026-03-05T05:59:27.359851,0,0,2,51.0
2026-03-05T05:59:28.366848,0,0,2,50.0
2026-03-05T05:59:29.373733,0,0,2,50.0
2026-03-05T05:59:56.133538,0,0,2,50.0
2026-03-05T05:59:58.617010,0,0,2,51.0
2026-03-05T05:59:59.623986,0,0,2,51.0
2026-03-05T06:00:00.626949,0,0,2,50.0
2026-03-05T06:00:02.628705,0,0,2,50.0
2026-03-05T06:00:24.120044,0,0,2,52.0
2026-03-05T06:00:25.126437,0,0,2,50.0
2026-03-05T06:00:26.130496,0,0,2,50.0
2026-03-05T06:00:28.132364,0,0,2,50.0
2026-03-05T06:01:04.140848,0,0,2,50.0
2026-03-05T06:01:06.624252,0,0,2,52.0
2026-03-05T06:01:07.631212,0,0,2,50.0
2026-03-05T06:01:08.635198,0,0,2,50.0
2026-03-05T06:01:09.644221,0,0,2,51.0
2026-03-05T06:01:10.649114,0,0,2,50.0
2026-03-05T06:01:11.656108,0,0,2,50.0
2026-03-05T06:01:12.662180,0,0,2,51.0
2026-03-05T06:01:13.669026,0,0,2,50.0
2026-03-05T06:01:14.674908,0,0,2,50.0
2026-03-05T06:01:15.680929,0,0,2,51.0
2026-03-05T06:01:16.688023,0,0,2,50.0
2026-03-05T06:01:17.693928,0,0,2,50.0
2026-03-05T06:01:18.700897,0,0,2,51.0
2026-03-05T06:01:19.705865,0,0,2,50.0
2026-03-05T06:01:20.712858,0,0,2,50.0
2026-03-05T06:01:21.718831,0,0,2,50.0
2026-03-05T06:01:22.725824,0,0,2,51.0
2026-03-05T06:01:23.731835,0,0,2,50.0
2026-03-05T06:01:24.737790,0,0,2,50.0
2026-03-05T06:01:25.744768,0,0,2,51.0
2026-03-05T06:01:26.750728,0,0,2,50.0
2026-03-05T06:01:27.756764,0,0,3,50.0
2026-03-05T06:01:28.762728,0,0,2,51.0
2026-03-05T06:01:29.769646,0,0,2,50.0
2026-03-05T06:01:30.776632,0,0,2,50.0
2026-03-05T06:01:31.782583,0,0,2,51.0
2026-03-05T06:01:32.788552,0,0,2,50.0
2026-03-05T06:01:33.794513,0,0,3,50.0
2026-03-05T06:01:34.801489,0,0,1,51.0
2026-03-05T06:01:35.807467,0,0,2,50.0
2026-03-05T06:01:36.813455,0,0,2,50.0
2026-03-05T06:01:37.819457,0,0,2,50.0
2026-03-05T06:01:38.826457,0,0,2,51.0
2026-03-05T06:01:39.832342,0,0,3,50.0
2026-03-05T06:01:40.838398,0,0,2,50.0
2026-03-05T06:01:41.845306,0,0,2,51.0
2026-03-05T06:01:42.851285,0,0,2,50.0
2026-03-05T06:01:43.858366,0,0,2,50.0
2026-03-05T06:01:44.863293,0,0,2,51.0
2026-03-05T06:01:45.870363,0,0,2,50.0
2026-03-05T06:01:46.877218,0,0,2,50.0
2026-03-05T06:01:47.883189,0,0,2,51.0
2026-03-05T06:01:48.890218,0,0,2,50.0
2026-03-05T06:01:49.895138,0,0,2,50.0
2026-03-05T06:01:50.902162,0,0,2,51.0
2026-03-05T06:01:51.908030,0,0,2,50.0
2026-03-05T06:01:52.915090,0,0,2,50.0
2026-03-05T06:01:53.920006,0,0,2,51.0
2026-03-05T06:01:54.927061,0,0,2,50.0
2026-03-05T06:01:55.934068,0,0,2,50.0
2026-03-05T06:01:56.939959,0,0,2,50.0
2026-03-05T06:01:57.945838,0,0,2,51.0
2026-03-05T06:01:58.951895,0,0,2,50.0
2026-03-05T06:02:00.953719,0,0,3,50.0
2026-03-05T06:02:00.964874,0,0,2,51.0
2026-03-05T06:02:01.971871,0,0,2,50.0
2026-03-05T06:02:02.977822,0,0,2,50.0
2026-03-05T06:02:03.982786,0,0,2,51.0
2026-03-05T06:02:04.990771,0,0,2,50.0
2026-03-05T06:02:05.996728,0,0,2,50.0
2026-03-05T06:02:07.002740,0,0,2,51.0
2026-03-05T06:02:08.008735,0,0,2,50.0
2026-03-05T06:02:09.015698,0,0,3,50.0
2026-03-05T06:02:10.021654,0,0,2,51.0
2026-03-05T06:02:11.027657,0,0,2,50.0
2026-03-05T06:02:13.029398,0,0,2,50.0
2026-03-05T06:02:13.040491,0,0,3,51.0
2026-03-05T06:02:14.047526,0,0,2,50.0
2026-03-05T06:02:15.053497,0,0,2,50.0
2026-03-05T06:02:16.059474,0,0,0,50.0
2026-03-05T06:02:17.065441,0,0,2,51.0
2026-03-05T06:02:18.070488,0,0,3,50.0
2026-03-05T06:02:20.072226,0,0,3,50.0
2026-03-05T06:02:20.084341,0,0,2,51.0
2026-03-05T06:02:21.091318,0,0,2,50.0
2026-03-05T06:02:22.097278,0,0,2,50.0
2026-03-05T06:02:23.104252,0,0,2,51.0
2026-03-05T06:02:24.109239,0,0,3,50.0
2026-03-05T06:02:25.116200,0,0,2,50.0
2026-03-05T06:02:26.121213,0,0,2,51.0
2026-03-05T06:02:27.129177,0,0,2,50.0
2026-03-05T06:02:28.136127,0,0,2,50.0
2026-03-05T06:02:29.141084,0,0,2,51.0
2026-03-05T06:02:30.148072,0,0,2,50.0
2026-03-05T06:02:31.154129,0,0,2,50.0
2026-03-05T06:02:32.160048,0,0,3,51.0
2026-03-05T06:02:33.166119,0,0,2,50.0
2026-03-05T06:02:34.173045,0,0,2,50.0
2026-03-05T06:02:35.180016,0,0,2,51.0
2026-03-05T06:02:36.185960,0,0,2,50.0
2026-03-05T06:02:37.191944,0,0,2,50.0
2026-03-05T06:02:38.197902,0,0,2,50.0
2026-03-05T06:02:39.204903,0,0,2,51.0
2026-03-05T06:02:40.210859,0,0,3,50.0
2026-03-05T06:02:41.216838,0,0,2,50.0
2026-03-05T06:02:43.218636,0,0,2,51.0
2026-03-05T06:02:43.229665,0,0,2,50.0
2026-03-05T06:02:44.236721,0,0,2,50.0
2026-03-05T06:02:45.242701,0,0,3,51.0
2026-03-05T06:02:46.248664,0,0,2,50.0
2026-03-05T06:02:47.254586,0,0,2,50.0
2026-03-05T06:02:48.261580,0,0,2,51.0
2026-03-05T06:02:50.262473,0,0,3,50.0
2026-03-05T06:02:50.273462,0,0,3,50.0
2026-03-05T06:02:51.280542,0,0,2,51.0
2026-03-05T06:02:52.286507,0,0,2,50.0
2026-03-05T06:02:53.293497,0,0,2,50.0
2026-03-05T06:03:03.633730,0,0,2,50.0
2026-03-05T06:03:06.117220,0,0,2,51.0
2026-03-05T06:03:07.123146,0,0,2,51.0
2026-03-05T06:03:08.130207,0,0,2,50.0
2026-03-05T06:03:09.137100,0,0,3,50.0
2026-03-05T06:03:10.142208,0,0,2,51.0
2026-03-05T06:03:11.149054,0,0,2,50.0
2026-03-05T06:03:12.155005,0,0,2,50.0
2026-03-05T06:03:13.162194,0,0,3,51.0
2026-03-05T06:03:15.164008,0,0,2,50.0
2026-03-05T06:03:15.173893,0,0,2,50.0
2026-03-05T06:03:16.180922,0,0,2,51.0
2026-03-05T06:03:17.186887,0,0,2,50.0
2026-03-05T06:03:18.193847,0,0,2,50.0
2026-03-05T06:03:19.198838,0,0,2,50.0
2026-03-05T06:03:20.205815,0,0,2,51.0
2026-03-05T06:03:21.211872,0,0,2,50.0
2026-03-05T06:03:23.213742,0,0,2,50.0
2026-03-05T06:03:59.115422,0,0,0,50.0
2026-03-05T06:04:00.121801,0,0,2,51.0
2026-03-05T06:04:01.126780,0,0,2,50.0
2026-03-05T06:04:02.133742,0,0,2,50.0
2026-03-05T06:04:03.139718,0,0,2,50.0
2026-03-05T06:04:04.146694,0,0,2,51.0
2026-03-05T06:04:05.151741,0,0,2,50.0
2026-03-05T06:04:06.158690,0,0,2,50.0
2026-03-05T06:04:07.165599,0,0,2,51.0
2026-03-05T06:04:08.171556,0,0,2,50.0
2026-03-05T06:04:09.178571,0,0,2,50.0
2026-03-05T06:04:10.183537,0,0,2,51.0
2026-03-05T06:04:11.190534,0,0,2,50.0
2026-03-05T06:04:12.195406,0,0,2,50.0
2026-03-05T06:04:14.197173,0,0,3,51.0
2026-03-05T06:04:14.209400,0,0,3,50.0
2026-03-05T06:04:15.215420,0,0,2,50.0
2026-03-05T06:04:16.222459,0,0,2,51.0
2026-03-05T06:04:17.228356,0,0,2,50.0
2026-03-05T06:04:18.235332,0,0,2,50.0
2026-03-05T06:04:19.239214,0,0,2,51.0
2026-03-05T06:04:21.240979,0,0,3,50.0
2026-03-05T06:04:21.254280,0,0,2,50.0
2026-03-05T06:04:22.260227,0,0,2,50.0
2026-03-05T06:04:23.265165,0,0,2,51.0
2026-03-05T06:04:24.272180,0,0,4,50.0
2026-03-05T06:04:25.279134,0,0,2,50.0
2026-03-05T06:04:26.283093,0,0,0,51.0
2026-03-05T06:04:27.291195,0,0,2,50.0
2026-03-05T06:04:28.297132,0,0,2,50.0
2026-03-05T06:04:29.304124,0,0,2,51.0
2026-03-05T06:04:30.311089,0,0,2,50.0
2026-03-05T06:04:31.316077,0,0,3,50.0
2026-03-05T06:04:33.317854,0,0,2,51.0
2026-03-05T06:04:33.329010,0,0,2,50.0
2026-03-05T06:04:34.335965,0,0,5,50.0
2026-03-05T06:04:35.341938,0,0,2,51.0
2026-03-05T06:04:36.347905,0,0,2,50.0
2026-03-05T06:04:37.354887,0,0,3,50.0
2026-03-05T06:04:38.360833,0,0,2,51.0
2026-03-05T06:04:39.367849,0,0,2,50.0
2026-03-05T06:04:40.372812,0,0,2,50.0
2026-03-05T06:04:41.379781,0,0,2,50.0
2026-03-05T06:04:42.385779,0,0,2,51.0
2026-03-05T06:04:43.392698,0,0,2,50.0
2026-03-05T06:04:44.397714,0,0,2,50.0
2026-03-05T06:04:45.403697,0,0,3,51.0
2026-03-05T06:04:47.405545,0,0,2,50.0
2026-03-05T06:05:38.381001,0,0,2,51.0
2026-03-05T06:05:40.864222,0,0,2,52.0
2026-03-05T06:05:41.871191,0,0,2,50.0
2026-03-05T06:05:42.877172,0,0,2,50.0
2026-03-05T06:05:44.878536,0,0,2,51.0
2026-03-05T06:05:44.889178,0,0,2,50.0
2026-03-05T06:05:45.896174,0,0,2,50.0
2026-03-05T06:05:46.902201,0,0,2,51.0
2026-03-05T06:05:47.909132,0,0,2,50.0
2026-03-05T06:05:48.915105,0,0,3,50.0
2026-03-05T06:05:49.921081,0,0,2,51.0
2026-03-05T06:05:50.928022,0,0,2,50.0
2026-03-05T06:05:51.934150,0,0,2,50.0
2026-03-05T06:05:52.940991,0,0,2,50.0
2026-03-05T06:05:53.945938,0,0,2,51.0
2026-03-05T06:05:54.952931,0,0,2,50.0
2026-03-05T06:05:55.958916,0,0,2,50.0
2026-03-05T06:05:56.965888,0,0,2,51.0
2026-03-05T06:05:57.971886,0,0,2,50.0
2026-03-05T06:05:59.973726,0,0,2,50.0
2026-03-05T06:05:59.984779,0,0,2,51.0
2026-03-05T06:06:00.990776,0,0,2,50.0
2026-03-05T06:06:01.996753,0,0,2,50.0
2026-03-05T06:06:03.002754,0,0,2,51.0
2026-03-05T06:06:04.009726,0,0,2,50.0
2026-03-05T06:06:05.016692,0,0,2,50.0
2026-03-05T06:06:06.021621,0,0,2,51.0
2026-03-05T06:06:08.023458,0,0,2,50.0
2026-03-05T06:07:33.872010,0,0,2,50.0
2026-03-05T06:07:34.878486,0,0,3,50.0
2026-03-05T06:07:35.883336,0,0,2,51.0
2026-03-05T06:07:36.890408,0,0,2,50.0
2026-03-05T06:07:37.896278,0,0,2,50.0
2026-03-05T06:07:38.903263,0,0,2,51.0
2026-03-05T06:07:39.910394,0,0,2,50.0
2026-03-05T06:07:40.914684,0,0,2,50.0
2026-03-05T06:07:41.922331,0,0,2,51.0
2026-03-05T06:07:42.928230,0,0,2,50.0
2026-03-05T06:07:43.935187,0,0,2,50.0
2026-03-05T06:07:44.940204,0,0,2,50.0
2026-03-05T06:07:45.947165,0,0,3,51.0
2026-03-05T06:07:47.948883,0,0,2,50.0
2026-03-05T06:07:58.647506,0,0,2,51.0
2026-03-05T06:08:59.412958,0,0,2,50.0
2026-03-05T06:09:01.896131,0,0,2,51.0
2026-03-05T06:09:02.903248,0,0,2,51.0
2026-03-05T06:09:03.909167,0,0,2,50.0
2026-03-05T06:09:04.916168,0,0,2,50.0
2026-03-05T06:09:05.921130,0,0,2,50.0
2026-03-05T06:09:06.928110,0,0,2,51.0
2026-03-05T06:09:07.934162,0,0,2,50.0
2026-03-05T06:09:08.941059,0,0,2,50.0
2026-03-05T06:09:09.947015,0,0,2,51.0
2026-03-05T06:09:10.953003,0,0,2,50.0
2026-03-05T06:09:12.954828,0,0,2,50.0
2026-03-05T06:09:12.965900,0,0,2,51.0
2026-03-05T06:09:13.971912,0,0,2,50.0
2026-03-05T06:09:14.977898,0,0,2,50.0
2026-03-05T06:09:15.984914,0,0,2,51.0
2026-03-05T06:09:16.990878,0,0,2,50.0
2026-03-05T06:09:17.997775,0,0,3,50.0
2026-03-05T06:09:19.999606,0,0,2,51.0
2026-03-05T06:09:20.009773,0,0,3,50.0
2026-03-05T06:09:21.016756,0,0,2,50.0
2026-03-05T06:09:22.022728,0,0,3,51.0
2026-03-05T06:09:23.028697,0,0,1,50.0
2026-03-05T06:09:24.034684,0,0,3,50.0
2026-03-05T06:09:25.039635,0,0,2,50.0
2026-03-05T06:09:26.048665,0,0,3,51.0
2026-03-05T06:09:27.053617,0,0,3,50.0
2026-03-05T06:09:28.060577,0,0,3,50.0
2026-03-05T06:09:29.066562,0,0,3,51.0
2026-03-05T06:09:30.073548,0,0,2,50.0
2026-03-05T06:09:31.079542,0,0,2,50.0
2026-03-05T06:09:32.085501,0,0,2,51.0
2026-03-05T06:09:33.091470,0,0,2,50.0
2026-03-05T06:09:35.093312,0,0,2,50.0
2026-03-05T06:09:35.105438,0,0,2,51.0
2026-03-05T06:09:36.110462,0,0,2,50.0
2026-03-05T06:09:37.117366,0,0,2,50.0
2026-03-05T06:09:38.123358,0,0,2,51.0
2026-03-05T06:09:39.130415,0,0,2,50.0
2026-03-05T06:09:40.135306,0,0,2,50.0
2026-03-05T06:09:41.142264,0,0,2,51.0
2026-03-05T06:09:42.149220,0,0,2,50.0
2026-03-05T06:09:43.155241,0,0,3,50.0
2026-03-05T06:09:44.162321,0,0,2,50.0
2026-03-05T06:09:45.166657,0,0,2,51.0
2026-03-05T06:09:46.174271,0,0,2,50.0
2026-03-05T06:09:47.180108,0,0,2,50.0
2026-03-05T06:09:48.186195,0,0,2,51.0
2026-03-05T06:09:49.192066,0,0,3,50.0
2026-03-05T06:09:50.199012,0,0,2,50.0
2026-03-05T06:09:51.205958,0,0,2,51.0
2026-03-05T06:09:52.211950,0,0,2,50.0
2026-03-05T06:09:53.217931,0,0,2,50.0
2026-03-05T06:09:54.223898,0,0,2,51.0
2026-03-05T06:09:55.230818,0,0,2,50.0
2026-03-05T06:09:57.232585,0,0,2,50.0
2026-03-05T06:09:57.242764,0,0,2,51.0
2026-03-05T06:09:58.249789,0,0,2,50.0
2026-03-05T06:09:59.255797,0,0,2,50.0
2026-03-05T06:10:00.262749,0,0,2,51.0
2026-03-05T06:10:01.268734,0,0,2,50.0
2026-03-05T06:10:02.274637,0,0,2,50.0
2026-03-05T06:10:04.276415,0,0,1,50.0
2026-03-05T06:10:04.287731,0,0,2,51.0
2026-03-05T06:10:05.292623,0,0,2,50.0
2026-03-05T06:10:06.299585,0,0,2,50.0
2026-03-05T06:10:07.306581,0,0,2,51.0
2026-03-05T06:10:08.312532,0,0,2,50.0
2026-03-05T06:10:09.319451,0,0,3,50.0
2026-03-05T06:10:10.324421,0,0,2,51.0
2026-03-05T06:10:12.326281,0,0,2,50.0
2026-03-05T06:10:12.337437,0,0,3,50.0
2026-03-05T06:10:13.344438,0,0,2,51.0
2026-03-05T06:10:14.351381,0,0,3,50.0
2026-03-05T06:10:24.914871,0,0,2,51.0
2026-03-05T06:10:25.921114,0,0,2,50.0
2026-03-05T06:10:26.927134,0,0,2,51.0
2026-03-05T06:10:28.928916,0,0,2,50.0
2026-03-05T06:10:28.939029,0,0,3,50.0
2026-03-05T06:10:29.946095,0,0,2,51.0
2026-03-05T06:10:30.952005,0,0,2,50.0
2026-03-05T06:10:31.958970,0,0,2,50.0
2026-03-05T06:10:32.964948,0,0,2,51.0
2026-03-05T06:10:33.970932,0,0,2,50.0
2026-03-05T06:10:34.977946,0,0,2,50.0
2026-03-05T06:10:36.979904,0,0,2,51.0
2026-03-05T06:10:36.990828,0,0,2,50.0
2026-03-05T06:10:37.994817,0,0,2,50.0
2026-03-05T06:10:39.002781,0,0,3,51.0
2026-03-05T06:10:40.008753,0,0,2,50.0
2026-03-05T06:10:41.015732,0,0,2,50.0
2026-03-05T06:10:42.021692,0,0,2,51.0
2026-03-05T06:10:43.027748,0,0,3,50.0
2026-03-05T06:10:45.029592,0,0,2,50.0
2026-03-05T06:11:31.124229,0,0,2,52.0
2026-03-05T06:11:32.130596,0,0,2,50.0
2026-03-05T06:11:33.134556,0,0,2,50.0
2026-03-05T06:11:35.136350,0,0,2,51.0
2026-03-05T06:11:54.133640,0,0,2,50.0
2026-03-05T06:11:56.616927,0,0,2,51.0
2026-03-05T06:11:57.623899,0,0,3,51.0
2026-03-05T06:11:58.629868,0,0,2,50.0
2026-03-05T06:11:59.636857,0,0,2,50.0
2026-03-05T06:12:00.641808,0,0,2,50.0
2026-03-05T06:12:01.648822,0,0,2,51.0
2026-03-05T06:12:02.654770,0,0,3,50.0
2026-03-05T06:12:03.661713,0,0,2,50.0
2026-03-05T06:12:04.667597,0,0,2,51.0
2026-03-05T06:12:05.673687,0,0,2,50.0
2026-03-05T06:12:06.680657,0,0,2,50.0
2026-03-05T06:12:07.686674,0,0,2,51.0
2026-03-05T06:12:08.693606,0,0,2,50.0
2026-03-05T06:12:09.698582,0,0,2,50.0
2026-03-05T06:12:10.705560,0,0,2,51.0
2026-03-05T06:12:11.711561,0,0,2,50.0
2026-03-05T06:12:12.718499,0,0,2,50.0
2026-03-05T06:12:13.723413,0,0,3,51.0
2026-03-05T06:12:41.617355,0,0,2,51.0
2026-03-05T06:12:42.623733,0,0,2,51.0
2026-03-05T06:12:43.629735,0,0,2,50.0
2026-03-05T06:12:44.636754,0,0,2,50.0
2026-03-05T06:12:45.641657,0,0,2,50.0
2026-03-05T06:12:46.648669,0,0,2,51.0
2026-03-05T06:12:47.654647,0,0,3,50.0
2026-03-05T06:12:48.661575,0,0,2,50.0
2026-03-05T06:12:49.668540,0,0,2,51.0
2026-03-05T06:12:50.671563,0,0,2,50.0
2026-03-05T06:12:52.673363,0,0,2,50.0
2026-03-05T06:12:52.686585,0,0,2,51.0
2026-03-05T06:12:53.693489,0,0,2,50.0
2026-03-05T06:12:54.698492,0,0,2,50.0
2026-03-05T06:12:55.705405,0,0,2,51.0
2026-03-05T06:12:56.711387,0,0,2,50.0
2026-03-05T06:12:57.718452,0,0,3,50.0
2026-03-05T06:12:58.724266,0,0,2,51.0
2026-03-05T06:13:00.726124,0,0,2,50.0
2026-03-05T06:13:00.737272,0,0,2,50.0
2026-03-05T06:13:01.743302,0,0,2,51.0
2026-03-05T06:13:03.745087,0,0,2,50.0
2026-03-05T06:13:03.755202,0,0,1,50.0
2026-03-05T06:13:04.762171,0,0,2,50.0
2026-03-05T06:13:05.769171,0,0,1,51.0
2026-03-05T06:13:06.775158,0,0,3,50.0
2026-03-05T06:13:07.780122,0,0,3,50.0
2026-03-05T06:13:08.785171,0,0,2,51.0
2026-03-05T06:13:10.786552,0,0,2,50.0
2026-03-05T06:13:10.799974,0,0,3,50.0
2026-03-05T06:13:11.806059,0,0,2,51.0
2026-03-05T06:13:12.811970,0,0,2,50.0
2026-03-05T06:13:13.818963,0,0,2,50.0
2026-03-05T06:13:14.825928,0,0,2,51.0
2026-03-05T06:13:15.829887,0,0,2,50.0
2026-03-05T06:13:16.837969,0,0,3,50.0
2026-03-05T06:13:17.843945,0,0,2,51.0
2026-03-05T06:13:18.850919,0,0,2,50.0
2026-03-05T06:13:19.856869,0,0,2,50.0
2026-03-05T06:13:20.862810,0,0,2,51.0
2026-03-05T06:13:21.869779,0,0,2,50.0
2026-03-05T06:13:22.875763,0,0,2,50.0
2026-03-05T06:13:23.882737,0,0,2,50.0
2026-03-05T06:13:24.887700,0,0,2,51.0
2026-03-05T06:13:25.893670,0,0,3,50.0
2026-03-05T06:13:27.894514,0,0,2,50.0
2026-03-05T06:13:27.907565,0,0,2,51.0
2026-03-05T06:13:28.912581,0,0,2,50.0
2026-03-05T06:13:29.919597,0,0,2,50.0
2026-03-05T06:13:30.926604,0,0,2,51.0
2026-03-05T06:13:31.932542,0,0,2,50.0
2026-03-05T06:13:32.938519,0,0,2,50.0
2026-03-05T06:13:33.944584,0,0,2,51.0
2026-03-05T06:13:34.951463,0,0,2,50.0
2026-03-05T06:13:35.957435,0,0,2,50.0
2026-03-05T06:13:36.964412,0,0,2,51.0
2026-03-05T06:13:37.970462,0,0,2,50.0
2026-03-05T06:13:38.976434,0,0,2,50.0
2026-03-05T06:13:39.983330,0,0,2,51.0
2026-03-05T06:13:40.989297,0,0,2,50.0
2026-03-05T06:13:41.995262,0,0,2,50.0
2026-03-05T06:13:43.001247,0,0,2,50.0
2026-03-05T06:13:44.007221,0,0,2,51.0
2026-03-05T06:13:45.014257,0,0,2,50.0
2026-03-05T06:13:46.019181,0,0,2,50.0
2026-03-05T06:13:47.027245,0,0,2,51.0
2026-03-05T06:13:48.033127,0,0,2,50.0
2026-03-05T06:13:49.040094,0,0,2,50.0
2026-03-05T06:13:50.046174,0,0,2,51.0
2026-03-05T06:13:51.052068,0,0,2,50.0
2026-03-05T06:13:52.058114,0,0,2,50.0
2026-03-05T06:13:53.063993,0,0,2,51.0
2026-03-05T06:13:54.071979,0,0,2,50.0
2026-03-05T06:13:55.076980,0,0,2,50.0
2026-03-05T06:13:56.083919,0,0,3,51.0
2026-03-05T06:13:57.087882,0,0,2,50.0
2026-03-05T06:14:17.138965,0,0,3,50.0
2026-03-05T06:14:19.622428,0,0,2,51.0
2026-03-05T06:14:20.629303,0,0,2,51.0
2026-03-05T06:14:21.635263,0,0,2,50.0
2026-03-05T06:14:22.642426,0,0,2,50.0
2026-03-05T06:14:23.647268,0,0,3,51.0
2026-03-05T06:14:24.654326,0,0,2,50.0
2026-03-05T06:14:25.659254,0,0,3,50.0
2026-03-05T06:14:26.667174,0,0,2,51.0
2026-03-05T06:14:27.673157,0,0,3,50.0
2026-03-05T06:14:28.679150,0,0,2,50.0
2026-03-05T06:14:29.686203,0,0,2,51.0
2026-03-05T06:14:30.692084,0,0,2,50.0
2026-03-05T06:14:31.699010,0,0,2,50.0
2026-03-05T06:14:32.704105,0,0,2,51.0
2026-03-05T06:14:52.632053,0,0,0,50.0
2026-03-05T06:14:55.115536,0,0,2,51.0
2026-03-05T06:14:56.122500,0,0,2,50.0
2026-03-05T06:14:57.128488,0,0,2,51.0
2026-03-05T06:14:58.135458,0,0,2,50.0
2026-03-05T06:14:59.140400,0,0,2,50.0
2026-03-05T06:15:00.147382,0,0,5,51.0
2026-03-05T06:15:01.153444,0,0,2,50.0
2026-03-05T06:15:02.160345,0,0,2,50.0
2026-03-05T06:15:03.166408,0,0,2,51.0
2026-03-05T06:15:04.172276,0,0,2,50.0
2026-03-05T06:15:06.174191,0,0,2,50.0
2026-03-05T06:15:06.185200,0,0,3,51.0
2026-03-05T06:15:07.192190,0,0,2,50.0
2026-03-05T06:15:08.197164,0,0,2,50.0
2026-03-05T06:15:09.204145,0,0,3,51.0
2026-03-05T06:15:10.210217,0,0,2,50.0
2026-03-05T06:15:11.217110,0,0,2,50.0
2026-03-05T06:15:12.223038,0,0,2,51.0
2026-03-05T06:15:13.229079,0,0,2,50.0
2026-03-05T06:15:14.236042,0,0,2,50.0
2026-03-05T06:15:15.242111,0,0,2,50.0
2026-03-05T06:15:16.246994,0,0,2,51.0
2026-03-05T06:15:17.253968,0,0,2,50.0
2026-03-05T06:15:18.260947,0,0,2,50.0
2026-03-05T06:16:05.875308,0,0,2,51.0
2026-03-05T06:16:06.881693,0,0,2,50.0
2026-03-05T06:16:07.885761,0,0,2,51.0
2026-03-05T06:16:09.887643,0,0,2,50.0
2026-03-05T06:16:09.899621,0,0,2,50.0
2026-03-05T06:16:10.906613,0,0,2,51.0
2026-03-05T06:16:11.912560,0,0,2,50.0
2026-03-05T06:16:12.919571,0,0,2,50.0
2026-03-05T06:16:13.925547,0,0,2,51.0
2026-03-05T06:16:14.931531,0,0,2,50.0
2026-03-05T06:16:15.936487,0,0,2,50.0
2026-03-05T06:16:16.944594,0,0,2,51.0
2026-03-05T06:16:18.946503,0,0,3,50.0
2026-03-05T06:16:18.956435,0,0,2,50.0
2026-03-05T06:16:19.963489,0,0,2,50.0
2026-03-05T06:16:20.969455,0,0,2,51.0
2026-03-05T06:16:21.976429,0,0,2,50.0
2026-03-05T06:16:22.982446,0,0,2,50.0
2026-03-05T06:16:23.988316,0,0,2,51.0
2026-03-05T06:16:24.995331,0,0,2,50.0
2026-03-05T06:16:26.001263,0,0,2,50.0
2026-03-05T06:16:27.007242,0,0,5,51.0
2026-03-05T06:16:28.013212,0,0,2,50.0
2026-03-05T06:16:29.020215,0,0,2,50.0
2026-03-05T06:16:30.027144,0,0,2,51.0
2026-03-05T06:16:31.030274,0,0,2,50.0
2026-03-05T06:16:32.039152,0,0,7,50.0
2026-03-05T06:16:33.045095,0,0,2,51.0
2026-03-05T06:16:34.052040,0,0,2,50.0
2026-03-05T06:16:35.058148,0,0,2,50.0
2026-03-05T06:16:36.064011,0,0,2,51.0
2026-03-05T06:16:37.069982,0,0,2,50.0
2026-03-05T06:16:38.074975,0,0,3,50.0
2026-03-05T06:16:40.076721,0,0,1,50.0
2026-03-05T06:16:40.088872,0,0,3,51.0
2026-03-05T06:16:41.095888,0,0,2,50.0
2026-03-05T06:16:42.101859,0,0,2,50.0
2026-03-05T06:16:43.108828,0,0,2,51.0
2026-03-05T06:16:44.113817,0,0,2,50.0
2026-03-05T06:16:45.120762,0,0,2,50.0
2026-03-05T06:16:46.127832,0,0,2,51.0
2026-03-05T06:16:48.129574,0,0,2,50.0
2026-03-05T06:16:48.140682,0,0,3,50.0
2026-03-05T06:16:49.145683,0,0,2,51.0
2026-03-05T06:16:50.152665,0,0,2,50.0
2026-03-05T06:16:51.158636,0,0,2,50.0
2026-03-05T06:16:52.165622,0,0,3,51.0
2026-03-05T06:16:53.170684,0,0,2,50.0
2026-03-05T06:16:55.172411,0,0,2,50.0
2026-03-05T06:16:55.184581,0,0,2,51.0
2026-03-05T06:16:56.189549,0,0,2,50.0
2026-03-05T06:16:57.197543,0,0,2,50.0
2026-03-05T06:16:58.202521,0,0,2,50.0
2026-03-05T06:16:59.209504,0,0,3,51.0
2026-03-05T06:17:00.215485,0,0,2,50.0
2026-03-05T06:17:01.222534,0,0,3,50.0
2026-03-05T06:17:02.228480,0,0,2,51.0
2026-03-05T06:17:03.234475,0,0,2,50.0
2026-03-05T06:17:04.241431,0,0,2,50.0
2026-03-05T06:17:06.243174,0,0,3,51.0
2026-03-05T06:17:06.253228,0,0,2,50.0
2026-03-05T06:17:07.259251,0,0,2,50.0
2026-03-05T06:17:08.266284,0,0,2,51.0
2026-03-05T06:17:09.272197,0,0,2,50.0
2026-03-05T06:17:10.278264,0,0,2,50.0
2026-03-05T06:17:11.285143,0,0,2,51.0
2026-03-05T06:17:13.286499,0,0,2,50.0
2026-03-05T06:17:13.298150,0,0,2,50.0
2026-03-05T06:17:14.304101,0,0,2,50.0
2026-03-05T06:17:15.310144,0,0,2,51.0
2026-03-05T06:17:16.316038,0,0,2,50.0
2026-03-05T06:17:17.323012,0,0,2,50.0
2026-03-05T06:17:18.329913,0,0,2,51.0
2026-03-05T06:17:19.335017,0,0,2,50.0
2026-03-05T06:17:20.341968,0,0,2,50.0
2026-03-05T06:17:21.347990,0,0,2,51.0
2026-03-05T06:17:22.354965,0,0,2,50.0
2026-03-05T06:17:24.356756,0,0,2,50.0
2026-03-05T06:17:24.366781,0,0,2,51.0
2026-03-05T06:17:25.372801,0,0,2,50.0
2026-03-05T06:17:26.379760,0,0,2,50.0
2026-03-05T06:17:27.386729,0,0,2,51.0
2026-03-05T06:17:28.391728,0,0,2,50.0
2026-03-05T06:17:29.398692,0,0,2,50.0
2026-03-05T06:17:30.404772,0,0,2,51.0
2026-03-05T06:17:31.410549,0,0,3,50.0
2026-03-05T06:17:32.416606,0,0,2,50.0
2026-03-05T06:17:33.423607,0,0,2,50.0
2026-03-05T06:17:34.430586,0,0,2,51.0
2026-03-05T06:17:35.436555,0,0,2,50.0
2026-03-05T06:18:38.872710,0,0,2,51.0
2026-03-05T06:18:39.879049,0,0,2,50.0
2026-03-05T06:18:40.885035,0,0,3,51.0
2026-03-05T06:18:42.886876,0,0,3,50.0
2026-03-05T06:18:42.896964,0,0,2,50.0
2026-03-05T06:18:43.903929,0,0,2,50.0
2026-03-05T06:18:44.909901,0,0,2,51.0
2026-03-05T06:18:45.916913,0,0,2,50.0
2026-03-05T06:18:46.922880,0,0,2,50.0
2026-03-05T06:18:47.928850,0,0,2,51.0
2026-03-05T06:18:48.935819,0,0,2,50.0
2026-03-05T06:18:49.941826,0,0,2,50.0
2026-03-05T06:18:50.948758,0,0,2,51.0
2026-03-05T06:18:51.953724,0,0,2,50.0
2026-03-05T06:18:52.960693,0,0,2,50.0
2026-03-05T06:18:53.966683,0,0,3,51.0
2026-03-05T06:18:54.973540,0,0,2,50.0
2026-03-05T06:18:55.979642,0,0,2,50.0
2026-03-05T06:18:57.981451,0,0,2,51.0
2026-03-05T06:18:57.992517,0,0,2,50.0
2026-03-05T06:18:58.998550,0,0,2,50.0
2026-03-05T06:19:00.004526,0,0,2,51.0
2026-03-05T06:19:01.010489,0,0,3,50.0
2026-03-05T06:19:02.017444,0,0,2,50.0
2026-03-05T06:19:03.022557,0,0,1,50.0
2026-03-05T06:19:05.024304,0,0,2,51.0
2026-03-05T06:19:05.036382,0,0,2,50.0
2026-03-05T06:19:06.042496,0,0,3,50.0
2026-03-05T06:19:07.049383,0,0,1,51.0
2026-03-05T06:19:08.055309,0,0,2,50.0
2026-03-05T06:19:09.061293,0,0,2,50.0
2026-03-05T06:19:10.067293,0,0,2,51.0
2026-03-05T06:19:11.074243,0,0,3,50.0
2026-03-05T06:19:39.639276,0,0,2,50.0
2026-03-05T06:19:42.122552,0,0,2,51.0
2026-03-05T06:19:43.129528,0,0,2,51.0
2026-03-05T06:19:44.133591,0,0,2,50.0
2026-03-05T06:19:46.135459,0,0,2,50.0
2026-03-05T06:20:24.616148,0,0,2,51.0
2026-03-05T06:20:25.622503,0,0,2,50.0
2026-03-05T06:20:38.120762,0,0,2,51.0
2026-03-05T06:20:39.127154,0,0,3,51.0
2026-03-05T06:20:41.128924,0,0,3,50.0
2026-03-05T06:21:07.895021,0,0,2,50.0
2026-03-05T06:21:10.378410,0,0,2,51.0
2026-03-05T06:21:11.384264,0,0,2,51.0
2026-03-05T06:21:12.390362,0,0,2,50.0
2026-03-05T06:21:14.392125,0,0,2,50.0
2026-03-05T06:21:14.403178,0,0,2,50.0
2026-03-05T06:21:15.410287,0,0,2,51.0
2026-03-05T06:21:16.416250,0,0,2,50.0
2026-03-05T06:21:17.423203,0,0,2,50.0
2026-03-05T06:21:18.429135,0,0,2,51.0
2026-03-05T06:21:19.435089,0,0,2,50.0
2026-03-05T06:21:21.436880,0,0,2,50.0
2026-03-05T06:21:21.448056,0,0,3,51.0
2026-03-05T06:21:23.449812,0,0,2,50.0
2026-03-05T06:21:23.459941,0,0,3,50.0
2026-03-05T06:21:24.467030,0,0,2,51.0
2026-03-05T06:21:25.472970,0,0,2,50.0
2026-03-05T06:21:26.479974,0,0,2,50.0
2026-03-05T06:21:27.485925,0,0,2,51.0
2026-03-05T06:21:28.491893,0,0,2,50.0
2026-03-05T06:21:29.498888,0,0,2,50.0
2026-03-05T06:21:30.504863,0,0,6,50.0
2026-03-05T06:21:31.510836,0,0,2,51.0
2026-03-05T06:21:32.516792,0,0,2,50.0
2026-03-05T06:21:33.523750,0,0,2,50.0
2026-03-05T06:21:34.530736,0,0,0,51.0
2026-03-05T06:21:35.536729,0,0,2,50.0
2026-03-05T06:21:36.542708,0,0,2,50.0
2026-03-05T06:21:37.548709,0,0,3,51.0
2026-03-05T06:21:38.555653,0,0,2,50.0
2026-03-05T06:21:39.561615,0,0,2,50.0
2026-03-05T06:21:40.567598,0,0,2,51.0
2026-03-05T06:21:41.573563,0,0,2,50.0
2026-03-05T06:21:42.580515,0,0,2,50.0
2026-03-05T06:21:43.587529,0,0,2,51.0
2026-03-05T06:21:44.592545,0,0,2,50.0
2026-03-05T06:21:45.599474,0,0,2,50.0
2026-03-05T06:21:46.605432,0,0,2,51.0
2026-03-05T06:21:47.612401,0,0,2,50.0
2026-03-05T06:21:48.618442,0,0,2,50.0
2026-03-05T06:21:49.624365,0,0,2,50.0
2026-03-05T06:21:50.631409,0,0,3,51.0
2026-03-05T06:21:52.633245,0,0,2,50.0
2026-03-05T06:21:52.644309,0,0,2,50.0
2026-03-05T06:21:53.649332,0,0,2,51.0
2026-03-05T06:21:54.656296,0,0,2,50.0
2026-03-05T06:21:55.662380,0,0,2,50.0
2026-03-05T06:21:56.669264,0,0,2,51.0
2026-03-05T06:21:57.674345,0,0,2,50.0
2026-03-05T06:21:58.681188,0,0,2,50.0
2026-03-05T06:21:59.688190,0,0,2,51.0
2026-03-05T06:22:00.694259,0,0,3,50.0
2026-03-05T06:22:01.701150,0,0,2,50.0
2026-03-05T06:22:02.706182,0,0,2,51.0
2026-03-05T06:22:03.712058,0,0,2,50.0
2026-03-05T06:22:04.719048,0,0,2,50.0
2026-03-05T06:22:05.726171,0,0,2,51.0
2026-03-05T06:22:06.732036,0,0,2,50.0
2026-03-05T06:22:08.733845,0,0,3,50.0
2026-03-05T06:22:08.744886,0,0,2,50.0
2026-03-05T06:22:09.750936,0,0,2,51.0
2026-03-05T06:22:10.756888,0,0,2,50.0
2026-03-05T06:22:11.762734,0,0,2,50.0
2026-03-05T06:22:12.769825,0,0,2,51.0
2026-03-05T06:22:13.775836,0,0,2,50.0
2026-03-05T06:22:14.782858,0,0,2,50.0
2026-03-05T06:22:15.788721,0,0,2,51.0
2026-03-05T06:22:38.122715,0,0,2,51.0
2026-03-05T06:22:39.129140,0,0,2,51.0
2026-03-05T06:22:40.135096,0,0,2,50.0
2026-03-05T06:22:42.136831,0,0,2,50.0
2026-03-05T06:23:12.379273,0,0,2,51.0
2026-03-05T06:23:13.385418,0,0,2,50.0
2026-03-05T06:23:14.388292,0,0,2,51.0
2026-03-05T06:23:25.645742,0,0,2,50.0
2026-03-05T06:23:28.129049,0,0,2,52.0
2026-03-05T06:23:29.136014,0,0,2,50.0
2026-03-05T06:23:30.139929,0,0,2,50.0
2026-03-05T06:23:32.141714,0,0,2,51.0
2026-03-05T06:23:32.153914,0,0,2,50.0
2026-03-05T06:23:33.160906,0,0,2,50.0
2026-03-05T06:23:34.166910,0,0,3,51.0
2026-03-05T06:23:35.173850,0,0,2,50.0
2026-03-05T06:23:36.179816,0,0,2,50.0
2026-03-05T06:23:37.184759,0,0,2,51.0
2026-03-05T06:23:38.192857,0,0,2,50.0
2026-03-05T06:23:40.194528,0,0,2,50.0
2026-03-05T06:23:40.205635,0,0,2,50.0
2026-03-05T06:23:41.210678,0,0,2,51.0
2026-03-05T06:23:42.217651,0,0,2,50.0
2026-03-05T06:23:43.223622,0,0,2,50.0
2026-03-05T06:23:44.230613,0,0,2,51.0
2026-03-05T06:23:45.236652,0,0,3,50.0
2026-03-05T06:23:46.242685,0,0,2,50.0
2026-03-05T06:23:47.249526,0,0,2,51.0
2026-03-05T06:23:49.250429,0,0,2,50.0
2026-03-05T06:23:49.261420,0,0,2,50.0
2026-03-05T06:23:50.267416,0,0,2,51.0
2026-03-05T06:23:51.274473,0,0,2,50.0
2026-03-05T06:23:52.281357,0,0,3,50.0
2026-03-05T06:23:53.287383,0,0,2,51.0
2026-03-05T06:23:54.293374,0,0,2,50.0
2026-03-05T06:23:55.299340,0,0,2,50.0
2026-03-05T06:23:56.305333,0,0,2,51.0
2026-03-05T06:23:57.312291,0,0,3,50.0
2026-03-05T06:23:58.318347,0,0,2,50.0
2026-03-05T06:23:59.324266,0,0,2,50.0
2026-03-05T06:24:00.331212,0,0,2,51.0
2026-03-05T06:24:01.337150,0,0,2,50.0
2026-03-05T06:24:03.338956,0,0,2,50.0
2026-03-05T06:24:03.350276,0,0,2,51.0
2026-03-05T06:24:04.356152,0,0,2,50.0
2026-03-05T06:24:05.363136,0,0,2,50.0
2026-03-05T06:24:06.368104,0,0,3,51.0
2026-03-05T06:24:07.375073,0,0,2,50.0
2026-03-05T06:24:08.379978,0,0,2,50.0
2026-03-05T06:24:10.381765,0,0,2,51.0
2026-03-05T06:24:10.394987,0,0,2,50.0
2026-03-05T06:24:11.399951,0,0,2,50.0
2026-03-05T06:24:12.406933,0,0,3,51.0
2026-03-05T06:24:13.412881,0,0,2,50.0
2026-03-05T06:24:14.419874,0,0,2,50.0
2026-03-05T06:24:15.423841,0,0,3,50.0
2026-03-05T06:24:17.425631,0,0,2,51.0
2026-03-05T06:24:17.438848,0,0,2,50.0
2026-03-05T06:24:18.444786,0,0,2,50.0
2026-03-05T06:24:19.451773,0,0,2,51.0
2026-03-05T06:24:20.456737,0,0,2,50.0
2026-03-05T06:24:21.463699,0,0,2,50.0
2026-03-05T06:24:22.469672,0,0,2,51.0
2026-03-05T06:24:23.476738,0,0,2,50.0
2026-03-05T06:24:25.478473,0,0,2,50.0
2026-03-05T06:24:25.488534,0,0,2,51.0
2026-03-05T06:24:26.495553,0,0,2,50.0
2026-03-05T06:24:27.501531,0,0,3,50.0
2026-03-05T06:24:28.507506,0,0,2,51.0
2026-03-05T06:24:29.513493,0,0,2,50.0
2026-03-05T06:24:30.520496,0,0,2,50.0
2026-03-05T06:24:32.522423,0,0,2,51.0
2026-03-05T06:24:32.533455,0,0,2,50.0
2026-03-05T06:24:33.539429,0,0,2,50.0
2026-03-05T06:24:34.545388,0,0,2,50.0
2026-03-05T06:24:35.552370,0,0,2,51.0
2026-03-05T06:24:36.558431,0,0,2,50.0
2026-03-05T06:24:37.564306,0,0,2,50.0
2026-03-05T06:24:38.570368,0,0,2,51.0
2026-03-05T06:24:39.577310,0,0,2,50.0
2026-03-05T06:24:40.584238,0,0,2,50.0
2026-03-05T06:24:41.589205,0,0,2,51.0
2026-03-05T06:24:42.596199,0,0,2,50.0
2026-03-05T06:24:43.602309,0,0,2,50.0
2026-03-05T06:24:44.609159,0,0,2,51.0
2026-03-05T06:24:45.615341,0,0,2,50.0
2026-03-05T06:24:46.621098,0,0,2,50.0
2026-03-05T06:24:47.627072,0,0,3,51.0
2026-03-05T06:24:48.633054,0,0,2,50.0
2026-03-05T06:24:49.641011,0,0,2,50.0
2026-03-05T06:24:50.646097,0,0,2,51.0
2026-03-05T06:24:51.652962,0,0,2,50.0
2026-03-05T06:24:52.658957,0,0,2,50.0
2026-03-05T06:24:54.660779,0,0,2,50.0
2026-03-05T06:24:54.670846,0,0,2,51.0
2026-03-05T06:24:55.677862,0,0,2,50.0
2026-03-05T06:25:05.925170,0,0,2,51.0
2026-03-05T06:25:08.408560,0,0,2,52.0
2026-03-05T06:25:09.413624,0,0,2,50.0
2026-03-05T06:25:11.415436,0,0,2,50.0
2026-03-05T06:25:11.428417,0,0,2,51.0
2026-03-05T06:25:12.433449,0,0,3,50.0
2026-03-05T06:25:13.440417,0,0,0,50.0
2026-03-05T06:25:14.446478,0,0,3,50.0
2026-03-05T06:25:15.453374,0,0,2,51.0
2026-03-05T06:25:16.459301,0,0,2,50.0
2026-03-05T06:25:17.465411,0,0,2,50.0
2026-03-05T06:25:18.472306,0,0,2,51.0
2026-03-05T06:25:19.478372,0,0,2,50.0
2026-03-05T06:25:20.485315,0,0,2,50.0
2026-03-05T06:25:21.490319,0,0,2,51.0
2026-03-05T06:25:22.497218,0,0,3,50.0
2026-03-05T06:25:23.503213,0,0,2,50.0
2026-03-05T06:25:24.510237,0,0,2,51.0
2026-03-05T06:25:25.516138,0,0,2,50.0
2026-03-05T06:25:26.520197,0,0,2,50.0
2026-03-05T06:25:28.522113,0,0,2,51.0
2026-03-05T06:25:28.535084,0,0,2,50.0
2026-03-05T06:25:29.541054,0,0,2,50.0
2026-03-05T06:25:56.174955,0,0,2,50.0
2026-03-05T06:25:58.658442,0,0,2,51.0
2026-03-05T06:25:59.665290,0,0,2,50.0
2026-03-05T06:26:00.669294,0,0,2,51.0
2026-03-05T06:26:01.678392,0,0,2,50.0
2026-03-05T06:26:03.680131,0,0,2,50.0
2026-03-05T06:26:03.690261,0,0,2,51.0
2026-03-05T06:26:04.696197,0,0,2,50.0
2026-03-05T06:26:05.703155,0,0,2,50.0
2026-03-05T06:26:06.709141,0,0,4,51.0
2026-03-05T06:26:07.715127,0,0,2,50.0
2026-03-05T06:26:08.722168,0,0,2,50.0
2026-03-05T06:26:10.723923,0,0,2,51.0
2026-03-05T06:26:10.734962,0,0,1,50.0
2026-03-05T06:26:11.740021,0,0,2,50.0
2026-03-05T06:26:12.746982,0,0,2,51.0
2026-03-05T06:26:13.752946,0,0,3,50.0
2026-03-05T06:26:14.759916,0,0,3,50.0
2026-03-05T06:26:15.765897,0,0,2,50.0
2026-03-05T06:26:16.769861,0,0,2,51.0
2026-03-05T06:26:17.778932,0,0,2,50.0
2026-03-05T06:26:19.780672,0,0,2,50.0
2026-03-05T06:26:19.790795,0,0,1,51.0
2026-03-05T06:26:20.796796,0,0,2,50.0
2026-03-05T06:26:21.803772,0,0,2,50.0
2026-03-05T06:26:22.810742,0,0,2,51.0
2026-03-05T06:26:23.816712,0,0,2,50.0
2026-03-05T06:26:24.820713,0,0,4,50.0
2026-03-05T06:26:25.828746,0,0,2,51.0
2026-03-05T06:26:27.830409,0,0,2,50.0
2026-03-05T06:26:27.841596,0,0,3,50.0
2026-03-05T06:26:28.847593,0,0,2,51.0
2026-03-05T06:26:29.853545,0,0,2,50.0
2026-03-05T06:26:30.860532,0,0,2,50.0
2026-03-05T06:26:31.867501,0,0,2,51.0
2026-03-05T06:26:32.872526,0,0,2,50.0
2026-03-05T06:26:33.879532,0,0,2,50.0
2026-03-05T06:26:34.885492,0,0,3,50.0
2026-03-05T06:26:35.892457,0,0,2,51.0
2026-03-05T06:26:36.897437,0,0,2,50.0
2026-03-05T06:26:37.904381,0,0,2,50.0
2026-03-05T06:26:38.911366,0,0,2,51.0
2026-03-05T06:26:39.916377,0,0,2,50.0
2026-03-05T06:26:40.924382,0,0,2,50.0
2026-03-05T06:26:41.929348,0,0,2,51.0
2026-03-05T06:26:42.936289,0,0,2,50.0
2026-03-05T06:26:43.942347,0,0,2,50.0
2026-03-05T06:26:44.949245,0,0,2,51.0
2026-03-05T06:26:45.954299,0,0,2,50.0
2026-03-05T06:26:46.961187,0,0,2,50.0
2026-03-05T06:26:48.963011,0,0,2,51.0
2026-03-05T06:27:34.637540,0,0,2,50.0
2026-03-05T06:27:37.120927,0,0,2,51.0
2026-03-05T06:27:38.127880,0,0,2,51.0
2026-03-05T06:27:39.132855,0,0,2,50.0
2026-03-05T06:27:40.140940,0,0,3,50.0
2026-03-05T06:27:41.145840,0,0,2,50.0
2026-03-05T06:27:42.152809,0,0,2,51.0
2026-03-05T06:27:43.158789,0,0,2,50.0
2026-03-05T06:27:44.165747,0,0,2,50.0
2026-03-05T06:27:45.171724,0,0,2,51.0
2026-03-05T06:27:46.177645,0,0,2,50.0
2026-03-05T06:27:56.875930,0,0,3,50.0
2026-03-05T06:27:59.610969,0,0,2,51.0
2026-03-05T06:28:00.366513,0,0,2,50.0
2026-03-05T06:28:01.372354,0,0,2,51.0
2026-03-05T06:28:02.379308,0,0,3,50.0
2026-03-05T06:28:03.384345,0,0,2,50.0
2026-03-05T06:28:04.391313,0,0,2,51.0
2026-03-05T06:28:05.397324,0,0,2,50.0
2026-03-05T06:28:06.402317,0,0,2,50.0
2026-03-05T06:28:08.404100,0,0,2,51.0
2026-03-05T06:28:08.416231,0,0,2,50.0
2026-03-05T06:28:09.423218,0,0,3,50.0
2026-03-05T06:28:10.429179,0,0,2,51.0
2026-03-05T06:28:11.436167,0,0,2,50.0
2026-03-05T06:28:12.441123,0,0,2,50.0
2026-03-05T06:28:13.447031,0,0,2,51.0
2026-03-05T06:28:14.454197,0,0,2,50.0
2026-03-05T06:28:15.461016,0,0,2,50.0
2026-03-05T06:28:16.466984,0,0,2,51.0
2026-03-05T06:28:17.472941,0,0,3,50.0
2026-03-05T06:28:18.479952,0,0,3,50.0
2026-03-05T06:28:19.485895,0,0,2,50.0
2026-03-05T06:28:20.491883,0,0,2,51.0
2026-03-05T06:28:21.497862,0,0,2,50.0
2026-03-05T06:28:22.504824,0,0,2,50.0
2026-03-05T06:28:23.511810,0,0,2,51.0
2026-03-05T06:28:24.517776,0,0,15,50.0
2026-03-05T06:28:25.523857,0,0,3,50.0
2026-03-05T06:28:26.528740,0,0,1,51.0
2026-03-05T06:28:28.530567,0,0,3,50.0
2026-03-05T06:28:28.542626,0,0,2,50.0
2026-03-05T06:28:29.548651,0,0,2,51.0
2026-03-05T06:28:30.554629,0,0,3,50.0
2026-03-05T06:28:31.561600,0,0,2,50.0
2026-03-05T06:28:32.568583,0,0,2,51.0
2026-03-05T06:28:33.571539,0,0,2,50.0
2026-03-05T06:28:34.580630,0,0,2,50.0
2026-03-05T06:28:35.586652,0,0,2,50.0
2026-03-05T06:28:37.588407,0,0,2,51.0
2026-03-05T06:28:37.599460,0,0,2,50.0
2026-03-05T06:28:38.605460,0,0,2,50.0
2026-03-05T06:28:39.612507,0,0,3,51.0
2026-03-05T06:28:40.618516,0,0,2,50.0
2026-03-05T06:28:41.625402,0,0,2,50.0
2026-03-05T06:28:42.630425,0,0,2,51.0
2026-03-05T06:28:43.637384,0,0,2,50.0
2026-03-05T06:28:44.642483,0,0,2,50.0
2026-03-05T06:28:45.650416,0,0,2,51.0
2026-03-05T06:28:46.655309,0,0,3,50.0
2026-03-05T06:28:47.662381,0,0,3,50.0
2026-03-05T06:28:48.669232,0,0,2,51.0
2026-03-05T06:28:49.675231,0,0,2,50.0
2026-03-05T06:28:50.682312,0,0,4,50.0
2026-03-05T06:28:51.687107,0,0,2,50.0
2026-03-05T06:28:52.694258,0,0,2,51.0
2026-03-05T06:28:53.700118,0,0,2,50.0
2026-03-05T06:28:55.701853,0,0,2,50.0
2026-03-05T06:28:55.712992,0,0,2,51.0
2026-03-05T06:28:56.718996,0,0,2,50.0
2026-03-05T06:28:57.725956,0,0,2,50.0
2026-03-05T06:28:58.731949,0,0,2,51.0
2026-03-05T06:28:59.738915,0,0,2,50.0
2026-03-05T06:29:00.743859,0,0,3,50.0
2026-03-05T06:29:01.750977,0,0,2,51.0
2026-03-05T06:29:02.756832,0,0,2,50.0
2026-03-05T06:29:03.763833,0,0,2,50.0
2026-03-05T06:29:05.765593,0,0,2,51.0
2026-03-05T06:29:05.775729,0,0,2,50.0
2026-03-05T06:29:06.782772,0,0,2,50.0
2026-03-05T06:29:07.788732,0,0,3,51.0
2026-03-05T06:29:08.794723,0,0,2,50.0
2026-03-05T06:29:09.800708,0,0,2,50.0
2026-03-05T06:29:10.807622,0,0,2,51.0
2026-03-05T06:29:12.809381,0,0,2,50.0
2026-03-05T06:29:12.818617,0,0,2,50.0
2026-03-05T06:29:13.826576,0,0,2,50.0
2026-03-05T06:29:14.832545,0,0,2,51.0
2026-03-05T06:29:15.839552,0,0,2,50.0
2026-03-05T06:29:16.845515,0,0,2,50.0
2026-03-05T06:29:17.851478,0,0,2,51.0
2026-03-05T06:29:18.857510,0,0,2,50.0
2026-03-05T06:29:19.864488,0,0,2,50.0
2026-03-05T06:29:20.871466,0,0,2,51.0
2026-03-05T06:29:21.876432,0,0,2,50.0
2026-03-05T06:29:22.883411,0,0,2,50.0
2026-03-05T06:29:23.889401,0,0,2,51.0
2026-03-05T06:29:24.894375,0,0,2,50.0
2026-03-05T06:29:25.902444,0,0,2,50.0
2026-03-05T06:29:26.908294,0,0,2,51.0
2026-03-05T06:29:27.915272,0,0,2,50.0
2026-03-05T06:29:28.921230,0,0,2,50.0
2026-03-05T06:29:29.928205,0,0,2,51.0
2026-03-05T06:29:31.930080,0,0,2,50.0
2026-03-05T06:29:31.940104,0,0,2,50.0
2026-03-05T06:29:32.946220,0,0,2,50.0
2026-03-05T06:29:33.953101,0,0,1,51.0
2026-03-05T06:29:34.958159,0,0,2,50.0
2026-03-05T06:29:35.965087,0,0,2,50.0
2026-03-05T06:29:36.972057,0,0,2,51.0
2026-03-05T06:29:37.978151,0,0,2,50.0
2026-03-05T06:29:38.985035,0,0,2,50.0
2026-03-05T06:29:39.990086,0,0,3,51.0
2026-03-05T06:29:40.996994,0,0,3,50.0
2026-03-05T06:29:42.002976,0,0,2,50.0
2026-03-05T06:29:43.008913,0,0,2,51.0
2026-03-05T06:29:44.015953,0,0,2,50.0
2026-03-05T06:29:46.017785,0,0,2,50.0
2026-03-05T06:30:04.898198,0,0,2,50.0
2026-03-05T06:30:07.381368,0,0,2,51.0
2026-03-05T06:30:08.388290,0,0,2,51.0
2026-03-05T06:30:09.394458,0,0,2,50.0
2026-03-05T06:30:11.396399,0,0,2,50.0
2026-03-05T06:30:30.385179,0,0,2,50.0
2026-03-05T06:30:32.868718,0,0,2,52.0
2026-03-05T06:30:33.875671,0,0,3,50.0
2026-03-05T06:30:34.881637,0,0,2,50.0
2026-03-05T06:30:36.883416,0,0,2,51.0
2026-03-05T06:30:36.893511,0,0,3,50.0
2026-03-05T06:31:03.678642,0,0,2,50.0
2026-03-05T06:31:06.161872,0,0,1,51.0
2026-03-05T06:31:07.168843,0,0,2,51.0
2026-03-05T06:31:08.174783,0,0,2,50.0
2026-03-05T06:31:10.176510,0,0,2,50.0
2026-03-05T06:31:10.186711,0,0,2,50.0
2026-03-05T06:31:52.885346,0,0,2,50.0
2026-03-05T06:31:55.368652,0,0,2,52.0
2026-03-05T06:31:56.375611,0,0,3,50.0
2026-03-05T06:31:57.380606,0,0,2,50.0
2026-03-05T06:31:59.382357,0,0,3,50.0
2026-03-05T06:31:59.392564,0,0,2,51.0
2026-03-05T06:32:00.400511,0,0,2,50.0
2026-03-05T06:32:01.406555,0,0,2,50.0
2026-03-05T06:32:02.413551,0,0,2,51.0
2026-03-05T06:32:03.419487,0,0,2,50.0
2026-03-05T06:32:04.423464,0,0,2,50.0
2026-03-05T06:32:06.425247,0,0,2,51.0
2026-03-05T06:32:06.438410,0,0,2,50.0
2026-03-05T06:32:07.445392,0,0,2,50.0
2026-03-05T06:32:08.450415,0,0,2,51.0
2026-03-05T06:32:09.457347,0,0,2,50.0
2026-03-05T06:32:10.463348,0,0,3,50.0
2026-03-05T06:32:11.470339,0,0,3,51.0
2026-03-05T06:32:13.472048,0,0,2,50.0
2026-03-05T06:32:13.482229,0,0,3,50.0
2026-03-05T06:32:14.489254,0,0,2,51.0
2026-03-05T06:32:15.495191,0,0,3,50.0
2026-03-05T06:32:16.501150,0,0,3,50.0
2026-03-05T06:32:17.506628,0,0,3,50.0
2026-03-05T06:32:18.514224,0,0,1,51.0
2026-03-05T06:32:19.521120,0,0,2,50.0
2026-03-05T06:32:20.526184,0,0,2,50.0
2026-03-05T06:32:21.533027,0,0,2,51.0
2026-03-05T06:32:22.539000,0,0,1,50.0
2026-03-05T06:32:23.545978,0,0,2,50.0
2026-03-05T06:32:24.551951,0,0,2,51.0
2026-03-05T06:32:25.555935,0,0,2,50.0
2026-03-05T06:32:27.557695,0,0,2,50.0
2026-03-05T06:32:27.570887,0,0,2,51.0
2026-03-05T06:32:28.577844,0,0,3,50.0
2026-03-05T06:32:29.582878,0,0,2,50.0
2026-03-05T06:32:30.589838,0,0,3,51.0
2026-03-05T06:32:31.595785,0,0,2,50.0
2026-03-05T06:32:32.602728,0,0,2,50.0
2026-03-05T06:32:34.604485,0,0,2,50.0
2026-03-05T06:32:34.614752,0,0,2,51.0
2026-03-05T06:32:35.621740,0,0,2,50.0
2026-03-05T06:32:36.627710,0,0,2,50.0
2026-03-05T06:32:37.634673,0,0,3,51.0
2026-03-05T06:32:38.639662,0,0,2,50.0
2026-03-05T06:32:39.646656,0,0,2,50.0
2026-03-05T06:32:40.651643,0,0,2,51.0
2026-03-05T06:32:41.659608,0,0,2,50.0
2026-03-05T06:32:42.664589,0,0,2,50.0
2026-03-05T06:32:43.671585,0,0,2,51.0
2026-03-05T06:32:44.678598,0,0,2,50.0
2026-03-05T06:32:45.684532,0,0,2,50.0
2026-03-05T06:32:46.690524,0,0,2,51.0
2026-03-05T06:32:47.694586,0,0,2,50.0
2026-03-05T06:32:49.696408,0,0,2,50.0
2026-03-05T06:32:49.709385,0,0,2,51.0
2026-03-05T06:32:50.716392,0,0,2,50.0
2026-03-05T06:32:51.722464,0,0,2,50.0
2026-03-05T06:32:52.727329,0,0,2,50.0
2026-03-05T06:32:53.735313,0,0,2,51.0
2026-03-05T06:32:54.741252,0,0,2,50.0
2026-03-05T06:32:55.746356,0,0,2,50.0
2026-03-05T06:32:56.753259,0,0,2,51.0
2026-03-05T06:32:57.760212,0,0,2,50.0
2026-03-05T06:32:58.766249,0,0,2,50.0
2026-03-05T06:32:59.772190,0,0,2,51.0
2026-03-05T06:33:00.779123,0,0,3,50.0
2026-03-05T06:33:01.785090,0,0,2,50.0
2026-03-05T06:33:02.790205,0,0,2,51.0
2026-03-05T06:33:03.798213,0,0,2,50.0
2026-03-05T06:33:05.799985,0,0,2,50.0
2026-03-05T06:33:05.809901,0,0,2,51.0
2026-03-05T06:33:06.816916,0,0,2,50.0
2026-03-05T06:33:07.823913,0,0,2,50.0
2026-03-05T06:33:08.828874,0,0,2,51.0
2026-03-05T06:33:09.835852,0,0,2,50.0
2026-03-05T06:33:10.841839,0,0,3,50.0
2026-03-05T06:33:11.848843,0,0,2,50.0
2026-03-05T06:33:12.853835,0,0,3,51.0
2026-03-05T06:33:13.860798,0,0,2,50.0
2026-03-05T06:33:14.866776,0,0,2,50.0
2026-03-05T06:33:15.873748,0,0,2,51.0
2026-03-05T06:33:16.880726,0,0,2,50.0
2026-03-05T06:33:17.885723,0,0,2,50.0
2026-03-05T06:33:18.892685,0,0,2,51.0
2026-03-05T06:33:19.898709,0,0,2,50.0
2026-03-05T06:33:20.905665,0,0,2,50.0
2026-03-05T06:33:21.910661,0,0,2,51.0
2026-03-05T06:33:22.917620,0,0,2,50.0
2026-03-05T06:33:23.924570,0,0,2,50.0
2026-03-05T06:33:24.928464,0,0,3,51.0
2026-03-05T06:33:25.936560,0,0,2,50.0
2026-03-05T06:33:26.942519,0,0,2,50.0
2026-03-05T06:33:27.949473,0,0,3,51.0
2026-03-05T06:33:29.951332,0,0,2,50.0
2026-03-05T06:33:29.962502,0,0,3,50.0
2026-03-05T06:33:30.967433,0,0,2,50.0
2026-03-05T06:33:31.974477,0,0,2,51.0
2026-03-05T06:33:32.981379,0,0,3,50.0
2026-03-05T06:33:33.987323,0,0,3,50.0
2026-03-05T06:33:34.992245,0,0,3,51.0
2026-03-05T06:33:35.999376,0,0,2,50.0
2026-03-05T06:33:37.006422,0,0,2,50.0
2026-03-05T06:33:39.008285,0,0,2,51.0
2026-03-05T06:33:39.018264,0,0,2,50.0
2026-03-05T06:33:40.025200,0,0,2,50.0
2026-03-05T06:33:41.031202,0,0,2,51.0
2026-03-05T06:33:42.038217,0,0,2,50.0
2026-03-05T06:33:43.044135,0,0,2,50.0
2026-03-05T06:33:44.049094,0,0,2,51.0
2026-03-05T06:33:46.050837,0,0,3,50.0
2026-03-05T06:33:46.062924,0,0,2,50.0
2026-03-05T06:33:47.068957,0,0,2,50.0
2026-03-05T06:33:48.074959,0,0,2,51.0
2026-03-05T06:33:49.081920,0,0,2,50.0
2026-03-05T06:33:50.087896,0,0,2,50.0
2026-03-05T06:33:51.094877,0,0,3,51.0
2026-03-05T06:33:52.099838,0,0,3,50.0
2026-03-05T06:33:53.106834,0,0,2,50.0
2026-03-05T06:33:54.112781,0,0,2,51.0
2026-03-05T06:33:55.119764,0,0,2,50.0
2026-03-05T06:33:56.126756,0,0,2,50.0
2026-03-05T06:33:57.131735,0,0,2,51.0
2026-03-05T06:33:58.138705,0,0,2,50.0
2026-03-05T06:33:59.144674,0,0,2,50.0
2026-03-05T06:34:00.151860,0,0,2,51.0
2026-03-05T06:34:13.900564,0,0,2,51.0
2026-03-05T06:34:14.907005,0,0,2,50.0
2026-03-05T06:34:15.913126,0,0,2,51.0
2026-03-05T06:34:17.914534,0,0,2,50.0
2026-03-05T06:34:17.925200,0,0,2,50.0
2026-03-05T06:34:18.932305,0,0,3,51.0
2026-03-05T06:34:19.938429,0,0,2,50.0
2026-03-05T06:34:20.945459,0,0,2,50.0
2026-03-05T06:34:21.951539,0,0,2,51.0
2026-03-05T06:34:22.957595,0,0,2,50.0
2026-03-05T06:34:23.964713,0,0,2,50.0
2026-03-05T06:34:24.970736,0,0,2,50.0
2026-03-05T06:34:25.976841,0,0,2,51.0
2026-03-05T06:34:26.982905,0,0,2,50.0
2026-03-05T06:34:27.990094,0,0,2,50.0
2026-03-05T06:34:28.996073,0,0,2,51.0
2026-03-05T06:34:30.003157,0,0,2,50.0
2026-03-05T06:34:31.009176,0,0,2,50.0
2026-03-05T06:34:33.011005,0,0,2,51.0
2026-03-05T06:34:33.022324,0,0,3,50.0
2026-03-05T06:35:18.119225,0,0,2,52.0
2026-03-05T06:35:19.125601,0,0,2,50.0
2026-03-05T06:35:20.131740,0,0,3,50.0
2026-03-05T06:35:22.133606,0,0,2,51.0
2026-03-05T06:35:22.143754,0,0,2,50.0
2026-03-05T06:35:23.150825,0,0,2,50.0
2026-03-05T06:35:24.156883,0,0,2,50.0
2026-03-05T06:35:25.163956,0,0,3,51.0
2026-03-05T06:35:26.171016,0,0,3,50.0
2026-03-05T06:35:27.176086,0,0,2,50.0
2026-03-05T06:35:28.181167,0,0,2,51.0
2026-03-05T06:35:29.189236,0,0,2,50.0
2026-03-05T06:35:30.196286,0,0,2,50.0
2026-03-05T06:35:31.200342,0,0,2,51.0
2026-03-05T06:35:32.208531,0,0,1,50.0
2026-03-05T06:35:33.214561,0,0,2,50.0
2026-03-05T06:35:34.221542,0,0,3,51.0
2026-03-05T06:35:35.227609,0,0,2,50.0
2026-03-05T06:35:36.233669,0,0,2,50.0
2026-03-05T06:35:37.240746,0,0,2,51.0
2026-03-05T06:35:38.246808,0,0,2,50.0
2026-03-05T06:35:39.253773,0,0,3,50.0
2026-03-05T06:35:40.259018,0,0,2,50.0
2026-03-05T06:35:42.260803,0,0,2,51.0
2026-03-05T06:36:25.023159,0,0,2,51.0
2026-03-05T06:36:27.506796,0,0,2,52.0
2026-03-05T06:36:28.513842,0,0,2,50.0
2026-03-05T06:36:29.519902,0,0,2,50.0
2026-03-05T06:36:30.524930,0,0,2,51.0
2026-03-05T06:36:31.531943,0,0,2,50.0
2026-03-05T06:36:32.539040,0,0,2,50.0
2026-03-05T06:36:33.545062,0,0,3,51.0
2026-03-05T06:36:34.552118,0,0,3,50.0
2026-03-05T06:36:35.559167,0,0,2,50.0
2026-03-05T06:36:36.564212,0,0,3,51.0
2026-03-05T06:36:37.571279,0,0,3,50.0
2026-03-05T06:36:38.576345,0,0,2,50.0
2026-03-05T06:36:39.584408,0,0,2,50.0
2026-03-05T06:36:40.589446,0,0,2,51.0
2026-03-05T06:36:41.596482,0,0,2,50.0
2026-03-05T06:36:42.602536,0,0,2,50.0
2026-03-05T06:36:43.609602,0,0,2,51.0
2026-03-05T06:36:44.615642,0,0,2,50.0
2026-03-05T06:36:45.619790,0,0,2,50.0
2026-03-05T06:36:46.628838,0,0,2,51.0
2026-03-05T06:36:47.634871,0,0,2,50.0
2026-03-05T06:36:48.641894,0,0,2,50.0
2026-03-05T06:36:49.646959,0,0,1,51.0
2026-03-05T06:37:00.163077,0,0,3,51.0
2026-03-05T06:37:01.169466,0,0,2,51.0
2026-03-05T06:37:02.175620,0,0,2,50.0
2026-03-05T06:37:03.182712,0,0,2,50.0
2026-03-05T06:37:04.187738,0,0,2,51.0
2026-03-05T06:37:05.194822,0,0,2,50.0
2026-03-05T06:37:06.200849,0,0,2,50.0
2026-03-05T06:37:07.207921,0,0,2,51.0
2026-03-05T06:37:08.213940,0,0,2,50.0
2026-03-05T06:37:09.219893,0,0,2,50.0
2026-03-05T06:37:11.221686,0,0,2,50.0
2026-03-05T06:37:11.233085,0,0,2,51.0
2026-03-05T06:37:12.240150,0,0,2,50.0
2026-03-05T06:37:13.245198,0,0,2,50.0
2026-03-05T06:37:14.252243,0,0,2,51.0
2026-03-05T06:37:15.258393,0,0,3,50.0
2026-03-05T06:37:16.263319,0,0,2,50.0
2026-03-05T06:37:17.271473,0,0,2,51.0
2026-03-05T06:37:19.273354,0,0,2,50.0
2026-03-05T06:37:19.284498,0,0,3,50.0
2026-03-05T06:37:20.290596,0,0,2,51.0
2026-03-05T06:37:21.296591,0,0,2,50.0
2026-03-05T06:37:22.302706,0,0,2,50.0
2026-03-05T06:37:23.309684,0,0,3,51.0
2026-03-05T06:37:24.315747,0,0,3,50.0
2026-03-05T06:37:26.317496,0,0,2,50.0
2026-03-05T06:37:26.328811,0,0,3,51.0
2026-03-05T06:37:27.334864,0,0,2,50.0
2026-03-05T06:37:28.341915,0,0,2,50.0
2026-03-05T06:37:29.347950,0,0,2,50.0
2026-03-05T06:37:30.354118,0,0,3,51.0
2026-03-05T06:37:31.360077,0,0,2,50.0
2026-03-05T06:37:32.367087,0,0,2,50.0
2026-03-05T06:37:33.374303,0,0,3,51.0
2026-03-05T06:37:34.379209,0,0,2,50.0
2026-03-05T06:37:35.386328,0,0,2,50.0
2026-03-05T06:37:36.392320,0,0,2,51.0
2026-03-05T06:37:37.399346,0,0,3,50.0
2026-03-05T06:37:38.405368,0,0,2,50.0
2026-03-05T06:37:39.409480,0,0,2,51.0
2026-03-05T06:37:41.411231,0,0,2,50.0
2026-03-05T06:37:41.424485,0,0,3,50.0
2026-03-05T06:37:42.431595,0,0,2,51.0
2026-03-05T06:37:43.436616,0,0,2,50.0
2026-03-05T06:37:44.443675,0,0,3,50.0
2026-03-05T06:37:45.449727,0,0,2,50.0
2026-03-05T06:37:46.456776,0,0,3,51.0
2026-03-05T06:37:47.461810,0,0,3,50.0
2026-03-05T06:37:48.468896,0,0,2,50.0
2026-03-05T06:37:49.475935,0,0,3,51.0
2026-03-05T06:37:50.482090,0,0,2,50.0
2026-03-05T06:37:51.489017,0,0,2,50.0
2026-03-05T06:37:52.494141,0,0,2,51.0
2026-03-05T06:37:53.501116,0,0,2,50.0
2026-03-05T06:37:54.507156,0,0,2,50.0
2026-03-05T06:37:56.508909,0,0,4,51.0
2026-03-05T06:37:56.519221,0,0,2,50.0
2026-03-05T06:37:57.526434,0,0,2,50.0
2026-03-05T06:37:58.533375,0,0,2,51.0
2026-03-05T06:38:06.222313,0,0,2,50.0
2026-03-05T06:38:08.705873,0,0,2,51.0
2026-03-05T06:38:09.712921,0,0,2,51.0
2026-03-05T06:38:10.718936,0,0,2,50.0
2026-03-05T06:38:11.726075,0,0,2,50.0
2026-03-05T06:38:12.731026,0,0,2,50.0
2026-03-05T06:38:13.738092,0,0,2,51.0
2026-03-05T06:38:14.744098,0,0,3,50.0
2026-03-05T06:38:15.751144,0,0,2,50.0
2026-03-05T06:38:16.758264,0,0,3,51.0
2026-03-05T06:38:17.763202,0,0,2,50.0
2026-03-05T06:38:18.768281,0,0,2,50.0
2026-03-05T06:38:20.770191,0,0,3,51.0
2026-03-05T06:38:20.783265,0,0,2,50.0
2026-03-05T06:38:21.788379,0,0,2,50.0
2026-03-05T06:38:22.795413,0,0,2,51.0
2026-03-05T06:38:23.801448,0,0,2,50.0
2026-03-05T06:38:24.808441,0,0,1,50.0
2026-03-05T06:38:25.814641,0,0,3,51.0
2026-03-05T06:38:26.820671,0,0,2,50.0
2026-03-05T06:38:27.827636,0,0,1,50.0
2026-03-05T06:38:28.833653,0,0,2,51.0
2026-03-05T06:38:29.840738,0,0,5,50.0
2026-03-05T06:38:30.845736,0,0,2,50.0
2026-03-05T06:38:31.852785,0,0,2,50.0
2026-03-05T06:38:32.859802,0,0,3,51.0
2026-03-05T06:38:33.865863,0,0,3,50.0
2026-03-05T06:38:34.871917,0,0,2,50.0
2026-03-05T06:38:35.878094,0,0,2,51.0
2026-03-05T06:38:37.879882,0,0,3,50.0
2026-03-05T06:38:37.890947,0,0,3,50.0
2026-03-05T06:38:38.897069,0,0,2,51.0
2026-03-05T06:38:39.903085,0,0,2,50.0
2026-03-05T06:38:40.910231,0,0,2,50.0
2026-03-05T06:38:41.917172,0,0,2,51.0
2026-03-05T06:38:42.922265,0,0,3,50.0
2026-03-05T06:38:44.924033,0,0,2,50.0
2026-03-05T06:38:44.935251,0,0,2,51.0
2026-03-05T06:38:45.942419,0,0,2,50.0
2026-03-05T06:38:46.948397,0,0,2,50.0
2026-03-05T06:38:47.954486,0,0,2,51.0
2026-03-05T06:38:48.961464,0,0,3,50.0
2026-03-05T06:38:49.967475,0,0,2,50.0
2026-03-05T06:38:50.974658,0,0,2,50.0
2026-03-05T06:38:51.979675,0,0,2,51.0
2026-03-05T06:38:53.981442,0,0,3,50.0
2026-03-05T06:38:53.991735,0,0,2,50.0
2026-03-05T06:38:55.993518,0,0,2,51.0
2026-03-05T06:38:56.004678,0,0,3,50.0
2026-03-05T06:38:57.011790,0,0,2,50.0
2026-03-05T06:38:58.018805,0,0,2,51.0
2026-03-05T06:38:59.023875,0,0,2,50.0
2026-03-05T06:39:00.031890,0,0,2,50.0
2026-03-05T06:39:01.036880,0,0,3,51.0
2026-03-05T06:39:02.044081,0,0,3,50.0
2026-03-05T06:39:03.050153,0,0,2,50.0
2026-03-05T06:39:04.057085,0,0,2,51.0
2026-03-05T06:39:05.063096,0,0,2,50.0
2026-03-05T06:39:06.069110,0,0,2,50.0
2026-03-05T06:39:07.076184,0,0,3,51.0
2026-03-05T06:39:08.082338,0,0,2,50.0
2026-03-05T06:39:09.089272,0,0,3,50.0
2026-03-05T06:39:10.094366,0,0,2,50.0
2026-03-05T06:39:11.101328,0,0,2,51.0
2026-03-05T06:39:12.107327,0,0,2,50.0
2026-03-05T06:39:13.114455,0,0,2,50.0
2026-03-05T06:39:14.120380,0,0,2,51.0
2026-03-05T06:39:16.122217,0,0,2,50.0
2026-03-05T06:39:16.133454,0,0,2,50.0
2026-03-05T06:39:17.139560,0,0,2,51.0
2026-03-05T06:39:18.145582,0,0,2,50.0
2026-03-05T06:39:19.151628,0,0,2,50.0
2026-03-05T06:39:20.158665,0,0,2,51.0
2026-03-05T06:39:21.165690,0,0,2,50.0
2026-03-05T06:39:22.170837,0,0,2,50.0
2026-03-05T06:39:23.177776,0,0,2,51.0
2026-03-05T06:39:24.183864,0,0,2,50.0
2026-03-05T06:39:25.190919,0,0,2,50.0
2026-03-05T06:39:26.196946,0,0,2,50.0
2026-03-05T06:39:27.202969,0,0,3,51.0
2026-03-05T06:39:28.209001,0,0,2,50.0
2026-03-05T06:39:29.216014,0,0,3,50.0
2026-03-05T06:39:30.223053,0,0,3,51.0
2026-03-05T06:39:32.224872,0,0,3,50.0
2026-03-05T06:39:32.235168,0,0,2,50.0
2026-03-05T06:39:33.241186,0,0,2,51.0
2026-03-05T06:39:34.248197,0,0,2,50.0
2026-03-05T06:39:35.253217,0,0,2,50.0
2026-03-05T06:39:36.260263,0,0,2,51.0
2026-03-05T06:39:37.265377,0,0,2,50.0
2026-03-05T06:39:38.273448,0,0,3,50.0
2026-03-05T06:39:39.280471,0,0,2,51.0
2026-03-05T06:39:40.285513,0,0,2,50.0
2026-03-05T06:41:15.136926,0,0,2,50.0
2026-03-05T06:41:17.620417,0,0,2,51.0
2026-03-05T06:41:18.627425,0,0,2,51.0
2026-03-05T06:41:19.633385,0,0,2,50.0
2026-03-05T06:41:21.635153,0,0,3,50.0
2026-03-05T06:41:21.645405,0,0,2,51.0
2026-03-05T06:41:22.652466,0,0,2,50.0
2026-03-05T06:41:23.658586,0,0,2,50.0
2026-03-05T06:41:24.665519,0,0,2,51.0
2026-03-05T06:41:25.671570,0,0,2,50.0
2026-03-05T06:41:26.676602,0,0,2,50.0
2026-03-05T06:41:28.678436,0,0,2,51.0
2026-03-05T06:41:28.690592,0,0,2,50.0
2026-03-05T06:41:29.697656,0,0,2,50.0
2026-03-05T06:41:30.702697,0,0,2,50.0
2026-03-05T06:41:31.709713,0,0,2,51.0
2026-03-05T06:41:32.715718,0,0,2,50.0
2026-03-05T06:41:33.722830,0,0,3,50.0
2026-03-05T06:41:35.724650,0,0,2,51.0
2026-03-05T06:41:53.628946,0,0,2,50.0
2026-03-05T06:41:56.112399,0,0,3,51.0
2026-03-05T06:41:57.119455,0,0,2,50.0
2026-03-05T06:41:58.123433,0,0,3,50.0
2026-03-05T06:42:00.125237,0,0,2,51.0
2026-03-05T06:42:10.890307,0,0,2,51.0
2026-03-05T06:42:13.373729,0,0,2,51.0
2026-03-05T06:42:14.380840,0,0,2,50.0
2026-03-05T06:42:15.384863,0,0,2,50.0
2026-03-05T06:42:16.393903,0,0,2,51.0
2026-03-05T06:42:17.398858,0,0,2,50.0
2026-03-05T06:42:18.405880,0,0,3,50.0
2026-03-05T06:42:19.411877,0,0,2,51.0
2026-03-05T06:42:20.418974,0,0,3,50.0
2026-03-05T06:42:21.424958,0,0,2,50.0
2026-03-05T06:42:22.430945,0,0,2,51.0
2026-03-05T06:42:24.432816,0,0,3,50.0
2026-03-05T06:43:12.691651,0,0,2,52.0
2026-03-05T06:43:13.697950,0,0,2,50.0
2026-03-05T06:43:14.703982,0,0,2,50.0
2026-03-05T06:43:15.711028,0,0,2,51.0
2026-03-05T06:43:16.716010,0,0,3,50.0
2026-03-05T06:43:17.723027,0,0,3,50.0
2026-03-05T06:43:18.729053,0,0,2,50.0
2026-03-05T06:43:19.736047,0,0,3,51.0
2026-03-05T06:43:20.742161,0,0,2,50.0
2026-03-05T06:43:21.748088,0,0,2,50.0
2026-03-05T06:43:22.755158,0,0,3,51.0
2026-03-05T06:43:23.761162,0,0,2,50.0
2026-03-05T06:43:24.768156,0,0,2,50.0
2026-03-05T06:43:25.773158,0,0,2,51.0
2026-03-05T06:43:26.780190,0,0,2,50.0
2026-03-05T06:43:27.786328,0,0,2,50.0
2026-03-05T06:43:28.793247,0,0,2,51.0
2026-03-05T06:43:29.799281,0,0,2,50.0
2026-03-05T06:43:30.805264,0,0,2,50.0
2026-03-05T06:43:31.812277,0,0,2,51.0
2026-03-05T06:43:32.817284,0,0,2,50.0
2026-03-05T06:43:33.824312,0,0,0,50.0
2026-03-05T06:43:34.830433,0,0,2,50.0
2026-03-05T06:43:35.837385,0,0,3,51.0
2026-03-05T06:43:36.844444,0,0,2,50.0
2026-03-05T06:43:37.849433,0,0,2,50.0
2026-03-05T06:43:38.856450,0,0,3,51.0
2026-03-05T06:43:39.862527,0,0,2,50.0
2026-03-05T06:43:40.869521,0,0,2,50.0
2026-03-05T06:43:41.875526,0,0,3,51.0
2026-03-05T06:43:42.881522,0,0,2,50.0
2026-03-05T06:43:44.883349,0,0,2,50.0
2026-03-05T06:44:28.640715,0,0,2,50.0
2026-03-05T06:44:31.124251,0,0,2,51.0
2026-03-05T06:44:32.131227,0,0,2,50.0
2026-03-05T06:44:33.135377,0,0,2,51.0
2026-03-05T06:44:34.144348,0,0,2,50.0
2026-03-05T06:44:35.149310,0,0,2,50.0
2026-03-05T06:44:36.156320,0,0,3,51.0
2026-03-05T06:44:37.162404,0,0,2,50.0
2026-03-05T06:44:38.169332,0,0,2,50.0
2026-03-05T06:44:39.175355,0,0,3,51.0
2026-03-05T06:44:40.181358,0,0,2,50.0
2026-03-05T06:44:41.188370,0,0,2,50.0
2026-03-05T06:44:42.194438,0,0,2,51.0
2026-03-05T06:44:43.201387,0,0,2,50.0
2026-03-05T06:44:44.204386,0,0,2,50.0
2026-03-05T06:44:45.213506,0,0,2,50.0
2026-03-05T06:45:01.379348,0,0,2,50.0
2026-03-05T06:45:03.862764,0,0,2,51.0
2026-03-05T06:45:04.869729,0,0,3,50.0
2026-03-05T06:45:05.875780,0,0,3,51.0
2026-03-05T06:45:06.882636,0,0,2,50.0
2026-03-05T06:45:07.887792,0,0,2,50.0
2026-03-05T06:45:08.894763,0,0,0,50.0
2026-03-05T06:45:09.900841,0,0,2,51.0
2026-03-05T06:45:11.902677,0,0,2,50.0
2026-03-05T06:45:22.638592,0,0,2,51.0
2026-03-05T06:45:25.121916,0,0,2,52.0
2026-03-05T06:45:26.128937,0,0,2,50.0
2026-03-05T06:45:27.134951,0,0,2,50.0
2026-03-05T06:45:29.136740,0,0,3,51.0
2026-03-05T06:45:29.146949,0,0,2,50.0
2026-03-05T06:45:30.153989,0,0,3,50.0
2026-03-05T06:45:31.160033,0,0,2,51.0
2026-03-05T06:45:32.167039,0,0,2,50.0
2026-03-05T06:45:33.173049,0,0,2,50.0
2026-03-05T06:45:34.179073,0,0,3,51.0
2026-03-05T06:45:35.186164,0,0,2,50.0
2026-03-05T06:45:36.192119,0,0,2,50.0
2026-03-05T06:45:37.199111,0,0,2,51.0
2026-03-05T06:45:38.204098,0,0,2,50.0
2026-03-05T06:45:39.211136,0,0,1,50.0
2026-03-05T06:45:40.217137,0,0,2,51.0
2026-03-05T06:45:41.224148,0,0,2,50.0
2026-03-05T06:45:42.230289,0,0,2,50.0
2026-03-05T06:45:43.236177,0,0,2,50.0
2026-03-05T06:45:44.243225,0,0,3,51.0
2026-03-05T06:45:45.248194,0,0,2,50.0
2026-03-05T06:45:46.255242,0,0,2,50.0
2026-03-05T06:45:47.261230,0,0,3,51.0
2026-03-05T06:45:48.268259,0,0,3,50.0
2026-03-05T06:45:49.273198,0,0,2,50.0
2026-03-05T06:45:50.280313,0,0,1,51.0
2026-03-05T06:45:51.287276,0,0,2,50.0
2026-03-05T06:45:52.293275,0,0,2,50.0
2026-03-05T06:45:53.300286,0,0,3,51.0
2026-03-05T06:45:54.306403,0,0,2,50.0
2026-03-05T06:45:55.312333,0,0,3,50.0
2026-03-05T06:45:56.318373,0,0,3,51.0
2026-03-05T06:45:57.325318,0,0,2,50.0
2026-03-05T06:45:58.332334,0,0,2,50.0
2026-03-05T06:45:59.337339,0,0,2,51.0
2026-03-05T06:46:00.344353,0,0,2,50.0
2026-03-05T06:46:01.350443,0,0,2,50.0
2026-03-05T06:46:02.357433,0,0,2,51.0
2026-03-05T06:46:04.359220,0,0,2,50.0
2026-03-05T06:46:04.369352,0,0,2,50.0
2026-03-05T06:46:05.376373,0,0,2,50.0
2026-03-05T06:46:06.382436,0,0,2,51.0
2026-03-05T06:46:07.389372,0,0,2,50.0
2026-03-05T06:46:08.394434,0,0,2,50.0
2026-03-05T06:46:09.401417,0,0,2,51.0
2026-03-05T06:46:10.407540,0,0,2,50.0
2026-03-05T06:46:11.414534,0,0,2,50.0
2026-03-05T06:46:12.419491,0,0,2,51.0
2026-03-05T06:46:14.421271,0,0,2,50.0
2026-03-05T06:46:14.433352,0,0,2,50.0
2026-03-05T06:46:15.437474,0,0,2,51.0
2026-03-05T06:46:16.446497,0,0,2,50.0
2026-03-05T06:46:17.451486,0,0,2,50.0
2026-03-05T06:46:18.458491,0,0,2,51.0
2026-03-05T06:46:19.464506,0,0,2,50.0
2026-03-05T06:46:21.466405,0,0,1,50.0
2026-03-05T06:46:21.477468,0,0,2,51.0
2026-03-05T06:46:22.483532,0,0,2,50.0
2026-03-05T06:46:23.490529,0,0,2,50.0
2026-03-05T06:46:24.496541,0,0,2,50.0
2026-03-05T06:46:25.502574,0,0,2,51.0
2026-03-05T06:46:26.508547,0,0,2,50.0
2026-03-05T06:46:40.907203,0,0,2,51.0
2026-03-05T06:46:41.913746,0,0,2,50.0
2026-03-05T06:46:42.917681,0,0,2,51.0
2026-03-05T06:46:44.919453,0,0,2,50.0
2026-03-05T06:46:44.931750,0,0,3,50.0
2026-03-05T06:46:46.933547,0,0,2,51.0
2026-03-05T06:46:46.944741,0,0,2,50.0
2026-03-05T06:46:47.951757,0,0,2,50.0
2026-03-05T06:46:48.957764,0,0,2,50.0
2026-03-05T06:46:49.963748,0,0,2,51.0
2026-03-05T06:46:50.969777,0,0,2,50.0
2026-03-05T06:46:51.975758,0,0,2,50.0
2026-03-05T06:47:45.885591,0,0,3,50.0
2026-03-05T06:47:48.369248,0,0,2,51.0
2026-03-05T06:47:49.376192,0,0,2,50.0
2026-03-05T06:47:50.380213,0,0,3,51.0
2026-03-05T06:47:51.389172,0,0,2,50.0
2026-03-05T06:47:52.394256,0,0,2,50.0
2026-03-05T06:47:53.401344,0,0,2,51.0
2026-03-05T06:47:54.407184,0,0,2,50.0
2026-03-05T06:47:55.414266,0,0,2,50.0
2026-03-05T06:47:56.420207,0,0,2,50.0
2026-03-05T06:47:57.424203,0,0,2,51.0
2026-03-05T06:47:58.433232,0,0,2,50.0
2026-03-05T06:47:59.439221,0,0,2,50.0
2026-03-05T06:48:00.446307,0,0,2,51.0
2026-03-05T06:48:01.451222,0,0,2,50.0
2026-03-05T06:48:02.458317,0,0,2,50.0
2026-03-05T06:48:03.464217,0,0,2,51.0
2026-03-05T06:48:04.471152,0,0,3,50.0
2026-03-05T06:48:05.477310,0,0,3,50.0
2026-03-05T06:48:06.483323,0,0,2,51.0
2026-03-05T06:48:08.485102,0,0,2,50.0
2026-03-05T06:48:08.496303,0,0,2,50.0
2026-03-05T06:48:09.502416,0,0,2,51.0
2026-03-05T06:49:12.180208,0,0,3,51.0
2026-03-05T06:49:13.186590,0,0,2,51.0
2026-03-05T06:49:14.191530,0,0,3,50.0
2026-03-05T06:49:16.193525,0,0,2,50.0
2026-03-05T06:49:35.146317,0,0,2,50.0
2026-03-05T06:49:37.628626,0,0,2,52.0
2026-03-05T06:49:38.636636,0,0,2,50.0
2026-03-05T06:49:39.642657,0,0,2,50.0
2026-03-05T06:49:40.649664,0,0,2,51.0
2026-03-05T06:49:42.650452,0,0,2,50.0
2026-03-05T06:49:42.661489,0,0,3,50.0
2026-03-05T06:49:43.667578,0,0,2,51.0
2026-03-05T06:49:44.674570,0,0,2,50.0
2026-03-05T06:49:45.680556,0,0,2,50.0
2026-03-05T06:49:46.686587,0,0,3,51.0
2026-03-05T06:49:47.693550,0,0,2,50.0
2026-03-05T06:49:49.694508,0,0,2,50.0
2026-03-05T06:49:49.706513,0,0,2,51.0
2026-03-05T06:49:50.711562,0,0,3,50.0
2026-03-05T06:49:51.718610,0,0,2,50.0
2026-03-05T06:49:52.724548,0,0,2,50.0
2026-03-05T06:49:53.731574,0,0,2,51.0
2026-03-05T06:49:54.737591,0,0,2,50.0
2026-03-05T06:49:55.743674,0,0,3,50.0
2026-03-05T06:49:56.749565,0,0,2,51.0
2026-03-05T06:49:57.756588,0,0,2,50.0
2026-03-05T06:49:58.762615,0,0,2,50.0
2026-03-05T06:49:59.768587,0,0,2,51.0
2026-03-05T06:50:00.775600,0,0,2,50.0
2026-03-05T06:50:01.782619,0,0,2,50.0
2026-03-05T06:50:02.787580,0,0,6,51.0
2026-03-05T06:50:03.794623,0,0,2,50.0
2026-03-05T06:50:04.800599,0,0,2,50.0
2026-03-05T06:50:05.807590,0,0,2,51.0
2026-03-05T06:50:06.813584,0,0,2,50.0
2026-03-05T06:50:07.819564,0,0,2,50.0
2026-03-05T06:50:09.821304,0,0,2,51.0
2026-03-05T06:50:09.832553,0,0,2,50.0
2026-03-05T06:50:10.839613,0,0,2,50.0
2026-03-05T06:50:11.844636,0,0,2,50.0
2026-03-05T06:50:12.851606,0,0,3,51.0
2026-03-05T06:50:13.857584,0,0,2,50.0
2026-03-05T06:50:14.864575,0,0,3,50.0
2026-03-05T06:50:15.869695,0,0,3,51.0
2026-03-05T06:50:16.876683,0,0,2,50.0
2026-03-05T06:50:17.883614,0,0,2,50.0
2026-03-05T06:50:18.889602,0,0,3,51.0
2026-03-05T06:50:19.896591,0,0,2,50.0
2026-03-05T06:50:20.901596,0,0,2,50.0
2026-03-05T06:50:21.908677,0,0,2,51.0
2026-03-05T06:50:22.914632,0,0,2,50.0
2026-03-05T06:50:23.921596,0,0,2,50.0
2026-03-05T06:50:24.926632,0,0,2,51.0
2026-03-05T06:50:25.933577,0,0,2,50.0
2026-03-05T06:50:26.940619,0,0,2,50.0
2026-03-05T06:50:27.946563,0,0,2,51.0
2026-03-05T06:50:28.952695,0,0,3,50.0
2026-03-05T06:50:29.958589,0,0,3,50.0
2026-03-05T06:50:30.965620,0,0,2,50.0
2026-03-05T06:50:31.971605,0,0,2,51.0
2026-03-05T06:50:32.978710,0,0,2,50.0
2026-03-05T06:50:33.983677,0,0,3,50.0
2026-03-05T06:50:34.990624,0,0,2,51.0
2026-03-05T06:50:35.997638,0,0,2,50.0
2026-03-05T06:50:37.003630,0,0,2,50.0
2026-03-05T06:50:38.009622,0,0,2,51.0
2026-03-05T06:50:39.015626,0,0,2,50.0
2026-03-05T06:50:40.022649,0,0,2,50.0
2026-03-05T06:50:41.028583,0,0,2,51.0
2026-03-05T06:50:43.030399,0,0,2,50.0
2026-03-05T06:50:43.041571,0,0,2,50.0
2026-03-05T06:50:44.047633,0,0,2,51.0
2026-03-05T06:50:45.054660,0,0,2,50.0
2026-03-05T06:50:46.059628,0,0,2,50.0
2026-03-05T06:50:47.065629,0,0,2,51.0
2026-03-05T06:50:48.070670,0,0,2,50.0
2026-03-05T06:50:49.079649,0,0,2,50.0
2026-03-05T06:50:50.086638,0,0,2,50.0
2026-03-05T06:50:51.091639,0,0,3,51.0
2026-03-05T06:50:52.098622,0,0,2,50.0
2026-03-05T06:50:53.104614,0,0,2,50.0
2026-03-05T06:50:54.111604,0,0,2,51.0
2026-03-05T06:50:55.116638,0,0,3,50.0
2026-03-05T06:50:56.123666,0,0,2,50.0
2026-03-05T06:50:57.129639,0,0,2,51.0
2026-03-05T06:51:42.373166,0,0,3,52.0
2026-03-05T06:51:43.379661,0,0,3,50.0
2026-03-05T06:51:44.385676,0,0,2,50.0
2026-03-05T06:51:46.387694,0,0,2,51.0
2026-03-05T06:51:46.397655,0,0,2,50.0
2026-03-05T06:51:47.404640,0,0,2,50.0
2026-03-05T06:51:48.410640,0,0,3,51.0
2026-03-05T06:51:49.417674,0,0,2,50.0
2026-03-05T06:51:50.423663,0,0,2,50.0
2026-03-05T06:51:51.429668,0,0,2,51.0
2026-03-05T06:51:52.436636,0,0,3,50.0
2026-03-05T06:51:53.442654,0,0,2,50.0
2026-03-05T06:51:54.449554,0,0,2,51.0
2026-03-05T06:51:55.454565,0,0,2,50.0
2026-03-05T06:51:56.461563,0,0,2,50.0
2026-03-05T06:51:57.467564,0,0,2,50.0
2026-03-05T06:51:58.474545,0,0,2,51.0
2026-03-05T06:51:59.480574,0,0,2,50.0
2026-03-05T06:52:00.486673,0,0,2,50.0
2026-03-05T06:52:02.488378,0,0,2,51.0
2026-03-05T06:52:02.499641,0,0,2,50.0
2026-03-05T06:52:04.501321,0,0,3,50.0
2026-03-05T06:52:04.511635,0,0,2,51.0
2026-03-05T06:53:09.117046,0,0,3,51.0
2026-03-05T06:53:10.123436,0,0,2,50.0
2026-03-05T06:53:11.128434,0,0,3,50.0
2026-03-05T06:53:12.135409,0,0,2,51.0
2026-03-05T06:53:13.141429,0,0,2,50.0
2026-03-05T06:53:14.148421,0,0,2,50.0
2026-03-05T06:53:15.155405,0,0,2,51.0
2026-03-05T06:53:16.160476,0,0,2,50.0
2026-03-05T06:53:17.167406,0,0,2,50.0
2026-03-05T06:53:18.173387,0,0,2,51.0
2026-03-05T06:53:19.180400,0,0,2,50.0
2026-03-05T06:53:20.185477,0,0,2,50.0
2026-03-05T06:53:21.192462,0,0,3,51.0
2026-03-05T06:53:22.198465,0,0,2,50.0
2026-03-05T06:53:23.205388,0,0,2,50.0
2026-03-05T06:53:24.211380,0,0,2,51.0
2026-03-05T06:53:25.217393,0,0,2,50.0
2026-03-05T06:53:26.224384,0,0,2,50.0
2026-03-05T06:53:27.230435,0,0,2,50.0
2026-03-05T06:53:28.237364,0,0,3,51.0
2026-03-05T06:53:29.242497,0,0,1,50.0
2026-03-05T06:53:30.248398,0,0,2,50.0
2026-03-05T06:53:31.256377,0,0,3,51.0
2026-03-05T06:53:32.262436,0,0,2,50.0
2026-03-05T06:53:33.268365,0,0,2,50.0
2026-03-05T06:53:34.274426,0,0,2,51.0
2026-03-05T06:53:35.281314,0,0,2,50.0
2026-03-05T06:53:55.143053,0,0,2,50.0
2026-03-05T06:53:57.626474,0,0,2,51.0
2026-03-05T06:53:58.633328,0,0,3,51.0
2026-03-05T06:53:59.639307,0,0,2,50.0
2026-03-05T06:54:01.641193,0,0,2,50.0
2026-03-05T06:54:01.651293,0,0,2,50.0
2026-03-05T06:54:02.658470,0,0,2,51.0
2026-03-05T06:54:03.664273,0,0,2,50.0
2026-03-05T06:54:04.671303,0,0,2,50.0
2026-03-05T06:54:05.678443,0,0,2,51.0
2026-03-05T06:54:06.683307,0,0,2,50.0
2026-03-05T06:54:07.690401,0,0,2,50.0
2026-03-05T06:54:09.692288,0,0,2,51.0
2026-03-05T06:54:09.703285,0,0,2,50.0
2026-03-05T06:54:10.707286,0,0,2,50.0
2026-03-05T06:54:11.715296,0,0,3,51.0
2026-03-05T06:54:12.721291,0,0,2,50.0
2026-03-05T06:54:13.728275,0,0,2,50.0
2026-03-05T06:54:14.734412,0,0,2,51.0
2026-03-05T06:54:15.740254,0,0,2,50.0
2026-03-05T06:54:17.742139,0,0,3,50.0
2026-03-05T06:54:17.753137,0,0,2,51.0
2026-03-05T06:54:18.759195,0,0,2,50.0
2026-03-05T06:54:19.765187,0,0,3,50.0
2026-03-05T06:54:20.772175,0,0,3,50.0
2026-03-05T06:54:21.779157,0,0,2,51.0
2026-03-05T06:54:22.783226,0,0,2,50.0
2026-03-05T06:54:23.791212,0,0,3,50.0
2026-03-05T06:54:24.797164,0,0,2,51.0
2026-03-05T06:54:25.803148,0,0,2,50.0
2026-03-05T06:54:26.810260,0,0,2,50.0
2026-03-05T06:54:27.816153,0,0,2,51.0
2026-03-05T06:54:28.822221,0,0,2,50.0
2026-03-05T06:54:29.828148,0,0,2,50.0
2026-03-05T06:54:30.836163,0,0,2,51.0
2026-03-05T06:54:31.841139,0,0,2,50.0
2026-03-05T06:54:32.848135,0,0,2,50.0
2026-03-05T06:54:33.854215,0,0,2,51.0
2026-03-05T06:54:34.861113,0,0,2,50.0
2026-03-05T06:54:35.867106,0,0,2,50.0
2026-03-05T06:54:36.872137,0,0,2,51.0
2026-03-05T06:54:38.873812,0,0,2,50.0
2026-03-05T06:54:38.886191,0,0,2,50.0
2026-03-05T06:54:39.893085,0,0,2,50.0
2026-03-05T06:54:40.898228,0,0,2,51.0
2026-03-05T06:54:41.905075,0,0,2,50.0
2026-03-05T06:54:42.910605,0,0,2,50.0
2026-03-05T06:54:43.918182,0,0,2,51.0
2026-03-05T06:54:44.921121,0,0,2,50.0
2026-03-05T06:54:45.930217,0,0,3,50.0
2026-03-05T06:54:46.937067,0,0,2,51.0
2026-03-05T06:54:47.943073,0,0,3,50.0
2026-03-05T06:54:48.950156,0,0,2,50.0
2026-03-05T06:54:49.955052,0,0,2,51.0
2026-03-05T06:54:50.962168,0,0,2,50.0
2026-03-05T06:54:51.968041,0,0,1,50.0
2026-03-05T06:54:52.975095,0,0,2,51.0
2026-03-05T06:54:53.981041,0,0,2,50.0
2026-03-05T06:54:54.987034,0,0,2,50.0
2026-03-05T06:54:55.994165,0,0,2,51.0
2026-03-05T06:54:56.999994,0,0,2,50.0
2026-03-05T06:54:58.007041,0,0,2,50.0
2026-03-05T06:54:59.010121,0,0,2,50.0
2026-03-05T06:55:00.019048,0,0,2,51.0
2026-03-05T06:55:01.025016,0,0,2,50.0
2026-03-05T06:55:02.031978,0,0,2,50.0
2026-03-05T06:55:03.037966,0,0,2,51.0
2026-03-05T06:55:04.043989,0,0,2,50.0
2026-03-05T06:55:05.050995,0,0,2,50.0
2026-03-05T06:55:06.054995,0,0,3,51.0
2026-03-05T06:55:07.063024,0,0,2,50.0
2026-03-05T06:55:08.068972,0,0,2,50.0
2026-03-05T06:55:09.075951,0,0,2,51.0
2026-03-05T06:55:10.082940,0,0,2,50.0
2026-03-05T06:55:11.088957,0,0,3,50.0
2026-03-05T06:55:12.094954,0,0,2,51.0
2026-03-05T06:55:13.100960,0,0,3,50.0
2026-03-05T06:55:14.107973,0,0,2,50.0
2026-03-05T06:55:15.113978,0,0,2,50.0
2026-03-05T06:55:16.119980,0,0,2,51.0
2026-03-05T06:55:17.125971,0,0,2,50.0
2026-03-05T06:55:18.132955,0,0,2,50.0
2026-03-05T06:55:19.139953,0,0,2,51.0
2026-03-05T06:55:20.143976,0,0,2,50.0
2026-03-05T06:55:21.151953,0,0,2,50.0
2026-03-05T06:55:22.157946,0,0,2,51.0
2026-03-05T06:55:23.164945,0,0,2,50.0
2026-03-05T06:55:24.170939,0,0,3,50.0
2026-03-05T06:55:25.176927,0,0,2,51.0
2026-03-05T06:55:26.183891,0,0,2,50.0
2026-03-05T06:55:27.188934,0,0,2,50.0
2026-03-05T06:55:29.190681,0,0,2,51.0
2026-03-05T06:55:29.201803,0,0,2,50.0
2026-03-05T06:55:30.208881,0,0,2,50.0
2026-03-05T06:55:31.214893,0,0,2,51.0
2026-03-05T06:55:32.221851,0,0,2,50.0
2026-03-05T06:55:33.226881,0,0,2,50.0
2026-03-05T06:55:34.233857,0,0,2,50.0
2026-03-05T06:55:35.240828,0,0,2,51.0
2026-03-05T06:55:36.246918,0,0,2,50.0
2026-03-05T06:55:37.253851,0,0,2,50.0
2026-03-05T06:55:38.258816,0,0,2,51.0
2026-03-05T06:55:39.265850,0,0,2,50.0
2026-03-05T06:55:40.271822,0,0,2,50.0
2026-03-05T06:55:41.278829,0,0,2,51.0
2026-03-05T06:55:42.282874,0,0,2,50.0
2026-03-05T06:55:43.290827,0,0,2,50.0
2026-03-05T06:55:44.297817,0,0,2,51.0
2026-03-05T06:55:45.303849,0,0,2,50.0
2026-03-05T06:55:46.310834,0,0,2,50.0
2026-03-05T06:55:47.315822,0,0,2,51.0
2026-03-05T06:55:48.322838,0,0,2,50.0
2026-03-05T06:55:49.328815,0,0,2,50.0
2026-03-05T06:55:51.330656,0,0,2,51.0
2026-03-05T06:56:10.390228,0,0,3,50.0
2026-03-05T06:56:12.873603,0,0,2,51.0
2026-03-05T06:56:13.880603,0,0,2,51.0
2026-03-05T06:56:14.884629,0,0,2,50.0
2026-03-05T06:56:15.893625,0,0,3,50.0
2026-03-05T06:56:16.898614,0,0,2,51.0
2026-03-05T06:56:17.905590,0,0,2,50.0
2026-03-05T06:56:18.911597,0,0,3,50.0
2026-03-05T06:56:19.918627,0,0,2,51.0
2026-03-05T06:56:20.925550,0,0,3,50.0
2026-03-05T06:56:21.930566,0,0,2,50.0
2026-03-05T06:56:23.932307,0,0,2,51.0
2026-03-05T06:56:23.943518,0,0,2,50.0
2026-03-05T06:56:24.950563,0,0,2,50.0
2026-03-05T06:56:25.955534,0,0,2,51.0
2026-03-05T06:56:26.962461,0,0,2,50.0
2026-03-05T06:56:27.968540,0,0,2,50.0
2026-03-05T06:56:28.975547,0,0,3,50.0
2026-03-05T06:56:29.981548,0,0,3,51.0
2026-03-05T06:56:30.987530,0,0,2,50.0
2026-03-05T06:56:31.994584,0,0,2,50.0
2026-03-05T06:56:33.000525,0,0,0,51.0
2026-03-05T06:56:34.007536,0,0,2,50.0
2026-03-05T06:56:35.012505,0,0,3,50.0
2026-03-05T06:56:36.017563,0,0,2,51.0
2026-03-05T06:56:38.019325,0,0,2,50.0
2026-03-05T06:56:38.032423,0,0,2,50.0
2026-03-05T06:56:39.038499,0,0,2,51.0
2026-03-05T06:56:40.044464,0,0,2,50.0
2026-03-05T06:56:41.051473,0,0,3,50.0
2026-03-05T06:56:42.057443,0,0,3,51.0
2026-03-05T06:56:43.063493,0,0,2,50.0
2026-03-05T06:56:44.068482,0,0,2,50.0
2026-03-05T06:56:46.070310,0,0,2,51.0
2026-03-05T06:56:46.083384,0,0,2,50.0
2026-03-05T06:56:47.089419,0,0,2,50.0
2026-03-05T06:56:48.095432,0,0,2,50.0
2026-03-05T06:56:49.101430,0,0,0,51.0
2026-03-05T06:56:50.108401,0,0,2,50.0
2026-03-05T06:56:51.114457,0,0,2,50.0
2026-03-05T06:56:52.120430,0,0,2,51.0
2026-03-05T06:56:53.127464,0,0,3,50.0
2026-03-05T06:56:54.133429,0,0,3,50.0
2026-03-05T06:56:55.140424,0,0,2,51.0
2026-03-05T06:56:56.145406,0,0,3,50.0
2026-03-05T06:56:57.152404,0,0,2,50.0
2026-03-05T06:56:58.158478,0,0,2,51.0
2026-03-05T06:56:59.165380,0,0,2,50.0
2026-03-05T06:57:00.171372,0,0,2,50.0
2026-03-05T06:57:01.177400,0,0,2,51.0
2026-03-05T06:57:02.184260,0,0,2,50.0
2026-03-05T06:57:03.190452,0,0,3,50.0
2026-03-05T06:57:04.197360,0,0,2,51.0
2026-03-05T06:57:05.202448,0,0,3,50.0
2026-03-05T06:57:06.209379,0,0,2,50.0
2026-03-05T06:57:07.215316,0,0,2,50.0
2026-03-05T06:57:09.217189,0,0,2,51.0
2026-03-05T06:57:09.228348,0,0,3,50.0
2026-03-05T06:57:10.234420,0,0,2,50.0
2026-03-05T06:57:11.241299,0,0,1,51.0
2026-03-05T06:57:12.247340,0,0,2,50.0
2026-03-05T06:57:13.254387,0,0,2,50.0
2026-03-05T06:57:14.259328,0,0,2,51.0
2026-03-05T06:57:15.264223,0,0,3,50.0
2026-03-05T06:57:17.266071,0,0,2,50.0
2026-03-05T06:57:17.279173,0,0,2,51.0
2026-03-05T06:57:18.285211,0,0,2,50.0
2026-03-05T06:57:19.291206,0,0,3,50.0
2026-03-05T06:57:20.298289,0,0,2,51.0
2026-03-05T06:57:21.304194,0,0,2,50.0
2026-03-05T06:57:22.309184,0,0,2,50.0
2026-03-05T06:57:23.316286,0,0,2,50.0
2026-03-05T06:57:24.323269,0,0,2,51.0
2026-03-05T06:57:25.330279,0,0,3,50.0
2026-03-05T06:57:26.336188,0,0,2,50.0
2026-03-05T06:57:27.342252,0,0,2,51.0
2026-03-05T06:57:28.348162,0,0,2,50.0
2026-03-05T06:57:29.355145,0,0,2,50.0
2026-03-05T06:57:30.361129,0,0,2,51.0
2026-03-05T06:57:31.367138,0,0,2,50.0
2026-03-05T06:57:32.373144,0,0,3,50.0
2026-03-05T06:57:33.380183,0,0,2,51.0
2026-03-05T06:57:35.381899,0,0,2,50.0
2026-03-05T06:57:35.392060,0,0,2,50.0
2026-03-05T06:57:36.399159,0,0,2,51.0
2026-03-05T06:57:37.405099,0,0,2,50.0
2026-03-05T06:57:38.412097,0,0,2,50.0
2026-03-05T06:57:39.418202,0,0,2,51.0
2026-03-05T06:57:40.424069,0,0,2,50.0
2026-03-05T06:57:41.431063,0,0,2,50.0
2026-03-05T06:57:42.437054,0,0,2,50.0
2026-03-05T06:57:43.444053,0,0,2,51.0
2026-03-05T06:58:11.147493,0,0,3,50.0
2026-03-05T06:58:13.630891,0,0,2,51.0
2026-03-05T06:58:14.637885,0,0,2,50.0
2026-03-05T06:58:15.641973,0,0,2,51.0
2026-03-05T06:58:16.650922,0,0,2,50.0
2026-03-05T06:58:17.655823,0,0,3,50.0
2026-03-05T06:58:18.662810,0,0,2,51.0
2026-03-05T06:58:19.668810,0,0,2,50.0
2026-03-05T06:58:20.675783,0,0,2,50.0
2026-03-05T06:58:21.681787,0,0,2,51.0
2026-03-05T06:58:22.687788,0,0,2,50.0
2026-03-05T06:58:23.694770,0,0,2,50.0
2026-03-05T06:58:24.700775,0,0,2,51.0
2026-03-05T06:58:25.707757,0,0,2,50.0
2026-03-05T06:58:26.712734,0,0,2,50.0
2026-03-05T06:58:27.719744,0,0,2,51.0
2026-03-05T06:58:28.725751,0,0,2,50.0
2026-03-05T06:58:29.732743,0,0,2,50.0
2026-03-05T06:58:30.738785,0,0,2,51.0
2026-03-05T06:58:31.744705,0,0,2,50.0
2026-03-05T06:58:32.751721,0,0,2,50.0
2026-03-05T06:58:33.757677,0,0,3,50.0
2026-03-05T06:58:34.763687,0,0,2,51.0
2026-03-05T06:58:35.769686,0,0,3,50.0
2026-03-05T06:58:36.776716,0,0,2,50.0
2026-03-05T06:58:38.778571,0,0,1,51.0
2026-03-05T06:58:38.789698,0,0,3,50.0
2026-03-05T06:58:39.795687,0,0,2,50.0
2026-03-05T06:58:40.801669,0,0,3,51.0
2026-03-05T06:58:41.808647,0,0,2,50.0
2026-03-05T06:58:42.814846,0,0,3,50.0
2026-03-05T06:58:43.820635,0,0,2,51.0
2026-03-05T06:58:44.826655,0,0,2,50.0
2026-03-05T06:58:46.828492,0,0,2,50.0
2026-03-05T06:58:46.840651,0,0,2,51.0
2026-03-05T06:58:47.845640,0,0,2,50.0
2026-03-05T06:58:48.852616,0,0,2,50.0
2026-03-05T06:58:49.857531,0,0,2,50.0
2026-03-05T06:58:50.865540,0,0,2,51.0
2026-03-05T06:58:51.871556,0,0,2,50.0
2026-03-05T06:58:52.877508,0,0,2,50.0
2026-03-05T06:58:54.878458,0,0,2,51.0
2026-03-05T06:58:54.890493,0,0,3,50.0
2026-03-05T06:58:55.897490,0,0,2,50.0
2026-03-05T06:58:56.902582,0,0,2,51.0
2026-03-05T06:58:57.909505,0,0,2,50.0
2026-03-05T06:58:58.915494,0,0,3,50.0
2026-03-05T06:58:59.922517,0,0,2,51.0
2026-03-05T06:59:01.924252,0,0,3,50.0
2026-03-05T06:59:01.934493,0,0,2,50.0
2026-03-05T06:59:02.941470,0,0,2,51.0
2026-03-05T06:59:03.947459,0,0,3,50.0
2026-03-05T06:59:04.954523,0,0,3,50.0
2026-03-05T06:59:05.959436,0,0,2,51.0
2026-03-05T06:59:06.966611,0,0,3,50.0
2026-03-05T06:59:08.968465,0,0,2,50.0
2026-03-05T06:59:27.863875,0,0,2,51.0
2026-03-05T06:59:28.871312,0,0,3,50.0
2026-03-05T06:59:30.873111,0,0,2,50.0
2026-03-05T06:59:30.883277,0,0,2,51.0
2026-03-05T06:59:32.885063,0,0,2,50.0
2026-03-05T06:59:32.896204,0,0,2,50.0
2026-03-05T06:59:33.903216,0,0,2,51.0
2026-03-05T06:59:34.908196,0,0,3,50.0
2026-03-05T06:59:35.915229,0,0,2,50.0
2026-03-05T06:59:36.921185,0,0,2,51.0
2026-03-05T06:59:37.928222,0,0,2,50.0
2026-03-05T06:59:38.933214,0,0,2,50.0
2026-03-05T06:59:39.940193,0,0,2,51.0
2026-03-05T06:59:40.946236,0,0,2,50.0
2026-03-05T06:59:41.953173,0,0,3,50.0
2026-03-05T06:59:42.960173,0,0,2,50.0
2026-03-05T06:59:43.965179,0,0,2,51.0
2026-03-05T06:59:44.970687,0,0,3,50.0
2026-03-05T06:59:45.978264,0,0,2,50.0
2026-03-05T06:59:46.985160,0,0,0,51.0
2026-03-05T06:59:47.990258,0,0,2,50.0
2026-03-05T06:59:48.997147,0,0,2,50.0
2026-03-05T06:59:50.004127,0,0,2,51.0
2026-03-05T06:59:51.010205,0,0,2,50.0
2026-03-05T06:59:52.016028,0,0,2,50.0
2026-03-05T06:59:54.017774,0,0,2,51.0
2026-03-05T06:59:54.029108,0,0,2,50.0
2026-03-05T06:59:55.035095,0,0,2,50.0
2026-03-05T06:59:56.041078,0,0,2,51.0
2026-03-05T06:59:57.047078,0,0,2,50.0
2026-03-05T06:59:58.054161,0,0,2,50.0
2026-03-05T06:59:59.060985,0,0,3,51.0
2026-03-05T07:00:01.062763,0,0,3,50.0
2026-03-05T07:00:01.073031,0,0,2,50.0
2026-03-05T07:00:02.079019,0,0,2,50.0
2026-03-05T07:00:03.084956,0,0,2,51.0
2026-03-05T07:00:04.092021,0,0,2,50.0
2026-03-05T07:00:05.098106,0,0,2,50.0
2026-03-05T07:00:06.105024,0,0,2,51.0
2026-03-05T07:00:08.106869,0,0,2,50.0
2026-03-05T07:01:35.650858,0,0,2,51.0
2026-03-05T07:01:36.657132,0,0,2,50.0
2026-03-05T07:01:37.663080,0,0,2,51.0
2026-03-05T07:01:38.670293,0,0,2,50.0
2026-03-05T07:01:39.675156,0,0,2,50.0
2026-03-05T07:01:40.682267,0,0,2,50.0
2026-03-05T07:01:59.370755,0,0,2,51.0
2026-03-05T07:02:00.377004,0,0,2,50.0
2026-03-05T07:02:01.382939,0,0,2,50.0
2026-03-05T07:02:02.389873,0,0,2,51.0
2026-03-05T07:02:03.394934,0,0,2,50.0
2026-03-05T07:02:04.401984,0,0,2,50.0
2026-03-05T07:02:05.407826,0,0,2,51.0
2026-03-05T07:02:06.412860,0,0,2,50.0
2026-03-05T07:02:07.420996,0,0,2,50.0
2026-03-05T07:02:08.426912,0,0,2,51.0
2026-03-05T07:02:09.433894,0,0,3,50.0
2026-03-05T07:02:10.439885,0,0,2,50.0
2026-03-05T07:02:11.446872,0,0,2,51.0
2026-03-05T07:02:12.451868,0,0,2,50.0
2026-03-05T07:02:13.458839,0,0,2,50.0
2026-03-05T07:02:43.869138,0,0,2,52.0
2026-03-05T07:02:44.875511,0,0,2,50.0
2026-03-05T07:02:45.881533,0,0,3,50.0
2026-03-05T07:02:46.888530,0,0,2,51.0
2026-03-05T07:02:47.893506,0,0,2,50.0
2026-03-05T07:02:48.900487,0,0,2,50.0
2026-03-05T07:02:56.661981,0,0,2,50.0
2026-03-05T07:02:59.145480,0,0,2,52.0
2026-03-05T07:03:00.151463,0,0,2,50.0
2026-03-05T07:03:01.158535,0,0,2,50.0
2026-03-05T07:03:02.163487,0,0,2,51.0
2026-03-05T07:03:03.170481,0,0,3,50.0
2026-03-05T07:03:04.177414,0,0,2,50.0
2026-03-05T07:03:05.183401,0,0,2,50.0
2026-03-05T07:03:06.190473,0,0,3,51.0
2026-03-05T07:03:07.196365,0,0,2,50.0
2026-03-05T07:03:08.202456,0,0,2,50.0
2026-03-05T07:03:09.208396,0,0,2,51.0
2026-03-05T07:03:11.210318,0,0,2,50.0
2026-03-05T07:04:06.621459,0,0,2,51.0
2026-03-05T07:04:07.627793,0,0,2,51.0
2026-03-05T07:04:08.632708,0,0,2,50.0
2026-03-05T07:04:09.640746,0,0,2,50.0
2026-03-05T07:04:10.645727,0,0,2,51.0
2026-03-05T07:04:11.652713,0,0,2,50.0
2026-03-05T07:04:12.658699,0,0,2,50.0
2026-03-05T07:04:13.665695,0,0,2,50.0
2026-03-05T07:04:14.671688,0,0,2,51.0
2026-03-05T07:04:15.677656,0,0,2,50.0
2026-03-05T07:04:16.684689,0,0,2,50.0
2026-03-05T07:04:17.690651,0,0,3,51.0
2026-03-05T07:04:18.697642,0,0,2,50.0
2026-03-05T07:04:19.702632,0,0,3,50.0
2026-03-05T07:04:20.709621,0,0,2,51.0
2026-03-05T07:04:21.715601,0,0,2,50.0
2026-03-05T07:04:22.722598,0,0,3,50.0
2026-03-05T07:04:23.728617,0,0,2,51.0
2026-03-05T07:04:24.734594,0,0,2,50.0
2026-03-05T07:04:25.741539,0,0,2,50.0
2026-03-05T07:04:26.747562,0,0,3,52.0
2026-03-05T07:04:27.753542,0,0,3,50.0
2026-03-05T07:04:28.759520,0,0,2,50.0
2026-03-05T07:04:29.766591,0,0,2,51.0
2026-03-05T07:04:30.773540,0,0,3,50.0
2026-03-05T07:04:31.779509,0,0,2,50.0
2026-03-05T07:04:32.785512,0,0,2,50.0
2026-03-05T07:04:33.791500,0,0,3,51.0
2026-03-05T07:04:34.798515,0,0,2,50.0
2026-03-05T07:04:35.804479,0,0,3,50.0
2026-03-05T07:04:36.810554,0,0,2,51.0
2026-03-05T07:04:38.812531,0,0,2,50.0
2026-03-05T07:04:38.823497,0,0,2,50.0
2026-03-05T07:04:39.830527,0,0,2,51.0
2026-03-05T07:04:40.834661,0,0,3,50.0
2026-03-05T07:04:41.842487,0,0,2,50.0
2026-03-05T07:04:42.848437,0,0,2,51.0
2026-03-05T07:04:43.855430,0,0,2,50.0
2026-03-05T07:04:44.861407,0,0,2,50.0
2026-03-05T07:04:45.867451,0,0,2,51.0
2026-03-05T07:04:46.874485,0,0,2,50.0
2026-03-05T07:04:47.880386,0,0,3,50.0
2026-03-05T07:04:48.887401,0,0,3,51.0
2026-03-05T07:04:49.892348,0,0,2,50.0
2026-03-05T07:04:50.899371,0,0,2,50.0
2026-03-05T07:04:51.905349,0,0,2,50.0
2026-03-05T07:04:52.912312,0,0,2,51.0
2026-03-05T07:04:54.914254,0,0,2,50.0
2026-03-05T07:04:54.924298,0,0,2,50.0
2026-03-05T07:04:55.931298,0,0,2,51.0
2026-03-05T07:04:56.937305,0,0,2,50.0
2026-03-05T07:04:57.944294,0,0,2,50.0
2026-03-05T07:04:58.949278,0,0,2,51.0
2026-03-05T07:04:59.956282,0,0,2,50.0
2026-03-05T07:05:00.961133,0,0,3,50.0
2026-03-05T07:05:01.969297,0,0,3,51.0
2026-03-05T07:05:02.975111,0,0,2,50.0
2026-03-05T07:05:03.981307,0,0,2,50.0
2026-03-05T07:05:04.988296,0,0,2,51.0
2026-03-05T07:05:05.994352,0,0,2,50.0
2026-03-05T07:05:07.000262,0,0,2,50.0
2026-03-05T07:05:08.006293,0,0,2,50.0
2026-03-05T07:05:09.013144,0,0,2,51.0
2026-03-05T07:05:10.019131,0,0,2,50.0
2026-03-05T07:05:11.026193,0,0,3,50.0
2026-03-05T07:05:12.032104,0,0,3,51.0
2026-03-05T07:05:13.038193,0,0,3,50.0
2026-03-05T07:05:14.045002,0,0,2,50.0
2026-03-05T07:05:36.381516,0,0,2,51.0
2026-03-05T07:05:37.390373,0,0,2,51.0
2026-03-05T07:05:38.391884,0,0,2,50.0
2026-03-05T07:05:40.393636,0,0,2,50.0
2026-03-05T07:05:40.405772,0,0,2,50.0
2026-03-05T07:05:41.412800,0,0,2,51.0
2026-03-05T07:05:42.418799,0,0,2,50.0
2026-03-05T07:05:43.425732,0,0,2,50.0
2026-03-05T07:05:44.431767,0,0,2,51.0
2026-03-05T07:05:45.437741,0,0,3,50.0
2026-03-05T07:05:46.444746,0,0,3,50.0
2026-03-05T07:05:47.450694,0,0,3,51.0
2026-03-05T07:05:49.452410,0,0,2,50.0
2026-03-05T07:05:49.462624,0,0,3,50.0
2026-03-05T07:05:50.469708,0,0,2,51.0
2026-03-05T07:05:51.475689,0,0,2,50.0
2026-03-05T07:05:52.482684,0,0,5,50.0
2026-03-05T07:05:53.488636,0,0,2,51.0
2026-03-05T07:05:54.494614,0,0,2,50.0
2026-03-05T07:05:56.496345,0,0,2,50.0
2026-03-05T07:05:56.506583,0,0,3,50.0
2026-03-05T07:05:57.513634,0,0,3,51.0
2026-03-05T07:05:58.519621,0,0,2,50.0
2026-03-05T07:05:59.526616,0,0,2,50.0
2026-03-05T07:06:00.533635,0,0,3,51.0
2026-03-05T07:06:01.538622,0,0,2,50.0
2026-03-05T07:06:03.540407,0,0,2,50.0
2026-03-05T07:06:03.551516,0,0,2,51.0
2026-03-05T07:06:04.558536,0,0,3,50.0
2026-03-05T07:06:05.564531,0,0,3,50.0
2026-03-05T07:06:06.570588,0,0,2,51.0
2026-03-05T07:06:07.576521,0,0,2,50.0
2026-03-05T07:06:08.583497,0,0,3,50.0
2026-03-05T07:06:09.590503,0,0,2,51.0
2026-03-05T07:06:11.592232,0,0,2,50.0
2026-03-05T07:06:11.602464,0,0,2,50.0
2026-03-05T07:06:12.608467,0,0,2,51.0
2026-03-05T07:06:13.615494,0,0,2,50.0
2026-03-05T07:06:14.621481,0,0,3,50.0
2026-03-05T07:06:15.627474,0,0,2,50.0
2026-03-05T07:06:16.634544,0,0,2,51.0
2026-03-05T07:06:17.640513,0,0,1,50.0
2026-03-05T07:06:19.642296,0,0,2,50.0
2026-03-05T07:06:19.652346,0,0,2,51.0
2026-03-05T07:06:20.659435,0,0,2,50.0
2026-03-05T07:06:21.665305,0,0,2,50.0
2026-03-05T07:06:22.672394,0,0,2,51.0
2026-03-05T07:06:23.677392,0,0,2,50.0
2026-03-05T07:06:24.684317,0,0,2,50.0
2026-03-05T07:06:26.686133,0,0,2,51.0
2026-03-05T07:06:26.697275,0,0,2,50.0
2026-03-05T07:06:27.704285,0,0,3,50.0
2026-03-05T07:06:28.709291,0,0,2,51.0
2026-03-05T07:06:29.716284,0,0,2,50.0
2026-03-05T07:06:30.722390,0,0,3,50.0
2026-03-05T07:06:31.729265,0,0,2,51.0
2026-03-05T07:06:33.730558,0,0,2,50.0
2026-03-05T07:06:33.741182,0,0,3,50.0
2026-03-05T07:06:34.748228,0,0,2,50.0
2026-03-05T07:06:35.754286,0,0,3,51.0
2026-03-05T07:06:36.761187,0,0,2,50.0
2026-03-05T07:06:37.766281,0,0,2,50.0
2026-03-05T07:06:38.773187,0,0,2,51.0
2026-03-05T07:06:40.774941,0,0,2,50.0
2026-03-05T07:06:40.786253,0,0,2,50.0
2026-03-05T07:06:41.792153,0,0,2,51.0
2026-03-05T07:06:42.798226,0,0,2,50.0
2026-03-05T07:06:43.805135,0,0,3,50.0
2026-03-05T07:06:44.811114,0,0,2,51.0
2026-03-05T07:06:55.280486,0,0,2,50.0
2026-03-05T07:06:57.763996,0,0,2,51.0
2026-03-05T07:06:58.770966,0,0,2,51.0
2026-03-05T07:06:59.776973,0,0,2,50.0
2026-03-05T07:07:00.783931,0,0,2,50.0
2026-03-05T07:07:01.788866,0,0,2,51.0
2026-03-05T07:07:02.795912,0,0,2,50.0
2026-03-05T07:07:03.801905,0,0,3,50.0
2026-03-05T07:07:04.808894,0,0,3,50.0
2026-03-05T07:07:05.814884,0,0,2,51.0
2026-03-05T07:07:06.820872,0,0,3,50.0
2026-03-05T07:07:07.827866,0,0,2,50.0
2026-03-05T07:07:08.833881,0,0,2,51.0
2026-03-05T07:07:09.840867,0,0,2,50.0
2026-03-05T07:07:10.845826,0,0,3,50.0
2026-03-05T07:07:11.852805,0,0,2,51.0
2026-03-05T07:07:12.858658,0,0,3,50.0
2026-03-05T07:07:13.865786,0,0,2,50.0
2026-03-05T07:07:14.871787,0,0,2,51.0
2026-03-05T07:07:15.877801,0,0,2,50.0
2026-03-05T07:07:16.884801,0,0,2,50.0
2026-03-05T07:07:17.890748,0,0,3,51.0
2026-03-05T07:07:18.896731,0,0,1,50.0
2026-03-05T07:07:19.902733,0,0,2,50.0
2026-03-05T07:07:20.909721,0,0,2,51.0
2026-03-05T07:07:21.916699,0,0,2,50.0
2026-03-05T07:07:22.921734,0,0,2,50.0
2026-03-05T07:07:23.928819,0,0,2,50.0
2026-03-05T07:07:25.930570,0,0,1,51.0
2026-03-05T07:07:25.941625,0,0,3,50.0
2026-03-05T07:07:26.947649,0,0,3,50.0
2026-03-05T07:07:27.953665,0,0,2,51.0
2026-03-05T07:07:28.959664,0,0,2,50.0
2026-03-05T07:07:29.966639,0,0,2,50.0
2026-03-05T07:07:30.973651,0,0,2,51.0
2026-03-05T07:07:32.974425,0,0,2,50.0
2026-03-05T07:07:32.985465,0,0,2,50.0
2026-03-05T07:07:33.991586,0,0,3,51.0
2026-03-05T07:07:34.998594,0,0,3,50.0
2026-03-05T07:07:36.004556,0,0,3,50.0
2026-03-05T07:07:37.010553,0,0,5,51.0
2026-03-05T07:07:38.017528,0,0,2,50.0
2026-03-05T07:07:39.023553,0,0,2,50.0
2026-03-05T07:07:40.030553,0,0,2,51.0
2026-03-05T07:07:41.035600,0,0,2,50.0
2026-03-05T07:07:42.042563,0,0,2,50.0
2026-03-05T07:07:43.048555,0,0,1,50.0
2026-03-05T07:07:44.055552,0,0,2,51.0
2026-03-05T07:07:45.060536,0,0,2,50.0
2026-03-05T07:07:46.065486,0,0,2,50.0
2026-03-05T07:07:47.074586,0,0,2,51.0
2026-03-05T07:07:48.080462,0,0,2,50.0
2026-03-05T07:07:49.087500,0,0,2,50.0
2026-03-05T07:07:50.092461,0,0,3,51.0
2026-03-05T07:07:51.099488,0,0,2,50.0
2026-03-05T07:07:52.105425,0,0,2,50.0
2026-03-05T07:07:53.112335,0,0,2,51.0
2026-03-05T07:07:55.114228,0,0,2,50.0
2026-03-05T07:07:55.124489,0,0,2,50.0
2026-03-05T07:07:56.131393,0,0,2,51.0
2026-03-05T07:07:57.137375,0,0,2,50.0
2026-03-05T07:07:58.143373,0,0,2,50.0
2026-03-05T07:07:59.149344,0,0,2,50.0
2026-03-05T07:08:00.156327,0,0,2,51.0
2026-03-05T07:08:01.161354,0,0,2,50.0
2026-03-05T07:08:02.169397,0,0,2,50.0
2026-03-05T07:08:03.175379,0,0,2,51.0
2026-03-05T07:08:04.181365,0,0,2,50.0
2026-03-05T07:08:05.188342,0,0,2,50.0
2026-03-05T07:08:06.194447,0,0,2,51.0
2026-03-05T07:08:07.200345,0,0,2,50.0
2026-03-05T07:08:08.206381,0,0,2,50.0
2026-03-05T07:08:09.213187,0,0,3,51.0
2026-03-05T07:08:10.220113,0,0,2,50.0
2026-03-05T07:08:11.225047,0,0,2,50.0
2026-03-05T07:08:12.231954,0,0,2,51.0
2026-03-05T07:08:13.237894,0,0,2,50.0
2026-03-05T07:08:14.242757,0,0,2,50.0
2026-03-05T07:08:15.250850,0,0,2,51.0
2026-03-05T07:08:16.256763,0,0,3,50.0
2026-03-05T07:08:17.262730,0,0,2,50.0
2026-03-05T07:08:18.269575,0,0,2,50.0
2026-03-05T07:08:19.276497,0,0,2,51.0
2026-03-05T07:08:20.281431,0,0,2,50.0
2026-03-05T07:08:21.288343,0,0,2,50.0
2026-03-05T07:08:22.294407,0,0,3,51.0
2026-03-05T07:08:23.301199,0,0,2,50.0
2026-03-05T07:08:24.306219,0,0,3,50.0
2026-03-05T07:08:25.313085,0,0,3,51.0
2026-03-05T07:08:26.320002,0,0,2,50.0
2026-03-05T07:08:27.325880,0,0,2,50.0
2026-03-05T07:08:29.327726,0,0,3,51.0
2026-03-05T07:09:13.137560,0,0,2,50.0
2026-03-05T07:09:15.619861,0,0,2,51.0
2026-03-05T07:09:16.627793,0,0,2,51.0
2026-03-05T07:09:17.631729,0,0,2,50.0
2026-03-05T07:09:19.633576,0,0,2,50.0
2026-03-05T07:09:38.659883,0,0,2,50.0
2026-03-05T07:09:41.143246,0,0,2,51.0
2026-03-05T07:09:42.150240,0,0,2,51.0
2026-03-05T07:09:43.156145,0,0,3,50.0
2026-03-05T07:09:45.157885,0,0,2,50.0
2026-03-05T07:09:45.167935,0,0,2,51.0
2026-03-05T07:09:46.174949,0,0,2,50.0
2026-03-05T07:09:47.180842,0,0,2,50.0
2026-03-05T07:09:48.187769,0,0,2,51.0
2026-03-05T07:09:49.193714,0,0,2,50.0
2026-03-05T07:09:50.199666,0,0,2,50.0
2026-03-05T07:09:51.206629,0,0,2,51.0
2026-03-05T07:10:28.642261,0,0,3,51.0
2026-03-05T07:10:29.648456,0,0,2,51.0
2026-03-05T07:10:30.654460,0,0,2,50.0
2026-03-05T07:10:31.661320,0,0,3,50.0
2026-03-05T07:10:32.666348,0,0,2,51.0
2026-03-05T07:10:33.673196,0,0,3,50.0
2026-03-05T07:10:34.679149,0,0,2,50.0
2026-03-05T07:10:35.686133,0,0,2,51.0
2026-03-05T07:10:37.687962,0,0,2,50.0
2026-03-05T07:10:37.697852,0,0,2,50.0
2026-03-05T07:10:38.703838,0,0,2,50.0
2026-03-05T07:10:39.710827,0,0,2,51.0
2026-03-05T07:10:40.717766,0,0,2,50.0
2026-03-05T07:10:41.722721,0,0,2,50.0
2026-03-05T07:10:42.729729,0,0,2,51.0
2026-03-05T07:11:11.396692,0,0,2,50.0
2026-03-05T07:11:13.879958,0,0,2,51.0
2026-03-05T07:11:14.886897,0,0,3,51.0
2026-03-05T07:11:15.892853,0,0,2,50.0
2026-03-05T07:11:16.899786,0,0,2,50.0
2026-03-05T07:11:17.904723,0,0,2,51.0
2026-03-05T07:11:18.911706,0,0,2,50.0
2026-03-05T07:11:19.917635,0,0,2,50.0
2026-03-05T07:11:20.924581,0,0,2,51.0
2026-03-05T07:11:21.929409,0,0,2,50.0
2026-03-05T07:11:22.936505,0,0,2,50.0
2026-03-05T07:11:24.938380,0,0,2,50.0
2026-03-05T07:11:24.949340,0,0,2,51.0
2026-03-05T07:11:25.956338,0,0,2,50.0
2026-03-05T07:11:26.961276,0,0,2,50.0
2026-03-05T07:11:27.968184,0,0,2,51.0
2026-03-05T07:11:28.974216,0,0,2,50.0
2026-03-05T07:11:29.981067,0,0,2,50.0
2026-03-05T07:11:30.987069,0,0,3,51.0
2026-03-05T07:11:31.993025,0,0,2,50.0
2026-03-05T07:11:32.999945,0,0,2,50.0
2026-03-05T07:11:34.005876,0,0,2,51.0
2026-03-05T07:11:35.011832,0,0,0,50.0
2026-03-05T07:11:36.017787,0,0,3,50.0
2026-03-05T07:11:37.024732,0,0,3,51.0
2026-03-05T07:11:38.031687,0,0,3,50.0
2026-03-05T07:11:39.035623,0,0,2,50.0
2026-03-05T07:11:40.043571,0,0,2,51.0
2026-03-05T07:11:41.049494,0,0,2,50.0
2026-03-05T07:11:42.056451,0,0,2,50.0
2026-03-05T07:11:43.062470,0,0,2,50.0
2026-03-05T07:11:44.068333,0,0,2,51.0
2026-03-05T07:11:45.074392,0,0,2,50.0
2026-03-05T07:11:46.080285,0,0,2,50.0
2026-03-05T07:11:48.082224,0,0,2,51.0
2026-03-05T07:12:24.147894,0,0,2,51.0
2026-03-05T07:12:26.631201,0,0,2,51.0
2026-03-05T07:12:27.638266,0,0,2,50.0
2026-03-05T07:12:28.644046,0,0,2,51.0
2026-03-05T07:12:30.645887,0,0,2,50.0
2026-03-05T07:12:30.655948,0,0,2,50.0
2026-03-05T07:12:31.662934,0,0,2,51.0
2026-03-05T07:12:32.668905,0,0,3,50.0
2026-03-05T07:12:33.675801,0,0,3,50.0
2026-03-05T07:12:34.681803,0,0,2,50.0
2026-03-05T07:12:35.687732,0,0,3,51.0
2026-03-05T07:12:36.694676,0,0,2,50.0
2026-03-05T07:12:38.696438,0,0,2,50.0
2026-03-05T07:12:49.391737,0,0,3,50.0
2026-03-05T07:12:51.874944,0,0,2,51.0
2026-03-05T07:12:52.881924,0,0,3,50.0
2026-03-05T07:12:53.885802,0,0,2,51.0
2026-03-05T07:12:54.894772,0,0,2,50.0
2026-03-05T07:12:55.899677,0,0,2,50.0
2026-03-05T07:12:56.906614,0,0,2,51.0
2026-03-05T07:12:57.912594,0,0,2,50.0
2026-03-05T07:12:58.919554,0,0,3,50.0
2026-03-05T07:13:08.657677,0,0,1,51.0
2026-03-05T07:13:09.664029,0,0,2,51.0
2026-03-05T07:13:10.668101,0,0,2,50.0
2026-03-05T07:13:11.676974,0,0,2,50.0
2026-03-05T07:13:12.681884,0,0,2,51.0
2026-03-05T07:13:13.688864,0,0,2,50.0
2026-03-05T07:13:14.694640,0,0,2,50.0
2026-03-05T07:13:15.701772,0,0,2,50.0
2026-03-05T07:13:16.707718,0,0,2,51.0
2026-03-05T07:13:17.713662,0,0,2,50.0
2026-03-05T07:13:18.720654,0,0,2,50.0
2026-03-05T07:13:19.726588,0,0,2,51.0
2026-03-05T07:13:20.733536,0,0,2,50.0
2026-03-05T07:13:21.738495,0,0,2,50.0
2026-03-05T07:13:22.745457,0,0,3,51.0
2026-03-05T07:13:23.751427,0,0,2,50.0
2026-03-05T07:13:24.758464,0,0,3,50.0
2026-03-05T07:13:25.764310,0,0,3,51.0
2026-03-05T07:13:26.770322,0,0,2,50.0
2026-03-05T07:13:27.777198,0,0,2,50.0
2026-03-05T07:13:28.783163,0,0,3,51.0
2026-03-05T07:13:29.789088,0,0,3,50.0
2026-03-05T07:13:30.795061,0,0,2,50.0
2026-03-05T07:13:31.800060,0,0,2,51.0
2026-03-05T07:13:33.801835,0,0,2,50.0
2026-03-05T07:13:33.814828,0,0,3,50.0
2026-03-05T07:13:34.820874,0,0,3,50.0
2026-03-05T07:13:35.826822,0,0,3,51.0
2026-03-05T07:13:36.833775,0,0,3,50.0
2026-03-05T07:13:37.839738,0,0,2,50.0
2026-03-05T07:13:38.845642,0,0,3,51.0
2026-03-05T07:13:40.846515,0,0,2,50.0
2026-03-05T07:13:40.858570,0,0,3,50.0
2026-03-05T07:13:41.865516,0,0,2,51.0
2026-03-05T07:13:42.870549,0,0,2,50.0
2026-03-05T07:13:43.877465,0,0,3,50.0
2026-03-05T07:13:44.883448,0,0,2,51.0
2026-03-05T07:13:45.889398,0,0,2,50.0
2026-03-05T07:13:46.896345,0,0,2,50.0
2026-03-05T07:13:47.902403,0,0,2,51.0
2026-03-05T07:13:48.909266,0,0,2,50.0
2026-03-05T07:13:49.914312,0,0,2,50.0
2026-03-05T07:13:50.922257,0,0,2,51.0
2026-03-05T07:13:51.927096,0,0,2,50.0
2026-03-05T07:13:52.933061,0,0,2,50.0
2026-03-05T07:13:53.940040,0,0,2,50.0
2026-03-05T07:13:54.946950,0,0,2,51.0
2026-03-05T07:13:55.951918,0,0,2,50.0
2026-03-05T07:13:56.958865,0,0,2,50.0
2026-03-05T07:13:57.965824,0,0,2,51.0
2026-03-05T07:13:58.971767,0,0,2,50.0
2026-03-05T07:13:59.978797,0,0,2,50.0
2026-03-05T07:14:01.980640,0,0,2,51.0
2026-03-05T07:14:01.990657,0,0,3,50.0
2026-03-05T07:14:02.996628,0,0,2,50.0
2026-03-05T07:14:04.003582,0,0,2,51.0
2026-03-05T07:14:05.008535,0,0,2,50.0
2026-03-05T07:14:06.015521,0,0,2,50.0
2026-03-05T07:14:07.021449,0,0,2,51.0
2026-03-05T07:14:08.027399,0,0,2,50.0
2026-03-05T07:14:10.029185,0,0,2,50.0
2026-03-05T07:14:10.040191,0,0,2,50.0
2026-03-05T07:14:11.047186,0,0,2,51.0
2026-03-05T07:14:12.053178,0,0,2,50.0
2026-03-05T07:14:13.060132,0,0,2,50.0
2026-03-05T07:14:14.066117,0,0,2,51.0
2026-03-05T07:14:15.070105,0,0,3,50.0
2026-03-05T07:14:16.079100,0,0,2,50.0
2026-03-05T07:14:18.080830,0,0,2,51.0
2026-03-05T07:14:18.090853,0,0,2,50.0
2026-03-05T07:14:19.096865,0,0,2,50.0
2026-03-05T07:14:20.103835,0,0,3,51.0
2026-03-05T07:14:21.110794,0,0,3,50.0
2026-03-05T07:14:22.116731,0,0,3,50.0
2026-03-05T07:14:23.121722,0,0,2,51.0
2026-03-05T07:14:24.128714,0,0,2,50.0
2026-03-05T07:14:25.135612,0,0,2,50.0
2026-03-05T07:14:26.141578,0,0,2,51.0
2026-03-05T07:14:27.147524,0,0,2,50.0
2026-03-05T07:14:28.153461,0,0,2,50.0
2026-03-05T07:14:29.160433,0,0,2,50.0
2026-03-05T07:14:30.166431,0,0,3,51.0
2026-03-05T07:14:31.172374,0,0,2,50.0
2026-03-05T07:14:32.179318,0,0,2,50.0
2026-03-05T07:14:33.185268,0,0,2,51.0
2026-03-05T07:14:34.192196,0,0,3,50.0
2026-03-05T07:14:35.198280,0,0,2,50.0
2026-03-05T07:14:36.204143,0,0,2,51.0
2026-03-05T07:14:37.210216,0,0,2,50.0
2026-03-05T07:14:39.212054,0,0,2,50.0
2026-03-05T07:14:58.118870,0,0,2,50.0
2026-03-05T07:14:59.125120,0,0,3,51.0
2026-03-05T07:15:00.130139,0,0,3,50.0
2026-03-05T07:15:01.137075,0,0,2,50.0
2026-03-05T07:15:02.143029,0,0,2,51.0
2026-03-05T07:15:03.149980,0,0,3,50.0
2026-03-05T07:15:04.156934,0,0,2,50.0
2026-03-05T07:15:05.159924,0,0,3,51.0
2026-03-05T07:15:06.168893,0,0,2,50.0
2026-03-05T07:15:07.174827,0,0,2,50.0
2026-03-05T07:15:08.181775,0,0,2,51.0
2026-03-05T07:15:09.186743,0,0,2,50.0
2026-03-05T07:15:10.193696,0,0,2,50.0
2026-03-05T07:15:11.199658,0,0,2,50.0
2026-03-05T07:15:12.206580,0,0,2,51.0
2026-03-05T07:15:13.212559,0,0,2,50.0
2026-03-05T07:15:14.218538,0,0,2,50.0
2026-03-05T07:15:15.224478,0,0,2,51.0
2026-03-05T07:15:16.231438,0,0,2,50.0
2026-03-05T07:15:17.238457,0,0,3,50.0
2026-03-05T07:15:18.243352,0,0,3,51.0
2026-03-05T07:15:19.250318,0,0,3,50.0
2026-03-05T07:15:20.257285,0,0,2,50.0
2026-03-05T07:15:21.263233,0,0,2,51.0
2026-03-05T07:15:22.269184,0,0,2,50.0
2026-03-05T07:15:23.275147,0,0,3,50.0
2026-03-05T07:15:24.282219,0,0,1,51.0
2026-03-05T07:15:25.288042,0,0,2,50.0
2026-03-05T07:15:26.295054,0,0,2,50.0
2026-03-05T07:15:28.296887,0,0,2,51.0
2026-03-05T07:15:28.306940,0,0,2,50.0
2026-03-05T07:15:29.313888,0,0,2,50.0
2026-03-05T07:15:30.319839,0,0,2,50.0
2026-03-05T07:15:31.325812,0,0,3,51.0
2026-03-05T07:15:32.331785,0,0,2,50.0
2026-03-05T07:15:33.338752,0,0,2,50.0
2026-03-05T07:15:34.344660,0,0,2,51.0
2026-03-05T07:15:36.346484,0,0,2,50.0
2026-03-05T07:15:55.448671,0,0,2,50.0
2026-03-05T07:15:57.931752,0,0,2,51.0
2026-03-05T07:15:58.938700,0,0,2,50.0
2026-03-05T07:15:59.944642,0,0,2,51.0
2026-03-05T07:16:01.946480,0,0,2,50.0
2026-03-05T07:16:01.956570,0,0,2,50.0
2026-03-05T07:16:02.963552,0,0,2,51.0
2026-03-05T07:16:03.969491,0,0,2,50.0
2026-03-05T07:16:04.976434,0,0,2,50.0
2026-03-05T07:16:05.983399,0,0,2,51.0
2026-03-05T07:16:06.988358,0,0,3,50.0
2026-03-05T07:16:07.995342,0,0,2,50.0
2026-03-05T07:16:09.001321,0,0,2,51.0
2026-03-05T07:16:11.003047,0,0,2,50.0
2026-03-05T07:16:11.013134,0,0,1,50.0
2026-03-05T07:16:12.020119,0,0,3,51.0
2026-03-05T07:16:13.026145,0,0,2,50.0
2026-03-05T07:16:14.033015,0,0,2,50.0
2026-03-05T07:16:15.039073,0,0,3,51.0
2026-03-05T07:16:16.043020,0,0,2,50.0
2026-03-05T07:16:17.052003,0,0,2,50.0
2026-03-05T07:16:18.057920,0,0,2,50.0
2026-03-05T07:16:19.064864,0,0,3,51.0
2026-03-05T07:16:20.069803,0,0,4,50.0
2026-03-05T07:16:21.076789,0,0,3,50.0
2026-03-05T07:16:22.083761,0,0,1,51.0
2026-03-05T07:16:23.089607,0,0,2,50.0
2026-03-05T07:16:25.091285,0,0,2,50.0
2026-03-05T07:16:25.101577,0,0,2,51.0
2026-03-05T07:16:26.107568,0,0,2,50.0
2026-03-05T07:16:27.114539,0,0,3,50.0
2026-03-05T07:16:28.120486,0,0,3,51.0
2026-03-05T07:16:29.126536,0,0,2,50.0
2026-03-05T07:16:30.133419,0,0,3,50.0
2026-03-05T07:16:31.140408,0,0,2,51.0
2026-03-05T07:16:32.146420,0,0,2,50.0
2026-03-05T07:16:33.152320,0,0,2,50.0
2026-03-05T07:16:34.158344,0,0,2,50.0
2026-03-05T07:16:35.165230,0,0,2,51.0
2026-03-05T07:16:36.171197,0,0,2,50.0
2026-03-05T07:16:37.177120,0,0,2,50.0
2026-03-05T07:16:38.184157,0,0,2,51.0
2026-03-05T07:16:39.190217,0,0,2,50.0
2026-03-05T07:16:40.197058,0,0,3,50.0
2026-03-05T07:16:41.201971,0,0,2,51.0
2026-03-05T07:16:42.208923,0,0,2,50.0
2026-03-05T07:16:43.214893,0,0,2,50.0
2026-03-05T07:16:44.221742,0,0,2,51.0
2026-03-05T07:16:45.227828,0,0,2,50.0
2026-03-05T07:16:46.233831,0,0,2,50.0
2026-03-05T07:16:47.240742,0,0,2,51.0
2026-03-05T07:16:48.246725,0,0,3,50.0
2026-03-05T07:16:49.253660,0,0,2,50.0
2026-03-05T07:16:50.258639,0,0,3,51.0
2026-03-05T07:16:51.265589,0,0,2,50.0
2026-03-05T07:16:52.270574,0,0,2,50.0
2026-03-05T07:16:53.278605,0,0,2,50.0
2026-03-05T07:16:54.284487,0,0,2,51.0
2026-03-05T07:16:56.286332,0,0,2,50.0
2026-03-05T07:16:56.297332,0,0,2,50.0
2026-03-05T07:16:57.303355,0,0,2,51.0
2026-03-05T07:16:58.310412,0,0,2,50.0
2026-03-05T07:16:59.315319,0,0,3,50.0
2026-03-05T07:17:00.322336,0,0,2,51.0
2026-03-05T07:17:01.326235,0,0,2,50.0
2026-03-05T07:17:02.335255,0,0,2,50.0
2026-03-05T07:17:03.341133,0,0,3,51.0
2026-03-05T07:17:05.342481,0,0,3,50.0
2026-03-05T07:17:05.354086,0,0,3,50.0
2026-03-05T07:17:06.360023,0,0,3,51.0
2026-03-05T07:17:07.366978,0,0,2,50.0
2026-03-05T07:17:08.371960,0,0,2,50.0
2026-03-05T07:17:09.378928,0,0,2,51.0
2026-03-05T07:17:10.385907,0,0,3,50.0
2026-03-05T07:17:11.391886,0,0,2,50.0
2026-03-05T07:17:12.397824,0,0,2,50.0
2026-03-05T07:17:13.403819,0,0,2,51.0
2026-03-05T07:17:14.410783,0,0,2,50.0
2026-03-05T07:17:15.416736,0,0,3,50.0
2026-03-05T07:17:16.422691,0,0,2,51.0
2026-03-05T07:17:17.428647,0,0,2,50.0
2026-03-05T07:17:18.433621,0,0,2,50.0
2026-03-05T07:17:20.435400,0,0,2,51.0
2026-03-05T07:17:20.448394,0,0,2,50.0
2026-03-05T07:17:21.454504,0,0,2,50.0
2026-03-05T07:17:22.460385,0,0,2,51.0
2026-03-05T07:17:23.467373,0,0,2,50.0
2026-03-05T07:17:24.473313,0,0,3,50.0
2026-03-05T07:17:25.479352,0,0,2,51.0
2026-03-05T07:17:27.481216,0,0,2,50.0
2026-03-05T07:17:27.492248,0,0,3,50.0
2026-03-05T07:17:28.499254,0,0,2,51.0
2026-03-05T07:17:29.504201,0,0,2,50.0
2026-03-05T07:17:30.511180,0,0,2,50.0
2026-03-05T07:17:31.517124,0,0,2,50.0
2026-03-05T07:17:32.524096,0,0,2,51.0
2026-03-05T07:17:33.530162,0,0,2,50.0
2026-03-05T07:17:34.536054,0,0,2,50.0
2026-03-05T07:17:35.542969,0,0,2,51.0
2026-03-05T07:17:36.548958,0,0,2,50.0
2026-03-05T07:17:37.555925,0,0,3,50.0
2026-03-05T07:17:38.559798,0,0,3,51.0
2026-03-05T07:17:39.567827,0,0,3,50.0
2026-03-05T07:17:40.573783,0,0,2,50.0
2026-03-05T07:17:41.578738,0,0,2,51.0
2026-03-05T07:17:42.587728,0,0,2,50.0
2026-03-05T07:17:43.592620,0,0,2,50.0
2026-03-05T07:17:44.599591,0,0,2,51.0
2026-03-05T07:17:45.605542,0,0,2,50.0
2026-03-05T07:17:46.612511,0,0,2,50.0
2026-03-05T07:17:47.617481,0,0,2,50.0
2026-03-05T07:17:48.622628,0,0,2,51.0
2026-03-05T07:17:50.624494,0,0,2,50.0
2026-03-05T07:17:50.637421,0,0,2,50.0
2026-03-05T07:17:51.643402,0,0,2,51.0
2026-03-05T07:17:52.649369,0,0,2,50.0
2026-03-05T07:17:53.656336,0,0,2,50.0
2026-03-05T07:17:54.662383,0,0,2,51.0
2026-03-05T07:17:55.669230,0,0,2,50.0
2026-03-05T07:17:56.672226,0,0,2,50.0
2026-03-05T07:17:57.681179,0,0,3,51.0
2026-03-05T07:17:58.688094,0,0,2,50.0
2026-03-05T07:17:59.694182,0,0,2,50.0
2026-03-05T07:18:00.700062,0,0,2,51.0
2026-03-05T07:18:01.706101,0,0,3,50.0
2026-03-05T07:18:02.712979,0,0,2,50.0
2026-03-05T07:18:03.718852,0,0,3,51.0
2026-03-05T07:18:05.720706,0,0,2,50.0
2026-03-05T07:18:05.730851,0,0,2,50.0
2026-03-05T07:18:06.737819,0,0,2,50.0
2026-03-05T07:18:07.744787,0,0,3,51.0
2026-03-05T07:18:08.750748,0,0,2,50.0
2026-03-05T07:18:09.756692,0,0,2,50.0
2026-03-05T07:18:10.762696,0,0,2,51.0
2026-03-05T07:18:11.769660,0,0,2,50.0
2026-03-05T07:18:12.775579,0,0,2,50.0
2026-03-05T07:18:13.780513,0,0,2,51.0
2026-03-05T07:18:14.788481,0,0,2,50.0
2026-03-05T07:18:15.794498,0,0,2,50.0
2026-03-05T07:18:16.801406,0,0,2,51.0
2026-03-05T07:18:17.807387,0,0,3,50.0
2026-03-05T07:18:18.813317,0,0,2,50.0
2026-03-05T07:18:19.819333,0,0,2,51.0
2026-03-05T07:18:20.826373,0,0,2,50.0
2026-03-05T07:18:21.832229,0,0,2,50.0
2026-03-05T07:18:22.838293,0,0,2,51.0
2026-03-05T07:18:23.845153,0,0,2,50.0
2026-03-05T07:18:24.851120,0,0,2,50.0
2026-03-05T07:18:25.858277,0,0,2,50.0
2026-03-05T07:18:27.860095,0,0,2,51.0
2026-03-05T07:18:27.870091,0,0,2,50.0
2026-03-05T07:18:28.876020,0,0,2,50.0
2026-03-05T07:18:29.882945,0,0,2,51.0
2026-03-05T07:18:30.889933,0,0,2,50.0
2026-03-05T07:18:31.894901,0,0,2,50.0
2026-03-05T07:18:32.901866,0,0,2,51.0
2026-03-05T07:18:33.907810,0,0,2,50.0
2026-03-05T07:18:35.909588,0,0,2,50.0
2026-03-05T07:18:35.919703,0,0,2,51.0
2026-03-05T07:18:36.926739,0,0,3,50.0
2026-03-05T07:18:37.932681,0,0,2,50.0
2026-03-05T07:18:38.939643,0,0,2,51.0
2026-03-05T07:18:39.946658,0,0,2,50.0
2026-03-05T07:18:40.951556,0,0,2,50.0
2026-03-05T07:18:41.958490,0,0,2,51.0
2026-03-05T07:18:42.964580,0,0,2,50.0
2026-03-05T07:18:43.971479,0,0,2,50.0
2026-03-05T07:18:44.976405,0,0,2,50.0
2026-03-05T07:18:45.983392,0,0,3,51.0
2026-03-05T07:18:46.990430,0,0,2,50.0
2026-03-05T07:18:47.996345,0,0,2,50.0
2026-03-05T07:18:49.001258,0,0,2,51.0
2026-03-05T07:18:50.008257,0,0,3,50.0
2026-03-05T07:18:51.015198,0,0,2,50.0
2026-03-05T07:18:52.021164,0,0,2,51.0
2026-03-05T07:18:53.028131,0,0,2,50.0
2026-03-05T07:18:54.033108,0,0,2,50.0
2026-03-05T07:18:55.040095,0,0,2,51.0
2026-03-05T07:18:56.047035,0,0,2,50.0
2026-03-05T07:18:57.052987,0,0,3,50.0
2026-03-05T07:18:58.059015,0,0,3,51.0
2026-03-05T07:18:59.064937,0,0,2,50.0
2026-03-05T07:19:00.071929,0,0,3,50.0
2026-03-05T07:19:01.077863,0,0,3,50.0
2026-03-05T07:19:03.079745,0,0,2,51.0
2026-03-05T07:19:03.090783,0,0,3,50.0
2026-03-05T07:19:04.096752,0,0,2,50.0
2026-03-05T07:19:05.103711,0,0,2,51.0
2026-03-05T07:19:06.109730,0,0,2,50.0
2026-03-05T07:19:07.115664,0,0,2,50.0
2026-03-05T07:19:09.117431,0,0,2,51.0
2026-03-05T07:19:09.128580,0,0,3,50.0
2026-03-05T07:19:10.134575,0,0,2,50.0
2026-03-05T07:19:11.140504,0,0,2,51.0
2026-03-05T07:19:12.147508,0,0,2,50.0
2026-03-05T07:19:13.153481,0,0,2,50.0
2026-03-05T07:19:14.160427,0,0,2,51.0
2026-03-05T07:19:15.166508,0,0,2,50.0
2026-03-05T07:19:16.172382,0,0,3,50.0
2026-03-05T07:19:17.178404,0,0,2,51.0
2026-03-05T07:19:18.185270,0,0,2,50.0
2026-03-05T07:19:19.192261,0,0,2,50.0
2026-03-05T07:19:20.197207,0,0,2,50.0
2026-03-05T07:19:21.204169,0,0,2,51.0
2026-03-05T07:19:22.210270,0,0,3,50.0
2026-03-05T07:19:23.217148,0,0,2,50.0
2026-03-05T07:19:24.222164,0,0,2,51.0
2026-03-05T07:19:25.229055,0,0,2,50.0
2026-03-05T07:19:26.234989,0,0,2,50.0
2026-03-05T07:19:27.241987,0,0,3,51.0
2026-03-05T07:19:28.248938,0,0,2,50.0
2026-03-05T07:19:29.253895,0,0,2,50.0
2026-03-05T07:19:30.260907,0,0,2,51.0
2026-03-05T07:19:31.266819,0,0,3,50.0
2026-03-05T07:19:32.273786,0,0,2,50.0
2026-03-05T07:19:33.278778,0,0,2,51.0
2026-03-05T07:19:34.284720,0,0,2,50.0
2026-03-05T07:19:35.292724,0,0,2,50.0
2026-03-05T07:19:36.298659,0,0,2,51.0
2026-03-05T07:19:37.305654,0,0,2,50.0
2026-03-05T07:19:38.310631,0,0,2,50.0
2026-03-05T07:19:39.317549,0,0,2,50.0
2026-03-05T07:19:40.323527,0,0,2,51.0
2026-03-05T07:19:41.330495,0,0,2,50.0
2026-03-05T07:19:42.335485,0,0,2,50.0
2026-03-05T07:19:43.342515,0,0,2,51.0
2026-03-05T07:19:45.344298,0,0,2,50.0
2026-03-05T07:19:45.355366,0,0,2,50.0
2026-03-05T07:19:46.361354,0,0,2,51.0
2026-03-05T07:19:47.367330,0,0,2,50.0
2026-03-05T07:19:48.374341,0,0,2,50.0
2026-03-05T07:19:49.380241,0,0,2,51.0
2026-03-05T07:19:50.387219,0,0,3,50.0
2026-03-05T07:19:51.393229,0,0,2,50.0
2026-03-05T07:19:53.394996,0,0,2,51.0
2026-03-05T07:19:53.406139,0,0,2,50.0
2026-03-05T07:19:54.412091,0,0,3,50.0
2026-03-05T07:19:55.418078,0,0,2,51.0
2026-03-05T07:19:56.424044,0,0,2,50.0
2026-03-05T07:19:57.430987,0,0,3,50.0
2026-03-05T07:19:58.436944,0,0,2,50.0
2026-03-05T07:19:59.442969,0,0,3,51.0
2026-03-05T07:20:01.444779,0,0,2,50.0
2026-03-05T07:20:20.390893,0,0,3,50.0
2026-03-05T07:20:22.874243,0,0,2,51.0
2026-03-05T07:20:23.881062,0,0,2,51.0
2026-03-05T07:20:24.887047,0,0,2,50.0
2026-03-05T07:20:26.888824,0,0,2,50.0
2026-03-05T07:20:26.898938,0,0,2,51.0
2026-03-05T07:20:27.905958,0,0,2,50.0
2026-03-05T07:20:28.911932,0,0,2,50.0
2026-03-05T07:20:29.918895,0,0,2,51.0
2026-03-05T07:20:30.924779,0,0,2,50.0
2026-03-05T07:20:31.930863,0,0,2,50.0
2026-03-05T07:20:32.937796,0,0,2,51.0
2026-03-05T07:20:34.939637,0,0,2,50.0
2026-03-05T07:20:34.949707,0,0,2,50.0
2026-03-05T07:20:35.955703,0,0,2,50.0
2026-03-05T07:20:36.962679,0,0,2,51.0
2026-03-05T07:20:37.968634,0,0,3,50.0
2026-03-05T07:20:38.975600,0,0,2,50.0
2026-03-05T07:20:39.981569,0,0,2,51.0
2026-03-05T07:20:40.987574,0,0,3,50.0
2026-03-05T07:20:41.994602,0,0,2,50.0
2026-03-05T07:20:43.000490,0,0,3,51.0
2026-03-05T07:20:44.007444,0,0,2,50.0
2026-03-05T07:20:45.012402,0,0,3,50.0
2026-03-05T07:20:46.019323,0,0,2,51.0
2026-03-05T07:20:47.026405,0,0,2,50.0
2026-03-05T07:20:48.032352,0,0,2,50.0
2026-03-05T07:20:49.038370,0,0,3,51.0
2026-03-05T07:20:50.044229,0,0,2,50.0
2026-03-05T07:20:51.051194,0,0,2,50.0
2026-03-05T07:20:52.057150,0,0,3,50.0
2026-03-05T07:20:53.063135,0,0,2,51.0
2026-03-05T07:20:54.069086,0,0,2,50.0
2026-03-05T07:20:55.076050,0,0,2,50.0
2026-03-05T07:20:56.083071,0,0,2,51.0
2026-03-05T07:20:57.088991,0,0,3,50.0
2026-03-05T07:20:58.094966,0,0,2,50.0
2026-03-05T07:20:59.100875,0,0,3,51.0
2026-03-05T07:21:00.107934,0,0,2,50.0
2026-03-05T07:21:01.113914,0,0,2,50.0
2026-03-05T07:21:03.115728,0,0,3,51.0
2026-03-05T07:21:03.126801,0,0,2,50.0
2026-03-05T07:21:04.132821,0,0,2,50.0
2026-03-05T07:21:05.139790,0,0,2,51.0
2026-03-05T07:21:06.144745,0,0,2,50.0
2026-03-05T07:21:07.151698,0,0,2,50.0
2026-03-05T07:21:08.157643,0,0,2,51.0
2026-03-05T07:21:09.164648,0,0,2,50.0
2026-03-05T07:21:10.170595,0,0,2,50.0
2026-03-05T07:21:11.176567,0,0,2,50.0
2026-03-05T07:21:12.183547,0,0,2,51.0
2026-03-05T07:21:14.185351,0,0,2,50.0
2026-03-05T07:21:14.196437,0,0,2,50.0
2026-03-05T07:21:15.201447,0,0,2,51.0
2026-03-05T07:21:16.208492,0,0,2,50.0
2026-03-05T07:21:17.214447,0,0,3,50.0
2026-03-05T07:21:18.221379,0,0,3,51.0
2026-03-05T07:21:19.228338,0,0,2,50.0
2026-03-05T07:21:20.233318,0,0,3,50.0
2026-03-05T07:21:21.240294,0,0,2,51.0
2026-03-05T07:21:22.246223,0,0,2,50.0
2026-03-05T07:21:23.253237,0,0,3,50.0
2026-03-05T07:21:24.258274,0,0,2,51.0
2026-03-05T07:21:25.265175,0,0,2,50.0
2026-03-05T07:21:26.271154,0,0,2,50.0
2026-03-05T07:21:27.278229,0,0,2,51.0
2026-03-05T07:21:29.280046,0,0,3,50.0
2026-03-05T07:21:42.385384,0,0,2,51.0
2026-03-05T07:21:43.391472,0,0,2,50.0
2026-03-05T07:21:44.397560,0,0,2,50.0
2026-03-05T07:21:46.399347,0,0,3,51.0
2026-03-05T07:21:46.409486,0,0,2,50.0
2026-03-05T07:21:47.416435,0,0,2,50.0
2026-03-05T07:21:48.422453,0,0,3,51.0
2026-03-05T07:21:49.429356,0,0,2,50.0
2026-03-05T07:21:50.436331,0,0,2,50.0
2026-03-05T07:21:51.441297,0,0,2,51.0
2026-03-05T07:21:52.448234,0,0,2,50.0
2026-03-05T07:21:54.449963,0,0,3,50.0
2026-03-05T07:21:54.461266,0,0,3,51.0
2026-03-05T07:21:55.465276,0,0,3,50.0
2026-03-05T07:21:56.473245,0,0,2,50.0
2026-03-05T07:21:57.478634,0,0,2,51.0
2026-03-05T07:21:58.486181,0,0,2,50.0
2026-03-05T07:21:59.492045,0,0,2,50.0
2026-03-05T07:22:00.498111,0,0,2,51.0
2026-03-05T07:22:01.505019,0,0,2,50.0
2026-03-05T07:22:02.510958,0,0,3,50.0
2026-03-05T07:22:03.518070,0,0,3,51.0
2026-03-05T07:22:05.519840,0,0,2,50.0
2026-03-05T07:22:05.529809,0,0,3,50.0
2026-03-05T07:22:06.536839,0,0,3,50.0
2026-03-05T07:22:07.542803,0,0,2,51.0
2026-03-05T07:22:08.548767,0,0,2,50.0
2026-03-05T07:22:09.554748,0,0,3,50.0
2026-03-05T07:22:10.561748,0,0,2,51.0
2026-03-05T07:22:11.567769,0,0,3,50.0
2026-03-05T07:22:12.573713,0,0,2,50.0
2026-03-05T07:22:13.579668,0,0,2,51.0
2026-03-05T07:22:14.586620,0,0,2,50.0
2026-03-05T07:22:15.593594,0,0,3,50.0
2026-03-05T07:22:16.599564,0,0,3,51.0
2026-03-05T07:22:17.605475,0,0,2,50.0
2026-03-05T07:22:19.607226,0,0,2,50.0
2026-03-05T07:22:19.618466,0,0,4,51.0
2026-03-05T07:22:20.624417,0,0,2,50.0
2026-03-05T07:22:21.630443,0,0,3,50.0
2026-03-05T07:22:22.637343,0,0,2,51.0
2026-03-05T07:22:23.643308,0,0,2,50.0
2026-03-05T07:22:24.650409,0,0,2,50.0
2026-03-05T07:22:25.656295,0,0,3,50.0
2026-03-05T07:22:26.662364,0,0,2,51.0
2026-03-05T07:22:27.668186,0,0,2,50.0
2026-03-05T07:22:28.675158,0,0,2,50.0
2026-03-05T07:22:29.681141,0,0,2,51.0
2026-03-05T07:22:30.687202,0,0,2,50.0
2026-03-05T07:22:31.694137,0,0,2,50.0
2026-03-05T07:22:32.699086,0,0,2,51.0
2026-03-05T07:22:33.707039,0,0,2,50.0
2026-03-05T07:22:34.712013,0,0,2,50.0
2026-03-05T07:22:35.718971,0,0,3,51.0
2026-03-05T07:22:36.724942,0,0,2,50.0
2026-03-05T07:22:37.731906,0,0,2,50.0
2026-03-05T07:22:38.738911,0,0,2,51.0
2026-03-05T07:22:39.743890,0,0,2,50.0
2026-03-05T07:22:40.750810,0,0,2,50.0
2026-03-05T07:22:41.756766,0,0,2,50.0
2026-03-05T07:22:42.763729,0,0,3,51.0
2026-03-05T07:22:43.768705,0,0,3,50.0
2026-03-05T07:22:44.775702,0,0,2,50.0
2026-03-05T07:22:45.780675,0,0,2,51.0
2026-03-05T07:22:47.782533,0,0,2,50.0
2026-03-05T07:22:47.795571,0,0,2,50.0
2026-03-05T07:22:48.800537,0,0,2,51.0
2026-03-05T07:22:49.806565,0,0,3,50.0
2026-03-05T07:22:50.813545,0,0,2,50.0
2026-03-05T07:22:51.820506,0,0,2,51.0
2026-03-05T07:22:52.825493,0,0,2,50.0
2026-03-05T07:22:53.832472,0,0,2,50.0
2026-03-05T07:22:54.839453,0,0,2,51.0
2026-03-05T07:22:55.845402,0,0,2,50.0
2026-03-05T07:22:56.851406,0,0,2,50.0
2026-03-05T07:22:57.857347,0,0,2,51.0
2026-03-05T07:22:58.864341,0,0,2,50.0
2026-03-05T07:23:00.877231,0,0,2,50.0
2026-03-05T07:23:01.882350,0,0,3,51.0
2026-03-05T07:23:02.889212,0,0,2,50.0
2026-03-05T07:23:03.896166,0,0,3,50.0
2026-03-05T07:23:04.902185,0,0,2,51.0
2026-03-05T07:23:05.908142,0,0,2,50.0
2026-03-05T07:23:06.914216,0,0,2,50.0
2026-03-05T07:23:07.921092,0,0,3,51.0
2026-03-05T07:23:08.927049,0,0,2,50.0
2026-03-05T07:23:09.933009,0,0,2,50.0
2026-03-05T07:23:10.939979,0,0,2,51.0
2026-03-05T07:23:11.945935,0,0,2,50.0
2026-03-05T07:23:12.952884,0,0,3,50.0
2026-03-05T07:23:13.958883,0,0,2,51.0
2026-03-05T07:23:14.964860,0,0,2,50.0
2026-03-05T07:23:15.970805,0,0,2,50.0
2026-03-05T07:23:17.972724,0,0,2,51.0
2026-03-05T07:23:53.897127,0,0,2,50.0
2026-03-05T07:23:56.380636,0,0,2,52.0
2026-03-05T07:23:57.387478,0,0,2,50.0
2026-03-05T07:23:58.393531,0,0,2,50.0
2026-03-05T07:24:00.394471,0,0,2,51.0
2026-03-05T07:24:00.405538,0,0,3,50.0
2026-03-05T07:24:01.412479,0,0,2,50.0
2026-03-05T07:24:02.418515,0,0,2,51.0
2026-03-05T07:24:03.425419,0,0,2,50.0
2026-03-05T07:24:04.431417,0,0,2,50.0
2026-03-05T07:24:05.437386,0,0,2,51.0
2026-03-05T07:24:06.444357,0,0,2,50.0
2026-03-05T07:24:08.446230,0,0,2,50.0
2026-03-05T07:25:00.305469,0,0,2,50.0
2026-03-05T07:25:02.788713,0,0,2,51.0
2026-03-05T07:25:03.795811,0,0,2,50.0
2026-03-05T07:25:05.797555,0,0,2,51.0
2026-03-05T07:25:33.385306,0,0,2,50.0
2026-03-05T07:25:35.868847,0,0,3,51.0
2026-03-05T07:25:36.875827,0,0,2,50.0
2026-03-05T07:25:37.879762,0,0,2,51.0
2026-03-05T07:25:38.888793,0,0,2,50.0
2026-03-05T07:25:39.893665,0,0,2,50.0
2026-03-05T07:25:40.900647,0,0,2,51.0
2026-03-05T07:25:41.906618,0,0,2,50.0
2026-03-05T07:25:42.913599,0,0,2,50.0
2026-03-05T07:25:43.920559,0,0,2,51.0
2026-03-05T07:25:44.923550,0,0,2,50.0
2026-03-05T07:25:45.932522,0,0,2,50.0
2026-03-05T07:25:46.938504,0,0,2,51.0
2026-03-05T07:25:47.945443,0,0,3,50.0
2026-03-05T07:25:48.950465,0,0,2,50.0
2026-03-05T07:25:49.957393,0,0,3,51.0
2026-03-05T07:25:50.963358,0,0,2,50.0
2026-03-05T07:25:51.970409,0,0,2,50.0
2026-03-05T07:25:52.976355,0,0,2,50.0
2026-03-05T07:25:53.982383,0,0,2,51.0
2026-03-05T07:25:54.989260,0,0,2,50.0
2026-03-05T07:25:55.995221,0,0,3,50.0
2026-03-05T07:25:57.002293,0,0,2,51.0
2026-03-05T07:25:58.007162,0,0,4,50.0
2026-03-05T07:25:59.012171,0,0,2,50.0
2026-03-05T07:26:00.021155,0,0,2,51.0
2026-03-05T07:26:01.027122,0,0,2,50.0
2026-03-05T07:26:02.033066,0,0,2,50.0
2026-03-05T07:26:03.039039,0,0,2,51.0
2026-03-05T07:26:04.046091,0,0,2,50.0
2026-03-05T07:26:05.051985,0,0,2,50.0
2026-03-05T07:26:06.055973,0,0,2,51.0
2026-03-05T07:26:07.063992,0,0,2,50.0
2026-03-05T07:26:08.070847,0,0,2,50.0
2026-03-05T07:26:09.077904,0,0,2,51.0
2026-03-05T07:26:10.083894,0,0,3,50.0
2026-03-05T07:26:11.089874,0,0,3,50.0
2026-03-05T07:26:12.095834,0,0,3,50.0
2026-03-05T07:26:13.102815,0,0,2,51.0
2026-03-05T07:26:14.108797,0,0,2,50.0
2026-03-05T07:26:15.114824,0,0,2,50.0
2026-03-05T07:26:16.121698,0,0,3,51.0
2026-03-05T07:26:17.127675,0,0,3,50.0
2026-03-05T07:26:18.134619,0,0,3,50.0
2026-03-05T07:26:19.139637,0,0,2,51.0
2026-03-05T07:26:20.145562,0,0,2,50.0
2026-03-05T07:26:21.152666,0,0,2,50.0
2026-03-05T07:26:22.159540,0,0,2,51.0
2026-03-05T07:26:23.165543,0,0,2,50.0
2026-03-05T07:26:24.171539,0,0,3,50.0
2026-03-05T07:26:25.178559,0,0,2,51.0
2026-03-05T07:26:26.184473,0,0,3,50.0
2026-03-05T07:26:27.191389,0,0,2,50.0
2026-03-05T07:26:28.196348,0,0,2,50.0
2026-03-05T07:26:29.203341,0,0,2,51.0
2026-03-05T07:26:30.209288,0,0,2,50.0
2026-03-05T07:26:31.216274,0,0,2,50.0
2026-03-05T07:26:32.223263,0,0,2,51.0
2026-03-05T07:26:33.227276,0,0,3,50.0
2026-03-05T07:26:35.229066,0,0,2,50.0
2026-03-05T07:26:35.241133,0,0,3,51.0
2026-03-05T07:26:36.248150,0,0,2,50.0
2026-03-05T07:26:37.253128,0,0,2,50.0
2026-03-05T07:26:38.260109,0,0,2,51.0
2026-03-05T07:26:39.266170,0,0,3,50.0
2026-03-05T07:26:40.272052,0,0,2,50.0
2026-03-05T07:26:42.273816,0,0,2,51.0
2026-03-05T07:26:42.285077,0,0,2,50.0
2026-03-05T07:26:43.291991,0,0,2,50.0
2026-03-05T07:26:44.297963,0,0,2,51.0
2026-03-05T07:26:45.304960,0,0,2,50.0
2026-03-05T07:26:46.309927,0,0,2,50.0
2026-03-05T07:26:47.316907,0,0,2,50.0
2026-03-05T07:26:48.323911,0,0,2,51.0
2026-03-05T07:26:49.329859,0,0,1,50.0
2026-03-05T07:26:50.335826,0,0,2,50.0
2026-03-05T07:26:51.341797,0,0,2,51.0
2026-03-05T07:26:52.348762,0,0,6,50.0
2026-03-05T07:26:53.354758,0,0,2,50.0
2026-03-05T07:26:54.361635,0,0,3,51.0
2026-03-05T07:27:31.376291,0,0,3,50.0
2026-03-05T07:27:32.382714,0,0,2,51.0
2026-03-05T07:27:33.387670,0,0,2,50.0
2026-03-05T07:27:34.392653,0,0,3,50.0
2026-03-05T07:27:35.400631,0,0,2,51.0
2026-03-05T07:27:36.407635,0,0,3,50.0
2026-03-05T07:27:37.414615,0,0,2,50.0
2026-03-05T07:27:38.419499,0,0,2,51.0
2026-03-05T07:27:39.426484,0,0,2,50.0
2026-03-05T07:27:41.428215,0,0,2,50.0
2026-03-05T07:27:41.439371,0,0,2,51.0
2026-03-05T07:27:42.444387,0,0,2,50.0
2026-03-05T07:27:43.451361,0,0,2,50.0
2026-03-05T07:27:44.457347,0,0,2,50.0
2026-03-05T07:27:45.464311,0,0,2,51.0
2026-03-05T07:28:12.885101,0,0,2,50.0
2026-03-05T07:28:15.368531,0,0,2,51.0
2026-03-05T07:28:16.375503,0,0,2,50.0
2026-03-05T07:28:17.383912,0,0,2,51.0
2026-03-05T07:28:18.388565,0,0,2,50.0
2026-03-05T07:28:19.393509,0,0,2,50.0
2026-03-05T07:28:21.394435,0,0,2,51.0
2026-03-05T07:28:21.406433,0,0,2,50.0
2026-03-05T07:28:22.413415,0,0,2,50.0
2026-03-05T07:28:23.420361,0,0,2,51.0
2026-03-05T07:28:24.425361,0,0,2,50.0
2026-03-05T07:28:25.432325,0,0,2,50.0
2026-03-05T07:28:26.438379,0,0,2,51.0
2026-03-05T07:28:27.445280,0,0,2,50.0
2026-03-05T07:28:29.447115,0,0,2,50.0
2026-03-05T07:28:50.873149,0,0,2,51.0
2026-03-05T07:28:51.879654,0,0,2,51.0
2026-03-05T07:29:36.635015,0,0,2,51.0
2026-03-05T07:29:39.118539,0,0,2,52.0
2026-03-05T07:29:40.125403,0,0,2,50.0
2026-03-05T07:29:41.129373,0,0,2,50.0
2026-03-05T07:29:42.138485,0,0,2,50.0
2026-03-05T07:29:43.143349,0,0,4,51.0
2026-03-05T07:29:44.150365,0,0,2,50.0
2026-03-05T07:29:45.156293,0,0,2,50.0
2026-03-05T07:29:46.163261,0,0,2,51.0
2026-03-05T07:29:47.170359,0,0,2,50.0
2026-03-05T07:29:48.175207,0,0,2,50.0
2026-03-05T07:29:49.182313,0,0,2,51.0
2026-03-05T07:29:50.188164,0,0,2,50.0
2026-03-05T07:29:51.195159,0,0,3,50.0
2026-03-05T07:29:52.200095,0,0,2,51.0
2026-03-05T07:29:53.207101,0,0,2,50.0
2026-03-05T07:29:54.213075,0,0,3,50.0
2026-03-05T07:29:55.220047,0,0,2,51.0
2026-03-05T07:29:56.226163,0,0,2,50.0
2026-03-05T07:29:57.231997,0,0,2,50.0
2026-03-05T07:29:58.238970,0,0,2,51.0
2026-03-05T07:29:59.244939,0,0,2,50.0
2026-03-05T07:30:00.251790,0,0,2,50.0
2026-03-05T07:30:01.256898,0,0,2,50.0
2026-03-05T07:30:44.878437,0,0,2,51.0
2026-03-05T07:30:47.361750,0,0,2,52.0
2026-03-05T07:30:48.368703,0,0,3,50.0
2026-03-05T07:30:49.374672,0,0,2,50.0
2026-03-05T07:30:50.381638,0,0,2,51.0
2026-03-05T07:30:51.386653,0,0,2,50.0
2026-03-05T07:30:52.393621,0,0,2,50.0
2026-03-05T07:30:53.399622,0,0,2,51.0
2026-03-05T07:30:54.406600,0,0,2,50.0
2026-03-05T07:30:55.412561,0,0,2,50.0
2026-03-05T07:30:56.418506,0,0,2,51.0
2026-03-05T07:30:57.425509,0,0,2,50.0
2026-03-05T07:30:58.431500,0,0,3,50.0
2026-03-05T07:30:59.438528,0,0,2,50.0
2026-03-05T07:31:00.443475,0,0,2,51.0
2026-03-05T07:31:01.450493,0,0,2,50.0
2026-03-05T07:31:02.456308,0,0,2,50.0
2026-03-05T07:31:04.458105,0,0,2,51.0
2026-03-05T07:31:04.469295,0,0,2,50.0
2026-03-05T07:31:05.475272,0,0,2,50.0
2026-03-05T07:31:06.482340,0,0,2,51.0
2026-03-05T07:31:07.488190,0,0,3,50.0
2026-03-05T07:31:08.494267,0,0,2,50.0
2026-03-05T07:31:21.617467,0,0,2,51.0
2026-03-05T07:31:22.623928,0,0,2,51.0
2026-03-05T07:31:23.629730,0,0,2,50.0
2026-03-05T07:31:24.636818,0,0,2,50.0
2026-03-05T07:31:25.641786,0,0,3,51.0
2026-03-05T07:31:26.648769,0,0,2,50.0
2026-03-05T07:31:27.654748,0,0,3,50.0
2026-03-05T07:31:28.661720,0,0,2,51.0
2026-03-05T07:31:30.663787,0,0,2,50.0
2026-03-05T07:31:30.673641,0,0,2,50.0
2026-03-05T07:31:32.675376,0,0,2,51.0
2026-03-05T07:31:32.686610,0,0,2,50.0
2026-03-05T07:31:33.693555,0,0,2,50.0
2026-03-05T07:31:34.698539,0,0,2,51.0
2026-03-05T07:31:35.705484,0,0,2,50.0
2026-03-05T07:31:36.711480,0,0,2,50.0
2026-03-05T07:31:37.718568,0,0,2,50.0
2026-03-05T07:31:39.720467,0,0,2,51.0
2026-03-05T07:31:39.730399,0,0,2,50.0
2026-03-05T07:31:40.737388,0,0,2,50.0
2026-03-05T07:31:41.743376,0,0,2,51.0
2026-03-05T07:31:42.750409,0,0,3,50.0
2026-03-05T07:31:43.754362,0,0,4,50.0
2026-03-05T07:31:44.762356,0,0,2,51.0
2026-03-05T07:31:46.764083,0,0,2,50.0
2026-03-05T07:31:46.775163,0,0,2,50.0
2026-03-05T07:31:47.781202,0,0,3,51.0
2026-03-05T07:31:48.787168,0,0,2,50.0
2026-03-05T07:31:49.794266,0,0,3,50.0
2026-03-05T07:31:50.800148,0,0,2,51.0
2026-03-05T07:31:51.806205,0,0,3,50.0
2026-03-05T07:31:53.807971,0,0,2,50.0
2026-03-05T07:31:53.819030,0,0,2,51.0
2026-03-05T07:31:54.826144,0,0,2,50.0
2026-03-05T07:31:55.832054,0,0,2,50.0
2026-03-05T07:31:56.838083,0,0,3,50.0
2026-03-05T07:31:57.843999,0,0,3,51.0
2026-03-05T07:31:58.850992,0,0,2,50.0
2026-03-05T07:32:00.852830,0,0,2,50.0
2026-03-05T07:32:00.861811,0,0,2,51.0
2026-03-05T07:32:01.869907,0,0,2,50.0
2026-03-05T07:32:02.875823,0,0,3,50.0
2026-03-05T07:32:03.882849,0,0,1,51.0
2026-03-05T07:32:04.887818,0,0,2,50.0
2026-03-05T07:32:05.894789,0,0,3,50.0
2026-03-05T07:32:07.896595,0,0,2,51.0
2026-03-05T07:32:07.907709,0,0,3,50.0
2026-03-05T07:32:08.912692,0,0,2,50.0
2026-03-05T07:32:09.919702,0,0,2,51.0
2026-03-05T07:32:10.926688,0,0,2,50.0
2026-03-05T07:32:11.932615,0,0,2,50.0
2026-03-05T07:32:12.937640,0,0,2,51.0
2026-03-05T07:32:14.939412,0,0,3,50.0
2026-03-05T07:32:14.951506,0,0,2,50.0
2026-03-05T07:32:15.957582,0,0,3,50.0
2026-03-05T07:32:16.964564,0,0,4,51.0
2026-03-05T07:32:17.970636,0,0,2,50.0
2026-03-05T07:32:18.976511,0,0,2,50.0
2026-03-05T07:32:19.983496,0,0,2,51.0
2026-03-05T07:32:20.989436,0,0,2,50.0
2026-03-05T07:32:22.991219,0,0,2,50.0
2026-03-05T07:32:23.001326,0,0,3,59.0
2026-03-05T07:32:24.008338,0,0,2,59.0
2026-03-05T07:32:25.014400,0,0,2,61.0
2026-03-05T07:32:26.021295,0,0,2,52.0
2026-03-05T07:32:27.027260,0,0,2,50.0
2026-03-05T07:32:28.033228,0,0,2,50.0
2026-03-05T07:32:30.034967,0,0,2,52.0
2026-03-05T07:33:39.371060,0,0,2,51.0
2026-03-05T07:33:40.377465,0,0,3,50.0
2026-03-05T07:33:41.383426,0,0,3,51.0
2026-03-05T07:33:42.390569,0,0,2,50.0
2026-03-05T07:33:43.395472,0,0,2,50.0
2026-03-05T07:33:44.402491,0,0,2,51.0
2026-03-05T07:33:45.408382,0,0,3,50.0
2026-03-05T07:33:46.415377,0,0,2,50.0
2026-03-05T07:33:47.422390,0,0,2,51.0
2026-03-05T07:33:48.427270,0,0,2,50.0
2026-03-05T07:33:50.429019,0,0,2,50.0
2026-03-05T07:33:50.440301,0,0,2,51.0
2026-03-05T07:33:52.442107,0,0,2,50.0
2026-03-05T07:33:52.452144,0,0,3,50.0
2026-03-05T07:33:53.458243,0,0,3,50.0
2026-03-05T07:33:54.465156,0,0,2,51.0
2026-03-05T07:33:55.472135,0,0,2,50.0
2026-03-05T07:33:56.478199,0,0,2,50.0
2026-03-05T07:33:57.484102,0,0,2,51.0
2026-03-05T07:33:58.491078,0,0,2,50.0
2026-03-05T07:33:59.497073,0,0,2,50.0
2026-03-05T07:34:00.504022,0,0,2,51.0
2026-03-05T07:34:01.509010,0,0,2,50.0
2026-03-05T07:34:02.515986,0,0,3,50.0
2026-03-05T07:34:03.522930,0,0,2,51.0
2026-03-05T07:34:04.526956,0,0,2,50.0
2026-03-05T07:34:05.534940,0,0,2,50.0
2026-03-05T07:34:06.540888,0,0,3,51.0
2026-03-05T07:34:07.547864,0,0,2,50.0
2026-03-05T07:34:08.553834,0,0,3,50.0
2026-03-05T07:34:09.559821,0,0,2,51.0
2026-03-05T07:34:10.564806,0,0,2,50.0
2026-03-05T07:34:11.571838,0,0,2,50.0
2026-03-05T07:34:13.573584,0,0,2,50.0
2026-03-05T07:34:13.585702,0,0,3,51.0
2026-03-05T07:34:14.591711,0,0,2,50.0
2026-03-05T07:34:15.597657,0,0,2,50.0
2026-03-05T07:34:16.604599,0,0,3,51.0
2026-03-05T07:34:17.610610,0,0,2,50.0
2026-03-05T07:34:18.616575,0,0,2,50.0
2026-03-05T07:34:19.623671,0,0,2,51.0
2026-03-05T07:34:20.629605,0,0,3,50.0
2026-03-05T07:34:21.636555,0,0,2,50.0
2026-03-05T07:34:22.641529,0,0,2,51.0
2026-03-05T07:34:23.648539,0,0,2,50.0
2026-03-05T07:34:24.654543,0,0,2,50.0
2026-03-05T07:34:25.661490,0,0,2,51.0
2026-03-05T07:34:26.667487,0,0,2,50.0
2026-03-05T07:34:27.673476,0,0,2,50.0
2026-03-05T07:34:28.680364,0,0,2,51.0
2026-03-05T07:34:29.686435,0,0,2,50.0
2026-03-05T07:34:30.693328,0,0,2,50.0
2026-03-05T07:34:31.698414,0,0,2,50.0
2026-03-05T07:34:32.705238,0,0,2,51.0
2026-03-05T07:34:33.711206,0,0,2,50.0
2026-03-05T07:34:43.875534,0,0,2,51.0
2026-03-05T07:34:44.882134,0,0,2,51.0
2026-03-05T07:34:45.886185,0,0,2,50.0
2026-03-05T07:34:46.894935,0,0,2,50.0
2026-03-05T07:34:47.899916,0,0,2,51.0
2026-03-05T07:34:48.906882,0,0,2,50.0
2026-03-05T07:34:49.912845,0,0,2,50.0
2026-03-05T07:34:50.919849,0,0,2,50.0
2026-03-05T07:34:51.925805,0,0,2,51.0
2026-03-05T07:34:52.930804,0,0,2,50.0
2026-03-05T07:34:53.938811,0,0,2,50.0
2026-03-05T07:34:54.944751,0,0,4,51.0
2026-03-05T07:34:55.951708,0,0,2,50.0
2026-03-05T07:34:56.956655,0,0,2,50.0
2026-03-05T07:34:57.963657,0,0,3,51.0
2026-03-05T07:34:58.969633,0,0,2,50.0
2026-03-05T07:34:59.976618,0,0,2,50.0
2026-03-05T07:35:01.978422,0,0,2,51.0
2026-03-05T07:35:01.988549,0,0,2,50.0
2026-03-05T07:35:02.995632,0,0,2,50.0
2026-03-05T07:35:04.001579,0,0,2,51.0
2026-03-05T07:35:05.008544,0,0,3,50.0
2026-03-05T07:35:06.013500,0,0,3,50.0
2026-03-05T07:35:07.020497,0,0,1,51.0
2026-03-05T07:35:08.026556,0,0,3,50.0
2026-03-05T07:35:09.033454,0,0,2,50.0
2026-03-05T07:35:10.039447,0,0,2,50.0
2026-03-05T07:35:11.045415,0,0,2,51.0
2026-03-05T07:35:12.052399,0,0,2,50.0
2026-03-05T07:35:13.058460,0,0,2,50.0
2026-03-05T07:35:14.064346,0,0,2,51.0
2026-03-05T07:35:15.068438,0,0,2,50.0
2026-03-05T07:35:16.077285,0,0,2,50.0
2026-03-05T07:35:17.084246,0,0,2,51.0
2026-03-05T07:35:19.086078,0,0,3,50.0
2026-03-05T07:35:19.096185,0,0,2,50.0
2026-03-05T07:35:20.102267,0,0,3,51.0
2026-03-05T07:35:21.109149,0,0,2,50.0
2026-03-05T07:35:22.115145,0,0,2,50.0
2026-03-05T07:35:23.121106,0,0,2,51.0
2026-03-05T07:35:24.126058,0,0,2,50.0
2026-03-05T07:35:25.134185,0,0,2,50.0
2026-03-05T07:35:26.141022,0,0,2,51.0
2026-03-05T07:35:27.146062,0,0,3,50.0
2026-03-05T07:35:28.153001,0,0,2,50.0
2026-03-05T07:35:29.158929,0,0,2,50.0
2026-03-05T07:35:30.165912,0,0,2,51.0
2026-03-05T07:35:31.170894,0,0,2,50.0
2026-03-05T07:35:32.177850,0,0,2,50.0
2026-03-05T07:35:33.184840,0,0,2,51.0
2026-03-05T07:35:34.190871,0,0,2,50.0
2026-03-05T07:35:35.197864,0,0,2,50.0
2026-03-05T07:35:36.202838,0,0,2,51.0
2026-03-05T07:35:37.209799,0,0,2,50.0
2026-03-05T07:35:38.215771,0,0,2,50.0
2026-03-05T07:35:39.222754,0,0,2,51.0
2026-03-05T07:35:40.229730,0,0,2,50.0
2026-03-05T07:35:41.233735,0,0,2,50.0
2026-03-05T07:35:42.241703,0,0,2,51.0
2026-03-05T07:35:43.247654,0,0,2,50.0
2026-03-05T07:35:44.254643,0,0,2,50.0
2026-03-05T07:35:45.259614,0,0,2,50.0
2026-03-05T07:35:46.266611,0,0,2,51.0
2026-03-05T07:35:47.272569,0,0,3,50.0
2026-03-05T07:35:48.277579,0,0,2,50.0
2026-03-05T07:35:49.285537,0,0,2,51.0
2026-03-05T07:35:50.291505,0,0,3,50.0
2026-03-05T07:35:51.298539,0,0,2,50.0
2026-03-05T07:35:52.304453,0,0,2,51.0
2026-03-05T07:35:53.311428,0,0,2,50.0
2026-03-05T07:35:54.316305,0,0,2,50.0
2026-03-05T07:35:55.322457,0,0,2,51.0
2026-03-05T07:35:56.330444,0,0,2,50.0
2026-03-05T07:35:57.336341,0,0,2,50.0
2026-03-05T07:35:58.342422,0,0,3,51.0
2026-03-05T07:35:59.348279,0,0,2,50.0
2026-03-05T07:36:00.355260,0,0,2,50.0
2026-03-05T07:36:01.360231,0,0,2,51.0
2026-03-05T07:36:02.367205,0,0,2,50.0
2026-03-05T07:36:03.373210,0,0,2,50.0
2026-03-05T07:36:04.380149,0,0,2,50.0
2026-03-05T07:36:05.387143,0,0,2,51.0
2026-03-05T07:36:06.393092,0,0,2,50.0
2026-03-05T07:36:07.399065,0,0,2,50.0
2026-03-05T07:36:08.405082,0,0,2,51.0
2026-03-05T07:36:09.412036,0,0,2,50.0
2026-03-05T07:36:11.413829,0,0,2,50.0
2026-03-05T07:36:11.423938,0,0,2,51.0
2026-03-05T07:36:12.430931,0,0,2,50.0
2026-03-05T07:36:13.436903,0,0,2,50.0
2026-03-05T07:36:14.443893,0,0,2,51.0
2026-03-05T07:36:15.448862,0,0,2,50.0
2026-03-05T07:36:16.455842,0,0,3,50.0
2026-03-05T07:36:17.461905,0,0,2,51.0
2026-03-05T07:36:18.468834,0,0,3,50.0
2026-03-05T07:36:19.474839,0,0,2,50.0
2026-03-05T07:36:20.480799,0,0,2,51.0
2026-03-05T07:36:21.487760,0,0,2,50.0
2026-03-05T07:36:22.493735,0,0,2,50.0
2026-03-05T07:36:23.500710,0,0,2,50.0
2026-03-05T07:36:24.504617,0,0,2,51.0
2026-03-05T07:36:25.511681,0,0,2,50.0
2026-03-05T07:36:26.518611,0,0,2,50.0
2026-03-05T07:36:27.525589,0,0,3,51.0
2026-03-05T07:36:28.532556,0,0,2,50.0
2026-03-05T07:36:29.537537,0,0,3,50.0
2026-03-05T07:36:30.544493,0,0,2,51.0
2026-03-05T07:36:31.548482,0,0,2,50.0
2026-03-05T07:36:32.557580,0,0,3,50.0
2026-03-05T07:36:33.562544,0,0,2,51.0
2026-03-05T07:36:34.569418,0,0,2,50.0
2026-03-05T07:36:35.575394,0,0,2,50.0
2026-03-05T07:36:36.582411,0,0,2,51.0
2026-03-05T07:36:37.588358,0,0,3,50.0
2026-03-05T07:36:38.594391,0,0,2,50.0
2026-03-05T07:36:39.601340,0,0,2,51.0
2026-03-05T07:36:41.603124,0,0,2,50.0
2026-03-05T07:36:41.614333,0,0,2,50.0
2026-03-05T07:36:42.619281,0,0,2,50.0
2026-03-05T07:36:43.626337,0,0,2,51.0
2026-03-05T07:36:44.633237,0,0,2,50.0
2026-03-05T07:36:45.639222,0,0,2,50.0
2026-03-05T07:36:46.645178,0,0,2,51.0
2026-03-05T07:37:09.125361,0,0,2,52.0
2026-03-05T07:37:10.131693,0,0,2,50.0
2026-03-05T07:37:11.136679,0,0,2,50.0
2026-03-05T07:37:13.138543,0,0,2,51.0
2026-03-05T07:37:32.136607,0,0,2,50.0
2026-03-05T07:37:34.620052,0,0,2,51.0
2026-03-05T07:37:35.627014,0,0,3,51.0
2026-03-05T07:37:36.632989,0,0,3,50.0
2026-03-05T07:37:38.634756,0,0,2,50.0
2026-03-05T07:37:38.644857,0,0,2,51.0
2026-03-05T07:37:39.651918,0,0,2,50.0
2026-03-05T07:37:40.657902,0,0,3,50.0
2026-03-05T07:37:41.664864,0,0,2,51.0
2026-03-05T07:37:42.670841,0,0,2,50.0
2026-03-05T07:37:43.676756,0,0,2,50.0
2026-03-05T07:37:45.678515,0,0,2,51.0
2026-03-05T07:37:45.689723,0,0,2,50.0
2026-03-05T07:37:46.696757,0,0,2,50.0
2026-03-05T07:37:47.701718,0,0,2,51.0
2026-03-05T07:37:48.708687,0,0,2,50.0
2026-03-05T07:37:49.714679,0,0,2,50.0
2026-03-05T07:37:50.721640,0,0,2,51.0
2026-03-05T07:37:51.727752,0,0,2,50.0
2026-03-05T07:37:52.733627,0,0,2,50.0
2026-03-05T07:37:53.740579,0,0,2,50.0
2026-03-05T07:37:54.745572,0,0,2,51.0
2026-03-05T07:37:55.752571,0,0,2,50.0
2026-03-05T07:37:57.754426,0,0,2,50.0
2026-03-05T07:37:57.765468,0,0,3,51.0
2026-03-05T07:37:58.772538,0,0,2,50.0
2026-03-05T07:37:59.778543,0,0,2,50.0
2026-03-05T07:38:00.782512,0,0,2,51.0
2026-03-05T07:38:01.790470,0,0,2,50.0
2026-03-05T07:38:02.797441,0,0,2,50.0
2026-03-05T07:38:03.803515,0,0,3,51.0
2026-03-05T07:38:05.805262,0,0,2,50.0
2026-03-05T07:38:05.815382,0,0,2,50.0
2026-03-05T07:38:06.822514,0,0,2,51.0
2026-03-05T07:38:07.829301,0,0,2,50.0
2026-03-05T07:38:08.834342,0,0,2,50.0
2026-03-05T07:38:09.841274,0,0,2,51.0
2026-03-05T07:38:10.847226,0,0,2,50.0
2026-03-05T07:38:11.854311,0,0,2,50.0
2026-03-05T07:38:12.859130,0,0,2,50.0
2026-03-05T07:38:14.860892,0,0,2,51.0
2026-03-05T07:38:14.873054,0,0,2,50.0
2026-03-05T07:38:15.879081,0,0,2,50.0
2026-03-05T07:38:16.886175,0,0,2,51.0
2026-03-05T07:38:17.891012,0,0,3,50.0
2026-03-05T07:38:18.898133,0,0,2,50.0
2026-03-05T07:38:19.904084,0,0,2,51.0
2026-03-05T07:38:20.911061,0,0,2,50.0
2026-03-05T07:38:21.916002,0,0,2,50.0
2026-03-05T07:38:22.922982,0,0,2,51.0
2026-03-05T07:38:23.929938,0,0,2,50.0
2026-03-05T07:38:24.935923,0,0,2,50.0
2026-03-05T07:38:25.942902,0,0,2,51.0
2026-03-05T07:38:26.947874,0,0,2,50.0
2026-03-05T07:38:27.954870,0,0,2,50.0
2026-03-05T07:38:28.960860,0,0,2,50.0
2026-03-05T07:38:29.967816,0,0,3,51.0
2026-03-05T07:38:30.973787,0,0,2,50.0
2026-03-05T07:38:31.979794,0,0,3,50.0
2026-03-05T07:38:32.986789,0,0,2,51.0
2026-03-05T07:38:33.992726,0,0,2,50.0
2026-03-05T07:38:34.999725,0,0,2,50.0
2026-03-05T07:38:36.004691,0,0,2,51.0
2026-03-05T07:38:37.011688,0,0,2,50.0
2026-03-05T07:38:38.017635,0,0,2,50.0
2026-03-05T07:38:39.024622,0,0,2,51.0
2026-03-05T07:38:40.030623,0,0,2,50.0
2026-03-05T07:38:41.036561,0,0,3,50.0
2026-03-05T07:38:42.043492,0,0,2,51.0
2026-03-05T07:38:43.049454,0,0,2,50.0
2026-03-05T07:38:44.055549,0,0,2,50.0
2026-03-05T07:38:45.061504,0,0,2,51.0
2026-03-05T07:38:47.063276,0,0,2,50.0
2026-03-05T07:38:47.075417,0,0,2,50.0
2026-03-05T07:38:48.080442,0,0,3,50.0
2026-03-05T07:38:50.082274,0,0,2,51.0
2026-03-05T07:38:50.093305,0,0,2,50.0
2026-03-05T07:38:51.100305,0,0,2,50.0
2026-03-05T07:38:52.106330,0,0,2,51.0
2026-03-05T07:38:53.112258,0,0,2,50.0
2026-03-05T07:38:54.118294,0,0,2,50.0
2026-03-05T07:38:55.125225,0,0,2,51.0
2026-03-05T07:38:57.126516,0,0,2,50.0
2026-03-05T07:38:57.167476,0,0,2,50.0
2026-03-05T07:38:58.144231,0,0,2,51.0
2026-03-05T07:38:59.150277,0,0,2,50.0
2026-03-05T07:39:00.157150,0,0,2,50.0
2026-03-05T07:39:01.163162,0,0,3,51.0
2026-03-05T07:39:02.167157,0,0,2,50.0
2026-03-05T07:39:04.170438,0,0,3,50.0
2026-03-05T07:39:18.372269,0,0,2,51.0
2026-03-05T07:39:19.378663,0,0,2,50.0
2026-03-05T07:39:20.383596,0,0,3,51.0
2026-03-05T07:39:21.391685,0,0,3,50.0
2026-03-05T07:39:22.396609,0,0,2,50.0
2026-03-05T07:39:23.403572,0,0,2,51.0
2026-03-05T07:39:24.409621,0,0,2,50.0
2026-03-05T07:39:25.416561,0,0,2,50.0
2026-03-05T07:39:26.423559,0,0,2,51.0
2026-03-05T07:39:27.426574,0,0,2,50.0
2026-03-05T07:39:28.435480,0,0,2,50.0
2026-03-05T07:39:29.441479,0,0,2,50.0
2026-03-05T07:39:30.448450,0,0,2,51.0
2026-03-05T07:39:31.453446,0,0,2,50.0
2026-03-05T07:39:32.460450,0,0,2,50.0
2026-03-05T07:39:33.465362,0,0,2,51.0
2026-03-05T07:39:34.473342,0,0,2,50.0
2026-03-05T07:39:35.479320,0,0,2,50.0
2026-03-05T07:39:36.485262,0,0,2,51.0
2026-03-05T07:39:37.492232,0,0,2,50.0
2026-03-05T07:39:38.498324,0,0,2,50.0
2026-03-05T07:39:39.505245,0,0,2,51.0
2026-03-05T07:39:40.510266,0,0,3,50.0
2026-03-05T07:39:41.517187,0,0,2,50.0
2026-03-05T07:39:42.524171,0,0,3,51.0
2026-03-05T07:39:43.530209,0,0,2,50.0
2026-03-05T07:39:44.536058,0,0,3,50.0
2026-03-05T07:39:45.542074,0,0,2,51.0
2026-03-05T07:39:46.549042,0,0,3,50.0
2026-03-05T07:39:47.555073,0,0,3,50.0
2026-03-05T07:39:48.560962,0,0,2,50.0
2026-03-05T07:39:50.562787,0,0,2,51.0
2026-03-05T07:39:50.573977,0,0,2,50.0
2026-03-05T07:39:51.580975,0,0,2,50.0
2026-03-05T07:39:52.586930,0,0,1,51.0
2026-03-05T07:39:53.592931,0,0,3,50.0
2026-03-05T07:39:54.598919,0,0,2,50.0
2026-03-05T07:39:55.605801,0,0,2,51.0
2026-03-05T07:39:56.611899,0,0,2,50.0
2026-03-05T07:39:57.617804,0,0,2,50.0
2026-03-05T07:39:58.624764,0,0,2,51.0
2026-03-05T07:39:59.630775,0,0,2,50.0
2026-03-05T07:40:00.637728,0,0,2,50.0
2026-03-05T07:40:01.642725,0,0,2,51.0
2026-03-05T07:40:02.649669,0,0,2,50.0
2026-03-05T07:40:03.655657,0,0,3,50.0
2026-03-05T07:40:04.662655,0,0,2,51.0
2026-03-05T07:40:41.632412,0,0,2,50.0
2026-03-05T07:40:44.115796,0,0,2,51.0
2026-03-05T07:40:45.122768,0,0,2,51.0
2026-03-05T07:40:46.128710,0,0,3,50.0
2026-03-05T07:40:48.130467,0,0,2,50.0
2026-03-05T07:40:48.139553,0,0,2,50.0
2026-03-05T07:40:49.147618,0,0,2,51.0
2026-03-05T07:40:59.385892,0,0,2,50.0
2026-03-05T07:41:01.869363,0,0,2,51.0
2026-03-05T07:41:02.876311,0,0,2,50.0
2026-03-05T07:41:04.878156,0,0,2,50.0
2026-03-05T07:41:15.639542,0,0,2,50.0
2026-03-05T07:41:18.123985,0,0,2,52.0
2026-03-05T07:41:19.130954,0,0,3,50.0
2026-03-05T07:41:20.136965,0,0,2,50.0
2026-03-05T07:41:22.138761,0,0,2,51.0
2026-03-05T07:41:22.148861,0,0,3,50.0
2026-03-05T07:41:23.155856,0,0,2,50.0
2026-03-05T07:41:31.952218,0,0,2,50.0
2026-03-05T07:41:34.435676,0,0,3,51.0
2026-03-05T07:41:35.442664,0,0,2,51.0
2026-03-05T07:41:36.448628,0,0,2,50.0
2026-03-05T07:41:37.453548,0,0,2,50.0
2026-03-05T07:41:38.460563,0,0,2,50.0
2026-03-05T07:41:39.467574,0,0,2,51.0
2026-03-05T07:41:40.473529,0,0,2,50.0
2026-03-05T07:41:41.480503,0,0,2,50.0
2026-03-05T07:41:42.486511,0,0,2,51.0
2026-03-05T07:41:43.492455,0,0,2,50.0
2026-03-05T07:41:44.499390,0,0,2,50.0
2026-03-05T07:41:46.501166,0,0,2,51.0
2026-03-05T07:41:46.512393,0,0,2,50.0
2026-03-05T07:41:47.517369,0,0,2,50.0
2026-03-05T07:41:48.524344,0,0,2,51.0
2026-03-05T07:41:49.530388,0,0,2,50.0
2026-03-05T07:41:50.537295,0,0,2,50.0
2026-03-05T07:41:51.543208,0,0,2,51.0
2026-03-05T07:41:52.549332,0,0,2,50.0
2026-03-05T07:41:53.556241,0,0,2,50.0
2026-03-05T07:41:55.558162,0,0,3,50.0
2026-03-05T07:41:55.568155,0,0,2,51.0
2026-03-05T07:41:56.574256,0,0,2,50.0
2026-03-05T07:41:57.581169,0,0,2,50.0
2026-03-05T07:41:58.588160,0,0,2,51.0
2026-03-05T07:41:59.594205,0,0,2,50.0
2026-03-05T07:42:00.600034,0,0,2,50.0
2026-03-05T07:42:01.606128,0,0,2,51.0
2026-03-05T07:42:02.612975,0,0,2,50.0
2026-03-05T07:42:03.618951,0,0,2,50.0
2026-03-05T07:42:04.624924,0,0,2,51.0
2026-03-05T07:42:05.630909,0,0,2,50.0
2026-03-05T07:42:06.637884,0,0,2,50.0
2026-03-05T07:42:07.644903,0,0,2,51.0
2026-03-05T07:42:08.649878,0,0,2,50.0
2026-03-05T07:42:09.656823,0,0,2,50.0
2026-03-05T07:42:10.662805,0,0,2,51.0
2026-03-05T07:42:11.669773,0,0,2,50.0
2026-03-05T07:42:12.674748,0,0,2,50.0
2026-03-05T07:42:13.681721,0,0,2,50.0
2026-03-05T07:42:14.688700,0,0,2,51.0
2026-03-05T07:42:15.694722,0,0,2,50.0
2026-03-05T07:42:16.701651,0,0,3,50.0
2026-03-05T07:42:17.706623,0,0,3,51.0
2026-03-05T07:42:18.713439,0,0,2,50.0
2026-03-05T07:42:19.719338,0,0,2,50.0
2026-03-05T07:42:20.726299,0,0,3,51.0
2026-03-05T07:42:21.731103,0,0,2,50.0
2026-03-05T07:42:22.737977,0,0,2,50.0
2026-03-05T07:42:23.744829,0,0,2,51.0
2026-03-05T07:42:24.750713,0,0,2,50.0
2026-03-05T07:42:25.757588,0,0,2,50.0
2026-03-05T07:42:26.762534,0,0,2,51.0
2026-03-05T07:42:27.769367,0,0,2,50.0
2026-03-05T07:42:28.775232,0,0,2,50.0
2026-03-05T07:42:29.782261,0,0,2,51.0
2026-03-05T07:42:30.787997,0,0,2,50.0
2026-03-05T07:42:31.793905,0,0,2,50.0
2026-03-05T07:42:32.800791,0,0,2,50.0
2026-03-05T07:42:33.806681,0,0,2,51.0
2026-03-05T07:42:34.813563,0,0,2,50.0
2026-03-05T07:42:35.818475,0,0,2,50.0
2026-03-05T07:42:36.825348,0,0,2,51.0
2026-03-05T07:42:37.831225,0,0,2,50.0
2026-03-05T07:42:38.838183,0,0,2,50.0
2026-03-05T07:42:39.843981,0,0,2,51.0
2026-03-05T07:42:40.849865,0,0,3,50.0
2026-03-05T07:42:41.856741,0,0,2,50.0
2026-03-05T07:42:42.861673,0,0,2,51.0
2026-03-05T07:42:43.868533,0,0,2,50.0
2026-03-05T07:42:44.874457,0,0,2,50.0
2026-03-05T07:42:45.881300,0,0,2,51.0
2026-03-05T07:42:46.888173,0,0,2,50.0
2026-03-05T07:42:47.893056,0,0,2,50.0
2026-03-05T07:42:48.899966,0,0,2,51.0
2026-03-05T07:42:49.905813,0,0,3,50.0
2026-03-05T07:42:51.907619,0,0,2,50.0
2026-03-05T07:42:51.918667,0,0,3,50.0
2026-03-05T07:42:52.924445,0,0,3,51.0
2026-03-05T07:42:53.930422,0,0,2,50.0
2026-03-05T07:42:54.937209,0,0,3,50.0
2026-03-05T07:42:55.944118,0,0,2,51.0
2026-03-05T07:42:56.948992,0,0,3,50.0
2026-03-05T07:42:57.954829,0,0,2,50.0
2026-03-05T07:42:58.961864,0,0,2,51.0
2026-03-05T07:42:59.968760,0,0,2,50.0
2026-03-05T07:43:01.970507,0,0,2,50.0
2026-03-05T07:43:01.980417,0,0,3,51.0
2026-03-05T07:43:02.987338,0,0,2,50.0
2026-03-05T07:43:03.993219,0,0,2,50.0
2026-03-05T07:43:05.000108,0,0,2,51.0
2026-03-05T07:43:06.004990,0,0,2,50.0
2026-03-05T07:43:07.011937,0,0,2,50.0
2026-03-05T07:43:09.013738,0,0,2,50.0
2026-03-05T07:43:09.024693,0,0,2,51.0
2026-03-05T07:43:10.030549,0,0,2,50.0
2026-03-05T07:43:11.036417,0,0,2,50.0
2026-03-05T07:43:12.043330,0,0,2,51.0
2026-03-05T07:43:13.049209,0,0,2,50.0
2026-03-05T07:43:14.056126,0,0,2,50.0
2026-03-05T07:43:15.061062,0,0,2,51.0
2026-03-05T07:43:17.062820,0,0,3,50.0
2026-03-05T07:43:17.073757,0,0,2,50.0
2026-03-05T07:43:18.080635,0,0,2,51.0
2026-03-05T07:43:19.086527,0,0,2,50.0
2026-03-05T07:43:20.092404,0,0,3,50.0
2026-03-05T07:43:21.099304,0,0,2,51.0
2026-03-05T07:43:22.105185,0,0,2,50.0
2026-03-05T07:43:23.110998,0,0,2,50.0
2026-03-05T07:43:24.117057,0,0,2,51.0
2026-03-05T07:43:25.123937,0,0,3,50.0
2026-03-05T07:43:26.129834,0,0,2,50.0
2026-03-05T07:43:27.136700,0,0,2,50.0
2026-03-05T07:43:28.142585,0,0,2,51.0
2026-03-05T07:43:29.148482,0,0,2,50.0
2026-03-05T07:43:30.155488,0,0,2,50.0
2026-03-05T07:43:31.161282,0,0,2,51.0
2026-03-05T07:43:32.168199,0,0,2,50.0
2026-03-05T07:43:33.173055,0,0,2,50.0
2026-03-05T07:43:34.179911,0,0,2,51.0
2026-03-05T07:43:35.186847,0,0,2,50.0
2026-03-05T07:43:36.192718,0,0,2,50.0
2026-03-05T07:43:37.198612,0,0,2,51.0
2026-03-05T07:43:38.204526,0,0,3,50.0
2026-03-05T07:43:39.211448,0,0,2,50.0
2026-03-05T07:43:40.217288,0,0,2,51.0
2026-03-05T07:43:41.223178,0,0,3,50.0
2026-03-05T07:45:00.368684,0,0,2,51.0
2026-03-05T07:45:01.374992,0,0,2,51.0
2026-03-05T07:45:02.379911,0,0,2,50.0
2026-03-05T07:45:04.381630,0,0,2,50.0
2026-03-05T07:45:04.392763,0,0,2,51.0
2026-03-05T07:45:06.394497,0,0,2,50.0
2026-03-05T07:45:06.405435,0,0,2,50.0
2026-03-05T07:45:07.412411,0,0,2,51.0
2026-03-05T07:45:08.419371,0,0,3,50.0
2026-03-05T07:45:09.424245,0,0,2,50.0
2026-03-05T07:45:10.431163,0,0,2,51.0
2026-03-05T07:45:11.437012,0,0,2,50.0
2026-03-05T07:45:12.444021,0,0,2,50.0
2026-03-05T07:45:13.448859,0,0,2,51.0
2026-03-05T07:45:14.455775,0,0,2,50.0
2026-03-05T07:45:15.461669,0,0,2,50.0
2026-03-05T07:45:16.468581,0,0,2,50.0
2026-03-05T07:45:17.474532,0,0,2,51.0
2026-03-05T07:45:18.480461,0,0,2,50.0
2026-03-05T07:45:20.482274,0,0,3,50.0
2026-03-05T07:45:20.493184,0,0,1,51.0
2026-03-05T07:45:22.494925,0,0,2,50.0
2026-03-05T07:45:34.166498,0,0,2,50.0
2026-03-05T07:45:36.649686,0,0,2,52.0
2026-03-05T07:45:37.656548,0,0,2,50.0
2026-03-05T07:45:38.662658,0,0,2,50.0
2026-03-05T07:45:39.668464,0,0,2,51.0
2026-03-05T07:45:40.674428,0,0,2,50.0
2026-03-05T07:45:41.681264,0,0,2,50.0
2026-03-05T07:45:42.687176,0,0,2,50.0
2026-03-05T07:45:43.694161,0,0,2,51.0
2026-03-05T07:45:44.698935,0,0,2,50.0
2026-03-05T07:45:45.705826,0,0,2,50.0
2026-03-05T07:45:46.712785,0,0,2,51.0
2026-03-05T07:45:47.718690,0,0,2,50.0
2026-03-05T07:45:48.725592,0,0,2,50.0
2026-03-05T07:45:49.730526,0,0,2,51.0
2026-03-05T07:45:50.737403,0,0,2,50.0
2026-03-05T07:45:51.743353,0,0,3,50.0
2026-03-05T07:45:52.750300,0,0,2,51.0
2026-03-05T07:45:53.756188,0,0,2,50.0
2026-03-05T07:45:54.761984,0,0,3,50.0
2026-03-05T07:45:55.768944,0,0,2,51.0
2026-03-05T07:46:39.392743,0,0,2,50.0
2026-03-05T07:46:41.875793,0,0,3,51.0
2026-03-05T07:46:42.882739,0,0,3,50.0
2026-03-05T07:46:43.888700,0,0,2,51.0
2026-03-05T07:46:44.895600,0,0,2,50.0
2026-03-05T07:46:45.900476,0,0,2,50.0
2026-03-05T07:46:46.907396,0,0,2,51.0
2026-03-05T07:46:47.913349,0,0,2,50.0
2026-03-05T07:46:48.920211,0,0,2,50.0
2026-03-05T07:46:49.925180,0,0,2,51.0
2026-03-05T07:46:50.931054,0,0,2,50.0
2026-03-05T07:46:52.932802,0,0,2,50.0
2026-03-05T07:46:52.944888,0,0,3,51.0
2026-03-05T07:46:53.951791,0,0,2,50.0
2026-03-05T07:46:54.956731,0,0,2,50.0
2026-03-05T07:46:55.963645,0,0,2,51.0
2026-03-05T07:46:56.969545,0,0,3,50.0
2026-03-05T07:46:57.976444,0,0,2,50.0
2026-03-05T07:46:58.982472,0,0,2,51.0
2026-03-05T07:46:59.988326,0,0,2,50.0
2026-03-05T07:47:00.995212,0,0,2,50.0
2026-03-05T07:47:02.001110,0,0,2,50.0
2026-03-05T07:47:03.007070,0,0,2,51.0
2026-03-05T07:47:04.012952,0,0,1,50.0
2026-03-05T07:47:05.019891,0,0,6,50.0
2026-03-05T07:47:06.026797,0,0,3,51.0
2026-03-05T07:47:07.032765,0,0,2,50.0
2026-03-05T07:47:08.038626,0,0,2,50.0
2026-03-05T07:47:09.044529,0,0,2,51.0
2026-03-05T07:47:10.051431,0,0,2,50.0
2026-03-05T07:47:11.057392,0,0,2,50.0
2026-03-05T07:47:12.063274,0,0,2,51.0
2026-03-05T07:47:13.069189,0,0,3,50.0
2026-03-05T07:47:14.076152,0,0,2,50.0
2026-03-05T07:47:15.083053,0,0,2,51.0
2026-03-05T07:47:16.087959,0,0,2,50.0
2026-03-05T07:47:17.094884,0,0,2,50.0
2026-03-05T07:47:18.100823,0,0,3,50.0
2026-03-05T07:47:19.107723,0,0,2,51.0
2026-03-05T07:47:20.113589,0,0,3,50.0
2026-03-05T07:47:22.115328,0,0,2,50.0
2026-03-05T07:47:22.126426,0,0,2,51.0
2026-03-05T07:47:23.132371,0,0,2,50.0
2026-03-05T07:47:24.139306,0,0,2,50.0
2026-03-05T07:47:25.144222,0,0,2,51.0
2026-03-05T07:47:26.150163,0,0,2,50.0
2026-03-05T07:47:27.157061,0,0,2,50.0
2026-03-05T07:47:28.163988,0,0,2,51.0
2026-03-05T07:47:29.168874,0,0,2,50.0
2026-03-05T07:47:30.175778,0,0,2,50.0
2026-03-05T07:47:31.182716,0,0,2,51.0
2026-03-05T07:47:32.188610,0,0,2,50.0
2026-03-05T07:47:33.195548,0,0,2,50.0
2026-03-05T07:47:34.200463,0,0,2,50.0
2026-03-05T07:47:35.207410,0,0,2,51.0
2026-03-05T07:47:36.213292,0,0,2,50.0
2026-03-05T07:47:37.220217,0,0,2,50.0
2026-03-05T07:47:38.226223,0,0,2,51.0
2026-03-05T07:47:39.232053,0,0,3,50.0
2026-03-05T07:47:40.238963,0,0,2,50.0
2026-03-05T07:47:41.244830,0,0,2,51.0
2026-03-05T07:47:43.246524,0,0,2,50.0
2026-03-05T07:47:43.256735,0,0,2,50.0
2026-03-05T07:47:44.263657,0,0,2,51.0
2026-03-05T07:47:45.269599,0,0,2,50.0
2026-03-05T07:47:46.276509,0,0,2,50.0
2026-03-05T07:47:47.282484,0,0,3,51.0
2026-03-05T07:47:48.286415,0,0,3,50.0
2026-03-05T07:47:50.288166,0,0,2,50.0
2026-03-05T07:47:50.301171,0,0,2,51.0
2026-03-05T07:47:51.307109,0,0,2,50.0
2026-03-05T07:47:52.313014,0,0,2,50.0
2026-03-05T07:47:53.319910,0,0,2,51.0
2026-03-05T07:47:54.326854,0,0,2,50.0
2026-03-05T07:47:55.331741,0,0,2,50.0
2026-03-05T07:47:57.333489,0,0,3,50.0
2026-03-05T07:47:57.344601,0,0,2,51.0
2026-03-05T07:47:58.351532,0,0,2,50.0
2026-03-05T07:47:59.357438,0,0,2,50.0
2026-03-05T07:48:00.363353,0,0,0,51.0
2026-03-05T07:48:01.368281,0,0,2,50.0
2026-03-05T07:48:02.374270,0,0,1,50.0
2026-03-05T07:48:03.383257,0,0,2,51.0
2026-03-05T07:48:04.388061,0,0,2,50.0
2026-03-05T07:48:05.394979,0,0,3,50.0
2026-03-05T07:48:06.400896,0,0,2,51.0
2026-03-05T07:48:07.407797,0,0,2,50.0
2026-03-05T07:48:08.413751,0,0,2,50.0
2026-03-05T07:48:09.419656,0,0,2,51.0
2026-03-05T07:48:10.426646,0,0,3,50.0
2026-03-05T07:48:11.432566,0,0,2,50.0
2026-03-05T07:48:12.439504,0,0,2,51.0
2026-03-05T07:48:13.444402,0,0,3,50.0
2026-03-05T07:48:14.451324,0,0,2,50.0
2026-03-05T07:48:15.457194,0,0,2,50.0
2026-03-05T07:48:16.464157,0,0,2,51.0
2026-03-05T07:48:17.469048,0,0,2,50.0
2026-03-05T07:48:18.475964,0,0,2,50.0
2026-03-05T07:48:19.482888,0,0,2,51.0
2026-03-05T07:48:20.488805,0,0,2,50.0
2026-03-05T07:48:21.495720,0,0,2,50.0
2026-03-05T07:48:22.500593,0,0,2,51.0
2026-03-05T07:48:24.502431,0,0,2,50.0
2026-03-05T07:48:24.513474,0,0,2,50.0
2026-03-05T07:48:25.520457,0,0,2,51.0
2026-03-05T07:48:26.526413,0,0,2,50.0
2026-03-05T07:48:27.532258,0,0,2,50.0
2026-03-05T07:48:28.539195,0,0,2,51.0
2026-03-05T07:48:29.544128,0,0,2,50.0
2026-03-05T07:48:31.545916,0,0,2,50.0
2026-03-05T07:48:31.556908,0,0,2,50.0
2026-03-05T07:48:32.563883,0,0,2,51.0
2026-03-05T07:48:33.569786,0,0,2,50.0
2026-03-05T07:48:34.576725,0,0,2,50.0
2026-03-05T07:48:35.582679,0,0,1,51.0
2026-03-05T07:48:36.588566,0,0,2,50.0
2026-03-05T07:48:37.595457,0,0,2,50.0
2026-03-05T07:48:38.601520,0,0,2,51.0
2026-03-05T07:48:40.602508,0,0,3,50.0
2026-03-05T07:48:40.613237,0,0,2,50.0
2026-03-05T07:48:41.620182,0,0,2,51.0
2026-03-05T07:48:42.627122,0,0,3,50.0
2026-03-05T07:48:43.633031,0,0,2,50.0
2026-03-05T07:48:44.638956,0,0,2,51.0
2026-03-05T07:48:45.644867,0,0,3,50.0
2026-03-05T07:48:47.646645,0,0,3,50.0
2026-03-05T07:48:47.657718,0,0,2,51.0
2026-03-05T07:48:48.663656,0,0,2,50.0
2026-03-05T07:48:49.669576,0,0,2,50.0
2026-03-05T07:48:50.676513,0,0,2,50.0
2026-03-05T07:48:51.683450,0,0,2,51.0
2026-03-05T07:48:52.688401,0,0,2,50.0
2026-03-05T07:48:53.694733,0,0,2,50.0
2026-03-05T07:48:54.701257,0,0,2,51.0
2026-03-05T07:48:55.708192,0,0,2,50.0
2026-03-05T07:48:56.714185,0,0,3,50.0
2026-03-05T07:48:57.720034,0,0,2,51.0
2026-03-05T07:48:58.726973,0,0,2,50.0
2026-03-05T07:48:59.732892,0,0,2,50.0
2026-03-05T07:49:00.739797,0,0,2,51.0
2026-03-05T07:49:01.744739,0,0,2,50.0
2026-03-05T07:49:02.751620,0,0,3,50.0
2026-03-05T07:49:03.757612,0,0,2,51.0
2026-03-05T07:49:04.764514,0,0,3,50.0
2026-03-05T07:49:05.769453,0,0,2,50.0
2026-03-05T07:49:06.776341,0,0,2,51.0
2026-03-05T07:49:08.778250,0,0,2,50.0
2026-03-05T07:49:08.789094,0,0,2,50.0
2026-03-05T07:49:09.796081,0,0,2,50.0
2026-03-05T07:49:10.800966,0,0,2,51.0
2026-03-05T07:49:11.807934,0,0,2,50.0
2026-03-05T07:49:12.813838,0,0,2,50.0
2026-03-05T07:49:13.820748,0,0,2,51.0
2026-03-05T07:49:14.826803,0,0,2,50.0
2026-03-05T07:49:15.832636,0,0,2,50.0
2026-03-05T07:49:16.838562,0,0,2,51.0
2026-03-05T07:49:17.845462,0,0,2,50.0
2026-03-05T07:49:18.852431,0,0,2,50.0
2026-03-05T07:49:19.857384,0,0,2,51.0
2026-03-05T07:49:20.864274,0,0,2,50.0
2026-03-05T07:49:21.870314,0,0,2,50.0
2026-03-05T07:49:22.877121,0,0,2,51.0
2026-03-05T07:49:23.883069,0,0,2,50.0
2026-03-05T07:49:24.888979,0,0,2,50.0
2026-03-05T07:49:25.895848,0,0,2,51.0
2026-03-05T07:49:26.901805,0,0,2,50.0
2026-03-05T07:49:28.903662,0,0,2,50.0
2026-03-05T07:49:28.913637,0,0,2,50.0
2026-03-05T07:49:29.920585,0,0,2,51.0
2026-03-05T07:49:30.927527,0,0,2,50.0
2026-03-05T07:49:31.933428,0,0,2,50.0
2026-03-05T07:49:32.939403,0,0,2,51.0
2026-03-05T07:49:33.945281,0,0,2,50.0
2026-03-05T07:49:34.952326,0,0,2,50.0
2026-03-05T07:49:35.958256,0,0,2,51.0
2026-03-05T07:49:36.964113,0,0,2,50.0
2026-03-05T07:49:37.970164,0,0,2,50.0
2026-03-05T07:49:38.976961,0,0,2,51.0
2026-03-05T07:49:39.983872,0,0,2,50.0
2026-03-05T07:49:40.988804,0,0,2,50.0
2026-03-05T07:49:41.995714,0,0,2,51.0
2026-03-05T07:49:43.001756,0,0,2,50.0
2026-03-05T07:49:44.008667,0,0,2,50.0
2026-03-05T07:49:45.014627,0,0,3,50.0
2026-03-05T07:49:46.020496,0,0,2,51.0
2026-03-05T07:49:47.027432,0,0,1,50.0
2026-03-05T07:49:48.033368,0,0,2,50.0
2026-03-05T07:49:49.040266,0,0,2,51.0
2026-03-05T07:49:50.045192,0,0,2,50.0
2026-03-05T07:49:51.052225,0,0,2,50.0
2026-03-05T07:49:52.058198,0,0,2,51.0
2026-03-05T07:49:53.065024,0,0,2,50.0
2026-03-05T07:49:54.069943,0,0,2,50.0
2026-03-05T07:49:55.076843,0,0,2,51.0
2026-03-05T07:49:56.083789,0,0,2,50.0
2026-03-05T07:49:57.089727,0,0,2,50.0
2026-03-05T07:49:58.096657,0,0,2,51.0
2026-03-05T07:49:59.101579,0,0,2,50.0
2026-03-05T07:50:01.103374,0,0,2,50.0
2026-03-05T07:50:01.114386,0,0,3,51.0
2026-03-05T07:50:02.121335,0,0,3,50.0
2026-03-05T07:50:03.127285,0,0,2,50.0
2026-03-05T07:50:04.133176,0,0,2,50.0
2026-03-05T07:50:05.140139,0,0,2,51.0
2026-03-05T07:50:06.145065,0,0,2,50.0
2026-03-05T07:50:08.146820,0,0,2,50.0
2026-03-05T07:50:08.157826,0,0,3,51.0
2026-03-05T07:50:09.164820,0,0,2,50.0
2026-03-05T07:50:10.170757,0,0,2,50.0
2026-03-05T07:50:11.177719,0,0,3,51.0
2026-03-05T07:50:12.183633,0,0,3,50.0
2026-03-05T07:50:13.189595,0,0,2,50.0
2026-03-05T07:50:14.196550,0,0,2,51.0
2026-03-05T07:50:15.202539,0,0,2,50.0
2026-03-05T07:50:16.208398,0,0,2,50.0
2026-03-05T07:50:17.214377,0,0,2,51.0
2026-03-05T07:50:18.221261,0,0,2,50.0
2026-03-05T07:50:19.228193,0,0,2,50.0
2026-03-05T07:50:20.234200,0,0,2,51.0
2026-03-05T07:50:21.239043,0,0,3,50.0
2026-03-05T07:50:22.245980,0,0,2,50.0
2026-03-05T07:50:23.252902,0,0,3,50.0
2026-03-05T07:50:24.258814,0,0,2,51.0
2026-03-05T07:50:25.264803,0,0,3,50.0
2026-03-05T07:50:26.270735,0,0,2,50.0
2026-03-05T07:50:27.275710,0,0,2,51.0
2026-03-05T07:50:28.284518,0,0,2,50.0
2026-03-05T07:50:29.289446,0,0,2,50.0
2026-03-05T07:50:30.296382,0,0,2,51.0
2026-03-05T07:50:31.302467,0,0,2,50.0
2026-03-05T07:50:32.309303,0,0,2,50.0
2026-03-05T07:50:33.315234,0,0,2,51.0
2026-03-05T07:50:34.321083,0,0,3,50.0
2026-03-05T07:50:35.328045,0,0,3,50.0
2026-03-05T07:50:36.333968,0,0,3,51.0
2026-03-05T07:50:37.340890,0,0,3,50.0
2026-03-05T07:50:38.345840,0,0,2,50.0
2026-03-05T07:50:39.352777,0,0,3,51.0
2026-03-05T07:50:40.358618,0,0,2,50.0
2026-03-05T07:50:41.365708,0,0,2,50.0
2026-03-05T07:50:42.370668,0,0,2,50.0
2026-03-05T07:50:43.377575,0,0,2,51.0
2026-03-05T07:50:45.379305,0,0,2,50.0
2026-03-05T07:50:45.390377,0,0,3,50.0
2026-03-05T07:50:46.397299,0,0,2,51.0
2026-03-05T07:50:47.402259,0,0,2,50.0
2026-03-05T07:50:48.409175,0,0,2,50.0
2026-03-05T07:50:49.415095,0,0,2,51.0
2026-03-05T07:50:50.421078,0,0,2,50.0
2026-03-05T07:50:51.428016,0,0,2,50.0
2026-03-05T07:50:52.433923,0,0,2,51.0
2026-03-05T07:50:53.440829,0,0,2,50.0
2026-03-05T07:50:54.446780,0,0,2,50.0
2026-03-05T07:50:55.452722,0,0,2,51.0
2026-03-05T07:50:56.458686,0,0,2,50.0
2026-03-05T07:50:57.465567,0,0,2,50.0
2026-03-05T07:50:59.467408,0,0,2,50.0
2026-03-05T07:51:51.394653,0,0,2,51.0
2026-03-05T07:51:53.877873,0,0,2,51.0
2026-03-05T07:51:54.884788,0,0,3,50.0
2026-03-05T07:51:55.888853,0,0,2,51.0
2026-03-05T07:51:57.890603,0,0,2,50.0
2026-03-05T07:51:57.901598,0,0,3,50.0
2026-03-05T07:51:59.903326,0,0,2,50.0
2026-03-05T07:51:59.915431,0,0,3,51.0
2026-03-05T07:52:00.922494,0,0,3,50.0
2026-03-05T07:52:01.927337,0,0,2,50.0
2026-03-05T07:52:02.934394,0,0,2,51.0
2026-03-05T07:52:03.941218,0,0,3,50.0
2026-03-05T07:52:04.947142,0,0,2,50.0
2026-03-05T07:52:05.951189,0,0,2,51.0
2026-03-05T07:52:07.953061,0,0,2,50.0
2026-03-05T07:52:26.892292,0,0,3,51.0
2026-03-05T07:52:29.375623,0,0,2,51.0
2026-03-05T07:52:30.382608,0,0,2,50.0
2026-03-05T07:52:31.388576,0,0,2,50.0
2026-03-05T07:52:33.390370,0,0,2,51.0
2026-03-05T07:52:33.400410,0,0,2,50.0
2026-03-05T07:52:34.407342,0,0,3,50.0
2026-03-05T07:52:35.413231,0,0,2,51.0
2026-03-05T07:52:36.420222,0,0,2,50.0
2026-03-05T07:52:37.426229,0,0,2,50.0
2026-03-05T07:52:38.432064,0,0,2,51.0
2026-03-05T07:52:39.438977,0,0,2,50.0
2026-03-05T07:52:41.440702,0,0,2,50.0
2026-03-05T07:52:41.451959,0,0,2,51.0
2026-03-05T07:52:43.453702,0,0,3,50.0
2026-03-05T07:52:43.463758,0,0,2,50.0
2026-03-05T07:52:44.469706,0,0,2,51.0
2026-03-05T07:52:45.476646,0,0,2,50.0
2026-03-05T07:52:46.482606,0,0,2,50.0
2026-03-05T07:52:47.488491,0,0,2,51.0
2026-03-05T07:52:48.495443,0,0,2,50.0
2026-03-05T07:52:49.501463,0,0,3,50.0
2026-03-05T07:52:50.507400,0,0,3,50.0
2026-03-05T07:52:51.513317,0,0,2,51.0
2026-03-05T07:52:52.519246,0,0,2,50.0
2026-03-05T07:52:53.527199,0,0,0,50.0
2026-03-05T07:52:54.533139,0,0,2,51.0
2026-03-05T07:52:55.539079,0,0,2,50.0
2026-03-05T07:52:56.545033,0,0,2,50.0
2026-03-05T07:52:57.551982,0,0,2,51.0
2026-03-05T07:52:58.557909,0,0,2,50.0
2026-03-05T07:52:59.563865,0,0,2,50.0
2026-03-05T07:53:00.569789,0,0,2,51.0
2026-03-05T07:53:01.576756,0,0,2,50.0
2026-03-05T07:53:02.583649,0,0,2,50.0
2026-03-05T07:53:03.588602,0,0,2,51.0
2026-03-05T07:53:04.595526,0,0,3,50.0
2026-03-05T07:53:05.601504,0,0,3,50.0
2026-03-05T07:53:06.608415,0,0,2,51.0
2026-03-05T07:53:07.614434,0,0,2,50.0
2026-03-05T07:53:08.620291,0,0,2,50.0
2026-03-05T07:53:09.627220,0,0,2,50.0
2026-03-05T07:53:10.633179,0,0,2,51.0
2026-03-05T07:53:11.639985,0,0,2,50.0
2026-03-05T07:53:12.645081,0,0,2,50.0
2026-03-05T07:53:14.646911,0,0,2,51.0
2026-03-05T07:53:14.657920,0,0,2,50.0
2026-03-05T07:53:15.664866,0,0,2,50.0
2026-03-05T07:53:16.669807,0,0,2,51.0
2026-03-05T07:53:17.676745,0,0,2,50.0
2026-03-05T07:53:18.683687,0,0,2,50.0
2026-03-05T07:53:19.689606,0,0,2,51.0
2026-03-05T07:53:20.696537,0,0,2,50.0
2026-03-05T07:53:22.698399,0,0,2,50.0
2026-03-05T07:53:49.390542,0,0,2,50.0
2026-03-05T07:53:51.873706,0,0,2,51.0
2026-03-05T07:53:52.880651,0,0,2,50.0
2026-03-05T07:53:53.886621,0,0,2,51.0
2026-03-05T07:53:54.892535,0,0,2,50.0
2026-03-05T07:53:55.898545,0,0,2,50.0
2026-03-05T07:53:56.905440,0,0,2,50.0
2026-03-05T07:53:57.911400,0,0,2,51.0
2026-03-05T07:53:58.918395,0,0,2,50.0
2026-03-05T07:53:59.924254,0,0,3,50.0
2026-03-05T07:54:00.930251,0,0,2,51.0
2026-03-05T07:54:01.937125,0,0,2,50.0
2026-03-05T07:54:02.943115,0,0,2,50.0
2026-03-05T07:54:03.950093,0,0,3,51.0
2026-03-05T07:54:04.954957,0,0,3,50.0
2026-03-05T07:54:05.961899,0,0,3,50.0
2026-03-05T07:54:06.967826,0,0,2,51.0
2026-03-05T07:54:07.974774,0,0,2,50.0
2026-03-05T07:54:08.980663,0,0,2,50.0
2026-03-05T07:54:09.986744,0,0,2,51.0
2026-03-05T07:54:10.993616,0,0,2,50.0
2026-03-05T07:54:11.999544,0,0,2,50.0
2026-03-05T07:54:13.005478,0,0,2,51.0
2026-03-05T07:54:14.011431,0,0,2,50.0
2026-03-05T07:54:15.018445,0,0,2,50.0
2026-03-05T07:54:16.025305,0,0,2,50.0
2026-03-05T07:54:17.031252,0,0,2,51.0
2026-03-05T07:54:18.037174,0,0,2,50.0
2026-03-05T07:54:19.043124,0,0,2,50.0
2026-03-05T07:54:20.050150,0,0,2,51.0
2026-03-05T07:54:21.055003,0,0,2,50.0
2026-03-05T07:54:22.062076,0,0,2,50.0
2026-03-05T07:54:23.067946,0,0,2,51.0
2026-03-05T07:54:24.074801,0,0,3,50.0
2026-03-05T07:54:25.081799,0,0,3,50.0
2026-03-05T07:54:26.086739,0,0,2,51.0
2026-03-05T07:54:27.093675,0,0,2,50.0
2026-03-05T07:54:28.099618,0,0,2,50.0
2026-03-05T07:54:29.106562,0,0,2,51.0
2026-03-05T07:54:31.108335,0,0,2,50.0
2026-03-05T07:57:27.367730,0,0,3,52.0
2026-03-05T07:57:28.374147,0,0,2,50.0
2026-03-05T07:57:29.379085,0,0,2,50.0
2026-03-05T07:57:31.380905,0,0,2,51.0
2026-03-05T07:57:31.391787,0,0,2,50.0
2026-03-05T07:57:32.398785,0,0,2,50.0
2026-03-05T07:57:33.404709,0,0,2,51.0
2026-03-05T07:57:34.411674,0,0,2,50.0
2026-03-05T07:57:35.417617,0,0,2,50.0
2026-03-05T07:57:36.421650,0,0,2,51.0
2026-03-05T07:57:38.422456,0,0,4,50.0
2026-03-05T07:57:38.436427,0,0,2,50.0
2026-03-05T07:57:39.443443,0,0,3,51.0
2026-03-05T07:57:40.447363,0,0,3,50.0
2026-03-05T07:57:41.455268,0,0,2,50.0
2026-03-05T07:57:42.461269,0,0,2,51.0
2026-03-05T07:57:43.468134,0,0,2,50.0
2026-03-05T07:57:44.474319,0,0,2,50.0
2026-03-05T07:57:45.480205,0,0,2,50.0
2026-03-05T07:57:46.487170,0,0,2,51.0
2026-03-05T07:57:47.493098,0,0,2,50.0
2026-03-05T07:57:48.499060,0,0,2,50.0
2026-03-05T07:57:50.500838,0,0,2,51.0
2026-03-05T07:57:50.511817,0,0,2,50.0
2026-03-05T07:57:51.518810,0,0,3,50.0
2026-03-05T07:57:52.524761,0,0,2,51.0
2026-03-05T07:57:53.530716,0,0,2,50.0
2026-03-05T07:57:54.536648,0,0,2,50.0
2026-03-05T07:57:55.541611,0,0,2,51.0
2026-03-05T07:57:57.543377,0,0,3,50.0
2026-03-05T07:57:57.554574,0,0,2,50.0
2026-03-05T07:57:58.561449,0,0,2,51.0
2026-03-05T07:57:59.568409,0,0,2,50.0
2026-03-05T07:58:00.575367,0,0,3,50.0
2026-03-05T07:58:01.580312,0,0,2,51.0
2026-03-05T07:58:02.587352,0,0,2,50.0
2026-03-05T07:58:03.593268,0,0,2,50.0
2026-03-05T07:58:04.600184,0,0,2,50.0
2026-03-05T07:58:05.606203,0,0,2,51.0
2026-03-05T07:58:06.612086,0,0,2,50.0
2026-03-05T07:58:07.619047,0,0,2,50.0
2026-03-05T07:58:08.625006,0,0,2,51.0
2026-03-05T07:58:09.630978,0,0,3,50.0
2026-03-05T07:58:11.632801,0,0,2,50.0
2026-03-05T07:58:32.142606,0,0,2,51.0
2026-03-05T07:58:34.625692,0,0,3,52.0
2026-03-05T07:58:35.632658,0,0,2,50.0
2026-03-05T07:58:36.636600,0,0,2,50.0
2026-03-05T07:58:37.645556,0,0,2,51.0
2026-03-05T07:58:38.650552,0,0,2,50.0
2026-03-05T07:58:39.657444,0,0,2,50.0
2026-03-05T07:58:40.663437,0,0,2,51.0
2026-03-05T07:58:41.670464,0,0,3,50.0
2026-03-05T07:58:42.677331,0,0,2,50.0
2026-03-05T07:58:43.682313,0,0,2,51.0
2026-03-05T07:58:45.684071,0,0,2,50.0
2026-03-05T07:58:45.695241,0,0,2,50.0
2026-03-05T07:58:46.702249,0,0,2,51.0
2026-03-05T07:58:47.707133,0,0,2,50.0
2026-03-05T07:58:48.714147,0,0,3,50.0
2026-03-05T07:58:49.720029,0,0,2,51.0
2026-03-05T07:58:50.726944,0,0,3,50.0
2026-03-05T07:58:51.732837,0,0,2,50.0
2026-03-05T07:58:52.738948,0,0,2,50.0
2026-03-05T07:58:53.745886,0,0,2,51.0
2026-03-05T07:58:54.751830,0,0,2,50.0
2026-03-05T07:58:56.753705,0,0,3,50.0
2026-03-05T07:58:56.763613,0,0,3,51.0
2026-03-05T07:58:57.770603,0,0,2,50.0
2026-03-05T07:58:58.777561,0,0,2,50.0
2026-03-05T07:58:59.783516,0,0,3,51.0
2026-03-05T07:59:00.789475,0,0,2,50.0
2026-03-05T07:59:01.795362,0,0,2,50.0
2026-03-05T07:59:03.797139,0,0,2,51.0
2026-03-05T07:59:03.808232,0,0,2,50.0
2026-03-05T07:59:04.814351,0,0,2,50.0
2026-03-05T07:59:05.820206,0,0,2,51.0
2026-03-05T07:59:06.827169,0,0,2,50.0
2026-03-05T07:59:07.834202,0,0,2,50.0
2026-03-05T07:59:08.840046,0,0,2,51.0
2026-03-05T07:59:09.846066,0,0,2,50.0
2026-03-05T07:59:11.847960,0,0,2,50.0
2026-03-05T07:59:11.858794,0,0,2,50.0
2026-03-05T07:59:12.864804,0,0,2,51.0
2026-03-05T07:59:13.870749,0,0,2,50.0
2026-03-05T07:59:14.877726,0,0,3,50.0
2026-03-05T07:59:15.883675,0,0,2,51.0
2026-03-05T07:59:16.889579,0,0,2,50.0
2026-03-05T07:59:17.895645,0,0,2,50.0
2026-03-05T07:59:18.901537,0,0,2,51.0
2026-03-05T07:59:19.908502,0,0,2,50.0
2026-03-05T07:59:20.915442,0,0,2,50.0
2026-03-05T07:59:21.921373,0,0,2,51.0
2026-03-05T07:59:22.927415,0,0,2,50.0
2026-03-05T07:59:23.934390,0,0,3,50.0
2026-03-05T07:59:24.940288,0,0,2,51.0
2026-03-05T07:59:25.947169,0,0,2,50.0
2026-03-05T07:59:26.952142,0,0,2,50.0
2026-03-05T07:59:27.959084,0,0,2,51.0
2026-03-05T07:59:28.965035,0,0,2,50.0
2026-03-05T07:59:29.971976,0,0,2,50.0
2026-03-05T07:59:31.973736,0,0,2,51.0
2026-03-05T07:59:31.983808,0,0,2,50.0
2026-03-05T07:59:32.990906,0,0,2,50.0
2026-03-05T07:59:33.996791,0,0,3,50.0
2026-03-05T07:59:35.003766,0,0,2,51.0
2026-03-05T07:59:36.008712,0,0,2,50.0
2026-03-05T07:59:37.015657,0,0,2,50.0
2026-03-05T07:59:39.017418,0,0,2,51.0
2026-03-05T07:59:39.028516,0,0,2,50.0
2026-03-05T07:59:40.034572,0,0,2,50.0
2026-03-05T07:59:41.040476,0,0,3,51.0
2026-03-05T07:59:42.047413,0,0,2,50.0
2026-03-05T07:59:43.053368,0,0,2,50.0
2026-03-05T07:59:44.060285,0,0,2,51.0
2026-03-05T07:59:46.062103,0,0,2,50.0
2026-03-05T07:59:46.072216,0,0,2,50.0
2026-03-05T07:59:47.079206,0,0,2,51.0
2026-03-05T07:59:48.085175,0,0,2,50.0
2026-03-05T07:59:49.091095,0,0,3,50.0
2026-03-05T07:59:50.097074,0,0,2,50.0
2026-03-05T07:59:51.103941,0,0,2,51.0
2026-03-05T07:59:52.110132,0,0,2,50.0
2026-03-05T07:59:54.111889,0,0,2,50.0
2026-03-05T07:59:54.121764,0,0,2,51.0
2026-03-05T07:59:55.128795,0,0,2,50.0
2026-03-05T07:59:56.135752,0,0,2,50.0
2026-03-05T07:59:57.141697,0,0,2,51.0
2026-03-05T07:59:58.147636,0,0,2,50.0
2026-03-05T07:59:59.153590,0,0,2,50.0
2026-03-05T08:00:00.160663,0,0,2,51.0
2026-03-05T08:00:01.166627,0,0,2,50.0
2026-03-05T08:00:03.168393,0,0,2,50.0
2026-03-05T08:00:30.872915,0,0,3,50.0
2026-03-05T08:00:31.879138,0,0,2,51.0
2026-03-05T08:00:32.884120,0,0,2,50.0
2026-03-05T08:00:33.891034,0,0,2,50.0
2026-03-05T08:00:34.897011,0,0,2,50.0
2026-03-05T08:00:35.903952,0,0,2,51.0
2026-03-05T08:00:36.910905,0,0,2,50.0
2026-03-05T08:00:37.913796,0,0,2,50.0
2026-03-05T08:00:39.915627,0,0,2,51.0
2026-03-05T08:00:39.928660,0,0,2,50.0
2026-03-05T08:00:48.952020,0,0,2,50.0
2026-03-05T08:00:51.435222,0,0,3,51.0
2026-03-05T08:00:52.442122,0,0,2,51.0
2026-03-05T08:00:54.443920,0,0,2,50.0
2026-03-05T08:00:54.454981,0,0,2,50.0
2026-03-05T08:00:55.459963,0,0,2,51.0
2026-03-05T08:00:56.466941,0,0,2,50.0
2026-03-05T08:00:57.472887,0,0,3,50.0
2026-03-05T08:00:58.479875,0,0,2,51.0
2026-03-05T08:00:59.486780,0,0,2,50.0
2026-03-05T08:01:01.488536,0,0,2,50.0
2026-03-05T08:01:01.498720,0,0,2,51.0
2026-03-05T08:01:02.504657,0,0,2,50.0
2026-03-05T08:01:03.511642,0,0,2,50.0
2026-03-05T08:01:04.516552,0,0,3,51.0
2026-03-05T08:01:05.523536,0,0,3,50.0
2026-03-05T08:01:06.529503,0,0,3,50.0
2026-03-05T08:01:07.536484,0,0,2,50.0
2026-03-05T08:01:08.542589,0,0,2,51.0
2026-03-05T08:01:09.548321,0,0,3,50.0
2026-03-05T08:01:10.555314,0,0,2,50.0
2026-03-05T08:01:11.561232,0,0,3,51.0
2026-03-05T08:01:12.568189,0,0,2,50.0
2026-03-05T08:01:13.573135,0,0,1,50.0
2026-03-05T08:01:25.165300,0,0,2,50.0
2026-03-05T08:01:27.648556,0,0,3,51.0
2026-03-05T08:01:28.655511,0,0,2,50.0
2026-03-05T08:01:29.659435,0,0,2,51.0
2026-03-05T08:01:30.668425,0,0,3,50.0
2026-03-05T08:01:31.673400,0,0,3,50.0
2026-03-05T08:01:32.680321,0,0,2,51.0
2026-03-05T08:01:33.686351,0,0,4,50.0
2026-03-05T08:01:34.693215,0,0,2,50.0
2026-03-05T08:01:35.699171,0,0,2,51.0
2026-03-05T08:01:36.705094,0,0,2,50.0
2026-03-05T08:01:37.711136,0,0,2,50.0
2026-03-05T08:01:39.712962,0,0,2,51.0
2026-03-05T08:01:58.640853,0,0,2,51.0
2026-03-05T08:02:01.124098,0,0,2,51.0
2026-03-05T08:02:02.131025,0,0,2,50.0
2026-03-05T08:02:03.137015,0,0,3,51.0
2026-03-05T08:02:05.138838,0,0,2,50.0
2026-03-05T08:02:05.148734,0,0,2,50.0
2026-03-05T08:02:06.155751,0,0,2,51.0
2026-03-05T08:02:07.161711,0,0,2,50.0
2026-03-05T08:02:08.168651,0,0,2,50.0
2026-03-05T08:02:09.174626,0,0,2,50.0
2026-03-05T08:02:10.178634,0,0,2,51.0
2026-03-05T08:02:11.187575,0,0,2,50.0
2026-03-05T08:02:12.193533,0,0,2,50.0
2026-03-05T08:02:13.200480,0,0,2,51.0
2026-03-05T08:02:14.205385,0,0,2,50.0
2026-03-05T08:02:15.212397,0,0,2,50.0
2026-03-05T08:02:16.218452,0,0,2,51.0
2026-03-05T08:02:17.225354,0,0,3,50.0
2026-03-05T08:02:19.227190,0,0,2,50.0
2026-03-05T08:02:19.237211,0,0,2,51.0
2026-03-05T08:02:20.244184,0,0,2,50.0
2026-03-05T08:02:21.250226,0,0,4,50.0
2026-03-05T08:02:22.256098,0,0,2,51.0
2026-03-05T08:02:33.161136,0,0,2,52.0
2026-03-05T08:02:34.167653,0,0,2,50.0
2026-03-05T08:02:35.173403,0,0,2,50.0
2026-03-05T08:02:36.180427,0,0,3,51.0
2026-03-05T08:02:37.185377,0,0,2,50.0
2026-03-05T08:02:38.192375,0,0,3,50.0
2026-03-05T08:02:39.198384,0,0,2,51.0
2026-03-05T08:02:40.205269,0,0,3,50.0
2026-03-05T08:02:41.211203,0,0,2,50.0
2026-03-05T08:02:42.217169,0,0,2,51.0
2026-03-05T08:02:43.224109,0,0,2,50.0
2026-03-05T08:02:44.230174,0,0,2,50.0
2026-03-05T08:02:45.237003,0,0,2,51.0
2026-03-05T08:02:46.241920,0,0,2,50.0
2026-03-05T08:02:47.249007,0,0,3,50.0
2026-03-05T08:02:48.254902,0,0,2,50.0
2026-03-05T08:02:49.261842,0,0,2,51.0
2026-03-05T08:02:50.267830,0,0,2,50.0
2026-03-05T08:02:51.273833,0,0,3,50.0
2026-03-05T08:02:52.280769,0,0,3,51.0
2026-03-05T08:02:53.286720,0,0,2,50.0
2026-03-05T08:02:54.292694,0,0,2,50.0
2026-03-05T08:02:55.298637,0,0,10,51.0
2026-03-05T08:02:56.305640,0,0,3,50.0
2026-03-05T08:02:57.312484,0,0,1,50.0
2026-03-05T08:02:58.318537,0,0,2,51.0
2026-03-05T08:03:00.320287,0,0,2,50.0
2026-03-05T08:03:00.330406,0,0,2,50.0
2026-03-05T08:03:01.337344,0,0,2,51.0
2026-03-05T08:03:02.343270,0,0,2,50.0
2026-03-05T08:03:03.349220,0,0,2,50.0
2026-03-05T08:03:04.355199,0,0,2,51.0
2026-03-05T08:03:05.362283,0,0,2,50.0
2026-03-05T08:03:06.369159,0,0,2,50.0
2026-03-05T08:03:07.374172,0,0,2,50.0
2026-03-05T08:03:08.381036,0,0,2,51.0
2026-03-05T08:03:09.386998,0,0,2,50.0
2026-03-05T08:03:10.393922,0,0,2,50.0
2026-03-05T08:03:11.399895,0,0,2,51.0
2026-03-05T08:03:12.405864,0,0,2,50.0
2026-03-05T08:03:13.412857,0,0,2,50.0
2026-03-05T08:03:15.414803,0,0,3,51.0
2026-03-05T08:05:07.377392,0,0,2,52.0
2026-03-05T08:05:08.382996,0,0,3,50.0
2026-03-05T08:05:09.389795,0,0,2,50.0
2026-03-05T08:05:10.396760,0,0,2,51.0
2026-03-05T08:05:11.401720,0,0,2,50.0
2026-03-05T08:05:12.408675,0,0,3,50.0
2026-03-05T08:05:25.372603,0,0,2,51.0
2026-03-05T08:05:26.378076,0,0,3,51.0
2026-03-05T08:05:28.379782,0,0,2,50.0
2026-03-05T08:05:28.391991,0,0,2,50.0
2026-03-05T08:05:30.393739,0,0,2,51.0
2026-03-05T08:07:06.165594,0,0,2,50.0
2026-03-05T08:07:08.648810,0,0,2,51.0
2026-03-05T08:07:09.655758,0,0,2,51.0
2026-03-05T08:07:10.661628,0,0,2,50.0
2026-03-05T08:07:12.663402,0,0,2,50.0
2026-03-05T08:07:12.673582,0,0,2,51.0
2026-03-05T08:07:13.680559,0,0,2,50.0
2026-03-05T08:07:14.686546,0,0,2,50.0
2026-03-05T08:07:15.693457,0,0,2,51.0
2026-03-05T08:07:16.699463,0,0,2,50.0
2026-03-05T08:07:17.704362,0,0,3,50.0
2026-03-05T08:07:40.121206,0,0,2,51.0
2026-03-05T08:07:41.127472,0,0,2,50.0
2026-03-05T08:07:42.133389,0,0,2,51.0
2026-03-05T08:07:43.140388,0,0,2,50.0
2026-03-05T08:07:44.145318,0,0,2,50.0
2026-03-05T08:07:45.152294,0,0,2,51.0
2026-03-05T08:07:46.158317,0,0,2,50.0
2026-03-05T08:07:47.165211,0,0,2,50.0
2026-03-05T08:07:48.171168,0,0,3,51.0
2026-03-05T08:07:49.177101,0,0,2,50.0
2026-03-05T08:07:50.184070,0,0,2,50.0
2026-03-05T08:07:51.190109,0,0,2,50.0
2026-03-05T08:07:52.196983,0,0,2,51.0
2026-03-05T08:07:53.201928,0,0,3,50.0
2026-03-05T08:07:54.208914,0,0,3,50.0
2026-03-05T08:07:55.214879,0,0,2,51.0
2026-03-05T08:07:56.221838,0,0,2,50.0
2026-03-05T08:07:57.227814,0,0,2,50.0
2026-03-05T08:07:58.233741,0,0,2,51.0
2026-03-05T08:07:59.240716,0,0,2,50.0
2026-03-05T08:08:00.246701,0,0,3,51.0
2026-03-05T08:08:01.253646,0,0,2,51.0
2026-03-05T08:08:02.258606,0,0,2,50.0
2026-03-05T08:08:03.265542,0,0,3,50.0
2026-03-05T08:08:04.272511,0,0,5,51.0
2026-03-05T08:08:05.278477,0,0,2,50.0
2026-03-05T08:08:06.284403,0,0,2,50.0
2026-03-05T08:08:07.290452,0,0,3,50.0
2026-03-05T08:08:08.297334,0,0,5,51.0
2026-03-05T08:08:09.303279,0,0,3,50.0
2026-03-05T08:08:10.309235,0,0,2,50.0
2026-03-05T08:08:11.315257,0,0,2,51.0
2026-03-05T08:08:12.322299,0,0,2,50.0
2026-03-05T08:08:13.329145,0,0,2,50.0
2026-03-05T08:08:14.334153,0,0,2,51.0
2026-03-05T08:08:15.341143,0,0,2,50.0
2026-03-05T08:08:16.346998,0,0,2,50.0
2026-03-05T08:08:17.353958,0,0,2,51.0
2026-03-05T08:08:18.359886,0,0,3,50.0
2026-03-05T08:08:19.365888,0,0,2,50.0
2026-03-05T08:08:20.372821,0,0,2,51.0
2026-03-05T08:08:21.378781,0,0,2,50.0
2026-03-05T08:08:22.385789,0,0,1,50.0
2026-03-05T08:08:23.390669,0,0,2,51.0
2026-03-05T08:08:24.397651,0,0,2,50.0
2026-03-05T08:08:25.403614,0,0,2,50.0
2026-03-05T08:08:26.410609,0,0,2,50.0
2026-03-05T08:08:27.416531,0,0,2,51.0
2026-03-05T08:08:28.422504,0,0,2,50.0
2026-03-05T08:08:29.429443,0,0,2,50.0
2026-03-05T08:08:30.435422,0,0,2,51.0
2026-03-05T08:08:31.442485,0,0,2,50.0
2026-03-05T08:08:32.445310,0,0,2,50.0
2026-03-05T08:08:33.454481,0,0,2,51.0
2026-03-05T08:08:35.456303,0,0,2,50.0
2026-03-05T08:08:35.467196,0,0,2,50.0
2026-03-05T08:08:36.473195,0,0,2,51.0
2026-03-05T08:08:37.479123,0,0,2,50.0
2026-03-05T08:08:38.485062,0,0,2,50.0
2026-03-05T08:08:39.492022,0,0,3,51.0
2026-03-05T08:08:40.498997,0,0,2,50.0
2026-03-05T08:08:42.500876,0,0,2,50.0
2026-03-05T08:08:42.510888,0,0,2,51.0
2026-03-05T08:08:43.516910,0,0,2,50.0
2026-03-05T08:08:44.523858,0,0,2,50.0
2026-03-05T08:08:45.529813,0,0,2,50.0
2026-03-05T08:08:46.535779,0,0,2,51.0
2026-03-05T08:08:47.542721,0,0,2,50.0
2026-03-05T08:08:48.548715,0,0,2,50.0
2026-03-05T08:08:49.554688,0,0,2,51.0
2026-03-05T08:08:50.560607,0,0,2,50.0
2026-03-05T08:08:51.567570,0,0,2,50.0
2026-03-05T08:08:52.574590,0,0,2,51.0
2026-03-05T08:08:53.580493,0,0,2,50.0
2026-03-05T08:08:54.586517,0,0,2,50.0
2026-03-05T08:08:55.591346,0,0,2,51.0
2026-03-05T08:08:57.595995,0,0,3,50.0
2026-03-05T08:08:57.605259,0,0,2,50.0
2026-03-05T08:08:58.611279,0,0,2,51.0
2026-03-05T08:08:59.617216,0,0,2,50.0
2026-03-05T08:09:00.624187,0,0,2,50.0
2026-03-05T08:09:01.631142,0,0,2,51.0
2026-03-05T08:09:02.636100,0,0,2,50.0
2026-03-05T08:09:03.643111,0,0,2,50.0
2026-03-05T08:09:04.649050,0,0,2,50.0
2026-03-05T08:09:05.656000,0,0,2,51.0
2026-03-05T08:09:06.661943,0,0,2,50.0
2026-03-05T08:09:07.667886,0,0,3,50.0
2026-03-05T08:09:08.674878,0,0,2,51.0
2026-03-05T08:09:09.680792,0,0,3,50.0
2026-03-05T08:09:10.686784,0,0,3,50.0
2026-03-05T08:09:11.692763,0,0,2,51.0
2026-03-05T08:09:12.699685,0,0,3,50.0
2026-03-05T08:09:13.705667,0,0,2,50.0
2026-03-05T08:09:14.712639,0,0,2,51.0
2026-03-05T08:09:15.718604,0,0,2,50.0
2026-03-05T08:09:16.724509,0,0,2,50.0
2026-03-05T08:09:17.731508,0,0,2,51.0
2026-03-05T08:09:18.737470,0,0,2,50.0
2026-03-05T08:09:19.744390,0,0,2,50.0
2026-03-05T08:09:20.749397,0,0,2,50.0
2026-03-05T08:09:21.756335,0,0,2,51.0
2026-03-05T08:09:22.762380,0,0,2,50.0
2026-03-05T08:09:23.769255,0,0,2,50.0
2026-03-05T08:09:24.773269,0,0,3,51.0
2026-03-05T08:09:26.774462,0,0,3,50.0
2026-03-05T08:09:26.788096,0,0,2,50.0
2026-03-05T08:09:27.794245,0,0,3,51.0
2026-03-05T08:09:28.801102,0,0,2,50.0
2026-03-05T08:09:29.806115,0,0,2,50.0
2026-03-05T08:09:30.812981,0,0,2,51.0
2026-03-05T08:09:31.818976,0,0,3,50.0
2026-03-05T08:09:32.823955,0,0,3,50.0
2026-03-05T08:09:34.825750,0,0,2,51.0
2026-03-05T08:09:34.837783,0,0,2,50.0
2026-03-05T08:09:35.844765,0,0,2,50.0
2026-03-05T08:09:36.850727,0,0,2,51.0
2026-03-05T08:09:37.856680,0,0,3,50.0
2026-03-05T08:09:38.862648,0,0,2,50.0
2026-03-05T08:09:39.869604,0,0,2,50.0
2026-03-05T08:09:40.875572,0,0,2,51.0
2026-03-05T08:09:41.882567,0,0,2,50.0
2026-03-05T08:09:42.888503,0,0,3,50.0
2026-03-05T08:09:43.894509,0,0,2,51.0
2026-03-05T08:09:44.901419,0,0,2,50.0
2026-03-05T08:09:45.907360,0,0,2,50.0
2026-03-05T08:09:46.913312,0,0,3,51.0
2026-03-05T08:09:47.917296,0,0,2,50.0
2026-03-05T08:09:48.926364,0,0,2,50.0
2026-03-05T08:09:49.933243,0,0,2,51.0
2026-03-05T08:09:50.938284,0,0,2,50.0
2026-03-05T08:09:51.945161,0,0,2,50.0
2026-03-05T08:09:52.951122,0,0,2,51.0
2026-03-05T08:09:53.958132,0,0,2,50.0
2026-03-05T08:09:54.964115,0,0,2,50.0
2026-03-05T08:09:56.965960,0,0,3,51.0
2026-03-05T08:10:56.627001,0,0,2,51.0
2026-03-05T08:10:59.110418,0,0,2,52.0
2026-03-05T08:11:01.112109,0,0,3,50.0
2026-03-05T08:11:01.123385,0,0,3,50.0
2026-03-05T08:11:02.130433,0,0,3,51.0
2026-03-05T08:11:03.135292,0,0,2,50.0
2026-03-05T08:11:04.142339,0,0,2,50.0
2026-03-05T08:11:05.148185,0,0,3,50.0
2026-03-05T08:11:06.155158,0,0,2,51.0
2026-03-05T08:11:07.161102,0,0,2,50.0
2026-03-05T08:11:09.162884,0,0,3,50.0
2026-03-05T08:11:09.172987,0,0,2,51.0
2026-03-05T08:11:10.179971,0,0,3,50.0
2026-03-05T08:11:11.186953,0,0,3,50.0
2026-03-05T08:11:12.191879,0,0,3,51.0
2026-03-05T08:11:13.198871,0,0,3,50.0
2026-03-05T08:11:14.204815,0,0,2,50.0
2026-03-05T08:11:15.211888,0,0,2,51.0
2026-03-05T08:11:17.213629,0,0,2,50.0
2026-03-05T08:11:17.223665,0,0,2,50.0
2026-03-05T08:11:18.230750,0,0,3,51.0
2026-03-05T08:11:19.236701,0,0,2,50.0
2026-03-05T08:11:20.242655,0,0,0,50.0
2026-03-05T08:11:21.248602,0,0,3,50.0
2026-03-05T08:11:22.255533,0,0,2,51.0
2026-03-05T08:11:23.262648,0,0,3,50.0
2026-03-05T08:11:24.268478,0,0,2,50.0
2026-03-05T08:11:25.274519,0,0,3,51.0
2026-03-05T08:11:26.280489,0,0,2,50.0
2026-03-05T08:11:27.287447,0,0,3,50.0
2026-03-05T08:11:28.293398,0,0,0,51.0
2026-03-05T08:11:29.299305,0,0,2,50.0
2026-03-05T08:11:30.305288,0,0,2,50.0
2026-03-05T08:11:31.312241,0,0,2,51.0
2026-03-05T08:11:32.319189,0,0,2,50.0
2026-03-05T08:11:33.324133,0,0,2,50.0
2026-03-05T08:11:34.331103,0,0,3,51.0
2026-03-05T08:11:35.337055,0,0,2,50.0
2026-03-05T08:11:37.338880,0,0,2,50.0
2026-03-05T08:11:37.349936,0,0,2,51.0
2026-03-05T08:11:38.355935,0,0,2,50.0
2026-03-05T08:11:39.362882,0,0,2,50.0
2026-03-05T08:11:40.368855,0,0,2,50.0
2026-03-05T08:11:41.375797,0,0,2,51.0
2026-03-05T08:11:42.380772,0,0,3,50.0
2026-03-05T08:11:44.382698,0,0,5,50.0
2026-03-05T08:11:44.393680,0,0,1,51.0
2026-03-05T08:11:45.400635,0,0,3,50.0
2026-03-05T08:11:46.405604,0,0,2,50.0
2026-03-05T08:11:47.412564,0,0,2,51.0
2026-03-05T08:11:48.419550,0,0,2,50.0
2026-03-05T08:11:49.425489,0,0,2,50.0
2026-03-05T08:11:50.432450,0,0,2,51.0
2026-03-05T08:11:52.434316,0,0,3,50.0
2026-03-05T08:11:52.444353,0,0,3,50.0
2026-03-05T08:11:53.450434,0,0,3,51.0
2026-03-05T08:11:54.457277,0,0,2,50.0
2026-03-05T08:11:55.463259,0,0,3,50.0
2026-03-05T08:11:56.469220,0,0,3,51.0
2026-03-05T08:11:57.476164,0,0,2,50.0
2026-03-05T08:11:58.482269,0,0,2,50.0
2026-03-05T08:12:00.484161,0,0,3,51.0
2026-03-05T08:12:00.492041,0,0,2,50.0
2026-03-05T08:12:01.500981,0,0,2,50.0
2026-03-05T08:12:02.506921,0,0,2,50.0
2026-03-05T08:12:03.513861,0,0,2,51.0
2026-03-05T08:12:04.519856,0,0,2,50.0
2026-03-05T08:12:05.525835,0,0,2,50.0
2026-03-05T08:12:07.527701,0,0,2,51.0
2026-03-05T08:12:07.538661,0,0,2,50.0
2026-03-05T08:12:08.544703,0,0,2,50.0
2026-03-05T08:12:09.550655,0,0,3,51.0
2026-03-05T08:12:10.557620,0,0,3,50.0
2026-03-05T08:12:11.564601,0,0,2,50.0
2026-03-05T08:12:12.570533,0,0,2,51.0
2026-03-05T08:12:14.572270,0,0,2,50.0
2026-03-05T08:12:14.582589,0,0,2,50.0
2026-03-05T08:12:15.589483,0,0,2,51.0
2026-03-05T08:12:16.595422,0,0,0,50.0
2026-03-05T08:12:17.601397,0,0,3,50.0
2026-03-05T08:12:18.607360,0,0,3,50.0
2026-03-05T08:12:19.613394,0,0,2,51.0
2026-03-05T08:12:56.634589,0,0,2,51.0
2026-03-05T08:12:59.117757,0,0,2,51.0
2026-03-05T08:13:00.124721,0,0,2,50.0
2026-03-05T08:13:01.130684,0,0,2,51.0
2026-03-05T08:13:03.132445,0,0,2,50.0
2026-03-05T08:13:03.142560,0,0,2,50.0
2026-03-05T08:13:04.149532,0,0,3,51.0
2026-03-05T08:13:05.155480,0,0,2,50.0
2026-03-05T08:13:06.162482,0,0,2,50.0
2026-03-05T08:13:07.168386,0,0,2,51.0
2026-03-05T08:13:08.174430,0,0,2,50.0
2026-03-05T08:13:09.181327,0,0,2,50.0
2026-03-05T08:13:10.187325,0,0,2,50.0
2026-03-05T08:13:11.193227,0,0,3,51.0
2026-03-05T08:13:12.199198,0,0,2,50.0
2026-03-05T08:13:13.206249,0,0,3,50.0
2026-03-05T08:13:14.212120,0,0,2,51.0
2026-03-05T08:13:15.219082,0,0,2,50.0
2026-03-05T08:13:16.225082,0,0,2,50.0
2026-03-05T08:13:17.231079,0,0,2,51.0
2026-03-05T08:13:18.237958,0,0,2,50.0
2026-03-05T08:13:19.243932,0,0,2,50.0
2026-03-05T08:13:20.249915,0,0,2,51.0
2026-03-05T08:13:21.255877,0,0,3,50.0
2026-03-05T08:13:22.262835,0,0,3,50.0
2026-03-05T08:13:23.269782,0,0,1,51.0
2026-03-05T08:13:24.275777,0,0,3,50.0
2026-03-05T08:13:25.281734,0,0,2,50.0
2026-03-05T08:13:26.287722,0,0,2,51.0
2026-03-05T08:13:27.294674,0,0,3,50.0
2026-03-05T08:13:28.299600,0,0,2,50.0
2026-03-05T08:13:29.306592,0,0,2,50.0
2026-03-05T08:13:30.312505,0,0,3,51.0
2026-03-05T08:13:32.314425,0,0,2,50.0
2026-03-05T08:13:32.326502,0,0,2,50.0
2026-03-05T08:13:33.331446,0,0,2,51.0
2026-03-05T08:13:34.338458,0,0,2,50.0
2026-03-05T08:13:35.344340,0,0,2,50.0
2026-03-05T08:13:36.351315,0,0,2,51.0
2026-03-05T08:13:37.357272,0,0,2,50.0
2026-03-05T08:13:38.363270,0,0,2,50.0
2026-03-05T08:13:39.370294,0,0,2,51.0
2026-03-05T08:13:40.376146,0,0,3,50.0
2026-03-05T08:13:41.383118,0,0,2,50.0
2026-03-05T08:13:42.388105,0,0,2,51.0
2026-03-05T08:13:43.395036,0,0,2,50.0
2026-03-05T08:13:44.401091,0,0,2,50.0
2026-03-05T08:13:46.402959,0,0,2,51.0
2026-03-05T08:13:46.412912,0,0,2,50.0
2026-03-05T08:13:47.419888,0,0,2,50.0
2026-03-05T08:13:48.426850,0,0,2,50.0
2026-03-05T08:13:49.432821,0,0,3,51.0
2026-03-05T08:13:50.439747,0,0,2,50.0
2026-03-05T08:13:51.444721,0,0,3,50.0
2026-03-05T08:13:52.451674,0,0,3,51.0
2026-03-05T08:13:54.453523,0,0,2,50.0
2026-03-05T08:13:54.464574,0,0,2,50.0
2026-03-05T08:13:55.470607,0,0,2,51.0
2026-03-05T08:13:56.476518,0,0,2,50.0
2026-03-05T08:13:57.483489,0,0,3,50.0
2026-03-05T08:13:58.489413,0,0,2,51.0
2026-03-05T08:13:59.496409,0,0,3,50.0
2026-03-05T08:14:00.501400,0,0,3,50.0
2026-03-05T08:14:02.503233,0,0,2,51.0
2026-03-05T08:14:02.514273,0,0,2,50.0
2026-03-05T08:14:03.520143,0,0,2,50.0
2026-03-05T08:14:04.527143,0,0,3,51.0
2026-03-05T08:14:05.533104,0,0,2,50.0
2026-03-05T08:14:06.540066,0,0,3,50.0
2026-03-05T08:14:07.546143,0,0,2,50.0
2026-03-05T08:14:08.552110,0,0,2,51.0
2026-03-05T08:14:10.553838,0,0,2,50.0
2026-03-05T08:14:10.564973,0,0,2,50.0
2026-03-05T08:14:11.571966,0,0,2,51.0
2026-03-05T08:14:13.573717,0,0,2,50.0
2026-03-05T08:14:13.583759,0,0,2,50.0
2026-03-05T08:14:14.589775,0,0,2,51.0
2026-03-05T08:14:15.596716,0,0,2,50.0
2026-03-05T08:14:16.602701,0,0,2,50.0
2026-03-05T08:14:17.608649,0,0,2,51.0
2026-03-05T08:14:18.614575,0,0,2,50.0
2026-03-05T08:14:19.621644,0,0,2,50.0
2026-03-05T08:14:21.623393,0,0,2,51.0
2026-03-05T08:14:58.399594,0,0,2,51.0
2026-03-05T08:15:00.883024,0,0,2,51.0
2026-03-05T08:15:02.884770,0,0,2,51.0
2026-03-05T08:15:02.895905,0,0,2,50.0
2026-03-05T08:15:04.897678,0,0,2,50.0
2026-03-05T08:15:23.900486,0,0,2,50.0
2026-03-05T08:15:26.384073,0,0,2,51.0
2026-03-05T08:15:27.391002,0,0,3,51.0
2026-03-05T08:15:28.394896,0,0,3,50.0
2026-03-05T08:15:30.396700,0,0,2,50.0
2026-03-05T08:15:30.408956,0,0,2,51.0
2026-03-05T08:15:31.415848,0,0,2,50.0
2026-03-05T08:15:32.421802,0,0,2,50.0
2026-03-05T08:15:33.428790,0,0,2,51.0
2026-03-05T08:15:34.434610,0,0,2,50.0
2026-03-05T08:15:35.440722,0,0,2,50.0
2026-03-05T08:15:36.446670,0,0,2,51.0
2026-03-05T08:15:38.448526,0,0,2,50.0
2026-03-05T08:15:38.460590,0,0,2,50.0
2026-03-05T08:15:40.462485,0,0,2,50.0
2026-03-05T08:15:40.472504,0,0,2,51.0
2026-03-05T08:15:41.477460,0,0,2,50.0
2026-03-05T08:15:42.485435,0,0,2,50.0
2026-03-05T08:15:43.491373,0,0,2,51.0
2026-03-05T08:15:44.497361,0,0,2,50.0
2026-03-05T08:15:45.504292,0,0,2,50.0
2026-03-05T08:15:46.510435,0,0,2,51.0
2026-03-05T08:15:47.516274,0,0,2,50.0
2026-03-05T08:15:49.518090,0,0,2,50.0
2026-03-05T08:15:49.529130,0,0,2,51.0
2026-03-05T08:15:50.536103,0,0,3,50.0
2026-03-05T08:15:51.542115,0,0,2,50.0
2026-03-05T08:15:52.547994,0,0,2,51.0
2026-03-05T08:15:53.553948,0,0,2,50.0
2026-03-05T08:15:54.560912,0,0,2,50.0
2026-03-05T08:15:55.565926,0,0,3,51.0
2026-03-05T08:15:56.572875,0,0,2,50.0
2026-03-05T08:15:57.578809,0,0,2,50.0
2026-03-05T08:15:58.585753,0,0,2,50.0
2026-03-05T08:15:59.592709,0,0,2,51.0
2026-03-05T08:16:00.597660,0,0,2,50.0
2026-03-05T08:16:01.604664,0,0,2,50.0
2026-03-05T08:16:02.609659,0,0,2,51.0
2026-03-05T08:16:04.610478,0,0,2,50.0
2026-03-05T08:16:04.623493,0,0,3,50.0
2026-03-05T08:16:05.629503,0,0,2,51.0
2026-03-05T08:16:06.636452,0,0,2,50.0
2026-03-05T08:16:07.642450,0,0,2,50.0
2026-03-05T08:16:08.649394,0,0,3,51.0
2026-03-05T08:16:09.654381,0,0,2,50.0
2026-03-05T08:16:10.661366,0,0,2,50.0
2026-03-05T08:16:12.663214,0,0,2,51.0
2026-03-05T08:16:12.674220,0,0,2,50.0
2026-03-05T08:16:13.679137,0,0,3,50.0
2026-03-05T08:16:14.686203,0,0,3,51.0
2026-03-05T08:16:15.693222,0,0,3,50.0
2026-03-05T08:16:16.698152,0,0,2,50.0
2026-03-05T08:16:17.705980,0,0,2,50.0
2026-03-05T08:16:18.710996,0,0,2,51.0
2026-03-05T08:16:19.717964,0,0,2,50.0
2026-03-05T08:16:20.723917,0,0,2,50.0
2026-03-05T08:16:21.730889,0,0,2,51.0
2026-03-05T08:16:22.736842,0,0,2,50.0
2026-03-05T08:16:23.742807,0,0,2,50.0
2026-03-05T08:16:24.749766,0,0,1,51.0
2026-03-05T08:16:25.755768,0,0,2,50.0
2026-03-05T08:16:26.762771,0,0,2,50.0
2026-03-05T08:16:27.767791,0,0,2,51.0
2026-03-05T08:16:28.774801,0,0,2,50.0
2026-03-05T08:16:29.780825,0,0,2,50.0
2026-03-05T08:16:30.787832,0,0,2,51.0
2026-03-05T08:16:31.793858,0,0,2,50.0
2026-03-05T08:16:42.669724,0,0,2,51.0
2026-03-05T08:16:45.153079,0,0,2,52.0
2026-03-05T08:16:46.160089,0,0,2,50.0
2026-03-05T08:16:47.166310,0,0,2,50.0
2026-03-05T08:16:49.168253,0,0,2,51.0
2026-03-05T08:17:10.632880,0,0,2,52.0
2026-03-05T08:17:11.639291,0,0,2,50.0
2026-03-05T08:17:12.645228,0,0,2,50.0
2026-03-05T08:17:14.647017,0,0,2,51.0
2026-03-05T08:17:14.657303,0,0,2,50.0
2026-03-05T08:17:15.664326,0,0,2,50.0
2026-03-05T08:17:16.670385,0,0,2,51.0
2026-03-05T08:17:17.677331,0,0,2,50.0
2026-03-05T08:17:18.683350,0,0,2,50.0
2026-03-05T08:17:19.688332,0,0,2,51.0
2026-03-05T08:17:20.696388,0,0,2,50.0
2026-03-05T08:17:22.698244,0,0,2,50.0
2026-03-05T08:17:22.709377,0,0,2,51.0
2026-03-05T08:17:23.714470,0,0,2,50.0
2026-03-05T08:17:24.721389,0,0,2,50.0
2026-03-05T08:17:25.727431,0,0,2,50.0
2026-03-05T08:17:26.734480,0,0,2,51.0
2026-03-05T08:17:27.740417,0,0,3,50.0
2026-03-05T08:17:28.746507,0,0,3,50.0
2026-03-05T08:17:29.753465,0,0,2,51.0
2026-03-05T08:17:30.759434,0,0,3,50.0
2026-03-05T08:17:31.765474,0,0,2,50.0
2026-03-05T08:17:32.771515,0,0,3,51.0
2026-03-05T08:17:33.778517,0,0,0,50.0
2026-03-05T08:17:34.785510,0,0,2,50.0
2026-03-05T08:17:35.791499,0,0,2,51.0
2026-03-05T08:17:36.796501,0,0,2,50.0
2026-03-05T08:17:37.803512,0,0,2,50.0
2026-03-05T08:17:38.810563,0,0,3,51.0
2026-03-05T08:17:39.816511,0,0,2,50.0
2026-03-05T08:18:11.866485,0,0,2,50.0
2026-03-05T08:18:12.872706,0,0,2,51.0
2026-03-05T08:18:13.877722,0,0,2,50.0
2026-03-05T08:18:14.884726,0,0,3,50.0
2026-03-05T08:18:26.630598,0,0,2,51.0
2026-03-05T08:18:27.636874,0,0,3,51.0
2026-03-05T08:18:29.638658,0,0,2,50.0
2026-03-05T08:18:29.649833,0,0,2,50.0
2026-03-05T08:18:31.651782,0,0,2,51.0
2026-03-05T08:18:31.661764,0,0,3,50.0
2026-03-05T08:18:32.667836,0,0,2,50.0
2026-03-05T08:18:33.674843,0,0,2,51.0
2026-03-05T08:18:34.680830,0,0,2,50.0
2026-03-05T08:18:35.686813,0,0,2,50.0
2026-03-05T08:18:36.691906,0,0,3,51.0
2026-03-05T08:18:37.699851,0,0,2,50.0
2026-03-05T08:18:38.706869,0,0,2,50.0
2026-03-05T08:18:39.711867,0,0,2,51.0
2026-03-05T08:18:40.718855,0,0,2,50.0
2026-03-05T08:18:41.724933,0,0,2,50.0
2026-03-05T08:18:42.731929,0,0,2,51.0
2026-03-05T08:18:43.737872,0,0,2,50.0
2026-03-05T08:18:44.743843,0,0,2,50.0
2026-03-05T08:18:45.750849,0,0,2,50.0
2026-03-05T08:18:46.756837,0,0,2,51.0
2026-03-05T08:18:47.762859,0,0,3,50.0
2026-03-05T08:18:48.768844,0,0,2,50.0
2026-03-05T08:18:49.775812,0,0,3,51.0
2026-03-05T08:18:51.777559,0,0,3,50.0
2026-03-05T08:18:51.787846,0,0,2,50.0
2026-03-05T08:18:52.794837,0,0,2,51.0
2026-03-05T08:18:53.800867,0,0,2,50.0
2026-03-05T08:18:54.807869,0,0,2,50.0
2026-03-05T08:18:55.813846,0,0,3,51.0
2026-03-05T08:18:56.819800,0,0,2,50.0
2026-03-05T08:18:58.821506,0,0,3,50.0
2026-03-05T08:18:58.832819,0,0,2,51.0
2026-03-05T08:18:59.839881,0,0,2,50.0
2026-03-05T08:19:00.844888,0,0,2,50.0
2026-03-05T08:19:01.851881,0,0,2,51.0
2026-03-05T08:19:02.856889,0,0,2,50.0
2026-03-05T08:19:04.858623,0,0,2,50.0
2026-03-05T08:19:04.869904,0,0,2,50.0
2026-03-05T08:19:05.876943,0,0,2,51.0
2026-03-05T08:19:06.883927,0,0,3,50.0
2026-03-05T08:19:28.375446,0,0,2,52.0
2026-03-05T08:19:29.382885,0,0,2,50.0
2026-03-05T08:19:30.386937,0,0,2,50.0
2026-03-05T08:19:32.388682,0,0,2,51.0
2026-03-05T08:20:41.388285,0,0,2,50.0
2026-03-05T08:20:43.871777,0,0,3,51.0
2026-03-05T08:20:44.878747,0,0,2,51.0
2026-03-05T08:20:45.884714,0,1,2,50.0
2026-03-05T08:20:46.891758,0,0,2,50.0
2026-03-05T08:20:47.896768,0,0,2,51.0
2026-03-05T08:20:48.903760,0,0,3,50.0
2026-03-05T08:20:49.909752,0,0,2,50.0
2026-03-05T08:20:50.916752,0,0,3,51.0
2026-03-05T08:20:51.922789,0,0,2,50.0
2026-03-05T08:20:52.928751,0,0,2,50.0
2026-03-05T08:20:53.935797,0,0,3,51.0
2026-03-05T08:20:54.941769,0,0,2,50.0
2026-03-05T08:20:55.948728,0,0,2,50.0
2026-03-05T08:20:56.953733,0,0,2,50.0
2026-03-05T08:20:57.960731,0,0,2,51.0
2026-03-05T08:20:58.966690,0,0,2,50.0
2026-03-05T08:20:59.973709,0,0,2,50.0
2026-03-05T08:21:00.978670,0,0,2,51.0
2026-03-05T08:21:02.980408,0,0,2,53.0
2026-03-05T08:21:02.992590,0,0,2,59.0
2026-03-05T08:21:03.998642,0,0,3,54.0
2026-03-05T08:21:05.004623,0,0,3,50.0
2026-03-05T08:21:06.010593,0,0,0,50.0
2026-03-05T08:21:07.017609,0,0,5,51.0
2026-03-05T08:21:08.023684,0,0,2,50.0
2026-03-05T08:21:09.030672,0,0,2,50.0
2026-03-05T08:21:10.036614,0,0,2,51.0
2026-03-05T08:21:11.042601,0,0,2,50.0
2026-03-05T08:21:12.049593,0,0,2,50.0
2026-03-05T08:21:13.055598,0,0,3,50.0
2026-03-05T08:21:14.061575,0,0,2,51.0
2026-03-05T08:21:15.065667,0,0,2,50.0
2026-03-05T08:21:17.067393,0,0,3,50.0
2026-03-05T08:21:17.081553,0,0,2,51.0
2026-03-05T08:21:18.086560,0,0,3,50.0
2026-03-05T08:21:19.093567,0,0,2,50.0
2026-03-05T08:21:20.099556,0,0,2,51.0
2026-03-05T08:21:21.106564,0,0,2,50.0
2026-03-05T08:21:22.112541,0,0,3,50.0
2026-03-05T08:21:23.118558,0,0,2,51.0
2026-03-05T08:21:25.120344,0,0,3,50.0
2026-03-05T08:21:25.131538,0,0,3,50.0
2026-03-05T08:21:26.138543,0,0,3,51.0
2026-03-05T08:21:27.143547,0,0,2,50.0
2026-03-05T08:21:28.150541,0,0,2,50.0
2026-03-05T08:21:29.155468,0,0,2,51.0
2026-03-05T08:21:30.162571,0,0,2,50.0
2026-03-05T08:21:31.168426,0,0,2,50.0
2026-03-05T08:21:32.175450,0,0,2,50.0
2026-03-05T08:21:33.182592,0,0,3,51.0
2026-03-05T08:21:34.188458,0,0,2,50.0
2026-03-05T08:21:35.195428,0,0,2,50.0
2026-03-05T08:21:36.200440,0,0,2,51.0
2026-03-05T08:21:37.207442,0,0,2,50.0
2026-03-05T08:21:38.213423,0,0,2,50.0
2026-03-05T08:21:48.780839,0,0,3,50.0
2026-03-05T08:21:51.264393,0,0,2,51.0
2026-03-05T08:21:52.271402,0,0,2,50.0
2026-03-05T08:21:53.277401,0,0,3,51.0
2026-03-05T08:21:54.282421,0,0,2,50.0
2026-03-05T08:21:55.289354,0,0,3,50.0
2026-03-05T08:21:56.296271,0,0,3,51.0
2026-03-05T08:21:57.302342,0,0,2,50.0
2026-03-05T08:21:58.309271,0,0,3,50.0
2026-03-05T08:21:59.316272,0,0,3,50.0
2026-03-05T08:22:00.321231,0,0,1,51.0
2026-03-05T08:22:01.328271,0,0,2,50.0
2026-03-05T08:22:03.330073,0,0,2,50.0
2026-03-05T08:22:22.385534,0,0,3,50.0
2026-03-05T08:22:24.869108,0,0,2,51.0
2026-03-05T08:22:25.876089,0,0,2,50.0
2026-03-05T08:22:26.880032,0,0,2,51.0
2026-03-05T08:22:27.889150,0,0,2,50.0
2026-03-05T08:22:28.894188,0,0,2,50.0
2026-03-05T08:22:30.896068,0,0,2,51.0
2026-03-05T08:22:49.889345,0,0,2,50.0
2026-03-05T08:22:52.372803,0,0,2,51.0
2026-03-05T08:22:53.379757,0,0,2,51.0
2026-03-05T08:22:54.384709,0,0,2,50.0
2026-03-05T08:22:55.392842,0,0,2,50.0
2026-03-05T08:22:56.397797,0,0,2,51.0
2026-03-05T08:22:57.404804,0,0,2,50.0
2026-03-05T08:22:58.410810,0,0,2,50.0
2026-03-05T08:22:59.417756,0,0,2,50.0
2026-03-05T08:23:00.423739,0,0,2,51.0
2026-03-05T08:23:01.429713,0,0,2,50.0
2026-03-05T08:23:02.436713,0,0,2,50.0
2026-03-05T08:23:03.440657,0,0,3,51.0
2026-03-05T08:23:55.395735,0,0,2,50.0
2026-03-05T08:23:57.878957,0,0,2,52.0
2026-03-05T08:23:58.886162,0,0,2,50.0
2026-03-05T08:23:59.892039,0,0,2,50.0
2026-03-05T08:24:01.893840,0,0,2,50.0
2026-03-05T08:24:01.903938,0,0,3,51.0
2026-03-05T08:24:02.910963,0,0,2,50.0
2026-03-05T08:24:03.916951,0,0,2,50.0
2026-03-05T08:24:04.922923,0,0,2,51.0
2026-03-05T08:24:05.929907,0,0,2,50.0
2026-03-05T08:24:06.935959,0,0,2,50.0
2026-03-05T08:24:08.937770,0,0,2,51.0
2026-03-05T08:24:08.948882,0,0,2,50.0
2026-03-05T08:24:09.955865,0,0,3,50.0
2026-03-05T08:24:10.960881,0,0,3,51.0
2026-03-05T08:24:11.967874,0,0,2,50.0
2026-03-05T08:24:12.973859,0,0,2,50.0
2026-03-05T08:24:13.980799,0,0,2,51.0
2026-03-05T08:24:14.986920,0,0,2,50.0
2026-03-05T08:24:15.992775,0,0,2,50.0
2026-03-05T08:24:16.999758,0,0,2,51.0
2026-03-05T08:24:18.005745,0,0,3,50.0
2026-03-05T08:24:19.011759,0,0,2,50.0
2026-03-05T08:24:20.017735,0,0,2,50.0
2026-03-05T08:24:21.024715,0,0,2,51.0
2026-03-05T08:24:22.031702,0,0,2,50.0
2026-03-05T08:24:23.037663,0,0,2,50.0
2026-03-05T08:24:24.043672,0,0,2,51.0
2026-03-05T08:24:25.048693,0,0,2,50.0
2026-03-05T08:24:27.050425,0,0,2,50.0
2026-03-05T08:24:27.062730,0,0,2,51.0
2026-03-05T08:24:28.068630,0,0,2,50.0
2026-03-05T08:24:29.074585,0,0,2,50.0
2026-03-05T08:24:30.081579,0,0,2,51.0
2026-03-05T08:24:31.088576,0,0,2,50.0
2026-03-05T08:24:32.093549,0,0,3,50.0
2026-03-05T08:24:33.100512,0,0,2,51.0
2026-03-05T08:24:34.106636,0,0,2,50.0
2026-03-05T08:24:35.113566,0,0,2,50.0
2026-03-05T08:24:37.115341,0,0,2,50.0
2026-03-05T08:24:37.125464,0,0,3,51.0
2026-03-05T08:24:38.132457,0,0,2,50.0
2026-03-05T08:24:39.138534,0,0,2,50.0
2026-03-05T08:24:40.145486,0,0,2,51.0
2026-03-05T08:24:41.150508,0,0,2,50.0
2026-03-05T08:24:42.156489,0,0,2,50.0
2026-03-05T08:24:44.158316,0,0,2,51.0
2026-03-05T08:24:44.170439,0,0,2,50.0
2026-03-05T08:24:46.172174,0,0,3,50.0
2026-03-05T08:24:46.182452,0,0,2,51.0
2026-03-05T08:24:47.189352,0,0,2,50.0
2026-03-05T08:24:48.195322,0,0,2,50.0
2026-03-05T08:24:49.202402,0,0,2,51.0
2026-03-05T08:24:50.205258,0,0,2,50.0
2026-03-05T08:24:51.214375,0,0,1,50.0
2026-03-05T08:24:52.220280,0,0,2,51.0
2026-03-05T08:24:54.222101,0,0,2,50.0
2026-03-05T08:24:54.233219,0,0,2,50.0
2026-03-05T08:24:55.239237,0,0,2,50.0
2026-03-05T08:24:56.246293,0,0,2,51.0
2026-03-05T08:24:57.251196,0,0,2,50.0
2026-03-05T08:24:58.259179,0,0,3,50.0
2026-03-05T08:24:59.264164,0,0,2,51.0
2026-03-05T08:25:00.271149,0,0,2,50.0
2026-03-05T08:25:01.276132,0,0,2,50.0
2026-03-05T08:25:02.284142,0,0,2,51.0
2026-03-05T08:25:03.290162,0,0,2,50.0
2026-03-05T08:25:04.296077,0,0,2,50.0
2026-03-05T08:25:05.303060,0,0,3,51.0
2026-03-05T08:25:06.309021,0,0,2,50.0
2026-03-05T08:25:07.315036,0,0,2,50.0
2026-03-05T08:25:08.320040,0,0,2,51.0
2026-03-05T08:25:09.328043,0,0,2,50.0
2026-03-05T08:25:10.335003,0,0,2,50.0
2026-03-05T08:25:11.340968,0,0,3,51.0
2026-03-05T08:25:12.346959,0,0,2,50.0
2026-03-05T08:25:13.352938,0,0,2,50.0
2026-03-05T08:25:14.358927,0,0,2,51.0
2026-03-05T08:25:15.365904,0,0,3,50.0
2026-03-05T08:25:16.371935,0,0,2,50.0
2026-03-05T08:25:17.377889,0,0,2,50.0
2026-03-05T08:25:18.384875,0,0,2,51.0
2026-03-05T08:25:19.391833,0,0,2,50.0
2026-03-05T08:25:20.396851,0,0,2,50.0
2026-03-05T08:25:21.403827,0,0,2,51.0
2026-03-05T08:25:22.409773,0,0,2,50.0
2026-03-05T08:25:23.416885,0,0,2,50.0
2026-03-05T08:25:24.422787,0,0,2,51.0
2026-03-05T08:25:25.428763,0,0,2,50.0
2026-03-05T08:25:26.435839,0,0,2,50.0
2026-03-05T08:25:27.441728,0,0,3,51.0
2026-03-05T08:25:28.448752,0,0,2,50.0
2026-03-05T08:25:29.453719,0,0,2,50.0
2026-03-05T08:25:30.460692,0,0,2,51.0
2026-03-05T08:25:31.466665,0,0,2,50.0
2026-03-05T08:25:32.473650,0,0,3,50.0
2026-03-05T08:25:33.478632,0,0,2,50.0
2026-03-05T08:25:34.485612,0,0,2,51.0
2026-03-05T08:25:35.492651,0,0,2,50.0
2026-03-05T08:25:36.498592,0,0,2,50.0
2026-03-05T08:25:37.505573,0,0,2,51.0
2026-03-05T08:25:38.510542,0,0,2,50.0
2026-03-05T08:25:39.517519,0,0,2,50.0
2026-03-05T08:25:40.523526,0,0,2,51.0
2026-03-05T08:25:41.528524,0,0,2,50.0
2026-03-05T08:25:42.536519,0,0,2,50.0
2026-03-05T08:25:43.542480,0,0,2,51.0
2026-03-05T08:25:44.549444,0,0,2,50.0
2026-03-05T08:25:45.555440,0,0,2,50.0
2026-03-05T08:25:46.561422,0,0,2,51.0
2026-03-05T08:25:47.567403,0,0,2,50.0
2026-03-05T08:25:48.572436,0,0,2,50.0
2026-03-05T08:25:50.574231,0,0,2,50.0
2026-03-05T08:26:21.875567,0,0,2,51.0
2026-03-05T08:26:22.881775,0,0,3,51.0
2026-03-05T08:26:23.885918,0,0,2,50.0
2026-03-05T08:26:24.894834,0,0,2,50.0
2026-03-05T08:26:25.899819,0,0,2,50.0
2026-03-05T08:26:26.906796,0,0,3,51.0
2026-03-05T08:26:27.912777,0,0,2,50.0
2026-03-05T08:26:28.919758,0,0,2,50.0
2026-03-05T08:26:29.925743,0,0,2,51.0
2026-03-05T08:26:30.930724,0,0,2,50.0
2026-03-05T08:26:31.938740,0,0,2,50.0
2026-03-05T08:26:32.944595,0,0,2,51.0
2026-03-05T08:26:33.951668,0,0,3,50.0
2026-03-05T08:26:34.956643,0,0,2,50.0
2026-03-05T08:26:35.963629,0,0,2,51.0
2026-03-05T08:26:36.969618,0,0,2,50.0
2026-03-05T08:26:37.976618,0,0,2,50.0
2026-03-05T08:26:39.978460,0,0,2,51.0
2026-03-05T08:27:00.356846,0,0,2,51.0
2026-03-05T08:27:01.363175,0,0,3,51.0
2026-03-05T08:27:02.369160,0,0,3,50.0
2026-03-05T08:27:03.376172,0,0,2,50.0
2026-03-05T08:27:04.381176,0,0,2,51.0
2026-03-05T08:27:06.382493,0,0,2,50.0
2026-03-05T08:27:06.393991,0,0,2,50.0
2026-03-05T08:27:07.401046,0,0,2,50.0
2026-03-05T08:27:08.407017,0,0,2,51.0
2026-03-05T08:27:09.412974,0,0,2,50.0
2026-03-05T08:27:10.418984,0,0,2,50.0
2026-03-05T08:27:11.425901,0,0,2,51.0
2026-03-05T08:27:13.427716,0,0,2,50.0
2026-03-05T08:27:13.437863,0,0,3,50.0
2026-03-05T08:27:14.444852,0,0,2,51.0
2026-03-05T08:27:15.450912,0,0,2,50.0
2026-03-05T08:27:16.457859,0,0,2,50.0
2026-03-05T08:27:17.463828,0,0,2,51.0
2026-03-05T08:27:18.469861,0,0,2,50.0
2026-03-05T08:27:19.476900,0,0,2,50.0
2026-03-05T08:28:21.125112,0,0,2,50.0
2026-03-05T08:28:23.608534,0,0,2,51.0
2026-03-05T08:28:24.615495,0,0,2,50.0
2026-03-05T08:28:25.620479,0,0,2,50.0
2026-03-05T08:28:27.622207,0,0,2,51.0
2026-03-05T08:28:27.633378,0,0,3,50.0
2026-03-05T08:29:51.100450,0,0,2,51.0
2026-03-05T08:29:52.106749,0,0,2,51.0
2026-03-05T08:29:53.111709,0,0,2,50.0
2026-03-05T08:29:54.119683,0,0,2,50.0
2026-03-05T08:29:55.124665,0,0,3,51.0
2026-03-05T08:29:56.131635,0,0,2,50.0
2026-03-05T08:29:57.137656,0,0,2,50.0
2026-03-05T08:29:59.138513,0,0,2,51.0
2026-03-05T08:29:59.150615,0,0,2,50.0
2026-03-05T08:30:01.152468,0,0,2,50.0
2026-03-05T08:30:22.622815,0,0,3,52.0
2026-03-05T08:30:23.629914,0,0,2,50.0
2026-03-05T08:30:24.634158,0,0,2,50.0
2026-03-05T08:30:26.636028,0,0,2,50.0
2026-03-05T08:30:26.647932,0,0,2,51.0
2026-03-05T08:30:27.654936,0,0,2,50.0
2026-03-05T08:30:28.660910,0,0,3,50.0
2026-03-05T08:30:29.667825,0,0,2,51.0
2026-03-05T08:30:30.673804,0,0,2,50.0
2026-03-05T08:30:31.679764,0,0,3,50.0
2026-03-05T08:30:32.685734,0,0,2,51.0
2026-03-05T08:30:34.687511,0,0,2,50.0
2026-03-05T08:30:34.699779,0,0,3,50.0
2026-03-05T08:30:35.704689,0,0,2,51.0
2026-03-05T08:30:36.711684,0,0,2,50.0
2026-03-05T08:30:37.717627,0,0,2,50.0
2026-03-05T08:30:38.724644,0,0,3,51.0
2026-03-05T08:30:39.730621,0,0,2,50.0
2026-03-05T08:30:40.736590,0,0,2,50.0
2026-03-05T08:30:41.743607,0,0,2,51.0
2026-03-05T08:30:42.749522,0,0,2,50.0
2026-03-05T08:30:43.755524,0,0,5,50.0
2026-03-05T08:30:44.761499,0,0,2,50.0
2026-03-05T08:30:45.768448,0,0,3,51.0
2026-03-05T08:30:46.775452,0,0,0,50.0
2026-03-05T08:30:47.781404,0,0,2,50.0
2026-03-05T08:30:48.787446,0,0,1,51.0
2026-03-05T08:30:49.793370,0,0,2,50.0
2026-03-05T08:30:50.800369,0,0,3,50.0
2026-03-05T08:30:51.806479,0,0,2,51.0
2026-03-05T08:30:52.812289,0,0,2,50.0
2026-03-05T08:30:53.818386,0,0,3,50.0
2026-03-05T08:30:54.823219,0,0,2,51.0
2026-03-05T08:30:55.832318,0,0,2,50.0
2026-03-05T08:30:56.837216,0,0,2,50.0
2026-03-05T08:30:57.844178,0,0,2,51.0
2026-03-05T08:30:58.850275,0,0,3,50.0
2026-03-05T08:30:59.857218,0,0,2,50.0
2026-03-05T08:31:00.863153,0,0,2,50.0
2026-03-05T08:31:01.869163,0,0,3,51.0
2026-03-05T08:31:02.876117,0,0,2,50.0
2026-03-05T08:31:03.882174,0,0,2,50.0
2026-03-05T08:31:04.889087,0,0,2,51.0
2026-03-05T08:31:05.894186,0,0,3,50.0
2026-03-05T08:31:06.901017,0,0,2,50.0
2026-03-05T08:31:07.907017,0,0,1,51.0
2026-03-05T08:31:08.913981,0,0,2,50.0
2026-03-05T08:31:09.918944,0,0,2,50.0
2026-03-05T08:31:10.925910,0,0,2,51.0
2026-03-05T08:31:11.932894,0,0,2,50.0
2026-03-05T08:31:12.938851,0,0,2,50.0
2026-03-05T08:31:14.940714,0,0,3,51.0
2026-03-05T08:31:14.949818,0,0,2,50.0
2026-03-05T08:31:15.956801,0,0,2,50.0
2026-03-05T08:31:16.963771,0,0,2,51.0
2026-03-05T08:31:17.970755,0,0,2,50.0
2026-03-05T08:31:27.903042,0,0,2,51.0
2026-03-05T08:31:30.386600,0,0,2,52.0
2026-03-05T08:31:31.393516,0,0,2,50.0
2026-03-05T08:31:32.399510,0,0,2,50.0
2026-03-05T08:31:34.402633,0,0,2,51.0
2026-03-05T08:31:34.411257,0,0,2,50.0
2026-03-05T08:31:35.418493,0,0,2,50.0
2026-03-05T08:31:36.424350,0,0,3,51.0
2026-03-05T08:31:37.431285,0,0,2,50.0
2026-03-05T08:31:38.437211,0,0,2,50.0
2026-03-05T08:31:39.443170,0,0,2,51.0
2026-03-05T08:31:40.450301,0,0,2,50.0
2026-03-05T08:31:41.456182,0,0,2,50.0
2026-03-05T08:31:42.463144,0,0,2,50.0
2026-03-05T08:31:44.464857,0,0,1,51.0
2026-03-05T08:31:44.475089,0,0,2,50.0
2026-03-05T08:31:45.481075,0,0,2,50.0
2026-03-05T08:31:46.488015,0,0,2,51.0
2026-03-05T08:31:47.494114,0,0,2,50.0
2026-03-05T08:31:48.499986,0,0,2,50.0
2026-03-05T08:31:49.506949,0,0,2,51.0
2026-03-05T08:31:50.511861,0,0,3,50.0
2026-03-05T08:32:18.391939,0,0,2,51.0
2026-03-05T08:32:20.875280,0,0,2,51.0
2026-03-05T08:32:21.882318,0,0,2,50.0
2026-03-05T08:32:22.890731,0,0,2,51.0
2026-03-05T08:32:23.894718,0,0,2,50.0
2026-03-05T08:32:24.900148,0,0,2,50.0
2026-03-05T08:32:25.907180,0,0,2,51.0
2026-03-05T08:32:26.913152,0,0,2,50.0
2026-03-05T08:32:27.920120,0,0,2,50.0
2026-03-05T08:32:28.926141,0,0,2,51.0
2026-03-05T08:32:29.932074,0,0,2,50.0
2026-03-05T08:32:30.939050,0,0,2,50.0
2026-03-05T08:32:32.940906,0,0,2,51.0
2026-03-05T08:32:54.371095,0,0,2,51.0
2026-03-05T08:32:55.377379,0,0,2,50.0
2026-03-05T08:32:56.381348,0,0,2,50.0
2026-03-05T08:32:57.390401,0,0,2,51.0
2026-03-05T08:32:58.395304,0,0,3,50.0
2026-03-05T08:32:59.402323,0,0,2,50.0
2026-03-05T08:33:00.408221,0,0,3,51.0
2026-03-05T08:33:01.415201,0,0,2,50.0
2026-03-05T08:33:02.421190,0,0,3,50.0
2026-03-05T08:33:03.427138,0,0,2,51.0
2026-03-05T08:33:04.434331,0,0,2,50.0
2026-03-05T08:33:05.440102,0,0,2,50.0
2026-03-05T08:33:06.447088,0,0,2,51.0
2026-03-05T08:33:07.452050,0,0,2,50.0
2026-03-05T08:33:08.459040,0,0,2,50.0
2026-03-05T08:33:09.465012,0,0,2,51.0
2026-03-05T08:33:10.471961,0,0,2,50.0
2026-03-05T08:33:12.473732,0,0,2,50.0
2026-03-05T08:33:12.483891,0,0,2,51.0
2026-03-05T08:33:13.490891,0,0,2,50.0
2026-03-05T08:33:14.496881,0,0,2,50.0
2026-03-05T08:33:15.502852,0,0,2,50.0
2026-03-05T08:33:16.508820,0,0,3,51.0
2026-03-05T08:33:17.515783,0,0,3,50.0
2026-03-05T08:33:18.522847,0,0,3,50.0
2026-03-05T08:33:19.527785,0,0,3,51.0
2026-03-05T08:33:20.534776,0,0,2,50.0
2026-03-05T08:33:21.540751,0,0,2,50.0
2026-03-05T08:33:22.547743,0,0,2,51.0
2026-03-05T08:33:23.553704,0,0,2,50.0
2026-03-05T08:33:24.559696,0,0,2,50.0
2026-03-05T08:33:25.563618,0,0,2,51.0
2026-03-05T08:33:26.571711,0,0,2,50.0
2026-03-05T08:33:28.573444,0,0,2,50.0
2026-03-05T08:33:28.584628,0,0,2,51.0
2026-03-05T08:33:29.591569,0,0,2,50.0
2026-03-05T08:33:30.597525,0,0,2,50.0
2026-03-05T08:33:31.604508,0,0,2,51.0
2026-03-05T08:33:32.609485,0,0,2,50.0
2026-03-05T08:33:33.616450,0,0,2,50.0
2026-03-05T08:34:37.114782,0,0,3,50.0
2026-03-05T08:34:37.847890,0,0,2,50.0
2026-03-05T08:34:38.126737,0,0,2,51.0
2026-03-05T08:34:39.133711,0,0,2,50.0
2026-03-05T08:34:40.139686,0,0,2,50.0
2026-03-05T08:34:41.146701,0,0,2,51.0
2026-03-05T08:34:42.152614,0,0,3,50.0
2026-03-05T08:34:43.158706,0,0,2,50.0
2026-03-05T08:34:44.165680,0,0,2,51.0
2026-03-05T08:34:45.171654,0,0,2,50.0
2026-03-05T08:34:46.178659,0,0,2,50.0
2026-03-05T08:34:47.183595,0,0,3,50.0
2026-03-05T08:34:48.190609,0,0,2,51.0
2026-03-05T08:34:49.196486,0,0,2,50.0
2026-03-05T08:34:50.203481,0,0,2,50.0
2026-03-05T08:34:51.208422,0,0,2,51.0
2026-03-05T08:34:52.215429,0,0,2,50.0
2026-03-05T08:34:53.222443,0,0,2,50.0
2026-03-05T08:34:54.228354,0,0,0,51.0
2026-03-05T08:34:55.235358,0,0,2,50.0
2026-03-05T08:34:57.237142,0,0,2,50.0
2026-03-05T08:35:33.132777,0,0,3,50.0
2026-03-05T08:35:35.616256,0,0,2,51.0
2026-03-05T08:35:36.623217,0,0,2,50.0
2026-03-05T08:35:37.629186,0,0,5,51.0
2026-03-05T08:35:38.636248,0,0,2,50.0
2026-03-05T08:35:39.641164,0,0,2,50.0
2026-03-05T08:35:40.648114,0,0,2,51.0
2026-03-05T08:35:41.654228,0,0,2,50.0
2026-03-05T08:35:42.661128,0,0,3,50.0
2026-03-05T08:35:43.667103,0,0,2,51.0
2026-03-05T08:35:44.672995,0,0,2,50.0
2026-03-05T08:35:45.679974,0,0,2,50.0
2026-03-05T08:35:46.685928,0,0,2,51.0
2026-03-05T08:35:47.691878,0,0,2,50.0
2026-03-05T08:35:48.697885,0,0,2,50.0
2026-03-05T08:35:49.704870,0,0,2,51.0
2026-03-05T08:35:50.710792,0,0,2,50.0
2026-03-05T08:35:52.712584,0,0,2,50.0
2026-03-05T08:35:52.723740,0,0,3,50.0
2026-03-05T08:35:53.729730,0,0,2,51.0
2026-03-05T08:35:54.736739,0,0,2,50.0
2026-03-05T08:35:55.742721,0,0,3,50.0
2026-03-05T08:35:56.748665,0,0,4,51.0
2026-03-05T08:35:57.754760,0,0,1,50.0
2026-03-05T08:35:59.756671,0,0,2,50.0
2026-03-05T08:35:59.768558,0,0,2,51.0
2026-03-05T08:36:00.773478,0,0,2,50.0
2026-03-05T08:36:01.780555,0,0,2,50.0
2026-03-05T08:36:02.786556,0,0,4,51.0
2026-03-05T08:36:03.793498,0,0,2,50.0
2026-03-05T08:36:04.799472,0,0,0,50.0
2026-03-05T08:36:05.805534,0,0,2,51.0
2026-03-05T08:36:07.807314,0,0,3,50.0
2026-03-05T08:36:07.818400,0,0,3,50.0
2026-03-05T08:36:08.825329,0,0,2,51.0
2026-03-05T08:36:09.830397,0,0,2,50.0
2026-03-05T08:36:10.837296,0,0,2,50.0
2026-03-05T08:36:11.843268,0,0,3,50.0
2026-03-05T08:36:12.850275,0,0,3,51.0
2026-03-05T08:36:13.855310,0,0,2,50.0
2026-03-05T08:36:14.862341,0,0,2,50.0
2026-03-05T08:36:15.869224,0,0,2,51.0
2026-03-05T08:36:16.875165,0,0,2,50.0
2026-03-05T08:36:17.882243,0,0,2,50.0
2026-03-05T08:36:18.887119,0,0,2,51.0
2026-03-05T08:36:19.894178,0,0,3,50.0
2026-03-05T08:36:20.899998,0,0,2,50.0
2026-03-05T08:36:21.905068,0,0,2,51.0
2026-03-05T08:36:22.912014,0,0,2,50.0
2026-03-05T08:36:23.919007,0,0,2,50.0
2026-03-05T08:36:24.926081,0,0,2,51.0
2026-03-05T08:36:25.931940,0,0,2,50.0
2026-03-05T08:36:26.936913,0,0,2,50.0
2026-03-05T08:36:27.943891,0,0,2,50.0
2026-03-05T08:36:28.950782,0,0,3,51.0
2026-03-05T08:36:30.952601,0,0,3,50.0
2026-03-05T08:36:30.962798,0,0,2,50.0
2026-03-05T08:36:31.969772,0,0,2,51.0
2026-03-05T08:36:32.975789,0,0,2,50.0
2026-03-05T08:36:33.982741,0,0,2,50.0
2026-03-05T08:36:34.988706,0,0,3,51.0
2026-03-05T08:36:35.994592,0,0,3,50.0
2026-03-05T08:36:37.000715,0,0,2,50.0
2026-03-05T08:36:39.002577,0,0,2,51.0
2026-03-05T08:36:39.013573,0,0,2,50.0
2026-03-05T08:36:40.019567,0,0,2,50.0
2026-03-05T08:36:41.026597,0,0,2,51.0
2026-03-05T08:36:42.032521,0,0,2,50.0
2026-03-05T08:36:43.039477,0,0,2,50.0
2026-03-05T08:36:44.043412,0,0,2,51.0
2026-03-05T08:36:45.051432,0,0,2,50.0
2026-03-05T08:36:46.057356,0,0,3,50.0
2026-03-05T08:36:47.064318,0,0,2,50.0
2026-03-05T08:36:48.071284,0,0,2,51.0
2026-03-05T08:36:49.076247,0,0,2,50.0
2026-03-05T08:36:50.083226,0,0,2,50.0
2026-03-05T08:36:51.089206,0,0,2,51.0
2026-03-05T08:36:52.096104,0,0,2,50.0
2026-03-05T08:36:53.101139,0,0,3,50.0
2026-03-05T08:36:54.108120,0,0,2,51.0
2026-03-05T08:36:55.114215,0,0,3,50.0
2026-03-05T08:36:56.121058,0,0,2,50.0
2026-03-05T08:36:57.127054,0,0,2,51.0
2026-03-05T08:36:58.132978,0,0,2,50.0
2026-03-05T08:37:18.136928,0,0,2,50.0
2026-03-05T08:37:20.620408,0,0,2,51.0
2026-03-05T08:37:21.627372,0,0,2,51.0
2026-03-05T08:37:22.633353,0,0,2,50.0
2026-03-05T08:37:24.634513,0,0,3,50.0
2026-03-05T08:37:24.645362,0,0,2,51.0
2026-03-05T08:37:26.647126,0,0,2,50.0
2026-03-05T08:37:26.658341,0,0,2,50.0
2026-03-05T08:37:28.660091,0,0,2,51.0
2026-03-05T08:37:28.671134,0,0,2,50.0
2026-03-05T08:37:29.677134,0,0,2,50.0
2026-03-05T08:37:30.684119,0,0,2,50.0
2026-03-05T08:37:31.690233,0,0,2,51.0
2026-03-05T08:37:32.697062,0,0,2,50.0
2026-03-05T08:37:33.702120,0,0,2,50.0
2026-03-05T08:37:35.703944,0,0,2,51.0
2026-03-05T08:37:35.714962,0,0,2,50.0
2026-03-05T08:37:36.721956,0,0,2,50.0
2026-03-05T08:37:37.727923,0,0,2,51.0
2026-03-05T08:37:38.733899,0,0,2,50.0
2026-03-05T08:37:39.740872,0,0,3,50.0
2026-03-05T08:37:40.746829,0,0,2,51.0
2026-03-05T08:37:42.748578,0,0,2,50.0
2026-03-05T08:37:42.758754,0,0,2,50.0
2026-03-05T08:37:43.765756,0,0,2,51.0
2026-03-05T08:37:44.772732,0,0,2,50.0
2026-03-05T08:37:45.777691,0,0,2,50.0
2026-03-05T08:37:46.784643,0,0,2,51.0
2026-03-05T08:37:47.790731,0,0,2,50.0
2026-03-05T08:37:48.797706,0,0,2,50.0
2026-03-05T08:37:49.803647,0,0,4,50.0
2026-03-05T08:37:50.809597,0,0,2,51.0
2026-03-05T08:37:51.815568,0,0,2,50.0
2026-03-05T08:37:52.822585,0,0,2,50.0
2026-03-05T08:37:53.829526,0,0,2,51.0
2026-03-05T08:37:54.834536,0,0,2,50.0
2026-03-05T08:37:55.841519,0,0,2,50.0
2026-03-05T08:37:56.847488,0,0,2,51.0
2026-03-05T08:37:57.854504,0,0,2,50.0
2026-03-05T08:37:58.859432,0,0,2,50.0
2026-03-05T08:37:59.866472,0,0,2,51.0
2026-03-05T08:38:00.873355,0,0,2,50.0
2026-03-05T08:38:01.877524,0,0,3,50.0
2026-03-05T08:38:02.886343,0,0,2,51.0
2026-03-05T08:38:03.891198,0,0,2,50.0
2026-03-05T08:38:04.897164,0,0,2,50.0
2026-03-05T08:38:05.904179,0,0,2,50.0
2026-03-05T08:38:16.242554,0,0,2,51.0
2026-03-05T08:38:18.725865,0,0,2,52.0
2026-03-05T08:38:19.732775,0,0,2,50.0
2026-03-05T08:38:20.738749,0,0,2,50.0
2026-03-05T08:38:21.745713,0,0,2,51.0
2026-03-05T08:38:22.750699,0,0,2,50.0
2026-03-05T08:38:23.757662,0,0,2,50.0
2026-03-05T08:38:24.763622,0,0,2,50.0
2026-03-05T08:38:25.770650,0,0,2,51.0
2026-03-05T08:38:26.776563,0,0,2,50.0
2026-03-05T08:38:27.782548,0,0,2,50.0
2026-03-05T08:38:28.789531,0,0,2,51.0
2026-03-05T08:38:29.795499,0,0,2,50.0
2026-03-05T08:38:30.802510,0,0,2,50.0
2026-03-05T08:38:31.807490,0,0,2,51.0
2026-03-05T08:38:32.814467,0,0,2,50.0
2026-03-05T08:38:33.820382,0,0,3,50.0
2026-03-05T08:38:34.827359,0,0,2,51.0
2026-03-05T08:38:35.833202,0,0,3,50.0
2026-03-05T08:38:36.838380,0,0,2,50.0
2026-03-05T08:38:37.846303,0,0,2,51.0
2026-03-05T08:38:38.852307,0,0,2,50.0
2026-03-05T08:38:39.858364,0,0,2,50.0
2026-03-05T08:38:40.864178,0,0,2,50.0
2026-03-05T08:38:41.871161,0,0,2,51.0
2026-03-05T08:38:42.878243,0,0,2,50.0
2026-03-05T08:38:43.884105,0,0,3,50.0
2026-03-05T08:38:44.890158,0,0,2,51.0
2026-03-05T08:38:45.896058,0,0,2,50.0
2026-03-05T08:38:46.903045,0,0,2,50.0
2026-03-05T08:38:47.908988,0,0,1,51.0
2026-03-05T08:38:48.914942,0,0,2,50.0
2026-03-05T08:38:49.920907,0,0,2,50.0
2026-03-05T08:38:50.927894,0,0,2,51.0
2026-03-05T08:38:51.934864,0,0,2,50.0
2026-03-05T08:38:52.939828,0,0,2,50.0
2026-03-05T08:38:53.946844,0,0,2,51.0
2026-03-05T08:38:54.952780,0,0,2,50.0
2026-03-05T08:38:55.959746,0,0,2,50.0
2026-03-05T08:38:56.964777,0,0,2,51.0
2026-03-05T08:38:57.971694,0,0,2,50.0
2026-03-05T08:38:58.978668,0,0,2,50.0
2026-03-05T08:38:59.984654,0,0,2,50.0
2026-03-05T08:39:01.986475,0,0,2,51.0
2026-03-05T08:39:01.996530,0,0,2,50.0
2026-03-05T08:39:03.003569,0,0,3,50.0
2026-03-05T08:39:04.009522,0,0,2,51.0
2026-03-05T08:39:05.016485,0,0,2,50.0
2026-03-05T08:39:06.021456,0,0,2,50.0
2026-03-05T08:39:07.028350,0,0,2,51.0
2026-03-05T08:39:08.035443,0,0,2,50.0
2026-03-05T08:39:09.041377,0,0,2,50.0
2026-03-05T08:39:10.047346,0,0,2,51.0
2026-03-05T08:39:11.053310,0,0,3,50.0
2026-03-05T08:39:12.060324,0,0,2,50.0
2026-03-05T08:39:13.066393,0,0,2,51.0
2026-03-05T08:39:14.073221,0,0,3,50.0
2026-03-05T08:39:16.074490,0,0,2,50.0
2026-03-05T08:39:16.085137,0,0,2,51.0
2026-03-05T08:39:17.092152,0,0,3,50.0
2026-03-05T08:39:18.098248,0,0,2,50.0
2026-03-05T08:39:19.104125,0,0,2,50.0
2026-03-05T08:39:20.110187,0,0,2,51.0
2026-03-05T08:39:21.117073,0,0,2,50.0
2026-03-05T08:39:22.123034,0,0,3,50.0
2026-03-05T08:39:23.129055,0,0,2,51.0
2026-03-05T08:39:24.135973,0,0,3,50.0
2026-03-05T08:39:25.141952,0,0,2,50.0
2026-03-05T08:39:26.148924,0,0,2,51.0
2026-03-05T08:39:27.154911,0,0,2,50.0
2026-03-05T08:39:28.160900,0,0,2,50.0
2026-03-05T08:39:29.164789,0,0,2,51.0
2026-03-05T08:40:22.135631,0,0,3,50.0
2026-03-05T08:40:24.619281,0,0,2,51.0
2026-03-05T08:40:25.626275,0,0,2,51.0
2026-03-05T08:40:26.631148,0,0,2,50.0
2026-03-05T08:40:28.632921,0,0,2,50.0
2026-03-05T08:40:28.644127,0,0,2,50.0
2026-03-05T08:40:29.651198,0,0,2,51.0
2026-03-05T08:40:31.652954,0,0,3,50.0
2026-03-05T08:40:31.663988,0,0,2,50.0
2026-03-05T08:40:32.670150,0,0,3,51.0
2026-03-05T08:40:33.675992,0,0,2,50.0
2026-03-05T08:40:34.682966,0,0,3,50.0
2026-03-05T08:40:35.688943,0,0,2,51.0
2026-03-05T08:40:36.695973,0,0,2,50.0
2026-03-05T08:40:37.700920,0,0,2,50.0
2026-03-05T08:40:38.707887,0,0,2,51.0
2026-03-05T08:40:39.713886,0,0,2,50.0
2026-03-05T08:40:40.720866,0,0,2,50.0
2026-03-05T08:40:41.726841,0,0,2,51.0
2026-03-05T08:40:42.732802,0,0,2,50.0
2026-03-05T08:40:43.739638,0,0,2,50.0
2026-03-05T08:40:45.741374,0,0,2,51.0
2026-03-05T08:40:45.750610,0,0,2,50.0
2026-03-05T08:40:46.757613,0,0,2,50.0
2026-03-05T08:40:47.764573,0,0,2,50.0
2026-03-05T08:40:48.771529,0,0,2,51.0
2026-03-05T08:40:49.776527,0,0,2,50.0
2026-03-05T08:40:50.783471,0,0,2,50.0
2026-03-05T08:40:52.785215,0,0,2,51.0
2026-03-05T08:40:52.796397,0,0,2,50.0
2026-03-05T08:40:53.802456,0,0,3,50.0
2026-03-05T08:40:54.808379,0,0,2,51.0
2026-03-05T08:40:55.814408,0,0,2,50.0
2026-03-05T08:40:56.821326,0,0,2,50.0
2026-03-05T08:40:57.828319,0,0,2,51.0
2026-03-05T08:40:59.830215,0,0,2,50.0
2026-03-05T08:40:59.840264,0,0,2,50.0
2026-03-05T08:41:00.846331,0,0,2,51.0
2026-03-05T08:41:01.853193,0,0,2,50.0
2026-03-05T08:41:02.858267,0,0,2,50.0
2026-03-05T08:41:03.865150,0,0,3,51.0
2026-03-05T08:41:04.872097,0,0,3,50.0
2026-03-05T08:41:05.878195,0,0,2,50.0
2026-03-05T08:41:06.885094,0,0,2,50.0
2026-03-05T08:41:07.890099,0,0,2,51.0
2026-03-05T08:41:08.897025,0,0,2,50.0
2026-03-05T08:41:09.902664,0,0,2,50.0
2026-03-05T08:41:10.909947,0,0,2,51.0
2026-03-05T08:41:11.914923,0,0,3,50.0
2026-03-05T08:41:12.920900,0,0,3,50.0
2026-03-05T08:41:13.928931,0,0,2,51.0
2026-03-05T08:41:15.930735,0,0,2,50.0
2026-03-05T08:41:15.940798,0,0,3,50.0
2026-03-05T08:41:16.946771,0,0,2,51.0
2026-03-05T08:41:17.953737,0,0,4,50.0
2026-03-05T08:41:18.959713,0,0,1,50.0
2026-03-05T08:41:19.966693,0,0,2,51.0
2026-03-05T08:41:20.972654,0,0,2,50.0
2026-03-05T08:41:21.978648,0,0,2,50.0
2026-03-05T08:41:22.985600,0,0,2,51.0
2026-03-05T08:41:23.991577,0,0,2,50.0
2026-03-05T08:41:24.997544,0,0,3,50.0
2026-03-05T08:41:26.003512,0,0,2,50.0
2026-03-05T08:41:27.010610,0,0,2,51.0
2026-03-05T08:41:28.014488,0,0,2,50.0
2026-03-05T08:41:29.022538,0,0,2,50.0
2026-03-05T08:41:30.029349,0,0,2,51.0
2026-03-05T08:41:31.035327,0,0,2,50.0
2026-03-05T08:41:41.412561,0,0,2,50.0
2026-03-05T08:41:43.895991,0,0,2,51.0
2026-03-05T08:41:44.902979,0,0,2,50.0
2026-03-05T08:41:46.904804,0,0,2,51.0
2026-03-05T08:42:14.803602,0,0,3,50.0
2026-03-05T08:42:17.287050,0,0,2,52.0
2026-03-05T08:42:18.293987,0,0,3,50.0
2026-03-05T08:42:19.300017,0,0,2,50.0
2026-03-05T08:42:20.306996,0,0,2,51.0
2026-03-05T08:42:22.308756,0,0,2,50.0
2026-03-05T08:42:22.317883,0,0,2,50.0
2026-03-05T08:42:23.324868,0,0,2,50.0
2026-03-05T08:42:24.331836,0,0,2,51.0
2026-03-05T08:42:25.337800,0,0,2,50.0
2026-03-05T08:42:26.343751,0,0,2,50.0
2026-03-05T08:42:27.350753,0,0,2,51.0
2026-03-05T08:42:28.356741,0,0,2,50.0
2026-03-05T08:42:30.358517,0,0,2,50.0
2026-03-05T08:43:41.874396,0,0,2,51.0
2026-03-05T08:43:42.879525,0,0,2,50.0
2026-03-05T08:43:43.885442,0,0,2,51.0
2026-03-05T08:43:44.893529,0,0,3,50.0
2026-03-05T08:43:45.897439,0,0,2,50.0
2026-03-05T08:43:47.899282,0,0,2,51.0
2026-03-05T08:43:47.911367,0,0,2,50.0
2026-03-05T08:43:48.918412,0,0,2,50.0
2026-03-05T08:43:49.924324,0,0,2,50.0
2026-03-05T08:43:50.930367,0,0,2,51.0
2026-03-05T08:43:51.937253,0,0,3,50.0
2026-03-05T08:43:52.942286,0,0,2,50.0
2026-03-05T08:43:53.950337,0,0,2,51.0
2026-03-05T08:43:54.955181,0,0,2,50.0
2026-03-05T08:43:55.962234,0,0,3,50.0
2026-03-05T08:43:56.968140,0,0,2,51.0
2026-03-05T08:43:57.975091,0,0,2,50.0
2026-03-05T08:43:58.981073,0,0,2,50.0
2026-03-05T08:43:59.987051,0,0,3,51.0
2026-03-05T08:44:00.994095,0,0,2,50.0
2026-03-05T08:44:01.999994,0,0,3,50.0
2026-03-05T08:44:03.004887,0,0,2,51.0
2026-03-05T08:44:04.011883,0,0,3,50.0
2026-03-05T08:44:05.018753,0,0,3,50.0
2026-03-05T08:44:06.025806,0,0,2,51.0
2026-03-05T08:44:07.031767,0,0,2,50.0
2026-03-05T08:44:08.037726,0,0,2,50.0
2026-03-05T08:44:09.043667,0,0,2,50.0
2026-03-05T08:44:10.049683,0,0,3,51.0
2026-03-05T08:44:11.056708,0,0,2,50.0
2026-03-05T08:44:12.062634,0,0,2,50.0
2026-03-05T08:44:13.068586,0,0,3,51.0
2026-03-05T08:44:14.075541,0,0,3,50.0
2026-03-05T08:44:15.082522,0,0,2,50.0
2026-03-05T08:44:16.087525,0,0,2,51.0
2026-03-05T08:44:17.094554,0,0,2,50.0
2026-03-05T08:44:18.100467,0,0,2,50.0
2026-03-05T08:44:19.107433,0,0,2,51.0
2026-03-05T08:44:20.113394,0,0,3,50.0
2026-03-05T08:44:21.119394,0,0,3,50.0
2026-03-05T08:44:22.126403,0,0,2,51.0
2026-03-05T08:44:32.880462,0,0,2,51.0
2026-03-05T08:44:35.363960,0,0,2,51.0
2026-03-05T08:44:36.370940,0,0,2,51.0
2026-03-05T08:44:37.376896,0,0,2,50.0
2026-03-05T08:44:38.382886,0,0,2,50.0
2026-03-05T08:44:39.388847,0,0,3,51.0
2026-03-05T08:44:40.395822,0,0,2,50.0
2026-03-05T08:44:41.399783,0,0,3,50.0
2026-03-05T08:44:43.401636,0,0,2,51.0
2026-03-05T08:44:43.414724,0,0,2,50.0
2026-03-05T08:44:44.419676,0,0,2,50.0
2026-03-05T08:44:45.427665,0,0,2,51.0
2026-03-05T08:44:46.433540,0,0,2,50.0
2026-03-05T08:44:47.440596,0,0,2,50.0
2026-03-05T08:44:48.445577,0,0,2,51.0
2026-03-05T08:44:49.450598,0,0,2,50.0
2026-03-05T08:44:50.458511,0,0,2,50.0
2026-03-05T08:44:51.465507,0,0,3,51.0
2026-03-05T08:44:52.471456,0,0,2,50.0
2026-03-05T08:44:53.477410,0,0,2,50.0
2026-03-05T08:44:54.484397,0,0,2,50.0
2026-03-05T08:44:55.490439,0,0,3,51.0
2026-03-05T08:44:56.496321,0,0,2,50.0
2026-03-05T08:45:10.621455,0,0,2,51.0
2026-03-05T08:45:11.626870,0,0,2,51.0
2026-03-05T08:45:12.633850,0,0,3,50.0
2026-03-05T08:45:14.635892,0,0,2,50.0
2026-03-05T08:45:14.645805,0,0,3,51.0
2026-03-05T08:45:15.651765,0,0,2,50.0
2026-03-05T08:45:16.658770,0,0,2,50.0
2026-03-05T08:45:17.665731,0,0,2,51.0
2026-03-05T08:45:18.671687,0,0,2,50.0
2026-03-05T08:45:19.677672,0,0,2,50.0
2026-03-05T08:45:20.684653,0,0,3,50.0
2026-03-05T08:45:21.690661,0,0,2,51.0
2026-03-05T08:45:23.692482,0,0,2,50.0
2026-03-05T08:45:42.636655,0,0,3,50.0
2026-03-05T08:45:45.119905,0,0,2,51.0
2026-03-05T08:45:46.126862,0,0,2,51.0
2026-03-05T08:45:47.132910,0,0,3,50.0
2026-03-05T08:45:49.134832,0,0,2,50.0
2026-03-05T08:45:49.144765,0,0,2,51.0
2026-03-05T08:45:50.151765,0,0,2,50.0
2026-03-05T08:45:51.157763,0,0,2,50.0
2026-03-05T08:45:52.164690,0,0,2,50.0
2026-03-05T08:45:53.170657,0,0,2,51.0
2026-03-05T08:45:54.176632,0,0,2,50.0
2026-03-05T08:45:55.183646,0,0,2,50.0
2026-03-05T08:45:56.189616,0,0,1,51.0
2026-03-05T08:45:58.191432,0,0,2,50.0
2026-03-05T08:46:51.138566,0,0,2,50.0
2026-03-05T08:46:53.621798,0,0,2,51.0
2026-03-05T08:46:54.628757,0,0,2,51.0
2026-03-05T08:46:55.632723,0,0,2,50.0
2026-03-05T08:46:56.641787,0,0,2,50.0
2026-03-05T08:46:57.646702,0,0,2,51.0
2026-03-05T08:46:58.653656,0,0,3,50.0
2026-03-05T08:46:59.659623,0,0,2,50.0
2026-03-05T08:47:00.666596,0,0,2,51.0
2026-03-05T08:47:01.672564,0,0,2,50.0
2026-03-05T08:47:02.678523,0,0,2,50.0
2026-03-05T08:47:03.685510,0,0,3,51.0
2026-03-05T08:47:04.691492,0,0,2,50.0
2026-03-05T08:47:05.698503,0,0,3,50.0
2026-03-05T08:47:06.703404,0,0,2,50.0
2026-03-05T08:47:07.710451,0,0,2,51.0
2026-03-05T08:47:08.715314,0,0,2,50.0
2026-03-05T08:47:09.723396,0,0,2,50.0
2026-03-05T08:47:10.729304,0,0,2,51.0
2026-03-05T08:47:11.734641,0,0,2,50.0
2026-03-05T08:47:12.742309,0,0,2,50.0
2026-03-05T08:47:13.748207,0,0,2,51.0
2026-03-05T08:47:14.754285,0,0,2,50.0
2026-03-05T08:47:15.760138,0,0,2,50.0
2026-03-05T08:47:16.767099,0,0,3,51.0
2026-03-05T08:47:17.774166,0,0,3,50.0
2026-03-05T08:47:18.779962,0,0,2,50.0
2026-03-05T08:47:19.783981,0,0,3,51.0
2026-03-05T08:47:20.792077,0,0,3,50.0
2026-03-05T08:47:21.798971,0,0,2,50.0
2026-03-05T08:47:22.804932,0,0,3,50.0
2026-03-05T08:47:23.811034,0,0,2,51.0
2026-03-05T08:47:24.816871,0,0,2,50.0
2026-03-05T08:47:25.823841,0,0,3,50.0
2026-03-05T08:47:26.830808,0,0,2,51.0
2026-03-05T08:47:27.835770,0,0,3,50.0
2026-03-05T08:47:28.842730,0,0,2,50.0
2026-03-05T08:47:29.848706,0,0,2,51.0
2026-03-05T08:47:30.855672,0,0,2,50.0
2026-03-05T08:47:31.860646,0,0,2,50.0
2026-03-05T08:47:32.865589,0,0,2,51.0
2026-03-05T08:47:34.867380,0,0,2,50.0
2026-03-05T08:47:34.880653,0,0,2,50.0
2026-03-05T08:47:35.887564,0,0,2,51.0
2026-03-05T08:47:36.892528,0,0,2,50.0
2026-03-05T08:47:37.899507,0,0,3,50.0
2026-03-05T08:47:38.905472,0,0,2,51.0
2026-03-05T08:47:39.910561,0,0,2,50.0
2026-03-05T08:47:41.912405,0,0,2,50.0
2026-03-05T08:47:41.924415,0,0,2,50.0
2026-03-05T08:47:42.931395,0,0,2,51.0
2026-03-05T08:47:43.937369,0,0,2,50.0
2026-03-05T08:47:44.943340,0,0,2,50.0
2026-03-05T08:47:45.949300,0,0,2,51.0
2026-03-05T08:47:46.956276,0,0,2,50.0
2026-03-05T08:47:47.962262,0,0,5,50.0
2026-03-05T08:47:48.969190,0,0,2,51.0
2026-03-05T08:47:49.975191,0,0,2,50.0
2026-03-05T08:47:50.981127,0,0,2,50.0
2026-03-05T08:47:51.988120,0,0,2,51.0
2026-03-05T08:47:52.994148,0,0,2,50.0
2026-03-05T08:47:54.000071,0,0,2,50.0
2026-03-05T08:47:55.006136,0,0,2,51.0
2026-03-05T08:47:57.007972,0,0,2,50.0
2026-03-05T08:48:32.889516,0,0,2,51.0
2026-03-05T08:48:35.372785,0,0,2,51.0
2026-03-05T08:48:36.379728,0,0,2,50.0
2026-03-05T08:48:37.384660,0,0,2,51.0
2026-03-05T08:48:38.392755,0,0,2,50.0
2026-03-05T08:48:39.397659,0,0,2,50.0
2026-03-05T08:48:40.404630,0,0,2,51.0
2026-03-05T08:48:41.410642,0,0,2,50.0
2026-03-05T08:48:42.417594,0,0,2,50.0
2026-03-05T08:48:43.423546,0,0,2,50.0
2026-03-05T08:48:44.429544,0,0,2,51.0
2026-03-05T08:48:45.436513,0,0,2,50.0
2026-03-05T08:48:46.440400,0,0,2,50.0
2026-03-05T08:48:47.449414,0,0,2,51.0
2026-03-05T08:48:48.454455,0,0,2,50.0
2026-03-05T08:48:49.461338,0,0,2,50.0
2026-03-05T08:48:50.467352,0,0,3,51.0
2026-03-05T08:48:51.474385,0,0,2,50.0
2026-03-05T08:48:52.480259,0,0,3,50.0
2026-03-05T08:48:53.485280,0,0,3,51.0
2026-03-05T08:48:55.486513,0,0,2,50.0
2026-03-05T08:49:06.911305,0,0,2,50.0
2026-03-05T08:49:09.394742,0,0,2,51.0
2026-03-05T08:49:10.401664,0,0,2,50.0
2026-03-05T08:49:11.406572,0,0,2,51.0
2026-03-05T08:49:13.408364,0,0,3,50.0
2026-03-05T08:49:13.419570,0,0,2,50.0
2026-03-05T08:49:14.426575,0,0,2,51.0
2026-03-05T08:49:15.432523,0,0,2,50.0
2026-03-05T08:49:16.439505,0,0,2,50.0
2026-03-05T08:49:17.445460,0,0,2,51.0
2026-03-05T08:49:18.451473,0,0,3,50.0
2026-03-05T08:49:19.457438,0,0,2,50.0
2026-03-05T08:49:20.464429,0,0,3,50.0
2026-03-05T08:49:21.471376,0,0,2,51.0
2026-03-05T08:49:22.476369,0,0,2,50.0
2026-03-05T08:49:23.483375,0,0,2,50.0
2026-03-05T08:49:24.489299,0,0,2,51.0
2026-03-05T08:49:25.496333,0,0,2,50.0
2026-03-05T08:49:26.502339,0,0,2,50.0
2026-03-05T08:49:27.508167,0,0,2,51.0
2026-03-05T08:49:28.515155,0,0,2,50.0
2026-03-05T08:49:29.521124,0,0,3,50.0
2026-03-05T08:49:30.527082,0,0,2,51.0
2026-03-05T08:49:31.533054,0,0,2,50.0
2026-03-05T08:49:32.540031,0,0,4,50.0
2026-03-05T08:49:33.545039,0,0,2,51.0
2026-03-05T08:49:34.552048,0,0,2,50.0
2026-03-05T08:49:36.553787,0,0,3,50.0
2026-03-05T08:49:36.563831,0,0,2,51.0
2026-03-05T08:49:37.571857,0,0,2,50.0
2026-03-05T08:49:38.577764,0,0,2,50.0
2026-03-05T08:49:39.583766,0,0,2,50.0
2026-03-05T08:49:40.589788,0,0,3,51.0
2026-03-05T08:49:41.596742,0,0,2,50.0
2026-03-05T08:49:42.603735,0,0,2,50.0
2026-03-05T08:49:43.608666,0,0,3,51.0
2026-03-05T08:49:44.615634,0,0,2,50.0
2026-03-05T08:49:45.621589,0,0,2,50.0
2026-03-05T08:49:46.628557,0,0,2,51.0
2026-03-05T08:49:47.633538,0,0,2,50.0
2026-03-05T08:49:48.640532,0,0,2,50.0
2026-03-05T08:49:49.647507,0,0,2,51.0
2026-03-05T08:49:50.653462,0,0,3,50.0
2026-03-05T08:49:51.660422,0,0,2,50.0
2026-03-05T08:49:52.665384,0,0,3,51.0
2026-03-05T08:49:53.672384,0,0,2,50.0
2026-03-05T08:49:54.678355,0,0,2,50.0
2026-03-05T08:49:55.685348,0,0,3,51.0
2026-03-05T08:49:57.686488,0,0,2,50.0
2026-03-05T08:49:57.697200,0,0,2,50.0
2026-03-05T08:49:58.704226,0,0,2,50.0
2026-03-05T08:49:59.710265,0,0,2,51.0
2026-03-05T08:50:00.716165,0,0,2,50.0
2026-03-05T08:50:01.722198,0,0,2,50.0
2026-03-05T08:50:02.729104,0,0,3,51.0
2026-03-05T08:50:03.735064,0,0,2,50.0
2026-03-05T08:50:04.742192,0,0,2,50.0
2026-03-05T08:50:48.386797,0,0,2,51.0
2026-03-05T08:50:50.870419,0,0,2,52.0
2026-03-05T08:50:51.877332,0,0,2,50.0
2026-03-05T08:50:52.883297,0,0,2,50.0
2026-03-05T08:50:54.885073,0,0,2,51.0
2026-03-05T08:50:54.895284,0,0,3,50.0
2026-03-05T08:50:55.902463,0,0,3,50.0
2026-03-05T08:50:56.908353,0,0,3,51.0
2026-03-05T08:50:57.914469,0,0,2,50.0
2026-03-05T08:50:58.921349,0,0,2,50.0
2026-03-05T08:50:59.927364,0,0,3,51.0
2026-03-05T08:51:01.929152,0,0,2,50.0
2026-03-05T08:51:12.643103,0,0,2,50.0
2026-03-05T08:51:15.125548,0,0,2,52.0
2026-03-05T08:51:16.133586,0,0,2,50.0
2026-03-05T08:51:17.137683,0,0,2,50.0
2026-03-05T08:51:18.146595,0,0,2,50.0
2026-03-05T08:51:19.151608,0,0,2,51.0
2026-03-05T08:51:20.158618,0,0,2,50.0
2026-03-05T08:51:21.164624,0,0,2,50.0
2026-03-05T08:51:22.171602,0,0,2,51.0
2026-03-05T08:51:23.177615,0,0,2,50.0
2026-03-05T08:51:24.183565,0,0,2,50.0
2026-03-05T08:51:25.189590,0,0,2,51.0
2026-03-05T08:51:26.196575,0,0,2,50.0
2026-03-05T08:51:27.203572,0,0,2,50.0
2026-03-05T08:51:28.208562,0,0,2,51.0
2026-03-05T08:51:29.215575,0,0,2,50.0
2026-03-05T08:51:30.221586,0,0,2,50.0
2026-03-05T08:51:31.228599,0,0,3,51.0
2026-03-05T08:51:33.230456,0,0,2,50.0
2026-03-05T08:51:33.240579,0,0,2,50.0
2026-03-05T08:51:34.247681,0,0,2,51.0
2026-03-05T08:51:35.253666,0,0,2,50.0
2026-03-05T08:51:36.259645,0,0,3,50.0
2026-03-05T08:51:37.265623,0,0,3,50.0
2026-03-05T08:51:38.272630,0,0,2,51.0
2026-03-05T08:51:39.279695,0,0,4,50.0
2026-03-05T08:51:40.284706,0,0,2,50.0
2026-03-05T08:51:41.291699,0,0,2,51.0
2026-03-05T08:51:42.297712,0,0,2,50.0
2026-03-05T08:51:43.304695,0,0,2,50.0
2026-03-05T08:51:44.309679,0,0,2,51.0
2026-03-05T08:51:45.316714,0,0,3,50.0
2026-03-05T08:51:46.322715,0,0,2,50.0
2026-03-05T08:51:47.329763,0,0,2,51.0
2026-03-05T08:51:48.336792,0,0,3,50.0
2026-03-05T08:51:49.341764,0,0,3,50.0
2026-03-05T08:51:50.348796,0,0,2,51.0
2026-03-05T08:51:51.354789,0,0,2,50.0
2026-03-05T08:51:52.361808,0,0,2,50.0
2026-03-05T08:51:53.366818,0,0,2,50.0
2026-03-05T08:51:54.373795,0,0,2,51.0
2026-03-05T08:51:55.380856,0,0,2,50.0
2026-03-05T08:51:57.382697,0,0,2,50.0
2026-03-05T08:51:57.393691,0,0,2,51.0
2026-03-05T08:51:58.398726,0,0,3,50.0
2026-03-05T08:51:59.405755,0,0,2,50.0
2026-03-05T08:52:00.410736,0,0,2,51.0
2026-03-05T08:52:01.418761,0,0,2,50.0
2026-03-05T08:52:02.423845,0,0,2,50.0
2026-03-05T08:52:03.430859,0,0,2,51.0
2026-03-05T08:52:04.437832,0,0,2,50.0
2026-03-05T08:52:05.443864,0,0,2,50.0
2026-03-05T08:52:06.449842,0,0,2,51.0
2026-03-05T08:52:07.454859,0,0,2,50.0
2026-03-05T08:52:08.462866,0,0,2,50.0
2026-03-05T08:52:09.468745,0,0,3,51.0
2026-03-05T08:52:10.475892,0,0,2,50.0
2026-03-05T08:52:11.481875,0,0,2,50.0
2026-03-05T08:52:12.487883,0,0,2,50.0
2026-03-05T08:52:14.489605,0,0,2,51.0
2026-03-05T08:52:14.500788,0,0,2,50.0
2026-03-05T08:52:15.506826,0,0,2,50.0
2026-03-05T08:52:16.512812,0,0,4,51.0
2026-03-05T08:52:17.518833,0,0,2,50.0
2026-03-05T08:52:18.525834,0,0,2,50.0
2026-03-05T08:52:19.531928,0,0,3,51.0
2026-03-05T08:52:21.533737,0,0,2,50.0
2026-03-05T08:52:21.544814,0,0,2,50.0
2026-03-05T08:52:22.551839,0,0,2,51.0
2026-03-05T08:52:23.557838,0,0,2,50.0
2026-03-05T08:52:24.563839,0,0,2,50.0
2026-03-05T08:52:25.569852,0,0,2,51.0
2026-03-05T08:52:26.576838,0,0,2,50.0
2026-03-05T08:52:28.578620,0,0,2,50.0
2026-03-05T08:52:28.588840,0,0,2,51.0
2026-03-05T08:52:29.595871,0,0,2,50.0
2026-03-05T08:52:30.601870,0,0,2,50.0
2026-03-05T08:52:31.608879,0,0,2,50.0
2026-03-05T08:52:32.613882,0,0,2,51.0
2026-03-05T08:52:33.620845,0,0,2,50.0
2026-03-05T08:52:35.622482,0,0,3,50.0
2026-03-05T08:52:35.633880,0,0,2,51.0
2026-03-05T08:52:36.640884,0,0,2,50.0
2026-03-05T08:52:37.645931,0,0,2,50.0
2026-03-05T08:52:38.652893,0,0,2,51.0
2026-03-05T08:52:39.658902,0,0,2,50.0
2026-03-05T08:52:40.665897,0,0,3,50.0
2026-03-05T08:52:42.667695,0,0,3,51.0
2026-03-05T08:52:42.677885,0,0,2,50.0
2026-03-05T08:52:43.684912,0,0,2,50.0
2026-03-05T08:52:44.690919,0,0,2,51.0
2026-03-05T08:52:45.696912,0,0,2,50.0
2026-03-05T08:52:46.702957,0,0,3,50.0
2026-03-05T08:52:47.709905,0,0,2,51.0
2026-03-05T08:52:49.711747,0,0,2,50.0
2026-03-05T08:52:49.722863,0,0,2,50.0
2026-03-05T08:52:50.727839,0,0,2,50.0
2026-03-05T08:52:51.734911,0,0,2,51.0
2026-03-05T08:52:52.741941,0,0,2,50.0
2026-03-05T08:52:53.747952,0,0,2,50.0
2026-03-05T08:52:54.754124,0,0,1,51.0
2026-03-05T08:52:55.760035,0,0,2,50.0
2026-03-05T08:54:22.382759,0,0,2,51.0
2026-03-05T08:54:23.388945,0,0,2,50.0
2026-03-05T08:54:24.394859,0,0,2,51.0
2026-03-05T08:54:25.401968,0,0,2,50.0
2026-03-05T08:54:26.406994,0,0,2,50.0
2026-03-05T08:54:27.413961,0,0,2,51.0
2026-03-05T08:54:28.419918,0,0,2,50.0
2026-03-05T08:54:29.424918,0,0,3,50.0
2026-03-05T08:54:30.432933,0,0,2,51.0
2026-03-05T08:54:31.437914,0,0,2,50.0
2026-03-05T08:54:32.445931,0,0,2,50.0
2026-03-05T08:54:33.451920,0,0,2,50.0
2026-03-05T08:54:34.457913,0,0,2,51.0
2026-03-05T08:54:35.463916,0,0,2,50.0
2026-03-05T08:54:36.470904,0,0,2,50.0
2026-03-05T08:54:37.476904,0,0,2,51.0
2026-03-05T08:54:38.483801,0,0,2,50.0
2026-03-05T08:54:40.485688,0,0,2,50.0
2026-03-05T08:54:40.495910,0,0,2,51.0
2026-03-05T08:54:41.502934,0,0,2,50.0
2026-03-05T08:54:42.508904,0,0,2,50.0
2026-03-05T08:54:43.514904,0,0,2,51.0
2026-03-05T08:54:44.520920,0,0,3,50.0
2026-03-05T08:54:45.526853,0,0,3,50.0
2026-03-05T08:54:46.534833,0,0,2,51.0
2026-03-05T08:54:47.539822,0,0,3,50.0
2026-03-05T08:54:48.546819,0,0,2,50.0
2026-03-05T08:54:49.552813,0,0,2,51.0
2026-03-05T08:54:50.559828,0,0,2,50.0
2026-03-05T08:54:51.565806,0,0,3,50.0
2026-03-05T08:54:52.571799,0,0,2,50.0
2026-03-05T08:54:53.577819,0,0,2,51.0
2026-03-05T08:54:54.584816,0,0,2,50.0
2026-03-05T08:54:55.591805,0,0,2,50.0
2026-03-05T08:54:56.596826,0,0,2,51.0
2026-03-05T08:54:57.603777,0,0,2,50.0
2026-03-05T08:54:58.609778,0,0,2,50.0
2026-03-05T08:54:59.616776,0,0,3,51.0
2026-03-05T08:55:00.621807,0,0,3,50.0
2026-03-05T08:55:01.628779,0,0,2,50.0
2026-03-05T08:55:02.635767,0,0,2,51.0
2026-03-05T08:55:03.641761,0,0,2,50.0
2026-03-05T08:55:04.648760,0,0,2,50.0
2026-03-05T08:55:05.653800,0,0,2,51.0
2026-03-05T08:55:06.659826,0,0,3,50.0
2026-03-05T08:55:07.666829,0,0,2,50.0
2026-03-05T08:55:08.673759,0,0,2,51.0
2026-03-05T08:55:09.678785,0,0,2,50.0
2026-03-05T08:55:10.685809,0,0,2,50.0
2026-03-05T08:55:11.692786,0,0,2,50.0
2026-03-05T08:55:12.698798,0,0,3,51.0
2026-03-05T08:55:13.704780,0,0,2,50.0
2026-03-05T08:55:15.706606,0,0,3,50.0
2026-03-05T08:55:37.121132,0,0,2,51.0
2026-03-05T08:55:38.127601,0,0,3,50.0
2026-03-05T08:55:39.133592,0,0,2,50.0
2026-03-05T08:55:41.134473,0,0,2,51.0
2026-03-05T08:55:41.145518,0,0,3,50.0
2026-03-05T08:55:42.152570,0,0,2,50.0
2026-03-05T08:55:43.158571,0,0,2,51.0
2026-03-05T08:55:44.165525,0,0,2,50.0
2026-03-05T08:55:45.171562,0,0,3,50.0
2026-03-05T08:55:46.177589,0,0,2,51.0
2026-03-05T08:56:39.864788,0,0,2,51.0
2026-03-05T08:56:40.871183,0,0,2,50.0
2026-03-05T08:56:41.877261,0,0,1,51.0
2026-03-05T08:56:42.883229,0,0,2,50.0
2026-03-05T08:56:43.889237,0,0,3,50.0
2026-03-05T08:56:44.896242,0,0,3,51.0
2026-03-05T08:56:45.902282,0,0,2,50.0
2026-03-05T08:56:46.909282,0,0,2,50.0
2026-03-05T08:56:48.910493,0,0,2,51.0
2026-03-05T08:56:48.921130,0,0,3,50.0
2026-03-05T08:56:49.928101,0,0,2,50.0
2026-03-05T08:56:50.934194,0,0,2,50.0
2026-03-05T08:56:51.941091,0,0,2,51.0
2026-03-05T08:56:52.946185,0,0,2,50.0
2026-03-05T08:56:53.953084,0,0,2,50.0
2026-03-05T08:56:54.959107,0,0,3,51.0
2026-03-05T08:56:56.960887,0,0,2,50.0
2026-03-05T08:56:56.972053,0,0,2,50.0
2026-03-05T08:56:57.978104,0,0,2,51.0
2026-03-05T08:56:58.985051,0,0,2,50.0
2026-03-05T08:56:59.990114,0,0,3,50.0
2026-03-05T08:57:00.997054,0,0,2,51.0
2026-03-05T08:57:02.003036,0,0,2,50.0
2026-03-05T08:57:03.009989,0,0,2,50.0
2026-03-05T08:57:04.017024,0,0,2,51.0
2026-03-05T08:57:05.023006,0,0,2,50.0
2026-03-05T08:57:06.028982,0,0,2,50.0
2026-03-05T08:57:07.034998,0,0,2,50.0
2026-03-05T08:57:08.041980,0,0,2,51.0
2026-03-05T08:57:09.047969,0,0,3,50.0
2026-03-05T08:57:10.053983,0,0,2,50.0
2026-03-05T08:57:12.055909,0,0,3,51.0
2026-03-05T08:57:12.066914,0,0,2,50.0
2026-03-05T08:57:13.073934,0,0,2,50.0
2026-03-05T08:57:14.078925,0,0,2,51.0
2026-03-05T08:57:15.085916,0,0,2,50.0
2026-03-05T08:57:16.091912,0,0,3,50.0
2026-03-05T08:57:17.098892,0,0,2,51.0
2026-03-05T08:57:18.104762,0,0,2,50.0
2026-03-05T08:57:19.110925,0,0,2,50.0
2026-03-05T08:57:20.117880,0,0,2,51.0
2026-03-05T08:57:21.123880,0,0,2,50.0
2026-03-05T08:57:22.130879,0,0,2,50.0
2026-03-05T08:57:23.135863,0,0,2,51.0
2026-03-05T08:57:24.142849,0,0,2,50.0
2026-03-05T08:57:25.148840,0,0,3,50.0
2026-03-05T08:57:26.155828,0,0,2,50.0
2026-03-05T08:57:27.160780,0,0,3,51.0
2026-03-05T08:57:28.167773,0,0,3,50.0
2026-03-05T08:57:29.174810,0,0,2,50.0
2026-03-05T08:57:30.180787,0,0,2,51.0
2026-03-05T08:57:31.187777,0,0,3,50.0
2026-03-05T08:57:32.192754,0,0,3,50.0
2026-03-05T08:57:33.198755,0,0,2,51.0
2026-03-05T08:57:34.205736,0,0,2,50.0
2026-03-05T08:57:35.212708,0,0,2,50.0
2026-03-05T08:57:36.218711,0,0,2,51.0
2026-03-05T08:57:37.224710,0,0,3,50.0
2026-03-05T08:57:38.231696,0,0,2,50.0
2026-03-05T08:57:39.237687,0,0,2,51.0
2026-03-05T08:57:40.243714,0,0,2,50.0
2026-03-05T08:57:41.249654,0,0,2,50.0
2026-03-05T08:57:42.256667,0,0,3,51.0
2026-03-05T08:57:43.262631,0,0,3,50.0
2026-03-05T08:57:44.269629,0,0,2,50.0
2026-03-05T08:57:45.275620,0,0,2,50.0
2026-03-05T08:57:46.280648,0,0,3,51.0
2026-03-05T08:58:08.623010,0,0,2,52.0
2026-03-05T08:58:09.629362,0,0,2,50.0
2026-03-05T08:58:10.634496,0,0,2,50.0
2026-03-05T08:58:11.642518,0,0,2,51.0
2026-03-05T08:58:12.647395,0,0,2,50.0
2026-03-05T08:58:13.654456,0,0,2,50.0
2026-03-05T08:58:14.660283,0,0,3,51.0
2026-03-05T08:58:15.667368,0,0,3,50.0
2026-03-05T08:58:16.673336,0,0,2,50.0
2026-03-05T08:58:17.679346,0,0,2,51.0
2026-03-05T08:58:18.685332,0,0,3,50.0
2026-03-05T08:58:19.692277,0,0,1,50.0
2026-03-05T08:58:20.699316,0,0,2,51.0
2026-03-05T08:58:21.704284,0,0,2,50.0
2026-03-05T08:58:22.711276,0,0,3,50.0
2026-03-05T08:58:23.717276,0,0,2,50.0
2026-03-05T08:58:24.724256,0,0,2,51.0
2026-03-05T08:58:25.730278,0,0,2,50.0
2026-03-05T08:58:27.732098,0,0,2,50.0
2026-03-05T08:58:27.743132,0,0,3,51.0
2026-03-05T08:58:28.749167,0,0,2,50.0
2026-03-05T08:58:29.755176,0,0,2,50.0
2026-03-05T08:58:30.760153,0,0,2,51.0
2026-03-05T08:58:31.768148,0,0,2,50.0
2026-03-05T08:58:32.773097,0,0,1,50.0
2026-03-05T08:58:34.774870,0,0,2,51.0
2026-03-05T08:58:34.787211,0,0,2,50.0
2026-03-05T08:58:35.793185,0,0,2,50.0
2026-03-05T08:58:36.800172,0,0,2,51.0
2026-03-05T08:58:37.806221,0,0,2,50.0
2026-03-05T08:58:38.812153,0,0,2,50.0
2026-03-05T08:58:39.818122,0,0,3,51.0
2026-03-05T08:58:40.825061,0,0,2,50.0
2026-03-05T08:58:41.832047,0,0,2,50.0
2026-03-05T08:58:42.836999,0,0,2,50.0
2026-03-05T08:58:43.844014,0,0,2,51.0
2026-03-05T08:58:44.849978,0,0,2,50.0
2026-03-05T08:58:45.856993,0,0,2,50.0
2026-03-05T08:58:46.862890,0,0,2,51.0
2026-03-05T08:58:48.864659,0,0,2,50.0
2026-03-05T08:58:48.875903,0,0,2,50.0
2026-03-05T08:58:49.881931,0,0,3,51.0
2026-03-05T08:58:50.888919,0,0,2,50.0
2026-03-05T08:58:51.893899,0,0,2,50.0
2026-03-05T08:58:52.900874,0,0,3,51.0
2026-03-05T08:58:53.905846,0,0,2,50.0
2026-03-05T08:58:55.907607,0,0,2,50.0
2026-03-05T08:58:55.918727,0,0,2,51.0
2026-03-05T08:58:56.925835,0,0,2,50.0
2026-03-05T08:58:57.932828,0,0,2,50.0
2026-03-05T08:58:58.938832,0,0,2,51.0
2026-03-05T08:58:59.945831,0,0,2,50.0
2026-03-05T08:59:00.950725,0,0,2,50.0
2026-03-05T08:59:01.957867,0,0,2,50.0
2026-03-05T08:59:02.963781,0,0,2,51.0
2026-03-05T08:59:03.970868,0,0,2,50.0
2026-03-05T08:59:05.972631,0,0,2,50.0
2026-03-05T08:59:05.982712,0,0,2,51.0
2026-03-05T08:59:06.989720,0,0,3,50.0
2026-03-05T08:59:07.995706,0,0,2,50.0
2026-03-05T08:59:09.001689,0,0,3,51.0
2026-03-05T08:59:10.007682,0,0,2,50.0
2026-03-05T08:59:11.013742,0,0,2,50.0
2026-03-05T08:59:12.020711,0,0,3,51.0
2026-03-05T08:59:13.027696,0,0,2,50.0
2026-03-05T08:59:14.033673,0,0,2,50.0
2026-03-05T08:59:15.039671,0,0,2,51.0
2026-03-05T08:59:16.046684,0,0,2,50.0
2026-03-05T08:59:17.052667,0,0,3,50.0
2026-03-05T08:59:18.057593,0,0,3,51.0
2026-03-05T08:59:20.059365,0,0,2,50.0
2026-03-05T08:59:20.071566,0,0,2,50.0
2026-03-05T08:59:21.078592,0,0,2,51.0
2026-03-05T08:59:22.083567,0,0,3,50.0
2026-03-05T08:59:23.090560,0,0,2,50.0
2026-03-05T08:59:24.096530,0,0,3,50.0
2026-03-05T08:59:25.103457,0,0,2,51.0
2026-03-05T08:59:26.109617,0,0,2,50.0
2026-03-05T08:59:28.111371,0,0,2,50.0
2026-03-05T08:59:28.121429,0,0,2,51.0
2026-03-05T08:59:29.128470,0,0,4,50.0
2026-03-05T08:59:30.135452,0,0,2,50.0
2026-03-05T08:59:31.140439,0,0,2,51.0
2026-03-05T08:59:32.147454,0,0,2,50.0
2026-03-05T08:59:33.153462,0,0,2,50.0
2026-03-05T08:59:35.155243,0,0,2,51.0
2026-03-05T08:59:35.165378,0,0,3,50.0
2026-03-05T08:59:36.172416,0,0,3,50.0
2026-03-05T08:59:37.179434,0,0,2,51.0
2026-03-05T08:59:38.185377,0,0,2,50.0
2026-03-05T08:59:39.192383,0,0,3,50.0
2026-03-05T08:59:40.197396,0,0,3,50.0
2026-03-05T08:59:41.204292,0,0,3,51.0
2026-03-05T08:59:42.210414,0,0,2,50.0
2026-03-05T08:59:43.217284,0,0,2,50.0
2026-03-05T08:59:44.222333,0,0,2,51.0
2026-03-05T08:59:45.229252,0,0,2,50.0
2026-03-05T08:59:46.236251,0,0,2,50.0
2026-03-05T08:59:47.242297,0,0,3,51.0
2026-03-05T08:59:48.247239,0,0,3,50.0
2026-03-05T08:59:49.254311,0,0,2,50.0
2026-03-05T08:59:50.261196,0,0,2,51.0
2026-03-05T08:59:51.267169,0,0,3,50.0
2026-03-05T08:59:52.274255,0,0,3,50.0
2026-03-05T08:59:53.280164,0,0,2,51.0
2026-03-05T08:59:54.286301,0,0,2,50.0
2026-03-05T08:59:55.292185,0,0,2,50.0
2026-03-05T08:59:56.299265,0,0,2,50.0
2026-03-05T08:59:58.301147,0,0,2,51.0
2026-03-05T08:59:58.311107,0,0,3,50.0
2026-03-05T08:59:59.318184,0,0,2,50.0
2026-03-05T09:00:00.324433,0,0,2,51.0
2026-03-05T09:00:01.330214,0,0,2,50.0
2026-03-05T09:00:02.337066,0,0,2,50.0
2026-03-05T09:00:03.342105,0,0,2,51.0
2026-03-05T09:00:05.343896,0,0,2,50.0
2026-03-05T09:00:05.355944,0,0,2,50.0
2026-03-05T09:00:06.361962,0,0,2,51.0
2026-03-05T09:00:07.367955,0,0,2,50.0
2026-03-05T09:00:08.374942,0,0,3,50.0
2026-03-05T09:00:09.381924,0,0,2,51.0
2026-03-05T09:00:10.386955,0,0,3,50.0
2026-03-05T09:00:11.393968,0,0,3,50.0
2026-03-05T09:00:12.399951,0,0,2,51.0
2026-03-05T09:00:13.406947,0,0,2,50.0
2026-03-05T09:00:14.411958,0,0,2,50.0
2026-03-05T09:00:15.418908,0,0,2,50.0
2026-03-05T09:00:16.424890,0,0,2,51.0
2026-03-05T09:00:17.429820,0,0,2,50.0
2026-03-05T09:00:18.438933,0,0,2,50.0
2026-03-05T09:00:19.443909,0,0,2,51.0
2026-03-05T09:00:20.450883,0,0,2,50.0
2026-03-05T09:00:50.875159,0,0,2,51.0
2026-03-05T09:00:51.881347,0,0,2,51.0
2026-03-05T09:00:52.887388,0,0,2,50.0
2026-03-05T09:00:53.894449,0,0,2,50.0
2026-03-05T09:00:54.899326,0,0,2,50.0
2026-03-05T09:00:55.906435,0,0,2,51.0
2026-03-05T09:00:56.912304,0,0,2,50.0
2026-03-05T09:00:57.919282,0,0,2,50.0
2026-03-05T09:00:58.925256,0,0,2,51.0
2026-03-05T09:00:59.931215,0,0,3,50.0
2026-03-05T09:01:01.933013,0,0,2,50.0
2026-03-05T09:01:20.897416,0,0,2,50.0
2026-03-05T09:01:23.379925,0,0,2,52.0
2026-03-05T09:01:24.387886,0,0,3,50.0
2026-03-05T09:01:25.393841,0,0,2,50.0
2026-03-05T09:01:27.395691,0,0,2,51.0
2026-03-05T09:01:27.405804,0,0,2,50.0
2026-03-05T09:01:28.412806,0,0,2,50.0
2026-03-05T09:01:29.418767,0,0,2,50.0
2026-03-05T09:01:30.425768,0,0,2,51.0
2026-03-05T09:01:31.431763,0,0,3,50.0
2026-03-05T09:01:32.437768,0,0,3,50.0
2026-03-05T09:01:33.444789,0,0,2,51.0
2026-03-05T09:01:34.450754,0,0,3,50.0
2026-03-05T09:01:35.457732,0,0,3,50.0
2026-03-05T09:01:36.462721,0,0,2,51.0
2026-03-05T09:01:37.469628,0,0,3,50.0
2026-03-05T09:01:38.475672,0,0,2,50.0
2026-03-05T09:01:39.482764,0,0,2,51.0
2026-03-05T09:01:41.484625,0,0,2,50.0
2026-03-05T09:01:41.494685,0,0,2,50.0
2026-03-05T09:01:42.500630,0,0,2,51.0
2026-03-05T09:01:43.507650,0,0,2,51.0
2026-03-05T09:01:44.513608,0,0,2,50.0
2026-03-05T09:01:45.519606,0,0,3,50.0
2026-03-05T09:01:46.526678,0,0,2,51.0
2026-03-05T09:01:47.533657,0,0,3,50.0
2026-03-05T09:01:48.539589,0,0,1,50.0
2026-03-05T09:01:49.545482,0,0,2,51.0
2026-03-05T09:01:50.551456,0,0,2,50.0
2026-03-05T09:01:51.558503,0,0,2,50.0
2026-03-05T09:01:52.564438,0,0,2,51.0
2026-03-05T09:01:53.570482,0,0,2,50.0
2026-03-05T09:01:54.576402,0,0,2,50.0
2026-03-05T09:01:55.583407,0,0,2,51.0
2026-03-05T09:01:56.590442,0,0,2,50.0
2026-03-05T09:01:57.594433,0,0,2,50.0
2026-03-05T09:01:58.602419,0,0,2,51.0
2026-03-05T09:01:59.608325,0,0,2,50.0
2026-03-05T09:02:00.615298,0,0,2,50.0
2026-03-05T09:02:02.617034,0,0,3,51.0
2026-03-05T09:02:02.627280,0,0,2,50.0
2026-03-05T09:02:03.634348,0,0,2,50.0
2026-03-05T09:02:04.640247,0,0,3,50.0
2026-03-05T09:02:05.647243,0,0,2,51.0
2026-03-05T09:02:06.652207,0,0,2,50.0
2026-03-05T09:02:07.659157,0,0,3,50.0
2026-03-05T09:02:08.665263,0,0,3,51.0
2026-03-05T09:02:09.672210,0,0,2,50.0
2026-03-05T09:02:10.677210,0,0,2,50.0
2026-03-05T09:02:11.684101,0,0,2,51.0
2026-03-05T09:02:12.691124,0,0,2,50.0
2026-03-05T09:02:13.697108,0,0,2,50.0
2026-03-05T09:02:14.703078,0,0,2,51.0
2026-03-05T09:02:15.709051,0,0,2,50.0
2026-03-05T09:02:16.716138,0,0,2,50.0
2026-03-05T09:02:17.722173,0,0,2,51.0
2026-03-05T09:02:18.729044,0,0,3,50.0
2026-03-05T09:02:19.735036,0,0,2,50.0
2026-03-05T09:02:20.740980,0,0,2,51.0
2026-03-05T09:02:21.748008,0,0,2,50.0
2026-03-05T09:02:22.754123,0,0,2,50.0
2026-03-05T09:02:23.760927,0,0,2,50.0
2026-03-05T09:02:24.764021,0,0,2,51.0
2026-03-05T09:02:25.772992,0,0,2,50.0
2026-03-05T09:02:26.778931,0,0,2,50.0
2026-03-05T09:02:27.785907,0,0,2,51.0
2026-03-05T09:02:28.791884,0,0,2,50.0
2026-03-05T09:02:29.797836,0,0,2,50.0
2026-03-05T09:02:30.804830,0,0,2,51.0
2026-03-05T09:02:31.810680,0,0,3,50.0
2026-03-05T09:02:32.816839,0,0,2,50.0
2026-03-05T09:02:33.822834,0,0,2,51.0
2026-03-05T09:02:34.829818,0,0,2,50.0
2026-03-05T09:02:35.836783,0,0,2,50.0
2026-03-05T09:02:36.841767,0,0,2,51.0
2026-03-05T09:02:37.848745,0,0,2,50.0
2026-03-05T09:02:38.854745,0,0,2,50.0
2026-03-05T09:02:40.856580,0,0,2,51.0
2026-03-05T09:03:32.887459,0,0,0,51.0
2026-03-05T09:03:35.370776,0,0,2,51.0
2026-03-05T09:03:36.377752,0,0,2,50.0
2026-03-05T09:03:37.381666,0,0,3,51.0
2026-03-05T09:03:39.383498,0,0,2,50.0
2026-03-05T09:04:00.875991,0,0,2,51.0
2026-03-05T09:04:01.882421,0,0,3,51.0
2026-03-05T09:04:02.886373,0,0,2,50.0
2026-03-05T09:04:04.888152,0,0,2,50.0
2026-03-05T09:04:04.900203,0,0,2,50.0
2026-03-05T09:04:05.907227,0,0,2,51.0
2026-03-05T09:04:06.913197,0,0,2,50.0
2026-03-05T09:04:07.920223,0,0,2,50.0
2026-03-05T09:04:08.926300,0,0,2,51.0
2026-03-05T09:04:09.932136,0,0,2,50.0
2026-03-05T09:04:10.939221,0,0,2,50.0
2026-03-05T09:04:11.945134,0,0,3,51.0
2026-03-05T09:04:12.952108,0,0,2,50.0
2026-03-05T09:04:13.957086,0,0,2,50.0
2026-03-05T09:04:14.964071,0,0,3,51.0
2026-03-05T09:04:15.970192,0,0,2,50.0
2026-03-05T09:04:16.977017,0,0,2,50.0
2026-03-05T09:04:17.983053,0,0,2,51.0
2026-03-05T09:04:18.988993,0,0,2,50.0
2026-03-05T09:04:19.995963,0,0,3,50.0
2026-03-05T09:04:21.001956,0,0,2,50.0
2026-03-05T09:04:22.007931,0,0,2,51.0
2026-03-05T09:04:23.011889,0,0,2,50.0
2026-03-05T09:04:24.020980,0,0,1,50.0
2026-03-05T09:04:25.027891,0,0,1,51.0
2026-03-05T09:04:26.033868,0,0,3,50.0
2026-03-05T09:04:27.039866,0,0,2,50.0
2026-03-05T09:04:28.045865,0,0,3,51.0
2026-03-05T09:04:29.052803,0,0,2,50.0
2026-03-05T09:04:30.058821,0,0,2,50.0
2026-03-05T09:04:31.064802,0,0,2,51.0
2026-03-05T09:04:32.070766,0,0,3,50.0
2026-03-05T09:04:33.077730,0,0,2,50.0
2026-03-05T09:04:34.084741,0,0,2,51.0
2026-03-05T09:04:35.089766,0,0,2,50.0
2026-03-05T09:04:36.096692,0,0,3,50.0
2026-03-05T09:04:37.102684,0,0,2,51.0
2026-03-05T09:04:38.109640,0,0,2,50.0
2026-03-05T09:04:39.115623,0,0,2,50.0
2026-03-05T09:04:40.121619,0,0,3,50.0
2026-03-05T09:04:41.128622,0,0,2,51.0
2026-03-05T09:04:42.134580,0,0,2,50.0
2026-03-05T09:04:43.141551,0,0,2,50.0
2026-03-05T09:04:44.146559,0,0,2,51.0
2026-03-05T09:04:45.153512,0,0,2,50.0
2026-03-05T09:04:46.159483,0,0,2,50.0
2026-03-05T09:04:47.166548,0,0,2,51.0
2026-03-05T09:04:48.171492,0,0,3,50.0
2026-03-05T09:04:49.178489,0,0,2,50.0
2026-03-05T09:04:50.185410,0,0,2,51.0
2026-03-05T09:04:51.190483,0,0,2,50.0
2026-03-05T09:04:52.198460,0,0,2,50.0
2026-03-05T09:04:53.203388,0,0,2,51.0
2026-03-05T09:04:54.210456,0,0,2,50.0
2026-03-05T09:04:55.216383,0,0,2,50.0
2026-03-05T09:04:56.223392,0,0,2,51.0
2026-03-05T09:04:57.229364,0,0,2,50.0
2026-03-05T09:04:58.235285,0,0,2,50.0
2026-03-05T09:04:59.242380,0,0,2,50.0
2026-03-05T09:05:00.248267,0,0,2,51.0
2026-03-05T09:05:01.255238,0,0,2,50.0
2026-03-05T09:05:03.257003,0,0,2,50.0
2026-03-05T09:05:03.267168,0,0,2,51.0
2026-03-05T09:05:04.273171,0,0,2,50.0
2026-03-05T09:05:05.280154,0,0,2,50.0
2026-03-05T09:05:06.286220,0,0,3,51.0
2026-03-05T09:05:07.292114,0,0,2,50.0
2026-03-05T09:05:08.299072,0,0,2,50.0
2026-03-05T09:05:09.305084,0,0,2,51.0
2026-03-05T09:05:10.311086,0,0,2,50.0
2026-03-05T09:05:11.317065,0,0,2,50.0
2026-03-05T09:05:12.324063,0,0,2,51.0
2026-03-05T09:05:13.331035,0,0,2,50.0
2026-03-05T09:05:14.337025,0,0,3,50.0
2026-03-05T09:05:15.343012,0,0,2,51.0
2026-03-05T09:05:16.348924,0,0,2,50.0
2026-03-05T09:05:18.350705,0,0,3,50.0
2026-03-05T09:05:18.361867,0,0,2,50.0
2026-03-05T09:05:19.367928,0,0,3,51.0
2026-03-05T09:05:20.373913,0,0,2,50.0
2026-03-05T09:05:21.380866,0,0,2,50.0
2026-03-05T09:05:22.387879,0,0,2,51.0
2026-03-05T09:05:23.392836,0,0,2,50.0
2026-03-05T09:05:24.399815,0,0,2,50.0
2026-03-05T09:05:25.405810,0,0,3,51.0
2026-03-05T09:05:26.412777,0,0,2,50.0
2026-03-05T09:05:27.418744,0,0,1,50.0
2026-03-05T09:05:28.424751,0,0,2,51.0
2026-03-05T09:05:29.431731,0,0,2,50.0
2026-03-05T09:05:30.437724,0,0,2,50.0
2026-03-05T09:05:32.438519,0,0,2,51.0
2026-03-05T09:05:32.449663,0,0,2,50.0
2026-03-05T09:05:33.456630,0,0,2,50.0
2026-03-05T09:05:34.462612,0,0,2,50.0
2026-03-05T09:05:35.469481,0,0,2,51.0
2026-03-05T09:05:36.474578,0,0,2,50.0
2026-03-05T09:05:37.481540,0,0,3,50.0
2026-03-05T09:05:38.488551,0,0,3,51.0
2026-03-05T09:05:39.494564,0,0,2,50.0
2026-03-05T09:05:40.501517,0,0,2,50.0
2026-03-05T09:05:41.506552,0,0,3,51.0
2026-03-05T09:05:42.513488,0,0,2,50.0
2026-03-05T09:05:43.518603,0,0,2,50.0
2026-03-05T09:05:44.526471,0,0,2,51.0
2026-03-05T09:05:45.532479,0,0,2,50.0
2026-03-05T09:05:47.534303,0,0,2,50.0
2026-03-05T09:05:47.545331,0,0,2,51.0
2026-03-05T09:05:48.551357,0,0,2,50.0
2026-03-05T09:05:49.557349,0,0,2,50.0
2026-03-05T09:05:50.563305,0,0,2,51.0
2026-03-05T09:05:51.570391,0,0,2,50.0
2026-03-05T09:05:52.576297,0,0,3,50.0
2026-03-05T09:05:53.583244,0,0,2,50.0
2026-03-05T09:05:54.589273,0,0,2,51.0
2026-03-05T09:05:55.595212,0,0,2,50.0
2026-03-05T09:05:56.602301,0,0,3,50.0
2026-03-05T09:05:57.608159,0,0,2,51.0
2026-03-05T09:05:58.614245,0,0,3,50.0
2026-03-05T09:05:59.620123,0,0,2,50.0
2026-03-05T09:06:00.626727,0,0,2,51.0
2026-03-05T09:06:01.634225,0,0,2,50.0
2026-03-05T09:06:02.639104,0,0,2,50.0
2026-03-05T09:06:03.646141,0,0,2,51.0
2026-03-05T09:06:04.652058,0,0,2,50.0
2026-03-05T09:06:05.659043,0,0,2,50.0
2026-03-05T09:06:06.665040,0,0,3,51.0
2026-03-05T09:06:07.670983,0,0,2,50.0
2026-03-05T09:06:08.676987,0,0,2,50.0
2026-03-05T09:06:09.683947,0,0,3,51.0
2026-03-05T09:06:10.690962,0,0,2,50.0
2026-03-05T09:06:11.695929,0,0,2,50.0
2026-03-05T09:06:12.702918,0,0,2,50.0
2026-03-05T09:06:13.708894,0,0,2,51.0
2026-03-05T09:06:14.715860,0,0,2,50.0
2026-03-05T09:06:15.720885,0,0,2,50.0
2026-03-05T09:06:16.727890,0,0,2,51.0
2026-03-05T09:06:17.734842,0,0,2,50.0
2026-03-05T09:06:18.740819,0,0,2,50.0
2026-03-05T09:06:19.747784,0,0,2,51.0
2026-03-05T09:06:20.752795,0,0,2,50.0
2026-03-05T09:06:21.757786,0,0,2,50.0
2026-03-05T09:06:23.759740,0,0,2,51.0
2026-03-05T09:06:23.772713,0,0,3,50.0
2026-03-05T09:06:25.774566,0,0,3,50.0
2026-03-05T09:06:25.783657,0,0,2,51.0
2026-03-05T09:06:26.791680,0,0,2,50.0
2026-03-05T09:06:27.797606,0,0,2,50.0
2026-03-05T09:06:28.804642,0,0,2,51.0
2026-03-05T09:06:29.809590,0,0,2,50.0
2026-03-05T09:06:30.816542,0,0,3,50.0
2026-03-05T09:06:31.821612,0,0,2,50.0
2026-03-05T09:06:32.829495,0,0,2,51.0
2026-03-05T09:06:33.835495,0,0,2,50.0
2026-03-05T09:06:34.841471,0,0,2,50.0
2026-03-05T09:06:35.848445,0,0,2,51.0
2026-03-05T09:06:37.850272,0,0,2,50.0
2026-03-05T09:06:37.860330,0,0,2,50.0
2026-03-05T09:07:04.391614,0,0,2,50.0
2026-03-05T09:07:06.874880,0,0,2,51.0
2026-03-05T09:07:07.881831,0,0,2,50.0
2026-03-05T09:07:08.885796,0,0,2,51.0
2026-03-05T09:07:10.887671,0,0,2,50.0
2026-03-05T09:07:22.639084,0,0,3,50.0
2026-03-05T09:07:25.122458,0,0,2,51.0
2026-03-05T09:07:26.129437,0,0,2,51.0
2026-03-05T09:07:27.135420,0,0,2,50.0
2026-03-05T09:07:29.137198,0,0,2,50.0
2026-03-05T09:07:29.147344,0,0,3,51.0
2026-03-05T09:07:30.153357,0,0,2,50.0
2026-03-05T09:07:31.160351,0,0,2,50.0
2026-03-05T09:07:32.167359,0,0,2,51.0
2026-03-05T09:07:33.174350,0,0,3,50.0
2026-03-05T09:07:34.179319,0,0,2,50.0
2026-03-05T09:07:35.185276,0,0,3,51.0
2026-03-05T09:07:37.187082,0,0,2,50.0
2026-03-05T09:07:37.198291,0,0,2,50.0
2026-03-05T09:07:38.204226,0,0,2,51.0
2026-03-05T09:07:39.211202,0,0,2,50.0
2026-03-05T09:07:40.217182,0,0,2,50.0
2026-03-05T09:07:41.224147,0,0,2,50.0
2026-03-05T09:07:42.230225,0,0,2,51.0
2026-03-05T09:07:43.236151,0,0,2,50.0
2026-03-05T09:07:44.243120,0,0,2,50.0
2026-03-05T09:07:45.249124,0,0,3,51.0
2026-03-05T09:07:46.256098,0,0,1,50.0
2026-03-05T09:07:47.261075,0,0,1,50.0
2026-03-05T09:07:48.267051,0,0,3,51.0
2026-03-05T09:07:49.273026,0,0,3,50.0
2026-03-05T09:07:50.281069,0,0,3,50.0
2026-03-05T09:07:52.282845,0,0,3,51.0
2026-03-05T09:07:52.292901,0,0,2,50.0
2026-03-05T09:07:53.299990,0,0,3,50.0
2026-03-05T09:07:55.301761,0,0,1,51.0
2026-03-05T09:07:55.311810,0,0,2,50.0
2026-03-05T09:07:56.317845,0,0,2,50.0
2026-03-05T09:07:57.324829,0,0,2,51.0
2026-03-05T09:07:58.331868,0,0,2,50.0
2026-03-05T09:07:59.336827,0,0,2,50.0
2026-03-05T09:08:00.342801,0,0,3,50.0
2026-03-05T09:08:01.349861,0,0,2,51.0
2026-03-05T09:08:03.351713,0,0,3,50.0
2026-03-05T09:08:03.362663,0,0,2,50.0
2026-03-05T09:08:04.368682,0,0,2,51.0
2026-03-05T09:08:05.375656,0,0,2,50.0
2026-03-05T09:08:06.381684,0,0,2,50.0
2026-03-05T09:08:07.388642,0,0,2,51.0
2026-03-05T09:08:08.391642,0,0,2,50.0
2026-03-05T09:08:09.400684,0,0,2,50.0
2026-03-05T09:08:11.402452,0,0,2,51.0
2026-03-05T09:08:11.413465,0,0,2,50.0
2026-03-05T09:08:12.418559,0,0,2,50.0
2026-03-05T09:08:13.425539,0,0,2,51.0
2026-03-05T09:08:14.432522,0,0,2,50.0
2026-03-05T09:08:15.438516,0,0,2,50.0
2026-03-05T09:08:16.443452,0,0,2,51.0
2026-03-05T09:08:17.450555,0,0,2,50.0
2026-03-05T09:08:19.452283,0,0,2,50.0
2026-03-05T09:08:19.463357,0,0,2,50.0
2026-03-05T09:08:20.470433,0,0,3,51.0
2026-03-05T09:08:21.476336,0,0,3,50.0
2026-03-05T09:08:22.482412,0,0,3,50.0
2026-03-05T09:08:23.489326,0,0,3,51.0
2026-03-05T09:08:24.493237,0,0,2,50.0
2026-03-05T09:08:26.495017,0,0,2,50.0
2026-03-05T09:08:26.507272,0,0,2,51.0
2026-03-05T09:08:28.509022,0,0,2,50.0
2026-03-05T09:08:28.520265,0,0,2,50.0
2026-03-05T09:08:29.527280,0,0,2,51.0
2026-03-05T09:08:30.533258,0,0,2,50.0
2026-03-05T09:08:32.535053,0,0,2,50.0
2026-03-05T09:08:32.546231,0,0,2,51.0
2026-03-05T09:08:33.552205,0,0,3,50.0
2026-03-05T09:08:35.553978,0,0,2,50.0
2026-03-05T09:08:35.564007,0,0,3,50.0
2026-03-05T09:08:36.571064,0,0,2,51.0
2026-03-05T09:08:37.577983,0,0,2,50.0
2026-03-05T09:08:38.584021,0,0,2,50.0
2026-03-05T09:08:39.589977,0,0,2,51.0
2026-03-05T09:08:40.594893,0,0,2,50.0
2026-03-05T09:10:27.125434,0,0,2,51.0
2026-03-05T09:10:28.131762,0,0,3,51.0
2026-03-05T09:10:29.137786,0,0,2,50.0
2026-03-05T09:10:31.139781,0,0,2,50.0
2026-03-05T09:10:31.149681,0,0,2,51.0
2026-03-05T09:10:33.151518,0,0,2,50.0
2026-03-05T09:10:53.607046,0,0,2,52.0
2026-03-05T09:10:54.613142,0,0,2,50.0
2026-03-05T09:10:55.619113,0,0,2,50.0
2026-03-05T09:10:56.626240,0,0,3,50.0
2026-03-05T09:10:58.628099,0,0,2,51.0
2026-03-05T09:11:26.358228,0,0,3,51.0
2026-03-05T09:11:27.364361,0,0,2,50.0
2026-03-05T09:11:28.370414,0,0,2,51.0
2026-03-05T09:11:29.377355,0,0,2,50.0
2026-03-05T09:11:30.382443,0,0,2,50.0
2026-03-05T09:11:31.389300,0,0,3,51.0
2026-03-05T09:11:32.395341,0,0,2,50.0
2026-03-05T09:11:33.402402,0,0,2,50.0
2026-03-05T09:11:35.404254,0,0,2,51.0
2026-03-05T09:11:35.414349,0,0,2,50.0
2026-03-05T09:11:36.421198,0,0,2,50.0
2026-03-05T09:11:37.427148,0,0,1,51.0
2026-03-05T09:11:38.434222,0,0,2,50.0
2026-03-05T09:11:39.439146,0,0,2,50.0
2026-03-05T09:11:40.446227,0,0,2,50.0
2026-03-05T09:11:41.452095,0,0,2,51.0
2026-03-05T09:11:42.459104,0,0,2,50.0
2026-03-05T09:11:43.465205,0,0,2,50.0
2026-03-05T09:11:45.467066,0,0,3,51.0
2026-03-05T09:11:45.478127,0,0,2,50.0
2026-03-05T09:11:46.484014,0,0,2,52.0
2026-03-05T09:11:47.490088,0,0,3,51.0
2026-03-05T09:11:48.495971,0,0,3,50.0
2026-03-05T09:11:49.502941,0,0,0,50.0
2026-03-05T09:11:50.509900,0,0,2,51.0
2026-03-05T09:11:51.515901,0,0,2,50.0
2026-03-05T09:11:52.521851,0,0,2,50.0
2026-03-05T09:11:53.527826,0,0,2,51.0
2026-03-05T09:11:54.534808,0,0,2,50.0
2026-03-05T09:11:55.540789,0,0,2,50.0
2026-03-05T09:11:56.546771,0,0,2,51.0
2026-03-05T09:11:57.552773,0,0,3,50.0
2026-03-05T09:11:58.559773,0,0,2,50.0
2026-03-05T09:11:59.566768,0,0,2,50.0
2026-03-05T09:12:00.571733,0,0,2,51.0
2026-03-05T09:12:01.578742,0,0,2,50.0
2026-03-05T09:12:02.584662,0,0,2,50.0
2026-03-05T09:12:03.591641,0,0,2,51.0
2026-03-05T09:12:04.597576,0,0,2,50.0
2026-03-05T09:12:06.599372,0,0,2,50.0
2026-03-05T09:12:06.610604,0,0,2,51.0
2026-03-05T09:12:07.616576,0,0,2,50.0
2026-03-05T09:12:08.623598,0,0,3,50.0
2026-03-05T09:12:09.628515,0,0,5,51.0
2026-03-05T09:12:10.635501,0,0,2,50.0
2026-03-05T09:12:11.641424,0,0,2,50.0
2026-03-05T09:12:12.648425,0,0,2,51.0
2026-03-05T09:12:13.653376,0,0,3,50.0
2026-03-05T09:12:14.660345,0,0,2,50.0
2026-03-05T09:12:15.667336,0,0,2,51.0
2026-03-05T09:12:16.673297,0,0,3,50.0
2026-03-05T09:12:17.680300,0,0,2,50.0
2026-03-05T09:12:18.685226,0,0,2,50.0
2026-03-05T09:12:20.686954,0,0,2,51.0
2026-03-05T09:12:20.698306,0,0,2,50.0
2026-03-05T09:12:21.705211,0,0,2,50.0
2026-03-05T09:12:22.711177,0,0,2,51.0
2026-03-05T09:12:23.717165,0,0,2,50.0
2026-03-05T09:12:24.724136,0,0,2,50.0
2026-03-05T09:12:25.730150,0,0,2,51.0
2026-03-05T09:12:27.731969,0,0,2,50.0
2026-03-05T09:12:27.742108,0,0,2,50.0
2026-03-05T09:12:28.749027,0,0,2,51.0
2026-03-05T09:12:29.755021,0,0,2,50.0
2026-03-05T09:12:30.762089,0,0,2,50.0
2026-03-05T09:12:31.767976,0,0,2,51.0
2026-03-05T09:12:32.773969,0,0,2,50.0
2026-03-05T09:12:33.781031,0,0,3,50.0
2026-03-05T09:12:34.786910,0,0,2,50.0
2026-03-05T09:12:35.792885,0,0,2,51.0
2026-03-05T09:12:36.798879,0,0,4,50.0
2026-03-05T09:12:37.805851,0,0,3,50.0
2026-03-05T09:12:39.807743,0,0,2,51.0
2026-03-05T09:12:39.817731,0,0,2,50.0
2026-03-05T09:12:40.824752,0,0,2,50.0
2026-03-05T09:12:41.830767,0,0,2,51.0
2026-03-05T09:12:42.837723,0,0,2,50.0
2026-03-05T09:12:43.843719,0,0,3,50.0
2026-03-05T09:12:44.849636,0,0,1,51.0
2026-03-05T09:12:46.851364,0,0,3,50.0
2026-03-05T09:12:46.862630,0,0,2,50.0
2026-03-05T09:12:47.869618,0,0,2,51.0
2026-03-05T09:12:48.874570,0,0,2,50.0
2026-03-05T09:12:49.881563,0,0,2,50.0
2026-03-05T09:12:50.886563,0,0,2,51.0
2026-03-05T09:12:51.894556,0,0,3,50.0
2026-03-05T09:12:52.900608,0,0,2,50.0
2026-03-05T09:12:53.906534,0,0,2,50.0
2026-03-05T09:12:54.913438,0,0,2,51.0
2026-03-05T09:12:55.919471,0,0,2,50.0
2026-03-05T09:12:56.926468,0,0,2,50.0
2026-03-05T09:12:57.931408,0,0,3,51.0
2026-03-05T09:12:58.938480,0,0,2,50.0
2026-03-05T09:12:59.944351,0,0,2,50.0
2026-03-05T09:13:00.951349,0,0,3,51.0
2026-03-05T09:13:01.956306,0,0,2,50.0
2026-03-05T09:13:02.963291,0,0,2,50.0
2026-03-05T09:13:03.969268,0,0,2,51.0
2026-03-05T09:13:04.976340,0,0,2,50.0
2026-03-05T09:13:05.983334,0,0,2,50.0
2026-03-05T09:13:06.988295,0,0,2,51.0
2026-03-05T09:13:07.995277,0,0,2,50.0
2026-03-05T09:13:09.001234,0,0,2,50.0
2026-03-05T09:13:10.008204,0,0,3,51.0
2026-03-05T09:13:11.014285,0,0,2,50.0
2026-03-05T09:13:12.020086,0,0,2,50.0
2026-03-05T09:13:13.027116,0,0,3,50.0
2026-03-05T09:13:14.033040,0,0,2,51.0
2026-03-05T09:13:15.040010,0,0,3,50.0
2026-03-05T09:13:16.044988,0,0,3,50.0
2026-03-05T09:13:17.051967,0,0,3,51.0
2026-03-05T09:13:18.057910,0,0,2,50.0
2026-03-05T09:13:19.065027,0,0,2,50.0
2026-03-05T09:13:20.070924,0,0,2,51.0
2026-03-05T09:13:21.076896,0,0,2,50.0
2026-03-05T09:13:22.083867,0,0,2,50.0
2026-03-05T09:13:23.089842,0,0,3,51.0
2026-03-05T09:13:24.095834,0,0,2,50.0
2026-03-05T09:13:25.101808,0,0,2,50.0
2026-03-05T09:13:26.108773,0,0,2,51.0
2026-03-05T09:13:27.115755,0,0,3,50.0
2026-03-05T09:13:28.121767,0,0,2,50.0
2026-03-05T09:13:29.127683,0,0,2,51.0
2026-03-05T09:13:30.133769,0,0,2,50.0
2026-03-05T09:13:31.140735,0,0,3,50.0
2026-03-05T09:13:32.146692,0,0,2,50.0
2026-03-05T09:13:33.152692,0,0,2,51.0
2026-03-05T09:13:34.158676,0,0,2,50.0
2026-03-05T09:13:35.165628,0,0,2,50.0
2026-03-05T09:13:36.172584,0,0,2,51.0
2026-03-05T09:13:37.177590,0,0,2,50.0
2026-03-05T09:13:39.179427,0,0,2,50.0
2026-03-05T09:13:39.190610,0,0,3,51.0
2026-03-05T09:13:40.197513,0,0,2,50.0
2026-03-05T09:13:42.199390,0,0,2,50.0
2026-03-05T09:14:25.893879,0,0,2,51.0
2026-03-05T09:14:28.377412,0,0,2,51.0
2026-03-05T09:14:29.384335,0,0,2,50.0
2026-03-05T09:14:30.390450,0,0,2,51.0
2026-03-05T09:14:32.392329,0,0,2,50.0
2026-03-05T09:14:52.858590,0,0,2,51.0
2026-03-05T09:14:53.864791,0,0,2,50.0
2026-03-05T09:14:54.870778,0,0,2,51.0
2026-03-05T09:14:55.876693,0,0,2,50.0
2026-03-05T09:14:56.882807,0,0,2,50.0
2026-03-05T09:14:57.889760,0,0,2,51.0
2026-03-05T09:14:58.895747,0,0,2,50.0
2026-03-05T09:14:59.902746,0,0,2,50.0
2026-03-05T09:15:00.908707,0,0,2,51.0
2026-03-05T09:15:01.914705,0,0,2,50.0
2026-03-05T09:15:02.920581,0,0,2,50.0
2026-03-05T09:15:03.927697,0,0,2,50.0
2026-03-05T09:15:04.934625,0,0,3,51.0
2026-03-05T09:15:05.939591,0,0,2,50.0
2026-03-05T09:15:06.946561,0,0,2,50.0
2026-03-05T09:15:07.952534,0,0,2,51.0
2026-03-05T09:15:08.958537,0,0,2,50.0
2026-03-05T09:15:09.965478,0,0,3,50.0
2026-03-05T09:15:10.971500,0,0,2,51.0
2026-03-05T09:15:11.978513,0,0,2,50.0
2026-03-05T09:15:12.984431,0,0,2,50.0
2026-03-05T09:15:23.663746,0,0,2,51.0
2026-03-05T09:15:24.670253,0,0,3,51.0
2026-03-05T09:15:25.676146,0,0,2,50.0
2026-03-05T09:15:27.677941,0,0,3,50.0
2026-03-05T09:15:49.124108,0,0,2,51.0
2026-03-05T09:15:50.130547,0,0,2,51.0
2026-03-05T09:15:51.136454,0,0,2,50.0
2026-03-05T09:15:53.138286,0,0,2,50.0
2026-03-05T09:16:03.886781,0,0,3,51.0
2026-03-05T09:16:06.370286,0,0,2,52.0
2026-03-05T09:16:07.377093,0,0,2,50.0
2026-03-05T09:16:08.381039,0,0,2,50.0
2026-03-05T09:16:10.382835,0,0,2,51.0
2026-03-05T09:16:10.395097,0,0,2,50.0
2026-03-05T09:16:11.402087,0,0,3,50.0
2026-03-05T09:16:12.407992,0,0,2,50.0
2026-03-05T09:16:13.414960,0,0,2,51.0
2026-03-05T09:16:14.420956,0,0,2,50.0
2026-03-05T09:16:15.426937,0,0,2,50.0
2026-03-05T09:16:16.431883,0,0,2,51.0
2026-03-05T09:16:18.433666,0,0,2,50.0
2026-03-05T09:16:18.446863,0,0,2,50.0
2026-03-05T09:16:19.451928,0,0,2,51.0
2026-03-05T09:16:21.453719,0,0,2,50.0
2026-03-05T09:16:21.464717,0,0,2,50.0
2026-03-05T09:16:22.471765,0,0,2,51.0
2026-03-05T09:16:23.477725,0,0,2,50.0
2026-03-05T09:16:24.483698,0,0,2,50.0
2026-03-05T09:16:25.490705,0,0,2,51.0
2026-03-05T09:16:26.495609,0,0,2,50.0
2026-03-05T09:16:27.502663,0,0,3,50.0
2026-03-05T09:16:28.508635,0,0,2,51.0
2026-03-05T09:16:29.515610,0,0,3,50.0
2026-03-05T09:16:30.522592,0,0,2,50.0
2026-03-05T09:16:31.528547,0,0,3,50.0
2026-03-05T09:16:32.533545,0,0,3,51.0
2026-03-05T09:16:33.540501,0,0,4,50.0
2026-03-05T09:16:34.547489,0,0,2,50.0
2026-03-05T09:16:35.553455,0,0,2,51.0
2026-03-05T09:16:36.559438,0,0,2,50.0
2026-03-05T09:16:37.565415,0,0,3,50.0
2026-03-05T09:16:38.572398,0,0,2,86.0
2026-03-05T09:16:39.578419,0,0,2,76.0
2026-03-05T09:16:41.580227,0,0,2,78.0
2026-03-05T09:16:41.591307,0,0,2,81.0
2026-03-05T09:16:42.597299,0,0,3,81.0
2026-03-05T09:16:43.604288,0,0,2,79.0
2026-03-05T09:16:44.610366,0,0,2,69.0
2026-03-05T09:16:45.616232,0,0,2,77.0
2026-03-05T09:16:46.623144,0,0,2,74.0
2026-03-05T09:16:48.624933,0,0,3,76.0
2026-03-05T09:16:48.636147,0,0,2,72.0
2026-03-05T09:16:49.641119,0,0,3,101.0
2026-03-05T09:16:50.648151,0,0,3,100.0
2026-03-05T09:16:51.654224,0,0,2,101.0
2026-03-05T09:16:52.661104,0,0,2,101.0
2026-03-05T09:16:53.664029,0,0,2,100.0
2026-03-05T09:16:55.665812,0,0,2,101.0
2026-03-05T09:16:55.679989,0,0,2,101.0
2026-03-05T09:16:56.686142,0,0,2,100.0
2026-03-05T09:16:57.693035,0,0,2,101.0
2026-03-05T09:16:58.698095,0,0,2,100.0
2026-03-05T09:16:59.704985,0,0,2,101.0
2026-03-05T09:17:00.710896,0,0,2,101.0
2026-03-05T09:17:01.715912,0,0,2,100.0
2026-03-05T09:17:02.723833,0,0,2,101.0
2026-03-05T09:17:03.729805,0,0,2,101.0
2026-03-05T09:17:04.736831,0,0,2,100.0
2026-03-05T09:17:05.742787,0,0,2,101.0
2026-03-05T09:17:06.748743,0,0,2,101.0
2026-03-05T09:17:07.754797,0,0,3,100.0
2026-03-05T09:17:09.756573,0,0,3,101.0
2026-03-05T09:17:09.767639,0,0,3,100.0
2026-03-05T09:17:10.774662,0,0,3,101.0
2026-03-05T09:17:11.780629,0,0,2,101.0
2026-03-05T09:17:12.786623,0,0,2,100.0
2026-03-05T09:17:13.793576,0,0,2,101.0
2026-03-05T09:17:14.799567,0,0,2,101.0
2026-03-05T09:17:15.805540,0,0,2,100.0
2026-03-05T09:17:17.807337,0,0,3,101.0
2026-03-05T09:17:17.818515,0,0,2,100.0
2026-03-05T09:17:18.825507,0,0,2,101.0
2026-03-05T09:17:19.831468,0,0,2,101.0
2026-03-05T09:17:20.837443,0,0,3,100.0
2026-03-05T09:17:21.843401,0,0,3,101.0
2026-03-05T09:17:22.850467,0,0,1,101.0
2026-03-05T09:17:23.856329,0,0,2,100.0
2026-03-05T09:17:25.858167,0,0,2,101.0
2026-03-05T09:17:25.868266,0,0,2,100.0
2026-03-05T09:17:26.875325,0,0,2,101.0
2026-03-05T09:17:27.882360,0,0,3,101.0
2026-03-05T09:17:28.887276,0,0,2,100.0
2026-03-05T09:17:29.894308,0,0,2,101.0
2026-03-05T09:17:30.899154,0,0,2,101.0
2026-03-05T09:17:32.900942,0,0,2,100.0
2026-03-05T09:17:32.913095,0,0,3,101.0
2026-03-05T09:17:33.919162,0,0,2,101.0
2026-03-05T09:17:34.926176,0,0,2,100.0
2026-03-05T09:17:35.932089,0,0,2,101.0
2026-03-05T09:17:36.939053,0,0,3,100.0
2026-03-05T09:17:37.944057,0,0,2,101.0
2026-03-05T09:17:39.945960,0,0,3,101.0
2026-03-05T09:17:39.957035,0,0,3,100.0
2026-03-05T09:17:40.963959,0,0,2,101.0
2026-03-05T09:17:41.968948,0,0,2,101.0
2026-03-05T09:17:42.975922,0,0,2,100.0
2026-03-05T09:17:43.982905,0,0,2,101.0
2026-03-05T09:17:44.988891,0,0,2,100.0
2026-03-05T09:17:45.994867,0,0,3,101.0
2026-03-05T09:17:47.000852,0,0,2,101.0
2026-03-05T09:17:48.007813,0,0,2,100.0
2026-03-05T09:17:49.013776,0,0,2,101.0
2026-03-05T09:17:50.020758,0,0,2,101.0
2026-03-05T09:17:51.026751,0,0,2,100.0
2026-03-05T09:17:52.032721,0,0,2,101.0
2026-03-05T09:17:53.038705,0,0,2,101.0
2026-03-05T09:17:54.045709,0,0,2,100.0
2026-03-05T09:17:55.052622,0,0,2,101.0
2026-03-05T09:17:56.057618,0,0,2,100.0
2026-03-05T09:17:57.064595,0,0,3,101.0
2026-03-05T09:17:58.070580,0,0,2,101.0
2026-03-05T09:17:59.077551,0,0,2,100.0
2026-03-05T09:18:00.081525,0,0,2,101.0
2026-03-05T09:18:01.089529,0,0,2,101.0
2026-03-05T09:18:02.096494,0,0,3,100.0
2026-03-05T09:18:03.102532,0,0,2,101.0
2026-03-05T09:18:04.108434,0,0,2,100.0
2026-03-05T09:18:05.114498,0,0,2,101.0
2026-03-05T09:18:06.121393,0,0,2,101.0
2026-03-05T09:18:07.127383,0,0,2,100.0
2026-03-05T09:18:08.134513,0,0,2,101.0
2026-03-05T09:18:10.136280,0,0,2,101.0
2026-03-05T09:18:10.146348,0,0,2,100.0
2026-03-05T09:18:11.153258,0,0,2,101.0
2026-03-05T09:18:12.159233,0,0,2,100.0
2026-03-05T09:18:13.165228,0,0,2,101.0
2026-03-05T09:18:14.171190,0,0,2,101.0
2026-03-05T09:18:15.176117,0,0,3,100.0
2026-03-05T09:18:17.177905,0,0,3,101.0
2026-03-05T09:18:17.190242,0,0,2,101.0
2026-03-05T09:18:18.197169,0,0,2,100.0
2026-03-05T09:18:20.198526,0,0,3,101.0
2026-03-05T09:18:20.210104,0,0,3,101.0
2026-03-05T09:18:21.216059,0,0,3,100.0
2026-03-05T09:18:22.222078,0,0,2,101.0
2026-03-05T09:18:23.228996,0,0,3,101.0
2026-03-05T09:18:24.234946,0,0,2,100.0
2026-03-05T09:18:25.240882,0,0,2,101.0
2026-03-05T09:18:27.242672,0,0,3,100.0
2026-03-05T09:18:27.253834,0,0,3,101.0
2026-03-05T09:18:28.259866,0,0,2,101.0
2026-03-05T09:18:29.266849,0,0,2,100.0
2026-03-05T09:18:30.271813,0,0,2,101.0
2026-03-05T09:18:31.278796,0,0,2,100.0
2026-03-05T09:18:32.285739,0,0,3,101.0
2026-03-05T09:18:34.287611,0,0,2,101.0
2026-03-05T09:18:34.298647,0,0,2,100.0
2026-03-05T09:18:35.303721,0,0,2,101.0
2026-03-05T09:18:36.310697,0,0,2,101.0
2026-03-05T09:18:37.316662,0,0,2,100.0
2026-03-05T09:18:47.630935,0,0,3,101.0
2026-03-05T09:18:50.114538,0,0,2,102.0
2026-03-05T09:18:51.121354,0,0,2,101.0
2026-03-05T09:18:52.127311,0,0,2,100.0
2026-03-05T09:18:53.134344,0,0,2,101.0
2026-03-05T09:18:54.139228,0,0,2,101.0
2026-03-05T09:18:55.146288,0,0,2,100.0
2026-03-05T09:18:56.152188,0,0,3,101.0
2026-03-05T09:18:58.153913,0,0,2,100.0
2026-03-05T09:18:58.166152,0,0,2,101.0
2026-03-05T09:18:59.171149,0,0,2,101.0
2026-03-05T09:19:00.178209,0,0,2,100.0
2026-03-05T09:19:01.184121,0,0,2,101.0
2026-03-05T09:19:02.191066,0,0,3,101.0
2026-03-05T09:19:03.196014,0,0,2,100.0
2026-03-05T09:19:05.197744,0,0,2,101.0
2026-03-05T09:19:05.208910,0,0,2,100.0
2026-03-05T09:19:06.215927,0,0,2,101.0
2026-03-05T09:19:07.221942,0,0,2,101.0
2026-03-05T09:19:08.227940,0,0,2,100.0
2026-03-05T09:19:09.234921,0,0,2,101.0
2026-03-05T09:19:10.240915,0,0,3,104.0
2026-03-05T09:19:11.247927,0,0,2,100.0
2026-03-05T09:19:12.252879,0,0,3,101.0
2026-03-05T09:19:56.889494,0,0,3,50.0
2026-03-05T09:19:59.372773,0,0,2,52.0
2026-03-05T09:20:00.379699,0,0,2,50.0
2026-03-05T09:20:01.383776,0,0,2,50.0
2026-03-05T09:20:02.392706,0,0,2,51.0
2026-03-05T09:20:03.397642,0,0,2,50.0
2026-03-05T09:20:04.404613,0,0,2,50.0
2026-03-05T09:20:05.410573,0,0,2,51.0
2026-03-05T09:20:06.417557,0,0,2,50.0
2026-03-05T09:20:07.423550,0,0,2,50.0
2026-03-05T09:20:08.429462,0,0,3,51.0
2026-03-05T09:20:10.430544,0,0,2,50.0
2026-03-05T09:20:10.442530,0,0,2,50.0
2026-03-05T09:20:11.449428,0,0,2,50.0
2026-03-05T09:20:12.454497,0,0,2,51.0
2026-03-05T09:20:13.461413,0,0,2,50.0
2026-03-05T09:20:14.467383,0,0,2,50.0
2026-03-05T09:20:15.474410,0,0,2,51.0
2026-03-05T09:20:17.476203,0,0,2,50.0
2026-03-05T09:20:17.486382,0,0,2,50.0
2026-03-05T09:20:18.493294,0,0,2,51.0
2026-03-05T09:20:19.499312,0,0,3,51.0
2026-03-05T09:20:20.506361,0,0,3,50.0
2026-03-05T09:20:21.511257,0,0,2,51.0
2026-03-05T09:20:22.518300,0,0,2,50.0
2026-03-05T09:20:23.525188,0,0,2,50.0
2026-03-05T09:20:24.531138,0,0,2,51.0
2026-03-05T09:20:25.537094,0,0,2,50.0
2026-03-05T09:20:26.543077,0,0,2,50.0
2026-03-05T09:20:27.550117,0,0,2,69.0
2026-03-05T09:20:28.556046,0,0,3,82.0
2026-03-05T09:20:29.562103,0,0,2,87.0
2026-03-05T09:20:30.568010,0,0,2,88.0
2026-03-05T09:20:31.574956,0,0,2,88.0
2026-03-05T09:20:32.581933,0,0,2,90.0
2026-03-05T09:20:33.586888,0,0,2,87.0
2026-03-05T09:20:34.593876,0,0,2,87.0
2026-03-05T09:20:35.599865,0,0,2,87.0
2026-03-05T09:20:36.606838,0,0,2,85.0
2026-03-05T09:20:37.612843,0,0,2,86.0
2026-03-05T09:20:38.618840,0,0,2,85.0
2026-03-05T09:20:39.625744,0,0,2,81.0
2026-03-05T09:20:40.631709,0,0,2,88.0
2026-03-05T09:20:41.638694,0,0,2,82.0
2026-03-05T09:20:42.643703,0,0,2,82.0
2026-03-05T09:20:43.650652,0,0,2,85.0
2026-03-05T09:20:44.656621,0,0,3,81.0
2026-03-05T09:20:45.663635,0,0,2,82.0
2026-03-05T09:20:46.669633,0,0,2,81.0
2026-03-05T09:20:47.675582,0,0,3,80.0
2026-03-05T09:20:48.682539,0,0,3,82.0
2026-03-05T09:20:49.688496,0,0,3,82.0
2026-03-05T09:20:50.695494,0,0,3,80.0
2026-03-05T09:20:51.700436,0,0,2,81.0
2026-03-05T09:20:52.707436,0,0,2,77.0
2026-03-05T09:20:53.713433,0,0,2,79.0
2026-03-05T09:20:54.720387,0,0,2,77.0
2026-03-05T09:20:55.726450,0,0,2,81.0
2026-03-05T09:20:56.732325,0,0,3,79.0
2026-03-05T09:20:57.739323,0,0,3,78.0
2026-03-05T09:20:58.745265,0,0,3,77.0
2026-03-05T09:20:59.752265,0,0,2,82.0
2026-03-05T09:21:00.757265,0,0,2,72.0
2026-03-05T09:21:01.764287,0,0,2,81.0
2026-03-05T09:21:02.770355,0,0,2,75.0
2026-03-05T09:21:03.777229,0,0,2,77.0
2026-03-05T09:21:04.783237,0,0,2,76.0
2026-03-05T09:21:05.789203,0,0,2,74.0
2026-03-05T09:21:06.794230,0,0,2,76.0
2026-03-05T09:21:07.802274,0,0,2,84.0
2026-03-05T09:21:08.807107,0,0,2,62.0
2026-03-05T09:21:09.814095,0,0,3,51.0
2026-03-05T09:21:10.821032,0,0,2,50.0
2026-03-05T09:21:11.828004,0,0,2,50.0
2026-03-05T09:21:12.833973,0,0,2,51.0
2026-03-05T09:21:13.839965,0,0,2,50.0
2026-03-05T09:21:14.845982,0,0,2,50.0
2026-03-05T09:21:15.852888,0,0,2,51.0
2026-03-05T09:21:16.858941,0,0,3,50.0
2026-03-05T09:21:17.864842,0,0,2,50.0
2026-03-05T09:21:18.870798,0,0,2,51.0
2026-03-05T09:21:19.877777,0,0,2,50.0
2026-03-05T09:21:20.884760,0,0,2,50.0
2026-03-05T09:21:21.890758,0,0,2,51.0
2026-03-05T09:21:22.896724,0,0,2,50.0
2026-03-05T09:21:24.898502,0,0,3,50.0
2026-03-05T09:21:24.909613,0,0,2,50.0
2026-03-05T09:21:25.915614,0,0,2,51.0
2026-03-05T09:21:26.921607,0,0,2,50.0
2026-03-05T09:21:27.928594,0,0,2,50.0
2026-03-05T09:21:28.934587,0,0,2,51.0
2026-03-05T09:21:29.941576,0,0,2,50.0
2026-03-05T09:21:30.946582,0,0,2,50.0
2026-03-05T09:21:31.953532,0,0,2,51.0
2026-03-05T09:21:32.959484,0,0,2,50.0
2026-03-05T09:21:33.966479,0,0,2,50.0
2026-03-05T09:21:34.972446,0,0,2,51.0
2026-03-05T09:21:35.978437,0,0,2,50.0
2026-03-05T09:21:36.985408,0,0,2,50.0
2026-03-05T09:21:37.991398,0,0,2,51.0
2026-03-05T09:21:38.998437,0,0,2,50.0
2026-03-05T09:21:40.003292,0,0,2,50.0
2026-03-05T09:21:41.010373,0,0,3,51.0
2026-03-05T09:21:42.016244,0,0,2,50.0
2026-03-05T09:21:43.023264,0,0,3,50.0
2026-03-05T09:21:44.029199,0,0,2,50.0
2026-03-05T09:21:45.033207,0,0,0,51.0
2026-03-05T09:21:47.035003,0,0,2,50.0
2026-03-05T09:21:47.048168,0,0,2,50.0
2026-03-05T09:21:49.049917,0,0,2,51.0
2026-03-05T09:21:49.060042,0,0,3,50.0
2026-03-05T09:21:50.067056,0,0,2,50.0
2026-03-05T09:21:51.073040,0,0,2,51.0
2026-03-05T09:21:52.079901,0,0,2,50.0
2026-03-05T09:21:53.086136,0,0,2,50.0
2026-03-05T09:21:54.091999,0,0,2,51.0
2026-03-05T09:21:55.099061,0,0,2,50.0
2026-03-05T09:21:56.104971,0,0,2,50.0
2026-03-05T09:21:57.110969,0,0,3,51.0
2026-03-05T09:21:58.116952,0,0,2,50.0
2026-03-05T09:21:59.123925,0,0,2,50.0
2026-03-05T09:22:00.130864,0,0,2,51.0
2026-03-05T09:22:01.135835,0,0,3,50.0
2026-03-05T09:22:02.142856,0,0,2,50.0
2026-03-05T09:22:04.144643,0,0,5,50.0
2026-03-05T09:22:04.155754,0,0,2,51.0
2026-03-05T09:22:05.161720,0,0,2,50.0
2026-03-05T09:22:06.167695,0,0,2,50.0
2026-03-05T09:22:07.173635,0,0,2,51.0
2026-03-05T09:22:08.180637,0,0,2,50.0
2026-03-05T09:22:09.187627,0,0,2,50.0
2026-03-05T09:22:10.191711,0,0,2,51.0
2026-03-05T09:22:29.136659,0,0,3,50.0
2026-03-05T09:22:31.620088,0,0,2,51.0
2026-03-05T09:22:32.627104,0,0,2,50.0
2026-03-05T09:22:33.630973,0,0,2,51.0
2026-03-05T09:22:34.640092,0,0,2,50.0
2026-03-05T09:22:35.645048,0,0,2,50.0
2026-03-05T09:22:36.652006,0,0,3,51.0
2026-03-05T09:22:37.658066,0,0,3,50.0
2026-03-05T09:22:48.133285,0,0,2,52.0
2026-03-05T09:22:49.139643,0,0,2,50.0
2026-03-05T09:22:50.145609,0,0,2,50.0
2026-03-05T09:22:51.152663,0,0,2,51.0
2026-03-05T09:22:52.157617,0,0,2,50.0
2026-03-05T09:22:53.164592,0,0,2,50.0
2026-03-05T09:22:54.170548,0,0,3,50.0
2026-03-05T09:22:55.177529,0,0,2,51.0
2026-03-05T09:22:56.183513,0,0,2,50.0
2026-03-05T09:22:57.189481,0,0,2,50.0
2026-03-05T09:22:58.196450,0,0,2,51.0
2026-03-05T09:23:00.198347,0,0,3,50.0
2026-03-05T09:23:00.209409,0,0,3,50.0
2026-03-05T09:23:01.214419,0,0,2,51.0
2026-03-05T09:23:02.221377,0,0,2,50.0
2026-03-05T09:23:03.227368,0,0,3,50.0
2026-03-05T09:23:04.234358,0,0,2,51.0
2026-03-05T09:23:05.240306,0,0,2,50.0
2026-03-05T09:23:06.246387,0,0,2,50.0
2026-03-05T09:23:08.248138,0,0,2,51.0
2026-03-05T09:23:08.259173,0,0,3,52.0
2026-03-05T09:23:09.265220,0,0,3,50.0
2026-03-05T09:23:10.271166,0,0,3,51.0
2026-03-05T09:23:11.278229,0,0,2,50.0
2026-03-05T09:23:12.285088,0,0,2,50.0
2026-03-05T09:23:13.291114,0,0,2,51.0
2026-03-05T09:23:14.297122,0,0,3,50.0
2026-03-05T09:23:16.298534,0,0,2,67.0
2026-03-05T09:24:49.637412,0,0,2,50.0
2026-03-05T09:24:52.120738,0,0,2,51.0
2026-03-05T09:24:53.127688,0,0,2,50.0
2026-03-05T09:24:54.131782,0,0,3,51.0
2026-03-05T09:24:56.133629,0,0,2,50.0
2026-03-05T09:26:05.144382,0,0,3,50.0
2026-03-05T09:26:07.627810,0,0,2,51.0
2026-03-05T09:26:08.634774,0,0,2,51.0
2026-03-05T09:26:09.639733,0,0,2,50.0
2026-03-05T09:26:11.641509,0,0,2,50.0
2026-03-05T09:26:11.652673,0,0,2,51.0
2026-03-05T09:26:12.659683,0,0,3,50.0
2026-03-05T09:26:13.665643,0,0,2,50.0
2026-03-05T09:26:14.672633,0,0,2,51.0
2026-03-05T09:26:15.679615,0,0,2,50.0
2026-03-05T09:26:16.682717,0,0,2,50.0
2026-03-05T09:26:17.691624,0,0,2,51.0
2026-03-05T09:26:18.697579,0,0,3,50.0
2026-03-05T09:26:19.704552,0,0,2,50.0
2026-03-05T09:26:20.709494,0,0,3,50.0
2026-03-05T09:26:21.716504,0,0,3,51.0
2026-03-05T09:26:22.722529,0,0,2,50.0
2026-03-05T09:26:23.729421,0,0,2,50.0
2026-03-05T09:26:24.735451,0,0,2,51.0
2026-03-05T09:26:25.741397,0,0,2,50.0
2026-03-05T09:26:26.748343,0,0,2,50.0
2026-03-05T09:26:27.754448,0,0,2,51.0
2026-03-05T09:26:28.761324,0,0,2,50.0
2026-03-05T09:26:29.766377,0,0,3,50.0
2026-03-05T09:26:30.771309,0,0,3,51.0
2026-03-05T09:26:31.780256,0,0,1,50.0
2026-03-05T09:26:32.786294,0,0,2,50.0
2026-03-05T09:26:33.792197,0,0,3,51.0
2026-03-05T09:26:34.798252,0,0,2,64.0
2026-03-05T09:26:35.805175,0,0,2,80.0
2026-03-05T09:26:36.811130,0,0,2,79.0
2026-03-05T09:26:37.815212,0,0,2,85.0
2026-03-05T09:26:39.817069,0,0,2,85.0
2026-03-05T09:27:07.384919,0,0,2,78.0
2026-03-05T09:27:09.868292,0,0,2,82.0
2026-03-05T09:27:10.875285,0,0,2,75.0
2026-03-05T09:27:11.882370,0,0,3,80.0
2026-03-05T09:27:13.884170,0,0,2,76.0
2026-03-05T09:27:13.893152,0,0,3,76.0
2026-03-05T09:27:14.900140,0,0,2,77.0
2026-03-05T09:27:15.906255,0,0,3,80.0
2026-03-05T09:27:16.913113,0,0,2,87.0
2026-03-05T09:27:17.920085,0,0,2,69.0
2026-03-05T09:27:18.925069,0,0,2,62.0
2026-03-05T09:27:19.931033,0,0,3,101.0
2026-03-05T09:27:21.932896,0,0,2,100.0
2026-03-05T09:27:21.945019,0,0,2,101.0
2026-03-05T09:27:22.950140,0,0,3,100.0
2026-03-05T09:27:23.956980,0,0,2,101.0
2026-03-05T09:27:24.962960,0,0,2,101.0
2026-03-05T09:27:25.969925,0,0,3,100.0
2026-03-05T09:27:26.973859,0,0,2,101.0
2026-03-05T09:27:27.981844,0,0,2,101.0
2026-03-05T09:27:28.988787,0,0,2,100.0
2026-03-05T09:27:29.994733,0,0,3,101.0
2026-03-05T09:27:31.001737,0,0,3,100.0
2026-03-05T09:27:32.006692,0,0,3,101.0
2026-03-05T09:27:33.013680,0,0,3,101.0
2026-03-05T09:27:34.018673,0,0,2,100.0
2026-03-05T09:27:36.020414,0,0,2,92.0
2026-03-05T09:27:36.032606,0,0,3,82.0
2026-03-05T09:27:37.038618,0,0,2,83.0
2026-03-05T09:27:38.045563,0,0,3,85.0
2026-03-05T09:27:39.051554,0,0,2,91.0
2026-03-05T09:27:40.057492,0,0,3,97.0
2026-03-05T09:27:41.063572,0,0,2,94.0
2026-03-05T09:27:42.068520,0,0,2,95.0
2026-03-05T09:27:44.070443,0,0,2,92.0
2026-03-05T09:27:44.083435,0,0,3,91.0
2026-03-05T09:27:45.089426,0,0,2,90.0
2026-03-05T09:27:46.095405,0,0,2,89.0
2026-03-05T09:27:47.102446,0,0,2,91.0
2026-03-05T09:27:48.108345,0,0,2,89.0
2026-03-05T09:27:49.114383,0,0,2,90.0
2026-03-05T09:27:51.116185,0,0,2,87.0
2026-03-05T09:27:51.127281,0,0,2,87.0
2026-03-05T09:27:52.134271,0,0,2,88.0
2026-03-05T09:27:53.139265,0,0,2,88.0
2026-03-05T09:27:54.146246,0,0,3,89.0
2026-03-05T09:27:55.152205,0,0,2,89.0
2026-03-05T09:27:56.159127,0,0,2,87.0
2026-03-05T09:27:57.165096,0,0,2,88.0
2026-03-05T09:27:58.171079,0,0,2,86.0
2026-03-05T09:27:59.178169,0,0,2,85.0
2026-03-05T09:28:00.184010,0,0,2,85.0
2026-03-05T09:28:01.191010,0,0,2,84.0
2026-03-05T09:28:02.195956,0,0,3,84.0
2026-03-05T09:28:03.202918,0,0,2,85.0
2026-03-05T09:28:04.207933,0,0,2,84.0
2026-03-05T09:28:05.215910,0,0,2,84.0
2026-03-05T09:28:06.222851,0,0,2,84.0
2026-03-05T09:28:07.227839,0,0,2,82.0
2026-03-05T09:28:08.234835,0,0,2,86.0
2026-03-05T09:28:09.240807,0,0,2,81.0
2026-03-05T09:28:10.247798,0,0,3,83.0
2026-03-05T09:28:11.252786,0,0,2,83.0
2026-03-05T09:28:12.259773,0,0,2,83.0
2026-03-05T09:28:13.265760,0,0,2,85.0
2026-03-05T09:28:14.272707,0,0,2,83.0
2026-03-05T09:28:15.278709,0,0,2,81.0
2026-03-05T09:28:16.284673,0,0,2,81.0
2026-03-05T09:28:17.291617,0,0,2,82.0
2026-03-05T09:28:18.297595,0,0,2,84.0
2026-03-05T09:28:19.304566,0,0,2,82.0
2026-03-05T09:28:20.309524,0,0,3,82.0
2026-03-05T09:28:21.315509,0,0,2,83.0
2026-03-05T09:28:22.323482,0,0,2,83.0
2026-03-05T09:28:23.329464,0,0,3,83.0
2026-03-05T09:28:24.335425,0,0,2,80.0
2026-03-05T09:28:25.341424,0,0,2,80.0
2026-03-05T09:28:26.348371,0,0,2,81.0
2026-03-05T09:28:27.354437,0,0,2,80.0
2026-03-05T09:28:28.360339,0,0,2,82.0
2026-03-05T09:28:29.366404,0,0,2,77.0
2026-03-05T09:28:30.373275,0,0,2,83.0
2026-03-05T09:28:31.378273,0,0,2,79.0
2026-03-05T09:28:32.385312,0,0,2,87.0
2026-03-05T09:28:33.392236,0,0,2,79.0
2026-03-05T09:28:34.398297,0,0,2,80.0
2026-03-05T09:28:35.405196,0,0,3,80.0
2026-03-05T09:28:36.411167,0,0,2,81.0
2026-03-05T09:28:37.417141,0,0,2,81.0
2026-03-05T09:28:38.424107,0,0,2,78.0
2026-03-05T09:28:39.430177,0,0,3,80.0
2026-03-05T09:28:40.437071,0,0,2,80.0
2026-03-05T09:28:41.443022,0,0,2,78.0
2026-03-05T09:28:42.448936,0,0,2,81.0
2026-03-05T09:28:44.450731,0,0,2,80.0
2026-03-05T09:28:44.461947,0,0,2,77.0
2026-03-05T09:28:46.463854,0,0,2,78.0
2026-03-05T09:28:46.473778,0,0,3,81.0
2026-03-05T09:28:47.480837,0,0,2,78.0
2026-03-05T09:28:48.486811,0,0,3,79.0
2026-03-05T09:28:49.493776,0,0,2,79.0
2026-03-05T09:28:50.498739,0,0,2,75.0
2026-03-05T09:28:51.505704,0,0,2,78.0
2026-03-05T09:28:52.511775,0,0,2,83.0
2026-03-05T09:28:53.518761,0,0,2,78.0
2026-03-05T09:28:54.525742,0,0,2,78.0
2026-03-05T09:28:55.530712,0,0,2,78.0
2026-03-05T09:28:56.536677,0,0,2,79.0
2026-03-05T09:28:57.543672,0,0,2,81.0
2026-03-05T09:28:58.550595,0,0,2,77.0
2026-03-05T09:28:59.555546,0,0,2,80.0
2026-03-05T09:29:00.562509,0,0,2,77.0
2026-03-05T09:29:01.568474,0,0,2,77.0
2026-03-05T09:29:02.575451,0,0,3,86.0
2026-03-05T09:29:03.581454,0,0,3,73.0
2026-03-05T09:29:04.587361,0,0,1,80.0
2026-03-05T09:29:06.589136,0,0,2,76.0
2026-03-05T09:29:06.600315,0,0,3,82.0
2026-03-05T09:29:07.607336,0,0,2,79.0
2026-03-05T09:29:08.612304,0,0,2,77.0
2026-03-05T09:29:09.619287,0,0,3,77.0
2026-03-05T09:29:10.626265,0,0,2,79.0
2026-03-05T09:29:11.632189,0,0,2,85.0
2026-03-05T09:29:13.634096,0,0,2,80.0
2026-03-05T09:29:13.643098,0,0,2,79.0
2026-03-05T09:29:14.651189,0,0,2,79.0
2026-03-05T09:29:15.657158,0,0,2,86.0
2026-03-05T09:29:16.663138,0,0,2,85.0
2026-03-05T09:29:17.669104,0,0,2,76.0
2026-03-05T09:29:18.676014,0,0,1,80.0
2026-03-05T09:29:20.677750,0,0,2,81.0
2026-03-05T09:29:20.688949,0,0,2,86.0
2026-03-05T09:29:21.694998,0,0,2,76.0
2026-03-05T09:29:22.700948,0,0,2,79.0
2026-03-05T09:29:23.707914,0,0,2,78.0
2026-03-05T09:29:24.713917,0,0,2,90.0
2026-03-05T09:29:25.719838,0,0,3,77.0
2026-03-05T09:29:26.726956,0,0,2,85.0
2026-03-05T09:29:28.728655,0,0,3,90.0
2026-03-05T09:29:28.739750,0,0,2,79.0
2026-03-05T09:29:29.745776,0,0,2,76.0
2026-03-05T09:29:30.751733,0,0,2,80.0
2026-03-05T09:29:41.143816,0,0,2,102.0
2026-03-05T09:29:42.150496,0,0,3,100.0
2026-03-05T09:29:43.155360,0,0,2,101.0
2026-03-05T09:30:19.135438,0,0,3,101.0
2026-03-05T09:30:21.618552,0,0,2,102.0
2026-03-05T09:30:22.625542,0,0,2,101.0
2026-03-05T09:30:23.629503,0,0,2,100.0
2026-03-05T09:30:24.638562,0,0,2,101.0
2026-03-05T09:30:25.643504,0,0,2,101.0
2026-03-05T09:30:26.650430,0,0,2,100.0
2026-03-05T09:30:27.656336,0,0,3,101.0
2026-03-05T09:30:28.663305,0,0,3,101.0
2026-03-05T09:30:29.670342,0,0,2,100.0
2026-03-05T09:30:30.673338,0,0,3,101.0
2026-03-05T09:30:32.675113,0,0,2,100.0
2026-03-05T09:30:32.688163,0,0,2,101.0
2026-03-05T09:30:33.695229,0,0,2,101.0
2026-03-05T09:30:34.700184,0,0,2,100.0
2026-03-05T09:30:35.707181,0,0,2,101.0
2026-03-05T09:30:36.713125,0,0,2,101.0
2026-03-05T09:30:37.719031,0,0,2,100.0
2026-03-05T09:30:38.726224,0,0,3,101.0
2026-03-05T09:30:40.728011,0,0,2,100.0
2026-03-05T09:30:40.738934,0,0,2,101.0
2026-03-05T09:30:41.745006,0,0,2,102.0
2026-03-05T09:30:42.752005,0,0,2,100.0
2026-03-05T09:30:43.756954,0,0,2,101.0
2026-03-05T09:30:44.763917,0,0,2,101.0
2026-03-05T09:30:45.770979,0,0,2,100.0
2026-03-05T09:30:47.772735,0,0,2,101.0
2026-03-05T09:30:47.782782,0,0,3,101.0
2026-03-05T09:30:48.788801,0,0,2,100.0
2026-03-05T09:30:49.795819,0,0,2,101.0
2026-03-05T09:30:50.801804,0,0,2,100.0
2026-03-05T09:30:51.807763,0,0,2,101.0
2026-03-05T09:30:52.813730,0,0,3,101.0
2026-03-05T09:30:53.820695,0,0,3,100.0
2026-03-05T09:30:54.827783,0,0,2,101.0
2026-03-05T09:30:55.833601,0,0,2,101.0
2026-03-05T09:30:56.839573,0,0,2,100.0
2026-03-05T09:30:57.845562,0,0,3,101.0
2026-03-05T09:30:58.852539,0,0,3,100.0
2026-03-05T09:30:59.858503,0,0,2,101.0
2026-03-05T09:31:00.864477,0,0,2,101.0
2026-03-05T09:31:01.871512,0,0,2,100.0
2026-03-05T09:31:02.877442,0,0,2,101.0
2026-03-05T09:31:03.884414,0,0,2,101.0
2026-03-05T09:31:04.889427,0,0,2,100.0
2026-03-05T09:31:05.896364,0,0,2,101.0
2026-03-05T09:31:06.902430,0,0,2,100.0
2026-03-05T09:31:07.909315,0,0,2,101.0
2026-03-05T09:31:08.915346,0,0,2,101.0
2026-03-05T09:31:09.921306,0,0,2,100.0
2026-03-05T09:31:10.928249,0,0,2,101.0
2026-03-05T09:31:11.934296,0,0,3,101.0
2026-03-05T09:31:12.941185,0,0,2,100.0
2026-03-05T09:31:13.946235,0,0,2,101.0
2026-03-05T09:31:14.953173,0,0,2,101.0
2026-03-05T09:31:15.959167,0,0,2,100.0
2026-03-05T09:31:16.966070,0,0,2,101.0
2026-03-05T09:31:17.972064,0,0,2,100.0
2026-03-05T09:31:18.978145,0,0,3,101.0
2026-03-05T09:31:19.985014,0,0,3,101.0
2026-03-05T09:31:20.991032,0,0,2,100.0
2026-03-05T09:31:21.997977,0,0,2,101.0
2026-03-05T09:31:23.002992,0,0,2,101.0
2026-03-05T09:31:24.009950,0,0,2,100.0
2026-03-05T09:31:25.015895,0,0,2,101.0
2026-03-05T09:31:26.022877,0,0,2,100.0
2026-03-05T09:31:27.028845,0,0,2,101.0
2026-03-05T09:31:28.034809,0,0,3,101.0
2026-03-05T09:31:29.041790,0,0,2,100.0
2026-03-05T09:31:30.046759,0,0,3,101.0
2026-03-05T09:31:31.054810,0,0,2,101.0
2026-03-05T09:31:32.059776,0,0,2,100.0
2026-03-05T09:31:33.066744,0,0,2,101.0
2026-03-05T09:31:34.073714,0,0,2,101.0
2026-03-05T09:31:35.079690,0,0,2,100.0
2026-03-05T09:31:36.085678,0,0,2,101.0
2026-03-05T09:31:37.091639,0,0,2,100.0
2026-03-05T09:31:38.098624,0,0,2,101.0
2026-03-05T09:31:40.100418,0,0,2,101.0
2026-03-05T09:31:40.110541,0,0,2,100.0
2026-03-05T09:31:42.112287,0,0,2,101.0
2026-03-05T09:31:42.123438,0,0,2,101.0
2026-03-05T09:31:43.130489,0,0,2,100.0
2026-03-05T09:31:44.136422,0,0,2,101.0
2026-03-05T09:31:45.142427,0,0,2,100.0
2026-03-05T09:31:46.148371,0,0,2,101.0
2026-03-05T09:31:47.154878,0,0,2,101.0
2026-03-05T09:31:58.909801,0,0,2,101.0
2026-03-05T09:32:01.392944,0,0,2,102.0
2026-03-05T09:32:02.400029,0,0,3,100.0
2026-03-05T09:32:03.406152,0,0,2,101.0
2026-03-05T09:32:05.408102,0,0,3,100.0
2026-03-05T09:32:05.417935,0,0,3,101.0
2026-03-05T09:32:06.424944,0,0,3,101.0
2026-03-05T09:32:07.430880,0,0,2,100.0
2026-03-05T09:32:08.437899,0,0,2,101.0
2026-03-05T09:32:09.444857,0,0,2,101.0
2026-03-05T09:32:10.449838,0,0,2,100.0
2026-03-05T09:32:11.456814,0,0,2,101.0
2026-03-05T09:32:13.458571,0,0,2,100.0
2026-03-05T09:33:06.396956,0,0,3,101.0
2026-03-05T09:33:08.880350,0,0,2,101.0
2026-03-05T09:33:09.887335,0,0,2,101.0
2026-03-05T09:33:10.893282,0,0,2,100.0
2026-03-05T09:33:12.895073,0,0,2,101.0
2026-03-05T09:33:12.905277,0,0,2,101.0
2026-03-05T09:33:13.912281,0,0,2,100.0
2026-03-05T09:33:14.918304,0,0,2,101.0
2026-03-05T09:33:15.925207,0,0,2,101.0
2026-03-05T09:33:16.932176,0,0,2,100.0
2026-03-05T09:33:17.937110,0,0,2,101.0
2026-03-05T09:33:19.938903,0,0,2,101.0
2026-03-05T09:33:19.949990,0,0,2,100.0
2026-03-05T09:33:20.957019,0,0,2,101.0
2026-03-05T09:33:21.961945,0,0,2,100.0
2026-03-05T09:33:22.968951,0,0,2,101.0
2026-03-05T09:33:23.973964,0,0,2,101.0
2026-03-05T09:33:24.981900,0,0,2,100.0
2026-03-05T09:33:25.987935,0,0,2,101.0
2026-03-05T09:33:26.993916,0,0,2,101.0
2026-03-05T09:33:28.000868,0,0,2,100.0
2026-03-05T09:33:29.006820,0,0,3,101.0
2026-03-05T09:33:30.013780,0,0,2,101.0
2026-03-05T09:33:31.018763,0,0,2,100.0
2026-03-05T09:33:32.025723,0,0,3,101.0
2026-03-05T09:33:33.032718,0,0,2,100.0
2026-03-05T09:35:08.393845,0,0,2,100.0
2026-03-05T09:35:10.877307,0,0,2,102.0
2026-03-05T09:35:11.884281,0,0,2,101.0
2026-03-05T09:35:12.890312,0,0,2,100.0
2026-03-05T09:35:14.892091,0,0,2,101.0
2026-03-05T09:35:14.902245,0,0,3,100.0
2026-03-05T09:35:15.909171,0,0,2,101.0
2026-03-05T09:35:23.663576,0,0,2,100.0
2026-03-05T09:35:26.147939,0,0,2,102.0
2026-03-05T09:35:27.154947,0,0,2,101.0
2026-03-05T09:35:28.160957,0,0,2,100.0
2026-03-05T09:35:29.167934,0,0,3,101.0
2026-03-05T09:35:30.172834,0,0,2,100.0
2026-03-05T09:35:31.179863,0,0,2,101.0
2026-03-05T09:35:33.181625,0,0,2,101.0
2026-03-05T09:35:33.192748,0,0,2,100.0
2026-03-05T09:35:35.194522,0,0,2,101.0
2026-03-05T09:35:35.204652,0,0,2,101.0
2026-03-05T09:35:36.211644,0,0,2,100.0
2026-03-05T09:35:37.217627,0,0,2,101.0
2026-03-05T09:35:38.224594,0,0,3,101.0
2026-03-05T09:35:39.229575,0,0,2,100.0
2026-03-05T09:35:40.235576,0,0,2,101.0
2026-03-05T09:35:41.242635,0,0,3,100.0
2026-03-05T09:35:42.248570,0,0,2,101.0
2026-03-05T09:35:43.255540,0,0,2,101.0
2026-03-05T09:35:44.261520,0,0,2,100.0
2026-03-05T09:35:45.268522,0,0,3,101.0
2026-03-05T09:35:46.274459,0,0,4,101.0
2026-03-05T09:35:47.279335,0,0,3,100.0
2026-03-05T09:35:48.286477,0,0,2,101.0
2026-03-05T09:35:49.293359,0,0,2,100.0
2026-03-05T09:35:50.300326,0,0,2,101.0
2026-03-05T09:35:51.306366,0,0,2,101.0
2026-03-05T09:35:52.312242,0,0,2,100.0
2026-03-05T09:35:53.318347,0,0,2,101.0
2026-03-05T09:35:54.323194,0,0,2,101.0
2026-03-05T09:35:56.324975,0,0,3,100.0
2026-03-05T09:35:56.338172,0,0,2,101.0
2026-03-05T09:35:57.343166,0,0,2,100.0
2026-03-05T09:35:58.350201,0,0,2,101.0
2026-03-05T09:35:59.357104,0,0,2,101.0
2026-03-05T09:36:00.363081,0,0,2,100.0
2026-03-05T09:36:01.369095,0,0,4,101.0
2026-03-05T09:36:03.370887,0,0,2,101.0
2026-03-05T09:36:03.381934,0,0,2,100.0
2026-03-05T09:36:04.387939,0,0,2,101.0
2026-03-05T09:36:05.394953,0,0,2,101.0
2026-03-05T09:36:06.400920,0,0,2,100.0
2026-03-05T09:36:07.406885,0,0,2,101.0
2026-03-05T09:36:08.411945,0,0,2,100.0
2026-03-05T09:36:09.419898,0,0,2,101.0
2026-03-05T09:36:10.425866,0,0,2,101.0
2026-03-05T09:36:11.431883,0,0,2,100.0
2026-03-05T09:36:12.438841,0,0,2,101.0
2026-03-05T09:36:13.444806,0,0,2,101.0
2026-03-05T09:36:14.450803,0,0,2,100.0
2026-03-05T09:36:15.455784,0,0,2,101.0
2026-03-05T09:36:17.457614,0,0,2,100.0
2026-03-05T09:36:17.470705,0,0,2,101.0
2026-03-05T09:36:19.472524,0,0,3,101.0
2026-03-05T09:38:55.109372,0,0,2,140.0
2026-03-05T09:38:56.115677,0,0,2,147.0
2026-03-05T09:38:57.121658,0,0,2,138.0
2026-03-05T09:38:58.128676,0,0,2,101.0
2026-03-05T09:38:59.133658,0,0,2,101.0
2026-03-05T09:39:00.140612,0,0,2,101.0
2026-03-05T09:39:01.144567,0,0,2,101.0
2026-03-05T09:39:02.153614,0,0,2,100.0
2026-03-05T09:39:04.154453,0,0,3,101.0
2026-03-05T09:39:04.165502,0,0,2,101.0
2026-03-05T09:39:05.172460,0,0,2,100.0
2026-03-05T09:39:06.178434,0,0,2,101.0
2026-03-05T09:39:07.185418,0,0,2,101.0
2026-03-05T09:39:08.190451,0,0,3,100.0
2026-03-05T09:39:09.196351,0,0,2,101.0
2026-03-05T09:39:10.203414,0,0,2,100.0
2026-03-05T09:39:11.210476,0,0,2,101.0
2026-03-05T09:39:12.216378,0,0,2,101.0
2026-03-05T09:39:14.218172,0,0,2,100.0
2026-03-05T09:39:14.229321,0,0,3,101.0
2026-03-05T09:39:15.235329,0,0,2,101.0
2026-03-05T09:39:17.237099,0,0,2,100.0
2026-03-05T09:39:17.247089,0,0,2,101.0
2026-03-05T09:39:18.254243,0,0,2,100.0
2026-03-05T09:39:19.261120,0,0,1,101.0
2026-03-05T09:39:20.267127,0,0,2,101.0
2026-03-05T09:39:21.273114,0,0,2,100.0
2026-03-05T09:39:22.277098,0,0,3,101.0
2026-03-05T09:39:23.286163,0,0,2,101.0
2026-03-05T09:39:24.292031,0,0,3,100.0
2026-03-05T09:39:25.297988,0,0,2,101.0
2026-03-05T09:39:26.303946,0,0,2,101.0
2026-03-05T09:39:27.310974,0,0,2,101.0
2026-03-05T09:39:28.317929,0,0,2,101.0
2026-03-05T09:39:29.321932,0,0,2,100.0
2026-03-05T09:39:30.329923,0,0,2,101.0
2026-03-05T09:39:31.335852,0,0,2,101.0
2026-03-05T09:39:32.342866,0,0,3,100.0
2026-03-05T09:39:33.348819,0,0,2,101.0
2026-03-05T09:39:34.354788,0,0,2,101.0
2026-03-05T09:39:35.361760,0,0,2,100.0
2026-03-05T09:39:36.367723,0,0,2,101.0
2026-03-05T09:39:38.369567,0,0,2,100.0
2026-03-05T09:39:38.379658,0,0,2,101.0
2026-03-05T09:39:39.386655,0,0,2,101.0
2026-03-05T09:39:40.391643,0,0,2,102.0
2026-03-05T09:39:41.399610,0,0,3,101.0
2026-03-05T09:39:42.404716,0,0,2,119.0
2026-03-05T09:39:43.409576,0,0,2,122.0
2026-03-05T09:39:45.411400,0,0,2,132.0
2026-03-05T09:39:45.424447,0,0,3,138.0
2026-03-05T09:39:46.431438,0,0,3,142.0
2026-03-05T09:39:47.436417,0,0,3,143.0
2026-03-05T09:39:48.443393,0,0,2,141.0
2026-03-05T09:39:49.449353,0,0,2,141.0
2026-03-05T09:40:17.871288,0,0,2,151.0
2026-03-05T09:40:18.877655,0,0,2,152.0
2026-03-05T09:40:19.883683,0,0,2,151.0
2026-03-05T09:40:20.889618,0,0,3,151.0
2026-03-05T09:40:21.895591,0,0,3,154.0
2026-03-05T09:40:22.902566,0,0,2,150.0
2026-03-05T09:40:23.907585,0,0,2,152.0
2026-03-05T09:40:25.909406,0,0,8,150.0
2026-03-05T09:40:25.921549,0,0,2,152.0
2026-03-05T09:40:26.927518,0,0,2,151.0
2026-03-05T09:40:27.934509,0,0,2,150.0
2026-03-05T09:40:28.939449,0,0,2,152.0
2026-03-05T09:40:29.945399,0,0,3,151.0
2026-03-05T09:40:30.952357,0,0,2,150.0
2026-03-05T09:40:31.959314,0,0,2,152.0
2026-03-05T09:40:32.966437,0,0,2,151.0
2026-03-05T09:40:33.971323,0,0,3,151.0
2026-03-05T09:40:34.978423,0,0,2,152.0
2026-03-05T09:40:35.984265,0,0,3,154.0
2026-03-05T09:40:36.991254,0,0,3,152.0
2026-03-05T09:40:37.996232,0,0,2,130.0
2026-03-05T09:40:39.003188,0,0,2,100.0
2026-03-05T09:40:40.010268,0,0,2,101.0
2026-03-05T09:40:41.016115,0,0,2,101.0
2026-03-05T09:40:42.023090,0,0,1,100.0
2026-03-05T09:40:43.028053,0,0,0,101.0
2026-03-05T09:40:44.035049,0,0,3,101.0
2026-03-05T09:40:45.041031,0,0,3,100.0
2026-03-05T09:40:46.047960,0,0,2,115.0
2026-03-05T09:40:47.052975,0,0,2,100.0
2026-03-05T09:40:48.059943,0,0,3,101.0
2026-03-05T09:40:49.066906,0,0,3,101.0
2026-03-05T09:40:50.072878,0,0,2,100.0
2026-03-05T09:40:51.078880,0,0,2,101.0
2026-03-05T09:40:52.084840,0,0,3,100.0
2026-03-05T09:40:53.091818,0,0,2,101.0
2026-03-05T09:40:54.097815,0,0,2,101.0
2026-03-05T09:40:55.104746,0,0,2,100.0
2026-03-05T09:40:56.110743,0,0,2,101.0
2026-03-05T09:40:57.116723,0,0,2,101.0
2026-03-05T09:40:58.123686,0,0,2,100.0
2026-03-05T09:40:59.129665,0,0,2,101.0
2026-03-05T09:41:00.135641,0,0,2,119.0
2026-03-05T09:41:01.141631,0,0,2,141.0
2026-03-05T09:41:02.148596,0,0,2,142.0
2026-03-05T09:41:03.154567,0,0,2,140.0
2026-03-05T09:41:04.160529,0,0,2,141.0
2026-03-05T09:41:05.167491,0,0,2,142.0
2026-03-05T09:41:06.173454,0,0,2,140.0
2026-03-05T09:41:07.180446,0,0,2,142.0
2026-03-05T09:41:09.182309,0,0,3,141.0
2026-03-05T09:41:09.192387,0,0,2,141.0
2026-03-05T09:41:10.198457,0,0,2,142.0
2026-03-05T09:41:11.205371,0,0,3,138.0
2026-03-05T09:41:12.212333,0,0,2,137.0
2026-03-05T09:41:13.217313,0,0,3,133.0
2026-03-05T09:41:14.224275,0,0,3,112.0
2026-03-05T09:41:15.230386,0,0,2,118.0
2026-03-05T09:41:16.237259,0,0,2,93.0
2026-03-05T09:41:17.243230,0,0,2,108.0
2026-03-05T09:41:18.249168,0,0,2,135.0
2026-03-05T09:41:19.255187,0,0,2,88.0
2026-03-05T09:41:20.262077,0,0,3,133.0
2026-03-05T09:41:21.269130,0,0,2,125.0
2026-03-05T09:41:22.274245,0,0,2,107.0
2026-03-05T09:41:23.281081,0,0,3,122.0
2026-03-05T09:41:24.287087,0,0,2,104.0
2026-03-05T09:41:25.294131,0,0,1,112.0
2026-03-05T09:41:26.299057,0,0,2,123.0
2026-03-05T09:41:27.306114,0,0,2,130.0
2026-03-05T09:41:28.313001,0,0,3,139.0
2026-03-05T09:41:29.318987,0,0,2,141.0
2026-03-05T09:41:31.320877,0,0,2,137.0
2026-03-05T09:41:31.330898,0,0,3,108.0
2026-03-05T09:41:32.337906,0,0,2,101.0
2026-03-05T09:41:33.343881,0,0,2,100.0
2026-03-05T09:41:40.921059,0,0,2,101.0
2026-03-05T09:41:43.404559,0,0,2,101.0
2026-03-05T09:41:44.411532,0,0,2,101.0
2026-03-05T09:41:45.415590,0,0,3,101.0
2026-03-05T09:41:47.417403,0,0,3,100.0
2026-03-05T09:42:20.869141,0,0,3,102.0
2026-03-05T09:44:36.386819,0,0,2,142.0
2026-03-05T09:44:38.870325,0,0,2,144.0
2026-03-05T09:44:39.877142,0,0,2,142.0
2026-03-05T09:44:40.883132,0,0,2,142.0
2026-03-05T09:44:42.884894,0,0,2,141.0
2026-03-05T09:44:42.895075,0,0,2,141.0
2026-03-05T09:44:43.902163,0,0,3,142.0
2026-03-05T09:44:44.908057,0,0,2,143.0
2026-03-05T09:44:45.914996,0,0,2,141.0
2026-03-05T09:44:46.922096,0,0,4,139.0
2026-03-05T09:44:47.926916,0,0,3,138.0
2026-03-05T09:44:49.928655,0,0,2,140.0
2026-03-05T09:44:49.939871,0,0,3,144.0
2026-03-05T09:44:50.946911,0,0,3,138.0
2026-03-05T09:44:51.951869,0,0,2,138.0
2026-03-05T09:44:52.958868,0,0,2,141.0
2026-03-05T09:44:53.964818,0,0,2,137.0
2026-03-05T09:44:54.971843,0,0,2,142.0
2026-03-05T09:44:55.977829,0,0,3,138.0
2026-03-05T09:44:56.983792,0,0,2,121.0
2026-03-05T09:44:57.990761,0,0,2,116.0
2026-03-05T09:44:58.996724,0,0,2,128.0
2026-03-05T09:45:00.003652,0,0,3,101.0
2026-03-05T09:45:01.008692,0,0,2,102.0
2026-03-05T09:45:02.015623,0,0,2,100.0
2026-03-05T09:45:03.022585,0,0,2,111.0
2026-03-05T09:45:04.028642,0,0,2,140.0
2026-03-05T09:45:06.030419,0,0,2,137.0
2026-03-05T09:45:06.040488,0,0,2,122.0
2026-03-05T09:45:07.047506,0,0,3,134.0
2026-03-05T09:45:08.053467,0,0,2,90.0
2026-03-05T09:45:09.060434,0,0,2,85.0
2026-03-05T09:45:10.065432,0,0,3,85.0
2026-03-05T09:45:11.072356,0,0,3,99.0
2026-03-05T09:45:12.079474,0,0,2,134.0
2026-03-05T09:45:13.085361,0,0,2,131.0
2026-03-05T09:45:14.091314,0,0,2,139.0
2026-03-05T09:45:15.097256,0,0,3,137.0
2026-03-05T09:45:16.104272,0,0,3,132.0
2026-03-05T09:45:17.110333,0,0,2,130.0
2026-03-05T09:45:18.116230,0,0,2,139.0
2026-03-05T09:45:19.123128,0,0,2,127.0
2026-03-05T09:45:20.129173,0,0,2,133.0
2026-03-05T09:45:21.136142,0,0,2,128.0
2026-03-05T09:45:22.142234,0,0,2,133.0
2026-03-05T09:45:23.148098,0,0,2,131.0
2026-03-05T09:45:24.154139,0,0,2,133.0
2026-03-05T09:45:26.155948,0,0,3,132.0
2026-03-05T09:45:26.167038,0,0,2,125.0
2026-03-05T09:45:27.173051,0,0,2,131.0
2026-03-05T09:45:28.180031,0,0,2,137.0
2026-03-05T09:45:29.186075,0,0,1,133.0
2026-03-05T09:45:30.192975,0,0,2,138.0
2026-03-05T09:45:31.198892,0,0,2,135.0
2026-03-05T09:45:33.200661,0,0,2,131.0
2026-03-05T09:45:33.210804,0,0,3,134.0
2026-03-05T09:45:34.217835,0,0,2,135.0
2026-03-05T09:45:35.224817,0,0,2,134.0
2026-03-05T09:45:36.229778,0,0,2,141.0
2026-03-05T09:45:37.236772,0,0,2,134.0
2026-03-05T09:45:38.242736,0,0,2,129.0
2026-03-05T09:45:39.249719,0,0,2,133.0
2026-03-05T09:45:40.255693,0,0,2,131.0
2026-03-05T09:45:41.261655,0,0,2,96.0
2026-03-05T09:45:42.267623,0,0,2,82.0
2026-03-05T09:45:43.274596,0,0,3,79.0
2026-03-05T09:45:44.281553,0,0,2,90.0
2026-03-05T09:45:45.286558,0,0,2,86.0
2026-03-05T09:45:46.293572,0,0,2,85.0
2026-03-05T09:45:48.295350,0,0,3,90.0
2026-03-05T09:45:48.306508,0,0,1,84.0
2026-03-05T09:45:49.311469,0,0,2,84.0
2026-03-05T09:45:50.318474,0,0,2,86.0
2026-03-05T09:45:51.325407,0,0,2,82.0
2026-03-05T09:45:52.331375,0,0,2,82.0
2026-03-05T09:45:53.336347,0,0,2,88.0
2026-03-05T09:45:54.343317,0,0,2,85.0
2026-03-05T09:45:56.345096,0,0,2,83.0
2026-03-05T09:45:56.356222,0,0,3,83.0
2026-03-05T09:45:57.363278,0,0,3,89.0
2026-03-05T09:45:58.368239,0,0,2,86.0
2026-03-05T09:45:59.375221,0,0,3,87.0
2026-03-05T09:46:00.382259,0,0,2,86.0
2026-03-05T09:46:01.388149,0,0,2,83.0
2026-03-05T09:46:02.395128,0,0,2,91.0
2026-03-05T09:46:04.396912,0,0,2,149.0
2026-03-05T09:46:04.407040,0,0,2,148.0
2026-03-05T09:46:05.413061,0,0,2,171.0
2026-03-05T09:46:06.420031,0,0,3,179.0
2026-03-05T09:46:07.424970,0,0,2,167.0
2026-03-05T09:46:08.431974,0,0,2,166.0
2026-03-05T09:46:09.438944,0,0,2,143.0
2026-03-05T09:46:10.443904,0,0,1,136.0
2026-03-05T09:46:11.451922,0,0,3,137.0
2026-03-05T09:46:12.456860,0,0,3,139.0
2026-03-05T09:46:13.463940,0,0,2,138.0
2026-03-05T09:46:14.469817,0,0,2,137.0
2026-03-05T09:46:15.476840,0,0,2,139.0
2026-03-05T09:46:16.482852,0,0,2,138.0
2026-03-05T09:46:17.488768,0,0,2,133.0
2026-03-05T09:46:18.495740,0,0,2,139.0
2026-03-05T09:46:19.501716,0,0,2,142.0
2026-03-05T09:46:20.508691,0,0,3,140.0
2026-03-05T09:46:21.513653,0,0,2,138.0
2026-03-05T09:46:22.520630,0,0,3,138.0
2026-03-05T09:46:23.527604,0,0,2,139.0
2026-03-05T09:46:24.533578,0,0,2,138.0
2026-03-05T09:46:26.535461,0,0,3,141.0
2026-03-05T09:46:26.545495,0,0,2,141.0
2026-03-05T09:46:28.547252,0,0,2,140.0
2026-03-05T09:48:02.138825,0,0,2,139.0
2026-03-05T09:48:04.622215,0,0,2,144.0
2026-03-05T09:48:05.629087,0,0,3,139.0
2026-03-05T09:48:06.632991,0,0,3,141.0
2026-03-05T09:48:08.634781,0,0,2,139.0
2026-03-05T09:48:08.646967,0,0,2,142.0
2026-03-05T09:48:09.653957,0,0,2,139.0
2026-03-05T09:48:10.659942,0,0,2,141.0
2026-03-05T09:48:11.666915,0,0,2,141.0
2026-03-05T09:48:12.673872,0,0,3,139.0
2026-03-05T09:48:13.677919,0,0,3,141.0
2026-03-05T09:48:14.685896,0,0,2,139.0
2026-03-05T09:48:15.690871,0,0,3,139.0
2026-03-05T09:48:16.698884,0,0,2,140.0
2026-03-05T09:48:17.703831,0,0,2,138.0
2026-03-05T09:48:18.710789,0,0,3,139.0
2026-03-05T09:48:19.716774,0,0,2,140.0
2026-03-05T09:48:20.723729,0,0,2,141.0
2026-03-05T09:48:22.725567,0,0,3,136.0
2026-03-05T09:48:43.119860,0,0,2,142.0
2026-03-05T09:48:44.126229,0,0,3,139.0
2026-03-05T09:48:45.132156,0,0,3,141.0
2026-03-05T09:48:46.139136,0,0,3,136.0
2026-03-05T09:48:47.142275,0,0,2,139.0
2026-03-05T09:48:49.144085,0,0,2,140.0
2026-03-05T09:48:49.156926,0,0,2,138.0
2026-03-05T09:48:50.163966,0,0,2,137.0
2026-03-05T09:48:51.170945,0,0,2,139.0
2026-03-05T09:48:52.175939,0,0,3,141.0
2026-03-05T09:48:53.182938,0,0,2,141.0
2026-03-05T09:48:54.186845,0,0,2,139.0
2026-03-05T09:48:55.195967,0,0,2,138.0
2026-03-05T09:48:57.197732,0,0,2,139.0
2026-03-05T09:48:57.207770,0,0,2,137.0
2026-03-05T09:48:58.213649,0,0,2,140.0
2026-03-05T09:48:59.220777,0,0,2,143.0
2026-03-05T09:49:00.227724,0,0,2,139.0
2026-03-05T09:49:01.232747,0,0,3,138.0
2026-03-05T09:49:02.239755,0,0,3,137.0
2026-03-05T09:49:03.245710,0,0,3,139.0
2026-03-05T09:49:04.252632,0,0,2,141.0
2026-03-05T09:49:48.131979,0,0,2,137.0
2026-03-05T09:49:50.616533,0,0,2,178.0
2026-03-05T09:49:51.622505,0,0,2,181.0
2026-03-05T09:49:52.628467,0,0,2,174.0
2026-03-05T09:49:54.630354,0,0,2,173.0
2026-03-05T09:49:54.641310,0,0,2,183.0
2026-03-05T09:49:55.647368,0,0,3,180.0
2026-03-05T09:49:56.653347,0,0,2,171.0
2026-03-05T09:49:57.660281,0,0,2,180.0
2026-03-05T09:49:58.667275,0,0,2,183.0
2026-03-05T09:49:59.671195,0,0,2,149.0
2026-03-05T09:50:00.679316,0,0,2,142.0
2026-03-05T09:50:02.681070,0,0,2,131.0
2026-03-05T09:50:02.692134,0,0,3,138.0
2026-03-05T09:50:03.698291,0,0,2,140.0
2026-03-05T09:50:04.704126,0,0,2,139.0
2026-03-05T09:50:05.710176,0,0,3,139.0
2026-03-05T09:50:06.717055,0,0,2,138.0
2026-03-05T09:50:07.724103,0,0,2,137.0
2026-03-05T09:50:09.725854,0,0,3,95.0
2026-03-05T09:50:31.119111,0,0,2,102.0
2026-03-05T09:50:32.125424,0,0,3,101.0
2026-03-05T09:50:33.130492,0,0,2,101.0
2026-03-05T09:50:34.138511,0,0,2,100.0
2026-03-05T09:50:35.143394,0,0,2,99.0
2026-03-05T09:50:36.150417,0,0,2,97.0
2026-03-05T09:50:37.156314,0,0,2,100.0
2026-03-05T09:50:38.163301,0,0,2,99.0
2026-03-05T09:50:39.170368,0,0,2,99.0
2026-03-05T09:50:40.174328,0,0,2,97.0
2026-03-05T09:50:41.182386,0,0,3,98.0
2026-03-05T09:50:42.188215,0,0,2,97.0
2026-03-05T09:50:43.195173,0,0,2,95.0
2026-03-05T09:50:44.200168,0,0,2,98.0
2026-03-05T09:50:45.207143,0,0,3,96.0
2026-03-05T09:50:46.213096,0,0,2,95.0
2026-03-05T09:50:47.220063,0,0,2,97.0
2026-03-05T09:50:48.227063,0,0,2,97.0
2026-03-05T09:50:49.232002,0,0,2,94.0
2026-03-05T09:50:50.239018,0,0,3,97.0
2026-03-05T09:50:51.244987,0,0,2,95.0
2026-03-05T09:50:52.251968,0,0,3,97.0
2026-03-05T09:50:53.254887,0,0,3,94.0
2026-03-05T09:50:54.262981,0,0,3,95.0
2026-03-05T09:50:55.270850,0,0,3,106.0
2026-03-05T09:50:56.276853,0,0,2,105.0
2026-03-05T09:50:57.283832,0,0,3,112.0
2026-03-05T09:50:58.288797,0,0,4,107.0
2026-03-05T09:50:59.295842,0,0,2,110.0
2026-03-05T09:51:00.301727,0,0,3,112.0
2026-03-05T09:51:01.308737,0,0,3,108.0
2026-03-05T09:51:02.313684,0,0,2,110.0
2026-03-05T09:51:03.320656,0,0,2,111.0
2026-03-05T09:51:04.326619,0,0,2,111.0
2026-03-05T09:51:05.333598,0,0,2,109.0
2026-03-05T09:51:06.339622,0,0,2,111.0
2026-03-05T09:51:07.345575,0,0,3,107.0
2026-03-05T09:51:08.352524,0,0,2,112.0
2026-03-05T09:51:09.358575,0,0,2,109.0
2026-03-05T09:51:10.365477,0,0,3,108.0
2026-03-05T09:51:11.371454,0,0,2,109.0
2026-03-05T09:51:12.377413,0,0,3,108.0
2026-03-05T09:51:13.384425,0,0,2,109.0
2026-03-05T09:51:14.390478,0,0,2,106.0
2026-03-05T09:51:15.396425,0,0,2,106.0
2026-03-05T09:51:16.402473,0,0,2,108.0
2026-03-05T09:51:17.409383,0,0,3,106.0
2026-03-05T09:51:18.415335,0,0,3,106.0
2026-03-05T09:51:19.422402,0,0,2,104.0
2026-03-05T09:51:20.428267,0,0,2,110.0
2026-03-05T09:51:32.150586,0,0,2,102.0
2026-03-05T09:51:34.633911,0,0,2,102.0
2026-03-05T09:51:35.640892,0,0,3,103.0
2026-03-05T09:51:36.645829,0,0,2,100.0
2026-03-05T09:51:38.647710,0,0,3,104.0
2026-03-05T09:51:38.658727,0,0,3,100.0
2026-03-05T09:51:39.665740,0,0,2,101.0
2026-03-05T09:51:40.671737,0,0,2,102.0
2026-03-05T09:51:41.678700,0,0,2,101.0
2026-03-05T09:51:42.685679,0,0,2,99.0
2026-03-05T09:51:43.688649,0,0,3,99.0
2026-03-05T09:51:44.697744,0,0,0,99.0
2026-03-05T09:51:45.703625,0,0,3,101.0
2026-03-05T09:51:46.709629,0,0,2,99.0
2026-03-05T09:51:47.715605,0,0,2,97.0
2026-03-05T09:51:49.717379,0,0,3,100.0
2026-03-05T09:51:49.728445,0,0,3,97.0
2026-03-05T09:51:50.735466,0,0,2,100.0
2026-03-05T09:51:51.742487,0,0,3,101.0
2026-03-05T09:51:52.747412,0,0,2,96.0
2026-03-05T09:51:53.754453,0,0,2,101.0
2026-03-05T09:51:54.759385,0,0,3,98.0
2026-03-05T09:51:55.767437,0,0,2,97.0
2026-03-05T09:52:06.224378,0,0,2,110.0
2026-03-05T09:52:08.708062,0,0,2,110.0
2026-03-05T09:52:09.715072,0,0,2,108.0
2026-03-05T09:52:10.720984,0,0,2,110.0
2026-03-05T09:52:11.727973,0,0,2,108.0
2026-03-05T09:52:12.732934,0,0,3,107.0
2026-03-05T09:52:13.739939,0,0,2,107.0
2026-03-05T09:52:14.745856,0,0,2,109.0
2026-03-05T09:52:15.752830,0,0,2,108.0
2026-03-05T09:52:16.759835,0,0,2,102.0
2026-03-05T09:52:17.764814,0,0,3,100.0
2026-03-05T09:52:18.771772,0,0,2,100.0
2026-03-05T09:52:19.777755,0,0,2,111.0
2026-03-05T09:52:20.784747,0,0,2,105.0
2026-03-05T09:52:21.789735,0,0,2,106.0
2026-03-05T09:52:22.796758,0,0,2,104.0
2026-03-05T09:52:23.802724,0,0,3,105.0
2026-03-05T09:52:24.809692,0,0,2,107.0
2026-03-05T09:52:25.816673,0,0,3,101.0
2026-03-05T09:52:26.819631,0,0,3,105.0
2026-03-05T09:52:27.828629,0,0,3,103.0
2026-03-05T09:52:28.834620,0,0,2,105.0
2026-03-05T09:52:29.841570,0,0,3,103.0
2026-03-05T09:52:30.846565,0,0,2,103.0
2026-03-05T09:52:31.853518,0,0,2,104.0
2026-03-05T09:52:32.859496,0,0,0,104.0
2026-03-05T09:52:33.866582,0,0,3,106.0
2026-03-05T09:52:35.868424,0,0,2,108.0
2026-03-05T09:53:11.897026,0,0,2,104.0
2026-03-05T09:53:14.380422,0,0,2,103.0
2026-03-05T09:53:15.387424,0,0,2,101.0
2026-03-05T09:53:16.391334,0,0,2,101.0
2026-03-05T09:53:18.393126,0,0,3,101.0
2026-03-05T09:53:54.857196,0,0,2,108.0
2026-03-05T09:53:55.863446,0,0,3,111.0
2026-03-05T09:53:56.869250,0,0,3,104.0
2026-03-05T09:53:57.876311,0,0,3,98.0
2026-03-05T09:53:58.880284,0,0,2,99.0
2026-03-05T09:53:59.888264,0,0,2,99.0
2026-03-05T09:54:00.893246,0,0,2,100.0
2026-03-05T09:54:01.899233,0,0,2,98.0
2026-03-05T09:54:02.908312,0,0,3,99.0
2026-03-05T09:54:03.913247,0,0,3,99.0
2026-03-05T09:54:05.915024,0,0,3,98.0
2026-03-05T09:54:05.926315,0,0,2,99.0
2026-03-05T09:54:06.933096,0,0,2,99.0
2026-03-05T09:54:07.938190,0,0,2,102.0
2026-03-05T09:54:08.945072,0,0,3,101.0
2026-03-05T09:54:09.951051,0,0,2,103.0
2026-03-05T09:54:10.958165,0,0,2,101.0
2026-03-05T09:54:11.964951,0,0,2,106.0
2026-03-05T09:54:13.966733,0,0,2,105.0
2026-03-05T09:54:13.976906,0,0,2,101.0
2026-03-05T09:54:14.982931,0,0,2,109.0
2026-03-05T09:54:15.989911,0,0,2,101.0
2026-03-05T09:54:16.994870,0,0,2,96.0
2026-03-05T09:54:18.001813,0,0,2,97.0
2026-03-05T09:54:19.008758,0,0,2,97.0
2026-03-05T09:54:20.014883,0,0,3,101.0
2026-03-05T09:54:21.021781,0,0,3,103.0
2026-03-05T09:54:22.026753,0,0,2,102.0
2026-03-05T09:54:23.033725,0,0,3,104.0
2026-03-05T09:54:24.039705,0,0,3,112.0
2026-03-05T09:54:25.046649,0,0,3,107.0
2026-03-05T09:54:26.051656,0,0,3,108.0
2026-03-05T09:54:27.058632,0,0,2,112.0
2026-03-05T09:54:28.064631,0,0,3,109.0
2026-03-05T09:54:30.066429,0,0,2,110.0
2026-03-05T09:54:30.077496,0,0,2,107.0
2026-03-05T09:54:31.083516,0,0,2,109.0
2026-03-05T09:54:32.090490,0,0,2,109.0
2026-03-05T09:54:33.096447,0,0,3,106.0
2026-03-05T09:54:34.102466,0,0,3,110.0
2026-03-05T09:54:35.109432,0,0,2,106.0
2026-03-05T09:54:36.115450,0,0,2,108.0
2026-03-05T09:54:37.122463,0,0,2,104.0
2026-03-05T09:54:38.128382,0,0,3,107.0
2026-03-05T09:54:39.134429,0,0,3,109.0
2026-03-05T09:54:40.140336,0,0,2,111.0
2026-03-05T09:54:41.147328,0,0,3,109.0
2026-03-05T09:54:42.151305,0,0,2,108.0
2026-03-05T09:54:43.160282,0,0,2,112.0
2026-03-05T09:54:44.166319,0,0,2,109.0
2026-03-05T09:54:45.172211,0,0,3,109.0
2026-03-05T09:54:46.179194,0,0,2,110.0
2026-03-05T09:54:47.185160,0,0,2,110.0
2026-03-05T09:54:48.191138,0,0,3,108.0
2026-03-05T09:54:49.195132,0,0,2,108.0
2026-03-05T09:55:17.643148,0,0,2,102.0
2026-03-05T09:55:20.126475,0,0,2,102.0
2026-03-05T09:55:21.133347,0,0,3,101.0
2026-03-05T09:55:22.139315,0,0,3,101.0
2026-03-05T09:55:24.141095,0,0,3,100.0
2026-03-05T09:55:24.151159,0,0,2,100.0
2026-03-05T09:55:25.158222,0,0,2,101.0
2026-03-05T09:55:26.164147,0,0,2,100.0
2026-03-05T09:55:27.171115,0,0,2,99.0
2026-03-05T09:55:28.178203,0,0,2,100.0
2026-03-05T09:55:29.183036,0,0,3,98.0
2026-03-05T09:55:30.190220,0,0,2,99.0
2026-03-05T09:55:32.191973,0,0,2,100.0
2026-03-05T09:55:32.202959,0,0,2,101.0
2026-03-05T09:55:33.207984,0,0,2,101.0
2026-03-05T09:55:34.214940,0,0,2,94.0
2026-03-05T09:55:35.220913,0,0,2,100.0
2026-03-05T09:55:36.227897,0,0,3,97.0
2026-03-05T09:55:37.234837,0,0,2,97.0
2026-03-05T09:56:16.621490,0,0,3,101.0
2026-03-05T09:56:17.627931,0,0,2,101.0
2026-03-05T09:56:18.631873,0,0,2,100.0
2026-03-05T09:56:19.640926,0,0,3,100.0
2026-03-05T09:56:20.645836,0,0,2,100.0
2026-03-05T09:56:21.652824,0,0,3,101.0
2026-03-05T09:56:22.658791,0,0,3,97.0
2026-03-05T09:56:23.665733,0,0,3,102.0
2026-03-05T09:56:24.672704,0,0,3,99.0
2026-03-05T09:56:25.677672,0,0,2,99.0
2026-03-05T09:56:26.684667,0,0,2,99.0
2026-03-05T09:56:27.688692,0,0,3,98.0
2026-03-05T09:56:28.697667,0,0,2,101.0
2026-03-05T09:56:29.701610,0,0,2,101.0
2026-03-05T09:56:30.709578,0,0,3,101.0
2026-03-05T09:56:31.715562,0,0,2,95.0
2026-03-05T09:56:32.722619,0,0,2,100.0
2026-03-05T09:56:43.378881,0,0,2,98.0
2026-03-05T09:56:45.862319,0,0,2,98.0
2026-03-05T09:56:47.864098,0,0,3,96.0
2026-03-05T09:56:47.875067,0,0,2,95.0
2026-03-05T09:56:48.882195,0,0,3,96.0
2026-03-05T09:56:49.887061,0,0,3,96.0
2026-03-05T09:56:50.894158,0,0,2,96.0
2026-03-05T09:56:51.900016,0,0,2,95.0
2026-03-05T09:56:52.906970,0,0,2,96.0
2026-03-05T09:56:53.914155,0,0,3,96.0
2026-03-05T09:56:54.918164,0,0,2,95.0
2026-03-05T09:56:55.925987,0,0,2,94.0
2026-03-05T09:56:57.927825,0,0,2,95.0
2026-03-05T09:56:57.938879,0,0,2,93.0
2026-03-05T09:56:58.943813,0,0,2,96.0
2026-03-05T09:56:59.950827,0,0,3,94.0
2026-03-05T09:57:00.956815,0,0,2,94.0
2026-03-05T09:57:01.963790,0,0,3,95.0
2026-03-05T09:57:02.970786,0,0,2,94.0
2026-03-05T09:57:03.975786,0,0,2,92.0
2026-03-05T09:57:04.982712,0,0,2,96.0
2026-03-05T09:57:05.988708,0,0,3,93.0
2026-03-05T09:57:06.995685,0,0,3,96.0
2026-03-05T09:57:08.000662,0,0,3,99.0
2026-03-05T09:57:09.007640,0,0,2,94.0
2026-03-05T09:57:10.014635,0,0,6,98.0
2026-03-05T09:57:11.020598,0,0,2,100.0
2026-03-05T09:57:12.027565,0,0,2,101.0
2026-03-05T09:57:13.031544,0,0,2,105.0
2026-03-05T09:57:14.039540,0,0,3,105.0
2026-03-05T09:57:15.044493,0,0,3,106.0
2026-03-05T09:57:16.052507,0,0,3,105.0
2026-03-05T09:57:17.057457,0,0,2,110.0
2026-03-05T09:57:19.058542,0,0,3,111.0
2026-03-05T09:57:19.071393,0,0,3,113.0
2026-03-05T09:57:20.077385,0,0,2,109.0
2026-03-05T09:57:21.082430,0,0,2,112.0
2026-03-05T09:57:22.089310,0,0,2,110.0
2026-03-05T09:57:23.096287,0,0,3,108.0
2026-03-05T09:57:24.102313,0,0,2,110.0
2026-03-05T09:57:25.109290,0,0,2,107.0
2026-03-05T09:57:26.115238,0,0,2,108.0
2026-03-05T09:57:27.121207,0,0,2,107.0
2026-03-05T09:57:28.128185,0,0,2,108.0
2026-03-05T09:57:29.134212,0,0,2,108.0
2026-03-05T09:57:30.140145,0,0,2,100.0
2026-03-05T09:57:31.145033,0,0,2,105.0
2026-03-05T09:57:32.153169,0,0,2,107.0
2026-03-05T09:57:33.159080,0,0,2,105.0
2026-03-05T09:57:34.166148,0,0,2,107.0
2026-03-05T09:57:35.172015,0,0,3,105.0
2026-03-05T09:57:36.177976,0,0,3,101.0
2026-03-05T09:57:37.184966,0,0,2,106.0
2026-03-05T09:57:38.190947,0,0,2,105.0
2026-03-05T09:57:39.196894,0,0,2,105.0
2026-03-05T09:57:40.202874,0,0,2,103.0
2026-03-05T09:57:41.207764,0,0,2,104.0
2026-03-05T09:57:42.216860,0,0,2,104.0
2026-03-05T09:57:44.218529,0,0,3,103.0
2026-03-05T09:57:44.228674,0,0,1,106.0
2026-03-05T09:57:45.234753,0,0,3,103.0
2026-03-05T09:57:46.241713,0,0,3,102.0
2026-03-05T09:57:47.247675,0,0,2,102.0
2026-03-05T09:57:48.253640,0,0,3,100.0
2026-03-05T09:57:49.259638,0,0,2,103.0
2026-03-05T09:57:50.266643,0,0,2,102.0
2026-03-05T09:57:51.273591,0,0,2,103.0
2026-03-05T09:57:52.279583,0,0,2,101.0
2026-03-05T09:57:53.285527,0,0,3,103.0
2026-03-05T09:57:54.291534,0,0,2,100.0
2026-03-05T09:57:55.298593,0,0,2,102.0
2026-03-05T09:57:56.304521,0,0,2,101.0
2026-03-05T09:57:57.310564,0,0,3,101.0
2026-03-05T09:57:58.317424,0,0,3,101.0
2026-03-05T09:57:59.323379,0,0,2,103.0
2026-03-05T09:58:00.330449,0,0,2,100.0
2026-03-05T09:58:01.335365,0,0,2,100.0
2026-03-05T09:58:02.342413,0,0,2,102.0
2026-03-05T09:58:03.348296,0,0,2,100.0
2026-03-05T09:58:04.355289,0,0,2,99.0
2026-03-05T09:58:05.361223,0,0,2,101.0
2026-03-05T09:58:06.367221,0,0,2,98.0
2026-03-05T09:58:07.374252,0,0,2,99.0
2026-03-05T09:58:08.380166,0,0,3,99.0
2026-03-05T09:58:09.387154,0,0,2,98.0
2026-03-05T09:58:10.391087,0,0,3,99.0
2026-03-05T09:58:11.399053,0,0,3,101.0
2026-03-05T09:58:12.405034,0,0,2,99.0
2026-03-05T09:58:13.412008,0,0,2,99.0
2026-03-05T09:58:14.418994,0,0,2,96.0
2026-03-05T09:58:15.423969,0,0,3,102.0
2026-03-05T09:58:17.425737,0,0,2,101.0
2026-03-05T09:58:17.436856,0,0,2,96.0
2026-03-05T09:58:18.443912,0,0,2,101.0
2026-03-05T09:58:19.448877,0,0,2,100.0
2026-03-05T09:58:20.455835,0,0,2,99.0
2026-03-05T09:58:21.461807,0,0,2,100.0
2026-03-05T09:58:22.468723,0,0,2,97.0
2026-03-05T09:58:24.470516,0,0,2,98.0
2026-03-05T09:58:24.480688,0,0,2,99.0
2026-03-05T09:58:25.487740,0,0,3,98.0
2026-03-05T09:58:26.493717,0,0,2,97.0
2026-03-05T09:58:27.500669,0,0,3,99.0
2026-03-05T09:58:28.505643,0,0,3,97.0
2026-03-05T09:58:29.511599,0,0,2,98.0
2026-03-05T09:58:31.513400,0,0,3,97.0
2026-03-05T09:58:31.525508,0,0,2,97.0
2026-03-05T09:58:32.532556,0,0,3,97.0
2026-03-05T09:58:33.537548,0,0,2,97.0
2026-03-05T09:58:34.544493,0,0,3,97.0
2026-03-05T09:58:35.550540,0,0,2,96.0
2026-03-05T09:58:36.556430,0,0,2,96.0
2026-03-05T09:58:38.558295,0,0,2,97.0
2026-03-05T09:58:38.569346,0,0,3,96.0
2026-03-05T09:58:39.576362,0,0,3,96.0
2026-03-05T09:58:40.582403,0,0,2,98.0
2026-03-05T09:58:41.588318,0,0,3,94.0
2026-03-05T09:58:42.594378,0,0,2,96.0
2026-03-05T09:58:43.601228,0,0,2,95.0
2026-03-05T09:58:44.607358,0,0,2,95.0
2026-03-05T09:58:46.609100,0,0,2,95.0
2026-03-05T09:59:00.873546,0,0,2,94.0
2026-03-05T09:59:01.879857,0,0,3,95.0
2026-03-05T09:59:02.883897,0,0,2,92.0
2026-03-05T09:59:03.892867,0,0,2,96.0
2026-03-05T09:59:04.897805,0,0,3,96.0
2026-03-05T09:59:05.904793,0,0,2,101.0
2026-03-05T09:59:06.910757,0,0,2,100.0
2026-03-05T09:59:07.917741,0,0,3,93.0
2026-03-05T09:59:08.924722,0,0,2,95.0
2026-03-05T09:59:09.929657,0,0,2,90.0
2026-03-05T09:59:10.936658,0,0,2,94.0
2026-03-05T09:59:11.942630,0,0,2,92.0
2026-03-05T09:59:12.949584,0,0,2,93.0
2026-03-05T09:59:13.954553,0,0,3,92.0
2026-03-05T09:59:14.961526,0,0,2,95.0
2026-03-05T09:59:15.967514,0,0,2,92.0
2026-03-05T09:59:16.974523,0,0,2,92.0
2026-03-05T09:59:17.981503,0,0,2,92.0
2026-03-05T09:59:19.982479,0,0,2,89.0
2026-03-05T09:59:19.993382,0,0,2,94.0
2026-03-05T09:59:20.999414,0,0,2,91.0
2026-03-05T09:59:22.006451,0,0,2,93.0
2026-03-05T09:59:23.011368,0,0,3,90.0
2026-03-05T09:59:24.018413,0,0,2,94.0
2026-03-05T09:59:25.025299,0,0,2,96.0
2026-03-05T09:59:26.030388,0,0,3,96.0
2026-03-05T09:59:27.038387,0,0,2,96.0
2026-03-05T09:59:28.043255,0,0,2,100.0
2026-03-05T09:59:29.050317,0,0,2,101.0
2026-03-05T09:59:30.056198,0,0,3,105.0
2026-03-05T09:59:31.063177,0,0,2,113.0
2026-03-05T09:59:32.068147,0,0,3,112.0
2026-03-05T09:59:33.075130,0,0,2,110.0
2026-03-05T09:59:34.082247,0,0,2,111.0
2026-03-05T09:59:35.088097,0,0,3,110.0
2026-03-05T09:59:36.095061,0,0,2,109.0
2026-03-05T09:59:37.100077,0,0,2,109.0
2026-03-05T09:59:38.107055,0,0,3,108.0
2026-03-05T09:59:39.113031,0,0,3,107.0
2026-03-05T09:59:41.114812,0,0,2,109.0
2026-03-05T09:59:41.125926,0,0,2,111.0
2026-03-05T09:59:42.131938,0,0,2,109.0
2026-03-05T09:59:43.138924,0,0,2,111.0
2026-03-05T09:59:44.144921,0,0,2,110.0
2026-03-05T09:59:45.150905,0,0,2,112.0
2026-03-05T09:59:46.156874,0,0,3,111.0
2026-03-05T09:59:47.162814,0,0,3,113.0
2026-03-05T09:59:48.168878,0,0,2,110.0
2026-03-05T09:59:49.176806,0,0,2,112.0
2026-03-05T09:59:50.182783,0,0,2,114.0
2026-03-05T09:59:51.188770,0,0,3,109.0
2026-03-05T09:59:52.195736,0,0,2,111.0
2026-03-05T09:59:53.201720,0,0,2,111.0
2026-03-05T09:59:54.207773,0,0,2,110.0
2026-03-05T09:59:55.213650,0,0,2,111.0
2026-03-05T09:59:56.220516,0,0,2,111.0
2026-03-05T09:59:57.227646,0,0,2,109.0
2026-03-05T09:59:58.233606,0,0,2,112.0
2026-03-05T09:59:59.239592,0,0,3,108.0
2026-03-05T10:00:00.245559,0,0,2,111.0
2026-03-05T10:00:01.252554,0,0,2,111.0
2026-03-05T10:00:02.258502,0,0,2,108.0
2026-03-05T10:00:03.264463,0,0,3,109.0
2026-03-05T10:00:04.270502,0,0,2,110.0
2026-03-05T10:00:05.277416,0,0,2,105.0
2026-03-05T10:00:06.284397,0,0,2,110.0
2026-03-05T10:00:07.290438,0,0,1,104.0
2026-03-05T10:00:08.296385,0,0,2,100.0
2026-03-05T10:00:09.302467,0,0,2,109.0
2026-03-05T10:00:10.309349,0,0,2,106.0
2026-03-05T10:00:11.315341,0,0,2,105.0
2026-03-05T10:00:12.321333,0,0,2,107.0
2026-03-05T10:00:13.328307,0,0,3,104.0
2026-03-05T10:00:14.334352,0,0,2,105.0
2026-03-05T10:00:16.336239,0,0,3,104.0
2026-03-05T10:00:16.347208,0,0,2,104.0
2026-03-05T10:00:17.353183,0,0,2,103.0
2026-03-05T10:00:18.358711,0,0,2,101.0
2026-03-05T10:00:19.366248,0,0,2,105.0
2026-03-05T10:00:20.372140,0,0,3,105.0
2026-03-05T10:00:21.378214,0,0,2,104.0
2026-03-05T10:00:22.385098,0,0,2,107.0
2026-03-05T10:00:23.391056,0,0,2,106.0
2026-03-05T10:00:24.398134,0,0,2,104.0
2026-03-05T10:00:25.403049,0,0,2,105.0
2026-03-05T10:00:26.410117,0,0,2,104.0
2026-03-05T10:00:27.416001,0,0,2,104.0
2026-03-05T10:00:28.422967,0,0,2,107.0
2026-03-05T10:00:29.428866,0,0,2,102.0
2026-03-05T10:00:30.435008,0,0,2,105.0
2026-03-05T10:00:31.441975,0,0,2,102.0
2026-03-05T10:00:32.447929,0,0,2,103.0
2026-03-05T10:00:33.454864,0,0,2,104.0
2026-03-05T10:00:34.459851,0,0,3,101.0
2026-03-05T10:00:35.466825,0,0,2,102.0
2026-03-05T10:00:36.472787,0,0,3,102.0
2026-03-05T10:00:37.479769,0,0,2,101.0
2026-03-05T10:00:38.486794,0,0,2,104.0
2026-03-05T10:00:40.488681,0,0,3,101.0
2026-03-05T10:01:01.871862,0,0,2,99.0
2026-03-05T10:01:02.878292,0,0,3,97.0
2026-03-05T10:01:03.884119,0,0,2,96.0
2026-03-05T10:01:04.891120,0,0,2,98.0
2026-03-05T10:01:05.896124,0,0,3,96.0
2026-03-05T10:01:06.903034,0,0,2,98.0
2026-03-05T10:01:07.909021,0,0,2,96.0
2026-03-05T10:01:08.916001,0,0,3,96.0
2026-03-05T10:01:09.922983,0,0,2,97.0
2026-03-05T10:01:10.927954,0,0,2,94.0
2026-03-05T10:01:11.934929,0,0,3,96.0
2026-03-05T10:01:12.940929,0,0,2,95.0
2026-03-05T10:01:13.947904,0,0,3,95.0
2026-03-05T10:01:14.952863,0,0,2,95.0
2026-03-05T10:01:15.959873,0,0,2,95.0
2026-03-05T10:01:16.965816,0,0,3,96.0
2026-03-05T10:01:17.972801,0,0,2,95.0
2026-03-05T10:01:18.979788,0,0,2,100.0
2026-03-05T10:01:19.984791,0,0,2,94.0
2026-03-05T10:01:20.991750,0,0,3,93.0
2026-03-05T10:01:21.997723,0,0,3,96.0
2026-03-05T10:01:23.004700,0,0,2,95.0
2026-03-05T10:01:24.009663,0,0,2,91.0
2026-03-05T10:01:25.016675,0,0,3,94.0
2026-03-05T10:01:26.023631,0,0,2,94.0
2026-03-05T10:01:28.025428,0,0,2,95.0
2026-03-05T10:01:28.036521,0,0,3,97.0
2026-03-05T10:01:29.041567,0,0,3,100.0
2026-03-05T10:01:30.048539,0,0,3,101.0
2026-03-05T10:01:31.054517,0,0,3,106.0
2026-03-05T10:01:32.061492,0,0,3,105.0
2026-03-05T10:01:33.066475,0,0,2,107.0
2026-03-05T10:01:34.073421,0,0,2,109.0
2026-03-05T10:01:35.080363,0,0,2,108.0
2026-03-05T10:01:36.086483,0,0,2,107.0
2026-03-05T10:01:37.093387,0,0,3,100.0
2026-03-05T10:01:38.098431,0,0,3,103.0
2026-03-05T10:01:39.105348,0,0,3,108.0
2026-03-05T10:01:40.111311,0,0,2,106.0
2026-03-05T10:01:42.113086,0,0,2,106.0
2026-03-05T10:01:42.124233,0,0,3,113.0
2026-03-05T10:01:43.130319,0,0,2,104.0
2026-03-05T10:01:44.137235,0,0,2,107.0
2026-03-05T10:01:45.143218,0,0,2,106.0
2026-03-05T10:01:46.149158,0,0,2,107.0
2026-03-05T10:01:47.155139,0,0,2,105.0
2026-03-05T10:01:48.162274,0,0,2,105.0
2026-03-05T10:01:49.168175,0,0,2,105.0
2026-03-05T10:01:50.175150,0,0,2,105.0
2026-03-05T10:01:51.181113,0,0,2,106.0
2026-03-05T10:01:52.187089,0,0,2,106.0
2026-03-05T10:01:53.194095,0,0,2,105.0
2026-03-05T10:01:54.200035,0,0,2,106.0
2026-03-05T10:01:55.206914,0,0,2,104.0
2026-03-05T10:01:56.211953,0,0,2,104.0
2026-03-05T10:01:57.218917,0,0,2,104.0
2026-03-05T10:01:58.225918,0,0,3,105.0
2026-03-05T10:01:59.231910,0,0,3,100.0
2026-03-05T10:02:00.237853,0,0,3,104.0
2026-03-05T10:02:01.243866,0,0,2,104.0
2026-03-05T10:02:02.250847,0,0,3,101.0
2026-03-05T10:02:04.252749,0,0,2,101.0
2026-03-05T10:02:04.263727,0,0,2,103.0
2026-03-05T10:02:05.268727,0,0,2,100.0
2026-03-05T10:02:06.275701,0,0,2,101.0
2026-03-05T10:02:07.282726,0,0,2,102.0
2026-03-05T10:02:08.288692,0,0,2,101.0
2026-03-05T10:02:09.293714,0,0,2,102.0
2026-03-05T10:02:11.295452,0,0,2,100.0
2026-03-05T10:02:11.307571,0,0,3,100.0
2026-03-05T10:02:12.313555,0,0,2,101.0
2026-03-05T10:02:13.319542,0,0,3,98.0
2026-03-05T10:02:14.326583,0,0,2,102.0
2026-03-05T10:02:15.332494,0,0,3,99.0
2026-03-05T10:02:16.339480,0,0,3,101.0
2026-03-05T10:02:17.345404,0,0,3,99.0
2026-03-05T10:02:18.351522,0,0,2,99.0
2026-03-05T10:02:19.357491,0,0,3,99.0
2026-03-05T10:02:20.364457,0,0,2,97.0
2026-03-05T10:02:21.369400,0,0,2,101.0
2026-03-05T10:02:22.376321,0,0,2,101.0
2026-03-05T10:02:23.383287,0,0,2,97.0
2026-03-05T10:02:24.389319,0,0,3,97.0
2026-03-05T10:02:25.396262,0,0,3,99.0
2026-03-05T10:02:26.402351,0,0,2,98.0
2026-03-05T10:02:27.408182,0,0,3,97.0
2026-03-05T10:02:28.414403,0,0,2,97.0
2026-03-05T10:02:30.416163,0,0,2,98.0
2026-03-05T10:02:30.428113,0,0,3,99.0
2026-03-05T10:02:31.433143,0,0,3,99.0
2026-03-05T10:02:32.438254,0,0,2,96.0
2026-03-05T10:02:33.446151,0,0,2,97.0
2026-03-05T10:02:34.453053,0,0,2,98.0
2026-03-05T10:02:35.458112,0,0,3,98.0
2026-03-05T10:02:37.459869,0,0,2,100.0
2026-03-05T10:02:37.469976,0,0,2,99.0
2026-03-05T10:02:38.476974,0,0,3,96.0
2026-03-05T10:02:39.483939,0,0,2,97.0
2026-03-05T10:02:40.489963,0,0,2,96.0
2026-03-05T10:02:41.496886,0,0,2,97.0
2026-03-05T10:02:42.502944,0,0,3,95.0
2026-03-05T10:02:44.504877,0,0,2,95.0
2026-03-05T10:02:44.515854,0,0,2,98.0
2026-03-05T10:02:45.521917,0,0,3,93.0
2026-03-05T10:02:46.528855,0,0,2,96.0
2026-03-05T10:02:47.534825,0,0,2,96.0
2026-03-05T10:02:48.541813,0,0,2,97.0
2026-03-05T10:02:49.546777,0,0,3,96.0
2026-03-05T10:02:50.553754,0,0,2,96.0
2026-03-05T10:02:51.559774,0,0,2,97.0
2026-03-05T10:02:53.561484,0,0,3,95.0
2026-03-05T10:02:53.572572,0,0,3,97.0
2026-03-05T10:02:54.578595,0,0,2,96.0
2026-03-05T10:02:55.585542,0,0,2,93.0
2026-03-05T10:02:56.591546,0,0,3,96.0
2026-03-05T10:02:57.598531,0,0,2,96.0
2026-03-05T10:02:58.602541,0,0,2,96.0
2026-03-05T10:03:00.604318,0,0,2,97.0
2026-03-05T10:03:00.616396,0,0,4,94.0
2026-03-05T10:03:01.623441,0,0,3,96.0
2026-03-05T10:03:02.630471,0,0,2,93.0
2026-03-05T10:03:03.635397,0,0,2,95.0
2026-03-05T10:03:04.642437,0,0,2,94.0
2026-03-05T10:03:05.648348,0,0,3,96.0
2026-03-05T10:03:07.650149,0,0,2,96.0
2026-03-05T10:03:07.660257,0,0,3,92.0
2026-03-05T10:03:08.667281,0,0,2,94.0
2026-03-05T10:03:09.673259,0,0,3,93.0
2026-03-05T10:03:10.680234,0,0,2,94.0
2026-03-05T10:03:11.687214,0,0,2,93.0
2026-03-05T10:03:12.692160,0,0,2,89.0
2026-03-05T10:03:13.698359,0,0,2,84.0
2026-03-05T10:03:15.700132,0,0,2,84.0
2026-03-05T10:03:15.712088,0,0,2,92.0
2026-03-05T10:03:16.717096,0,0,2,89.0
2026-03-05T10:03:17.724065,0,0,2,83.0
2026-03-05T10:03:18.731054,0,0,2,97.0
2026-03-05T10:03:19.737015,0,0,2,86.0
2026-03-05T10:03:20.743967,0,0,2,92.0
2026-03-05T10:03:22.745737,0,0,3,92.0
2026-03-05T10:04:09.882630,0,0,2,90.0
2026-03-05T10:04:10.888726,0,0,3,90.0
2026-03-05T10:04:11.894829,0,0,3,89.0
2026-03-05T10:04:12.901827,0,0,3,92.0
2026-03-05T10:04:13.906784,0,0,2,90.0
2026-03-05T10:04:14.913749,0,0,2,89.0
2026-03-05T10:04:15.919732,0,0,2,89.0
2026-03-05T10:04:16.926702,0,0,2,91.0
2026-03-05T10:04:17.933669,0,0,2,86.0
2026-03-05T10:04:18.938667,0,0,3,86.0
2026-03-05T10:04:19.945660,0,0,2,94.0
2026-03-05T10:04:20.951611,0,0,2,87.0
2026-03-05T10:04:21.958574,0,0,3,90.0
2026-03-05T10:04:22.963564,0,0,3,97.0
2026-03-05T10:04:23.970555,0,0,3,90.0
2026-03-05T10:04:24.976506,0,0,2,88.0
2026-03-05T10:04:25.983495,0,0,3,88.0
2026-03-05T10:04:26.990533,0,0,2,89.0
2026-03-05T10:04:27.995494,0,0,1,88.0
2026-03-05T10:04:29.002488,0,0,2,88.0
2026-03-05T10:04:30.008386,0,0,3,90.0
2026-03-05T10:04:31.015378,0,0,2,88.0
2026-03-05T10:04:41.156677,0,0,1,102.0
2026-03-05T10:04:42.161080,0,0,2,97.0
2026-03-05T10:04:43.169203,0,0,2,98.0
2026-03-05T10:04:44.176186,0,0,2,101.0
2026-03-05T10:04:45.181158,0,0,2,100.0
2026-03-05T10:04:46.188133,0,0,2,101.0
2026-03-05T10:04:47.193104,0,0,2,91.0
2026-03-05T10:04:48.201082,0,0,2,91.0
2026-03-05T10:04:49.207998,0,0,4,94.0
2026-03-05T10:04:50.212969,0,0,3,90.0
2026-03-05T10:04:51.219960,0,0,2,92.0
2026-03-05T10:04:52.225918,0,0,3,93.0
2026-03-05T10:04:53.232899,0,0,2,93.0
2026-03-05T10:04:54.237882,0,0,2,92.0
2026-03-05T10:04:55.243759,0,0,2,91.0
2026-03-05T10:04:56.250923,0,0,2,91.0
2026-03-05T10:04:57.257844,0,0,2,94.0
2026-03-05T10:04:58.264777,0,0,2,92.0
2026-03-05T10:04:59.269759,0,0,2,92.0
2026-03-05T10:05:00.276737,0,0,2,90.0
2026-03-05T10:05:01.281737,0,0,2,93.0
2026-03-05T10:05:02.289708,0,0,0,92.0
2026-03-05T10:05:03.294703,0,0,3,93.0
2026-03-05T10:05:04.299672,0,0,2,89.0
2026-03-05T10:06:23.893273,0,0,2,103.0
2026-03-05T10:06:26.376689,0,0,1,104.0
2026-03-05T10:06:27.383666,0,0,3,104.0
2026-03-05T10:06:28.389633,0,0,2,101.0
2026-03-05T10:06:29.396711,0,0,2,104.0
2026-03-05T10:06:31.398524,0,0,2,102.0
2026-03-05T10:06:31.408589,0,0,2,102.0
2026-03-05T10:06:33.410393,0,0,2,101.0
2026-03-05T10:06:33.421465,0,0,3,100.0
2026-03-05T10:06:34.428499,0,0,2,101.0
2026-03-05T10:06:35.433479,0,0,2,101.0
2026-03-05T10:06:36.440446,0,0,2,103.0
2026-03-05T10:06:37.446459,0,0,1,104.0
2026-03-05T10:06:38.453418,0,0,2,102.0
2026-03-05T10:06:40.455215,0,0,2,102.0
2026-03-05T10:06:40.465320,0,0,2,102.0
2026-03-05T10:06:41.471315,0,0,2,103.0
2026-03-05T10:06:42.478406,0,0,2,103.0
2026-03-05T10:06:43.485288,0,0,2,103.0
2026-03-05T10:06:44.490409,0,0,2,102.0
2026-03-05T10:06:45.497281,0,0,3,103.0
2026-03-05T10:06:46.503242,0,0,2,102.0
2026-03-05T10:06:47.510305,0,0,2,103.0
2026-03-05T10:06:48.515192,0,0,2,104.0
2026-03-05T10:06:49.522253,0,0,2,101.0
2026-03-05T10:06:50.529126,0,0,0,108.0
2026-03-05T10:06:51.535109,0,0,1,109.0
2026-03-05T10:06:52.542162,0,0,2,108.0
2026-03-05T10:06:53.545039,0,0,2,111.0
2026-03-05T10:06:55.546880,0,0,3,102.0
2026-03-05T10:06:55.559959,0,0,4,102.0
2026-03-05T10:06:57.561659,0,0,2,109.0
2026-03-05T10:06:57.571931,0,0,2,111.0
2026-03-05T10:06:58.578970,0,0,2,103.0
2026-03-05T10:06:59.585921,0,0,2,101.0
2026-03-05T10:07:00.591910,0,0,2,101.0
2026-03-05T10:07:01.598912,0,0,2,103.0
2026-03-05T10:07:02.603801,0,0,2,114.0
2026-03-05T10:07:04.605587,0,0,2,116.0
2026-03-05T10:07:04.616765,0,0,2,116.0
2026-03-05T10:07:05.622960,0,0,3,117.0
2026-03-05T10:07:06.629781,0,0,2,117.0
2026-03-05T10:07:07.635751,0,0,2,113.0
2026-03-05T10:07:08.642736,0,0,2,118.0
2026-03-05T10:07:09.646716,0,0,2,117.0
2026-03-05T10:07:10.655723,0,0,3,119.0
2026-03-05T10:07:11.660697,0,0,2,120.0
2026-03-05T10:07:12.667708,0,0,2,116.0
2026-03-05T10:07:13.673664,0,0,2,111.0
2026-03-05T10:07:14.680615,0,0,2,111.0
2026-03-05T10:07:15.686586,0,0,2,113.0
2026-03-05T10:07:16.692540,0,0,2,111.0
2026-03-05T10:07:17.699545,0,0,3,111.0
2026-03-05T10:07:18.705523,0,0,3,112.0
2026-03-05T10:07:19.711439,0,0,2,110.0
2026-03-05T10:07:20.717452,0,0,2,111.0
2026-03-05T10:07:21.724401,0,0,2,113.0
2026-03-05T10:07:22.731366,0,0,3,106.0
2026-03-05T10:07:23.737340,0,0,3,107.0
2026-03-05T10:07:24.742295,0,0,2,109.0
2026-03-05T10:07:25.749314,0,0,2,105.0
2026-03-05T10:07:26.756295,0,0,2,108.0
2026-03-05T10:07:28.758174,0,0,3,102.0
2026-03-05T10:07:28.769229,0,0,2,108.0
2026-03-05T10:07:29.774371,0,0,2,105.0
2026-03-05T10:07:52.123238,0,0,2,106.0
2026-03-05T10:07:53.129646,0,0,3,111.0
2026-03-05T10:07:54.135517,0,0,2,109.0
2026-03-05T10:07:55.142682,0,0,2,108.0
2026-03-05T10:07:56.147588,0,0,40,109.0
2026-03-05T10:07:57.154556,0,0,2,108.0
2026-03-05T10:07:58.160517,0,0,2,103.0
2026-03-05T10:07:59.167535,0,0,2,102.0
2026-03-05T10:08:00.174566,0,0,2,105.0
2026-03-05T10:08:01.179480,0,0,2,106.0
2026-03-05T10:08:02.186532,0,0,2,108.0
2026-03-05T10:08:03.192395,0,0,3,106.0
2026-03-05T10:08:04.198451,0,0,2,107.0
2026-03-05T10:08:05.204363,0,0,2,103.0
2026-03-05T10:08:06.211332,0,0,2,107.0
2026-03-05T10:08:07.217284,0,0,2,107.0
2026-03-05T10:08:09.219080,0,0,2,104.0
2026-03-05T10:08:09.231234,0,0,2,104.0
2026-03-05T10:08:10.236220,0,0,2,107.0
2026-03-05T10:08:11.243233,0,0,2,106.0
2026-03-05T10:08:12.249201,0,0,2,109.0
2026-03-05T10:08:13.256180,0,0,5,105.0
2026-03-05T10:08:14.261127,0,0,3,104.0
2026-03-05T10:08:15.268246,0,0,3,105.0
2026-03-05T10:08:16.275216,0,0,3,109.0
2026-03-05T10:08:17.281148,0,0,2,107.0
2026-03-05T10:08:18.288156,0,0,2,110.0
2026-03-05T10:08:19.293121,0,0,3,105.0
2026-03-05T10:08:20.299100,0,0,2,112.0
2026-03-05T10:08:21.306090,0,0,3,113.0
2026-03-05T10:08:22.313001,0,0,2,114.0
2026-03-05T10:08:23.317990,0,0,2,115.0
2026-03-05T10:08:24.324923,0,0,4,114.0
2026-03-05T10:08:25.331874,0,0,2,114.0
2026-03-05T10:08:26.337859,0,0,2,114.0
2026-03-05T10:08:27.344856,0,0,2,115.0
2026-03-05T10:08:47.396902,0,0,2,103.0
2026-03-05T10:08:49.880325,0,0,2,106.0
2026-03-05T10:08:50.887301,0,0,2,70.0
2026-03-05T10:08:51.893289,0,0,3,69.0
2026-03-05T10:08:53.895089,0,0,2,88.0
2026-03-05T10:08:53.905178,0,0,2,101.0
2026-03-05T10:08:54.912194,0,0,2,100.0
2026-03-05T10:08:55.918294,0,0,2,101.0
2026-03-05T10:08:56.925148,0,0,3,101.0
2026-03-05T10:08:57.932126,0,0,2,100.0
2026-03-05T10:08:58.937106,0,0,2,101.0
2026-03-05T10:08:59.944065,0,0,2,101.0
2026-03-05T10:09:00.950188,0,0,3,100.0
2026-03-05T10:09:01.957076,0,0,3,101.0
2026-03-05T10:09:02.962177,0,0,2,100.0
2026-03-05T10:09:03.969069,0,0,2,101.0
2026-03-05T10:09:04.975023,0,0,2,101.0
2026-03-05T10:09:05.982084,0,0,2,100.0
2026-03-05T10:09:06.988998,0,0,2,101.0
2026-03-05T10:09:07.993867,0,0,2,101.0
2026-03-05T10:09:09.000904,0,0,3,100.0
2026-03-05T10:09:10.006851,0,0,2,104.0
2026-03-05T10:09:11.013848,0,0,3,101.0
2026-03-05T10:09:12.018818,0,0,2,100.0
2026-03-05T10:09:13.025750,0,0,2,101.0
2026-03-05T10:09:14.032740,0,0,3,100.0
2026-03-05T10:09:15.037809,0,0,1,101.0
2026-03-05T10:09:16.045750,0,0,3,101.0
2026-03-05T10:09:17.050721,0,0,2,100.0
2026-03-05T10:09:18.057694,0,0,2,101.0
2026-03-05T10:09:19.063637,0,0,2,102.0
2026-03-05T10:09:20.070545,0,0,2,111.0
2026-03-05T10:09:21.075638,0,0,2,114.0
2026-03-05T10:09:22.081579,0,0,2,107.0
2026-03-05T10:09:23.089543,0,0,3,101.0
2026-03-05T10:09:24.095503,0,0,2,101.0
2026-03-05T10:09:25.102551,0,0,3,100.0
2026-03-05T10:09:26.107448,0,0,3,102.0
2026-03-05T10:09:27.114490,0,0,2,113.0
2026-03-05T10:09:28.120407,0,0,2,110.0
2026-03-05T10:09:29.127423,0,0,2,111.0
2026-03-05T10:09:30.133392,0,0,2,112.0
2026-03-05T10:09:31.139335,0,0,3,110.0
2026-03-05T10:09:32.145315,0,0,3,112.0
2026-03-05T10:09:33.152294,0,0,3,109.0
2026-03-05T10:09:34.159269,0,0,0,111.0
2026-03-05T10:09:35.164236,0,0,2,113.0
2026-03-05T10:09:36.169277,0,0,3,113.0
2026-03-05T10:09:37.177243,0,0,2,115.0
2026-03-05T10:09:38.184238,0,0,3,113.0
2026-03-05T10:09:39.190314,0,0,3,110.0
2026-03-05T10:09:40.196173,0,0,3,110.0
2026-03-05T10:09:41.203164,0,0,2,111.0
2026-03-05T10:09:42.209118,0,0,2,111.0
2026-03-05T10:09:43.216078,0,0,2,108.0
2026-03-05T10:09:44.221088,0,0,2,108.0
2026-03-05T10:09:45.228066,0,0,2,110.0
2026-03-05T10:09:46.235027,0,0,2,111.0
2026-03-05T10:09:47.240978,0,0,2,111.0
2026-03-05T10:09:48.246979,0,0,3,112.0
2026-03-05T10:09:49.252952,0,0,2,113.0
2026-03-05T10:09:50.257968,0,0,3,109.0
2026-03-05T10:09:52.259926,0,0,3,111.0
2026-03-05T10:09:52.272875,0,0,2,105.0
2026-03-05T10:09:53.277897,0,0,2,106.0
2026-03-05T10:09:54.284891,0,0,2,101.0
2026-03-05T10:09:55.291855,0,0,2,106.0
2026-03-05T10:09:56.297830,0,0,2,114.0
2026-03-05T10:09:57.303851,0,0,3,113.0
2026-03-05T10:09:59.305752,0,0,2,115.0
2026-03-05T10:10:18.134996,0,0,2,107.0
2026-03-05T10:10:20.618279,0,0,2,109.0
2026-03-05T10:10:21.625145,0,0,3,111.0
2026-03-05T10:10:22.629139,0,0,2,107.0
2026-03-05T10:10:23.638292,0,0,2,109.0
2026-03-05T10:10:24.643139,0,0,2,109.0
2026-03-05T10:10:25.650204,0,0,3,107.0
2026-03-05T10:10:26.656060,0,0,3,109.0
2026-03-05T10:10:27.663009,0,0,3,107.0
2026-03-05T10:10:28.670096,0,0,2,108.0
2026-03-05T10:10:29.674696,0,0,2,108.0
2026-03-05T10:10:30.679904,0,0,2,109.0
2026-03-05T10:10:32.681668,0,0,1,110.0
2026-03-05T10:10:32.694982,0,0,2,108.0
2026-03-05T10:10:33.699876,0,0,2,106.0
2026-03-05T10:10:34.706853,0,0,2,106.0
2026-03-05T10:10:35.712860,0,0,3,107.0
2026-03-05T10:10:36.719822,0,0,1,106.0
2026-03-05T10:10:37.726776,0,0,2,106.0
2026-03-05T10:10:38.731803,0,0,3,104.0
2026-03-05T10:10:39.738851,0,0,3,107.0
2026-03-05T10:10:41.740610,0,0,2,108.0
2026-03-05T10:12:16.388051,0,0,2,87.0
2026-03-05T10:12:18.871431,0,0,2,84.0
2026-03-05T10:12:19.878522,0,0,2,82.0
2026-03-05T10:12:20.884321,0,0,2,83.0
2026-03-05T10:12:22.886184,0,0,2,86.0
2026-03-05T10:12:22.896219,0,0,2,87.0
2026-03-05T10:12:23.903264,0,0,3,84.0
2026-03-05T10:12:24.908209,0,0,2,89.0
2026-03-05T10:12:25.916202,0,0,2,89.0
2026-03-05T10:12:26.923171,0,0,3,83.0
2026-03-05T10:12:27.928176,0,0,2,85.0
2026-03-05T10:12:28.935108,0,0,2,81.0
2026-03-05T10:12:29.941145,0,0,2,87.0
2026-03-05T10:12:30.948118,0,0,2,90.0
2026-03-05T10:12:31.953106,0,0,2,82.0
2026-03-05T10:12:32.960095,0,0,2,83.0
2026-03-05T10:12:33.966158,0,0,3,84.0
2026-03-05T10:12:34.973020,0,0,3,83.0
2026-03-05T10:12:35.980003,0,0,2,82.0
2026-03-05T10:12:36.985032,0,0,2,84.0
2026-03-05T10:12:38.986478,0,0,3,80.0
2026-03-05T10:12:38.997842,0,0,2,85.0
2026-03-05T10:12:40.004866,0,0,2,80.0
2026-03-05T10:12:41.009861,0,0,0,83.0
2026-03-05T10:12:42.016761,0,0,3,86.0
2026-03-05T10:12:43.023804,0,0,2,80.0
2026-03-05T10:12:44.029747,0,0,3,86.0
2026-03-05T10:12:45.036851,0,0,2,80.0
2026-03-05T10:12:46.041796,0,0,2,72.0
2026-03-05T10:12:48.043621,0,0,2,85.0
2026-03-05T10:12:48.054653,0,0,2,81.0
2026-03-05T10:12:49.061645,0,0,2,85.0
2026-03-05T10:12:50.066646,0,0,2,85.0
2026-03-05T10:12:51.073611,0,0,2,82.0
2026-03-05T10:12:52.080590,0,0,3,82.0
2026-03-05T10:12:53.086565,0,0,2,81.0
2026-03-05T10:12:54.092558,0,0,2,80.0
2026-03-05T10:12:55.098542,0,0,2,86.0
2026-03-05T10:12:56.105491,0,0,2,77.0
2026-03-05T10:12:57.111461,0,0,3,79.0
2026-03-05T10:12:58.118517,0,0,2,79.0
2026-03-05T10:12:59.124430,0,0,2,81.0
2026-03-05T10:13:00.130353,0,0,2,85.0
2026-03-05T10:13:01.137346,0,0,2,81.0
2026-03-05T10:13:03.139064,0,0,2,80.0
2026-03-05T10:13:03.149343,0,0,2,88.0
2026-03-05T10:13:04.155357,0,0,2,80.0
2026-03-05T10:13:06.157081,0,0,2,82.0
2026-03-05T10:13:06.167205,0,0,3,80.0
2026-03-05T10:13:08.168982,0,0,0,78.0
2026-03-05T10:13:08.181127,0,0,2,79.0
2026-03-05T10:13:09.187147,0,0,2,83.0
2026-03-05T10:13:10.194253,0,0,2,82.0
2026-03-05T10:13:11.200094,0,0,2,77.0
2026-03-05T10:13:12.206174,0,0,3,85.0
2026-03-05T10:13:13.212097,0,0,2,75.0
2026-03-05T10:13:15.213926,0,0,2,79.0
2026-03-05T10:13:15.226129,0,0,3,92.0
2026-03-05T10:13:17.227873,0,0,3,82.0
2026-03-05T10:13:17.237939,0,0,2,82.0
2026-03-05T10:13:18.243967,0,0,2,80.0
2026-03-05T10:13:19.250938,0,0,2,76.0
2026-03-05T10:13:20.256884,0,0,2,75.0
2026-03-05T10:13:21.262888,0,0,3,76.0
2026-03-05T10:13:22.268844,0,0,2,77.0
2026-03-05T10:13:23.273840,0,0,2,81.0
2026-03-05T10:13:25.275819,0,0,2,80.0
2026-03-05T10:13:25.288753,0,0,3,79.0
2026-03-05T10:13:26.294778,0,0,2,78.0
2026-03-05T10:13:27.300732,0,0,1,82.0
2026-03-05T10:13:28.307708,0,0,2,80.0
2026-03-05T10:13:29.313699,0,0,2,79.0
2026-03-05T10:13:30.319666,0,0,3,79.0
2026-03-05T10:13:31.324685,0,0,2,83.0
2026-03-05T10:13:32.332622,0,0,2,84.0
2026-03-05T10:13:33.339581,0,0,2,85.0
2026-03-05T10:13:34.345564,0,0,2,75.0
2026-03-05T10:13:35.351554,0,0,2,79.0
2026-03-05T10:13:36.357631,0,0,3,82.0
2026-03-05T10:13:38.359393,0,0,2,81.0
2026-03-05T10:13:38.370655,0,0,2,81.0
2026-03-05T10:13:39.376486,0,0,2,82.0
2026-03-05T10:13:40.383434,0,0,2,77.0
2026-03-05T10:13:41.389440,0,0,3,82.0
2026-03-05T10:13:42.396418,0,0,2,80.0
2026-03-05T10:13:43.400398,0,0,2,79.0
2026-03-05T10:13:45.402304,0,0,2,81.0
2026-03-05T10:13:45.414311,0,0,2,78.0
2026-03-05T10:13:46.421256,0,0,2,79.0
2026-03-05T10:13:47.427272,0,0,2,84.0
2026-03-05T10:13:48.433249,0,0,2,82.0
2026-03-05T10:13:49.440220,0,0,0,89.0
2026-03-05T10:13:50.446386,0,0,3,86.0
2026-03-05T10:13:52.448220,0,0,2,81.0
2026-03-05T10:14:03.131561,0,0,2,85.0
2026-03-05T10:14:14.889215,0,0,2,78.0
2026-03-05T10:14:17.372628,0,0,2,84.0
2026-03-05T10:14:18.379555,0,0,2,76.0
2026-03-05T10:14:19.383460,0,0,2,79.0
2026-03-05T10:14:21.385228,0,0,2,83.0
2026-03-05T10:14:21.397419,0,0,2,75.0
2026-03-05T10:14:22.404417,0,0,2,83.0
2026-03-05T10:14:23.410466,0,0,2,83.0
2026-03-05T10:14:24.417360,0,0,2,78.0
2026-03-05T10:14:25.424363,0,0,2,79.0
2026-03-05T10:14:26.428320,0,0,2,84.0
2026-03-05T10:14:28.430158,0,0,2,79.0
2026-03-05T10:14:28.442323,0,0,2,78.0
2026-03-05T10:14:29.449258,0,0,2,79.0
2026-03-05T10:14:30.453212,0,0,3,82.0
2026-03-05T10:14:31.461217,0,0,3,85.0
2026-03-05T10:14:32.467187,0,0,2,83.0
2026-03-05T10:14:33.474175,0,0,2,77.0
2026-03-05T10:14:35.475926,0,0,2,81.0
2026-03-05T10:14:35.486149,0,0,3,84.0
2026-03-05T10:14:36.493057,0,0,2,81.0
2026-03-05T10:14:37.499076,0,0,3,81.0
2026-03-05T10:14:38.506134,0,0,3,78.0
2026-03-05T10:14:39.511030,0,0,2,88.0
2026-03-05T10:14:40.515975,0,0,2,78.0
2026-03-05T10:14:42.517780,0,0,2,75.0
2026-03-05T10:14:42.530919,0,0,2,83.0
2026-03-05T10:14:43.537930,0,0,2,84.0
2026-03-05T10:14:44.542903,0,0,2,82.0
2026-03-05T10:14:45.549887,0,0,8,78.0
2026-03-05T10:14:46.555854,0,0,2,78.0
2026-03-05T10:14:47.560773,0,0,2,82.0
2026-03-05T10:14:49.562561,0,0,2,82.0
2026-03-05T10:14:49.574702,0,0,2,80.0
2026-03-05T10:14:50.581736,0,0,2,82.0
2026-03-05T10:14:51.587732,0,0,3,83.0
2026-03-05T10:14:52.594687,0,0,2,81.0
2026-03-05T10:14:53.599642,0,0,3,81.0
2026-03-05T10:14:54.606676,0,0,3,83.0
2026-03-05T10:14:55.612667,0,0,2,78.0
2026-03-05T10:14:56.619596,0,0,3,82.0
2026-03-05T10:14:57.625555,0,0,3,82.0
2026-03-05T10:14:58.631538,0,0,2,86.0
2026-03-05T10:14:59.638538,0,0,2,78.0
2026-03-05T10:15:00.644488,0,0,3,81.0
2026-03-05T10:15:01.651488,0,0,2,89.0
2026-03-05T10:15:02.656473,0,0,3,77.0
2026-03-05T10:15:03.663422,0,0,3,83.0
2026-03-05T10:15:04.669409,0,0,3,83.0
2026-03-05T10:15:05.676348,0,0,2,87.0
2026-03-05T10:15:06.682448,0,0,2,77.0
2026-03-05T10:15:07.687313,0,0,2,77.0
2026-03-05T10:15:08.695254,0,0,2,86.0
2026-03-05T10:15:10.697029,0,0,3,80.0
2026-03-05T10:15:10.708228,0,0,2,77.0
2026-03-05T10:15:11.713249,0,0,3,82.0
2026-03-05T10:15:12.720238,0,0,2,77.0
2026-03-05T10:15:13.727222,0,0,2,78.0
2026-03-05T10:15:14.733195,0,0,2,83.0
2026-03-05T10:15:15.739253,0,0,2,73.0
2026-03-05T10:15:16.745173,0,0,2,81.0
2026-03-05T10:15:17.752129,0,0,2,86.0
2026-03-05T10:15:18.758160,0,0,2,81.0
2026-03-05T10:15:19.765084,0,0,3,76.0
2026-03-05T10:15:20.770166,0,0,2,79.0
2026-03-05T10:15:21.777029,0,0,2,73.0
2026-03-05T10:15:22.783918,0,0,3,81.0
2026-03-05T10:15:24.785700,0,0,3,82.0
2026-03-05T10:15:24.794908,0,0,3,81.0
2026-03-05T10:15:25.801939,0,0,3,77.0
2026-03-05T10:15:26.808832,0,0,2,79.0
2026-03-05T10:15:27.814903,0,0,3,88.0
2026-03-05T10:15:28.821837,0,0,2,83.0
2026-03-05T10:15:29.825861,0,0,2,79.0
2026-03-05T10:15:30.833828,0,0,2,79.0
2026-03-05T10:15:31.840796,0,0,2,78.0
2026-03-05T10:15:32.846773,0,0,2,84.0
2026-03-05T10:15:33.852744,0,0,2,74.0
2026-03-05T10:15:34.858727,0,0,2,83.0
2026-03-05T10:15:35.865694,0,0,2,84.0
2026-03-05T10:15:37.867665,0,0,2,75.0
2026-03-05T10:16:00.876575,0,0,2,82.0
2026-03-05T10:16:01.883096,0,0,2,82.0
2026-03-05T10:16:02.887008,0,0,3,82.0
2026-03-05T10:16:04.888819,0,0,2,77.0
2026-03-05T10:16:04.901004,0,0,3,81.0
2026-03-05T10:16:05.907895,0,0,2,84.0
2026-03-05T10:16:06.913945,0,0,2,75.0
2026-03-05T10:16:07.920939,0,0,2,89.0
2026-03-05T10:16:08.927922,0,0,3,86.0
2026-03-05T10:16:09.930839,0,0,2,82.0
2026-03-05T10:16:10.939838,0,0,2,78.0
2026-03-05T10:16:11.945784,0,0,3,81.0
2026-03-05T10:16:12.952706,0,0,2,82.0
2026-03-05T10:16:13.957655,0,0,2,81.0
2026-03-05T10:16:14.964706,0,0,2,83.0
2026-03-05T10:16:15.970656,0,0,2,81.0
2026-03-05T10:16:16.977653,0,0,2,74.0
2026-03-05T10:16:17.984621,0,0,2,81.0
2026-03-05T10:16:18.989569,0,0,2,78.0
2026-03-05T10:16:19.996531,0,0,2,81.0
2026-03-05T10:16:21.002556,0,0,2,79.0
2026-03-05T10:16:22.009509,0,0,3,78.0
2026-03-05T10:16:23.014561,0,0,2,73.0
2026-03-05T10:16:24.021543,0,0,3,80.0
2026-03-05T10:16:26.023306,0,0,2,80.0
2026-03-05T10:16:26.034547,0,0,2,81.0
2026-03-05T10:16:27.041389,0,0,3,80.0
2026-03-05T10:16:28.046442,0,0,2,81.0
2026-03-05T10:16:29.053363,0,0,2,83.0
2026-03-05T10:16:30.059329,0,0,2,78.0
2026-03-05T10:16:31.066389,0,0,2,82.0
2026-03-05T10:16:32.069355,0,0,2,75.0
2026-03-05T10:16:34.071243,0,0,2,80.0
2026-03-05T10:16:34.085270,0,0,2,79.0
2026-03-05T10:16:35.091260,0,0,2,82.0
2026-03-05T10:16:36.098314,0,0,3,84.0
2026-03-05T10:16:37.103198,0,0,2,78.0
2026-03-05T10:16:38.110305,0,0,2,79.0
2026-03-05T10:16:39.116149,0,0,2,82.0
2026-03-05T10:16:40.121120,0,0,2,78.0
2026-03-05T10:16:41.129143,0,0,3,83.0
2026-03-05T10:16:42.135087,0,0,2,76.0
2026-03-05T10:16:43.142134,0,0,1,80.0
2026-03-05T10:16:44.148024,0,0,2,80.0
2026-03-05T10:16:45.154110,0,0,3,76.0
2026-03-05T10:16:46.159975,0,0,3,81.0
2026-03-05T10:16:47.166874,0,0,3,78.0
2026-03-05T10:16:49.168643,0,0,2,73.0
2026-03-05T10:16:49.179934,0,0,2,79.0
2026-03-05T10:16:50.185733,0,0,2,86.0
2026-03-05T10:16:51.191861,0,0,3,82.0
2026-03-05T10:16:52.197833,0,0,2,80.0
2026-03-05T10:16:53.203770,0,0,2,75.0
2026-03-05T10:16:54.211748,0,0,2,81.0
2026-03-05T10:16:56.213420,0,0,2,82.0
2026-03-05T10:16:56.223544,0,0,2,79.0
2026-03-05T10:16:57.230710,0,0,2,82.0
2026-03-05T10:16:58.236664,0,0,3,77.0
2026-03-05T10:16:59.242646,0,0,2,73.0
2026-03-05T10:17:00.248623,0,0,3,77.0
2026-03-05T10:17:01.255608,0,0,2,76.0
2026-03-05T10:17:02.260633,0,0,3,77.0
2026-03-05T10:17:03.268610,0,0,3,80.0
2026-03-05T10:17:04.273579,0,0,2,83.0
2026-03-05T10:17:05.280533,0,0,3,80.0
2026-03-05T10:17:06.287528,0,0,2,85.0
2026-03-05T10:17:07.293504,0,0,2,80.0
2026-03-05T10:17:08.299487,0,0,2,78.0
2026-03-05T10:17:09.305396,0,0,2,83.0
2026-03-05T10:17:10.312346,0,0,3,81.0
2026-03-05T10:17:11.318389,0,0,1,74.0
2026-03-05T10:17:12.325325,0,0,2,78.0
2026-03-05T10:17:13.331284,0,0,2,86.0
2026-03-05T10:17:14.337256,0,0,2,77.0
2026-03-05T10:17:15.344281,0,0,2,78.0
2026-03-05T10:17:16.350386,0,0,3,79.0
2026-03-05T10:17:17.356250,0,0,2,82.0
2026-03-05T10:17:18.362283,0,0,2,84.0
2026-03-05T10:17:19.369145,0,0,2,84.0
2026-03-05T10:17:20.375113,0,0,2,75.0
2026-03-05T10:17:21.382207,0,0,2,82.0
2026-03-05T10:17:22.388076,0,0,2,84.0
2026-03-05T10:17:23.394213,0,0,2,84.0
2026-03-05T10:17:25.395978,0,0,2,76.0
2026-03-05T10:17:25.406960,0,0,2,86.0
2026-03-05T10:17:26.412984,0,0,2,80.0
2026-03-05T10:17:27.418953,0,0,2,79.0
2026-03-05T10:17:28.425931,0,0,2,75.0
2026-03-05T10:17:29.432897,0,0,2,79.0
2026-03-05T10:17:30.438885,0,0,3,77.0
2026-03-05T10:17:31.444886,0,0,3,80.0
2026-03-05T10:17:32.450874,0,0,2,86.0
2026-03-05T10:17:33.457836,0,0,2,75.0
2026-03-05T10:17:34.463814,0,0,2,84.0
2026-03-05T10:17:35.469804,0,0,2,82.0
2026-03-05T10:17:36.475780,0,0,1,80.0
2026-03-05T10:17:37.482774,0,0,3,79.0
2026-03-05T10:17:39.484561,0,0,3,79.0
2026-03-05T10:17:39.495630,0,0,2,80.0
2026-03-05T10:17:40.501659,0,0,3,85.0
2026-03-05T10:17:41.507627,0,0,2,76.0
2026-03-05T10:17:42.514622,0,0,3,77.0
2026-03-05T10:17:43.520585,0,0,2,79.0
2026-03-05T10:17:44.526595,0,0,3,79.0
2026-03-05T10:17:45.533544,0,0,2,83.0
2026-03-05T10:17:46.539541,0,0,2,76.0
2026-03-05T10:17:47.546548,0,0,3,87.0
2026-03-05T10:17:48.552474,0,0,2,84.0
2026-03-05T10:17:49.558500,0,0,2,72.0
2026-03-05T10:17:50.564416,0,0,2,78.0
2026-03-05T10:17:51.571379,0,0,3,76.0
2026-03-05T10:17:52.577329,0,0,2,78.0
2026-03-05T10:17:53.583382,0,0,2,79.0
2026-03-05T10:17:54.590437,0,0,3,76.0
2026-03-05T10:17:55.596285,0,0,2,75.0
2026-03-05T10:17:56.603256,0,0,2,78.0
2026-03-05T10:17:57.609226,0,0,2,79.0
2026-03-05T10:17:58.615209,0,0,2,81.0
2026-03-05T10:17:59.621179,0,0,2,83.0
2026-03-05T10:18:00.628191,0,0,2,83.0
2026-03-05T10:18:02.629972,0,0,2,77.0
2026-03-05T10:18:02.640008,0,0,3,84.0
2026-03-05T10:18:03.647132,0,0,2,82.0
2026-03-05T10:18:04.653057,0,0,2,76.0
2026-03-05T10:18:05.660079,0,0,2,78.0
2026-03-05T10:18:06.666063,0,0,2,78.0
2026-03-05T10:18:07.671985,0,0,2,74.0
2026-03-05T10:18:08.677969,0,0,2,79.0
2026-03-05T10:18:09.684948,0,0,3,87.0
2026-03-05T10:18:10.691912,0,0,2,80.0
2026-03-05T10:18:11.696872,0,0,2,77.0
2026-03-05T10:18:12.703879,0,0,3,77.0
2026-03-05T10:18:13.709840,0,0,2,76.0
2026-03-05T10:18:14.716812,0,0,3,79.0
2026-03-05T10:18:15.722786,0,0,2,79.0
2026-03-05T10:18:16.728789,0,0,2,74.0
2026-03-05T10:18:17.735749,0,0,2,74.0
2026-03-05T10:18:18.741715,0,0,3,82.0
2026-03-05T10:18:19.748687,0,0,2,82.0
2026-03-05T10:18:20.753665,0,0,2,74.0
2026-03-05T10:18:21.760676,0,0,2,84.0
2026-03-05T10:18:22.766670,0,0,3,82.0
2026-03-05T10:18:24.768490,0,0,2,73.0
2026-03-05T10:18:24.779552,0,0,2,77.0
2026-03-05T10:18:25.785546,0,0,2,77.0
2026-03-05T10:18:26.792513,0,0,2,82.0
2026-03-05T10:18:27.798532,0,0,2,71.0
2026-03-05T10:18:28.805508,0,0,2,79.0
2026-03-05T10:18:29.810531,0,0,2,79.0
2026-03-05T10:18:30.817480,0,0,2,73.0
2026-03-05T10:18:31.823433,0,0,2,78.0
2026-03-05T10:18:32.830348,0,0,2,78.0
2026-03-05T10:18:33.837383,0,0,2,82.0
2026-03-05T10:18:34.842424,0,0,3,81.0
2026-03-05T10:18:35.849333,0,0,2,76.0
2026-03-05T10:18:36.855302,0,0,3,79.0
2026-03-05T10:18:37.862450,0,0,2,73.0
2026-03-05T10:18:38.867261,0,0,2,89.0
2026-03-05T10:18:39.874334,0,0,3,71.0
2026-03-05T10:18:52.896494,0,0,2,79.0
2026-03-05T10:18:53.902893,0,0,2,79.0
2026-03-05T10:18:55.904688,0,0,2,81.0
2026-03-05T10:19:14.885922,0,0,2,85.0
2026-03-05T10:19:41.620425,0,0,3,81.0
2026-03-05T10:20:18.635301,0,0,2,77.0
2026-03-05T10:20:21.118850,0,0,2,82.0
2026-03-05T10:20:22.125824,0,0,2,84.0
2026-03-05T10:20:23.131840,0,0,2,80.0
2026-03-05T10:20:24.138799,0,0,2,82.0
2026-03-05T10:20:25.143680,0,0,2,84.0
2026-03-05T10:20:26.150660,0,0,2,76.0
2026-03-05T10:20:27.156619,0,0,3,78.0
2026-03-05T10:20:28.163600,0,0,2,80.0
2026-03-05T10:20:29.170587,0,0,2,79.0
2026-03-05T10:20:30.175566,0,0,2,79.0
2026-03-05T10:20:31.182560,0,0,2,86.0
2026-03-05T10:20:32.188514,0,0,3,83.0
2026-03-05T10:20:33.195482,0,0,2,78.0
2026-03-05T10:20:34.200447,0,0,3,80.0
2026-03-05T10:20:35.207408,0,0,2,84.0
2026-03-05T10:20:36.213351,0,0,2,81.0
2026-03-05T10:20:38.215067,0,0,2,79.0
2026-03-05T10:20:38.227332,0,0,2,78.0
2026-03-05T10:20:39.232332,0,0,3,75.0
2026-03-05T10:20:40.239337,0,0,2,79.0
2026-03-05T10:20:41.244248,0,0,3,90.0
2026-03-05T10:20:42.252248,0,0,2,84.0
2026-03-05T10:20:43.257265,0,0,3,78.0
2026-03-05T10:20:44.264310,0,0,2,81.0
2026-03-05T10:20:45.271208,0,0,2,80.0
2026-03-05T10:20:46.277163,0,0,2,81.0
2026-03-05T10:20:47.284170,0,0,2,76.0
2026-03-05T10:20:48.289180,0,0,2,82.0
2026-03-05T10:20:50.290919,0,0,3,82.0
2026-03-05T10:20:50.302125,0,0,2,74.0
2026-03-05T10:20:51.309039,0,0,2,82.0
2026-03-05T10:20:52.314100,0,0,3,84.0
2026-03-05T10:20:53.320987,0,0,2,76.0
2026-03-05T10:20:54.327943,0,0,2,75.0
2026-03-05T10:20:55.333903,0,0,2,74.0
2026-03-05T10:20:56.341003,0,0,2,79.0
2026-03-05T10:20:57.345887,0,0,2,71.0
2026-03-05T10:20:58.352885,0,0,2,80.0
2026-03-05T10:20:59.358897,0,0,2,78.0
2026-03-05T10:21:00.365883,0,0,3,81.0
2026-03-05T10:21:01.371844,0,0,2,78.0
2026-03-05T10:21:02.377818,0,0,2,82.0
2026-03-05T10:21:03.384780,0,0,2,82.0
2026-03-05T10:21:04.389791,0,0,3,84.0
2026-03-05T10:21:05.397811,0,0,2,79.0
2026-03-05T10:21:07.399668,0,0,2,76.0
2026-03-05T10:21:07.409606,0,0,2,93.0
2026-03-05T10:21:08.415633,0,0,2,81.0
2026-03-05T10:21:09.422597,0,0,2,83.0
2026-03-05T10:21:10.428571,0,0,2,83.0
2026-03-05T10:21:11.434583,0,0,2,77.0
2026-03-05T10:21:12.441531,0,0,3,81.0
2026-03-05T10:21:13.447543,0,0,2,76.0
2026-03-05T10:21:14.453484,0,0,2,83.0
2026-03-05T10:21:15.459447,0,0,2,82.0
2026-03-05T10:21:16.465424,0,0,3,77.0
2026-03-05T10:21:17.473408,0,0,2,87.0
2026-03-05T10:21:18.479381,0,0,2,78.0
2026-03-05T10:21:19.484340,0,0,2,77.0
2026-03-05T10:21:21.486144,0,0,2,82.0
2026-03-05T10:21:21.498405,0,0,2,81.0
2026-03-05T10:21:22.504315,0,0,2,79.0
2026-03-05T10:21:23.510374,0,0,2,82.0
2026-03-05T10:21:24.516265,0,0,2,80.0
2026-03-05T10:21:25.523255,0,0,3,79.0
2026-03-05T10:21:26.530307,0,0,2,79.0
2026-03-05T10:21:27.536200,0,0,2,78.0
2026-03-05T10:21:28.542240,0,0,2,82.0
2026-03-05T10:21:29.548131,0,0,2,84.0
2026-03-05T10:21:30.555121,0,0,3,90.0
2026-03-05T10:21:40.380485,0,0,2,80.0
2026-03-05T10:21:42.863797,0,0,2,88.0
2026-03-05T10:21:43.870826,0,0,3,85.0
2026-03-05T10:21:44.876745,0,0,2,80.0
2026-03-05T10:21:45.883717,0,0,2,81.0
2026-03-05T10:21:46.888576,0,0,2,81.0
2026-03-05T10:21:47.895666,0,0,2,75.0
2026-03-05T10:21:48.901629,0,0,3,83.0
2026-03-05T10:21:49.908633,0,0,2,74.0
2026-03-05T10:21:50.915618,0,0,2,79.0
2026-03-05T10:21:51.920455,0,0,2,77.0
2026-03-05T10:21:52.927549,0,0,2,79.0
2026-03-05T10:21:53.933531,0,0,2,80.0
2026-03-05T10:21:54.940501,0,0,2,76.0
2026-03-05T10:21:55.945472,0,0,2,78.0
2026-03-05T10:21:56.952346,0,0,3,73.0
2026-03-05T10:21:57.958556,0,0,2,79.0
2026-03-05T10:21:58.965411,0,0,2,71.0
2026-03-05T10:21:59.972407,0,0,2,84.0
2026-03-05T10:22:00.977361,0,0,2,81.0
2026-03-05T10:22:01.984333,0,0,2,79.0
2026-03-05T10:22:02.990401,0,0,3,80.0
2026-03-05T10:22:03.997297,0,0,6,73.0
2026-03-05T10:22:05.002385,0,0,2,77.0
2026-03-05T10:22:06.009231,0,0,3,79.0
2026-03-05T10:22:07.016210,0,0,2,85.0
2026-03-05T10:22:08.022286,0,0,4,75.0
2026-03-05T10:22:09.029162,0,0,2,81.0
2026-03-05T10:22:10.033128,0,0,2,76.0
2026-03-05T10:22:11.041115,0,0,3,76.0
2026-03-05T10:22:12.047152,0,0,3,75.0
2026-03-05T10:22:13.054220,0,0,2,77.0
2026-03-05T10:22:14.059052,0,0,3,86.0
2026-03-05T10:22:15.066152,0,0,2,86.0
2026-03-05T10:22:16.073012,0,0,2,83.0
2026-03-05T10:22:17.079001,0,0,2,79.0
2026-03-05T10:22:18.085931,0,0,2,77.0
2026-03-05T10:22:19.090936,0,0,2,87.0
2026-03-05T10:22:21.092800,0,0,3,77.0
2026-03-05T10:22:21.103833,0,0,2,82.0
2026-03-05T10:22:22.110859,0,0,2,83.0
2026-03-05T10:22:23.116823,0,0,3,84.0
2026-03-05T10:22:24.122796,0,0,2,75.0
2026-03-05T10:22:25.129774,0,0,2,77.0
2026-03-05T10:22:26.135740,0,0,2,84.0
2026-03-05T10:22:27.142760,0,0,3,75.0
2026-03-05T10:22:28.147713,0,0,2,79.0
2026-03-05T10:22:29.154679,0,0,3,84.0
2026-03-05T10:22:30.160648,0,0,2,81.0
2026-03-05T10:22:31.167675,0,0,2,73.0
2026-03-05T10:22:32.173646,0,0,2,82.0
2026-03-05T10:22:33.179623,0,0,2,78.0
2026-03-05T10:22:34.186577,0,0,2,81.0
2026-03-05T10:22:36.188389,0,0,2,82.0
2026-03-05T10:22:36.199508,0,0,2,77.0
2026-03-05T10:22:37.204515,0,0,3,76.0
2026-03-05T10:22:38.211471,0,0,2,80.0
2026-03-05T10:22:48.900935,0,0,2,80.0
2026-03-05T10:22:51.382347,0,0,2,82.0
2026-03-05T10:22:52.391210,0,0,2,80.0
2026-03-05T10:22:53.397164,0,0,2,76.0
2026-03-05T10:22:54.404137,0,0,2,78.0
2026-03-05T10:22:55.409114,0,0,3,74.0
2026-03-05T10:22:56.416084,0,0,2,90.0
2026-03-05T10:22:57.422113,0,0,2,101.0
2026-03-05T10:22:58.427993,0,0,2,101.0
2026-03-05T10:23:00.429801,0,0,2,100.0
2026-03-05T10:23:00.440973,0,0,2,101.0
2026-03-05T10:23:01.447967,0,0,2,101.0
2026-03-05T10:23:02.453913,0,0,2,100.0
2026-03-05T10:23:03.460925,0,0,2,101.0
2026-03-05T10:23:04.465881,0,0,2,100.0
2026-03-05T10:23:05.472816,0,0,2,101.0
2026-03-05T10:23:06.478923,0,0,2,101.0
2026-03-05T10:23:07.485837,0,0,2,100.0
2026-03-05T10:23:08.492808,0,0,2,101.0
2026-03-05T10:23:09.497748,0,0,1,100.0
2026-03-05T10:23:10.504743,0,0,2,101.0
2026-03-05T10:23:11.510746,0,0,2,102.0
2026-03-05T10:23:12.517688,0,0,2,100.0
2026-03-05T10:23:13.522686,0,0,2,101.0
2026-03-05T10:23:33.118844,0,0,2,125.0
2026-03-05T10:23:58.382344,0,0,2,110.0
2026-03-05T10:24:00.865527,0,0,2,111.0
2026-03-05T10:24:01.872482,0,0,2,110.0
2026-03-05T10:24:02.878506,0,0,3,109.0
2026-03-05T10:24:03.885417,0,0,2,110.0
2026-03-05T10:24:04.890469,0,0,2,108.0
2026-03-05T10:24:05.897386,0,0,2,109.0
2026-03-05T10:24:06.903334,0,0,2,110.0
2026-03-05T10:24:07.910470,0,0,2,110.0
2026-03-05T10:24:08.917245,0,0,2,108.0
2026-03-05T10:24:10.919043,0,0,2,108.0
2026-03-05T10:24:45.895087,0,0,2,103.0
2026-03-05T10:24:48.378479,0,0,2,101.0
2026-03-05T10:24:49.385343,0,0,3,101.0
2026-03-05T10:24:50.391255,0,0,2,103.0
2026-03-05T10:24:51.398342,0,0,2,101.0
2026-03-05T10:24:52.403251,0,0,2,101.0
2026-03-05T10:24:53.410317,0,0,3,103.0
2026-03-05T10:24:54.416205,0,0,3,101.0
2026-03-05T10:24:55.423173,0,0,2,101.0
2026-03-05T10:24:56.430202,0,0,3,102.0
2026-03-05T10:24:57.435114,0,0,2,100.0
2026-03-05T10:24:58.442225,0,0,2,101.0
2026-03-05T10:24:59.448079,0,0,2,99.0
2026-03-05T10:25:00.455111,0,0,3,102.0
2026-03-05T10:25:01.460035,0,0,2,101.0
2026-03-05T10:25:02.467030,0,0,3,101.0
2026-03-05T10:25:03.473020,0,0,3,99.0
2026-03-05T10:25:04.479986,0,0,2,102.0
2026-03-05T10:25:05.486981,0,0,2,100.0
2026-03-05T10:25:06.491959,0,0,3,101.0
2026-03-05T10:25:07.498896,0,0,2,100.0
2026-03-05T10:25:08.504897,0,0,2,103.0
2026-03-05T10:25:09.511875,0,0,3,99.0
2026-03-05T10:25:10.516843,0,0,3,100.0
2026-03-05T10:25:11.523805,0,0,2,98.0
2026-03-05T10:25:12.530791,0,0,3,102.0
2026-03-05T10:25:13.536774,0,0,0,100.0
2026-03-05T10:25:14.543591,0,0,2,103.0
2026-03-05T10:25:15.548690,0,0,3,105.0
2026-03-05T10:25:16.555663,0,0,1,105.0
2026-03-05T10:25:17.561642,0,0,2,110.0
2026-03-05T10:25:18.568609,0,0,2,111.0
2026-03-05T10:25:19.573569,0,0,2,114.0
2026-03-05T10:25:20.580636,0,0,2,113.0
2026-03-05T10:25:22.582438,0,0,2,110.0
2026-03-05T10:25:22.593506,0,0,2,113.0
2026-03-05T10:25:23.600524,0,0,2,112.0
2026-03-05T10:25:24.605495,0,0,3,112.0
2026-03-05T10:25:26.607242,0,0,2,114.0
2026-03-05T10:25:26.618400,0,0,2,111.0
2026-03-05T10:25:27.625362,0,0,2,111.0
2026-03-05T10:25:28.631328,0,0,3,112.0
2026-03-05T10:25:29.637321,0,0,2,109.0
2026-03-05T10:25:30.644286,0,0,2,110.0
2026-03-05T10:25:31.650381,0,0,3,111.0
2026-03-05T10:25:33.652094,0,0,2,113.0
2026-03-05T10:25:33.662269,0,0,2,112.0
2026-03-05T10:25:34.669191,0,0,2,112.0
2026-03-05T10:25:35.675159,0,0,2,111.0
2026-03-05T10:25:36.682213,0,0,2,112.0
2026-03-05T10:25:37.688103,0,0,2,108.0
2026-03-05T10:25:38.694195,0,0,2,115.0
2026-03-05T10:25:39.701149,0,0,2,112.0
2026-03-05T10:25:41.702889,0,0,2,110.0
2026-03-05T10:25:41.713967,0,0,2,114.0
2026-03-05T10:25:42.718997,0,0,2,114.0
2026-03-05T10:25:43.726145,0,0,2,107.0
2026-03-05T10:25:44.733000,0,0,2,110.0
2026-03-05T10:25:45.738991,0,0,2,111.0
2026-03-05T10:25:46.744976,0,0,2,111.0
2026-03-05T10:25:48.746784,0,0,2,111.0
2026-03-05T10:25:48.757825,0,0,2,108.0
2026-03-05T10:25:49.762806,0,0,2,109.0
2026-03-05T10:25:50.769850,0,0,2,109.0
2026-03-05T10:25:51.775765,0,0,3,106.0
2026-03-05T10:25:52.782749,0,0,2,110.0
2026-03-05T10:25:53.789698,0,0,2,110.0
2026-03-05T10:25:55.791492,0,0,3,108.0
2026-03-05T10:25:55.801625,0,0,3,107.0
2026-03-05T10:25:56.807681,0,0,2,108.0
2026-03-05T10:25:57.814668,0,0,3,108.0
2026-03-05T10:25:58.820662,0,0,2,107.0
2026-03-05T10:25:59.826616,0,0,3,107.0
2026-03-05T10:26:00.833586,0,0,2,106.0
2026-03-05T10:26:01.838612,0,0,2,108.0
2026-03-05T10:26:02.846638,0,0,3,105.0
2026-03-05T10:26:03.852573,0,0,2,108.0
2026-03-05T10:26:04.858579,0,0,2,102.0
2026-03-05T10:26:05.864449,0,0,3,111.0
2026-03-05T10:26:06.870639,0,0,2,106.0
2026-03-05T10:26:07.877374,0,0,2,105.0
2026-03-05T10:26:08.883364,0,0,1,108.0
2026-03-05T10:26:09.890417,0,0,2,107.0
2026-03-05T10:26:10.895302,0,0,3,105.0
2026-03-05T10:26:11.903382,0,0,2,105.0
2026-03-05T10:26:12.909355,0,0,1,107.0
2026-03-05T10:26:14.911126,0,0,2,106.0
2026-03-05T10:26:14.921166,0,0,2,104.0
2026-03-05T10:26:15.928177,0,0,2,104.0
2026-03-05T10:26:16.935169,0,0,3,105.0
2026-03-05T10:26:17.940123,0,0,2,104.0
2026-03-05T10:26:18.947108,0,0,1,106.0
2026-03-05T10:26:19.953093,0,0,2,103.0
2026-03-05T10:26:20.960141,0,0,2,105.0
2026-03-05T10:26:21.966155,0,0,3,105.0
2026-03-05T10:26:22.972031,0,0,3,103.0
2026-03-05T10:26:23.977988,0,0,3,104.0
2026-03-05T10:26:24.984979,0,0,2,104.0
2026-03-05T10:26:25.991932,0,0,2,107.0
2026-03-05T10:26:26.996977,0,0,3,104.0
2026-03-05T10:26:28.003960,0,0,1,102.0
2026-03-05T10:26:29.009936,0,0,2,102.0
2026-03-05T10:26:30.016886,0,0,2,103.0
2026-03-05T10:26:31.022877,0,0,2,103.0
2026-03-05T10:26:32.028848,0,0,3,105.0
2026-03-05T10:26:33.035823,0,0,2,102.0
2026-03-05T10:26:34.041749,0,0,2,100.0
2026-03-05T10:26:35.048752,0,0,2,102.0
2026-03-05T10:26:36.053766,0,0,2,102.0
2026-03-05T10:26:37.060719,0,0,2,101.0
2026-03-05T10:26:38.066714,0,0,2,101.0
2026-03-05T10:26:39.073699,0,0,2,102.0
2026-03-05T10:26:40.079686,0,0,2,99.0
2026-03-05T10:26:41.085632,0,0,2,101.0
2026-03-05T10:26:42.092528,0,0,2,102.0
2026-03-05T10:26:43.098593,0,0,3,100.0
2026-03-05T10:26:44.105475,0,0,2,99.0
2026-03-05T10:26:45.110580,0,0,1,101.0
2026-03-05T10:26:46.117514,0,0,3,101.0
2026-03-05T10:26:47.123492,0,0,3,101.0
2026-03-05T10:26:48.130916,0,0,2,100.0
2026-03-05T10:26:49.137376,0,0,2,100.0
2026-03-05T10:26:50.142406,0,0,2,100.0
2026-03-05T10:26:51.149312,0,0,2,100.0
2026-03-05T10:26:52.155296,0,0,3,98.0
2026-03-05T10:26:53.162321,0,0,2,100.0
2026-03-05T10:26:54.166374,0,0,2,99.0
2026-03-05T10:26:56.168097,0,0,1,100.0
2026-03-05T10:26:56.180208,0,0,3,97.0
2026-03-05T10:26:57.187178,0,0,3,100.0
2026-03-05T10:26:58.194240,0,0,2,101.0
2026-03-05T10:26:59.198604,0,0,2,100.0
2026-03-05T10:27:00.206212,0,0,2,100.0
2026-03-05T10:27:01.212077,0,0,3,97.0
2026-03-05T10:27:02.219093,0,0,3,98.0
2026-03-05T10:27:03.224085,0,0,2,98.0
2026-03-05T10:27:04.231028,0,0,2,100.0
2026-03-05T10:27:05.238094,0,0,3,96.0
2026-03-05T10:27:06.243986,0,0,2,98.0
2026-03-05T10:27:07.250977,0,0,2,97.0
2026-03-05T10:27:08.255937,0,0,2,96.0
2026-03-05T10:27:09.262814,0,0,2,99.0
2026-03-05T10:27:10.268869,0,0,2,96.0
2026-03-05T10:27:11.275861,0,0,2,98.0
2026-03-05T10:27:12.280824,0,0,2,95.0
2026-03-05T10:27:13.287811,0,0,2,98.0
2026-03-05T10:27:14.294777,0,0,2,97.0
2026-03-05T10:27:15.300756,0,0,2,95.0
2026-03-05T10:27:16.307701,0,0,2,97.0
2026-03-05T10:27:17.312711,0,0,2,96.0
2026-03-05T10:27:18.319704,0,0,3,95.0
2026-03-05T10:27:19.325674,0,0,2,96.0
2026-03-05T10:27:20.332648,0,0,2,96.0
2026-03-05T10:27:21.338608,0,0,2,95.0
2026-03-05T10:27:22.344596,0,0,2,95.0
2026-03-05T10:28:15.384800,0,0,2,93.0
2026-03-05T10:28:17.868300,0,0,2,85.0
2026-03-05T10:28:18.875249,0,0,2,85.0
2026-03-05T10:28:19.880174,0,0,2,94.0
2026-03-05T10:28:20.888240,0,0,3,92.0
2026-03-05T10:28:34.657347,0,0,2,88.0
2026-03-05T10:28:35.663787,0,0,2,89.0
2026-03-05T10:28:36.669775,0,0,3,88.0
2026-03-05T10:28:38.671580,0,0,2,88.0
2026-03-05T10:28:38.681689,0,0,2,89.0
2026-03-05T10:28:39.688692,0,0,2,86.0
2026-03-05T10:28:40.694631,0,0,2,89.0
2026-03-05T10:28:41.701647,0,0,2,88.0
2026-03-05T10:28:42.708618,0,0,2,89.0
2026-03-05T10:28:43.713568,0,0,2,89.0
2026-03-05T10:28:44.720655,0,0,3,89.0
2026-03-05T10:28:46.722472,0,0,3,87.0
2026-03-05T10:28:46.733507,0,0,2,90.0
2026-03-05T10:28:47.738569,0,0,2,87.0
2026-03-05T10:28:48.745473,0,0,3,87.0
2026-03-05T10:28:49.751455,0,0,2,89.0
2026-03-05T10:28:50.758482,0,0,2,86.0
2026-03-05T10:28:51.765340,0,0,2,90.0
2026-03-05T10:28:52.770516,0,0,3,88.0
2026-03-05T10:28:53.776344,0,0,2,87.0
2026-03-05T10:28:54.783323,0,0,2,87.0
2026-03-05T10:28:55.790421,0,0,3,88.0
2026-03-05T10:28:56.795274,0,0,1,86.0
2026-03-05T10:28:57.802331,0,0,3,87.0
2026-03-05T10:28:58.809276,0,0,3,87.0
2026-03-05T10:28:59.815274,0,0,2,90.0
2026-03-05T10:29:00.822361,0,0,2,92.0
2026-03-05T10:29:01.827216,0,0,2,91.0
2026-03-05T10:29:02.834284,0,0,3,95.0
2026-03-05T10:29:03.840186,0,0,3,93.0
2026-03-05T10:29:04.847166,0,0,2,99.0
2026-03-05T10:29:05.852113,0,0,2,103.0
2026-03-05T10:29:06.859102,0,0,2,104.0
2026-03-05T10:29:07.866159,0,0,2,105.0
2026-03-05T10:29:08.872029,0,0,2,107.0
2026-03-05T10:29:09.879009,0,0,3,105.0
2026-03-05T10:29:10.883978,0,0,2,103.0
2026-03-05T10:29:11.890960,0,0,2,105.0
2026-03-05T10:29:12.897007,0,0,2,105.0
2026-03-05T10:29:14.898548,0,0,3,107.0
2026-03-05T10:29:14.909904,0,0,3,105.0
2026-03-05T10:29:15.915867,0,0,2,105.0
2026-03-05T10:29:16.922843,0,0,2,106.0
2026-03-05T10:29:17.928809,0,0,2,108.0
2026-03-05T10:29:18.935828,0,0,3,110.0
2026-03-05T10:29:19.940776,0,0,3,103.0
2026-03-05T10:29:20.946708,0,0,2,107.0
2026-03-05T10:29:21.953804,0,0,3,107.0
2026-03-05T10:29:22.960793,0,0,3,110.0
2026-03-05T10:29:23.966766,0,0,3,101.0
2026-03-05T10:29:24.972746,0,0,3,107.0
2026-03-05T10:29:25.979710,0,0,2,109.0
2026-03-05T10:29:26.985692,0,0,2,108.0
2026-03-05T10:29:27.992584,0,0,2,101.0
2026-03-05T10:29:28.997546,0,0,2,110.0
2026-03-05T10:29:30.004516,0,0,2,108.0
2026-03-05T10:29:31.011500,0,0,2,106.0
2026-03-05T10:29:32.017498,0,0,2,106.0
2026-03-05T10:29:33.023456,0,0,2,108.0
2026-03-05T10:29:34.029420,0,0,2,105.0
2026-03-05T10:29:36.031252,0,0,2,105.0
2026-03-05T10:29:36.042473,0,0,3,104.0
2026-03-05T10:29:37.048363,0,0,2,105.0
2026-03-05T10:29:38.054423,0,0,2,106.0
2026-03-05T10:29:39.061301,0,0,2,106.0
2026-03-05T10:29:40.068290,0,0,3,101.0
2026-03-05T10:29:41.074363,0,0,2,105.0
2026-03-05T10:29:43.076277,0,0,2,105.0
2026-03-05T10:29:43.086213,0,0,2,103.0
2026-03-05T10:29:44.093149,0,0,2,105.0
2026-03-05T10:29:45.099096,0,0,2,104.0
2026-03-05T10:29:46.104086,0,0,2,103.0
2026-03-05T10:29:47.112069,0,0,2,105.0
2026-03-05T10:29:48.118121,0,0,2,101.0
2026-03-05T10:29:49.125063,0,0,3,104.0
2026-03-05T10:29:50.130992,0,0,3,104.0
2026-03-05T10:29:51.136933,0,0,2,104.0
2026-03-05T10:29:52.142943,0,0,2,104.0
2026-03-05T10:29:53.149903,0,0,2,101.0
2026-03-05T10:29:54.155912,0,0,2,104.0
2026-03-05T10:29:55.159902,0,0,2,101.0
2026-03-05T10:29:56.168887,0,0,2,103.0
2026-03-05T10:29:57.174820,0,0,2,103.0
2026-03-05T10:29:58.181793,0,0,2,101.0
2026-03-05T10:29:59.187756,0,0,2,101.0
2026-03-05T10:30:00.193748,0,0,3,103.0
2026-03-05T10:30:01.199715,0,0,2,104.0
2026-03-05T10:30:02.206706,0,0,3,101.0
2026-03-05T10:30:04.208386,0,0,3,103.0
2026-03-05T10:30:04.218517,0,0,2,100.0
2026-03-05T10:30:32.372539,0,0,2,103.0
2026-03-05T10:30:33.378936,0,0,2,100.0
2026-03-05T10:30:34.384935,0,0,2,100.0
2026-03-05T10:30:35.391812,0,0,2,101.0
2026-03-05T10:30:36.396775,0,0,3,100.0
2026-03-05T10:30:37.403912,0,0,2,99.0
2026-03-05T10:30:38.409898,0,0,2,101.0
2026-03-05T10:30:39.416867,0,0,2,101.0
2026-03-05T10:30:40.423844,0,0,3,101.0
2026-03-05T10:30:41.428804,0,0,2,99.0
2026-03-05T10:30:42.435799,0,0,1,99.0
2026-03-05T10:30:44.437643,0,0,2,99.0
2026-03-05T10:30:44.447675,0,0,3,101.0
2026-03-05T10:30:46.449393,0,0,3,100.0
2026-03-05T10:30:46.460710,0,0,2,100.0
2026-03-05T10:30:47.466638,0,0,2,97.0
2026-03-05T10:30:48.473614,0,0,2,101.0
2026-03-05T10:30:49.480587,0,0,2,99.0
2026-03-05T10:30:50.485559,0,0,2,97.0
2026-03-05T10:30:51.490527,0,0,2,102.0
2026-03-05T10:30:52.498573,0,0,2,95.0
2026-03-05T10:30:53.505497,0,0,3,100.0
2026-03-05T10:30:54.510637,0,0,2,102.0
2026-03-05T10:30:56.512494,0,0,2,99.0
2026-03-05T10:30:56.524412,0,0,5,100.0
2026-03-05T10:30:57.529385,0,0,6,103.0
2026-03-05T10:30:58.537240,0,0,3,101.0
2026-03-05T10:30:59.542411,0,0,2,104.0
2026-03-05T10:31:00.549341,0,0,2,111.0
2026-03-05T10:31:01.555317,0,0,2,110.0
2026-03-05T10:31:02.562374,0,0,2,109.0
2026-03-05T10:31:03.567280,0,0,2,112.0
2026-03-05T10:31:04.574297,0,0,3,117.0
2026-03-05T10:31:05.581185,0,0,2,111.0
2026-03-05T10:31:06.587171,0,0,2,112.0
2026-03-05T10:31:07.594088,0,0,2,112.0
2026-03-05T10:31:08.599122,0,0,3,114.0
2026-03-05T10:31:10.600996,0,0,2,117.0
2026-03-05T10:31:10.612013,0,0,2,117.0
2026-03-05T10:31:11.618992,0,0,3,111.0
2026-03-05T10:31:12.624993,0,0,2,113.0
2026-03-05T10:31:13.630993,0,0,2,114.0
2026-03-05T10:31:14.637942,0,0,2,112.0
2026-03-05T10:31:15.643964,0,0,2,112.0
2026-03-05T10:31:16.650978,0,0,2,113.0
2026-03-05T10:31:18.652708,0,0,3,112.0
2026-03-05T10:31:18.662803,0,0,2,114.0
2026-03-05T10:31:19.668832,0,0,2,113.0
2026-03-05T10:31:20.675810,0,0,3,114.0
2026-03-05T10:31:21.681782,0,0,2,114.0
2026-03-05T10:31:22.687736,0,0,2,112.0
2026-03-05T10:31:23.694686,0,0,2,115.0
2026-03-05T10:31:24.700787,0,0,2,112.0
2026-03-05T10:31:25.707845,0,0,2,116.0
2026-03-05T10:31:26.712680,0,0,2,117.0
2026-03-05T10:31:27.719661,0,0,2,110.0
2026-03-05T10:31:28.726644,0,0,3,113.0
2026-03-05T10:31:29.732623,0,0,2,113.0
2026-03-05T10:31:30.738611,0,0,2,112.0
2026-03-05T10:31:31.744525,0,0,2,113.0
2026-03-05T10:31:32.751505,0,0,2,113.0
2026-03-05T10:31:33.757503,0,0,2,110.0
2026-03-05T10:31:34.764465,0,0,3,112.0
2026-03-05T10:31:35.769452,0,0,2,113.0
2026-03-05T10:31:36.776423,0,0,3,113.0
2026-03-05T10:31:37.783405,0,0,2,111.0
2026-03-05T10:31:38.787455,0,0,2,113.0
2026-03-05T10:31:39.795355,0,0,2,113.0
2026-03-05T10:31:40.801333,0,0,2,112.0
2026-03-05T10:31:42.803123,0,0,2,112.0
2026-03-05T10:31:42.814425,0,0,2,111.0
2026-03-05T10:31:43.821279,0,0,3,113.0
2026-03-05T10:31:44.827222,0,0,3,113.0
2026-03-05T10:31:45.833188,0,0,2,111.0
2026-03-05T10:31:46.840181,0,0,3,113.0
2026-03-05T10:31:47.846163,0,0,2,112.0
2026-03-05T10:31:48.852102,0,0,2,110.0
2026-03-05T10:31:49.857073,0,0,2,111.0
2026-03-05T10:31:50.865044,0,0,2,110.0
2026-03-05T10:31:51.870999,0,0,2,111.0
2026-03-05T10:31:52.877991,0,0,2,109.0
2026-03-05T10:31:53.883995,0,0,3,109.0
2026-03-05T10:31:54.887959,0,0,2,109.0
2026-03-05T10:31:55.896985,0,0,2,109.0
2026-03-05T10:31:56.902950,0,0,2,110.0
2026-03-05T10:31:57.908907,0,0,2,109.0
2026-03-05T10:31:58.914875,0,0,3,108.0
2026-03-05T10:31:59.921841,0,0,2,108.0
2026-03-05T10:32:00.928773,0,0,2,106.0
2026-03-05T10:32:01.934898,0,0,2,109.0
2026-03-05T10:32:03.936630,0,0,3,108.0
2026-03-05T10:32:03.946697,0,0,2,109.0
2026-03-05T10:32:04.953708,0,0,2,108.0
2026-03-05T10:32:05.959680,0,0,2,107.0
2026-03-05T10:32:06.965642,0,0,3,107.0
2026-03-05T10:32:07.971626,0,0,2,108.0
2026-03-05T10:32:08.978568,0,0,3,110.0
2026-03-05T10:32:10.980316,0,0,2,107.0
2026-03-05T10:32:10.990685,0,0,2,106.0
2026-03-05T10:32:11.997602,0,0,3,106.0
2026-03-05T10:32:13.003576,0,0,3,101.0
2026-03-05T10:32:14.010600,0,0,3,100.0
2026-03-05T10:32:15.016515,0,0,2,111.0
2026-03-05T10:32:16.022553,0,0,2,103.0
2026-03-05T10:32:17.029478,0,0,2,107.0
2026-03-05T10:32:18.035479,0,0,3,107.0
2026-03-05T10:32:19.042492,0,0,3,106.0
2026-03-05T10:32:20.047421,0,0,3,105.0
2026-03-05T10:32:21.054449,0,0,2,105.0
2026-03-05T10:32:22.060344,0,0,2,104.0
2026-03-05T10:32:23.067321,0,0,2,105.0
2026-03-05T10:32:25.069128,0,0,2,104.0
2026-03-05T10:32:25.079188,0,0,2,107.0
2026-03-05T10:32:26.086319,0,0,2,101.0
2026-03-05T10:32:27.092151,0,0,2,107.0
2026-03-05T10:32:28.099163,0,0,2,101.0
2026-03-05T10:32:29.104101,0,0,3,104.0
2026-03-05T10:32:30.111080,0,0,2,106.0
2026-03-05T10:32:32.112846,0,0,2,102.0
2026-03-05T10:32:59.884886,0,0,2,98.0
2026-03-05T10:33:02.368357,0,0,2,100.0
2026-03-05T10:33:03.375336,0,0,3,100.0
2026-03-05T10:33:04.381298,0,0,3,100.0
2026-03-05T10:33:06.382503,0,0,2,96.0
2026-03-05T10:33:06.393239,0,0,3,102.0
2026-03-05T10:33:07.400228,0,0,3,98.0
2026-03-05T10:33:08.406356,0,0,2,97.0
2026-03-05T10:33:09.413187,0,0,2,99.0
2026-03-05T10:33:10.420161,0,0,2,100.0
2026-03-05T10:33:11.425134,0,0,2,91.0
2026-03-05T10:33:12.432125,0,0,2,101.0
2026-03-05T10:33:13.438259,0,0,2,97.0
2026-03-05T10:33:14.445069,0,0,2,99.0
2026-03-05T10:33:15.450139,0,0,2,98.0
2026-03-05T10:33:16.457014,0,0,3,99.0
2026-03-05T10:33:17.462998,0,0,2,96.0
2026-03-05T10:33:18.469978,0,0,2,98.0
2026-03-05T10:33:19.476944,0,0,1,97.0
2026-03-05T10:33:20.481959,0,0,2,98.0
2026-03-05T10:33:21.488911,0,0,3,97.0
2026-03-05T10:33:22.494885,0,0,2,100.0
2026-03-05T10:33:23.501867,0,0,2,96.0
2026-03-05T10:33:24.506845,0,0,2,98.0
2026-03-05T10:33:25.513816,0,0,3,97.0
2026-03-05T10:33:26.518801,0,0,2,96.0
2026-03-05T10:33:27.526797,0,0,2,98.0
2026-03-05T10:33:28.533747,0,0,2,98.0
2026-03-05T10:33:29.538788,0,0,2,100.0
2026-03-05T10:33:30.545712,0,0,2,104.0
2026-03-05T10:33:31.551729,0,0,2,105.0
2026-03-05T10:33:32.558706,0,0,2,107.0
2026-03-05T10:33:33.563658,0,0,2,108.0
2026-03-05T10:33:34.570635,0,0,2,109.0
2026-03-05T10:33:35.577596,0,0,2,111.0
2026-03-05T10:33:36.583606,0,0,2,108.0
2026-03-05T10:33:37.590561,0,0,2,110.0
2026-03-05T10:33:38.595556,0,0,3,109.0
2026-03-05T10:33:39.602528,0,0,3,110.0
2026-03-05T10:33:40.608504,0,0,2,107.0
2026-03-05T10:33:41.615478,0,0,2,111.0
2026-03-05T10:33:43.617262,0,0,3,110.0
2026-03-05T10:33:43.627411,0,0,2,110.0
2026-03-05T10:33:44.634351,0,0,2,111.0
2026-03-05T10:33:45.640390,0,0,3,108.0
2026-03-05T10:33:46.647368,0,0,2,112.0
2026-03-05T10:33:47.652331,0,0,2,109.0
2026-03-05T10:33:48.659317,0,0,2,110.0
2026-03-05T10:33:49.665325,0,0,2,108.0
2026-03-05T10:33:50.672337,0,0,2,113.0
2026-03-05T10:33:51.678381,0,0,3,110.0
2026-03-05T10:33:52.684272,0,0,2,110.0
2026-03-05T10:33:53.691286,0,0,2,109.0
2026-03-05T10:33:54.697225,0,0,3,110.0
2026-03-05T10:33:55.704201,0,0,2,108.0
2026-03-05T10:33:56.709221,0,0,2,108.0
2026-03-05T10:33:57.716188,0,0,2,110.0
2026-03-05T10:33:58.723169,0,0,2,110.0
2026-03-05T10:33:59.729138,0,0,3,110.0
2026-03-05T10:34:00.735134,0,0,3,110.0
2026-03-05T10:34:02.736950,0,0,3,109.0
2026-03-05T10:34:02.747964,0,0,2,110.0
2026-03-05T10:34:03.753967,0,0,3,110.0
2026-03-05T10:34:04.760944,0,0,2,109.0
2026-03-05T10:34:05.765908,0,0,3,109.0
2026-03-05T10:34:06.772912,0,0,3,111.0
2026-03-05T10:34:07.777916,0,0,2,109.0
2026-03-05T10:34:09.779762,0,0,3,108.0
2026-03-05T10:34:09.792818,0,0,2,109.0
2026-03-05T10:34:10.797817,0,0,2,107.0
2026-03-05T10:34:11.804785,0,0,3,110.0
2026-03-05T10:34:12.810796,0,0,3,110.0
2026-03-05T10:34:13.817756,0,0,3,109.0
2026-03-05T10:34:14.823743,0,0,2,109.0
2026-03-05T10:34:15.827854,0,0,2,106.0
2026-03-05T10:34:17.829535,0,0,2,110.0
2026-03-05T10:35:20.980004,0,0,3,100.0
2026-03-05T10:35:21.986390,0,0,2,101.0
2026-03-05T10:35:22.992245,0,0,2,99.0
2026-03-05T10:35:23.999243,0,0,2,98.0
2026-03-05T10:35:25.004235,0,0,2,102.0
2026-03-05T10:35:26.011225,0,0,2,98.0
2026-03-05T10:35:27.017170,0,0,2,100.0
2026-03-05T10:35:28.024181,0,0,2,98.0
2026-03-05T10:35:29.031165,0,0,3,99.0
2026-03-05T10:35:30.034198,0,0,3,99.0
2026-03-05T10:35:32.035950,0,0,2,98.0
2026-03-05T10:35:32.049043,0,0,2,101.0
2026-03-05T10:35:33.055017,0,0,2,89.0
2026-03-05T10:35:34.061027,0,0,2,100.0
2026-03-05T10:35:35.067996,0,0,2,100.0
2026-03-05T10:35:36.073947,0,0,2,101.0
2026-03-05T10:35:37.080922,0,0,2,96.0
2026-03-05T10:35:38.087906,0,0,1,98.0
2026-03-05T10:35:39.092908,0,0,4,98.0
2026-03-05T10:35:40.099895,0,0,2,98.0
2026-03-05T10:35:41.105874,0,0,2,98.0
2026-03-05T10:35:42.112864,0,0,0,100.0
2026-03-05T10:35:43.117830,0,0,3,97.0
2026-03-05T10:35:44.124803,0,0,3,97.0
2026-03-05T10:35:45.131793,0,0,6,98.0
2026-03-05T10:35:46.137795,0,0,2,102.0
2026-03-05T10:35:47.144767,0,0,2,101.0
2026-03-05T10:35:48.149705,0,0,2,101.0
2026-03-05T10:35:49.156691,0,0,2,104.0
2026-03-05T10:35:50.162640,0,0,2,103.0
2026-03-05T10:35:51.169626,0,0,2,101.0
2026-03-05T10:35:52.174625,0,0,2,110.0
2026-03-05T10:35:53.181623,0,0,2,111.0
2026-03-05T10:35:55.183477,0,0,3,110.0
2026-03-05T10:35:55.194612,0,0,2,112.0
2026-03-05T10:35:56.201558,0,0,2,110.0
2026-03-05T10:35:57.206580,0,0,3,110.0
2026-03-05T10:35:58.213506,0,0,2,110.0
2026-03-05T10:35:59.219482,0,0,2,111.0
2026-03-05T10:36:00.226492,0,0,3,111.0
2026-03-05T10:36:01.233382,0,0,2,110.0
2026-03-05T10:36:02.238561,0,0,2,109.0
2026-03-05T10:36:03.245417,0,0,2,112.0
2026-03-05T10:36:04.251359,0,0,2,109.0
2026-03-05T10:36:05.258452,0,0,2,111.0
2026-03-05T10:36:06.263340,0,0,2,110.0
2026-03-05T10:36:07.270379,0,0,3,110.0
2026-03-05T10:36:08.276314,0,0,2,109.0
2026-03-05T10:36:10.278173,0,0,2,109.0
2026-03-05T10:36:10.290327,0,0,2,109.0
2026-03-05T10:36:11.295256,0,0,3,114.0
2026-03-05T10:36:12.302338,0,0,2,109.0
2026-03-05T10:36:14.304241,0,0,2,110.0
2026-03-05T10:36:14.315065,0,0,2,112.0
2026-03-05T10:36:15.320081,0,0,2,111.0
2026-03-05T10:36:16.327089,0,0,2,111.0
2026-03-05T10:36:17.334139,0,0,3,111.0
2026-03-05T10:36:18.340032,0,0,2,103.0
2026-03-05T10:36:19.344981,0,0,2,110.0
2026-03-05T10:36:21.346774,0,0,3,112.0
2026-03-05T10:36:21.358909,0,0,3,112.0
2026-03-05T10:36:22.364949,0,0,2,110.0
2026-03-05T10:36:23.371934,0,0,2,109.0
2026-03-05T10:36:24.376921,0,0,3,111.0
2026-03-05T10:36:25.382835,0,0,2,111.0
2026-03-05T10:36:26.390848,0,0,2,109.0
2026-03-05T10:36:27.396845,0,0,2,111.0
2026-03-05T10:36:28.403834,0,0,3,108.0
2026-03-05T10:36:29.408803,0,0,2,110.0
2026-03-05T10:36:30.415784,0,0,2,108.0
2026-03-05T10:36:31.421741,0,0,2,110.0
2026-03-05T10:36:32.428750,0,0,2,110.0
2026-03-05T10:36:33.432779,0,0,3,109.0
2026-03-05T10:36:35.434614,0,0,2,108.0
2026-03-05T10:36:35.446686,0,0,2,110.0
2026-03-05T10:36:36.453698,0,0,2,109.0
2026-03-05T10:36:37.460631,0,0,3,109.0
2026-03-05T10:36:38.465603,0,0,3,110.0
2026-03-05T10:36:39.472590,0,0,3,109.0
2026-03-05T10:36:40.478626,0,0,3,110.0
2026-03-05T10:36:41.485557,0,0,3,113.0
2026-03-05T10:36:42.490587,0,0,2,108.0
2026-03-05T10:36:43.497575,0,0,3,109.0
2026-03-05T10:36:44.504484,0,0,2,109.0
2026-03-05T10:36:45.510500,0,0,2,110.0
2026-03-05T10:36:46.517424,0,0,2,110.0
2026-03-05T10:36:47.522500,0,0,2,108.0
2026-03-05T10:36:48.529433,0,0,2,110.0
2026-03-05T10:36:49.536364,0,0,3,107.0
2026-03-05T10:36:50.542414,0,0,3,109.0
2026-03-05T10:36:51.548324,0,0,3,109.0
2026-03-05T10:36:52.554422,0,0,2,108.0
2026-03-05T10:36:53.561268,0,0,2,108.0
2026-03-05T10:36:54.567149,0,0,3,109.0
2026-03-05T10:36:56.568928,0,0,3,109.0
2026-03-05T10:36:56.579271,0,0,2,108.0
2026-03-05T10:36:57.586276,0,0,3,106.0
2026-03-05T10:36:58.593168,0,0,2,108.0
2026-03-05T10:36:59.599135,0,0,2,108.0
2026-03-05T10:37:00.605083,0,0,2,106.0
2026-03-05T10:37:01.611084,0,0,2,104.0
2026-03-05T10:37:03.612892,0,0,2,109.0
2026-03-05T10:37:03.624042,0,0,2,101.0
2026-03-05T10:37:04.631012,0,0,2,101.0
2026-03-05T10:37:05.636958,0,0,2,115.0
2026-03-05T10:37:06.642976,0,0,2,105.0
2026-03-05T10:37:07.649913,0,0,2,103.0
2026-03-05T10:37:08.655924,0,0,3,106.0
2026-03-05T10:37:09.661829,0,0,1,104.0
2026-03-05T10:37:11.663673,0,0,2,104.0
2026-03-05T10:37:22.384093,0,0,2,103.0
2026-03-05T10:37:24.867525,0,0,2,106.0
2026-03-05T10:37:25.874532,0,0,2,103.0
2026-03-05T10:37:26.880541,0,0,2,104.0
2026-03-05T10:37:28.882330,0,0,2,103.0
2026-03-05T10:37:28.892308,0,0,2,103.0
2026-03-05T10:37:29.899452,0,0,2,104.0
2026-03-05T10:37:30.905448,0,0,3,103.0
2026-03-05T10:37:31.912412,0,0,2,103.0
2026-03-05T10:37:32.919406,0,0,2,104.0
2026-03-05T10:37:33.923282,0,0,2,102.0
2026-03-05T10:37:35.925093,0,0,2,107.0
2026-03-05T10:37:35.937285,0,0,2,104.0
2026-03-05T10:37:36.944281,0,0,3,101.0
2026-03-05T10:37:37.949295,0,0,2,101.0
2026-03-05T10:37:38.956250,0,0,3,102.0
2026-03-05T10:37:39.962316,0,0,1,101.0
2026-03-05T10:37:40.969138,0,0,3,101.0
2026-03-05T10:37:41.976137,0,0,2,101.0
2026-03-05T10:37:42.981158,0,0,3,102.0
2026-03-05T10:37:43.988120,0,0,2,101.0
2026-03-05T10:37:44.993056,0,0,2,101.0
2026-03-05T10:37:46.001056,0,0,3,102.0
2026-03-05T10:37:47.006133,0,0,3,102.0
2026-03-05T10:37:48.013045,0,0,2,100.0
2026-03-05T10:37:50.014884,0,0,2,102.0
2026-03-05T10:38:08.927124,0,0,2,113.0
2026-03-05T10:38:11.410539,0,0,2,115.0
2026-03-05T10:38:12.417461,0,0,2,113.0
2026-03-05T10:38:13.423445,0,0,2,111.0
2026-03-05T10:38:15.425429,0,0,2,112.0
2026-03-05T10:38:15.435338,0,0,2,114.0
2026-03-05T10:38:16.442345,0,0,3,114.0
2026-03-05T10:38:17.448361,0,0,4,112.0
2026-03-05T10:38:18.455336,0,0,2,113.0
2026-03-05T10:38:19.461282,0,0,2,112.0
2026-03-05T10:38:20.467304,0,0,3,111.0
2026-03-05T10:38:21.474352,0,0,2,112.0
2026-03-05T10:38:22.480267,0,0,2,111.0
2026-03-05T10:38:24.482123,0,0,2,113.0
2026-03-05T10:38:43.346380,0,0,2,110.0
2026-03-05T10:38:45.829746,0,0,2,114.0
2026-03-05T10:38:46.836721,0,0,2,110.0
2026-03-05T10:38:47.842709,0,0,2,110.0
2026-03-05T10:38:49.844537,0,0,2,110.0
2026-03-05T10:40:42.641470,0,0,3,94.0
2026-03-05T10:40:45.124960,0,0,2,96.0
2026-03-05T10:40:46.131946,0,0,2,94.0
2026-03-05T10:40:47.135929,0,0,2,97.0
2026-03-05T10:40:49.137710,0,0,2,96.0
2026-03-05T10:40:59.885090,0,0,2,94.0
2026-03-05T10:41:02.368578,0,0,3,95.0
2026-03-05T10:41:03.375553,0,0,2,93.0
2026-03-05T10:41:04.380470,0,0,2,94.0
2026-03-05T10:41:05.388581,0,0,3,92.0
2026-03-05T10:41:06.393499,0,0,3,94.0
2026-03-05T10:41:07.400418,0,0,2,95.0
2026-03-05T10:41:08.406451,0,0,3,93.0
2026-03-05T10:41:09.413365,0,0,3,96.0
2026-03-05T10:41:10.420380,0,0,2,95.0
2026-03-05T10:41:11.425353,0,0,2,100.0
2026-03-05T10:41:12.432277,0,0,3,94.0
2026-03-05T10:41:13.438441,0,0,3,94.0
2026-03-05T10:41:14.445349,0,0,3,92.0
2026-03-05T10:41:16.447113,0,0,2,93.0
2026-03-05T10:41:16.457170,0,0,2,93.0
2026-03-05T10:41:17.463193,0,0,2,93.0
2026-03-05T10:41:18.470249,0,0,2,92.0
2026-03-05T10:41:19.477128,0,0,2,95.0
2026-03-05T10:41:20.482225,0,0,2,91.0
2026-03-05T10:41:21.489081,0,0,2,92.0
2026-03-05T10:41:23.490824,0,0,3,93.0
2026-03-05T10:41:23.502136,0,0,1,90.0
2026-03-05T10:41:24.507049,0,0,2,95.0
2026-03-05T10:41:25.514105,0,0,3,94.0
2026-03-05T10:41:26.521008,0,0,2,93.0
2026-03-05T10:41:27.526984,0,0,3,93.0
2026-03-05T10:41:28.533926,0,0,3,95.0
2026-03-05T10:41:30.535737,0,0,2,96.0
2026-03-05T10:41:30.545888,0,0,2,97.0
2026-03-05T10:41:31.551873,0,0,2,97.0
2026-03-05T10:41:32.558838,0,0,3,102.0
2026-03-05T10:41:33.563844,0,0,2,104.0
2026-03-05T10:41:34.570810,0,0,2,109.0
2026-03-05T10:41:35.577731,0,0,2,111.0
2026-03-05T10:41:37.579581,0,0,3,107.0
2026-03-05T10:41:37.590730,0,0,2,109.0
2026-03-05T10:41:38.595722,0,0,3,109.0
2026-03-05T10:41:39.602694,0,0,3,111.0
2026-03-05T10:41:40.608710,0,0,2,111.0
2026-03-05T10:41:41.615662,0,0,2,110.0
2026-03-05T10:41:43.627614,0,0,2,111.0
2026-03-05T10:41:44.634585,0,0,2,109.0
2026-03-05T10:41:45.640563,0,0,3,108.0
2026-03-05T10:41:46.647532,0,0,2,110.0
2026-03-05T10:41:47.652503,0,0,2,110.0
2026-03-05T10:41:48.659484,0,0,2,110.0
2026-03-05T10:41:49.665487,0,0,2,111.0
2026-03-05T10:41:50.672543,0,0,2,110.0
2026-03-05T10:41:51.678556,0,0,3,112.0
2026-03-05T10:41:52.684418,0,0,2,111.0
2026-03-05T10:41:53.691384,0,0,3,108.0
2026-03-05T10:41:54.697332,0,0,3,112.0
2026-03-05T10:41:55.704305,0,0,2,109.0
2026-03-05T10:41:56.708289,0,0,2,109.0
2026-03-05T10:41:57.716260,0,0,2,108.0
2026-03-05T10:41:59.717969,0,0,3,107.0
2026-03-05T10:41:59.729169,0,0,2,108.0
2026-03-05T10:42:00.735198,0,0,3,108.0
2026-03-05T10:42:01.741175,0,0,2,111.0
2026-03-05T10:42:02.748163,0,0,2,113.0
2026-03-05T10:42:12.673472,0,0,2,112.0
2026-03-05T10:42:13.677788,0,0,2,111.0
2026-03-05T10:42:15.679617,0,0,2,110.0
2026-03-05T10:42:15.692839,0,0,2,111.0
2026-03-05T10:42:16.697817,0,0,2,111.0
2026-03-05T10:42:17.704798,0,0,2,110.0
2026-03-05T10:42:18.710774,0,0,3,110.0
2026-03-05T10:42:19.717748,0,0,2,109.0
2026-03-05T10:42:20.724719,0,0,2,108.0
2026-03-05T10:42:21.729718,0,0,3,111.0
2026-03-05T10:42:22.736714,0,0,2,110.0
2026-03-05T10:42:23.742677,0,0,2,107.0
2026-03-05T10:42:24.749631,0,0,2,110.0
2026-03-05T10:42:25.754621,0,0,2,109.0
2026-03-05T10:42:26.761617,0,0,3,109.0
2026-03-05T10:42:27.767582,0,0,2,111.0
2026-03-05T10:42:28.774612,0,0,3,109.0
2026-03-05T10:42:30.776391,0,0,2,110.0
2026-03-05T10:42:30.786512,0,0,3,107.0
2026-03-05T10:42:31.793520,0,0,3,107.0
2026-03-05T10:42:32.799443,0,0,0,108.0
2026-03-05T10:42:33.806481,0,0,2,107.0
2026-03-05T10:42:34.811414,0,0,1,109.0
2026-03-05T10:42:35.817382,0,0,2,106.0
2026-03-05T10:42:36.825381,0,0,2,106.0
2026-03-05T10:42:38.826509,0,0,2,109.0
2026-03-05T10:42:38.838351,0,0,2,109.0
2026-03-05T10:42:39.843279,0,0,2,110.0
2026-03-05T10:42:40.850353,0,0,1,111.0
2026-03-05T10:42:41.856275,0,0,3,113.0
2026-03-05T10:42:42.863248,0,0,2,111.0
2026-03-05T10:42:44.865076,0,0,2,111.0
2026-03-05T10:42:44.875165,0,0,2,115.0
2026-03-05T10:42:45.882268,0,0,2,113.0
2026-03-05T10:42:46.888130,0,0,2,114.0
2026-03-05T10:42:47.895113,0,0,2,111.0
2026-03-05T10:42:48.900090,0,0,2,114.0
2026-03-05T10:42:49.907057,0,0,3,111.0
2026-03-05T10:42:50.913060,0,0,2,114.0
2026-03-05T10:42:51.920044,0,0,2,114.0
2026-03-05T10:42:52.927013,0,0,2,113.0
2026-03-05T10:42:53.932013,0,0,2,113.0
2026-03-05T10:42:54.938972,0,0,3,116.0
2026-03-05T10:42:55.943897,0,0,3,119.0
2026-03-05T10:42:56.951879,0,0,3,114.0
2026-03-05T10:42:57.956857,0,0,2,113.0
2026-03-05T10:42:58.963870,0,0,2,115.0
2026-03-05T10:42:59.969849,0,0,3,113.0
2026-03-05T10:43:00.976857,0,0,2,115.0
2026-03-05T10:43:01.983833,0,0,2,113.0
2026-03-05T10:43:02.988830,0,0,2,114.0
2026-03-05T10:43:03.995821,0,0,2,114.0
2026-03-05T10:43:05.001813,0,0,2,112.0
2026-03-05T10:43:07.003821,0,0,2,114.0
2026-03-05T10:45:05.390712,0,0,2,101.0
2026-03-05T10:45:07.873862,0,0,3,101.0
2026-03-05T10:45:08.880831,0,0,3,101.0
2026-03-05T10:45:09.884787,0,0,3,101.0
2026-03-05T10:45:10.893844,0,0,3,100.0
2026-03-05T10:45:11.898762,0,0,2,101.0
2026-03-05T10:45:12.905721,0,0,2,100.0
2026-03-05T10:45:13.911752,0,0,3,100.0
2026-03-05T10:45:14.918699,0,0,2,100.0
2026-03-05T10:45:15.925643,0,0,2,101.0
2026-03-05T10:45:16.930628,0,0,3,100.0
2026-03-05T10:45:17.937596,0,0,2,101.0
2026-03-05T10:45:18.943569,0,0,2,99.0
2026-03-05T10:45:19.950619,0,0,2,99.0
2026-03-05T10:45:20.955600,0,0,2,102.0
2026-03-05T10:45:21.962551,0,0,3,99.0
2026-03-05T10:45:22.968545,0,0,2,99.0
2026-03-05T10:45:23.975512,0,0,2,100.0
2026-03-05T10:45:24.982528,0,0,3,101.0
2026-03-05T10:45:25.987462,0,0,2,99.0
2026-03-05T10:45:26.993443,0,0,2,100.0
2026-03-05T10:45:28.000391,0,0,0,99.0
2026-03-05T10:45:37.961572,0,0,2,105.0
2026-03-05T10:45:40.445113,0,0,2,110.0
2026-03-05T10:45:41.452145,0,0,3,106.0
2026-03-05T10:45:42.458147,0,0,2,115.0
2026-03-05T10:45:43.464003,0,0,2,117.0
2026-03-05T10:45:44.470096,0,0,3,105.0
2026-03-05T10:45:45.476953,0,0,2,110.0
2026-03-05T10:45:46.482978,0,0,2,108.0
2026-03-05T10:45:47.489958,0,0,2,107.0
2026-03-05T10:45:49.491841,0,0,2,108.0
2026-03-05T10:45:49.501875,0,0,3,107.0
2026-03-05T10:45:50.508965,0,0,3,107.0
2026-03-05T10:45:51.514983,0,0,3,108.0
2026-03-05T10:45:53.516839,0,0,2,110.0
2026-03-05T10:45:53.527891,0,0,2,109.0
2026-03-05T10:45:54.533866,0,0,3,110.0
2026-03-05T10:45:56.535865,0,0,2,110.0
2026-03-05T10:45:56.546713,0,0,2,108.0
2026-03-05T10:45:57.553745,0,0,2,106.0
2026-03-05T10:45:58.558701,0,0,2,109.0
2026-03-05T10:45:59.565684,0,0,2,107.0
2026-03-05T10:46:00.571668,0,0,6,107.0
2026-03-05T10:46:01.577656,0,0,2,111.0
2026-03-05T10:46:03.579507,0,0,2,108.0
2026-03-05T10:46:38.642342,0,0,2,116.0
2026-03-05T10:46:41.125659,0,0,2,113.0
2026-03-05T10:46:42.132624,0,0,2,118.0
2026-03-05T10:46:43.138611,0,0,2,111.0
2026-03-05T10:46:45.140341,0,0,2,112.0
2026-03-05T10:46:45.150619,0,0,2,110.0
2026-03-05T10:46:46.157591,0,0,2,116.0
2026-03-05T10:46:47.163599,0,0,2,112.0
2026-03-05T10:46:48.170563,0,0,2,114.0
2026-03-05T10:46:49.177534,0,0,2,113.0
2026-03-05T10:46:50.182521,0,0,3,114.0
2026-03-05T10:46:51.189470,0,0,2,113.0
2026-03-05T10:46:52.195417,0,0,2,111.0
2026-03-05T10:46:53.202431,0,0,2,115.0
2026-03-05T10:46:54.207345,0,0,2,112.0
2026-03-05T10:46:55.214391,0,0,2,112.0
2026-03-05T10:46:56.220282,0,0,3,112.0
2026-03-05T10:46:57.227318,0,0,2,112.0
2026-03-05T10:46:59.229041,0,0,2,113.0
2026-03-05T10:46:59.239098,0,0,3,112.0
2026-03-05T10:47:00.246289,0,0,2,112.0
2026-03-05T10:47:01.252199,0,0,3,113.0
2026-03-05T10:47:02.259149,0,0,3,111.0
2026-03-05T10:47:03.264139,0,0,3,112.0
2026-03-05T10:47:04.271073,0,0,3,112.0
2026-03-05T10:47:06.272835,0,0,2,112.0
2026-03-05T10:47:06.284016,0,0,2,112.0
2026-03-05T10:47:07.291030,0,0,3,113.0
2026-03-05T10:47:08.295992,0,0,3,116.0
2026-03-05T10:47:09.303001,0,0,2,113.0
2026-03-05T10:47:10.308959,0,0,2,115.0
2026-03-05T10:47:11.315949,0,0,3,117.0
2026-03-05T10:47:25.145363,0,0,3,116.0
2026-03-05T10:47:26.151643,0,0,3,116.0
2026-03-05T10:47:27.158322,0,0,3,116.0
2026-03-05T10:47:28.164642,0,0,2,112.0
2026-03-05T10:47:29.170655,0,0,2,110.0
2026-03-05T10:47:30.176601,0,0,2,116.0
2026-03-05T10:47:31.182616,0,0,3,116.0
2026-03-05T10:47:32.189528,0,0,2,114.0
2026-03-05T10:47:33.196420,0,0,2,114.0
2026-03-05T10:47:34.201444,0,0,2,115.0
2026-03-05T10:47:35.208421,0,0,2,115.0
2026-03-05T10:47:36.214449,0,0,2,116.0
2026-03-05T10:47:37.221344,0,0,0,115.0
2026-03-05T10:47:38.227401,0,0,2,115.0
2026-03-05T10:47:40.229152,0,0,2,113.0
2026-03-05T10:47:40.239224,0,0,2,120.0
2026-03-05T10:47:41.245245,0,0,3,114.0
2026-03-05T10:47:42.253203,0,0,2,114.0
2026-03-05T10:47:43.258263,0,0,3,111.0
2026-03-05T10:47:44.265142,0,0,2,111.0
2026-03-05T10:47:45.269130,0,0,3,116.0
2026-03-05T10:47:46.278275,0,0,2,112.0
2026-03-05T10:47:48.280029,0,0,2,113.0
2026-03-05T10:47:48.290118,0,0,3,114.0
2026-03-05T10:47:49.297033,0,0,2,115.0
2026-03-05T10:47:50.303024,0,0,3,117.0
2026-03-05T10:47:51.310113,0,0,3,116.0
2026-03-05T10:47:52.314994,0,0,2,116.0
2026-03-05T10:47:53.321920,0,0,2,117.0
2026-03-05T10:47:54.326916,0,0,2,126.0
2026-03-05T10:47:55.334915,0,0,3,119.0
2026-03-05T10:47:56.340853,0,0,2,117.0
2026-03-05T10:47:57.346834,0,0,2,113.0
2026-03-05T10:47:58.353804,0,0,3,130.0
2026-03-05T10:47:59.359782,0,0,2,124.0
2026-03-05T10:48:00.366758,0,0,3,122.0
2026-03-05T10:48:01.371795,0,0,2,122.0
2026-03-05T10:48:02.378850,0,0,2,126.0
2026-03-05T10:48:03.384688,0,0,2,118.0
2026-03-05T10:48:04.391693,0,0,3,124.0
2026-03-05T10:48:05.398689,0,0,3,121.0
2026-03-05T10:48:06.403635,0,0,2,121.0
2026-03-05T10:48:07.410641,0,0,3,119.0
2026-03-05T10:48:08.416683,0,0,2,119.0
2026-03-05T10:48:10.418446,0,0,2,119.0
2026-03-05T10:48:10.428502,0,0,3,120.0
2026-03-05T10:48:11.434596,0,0,2,120.0
2026-03-05T10:48:12.441499,0,0,2,120.0
2026-03-05T10:48:13.448485,0,0,2,119.0
2026-03-05T10:48:14.455443,0,0,3,120.0
2026-03-05T10:48:15.460448,0,0,2,120.0
2026-03-05T10:48:16.467435,0,0,2,120.0
2026-03-05T10:48:18.469198,0,0,2,115.0
2026-03-05T10:48:18.480317,0,0,2,119.0
2026-03-05T10:48:19.485379,0,0,2,116.0
2026-03-05T10:48:20.492327,0,0,2,119.0
2026-03-05T10:48:21.499277,0,0,3,115.0
2026-03-05T10:48:22.505250,0,0,3,117.0
2026-03-05T10:48:23.512227,0,0,2,115.0
2026-03-05T10:48:24.517199,0,0,2,117.0
2026-03-05T10:48:25.524192,0,0,1,114.0
2026-03-05T10:48:26.530311,0,0,3,115.0
2026-03-05T10:48:27.537129,0,0,2,115.0
2026-03-05T10:48:28.542204,0,0,2,116.0
2026-03-05T10:48:29.549070,0,0,2,116.0
2026-03-05T10:48:30.556050,0,0,2,114.0
2026-03-05T10:48:31.562127,0,0,2,115.0
2026-03-05T10:48:32.567016,0,0,2,116.0
2026-03-05T10:48:34.568789,0,0,3,114.0
2026-03-05T10:48:34.580963,0,0,3,113.0
2026-03-05T10:48:35.586941,0,0,3,115.0
2026-03-05T10:48:36.593956,0,0,2,115.0
2026-03-05T10:48:37.600954,0,0,3,113.0
2026-03-05T10:48:38.605956,0,0,3,112.0
2026-03-05T10:48:39.611925,0,0,2,110.0
2026-03-05T10:48:40.618874,0,0,3,115.0
2026-03-05T10:48:41.625832,0,0,2,111.0
2026-03-05T10:48:42.630809,0,0,2,113.0
2026-03-05T10:48:43.637787,0,0,3,114.0
2026-03-05T10:48:44.643769,0,0,2,114.0
2026-03-05T10:48:45.650748,0,0,2,112.0
2026-03-05T10:48:46.657738,0,0,2,114.0
2026-03-05T10:48:48.659690,0,0,2,112.0
2026-03-05T10:48:48.669646,0,0,2,115.0
2026-03-05T10:48:49.675666,0,0,3,113.0
2026-03-05T10:48:50.682639,0,0,2,114.0
2026-03-05T10:48:51.687612,0,0,2,113.0
2026-03-05T10:48:52.694571,0,0,2,113.0
2026-03-05T10:48:53.701571,0,0,2,114.0
2026-03-05T10:48:55.703404,0,0,2,111.0
2026-03-05T10:48:55.714488,0,0,3,114.0
2026-03-05T10:48:56.719469,0,0,2,111.0
2026-03-05T10:48:57.726456,0,0,2,111.0
2026-03-05T10:48:58.732381,0,0,2,112.0
2026-03-05T10:48:59.739395,0,0,2,113.0
2026-03-05T10:49:00.744388,0,0,2,110.0
2026-03-05T10:49:01.751389,0,0,3,115.0
2026-03-05T10:49:02.758435,0,0,2,112.0
2026-03-05T10:49:03.764302,0,0,2,113.0
2026-03-05T10:49:04.771291,0,0,2,112.0
2026-03-05T10:49:05.776274,0,0,3,111.0
2026-03-05T10:49:06.783250,0,0,2,112.0
2026-03-05T10:49:07.789157,0,0,2,111.0
2026-03-05T10:49:09.790919,0,0,2,111.0
2026-03-05T10:49:09.803117,0,0,2,112.0
2026-03-05T10:49:10.808116,0,0,3,114.0
2026-03-05T10:49:11.815125,0,0,2,102.0
2026-03-05T10:49:12.821075,0,0,3,113.0
2026-03-05T10:49:13.828062,0,0,2,110.0
2026-03-05T10:49:14.832087,0,0,2,106.0
2026-03-05T10:49:15.840067,0,0,2,103.0
2026-03-05T10:49:16.846093,0,0,3,112.0
2026-03-05T10:49:17.852999,0,0,2,113.0
2026-03-05T10:49:18.859981,0,0,3,110.0
2026-03-05T10:49:19.864948,0,0,2,112.0
2026-03-05T10:49:20.871928,0,0,3,105.0
2026-03-05T10:49:21.876946,0,0,3,115.0
2026-03-05T10:49:23.878584,0,0,3,110.0
2026-03-05T10:49:35.646137,0,0,2,108.0
2026-03-05T10:49:38.129538,0,0,2,108.0
2026-03-05T10:49:39.136517,0,0,2,109.0
2026-03-05T10:49:40.142559,0,0,2,109.0
2026-03-05T10:49:42.144446,0,0,2,107.0
2026-03-05T10:49:42.154499,0,0,2,108.0
2026-03-05T10:49:43.161429,0,0,3,108.0
2026-03-05T10:49:44.167374,0,0,2,108.0
2026-03-05T10:49:45.174430,0,0,2,109.0
2026-03-05T10:49:46.181331,0,0,2,109.0
2026-03-05T10:49:47.186359,0,0,2,106.0
2026-03-05T10:49:48.193287,0,0,2,108.0
2026-03-05T10:49:50.195073,0,0,3,108.0
2026-03-05T10:49:50.206240,0,0,2,109.0
2026-03-05T10:49:51.212169,0,0,2,109.0
2026-03-05T10:49:52.218196,0,0,3,105.0
2026-03-05T10:49:53.224100,0,0,2,106.0
2026-03-05T10:49:54.231133,0,0,2,100.0
2026-03-05T10:49:55.238119,0,0,2,102.0
2026-03-05T10:49:57.239932,0,0,2,100.0
2026-03-05T10:49:57.249955,0,0,3,107.0
2026-03-05T10:49:58.255973,0,0,2,106.0
2026-03-05T10:49:59.262984,0,0,3,105.0
2026-03-05T10:50:00.267860,0,0,2,107.0
2026-03-05T10:50:01.274980,0,0,2,104.0
2026-03-05T10:50:02.280986,0,0,3,112.0
2026-03-05T10:50:13.665311,0,0,2,117.0
2026-03-05T10:50:16.148616,0,0,2,114.0
2026-03-05T10:50:17.155586,0,0,2,116.0
2026-03-05T10:50:18.161592,0,0,2,117.0
2026-03-05T10:50:20.163339,0,0,2,113.0
2026-03-05T10:50:20.173472,0,0,3,115.0
2026-03-05T10:50:21.180443,0,0,2,117.0
2026-03-05T10:50:22.186475,0,0,3,117.0
2026-03-05T10:50:23.193385,0,0,2,116.0
2026-03-05T10:50:24.200360,0,0,2,115.0
2026-03-05T10:50:25.205356,0,0,2,115.0
2026-03-05T10:50:26.212368,0,0,2,114.0
2026-03-05T10:50:27.218413,0,0,3,115.0
2026-03-05T10:50:28.225272,0,0,3,115.0
2026-03-05T10:50:29.231257,0,0,2,114.0
2026-03-05T10:50:30.237220,0,0,2,115.0
2026-03-05T10:50:31.243211,0,0,1,112.0
2026-03-05T10:50:32.250280,0,0,3,115.0
2026-03-05T10:50:33.257141,0,0,2,117.0
2026-03-05T10:50:35.258917,0,0,2,112.0
2026-03-05T10:51:23.371536,0,0,2,114.0
2026-03-05T10:51:24.378072,0,0,2,114.0
2026-03-05T10:51:25.381980,0,0,3,112.0
2026-03-05T10:51:27.383915,0,0,2,113.0
2026-03-05T10:51:27.395792,0,0,3,111.0
2026-03-05T10:51:28.402881,0,0,3,111.0
2026-03-05T10:51:29.408836,0,0,2,112.0
2026-03-05T10:51:30.415783,0,0,2,112.0
2026-03-05T10:51:31.421769,0,0,2,111.0
2026-03-05T10:51:32.427733,0,0,2,112.0
2026-03-05T10:51:33.432757,0,0,0,110.0
2026-03-05T10:51:35.434674,0,0,2,111.0
2026-03-05T10:51:35.447748,0,0,3,104.0
2026-03-05T10:51:36.452706,0,0,2,112.0
2026-03-05T10:51:37.459693,0,0,2,112.0
2026-03-05T10:51:38.465679,0,0,3,113.0
2026-03-05T10:51:39.472644,0,0,2,108.0
2026-03-05T10:51:40.479605,0,0,2,115.0
2026-03-05T10:51:41.484581,0,0,2,112.0
2026-03-05T10:51:42.490616,0,0,2,110.0
2026-03-05T10:51:43.497531,0,0,1,110.0
2026-03-05T10:51:44.504524,0,0,1,114.0
2026-03-05T10:51:45.509477,0,0,2,109.0
2026-03-05T10:51:46.516461,0,0,2,113.0
2026-03-05T10:51:47.523434,0,0,3,112.0
2026-03-05T10:51:48.529389,0,0,5,112.0
2026-03-05T10:51:49.536335,0,0,2,111.0
2026-03-05T10:51:50.541427,0,0,2,115.0
2026-03-05T10:51:52.543193,0,0,2,117.0
2026-03-05T10:53:01.388148,0,0,2,111.0
2026-03-05T10:53:03.870609,0,0,3,110.0
2026-03-05T10:53:04.878567,0,0,3,111.0
2026-03-05T10:53:05.884516,0,0,3,108.0
2026-03-05T10:53:06.891616,0,0,2,110.0
2026-03-05T10:53:07.896473,0,0,2,109.0
2026-03-05T10:53:08.903535,0,0,3,108.0
2026-03-05T10:53:10.905273,0,0,2,107.0
2026-03-05T10:53:10.916347,0,0,2,108.0
2026-03-05T10:53:11.923391,0,0,2,110.0
2026-03-05T10:53:12.928377,0,0,3,109.0
2026-03-05T10:53:13.935337,0,0,2,105.0
2026-03-05T10:53:14.941313,0,0,3,110.0
2026-03-05T10:53:15.948325,0,0,2,108.0
2026-03-05T10:53:16.953299,0,0,3,108.0
2026-03-05T10:53:17.960230,0,0,2,108.0
2026-03-05T10:53:18.966289,0,0,2,109.0
2026-03-05T10:53:19.973176,0,0,3,108.0
2026-03-05T10:53:20.980148,0,0,2,109.0
2026-03-05T10:53:21.985140,0,0,2,108.0
2026-03-05T10:53:22.992147,0,0,2,108.0
2026-03-05T10:53:23.998245,0,0,2,107.0
2026-03-05T10:53:25.005064,0,0,2,108.0
2026-03-05T10:53:26.011008,0,0,6,105.0
2026-03-05T10:53:27.017012,0,0,2,107.0
2026-03-05T10:53:28.023892,0,0,3,101.0
2026-03-05T10:53:29.029955,0,0,2,104.0
2026-03-05T10:53:30.036952,0,0,1,107.0
2026-03-05T10:53:31.041958,0,0,2,109.0
2026-03-05T10:53:32.048931,0,0,2,110.0
2026-03-05T10:53:33.054756,0,0,3,109.0
2026-03-05T10:53:34.061890,0,0,3,117.0
2026-03-05T10:53:35.067859,0,0,3,112.0
2026-03-05T10:53:36.073803,0,0,2,112.0
2026-03-05T10:53:37.080779,0,0,3,113.0
2026-03-05T10:53:38.086797,0,0,2,111.0
2026-03-05T10:53:39.093746,0,0,2,111.0
2026-03-05T10:53:40.098715,0,0,3,114.0
2026-03-05T10:53:41.105675,0,0,2,112.0
2026-03-05T10:53:42.111654,0,0,2,111.0
2026-03-05T10:53:43.118649,0,0,2,111.0
2026-03-05T10:53:44.125641,0,0,2,112.0
2026-03-05T10:53:45.130653,0,0,2,111.0
2026-03-05T10:53:46.137572,0,0,4,111.0
2026-03-05T10:53:47.143534,0,0,3,112.0
2026-03-05T10:53:48.150512,0,0,2,111.0
2026-03-05T10:53:49.155479,0,0,2,112.0
2026-03-05T10:53:50.162514,0,0,3,114.0
2026-03-05T10:53:51.168433,0,0,3,108.0
2026-03-05T10:53:52.175473,0,0,3,113.0
2026-03-05T10:53:53.182483,0,0,3,107.0
2026-03-05T10:53:54.187379,0,0,2,106.0
2026-03-05T10:53:55.194425,0,0,2,108.0
2026-03-05T10:53:56.200328,0,0,3,110.0
2026-03-05T10:53:57.207305,0,0,3,106.0
2026-03-05T10:53:58.212270,0,0,2,112.0
2026-03-05T10:53:59.219290,0,0,2,113.0
2026-03-05T10:54:00.226320,0,0,2,103.0
2026-03-05T10:54:01.232210,0,0,2,111.0
2026-03-05T10:54:02.239178,0,0,3,113.0
2026-03-05T10:54:03.244154,0,0,3,110.0
2026-03-05T10:54:04.251032,0,0,2,110.0
2026-03-05T10:54:05.257081,0,0,2,112.0
2026-03-05T10:54:06.264173,0,0,1,111.0
2026-03-05T10:54:07.270143,0,0,3,112.0
2026-03-05T10:54:08.276079,0,0,3,110.0
2026-03-05T10:54:09.283084,0,0,2,110.0
2026-03-05T10:54:10.289034,0,0,2,108.0
2026-03-05T10:54:11.296043,0,0,2,109.0
2026-03-05T10:54:12.300988,0,0,3,111.0
2026-03-05T10:54:13.307988,0,0,2,109.0
2026-03-05T10:54:14.312890,0,0,3,110.0
2026-03-05T10:54:15.320994,0,0,3,110.0
2026-03-05T10:54:16.327876,0,0,2,109.0
2026-03-05T10:54:17.332840,0,0,2,111.0
2026-03-05T10:54:18.339811,0,0,2,109.0
2026-03-05T10:54:19.345785,0,0,2,112.0
2026-03-05T10:54:20.352810,0,0,2,110.0
2026-03-05T10:54:21.357729,0,0,2,107.0
2026-03-05T10:54:22.364701,0,0,2,108.0
2026-03-05T10:54:23.370712,0,0,2,110.0
2026-03-05T10:54:24.377641,0,0,2,108.0
2026-03-05T10:54:25.384626,0,0,2,108.0
2026-03-05T10:54:26.389666,0,0,3,109.0
2026-03-05T10:54:28.391507,0,0,3,109.0
2026-03-05T10:54:28.402686,0,0,2,110.0
2026-03-05T10:54:29.409589,0,0,2,108.0
2026-03-05T10:54:30.414607,0,0,2,107.0
2026-03-05T10:54:31.421573,0,0,2,108.0
2026-03-05T10:54:32.428554,0,0,3,107.0
2026-03-05T10:54:33.434601,0,0,2,107.0
2026-03-05T10:54:34.441482,0,0,2,110.0
2026-03-05T10:54:36.443302,0,0,2,107.0
2026-03-05T10:54:55.391421,0,0,2,105.0
2026-03-05T10:54:57.874889,0,0,2,106.0
2026-03-05T10:54:58.881851,0,0,2,105.0
2026-03-05T10:54:59.885822,0,0,2,103.0
2026-03-05T10:55:01.887686,0,0,2,102.0
2026-03-05T10:55:01.899845,0,0,2,105.0
2026-03-05T10:55:02.906793,0,0,2,101.0
2026-03-05T10:55:03.912739,0,0,2,105.0
2026-03-05T10:55:04.919778,0,0,2,102.0
2026-03-05T10:55:05.926618,0,0,2,104.0
2026-03-05T10:55:06.931706,0,0,2,104.0
2026-03-05T10:55:07.938694,0,0,2,101.0
2026-03-05T10:55:08.944686,0,0,3,102.0
2026-03-05T10:55:09.951645,0,0,3,103.0
2026-03-05T10:55:10.957614,0,0,3,100.0
2026-03-05T10:55:11.963586,0,0,2,102.0
2026-03-05T10:55:12.969580,0,0,3,104.0
2026-03-05T10:55:13.976527,0,0,2,102.0
2026-03-05T10:55:14.983518,0,0,2,101.0
2026-03-05T10:55:15.988460,0,0,3,102.0
2026-03-05T10:55:16.995446,0,0,2,100.0
2026-03-05T10:55:18.001466,0,0,2,102.0
2026-03-05T10:55:19.008415,0,0,2,102.0
2026-03-05T10:55:20.014453,0,0,3,102.0
2026-03-05T10:55:21.020346,0,0,3,104.0
2026-03-05T10:55:22.027442,0,0,3,101.0
2026-03-05T10:55:23.033317,0,0,3,103.0
2026-03-05T10:55:24.040285,0,0,2,108.0
2026-03-05T10:55:25.045315,0,0,4,110.0
2026-03-05T10:55:27.046539,0,0,3,112.0
2026-03-05T10:55:27.058302,0,0,2,110.0
2026-03-05T10:55:28.065176,0,0,3,114.0
2026-03-05T10:55:29.071190,0,0,2,112.0
2026-03-05T10:55:30.077125,0,0,3,113.0
2026-03-05T10:55:31.084131,0,0,3,115.0
2026-03-05T10:55:32.090211,0,0,2,117.0
2026-03-05T10:55:33.097064,0,0,3,113.0
2026-03-05T10:55:34.102155,0,0,2,118.0
2026-03-05T10:55:35.109060,0,0,2,116.0
2026-03-05T10:55:37.110495,0,0,3,114.0
2026-03-05T10:55:37.121898,0,0,2,114.0
2026-03-05T10:55:38.128917,0,0,3,114.0
2026-03-05T10:55:39.132884,0,0,4,114.0
2026-03-05T10:55:40.140877,0,0,3,116.0
2026-03-05T10:55:41.146860,0,0,2,116.0
2026-03-05T10:55:42.153789,0,0,2,115.0
2026-03-05T10:55:43.158880,0,0,2,114.0
2026-03-05T10:55:45.160660,0,0,3,111.0
2026-03-05T10:55:45.171704,0,0,2,113.0
2026-03-05T10:55:46.178720,0,0,3,112.0
2026-03-05T10:55:47.185715,0,0,2,115.0
2026-03-05T10:55:48.190696,0,0,2,113.0
2026-03-05T10:55:49.197651,0,0,3,113.0
2026-03-05T10:55:50.203578,0,0,2,113.0
2026-03-05T10:55:51.210694,0,0,2,112.0
2026-03-05T10:55:53.212465,0,0,3,112.0
2026-03-05T10:55:53.222535,0,0,2,113.0
2026-03-05T10:55:54.229526,0,0,3,112.0
2026-03-05T10:55:55.235499,0,0,3,112.0
2026-03-05T10:55:56.242518,0,0,3,113.0
2026-03-05T10:55:57.247462,0,0,2,110.0
2026-03-05T10:55:58.254445,0,0,3,112.0
2026-03-05T10:55:59.260490,0,0,2,113.0
2026-03-05T10:56:01.262301,0,0,2,111.0
2026-03-05T10:56:01.273262,0,0,3,111.0
2026-03-05T10:56:02.279308,0,0,3,112.0
2026-03-05T10:56:03.286393,0,0,2,113.0
2026-03-05T10:56:04.292205,0,0,3,114.0
2026-03-05T10:56:05.299257,0,0,2,111.0
2026-03-05T10:56:06.303238,0,0,3,115.0
2026-03-05T10:56:07.311268,0,0,3,113.0
2026-03-05T10:56:08.317172,0,0,2,109.0
2026-03-05T10:56:09.324174,0,0,3,112.0
2026-03-05T10:56:10.330228,0,0,2,109.0
2026-03-05T10:56:11.336135,0,0,3,110.0
2026-03-05T10:56:12.343134,0,0,3,112.0
2026-03-05T10:56:13.349070,0,0,2,109.0
2026-03-05T10:56:15.350807,0,0,3,110.0
2026-03-05T10:56:15.360996,0,0,2,109.0
2026-03-05T10:56:17.362732,0,0,3,108.0
2026-03-05T10:56:46.870897,0,0,2,105.0
2026-03-05T10:56:47.877220,0,0,2,105.0
2026-03-05T10:56:48.883203,0,0,2,102.0
2026-03-05T10:56:49.890315,0,0,3,102.0
2026-03-05T10:56:50.895179,0,0,3,104.0
2026-03-05T10:56:51.902252,0,0,2,103.0
2026-03-05T10:56:52.908186,0,0,2,100.0
2026-03-05T10:56:53.915155,0,0,2,101.0
2026-03-05T10:56:54.922250,0,0,3,101.0
2026-03-05T10:56:55.927129,0,0,2,102.0
2026-03-05T10:56:56.934182,0,0,2,105.0
2026-03-05T10:56:57.940064,0,0,2,103.0
2026-03-05T10:56:58.946982,0,0,2,102.0
2026-03-05T10:57:00.948780,0,0,2,101.0
2026-03-05T10:57:00.958887,0,0,3,101.0
2026-03-05T10:57:01.964899,0,0,3,101.0
2026-03-05T10:57:02.971863,0,0,2,103.0
2026-03-05T10:57:03.978889,0,0,3,100.0
2026-03-05T10:57:04.983847,0,0,2,102.0
2026-03-05T10:57:05.990800,0,0,3,100.0
2026-03-05T10:57:06.996751,0,0,3,100.0
2026-03-05T10:57:08.998511,0,0,2,103.0
2026-03-05T10:57:09.009659,0,0,2,101.0
2026-03-05T10:57:10.015703,0,0,2,102.0
2026-03-05T10:57:11.022715,0,0,2,104.0
2026-03-05T10:57:12.028670,0,0,2,103.0
2026-03-05T10:57:13.035643,0,0,2,106.0
2026-03-05T10:57:14.040651,0,0,2,106.0
2026-03-05T10:57:15.047649,0,0,2,113.0
2026-03-05T10:57:16.053607,0,0,3,111.0
2026-03-05T10:57:17.060597,0,0,3,114.0
2026-03-05T10:57:18.066605,0,0,3,113.0
2026-03-05T10:57:19.072539,0,0,3,115.0
2026-03-05T10:57:20.079534,0,0,2,114.0
2026-03-05T10:57:21.084562,0,0,3,117.0
2026-03-05T10:57:22.092433,0,0,3,114.0
2026-03-05T10:57:23.097402,0,0,2,112.0
2026-03-05T10:57:25.099175,0,0,3,114.0
2026-03-05T10:57:25.110346,0,0,3,112.0
2026-03-05T10:57:26.117326,0,0,2,114.0
2026-03-05T10:57:27.124321,0,0,2,115.0
2026-03-05T10:57:28.129295,0,0,2,113.0
2026-03-05T10:57:29.136281,0,0,3,114.0
2026-03-05T10:57:30.141225,0,0,2,113.0
2026-03-05T10:57:32.142992,0,0,2,111.0
2026-03-05T10:57:32.154350,0,0,3,111.0
2026-03-05T10:57:33.160219,0,0,2,115.0
2026-03-05T10:57:34.167185,0,0,2,110.0
2026-03-05T10:57:35.174273,0,0,2,112.0
2026-03-05T10:57:36.181106,0,0,2,114.0
2026-03-05T10:57:37.184091,0,0,2,113.0
2026-03-05T10:57:38.193066,0,0,2,114.0
2026-03-05T10:57:39.199026,0,0,2,111.0
2026-03-05T10:57:41.200786,0,0,1,114.0
2026-03-05T10:57:41.211908,0,0,2,113.0
2026-03-05T10:57:42.217943,0,0,2,111.0
2026-03-05T10:57:43.224911,0,0,2,113.0
2026-03-05T10:57:44.230891,0,0,3,114.0
2026-03-05T10:57:45.237874,0,0,3,111.0
2026-03-05T10:57:46.241794,0,0,2,112.0
2026-03-05T10:57:48.243626,0,0,2,111.0
2026-03-05T10:57:48.255778,0,0,2,113.0
2026-03-05T10:57:49.262816,0,0,2,113.0
2026-03-05T10:57:50.267747,0,0,2,109.0
2026-03-05T10:57:51.274743,0,0,3,114.0
2026-03-05T10:57:52.281685,0,0,2,113.0
2026-03-05T10:57:53.285690,0,0,2,113.0
2026-03-05T10:57:55.286510,0,0,2,113.0
2026-03-05T10:57:55.299592,0,0,2,114.0
2026-03-05T10:57:56.306633,0,0,2,112.0
2026-03-05T10:57:57.312606,0,0,2,113.0
2026-03-05T10:57:58.319581,0,0,2,112.0
2026-03-05T10:57:59.326561,0,0,3,111.0
2026-03-05T10:58:00.330503,0,0,3,109.0
2026-03-05T10:58:29.885337,0,0,2,105.0
2026-03-05T10:58:32.368743,0,0,2,105.0
2026-03-05T10:58:33.375756,0,0,2,105.0
2026-03-05T10:58:34.381585,0,0,3,107.0
2026-03-05T10:58:36.382519,0,0,3,104.0
2026-03-05T10:58:36.393638,0,0,2,105.0
2026-03-05T10:58:37.400619,0,0,2,105.0
2026-03-05T10:58:38.406613,0,0,2,104.0
2026-03-05T10:58:39.413593,0,0,2,107.0
2026-03-05T10:58:40.420568,0,0,2,103.0
2026-03-05T10:58:41.425517,0,0,2,104.0
2026-03-05T10:58:42.432510,0,0,3,104.0
2026-03-05T10:58:43.438573,0,0,2,102.0
2026-03-05T10:58:44.445460,0,0,2,103.0
2026-03-05T10:58:45.451423,0,0,2,105.0
2026-03-05T10:58:46.457395,0,0,3,101.0
2026-03-05T10:58:47.463370,0,0,2,102.0
2026-03-05T10:58:48.470446,0,0,2,101.0
2026-03-05T10:58:49.477330,0,0,2,101.0
2026-03-05T10:58:50.482430,0,0,2,101.0
2026-03-05T10:58:51.489291,0,0,2,100.0
2026-03-05T10:58:52.495267,0,0,2,104.0
2026-03-05T10:58:53.502363,0,0,2,102.0
2026-03-05T10:58:54.507197,0,0,2,100.0
2026-03-05T10:58:55.514263,0,0,2,102.0
2026-03-05T10:58:56.521176,0,0,3,102.0
2026-03-05T10:58:57.527167,0,0,2,103.0
2026-03-05T10:58:58.534212,0,0,0,104.0
2026-03-05T10:58:59.539093,0,0,3,105.0
2026-03-05T10:59:00.546205,0,0,2,108.0
2026-03-05T10:59:01.552078,0,0,2,111.0
2026-03-05T10:59:02.559028,0,0,3,113.0
2026-03-05T10:59:03.565035,0,0,2,112.0
2026-03-05T10:59:04.571007,0,0,1,111.0
2026-03-05T10:59:05.577955,0,0,3,112.0
2026-03-05T10:59:06.583921,0,0,2,112.0
2026-03-05T10:59:07.590892,0,0,2,111.0
2026-03-05T10:59:08.595873,0,0,2,111.0
2026-03-05T10:59:18.638271,0,0,2,114.0
2026-03-05T10:59:21.121640,0,0,2,115.0
2026-03-05T10:59:22.128586,0,0,3,113.0
2026-03-05T10:59:23.134628,0,0,2,112.0
2026-03-05T10:59:24.141523,0,0,3,114.0
2026-03-05T10:59:25.146530,0,0,2,111.0
2026-03-05T10:59:26.153474,0,0,2,111.0
2026-03-05T10:59:27.159458,0,0,2,114.0
2026-03-05T10:59:28.166603,0,0,3,111.0
2026-03-05T10:59:29.173438,0,0,2,110.0
2026-03-05T10:59:30.178495,0,0,2,111.0
2026-03-05T10:59:31.185415,0,0,2,114.0
2026-03-05T10:59:32.191396,0,0,2,108.0
2026-03-05T10:59:33.198395,0,0,2,110.0
2026-03-05T10:59:34.204325,0,0,3,113.0
2026-03-05T10:59:35.208188,0,0,2,111.0
2026-03-05T10:59:36.216355,0,0,3,108.0
2026-03-05T10:59:37.223340,0,0,2,112.0
2026-03-05T10:59:39.225192,0,0,2,109.0
2026-03-05T10:59:39.235166,0,0,4,110.0
2026-03-05T10:59:40.242273,0,0,3,110.0
2026-03-05T10:59:41.248179,0,0,3,112.0
2026-03-05T10:59:42.255114,0,0,2,108.0
2026-03-05T10:59:43.261103,0,0,3,111.0
2026-03-05T10:59:44.265053,0,0,3,109.0
2026-03-05T10:59:45.274152,0,0,3,108.0
2026-03-05T10:59:46.279978,0,0,3,109.0
2026-03-05T10:59:47.286960,0,0,2,111.0
2026-03-05T10:59:48.291925,0,0,2,112.0
2026-03-05T10:59:49.298892,0,0,3,116.0
2026-03-05T10:59:50.303868,0,0,3,115.0
2026-03-05T10:59:51.311817,0,0,2,117.0
2026-03-05T10:59:52.317933,0,0,2,117.0
2026-03-05T10:59:54.319870,0,0,3,116.0
2026-03-05T10:59:54.330740,0,0,2,119.0
2026-03-05T10:59:55.336729,0,0,2,116.0
2026-03-05T10:59:56.343738,0,0,3,118.0
2026-03-05T10:59:57.348706,0,0,3,115.0
2026-03-05T10:59:58.355698,0,0,2,116.0
2026-03-05T10:59:59.361692,0,0,3,118.0
2026-03-05T11:00:01.363651,0,0,2,114.0
2026-03-05T11:00:01.374620,0,0,2,116.0
2026-03-05T11:00:02.380603,0,0,3,116.0
2026-03-05T11:00:03.387572,0,0,2,116.0
2026-03-05T11:00:04.393545,0,0,2,115.0
2026-03-05T11:00:05.400530,0,0,2,116.0
2026-03-05T11:00:06.406702,0,0,2,116.0
2026-03-05T11:00:08.408617,0,0,3,117.0
2026-03-05T11:00:08.418507,0,0,3,111.0
2026-03-05T11:00:09.425426,0,0,3,115.0
2026-03-05T11:00:10.432400,0,0,2,116.0
2026-03-05T11:00:11.437389,0,0,2,114.0
2026-03-05T11:00:12.444324,0,0,2,116.0
2026-03-05T11:00:13.450328,0,0,3,113.0
2026-03-05T11:00:14.457390,0,0,3,112.0
2026-03-05T11:00:15.463264,0,0,3,117.0
2026-03-05T11:00:16.469228,0,0,2,111.0
2026-03-05T11:00:17.476216,0,0,3,110.0
2026-03-05T11:00:18.482292,0,0,2,115.0
2026-03-05T11:00:19.489177,0,0,3,112.0
2026-03-05T11:00:20.494310,0,0,2,115.0
2026-03-05T11:00:21.501148,0,0,2,113.0
2026-03-05T11:00:22.507115,0,0,3,113.0
2026-03-05T11:00:23.514173,0,0,2,113.0
2026-03-05T11:00:24.520032,0,0,2,116.0
2026-03-05T11:00:25.526116,0,0,3,112.0
2026-03-05T11:00:26.532989,0,0,2,113.0
2026-03-05T11:01:03.372858,0,0,2,108.0
2026-03-05T11:01:32.137154,0,0,2,102.0
2026-03-05T11:01:34.620418,0,0,2,104.0
2026-03-05T11:01:35.627394,0,0,2,104.0
2026-03-05T11:01:36.633370,0,0,2,100.0
2026-03-05T11:01:37.640378,0,0,3,101.0
2026-03-05T11:01:38.645342,0,0,2,102.0
2026-03-05T11:01:39.652341,0,0,2,102.0
2026-03-05T11:01:40.658431,0,0,2,102.0
2026-03-05T11:01:41.665241,0,0,2,103.0
2026-03-05T11:01:42.672265,0,0,2,102.0
2026-03-05T11:01:43.677204,0,0,3,99.0
2026-03-05T11:01:44.684221,0,0,2,104.0
2026-03-05T11:01:45.690303,0,0,2,101.0
2026-03-05T11:01:46.697201,0,0,2,101.0
2026-03-05T11:01:48.698481,0,0,2,103.0
2026-03-05T11:01:48.709000,0,0,3,100.0
2026-03-05T11:01:49.715010,0,0,2,103.0
2026-03-05T11:01:50.722091,0,0,2,99.0
2026-03-05T11:01:51.729001,0,0,2,101.0
2026-03-05T11:01:52.733956,0,0,3,101.0
2026-03-05T11:01:53.740961,0,0,2,101.0
2026-03-05T11:01:54.746934,0,0,3,102.0
2026-03-05T11:01:55.753933,0,0,2,99.0
2026-03-05T11:01:56.759915,0,0,2,101.0
2026-03-05T11:01:57.765870,0,0,2,100.0
2026-03-05T11:01:58.772830,0,0,2,101.0
2026-03-05T11:01:59.778837,0,0,2,99.0
2026-03-05T11:02:09.881126,0,0,2,109.0
2026-03-05T11:02:12.364505,0,0,2,112.0
2026-03-05T11:02:13.371486,0,0,2,109.0
2026-03-05T11:02:14.377490,0,0,2,108.0
2026-03-05T11:02:15.383472,0,0,2,109.0
2026-03-05T11:02:16.389419,0,0,2,108.0
2026-03-05T11:02:17.396398,0,0,2,108.0
2026-03-05T11:02:18.402496,0,0,3,110.0
2026-03-05T11:02:19.409371,0,0,2,109.0
2026-03-05T11:02:20.416195,0,0,2,110.0
2026-03-05T11:02:21.421324,0,0,2,107.0
2026-03-05T11:02:22.428297,0,0,2,108.0
2026-03-05T11:02:23.434353,0,0,2,108.0
2026-03-05T11:02:24.441242,0,0,3,105.0
2026-03-05T11:02:25.447268,0,0,3,110.0
2026-03-05T11:02:26.453228,0,0,3,109.0
2026-03-05T11:02:27.459181,0,0,3,109.0
2026-03-05T11:02:28.466220,0,0,2,108.0
2026-03-05T11:02:29.473088,0,0,2,111.0
2026-03-05T11:02:30.478167,0,0,2,106.0
2026-03-05T11:02:31.485043,0,0,2,109.0
2026-03-05T11:02:32.490781,0,0,2,109.0
2026-03-05T11:02:33.498129,0,0,3,107.0
2026-03-05T11:02:34.503973,0,0,2,108.0
2026-03-05T11:02:35.509944,0,0,3,108.0
2026-03-05T11:02:36.516920,0,0,2,109.0
2026-03-05T11:02:37.522918,0,0,2,111.0
2026-03-05T11:02:38.529882,0,0,3,112.0
2026-03-05T11:02:39.534872,0,0,2,112.0
2026-03-05T11:02:41.536842,0,0,2,115.0
2026-03-05T11:02:41.547733,0,0,2,113.0
2026-03-05T11:02:42.554726,0,0,3,116.0
2026-03-05T11:02:43.560716,0,0,2,118.0
2026-03-05T11:02:44.566701,0,0,2,117.0
2026-03-05T11:02:45.573677,0,0,2,115.0
2026-03-05T11:02:46.579604,0,0,3,115.0
2026-03-05T11:02:47.586724,0,0,2,116.0
2026-03-05T11:02:48.591617,0,0,2,116.0
2026-03-05T11:02:49.598585,0,0,2,117.0
2026-03-05T11:02:50.604572,0,0,2,114.0
2026-03-05T11:02:51.611552,0,0,3,118.0
2026-03-05T11:02:53.623416,0,0,2,115.0
2026-03-05T11:02:54.630497,0,0,2,115.0
2026-03-05T11:02:55.636444,0,0,3,115.0
2026-03-05T11:02:56.643423,0,0,2,114.0
2026-03-05T11:02:57.648382,0,0,3,114.0
2026-03-05T11:02:58.655363,0,0,4,114.0
2026-03-05T11:02:59.661316,0,0,3,114.0
2026-03-05T11:03:01.663105,0,0,3,117.0
2026-03-05T11:03:01.675250,0,0,3,113.0
2026-03-05T11:03:02.680290,0,0,2,116.0
2026-03-05T11:03:03.687266,0,0,2,113.0
2026-03-05T11:03:04.693212,0,0,2,112.0
2026-03-05T11:03:05.700171,0,0,2,111.0
2026-03-05T11:03:06.705156,0,0,3,113.0
2026-03-05T11:03:07.711247,0,0,2,115.0
2026-03-05T11:03:35.134145,0,0,2,108.0
2026-03-05T11:03:37.617413,0,0,2,110.0
2026-03-05T11:03:38.624404,0,0,2,110.0
2026-03-05T11:03:39.630479,0,0,2,107.0
2026-03-05T11:03:41.632256,0,0,3,109.0
2026-03-05T11:03:41.642392,0,0,2,109.0
2026-03-05T11:03:42.649304,0,0,2,106.0
2026-03-05T11:03:43.655274,0,0,2,109.0
2026-03-05T11:03:44.661276,0,0,2,109.0
2026-03-05T11:03:45.669224,0,0,2,108.0
2026-03-05T11:03:46.672198,0,0,2,108.0
2026-03-05T11:03:48.673981,0,0,2,107.0
2026-03-05T11:03:48.687125,0,0,3,107.0
2026-03-05T11:03:49.694287,0,0,2,109.0
2026-03-05T11:03:50.699128,0,0,2,107.0
2026-03-05T11:03:51.706215,0,0,2,107.0
2026-03-05T11:03:52.712094,0,0,3,108.0
2026-03-05T11:03:53.718969,0,0,2,109.0
2026-03-05T11:05:51.663766,0,0,2,102.0
2026-03-05T11:05:54.147277,0,0,3,102.0
2026-03-05T11:05:55.154262,0,0,2,98.0
2026-03-05T11:05:56.160045,0,0,3,100.0
2026-03-05T11:05:58.161876,0,0,2,97.0
2026-03-05T11:06:25.921876,0,0,2,92.0
2026-03-05T11:06:28.405348,0,0,1,95.0
2026-03-05T11:06:29.412349,0,0,3,96.0
2026-03-05T11:06:30.416337,0,0,2,96.0
2026-03-05T11:06:31.425284,0,0,3,93.0
2026-03-05T11:06:32.431266,0,0,2,94.0
2026-03-05T11:06:33.437205,0,0,2,95.0
2026-03-05T11:06:34.443200,0,0,2,93.0
2026-03-05T11:06:35.450249,0,0,2,93.0
2026-03-05T11:06:36.457157,0,0,2,94.0
2026-03-05T11:06:37.462196,0,0,3,93.0
2026-03-05T11:06:39.463939,0,0,1,93.0
2026-03-05T11:06:39.475103,0,0,2,91.0
2026-03-05T11:06:40.482190,0,0,2,97.0
2026-03-05T11:06:41.487057,0,0,2,96.0
2026-03-05T11:06:42.494129,0,0,2,92.0
2026-03-05T11:06:43.500011,0,0,2,92.0
2026-03-05T11:06:44.506962,0,0,2,92.0
2026-03-05T11:06:45.513944,0,0,0,95.0
2026-03-05T11:06:46.519014,0,0,3,93.0
2026-03-05T11:06:47.525883,0,0,3,93.0
2026-03-05T11:06:48.531862,0,0,3,93.0
2026-03-05T11:06:49.538844,0,0,3,94.0
2026-03-05T11:06:50.544816,0,0,3,92.0
2026-03-05T11:06:51.550787,0,0,2,88.0
2026-03-05T11:06:52.557774,0,0,2,90.0
2026-03-05T11:06:53.563724,0,0,2,95.0
2026-03-05T11:06:54.570685,0,0,2,100.0
2026-03-05T11:06:56.572426,0,0,3,101.0
2026-03-05T11:06:56.582606,0,0,2,101.0
2026-03-05T11:06:57.588720,0,0,3,97.0
2026-03-05T11:06:58.595619,0,0,3,103.0
2026-03-05T11:06:59.601591,0,0,2,104.0
2026-03-05T11:07:00.606494,0,0,3,111.0
2026-03-05T11:07:01.614518,0,0,2,110.0
2026-03-05T11:07:03.616230,0,0,2,109.0
2026-03-05T11:07:03.626394,0,0,2,109.0
2026-03-05T11:07:04.632527,0,0,3,108.0
2026-03-05T11:07:05.639471,0,0,2,109.0
2026-03-05T11:07:06.645471,0,0,2,109.0
2026-03-05T11:07:07.652391,0,0,2,109.0
2026-03-05T11:07:08.659352,0,0,2,110.0
2026-03-05T11:07:10.661075,0,0,2,108.0
2026-03-05T11:07:10.671295,0,0,2,110.0
2026-03-05T11:07:11.677314,0,0,2,109.0
2026-03-05T11:07:12.684301,0,0,2,110.0
2026-03-05T11:07:13.689259,0,0,2,108.0
2026-03-05T11:07:14.696263,0,0,2,109.0
2026-03-05T11:07:15.702304,0,0,2,107.0
2026-03-05T11:07:17.704087,0,0,2,107.0
2026-03-05T11:07:17.716233,0,0,2,111.0
2026-03-05T11:07:19.717971,0,0,2,108.0
2026-03-05T11:07:19.728100,0,0,2,110.0
2026-03-05T11:07:20.734266,0,0,2,110.0
2026-03-05T11:07:21.741121,0,0,2,110.0
2026-03-05T11:07:22.747103,0,0,2,110.0
2026-03-05T11:07:23.752063,0,0,3,110.0
2026-03-05T11:07:24.760070,0,0,2,108.0
2026-03-05T11:07:26.761916,0,0,2,110.0
2026-03-05T11:07:26.772970,0,0,2,112.0
2026-03-05T11:07:27.777979,0,0,2,107.0
2026-03-05T11:07:28.784962,0,0,2,110.0
2026-03-05T11:07:29.790947,0,0,2,108.0
2026-03-05T11:07:30.797926,0,0,2,109.0
2026-03-05T11:07:31.803848,0,0,3,111.0
2026-03-05T11:07:32.809956,0,0,2,107.0
2026-03-05T11:07:33.816963,0,0,2,111.0
2026-03-05T11:07:34.822936,0,0,3,107.0
2026-03-05T11:07:36.824685,0,0,2,108.0
2026-03-05T11:07:36.834726,0,0,2,108.0
2026-03-05T11:07:37.841753,0,0,3,107.0
2026-03-05T11:07:38.847737,0,0,3,109.0
2026-03-05T11:07:39.854735,0,0,2,107.0
2026-03-05T11:07:40.861712,0,0,2,110.0
2026-03-05T11:07:41.866579,0,0,3,108.0
2026-03-05T11:07:52.554147,0,0,2,103.0
2026-03-05T11:07:55.037427,0,0,2,105.0
2026-03-05T11:07:56.044401,0,0,3,101.0
2026-03-05T11:07:57.050440,0,0,2,103.0
2026-03-05T11:07:58.057443,0,0,2,102.0
2026-03-05T11:07:59.063318,0,0,2,102.0
2026-03-05T11:08:00.069306,0,0,3,102.0
2026-03-05T11:08:01.075301,0,0,2,103.0
2026-03-05T11:08:02.082372,0,0,2,101.0
2026-03-05T11:08:04.084141,0,0,3,102.0
2026-03-05T11:08:04.094290,0,0,3,101.0
2026-03-05T11:08:05.101187,0,0,3,100.0
2026-03-05T11:08:06.107188,0,0,3,102.0
2026-03-05T11:08:07.114216,0,0,2,102.0
2026-03-05T11:08:08.120133,0,0,2,101.0
2026-03-05T11:08:09.126266,0,0,3,102.0
2026-03-05T11:08:11.128204,0,0,3,101.0
2026-03-05T11:08:11.139112,0,0,3,101.0
2026-03-05T11:08:12.146181,0,0,2,101.0
2026-03-05T11:08:13.151104,0,0,2,101.0
2026-03-05T11:08:14.158143,0,0,2,101.0
2026-03-05T11:08:15.164049,0,0,2,100.0
2026-03-05T11:08:16.171038,0,0,3,101.0
2026-03-05T11:08:17.175959,0,0,3,100.0
2026-03-05T11:08:19.177703,0,0,3,99.0
2026-03-05T11:09:11.131290,0,0,3,110.0
2026-03-05T11:09:13.614744,0,0,3,113.0
2026-03-05T11:09:14.621705,0,0,2,107.0
2026-03-05T11:09:15.625622,0,0,2,110.0
2026-03-05T11:09:16.634768,0,0,2,108.0
2026-03-05T11:09:17.639653,0,0,3,108.0
2026-03-05T11:09:18.646604,0,0,2,107.0
2026-03-05T11:09:20.648387,0,0,2,110.0
2026-03-05T11:09:20.659543,0,0,2,107.0
2026-03-05T11:09:21.666566,0,0,2,108.0
2026-03-05T11:09:22.671561,0,0,2,106.0
2026-03-05T11:09:23.677494,0,0,3,108.0
2026-03-05T11:09:24.684474,0,0,2,110.0
2026-03-05T11:09:36.385869,0,0,2,108.0
2026-03-05T11:09:38.869200,0,0,2,108.0
2026-03-05T11:09:39.876183,0,0,2,106.0
2026-03-05T11:09:40.882343,0,0,2,104.0
2026-03-05T11:09:42.884164,0,0,3,105.0
2026-03-05T11:09:42.894154,0,0,3,106.0
2026-03-05T11:09:43.901103,0,0,3,103.0
2026-03-05T11:09:44.907090,0,0,3,106.0
2026-03-05T11:09:45.914148,0,0,3,106.0
2026-03-05T11:09:46.921038,0,0,2,107.0
2026-03-05T11:09:47.926145,0,0,3,104.0
2026-03-05T11:09:48.932969,0,0,2,102.0
2026-03-05T11:09:50.934876,0,0,3,103.0
2026-03-05T11:09:50.945955,0,0,3,104.0
2026-03-05T11:09:51.950930,0,0,4,102.0
2026-03-05T11:09:52.957920,0,0,2,103.0
2026-03-05T11:09:53.963884,0,0,2,103.0
2026-03-05T11:09:54.970874,0,0,2,103.0
2026-03-05T11:09:55.977839,0,0,2,103.0
2026-03-05T11:09:56.982838,0,0,3,101.0
2026-03-05T11:09:58.984698,0,0,3,104.0
2026-03-05T11:09:58.995816,0,0,2,102.0
2026-03-05T11:10:00.002776,0,0,2,101.0
2026-03-05T11:10:01.006745,0,0,2,103.0
2026-03-05T11:10:43.645316,0,0,2,107.0
2026-03-05T11:10:46.128710,0,0,2,107.0
2026-03-05T11:10:47.135675,0,0,3,104.0
2026-03-05T11:10:48.139669,0,0,2,105.0
2026-03-05T11:10:50.141451,0,0,2,105.0
2026-03-05T11:10:50.154656,0,0,2,107.0
2026-03-05T11:10:51.160657,0,0,3,106.0
2026-03-05T11:10:53.162478,0,0,3,103.0
2026-03-05T11:10:53.173514,0,0,3,105.0
2026-03-05T11:10:54.180578,0,0,2,105.0
2026-03-05T11:10:55.185522,0,0,3,105.0
2026-03-05T11:10:56.192492,0,0,4,104.0
2026-03-05T11:10:57.198492,0,0,3,103.0
2026-03-05T11:10:58.203377,0,0,3,105.0
2026-03-05T11:11:00.205129,0,0,2,102.0
2026-03-05T11:11:00.217358,0,0,2,103.0
2026-03-05T11:11:01.223385,0,0,2,103.0
2026-03-05T11:11:02.230439,0,0,3,104.0
2026-03-05T11:11:03.237335,0,0,2,102.0
2026-03-05T11:11:04.242395,0,0,2,103.0
2026-03-05T11:11:05.247225,0,0,4,103.0
2026-03-05T11:11:07.248996,0,0,2,103.0
2026-03-05T11:11:07.262311,0,0,2,107.0
2026-03-05T11:11:08.268217,0,0,3,103.0
2026-03-05T11:11:09.274308,0,0,2,102.0
2026-03-05T11:11:10.281181,0,0,2,105.0
2026-03-05T11:11:11.287154,0,0,3,108.0
2026-03-05T11:11:12.292087,0,0,3,112.0
2026-03-05T11:11:14.293846,0,0,5,111.0
2026-03-05T11:11:14.306119,0,0,2,112.0
2026-03-05T11:11:15.312093,0,0,3,113.0
2026-03-05T11:11:16.318161,0,0,2,112.0
2026-03-05T11:11:17.325147,0,0,3,114.0
2026-03-05T11:11:18.331050,0,0,2,113.0
2026-03-05T11:11:19.338143,0,0,2,114.0
2026-03-05T11:11:21.340021,0,0,2,111.0
2026-03-05T11:11:21.350867,0,0,2,114.0
2026-03-05T11:11:22.355947,0,0,4,111.0
2026-03-05T11:11:23.362918,0,0,2,112.0
2026-03-05T11:11:24.368905,0,0,2,116.0
2026-03-05T11:11:25.375892,0,0,2,114.0
2026-03-05T11:11:26.380806,0,0,2,111.0
2026-03-05T11:11:28.382546,0,0,3,113.0
2026-03-05T11:11:28.394774,0,0,3,112.0
2026-03-05T11:11:29.400788,0,0,3,112.0
2026-03-05T11:11:30.407727,0,0,2,115.0
2026-03-05T11:11:31.413742,0,0,2,112.0
2026-03-05T11:11:32.419742,0,0,2,112.0
2026-03-05T11:11:33.423749,0,0,2,113.0
2026-03-05T11:11:34.432730,0,0,3,113.0
2026-03-05T11:11:35.439702,0,0,2,112.0
2026-03-05T11:11:36.444665,0,0,2,115.0
2026-03-05T11:11:37.451663,0,0,2,114.0
2026-03-05T11:11:38.457633,0,0,3,112.0
2026-03-05T11:11:39.464609,0,0,3,112.0
2026-03-05T11:11:40.470610,0,0,3,113.0
2026-03-05T11:11:42.472445,0,0,2,110.0
2026-03-05T11:11:42.483525,0,0,3,111.0
2026-03-05T11:11:44.485374,0,0,3,111.0
2026-03-05T11:11:57.621751,0,0,2,110.0
2026-03-05T11:11:58.628175,0,0,2,111.0
2026-03-05T11:11:59.633190,0,0,2,110.0
2026-03-05T11:12:00.641150,0,0,2,109.0
2026-03-05T11:12:01.647166,0,0,2,109.0
2026-03-05T11:12:03.648904,0,0,2,109.0
2026-03-05T11:12:03.658940,0,0,2,109.0
2026-03-05T11:12:04.666072,0,0,2,108.0
2026-03-05T11:12:05.672990,0,0,2,109.0
2026-03-05T11:12:06.677972,0,0,2,107.0
2026-03-05T11:12:07.684952,0,0,2,109.0
2026-03-05T11:12:08.688986,0,0,3,108.0
2026-03-05T11:12:09.697922,0,0,3,108.0
2026-03-05T11:12:10.703889,0,0,2,106.0
2026-03-05T11:12:11.709833,0,0,3,109.0
2026-03-05T11:12:12.715848,0,0,3,109.0
2026-03-05T11:12:13.722808,0,0,3,106.0
2026-03-05T11:12:14.729801,0,0,2,108.0
2026-03-05T11:12:15.733788,0,0,2,106.0
2026-03-05T11:12:16.741769,0,0,2,105.0
2026-03-05T11:12:17.747709,0,0,2,107.0
2026-03-05T11:12:18.754726,0,0,3,101.0
2026-03-05T11:12:19.760666,0,0,2,104.0
2026-03-05T11:12:20.766660,0,0,1,108.0
2026-03-05T11:12:21.773625,0,0,3,106.0
2026-03-05T11:12:22.778682,0,0,2,112.0
2026-03-05T11:12:23.786602,0,0,3,110.0
2026-03-05T11:12:24.791583,0,0,2,115.0
2026-03-05T11:12:25.798596,0,0,2,116.0
2026-03-05T11:12:26.804537,0,0,3,115.0
2026-03-05T11:12:27.811512,0,0,3,117.0
2026-03-05T11:12:28.817463,0,0,2,112.0
2026-03-05T11:12:29.821501,0,0,3,118.0
2026-03-05T11:12:30.830494,0,0,2,116.0
2026-03-05T11:12:31.836477,0,0,3,118.0
2026-03-05T11:12:32.843422,0,0,3,115.0
2026-03-05T11:12:34.845222,0,0,3,116.0
2026-03-05T11:13:34.769275,0,0,3,108.0
2026-03-05T11:13:37.252958,0,0,2,109.0
2026-03-05T11:13:38.259947,0,0,2,108.0
2026-03-05T11:13:39.265924,0,0,2,108.0
2026-03-05T11:13:40.273012,0,0,2,107.0
2026-03-05T11:13:42.274573,0,0,2,107.0
2026-03-05T11:14:42.886987,0,0,2,100.0
2026-03-05T11:14:45.370531,0,0,3,101.0
2026-03-05T11:14:46.377444,0,0,3,98.0
2026-03-05T11:14:47.383430,0,0,1,100.0
2026-03-05T11:14:49.385260,0,0,3,93.0
2026-03-05T11:14:49.396326,0,0,2,100.0
2026-03-05T11:14:50.402397,0,0,4,101.0
2026-03-05T11:14:51.408259,0,0,3,100.0
2026-03-05T11:14:52.415270,0,0,2,96.0
2026-03-05T11:14:53.422313,0,0,3,99.0
2026-03-05T11:14:54.427215,0,0,3,97.0
2026-03-05T11:14:55.434265,0,0,2,98.0
2026-03-05T11:14:56.440187,0,0,4,97.0
2026-03-05T11:14:57.447132,0,0,2,96.0
2026-03-05T11:14:58.453105,0,0,2,97.0
2026-03-05T11:14:59.459084,0,0,3,97.0
2026-03-05T11:15:00.464050,0,0,3,95.0
2026-03-05T11:15:01.472061,0,0,0,96.0
2026-03-05T11:15:02.479054,0,0,2,97.0
2026-03-05T11:15:03.484017,0,0,2,96.0
2026-03-05T11:15:04.491007,0,0,2,97.0
2026-03-05T11:15:05.496978,0,0,2,98.0
2026-03-05T11:15:06.503924,0,0,2,94.0
2026-03-05T11:15:07.509928,0,0,2,96.0
2026-03-05T11:15:08.515921,0,0,3,95.0
2026-03-05T11:15:09.522892,0,0,3,98.0
2026-03-05T11:15:21.413042,0,0,2,110.0
2026-03-05T11:15:23.897570,0,0,4,112.0
2026-03-05T11:15:24.903545,0,0,2,112.0
2026-03-05T11:15:25.909541,0,0,2,112.0
2026-03-05T11:15:27.911401,0,0,3,111.0
2026-03-05T11:16:43.879173,0,0,2,103.0
2026-03-05T11:16:46.362687,0,0,2,101.0
2026-03-05T11:16:47.369630,0,0,2,102.0
2026-03-05T11:16:48.375584,0,0,2,101.0
2026-03-05T11:16:50.377435,0,0,3,100.0
2026-03-05T11:16:50.386736,0,0,2,104.0
2026-03-05T11:16:51.394610,0,0,2,100.0
2026-03-05T11:16:52.400544,0,0,3,102.0
2026-03-05T11:16:53.406531,0,0,2,102.0
2026-03-05T11:17:04.422239,0,0,2,101.0
2026-03-05T11:17:06.906391,0,0,2,102.0
2026-03-05T11:17:07.912235,0,0,2,100.0
2026-03-05T11:17:08.918269,0,0,3,100.0
2026-03-05T11:17:10.920050,0,0,3,97.0
2026-03-05T11:17:10.931120,0,0,2,99.0
2026-03-05T11:17:11.937065,0,0,3,99.0
2026-03-05T11:17:12.943067,0,0,3,97.0
2026-03-05T11:17:13.950137,0,0,2,101.0
2026-03-05T11:17:14.957038,0,0,2,100.0
2026-03-05T11:17:15.962093,0,0,2,100.0
2026-03-05T11:17:16.968977,0,0,2,96.0
2026-03-05T11:17:17.975006,0,0,2,100.0
2026-03-05T11:17:18.981911,0,0,3,97.0
2026-03-05T11:17:19.987875,0,0,3,98.0
2026-03-05T11:17:20.993862,0,0,3,98.0
2026-03-05T11:17:21.999834,0,0,3,98.0
2026-03-05T11:17:23.006803,0,0,2,96.0
2026-03-05T11:17:24.012716,0,0,3,96.0
2026-03-05T11:17:25.019850,0,0,2,98.0
2026-03-05T11:17:26.025769,0,0,2,97.0
2026-03-05T11:17:27.030722,0,0,3,100.0
2026-03-05T11:17:28.038717,0,0,3,95.0
2026-03-05T11:17:38.132165,0,0,3,105.0
2026-03-05T11:17:40.616461,0,0,2,105.0
2026-03-05T11:17:42.618315,0,0,2,104.0
2026-03-05T11:17:42.628342,0,0,2,105.0
2026-03-05T11:17:43.635433,0,0,3,104.0
2026-03-05T11:17:44.640403,0,0,3,105.0
2026-03-05T11:17:45.647384,0,0,2,105.0
2026-03-05T11:17:46.653443,0,0,2,103.0
2026-03-05T11:17:47.660337,0,0,3,103.0
2026-03-05T11:17:48.667393,0,0,2,104.0
2026-03-05T11:17:50.669309,0,0,2,103.0
2026-03-05T11:17:50.679240,0,0,2,104.0
2026-03-05T11:17:51.685238,0,0,3,104.0
2026-03-05T11:17:52.692210,0,0,2,104.0
2026-03-05T11:17:53.698254,0,0,2,105.0
2026-03-05T11:17:54.704191,0,0,2,103.0
2026-03-05T11:17:55.710236,0,0,2,106.0
2026-03-05T11:17:56.717136,0,0,3,104.0
2026-03-05T11:17:57.724039,0,0,3,104.0
2026-03-05T11:17:58.730156,0,0,3,103.0
2026-03-05T11:18:00.731986,0,0,2,104.0
2026-03-05T11:18:00.741989,0,0,2,105.0
2026-03-05T11:18:01.748017,0,0,1,104.0
2026-03-05T11:18:02.755021,0,0,2,104.0
2026-03-05T11:18:03.760929,0,0,3,104.0
2026-03-05T11:18:04.767935,0,0,3,107.0
2026-03-05T11:18:05.771958,0,0,3,108.0
2026-03-05T11:18:07.773799,0,0,3,109.0
2026-03-05T11:18:07.786727,0,0,2,111.0
2026-03-05T11:18:08.792816,0,0,3,113.0
2026-03-05T11:18:09.797768,0,0,3,114.0
2026-03-05T11:18:10.805760,0,0,2,113.0
2026-03-05T11:18:11.811734,0,0,2,116.0
2026-03-05T11:18:12.817695,0,0,2,117.0
2026-03-05T11:18:13.824724,0,0,2,115.0
2026-03-05T11:18:14.830663,0,0,2,119.0
2026-03-05T11:18:15.837732,0,0,2,116.0
2026-03-05T11:18:16.843589,0,0,3,116.0
2026-03-05T11:18:17.849567,0,0,3,115.0
2026-03-05T11:18:18.855553,0,0,2,115.0
2026-03-05T11:18:19.862624,0,0,3,117.0
2026-03-05T11:18:21.864394,0,0,4,118.0
2026-03-05T11:18:21.874479,0,0,2,114.0
2026-03-05T11:18:22.881481,0,0,3,119.0
2026-03-05T11:18:23.887479,0,0,2,113.0
2026-03-05T11:18:24.894493,0,0,2,118.0
2026-03-05T11:18:25.900427,0,0,3,116.0
2026-03-05T11:18:26.906453,0,0,3,116.0
2026-03-05T11:18:27.912375,0,0,2,113.0
2026-03-05T11:18:28.919382,0,0,2,116.0
2026-03-05T11:18:29.926443,0,0,2,115.0
2026-03-05T11:18:30.932298,0,0,3,117.0
2026-03-05T11:18:31.938355,0,0,2,115.0
2026-03-05T11:18:32.943242,0,0,2,114.0
2026-03-05T11:18:33.951245,0,0,3,117.0
2026-03-05T11:18:34.957179,0,0,2,115.0
2026-03-05T11:18:35.963216,0,0,2,115.0
2026-03-05T11:18:36.969128,0,0,2,116.0
2026-03-05T11:18:37.976115,0,0,3,113.0
2026-03-05T11:18:38.983101,0,0,2,113.0
2026-03-05T11:18:39.989113,0,0,2,114.0
2026-03-05T11:18:40.995086,0,0,2,110.0
2026-03-05T11:18:42.001029,0,0,2,113.0
2026-03-05T11:18:43.008109,0,0,3,115.0
2026-03-05T11:18:44.014159,0,0,2,111.0
2026-03-05T11:18:46.015959,0,0,2,115.0
2026-03-05T11:18:46.026877,0,0,2,111.0
2026-03-05T11:18:47.032933,0,0,3,114.0
2026-03-05T11:18:48.039911,0,0,2,111.0
2026-03-05T11:18:49.045826,0,0,2,113.0
2026-03-05T11:18:50.050835,0,0,2,112.0
2026-03-05T11:18:51.057847,0,0,3,111.0
2026-03-05T11:18:53.059778,0,0,3,113.0
2026-03-05T11:18:53.071775,0,0,2,111.0
2026-03-05T11:18:54.077758,0,0,3,112.0
2026-03-05T11:18:55.083741,0,0,2,111.0
2026-03-05T11:18:56.089687,0,0,2,113.0
2026-03-05T11:18:57.096713,0,0,4,112.0
2026-03-05T11:18:58.102681,0,0,2,112.0
2026-03-05T11:18:59.108657,0,0,3,111.0
2026-03-05T11:19:01.110454,0,0,3,110.0
2026-03-05T11:21:52.367172,0,0,3,92.0
2026-03-05T11:21:53.373680,0,0,2,93.0
2026-03-05T11:21:54.377601,0,0,2,90.0
2026-03-05T11:21:56.378516,0,0,2,84.0
2026-03-05T11:21:56.391626,0,0,2,85.0
2026-03-05T11:21:57.398583,0,0,2,98.0
2026-03-05T11:21:58.402722,0,0,2,90.0
2026-03-05T11:21:59.411561,0,0,2,88.0
2026-03-05T11:22:00.418541,0,0,3,99.0
2026-03-05T11:22:01.423487,0,0,1,93.0
2026-03-05T11:22:02.430551,0,0,2,89.0
2026-03-05T11:22:03.436465,0,0,3,89.0
2026-03-05T11:22:04.443434,0,0,3,91.0
2026-03-05T11:22:05.449430,0,0,3,88.0
2026-03-05T11:22:06.455376,0,0,2,89.0
2026-03-05T11:22:07.461332,0,0,2,89.0
2026-03-05T11:22:08.468315,0,0,3,86.0
2026-03-05T11:22:09.475331,0,0,2,90.0
2026-03-05T11:22:10.480282,0,0,2,91.0
2026-03-05T11:22:11.486746,0,0,2,87.0
2026-03-05T11:22:12.493211,0,0,2,89.0
2026-03-05T11:22:13.500197,0,0,3,87.0
2026-03-05T11:22:14.506283,0,0,3,90.0
2026-03-05T11:22:15.512196,0,0,6,89.0
2026-03-05T11:22:16.519127,0,0,3,90.0
2026-03-05T11:22:17.525118,0,0,3,86.0
2026-03-05T11:22:18.532081,0,0,2,92.0
2026-03-05T11:22:19.537057,0,0,2,92.0
2026-03-05T11:22:20.544037,0,0,3,94.0
2026-03-05T11:22:21.550115,0,0,3,95.0
2026-03-05T11:22:22.556985,0,0,2,96.0
2026-03-05T11:22:23.562965,0,0,2,99.0
2026-03-05T11:22:25.564825,0,0,3,102.0
2026-03-05T11:22:25.575915,0,0,3,102.0
2026-03-05T11:22:26.581930,0,0,2,104.0
2026-03-05T11:22:27.588892,0,0,3,103.0
2026-03-05T11:22:28.594892,0,0,3,102.0
2026-03-05T11:22:29.600856,0,0,2,106.0
2026-03-05T11:22:30.606832,0,0,2,103.0
2026-03-05T11:22:32.620765,0,0,2,103.0
2026-03-05T11:22:33.625765,0,0,2,105.0
2026-03-05T11:22:34.632739,0,0,2,105.0
2026-03-05T11:22:35.638693,0,0,3,102.0
2026-03-05T11:22:36.645675,0,0,3,103.0
2026-03-05T11:22:37.651670,0,0,3,107.0
2026-03-05T11:22:38.657616,0,0,2,102.0
2026-03-05T11:22:40.659495,0,0,3,103.0
2026-03-05T11:22:40.670641,0,0,2,105.0
2026-03-05T11:22:41.677527,0,0,2,103.0
2026-03-05T11:22:42.683542,0,0,2,104.0
2026-03-05T11:22:43.689515,0,0,3,104.0
2026-03-05T11:22:44.694534,0,0,3,103.0
2026-03-05T11:22:45.701437,0,0,2,104.0
2026-03-05T11:22:46.708501,0,0,2,104.0
2026-03-05T11:22:48.710417,0,0,2,105.0
2026-03-05T11:23:41.636589,0,0,3,101.0
2026-03-05T11:23:53.128490,0,0,2,100.0
2026-03-05T11:23:55.612859,0,0,0,101.0
2026-03-05T11:23:56.618851,0,0,2,100.0
2026-03-05T11:23:57.624745,0,0,3,99.0
2026-03-05T11:23:58.631731,0,0,2,98.0
2026-03-05T11:23:59.637708,0,0,2,98.0
2026-03-05T11:24:01.638508,0,0,3,98.0
2026-03-05T11:24:45.396154,0,0,3,94.0
2026-03-05T11:24:47.880663,0,0,2,93.0
2026-03-05T11:24:48.886640,0,0,2,92.0
2026-03-05T11:24:49.892631,0,0,2,92.0
2026-03-05T11:25:04.894999,0,0,2,92.0
2026-03-05T11:25:05.938629,0,0,2,92.0
2026-03-05T11:25:06.907245,0,0,2,90.0
2026-03-05T11:25:08.909018,0,0,3,93.0
2026-03-05T11:25:43.890854,0,0,2,88.0
2026-03-05T11:25:46.374310,0,0,2,92.0
2026-03-05T11:25:47.381223,0,0,2,88.0
2026-03-05T11:25:48.387225,0,0,3,88.0
2026-03-05T11:25:50.388986,0,0,2,88.0
2026-03-05T11:25:50.400088,0,0,2,87.0
2026-03-05T11:25:51.406240,0,0,2,85.0
2026-03-05T11:25:52.412121,0,0,2,90.0
2026-03-05T11:25:53.419108,0,0,2,86.0
2026-03-05T11:25:54.426182,0,0,2,89.0
2026-03-05T11:25:55.430745,0,0,2,89.0
2026-03-05T11:25:56.438128,0,0,2,86.0
2026-03-05T11:25:57.444013,0,0,3,87.0
2026-03-05T11:25:58.449947,0,0,2,87.0
2026-03-05T11:25:59.456994,0,0,2,87.0
2026-03-05T11:26:00.462963,0,0,2,88.0
2026-03-05T11:26:01.468938,0,0,3,86.0
2026-03-05T11:26:02.475886,0,0,3,87.0
2026-03-05T11:26:03.482888,0,0,2,87.0
2026-03-05T11:26:04.487872,0,0,2,86.0
2026-03-05T11:26:05.494864,0,0,0,86.0
2026-03-05T11:26:06.500815,0,0,3,88.0
2026-03-05T11:26:07.507804,0,0,3,84.0
2026-03-05T11:26:08.513769,0,0,3,89.0
2026-03-05T11:26:09.519759,0,0,2,86.0
2026-03-05T11:26:10.526737,0,0,3,88.0
2026-03-05T11:26:11.532777,0,0,2,87.0
2026-03-05T11:26:13.534510,0,0,2,94.0
2026-03-05T11:26:13.544538,0,0,2,92.0
2026-03-05T11:26:14.551566,0,0,2,92.0
2026-03-05T11:26:15.557567,0,0,3,95.0
2026-03-05T11:26:16.564531,0,0,2,97.0
2026-03-05T11:26:17.570569,0,0,3,99.0
2026-03-05T11:26:18.576514,0,0,2,102.0
2026-03-05T11:26:19.583514,0,0,2,102.0
2026-03-05T11:26:20.589500,0,0,3,106.0
2026-03-05T11:26:21.596322,0,0,2,105.0
2026-03-05T11:26:22.602486,0,0,2,105.0
2026-03-05T11:26:23.608366,0,0,3,101.0
2026-03-05T11:26:24.614441,0,0,2,105.0
2026-03-05T11:26:26.616222,0,0,3,103.0
2026-03-05T11:26:26.628342,0,0,2,104.0
2026-03-05T11:26:27.633289,0,0,2,105.0
2026-03-05T11:26:28.640259,0,0,2,104.0
2026-03-05T11:26:29.646334,0,0,3,105.0
2026-03-05T11:26:30.653220,0,0,2,106.0
2026-03-05T11:26:31.659195,0,0,2,103.0
2026-03-05T11:26:32.665174,0,0,1,106.0
2026-03-05T11:26:34.667021,0,0,4,105.0
2026-03-05T11:26:34.678160,0,0,2,104.0
2026-03-05T11:26:35.685079,0,0,5,104.0
2026-03-05T11:26:36.690154,0,0,3,103.0
2026-03-05T11:26:37.697044,0,0,2,106.0
2026-03-05T11:26:38.703026,0,0,3,106.0
2026-03-05T11:26:39.710060,0,0,2,105.0
2026-03-05T11:26:41.711828,0,0,2,106.0
2026-03-05T11:26:41.721951,0,0,3,106.0
2026-03-05T11:26:42.728960,0,0,2,103.0
2026-03-05T11:26:43.734959,0,0,3,106.0
2026-03-05T11:26:44.741918,0,0,3,105.0
2026-03-05T11:26:45.747906,0,0,2,105.0
2026-03-05T11:26:46.753886,0,0,2,104.0
2026-03-05T11:26:47.757852,0,0,3,104.0
2026-03-05T11:26:48.766865,0,0,2,105.0
2026-03-05T11:26:50.768626,0,0,2,107.0
2026-03-05T11:26:50.778681,0,0,3,105.0
2026-03-05T11:26:51.785735,0,0,3,104.0
2026-03-05T11:26:52.791686,0,0,3,106.0
2026-03-05T11:26:53.798689,0,0,2,106.0
2026-03-05T11:26:54.804644,0,0,2,101.0
2026-03-05T11:26:55.808604,0,0,3,104.0
2026-03-05T11:26:57.810461,0,0,3,102.0
2026-03-05T11:26:57.823519,0,0,2,100.0
2026-03-05T11:26:58.830555,0,0,3,102.0
2026-03-05T11:26:59.835541,0,0,3,103.0
2026-03-05T11:27:00.842532,0,0,3,103.0
2026-03-05T11:27:01.848484,0,0,3,102.0
2026-03-05T11:27:02.855415,0,0,2,104.0
2026-03-05T11:27:04.857176,0,0,3,102.0
2026-03-05T11:27:04.997340,0,0,3,102.0
2026-03-05T11:27:05.873367,0,0,2,104.0
2026-03-05T11:27:06.880344,0,0,3,103.0
2026-03-05T11:27:07.887368,0,0,2,101.0
2026-03-05T11:27:08.893333,0,0,3,105.0
2026-03-05T11:27:09.898409,0,0,2,102.0
2026-03-05T11:27:10.905336,0,0,2,103.0
2026-03-05T11:27:11.912272,0,0,2,101.0
2026-03-05T11:27:12.918350,0,0,2,103.0
2026-03-05T11:27:13.924247,0,0,3,103.0
2026-03-05T11:27:14.931223,0,0,2,101.0
2026-03-05T11:27:15.937195,0,0,3,105.0
2026-03-05T11:27:16.944183,0,0,7,101.0
2026-03-05T11:27:18.945969,0,0,3,103.0
2026-03-05T11:27:18.956026,0,0,3,103.0
2026-03-05T11:27:19.962117,0,0,2,102.0
2026-03-05T11:27:20.969045,0,0,3,101.0
2026-03-05T11:27:21.975003,0,0,2,101.0
2026-03-05T11:27:22.981983,0,0,2,101.0
2026-03-05T11:27:23.986960,0,0,1,101.0
2026-03-05T11:27:24.994098,0,0,2,104.0
2026-03-05T11:27:26.995919,0,0,3,101.0
2026-03-05T11:27:27.006838,0,0,3,104.0
2026-03-05T11:27:28.012853,0,0,2,104.0
2026-03-05T11:27:29.018840,0,0,2,101.0
2026-03-05T11:27:30.025796,0,0,3,103.0
2026-03-05T11:27:31.032766,0,0,2,103.0
2026-03-05T11:27:32.037813,0,0,2,102.0
2026-03-05T11:27:34.039605,0,0,3,101.0
2026-03-05T11:27:34.050710,0,0,2,101.0
2026-03-05T11:27:35.057678,0,0,2,103.0
2026-03-05T11:27:36.063703,0,0,2,102.0
2026-03-05T11:27:37.068645,0,0,2,104.0
2026-03-05T11:27:38.075639,0,0,3,100.0
2026-03-05T11:27:39.081581,0,0,3,101.0
2026-03-05T11:28:42.637674,0,0,3,95.0
2026-03-05T11:28:46.402919,0,0,2,98.0
2026-03-05T11:28:46.403542,0,0,3,96.0
2026-03-05T11:28:47.134165,0,0,2,96.0
2026-03-05T11:28:48.141058,0,0,2,96.0
2026-03-05T11:28:50.142894,0,0,2,95.0
2026-03-05T11:29:25.138978,0,0,2,93.0
2026-03-05T11:29:27.623157,0,0,3,92.0
2026-03-05T11:29:28.629121,0,0,2,92.0
2026-03-05T11:29:29.633035,0,0,2,90.0
2026-03-05T11:29:30.642198,0,0,3,93.0
2026-03-05T11:29:31.648056,0,0,2,90.0
2026-03-05T11:29:32.654078,0,0,2,90.0
2026-03-05T11:29:33.659978,0,0,3,92.0
2026-03-05T11:29:34.665933,0,0,3,91.0
2026-03-05T11:29:35.673909,0,0,2,91.0
2026-03-05T11:29:36.678899,0,0,3,90.0
2026-03-05T11:29:37.685862,0,0,3,92.0
2026-03-05T11:29:39.687800,0,0,2,91.0
2026-03-05T11:29:39.698733,0,0,3,91.0
2026-03-05T11:29:40.704748,0,0,2,91.0
2026-03-05T11:29:41.710748,0,0,2,93.0
2026-03-05T11:29:42.716714,0,0,2,90.0
2026-03-05T11:29:43.723699,0,0,2,88.0
2026-03-05T11:29:44.730720,0,0,3,88.0
2026-03-05T11:29:45.736716,0,0,3,90.0
2026-03-05T11:29:46.742657,0,0,2,84.0
2026-03-05T11:29:47.748643,0,0,3,90.0
2026-03-05T11:29:48.755611,0,0,2,90.0
2026-03-05T11:29:49.761593,0,0,2,90.0
2026-03-05T11:29:50.767589,0,0,2,87.0
2026-03-05T11:29:51.772551,0,0,3,91.0
2026-03-05T11:29:53.774417,0,0,2,89.0
2026-03-05T11:29:53.787381,0,0,3,94.0
2026-03-05T11:29:54.793440,0,0,2,95.0
2026-03-05T11:29:55.799431,0,0,2,94.0
2026-03-05T11:29:56.805417,0,0,2,98.0
2026-03-05T11:29:57.812432,0,0,2,96.0
2026-03-05T11:29:58.818508,0,0,2,99.0
2026-03-05T11:30:30.872312,0,0,2,112.0
2026-03-05T11:30:31.877562,0,0,3,113.0
2026-03-05T11:30:32.881522,0,0,2,110.0
2026-03-05T11:30:44.170240,0,0,3,113.0
2026-03-05T11:30:46.654425,0,0,2,114.0
2026-03-05T11:30:47.660251,0,0,2,111.0
2026-03-05T11:30:48.666305,0,0,3,114.0
2026-03-05T11:30:49.673253,0,0,3,106.0
2026-03-05T11:30:50.679236,0,0,2,111.0
2026-03-05T11:30:51.685179,0,0,3,111.0
2026-03-05T11:30:52.691164,0,0,2,109.0
2026-03-05T11:30:53.698169,0,0,2,111.0
2026-03-05T11:30:55.700012,0,0,3,109.0
2026-03-05T11:31:06.392457,0,0,2,108.0
2026-03-05T11:31:08.876753,0,0,3,103.0
2026-03-05T11:31:09.882723,0,0,3,107.0
2026-03-05T11:31:10.889051,0,0,2,104.0
2026-03-05T11:31:12.890846,0,0,2,107.0
2026-03-05T11:31:12.900598,0,0,3,106.0
2026-03-05T11:31:13.907606,0,0,2,106.0
2026-03-05T11:31:14.913526,0,0,2,105.0
2026-03-05T11:31:15.920531,0,0,2,105.0
2026-03-05T11:31:16.927527,0,0,2,102.0
2026-03-05T11:31:17.932486,0,0,3,103.0
2026-03-05T11:31:18.937423,0,0,2,104.0
2026-03-05T11:31:19.945496,0,0,3,103.0
2026-03-05T11:31:20.952407,0,0,2,105.0
2026-03-05T11:31:21.958406,0,0,4,102.0
2026-03-05T11:31:22.964346,0,0,3,101.0
2026-03-05T11:31:23.970411,0,0,2,111.0
2026-03-05T11:31:24.977326,0,0,3,106.0
2026-03-05T11:31:25.982407,0,0,3,102.0
2026-03-05T11:31:26.989271,0,0,2,104.0
2026-03-05T11:31:27.995263,0,0,2,103.0
2026-03-05T11:31:29.002306,0,0,2,102.0
2026-03-05T11:31:30.009173,0,0,3,101.0
2026-03-05T11:31:31.015197,0,0,2,103.0
2026-03-05T11:31:32.021152,0,0,2,101.0
2026-03-05T11:31:33.026283,0,0,3,102.0
2026-03-05T11:31:34.034231,0,0,2,103.0
2026-03-05T11:31:35.041119,0,0,2,105.0
2026-03-05T11:31:36.047065,0,0,2,107.0
2026-03-05T11:31:37.053023,0,0,2,115.0
2026-03-05T11:31:38.059022,0,0,3,108.0
2026-03-05T11:31:39.065972,0,0,2,111.0
2026-03-05T11:31:40.069979,0,0,2,113.0
2026-03-05T11:31:41.078995,0,0,3,115.0
2026-03-05T11:31:42.084945,0,0,3,112.0
2026-03-05T11:31:43.090919,0,0,3,116.0
2026-03-05T11:31:44.097844,0,0,2,113.0
2026-03-05T11:31:45.103851,0,0,3,112.0
2026-03-05T11:31:46.109855,0,0,2,115.0
2026-03-05T11:31:47.115827,0,0,2,114.0
2026-03-05T11:31:48.122857,0,0,3,114.0
2026-03-05T11:31:49.129805,0,0,2,113.0
2026-03-05T11:31:50.135767,0,0,2,115.0
2026-03-05T11:31:51.141777,0,0,2,115.0
2026-03-05T11:31:52.147744,0,0,3,113.0
2026-03-05T11:31:53.154724,0,0,3,115.0
2026-03-05T11:31:54.158719,0,0,2,114.0
2026-03-05T11:31:55.166701,0,0,2,111.0
2026-03-05T11:31:56.172619,0,0,2,114.0
2026-03-05T11:31:57.179617,0,0,3,115.0
2026-03-05T11:31:58.186611,0,0,3,115.0
2026-03-05T11:31:59.192576,0,0,3,111.0
2026-03-05T11:32:00.198612,0,0,2,115.0
2026-03-05T11:32:01.204553,0,0,2,115.0
2026-03-05T11:32:02.211531,0,0,2,112.0
2026-03-05T11:32:03.216468,0,0,3,116.0
2026-03-05T11:32:04.224458,0,0,3,114.0
2026-03-05T11:32:05.230346,0,0,2,112.0
2026-03-05T11:32:06.236431,0,0,3,117.0
2026-03-05T11:32:07.243390,0,0,3,112.0
2026-03-05T11:32:08.249360,0,0,2,114.0
2026-03-05T11:32:09.255364,0,0,3,112.0
2026-03-05T11:32:10.261313,0,0,3,114.0
2026-03-05T11:32:11.268294,0,0,2,113.0
2026-03-05T11:32:12.274381,0,0,3,113.0
2026-03-05T11:32:13.281225,0,0,2,117.0
2026-03-05T11:32:14.287232,0,0,2,116.0
2026-03-05T11:32:15.291228,0,0,3,113.0
2026-03-05T11:32:16.300206,0,0,2,113.0
2026-03-05T11:32:17.306251,0,0,2,111.0
2026-03-05T11:32:18.313160,0,0,3,113.0
2026-03-05T11:32:19.317005,0,0,3,111.0
2026-03-05T11:32:20.325098,0,0,2,112.0
2026-03-05T11:32:21.332083,0,0,2,116.0
2026-03-05T11:32:22.337038,0,0,3,112.0
2026-03-05T11:32:24.338865,0,0,3,115.0
2026-03-05T11:32:43.384927,0,0,2,112.0
2026-03-05T11:32:45.868504,0,0,2,114.0
2026-03-05T11:32:46.875466,0,0,2,112.0
2026-03-05T11:32:47.881448,0,0,3,111.0
2026-03-05T11:32:48.888431,0,0,3,112.0
2026-03-05T11:32:49.894446,0,0,2,111.0
2026-03-05T11:32:58.864358,0,0,2,114.0
2026-03-05T11:33:01.349064,0,0,2,112.0
2026-03-05T11:33:02.355050,0,0,2,107.0
2026-03-05T11:33:03.360989,0,0,3,111.0
2026-03-05T11:33:04.368063,0,0,2,111.0
2026-03-05T11:33:05.374239,0,0,2,110.0
2026-03-05T11:33:06.386347,0,0,2,109.0
2026-03-05T11:33:07.385959,0,0,3,110.0
2026-03-05T11:33:08.392961,0,0,2,110.0
2026-03-05T11:33:09.399904,0,0,2,110.0
2026-03-05T11:33:10.403879,0,0,2,109.0
2026-03-05T11:33:12.405683,0,0,2,111.0
2026-03-05T11:33:12.417910,0,0,2,110.0
2026-03-05T11:33:14.419852,0,0,2,109.0
2026-03-05T11:33:33.389844,0,0,2,109.0
2026-03-05T11:33:35.873291,0,0,2,108.0
2026-03-05T11:33:36.880297,0,0,2,107.0
2026-03-05T11:33:37.885382,0,0,2,108.0
2026-03-05T11:33:39.887307,0,0,3,106.0
2026-03-05T11:34:08.639278,0,0,2,103.0
2026-03-05T11:34:11.123482,0,0,3,105.0
2026-03-05T11:34:12.129486,0,0,3,102.0
2026-03-05T11:34:13.133465,0,0,3,104.0
2026-03-05T11:34:14.142540,0,0,2,103.0
2026-03-05T11:34:15.148409,0,0,2,101.0
2026-03-05T11:34:16.154397,0,0,2,106.0
2026-03-05T11:34:17.160310,0,0,3,102.0
2026-03-05T11:34:18.167310,0,0,2,103.0
2026-03-05T11:34:19.174341,0,0,3,103.0
2026-03-05T11:34:20.179205,0,0,2,101.0
2026-03-05T11:34:21.186289,0,0,3,100.0
2026-03-05T11:34:22.192171,0,0,2,102.0
2026-03-05T11:34:23.198337,0,0,3,100.0
2026-03-05T11:34:24.205178,0,0,2,103.0
2026-03-05T11:34:25.211112,0,0,3,101.0
2026-03-05T11:34:26.217071,0,0,2,103.0
2026-03-05T11:34:27.224052,0,0,3,101.0
2026-03-05T11:34:28.231035,0,0,2,101.0
2026-03-05T11:34:29.236028,0,0,2,101.0
2026-03-05T11:34:30.243004,0,0,3,101.0
2026-03-05T11:34:31.249004,0,0,3,101.0
2026-03-05T11:34:32.255945,0,0,2,101.0
2026-03-05T11:34:33.261885,0,0,2,100.0
2026-03-05T11:34:34.267927,0,0,2,102.0
2026-03-05T11:34:35.274872,0,0,2,104.0
2026-03-05T11:34:36.280854,0,0,3,102.0
2026-03-05T11:34:37.285857,0,0,2,104.0
2026-03-05T11:34:38.293831,0,0,3,105.0
2026-03-05T11:34:39.299767,0,0,2,108.0
2026-03-05T11:34:40.305752,0,0,3,110.0
2026-03-05T11:34:41.312725,0,0,3,113.0
2026-03-05T11:34:42.318709,0,0,2,113.0
2026-03-05T11:34:43.324675,0,0,2,113.0
2026-03-05T11:34:44.331595,0,0,2,114.0
2026-03-05T11:34:46.333344,0,0,2,116.0
2026-03-05T11:34:59.624091,0,0,2,118.0
2026-03-05T11:35:00.629313,0,0,2,114.0
2026-03-05T11:35:01.634320,0,0,3,117.0
2026-03-05T11:35:02.642367,0,0,3,114.0
2026-03-05T11:35:03.648250,0,0,3,115.0
2026-03-05T11:35:04.654324,0,0,2,116.0
2026-03-05T11:35:05.659086,0,0,2,117.0
2026-03-05T11:35:06.667169,0,0,2,116.0
2026-03-05T11:35:07.674226,0,0,2,114.0
2026-03-05T11:35:08.679110,0,0,2,115.0
2026-03-05T11:35:09.686180,0,0,3,116.0
2026-03-05T11:35:10.692078,0,0,2,116.0
2026-03-05T11:35:11.698111,0,0,2,117.0
2026-03-05T11:35:12.705029,0,0,2,115.0
2026-03-05T11:35:13.711011,0,0,3,115.0
2026-03-05T11:35:14.716979,0,0,3,114.0
2026-03-05T11:35:15.723945,0,0,2,113.0
2026-03-05T11:35:17.725749,0,0,2,114.0
2026-03-05T11:35:17.736883,0,0,3,116.0
2026-03-05T11:35:18.742863,0,0,3,113.0
2026-03-05T11:35:19.748804,0,0,2,114.0
2026-03-05T11:35:20.755806,0,0,3,114.0
2026-03-05T11:35:21.761783,0,0,3,118.0
2026-03-05T11:35:22.767739,0,0,4,115.0
2026-03-05T11:35:23.774802,0,0,2,115.0
2026-03-05T11:35:25.776617,0,0,2,116.0
2026-03-05T11:35:53.353618,0,0,2,121.0
2026-03-05T11:36:42.628589,0,0,2,118.0
2026-03-05T11:36:43.633895,0,0,3,117.0
2026-03-05T11:36:44.637852,0,0,2,115.0
2026-03-05T11:36:46.639695,0,0,2,119.0
2026-03-05T11:38:24.393113,0,0,2,104.0
2026-03-05T11:38:25.399447,0,0,3,105.0
2026-03-05T11:38:26.405464,0,0,2,100.0
2026-03-05T11:38:27.412447,0,0,3,100.0
2026-03-05T11:38:29.414274,0,0,3,105.0
2026-03-05T11:38:29.424385,0,0,2,104.0
2026-03-05T11:38:30.430463,0,0,3,104.0
2026-03-05T11:38:31.437324,0,0,2,104.0
2026-03-05T11:38:32.444302,0,0,2,102.0
2026-03-05T11:38:33.449265,0,0,1,103.0
2026-03-05T11:38:34.456246,0,0,3,106.0
2026-03-05T11:38:35.462275,0,0,2,102.0
2026-03-05T11:38:36.469220,0,0,3,102.0
2026-03-05T11:38:37.475177,0,0,2,103.0
2026-03-05T11:38:38.481160,0,0,2,101.0
2026-03-05T11:38:39.487124,0,0,3,101.0
2026-03-05T11:38:40.494221,0,0,2,100.0
2026-03-05T11:38:41.501080,0,0,0,104.0
2026-03-05T11:38:42.507059,0,0,3,103.0
2026-03-05T11:38:43.513084,0,0,3,100.0
2026-03-05T11:38:44.519029,0,0,3,100.0
2026-03-05T11:38:45.526075,0,0,2,104.0
2026-03-05T11:38:46.531958,0,0,2,101.0
2026-03-05T11:38:47.537939,0,0,0,101.0
2026-03-05T11:38:48.544903,0,0,2,104.0
2026-03-05T11:38:49.551013,0,0,2,104.0
2026-03-05T11:38:50.557933,0,0,3,106.0
2026-03-05T11:38:51.563749,0,0,3,106.0
2026-03-05T11:38:52.569828,0,0,3,106.0
2026-03-05T11:38:53.575781,0,0,2,111.0
2026-03-05T11:38:54.582881,0,0,3,108.0
2026-03-05T11:38:55.588755,0,0,2,114.0
2026-03-05T11:38:56.594629,0,0,2,114.0
2026-03-05T11:38:57.601787,0,0,2,113.0
2026-03-05T11:38:58.607740,0,0,9,114.0
2026-03-05T11:38:59.614692,0,0,3,114.0
2026-03-05T11:39:00.620653,0,0,2,113.0
2026-03-05T11:39:01.626651,0,0,3,115.0
2026-03-05T11:39:02.632622,0,0,2,112.0
2026-03-05T11:39:03.639589,0,0,2,115.0
2026-03-05T11:39:04.646642,0,0,1,113.0
2026-03-05T11:39:06.648432,0,0,2,115.0
2026-03-05T11:39:17.388826,0,0,2,115.0
2026-03-05T11:39:19.872228,0,0,2,114.0
2026-03-05T11:39:20.879231,0,0,3,116.0
2026-03-05T11:39:21.886254,0,0,0,113.0
2026-03-05T11:39:22.892266,0,0,2,112.0
2026-03-05T11:39:24.894247,0,0,3,114.0
2026-03-05T11:39:24.904174,0,0,2,114.0
2026-03-05T11:39:25.910250,0,0,3,113.0
2026-03-05T11:39:26.917164,0,0,2,111.0
2026-03-05T11:39:27.924053,0,0,2,113.0
2026-03-05T11:39:28.929104,0,0,2,112.0
2026-03-05T11:39:29.936047,0,0,2,115.0
2026-03-05T11:39:30.939994,0,0,2,113.0
2026-03-05T11:39:31.948978,0,0,3,112.0
2026-03-05T11:39:32.954973,0,0,3,115.0
2026-03-05T11:39:33.960937,0,0,3,112.0
2026-03-05T11:39:34.966921,0,0,2,113.0
2026-03-05T11:39:35.973888,0,0,2,114.0
2026-03-05T11:39:36.980775,0,0,3,112.0
2026-03-05T11:40:07.874863,0,0,3,115.0
2026-03-05T11:40:08.880120,0,0,2,118.0
2026-03-05T11:40:09.885123,0,0,3,114.0
2026-03-05T11:40:10.893055,0,0,2,116.0
2026-03-05T11:40:11.898996,0,0,3,116.0
2026-03-05T11:40:12.904980,0,0,2,114.0
2026-03-05T11:40:13.910961,0,0,2,116.0
2026-03-05T11:40:14.917952,0,0,2,113.0
2026-03-05T11:40:15.924920,0,0,1,116.0
2026-03-05T11:40:16.930852,0,0,3,114.0
2026-03-05T11:40:17.936851,0,0,3,113.0
2026-03-05T11:40:18.942801,0,0,3,114.0
2026-03-05T11:40:19.949776,0,0,2,116.0
2026-03-05T11:40:20.954746,0,0,3,111.0
2026-03-05T11:40:21.961726,0,0,2,119.0
2026-03-05T11:40:22.967688,0,0,2,113.0
2026-03-05T11:40:23.974648,0,0,2,111.0
2026-03-05T11:40:24.981765,0,0,3,114.0
2026-03-05T11:40:25.987644,0,0,3,113.0
2026-03-05T11:40:26.993676,0,0,2,112.0
2026-03-05T11:40:27.999593,0,0,2,114.0
2026-03-05T11:40:29.006599,0,0,2,111.0
2026-03-05T11:40:30.012552,0,0,3,114.0
2026-03-05T11:40:31.019553,0,0,2,112.0
2026-03-05T11:40:32.025508,0,0,3,114.0
2026-03-05T11:40:33.030502,0,0,2,115.0
2026-03-05T11:40:34.038579,0,0,2,116.0
2026-03-05T11:40:35.044437,0,0,3,115.0
2026-03-05T11:40:36.050474,0,0,2,120.0
2026-03-05T11:40:37.056402,0,0,3,120.0
2026-03-05T11:40:38.062657,0,0,2,122.0
2026-03-05T11:40:39.069360,0,0,2,129.0
2026-03-05T11:40:40.076331,0,0,2,124.0
2026-03-05T11:40:41.081286,0,0,2,112.0
2026-03-05T11:40:42.088253,0,0,2,143.0
2026-03-05T11:40:43.095257,0,0,3,119.0
2026-03-05T11:40:44.101221,0,0,3,117.0
2026-03-05T11:40:45.108203,0,0,3,124.0
2026-03-05T11:40:46.111116,0,0,3,123.0
2026-03-05T11:42:13.614686,0,0,2,109.0
2026-03-05T11:42:14.619728,0,0,1,110.0
2026-03-05T11:42:15.625773,0,0,3,110.0
2026-03-05T11:42:16.632744,0,0,3,109.0
2026-03-05T11:42:17.638712,0,0,2,110.0
2026-03-05T11:42:18.644691,0,0,3,107.0
2026-03-05T11:42:19.650749,0,0,3,109.0
2026-03-05T11:42:20.655594,0,0,2,109.0
2026-03-05T11:42:21.664548,0,0,3,108.0
2026-03-05T11:42:22.670600,0,0,3,107.0
2026-03-05T11:42:23.676515,0,0,3,108.0
2026-03-05T11:42:24.681492,0,0,2,110.0
2026-03-05T11:42:25.689454,0,0,2,107.0
2026-03-05T11:42:26.695443,0,0,2,109.0
2026-03-05T11:42:27.701348,0,0,3,109.0
2026-03-05T11:42:29.702509,0,0,3,107.0
2026-03-05T11:42:29.714425,0,0,3,107.0
2026-03-05T11:42:30.721361,0,0,1,107.0
2026-03-05T11:42:31.727290,0,0,2,107.0
2026-03-05T11:42:32.733247,0,0,2,108.0
2026-03-05T11:42:33.739227,0,0,3,108.0
2026-03-05T11:42:34.746304,0,0,2,108.0
2026-03-05T11:42:35.752075,0,0,2,107.0
2026-03-05T11:42:36.759140,0,0,2,109.0
2026-03-05T11:42:37.765076,0,0,2,110.0
2026-03-05T11:42:38.771047,0,0,3,112.0
2026-03-05T11:42:39.778110,0,0,2,112.0
2026-03-05T11:42:40.783988,0,0,2,112.0
2026-03-05T11:42:41.789960,0,0,3,114.0
2026-03-05T11:42:42.795992,0,0,4,114.0
2026-03-05T11:42:43.801895,0,0,2,117.0
2026-03-05T11:42:45.803855,0,0,3,117.0
2026-03-05T11:42:45.815799,0,0,1,115.0
2026-03-05T11:42:46.821795,0,0,2,117.0
2026-03-05T11:42:47.827755,0,0,2,114.0
2026-03-05T11:42:48.834748,0,0,2,113.0
2026-03-05T11:42:49.840710,0,0,2,116.0
2026-03-05T11:42:50.847673,0,0,2,116.0
2026-03-05T11:42:52.849415,0,0,3,113.0
2026-03-05T11:42:52.859708,0,0,3,115.0
2026-03-05T11:42:53.866639,0,0,3,115.0
2026-03-05T11:42:54.872597,0,0,2,114.0
2026-03-05T11:42:55.879581,0,0,2,113.0
2026-03-05T11:42:56.884561,0,0,3,117.0
2026-03-05T11:42:57.889615,0,0,2,112.0
2026-03-05T11:42:58.897491,0,0,3,113.0
2026-03-05T11:43:00.899282,0,0,2,112.0
2026-03-05T11:43:00.909392,0,0,3,113.0
2026-03-05T11:43:01.916428,0,0,0,114.0
2026-03-05T11:43:02.923376,0,0,2,111.0
2026-03-05T11:43:03.929316,0,0,2,113.0
2026-03-05T11:43:04.936311,0,0,3,112.0
2026-03-05T11:43:05.941290,0,0,2,110.0
2026-03-05T11:43:07.942492,0,0,3,112.0
2026-03-05T11:43:07.954306,0,0,2,110.0
2026-03-05T11:43:08.961214,0,0,2,113.0
2026-03-05T11:43:09.968186,0,0,2,110.0
2026-03-05T11:43:10.973136,0,0,2,110.0
2026-03-05T11:43:11.980088,0,0,3,113.0
2026-03-05T11:43:12.986165,0,0,2,111.0
2026-03-05T11:43:13.993061,0,0,3,111.0
2026-03-05T11:43:14.998112,0,0,3,113.0
2026-03-05T11:43:16.004991,0,0,2,111.0
2026-03-05T11:43:17.010949,0,0,2,110.0
2026-03-05T11:43:18.017920,0,0,2,111.0
2026-03-05T11:43:19.024886,0,0,2,109.0
2026-03-05T11:43:20.029858,0,0,2,110.0
2026-03-05T11:43:21.036855,0,0,2,109.0
2026-03-05T11:43:23.038622,0,0,3,108.0
2026-03-05T11:43:23.049804,0,0,2,108.0
2026-03-05T11:43:24.055792,0,0,3,108.0
2026-03-05T11:43:25.061754,0,0,2,110.0
2026-03-05T11:43:26.068722,0,0,2,109.0
2026-03-05T11:43:27.074678,0,0,2,107.0
2026-03-05T11:43:28.081628,0,0,1,109.0
2026-03-05T11:43:29.086639,0,0,2,108.0
2026-03-05T11:43:30.093584,0,0,2,109.0
2026-03-05T11:43:31.099554,0,0,3,108.0
2026-03-05T11:43:32.106521,0,0,2,107.0
2026-03-05T11:43:33.112494,0,0,2,106.0
2026-03-05T11:43:34.118525,0,0,2,106.0
2026-03-05T11:43:35.124419,0,0,2,106.0
2026-03-05T11:43:36.130533,0,0,3,117.0
2026-03-05T11:43:46.200561,0,0,3,106.0
2026-03-05T11:43:48.685157,0,0,2,105.0
2026-03-05T11:43:50.686983,0,0,2,104.0
2026-03-05T11:43:50.697040,0,0,3,108.0
2026-03-05T11:43:51.704039,0,0,2,104.0
2026-03-05T11:43:52.710090,0,0,2,108.0
2026-03-05T11:43:53.715987,0,0,2,105.0
2026-03-05T11:43:54.721936,0,0,0,105.0
2026-03-05T11:43:55.728924,0,0,2,109.0
2026-03-05T11:43:56.735953,0,0,2,103.0
2026-03-05T11:43:58.737812,0,0,2,106.0
2026-03-05T11:43:58.747819,0,0,2,106.0
2026-03-05T11:44:00.749658,0,0,3,104.0
2026-03-05T11:44:28.386625,0,0,2,102.0
2026-03-05T11:44:30.870869,0,0,2,102.0
2026-03-05T11:44:31.876858,0,0,2,103.0
2026-03-05T11:44:32.882821,0,0,3,99.0
2026-03-05T11:44:33.889826,0,0,2,101.0
2026-03-05T11:44:34.895828,0,0,3,100.0
2026-03-05T11:44:35.901774,0,0,3,101.0
2026-03-05T11:44:36.907725,0,0,2,100.0
2026-03-05T11:44:37.914759,0,0,2,98.0
2026-03-05T11:44:38.921701,0,0,3,102.0
2026-03-05T11:44:39.926730,0,0,3,99.0
2026-03-05T11:44:41.928572,0,0,3,98.0
2026-03-05T11:44:56.125704,0,0,2,99.0
2026-03-05T11:44:57.131212,0,0,3,98.0
2026-03-05T11:44:58.137245,0,0,3,97.0
2026-03-05T11:45:00.139146,0,0,2,97.0
2026-03-05T11:45:21.619020,0,0,3,102.0
2026-03-05T11:45:22.624437,0,0,2,94.0
2026-03-05T11:45:23.630445,0,0,3,95.0
2026-03-05T11:45:25.632221,0,0,3,94.0
2026-03-05T11:45:25.643310,0,0,2,95.0
2026-03-05T11:45:26.649417,0,0,2,94.0
2026-03-05T11:45:28.651184,0,0,3,94.0
2026-03-05T11:45:28.662343,0,0,2,96.0
2026-03-05T11:45:29.669234,0,0,3,94.0
2026-03-05T11:45:30.675198,0,0,2,92.0
2026-03-05T11:45:31.681185,0,0,2,94.0
2026-03-05T11:45:32.686628,0,0,2,94.0
2026-03-05T11:45:33.694218,0,0,2,92.0
2026-03-05T11:45:35.695923,0,0,2,95.0
2026-03-05T11:45:35.707049,0,0,3,93.0
2026-03-05T11:45:36.712015,0,0,3,91.0
2026-03-05T11:45:37.719020,0,0,2,94.0
2026-03-05T11:45:38.725970,0,0,3,92.0
2026-03-05T11:45:39.731967,0,0,3,93.0
2026-03-05T11:45:40.737944,0,0,2,92.0
2026-03-05T11:45:42.739794,0,0,2,92.0
2026-03-05T11:45:42.750814,0,0,3,93.0
2026-03-05T11:45:43.756829,0,0,2,90.0
2026-03-05T11:45:44.763922,0,0,2,92.0
2026-03-05T11:45:45.769864,0,0,2,92.0
2026-03-05T11:45:46.775826,0,0,3,96.0
2026-03-05T11:45:47.782803,0,0,2,100.0
2026-03-05T11:45:49.784574,0,0,2,96.0
2026-03-05T11:45:49.795688,0,0,2,101.0
2026-03-05T11:45:50.800709,0,0,3,101.0
2026-03-05T11:45:51.807667,0,0,2,101.0
2026-03-05T11:45:52.813570,0,0,3,101.0
2026-03-05T11:45:53.820595,0,0,2,103.0
2026-03-05T11:45:54.826570,0,0,2,104.0
2026-03-05T11:45:55.832653,0,0,2,102.0
2026-03-05T11:45:57.834449,0,0,2,103.0
2026-03-05T11:45:57.845406,0,0,2,100.0
2026-03-05T11:45:58.852475,0,0,2,102.0
2026-03-05T11:45:59.857442,0,0,2,100.0
2026-03-05T11:46:00.864407,0,0,2,100.0
2026-03-05T11:46:01.871374,0,0,2,99.0
2026-03-05T11:46:02.877401,0,0,2,101.0
2026-03-05T11:46:03.884404,0,0,3,98.0
2026-03-05T11:46:04.889346,0,0,2,100.0
2026-03-05T11:46:05.896294,0,0,3,101.0
2026-03-05T11:46:06.902365,0,0,2,100.0
2026-03-05T11:46:07.909277,0,0,3,97.0
2026-03-05T11:46:08.914308,0,0,2,96.0
2026-03-05T11:46:09.921212,0,0,3,97.0
2026-03-05T11:46:10.928134,0,0,3,97.0
2026-03-05T11:46:11.934270,0,0,3,97.0
2026-03-05T11:46:13.936019,0,0,2,98.0
2026-03-05T11:46:13.945954,0,0,2,96.0
2026-03-05T11:46:14.953035,0,0,3,96.0
2026-03-05T11:46:15.959016,0,0,3,97.0
2026-03-05T11:46:16.965978,0,0,2,94.0
2026-03-05T11:46:17.972897,0,0,2,96.0
2026-03-05T11:46:18.977884,0,0,3,96.0
2026-03-05T11:46:20.979730,0,0,2,94.0
2026-03-05T11:46:20.990815,0,0,2,94.0
2026-03-05T11:46:21.997806,0,0,2,94.0
2026-03-05T11:46:23.002752,0,0,3,95.0
2026-03-05T11:46:24.009757,0,0,3,95.0
2026-03-05T11:46:34.627195,0,0,2,92.0
2026-03-05T11:46:37.111493,0,0,3,91.0
2026-03-05T11:46:38.117412,0,0,3,94.0
2026-03-05T11:46:39.123388,0,0,2,90.0
2026-03-05T11:46:40.130455,0,0,2,93.0
2026-03-05T11:46:41.135331,0,0,3,91.0
2026-03-05T11:46:42.142439,0,0,2,92.0
2026-03-05T11:46:43.148281,0,0,3,91.0
2026-03-05T11:46:44.155250,0,0,2,91.0
2026-03-05T11:46:45.162401,0,0,2,91.0
2026-03-05T11:46:46.167199,0,0,3,91.0
2026-03-05T11:46:47.174273,0,0,3,91.0
2026-03-05T11:46:48.180135,0,0,2,95.0
2026-03-05T11:46:49.187116,0,0,4,90.0
2026-03-05T11:46:50.193086,0,0,2,89.0
2026-03-05T11:46:51.199078,0,0,2,87.0
2026-03-05T11:46:52.205089,0,0,2,87.0
2026-03-05T11:46:53.212007,0,0,2,89.0
2026-03-05T11:46:54.219025,0,0,2,93.0
2026-03-05T11:46:55.224994,0,0,2,90.0
2026-03-05T11:46:56.230979,0,0,2,88.0
2026-03-05T11:46:57.236944,0,0,2,91.0
2026-03-05T11:46:58.242639,0,0,3,88.0
2026-03-05T11:46:59.249825,0,0,3,90.0
2026-03-05T11:47:00.255772,0,0,3,90.0
2026-03-05T11:47:01.262764,0,0,3,86.0
2026-03-05T11:47:02.268741,0,0,2,95.0
2026-03-05T11:47:03.275657,0,0,3,95.0
2026-03-05T11:47:04.281649,0,0,2,100.0
2026-03-05T11:47:05.285682,0,0,3,97.0
2026-03-05T11:47:06.293614,0,0,2,99.0
2026-03-05T11:47:07.300613,0,0,2,105.0
2026-03-05T11:47:08.306587,0,0,2,105.0
2026-03-05T11:47:09.313554,0,0,2,105.0
2026-03-05T11:47:10.319506,0,0,3,106.0
2026-03-05T11:47:11.325503,0,0,3,105.0
2026-03-05T11:47:12.332476,0,0,3,103.0
2026-03-05T11:47:13.338529,0,0,2,103.0
2026-03-05T11:47:14.344402,0,0,2,105.0
2026-03-05T11:47:15.350431,0,0,2,103.0
2026-03-05T11:47:16.357354,0,0,2,102.0
2026-03-05T11:47:17.364335,0,0,3,101.0
2026-03-05T11:47:18.370359,0,0,2,102.0
2026-03-05T11:47:19.376331,0,0,2,103.0
2026-03-05T11:47:21.378175,0,0,2,101.0
2026-03-05T11:47:21.389174,0,0,3,103.0
2026-03-05T11:47:22.395227,0,0,3,102.0
2026-03-05T11:47:23.402261,0,0,2,101.0
2026-03-05T11:47:24.407197,0,0,2,100.0
2026-03-05T11:47:25.414248,0,0,2,101.0
2026-03-05T11:47:26.421145,0,0,3,99.0
2026-03-05T11:47:27.425076,0,0,2,100.0
2026-03-05T11:47:28.433015,0,0,2,97.0
2026-03-05T11:47:29.438976,0,0,3,94.0
2026-03-05T11:47:30.445947,0,0,3,93.0
2026-03-05T11:47:31.451914,0,0,2,97.0
2026-03-05T11:47:32.458901,0,0,2,99.0
2026-03-05T11:47:33.464863,0,0,3,96.0
2026-03-05T11:47:34.470832,0,0,2,98.0
2026-03-05T11:47:35.477880,0,0,2,97.0
2026-03-05T11:47:36.483776,0,0,2,95.0
2026-03-05T11:47:37.490757,0,0,3,96.0
2026-03-05T11:47:38.495739,0,0,2,94.0
2026-03-05T11:47:39.502723,0,0,3,95.0
2026-03-05T11:47:40.508689,0,0,2,97.0
2026-03-05T11:47:41.514687,0,0,2,94.0
2026-03-05T11:47:42.521672,0,0,3,94.0
2026-03-05T11:47:43.527580,0,0,3,95.0
2026-03-05T11:47:44.534571,0,0,2,94.0
2026-03-05T11:47:45.540541,0,0,3,91.0
2026-03-05T11:47:46.547520,0,0,2,92.0
2026-03-05T11:47:47.552482,0,0,2,93.0
2026-03-05T11:47:48.557509,0,0,2,93.0
2026-03-05T11:47:49.566531,0,0,2,91.0
2026-03-05T11:47:50.572417,0,0,2,92.0
2026-03-05T11:47:51.579387,0,0,3,93.0
2026-03-05T11:47:52.584359,0,0,2,91.0
2026-03-05T11:47:53.591350,0,0,2,92.0
2026-03-05T11:47:54.597320,0,0,2,90.0
2026-03-05T11:47:55.604335,0,0,2,93.0
2026-03-05T11:47:57.606165,0,0,3,91.0
2026-03-05T11:47:57.616259,0,0,2,93.0
2026-03-05T11:47:59.618087,0,0,2,90.0
2026-03-05T11:48:11.217641,0,0,2,88.0
2026-03-05T11:48:12.223877,0,0,2,88.0
2026-03-05T11:48:13.229832,0,0,2,88.0
2026-03-05T11:48:14.235803,0,0,2,90.0
2026-03-05T11:48:15.241797,0,0,2,89.0
2026-03-05T11:48:16.248764,0,0,2,89.0
2026-03-05T11:48:17.255691,0,0,2,87.0
2026-03-05T11:48:19.257450,0,0,2,88.0
2026-03-05T11:48:56.626597,0,0,2,94.0
2026-03-05T11:48:57.631706,0,0,2,87.0
2026-03-05T11:48:58.637692,0,0,2,88.0
2026-03-05T11:49:00.639670,0,0,2,88.0
2026-03-05T11:49:00.650640,0,0,2,86.0
2026-03-05T11:49:01.656590,0,0,3,87.0
2026-03-05T11:49:02.662589,0,0,2,87.0
2026-03-05T11:49:03.669520,0,0,2,86.0
2026-03-05T11:49:04.676520,0,0,2,84.0
2026-03-05T11:49:05.682583,0,0,2,90.0
2026-03-05T11:49:06.688429,0,0,3,86.0
2026-03-05T11:49:07.694554,0,0,2,74.0
2026-03-05T11:49:08.701410,0,0,3,88.0
2026-03-05T11:49:09.707365,0,0,2,85.0
2026-03-05T11:49:10.713353,0,0,2,85.0
2026-03-05T11:49:11.718389,0,0,2,87.0
2026-03-05T11:49:12.726443,0,0,3,85.0
2026-03-05T11:49:13.733292,0,0,2,86.0
2026-03-05T11:49:14.739313,0,0,3,82.0
2026-03-05T11:49:15.745218,0,0,2,85.0
2026-03-05T11:49:16.751231,0,0,3,86.0
2026-03-05T11:49:17.758315,0,0,2,84.0
2026-03-05T11:49:19.760053,0,0,3,83.0
2026-03-05T11:49:19.771033,0,0,2,83.0
2026-03-05T11:49:20.777045,0,0,2,87.0
2026-03-05T11:49:21.783022,0,0,2,87.0
2026-03-05T11:49:22.790114,0,0,3,87.0
2026-03-05T11:49:23.795967,0,0,2,89.0
2026-03-05T11:49:24.801894,0,0,2,89.0
2026-03-05T11:49:25.806977,0,0,3,93.0
2026-03-05T11:49:26.814951,0,0,3,95.0
2026-03-05T11:49:27.820945,0,0,3,102.0
2026-03-05T11:49:29.822702,0,0,4,104.0
2026-03-05T11:49:29.832762,0,0,2,102.0
2026-03-05T11:49:30.839776,0,0,3,101.0
2026-03-05T11:49:31.846740,0,0,0,100.0
2026-03-05T11:49:32.851749,0,0,3,101.0
2026-03-05T11:49:33.859678,0,0,2,101.0
2026-03-05T11:49:34.864669,0,0,3,99.0
2026-03-05T11:49:35.871696,0,0,2,98.0
2026-03-05T11:49:36.878616,0,0,3,101.0
2026-03-05T11:49:37.884563,0,0,2,98.0
2026-03-05T11:49:38.890568,0,0,3,99.0
2026-03-05T11:49:39.896518,0,0,2,99.0
2026-03-05T11:49:40.903497,0,0,2,100.0
2026-03-05T11:49:41.909622,0,0,2,100.0
2026-03-05T11:49:42.916461,0,0,2,97.0
2026-03-05T11:49:43.921418,0,0,2,100.0
2026-03-05T11:49:44.928376,0,0,2,100.0
2026-03-05T11:49:45.935357,0,0,2,100.0
2026-03-05T11:49:46.941344,0,0,2,98.0
2026-03-05T11:50:14.394454,0,0,2,95.0
2026-03-05T11:50:45.884367,0,0,2,95.0
2026-03-05T11:50:55.645180,0,0,3,93.0
2026-03-05T11:52:31.028909,0,0,3,108.0
