timestamp,edb_drain_state,edb_effluent_state,tank_level,flow_rate
2026-03-10T00:00:02.749109,0,0,655.2995980000001,0
2026-03-10T00:00:05.231292,0,0,655.2995980000001,0
2026-03-10T00:00:06.238400,0,0,655.2995980000001,0
2026-03-10T00:00:07.244280,0,0,655.2995980000001,0
2026-03-10T00:00:08.251268,0,0,655.2995980000001,0
2026-03-10T00:00:09.257176,0,0,655.2995980000001,0
2026-03-10T00:00:10.265134,0,0,655.2995980000001,0
2026-03-10T00:00:11.271120,0,0,655.2995980000001,0
2026-03-10T00:00:12.278121,0,0,655.2995980000001,0
2026-03-10T00:00:13.285094,0,0,655.2995980000001,0
2026-03-10T00:00:14.289092,0,0,655.2995980000001,0
2026-03-10T00:00:15.298116,0,0,655.2995980000001,0
2026-03-10T00:00:16.304053,0,0,655.2995980000001,0
2026-03-10T00:00:17.311004,0,0,655.2995980000001,0
2026-03-10T00:00:18.318105,0,0,655.2995980000001,0
2026-03-10T00:00:19.324977,0,0,655.2995980000001,0
2026-03-10T00:00:20.330967,0,0,655.2995980000001,0
2026-03-10T00:00:21.337965,0,0,655.2995980000001,0
2026-03-10T00:00:22.344938,0,0,655.2995980000001,0
2026-03-10T00:00:23.350897,0,0,655.2995980000001,0
2026-03-10T00:00:24.357924,0,0,655.2995980000001,0
2026-03-10T00:00:25.363885,0,0,655.2995980000001,0
2026-03-10T00:00:26.371831,0,0,655.2995980000001,0
2026-03-10T00:00:27.376809,0,0,655.2995980000001,0
2026-03-10T00:01:37.255295,0,0,655.2995980000001,0
2026-03-10T00:01:39.737486,0,0,655.2995980000001,0
2026-03-10T00:01:40.744490,0,0,655.2995980000001,0
2026-03-10T00:01:41.748426,0,0,655.2995980000001,0
2026-03-10T00:01:42.757357,0,0,655.2995980000001,0
2026-03-10T00:01:43.762896,0,0,655.2995980000001,0
2026-03-10T00:01:44.771310,0,0,655.2995980000001,0
2026-03-10T00:01:45.777199,0,0,655.2995980000001,0
2026-03-10T00:01:46.784270,0,0,655.2995980000001,0
2026-03-10T00:01:47.791273,0,0,655.2995980000001,0
2026-03-10T00:01:48.795224,0,0,655.2995980000001,0
2026-03-10T00:01:49.804242,0,0,655.2995980000001,0
2026-03-10T00:01:50.810210,0,0,655.2995980000001,0
2026-03-10T00:01:51.817174,0,0,654.4175720000001,0
2026-03-10T00:01:52.824157,0,0,655.2995980000001,0
2026-03-10T00:01:53.831157,0,0,655.2995980000001,0
2026-03-10T00:01:54.837125,0,0,655.2995980000001,0
2026-03-10T00:01:55.844111,0,0,655.2995980000001,0
2026-03-10T00:01:57.845963,0,0,655.2995980000001,0
2026-03-10T00:01:57.857049,0,0,655.2995980000001,0
2026-03-10T00:01:58.864059,0,0,655.2995980000001,0
2026-03-10T00:01:59.870029,0,0,655.2995980000001,0
2026-03-10T00:02:00.876004,0,0,655.2995980000001,0
2026-03-10T00:02:01.883977,0,0,655.2995980000001,0
2026-03-10T00:02:02.890967,0,0,655.2995980000001,0
2026-03-10T00:02:03.896030,0,0,655.2995980000001,0
2026-03-10T00:02:05.897835,0,0,655.2995980000001,0
2026-03-10T00:03:00.234465,0,0,655.2995980000001,0
2026-03-10T00:03:01.240866,0,0,655.2995980000001,0
2026-03-10T00:03:02.246924,0,0,655.2995980000001,0
2026-03-10T00:03:03.253819,0,0,655.2995980000001,0
2026-03-10T00:03:04.259713,0,0,655.2995980000001,0
2026-03-10T00:03:05.266755,0,0,655.2995980000001,0
2026-03-10T00:03:06.273703,0,0,655.2995980000001,0
2026-03-10T00:03:07.280673,0,0,655.2995980000001,0
2026-03-10T00:03:08.287723,0,0,655.2995980000001,0
2026-03-10T00:03:09.292668,0,0,655.2995980000001,0
2026-03-10T00:03:10.300672,0,0,655.2995980000001,0
2026-03-10T00:03:11.306692,0,0,656.181624,0
2026-03-10T00:03:12.313605,0,0,655.2995980000001,0
2026-03-10T00:03:13.320571,0,0,655.2995980000001,0
2026-03-10T00:03:14.327577,0,0,655.2995980000001,0
2026-03-10T00:03:15.332598,0,0,656.181624,0
2026-03-10T00:03:17.334529,0,0,655.2995980000001,0
2026-03-10T00:03:36.254900,0,0,655.2995980000001,0
2026-03-10T00:03:38.737065,0,0,655.2995980000001,0
2026-03-10T00:03:39.744001,0,0,656.181624,0
2026-03-10T00:03:40.750037,0,0,655.2995980000001,0
2026-03-10T00:03:42.752063,0,0,655.2995980000001,0
2026-03-10T00:03:55.980287,0,0,655.2995980000001,0
2026-03-10T00:03:56.986765,0,0,655.2995980000001,0
2026-03-10T00:03:57.992664,0,0,655.2995980000001,0
2026-03-10T00:03:58.999655,0,0,655.2995980000001,0
2026-03-10T00:04:00.005605,0,0,655.2995980000001,0
2026-03-10T00:04:01.013578,0,0,655.2995980000001,0
2026-03-10T00:04:02.019566,0,0,655.2995980000001,0
2026-03-10T00:04:03.026638,0,0,655.2995980000001,0
2026-03-10T00:04:04.033553,0,0,655.2995980000001,0
2026-03-10T00:04:05.039552,0,0,655.2995980000001,0
2026-03-10T00:04:07.041360,0,0,655.2995980000001,0
2026-03-10T00:04:07.052444,0,0,656.181624,0
2026-03-10T00:04:08.059458,0,0,655.2995980000001,0
2026-03-10T00:04:09.066513,0,0,655.2995980000001,0
2026-03-10T00:04:10.073396,0,0,655.2995980000001,0
2026-03-10T00:04:11.078439,0,0,655.2995980000001,0
2026-03-10T00:04:12.086462,0,0,656.181624,0
2026-03-10T00:04:13.093365,0,0,655.2995980000001,0
2026-03-10T00:04:14.099347,0,0,655.2995980000001,0
2026-03-10T00:04:15.106434,0,0,655.2995980000001,0
2026-03-10T00:04:16.113305,0,0,655.2995980000001,0
2026-03-10T00:04:17.120261,0,0,655.2995980000001,0
2026-03-10T00:04:18.126364,0,0,655.2995980000001,0
2026-03-10T00:04:19.133227,0,0,655.2995980000001,0
2026-03-10T00:04:20.140217,0,0,655.2995980000001,0
2026-03-10T00:04:21.146194,0,0,656.181624,0
2026-03-10T00:04:22.153162,0,0,655.2995980000001,0
2026-03-10T00:04:23.159121,0,0,655.2995980000001,0
2026-03-10T00:04:24.167148,0,0,655.2995980000001,0
2026-03-10T00:04:25.173123,0,0,655.2995980000001,0
2026-03-10T00:04:26.180077,0,0,655.2995980000001,0
2026-03-10T00:04:27.186107,0,0,655.2995980000001,0
2026-03-10T00:04:29.188017,0,0,655.2995980000001,0
2026-03-10T00:04:29.199978,0,0,655.2995980000001,0
2026-03-10T00:04:30.205992,0,0,656.181624,0
2026-03-10T00:04:31.213960,0,0,655.2995980000001,0
2026-03-10T00:04:32.219951,0,0,655.2995980000001,0
2026-03-10T00:04:33.226911,0,0,655.2995980000001,0
2026-03-10T00:04:34.232929,0,0,655.2995980000001,0
2026-03-10T00:04:35.239983,0,0,655.2995980000001,0
2026-03-10T00:04:36.246960,0,0,655.2995980000001,0
2026-03-10T00:04:37.252934,0,0,655.2995980000001,0
2026-03-10T00:04:39.254722,0,0,655.2995980000001,0
2026-03-10T00:04:39.266833,0,0,654.4175720000001,0
2026-03-10T00:04:40.273785,0,0,655.2995980000001,0
2026-03-10T00:04:41.279761,0,0,655.2995980000001,0
2026-03-10T00:04:42.286786,0,0,655.2995980000001,0
2026-03-10T00:04:43.292711,0,0,655.2995980000001,0
2026-03-10T00:04:44.299697,0,0,655.2995980000001,0
2026-03-10T00:04:45.306813,0,0,655.2995980000001,0
2026-03-10T00:04:46.312701,0,0,655.2995980000001,0
2026-03-10T00:04:47.320640,0,0,655.2995980000001,0
2026-03-10T00:04:48.326699,0,0,654.4175720000001,0
2026-03-10T00:04:49.333629,0,0,655.2995980000001,0
2026-03-10T00:04:50.339595,0,0,655.2995980000001,0
2026-03-10T00:04:51.346643,0,0,652.6535200000001,0
2026-03-10T00:04:52.353609,0,0,655.2995980000001,0
2026-03-10T00:04:54.354733,0,0,655.2995980000001,0
2026-03-10T00:04:54.367375,0,0,655.2995980000001,0
2026-03-10T00:04:55.373468,0,0,655.2995980000001,0
2026-03-10T00:04:56.380454,0,0,655.2995980000001,0
2026-03-10T00:04:57.386495,0,0,655.2995980000001,0
2026-03-10T00:04:58.393416,0,0,655.2995980000001,0
2026-03-10T00:04:59.399373,0,0,655.2995980000001,0
2026-03-10T00:05:00.406525,0,0,655.2995980000001,0
2026-03-10T00:05:01.414460,0,0,655.2995980000001,0
2026-03-10T00:05:02.420384,0,0,655.2995980000001,0
2026-03-10T00:05:03.427314,0,0,655.2995980000001,0
2026-03-10T00:05:04.433302,0,0,655.2995980000001,0
2026-03-10T00:05:05.440271,0,0,655.2995980000001,0
2026-03-10T00:05:06.446365,0,0,655.2995980000001,0
2026-03-10T00:05:07.453188,0,0,655.2995980000001,0
2026-03-10T00:05:08.460164,0,0,655.2995980000001,0
2026-03-10T00:05:10.461964,0,0,655.2995980000001,0
2026-03-10T00:05:10.474116,0,0,655.2995980000001,0
2026-03-10T00:05:11.480124,0,0,655.2995980000001,0
2026-03-10T00:05:12.487119,0,0,655.2995980000001,0
2026-03-10T00:05:13.493070,0,0,655.2995980000001,0
2026-03-10T00:05:14.500076,0,0,655.2995980000001,0
2026-03-10T00:05:15.506127,0,0,657.945676,0
2026-03-10T00:05:16.513080,0,0,655.2995980000001,0
2026-03-10T00:05:17.521075,0,0,655.2995980000001,0
2026-03-10T00:05:18.526897,0,0,655.2995980000001,0
2026-03-10T00:05:19.532992,0,0,655.2995980000001,0
2026-03-10T00:05:20.539979,0,0,655.2995980000001,0
2026-03-10T00:05:21.546959,0,0,654.4175720000001,0
2026-03-10T00:05:22.552946,0,0,655.2995980000001,0
2026-03-10T00:05:23.559958,0,0,655.2995980000001,0
2026-03-10T00:05:25.561767,0,0,655.2995980000001,0
2026-03-10T00:06:01.490804,0,0,655.2995980000001,0
2026-03-10T00:06:03.973112,0,0,655.2995980000001,0
2026-03-10T00:06:04.980109,0,0,655.2995980000001,0
2026-03-10T00:06:05.986081,0,0,655.2995980000001,0
2026-03-10T00:06:06.993108,0,0,655.2995980000001,0
2026-03-10T00:06:07.999053,0,0,655.2995980000001,0
2026-03-10T00:06:09.007011,0,0,655.2995980000001,0
2026-03-10T00:06:10.013077,0,0,655.2995980000001,0
2026-03-10T00:06:11.019953,0,0,655.2995980000001,0
2026-03-10T00:06:12.026814,0,0,655.2995980000001,0
2026-03-10T00:06:13.032946,0,0,655.2995980000001,0
2026-03-10T00:06:14.037892,0,0,655.2995980000001,0
2026-03-10T00:06:16.039718,0,0,654.4175720000001,0
2026-03-10T00:07:10.485298,0,0,655.2995980000001,0
2026-03-10T00:07:11.491742,0,0,655.2995980000001,0
2026-03-10T00:07:12.495711,0,0,656.181624,0
2026-03-10T00:07:14.497596,0,0,655.2995980000001,0
2026-03-10T00:07:14.510724,0,0,655.2995980000001,0
2026-03-10T00:07:16.512577,0,0,655.2995980000001,0
2026-03-10T00:07:16.524591,0,0,655.2995980000001,0
2026-03-10T00:07:17.531611,0,0,655.2995980000001,0
2026-03-10T00:07:18.538662,0,0,655.2995980000001,0
2026-03-10T00:07:19.544528,0,0,655.2995980000001,0
2026-03-10T00:07:20.550561,0,0,655.2995980000001,0
2026-03-10T00:07:21.557512,0,0,656.181624,0
2026-03-10T00:07:22.563504,0,0,655.2995980000001,0
2026-03-10T00:07:24.565419,0,0,655.2995980000001,0
2026-03-10T00:08:34.505603,0,0,655.2995980000001,0
2026-03-10T00:08:36.987944,0,0,655.2995980000001,0
2026-03-10T00:08:37.994916,0,0,655.2995980000001,0
2026-03-10T00:08:39.000972,0,0,655.2995980000001,0
2026-03-10T00:08:41.002971,0,0,655.2995980000001,0
2026-03-10T00:09:50.007170,0,0,655.2995980000001,0
2026-03-10T00:09:52.489299,0,0,655.2995980000001,0
2026-03-10T00:09:53.496271,0,0,655.2995980000001,0
2026-03-10T00:09:54.500203,0,0,655.2995980000001,0
2026-03-10T00:09:55.509277,0,0,655.2995980000001,0
2026-03-10T00:09:56.515234,0,0,655.2995980000001,0
2026-03-10T00:09:57.523191,0,0,655.2995980000001,0
2026-03-10T00:09:58.529173,0,0,655.2995980000001,0
2026-03-10T00:09:59.536150,0,0,655.2995980000001,0
2026-03-10T00:10:00.543142,0,0,655.2995980000001,0
2026-03-10T00:10:01.549095,0,0,655.2995980000001,0
2026-03-10T00:10:02.556081,0,0,655.2995980000001,0
2026-03-10T00:10:03.562062,0,0,655.2995980000001,0
2026-03-10T00:10:04.569033,0,0,655.2995980000001,0
2026-03-10T00:10:05.576064,0,0,655.2995980000001,0
2026-03-10T00:10:06.583039,0,0,655.2995980000001,0
2026-03-10T00:10:07.588992,0,0,655.2995980000001,0
2026-03-10T00:10:08.596017,0,0,655.2995980000001,0
2026-03-10T00:10:09.602998,0,0,655.2995980000001,0
2026-03-10T00:10:11.604789,0,0,655.2995980000001,0
2026-03-10T00:10:24.733108,0,0,655.2995980000001,0
2026-03-10T00:10:25.739595,0,0,655.2995980000001,0
2026-03-10T00:10:26.745571,0,0,655.2995980000001,0
2026-03-10T00:10:28.747428,0,0,655.2995980000001,0
2026-03-10T00:10:28.758556,0,0,657.06365,0
2026-03-10T00:10:29.766627,0,0,655.2995980000001,0
2026-03-10T00:10:30.771491,0,0,656.181624,0
2026-03-10T00:10:31.779370,0,0,655.2995980000001,0
2026-03-10T00:10:32.786414,0,0,655.2995980000001,0
2026-03-10T00:10:33.792330,0,0,655.2995980000001,0
2026-03-10T00:10:34.799464,0,0,656.181624,0
2026-03-10T00:10:36.801405,0,0,655.2995980000001,0
2026-03-10T00:11:12.747328,0,0,655.2995980000001,0
2026-03-10T00:11:15.229523,0,0,655.2995980000001,0
2026-03-10T00:11:16.236481,0,0,655.2995980000001,0
2026-03-10T00:11:17.241477,0,0,656.181624,0
2026-03-10T00:11:19.243294,0,0,655.2995980000001,0
2026-03-10T00:11:19.255441,0,0,655.2995980000001,0
2026-03-10T00:11:20.263384,0,0,655.2995980000001,0
2026-03-10T00:11:21.269344,0,0,655.2995980000001,0
2026-03-10T00:11:22.276323,0,0,655.2995980000001,0
2026-03-10T00:11:23.283312,0,0,655.2995980000001,0
2026-03-10T00:11:24.289286,0,0,655.2995980000001,0
2026-03-10T00:11:25.295244,0,0,655.2995980000001,0
2026-03-10T00:11:27.297040,0,0,655.2995980000001,0
2026-03-10T00:11:27.308215,0,0,655.2995980000001,0
2026-03-10T00:11:28.316230,0,0,655.2995980000001,0
2026-03-10T00:11:29.323187,0,0,655.2995980000001,0
2026-03-10T00:11:30.329176,0,0,655.2995980000001,0
2026-03-10T00:11:31.336146,0,0,655.2995980000001,0
2026-03-10T00:11:32.341186,0,0,655.2995980000001,0
2026-03-10T00:11:33.349129,0,0,655.2995980000001,0
2026-03-10T00:11:34.356111,0,0,655.2995980000001,0
2026-03-10T00:11:35.362082,0,0,655.2995980000001,0
2026-03-10T00:11:36.370046,0,0,655.2995980000001,0
2026-03-10T00:11:37.376060,0,0,655.2995980000001,0
2026-03-10T00:11:38.383048,0,0,655.2995980000001,0
2026-03-10T00:11:39.388067,0,0,655.2995980000001,0
2026-03-10T00:11:41.389947,0,0,655.2995980000001,0
2026-03-10T00:11:41.402912,0,0,655.2995980000001,0
2026-03-10T00:11:42.408889,0,0,655.2995980000001,0
2026-03-10T00:11:43.416900,0,0,655.2995980000001,0
2026-03-10T00:11:44.421873,0,0,655.2995980000001,0
2026-03-10T00:11:45.429861,0,0,655.2995980000001,0
2026-03-10T00:11:46.434929,0,0,655.2995980000001,0
2026-03-10T00:11:48.436773,0,0,655.2995980000001,0
2026-03-10T00:11:48.448731,0,0,655.2995980000001,0
2026-03-10T00:11:49.455792,0,0,655.2995980000001,0
2026-03-10T00:11:50.462753,0,0,655.2995980000001,0
2026-03-10T00:11:51.469743,0,0,655.2995980000001,0
2026-03-10T00:11:52.476728,0,0,655.2995980000001,0
2026-03-10T00:11:53.482712,0,0,655.2995980000001,0
2026-03-10T00:11:55.484535,0,0,655.2995980000001,0
2026-03-10T00:11:55.496724,0,0,655.2995980000001,0
2026-03-10T00:11:56.502672,0,0,655.2995980000001,0
2026-03-10T00:11:57.509600,0,0,655.2995980000001,0
2026-03-10T00:11:58.516582,0,0,655.2995980000001,0
2026-03-10T00:11:59.523573,0,0,655.2995980000001,0
2026-03-10T00:12:00.529534,0,0,655.2995980000001,0
2026-03-10T00:12:01.536578,0,0,655.2995980000001,0
2026-03-10T00:12:02.542608,0,0,655.2995980000001,0
2026-03-10T00:12:03.549483,0,0,655.2995980000001,0
2026-03-10T00:12:04.556418,0,0,655.2995980000001,0
2026-03-10T00:12:05.562492,0,0,655.2995980000001,0
2026-03-10T00:12:06.570480,0,0,655.2995980000001,0
2026-03-10T00:12:07.576347,0,0,655.2995980000001,0
2026-03-10T00:12:08.583339,0,0,655.2995980000001,0
2026-03-10T00:12:09.589348,0,0,655.2995980000001,0
2026-03-10T00:12:10.596396,0,0,655.2995980000001,0
2026-03-10T00:12:11.603357,0,0,655.2995980000001,0
2026-03-10T00:12:12.609320,0,0,655.2995980000001,0
2026-03-10T00:12:13.617310,0,0,655.2995980000001,0
2026-03-10T00:12:14.623299,0,0,655.2995980000001,0
2026-03-10T00:12:15.630342,0,0,656.181624,0
2026-03-10T00:12:16.636243,0,0,655.2995980000001,0
2026-03-10T00:12:17.643249,0,0,655.2995980000001,0
2026-03-10T00:12:19.645164,0,0,655.2995980000001,0
2026-03-10T00:12:19.656161,0,0,655.2995980000001,0
2026-03-10T00:12:20.663152,0,0,655.2995980000001,0
2026-03-10T00:12:21.670133,0,0,655.2995980000001,0
2026-03-10T00:12:22.677111,0,0,655.2995980000001,0
2026-03-10T00:12:23.683076,0,0,655.2995980000001,0
2026-03-10T00:12:24.690069,0,0,655.2995980000001,0
2026-03-10T00:12:25.696040,0,0,655.2995980000001,0
2026-03-10T00:12:26.703050,0,0,655.2995980000001,0
2026-03-10T00:12:27.709979,0,0,655.2995980000001,0
2026-03-10T00:12:28.715964,0,0,655.2995980000001,0
2026-03-10T00:12:29.723935,0,0,655.2995980000001,0
2026-03-10T00:12:30.729943,0,0,655.2995980000001,0
2026-03-10T00:12:31.736912,0,0,655.2995980000001,0
2026-03-10T00:12:32.742954,0,0,655.2995980000001,0
2026-03-10T00:12:34.744879,0,0,655.2995980000001,0
2026-03-10T00:13:26.735977,0,0,655.2995980000001,0
2026-03-10T00:13:46.745875,0,0,655.2995980000001,0
2026-03-10T00:13:49.228247,0,0,655.2995980000001,0
2026-03-10T00:13:50.235194,0,0,655.2995980000001,0
2026-03-10T00:13:51.239193,0,0,655.2995980000001,0
2026-03-10T00:13:53.241077,0,0,655.2995980000001,0
2026-03-10T00:14:14.731336,0,0,655.2995980000001,0
2026-03-10T00:14:15.737592,0,0,655.2995980000001,0
2026-03-10T00:14:16.743496,0,0,655.2995980000001,0
2026-03-10T00:14:18.745276,0,0,655.2995980000001,0
2026-03-10T00:14:18.756508,0,0,654.4175720000001,0
2026-03-10T00:14:19.764493,0,0,655.2995980000001,0
2026-03-10T00:14:20.770444,0,0,655.2995980000001,0
2026-03-10T00:14:21.777452,0,0,655.2995980000001,0
2026-03-10T00:14:22.784433,0,0,655.2995980000001,0
2026-03-10T00:14:23.790534,0,0,655.2995980000001,0
2026-03-10T00:14:24.797471,0,0,655.2995980000001,0
2026-03-10T00:14:25.803434,0,0,655.2995980000001,0
2026-03-10T00:14:26.810564,0,0,655.2995980000001,0
2026-03-10T00:14:27.817375,0,0,655.2995980000001,0
2026-03-10T00:14:28.824374,0,0,655.2995980000001,0
2026-03-10T00:14:29.830442,0,0,655.2995980000001,0
2026-03-10T00:14:30.837319,0,0,655.2995980000001,0
2026-03-10T00:14:31.844323,0,0,655.2995980000001,0
2026-03-10T00:14:32.850454,0,0,655.2995980000001,0
2026-03-10T00:14:34.852218,0,0,655.2995980000001,0
2026-03-10T00:14:34.863105,0,0,655.2995980000001,0
2026-03-10T00:14:35.871171,0,0,655.2995980000001,0
2026-03-10T00:14:36.877129,0,0,655.2995980000001,0
2026-03-10T00:14:37.884090,0,0,655.2995980000001,0
2026-03-10T00:14:38.891087,0,0,655.2995980000001,0
2026-03-10T00:14:39.895104,0,0,655.2995980000001,0
2026-03-10T00:14:40.904091,0,0,655.2995980000001,0
2026-03-10T00:14:41.910066,0,0,655.2995980000001,0
2026-03-10T00:14:42.918050,0,0,655.2995980000001,0
2026-03-10T00:14:43.924017,0,0,655.2995980000001,0
2026-03-10T00:14:44.931002,0,0,655.2995980000001,0
2026-03-10T00:14:45.936978,0,0,655.2995980000001,0
2026-03-10T00:14:46.943865,0,0,655.2995980000001,0
2026-03-10T00:14:47.950993,0,0,655.2995980000001,0
2026-03-10T00:14:48.956928,0,0,655.2995980000001,0
2026-03-10T00:14:49.963915,0,0,655.2995980000001,0
2026-03-10T00:14:51.965659,0,0,655.2995980000001,0
2026-03-10T00:14:51.977796,0,0,655.2995980000001,0
2026-03-10T00:14:52.983785,0,0,655.2995980000001,0
2026-03-10T00:14:53.990832,0,0,655.2995980000001,0
2026-03-10T00:14:54.997741,0,0,655.2995980000001,0
2026-03-10T00:14:56.003714,0,0,655.2995980000001,0
2026-03-10T00:14:57.009746,0,0,655.2995980000001,0
2026-03-10T00:14:58.016686,0,0,655.2995980000001,0
2026-03-10T00:14:59.024623,0,0,656.181624,0
2026-03-10T00:15:00.030706,0,0,655.2995980000001,0
2026-03-10T00:15:01.037635,0,0,655.2995980000001,0
2026-03-10T00:15:02.043568,0,0,655.2995980000001,0
2026-03-10T00:15:03.050665,0,0,655.2995980000001,0
2026-03-10T00:15:04.055524,0,0,655.2995980000001,0
2026-03-10T00:15:05.063538,0,0,655.2995980000001,0
2026-03-10T00:15:06.071503,0,0,655.2995980000001,0
2026-03-10T00:15:07.077472,0,0,655.2995980000001,0
2026-03-10T00:15:08.084453,0,0,655.2995980000001,0
2026-03-10T00:15:09.090552,0,0,655.2995980000001,0
2026-03-10T00:15:10.097395,0,0,655.2995980000001,0
2026-03-10T00:15:11.104426,0,0,655.2995980000001,0
2026-03-10T00:15:13.106222,0,0,655.2995980000001,0
2026-03-10T00:15:13.117281,0,0,655.2995980000001,0
2026-03-10T00:15:14.124315,0,0,655.2995980000001,0
2026-03-10T00:15:15.131309,0,0,655.2995980000001,0
2026-03-10T00:15:16.137267,0,0,655.2995980000001,0
2026-03-10T00:15:17.144229,0,0,655.2995980000001,0
2026-03-10T00:15:18.150232,0,0,655.2995980000001,0
2026-03-10T00:15:19.156290,0,0,654.4175720000001,0
2026-03-10T00:15:20.164310,0,0,655.2995980000001,0
2026-03-10T00:15:21.170956,0,0,655.2995980000001,0
2026-03-10T00:15:23.172770,0,0,655.2995980000001,0
2026-03-10T00:15:23.184074,0,0,655.2995980000001,0
2026-03-10T00:15:24.191116,0,0,655.2995980000001,0
2026-03-10T00:15:25.197078,0,0,655.2995980000001,0
2026-03-10T00:15:26.204044,0,0,655.2995980000001,0
2026-03-10T00:15:27.211037,0,0,655.2995980000001,0
2026-03-10T00:15:28.215994,0,0,655.2995980000001,0
2026-03-10T00:15:29.225079,0,0,655.2995980000001,0
2026-03-10T00:15:30.231002,0,0,655.2995980000001,0
2026-03-10T00:15:31.238073,0,0,655.2995980000001,0
2026-03-10T00:15:33.239998,0,0,655.2995980000001,0
2026-03-10T00:15:33.250853,0,0,655.2995980000001,0
2026-03-10T00:15:34.256882,0,0,655.2995980000001,0
2026-03-10T00:15:35.263968,0,0,655.2995980000001,0
2026-03-10T00:15:36.270848,0,0,655.2995980000001,0
2026-03-10T00:15:37.277819,0,0,655.2995980000001,0
2026-03-10T00:15:38.282784,0,0,655.2995980000001,0
2026-03-10T00:15:40.284555,0,0,655.2995980000001,0
2026-03-10T00:15:40.297713,0,0,655.2995980000001,0
2026-03-10T00:15:41.303728,0,0,655.2995980000001,0
2026-03-10T00:15:42.310773,0,0,655.2995980000001,0
2026-03-10T00:15:43.317683,0,0,655.2995980000001,0
2026-03-10T00:15:44.324649,0,0,655.2995980000001,0
2026-03-10T00:15:45.331606,0,0,655.2995980000001,0
2026-03-10T00:15:46.337725,0,0,655.2995980000001,0
2026-03-10T00:15:47.344730,0,0,655.2995980000001,0
2026-03-10T00:15:49.346576,0,0,655.2995980000001,0
2026-03-10T00:15:49.357499,0,0,655.2995980000001,0
2026-03-10T00:15:50.363530,0,0,655.2995980000001,0
2026-03-10T00:15:51.370608,0,0,655.2995980000001,0
2026-03-10T00:15:52.378586,0,0,655.2995980000001,0
2026-03-10T00:15:53.384467,0,0,655.2995980000001,0
2026-03-10T00:15:54.391514,0,0,655.2995980000001,0
2026-03-10T00:15:55.396476,0,0,655.2995980000001,0
2026-03-10T00:15:56.404454,0,0,655.2995980000001,0
2026-03-10T00:15:57.410561,0,0,655.2995980000001,0
2026-03-10T00:15:58.417424,0,0,655.2995980000001,0
2026-03-10T00:15:59.425414,0,0,655.2995980000001,0
2026-03-10T00:16:00.431366,0,0,655.2995980000001,0
2026-03-10T00:16:01.438421,0,0,655.2995980000001,0
2026-03-10T00:16:02.444335,0,0,656.181624,0
2026-03-10T00:16:03.451329,0,0,655.2995980000001,0
2026-03-10T00:16:04.457266,0,0,655.2995980000001,0
2026-03-10T00:16:05.464257,0,0,655.2995980000001,0
2026-03-10T00:16:06.470226,0,0,655.2995980000001,0
2026-03-10T00:16:07.478194,0,0,655.2995980000001,0
2026-03-10T00:16:08.485770,0,0,655.2995980000001,0
2026-03-10T00:16:09.491197,0,0,655.2995980000001,0
2026-03-10T00:16:10.498148,0,0,655.2995980000001,0
2026-03-10T00:16:11.504150,0,0,655.2995980000001,0
2026-03-10T00:16:12.510085,0,0,655.2995980000001,0
2026-03-10T00:16:13.517094,0,0,655.2995980000001,0
2026-03-10T00:16:14.524077,0,0,655.2995980000001,0
2026-03-10T00:16:15.532052,0,0,655.2995980000001,0
2026-03-10T00:16:16.535983,0,0,655.2995980000001,0
2026-03-10T00:16:17.544973,0,0,655.2995980000001,0
2026-03-10T00:16:18.550939,0,0,655.2995980000001,0
2026-03-10T00:16:19.557889,0,0,655.2995980000001,0
2026-03-10T00:16:20.563890,0,0,655.2995980000001,0
2026-03-10T00:16:21.570888,0,0,655.2995980000001,0
2026-03-10T00:16:22.577841,0,0,655.2995980000001,0
2026-03-10T00:16:23.584768,0,0,655.2995980000001,0
2026-03-10T00:16:24.591915,0,0,655.2995980000001,0
2026-03-10T00:16:25.597878,0,0,656.181624,0
2026-03-10T00:16:27.599643,0,0,655.2995980000001,0
2026-03-10T00:17:10.253321,0,0,655.2995980000001,0
2026-03-10T00:17:12.735773,0,0,655.2995980000001,0
2026-03-10T00:17:13.742758,0,0,655.2995980000001,0
2026-03-10T00:17:14.747780,0,0,655.2995980000001,0
2026-03-10T00:17:16.749508,0,0,655.2995980000001,0
2026-03-10T00:17:16.761569,0,0,655.2995980000001,0
2026-03-10T00:17:17.768643,0,0,655.2995980000001,0
2026-03-10T00:17:18.775625,0,0,655.2995980000001,0
2026-03-10T00:17:19.782660,0,0,655.2995980000001,0
2026-03-10T00:17:20.789548,0,0,655.2995980000001,0
2026-03-10T00:17:21.795562,0,0,655.2995980000001,0
2026-03-10T00:17:22.802665,0,0,655.2995980000001,0
2026-03-10T00:17:24.804585,0,0,655.2995980000001,0
2026-03-10T00:17:24.815536,0,0,655.2995980000001,0
2026-03-10T00:17:25.822587,0,0,655.2995980000001,0
2026-03-10T00:17:26.829485,0,0,655.2995980000001,0
2026-03-10T00:17:27.835480,0,0,655.2995980000001,0
2026-03-10T00:17:28.842534,0,0,655.2995980000001,0
2026-03-10T00:17:29.849432,0,0,655.2995980000001,0
2026-03-10T00:17:30.854352,0,0,655.2995980000001,0
2026-03-10T00:17:31.862547,0,0,655.2995980000001,0
2026-03-10T00:17:32.869313,0,0,655.2995980000001,0
2026-03-10T00:17:33.876297,0,0,655.2995980000001,0
2026-03-10T00:17:34.882378,0,0,655.2995980000001,0
2026-03-10T00:17:35.889316,0,0,655.2995980000001,0
2026-03-10T00:17:36.896223,0,0,655.2995980000001,0
2026-03-10T00:17:37.902184,0,0,655.2995980000001,0
2026-03-10T00:17:38.909188,0,0,655.2995980000001,0
2026-03-10T00:17:39.915035,0,0,655.2995980000001,0
2026-03-10T00:17:40.923149,0,0,655.2995980000001,0
2026-03-10T00:17:41.929133,0,0,655.2995980000001,0
2026-03-10T00:17:42.936095,0,0,655.2995980000001,0
2026-03-10T00:17:43.940098,0,0,655.2995980000001,0
2026-03-10T00:17:44.949047,0,0,659.709728,0
2026-03-10T00:17:45.956017,0,0,655.2995980000001,0
2026-03-10T00:17:46.961997,0,0,655.2995980000001,0
2026-03-10T00:17:47.970026,0,0,655.2995980000001,0
2026-03-10T00:17:48.975971,0,0,655.2995980000001,0
2026-03-10T00:17:49.982992,0,0,655.2995980000001,0
2026-03-10T00:17:50.988032,0,0,655.2995980000001,0
2026-03-10T00:17:52.989915,0,0,655.2995980000001,0
2026-03-10T00:18:29.010807,0,0,655.2995980000001,0
2026-03-10T00:18:31.493007,0,0,655.2995980000001,0
2026-03-10T00:18:32.499980,0,0,655.2995980000001,0
2026-03-10T00:18:33.503964,0,0,655.2995980000001,0
2026-03-10T00:18:35.505755,0,0,655.2995980000001,0
2026-03-10T00:18:35.518931,0,0,655.2995980000001,0
2026-03-10T00:18:36.527001,0,0,655.2995980000001,0
2026-03-10T00:18:37.532970,0,0,655.2995980000001,0
2026-03-10T00:18:39.534758,0,0,655.2995980000001,0
2026-03-10T00:18:58.501881,0,0,655.2995980000001,0
2026-03-10T00:19:00.984367,0,0,655.2995980000001,0
2026-03-10T00:19:01.991366,0,0,655.2995980000001,0
2026-03-10T00:19:02.997477,0,0,655.2995980000001,0
2026-03-10T00:19:04.004371,0,0,655.2995980000001,0
2026-03-10T00:19:05.010375,0,0,655.2995980000001,0
2026-03-10T00:19:06.017254,0,0,655.2995980000001,0
2026-03-10T00:19:07.024225,0,0,655.2995980000001,0
2026-03-10T00:19:08.031192,0,0,655.2995980000001,0
2026-03-10T00:19:09.038195,0,0,655.2995980000001,0
2026-03-10T00:19:10.044111,0,0,655.2995980000001,0
2026-03-10T00:19:11.051236,0,0,655.2995980000001,0
2026-03-10T00:19:12.057121,0,0,655.2995980000001,0
2026-03-10T00:19:13.064075,0,0,655.2995980000001,0
2026-03-10T00:19:14.071077,0,0,655.2995980000001,0
2026-03-10T00:19:15.078070,0,0,655.2995980000001,0
2026-03-10T00:19:16.084061,0,0,654.4175720000001,0
2026-03-10T00:19:17.091034,0,0,655.2995980000001,0
2026-03-10T00:19:18.097948,0,0,655.2995980000001,0
2026-03-10T00:19:19.103985,0,0,655.2995980000001,0
2026-03-10T00:19:20.110941,0,0,655.2995980000001,0
2026-03-10T00:19:21.116927,0,0,655.2995980000001,0
2026-03-10T00:19:22.123907,0,0,655.2995980000001,0
2026-03-10T00:19:23.130912,0,0,655.2995980000001,0
2026-03-10T00:19:24.137840,0,0,655.2995980000001,0
2026-03-10T00:19:25.144824,0,0,655.2995980000001,0
2026-03-10T00:19:26.150815,0,0,655.2995980000001,0
2026-03-10T00:19:27.157784,0,0,656.181624,0
2026-03-10T00:19:28.163745,0,0,655.2995980000001,0
2026-03-10T00:19:29.168808,0,0,655.2995980000001,0
2026-03-10T00:19:30.177734,0,0,655.2995980000001,0
2026-03-10T00:19:31.184726,0,0,655.2995980000001,0
2026-03-10T00:19:32.190755,0,0,655.2995980000001,0
2026-03-10T00:19:33.197646,0,0,655.2995980000001,0
2026-03-10T00:19:34.204623,0,0,655.2995980000001,0
2026-03-10T00:19:35.210681,0,0,654.4175720000001,0
2026-03-10T00:19:36.216595,0,0,655.2995980000001,0
2026-03-10T00:19:37.224608,0,0,655.2995980000001,0
2026-03-10T00:19:38.231568,0,0,655.2995980000001,0
2026-03-10T00:19:39.237531,0,0,655.2995980000001,0
2026-03-10T00:19:40.244502,0,0,655.2995980000001,0
2026-03-10T00:19:41.251477,0,0,655.2995980000001,0
2026-03-10T00:19:42.257442,0,0,654.4175720000001,0
2026-03-10T00:19:43.262575,0,0,655.2995980000001,0
2026-03-10T00:19:44.270522,0,0,655.2995980000001,0
2026-03-10T00:19:45.278517,0,0,655.2995980000001,0
2026-03-10T00:19:46.283371,0,0,655.2995980000001,0
2026-03-10T00:19:47.291329,0,0,655.2995980000001,0
2026-03-10T00:19:48.297310,0,0,655.2995980000001,0
2026-03-10T00:19:49.304360,0,0,655.2995980000001,0
2026-03-10T00:19:50.311237,0,0,655.2995980000001,0
2026-03-10T00:20:09.251571,0,0,655.2995980000001,0
2026-03-10T00:20:11.733853,0,0,655.2995980000001,0
2026-03-10T00:20:12.740812,0,0,655.2995980000001,0
2026-03-10T00:20:13.745808,0,0,655.2995980000001,0
2026-03-10T00:20:15.746716,0,0,655.2995980000001,0
2026-03-10T00:20:15.759701,0,0,656.181624,0
2026-03-10T00:20:16.767682,0,0,655.2995980000001,0
2026-03-10T00:20:17.773670,0,0,655.2995980000001,0
2026-03-10T00:20:18.780649,0,0,656.181624,0
2026-03-10T00:20:19.787648,0,0,655.2995980000001,0
2026-03-10T00:20:20.792612,0,0,655.2995980000001,0
2026-03-10T00:20:22.794487,0,0,655.2995980000001,0
2026-03-10T00:20:22.806572,0,0,655.2995980000001,0
2026-03-10T00:20:23.813567,0,0,655.2995980000001,0
2026-03-10T00:20:24.820555,0,0,655.2995980000001,0
2026-03-10T00:20:25.827532,0,0,655.2995980000001,0
2026-03-10T00:20:26.833504,0,0,655.2995980000001,0
2026-03-10T00:20:27.840427,0,0,657.06365,0
2026-03-10T00:20:28.847617,0,0,655.2995980000001,0
2026-03-10T00:20:30.849524,0,0,655.2995980000001,0
2026-03-10T00:21:22.734987,0,0,655.2995980000001,0
2026-03-10T00:21:23.741262,0,0,655.2995980000001,0
2026-03-10T00:21:24.747196,0,0,655.2995980000001,0
2026-03-10T00:21:25.755181,0,0,655.2995980000001,0
2026-03-10T00:21:26.761144,0,0,655.2995980000001,0
2026-03-10T00:21:27.768142,0,0,656.181624,0
2026-03-10T00:21:28.775115,0,0,655.2995980000001,0
2026-03-10T00:21:29.779151,0,0,655.2995980000001,0
2026-03-10T00:21:30.788195,0,0,655.2995980000001,0
2026-03-10T00:21:31.794118,0,0,655.2995980000001,0
2026-03-10T00:21:32.802065,0,0,655.2995980000001,0
2026-03-10T00:21:33.808028,0,0,655.2995980000001,0
2026-03-10T00:21:34.815045,0,0,655.2995980000001,0
2026-03-10T00:21:35.820974,0,0,655.2995980000001,0
2026-03-10T00:21:36.827959,0,0,655.2995980000001,0
2026-03-10T00:21:37.834963,0,0,655.2995980000001,0
2026-03-10T00:21:38.841025,0,0,655.2995980000001,0
2026-03-10T00:21:40.842929,0,0,655.2995980000001,0
2026-03-10T00:22:08.517695,0,0,657.945676,0
2026-03-10T00:22:11.000222,0,0,655.2995980000001,0
2026-03-10T00:22:12.007216,0,0,655.2995980000001,0
2026-03-10T00:22:13.012163,0,0,655.2995980000001,0
2026-03-10T00:22:15.013980,0,0,655.2995980000001,0
2026-03-10T00:22:15.026125,0,0,655.2995980000001,0
2026-03-10T00:22:16.034087,0,0,655.2995980000001,0
2026-03-10T00:22:17.040067,0,0,655.2995980000001,0
2026-03-10T00:22:18.047053,0,0,655.2995980000001,0
2026-03-10T00:22:19.053011,0,0,656.181624,0
2026-03-10T00:22:20.059014,0,0,655.2995980000001,0
2026-03-10T00:22:22.060803,0,0,655.2995980000001,0
2026-03-10T00:22:22.072913,0,0,655.2995980000001,0
2026-03-10T00:22:23.079940,0,0,655.2995980000001,0
2026-03-10T00:22:24.086886,0,0,655.2995980000001,0
2026-03-10T00:22:25.093864,0,0,655.2995980000001,0
2026-03-10T00:22:26.099807,0,0,655.2995980000001,0
2026-03-10T00:22:27.106819,0,0,655.2995980000001,0
2026-03-10T00:22:28.113846,0,0,655.2995980000001,0
2026-03-10T00:22:29.119878,0,0,655.2995980000001,0
2026-03-10T00:22:30.126813,0,0,655.2995980000001,0
2026-03-10T00:22:31.132763,0,0,655.2995980000001,0
2026-03-10T00:22:32.140710,0,0,655.2995980000001,0
2026-03-10T00:22:33.146755,0,0,655.2995980000001,0
2026-03-10T00:22:34.153703,0,0,655.2995980000001,0
2026-03-10T00:22:35.158807,0,0,655.2995980000001,0
2026-03-10T00:22:37.160685,0,0,655.2995980000001,0
2026-03-10T00:27:06.002816,0,0,655.2995980000001,0
2026-03-10T00:27:08.485136,0,0,655.2995980000001,0
2026-03-10T00:27:09.492141,0,0,657.06365,0
2026-03-10T00:27:10.497063,0,0,655.2995980000001,0
2026-03-10T00:27:11.505002,0,0,655.2995980000001,0
2026-03-10T00:27:12.511125,0,0,655.2995980000001,0
2026-03-10T00:27:13.517941,0,0,655.2995980000001,0
2026-03-10T00:27:14.524927,0,0,655.2995980000001,0
2026-03-10T00:27:15.531866,0,0,655.2995980000001,0
2026-03-10T00:27:16.538859,0,0,655.2995980000001,0
2026-03-10T00:27:17.544841,0,0,655.2995980000001,0
2026-03-10T00:27:18.551825,0,0,655.2995980000001,0
2026-03-10T00:27:19.557783,0,0,655.2995980000001,0
2026-03-10T00:27:20.564741,0,0,655.2995980000001,0
2026-03-10T00:27:21.570758,0,0,655.2995980000001,0
2026-03-10T00:27:22.578755,0,0,655.2995980000001,0
2026-03-10T00:27:23.584684,0,0,655.2995980000001,0
2026-03-10T00:27:24.591699,0,0,655.2995980000001,0
2026-03-10T00:27:25.598742,0,0,656.181624,0
2026-03-10T00:27:26.604621,0,0,655.2995980000001,0
2026-03-10T00:27:27.611587,0,0,655.2995980000001,0
2026-03-10T00:27:28.617563,0,0,656.181624,0
2026-03-10T00:27:29.625552,0,0,655.2995980000001,0
2026-03-10T00:27:30.631512,0,0,655.2995980000001,0
2026-03-10T00:27:31.636503,0,0,655.2995980000001,0
2026-03-10T00:27:32.645490,0,0,655.2995980000001,0
2026-03-10T00:27:33.651459,0,0,654.4175720000001,0
2026-03-10T00:27:34.658514,0,0,655.2995980000001,0
2026-03-10T00:27:35.664378,0,0,655.2995980000001,0
2026-03-10T00:27:36.671369,0,0,655.2995980000001,0
2026-03-10T00:27:37.678465,0,0,655.2995980000001,0
2026-03-10T00:27:38.684353,0,0,655.2995980000001,0
2026-03-10T00:27:39.691338,0,0,655.2995980000001,0
2026-03-10T00:27:40.698387,0,0,655.2995980000001,0
2026-03-10T00:27:41.705245,0,0,655.2995980000001,0
2026-03-10T00:27:42.711226,0,0,655.2995980000001,0
2026-03-10T00:27:43.718228,0,0,655.2995980000001,0
2026-03-10T00:27:44.724194,0,0,655.2995980000001,0
2026-03-10T00:27:45.732142,0,0,655.2995980000001,0
2026-03-10T00:27:46.738147,0,0,655.2995980000001,0
2026-03-10T00:27:47.745098,0,0,655.2995980000001,0
2026-03-10T00:27:48.752081,0,0,655.2995980000001,0
2026-03-10T00:27:49.758029,0,0,655.2995980000001,0
2026-03-10T00:27:50.765029,0,0,655.2995980000001,0
2026-03-10T00:27:51.770989,0,0,656.181624,0
2026-03-10T00:27:52.777034,0,0,654.4175720000001,0
2026-03-10T00:27:53.784978,0,0,656.181624,0
2026-03-10T00:27:54.791935,0,0,655.2995980000001,0
2026-03-10T00:27:55.797906,0,0,655.2995980000001,0
2026-03-10T00:27:56.804876,0,0,655.2995980000001,0
2026-03-10T00:27:57.811846,0,0,656.181624,0
2026-03-10T00:27:58.817851,0,0,655.2995980000001,0
2026-03-10T00:27:59.824813,0,0,655.2995980000001,0
2026-03-10T00:28:00.831815,0,0,655.2995980000001,0
2026-03-10T00:28:01.838819,0,0,655.2995980000001,0
2026-03-10T00:28:02.844725,0,0,655.2995980000001,0
2026-03-10T00:28:03.851709,0,0,655.2995980000001,0
2026-03-10T00:28:04.858738,0,0,655.2995980000001,0
2026-03-10T00:28:05.864634,0,0,655.2995980000001,0
2026-03-10T00:28:06.869680,0,0,655.2995980000001,0
2026-03-10T00:28:08.871489,0,0,655.2995980000001,0
2026-03-10T00:28:08.885553,0,0,655.2995980000001,0
2026-03-10T00:28:09.891578,0,0,656.181624,0
2026-03-10T00:28:10.898605,0,0,655.2995980000001,0
2026-03-10T00:28:11.904503,0,0,655.2995980000001,0
2026-03-10T00:28:12.911498,0,0,653.5355460000001,0
2026-03-10T00:28:13.916434,0,0,655.2995980000001,0
2026-03-10T00:28:14.924487,0,0,655.2995980000001,0
2026-03-10T00:28:15.932469,0,0,655.2995980000001,0
2026-03-10T00:28:16.938530,0,0,655.2995980000001,0
2026-03-10T00:28:17.945426,0,0,655.2995980000001,0
2026-03-10T00:28:18.951434,0,0,656.181624,0
2026-03-10T00:28:19.958492,0,0,655.2995980000001,0
2026-03-10T00:28:20.964399,0,0,655.2995980000001,0
2026-03-10T00:28:22.966346,0,0,655.2995980000001,0
2026-03-10T00:28:22.979331,0,0,655.2995980000001,0
2026-03-10T00:28:23.985284,0,0,655.2995980000001,0
2026-03-10T00:28:24.992288,0,0,657.06365,0
2026-03-10T00:28:25.998333,0,0,655.2995980000001,0
2026-03-10T00:28:27.005240,0,0,655.2995980000001,0
2026-03-10T00:28:28.011217,0,0,655.2995980000001,0
2026-03-10T00:28:29.018158,0,0,655.2995980000001,0
2026-03-10T00:28:30.025146,0,0,655.2995980000001,0
2026-03-10T00:28:31.032072,0,0,655.2995980000001,0
2026-03-10T00:28:32.039054,0,0,655.2995980000001,0
2026-03-10T00:28:33.045025,0,0,655.2995980000001,0
2026-03-10T00:28:34.051898,0,0,655.2995980000001,0
2026-03-10T00:28:35.057977,0,0,655.2995980000001,0
2026-03-10T00:28:36.065000,0,0,655.2995980000001,0
2026-03-10T00:28:38.066803,0,0,655.2995980000001,0
2026-03-10T00:28:38.077860,0,0,656.181624,0
2026-03-10T00:28:39.085894,0,0,655.2995980000001,0
2026-03-10T00:28:40.091854,0,0,655.2995980000001,0
2026-03-10T00:28:41.098830,0,0,655.2995980000001,0
2026-03-10T00:28:42.104808,0,0,655.2995980000001,0
2026-03-10T00:28:43.111794,0,0,654.4175720000001,0
2026-03-10T00:28:44.117706,0,0,655.2995980000001,0
2026-03-10T00:29:20.001408,0,0,655.2995980000001,0
2026-03-10T00:29:22.483886,0,0,655.2995980000001,0
2026-03-10T00:29:23.490853,0,0,655.2995980000001,0
2026-03-10T00:29:24.496768,0,0,654.4175720000001,0
2026-03-10T00:29:25.503769,0,0,655.2995980000001,0
2026-03-10T00:29:26.509709,0,0,655.2995980000001,0
2026-03-10T00:29:27.516732,0,0,655.2995980000001,0
2026-03-10T00:29:28.523696,0,0,655.2995980000001,0
2026-03-10T00:29:29.530724,0,0,655.2995980000001,0
2026-03-10T00:29:30.537611,0,0,655.2995980000001,0
2026-03-10T00:29:31.543628,0,0,655.2995980000001,0
2026-03-10T00:29:32.550680,0,0,654.4175720000001,0
2026-03-10T00:29:33.556549,0,0,655.2995980000001,0
2026-03-10T00:29:34.563559,0,0,655.2995980000001,0
2026-03-10T00:29:35.570601,0,0,655.2995980000001,0
2026-03-10T00:29:36.577493,0,0,655.2995980000001,0
2026-03-10T00:29:37.583473,0,0,655.2995980000001,0
2026-03-10T00:29:38.590461,0,0,655.2995980000001,0
2026-03-10T00:29:40.592256,0,0,655.2995980000001,0
2026-03-10T00:29:40.603425,0,0,655.2995980000001,0
2026-03-10T00:29:41.610502,0,0,655.2995980000001,0
2026-03-10T00:29:42.616391,0,0,655.2995980000001,0
2026-03-10T00:29:43.624363,0,0,655.2995980000001,0
2026-03-10T00:29:44.630490,0,0,655.2995980000001,0
2026-03-10T00:29:45.637316,0,0,655.2995980000001,0
2026-03-10T00:29:46.644217,0,0,655.2995980000001,0
2026-03-10T00:29:47.650353,0,0,655.2995980000001,0
2026-03-10T00:29:48.657182,0,0,655.2995980000001,0
2026-03-10T00:29:49.663157,0,0,655.2995980000001,0
2026-03-10T00:29:50.671131,0,0,655.2995980000001,0
2026-03-10T00:29:51.677112,0,0,655.2995980000001,0
2026-03-10T00:29:52.684086,0,0,656.181624,0
2026-03-10T00:29:53.688051,0,0,654.4175720000001,0
2026-03-10T00:29:55.689868,0,0,655.2995980000001,0
2026-03-10T00:29:55.704027,0,0,655.2995980000001,0
2026-03-10T00:29:56.710070,0,0,655.2995980000001,0
2026-03-10T00:29:57.717064,0,0,655.2995980000001,0
2026-03-10T00:29:59.718797,0,0,655.2995980000001,0
2026-03-10T00:29:59.730881,0,0,655.2995980000001,0
2026-03-10T00:30:00.736941,0,0,655.2995980000001,0
2026-03-10T00:30:01.743911,0,0,655.2995980000001,0
2026-03-10T00:30:02.750905,0,0,655.2995980000001,0
2026-03-10T00:30:03.756817,0,0,655.2995980000001,0
2026-03-10T00:30:04.763885,0,0,655.2995980000001,0
2026-03-10T00:30:06.765694,0,0,655.2995980000001,0
2026-03-10T00:30:58.755329,0,0,655.2995980000001,0
2026-03-10T00:31:01.237525,0,0,655.2995980000001,0
2026-03-10T00:31:02.244475,0,0,655.2995980000001,0
2026-03-10T00:31:03.250489,0,0,655.2995980000001,0
2026-03-10T00:31:05.252454,0,0,655.2995980000001,0
2026-03-10T00:31:05.263403,0,0,655.2995980000001,0
2026-03-10T00:31:06.270472,0,0,655.2995980000001,0
2026-03-10T00:31:07.277340,0,0,655.2995980000001,0
2026-03-10T00:31:08.283311,0,0,654.4175720000001,0
2026-03-10T00:31:09.291300,0,0,655.2995980000001,0
2026-03-10T00:31:10.297273,0,0,655.2995980000001,0
2026-03-10T00:31:11.304235,0,0,655.2995980000001,0
2026-03-10T00:31:13.306125,0,0,655.2995980000001,0
2026-03-10T00:31:13.317236,0,0,655.2995980000001,0
2026-03-10T00:31:14.324177,0,0,655.2995980000001,0
2026-03-10T00:31:15.331197,0,0,655.2995980000001,0
2026-03-10T00:31:16.337178,0,0,655.2995980000001,0
2026-03-10T00:31:17.344116,0,0,655.2995980000001,0
2026-03-10T00:31:18.351081,0,0,655.2995980000001,0
2026-03-10T00:31:19.357039,0,0,655.2995980000001,0
2026-03-10T00:31:20.364024,0,0,655.2995980000001,0
2026-03-10T00:31:21.370041,0,0,654.4175720000001,0
2026-03-10T00:31:22.378014,0,0,655.2995980000001,0
2026-03-10T00:31:23.383967,0,0,655.2995980000001,0
2026-03-10T00:31:24.390945,0,0,655.2995980000001,0
2026-03-10T00:31:25.396951,0,0,655.2995980000001,0
2026-03-10T00:31:26.401883,0,0,655.2995980000001,0
2026-03-10T00:31:27.410876,0,0,655.2995980000001,0
2026-03-10T00:31:28.416792,0,0,655.2995980000001,0
2026-03-10T00:31:29.424800,0,0,655.2995980000001,0
2026-03-10T00:31:30.430840,0,0,655.2995980000001,0
2026-03-10T00:31:31.437735,0,0,655.2995980000001,0
2026-03-10T00:31:32.443743,0,0,655.2995980000001,0
2026-03-10T00:31:33.448714,0,0,655.2995980000001,0
2026-03-10T00:31:34.457671,0,0,655.2995980000001,0
2026-03-10T00:31:35.463694,0,0,655.2995980000001,0
2026-03-10T00:31:36.470680,0,0,655.2995980000001,0
2026-03-10T00:31:37.477597,0,0,655.2995980000001,0
2026-03-10T00:31:38.484564,0,0,655.2995980000001,0
2026-03-10T00:31:39.490618,0,0,655.2995980000001,0
2026-03-10T00:31:40.496539,0,0,655.2995980000001,0
2026-03-10T00:31:41.504555,0,0,655.2995980000001,0
2026-03-10T00:31:42.509470,0,0,655.2995980000001,0
2026-03-10T00:31:43.517465,0,0,655.2995980000001,0
2026-03-10T00:31:44.523449,0,0,655.2995980000001,0
2026-03-10T00:31:45.531411,0,0,654.4175720000001,0
2026-03-10T00:31:46.537356,0,0,655.2995980000001,0
2026-03-10T00:31:47.542510,0,0,655.2995980000001,0
2026-03-10T00:31:48.550458,0,0,655.2995980000001,0
2026-03-10T00:31:49.557320,0,0,655.2995980000001,0
2026-03-10T00:31:50.564278,0,0,655.2995980000001,0
2026-03-10T00:31:51.570375,0,0,655.2995980000001,0
2026-03-10T00:31:52.578209,0,0,655.2995980000001,0
2026-03-10T00:31:53.584226,0,0,655.2995980000001,0
2026-03-10T00:31:54.589206,0,0,654.4175720000001,0
2026-03-10T00:31:55.597196,0,0,655.2995980000001,0
2026-03-10T00:31:56.604144,0,0,655.2995980000001,0
2026-03-10T00:31:57.611134,0,0,655.2995980000001,0
2026-03-10T00:31:58.617059,0,0,655.2995980000001,0
2026-03-10T00:31:59.624071,0,0,655.2995980000001,0
2026-03-10T00:32:00.631049,0,0,655.2995980000001,0
2026-03-10T00:32:01.638036,0,0,655.2995980000001,0
2026-03-10T00:32:03.639990,0,0,655.2995980000001,0
2026-03-10T00:32:03.650955,0,0,655.2995980000001,0
2026-03-10T00:32:04.656978,0,0,655.2995980000001,0
2026-03-10T00:32:05.663922,0,0,655.2995980000001,0
2026-03-10T00:32:06.670897,0,0,655.2995980000001,0
2026-03-10T00:32:07.677866,0,0,656.181624,0
2026-03-10T00:32:08.684845,0,0,655.2995980000001,0
2026-03-10T00:32:09.688857,0,0,655.2995980000001,0
2026-03-10T00:32:10.697825,0,0,655.2995980000001,0
2026-03-10T00:32:11.703803,0,0,655.2995980000001,0
2026-03-10T00:32:12.710812,0,0,655.2995980000001,0
2026-03-10T00:32:13.717741,0,0,655.2995980000001,0
2026-03-10T00:32:14.723727,0,0,655.2995980000001,0
2026-03-10T00:32:15.731692,0,0,655.2995980000001,0
2026-03-10T00:32:16.737710,0,0,655.2995980000001,0
2026-03-10T00:32:17.744640,0,0,655.2995980000001,0
2026-03-10T00:32:18.750718,0,0,655.2995980000001,0
2026-03-10T00:32:19.757594,0,0,655.2995980000001,0
2026-03-10T00:32:20.763585,0,0,655.2995980000001,0
2026-03-10T00:32:21.770657,0,0,655.2995980000001,0
2026-03-10T00:32:22.778647,0,0,655.2995980000001,0
2026-03-10T00:32:23.784518,0,0,655.2995980000001,0
2026-03-10T00:32:24.791481,0,0,655.2995980000001,0
2026-03-10T00:32:25.797401,0,0,655.2995980000001,0
2026-03-10T00:32:27.799204,0,0,655.2995980000001,0
2026-03-10T00:32:27.810608,0,0,655.2995980000001,0
2026-03-10T00:32:28.817434,0,0,655.2995980000001,0
2026-03-10T00:32:29.824387,0,0,655.2995980000001,0
2026-03-10T00:32:30.831363,0,0,655.2995980000001,0
2026-03-10T00:32:31.838423,0,0,655.2995980000001,0
2026-03-10T00:32:32.844318,0,0,655.2995980000001,0
2026-03-10T00:32:33.851307,0,0,654.4175720000001,0
2026-03-10T00:32:34.857253,0,0,655.2995980000001,0
2026-03-10T00:32:35.864245,0,0,655.2995980000001,0
2026-03-10T00:32:36.870211,0,0,655.2995980000001,0
2026-03-10T00:32:37.877224,0,0,655.2995980000001,0
2026-03-10T00:32:38.885194,0,0,655.2995980000001,0
2026-03-10T00:32:39.890086,0,0,655.2995980000001,0
2026-03-10T00:32:41.892011,0,0,655.2995980000001,0
2026-03-10T00:32:41.904127,0,0,655.2995980000001,0
2026-03-10T00:32:42.911111,0,0,655.2995980000001,0
2026-03-10T00:32:43.917094,0,0,655.2995980000001,0
2026-03-10T00:32:44.924060,0,0,655.2995980000001,0
2026-03-10T00:32:45.932016,0,0,655.2995980000001,0
2026-03-10T00:32:46.938056,0,0,655.2995980000001,0
2026-03-10T00:32:48.940015,0,0,655.2995980000001,0
2026-03-10T00:32:48.950929,0,0,655.2995980000001,0
2026-03-10T00:32:49.957916,0,0,655.2995980000001,0
2026-03-10T00:32:50.963854,0,0,655.2995980000001,0
2026-03-10T00:32:51.970870,0,0,655.2995980000001,0
2026-03-10T00:32:52.976795,0,0,655.2995980000001,0
2026-03-10T00:32:53.984767,0,0,655.2995980000001,0
2026-03-10T00:32:55.986672,0,0,654.4175720000001,0
2026-03-10T00:32:55.997709,0,0,655.2995980000001,0
2026-03-10T00:32:57.004754,0,0,655.2995980000001,0
2026-03-10T00:32:58.010746,0,0,656.181624,0
2026-03-10T00:32:59.017670,0,0,655.2995980000001,0
2026-03-10T00:33:00.023687,0,0,655.2995980000001,0
2026-03-10T00:33:01.031582,0,0,655.2995980000001,0
2026-03-10T00:33:02.038775,0,0,655.2995980000001,0
2026-03-10T00:33:03.044619,0,0,655.2995980000001,0
2026-03-10T00:33:04.051557,0,0,656.181624,0
2026-03-10T00:33:05.057564,0,0,655.2995980000001,0
2026-03-10T00:33:06.064501,0,0,655.2995980000001,0
2026-03-10T00:33:07.070570,0,0,656.181624,0
2026-03-10T00:33:08.077456,0,0,655.2995980000001,0
2026-03-10T00:33:10.079260,0,0,655.2995980000001,0
2026-03-10T00:33:10.091351,0,0,655.2995980000001,0
2026-03-10T00:33:11.098470,0,0,655.2995980000001,0
2026-03-10T00:33:12.104278,0,0,655.2995980000001,0
2026-03-10T00:33:13.111339,0,0,656.181624,0
2026-03-10T00:33:14.117298,0,0,655.2995980000001,0
2026-03-10T00:33:15.124318,0,0,655.2995980000001,0
2026-03-10T00:33:16.130419,0,0,655.2995980000001,0
2026-03-10T00:33:17.138406,0,0,655.2995980000001,0
2026-03-10T00:33:18.145234,0,0,655.2995980000001,0
2026-03-10T00:33:19.151209,0,0,655.2995980000001,0
2026-03-10T00:33:20.158186,0,0,655.2995980000001,0
2026-03-10T00:33:21.164133,0,0,655.2995980000001,0
2026-03-10T00:33:22.171080,0,0,655.2995980000001,0
2026-03-10T00:33:23.177191,0,0,655.2995980000001,0
2026-03-10T00:33:25.178766,0,0,655.2995980000001,0
2026-03-10T00:33:25.191011,0,0,655.2995980000001,0
2026-03-10T00:33:26.198035,0,0,655.2995980000001,0
2026-03-10T00:33:27.204988,0,0,655.2995980000001,0
2026-03-10T00:33:28.210977,0,0,655.2995980000001,0
2026-03-10T00:33:29.217943,0,0,655.2995980000001,0
2026-03-10T00:33:30.223955,0,0,655.2995980000001,0
2026-03-10T00:33:31.230956,0,0,655.2995980000001,0
2026-03-10T00:33:32.237887,0,0,655.2995980000001,0
2026-03-10T00:33:33.244844,0,0,655.2995980000001,0
2026-03-10T00:33:34.251800,0,0,655.2995980000001,0
2026-03-10T00:33:35.257822,0,0,655.2995980000001,0
2026-03-10T00:33:36.264781,0,0,655.2995980000001,0
2026-03-10T00:33:37.268870,0,0,655.2995980000001,0
2026-03-10T00:33:38.277768,0,0,655.2995980000001,0
2026-03-10T00:33:39.284708,0,0,655.2995980000001,0
2026-03-10T00:33:40.291693,0,0,655.2995980000001,0
2026-03-10T00:33:41.297658,0,0,655.2995980000001,0
2026-03-10T00:33:42.304651,0,0,655.2995980000001,0
2026-03-10T00:33:43.311609,0,0,655.2995980000001,0
2026-03-10T00:33:44.317608,0,0,655.2995980000001,0
2026-03-10T00:33:46.319388,0,0,655.2995980000001,0
2026-03-10T00:33:46.330617,0,0,655.2995980000001,0
2026-03-10T00:33:47.338634,0,0,655.2995980000001,0
2026-03-10T00:33:48.344493,0,0,655.2995980000001,0
2026-03-10T00:33:49.351479,0,0,655.2995980000001,0
2026-03-10T00:33:50.358547,0,0,655.2995980000001,0
2026-03-10T00:33:51.364404,0,0,655.2995980000001,0
2026-03-10T00:33:52.371374,0,0,655.2995980000001,0
2026-03-10T00:33:54.373174,0,0,655.2995980000001,0
2026-03-10T00:33:54.385326,0,0,655.2995980000001,0
2026-03-10T00:33:55.391369,0,0,655.2995980000001,0
2026-03-10T00:33:56.398421,0,0,655.2995980000001,0
2026-03-10T00:33:57.404279,0,0,655.2995980000001,0
2026-03-10T00:33:58.410876,0,0,655.2995980000001,0
2026-03-10T00:33:59.418209,0,0,655.2995980000001,0
2026-03-10T00:34:01.420129,0,0,655.2995980000001,0
2026-03-10T00:34:01.431150,0,0,655.2995980000001,0
2026-03-10T00:34:02.438181,0,0,655.2995980000001,0
2026-03-10T00:34:03.445131,0,0,655.2995980000001,0
2026-03-10T00:34:04.451140,0,0,655.2995980000001,0
2026-03-10T00:34:05.458114,0,0,655.2995980000001,0
2026-03-10T00:34:06.465093,0,0,655.2995980000001,0
2026-03-10T00:34:07.471102,0,0,655.2995980000001,0
2026-03-10T00:34:08.478040,0,0,655.2995980000001,0
2026-03-10T00:34:09.484988,0,0,655.2995980000001,0
2026-03-10T00:34:10.491988,0,0,655.2995980000001,0
2026-03-10T00:34:11.497975,0,0,655.2995980000001,0
2026-03-10T00:34:12.504951,0,0,656.181624,0
2026-03-10T00:34:13.510912,0,0,655.2995980000001,0
2026-03-10T00:34:15.512727,0,0,655.2995980000001,0
2026-03-10T00:34:15.524806,0,0,655.2995980000001,0
2026-03-10T00:34:16.530847,0,0,655.2995980000001,0
2026-03-10T00:34:17.538846,0,0,655.2995980000001,0
2026-03-10T00:34:18.544715,0,0,655.2995980000001,0
2026-03-10T00:34:19.551776,0,0,655.2995980000001,0
2026-03-10T00:34:20.557693,0,0,655.2995980000001,0
2026-03-10T00:34:22.559451,0,0,655.2995980000001,0
2026-03-10T00:34:22.571648,0,0,655.2995980000001,0
2026-03-10T00:34:23.577677,0,0,655.2995980000001,0
2026-03-10T00:34:24.585667,0,0,655.2995980000001,0
2026-03-10T00:34:25.591632,0,0,655.2995980000001,0
2026-03-10T00:34:26.598682,0,0,656.181624,0
2026-03-10T00:34:27.604590,0,0,655.2995980000001,0
2026-03-10T00:34:29.606465,0,0,655.2995980000001,0
2026-03-10T00:34:29.617529,0,0,655.2995980000001,0
2026-03-10T00:34:30.624557,0,0,655.2995980000001,0
2026-03-10T00:34:31.631553,0,0,656.181624,0
2026-03-10T00:34:32.638579,0,0,655.2995980000001,0
2026-03-10T00:34:33.645451,0,0,655.2995980000001,0
2026-03-10T00:34:34.651432,0,0,655.2995980000001,0
2026-03-10T00:34:35.658618,0,0,655.2995980000001,0
2026-03-10T00:34:37.660377,0,0,655.2995980000001,0
2026-03-10T00:34:37.671283,0,0,655.2995980000001,0
2026-03-10T00:34:38.678468,0,0,655.2995980000001,0
2026-03-10T00:34:39.685303,0,0,655.2995980000001,0
2026-03-10T00:34:40.692275,0,0,655.2995980000001,0
2026-03-10T00:34:41.698401,0,0,655.2995980000001,0
2026-03-10T00:34:42.703262,0,0,655.2995980000001,0
2026-03-10T00:34:43.711240,0,0,655.2995980000001,0
2026-03-10T00:34:44.718177,0,0,655.2995980000001,0
2026-03-10T00:34:45.724167,0,0,655.2995980000001,0
2026-03-10T00:34:46.731143,0,0,655.2995980000001,0
2026-03-10T00:34:47.739140,0,0,655.2995980000001,0
2026-03-10T00:34:48.745098,0,0,655.2995980000001,0
2026-03-10T00:34:49.751097,0,0,655.2995980000001,0
2026-03-10T00:34:51.752891,0,0,655.2995980000001,0
2026-03-10T00:34:51.764979,0,0,655.2995980000001,0
2026-03-10T00:34:52.771011,0,0,655.2995980000001,0
2026-03-10T00:34:53.777997,0,0,655.2995980000001,0
2026-03-10T00:34:54.785961,0,0,655.2995980000001,0
2026-03-10T00:34:55.791929,0,0,655.2995980000001,0
2026-03-10T00:34:56.798898,0,0,655.2995980000001,0
2026-03-10T00:34:57.803879,0,0,655.2995980000001,0
2026-03-10T00:34:58.811877,0,0,656.181624,0
2026-03-10T00:34:59.817849,0,0,655.2995980000001,0
2026-03-10T00:35:00.824815,0,0,655.2995980000001,0
2026-03-10T00:35:01.830828,0,0,655.2995980000001,0
2026-03-10T00:35:02.838783,0,0,655.2995980000001,0
2026-03-10T00:35:03.845733,0,0,655.2995980000001,0
2026-03-10T00:35:04.850743,0,0,655.2995980000001,0
2026-03-10T00:35:06.852526,0,0,655.2995980000001,0
2026-03-10T00:35:06.864607,0,0,655.2995980000001,0
2026-03-10T00:35:07.871682,0,0,655.2995980000001,0
2026-03-10T00:35:08.877610,0,0,655.2995980000001,0
2026-03-10T00:35:09.885611,0,0,655.2995980000001,0
2026-03-10T00:35:10.892557,0,0,655.2995980000001,0
2026-03-10T00:35:11.898664,0,0,655.2995980000001,0
2026-03-10T00:35:12.903557,0,0,655.2995980000001,0
2026-03-10T00:35:13.911527,0,0,655.2995980000001,0
2026-03-10T00:35:14.918558,0,0,655.2995980000001,0
2026-03-10T00:35:15.924456,0,0,655.2995980000001,0
2026-03-10T00:35:16.931447,0,0,655.2995980000001,0
2026-03-10T00:35:17.938522,0,0,655.2995980000001,0
2026-03-10T00:35:18.945392,0,0,655.2995980000001,0
2026-03-10T00:35:19.951379,0,0,655.2995980000001,0
2026-03-10T00:35:20.958544,0,0,655.2995980000001,0
2026-03-10T00:35:21.965330,0,0,655.2995980000001,0
2026-03-10T00:35:22.971312,0,0,655.2995980000001,0
2026-03-10T00:35:23.978380,0,0,655.2995980000001,0
2026-03-10T00:35:24.985248,0,0,655.2995980000001,0
2026-03-10T00:35:25.992211,0,0,655.2995980000001,0
2026-03-10T00:35:26.999245,0,0,655.2995980000001,0
2026-03-10T00:35:29.001048,0,0,655.2995980000001,0
2026-03-10T00:35:29.012164,0,0,655.2995980000001,0
2026-03-10T00:35:30.018163,0,0,655.2995980000001,0
2026-03-10T00:35:31.025136,0,0,655.2995980000001,0
2026-03-10T00:35:32.031117,0,0,655.2995980000001,0
2026-03-10T00:35:33.039106,0,0,655.2995980000001,0
2026-03-10T00:35:34.045074,0,0,655.2995980000001,0
2026-03-10T00:35:35.052072,0,0,655.2995980000001,0
2026-03-10T00:35:36.059028,0,0,655.2995980000001,0
2026-03-10T00:35:37.064989,0,0,655.2995980000001,0
2026-03-10T00:35:38.071926,0,0,655.2995980000001,0
2026-03-10T00:35:39.077928,0,0,655.2995980000001,0
2026-03-10T00:35:40.085908,0,0,655.2995980000001,0
2026-03-10T00:35:41.091879,0,0,655.2995980000001,0
2026-03-10T00:35:42.097876,0,0,655.2995980000001,0
2026-03-10T00:35:43.105874,0,0,655.2995980000001,0
2026-03-10T00:35:44.111821,0,0,655.2995980000001,0
2026-03-10T00:35:45.118840,0,0,655.2995980000001,0
2026-03-10T00:35:46.124744,0,0,655.2995980000001,0
2026-03-10T00:35:47.132726,0,0,655.2995980000001,0
2026-03-10T00:35:48.138758,0,0,655.2995980000001,0
2026-03-10T00:35:49.144741,0,0,655.2995980000001,0
2026-03-10T00:35:50.151687,0,0,655.2995980000001,0
2026-03-10T00:35:51.158723,0,0,655.2995980000001,0
2026-03-10T00:35:52.165625,0,0,655.2995980000001,0
2026-03-10T00:35:53.171597,0,0,655.2995980000001,0
2026-03-10T00:35:54.178674,0,0,655.2995980000001,0
2026-03-10T00:35:55.185564,0,0,655.2995980000001,0
2026-03-10T00:35:56.191525,0,0,656.181624,0
2026-03-10T00:35:57.198634,0,0,655.2995980000001,0
2026-03-10T00:35:58.205486,0,0,655.2995980000001,0
2026-03-10T00:35:59.212462,0,0,655.2995980000001,0
2026-03-10T00:36:00.218577,0,0,655.2995980000001,0
2026-03-10T00:36:01.225466,0,0,655.2995980000001,0
2026-03-10T00:36:02.232437,0,0,655.2995980000001,0
2026-03-10T00:36:03.238457,0,0,655.2995980000001,0
2026-03-10T00:36:04.245380,0,0,655.2995980000001,0
2026-03-10T00:36:05.252317,0,0,655.2995980000001,0
2026-03-10T00:36:06.258420,0,0,655.2995980000001,0
2026-03-10T00:36:07.265268,0,0,655.2995980000001,0
2026-03-10T00:36:08.272217,0,0,655.2995980000001,0
2026-03-10T00:36:09.278195,0,0,655.2995980000001,0
2026-03-10T00:36:10.285239,0,0,655.2995980000001,0
2026-03-10T00:36:11.292206,0,0,655.2995980000001,0
2026-03-10T00:36:12.299175,0,0,655.2995980000001,0
2026-03-10T00:36:13.305120,0,0,655.2995980000001,0
2026-03-10T00:36:14.312083,0,0,655.2995980000001,0
2026-03-10T00:36:15.319098,0,0,655.2995980000001,0
2026-03-10T00:36:16.325065,0,0,655.2995980000001,0
2026-03-10T00:36:17.333043,0,0,655.2995980000001,0
2026-03-10T00:36:18.339041,0,0,655.2995980000001,0
2026-03-10T00:36:19.345995,0,0,655.2995980000001,0
2026-03-10T00:36:20.351952,0,0,655.2995980000001,0
2026-03-10T00:36:21.358955,0,0,655.2995980000001,0
2026-03-10T00:36:22.364908,0,0,655.2995980000001,0
2026-03-10T00:36:23.371865,0,0,655.2995980000001,0
2026-03-10T00:36:24.377923,0,0,655.2995980000001,0
2026-03-10T00:36:25.385873,0,0,655.2995980000001,0
2026-03-10T00:36:26.392814,0,0,655.2995980000001,0
2026-03-10T00:36:27.398834,0,0,655.2995980000001,0
2026-03-10T00:36:28.405779,0,0,655.2995980000001,0
2026-03-10T00:36:29.411772,0,0,655.2995980000001,0
2026-03-10T00:36:30.418736,0,0,655.2995980000001,0
2026-03-10T00:36:31.425680,0,0,655.2995980000001,0
2026-03-10T00:36:32.432773,0,0,655.2995980000001,0
2026-03-10T00:36:33.439681,0,0,655.2995980000001,0
2026-03-10T00:36:34.445657,0,0,655.2995980000001,0
2026-03-10T00:36:35.452619,0,0,655.2995980000001,0
2026-03-10T00:36:36.458700,0,0,655.2995980000001,0
2026-03-10T00:36:37.465592,0,0,655.2995980000001,0
2026-03-10T00:36:38.471595,0,0,655.2995980000001,0
2026-03-10T00:36:39.479560,0,0,655.2995980000001,0
2026-03-10T00:36:40.486629,0,0,655.2995980000001,0
2026-03-10T00:36:41.492509,0,0,655.2995980000001,0
2026-03-10T00:36:42.499507,0,0,655.2995980000001,0
2026-03-10T00:36:43.504482,0,0,654.4175720000001,0
2026-03-10T00:36:44.512494,0,0,655.2995980000001,0
2026-03-10T00:36:45.518548,0,0,655.2995980000001,0
2026-03-10T00:36:46.526488,0,0,655.2995980000001,0
2026-03-10T00:36:47.533393,0,0,655.2995980000001,0
2026-03-10T00:36:48.538940,0,0,655.2995980000001,0
2026-03-10T00:36:49.546484,0,0,655.2995980000001,0
2026-03-10T00:36:50.552223,0,0,655.2995980000001,0
2026-03-10T00:36:52.554038,0,0,655.2995980000001,0
2026-03-10T00:36:52.565158,0,0,655.2995980000001,0
2026-03-10T00:36:53.573244,0,0,655.2995980000001,0
2026-03-10T00:36:54.579229,0,0,655.2995980000001,0
2026-03-10T00:36:55.586165,0,0,655.2995980000001,0
2026-03-10T00:36:56.593164,0,0,655.2995980000001,0
2026-03-10T00:36:57.599085,0,0,655.2995980000001,0
2026-03-10T00:36:59.600995,0,0,655.2995980000001,0
2026-03-10T00:36:59.612065,0,0,655.2995980000001,0
2026-03-10T00:37:00.619099,0,0,655.2995980000001,0
2026-03-10T00:37:01.626032,0,0,655.2995980000001,0
2026-03-10T00:37:02.633045,0,0,655.2995980000001,0
2026-03-10T00:37:03.640020,0,0,655.2995980000001,0
2026-03-10T00:37:04.645955,0,0,655.2995980000001,0
2026-03-10T00:37:05.651945,0,0,654.4175720000001,0
2026-03-10T00:37:06.658896,0,0,655.2995980000001,0
2026-03-10T00:37:07.665884,0,0,655.2995980000001,0
2026-03-10T00:37:08.672877,0,0,655.2995980000001,0
2026-03-10T00:37:09.679885,0,0,655.2995980000001,0
2026-03-10T00:37:10.685859,0,0,655.2995980000001,0
2026-03-10T00:37:11.692740,0,0,655.2995980000001,0
2026-03-10T00:37:13.694568,0,0,655.2995980000001,0
2026-03-10T00:37:13.705792,0,0,655.2995980000001,0
2026-03-10T00:37:14.712708,0,0,655.2995980000001,0
2026-03-10T00:37:15.719698,0,0,655.2995980000001,0
2026-03-10T00:37:16.726709,0,0,655.2995980000001,0
2026-03-10T00:37:17.732648,0,0,655.2995980000001,0
2026-03-10T00:37:18.739617,0,0,655.2995980000001,0
2026-03-10T00:37:19.746781,0,0,655.2995980000001,0
2026-03-10T00:37:21.748604,0,0,655.2995980000001,0
2026-03-10T00:37:49.498614,0,0,655.2995980000001,0
2026-03-10T00:37:51.980824,0,0,655.2995980000001,0
2026-03-10T00:37:52.987804,0,0,655.2995980000001,0
2026-03-10T00:37:53.993797,0,0,655.2995980000001,0
2026-03-10T00:37:54.999792,0,0,655.2995980000001,0
2026-03-10T00:37:56.006751,0,0,655.2995980000001,0
2026-03-10T00:37:57.014789,0,0,655.2995980000001,0
2026-03-10T00:37:58.020714,0,0,655.2995980000001,0
2026-03-10T00:37:59.027686,0,0,655.2995980000001,0
2026-03-10T00:38:00.034744,0,0,655.2995980000001,0
2026-03-10T00:38:01.040641,0,0,655.2995980000001,0
2026-03-10T00:38:02.047642,0,0,655.2995980000001,0
2026-03-10T00:38:03.053581,0,0,655.2995980000001,0
2026-03-10T00:38:04.060547,0,0,655.2995980000001,0
2026-03-10T00:38:05.067526,0,0,655.2995980000001,0
2026-03-10T00:38:06.074584,0,0,654.4175720000001,0
2026-03-10T00:38:07.080473,0,0,655.2995980000001,0
2026-03-10T00:38:08.087448,0,0,655.2995980000001,0
2026-03-10T00:38:09.094575,0,0,655.2995980000001,0
2026-03-10T00:38:10.100426,0,0,655.2995980000001,0
2026-03-10T00:38:11.107375,0,0,655.2995980000001,0
2026-03-10T00:38:12.114526,0,0,655.2995980000001,0
2026-03-10T00:38:13.121353,0,0,655.2995980000001,0
2026-03-10T00:38:14.127311,0,0,655.2995980000001,0
2026-03-10T00:38:15.134390,0,0,656.181624,0
2026-03-10T00:38:16.141299,0,0,655.2995980000001,0
2026-03-10T00:38:17.147260,0,0,655.2995980000001,0
2026-03-10T00:38:18.154331,0,0,655.2995980000001,0
2026-03-10T00:38:19.160196,0,0,655.2995980000001,0
2026-03-10T00:38:20.168177,0,0,655.2995980000001,0
2026-03-10T00:38:21.174156,0,0,655.2995980000001,0
2026-03-10T00:38:22.181132,0,0,655.2995980000001,0
2026-03-10T00:38:23.187147,0,0,655.2995980000001,0
2026-03-10T00:38:24.194088,0,0,655.2995980000001,0
2026-03-10T00:38:25.201068,0,0,655.2995980000001,0
2026-03-10T00:38:26.207038,0,0,655.2995980000001,0
2026-03-10T00:38:27.215027,0,0,657.06365,0
2026-03-10T00:38:28.220991,0,0,655.2995980000001,0
2026-03-10T00:38:29.228003,0,0,655.2995980000001,0
2026-03-10T00:38:30.233985,0,0,655.2995980000001,0
2026-03-10T00:38:31.240924,0,0,655.2995980000001,0
2026-03-10T00:38:32.247895,0,0,655.2995980000001,0
2026-03-10T00:38:33.253878,0,0,655.2995980000001,0
2026-03-10T00:38:34.261867,0,0,655.2995980000001,0
2026-03-10T00:38:35.267837,0,0,655.2995980000001,0
2026-03-10T00:38:36.274823,0,0,655.2995980000001,0
2026-03-10T00:38:37.280842,0,0,655.2995980000001,0
2026-03-10T00:38:38.287777,0,0,655.2995980000001,0
2026-03-10T00:38:39.293741,0,0,655.2995980000001,0
2026-03-10T00:38:40.300711,0,0,655.2995980000001,0
2026-03-10T00:38:41.307690,0,0,655.2995980000001,0
2026-03-10T00:38:42.314741,0,0,655.2995980000001,0
2026-03-10T00:38:43.321650,0,0,656.181624,0
2026-03-10T00:38:44.327727,0,0,655.2995980000001,0
2026-03-10T00:38:45.334685,0,0,655.2995980000001,0
2026-03-10T00:38:46.339588,0,0,655.2995980000001,0
2026-03-10T00:38:47.347550,0,0,655.2995980000001,0
2026-03-10T00:38:48.354622,0,0,655.2995980000001,0
2026-03-10T00:38:49.361496,0,0,655.2995980000001,0
2026-03-10T00:38:50.368500,0,0,655.2995980000001,0
2026-03-10T00:38:51.374610,0,0,655.2995980000001,0
2026-03-10T00:38:52.381459,0,0,656.181624,0
2026-03-10T00:38:53.387433,0,0,655.2995980000001,0
2026-03-10T00:38:54.394513,0,0,655.2995980000001,0
2026-03-10T00:38:55.400364,0,0,655.2995980000001,0
2026-03-10T00:38:56.407350,0,0,655.2995980000001,0
2026-03-10T00:38:57.415336,0,0,655.2995980000001,0
2026-03-10T00:38:58.421325,0,0,655.2995980000001,0
2026-03-10T00:38:59.428331,0,0,655.2995980000001,0
2026-03-10T00:39:00.433312,0,0,655.2995980000001,0
2026-03-10T00:39:01.441277,0,0,655.2995980000001,0
2026-03-10T00:39:02.447267,0,0,655.2995980000001,0
2026-03-10T00:39:03.453218,0,0,655.2995980000001,0
2026-03-10T00:39:04.462075,0,0,655.2995980000001,0
2026-03-10T00:39:05.468245,0,0,655.2995980000001,0
2026-03-10T00:39:06.475203,0,0,655.2995980000001,0
2026-03-10T00:39:07.481177,0,0,655.2995980000001,0
2026-03-10T00:39:08.488143,0,0,655.2995980000001,0
2026-03-10T00:39:09.494138,0,0,654.4175720000001,0
2026-03-10T00:39:10.501120,0,0,655.2995980000001,0
2026-03-10T00:39:11.506061,0,0,655.2995980000001,0
2026-03-10T00:39:12.515037,0,0,654.4175720000001,0
2026-03-10T00:39:13.521957,0,0,655.2995980000001,0
2026-03-10T00:39:14.527939,0,0,655.2995980000001,0
2026-03-10T00:39:15.534921,0,0,655.2995980000001,0
2026-03-10T00:39:16.540891,0,0,655.2995980000001,0
2026-03-10T00:39:17.547859,0,0,655.2995980000001,0
2026-03-10T00:39:18.551868,0,0,655.2995980000001,0
2026-03-10T00:39:19.561835,0,0,655.2995980000001,0
2026-03-10T00:39:20.568781,0,0,655.2995980000001,0
2026-03-10T00:39:21.574816,0,0,655.2995980000001,0
2026-03-10T00:39:22.581764,0,0,654.4175720000001,0
2026-03-10T00:39:23.587748,0,0,655.2995980000001,0
2026-03-10T00:39:24.594754,0,0,655.2995980000001,0
2026-03-10T00:39:25.600680,0,0,654.4175720000001,0
2026-03-10T00:39:26.608680,0,0,655.2995980000001,0
2026-03-10T00:39:27.614688,0,0,655.2995980000001,0
2026-03-10T00:39:28.621606,0,0,655.2995980000001,0
2026-03-10T00:39:29.628583,0,0,655.2995980000001,0
2026-03-10T00:39:30.634660,0,0,655.2995980000001,0
2026-03-10T00:39:31.641517,0,0,655.2995980000001,0
2026-03-10T00:39:32.646625,0,0,655.2995980000001,0
2026-03-10T00:39:33.655520,0,0,654.4175720000001,0
2026-03-10T00:39:34.661486,0,0,655.2995980000001,0
2026-03-10T00:39:35.668456,0,0,655.2995980000001,0
2026-03-10T00:39:36.675436,0,0,655.2995980000001,0
2026-03-10T00:39:37.681384,0,0,655.2995980000001,0
2026-03-10T00:39:38.688391,0,0,655.2995980000001,0
2026-03-10T00:39:39.693383,0,0,655.2995980000001,0
2026-03-10T00:39:41.695197,0,0,655.2995980000001,0
2026-03-10T00:39:41.708308,0,0,655.2995980000001,0
2026-03-10T00:39:42.715321,0,0,654.4175720000001,0
2026-03-10T00:39:43.721267,0,0,655.2995980000001,0
2026-03-10T00:39:44.728259,0,0,655.2995980000001,0
2026-03-10T00:39:45.735231,0,0,655.2995980000001,0
2026-03-10T00:39:46.741209,0,0,655.2995980000001,0
2026-03-10T00:39:47.748251,0,0,655.2995980000001,0
2026-03-10T00:39:49.750034,0,0,655.2995980000001,0
2026-03-10T00:39:49.761068,0,0,655.2995980000001,0
2026-03-10T00:39:50.768148,0,0,655.2995980000001,0
2026-03-10T00:39:51.775133,0,0,656.181624,0
2026-03-10T00:39:52.782095,0,0,655.2995980000001,0
2026-03-10T00:39:53.788092,0,0,655.2995980000001,0
2026-03-10T00:39:54.795068,0,0,655.2995980000001,0
2026-03-10T00:39:55.801057,0,0,655.2995980000001,0
2026-03-10T00:39:56.808996,0,0,655.2995980000001,0
2026-03-10T00:39:57.814953,0,0,655.2995980000001,0
2026-03-10T00:39:58.821929,0,0,656.181624,0
2026-03-10T00:39:59.827917,0,0,655.2995980000001,0
2026-03-10T00:40:00.834877,0,0,657.06365,0
2026-03-10T00:40:01.841845,0,0,655.2995980000001,0
2026-03-10T00:40:02.848834,0,0,655.2995980000001,0
2026-03-10T00:40:22.735087,0,0,655.2995980000001,0
2026-03-10T00:40:23.741347,0,0,655.2995980000001,0
2026-03-10T00:40:24.747340,0,0,655.2995980000001,0
2026-03-10T00:40:25.755270,0,0,655.2995980000001,0
2026-03-10T00:40:26.761266,0,0,655.2995980000001,0
2026-03-10T00:40:27.767302,0,0,655.2995980000001,0
2026-03-10T00:40:28.775441,0,0,653.5355460000001,0
2026-03-10T00:40:29.781279,0,0,655.2995980000001,0
2026-03-10T00:40:30.788246,0,0,655.2995980000001,0
2026-03-10T00:40:31.794208,0,0,655.2995980000001,0
2026-03-10T00:40:32.802210,0,0,655.2995980000001,0
2026-03-10T00:40:33.808170,0,0,655.2995980000001,0
2026-03-10T00:40:34.815172,0,0,655.2995980000001,0
2026-03-10T00:40:35.821166,0,0,655.2995980000001,0
2026-03-10T00:40:36.828128,0,0,655.2995980000001,0
2026-03-10T00:40:38.829924,0,0,655.2995980000001,0
2026-03-10T00:40:38.840986,0,0,655.2995980000001,0
2026-03-10T00:40:39.848982,0,0,655.2995980000001,0
2026-03-10T00:40:40.854970,0,0,655.2995980000001,0
2026-03-10T00:40:41.861937,0,0,655.2995980000001,0
2026-03-10T00:40:42.867932,0,0,655.2995980000001,0
2026-03-10T00:40:43.874850,0,0,655.2995980000001,0
2026-03-10T00:40:45.876593,0,0,655.2995980000001,0
2026-03-10T00:40:45.887838,0,0,655.2995980000001,0
2026-03-10T00:40:46.894832,0,0,655.2995980000001,0
2026-03-10T00:40:47.901831,0,0,655.2995980000001,0
2026-03-10T00:40:48.908790,0,0,655.2995980000001,0
2026-03-10T00:40:49.914797,0,0,655.2995980000001,0
2026-03-10T00:40:50.921706,0,0,655.2995980000001,0
2026-03-10T00:40:52.923506,0,0,655.2995980000001,0
2026-03-10T00:40:52.934685,0,0,656.181624,0
2026-03-10T00:40:53.941679,0,0,655.2995980000001,0
2026-03-10T00:40:54.948658,0,0,655.2995980000001,0
2026-03-10T00:40:55.955622,0,0,655.2995980000001,0
2026-03-10T00:40:56.961593,0,0,655.2995980000001,0
2026-03-10T00:40:57.968523,0,0,655.2995980000001,0
2026-03-10T00:40:59.970395,0,0,655.2995980000001,0
2026-03-10T00:40:59.981461,0,0,655.2995980000001,0
2026-03-10T00:41:00.988536,0,0,655.2995980000001,0
2026-03-10T00:41:01.994942,0,0,655.2995980000001,0
2026-03-10T00:41:03.002560,0,0,655.2995980000001,0
2026-03-10T00:41:04.008432,0,0,655.2995980000001,0
2026-03-10T00:41:05.015374,0,0,655.2995980000001,0
2026-03-10T00:41:07.017156,0,0,655.2995980000001,0
2026-03-10T00:41:07.028301,0,0,655.2995980000001,0
2026-03-10T00:41:08.034418,0,0,655.2995980000001,0
2026-03-10T00:41:09.041347,0,0,655.2995980000001,0
2026-03-10T00:41:10.049294,0,0,655.2995980000001,0
2026-03-10T00:41:11.055275,0,0,655.2995980000001,0
2026-03-10T00:41:12.062218,0,0,655.2995980000001,0
2026-03-10T00:41:14.064142,0,0,655.2995980000001,0
2026-03-10T00:41:14.075220,0,0,655.2995980000001,0
2026-03-10T00:41:15.081220,0,0,655.2995980000001,0
2026-03-10T00:41:16.088230,0,0,655.2995980000001,0
2026-03-10T00:41:17.096130,0,0,655.2995980000001,0
2026-03-10T00:41:18.102115,0,0,655.2995980000001,0
2026-03-10T00:41:19.109106,0,0,655.2995980000001,0
2026-03-10T00:41:20.115108,0,0,655.2995980000001,0
2026-03-10T00:41:21.122036,0,0,655.2995980000001,0
2026-03-10T00:41:22.128012,0,0,655.2995980000001,0
2026-03-10T00:41:23.134974,0,0,655.2995980000001,0
2026-03-10T00:41:24.141963,0,0,655.2995980000001,0
2026-03-10T00:41:25.148980,0,0,656.181624,0
2026-03-10T00:41:26.155949,0,0,654.4175720000001,0
2026-03-10T00:41:27.161922,0,0,655.2995980000001,0
2026-03-10T00:41:28.168889,0,0,655.2995980000001,0
2026-03-10T00:41:29.174864,0,0,655.2995980000001,0
2026-03-10T00:41:30.181826,0,0,655.2995980000001,0
2026-03-10T00:41:31.188797,0,0,655.2995980000001,0
2026-03-10T00:41:32.195784,0,0,655.2995980000001,0
2026-03-10T00:41:33.202737,0,0,655.2995980000001,0
2026-03-10T00:41:34.208734,0,0,654.4175720000001,0
2026-03-10T00:41:35.215746,0,0,655.2995980000001,0
2026-03-10T00:41:36.220697,0,0,655.2995980000001,0
2026-03-10T00:41:37.228693,0,0,655.2995980000001,0
2026-03-10T00:41:38.234710,0,0,655.2995980000001,0
2026-03-10T00:41:39.242660,0,0,655.2995980000001,0
2026-03-10T00:41:40.248637,0,0,655.2995980000001,0
2026-03-10T00:41:41.255581,0,0,656.181624,0
2026-03-10T00:41:42.260524,0,0,655.2995980000001,0
2026-03-10T00:41:44.262425,0,0,655.2995980000001,0
2026-03-10T00:41:44.275493,0,0,655.2995980000001,0
2026-03-10T00:41:45.281520,0,0,655.2995980000001,0
2026-03-10T00:41:46.289488,0,0,655.2995980000001,0
2026-03-10T00:41:47.295462,0,0,655.2995980000001,0
2026-03-10T00:41:48.302529,0,0,655.2995980000001,0
2026-03-10T00:41:49.309408,0,0,655.2995980000001,0
2026-03-10T00:41:50.315439,0,0,655.2995980000001,0
2026-03-10T00:41:51.321385,0,0,655.2995980000001,0
2026-03-10T00:41:52.328362,0,0,655.2995980000001,0
2026-03-10T00:41:53.336331,0,0,655.2995980000001,0
2026-03-10T00:41:54.342418,0,0,655.2995980000001,0
2026-03-10T00:41:55.349277,0,0,655.2995980000001,0
2026-03-10T00:41:56.355269,0,0,655.2995980000001,0
2026-03-10T00:41:57.362335,0,0,655.2995980000001,0
2026-03-10T00:41:58.369291,0,0,655.2995980000001,0
2026-03-10T00:42:00.371243,0,0,657.945676,0
2026-03-10T00:42:00.383091,0,0,655.2995980000001,0
2026-03-10T00:42:01.389148,0,0,655.2995980000001,0
2026-03-10T00:42:02.396109,0,0,655.2995980000001,0
2026-03-10T00:42:03.402046,0,0,655.2995980000001,0
2026-03-10T00:42:04.409082,0,0,655.2995980000001,0
2026-03-10T00:42:05.414015,0,0,655.2995980000001,0
2026-03-10T00:42:06.422113,0,0,655.2995980000001,0
2026-03-10T00:42:07.430072,0,0,655.2995980000001,0
2026-03-10T00:42:09.431991,0,0,655.2995980000001,0
2026-03-10T00:42:09.442896,0,0,655.2995980000001,0
2026-03-10T00:42:10.448897,0,0,655.2995980000001,0
2026-03-10T00:42:11.455903,0,0,655.2995980000001,0
2026-03-10T00:42:12.461871,0,0,655.2995980000001,0
2026-03-10T00:42:13.468845,0,0,655.2995980000001,0
2026-03-10T00:42:14.475764,0,0,655.2995980000001,0
2026-03-10T00:42:15.482924,0,0,655.2995980000001,0
2026-03-10T00:42:16.489863,0,0,655.2995980000001,0
2026-03-10T00:42:17.495857,0,0,655.2995980000001,0
2026-03-10T00:42:18.502859,0,0,655.2995980000001,0
2026-03-10T00:42:19.508800,0,0,655.2995980000001,0
2026-03-10T00:42:21.510647,0,0,654.4175720000001,0
2026-03-10T00:42:21.522668,0,0,655.2995980000001,0
2026-03-10T00:42:22.529651,0,0,655.2995980000001,0
2026-03-10T00:42:23.536627,0,0,657.06365,0
2026-03-10T00:42:24.542657,0,0,655.2995980000001,0
2026-03-10T00:42:25.549579,0,0,655.2995980000001,0
2026-03-10T00:42:26.555598,0,0,655.2995980000001,0
2026-03-10T00:42:27.562659,0,0,655.2995980000001,0
2026-03-10T00:42:29.564462,0,0,655.2995980000001,0
2026-03-10T00:42:29.576452,0,0,654.4175720000001,0
2026-03-10T00:42:30.583471,0,0,655.2995980000001,0
2026-03-10T00:42:31.589448,0,0,655.2995980000001,0
2026-03-10T00:42:32.596415,0,0,656.181624,0
2026-03-10T00:42:33.602504,0,0,655.2995980000001,0
2026-03-10T00:42:34.608289,0,0,655.2995980000001,0
2026-03-10T00:42:35.615424,0,0,656.181624,0
2026-03-10T00:42:36.623314,0,0,655.2995980000001,0
2026-03-10T00:42:37.630382,0,0,655.2995980000001,0
2026-03-10T00:42:38.636273,0,0,655.2995980000001,0
2026-03-10T00:42:39.643277,0,0,655.2995980000001,0
2026-03-10T00:42:40.649235,0,0,655.2995980000001,0
2026-03-10T00:42:41.656227,0,0,656.181624,0
2026-03-10T00:42:42.662191,0,0,655.2995980000001,0
2026-03-10T00:42:43.669160,0,0,655.2995980000001,0
2026-03-10T00:42:44.674078,0,0,655.2995980000001,0
2026-03-10T00:42:45.683178,0,0,655.2995980000001,0
2026-03-10T00:42:46.690085,0,0,655.2995980000001,0
2026-03-10T00:42:47.696079,0,0,655.2995980000001,0
2026-03-10T00:42:48.703047,0,0,655.2995980000001,0
2026-03-10T00:42:49.709012,0,0,655.2995980000001,0
2026-03-10T00:42:50.715967,0,0,655.2995980000001,0
2026-03-10T00:42:51.722981,0,0,656.181624,0
2026-03-10T00:42:52.729967,0,0,655.2995980000001,0
2026-03-10T00:42:53.736839,0,0,655.2995980000001,0
2026-03-10T00:42:55.738662,0,0,655.2995980000001,0
2026-03-10T00:42:55.749830,0,0,655.2995980000001,0
2026-03-10T00:42:56.755842,0,0,655.2995980000001,0
2026-03-10T00:42:57.762862,0,0,655.2995980000001,0
2026-03-10T00:42:58.769782,0,0,655.2995980000001,0
2026-03-10T00:42:59.776765,0,0,655.2995980000001,0
2026-03-10T00:43:00.780717,0,0,655.2995980000001,0
2026-03-10T00:43:01.789817,0,0,655.2995980000001,0
2026-03-10T00:43:03.791610,0,0,655.2995980000001,0
2026-03-10T00:43:03.802824,0,0,655.2995980000001,0
2026-03-10T00:43:05.804677,0,0,655.2995980000001,0
2026-03-10T00:43:05.816588,0,0,655.2995980000001,0
2026-03-10T00:43:06.823599,0,0,655.2995980000001,0
2026-03-10T00:43:07.829570,0,0,655.2995980000001,0
2026-03-10T00:43:08.836563,0,0,655.2995980000001,0
2026-03-10T00:43:09.843551,0,0,655.2995980000001,0
2026-03-10T00:43:10.848542,0,0,655.2995980000001,0
2026-03-10T00:43:11.856608,0,0,655.2995980000001,0
2026-03-10T00:43:12.862626,0,0,655.2995980000001,0
2026-03-10T00:43:13.870583,0,0,655.2995980000001,0
2026-03-10T00:43:14.876432,0,0,656.181624,0
2026-03-10T00:43:15.883434,0,0,655.2995980000001,0
2026-03-10T00:43:16.889413,0,0,655.2995980000001,0
2026-03-10T00:43:17.896390,0,0,655.2995980000001,0
2026-03-10T00:43:18.903349,0,0,655.2995980000001,0
2026-03-10T00:43:19.907354,0,0,655.2995980000001,0
2026-03-10T00:43:20.917344,0,0,655.2995980000001,0
2026-03-10T00:43:21.923323,0,0,655.2995980000001,0
2026-03-10T00:43:22.930427,0,0,655.2995980000001,0
2026-03-10T00:43:23.936258,0,0,655.2995980000001,0
2026-03-10T00:43:24.943272,0,0,655.2995980000001,0
2026-03-10T00:43:25.950218,0,0,655.2995980000001,0
2026-03-10T00:43:26.954196,0,0,655.2995980000001,0
2026-03-10T00:43:27.964195,0,0,655.2995980000001,0
2026-03-10T00:43:28.970141,0,0,655.2995980000001,0
2026-03-10T00:43:29.977134,0,0,655.2995980000001,0
2026-03-10T00:43:30.983127,0,0,655.2995980000001,0
2026-03-10T00:43:31.990083,0,0,655.2995980000001,0
2026-03-10T00:43:32.996044,0,0,655.2995980000001,0
2026-03-10T00:43:34.003026,0,0,655.2995980000001,0
2026-03-10T00:43:36.004846,0,0,655.2995980000001,0
2026-03-10T00:43:36.016925,0,0,655.2995980000001,0
2026-03-10T00:43:37.023958,0,0,655.2995980000001,0
2026-03-10T00:43:38.029919,0,0,655.2995980000001,0
2026-03-10T00:43:39.036873,0,0,656.181624,0
2026-03-10T00:43:40.042897,0,0,655.2995980000001,0
2026-03-10T00:43:41.049852,0,0,656.181624,0
2026-03-10T00:43:42.056796,0,0,655.2995980000001,0
2026-03-10T00:43:43.063828,0,0,655.2995980000001,0
2026-03-10T00:43:44.070837,0,0,655.2995980000001,0
2026-03-10T00:43:45.076768,0,0,655.2995980000001,0
2026-03-10T00:43:46.083738,0,0,655.2995980000001,0
2026-03-10T00:43:47.089730,0,0,655.2995980000001,0
2026-03-10T00:43:48.096699,0,0,655.2995980000001,0
2026-03-10T00:43:49.102696,0,0,655.2995980000001,0
2026-03-10T00:43:50.110726,0,0,655.2995980000001,0
2026-03-10T00:43:51.117644,0,0,653.5355460000001,0
2026-03-10T00:43:52.122942,0,0,655.2995980000001,0
2026-03-10T00:43:53.130668,0,0,655.2995980000001,0
2026-03-10T00:43:54.136561,0,0,655.2995980000001,0
2026-03-10T00:43:55.143536,0,0,655.2995980000001,0
2026-03-10T00:43:56.149512,0,0,654.4175720000001,0
2026-03-10T00:43:58.151324,0,0,655.2995980000001,0
2026-03-10T00:43:58.164460,0,0,655.2995980000001,0
2026-03-10T00:43:59.170543,0,0,655.2995980000001,0
2026-03-10T00:44:00.177426,0,0,655.2995980000001,0
2026-03-10T00:44:01.183404,0,0,655.2995980000001,0
2026-03-10T00:44:02.190477,0,0,655.2995980000001,0
2026-03-10T00:44:03.196350,0,0,655.2995980000001,0
2026-03-10T00:44:04.204307,0,0,655.2995980000001,0
2026-03-10T00:44:05.210414,0,0,655.2995980000001,0
2026-03-10T00:44:06.217282,0,0,654.4175720000001,0
2026-03-10T00:44:07.224229,0,0,655.2995980000001,0
2026-03-10T00:44:08.230208,0,0,655.2995980000001,0
2026-03-10T00:44:09.236159,0,0,655.2995980000001,0
2026-03-10T00:44:10.243148,0,0,655.2995980000001,0
2026-03-10T00:44:11.250149,0,0,655.2995980000001,0
2026-03-10T00:44:12.257143,0,0,654.4175720000001,0
2026-03-10T00:44:13.264100,0,0,655.2995980000001,0
2026-03-10T00:44:14.271072,0,0,655.2995980000001,0
2026-03-10T00:44:15.277041,0,0,654.4175720000001,0
2026-03-10T00:44:16.284013,0,0,655.2995980000001,0
2026-03-10T00:44:17.290021,0,0,655.2995980000001,0
2026-03-10T00:44:18.295965,0,0,656.181624,0
2026-03-10T00:44:19.304071,0,0,655.2995980000001,0
2026-03-10T00:44:21.305842,0,0,655.2995980000001,0
2026-03-10T00:44:21.316907,0,0,655.2995980000001,0
2026-03-10T00:44:22.323916,0,0,655.2995980000001,0
2026-03-10T00:44:23.330923,0,0,655.2995980000001,0
2026-03-10T00:44:24.335867,0,0,650.889468,0
2026-03-10T00:44:25.343827,0,0,655.2995980000001,0
2026-03-10T00:44:26.348750,0,0,655.2995980000001,0
2026-03-10T00:44:28.350605,0,0,655.2995980000001,0
2026-03-10T00:44:28.363673,0,0,655.2995980000001,0
2026-03-10T00:44:29.370793,0,0,655.2995980000001,0
2026-03-10T00:44:30.377745,0,0,655.2995980000001,0
2026-03-10T00:44:31.383706,0,0,655.2995980000001,0
2026-03-10T00:44:32.390695,0,0,655.2995980000001,0
2026-03-10T00:44:33.396621,0,0,655.2995980000001,0
2026-03-10T00:44:34.404739,0,0,655.2995980000001,0
2026-03-10T00:44:36.406696,0,0,655.2995980000001,0
2026-03-10T00:44:36.417533,0,0,655.2995980000001,0
2026-03-10T00:44:37.423547,0,0,655.2995980000001,0
2026-03-10T00:44:38.430588,0,0,655.2995980000001,0
2026-03-10T00:44:39.437500,0,0,655.2995980000001,0
2026-03-10T00:44:40.443490,0,0,655.2995980000001,0
2026-03-10T00:44:41.449453,0,0,655.2995980000001,0
2026-03-10T00:44:42.457540,0,0,654.4175720000001,0
2026-03-10T00:44:43.464418,0,0,655.2995980000001,0
2026-03-10T00:44:44.470530,0,0,655.2995980000001,0
2026-03-10T00:44:45.477416,0,0,655.2995980000001,0
2026-03-10T00:44:46.484374,0,0,655.2995980000001,0
2026-03-10T00:44:47.490450,0,0,655.2995980000001,0
2026-03-10T00:44:48.498437,0,0,655.2995980000001,0
2026-03-10T00:44:49.504297,0,0,655.2995980000001,0
2026-03-10T00:44:50.511256,0,0,655.2995980000001,0
2026-03-10T00:44:51.515303,0,0,655.2995980000001,0
2026-03-10T00:44:52.524285,0,0,656.181624,0
2026-03-10T00:44:53.530212,0,0,655.2995980000001,0
2026-03-10T00:44:54.537189,0,0,658.827702,0
2026-03-10T00:44:55.545205,0,0,655.2995980000001,0
2026-03-10T00:44:56.551186,0,0,655.2995980000001,0
2026-03-10T00:44:57.558154,0,0,655.2995980000001,0
2026-03-10T00:44:58.564131,0,0,655.2995980000001,0
2026-03-10T00:44:59.571090,0,0,655.2995980000001,0
2026-03-10T00:45:00.577070,0,0,655.2995980000001,0
2026-03-10T00:45:01.584057,0,0,655.2995980000001,0
2026-03-10T00:45:02.591024,0,0,655.2995980000001,0
2026-03-10T00:45:03.597985,0,0,656.181624,0
2026-03-10T00:45:04.604993,0,0,655.2995980000001,0
2026-03-10T00:45:05.610948,0,0,655.2995980000001,0
2026-03-10T00:45:06.617906,0,0,655.2995980000001,0
2026-03-10T00:45:07.623850,0,0,655.2995980000001,0
2026-03-10T00:45:08.630884,0,0,654.4175720000001,0
2026-03-10T00:45:09.636831,0,0,655.2995980000001,0
2026-03-10T00:45:10.644775,0,0,655.2995980000001,0
2026-03-10T00:45:11.651799,0,0,655.2995980000001,0
2026-03-10T00:45:12.657744,0,0,655.2995980000001,0
2026-03-10T00:45:13.664694,0,0,655.2995980000001,0
2026-03-10T00:45:14.670770,0,0,655.2995980000001,0
2026-03-10T00:45:15.676701,0,0,655.2995980000001,0
2026-03-10T00:45:17.678577,0,0,655.2995980000001,0
2026-03-10T00:45:17.691577,0,0,655.2995980000001,0
2026-03-10T00:45:18.698706,0,0,655.2995980000001,0
2026-03-10T00:45:19.704558,0,0,655.2995980000001,0
2026-03-10T00:45:20.711548,0,0,655.2995980000001,0
2026-03-10T00:45:21.717519,0,0,655.2995980000001,0
2026-03-10T00:45:22.724487,0,0,655.2995980000001,0
2026-03-10T00:45:23.729424,0,0,655.2995980000001,0
2026-03-10T00:45:43.749555,0,0,655.2995980000001,0
2026-03-10T00:45:46.231970,0,0,655.2995980000001,0
2026-03-10T00:45:47.238942,0,0,655.2995980000001,0
2026-03-10T00:45:48.244934,0,0,655.2995980000001,0
2026-03-10T00:45:49.250926,0,0,655.2995980000001,0
2026-03-10T00:45:50.257899,0,0,656.181624,0
2026-03-10T00:45:51.265854,0,0,655.2995980000001,0
2026-03-10T00:45:52.271848,0,0,655.2995980000001,0
2026-03-10T00:45:53.278803,0,0,656.181624,0
2026-03-10T00:45:54.285806,0,0,655.2995980000001,0
2026-03-10T00:45:55.291784,0,0,655.2995980000001,0
2026-03-10T00:45:56.298864,0,0,655.2995980000001,0
2026-03-10T00:45:58.300675,0,0,655.2995980000001,0
2026-03-10T00:45:58.311760,0,0,655.2995980000001,0
2026-03-10T00:45:59.318849,0,0,655.2995980000001,0
2026-03-10T00:46:00.325696,0,0,655.2995980000001,0
2026-03-10T00:46:01.330960,0,0,655.2995980000001,0
2026-03-10T00:46:02.338762,0,0,655.2995980000001,0
2026-03-10T00:46:03.345545,0,0,655.2995980000001,0
2026-03-10T00:46:25.734881,0,0,655.2995980000001,0
2026-03-10T00:46:26.741043,0,0,655.2995980000001,0
2026-03-10T00:46:27.745019,0,0,655.2995980000001,0
2026-03-10T00:46:29.746877,0,0,655.2995980000001,0
2026-03-10T00:46:29.759933,0,0,655.2995980000001,0
2026-03-10T00:46:30.767962,0,0,655.2995980000001,0
2026-03-10T00:46:31.773919,0,0,655.2995980000001,0
2026-03-10T00:46:32.780896,0,0,655.2995980000001,0
2026-03-10T00:46:33.787872,0,0,657.06365,0
2026-03-10T00:46:34.791873,0,0,655.2995980000001,0
2026-03-10T00:46:36.793662,0,0,655.2995980000001,0
2026-03-10T00:46:36.806853,0,0,655.2995980000001,0
2026-03-10T00:46:37.813782,0,0,655.2995980000001,0
2026-03-10T00:46:38.820756,0,0,655.2995980000001,0
2026-03-10T00:46:39.827742,0,0,655.2995980000001,0
2026-03-10T00:46:40.833709,0,0,655.2995980000001,0
2026-03-10T00:46:41.838702,0,0,655.2995980000001,0
2026-03-10T00:46:43.840519,0,0,655.2995980000001,0
2026-03-10T00:46:43.853596,0,0,655.2995980000001,0
2026-03-10T00:46:44.860627,0,0,655.2995980000001,0
2026-03-10T00:46:45.867603,0,0,655.2995980000001,0
2026-03-10T00:46:46.874666,0,0,655.2995980000001,0
2026-03-10T00:46:47.880565,0,0,655.2995980000001,0
2026-03-10T00:46:48.887547,0,0,655.2995980000001,0
2026-03-10T00:46:49.894669,0,0,655.2995980000001,0
2026-03-10T00:46:50.900493,0,0,656.181624,0
2026-03-10T00:46:51.907469,0,0,655.2995980000001,0
2026-03-10T00:46:52.913340,0,0,655.2995980000001,0
2026-03-10T00:46:53.921424,0,0,655.2995980000001,0
2026-03-10T00:46:54.927397,0,0,655.2995980000001,0
2026-03-10T00:46:55.934460,0,0,655.2995980000001,0
2026-03-10T00:46:56.940371,0,0,655.2995980000001,0
2026-03-10T00:46:57.947317,0,0,656.181624,0
2026-03-10T00:46:58.954416,0,0,655.2995980000001,0
2026-03-10T00:46:59.960287,0,0,655.2995980000001,0
2026-03-10T00:47:00.968316,0,0,655.2995980000001,0
2026-03-10T00:47:01.974332,0,0,655.2995980000001,0
2026-03-10T00:47:02.981240,0,0,655.2995980000001,0
2026-03-10T00:47:03.987233,0,0,655.2995980000001,0
2026-03-10T00:47:04.994207,0,0,655.2995980000001,0
2026-03-10T00:47:06.001152,0,0,655.2995980000001,0
2026-03-10T00:47:07.007106,0,0,655.2995980000001,0
2026-03-10T00:47:08.015107,0,0,655.2995980000001,0
2026-03-10T00:47:09.021100,0,0,655.2995980000001,0
2026-03-10T00:47:10.027056,0,0,655.2995980000001,0
2026-03-10T00:47:11.034082,0,0,655.2995980000001,0
2026-03-10T00:47:12.041013,0,0,655.2995980000001,0
2026-03-10T00:47:13.047018,0,0,655.2995980000001,0
2026-03-10T00:47:14.053989,0,0,655.2995980000001,0
2026-03-10T00:47:15.060970,0,0,655.2995980000001,0
2026-03-10T00:47:16.067946,0,0,655.2995980000001,0
2026-03-10T00:47:17.074909,0,0,655.2995980000001,0
2026-03-10T00:47:18.080906,0,0,655.2995980000001,0
2026-03-10T00:47:19.087876,0,0,655.2995980000001,0
2026-03-10T00:47:20.093824,0,0,655.2995980000001,0
2026-03-10T00:47:21.100791,0,0,655.2995980000001,0
2026-03-10T00:47:22.107779,0,0,655.2995980000001,0
2026-03-10T00:47:23.114756,0,0,655.2995980000001,0
2026-03-10T00:47:24.121746,0,0,655.2995980000001,0
2026-03-10T00:47:25.127745,0,0,656.181624,0
2026-03-10T00:47:26.134753,0,0,655.2995980000001,0
2026-03-10T00:47:27.139653,0,0,655.2995980000001,0
2026-03-10T00:47:28.147641,0,0,655.2995980000001,0
2026-03-10T00:47:29.153625,0,0,655.2995980000001,0
2026-03-10T00:47:30.161590,0,0,655.2995980000001,0
2026-03-10T00:47:31.166650,0,0,655.2995980000001,0
2026-03-10T00:47:33.168427,0,0,655.2995980000001,0
2026-03-10T00:47:33.181519,0,0,655.2995980000001,0
2026-03-10T00:47:34.187639,0,0,655.2995980000001,0
2026-03-10T00:47:36.189465,0,0,655.2995980000001,0
2026-03-10T00:47:36.199503,0,0,655.2995980000001,0
2026-03-10T00:47:37.207490,0,0,655.2995980000001,0
2026-03-10T00:47:38.215480,0,0,655.2995980000001,0
2026-03-10T00:47:39.221444,0,0,655.2995980000001,0
2026-03-10T00:47:40.228448,0,0,655.2995980000001,0
2026-03-10T00:47:41.234497,0,0,655.2995980000001,0
2026-03-10T00:47:42.239547,0,0,655.2995980000001,0
2026-03-10T00:47:44.241412,0,0,655.2995980000001,0
2026-03-10T00:48:54.256412,0,0,655.2995980000001,0
2026-03-10T00:48:56.738702,0,0,655.2995980000001,0
2026-03-10T00:48:57.745635,0,0,655.2995980000001,0
2026-03-10T00:48:58.750734,0,0,655.2995980000001,0
2026-03-10T00:48:59.758777,0,0,655.2995980000001,0
2026-03-10T00:49:00.764587,0,0,655.2995980000001,0
2026-03-10T00:49:01.771598,0,0,655.2995980000001,0
2026-03-10T00:49:02.778676,0,0,655.2995980000001,0
2026-03-10T00:49:03.785532,0,0,655.2995980000001,0
2026-03-10T00:49:04.792490,0,0,655.2995980000001,0
2026-03-10T00:49:05.797507,0,0,655.2995980000001,0
2026-03-10T00:49:07.799384,0,0,655.2995980000001,0
2026-03-10T00:49:07.811453,0,0,655.2995980000001,0
2026-03-10T00:49:08.818575,0,0,655.2995980000001,0
2026-03-10T00:49:09.825412,0,0,655.2995980000001,0
2026-03-10T00:49:10.832371,0,0,655.2995980000001,0
2026-03-10T00:49:11.838463,0,0,655.2995980000001,0
2026-03-10T00:49:12.845331,0,0,655.2995980000001,0
2026-03-10T00:49:13.851369,0,0,655.2995980000001,0
2026-03-10T00:49:15.853241,0,0,655.2995980000001,0
2026-03-10T00:49:51.749981,0,0,655.2995980000001,0
2026-03-10T00:49:54.232322,0,0,655.2995980000001,0
2026-03-10T00:49:55.239294,0,0,655.2995980000001,0
2026-03-10T00:49:56.245271,0,0,655.2995980000001,0
2026-03-10T00:49:57.252339,0,0,655.2995980000001,0
2026-03-10T00:49:58.258217,0,0,655.2995980000001,0
2026-03-10T00:49:59.265252,0,0,655.2995980000001,0
2026-03-10T00:50:00.272264,0,0,655.2995980000001,0
2026-03-10T00:50:01.279173,0,0,655.2995980000001,0
2026-03-10T00:50:02.286203,0,0,655.2995980000001,0
2026-03-10T00:50:03.292114,0,0,655.2995980000001,0
2026-03-10T00:50:04.299099,0,0,655.2995980000001,0
2026-03-10T00:50:05.305052,0,0,655.2995980000001,0
2026-03-10T00:50:06.312031,0,0,655.2995980000001,0
2026-03-10T00:50:07.318013,0,0,655.2995980000001,0
2026-03-10T00:50:08.325977,0,0,655.2995980000001,0
2026-03-10T00:50:09.331939,0,0,655.2995980000001,0
2026-03-10T00:50:10.339039,0,0,655.2995980000001,0
2026-03-10T00:50:11.345956,0,0,655.2995980000001,0
2026-03-10T00:50:12.351899,0,0,655.2995980000001,0
2026-03-10T00:50:13.358889,0,0,655.2995980000001,0
2026-03-10T00:50:14.364856,0,0,655.2995980000001,0
2026-03-10T00:50:15.372866,0,0,655.2995980000001,0
2026-03-10T00:50:16.376851,0,0,655.2995980000001,0
2026-03-10T00:50:17.385798,0,0,655.2995980000001,0
2026-03-10T00:50:18.392706,0,0,655.2995980000001,0
2026-03-10T00:50:19.398713,0,0,655.2995980000001,0
2026-03-10T00:50:20.405692,0,0,655.2995980000001,0
2026-03-10T00:50:21.411661,0,0,655.2995980000001,0
2026-03-10T00:50:22.418713,0,0,655.2995980000001,0
2026-03-10T00:50:23.425697,0,0,655.2995980000001,0
2026-03-10T00:50:24.432713,0,0,655.2995980000001,0
2026-03-10T00:50:25.438744,0,0,655.2995980000001,0
2026-03-10T00:50:26.444646,0,0,655.2995980000001,0
2026-03-10T00:50:27.452601,0,0,655.2995980000001,0
2026-03-10T00:50:28.458628,0,0,655.2995980000001,0
2026-03-10T00:50:29.465491,0,0,655.2995980000001,0
2026-03-10T00:50:30.471516,0,0,655.2995980000001,0
2026-03-10T00:50:31.479495,0,0,655.2995980000001,0
2026-03-10T00:50:32.485458,0,0,655.2995980000001,0
2026-03-10T00:50:33.492530,0,0,655.2995980000001,0
2026-03-10T00:50:34.499533,0,0,655.2995980000001,0
2026-03-10T00:50:35.505434,0,0,655.2995980000001,0
2026-03-10T00:50:36.512440,0,0,655.2995980000001,0
2026-03-10T00:50:37.518486,0,0,655.2995980000001,0
2026-03-10T00:50:38.525391,0,0,655.2995980000001,0
2026-03-10T00:50:39.532373,0,0,655.2995980000001,0
2026-03-10T00:50:40.539310,0,0,655.2995980000001,0
2026-03-10T00:50:42.541214,0,0,655.2995980000001,0
2026-03-10T00:51:01.486582,0,0,655.2995980000001,0
2026-03-10T00:51:02.492790,0,0,655.2995980000001,0
2026-03-10T00:51:03.498775,0,0,655.2995980000001,0
2026-03-10T00:51:04.506760,0,0,656.181624,0
2026-03-10T00:51:05.512704,0,0,655.2995980000001,0
2026-03-10T00:51:06.519627,0,0,655.2995980000001,0
2026-03-10T00:51:07.526788,0,0,655.2995980000001,0
2026-03-10T00:51:08.532628,0,0,655.2995980000001,0
2026-03-10T00:51:09.539646,0,0,655.2995980000001,0
2026-03-10T00:51:10.545617,0,0,655.2995980000001,0
2026-03-10T00:51:11.553570,0,0,655.2995980000001,0
2026-03-10T00:51:12.559578,0,0,655.2995980000001,0
2026-03-10T00:51:13.565457,0,0,655.2995980000001,0
2026-03-10T00:51:15.566763,0,0,655.2995980000001,0
2026-03-10T00:51:15.579445,0,0,656.181624,0
2026-03-10T00:51:16.586559,0,0,655.2995980000001,0
2026-03-10T00:51:17.592430,0,0,655.2995980000001,0
2026-03-10T00:51:18.599412,0,0,655.2995980000001,0
2026-03-10T00:51:19.606480,0,0,655.2995980000001,0
2026-03-10T00:51:20.612387,0,0,655.2995980000001,0
2026-03-10T00:51:21.619456,0,0,655.2995980000001,0
2026-03-10T00:51:22.626462,0,0,655.2995980000001,0
2026-03-10T00:51:23.633315,0,0,655.2995980000001,0
2026-03-10T00:51:24.639362,0,0,655.2995980000001,0
2026-03-10T00:51:25.646412,0,0,655.2995980000001,0
2026-03-10T00:51:26.652306,0,0,655.2995980000001,0
2026-03-10T00:51:27.660273,0,0,655.2995980000001,0
2026-03-10T00:51:28.666320,0,0,655.2995980000001,0
2026-03-10T00:51:29.673222,0,0,655.2995980000001,0
2026-03-10T00:51:31.675128,0,0,655.2995980000001,0
2026-03-10T00:54:03.497118,0,0,655.2995980000001,0
2026-03-10T00:54:05.979543,0,0,655.2995980000001,0
2026-03-10T00:54:06.986726,0,0,655.2995980000001,0
2026-03-10T00:54:07.992670,0,0,655.2995980000001,0
2026-03-10T00:54:09.994620,0,0,655.2995980000001,0
2026-03-10T00:55:13.725642,0,0,655.2995980000001,0
2026-03-10T00:55:14.733122,0,0,655.2995980000001,0
2026-03-10T00:55:15.739112,0,0,655.2995980000001,0
2026-03-10T00:55:16.746085,0,0,655.2995980000001,0
2026-03-10T00:55:17.752049,0,0,655.2995980000001,0
2026-03-10T00:55:18.759000,0,0,655.2995980000001,0
2026-03-10T00:55:19.765966,0,0,655.2995980000001,0
2026-03-10T00:55:20.772974,0,0,655.2995980000001,0
2026-03-10T00:55:21.779944,0,0,655.2995980000001,0
2026-03-10T00:55:22.785917,0,0,655.2995980000001,0
2026-03-10T00:55:23.791880,0,0,655.2995980000001,0
2026-03-10T00:55:25.793770,0,0,655.2995980000001,0
2026-03-10T00:55:25.805834,0,0,655.2995980000001,0
2026-03-10T00:55:26.812823,0,0,655.2995980000001,0
2026-03-10T00:55:27.819819,0,0,655.2995980000001,0
2026-03-10T00:55:28.825795,0,0,655.2995980000001,0
2026-03-10T00:55:29.832750,0,0,655.2995980000001,0
2026-03-10T00:55:30.839738,0,0,655.2995980000001,0
2026-03-10T00:55:31.845720,0,0,655.2995980000001,0
2026-03-10T00:55:32.852647,0,0,655.2995980000001,0
2026-03-10T00:55:33.858715,0,0,655.2995980000001,0
2026-03-10T00:55:34.866701,0,0,655.2995980000001,0
2026-03-10T00:55:35.872562,0,0,655.2995980000001,0
2026-03-10T00:55:36.879532,0,0,655.2995980000001,0
2026-03-10T00:55:37.886614,0,0,655.2995980000001,0
2026-03-10T00:55:38.892483,0,0,655.2995980000001,0
2026-03-10T00:55:39.899476,0,0,655.2995980000001,0
2026-03-10T00:55:40.904446,0,0,655.2995980000001,0
2026-03-10T00:55:41.912452,0,0,655.2995980000001,0
2026-03-10T00:55:42.919408,0,0,655.2995980000001,0
2026-03-10T00:55:43.926348,0,0,655.2995980000001,0
2026-03-10T00:55:44.932369,0,0,655.2995980000001,0
2026-03-10T00:55:45.939328,0,0,655.2995980000001,0
2026-03-10T00:55:46.946407,0,0,655.2995980000001,0
2026-03-10T00:55:47.952307,0,0,655.2995980000001,0
2026-03-10T00:55:48.959318,0,0,656.181624,0
2026-03-10T00:55:49.965287,0,0,655.2995980000001,0
2026-03-10T00:55:50.973254,0,0,655.2995980000001,0
2026-03-10T00:55:51.979237,0,0,655.2995980000001,0
2026-03-10T00:55:52.986214,0,0,655.2995980000001,0
2026-03-10T00:55:53.993188,0,0,655.2995980000001,0
2026-03-10T00:55:54.997197,0,0,655.2995980000001,0
2026-03-10T00:55:56.999087,0,0,655.2995980000001,0
2026-03-10T00:56:31.997774,0,0,655.2995980000001,0
2026-03-10T00:56:34.481242,0,0,655.2995980000001,0
2026-03-10T00:56:35.488184,0,0,655.2995980000001,0
2026-03-10T00:56:36.494186,0,0,655.2995980000001,0
2026-03-10T00:56:37.501239,0,0,655.2995980000001,0
2026-03-10T00:56:38.507139,0,0,655.2995980000001,0
2026-03-10T00:56:39.515121,0,0,655.2995980000001,0
2026-03-10T00:56:40.521106,0,0,655.2995980000001,0
2026-03-10T00:56:41.528080,0,0,655.2995980000001,0
2026-03-10T00:56:42.535059,0,0,655.2995980000001,0
2026-03-10T00:56:43.541028,0,0,655.2995980000001,0
2026-03-10T00:56:44.548005,0,0,655.2995980000001,0
2026-03-10T00:56:45.554003,0,0,655.2995980000001,0
2026-03-10T00:56:46.560956,0,0,655.2995980000001,0
2026-03-10T00:56:47.567942,0,0,655.2995980000001,0
2026-03-10T00:56:48.574933,0,0,655.2995980000001,0
2026-03-10T00:56:49.580950,0,0,657.945676,0
2026-03-10T00:56:50.587932,0,0,655.2995980000001,0
2026-03-10T00:56:51.594872,0,0,655.2995980000001,0
2026-03-10T00:56:52.600857,0,0,655.2995980000001,0
2026-03-10T00:56:53.607892,0,0,655.2995980000001,0
2026-03-10T00:56:54.613837,0,0,655.2995980000001,0
2026-03-10T00:56:55.621785,0,0,655.2995980000001,0
2026-03-10T00:56:56.625770,0,0,655.2995980000001,0
2026-03-10T00:56:58.626738,0,0,655.2995980000001,0
2026-03-10T00:56:58.641629,0,0,655.2995980000001,0
2026-03-10T00:56:59.647690,0,0,655.2995980000001,0
2026-03-10T00:57:00.654702,0,0,655.2995980000001,0
2026-03-10T00:57:01.660600,0,0,656.181624,0
2026-03-10T00:57:02.667623,0,0,655.2995980000001,0
2026-03-10T00:57:03.674653,0,0,655.2995980000001,0
2026-03-10T00:57:04.681577,0,0,655.2995980000001,0
2026-03-10T00:57:05.685583,0,0,655.2995980000001,0
2026-03-10T00:57:07.687370,0,0,655.2995980000001,0
2026-03-10T00:57:07.701495,0,0,650.007442,0
2026-03-10T00:57:08.707482,0,0,655.2995980000001,0
2026-03-10T00:57:09.714546,0,0,655.2995980000001,0
2026-03-10T00:57:10.720458,0,0,655.2995980000001,0
2026-03-10T00:57:11.728457,0,0,655.2995980000001,0
2026-03-10T00:57:12.734355,0,0,656.181624,0
2026-03-10T00:57:13.741393,0,0,655.2995980000001,0
2026-03-10T00:57:14.746422,0,0,655.2995980000001,0
2026-03-10T00:57:16.748181,0,0,655.2995980000001,0
2026-03-10T00:57:16.761208,0,0,654.4175720000001,0
2026-03-10T00:57:17.767278,0,0,655.2995980000001,0
2026-03-10T00:57:18.775231,0,0,655.2995980000001,0
2026-03-10T00:57:19.781192,0,0,654.4175720000001,0
2026-03-10T00:57:20.788175,0,0,655.2995980000001,0
2026-03-10T00:57:21.792132,0,0,655.2995980000001,0
2026-03-10T00:57:22.801232,0,0,655.2995980000001,0
2026-03-10T00:57:23.808138,0,0,655.2995980000001,0
2026-03-10T00:57:24.814106,0,0,655.2995980000001,0
2026-03-10T00:57:25.821070,0,0,656.181624,0
2026-03-10T00:57:26.828042,0,0,655.2995980000001,0
2026-03-10T00:57:27.835030,0,0,655.2995980000001,0
2026-03-10T00:57:28.841001,0,0,655.2995980000001,0
2026-03-10T00:57:29.848013,0,0,655.2995980000001,0
2026-03-10T00:57:30.854992,0,0,655.2995980000001,0
2026-03-10T00:57:31.861081,0,0,655.2995980000001,0
2026-03-10T00:57:32.867983,0,0,655.2995980000001,0
2026-03-10T00:57:33.873945,0,0,655.2995980000001,0
2026-03-10T00:57:34.881894,0,0,656.181624,0
2026-03-10T00:57:35.887829,0,0,655.2995980000001,0
2026-03-10T00:57:36.894809,0,0,655.2995980000001,0
2026-03-10T00:57:37.900766,0,0,655.2995980000001,0
2026-03-10T00:57:38.907734,0,0,655.2995980000001,0
2026-03-10T00:57:39.914801,0,0,655.2995980000001,0
2026-03-10T00:57:40.920703,0,0,655.2995980000001,0
2026-03-10T00:57:42.922568,0,0,656.181624,0
2026-03-10T00:57:42.934734,0,0,655.2995980000001,0
2026-03-10T00:57:43.941645,0,0,655.2995980000001,0
2026-03-10T00:57:44.947622,0,0,655.2995980000001,0
2026-03-10T00:57:45.954681,0,0,655.2995980000001,0
2026-03-10T00:57:46.961612,0,0,655.2995980000001,0
2026-03-10T00:57:47.967513,0,0,655.2995980000001,0
2026-03-10T00:57:48.974690,0,0,655.2995980000001,0
2026-03-10T00:57:50.976459,0,0,655.2995980000001,0
2026-03-10T00:57:50.988474,0,0,655.2995980000001,0
2026-03-10T00:57:51.994544,0,0,655.2995980000001,0
2026-03-10T00:57:53.001391,0,0,655.2995980000001,0
2026-03-10T00:57:54.007376,0,0,655.2995980000001,0
2026-03-10T00:57:55.014420,0,0,655.2995980000001,0
2026-03-10T00:57:56.021283,0,0,655.2995980000001,0
2026-03-10T00:57:57.027398,0,0,655.2995980000001,0
2026-03-10T00:57:58.035336,0,0,655.2995980000001,0
2026-03-10T00:57:59.041294,0,0,649.125416,0
2026-03-10T00:58:01.043084,0,0,655.2995980000001,0
2026-03-10T00:58:01.054087,0,0,657.06365,0
2026-03-10T00:58:02.061157,0,0,656.181624,0
2026-03-10T00:58:03.068111,0,0,655.2995980000001,0
2026-03-10T00:58:05.069885,0,0,655.2995980000001,0
2026-03-10T00:58:05.080922,0,0,655.2995980000001,0
2026-03-10T00:58:06.087930,0,0,655.2995980000001,0
2026-03-10T00:58:07.094874,0,0,655.2995980000001,0
2026-03-10T00:58:08.100840,0,0,655.2995980000001,0
2026-03-10T00:58:09.107813,0,0,655.2995980000001,0
2026-03-10T00:58:10.113772,0,0,655.2995980000001,0
2026-03-10T00:58:11.120848,0,0,655.2995980000001,0
2026-03-10T00:58:12.127792,0,0,655.2995980000001,0
2026-03-10T00:58:13.133734,0,0,655.2995980000001,0
2026-03-10T00:58:14.141690,0,0,655.2995980000001,0
2026-03-10T00:58:15.147676,0,0,655.2995980000001,0
2026-03-10T00:58:16.154687,0,0,655.2995980000001,0
2026-03-10T00:58:17.160430,0,0,657.945676,0
2026-03-10T00:58:18.167460,0,0,655.2995980000001,0
2026-03-10T00:58:19.174507,0,0,655.2995980000001,0
2026-03-10T00:58:20.180399,0,0,655.2995980000001,0
2026-03-10T00:58:21.188342,0,0,655.2995980000001,0
2026-03-10T00:58:22.194406,0,0,655.2995980000001,0
2026-03-10T00:58:23.199383,0,0,655.2995980000001,0
2026-03-10T00:58:25.201179,0,0,655.2995980000001,0
2026-03-10T00:59:33.268460,0,0,654.4175720000001,0
2026-03-10T00:59:35.750693,0,0,655.2995980000001,0
2026-03-10T00:59:36.757559,0,0,655.2995980000001,0
2026-03-10T00:59:37.762616,0,0,655.2995980000001,0
2026-03-10T00:59:39.764422,0,0,655.2995980000001,0
2026-03-10T00:59:39.776525,0,0,655.2995980000001,0
2026-03-10T00:59:41.778474,0,0,655.2995980000001,0
2026-03-10T01:00:00.751319,0,0,655.2995980000001,0
2026-03-10T01:00:03.233642,0,0,655.2995980000001,0
2026-03-10T01:00:04.240585,0,0,655.2995980000001,0
2026-03-10T01:00:05.245541,0,0,655.2995980000001,0
2026-03-10T01:00:06.253585,0,0,655.2995980000001,0
2026-03-10T01:00:07.258941,0,0,655.2995980000001,0
2026-03-10T01:00:08.266523,0,0,655.2995980000001,0
2026-03-10T01:00:09.273439,0,0,655.2995980000001,0
2026-03-10T01:00:10.280386,0,0,655.2995980000001,0
2026-03-10T01:00:11.287372,0,0,655.2995980000001,0
2026-03-10T01:00:12.291328,0,0,655.2995980000001,0
2026-03-10T01:00:13.300379,0,0,655.2995980000001,0
2026-03-10T01:00:14.306407,0,0,655.2995980000001,0
2026-03-10T01:00:16.308226,0,0,655.2995980000001,0
2026-03-10T01:00:16.320110,0,0,655.2995980000001,0
2026-03-10T01:00:17.325239,0,0,655.2995980000001,0
2026-03-10T01:00:18.333122,0,0,655.2995980000001,0
2026-03-10T01:00:19.340088,0,0,655.2995980000001,0
2026-03-10T01:00:20.347054,0,0,655.2995980000001,0
2026-03-10T01:00:21.352025,0,0,655.2995980000001,0
2026-03-10T01:00:22.359980,0,0,653.5355460000001,0
2026-03-10T01:00:23.365966,0,0,655.2995980000001,0
2026-03-10T01:00:24.372926,0,0,655.2995980000001,0
2026-03-10T01:00:25.379869,0,0,655.2995980000001,0
2026-03-10T01:00:26.386882,0,0,655.2995980000001,0
2026-03-10T01:00:27.393826,0,0,655.2995980000001,0
2026-03-10T01:00:28.397763,0,0,655.2995980000001,0
2026-03-10T01:00:29.406812,0,0,655.2995980000001,0
2026-03-10T01:00:30.412704,0,0,655.2995980000001,0
2026-03-10T01:00:31.419620,0,0,655.2995980000001,0
2026-03-10T01:00:32.426675,0,0,655.2995980000001,0
2026-03-10T01:00:33.433546,0,0,655.2995980000001,0
2026-03-10T01:00:34.439515,0,0,655.2995980000001,0
2026-03-10T01:00:35.444437,0,0,655.2995980000001,0
2026-03-10T01:00:36.453582,0,0,655.2995980000001,0
2026-03-10T01:00:38.455461,0,0,655.2995980000001,0
2026-03-10T01:00:38.466417,0,0,655.2995980000001,0
2026-03-10T01:00:39.472392,0,0,655.2995980000001,0
2026-03-10T01:00:40.480372,0,0,657.06365,0
2026-03-10T01:00:41.486374,0,0,655.2995980000001,0
2026-03-10T01:00:42.493277,0,0,655.2995980000001,0
2026-03-10T01:00:43.499171,0,0,655.2995980000001,0
2026-03-10T01:00:45.500974,0,0,655.2995980000001,0
2026-03-10T01:00:45.513075,0,0,655.2995980000001,0
2026-03-10T01:00:46.519039,0,0,655.2995980000001,0
2026-03-10T01:00:47.527113,0,0,655.2995980000001,0
2026-03-10T01:00:48.533060,0,0,655.2995980000001,0
2026-03-10T01:00:49.540025,0,0,655.2995980000001,0
2026-03-10T01:00:50.544001,0,0,655.2995980000001,0
2026-03-10T01:00:51.553040,0,0,655.2995980000001,0
2026-03-10T01:00:53.554999,0,0,655.2995980000001,0
2026-03-10T01:00:53.565958,0,0,655.2995980000001,0
2026-03-10T01:00:54.572871,0,0,655.2995980000001,0
2026-03-10T01:00:55.579833,0,0,655.2995980000001,0
2026-03-10T01:00:56.586830,0,0,656.181624,0
2026-03-10T01:00:57.592770,0,0,655.2995980000001,0
2026-03-10T01:00:58.599770,0,0,655.2995980000001,0
2026-03-10T01:00:59.606738,0,0,655.2995980000001,0
2026-03-10T01:01:00.612703,0,0,655.2995980000001,0
2026-03-10T01:01:02.614455,0,0,654.4175720000001,0
2026-03-10T01:01:21.508532,0,0,655.2995980000001,0
2026-03-10T01:01:23.990844,0,0,655.2995980000001,0
2026-03-10T01:01:24.997805,0,0,655.2995980000001,0
2026-03-10T01:01:26.001731,0,0,655.2995980000001,0
2026-03-10T01:01:27.010819,0,0,655.2995980000001,0
2026-03-10T01:01:28.016702,0,0,655.2995980000001,0
2026-03-10T01:01:29.023644,0,0,655.2995980000001,0
2026-03-10T01:01:30.030711,0,0,658.827702,0
2026-03-10T01:01:31.037613,0,0,655.2995980000001,0
2026-03-10T01:01:32.044562,0,0,655.2995980000001,0
2026-03-10T01:01:33.050604,0,0,655.2995980000001,0
2026-03-10T01:01:35.052422,0,0,655.2995980000001,0
2026-03-10T01:01:35.063405,0,0,655.2995980000001,0
2026-03-10T01:01:36.070507,0,0,656.181624,0
2026-03-10T01:01:37.076460,0,0,655.2995980000001,0
2026-03-10T01:01:38.084392,0,0,655.2995980000001,0
2026-03-10T01:01:39.090472,0,0,654.4175720000001,0
2026-03-10T01:01:40.097348,0,0,655.2995980000001,0
2026-03-10T01:01:41.104332,0,0,655.2995980000001,0
2026-03-10T01:01:43.106335,0,0,656.181624,0
2026-03-10T01:03:18.743545,0,0,654.4175720000001,0
2026-03-10T01:03:21.225943,0,0,655.2995980000001,0
2026-03-10T01:03:22.232905,0,0,655.2995980000001,0
2026-03-10T01:03:23.237850,0,0,655.2995980000001,0
2026-03-10T01:03:25.239645,0,0,655.2995980000001,0
2026-03-10T01:03:25.251750,0,0,655.2995980000001,0
2026-03-10T01:03:26.258865,0,0,655.2995980000001,0
2026-03-10T01:03:27.265734,0,0,656.181624,0
2026-03-10T01:03:28.272720,0,0,655.2995980000001,0
2026-03-10T01:03:29.279734,0,0,655.2995980000001,0
2026-03-10T01:03:30.285706,0,0,655.2995980000001,0
2026-03-10T01:03:31.292698,0,0,655.2995980000001,0
2026-03-10T01:03:32.298751,0,0,655.2995980000001,0
2026-03-10T01:03:33.305598,0,0,655.2995980000001,0
2026-03-10T01:03:34.311599,0,0,655.2995980000001,0
2026-03-10T01:03:35.319577,0,0,655.2995980000001,0
2026-03-10T01:03:36.325499,0,0,655.2995980000001,0
2026-03-10T01:03:37.332446,0,0,655.2995980000001,0
2026-03-10T01:03:38.339479,0,0,655.2995980000001,0
2026-03-10T01:03:40.341422,0,0,655.2995980000001,0
2026-03-10T01:03:40.352372,0,0,655.2995980000001,0
2026-03-10T01:03:41.358394,0,0,656.181624,0
2026-03-10T01:03:42.366376,0,0,655.2995980000001,0
2026-03-10T01:03:43.372248,0,0,656.181624,0
2026-03-10T01:03:44.379231,0,0,655.2995980000001,0
2026-03-10T01:03:45.386180,0,0,654.4175720000001,0
2026-03-10T01:03:46.391107,0,0,655.2995980000001,0
2026-03-10T01:03:47.399233,0,0,655.2995980000001,0
2026-03-10T01:03:48.405110,0,0,655.2995980000001,0
2026-03-10T01:03:49.411044,0,0,655.2995980000001,0
2026-03-10T01:03:50.419040,0,0,655.2995980000001,0
2026-03-10T01:03:51.425986,0,0,655.2995980000001,0
2026-03-10T01:03:52.431982,0,0,655.2995980000001,0
2026-03-10T01:03:53.437916,0,0,655.2995980000001,0
2026-03-10T01:03:54.445920,0,0,655.2995980000001,0
2026-03-10T01:03:55.451846,0,0,655.2995980000001,0
2026-03-10T01:03:56.458856,0,0,655.2995980000001,0
2026-03-10T01:03:57.464806,0,0,655.2995980000001,0
2026-03-10T01:03:58.470863,0,0,655.2995980000001,0
2026-03-10T01:04:00.472757,0,0,655.2995980000001,0
2026-03-10T01:04:53.499622,0,0,655.2995980000001,0
2026-03-10T01:04:55.981959,0,0,655.2995980000001,0
2026-03-10T01:04:56.988911,0,0,655.2995980000001,0
2026-03-10T01:04:57.994991,0,0,655.2995980000001,0
2026-03-10T01:04:59.001885,0,0,655.2995980000001,0
2026-03-10T01:05:00.007864,0,0,656.181624,0
2026-03-10T01:05:01.014845,0,0,655.2995980000001,0
2026-03-10T01:05:02.021804,0,0,655.2995980000001,0
2026-03-10T01:05:03.028771,0,0,654.4175720000001,0
2026-03-10T01:05:04.034812,0,0,655.2995980000001,0
2026-03-10T01:05:05.041721,0,0,655.2995980000001,0
2026-03-10T01:05:06.048741,0,0,655.2995980000001,0
2026-03-10T01:05:08.050677,0,0,655.2995980000001,0
2026-03-10T01:05:08.061627,0,0,655.2995980000001,0
2026-03-10T01:05:09.067637,0,0,655.2995980000001,0
2026-03-10T01:05:10.075578,0,0,655.2995980000001,0
2026-03-10T01:05:11.081562,0,0,655.2995980000001,0
2026-03-10T01:05:12.088534,0,0,655.2995980000001,0
2026-03-10T01:05:13.095503,0,0,655.2995980000001,0
2026-03-10T01:05:14.101510,0,0,655.2995980000001,0
2026-03-10T01:05:16.103541,0,0,656.181624,0
2026-03-10T01:05:50.985903,0,0,655.2995980000001,0
2026-03-10T01:05:51.992276,0,0,655.2995980000001,0
2026-03-10T01:05:52.998340,0,0,655.2995980000001,0
2026-03-10T01:05:54.006325,0,0,655.2995980000001,0
2026-03-10T01:05:55.012223,0,0,655.2995980000001,0
2026-03-10T01:05:56.019201,0,0,655.2995980000001,0
2026-03-10T01:05:57.026161,0,0,655.2995980000001,0
2026-03-10T01:05:58.030049,0,0,655.2995980000001,0
2026-03-10T01:05:59.039031,0,0,655.2995980000001,0
2026-03-10T01:06:00.044975,0,0,654.4175720000001,0
2026-03-10T01:06:01.051987,0,0,655.2995980000001,0
2026-03-10T01:06:02.058927,0,0,655.2995980000001,0
2026-03-10T01:06:03.065895,0,0,655.2995980000001,0
2026-03-10T01:06:04.071844,0,0,655.2995980000001,0
2026-03-10T01:06:05.078832,0,0,655.2995980000001,0
2026-03-10T01:06:06.085817,0,0,655.2995980000001,0
2026-03-10T01:06:07.091782,0,0,655.2995980000001,0
2026-03-10T01:06:08.097769,0,0,655.2995980000001,0
2026-03-10T01:06:09.104709,0,0,655.2995980000001,0
2026-03-10T01:06:10.112672,0,0,655.2995980000001,0
2026-03-10T01:06:11.118715,0,0,655.2995980000001,0
2026-03-10T01:06:12.124655,0,0,655.2995980000001,0
2026-03-10T01:06:13.132618,0,0,655.2995980000001,0
2026-03-10T01:06:14.138674,0,0,655.2995980000001,0
2026-03-10T01:06:15.145582,0,0,655.2995980000001,0
2026-03-10T01:06:16.151558,0,0,655.2995980000001,0
2026-03-10T01:06:17.159525,0,0,655.2995980000001,0
2026-03-10T01:06:18.165492,0,0,655.2995980000001,0
2026-03-10T01:06:19.171493,0,0,655.2995980000001,0
2026-03-10T01:06:20.178528,0,0,655.2995980000001,0
2026-03-10T01:06:22.180429,0,0,655.2995980000001,0
2026-03-10T01:06:22.192281,0,0,655.2995980000001,0
2026-03-10T01:06:23.198389,0,0,655.2995980000001,0
2026-03-10T01:06:24.205302,0,0,656.181624,0
2026-03-10T01:06:25.211210,0,0,655.2995980000001,0
2026-03-10T01:06:26.219213,0,0,655.2995980000001,0
2026-03-10T01:06:27.225198,0,0,655.2995980000001,0
2026-03-10T01:06:28.232180,0,0,655.2995980000001,0
2026-03-10T01:06:29.239175,0,0,655.2995980000001,0
2026-03-10T01:06:30.245118,0,0,655.2995980000001,0
2026-03-10T01:06:31.252092,0,0,655.2995980000001,0
2026-03-10T01:06:32.258059,0,0,655.2995980000001,0
2026-03-10T01:06:33.266027,0,0,655.2995980000001,0
2026-03-10T01:06:34.271022,0,0,655.2995980000001,0
2026-03-10T01:06:35.278991,0,0,655.2995980000001,0
2026-03-10T01:06:36.284941,0,0,655.2995980000001,0
2026-03-10T01:06:37.291911,0,0,655.2995980000001,0
2026-03-10T01:06:38.298926,0,0,655.2995980000001,0
2026-03-10T01:06:39.304838,0,0,655.2995980000001,0
2026-03-10T01:06:40.311828,0,0,655.2995980000001,0
2026-03-10T01:06:41.317795,0,0,654.4175720000001,0
2026-03-10T01:06:42.324773,0,0,655.2995980000001,0
2026-03-10T01:06:43.331843,0,0,655.2995980000001,0
2026-03-10T01:06:44.338783,0,0,655.2995980000001,0
2026-03-10T01:06:45.345643,0,0,655.2995980000001,0
2026-03-10T01:06:46.351627,0,0,655.2995980000001,0
2026-03-10T01:06:47.358666,0,0,655.2995980000001,0
2026-03-10T01:06:48.364517,0,0,656.181624,0
2026-03-10T01:06:49.372535,0,0,655.2995980000001,0
2026-03-10T01:06:50.378584,0,0,655.2995980000001,0
2026-03-10T01:06:51.385474,0,0,655.2995980000001,0
2026-03-10T01:06:52.391439,0,0,655.2995980000001,0
2026-03-10T01:06:53.398475,0,0,655.2995980000001,0
2026-03-10T01:06:54.405387,0,0,655.2995980000001,0
2026-03-10T01:06:55.409375,0,0,655.2995980000001,0
2026-03-10T01:06:56.419338,0,0,655.2995980000001,0
2026-03-10T01:06:57.425298,0,0,654.4175720000001,0
2026-03-10T01:06:58.432251,0,0,655.2995980000001,0
2026-03-10T01:06:59.437245,0,0,655.2995980000001,0
2026-03-10T01:07:00.445234,0,0,655.2995980000001,0
2026-03-10T01:07:01.452189,0,0,655.2995980000001,0
2026-03-10T01:07:02.458132,0,0,655.2995980000001,0
2026-03-10T01:07:03.465131,0,0,655.2995980000001,0
2026-03-10T01:07:04.472094,0,0,655.2995980000001,0
2026-03-10T01:07:05.479076,0,0,655.2995980000001,0
2026-03-10T01:07:06.485018,0,0,655.2995980000001,0
2026-03-10T01:07:07.491991,0,0,655.2995980000001,0
2026-03-10T01:07:08.497946,0,0,655.2995980000001,0
2026-03-10T01:07:09.504823,0,0,655.2995980000001,0
2026-03-10T01:07:10.511994,0,0,655.2995980000001,0
2026-03-10T01:07:11.517952,0,0,655.2995980000001,0
2026-03-10T01:07:12.525912,0,0,655.2995980000001,0
2026-03-10T01:07:13.531892,0,0,655.2995980000001,0
2026-03-10T01:07:14.538890,0,0,655.2995980000001,0
2026-03-10T01:07:15.544811,0,0,655.2995980000001,0
2026-03-10T01:07:16.550725,0,0,655.2995980000001,0
2026-03-10T01:07:17.558736,0,0,655.2995980000001,0
2026-03-10T01:07:18.564646,0,0,655.2995980000001,0
2026-03-10T01:07:19.572640,0,0,655.2995980000001,0
2026-03-10T01:07:20.578620,0,0,655.2995980000001,0
2026-03-10T01:07:21.585553,0,0,655.2995980000001,0
2026-03-10T01:07:22.591541,0,0,655.2995980000001,0
2026-03-10T01:07:23.598628,0,0,655.2995980000001,0
2026-03-10T01:07:24.604490,0,0,655.2995980000001,0
2026-03-10T01:07:25.611497,0,0,655.2995980000001,0
2026-03-10T01:07:26.618498,0,0,655.2995980000001,0
2026-03-10T01:07:27.625384,0,0,655.2995980000001,0
2026-03-10T01:07:28.632372,0,0,655.2995980000001,0
2026-03-10T01:07:29.636361,0,0,655.2995980000001,0
2026-03-10T01:07:30.645282,0,0,655.2995980000001,0
2026-03-10T01:07:31.651265,0,0,655.2995980000001,0
2026-03-10T01:07:32.658213,0,0,655.2995980000001,0
2026-03-10T01:07:33.665202,0,0,655.2995980000001,0
2026-03-10T01:07:34.671225,0,0,655.2995980000001,0
2026-03-10T01:07:35.679148,0,0,655.2995980000001,0
2026-03-10T01:07:36.685168,0,0,655.2995980000001,0
2026-03-10T01:07:37.692125,0,0,655.2995980000001,0
2026-03-10T01:07:38.698108,0,0,655.2995980000001,0
2026-03-10T01:07:39.704943,0,0,655.2995980000001,0
2026-03-10T01:07:40.711107,0,0,655.2995980000001,0
2026-03-10T01:07:41.718017,0,0,655.2995980000001,0
2026-03-10T01:07:42.724979,0,0,655.2995980000001,0
2026-03-10T01:07:43.731936,0,0,655.2995980000001,0
2026-03-10T01:07:44.738944,0,0,655.2995980000001,0
2026-03-10T01:07:45.744893,0,0,655.2995980000001,0
2026-03-10T01:07:46.751870,0,0,655.2995980000001,0
2026-03-10T01:07:47.757830,0,0,655.2995980000001,0
2026-03-10T01:07:48.762807,0,0,655.2995980000001,0
2026-03-10T01:08:11.240728,0,0,655.2995980000001,0
2026-03-10T01:08:12.247072,0,0,655.2995980000001,0
2026-03-10T01:08:13.250934,0,0,655.2995980000001,0
2026-03-10T01:08:14.260081,0,0,655.2995980000001,0
2026-03-10T01:08:16.261854,0,0,655.2995980000001,0
2026-03-10T01:08:16.272889,0,0,655.2995980000001,0
2026-03-10T01:08:17.279904,0,0,655.2995980000001,0
2026-03-10T01:08:18.286935,0,0,656.181624,0
2026-03-10T01:08:19.292861,0,0,655.2995980000001,0
2026-03-10T01:08:20.299846,0,0,655.2995980000001,0
2026-03-10T01:08:21.306745,0,0,655.2995980000001,0
2026-03-10T01:08:23.308541,0,0,655.2995980000001,0
2026-03-10T01:08:23.319727,0,0,655.2995980000001,0
2026-03-10T01:08:24.326881,0,0,655.2995980000001,0
2026-03-10T01:08:25.333663,0,0,655.2995980000001,0
2026-03-10T01:08:26.339653,0,0,655.2995980000001,0
2026-03-10T01:08:27.346680,0,0,655.2995980000001,0
2026-03-10T01:08:28.352550,0,0,655.2995980000001,0
2026-03-10T01:08:29.359660,0,0,655.2995980000001,0
2026-03-10T01:08:30.366640,0,0,656.181624,0
2026-03-10T01:08:31.372539,0,0,655.2995980000001,0
2026-03-10T01:08:32.380526,0,0,655.2995980000001,0
2026-03-10T01:08:33.386593,0,0,655.2995980000001,0
2026-03-10T01:08:34.393452,0,0,655.2995980000001,0
2026-03-10T01:08:35.400430,0,0,655.2995980000001,0
2026-03-10T01:08:36.406511,0,0,655.2995980000001,0
2026-03-10T01:08:37.413360,0,0,655.2995980000001,0
2026-03-10T01:08:38.419381,0,0,655.2995980000001,0
2026-03-10T01:08:39.426469,0,0,655.2995980000001,0
2026-03-10T01:08:40.433293,0,0,655.2995980000001,0
2026-03-10T01:08:41.440252,0,0,655.2995980000001,0
2026-03-10T01:08:42.446228,0,0,655.2995980000001,0
2026-03-10T01:08:43.453194,0,0,655.2995980000001,0
2026-03-10T01:08:44.460155,0,0,655.2995980000001,0
2026-03-10T01:08:45.466093,0,0,655.2995980000001,0
2026-03-10T01:08:46.473157,0,0,655.2995980000001,0
2026-03-10T01:08:47.479053,0,0,655.2995980000001,0
2026-03-10T01:09:09.993978,0,0,655.2995980000001,0
2026-03-10T01:09:11.000384,0,0,655.2995980000001,0
2026-03-10T01:09:12.004329,0,0,655.2995980000001,0
2026-03-10T01:09:14.006148,0,0,655.2995980000001,0
2026-03-10T01:09:14.019243,0,0,655.2995980000001,0
2026-03-10T01:09:15.026335,0,0,655.2995980000001,0
2026-03-10T01:09:16.033216,0,0,655.2995980000001,0
2026-03-10T01:09:17.040181,0,0,655.2995980000001,0
2026-03-10T01:09:18.047172,0,0,655.2995980000001,0
2026-03-10T01:09:19.053123,0,0,655.2995980000001,0
2026-03-10T01:09:20.060123,0,0,655.2995980000001,0
2026-03-10T01:09:21.066081,0,0,655.2995980000001,0
2026-03-10T01:09:22.073079,0,0,655.2995980000001,0
2026-03-10T01:09:23.079020,0,0,655.2995980000001,0
2026-03-10T01:09:24.087031,0,0,655.2995980000001,0
2026-03-10T01:09:25.092991,0,0,655.2995980000001,0
2026-03-10T01:09:26.099810,0,0,655.2995980000001,0
2026-03-10T01:09:27.106938,0,0,655.2995980000001,0
2026-03-10T01:09:28.112873,0,0,655.2995980000001,0
2026-03-10T01:09:29.119847,0,0,656.181624,0
2026-03-10T01:09:30.125811,0,0,655.2995980000001,0
2026-03-10T01:09:31.133779,0,0,655.2995980000001,0
2026-03-10T01:09:32.139750,0,0,655.2995980000001,0
2026-03-10T01:09:33.146807,0,0,655.2995980000001,0
2026-03-10T01:09:34.153743,0,0,655.2995980000001,0
2026-03-10T01:09:35.159706,0,0,655.2995980000001,0
2026-03-10T01:09:36.166721,0,0,655.2995980000001,0
2026-03-10T01:09:37.172618,0,0,656.181624,0
2026-03-10T01:09:38.179596,0,0,655.2995980000001,0
2026-03-10T01:09:39.186635,0,0,655.2995980000001,0
2026-03-10T01:09:40.193578,0,0,655.2995980000001,0
2026-03-10T01:09:42.194754,0,0,655.2995980000001,0
2026-03-10T01:09:42.206543,0,0,654.4175720000001,0
2026-03-10T01:09:43.213468,0,0,655.2995980000001,0
2026-03-10T01:09:44.219458,0,0,655.2995980000001,0
2026-03-10T01:09:45.226518,0,0,654.4175720000001,0
2026-03-10T01:09:46.232378,0,0,655.2995980000001,0
2026-03-10T01:09:47.240357,0,0,655.2995980000001,0
2026-03-10T01:09:48.246424,0,0,655.2995980000001,0
2026-03-10T01:09:50.248317,0,0,655.2995980000001,0
2026-03-10T01:09:50.260230,0,0,655.2995980000001,0
2026-03-10T01:09:51.266352,0,0,655.2995980000001,0
2026-03-10T01:09:52.273197,0,0,655.2995980000001,0
2026-03-10T01:09:53.279173,0,0,655.2995980000001,0
2026-03-10T01:09:54.287150,0,0,652.6535200000001,0
2026-03-10T01:09:55.293103,0,0,655.2995980000001,0
2026-03-10T01:09:56.300058,0,0,655.2995980000001,0
2026-03-10T01:09:57.306113,0,0,655.2995980000001,0
2026-03-10T01:09:58.313067,0,0,655.2995980000001,0
2026-03-10T01:09:59.320016,0,0,655.2995980000001,0
2026-03-10T01:10:00.326013,0,0,654.4175720000001,0
2026-03-10T01:10:01.332969,0,0,655.2995980000001,0
2026-03-10T01:10:02.339967,0,0,654.4175720000001,0
2026-03-10T01:10:03.346959,0,0,655.2995980000001,0
2026-03-10T01:10:04.352943,0,0,655.2995980000001,0
2026-03-10T01:10:06.354887,0,0,655.2995980000001,0
2026-03-10T01:10:06.366898,0,0,655.2995980000001,0
2026-03-10T01:10:07.372781,0,0,655.2995980000001,0
2026-03-10T01:10:08.379784,0,0,655.2995980000001,0
2026-03-10T01:10:09.385757,0,0,655.2995980000001,0
2026-03-10T01:10:10.393698,0,0,655.2995980000001,0
2026-03-10T01:10:11.399603,0,0,655.2995980000001,0
2026-03-10T01:10:12.406796,0,0,655.2995980000001,0
2026-03-10T01:10:13.412620,0,0,655.2995980000001,0
2026-03-10T01:10:14.419616,0,0,655.2995980000001,0
2026-03-10T01:10:15.426656,0,0,655.2995980000001,0
2026-03-10T01:10:16.432546,0,0,655.2995980000001,0
2026-03-10T01:10:17.439525,0,0,655.2995980000001,0
2026-03-10T01:10:18.446487,0,0,653.5355460000001,0
2026-03-10T01:10:20.448159,0,0,655.2995980000001,0
2026-03-10T01:10:20.458396,0,0,656.181624,0
2026-03-10T01:10:21.466512,0,0,655.2995980000001,0
2026-03-10T01:10:22.473585,0,0,655.2995980000001,0
2026-03-10T01:10:23.479297,0,0,655.2995980000001,0
2026-03-10T01:10:24.486375,0,0,653.5355460000001,0
2026-03-10T01:10:25.492246,0,0,655.2995980000001,0
2026-03-10T01:10:26.500285,0,0,655.2995980000001,0
2026-03-10T01:10:27.506219,0,0,655.2995980000001,0
2026-03-10T01:10:28.513190,0,0,655.2995980000001,0
2026-03-10T01:10:29.519166,0,0,655.2995980000001,0
2026-03-10T01:10:30.526120,0,0,655.2995980000001,0
2026-03-10T01:10:31.533070,0,0,655.2995980000001,0
2026-03-10T01:10:32.537118,0,0,655.2995980000001,0
2026-03-10T01:10:33.547060,0,0,654.4175720000001,0
2026-03-10T01:10:34.553020,0,0,655.2995980000001,0
2026-03-10T01:10:35.559995,0,0,655.2995980000001,0
2026-03-10T01:10:36.565963,0,0,655.2995980000001,0
2026-03-10T01:10:37.572903,0,0,655.2995980000001,0
2026-03-10T01:10:38.579891,0,0,655.2995980000001,0
2026-03-10T01:10:39.585854,0,0,654.4175720000001,0
2026-03-10T01:10:40.592880,0,0,655.2995980000001,0
2026-03-10T01:10:41.599815,0,0,655.2995980000001,0
2026-03-10T01:10:42.606783,0,0,655.2995980000001,0
2026-03-10T01:10:43.612710,0,0,655.2995980000001,0
2026-03-10T01:10:44.618828,0,0,655.2995980000001,0
2026-03-10T01:10:45.625651,0,0,654.4175720000001,0
2026-03-10T01:10:46.632636,0,0,655.2995980000001,0
2026-03-10T01:10:48.634484,0,0,655.2995980000001,0
2026-03-10T01:10:48.645519,0,0,655.2995980000001,0
2026-03-10T01:10:49.653554,0,0,655.2995980000001,0
2026-03-10T01:10:50.659523,0,0,655.2995980000001,0
2026-03-10T01:10:51.666608,0,0,655.2995980000001,0
2026-03-10T01:10:52.672452,0,0,655.2995980000001,0
2026-03-10T01:10:53.679408,0,0,655.2995980000001,0
2026-03-10T01:10:54.686597,0,0,655.2995980000001,0
2026-03-10T01:10:55.692467,0,0,655.2995980000001,0
2026-03-10T01:10:57.694311,0,0,655.2995980000001,0
2026-03-10T01:11:57.499223,0,0,655.2995980000001,0
2026-03-10T01:11:59.981653,0,0,655.2995980000001,0
2026-03-10T01:12:00.988673,0,0,655.2995980000001,0
2026-03-10T01:12:01.993608,0,0,655.2995980000001,0
2026-03-10T01:12:03.001584,0,0,655.2995980000001,0
2026-03-10T01:12:04.007541,0,0,655.2995980000001,0
2026-03-10T01:12:05.014602,0,0,655.2995980000001,0
2026-03-10T01:12:06.021484,0,0,655.2995980000001,0
2026-03-10T01:12:07.028453,0,0,655.2995980000001,0
2026-03-10T01:12:08.035422,0,0,655.2995980000001,0
2026-03-10T01:12:09.041377,0,0,655.2995980000001,0
2026-03-10T01:12:10.048400,0,0,655.2995980000001,0
2026-03-10T01:12:12.050339,0,0,655.2995980000001,0
2026-03-10T01:12:12.061297,0,0,655.2995980000001,0
2026-03-10T01:12:13.067284,0,0,655.2995980000001,0
2026-03-10T01:12:14.075260,0,0,655.2995980000001,0
2026-03-10T01:12:15.081225,0,0,655.2995980000001,0
2026-03-10T01:12:16.088215,0,0,655.2995980000001,0
2026-03-10T01:12:17.095214,0,0,655.2995980000001,0
2026-03-10T01:12:18.101158,0,0,655.2995980000001,0
2026-03-10T01:12:19.107162,0,0,655.2995980000001,0
2026-03-10T01:12:21.109024,0,0,655.2995980000001,0
2026-03-10T01:12:21.121973,0,0,655.2995980000001,0
2026-03-10T01:12:22.127981,0,0,655.2995980000001,0
2026-03-10T01:12:23.134957,0,0,655.2995980000001,0
2026-03-10T01:12:24.141935,0,0,655.2995980000001,0
2026-03-10T01:12:25.147914,0,0,655.2995980000001,0
2026-03-10T01:12:26.154835,0,0,655.2995980000001,0
2026-03-10T01:12:28.156571,0,0,655.2995980000001,0
2026-03-10T01:12:28.167805,0,0,655.2995980000001,0
2026-03-10T01:12:29.174793,0,0,655.2995980000001,0
2026-03-10T01:12:30.181773,0,0,655.2995980000001,0
2026-03-10T01:12:31.187742,0,0,655.2995980000001,0
2026-03-10T01:12:32.194729,0,0,655.2995980000001,0
2026-03-10T01:12:33.201655,0,0,655.2995980000001,0
2026-03-10T01:12:35.203437,0,0,655.2995980000001,0
2026-03-10T01:12:35.214671,0,0,654.4175720000001,0
2026-03-10T01:12:36.220602,0,0,655.2995980000001,0
2026-03-10T01:12:37.228565,0,0,655.2995980000001,0
2026-03-10T01:12:38.234603,0,0,655.2995980000001,0
2026-03-10T01:12:39.241500,0,0,655.2995980000001,0
2026-03-10T01:12:40.248460,0,0,655.2995980000001,0
2026-03-10T01:12:41.254636,0,0,655.2995980000001,0
2026-03-10T01:12:42.261457,0,0,655.2995980000001,0
2026-03-10T01:12:43.266530,0,0,655.2995980000001,0
2026-03-10T01:12:44.275421,0,0,655.2995980000001,0
2026-03-10T01:12:45.281411,0,0,655.2995980000001,0
2026-03-10T01:12:46.288392,0,0,655.2995980000001,0
2026-03-10T01:12:47.294422,0,0,655.2995980000001,0
2026-03-10T01:12:48.301336,0,0,655.2995980000001,0
2026-03-10T01:12:49.308295,0,0,655.2995980000001,0
2026-03-10T01:12:50.312287,0,0,655.2995980000001,0
2026-03-10T01:12:51.321241,0,0,655.2995980000001,0
2026-03-10T01:12:52.328202,0,0,655.2995980000001,0
2026-03-10T01:12:53.335159,0,0,655.2995980000001,0
2026-03-10T01:12:54.341149,0,0,655.2995980000001,0
2026-03-10T01:12:55.348128,0,0,655.2995980000001,0
2026-03-10T01:12:56.355096,0,0,655.2995980000001,0
2026-03-10T01:12:57.361040,0,0,655.2995980000001,0
2026-03-10T01:12:58.368046,0,0,655.2995980000001,0
2026-03-10T01:12:59.374036,0,0,655.2995980000001,0
2026-03-10T01:13:00.381986,0,0,655.2995980000001,0
2026-03-10T01:13:01.387978,0,0,655.2995980000001,0
2026-03-10T01:13:02.394944,0,0,655.2995980000001,0
2026-03-10T01:13:03.400908,0,0,655.2995980000001,0
2026-03-10T01:13:04.407836,0,0,655.2995980000001,0
2026-03-10T01:13:05.414841,0,0,655.2995980000001,0
2026-03-10T01:13:06.420814,0,0,655.2995980000001,0
2026-03-10T01:13:07.427778,0,0,655.2995980000001,0
2026-03-10T01:13:08.434777,0,0,655.2995980000001,0
2026-03-10T01:13:09.441715,0,0,655.2995980000001,0
2026-03-10T01:13:10.446690,0,0,655.2995980000001,0
2026-03-10T01:13:11.454759,0,0,655.2995980000001,0
2026-03-10T01:13:12.461689,0,0,655.2995980000001,0
2026-03-10T01:13:13.467628,0,0,654.4175720000001,0
2026-03-10T01:13:14.474676,0,0,655.2995980000001,0
2026-03-10T01:13:15.481549,0,0,655.2995980000001,0
2026-03-10T01:13:16.488558,0,0,655.2995980000001,0
2026-03-10T01:13:17.494635,0,0,655.2995980000001,0
2026-03-10T01:13:18.501505,0,0,655.2995980000001,0
2026-03-10T01:13:19.507492,0,0,656.181624,0
2026-03-10T01:13:20.514500,0,0,655.2995980000001,0
2026-03-10T01:13:21.521362,0,0,655.2995980000001,0
2026-03-10T01:13:22.527359,0,0,655.2995980000001,0
2026-03-10T01:13:23.535324,0,0,655.2995980000001,0
2026-03-10T01:13:24.541320,0,0,655.2995980000001,0
2026-03-10T01:13:25.546188,0,0,655.2995980000001,0
2026-03-10T01:13:26.554387,0,0,655.2995980000001,0
2026-03-10T01:13:27.561202,0,0,655.2995980000001,0
2026-03-10T01:13:28.568184,0,0,655.2995980000001,0
2026-03-10T01:13:29.574155,0,0,655.2995980000001,0
2026-03-10T01:13:30.581180,0,0,655.2995980000001,0
2026-03-10T01:13:31.588098,0,0,655.2995980000001,0
2026-03-10T01:13:32.595098,0,0,655.2995980000001,0
2026-03-10T01:13:33.601040,0,0,655.2995980000001,0
2026-03-10T01:13:34.608031,0,0,655.2995980000001,0
2026-03-10T01:13:35.614000,0,0,655.2995980000001,0
2026-03-10T01:13:36.620908,0,0,655.2995980000001,0
2026-03-10T01:13:37.628036,0,0,655.2995980000001,0
2026-03-10T01:13:38.633972,0,0,655.2995980000001,0
2026-03-10T01:13:40.635909,0,0,655.2995980000001,0
2026-03-10T01:13:40.647782,0,0,657.06365,0
2026-03-10T01:13:41.654819,0,0,655.2995980000001,0
2026-03-10T01:13:42.660785,0,0,655.2995980000001,0
2026-03-10T01:13:43.667760,0,0,655.2995980000001,0
2026-03-10T01:13:44.674740,0,0,655.2995980000001,0
2026-03-10T01:13:45.678773,0,0,655.2995980000001,0
2026-03-10T01:14:05.504691,0,0,655.2995980000001,0
2026-03-10T01:14:07.987111,0,0,657.06365,0
2026-03-10T01:14:08.994068,0,0,655.2995980000001,0
2026-03-10T01:14:09.999002,0,0,655.2995980000001,0
2026-03-10T01:14:12.000854,0,0,655.2995980000001,0
2026-03-10T01:14:22.759290,0,0,655.2995980000001,0
2026-03-10T01:14:25.241658,0,0,655.2995980000001,0
2026-03-10T01:14:26.248617,0,0,655.2995980000001,0
2026-03-10T01:14:27.252600,0,0,655.2995980000001,0
2026-03-10T01:14:29.254481,0,0,655.2995980000001,0
2026-03-10T01:14:29.267494,0,0,655.2995980000001,0
2026-03-10T01:14:30.274597,0,0,655.2995980000001,0
2026-03-10T01:14:31.281470,0,0,655.2995980000001,0
2026-03-10T01:14:32.287445,0,0,655.2995980000001,0
2026-03-10T01:14:33.295418,0,0,655.2995980000001,0
2026-03-10T01:14:34.301410,0,0,655.2995980000001,0
2026-03-10T01:14:35.307400,0,0,655.2995980000001,0
2026-03-10T01:14:37.309182,0,0,655.2995980000001,0
2026-03-10T01:14:37.321284,0,0,655.2995980000001,0
2026-03-10T01:14:38.327274,0,0,656.181624,0
2026-03-10T01:14:39.335265,0,0,655.2995980000001,0
2026-03-10T01:14:40.341214,0,0,655.2995980000001,0
2026-03-10T01:14:41.348217,0,0,655.2995980000001,0
2026-03-10T01:14:42.355185,0,0,655.2995980000001,0
2026-03-10T01:14:43.361132,0,0,655.2995980000001,0
2026-03-10T01:14:45.362921,0,0,655.2995980000001,0
2026-03-10T01:14:45.374066,0,0,655.2995980000001,0
2026-03-10T01:14:46.382090,0,0,655.2995980000001,0
2026-03-10T01:14:47.388079,0,0,655.2995980000001,0
2026-03-10T01:14:48.395038,0,0,655.2995980000001,0
2026-03-10T01:14:49.402001,0,0,655.2995980000001,0
2026-03-10T01:14:50.407949,0,0,655.2995980000001,0
2026-03-10T01:14:51.414023,0,0,655.2995980000001,0
2026-03-10T01:14:53.415975,0,0,655.2995980000001,0
2026-03-10T01:14:53.427852,0,0,655.2995980000001,0
2026-03-10T01:14:54.434859,0,0,655.2995980000001,0
2026-03-10T01:14:55.441844,0,0,655.2995980000001,0
2026-03-10T01:14:56.447771,0,0,655.2995980000001,0
2026-03-10T01:14:57.454836,0,0,655.2995980000001,0
2026-03-10T01:14:58.461728,0,0,655.2995980000001,0
2026-03-10T01:14:59.467683,0,0,655.2995980000001,0
2026-03-10T01:15:01.469475,0,0,655.2995980000001,0
2026-03-10T01:15:01.480639,0,0,655.2995980000001,0
2026-03-10T01:15:02.488679,0,0,655.2995980000001,0
2026-03-10T01:15:03.494707,0,0,655.2995980000001,0
2026-03-10T01:15:04.501669,0,0,655.2995980000001,0
2026-03-10T01:15:05.508647,0,0,655.2995980000001,0
2026-03-10T01:15:06.514629,0,0,655.2995980000001,0
2026-03-10T01:15:07.519545,0,0,655.2995980000001,0
2026-03-10T01:15:08.527580,0,0,655.2995980000001,0
2026-03-10T01:15:09.534615,0,0,656.181624,0
2026-03-10T01:15:10.541475,0,0,655.2995980000001,0
2026-03-10T01:15:11.548447,0,0,655.2995980000001,0
2026-03-10T01:15:12.554504,0,0,655.2995980000001,0
2026-03-10T01:15:13.561405,0,0,655.2995980000001,0
2026-03-10T01:15:14.568359,0,0,655.2995980000001,0
2026-03-10T01:15:15.574438,0,0,655.2995980000001,0
2026-03-10T01:15:16.581200,0,0,655.2995980000001,0
2026-03-10T01:15:18.582806,0,0,655.2995980000001,0
2026-03-10T01:15:18.595149,0,0,655.2995980000001,0
2026-03-10T01:15:19.601167,0,0,655.2995980000001,0
2026-03-10T01:15:20.608128,0,0,655.2995980000001,0
2026-03-10T01:15:21.615111,0,0,655.2995980000001,0
2026-03-10T01:15:22.621078,0,0,655.2995980000001,0
2026-03-10T01:15:23.627998,0,0,655.2995980000001,0
2026-03-10T01:15:24.634120,0,0,655.2995980000001,0
2026-03-10T01:15:26.636014,0,0,655.2995980000001,0
2026-03-10T01:15:26.646926,0,0,655.2995980000001,0
2026-03-10T01:15:27.654998,0,0,655.2995980000001,0
2026-03-10T01:15:28.660949,0,0,655.2995980000001,0
2026-03-10T01:15:29.667893,0,0,655.2995980000001,0
2026-03-10T01:15:30.674867,0,0,655.2995980000001,0
2026-03-10T01:15:31.680826,0,0,654.4175720000001,0
2026-03-10T01:15:32.687924,0,0,655.2995980000001,0
2026-03-10T01:15:33.694834,0,0,655.2995980000001,0
2026-03-10T01:15:34.701803,0,0,655.2995980000001,0
2026-03-10T01:15:35.707780,0,0,655.2995980000001,0
2026-03-10T01:15:36.714730,0,0,655.2995980000001,0
2026-03-10T01:15:37.721676,0,0,655.2995980000001,0
2026-03-10T01:15:38.727651,0,0,655.2995980000001,0
2026-03-10T01:15:39.734635,0,0,655.2995980000001,0
2026-03-10T01:15:40.740706,0,0,655.2995980000001,0
2026-03-10T01:15:41.748594,0,0,655.2995980000001,0
2026-03-10T01:15:42.754611,0,0,655.2995980000001,0
2026-03-10T01:15:43.761543,0,0,655.2995980000001,0
2026-03-10T01:15:44.767472,0,0,655.2995980000001,0
2026-03-10T01:15:45.774550,0,0,655.2995980000001,0
2026-03-10T01:15:46.781476,0,0,655.2995980000001,0
2026-03-10T01:15:47.787466,0,0,655.2995980000001,0
2026-03-10T01:15:48.795423,0,0,655.2995980000001,0
2026-03-10T01:15:49.801412,0,0,655.2995980000001,0
2026-03-10T01:15:50.808436,0,0,655.2995980000001,0
2026-03-10T01:15:51.814509,0,0,655.2995980000001,0
2026-03-10T01:15:52.821349,0,0,655.2995980000001,0
2026-03-10T01:15:53.828322,0,0,655.2995980000001,0
2026-03-10T01:15:54.834387,0,0,655.2995980000001,0
2026-03-10T01:15:55.841226,0,0,655.2995980000001,0
2026-03-10T01:15:56.848160,0,0,654.4175720000001,0
2026-03-10T01:15:57.855120,0,0,655.2995980000001,0
2026-03-10T01:15:58.861034,0,0,655.2995980000001,0
2026-03-10T01:15:59.868094,0,0,655.2995980000001,0
2026-03-10T01:16:00.874046,0,0,655.2995980000001,0
2026-03-10T01:16:01.880997,0,0,655.2995980000001,0
2026-03-10T01:16:02.887988,0,0,655.2995980000001,0
2026-03-10T01:16:04.889759,0,0,655.2995980000001,0
2026-03-10T01:16:04.901928,0,0,655.2995980000001,0
2026-03-10T01:16:05.907961,0,0,655.2995980000001,0
2026-03-10T01:16:06.914876,0,0,655.2995980000001,0
2026-03-10T01:16:07.920861,0,0,655.2995980000001,0
2026-03-10T01:16:08.927884,0,0,655.2995980000001,0
2026-03-10T01:16:09.934919,0,0,655.2995980000001,0
2026-03-10T01:16:11.936819,0,0,655.2995980000001,0
2026-03-10T01:16:11.948783,0,0,655.2995980000001,0
2026-03-10T01:16:12.954859,0,0,655.2995980000001,0
2026-03-10T01:16:13.960752,0,0,655.2995980000001,0
2026-03-10T01:16:14.967776,0,0,655.2995980000001,0
2026-03-10T01:16:15.974779,0,0,655.2995980000001,0
2026-03-10T01:16:16.980689,0,0,655.2995980000001,0
2026-03-10T01:16:18.982670,0,0,655.2995980000001,0
2026-03-10T01:16:18.994740,0,0,655.2995980000001,0
2026-03-10T01:16:20.001603,0,0,655.2995980000001,0
2026-03-10T01:16:21.008571,0,0,654.4175720000001,0
2026-03-10T01:16:22.014663,0,0,655.2995980000001,0
2026-03-10T01:16:23.021547,0,0,655.2995980000001,0
2026-03-10T01:16:24.027523,0,0,655.2995980000001,0
2026-03-10T01:16:25.034606,0,0,655.2995980000001,0
2026-03-10T01:16:26.041449,0,0,655.2995980000001,0
2026-03-10T01:16:27.047428,0,0,655.2995980000001,0
2026-03-10T01:16:28.055416,0,0,655.2995980000001,0
2026-03-10T01:16:29.061397,0,0,655.2995980000001,0
2026-03-10T01:16:30.068367,0,0,655.2995980000001,0
2026-03-10T01:16:31.074426,0,0,655.2995980000001,0
2026-03-10T01:16:32.081341,0,0,655.2995980000001,0
2026-03-10T01:16:33.087323,0,0,655.2995980000001,0
2026-03-10T01:16:34.094173,0,0,655.2995980000001,0
2026-03-10T01:16:35.102135,0,0,655.2995980000001,0
2026-03-10T01:16:37.104080,0,0,655.2995980000001,0
2026-03-10T01:16:37.115070,0,0,655.2995980000001,0
2026-03-10T01:16:38.121108,0,0,655.2995980000001,0
2026-03-10T01:16:39.128037,0,0,655.2995980000001,0
2026-03-10T01:16:40.134005,0,0,655.2995980000001,0
2026-03-10T01:16:41.140982,0,0,655.2995980000001,0
2026-03-10T01:16:42.147956,0,0,655.2995980000001,0
2026-03-10T01:16:43.155017,0,0,655.2995980000001,0
2026-03-10T01:16:45.156962,0,0,656.181624,0
2026-03-10T01:16:45.167898,0,0,655.2995980000001,0
2026-03-10T01:16:46.174864,0,0,655.2995980000001,0
2026-03-10T01:16:47.180841,0,0,655.2995980000001,0
2026-03-10T01:16:48.186823,0,0,655.2995980000001,0
2026-03-10T01:16:49.193786,0,0,655.2995980000001,0
2026-03-10T01:16:50.200766,0,0,655.2995980000001,0
2026-03-10T01:16:51.208761,0,0,655.2995980000001,0
2026-03-10T01:16:52.214840,0,0,655.2995980000001,0
2026-03-10T01:16:53.221767,0,0,655.2995980000001,0
2026-03-10T01:16:55.223564,0,0,655.2995980000001,0
2026-03-10T01:16:55.234663,0,0,655.2995980000001,0
2026-03-10T01:16:56.240590,0,0,655.2995980000001,0
2026-03-10T01:16:57.247568,0,0,655.2995980000001,0
2026-03-10T01:16:58.255544,0,0,655.2995980000001,0
2026-03-10T01:16:59.261489,0,0,655.2995980000001,0
2026-03-10T01:17:00.266683,0,0,655.2995980000001,0
2026-03-10T01:17:02.268523,0,0,655.2995980000001,0
2026-03-10T01:17:02.281455,0,0,655.2995980000001,0
2026-03-10T01:17:03.287394,0,0,655.2995980000001,0
2026-03-10T01:17:04.294456,0,0,655.2995980000001,0
2026-03-10T01:17:05.300329,0,0,655.2995980000001,0
2026-03-10T01:17:06.308315,0,0,655.2995980000001,0
2026-03-10T01:17:07.315269,0,0,655.2995980000001,0
2026-03-10T01:17:08.321350,0,0,655.2995980000001,0
2026-03-10T01:17:09.328287,0,0,655.2995980000001,0
2026-03-10T01:17:10.334367,0,0,655.2995980000001,0
2026-03-10T01:17:11.341241,0,0,655.2995980000001,0
2026-03-10T01:17:12.347247,0,0,655.2995980000001,0
2026-03-10T01:17:13.355194,0,0,655.2995980000001,0
2026-03-10T01:17:14.362171,0,0,655.2995980000001,0
2026-03-10T01:17:15.368229,0,0,655.2995980000001,0
2026-03-10T01:17:17.370156,0,0,655.2995980000001,0
2026-03-10T01:18:27.251753,0,0,655.2995980000001,0
2026-03-10T01:18:29.734116,0,0,655.2995980000001,0
2026-03-10T01:18:30.741082,0,0,655.2995980000001,0
2026-03-10T01:18:31.747058,0,0,655.2995980000001,0
2026-03-10T01:18:32.754068,0,0,655.2995980000001,0
2026-03-10T01:18:33.760033,0,0,656.181624,0
2026-03-10T01:18:34.767039,0,0,655.2995980000001,0
2026-03-10T01:18:35.773994,0,0,655.2995980000001,0
2026-03-10T01:18:36.780955,0,0,655.2995980000001,0
2026-03-10T01:18:37.787929,0,0,655.2995980000001,0
2026-03-10T01:18:38.793903,0,0,656.181624,0
2026-03-10T01:18:39.800905,0,0,655.2995980000001,0
2026-03-10T01:18:40.806851,0,0,655.2995980000001,0
2026-03-10T01:18:42.808666,0,0,655.2995980000001,0
2026-03-10T01:18:42.819731,0,0,655.2995980000001,0
2026-03-10T01:18:43.827775,0,0,655.2995980000001,0
2026-03-10T01:18:44.833742,0,0,655.2995980000001,0
2026-03-10T01:18:45.840709,0,0,655.2995980000001,0
2026-03-10T01:18:46.847654,0,0,655.2995980000001,0
2026-03-10T01:18:47.853659,0,0,655.2995980000001,0
2026-03-10T01:18:48.860615,0,0,655.2995980000001,0
2026-03-10T01:18:50.862509,0,0,655.2995980000001,0
2026-03-10T01:18:50.874597,0,0,655.2995980000001,0
2026-03-10T01:18:51.880563,0,0,655.2995980000001,0
2026-03-10T01:18:52.887502,0,0,656.181624,0
2026-03-10T01:18:53.894612,0,0,655.2995980000001,0
2026-03-10T01:18:54.900489,0,0,655.2995980000001,0
2026-03-10T01:18:55.906957,0,0,654.4175720000001,0
2026-03-10T01:18:56.913489,0,0,655.2995980000001,0
2026-03-10T01:18:58.915402,0,0,655.2995980000001,0
2026-03-10T01:19:17.757384,0,0,655.2995980000001,0
2026-03-10T01:19:20.239841,0,0,655.2995980000001,0
2026-03-10T01:19:21.246843,0,0,655.2995980000001,0
2026-03-10T01:19:22.251870,0,0,655.2995980000001,0
2026-03-10T01:19:24.253784,0,0,655.2995980000001,0
2026-03-10T01:20:51.263377,0,0,655.2995980000001,0
2026-03-10T01:20:53.745394,0,0,655.2995980000001,0
2026-03-10T01:20:54.752385,0,0,655.2995980000001,0
2026-03-10T01:20:55.756353,0,0,655.2995980000001,0
2026-03-10T01:20:56.765338,0,0,655.2995980000001,0
2026-03-10T01:20:57.771289,0,0,655.2995980000001,0
2026-03-10T01:20:58.778392,0,0,655.2995980000001,0
2026-03-10T01:20:59.785227,0,0,655.2995980000001,0
2026-03-10T01:21:00.792223,0,0,655.2995980000001,0
2026-03-10T01:21:01.799186,0,0,655.2995980000001,0
2026-03-10T01:21:02.803163,0,0,655.2995980000001,0
2026-03-10T01:21:03.812153,0,0,655.2995980000001,0
2026-03-10T01:21:04.818118,0,0,655.2995980000001,0
2026-03-10T01:21:05.825064,0,0,654.4175720000001,0
2026-03-10T01:21:06.832053,0,0,655.2995980000001,0
2026-03-10T01:21:07.839027,0,0,655.2995980000001,0
2026-03-10T01:21:08.844975,0,0,655.2995980000001,0
2026-03-10T01:21:09.850998,0,0,655.2995980000001,0
2026-03-10T01:21:10.858973,0,0,654.4175720000001,0
2026-03-10T01:21:11.864923,0,0,655.2995980000001,0
2026-03-10T01:21:12.871922,0,0,655.2995980000001,0
2026-03-10T01:21:13.877899,0,0,655.2995980000001,0
2026-03-10T01:21:14.885844,0,0,655.2995980000001,0
2026-03-10T01:21:15.892056,0,0,656.181624,0
2026-03-10T01:21:16.896799,0,0,655.2995980000001,0
2026-03-10T01:21:17.905776,0,0,655.2995980000001,0
2026-03-10T01:21:18.911744,0,0,655.2995980000001,0
2026-03-10T01:21:19.918756,0,0,655.2995980000001,0
2026-03-10T01:21:20.924685,0,0,656.181624,0
2026-03-10T01:21:21.931649,0,0,655.2995980000001,0
2026-03-10T01:21:22.938725,0,0,655.2995980000001,0
2026-03-10T01:21:23.944606,0,0,655.2995980000001,0
2026-03-10T01:21:24.950932,0,0,654.4175720000001,0
2026-03-10T01:21:25.958651,0,0,655.2995980000001,0
2026-03-10T01:21:26.965546,0,0,654.4175720000001,0
2026-03-10T01:21:27.971508,0,0,655.2995980000001,0
2026-03-10T01:21:28.978581,0,0,655.2995980000001,0
2026-03-10T01:21:29.984454,0,0,655.2995980000001,0
2026-03-10T01:21:30.990562,0,0,655.2995980000001,0
2026-03-10T01:21:31.998514,0,0,655.2995980000001,0
2026-03-10T01:21:33.005372,0,0,655.2995980000001,0
2026-03-10T01:21:34.012347,0,0,655.2995980000001,0
2026-03-10T01:21:35.018399,0,0,655.2995980000001,0
2026-03-10T01:21:36.025297,0,0,655.2995980000001,0
2026-03-10T01:21:37.031238,0,0,655.2995980000001,0
2026-03-10T01:21:38.036263,0,0,656.181624,0
2026-03-10T01:21:40.038085,0,0,655.2995980000001,0
2026-03-10T01:21:40.052116,0,0,655.2995980000001,0
2026-03-10T01:21:41.058165,0,0,655.2995980000001,0
2026-03-10T01:21:42.065123,0,0,655.2995980000001,0
2026-03-10T01:21:43.072083,0,0,655.2995980000001,0
2026-03-10T01:21:44.078070,0,0,655.2995980000001,0
2026-03-10T01:21:45.084980,0,0,656.181624,0
2026-03-10T01:21:46.091006,0,0,655.2995980000001,0
2026-03-10T01:21:47.098941,0,0,655.2995980000001,0
2026-03-10T01:21:48.104921,0,0,655.2995980000001,0
2026-03-10T01:21:49.111915,0,0,655.2995980000001,0
2026-03-10T01:21:50.118861,0,0,655.2995980000001,0
2026-03-10T01:21:51.124837,0,0,655.2995980000001,0
2026-03-10T01:21:52.130859,0,0,655.2995980000001,0
2026-03-10T01:21:53.137824,0,0,656.181624,0
2026-03-10T01:21:54.145808,0,0,655.2995980000001,0
2026-03-10T01:21:55.151799,0,0,655.2995980000001,0
2026-03-10T01:21:56.158769,0,0,656.181624,0
2026-03-10T01:21:57.164731,0,0,655.2995980000001,0
2026-03-10T01:21:58.171707,0,0,655.2995980000001,0
2026-03-10T01:21:59.176724,0,0,655.2995980000001,0
2026-03-10T01:22:00.184658,0,0,655.2995980000001,0
2026-03-10T01:22:01.191628,0,0,655.2995980000001,0
2026-03-10T01:22:02.198690,0,0,655.2995980000001,0
2026-03-10T01:22:03.205572,0,0,655.2995980000001,0
2026-03-10T01:22:04.211537,0,0,655.2995980000001,0
2026-03-10T01:22:05.218593,0,0,655.2995980000001,0
2026-03-10T01:22:06.225505,0,0,655.2995980000001,0
2026-03-10T01:22:07.231478,0,0,655.2995980000001,0
2026-03-10T01:22:08.238570,0,0,655.2995980000001,0
2026-03-10T01:22:09.244415,0,0,655.2995980000001,0
2026-03-10T01:22:10.252390,0,0,655.2995980000001,0
2026-03-10T01:22:11.258463,0,0,655.2995980000001,0
2026-03-10T01:22:12.265331,0,0,655.2995980000001,0
2026-03-10T01:22:13.271262,0,0,655.2995980000001,0
2026-03-10T01:22:14.278441,0,0,655.2995980000001,0
2026-03-10T01:22:15.285297,0,0,655.2995980000001,0
2026-03-10T01:22:16.290944,0,0,655.2995980000001,0
2026-03-10T01:22:17.299229,0,0,655.2995980000001,0
2026-03-10T01:22:18.305146,0,0,655.2995980000001,0
2026-03-10T01:22:19.312166,0,0,655.2995980000001,0
2026-03-10T01:22:20.318134,0,0,655.2995980000001,0
2026-03-10T01:22:21.325156,0,0,655.2995980000001,0
2026-03-10T01:22:23.326907,0,0,655.2995980000001,0
2026-03-10T01:22:34.000237,0,0,655.2995980000001,0
2026-03-10T01:22:36.482776,0,0,655.2995980000001,0
2026-03-10T01:22:37.489659,0,0,655.2995980000001,0
2026-03-10T01:22:38.495645,0,0,653.5355460000001,0
2026-03-10T01:22:40.497423,0,0,655.2995980000001,0
2026-03-10T01:22:40.508600,0,0,655.2995980000001,0
2026-03-10T01:22:41.516612,0,0,655.2995980000001,0
2026-03-10T01:22:42.522607,0,0,655.2995980000001,0
2026-03-10T01:22:43.529532,0,0,655.2995980000001,0
2026-03-10T01:22:44.536505,0,0,655.2995980000001,0
2026-03-10T01:22:45.540489,0,0,655.2995980000001,0
2026-03-10T01:22:47.542356,0,0,655.2995980000001,0
2026-03-10T01:22:47.555402,0,0,655.2995980000001,0
2026-03-10T01:22:49.557200,0,0,655.2995980000001,0
2026-03-10T01:22:49.569389,0,0,655.2995980000001,0
2026-03-10T01:22:50.576365,0,0,655.2995980000001,0
2026-03-10T01:22:51.582426,0,0,655.2995980000001,0
2026-03-10T01:22:52.589345,0,0,655.2995980000001,0
2026-03-10T01:22:53.596306,0,0,655.2995980000001,0
2026-03-10T01:22:54.600269,0,0,655.2995980000001,0
2026-03-10T01:22:55.609256,0,0,655.2995980000001,0
2026-03-10T01:22:56.615223,0,0,655.2995980000001,0
2026-03-10T01:22:57.623158,0,0,655.2995980000001,0
2026-03-10T01:22:58.629123,0,0,655.2995980000001,0
2026-03-10T01:22:59.636132,0,0,655.2995980000001,0
2026-03-10T01:23:00.643073,0,0,655.2995980000001,0
2026-03-10T01:23:01.647103,0,0,655.2995980000001,0
2026-03-10T01:23:02.656081,0,0,655.2995980000001,0
2026-03-10T01:23:03.661996,0,0,655.2995980000001,0
2026-03-10T01:23:04.670005,0,0,655.2995980000001,0
2026-03-10T01:23:05.675988,0,0,655.2995980000001,0
2026-03-10T01:23:06.682939,0,0,655.2995980000001,0
2026-03-10T01:23:07.688917,0,0,655.2995980000001,0
2026-03-10T01:23:08.695868,0,0,657.06365,0
2026-03-10T01:23:09.702937,0,0,655.2995980000001,0
2026-03-10T01:23:11.704714,0,0,655.2995980000001,0
2026-03-10T01:23:11.715706,0,0,657.06365,0
2026-03-10T01:23:12.722793,0,0,655.2995980000001,0
2026-03-10T01:23:13.729745,0,0,655.2995980000001,0
2026-03-10T01:23:14.735682,0,0,656.181624,0
2026-03-10T01:23:15.742792,0,0,655.2995980000001,0
2026-03-10T01:23:16.749654,0,0,654.4175720000001,0
2026-03-10T01:23:18.750761,0,0,655.2995980000001,0
2026-03-10T01:23:18.762635,0,0,655.2995980000001,0
2026-03-10T01:23:19.768556,0,0,655.2995980000001,0
2026-03-10T01:23:20.775532,0,0,655.2995980000001,0
2026-03-10T01:23:21.782617,0,0,655.2995980000001,0
2026-03-10T01:23:22.789479,0,0,655.2995980000001,0
2026-03-10T01:23:23.795461,0,0,655.2995980000001,0
2026-03-10T01:23:24.802581,0,0,655.2995980000001,0
2026-03-10T01:23:25.809491,0,0,655.2995980000001,0
2026-03-10T01:23:26.815452,0,0,655.2995980000001,0
2026-03-10T01:23:27.823432,0,0,655.2995980000001,0
2026-03-10T01:23:28.829383,0,0,655.2995980000001,0
2026-03-10T01:23:29.836339,0,0,655.2995980000001,0
2026-03-10T01:23:30.842415,0,0,655.2995980000001,0
2026-03-10T01:23:31.849357,0,0,655.2995980000001,0
2026-03-10T01:23:32.856288,0,0,655.2995980000001,0
2026-03-10T01:23:33.862336,0,0,655.2995980000001,0
2026-03-10T01:23:34.869301,0,0,655.2995980000001,0
2026-03-10T01:23:35.876237,0,0,655.2995980000001,0
2026-03-10T01:23:37.877996,0,0,655.2995980000001,0
2026-03-10T01:23:37.889078,0,0,655.2995980000001,0
2026-03-10T01:23:38.896063,0,0,655.2995980000001,0
2026-03-10T01:23:39.902040,0,0,655.2995980000001,0
2026-03-10T01:23:40.909025,0,0,655.2995980000001,0
2026-03-10T01:23:41.915996,0,0,655.2995980000001,0
2026-03-10T01:23:42.920966,0,0,655.2995980000001,0
2026-03-10T01:23:43.929971,0,0,655.2995980000001,0
2026-03-10T01:23:44.935893,0,0,655.2995980000001,0
2026-03-10T01:23:45.942899,0,0,655.2995980000001,0
2026-03-10T01:23:46.948861,0,0,655.2995980000001,0
2026-03-10T01:23:47.955856,0,0,655.2995980000001,0
2026-03-10T01:23:48.962799,0,0,655.2995980000001,0
2026-03-10T01:23:49.968793,0,0,655.2995980000001,0
2026-03-10T01:23:51.970722,0,0,655.2995980000001,0
2026-03-10T01:23:51.982736,0,0,655.2995980000001,0
2026-03-10T01:23:52.989695,0,0,655.2995980000001,0
2026-03-10T01:23:53.995697,0,0,655.2995980000001,0
2026-03-10T01:23:55.002722,0,0,655.2995980000001,0
2026-03-10T01:23:56.008652,0,0,655.2995980000001,0
2026-03-10T01:23:57.013609,0,0,657.06365,0
2026-03-10T01:23:58.022708,0,0,655.2995980000001,0
2026-03-10T01:23:59.029586,0,0,655.2995980000001,0
2026-03-10T01:24:00.036589,0,0,655.2995980000001,0
2026-03-10T01:24:01.042628,0,0,655.2995980000001,0
2026-03-10T01:24:02.049533,0,0,655.2995980000001,0
2026-03-10T01:24:03.055475,0,0,655.2995980000001,0
2026-03-10T01:24:04.060458,0,0,655.2995980000001,0
2026-03-10T01:24:06.062414,0,0,655.2995980000001,0
2026-03-10T01:24:06.075424,0,0,654.4175720000001,0
2026-03-10T01:24:07.083409,0,0,655.2995980000001,0
2026-03-10T01:24:08.089369,0,0,656.181624,0
2026-03-10T01:24:09.096351,0,0,655.2995980000001,0
2026-03-10T01:24:10.102384,0,0,656.181624,0
2026-03-10T01:24:11.109330,0,0,655.2995980000001,0
2026-03-10T01:24:12.114416,0,0,655.2995980000001,0
2026-03-10T01:24:13.122220,0,0,655.2995980000001,0
2026-03-10T01:24:14.130207,0,0,655.2995980000001,0
2026-03-10T01:24:15.136153,0,0,655.2995980000001,0
2026-03-10T01:24:16.143151,0,0,655.2995980000001,0
2026-03-10T01:24:17.149128,0,0,655.2995980000001,0
2026-03-10T01:24:18.156102,0,0,655.2995980000001,0
2026-03-10T01:24:19.162025,0,0,655.2995980000001,0
2026-03-10T01:24:21.163904,0,0,655.2995980000001,0
2026-03-10T01:24:21.175957,0,0,655.2995980000001,0
2026-03-10T01:24:22.182970,0,0,655.2995980000001,0
2026-03-10T01:24:23.189919,0,0,656.181624,0
2026-03-10T01:24:24.195910,0,0,655.2995980000001,0
2026-03-10T01:24:25.202884,0,0,656.181624,0
2026-03-10T01:24:26.208821,0,0,655.2995980000001,0
2026-03-10T01:24:27.215937,0,0,657.06365,0
2026-03-10T01:24:28.221839,0,0,655.2995980000001,0
2026-03-10T01:24:29.228840,0,0,655.2995980000001,0
2026-03-10T01:24:30.236822,0,0,657.06365,0
2026-03-10T01:24:31.242791,0,0,655.2995980000001,0
2026-03-10T01:24:32.249756,0,0,656.181624,0
2026-03-10T01:24:33.255730,0,0,655.2995980000001,0
2026-03-10T01:24:34.262725,0,0,655.2995980000001,0
2026-03-10T01:24:35.268607,0,0,655.2995980000001,0
2026-03-10T01:24:36.275608,0,0,655.2995980000001,0
2026-03-10T01:24:37.283570,0,0,655.2995980000001,0
2026-03-10T01:24:38.289570,0,0,655.2995980000001,0
2026-03-10T01:24:39.296514,0,0,655.2995980000001,0
2026-03-10T01:24:40.302602,0,0,655.2995980000001,0
2026-03-10T01:24:41.309455,0,0,655.2995980000001,0
2026-03-10T01:24:42.315446,0,0,655.2995980000001,0
2026-03-10T01:24:43.321403,0,0,655.2995980000001,0
2026-03-10T01:24:44.328415,0,0,655.2995980000001,0
2026-03-10T01:24:45.335350,0,0,655.2995980000001,0
2026-03-10T01:24:46.343368,0,0,655.2995980000001,0
2026-03-10T01:24:47.349334,0,0,655.2995980000001,0
2026-03-10T01:24:48.356307,0,0,654.4175720000001,0
2026-03-10T01:24:49.362372,0,0,655.2995980000001,0
2026-03-10T01:24:50.369227,0,0,655.2995980000001,0
2026-03-10T01:24:51.375214,0,0,655.2995980000001,0
2026-03-10T01:24:52.382357,0,0,655.2995980000001,0
2026-03-10T01:24:54.384200,0,0,655.2995980000001,0
2026-03-10T01:24:54.396120,0,0,655.2995980000001,0
2026-03-10T01:24:55.403107,0,0,655.2995980000001,0
2026-03-10T01:24:56.409074,0,0,655.2995980000001,0
2026-03-10T01:24:57.415921,0,0,655.2995980000001,0
2026-03-10T01:24:58.422025,0,0,655.2995980000001,0
2026-03-10T01:24:59.428995,0,0,655.2995980000001,0
2026-03-10T01:25:00.435974,0,0,655.2995980000001,0
2026-03-10T01:25:01.443029,0,0,655.2995980000001,0
2026-03-10T01:25:02.448948,0,0,655.2995980000001,0
2026-03-10T01:25:03.455947,0,0,655.2995980000001,0
2026-03-10T01:25:04.462912,0,0,655.2995980000001,0
2026-03-10T01:25:05.468917,0,0,655.2995980000001,0
2026-03-10T01:25:06.475872,0,0,655.2995980000001,0
2026-03-10T01:25:07.481829,0,0,655.2995980000001,0
2026-03-10T01:25:08.489810,0,0,655.2995980000001,0
2026-03-10T01:25:10.491684,0,0,655.2995980000001,0
2026-03-10T01:25:29.505735,0,0,655.2995980000001,0
2026-03-10T01:25:31.988182,0,0,655.2995980000001,0
2026-03-10T01:25:32.995162,0,0,655.2995980000001,0
2026-03-10T01:25:34.001138,0,0,655.2995980000001,0
2026-03-10T01:25:35.008171,0,0,655.2995980000001,0
2026-03-10T01:25:36.014178,0,0,655.2995980000001,0
2026-03-10T01:25:38.016071,0,0,655.2995980000001,0
2026-03-10T01:25:38.027946,0,0,655.2995980000001,0
2026-03-10T01:25:39.034988,0,0,655.2995980000001,0
2026-03-10T01:25:40.041989,0,0,655.2995980000001,0
2026-03-10T01:25:41.047947,0,0,654.4175720000001,0
2026-03-10T01:25:42.054917,0,0,655.2995980000001,0
2026-03-10T01:25:43.060972,0,0,655.2995980000001,0
2026-03-10T01:25:45.062760,0,0,655.2995980000001,0
2026-03-10T01:26:12.729109,0,0,655.2995980000001,0
2026-03-10T01:26:13.410895,0,0,655.2995980000001,0
2026-03-10T01:26:13.744088,0,0,655.2995980000001,0
2026-03-10T01:26:14.752089,0,0,655.2995980000001,0
2026-03-10T01:26:15.758069,0,0,655.2995980000001,0
2026-03-10T01:26:16.765037,0,0,655.2995980000001,0
2026-03-10T01:26:17.770996,0,0,655.2995980000001,0
2026-03-10T01:26:19.772805,0,0,655.2995980000001,0
2026-03-10T01:26:19.784981,0,0,656.181624,0
2026-03-10T01:26:20.790955,0,0,655.2995980000001,0
2026-03-10T01:26:21.798921,0,0,655.2995980000001,0
2026-03-10T01:26:22.803838,0,0,655.2995980000001,0
2026-03-10T01:26:23.811820,0,0,655.2995980000001,0
2026-03-10T01:26:24.817832,0,0,655.2995980000001,0
2026-03-10T01:26:25.824742,0,0,655.2995980000001,0
2026-03-10T01:26:26.831895,0,0,655.2995980000001,0
2026-03-10T01:26:27.837812,0,0,655.2995980000001,0
2026-03-10T01:26:28.844810,0,0,655.2995980000001,0
2026-03-10T01:26:29.851805,0,0,655.2995980000001,0
2026-03-10T01:26:31.853599,0,0,655.2995980000001,0
2026-03-10T01:26:31.864687,0,0,655.2995980000001,0
2026-03-10T01:26:32.871698,0,0,655.2995980000001,0
2026-03-10T01:26:33.878735,0,0,655.2995980000001,0
2026-03-10T01:26:35.880541,0,0,655.2995980000001,0
2026-03-10T01:26:35.891483,0,0,655.2995980000001,0
2026-03-10T01:26:36.897505,0,0,655.2995980000001,0
2026-03-10T01:26:37.905500,0,0,654.4175720000001,0
2026-03-10T01:26:38.911466,0,0,655.2995980000001,0
2026-03-10T01:26:39.916434,0,0,655.2995980000001,0
2026-03-10T01:26:40.924434,0,0,655.2995980000001,0
2026-03-10T01:26:42.926312,0,0,655.2995980000001,0
2026-03-10T01:26:42.938411,0,0,655.2995980000001,0
2026-03-10T01:26:43.944364,0,0,655.2995980000001,0
2026-03-10T01:26:44.952290,0,0,655.2995980000001,0
2026-03-10T01:26:45.958348,0,0,655.2995980000001,0
2026-03-10T01:26:46.965255,0,0,655.2995980000001,0
2026-03-10T01:26:47.971256,0,0,655.2995980000001,0
2026-03-10T01:26:49.973071,0,0,655.2995980000001,0
2026-03-10T01:26:49.985117,0,0,655.2995980000001,0
2026-03-10T01:26:50.991151,0,0,655.2995980000001,0
2026-03-10T01:26:51.998100,0,0,655.2995980000001,0
2026-03-10T01:26:53.005081,0,0,655.2995980000001,0
2026-03-10T01:26:54.012066,0,0,655.2995980000001,0
2026-03-10T01:26:55.018030,0,0,655.2995980000001,0
2026-03-10T01:26:56.024906,0,0,655.2995980000001,0
2026-03-10T01:26:57.031012,0,0,655.2995980000001,0
2026-03-10T01:26:58.037975,0,0,655.2995980000001,0
2026-03-10T01:26:59.044921,0,0,655.2995980000001,0
2026-03-10T01:27:00.049932,0,0,655.2995980000001,0
2026-03-10T01:27:01.058894,0,0,655.2995980000001,0
2026-03-10T01:27:02.064853,0,0,655.2995980000001,0
2026-03-10T01:27:03.071829,0,0,655.2995980000001,0
2026-03-10T01:27:05.073652,0,0,655.2995980000001,0
2026-03-10T01:27:05.084724,0,0,655.2995980000001,0
2026-03-10T01:27:06.091763,0,0,655.2995980000001,0
2026-03-10T01:27:07.097729,0,0,655.2995980000001,0
2026-03-10T01:27:08.105697,0,0,655.2995980000001,0
2026-03-10T01:27:09.111680,0,0,655.2995980000001,0
2026-03-10T01:27:10.117631,0,0,655.2995980000001,0
2026-03-10T01:27:11.124660,0,0,655.2995980000001,0
2026-03-10T01:27:12.131649,0,0,655.2995980000001,0
2026-03-10T01:27:13.137600,0,0,655.2995980000001,0
2026-03-10T01:28:06.001794,0,0,655.2995980000001,0
2026-03-10T01:28:08.484151,0,0,655.2995980000001,0
2026-03-10T01:28:09.491135,0,0,655.2995980000001,0
2026-03-10T01:28:10.497096,0,0,655.2995980000001,0
2026-03-10T01:28:11.504107,0,0,655.2995980000001,0
2026-03-10T01:28:12.510051,0,0,655.2995980000001,0
2026-03-10T01:28:13.517025,0,0,655.2995980000001,0
2026-03-10T01:28:14.523994,0,0,655.2995980000001,0
2026-03-10T01:28:15.530976,0,0,655.2995980000001,0
2026-03-10T01:28:16.537943,0,0,655.2995980000001,0
2026-03-10T01:28:17.543912,0,0,655.2995980000001,0
2026-03-10T01:28:18.550951,0,0,655.2995980000001,0
2026-03-10T01:28:19.556900,0,0,655.2995980000001,0
2026-03-10T01:28:20.563869,0,0,655.2995980000001,0
2026-03-10T01:28:21.570832,0,0,655.2995980000001,0
2026-03-10T01:28:22.577670,0,0,657.06365,0
2026-03-10T01:28:23.583770,0,0,655.2995980000001,0
2026-03-10T01:28:24.590741,0,0,655.2995980000001,0
2026-03-10T01:28:25.597724,0,0,655.2995980000001,0
2026-03-10T01:28:26.603712,0,0,655.2995980000001,0
2026-03-10T01:28:27.610740,0,0,655.2995980000001,0
2026-03-10T01:28:28.616665,0,0,655.2995980000001,0
2026-03-10T01:28:29.624662,0,0,655.2995980000001,0
2026-03-10T01:28:30.630646,0,0,655.2995980000001,0
2026-03-10T01:28:31.637603,0,0,655.2995980000001,0
2026-03-10T01:28:32.644615,0,0,655.2995980000001,0
2026-03-10T01:28:34.646457,0,0,655.2995980000001,0
2026-03-10T01:28:34.657454,0,0,655.2995980000001,0
2026-03-10T01:28:35.663496,0,0,655.2995980000001,0
2026-03-10T01:28:36.670544,0,0,655.2995980000001,0
2026-03-10T01:28:37.677421,0,0,655.2995980000001,0
2026-03-10T01:28:38.684416,0,0,655.2995980000001,0
2026-03-10T01:28:39.690428,0,0,655.2995980000001,0
2026-03-10T01:28:40.697360,0,0,656.181624,0
2026-03-10T01:28:42.698800,0,0,656.181624,0
2026-03-10T01:28:42.710365,0,0,655.2995980000001,0
2026-03-10T01:28:43.717251,0,0,655.2995980000001,0
2026-03-10T01:28:44.723265,0,0,655.2995980000001,0
2026-03-10T01:28:45.731201,0,0,655.2995980000001,0
2026-03-10T01:28:46.737218,0,0,655.2995980000001,0
2026-03-10T01:28:47.744145,0,0,655.2995980000001,0
2026-03-10T01:28:48.751165,0,0,655.2995980000001,0
2026-03-10T01:28:50.752957,0,0,655.2995980000001,0
2026-03-10T01:28:50.764052,0,0,655.2995980000001,0
2026-03-10T01:28:51.770081,0,0,655.2995980000001,0
2026-03-10T01:28:52.778065,0,0,655.2995980000001,0
2026-03-10T01:28:53.784015,0,0,655.2995980000001,0
2026-03-10T01:28:54.791004,0,0,655.2995980000001,0
2026-03-10T01:28:55.796994,0,0,655.2995980000001,0
2026-03-10T01:28:56.803957,0,0,655.2995980000001,0
2026-03-10T01:28:58.805730,0,0,655.2995980000001,0
2026-03-10T01:28:58.816846,0,0,655.2995980000001,0
2026-03-10T01:28:59.823859,0,0,655.2995980000001,0
2026-03-10T01:29:00.830823,0,0,655.2995980000001,0
2026-03-10T01:29:01.837837,0,0,655.2995980000001,0
2026-03-10T01:29:02.843816,0,0,655.2995980000001,0
2026-03-10T01:29:03.850810,0,0,655.2995980000001,0
2026-03-10T01:29:04.857802,0,0,656.181624,0
2026-03-10T01:29:06.859575,0,0,655.2995980000001,0
2026-03-10T01:29:06.870696,0,0,655.2995980000001,0
2026-03-10T01:29:08.872461,0,0,656.181624,0
2026-03-10T01:29:27.760711,0,0,655.2995980000001,0
2026-03-10T01:29:30.243087,0,0,655.2995980000001,0
2026-03-10T01:29:31.250024,0,0,655.2995980000001,0
2026-03-10T01:29:32.254060,0,0,655.2995980000001,0
2026-03-10T01:29:34.255871,0,0,655.2995980000001,0
2026-03-10T01:29:34.268912,0,0,655.2995980000001,0
2026-03-10T01:29:35.275931,0,0,655.2995980000001,0
2026-03-10T01:29:36.282922,0,0,655.2995980000001,0
2026-03-10T01:29:37.288878,0,0,655.2995980000001,0
2026-03-10T01:29:38.296894,0,0,658.827702,0
2026-03-10T01:29:39.300836,0,0,655.2995980000001,0
2026-03-10T01:29:41.302686,0,0,655.2995980000001,0
2026-03-10T01:29:41.315721,0,0,654.4175720000001,0
2026-03-10T01:29:42.322820,0,0,655.2995980000001,0
2026-03-10T01:29:43.328737,0,0,655.2995980000001,0
2026-03-10T01:29:44.336690,0,0,655.2995980000001,0
2026-03-10T01:29:45.342700,0,0,655.2995980000001,0
2026-03-10T01:29:46.347682,0,0,655.2995980000001,0
2026-03-10T01:30:23.229387,0,0,655.2995980000001,0
2026-03-10T01:30:24.235748,0,0,656.181624,0
2026-03-10T01:30:25.241707,0,0,655.2995980000001,0
2026-03-10T01:30:26.249678,0,0,655.2995980000001,0
2026-03-10T01:30:27.255667,0,0,655.2995980000001,0
2026-03-10T01:30:28.262685,0,0,655.2995980000001,0
2026-03-10T01:30:29.268656,0,0,655.2995980000001,0
2026-03-10T01:30:30.275629,0,0,655.2995980000001,0
2026-03-10T01:30:31.282661,0,0,655.2995980000001,0
2026-03-10T01:30:32.288532,0,0,655.2995980000001,0
2026-03-10T01:30:33.295530,0,0,655.2995980000001,0
2026-03-10T01:30:34.302595,0,0,655.2995980000001,0
2026-03-10T01:30:35.309514,0,0,655.2995980000001,0
2026-03-10T01:30:36.315436,0,0,655.2995980000001,0
2026-03-10T01:30:38.317339,0,0,655.2995980000001,0
2026-03-10T01:30:38.329332,0,0,655.2995980000001,0
2026-03-10T01:30:39.335363,0,0,655.2995980000001,0
2026-03-10T01:30:40.342398,0,0,655.2995980000001,0
2026-03-10T01:30:41.349254,0,0,655.2995980000001,0
2026-03-10T01:30:42.356260,0,0,655.2995980000001,0
2026-03-10T01:30:43.362311,0,0,655.2995980000001,0
2026-03-10T01:30:44.369193,0,0,655.2995980000001,0
2026-03-10T01:30:46.370958,0,0,655.2995980000001,0
2026-03-10T01:30:46.382089,0,0,655.2995980000001,0
2026-03-10T01:30:47.389096,0,0,655.2995980000001,0
2026-03-10T01:30:48.394052,0,0,655.2995980000001,0
2026-03-10T01:30:49.402023,0,0,655.2995980000001,0
2026-03-10T01:30:50.409016,0,0,655.2995980000001,0
2026-03-10T01:30:51.415979,0,0,655.2995980000001,0
2026-03-10T01:30:52.421957,0,0,654.4175720000001,0
2026-03-10T01:30:53.428965,0,0,655.2995980000001,0
2026-03-10T01:30:54.435911,0,0,655.2995980000001,0
2026-03-10T01:30:55.441934,0,0,655.2995980000001,0
2026-03-10T01:30:56.449857,0,0,654.4175720000001,0
2026-03-10T01:30:57.455822,0,0,655.2995980000001,0
2026-03-10T01:30:58.462807,0,0,655.2995980000001,0
2026-03-10T01:30:59.468722,0,0,655.2995980000001,0
2026-03-10T01:32:09.502901,0,0,655.2995980000001,0
2026-03-10T01:32:11.984349,0,0,654.4175720000001,0
2026-03-10T01:32:12.992342,0,0,655.2995980000001,0
2026-03-10T01:32:13.997447,0,0,655.2995980000001,0
2026-03-10T01:32:15.999340,0,0,655.2995980000001,0
2026-03-10T01:32:16.011393,0,0,655.2995980000001,0
2026-03-10T01:32:17.019402,0,0,655.2995980000001,0
2026-03-10T01:32:18.025408,0,0,655.2995980000001,0
2026-03-10T01:32:19.032449,0,0,655.2995980000001,0
2026-03-10T01:32:20.039419,0,0,655.2995980000001,0
2026-03-10T01:32:21.045423,0,0,655.2995980000001,0
2026-03-10T01:32:22.050586,0,0,655.2995980000001,0
2026-03-10T01:32:23.058527,0,0,655.2995980000001,0
2026-03-10T01:32:25.060320,0,0,655.2995980000001,0
2026-03-10T01:32:25.072321,0,0,655.2995980000001,0
2026-03-10T01:32:26.079382,0,0,655.2995980000001,0
2026-03-10T01:32:27.085369,0,0,655.2995980000001,0
2026-03-10T01:32:28.092375,0,0,655.2995980000001,0
2026-03-10T01:32:29.098462,0,0,655.2995980000001,0
2026-03-10T01:32:30.105455,0,0,655.2995980000001,0
2026-03-10T01:32:31.112480,0,0,655.2995980000001,0
2026-03-10T01:32:32.118555,0,0,655.2995980000001,0
2026-03-10T01:32:33.126510,0,0,655.2995980000001,0
2026-03-10T01:32:34.132436,0,0,655.2995980000001,0
2026-03-10T01:32:35.139447,0,0,655.2995980000001,0
2026-03-10T01:32:36.146574,0,0,655.2995980000001,0
2026-03-10T01:32:37.151577,0,0,655.2995980000001,0
2026-03-10T01:32:39.153465,0,0,655.2995980000001,0
2026-03-10T01:32:39.165508,0,0,655.2995980000001,0
2026-03-10T01:32:40.173508,0,0,655.2995980000001,0
2026-03-10T01:32:41.179520,0,0,655.2995980000001,0
2026-03-10T01:32:42.186562,0,0,655.2995980000001,0
2026-03-10T01:32:43.192496,0,0,655.2995980000001,0
2026-03-10T01:32:44.199501,0,0,655.2995980000001,0
2026-03-10T01:32:45.204520,0,0,655.2995980000001,0
2026-03-10T01:32:47.206463,0,0,655.2995980000001,0
2026-03-10T01:32:47.219429,0,0,655.2995980000001,0
2026-03-10T01:32:48.226638,0,0,655.2995980000001,0
2026-03-10T01:32:49.233529,0,0,655.2995980000001,0
2026-03-10T01:32:50.239532,0,0,655.2995980000001,0
2026-03-10T01:32:51.246581,0,0,655.2995980000001,0
2026-03-10T01:32:52.253524,0,0,655.2995980000001,0
2026-03-10T01:32:53.258684,0,0,655.2995980000001,0
2026-03-10T01:32:55.260491,0,0,655.2995980000001,0
2026-03-10T01:32:55.272496,0,0,655.2995980000001,0
2026-03-10T01:32:56.280563,0,0,655.2995980000001,0
2026-03-10T01:32:58.282487,0,0,655.2995980000001,0
2026-03-10T01:32:58.293511,0,0,655.2995980000001,0
2026-03-10T01:32:59.299487,0,0,655.2995980000001,0
2026-03-10T01:33:00.306571,0,0,655.2995980000001,0
2026-03-10T01:33:01.313481,0,0,655.2995980000001,0
2026-03-10T01:33:02.319481,0,0,655.2995980000001,0
2026-03-10T01:33:03.327523,0,0,655.2995980000001,0
2026-03-10T01:33:04.333410,0,0,655.2995980000001,0
2026-03-10T01:33:06.335221,0,0,655.2995980000001,0
2026-03-10T01:33:06.346654,0,0,655.2995980000001,0
2026-03-10T01:33:07.353489,0,0,655.2995980000001,0
2026-03-10T01:33:08.360493,0,0,655.2995980000001,0
2026-03-10T01:33:09.366564,0,0,655.2995980000001,0
2026-03-10T01:33:10.373381,0,0,655.2995980000001,0
2026-03-10T01:33:11.380511,0,0,655.2995980000001,0
2026-03-10T01:33:12.385583,0,0,655.2995980000001,0
2026-03-10T01:33:14.386769,0,0,655.2995980000001,0
2026-03-10T01:33:14.400512,0,0,655.2995980000001,0
2026-03-10T01:33:15.405562,0,0,655.2995980000001,0
2026-03-10T01:33:16.413591,0,0,655.2995980000001,0
2026-03-10T01:33:17.420593,0,0,655.2995980000001,0
2026-03-10T01:33:18.426646,0,0,655.2995980000001,0
2026-03-10T01:33:19.434645,0,0,655.2995980000001,0
2026-03-10T01:33:20.438726,0,0,655.2995980000001,0
2026-03-10T01:33:22.440536,0,0,655.2995980000001,0
2026-03-10T01:33:22.453510,0,0,655.2995980000001,0
2026-03-10T01:33:23.460536,0,0,655.2995980000001,0
2026-03-10T01:33:24.467519,0,0,655.2995980000001,0
2026-03-10T01:33:25.473511,0,0,655.2995980000001,0
2026-03-10T01:33:26.481506,0,0,655.2995980000001,0
2026-03-10T01:33:27.485484,0,0,655.2995980000001,0
2026-03-10T01:33:29.487300,0,0,655.2995980000001,0
2026-03-10T01:33:29.500498,0,0,655.2995980000001,0
2026-03-10T01:33:30.507526,0,0,655.2995980000001,0
2026-03-10T01:33:31.513543,0,0,655.2995980000001,0
2026-03-10T01:33:32.520528,0,0,655.2995980000001,0
2026-03-10T01:33:33.527524,0,0,655.2995980000001,0
2026-03-10T01:33:34.533580,0,0,655.2995980000001,0
2026-03-10T01:33:36.535411,0,0,655.2995980000001,0
2026-03-10T01:33:36.547564,0,0,655.2995980000001,0
2026-03-10T01:33:38.549438,0,0,655.2995980000001,0
2026-03-10T01:33:38.560563,0,0,654.4175720000001,0
2026-03-10T01:33:39.567624,0,0,655.2995980000001,0
2026-03-10T01:33:40.574629,0,0,655.2995980000001,0
2026-03-10T01:33:41.579535,0,0,655.2995980000001,0
2026-03-10T01:33:42.588519,0,0,655.2995980000001,0
2026-03-10T01:33:43.594639,0,0,655.2995980000001,0
2026-03-10T01:33:44.600514,0,0,655.2995980000001,0
2026-03-10T01:33:46.602383,0,0,655.2995980000001,0
2026-03-10T01:33:46.614574,0,0,655.2995980000001,0
2026-03-10T01:33:47.620520,0,0,655.2995980000001,0
2026-03-10T01:33:48.627550,0,0,655.2995980000001,0
2026-03-10T01:33:49.635543,0,0,655.2995980000001,0
2026-03-10T01:33:50.641522,0,0,655.2995980000001,0
2026-03-10T01:33:51.648550,0,0,655.2995980000001,0
2026-03-10T01:33:53.650423,0,0,655.2995980000001,0
2026-03-10T01:33:53.661537,0,0,655.2995980000001,0
2026-03-10T01:33:55.662761,0,0,655.2995980000001,0
2026-03-10T01:33:55.674551,0,0,655.2995980000001,0
2026-03-10T01:33:56.682598,0,0,655.2995980000001,0
2026-03-10T01:33:57.688511,0,0,655.2995980000001,0
2026-03-10T01:33:58.695513,0,0,655.2995980000001,0
2026-03-10T01:33:59.701513,0,0,654.4175720000001,0
2026-03-10T01:34:00.706553,0,0,655.2995980000001,0
2026-03-10T01:34:01.714699,0,0,655.2995980000001,0
2026-03-10T01:34:02.721533,0,0,655.2995980000001,0
2026-03-10T01:34:03.727520,0,0,654.4175720000001,0
2026-03-10T01:34:04.735523,0,0,655.2995980000001,0
2026-03-10T01:34:05.742564,0,0,655.2995980000001,0
2026-03-10T01:34:06.748497,0,0,655.2995980000001,0
2026-03-10T01:34:07.754590,0,0,655.2995980000001,0
2026-03-10T01:34:09.756403,0,0,657.06365,0
2026-03-10T01:34:09.768512,0,0,655.2995980000001,0
2026-03-10T01:34:10.774633,0,0,655.2995980000001,0
2026-03-10T01:34:11.781523,0,0,655.2995980000001,0
2026-03-10T01:34:12.789519,0,0,655.2995980000001,0
2026-03-10T01:34:13.795507,0,0,655.2995980000001,0
2026-03-10T01:34:14.800485,0,0,655.2995980000001,0
2026-03-10T01:35:06.751976,0,0,654.4175720000001,0
2026-03-10T01:35:09.234506,0,0,656.181624,0
2026-03-10T01:35:10.241436,0,0,655.2995980000001,0
2026-03-10T01:35:11.245504,0,0,655.2995980000001,0
2026-03-10T01:35:12.254583,0,0,655.2995980000001,0
2026-03-10T01:35:13.260441,0,0,655.2995980000001,0
2026-03-10T01:35:14.267431,0,0,655.2995980000001,0
2026-03-10T01:35:15.274523,0,0,655.2995980000001,0
2026-03-10T01:35:16.281435,0,0,655.2995980000001,0
2026-03-10T01:35:17.288426,0,0,655.2995980000001,0
2026-03-10T01:35:18.292422,0,0,655.2995980000001,0
2026-03-10T01:35:20.294356,0,0,656.181624,0
2026-03-10T01:35:41.741062,0,0,655.2995980000001,0
2026-03-10T01:35:42.748323,0,0,655.2995980000001,0
2026-03-10T01:35:43.752275,0,0,655.2995980000001,0
2026-03-10T01:35:45.754103,0,0,655.2995980000001,0
2026-03-10T01:36:07.239872,0,0,655.2995980000001,0
2026-03-10T01:36:08.246198,0,0,655.2995980000001,0
2026-03-10T01:36:09.250231,0,0,654.4175720000001,0
2026-03-10T01:36:10.259215,0,0,655.2995980000001,0
2026-03-10T01:36:11.265178,0,0,655.2995980000001,0
2026-03-10T01:36:12.273215,0,0,655.2995980000001,0
2026-03-10T01:36:13.278173,0,0,655.2995980000001,0
2026-03-10T01:36:14.285172,0,0,655.2995980000001,0
2026-03-10T01:36:15.293138,0,0,655.2995980000001,0
2026-03-10T01:36:16.297214,0,0,655.2995980000001,0
2026-03-10T01:36:18.298798,0,0,655.2995980000001,0
2026-03-10T01:36:18.312167,0,0,655.2995980000001,0
2026-03-10T01:36:19.319212,0,0,655.2995980000001,0
2026-03-10T01:36:20.326139,0,0,655.2995980000001,0
2026-03-10T01:36:21.333141,0,0,655.2995980000001,0
2026-03-10T01:36:22.339149,0,0,655.2995980000001,0
2026-03-10T01:36:23.346121,0,0,654.4175720000001,0
2026-03-10T01:36:24.352146,0,0,655.2995980000001,0
2026-03-10T01:36:25.359078,0,0,655.2995980000001,0
2026-03-10T01:36:26.366090,0,0,655.2995980000001,0
2026-03-10T01:36:27.372094,0,0,655.2995980000001,0
2026-03-10T01:36:28.380095,0,0,655.2995980000001,0
2026-03-10T01:36:29.386085,0,0,655.2995980000001,0
2026-03-10T01:36:30.393017,0,0,655.2995980000001,0
2026-03-10T01:36:31.399019,0,0,655.2995980000001,0
2026-03-10T01:36:32.406041,0,0,655.2995980000001,0
2026-03-10T01:36:33.411014,0,0,655.2995980000001,0
2026-03-10T01:36:35.412865,0,0,655.2995980000001,0
2026-03-10T01:36:35.427037,0,0,655.2995980000001,0
2026-03-10T01:36:36.433033,0,0,655.2995980000001,0
2026-03-10T01:36:37.440029,0,0,655.2995980000001,0
2026-03-10T01:36:38.446005,0,0,655.2995980000001,0
2026-03-10T01:36:39.453028,0,0,655.2995980000001,0
2026-03-10T01:36:40.459902,0,0,655.2995980000001,0
2026-03-10T01:36:42.461681,0,0,655.2995980000001,0
2026-03-10T01:36:42.472938,0,0,655.2995980000001,0
2026-03-10T01:36:43.479947,0,0,655.2995980000001,0
2026-03-10T01:36:44.487000,0,0,655.2995980000001,0
2026-03-10T01:36:45.492965,0,0,655.2995980000001,0
2026-03-10T01:36:46.499955,0,0,655.2995980000001,0
2026-03-10T01:36:47.505872,0,0,655.2995980000001,0
2026-03-10T01:36:49.507663,0,0,655.2995980000001,0
2026-03-10T01:36:49.519852,0,0,655.2995980000001,0
2026-03-10T01:36:50.525892,0,0,655.2995980000001,0
2026-03-10T01:36:51.533899,0,0,655.2995980000001,0
2026-03-10T01:36:52.539887,0,0,655.2995980000001,0
2026-03-10T01:36:53.546936,0,0,655.2995980000001,0
2026-03-10T01:36:54.550819,0,0,655.2995980000001,0
2026-03-10T01:36:56.552654,0,0,655.2995980000001,0
2026-03-10T01:36:56.565835,0,0,655.2995980000001,0
2026-03-10T01:36:57.572877,0,0,655.2995980000001,0
2026-03-10T01:36:58.580887,0,0,655.2995980000001,0
2026-03-10T01:36:59.586908,0,0,655.2995980000001,0
2026-03-10T01:37:00.593849,0,0,655.2995980000001,0
2026-03-10T01:37:01.599902,0,0,656.181624,0
2026-03-10T01:37:03.601784,0,0,655.2995980000001,0
2026-03-10T01:37:39.513292,0,0,655.2995980000001,0
2026-03-10T01:37:41.995642,0,0,655.2995980000001,0
2026-03-10T01:37:43.002688,0,0,655.2995980000001,0
2026-03-10T01:37:44.008636,0,0,655.2995980000001,0
2026-03-10T01:37:46.010636,0,0,655.2995980000001,0
2026-03-10T01:37:46.021544,0,0,655.2995980000001,0
2026-03-10T01:37:47.028547,0,0,656.181624,0
2026-03-10T01:37:48.035539,0,0,655.2995980000001,0
2026-03-10T01:37:49.042629,0,0,656.181624,0
2026-03-10T01:37:50.049514,0,0,655.2995980000001,0
2026-03-10T01:37:51.055516,0,0,656.181624,0
2026-03-10T01:37:52.062552,0,0,655.2995980000001,0
2026-03-10T01:37:53.068532,0,0,655.2995980000001,0
2026-03-10T01:37:54.075513,0,0,655.2995980000001,0
2026-03-10T01:37:55.082597,0,0,655.2995980000001,0
2026-03-10T01:37:56.088476,0,0,655.2995980000001,0
2026-03-10T01:37:57.095503,0,0,655.2995980000001,0
2026-03-10T01:37:58.102575,0,0,655.2995980000001,0
2026-03-10T01:37:59.109448,0,0,655.2995980000001,0
2026-03-10T01:38:00.115458,0,0,655.2995980000001,0
2026-03-10T01:38:01.122595,0,0,655.2995980000001,0
2026-03-10T01:38:02.128436,0,0,655.2995980000001,0
2026-03-10T01:38:03.136401,0,0,655.2995980000001,0
2026-03-10T01:38:04.142553,0,0,655.2995980000001,0
2026-03-10T01:38:05.149422,0,0,655.2995980000001,0
2026-03-10T01:38:06.156408,0,0,654.4175720000001,0
2026-03-10T01:38:07.162466,0,0,655.2995980000001,0
2026-03-10T01:38:08.169384,0,0,655.2995980000001,0
2026-03-10T01:38:10.171218,0,0,656.181624,0
2026-03-10T01:38:10.182386,0,0,655.2995980000001,0
2026-03-10T01:38:11.189279,0,0,655.2995980000001,0
2026-03-10T01:38:12.196284,0,0,649.125416,0
2026-03-10T01:38:13.202343,0,0,655.2995980000001,0
2026-03-10T01:38:14.209261,0,0,655.2995980000001,0
2026-03-10T01:38:15.216348,0,0,655.2995980000001,0
2026-03-10T01:38:17.218147,0,0,655.2995980000001,0
2026-03-10T01:38:17.229221,0,0,655.2995980000001,0
2026-03-10T01:38:18.236231,0,0,655.2995980000001,0
2026-03-10T01:38:19.243228,0,0,655.2995980000001,0
2026-03-10T01:38:20.249207,0,0,655.2995980000001,0
2026-03-10T01:38:21.256198,0,0,653.5355460000001,0
2026-03-10T01:38:22.263146,0,0,655.2995980000001,0
2026-03-10T01:38:23.269265,0,0,655.2995980000001,0
2026-03-10T01:38:25.271037,0,0,655.2995980000001,0
2026-03-10T01:38:25.282359,0,0,655.2995980000001,0
2026-03-10T01:38:26.290335,0,0,655.2995980000001,0
2026-03-10T01:38:27.296208,0,0,655.2995980000001,0
2026-03-10T01:38:28.303223,0,0,655.2995980000001,0
2026-03-10T01:38:29.309190,0,0,655.2995980000001,0
2026-03-10T01:38:30.316124,0,0,655.2995980000001,0
2026-03-10T01:38:31.322145,0,0,655.2995980000001,0
2026-03-10T01:38:32.329154,0,0,655.2995980000001,0
2026-03-10T01:38:33.337093,0,0,655.2995980000001,0
2026-03-10T01:38:34.343116,0,0,655.2995980000001,0
2026-03-10T01:38:35.350094,0,0,655.2995980000001,0
2026-03-10T01:38:36.356063,0,0,655.2995980000001,0
2026-03-10T01:38:37.363083,0,0,655.2995980000001,0
2026-03-10T01:38:38.370138,0,0,655.2995980000001,0
2026-03-10T01:38:39.375996,0,0,655.2995980000001,0
2026-03-10T01:38:40.383097,0,0,655.2995980000001,0
2026-03-10T01:38:41.390068,0,0,655.2995980000001,0
2026-03-10T01:38:42.397061,0,0,655.2995980000001,0
2026-03-10T01:38:43.403055,0,0,655.2995980000001,0
2026-03-10T01:38:44.409091,0,0,655.2995980000001,0
2026-03-10T01:38:46.411010,0,0,655.2995980000001,0
2026-03-10T01:39:40.731152,0,0,655.2995980000001,0
2026-03-10T01:39:41.737442,0,0,655.2995980000001,0
2026-03-10T01:39:42.743420,0,0,655.2995980000001,0
2026-03-10T01:39:44.745239,0,0,655.2995980000001,0
2026-03-10T01:39:44.756308,0,0,654.4175720000001,0
2026-03-10T01:39:45.763368,0,0,655.2995980000001,0
2026-03-10T01:39:46.770427,0,0,655.2995980000001,0
2026-03-10T01:39:47.777371,0,0,655.2995980000001,0
2026-03-10T01:39:48.784345,0,0,655.2995980000001,0
2026-03-10T01:39:49.790519,0,0,656.181624,0
2026-03-10T01:39:51.792216,0,0,655.2995980000001,0
2026-03-10T01:39:51.802327,0,0,655.2995980000001,0
2026-03-10T01:39:52.810373,0,0,655.2995980000001,0
2026-03-10T01:39:53.817311,0,0,656.181624,0
2026-03-10T01:39:54.824279,0,0,655.2995980000001,0
2026-03-10T01:39:55.830342,0,0,655.2995980000001,0
2026-03-10T01:39:56.837276,0,0,655.2995980000001,0
2026-03-10T01:39:57.843180,0,0,655.2995980000001,0
2026-03-10T01:39:58.850379,0,0,655.2995980000001,0
2026-03-10T01:39:59.857322,0,0,655.2995980000001,0
2026-03-10T01:40:01.859144,0,0,655.2995980000001,0
2026-03-10T01:40:01.871158,0,0,655.2995980000001,0
2026-03-10T01:40:02.877252,0,0,655.2995980000001,0
2026-03-10T01:40:03.884211,0,0,655.2995980000001,0
2026-03-10T01:40:04.891237,0,0,655.2995980000001,0
2026-03-10T01:40:05.897214,0,0,655.2995980000001,0
2026-03-10T01:40:06.903202,0,0,655.2995980000001,0
2026-03-10T01:40:08.905170,0,0,655.2995980000001,0
2026-03-10T01:40:27.750562,0,0,655.2995980000001,0
2026-03-10T01:40:30.232898,0,0,655.2995980000001,0
2026-03-10T01:40:31.239876,0,0,655.2995980000001,0
2026-03-10T01:40:32.245896,0,0,655.2995980000001,0
2026-03-10T01:40:34.247953,0,0,655.2995980000001,0
2026-03-10T01:40:53.253149,0,0,655.2995980000001,0
2026-03-10T01:40:55.735591,0,0,655.2995980000001,0
2026-03-10T01:40:56.742620,0,0,655.2995980000001,0
2026-03-10T01:40:57.746626,0,0,655.2995980000001,0
2026-03-10T01:40:58.755641,0,0,655.2995980000001,0
2026-03-10T01:40:59.761583,0,0,655.2995980000001,0
2026-03-10T01:41:01.763392,0,0,655.2995980000001,0
2026-03-10T01:41:01.775478,0,0,655.2995980000001,0
2026-03-10T01:41:02.782561,0,0,655.2995980000001,0
2026-03-10T01:41:03.789456,0,0,656.181624,0
2026-03-10T01:41:04.795496,0,0,655.2995980000001,0
2026-03-10T01:41:05.802559,0,0,655.2995980000001,0
2026-03-10T01:41:06.806592,0,0,655.2995980000001,0
2026-03-10T01:41:07.815488,0,0,655.2995980000001,0
2026-03-10T01:41:08.822565,0,0,655.2995980000001,0
2026-03-10T01:41:09.829436,0,0,655.2995980000001,0
2026-03-10T01:41:10.835422,0,0,655.2995980000001,0
2026-03-10T01:41:11.841341,0,0,656.181624,0
2026-03-10T01:41:12.849323,0,0,655.2995980000001,0
2026-03-10T01:41:13.855316,0,0,655.2995980000001,0
2026-03-10T01:41:14.862395,0,0,655.2995980000001,0
2026-03-10T01:41:15.868298,0,0,655.2995980000001,0
2026-03-10T01:41:16.876287,0,0,655.2995980000001,0
2026-03-10T01:41:17.882418,0,0,655.2995980000001,0
2026-03-10T01:41:18.889246,0,0,660.591754,0
2026-03-10T01:41:19.896245,0,0,655.2995980000001,0
2026-03-10T01:41:20.902371,0,0,655.2995980000001,0
2026-03-10T01:41:21.909216,0,0,655.2995980000001,0
2026-03-10T01:41:22.915194,0,0,655.2995980000001,0
2026-03-10T01:41:23.923206,0,0,655.2995980000001,0
2026-03-10T01:41:24.929134,0,0,655.2995980000001,0
2026-03-10T01:41:25.936200,0,0,655.2995980000001,0
2026-03-10T01:41:26.942186,0,0,655.2995980000001,0
2026-03-10T01:41:27.949158,0,0,656.181624,0
2026-03-10T01:41:28.956154,0,0,655.2995980000001,0
2026-03-10T01:41:29.962124,0,0,655.2995980000001,0
2026-03-10T01:41:30.969053,0,0,655.2995980000001,0
2026-03-10T01:41:31.975216,0,0,655.2995980000001,0
2026-03-10T01:41:32.983157,0,0,655.2995980000001,0
2026-03-10T01:41:33.989144,0,0,655.2995980000001,0
2026-03-10T01:41:34.996064,0,0,655.2995980000001,0
2026-03-10T01:41:36.003037,0,0,655.2995980000001,0
2026-03-10T01:41:37.009055,0,0,655.2995980000001,0
2026-03-10T01:41:38.016045,0,0,655.2995980000001,0
2026-03-10T01:41:39.022019,0,0,655.2995980000001,0
2026-03-10T01:41:40.030002,0,0,655.2995980000001,0
2026-03-10T01:41:41.035990,0,0,655.2995980000001,0
2026-03-10T01:41:42.042938,0,0,655.2995980000001,0
2026-03-10T01:41:43.048941,0,0,655.2995980000001,0
2026-03-10T01:41:44.055955,0,0,655.2995980000001,0
2026-03-10T01:41:45.062917,0,0,655.2995980000001,0
2026-03-10T01:41:46.068932,0,0,654.4175720000001,0
2026-03-10T01:41:47.076928,0,0,655.2995980000001,0
2026-03-10T01:41:49.078762,0,0,655.2995980000001,0
2026-03-10T01:42:10.485177,0,0,655.2995980000001,0
2026-03-10T01:42:11.491601,0,0,655.2995980000001,0
2026-03-10T01:42:12.497581,0,0,655.2995980000001,0
2026-03-10T01:42:14.499379,0,0,655.2995980000001,0
2026-03-10T01:42:14.510580,0,0,655.2995980000001,0
2026-03-10T01:42:15.518622,0,0,655.2995980000001,0
2026-03-10T01:42:16.524502,0,0,655.2995980000001,0
2026-03-10T01:42:17.531479,0,0,655.2995980000001,0
2026-03-10T01:42:18.538581,0,0,655.2995980000001,0
2026-03-10T01:42:19.544444,0,0,655.2995980000001,0
2026-03-10T01:42:20.551437,0,0,655.2995980000001,0
2026-03-10T01:42:21.557464,0,0,655.2995980000001,0
2026-03-10T01:42:22.563413,0,0,655.2995980000001,0
2026-03-10T01:42:23.571394,0,0,655.2995980000001,0
2026-03-10T01:42:24.578483,0,0,655.2995980000001,0
2026-03-10T01:42:25.584363,0,0,655.2995980000001,0
2026-03-10T01:42:26.591371,0,0,655.2995980000001,0
2026-03-10T01:42:27.598231,0,0,656.181624,0
2026-03-10T01:42:28.604350,0,0,656.181624,0
2026-03-10T01:42:29.611385,0,0,655.2995980000001,0
2026-03-10T01:42:30.617388,0,0,655.2995980000001,0
2026-03-10T01:42:31.625370,0,0,655.2995980000001,0
2026-03-10T01:42:32.631351,0,0,655.2995980000001,0
2026-03-10T01:42:33.638430,0,0,656.181624,0
2026-03-10T01:42:34.645375,0,0,655.2995980000001,0
2026-03-10T01:42:35.651226,0,0,655.2995980000001,0
2026-03-10T01:42:36.658224,0,0,655.2995980000001,0
2026-03-10T01:42:38.660218,0,0,655.2995980000001,0
2026-03-10T01:42:38.672235,0,0,655.2995980000001,0
2026-03-10T01:42:39.677191,0,0,655.2995980000001,0
2026-03-10T01:42:40.685170,0,0,655.2995980000001,0
2026-03-10T01:42:41.691126,0,0,655.2995980000001,0
2026-03-10T01:42:42.698139,0,0,655.2995980000001,0
2026-03-10T01:42:43.705129,0,0,655.2995980000001,0
2026-03-10T01:42:44.711053,0,0,655.2995980000001,0
2026-03-10T01:42:46.712835,0,0,655.2995980000001,0
2026-03-10T01:42:46.725035,0,0,655.2995980000001,0
2026-03-10T01:42:47.732057,0,0,655.2995980000001,0
2026-03-10T01:42:48.738061,0,0,656.181624,0
2026-03-10T01:42:49.745031,0,0,655.2995980000001,0
2026-03-10T01:42:50.752026,0,0,655.2995980000001,0
2026-03-10T01:42:51.757038,0,0,655.2995980000001,0
2026-03-10T01:42:52.765034,0,0,655.2995980000001,0
2026-03-10T01:42:53.770973,0,0,655.2995980000001,0
2026-03-10T01:42:54.778971,0,0,655.2995980000001,0
2026-03-10T01:42:55.784946,0,0,655.2995980000001,0
2026-03-10T01:42:56.791929,0,0,655.2995980000001,0
2026-03-10T01:42:57.797911,0,0,655.2995980000001,0
2026-03-10T01:42:58.804901,0,0,655.2995980000001,0
2026-03-10T01:42:59.812003,0,0,655.2995980000001,0
2026-03-10T01:43:00.817965,0,0,655.2995980000001,0
2026-03-10T01:43:02.819756,0,0,655.2995980000001,0
2026-03-10T01:43:02.831806,0,0,655.2995980000001,0
2026-03-10T01:43:03.838858,0,0,655.2995980000001,0
2026-03-10T01:43:04.844821,0,0,655.2995980000001,0
2026-03-10T01:43:05.851806,0,0,655.2995980000001,0
2026-03-10T01:43:06.858805,0,0,655.2995980000001,0
2026-03-10T01:43:07.863782,0,0,655.2995980000001,0
2026-03-10T01:43:08.871833,0,0,655.2995980000001,0
2026-03-10T01:43:09.878848,0,0,655.2995980000001,0
2026-03-10T01:43:10.885750,0,0,656.181624,0
2026-03-10T01:43:11.891790,0,0,655.2995980000001,0
2026-03-10T01:43:12.898795,0,0,655.2995980000001,0
2026-03-10T01:43:13.904696,0,0,655.2995980000001,0
2026-03-10T01:43:14.910799,0,0,655.2995980000001,0
2026-03-10T01:43:16.912692,0,0,655.2995980000001,0
2026-03-10T01:43:16.925666,0,0,655.2995980000001,0
2026-03-10T01:43:17.932623,0,0,655.2995980000001,0
2026-03-10T01:43:18.938727,0,0,655.2995980000001,0
2026-03-10T01:43:19.945621,0,0,655.2995980000001,0
2026-03-10T01:43:20.951624,0,0,655.2995980000001,0
2026-03-10T01:43:21.958677,0,0,655.2995980000001,0
2026-03-10T01:43:22.964604,0,0,655.2995980000001,0
2026-03-10T01:43:24.966543,0,0,655.2995980000001,0
2026-03-10T01:44:01.005841,0,0,655.2995980000001,0
2026-03-10T01:44:03.487958,0,0,655.2995980000001,0
2026-03-10T01:44:04.493930,0,0,655.2995980000001,0
2026-03-10T01:44:05.498938,0,0,657.945676,0
2026-03-10T01:44:06.507992,0,0,655.2995980000001,0
2026-03-10T01:44:07.513888,0,0,655.2995980000001,0
2026-03-10T01:44:08.520848,0,0,655.2995980000001,0
2026-03-10T01:44:09.527889,0,0,655.2995980000001,0
2026-03-10T01:44:10.534870,0,0,655.2995980000001,0
2026-03-10T01:44:11.541875,0,0,655.2995980000001,0
2026-03-10T01:44:12.545866,0,0,655.2995980000001,0
2026-03-10T01:44:14.547640,0,0,655.2995980000001,0
2026-03-10T01:44:14.560713,0,0,655.2995980000001,0
2026-03-10T01:44:15.567773,0,0,655.2995980000001,0
2026-03-10T01:44:16.574796,0,0,655.2995980000001,0
2026-03-10T01:44:17.581736,0,0,656.181624,0
2026-03-10T01:44:18.587713,0,0,655.2995980000001,0
2026-03-10T01:44:19.594745,0,0,655.2995980000001,0
2026-03-10T01:44:20.600711,0,0,657.06365,0
2026-03-10T01:44:21.606773,0,0,655.2995980000001,0
2026-03-10T01:44:22.614717,0,0,655.2995980000001,0
2026-03-10T01:44:23.620554,0,0,655.2995980000001,0
2026-03-10T01:44:24.628625,0,0,655.2995980000001,0
2026-03-10T01:44:25.634694,0,0,655.2995980000001,0
2026-03-10T01:44:26.641610,0,0,655.2995980000001,0
2026-03-10T01:44:27.648525,0,0,655.2995980000001,0
2026-03-10T01:44:29.650444,0,0,655.2995980000001,0
2026-03-10T01:44:29.661606,0,0,655.2995980000001,0
2026-03-10T01:44:30.667549,0,0,655.2995980000001,0
2026-03-10T01:44:31.674603,0,0,654.4175720000001,0
2026-03-10T01:44:32.681483,0,0,655.2995980000001,0
2026-03-10T01:44:33.688482,0,0,655.2995980000001,0
2026-03-10T01:44:34.694568,0,0,655.2995980000001,0
2026-03-10T01:44:35.701447,0,0,655.2995980000001,0
2026-03-10T01:44:36.708455,0,0,655.2995980000001,0
2026-03-10T01:44:37.714538,0,0,655.2995980000001,0
2026-03-10T01:44:38.721414,0,0,655.2995980000001,0
2026-03-10T01:44:39.728393,0,0,655.2995980000001,0
2026-03-10T01:44:40.735377,0,0,655.2995980000001,0
2026-03-10T01:44:41.741369,0,0,655.2995980000001,0
2026-03-10T01:44:42.746455,0,0,654.4175720000001,0
2026-03-10T01:44:43.755347,0,0,655.2995980000001,0
2026-03-10T01:44:44.761313,0,0,655.2995980000001,0
2026-03-10T01:44:45.768301,0,0,655.2995980000001,0
2026-03-10T01:44:46.774419,0,0,655.2995980000001,0
2026-03-10T01:44:47.782344,0,0,655.2995980000001,0
2026-03-10T01:44:48.788255,0,0,655.2995980000001,0
2026-03-10T01:44:49.793265,0,0,655.2995980000001,0
2026-03-10T01:44:50.801251,0,0,655.2995980000001,0
2026-03-10T01:44:51.808213,0,0,655.2995980000001,0
2026-03-10T01:44:52.815200,0,0,655.2995980000001,0
2026-03-10T01:44:53.821183,0,0,656.181624,0
2026-03-10T01:44:54.829162,0,0,655.2995980000001,0
2026-03-10T01:44:55.835121,0,0,655.2995980000001,0
2026-03-10T01:44:56.842117,0,0,654.4175720000001,0
2026-03-10T01:44:57.848164,0,0,655.2995980000001,0
2026-03-10T01:44:58.855110,0,0,655.2995980000001,0
2026-03-10T01:44:59.862086,0,0,655.2995980000001,0
2026-03-10T01:45:00.868058,0,0,656.181624,0
2026-03-10T01:45:01.875037,0,0,655.2995980000001,0
2026-03-10T01:45:02.882009,0,0,655.2995980000001,0
2026-03-10T01:45:03.887060,0,0,655.2995980000001,0
2026-03-10T01:45:04.895032,0,0,655.2995980000001,0
2026-03-10T01:45:05.901975,0,0,655.2995980000001,0
2026-03-10T01:45:06.907950,0,0,655.2995980000001,0
2026-03-10T01:45:07.914914,0,0,655.2995980000001,0
2026-03-10T01:45:08.921927,0,0,657.06365,0
2026-03-10T01:45:09.927907,0,0,655.2995980000001,0
2026-03-10T01:45:10.933910,0,0,655.2995980000001,0
2026-03-10T01:45:11.941911,0,0,655.2995980000001,0
2026-03-10T01:45:12.948849,0,0,655.2995980000001,0
2026-03-10T01:45:13.954817,0,0,656.181624,0
2026-03-10T01:45:14.961814,0,0,655.2995980000001,0
2026-03-10T01:45:15.968797,0,0,655.2995980000001,0
2026-03-10T01:45:16.974797,0,0,655.2995980000001,0
2026-03-10T01:45:17.982811,0,0,655.2995980000001,0
2026-03-10T01:46:10.000435,0,0,655.2995980000001,0
2026-03-10T01:46:12.482939,0,0,655.2995980000001,0
2026-03-10T01:46:13.489956,0,0,655.2995980000001,0
2026-03-10T01:46:14.493900,0,0,655.2995980000001,0
2026-03-10T01:46:16.495730,0,0,655.2995980000001,0
2026-03-10T01:46:16.508871,0,0,655.2995980000001,0
2026-03-10T01:46:17.516860,0,0,655.2995980000001,0
2026-03-10T01:46:18.522867,0,0,654.4175720000001,0
2026-03-10T01:46:19.529842,0,0,655.2995980000001,0
2026-03-10T01:46:20.536851,0,0,655.2995980000001,0
2026-03-10T01:46:21.542821,0,0,655.2995980000001,0
2026-03-10T01:46:22.548764,0,0,655.2995980000001,0
2026-03-10T01:46:42.501930,0,0,655.2995980000001,0
2026-03-10T01:46:44.984357,0,0,655.2995980000001,0
2026-03-10T01:46:45.991318,0,0,655.2995980000001,0
2026-03-10T01:46:46.996362,0,0,655.2995980000001,0
2026-03-10T01:46:48.004323,0,0,655.2995980000001,0
2026-03-10T01:46:49.010376,0,0,655.2995980000001,0
2026-03-10T01:46:50.018207,0,0,655.2995980000001,0
2026-03-10T01:46:51.024187,0,0,655.2995980000001,0
2026-03-10T01:46:52.031233,0,0,655.2995980000001,0
2026-03-10T01:46:53.038201,0,0,655.2995980000001,0
2026-03-10T01:46:54.044169,0,0,655.2995980000001,0
2026-03-10T01:46:56.045930,0,0,655.2995980000001,0
2026-03-10T01:48:29.759146,0,0,655.2995980000001,0
2026-03-10T01:48:32.241560,0,0,655.2995980000001,0
2026-03-10T01:48:33.248571,0,0,655.2995980000001,0
2026-03-10T01:48:34.252435,0,0,655.2995980000001,0
2026-03-10T01:48:35.261436,0,0,656.181624,0
2026-03-10T01:48:36.267435,0,0,655.2995980000001,0
2026-03-10T01:48:37.275424,0,0,655.2995980000001,0
2026-03-10T01:48:38.281397,0,0,655.2995980000001,0
2026-03-10T01:48:39.288391,0,0,655.2995980000001,0
2026-03-10T01:48:40.295338,0,0,655.2995980000001,0
2026-03-10T01:48:41.301275,0,0,655.2995980000001,0
2026-03-10T01:48:42.308383,0,0,655.2995980000001,0
2026-03-10T01:48:43.314414,0,0,655.2995980000001,0
2026-03-10T01:48:44.321247,0,0,655.2995980000001,0
2026-03-10T01:48:45.328242,0,0,655.2995980000001,0
2026-03-10T01:48:46.335200,0,0,655.2995980000001,0
2026-03-10T01:48:47.341213,0,0,654.4175720000001,0
2026-03-10T01:48:48.348185,0,0,655.2995980000001,0
2026-03-10T01:48:49.355106,0,0,655.2995980000001,0
2026-03-10T01:49:09.253432,0,0,655.2995980000001,0
2026-03-10T01:49:11.735783,0,0,655.2995980000001,0
2026-03-10T01:49:12.742829,0,0,655.2995980000001,0
2026-03-10T01:49:13.747797,0,0,655.2995980000001,0
2026-03-10T01:49:14.755782,0,0,655.2995980000001,0
2026-03-10T01:49:15.761728,0,0,655.2995980000001,0
2026-03-10T01:49:16.768684,0,0,655.2995980000001,0
2026-03-10T01:49:17.775666,0,0,655.2995980000001,0
2026-03-10T01:49:18.782726,0,0,655.2995980000001,0
2026-03-10T01:49:19.789658,0,0,656.181624,0
2026-03-10T01:49:20.793602,0,0,657.06365,0
2026-03-10T01:49:21.802728,0,0,656.181624,0
2026-03-10T01:49:22.808608,0,0,655.2995980000001,0
2026-03-10T01:49:23.815565,0,0,655.2995980000001,0
2026-03-10T01:49:24.822658,0,0,656.181624,0
2026-03-10T01:49:25.829533,0,0,660.591754,0
2026-03-10T01:49:26.835524,0,0,655.2995980000001,0
2026-03-10T01:49:27.842591,0,0,655.2995980000001,0
2026-03-10T01:49:28.849516,0,0,655.2995980000001,0
2026-03-10T01:49:29.854538,0,0,655.2995980000001,0
2026-03-10T01:49:30.862523,0,0,655.2995980000001,0
2026-03-10T01:49:31.868449,0,0,655.2995980000001,0
2026-03-10T01:49:32.876429,0,0,655.2995980000001,0
2026-03-10T01:49:33.882474,0,0,655.2995980000001,0
2026-03-10T01:49:34.888390,0,0,655.2995980000001,0
2026-03-10T01:49:35.896379,0,0,655.2995980000001,0
2026-03-10T01:49:36.902442,0,0,655.2995980000001,0
2026-03-10T01:49:37.909339,0,0,655.2995980000001,0
2026-03-10T01:49:38.915322,0,0,655.2995980000001,0
2026-03-10T01:49:39.922377,0,0,655.2995980000001,0
2026-03-10T01:49:40.929280,0,0,655.2995980000001,0
2026-03-10T01:49:41.936266,0,0,655.2995980000001,0
2026-03-10T01:49:42.940246,0,0,655.2995980000001,0
2026-03-10T01:49:43.949244,0,0,655.2995980000001,0
2026-03-10T01:49:44.956213,0,0,655.2995980000001,0
2026-03-10T01:49:45.962195,0,0,655.2995980000001,0
2026-03-10T01:49:46.969177,0,0,655.2995980000001,0
2026-03-10T01:49:47.976151,0,0,655.2995980000001,0
2026-03-10T01:49:48.983144,0,0,655.2995980000001,0
2026-03-10T01:49:49.987132,0,0,655.2995980000001,0
2026-03-10T01:49:51.988930,0,0,655.2995980000001,0
2026-03-10T01:49:52.002972,0,0,655.2995980000001,0
2026-03-10T01:49:53.009036,0,0,655.2995980000001,0
2026-03-10T01:49:54.016020,0,0,655.2995980000001,0
2026-03-10T01:49:55.021975,0,0,655.2995980000001,0
2026-03-10T01:49:56.029966,0,0,655.2995980000001,0
2026-03-10T01:49:57.035973,0,0,655.2995980000001,0
2026-03-10T01:49:58.042978,0,0,655.2995980000001,0
2026-03-10T01:49:59.048897,0,0,655.2995980000001,0
2026-03-10T01:50:00.055874,0,0,656.181624,0
2026-03-10T01:50:01.062726,0,0,655.2995980000001,0
2026-03-10T01:50:02.068769,0,0,655.2995980000001,0
2026-03-10T01:50:03.076810,0,0,655.2995980000001,0
2026-03-10T01:50:04.082859,0,0,655.2995980000001,0
2026-03-10T01:50:06.084651,0,0,655.2995980000001,0
2026-03-10T01:50:06.095747,0,0,655.2995980000001,0
2026-03-10T01:50:07.102857,0,0,655.2995980000001,0
2026-03-10T01:50:08.109735,0,0,655.2995980000001,0
2026-03-10T01:50:09.115724,0,0,655.2995980000001,0
2026-03-10T01:50:10.122767,0,0,655.2995980000001,0
2026-03-10T01:50:11.129660,0,0,655.2995980000001,0
2026-03-10T01:50:12.134797,0,0,655.2995980000001,0
2026-03-10T01:50:13.142759,0,0,655.2995980000001,0
2026-03-10T01:50:14.149659,0,0,655.2995980000001,0
2026-03-10T01:50:15.155619,0,0,655.2995980000001,0
2026-03-10T01:50:16.162699,0,0,654.4175720000001,0
2026-03-10T01:50:17.169561,0,0,655.2995980000001,0
2026-03-10T01:50:18.175575,0,0,655.2995980000001,0
2026-03-10T01:50:19.181508,0,0,655.2995980000001,0
2026-03-10T01:50:20.189636,0,0,655.2995980000001,0
2026-03-10T01:50:21.196596,0,0,655.2995980000001,0
2026-03-10T01:50:23.198440,0,0,655.2995980000001,0
2026-03-10T01:50:23.209530,0,0,655.2995980000001,0
2026-03-10T01:50:25.211339,0,0,655.2995980000001,0
2026-03-10T01:50:25.222452,0,0,655.2995980000001,0
2026-03-10T01:50:26.230493,0,0,655.2995980000001,0
2026-03-10T01:50:27.236363,0,0,655.2995980000001,0
2026-03-10T01:50:28.243347,0,0,655.2995980000001,0
2026-03-10T01:50:29.249318,0,0,655.2995980000001,0
2026-03-10T01:50:30.256335,0,0,655.2995980000001,0
2026-03-10T01:50:31.262418,0,0,655.2995980000001,0
2026-03-10T01:50:32.269276,0,0,655.2995980000001,0
2026-03-10T01:50:33.276252,0,0,655.2995980000001,0
2026-03-10T01:50:34.283241,0,0,655.2995980000001,0
2026-03-10T01:50:35.290191,0,0,655.2995980000001,0
2026-03-10T01:50:36.296233,0,0,655.2995980000001,0
2026-03-10T01:50:37.303184,0,0,655.2995980000001,0
2026-03-10T01:50:38.309186,0,0,655.2995980000001,0
2026-03-10T01:50:39.316154,0,0,655.2995980000001,0
2026-03-10T01:50:40.323131,0,0,655.2995980000001,0
2026-03-10T01:50:41.327206,0,0,655.2995980000001,0
2026-03-10T01:50:42.337116,0,0,655.2995980000001,0
2026-03-10T01:50:43.343092,0,0,655.2995980000001,0
2026-03-10T01:50:44.350088,0,0,655.2995980000001,0
2026-03-10T01:50:45.356060,0,0,655.2995980000001,0
2026-03-10T01:50:46.363026,0,0,655.2995980000001,0
2026-03-10T01:50:47.369032,0,0,655.2995980000001,0
2026-03-10T01:50:48.375999,0,0,655.2995980000001,0
2026-03-10T01:50:49.383956,0,0,655.2995980000001,0
2026-03-10T01:50:50.389928,0,0,655.2995980000001,0
2026-03-10T01:50:51.396933,0,0,655.2995980000001,0
2026-03-10T01:50:53.398780,0,0,655.2995980000001,0
2026-03-10T01:50:53.409799,0,0,655.2995980000001,0
2026-03-10T01:50:54.415889,0,0,655.2995980000001,0
2026-03-10T01:50:55.422874,0,0,655.2995980000001,0
2026-03-10T01:50:56.430813,0,0,655.2995980000001,0
2026-03-10T01:50:57.436807,0,0,655.2995980000001,0
2026-03-10T01:50:58.443800,0,0,655.2995980000001,0
2026-03-10T01:50:59.449856,0,0,655.2995980000001,0
2026-03-10T01:51:00.456751,0,0,655.2995980000001,0
2026-03-10T01:51:01.462780,0,0,655.2995980000001,0
2026-03-10T01:51:02.469745,0,0,655.2995980000001,0
2026-03-10T01:51:03.475712,0,0,655.2995980000001,0
2026-03-10T01:51:04.483659,0,0,655.2995980000001,0
2026-03-10T01:51:05.490722,0,0,655.2995980000001,0
2026-03-10T01:51:06.496606,0,0,655.2995980000001,0
2026-03-10T01:51:07.503629,0,0,654.4175720000001,0
2026-03-10T01:51:08.509618,0,0,655.2995980000001,0
2026-03-10T01:51:09.516594,0,0,655.2995980000001,0
2026-03-10T01:51:10.522617,0,0,655.2995980000001,0
2026-03-10T01:51:11.529534,0,0,655.2995980000001,0
2026-03-10T01:51:12.536523,0,0,655.2995980000001,0
2026-03-10T01:51:13.543524,0,0,655.2995980000001,0
2026-03-10T01:51:14.550595,0,0,655.2995980000001,0
2026-03-10T01:51:15.556476,0,0,655.2995980000001,0
2026-03-10T01:51:16.563474,0,0,655.2995980000001,0
2026-03-10T01:51:17.569415,0,0,655.2995980000001,0
2026-03-10T01:51:18.576401,0,0,655.2995980000001,0
2026-03-10T01:51:19.583371,0,0,655.2995980000001,0
2026-03-10T01:51:20.590464,0,0,655.2995980000001,0
2026-03-10T01:51:21.597383,0,0,655.2995980000001,0
2026-03-10T01:51:22.603348,0,0,655.2995980000001,0
2026-03-10T01:51:23.610456,0,0,655.2995980000001,0
2026-03-10T01:51:24.616291,0,0,655.2995980000001,0
2026-03-10T01:51:25.623275,0,0,655.2995980000001,0
2026-03-10T01:51:26.629246,0,0,655.2995980000001,0
2026-03-10T01:51:27.637256,0,0,655.2995980000001,0
2026-03-10T01:51:28.644200,0,0,655.2995980000001,0
2026-03-10T01:51:29.649220,0,0,655.2995980000001,0
2026-03-10T01:51:30.657233,0,0,655.2995980000001,0
2026-03-10T01:51:31.663188,0,0,655.2995980000001,0
2026-03-10T01:51:32.670175,0,0,655.2995980000001,0
2026-03-10T01:51:33.676152,0,0,655.2995980000001,0
2026-03-10T01:51:34.684106,0,0,655.2995980000001,0
2026-03-10T01:51:35.690124,0,0,655.2995980000001,0
2026-03-10T01:51:36.697071,0,0,655.2995980000001,0
2026-03-10T01:51:38.698799,0,0,655.2995980000001,0
2026-03-10T01:51:38.710018,0,0,655.2995980000001,0
2026-03-10T01:51:39.716998,0,0,655.2995980000001,0
2026-03-10T01:51:40.722996,0,0,655.2995980000001,0
2026-03-10T01:51:41.729960,0,0,655.2995980000001,0
2026-03-10T01:51:42.736937,0,0,655.2995980000001,0
2026-03-10T01:51:43.743907,0,0,655.2995980000001,0
2026-03-10T01:51:44.750910,0,0,655.2995980000001,0
2026-03-10T01:51:45.756896,0,0,655.2995980000001,0
2026-03-10T01:51:46.763923,0,0,655.2995980000001,0
2026-03-10T01:51:47.769864,0,0,655.2995980000001,0
2026-03-10T01:51:48.776818,0,0,655.2995980000001,0
2026-03-10T01:51:49.783790,0,0,655.2995980000001,0
2026-03-10T01:51:50.790785,0,0,655.2995980000001,0
2026-03-10T01:51:51.796781,0,0,654.4175720000001,0
2026-03-10T01:51:52.803788,0,0,654.4175720000001,0
2026-03-10T01:51:53.810837,0,0,655.2995980000001,0
2026-03-10T01:51:54.816754,0,0,655.2995980000001,0
2026-03-10T01:51:55.823743,0,0,656.181624,0
2026-03-10T01:51:56.829718,0,0,655.2995980000001,0
2026-03-10T01:51:57.837690,0,0,655.2995980000001,0
2026-03-10T01:51:58.843681,0,0,655.2995980000001,0
2026-03-10T01:51:59.850787,0,0,655.2995980000001,0
2026-03-10T01:52:00.857676,0,0,655.2995980000001,0
2026-03-10T01:52:01.863677,0,0,655.2995980000001,0
2026-03-10T01:52:03.865442,0,0,655.2995980000001,0
2026-03-10T01:52:33.986714,0,0,655.2995980000001,0
2026-03-10T01:52:34.992968,0,0,655.2995980000001,0
2026-03-10T01:52:35.998984,0,0,655.2995980000001,0
2026-03-10T01:52:37.005951,0,0,655.2995980000001,0
2026-03-10T01:52:38.011913,0,0,655.2995980000001,0
2026-03-10T01:52:39.018867,0,0,655.2995980000001,0
2026-03-10T01:52:40.025839,0,0,655.2995980000001,0
2026-03-10T01:52:41.032805,0,0,655.2995980000001,0
2026-03-10T01:52:42.039808,0,0,655.2995980000001,0
2026-03-10T01:52:43.045773,0,0,655.2995980000001,0
2026-03-10T01:52:44.052799,0,0,656.181624,0
2026-03-10T01:52:45.058812,0,0,655.2995980000001,0
2026-03-10T01:52:46.065766,0,0,655.2995980000001,0
2026-03-10T01:52:47.072726,0,0,655.2995980000001,0
2026-03-10T01:52:48.079771,0,0,655.2995980000001,0
2026-03-10T01:52:49.085733,0,0,655.2995980000001,0
2026-03-10T01:52:50.092728,0,0,655.2995980000001,0
2026-03-10T01:52:52.094694,0,0,655.2995980000001,0
2026-03-10T01:53:10.998890,0,0,655.2995980000001,0
2026-03-10T01:53:13.481266,0,0,655.2995980000001,0
2026-03-10T01:53:14.488228,0,0,655.2995980000001,0
2026-03-10T01:53:15.493135,0,0,655.2995980000001,0
2026-03-10T01:53:16.501217,0,0,655.2995980000001,0
2026-03-10T01:53:17.507175,0,0,655.2995980000001,0
2026-03-10T01:53:18.515200,0,0,655.2995980000001,0
2026-03-10T01:53:19.521149,0,0,655.2995980000001,0
2026-03-10T01:53:20.528120,0,0,655.2995980000001,0
2026-03-10T01:53:21.535120,0,0,655.2995980000001,0
2026-03-10T01:53:22.539025,0,0,655.2995980000001,0
2026-03-10T01:53:23.548028,0,0,655.2995980000001,0
2026-03-10T01:53:24.554031,0,0,655.2995980000001,0
2026-03-10T01:53:25.560898,0,0,655.2995980000001,0
2026-03-10T01:53:26.567969,0,0,655.2995980000001,0
2026-03-10T01:53:27.574946,0,0,655.2995980000001,0
2026-03-10T01:53:28.580915,0,0,655.2995980000001,0
2026-03-10T01:53:29.587872,0,0,655.2995980000001,0
2026-03-10T01:53:30.594975,0,0,654.4175720000001,0
2026-03-10T01:53:32.596865,0,0,655.2995980000001,0
2026-03-10T01:53:32.607824,0,0,655.2995980000001,0
2026-03-10T01:53:33.613833,0,0,655.2995980000001,0
2026-03-10T01:53:34.621830,0,0,655.2995980000001,0
2026-03-10T01:53:35.627806,0,0,655.2995980000001,0
2026-03-10T01:53:36.634776,0,0,655.2995980000001,0
2026-03-10T01:53:37.641717,0,0,655.2995980000001,0
2026-03-10T01:53:39.642848,0,0,655.2995980000001,0
2026-03-10T01:53:50.259126,0,0,656.181624,0
2026-03-10T01:53:52.741464,0,0,655.2995980000001,0
2026-03-10T01:53:53.748413,0,0,655.2995980000001,0
2026-03-10T01:53:54.754546,0,0,655.2995980000001,0
2026-03-10T01:53:56.756361,0,0,655.2995980000001,0
2026-03-10T01:53:56.767338,0,0,655.2995980000001,0
2026-03-10T01:53:57.775354,0,0,655.2995980000001,0
2026-03-10T01:53:58.781298,0,0,655.2995980000001,0
2026-03-10T01:53:59.788285,0,0,655.2995980000001,0
2026-03-10T01:54:00.795303,0,0,655.2995980000001,0
2026-03-10T01:54:01.801278,0,0,655.2995980000001,0
2026-03-10T01:54:02.808217,0,0,656.181624,0
2026-03-10T01:54:04.810011,0,0,655.2995980000001,0
2026-03-10T01:54:04.821112,0,0,655.2995980000001,0
2026-03-10T01:54:05.828171,0,0,655.2995980000001,0
2026-03-10T01:54:06.835164,0,0,655.2995980000001,0
2026-03-10T01:54:07.841128,0,0,655.2995980000001,0
2026-03-10T01:54:08.848104,0,0,655.2995980000001,0
2026-03-10T01:54:09.854953,0,0,655.2995980000001,0
2026-03-10T01:54:10.861133,0,0,655.2995980000001,0
2026-03-10T01:54:11.868046,0,0,655.2995980000001,0
2026-03-10T01:54:12.874049,0,0,655.2995980000001,0
2026-03-10T01:54:13.882026,0,0,655.2995980000001,0
2026-03-10T01:54:14.887982,0,0,655.2995980000001,0
2026-03-10T01:54:15.894992,0,0,655.2995980000001,0
2026-03-10T01:54:16.901988,0,0,655.2995980000001,0
2026-03-10T01:54:17.907982,0,0,656.181624,0
2026-03-10T01:54:18.914913,0,0,655.2995980000001,0
2026-03-10T01:54:19.920865,0,0,655.2995980000001,0
2026-03-10T01:54:20.928859,0,0,655.2995980000001,0
2026-03-10T01:54:21.934834,0,0,655.2995980000001,0
2026-03-10T01:54:22.941810,0,0,655.2995980000001,0
2026-03-10T01:54:23.947791,0,0,655.2995980000001,0
2026-03-10T01:54:24.954865,0,0,655.2995980000001,0
2026-03-10T01:54:25.961656,0,0,656.181624,0
2026-03-10T01:54:26.966865,0,0,655.2995980000001,0
2026-03-10T01:54:27.974782,0,0,655.2995980000001,0
2026-03-10T01:54:28.981675,0,0,655.2995980000001,0
2026-03-10T01:54:29.988672,0,0,655.2995980000001,0
2026-03-10T01:54:30.994767,0,0,655.2995980000001,0
2026-03-10T01:54:32.001665,0,0,655.2995980000001,0
2026-03-10T01:54:33.008660,0,0,655.2995980000001,0
2026-03-10T01:54:34.014725,0,0,655.2995980000001,0
2026-03-10T01:54:35.021582,0,0,655.2995980000001,0
2026-03-10T01:54:36.028562,0,0,655.2995980000001,0
2026-03-10T01:54:37.035533,0,0,655.2995980000001,0
2026-03-10T01:54:38.041554,0,0,655.2995980000001,0
2026-03-10T01:54:39.048559,0,0,655.2995980000001,0
2026-03-10T01:54:40.054605,0,0,655.2995980000001,0
2026-03-10T01:54:41.061445,0,0,655.2995980000001,0
2026-03-10T01:54:42.068473,0,0,655.2995980000001,0
2026-03-10T01:54:43.074507,0,0,655.2995980000001,0
2026-03-10T01:54:44.082556,0,0,655.2995980000001,0
2026-03-10T01:54:45.087351,0,0,655.2995980000001,0
2026-03-10T01:54:46.095402,0,0,655.2995980000001,0
2026-03-10T01:54:48.097216,0,0,655.2995980000001,0
2026-03-10T01:54:48.108289,0,0,655.2995980000001,0
2026-03-10T01:54:49.115290,0,0,657.06365,0
2026-03-10T01:54:50.121272,0,0,655.2995980000001,0
2026-03-10T01:54:51.129251,0,0,655.2995980000001,0
2026-03-10T01:54:52.135274,0,0,655.2995980000001,0
2026-03-10T01:54:53.141197,0,0,655.2995980000001,0
2026-03-10T01:54:55.143062,0,0,655.2995980000001,0
2026-03-10T01:54:55.155138,0,0,655.2995980000001,0
2026-03-10T01:54:56.161146,0,0,655.2995980000001,0
2026-03-10T01:54:57.168143,0,0,654.4175720000001,0
2026-03-10T01:54:58.175123,0,0,655.2995980000001,0
2026-03-10T01:54:59.182099,0,1,655.2995980000001,0
2026-03-10T01:55:00.188058,0,0,656.181624,0
2026-03-10T01:55:02.189844,0,0,655.2995980000001,0
2026-03-10T01:55:02.201006,0,0,656.181624,0
2026-03-10T01:55:03.208048,0,0,655.2995980000001,0
2026-03-10T01:55:04.215058,0,0,655.2995980000001,0
2026-03-10T01:55:05.221968,0,0,656.181624,0
2026-03-10T01:55:06.228999,0,0,655.2995980000001,0
2026-03-10T01:55:07.235904,0,0,655.2995980000001,0
2026-03-10T01:55:09.237708,0,0,656.181624,0
2026-03-10T01:55:45.248717,0,0,655.2995980000001,0
2026-03-10T01:55:47.731128,0,0,655.2995980000001,0
2026-03-10T01:55:48.737981,0,0,655.2995980000001,0
2026-03-10T01:55:49.743116,0,0,655.2995980000001,0
2026-03-10T01:55:51.744928,0,0,655.2995980000001,0
2026-03-10T01:55:51.757039,0,0,655.2995980000001,0
2026-03-10T01:55:52.764105,0,0,655.2995980000001,0
2026-03-10T01:55:53.769941,0,0,655.2995980000001,0
2026-03-10T01:55:54.778056,0,0,655.2995980000001,0
2026-03-10T01:55:56.779948,0,0,654.4175720000001,0
2026-03-10T01:55:56.790903,0,0,655.2995980000001,0
2026-03-10T01:55:57.797932,0,0,655.2995980000001,0
2026-03-10T01:55:58.803924,0,0,655.2995980000001,0
2026-03-10T01:55:59.810901,0,0,655.2995980000001,0
2026-03-10T01:56:00.817878,0,0,653.5355460000001,0
2026-03-10T01:56:01.824812,0,0,655.2995980000001,0
2026-03-10T01:56:02.830862,0,0,655.2995980000001,0
2026-03-10T01:56:03.837899,0,0,655.2995980000001,0
2026-03-10T01:56:04.844835,0,0,655.2995980000001,0
2026-03-10T01:56:05.850800,0,0,656.181624,0
2026-03-10T01:56:06.857777,0,0,655.2995980000001,0
2026-03-10T01:56:07.863747,0,0,655.2995980000001,0
2026-03-10T01:56:08.871741,0,0,655.2995980000001,0
2026-03-10T01:56:09.877715,0,0,655.2995980000001,0
2026-03-10T01:56:10.883704,0,0,655.2995980000001,0
2026-03-10T01:56:11.891691,0,0,655.2995980000001,0
2026-03-10T01:56:12.897609,0,0,655.2995980000001,0
2026-03-10T01:56:13.904610,0,0,655.2995980000001,0
2026-03-10T01:56:14.908650,0,0,655.2995980000001,0
2026-03-10T01:56:16.910556,0,0,655.2995980000001,0
2026-03-10T01:56:16.924504,0,0,655.2995980000001,0
2026-03-10T01:56:17.931546,0,0,655.2995980000001,0
2026-03-10T01:56:18.937539,0,0,655.2995980000001,0
2026-03-10T01:56:19.944396,0,0,655.2995980000001,0
2026-03-10T01:56:20.951484,0,0,655.2995980000001,0
2026-03-10T01:56:21.956423,0,0,655.2995980000001,0
2026-03-10T01:56:22.964550,0,0,655.2995980000001,0
2026-03-10T01:56:23.971513,0,0,655.2995980000001,0
2026-03-10T01:56:25.973308,0,0,655.2995980000001,0
2026-03-10T01:56:25.984323,0,0,656.181624,0
2026-03-10T01:56:26.991361,0,0,655.2995980000001,0
2026-03-10T01:56:27.997336,0,0,655.2995980000001,0
2026-03-10T01:56:29.004293,0,0,655.2995980000001,0
2026-03-10T01:56:30.011305,0,0,655.2995980000001,0
2026-03-10T01:56:31.018422,0,0,655.2995980000001,0
2026-03-10T01:56:32.025277,0,0,655.2995980000001,0
2026-03-10T01:56:33.031245,0,0,655.2995980000001,0
2026-03-10T01:56:34.038203,0,0,655.2995980000001,0
2026-03-10T01:56:35.044201,0,0,655.2995980000001,0
2026-03-10T01:56:36.051182,0,0,655.2995980000001,0
2026-03-10T01:56:37.058141,0,0,655.2995980000001,0
2026-03-10T01:56:38.064160,0,0,655.2995980000001,0
2026-03-10T01:56:40.065994,0,0,655.2995980000001,0
2026-03-10T01:56:59.008222,0,0,655.2995980000001,0
2026-03-10T01:57:01.490768,0,0,655.2995980000001,0
2026-03-10T01:57:02.497672,0,0,656.181624,0
2026-03-10T01:57:03.503588,0,0,655.2995980000001,0
2026-03-10T01:57:04.510736,0,0,655.2995980000001,0
2026-03-10T01:57:05.516560,0,0,655.2995980000001,0
2026-03-10T01:57:06.524526,0,0,655.2995980000001,0
2026-03-10T01:57:07.530614,0,0,655.2995980000001,0
2026-03-10T01:57:08.537494,0,0,655.2995980000001,0
2026-03-10T01:57:09.544352,0,0,655.2995980000001,0
2026-03-10T01:57:10.550595,0,0,655.2995980000001,0
2026-03-10T01:57:11.557492,0,0,657.06365,0
2026-03-10T01:57:12.563498,0,0,655.2995980000001,0
2026-03-10T01:57:13.570522,0,0,656.181624,0
2026-03-10T01:57:14.577425,0,0,655.2995980000001,0
2026-03-10T01:57:15.584386,0,0,655.2995980000001,0
2026-03-10T01:57:16.590469,0,0,655.2995980000001,0
2026-03-10T01:57:17.597362,0,0,654.4175720000001,0
2026-03-10T01:57:18.604401,0,0,655.2995980000001,0
2026-03-10T01:57:19.610444,0,0,655.2995980000001,0
2026-03-10T01:57:20.617306,0,0,657.06365,0
2026-03-10T01:57:21.623277,0,0,655.2995980000001,0
2026-03-10T01:57:22.631277,0,0,655.2995980000001,0
2026-03-10T01:57:23.637124,0,0,655.2995980000001,0
2026-03-10T01:57:24.644228,0,0,655.2995980000001,0
2026-03-10T01:57:25.651153,0,0,655.2995980000001,0
2026-03-10T01:57:26.657115,0,0,655.2995980000001,0
2026-03-10T01:57:27.664083,0,0,655.2995980000001,0
2026-03-10T01:57:28.670078,0,0,655.2995980000001,0
2026-03-10T01:57:30.672011,0,0,656.181624,0
2026-03-10T01:57:30.683982,0,0,655.2995980000001,0
2026-03-10T01:57:31.691049,0,0,655.2995980000001,0
2026-03-10T01:57:32.697005,0,0,655.2995980000001,0
2026-03-10T01:57:33.703980,0,0,655.2995980000001,0
2026-03-10T01:57:34.710978,0,0,655.2995980000001,0
2026-03-10T01:57:35.716980,0,0,655.2995980000001,0
2026-03-10T01:57:36.724017,0,0,655.2995980000001,0
2026-03-10T01:57:37.730976,0,0,655.2995980000001,0
2026-03-10T01:57:38.737947,0,0,655.2995980000001,0
2026-03-10T01:57:39.743916,0,0,655.2995980000001,0
2026-03-10T01:57:40.750949,0,0,655.2995980000001,0
2026-03-10T01:57:41.757773,0,0,655.2995980000001,0
2026-03-10T01:57:42.763860,0,0,655.2995980000001,0
2026-03-10T01:57:43.770820,0,0,655.2995980000001,0
2026-03-10T01:57:44.777766,0,0,655.2995980000001,0
2026-03-10T01:57:45.784730,0,0,655.2995980000001,0
2026-03-10T01:57:46.790793,0,0,655.2995980000001,0
2026-03-10T01:57:47.797729,0,0,655.2995980000001,0
2026-03-10T01:57:48.803711,0,0,655.2995980000001,0
2026-03-10T01:57:49.810829,0,0,655.2995980000001,0
2026-03-10T01:57:51.812620,0,0,654.4175720000001,0
2026-03-10T01:57:51.823527,0,0,655.2995980000001,0
2026-03-10T01:57:52.831604,0,0,655.2995980000001,0
2026-03-10T01:57:53.837586,0,0,655.2995980000001,0
2026-03-10T01:57:54.844535,0,0,655.2995980000001,0
2026-03-10T01:57:55.850617,0,0,655.2995980000001,0
2026-03-10T01:57:56.857578,0,0,655.2995980000001,0
2026-03-10T01:57:58.859473,0,0,655.2995980000001,0
2026-03-10T01:57:58.870599,0,0,654.4175720000001,0
2026-03-10T01:57:59.878562,0,0,655.2995980000001,0
2026-03-10T01:58:00.884353,0,0,655.2995980000001,0
2026-03-10T01:58:01.891444,0,0,655.2995980000001,0
2026-03-10T01:58:02.897391,0,0,655.2995980000001,0
2026-03-10T01:58:03.904373,0,0,656.181624,0
2026-03-10T01:58:04.910461,0,0,655.2995980000001,0
2026-03-10T01:58:06.912268,0,0,655.2995980000001,0
2026-03-10T01:58:06.924269,0,0,655.2995980000001,0
2026-03-10T01:58:07.931282,0,0,655.2995980000001,0
2026-03-10T01:58:08.938356,0,0,655.2995980000001,0
2026-03-10T01:58:09.944229,0,0,655.2995980000001,0
2026-03-10T01:58:10.951203,0,0,655.2995980000001,0
2026-03-10T01:58:11.957153,0,0,655.2995980000001,0
2026-03-10T01:58:13.959055,0,0,656.181624,0
2026-03-10T01:58:13.971102,0,0,655.2995980000001,0
2026-03-10T01:58:14.978146,0,0,655.2995980000001,0
2026-03-10T01:58:15.985129,0,0,655.2995980000001,0
2026-03-10T01:58:16.991080,0,0,655.2995980000001,0
2026-03-10T01:58:17.998082,0,0,655.2995980000001,0
2026-03-10T01:58:19.004056,0,0,655.2995980000001,0
2026-03-10T01:58:21.005813,0,0,655.2995980000001,0
2026-03-10T01:58:21.016983,0,0,655.2995980000001,0
2026-03-10T01:58:22.024007,0,0,655.2995980000001,0
2026-03-10T01:58:23.031976,0,0,655.2995980000001,0
2026-03-10T01:58:24.037956,0,0,655.2995980000001,0
2026-03-10T01:58:25.044937,0,0,656.181624,0
2026-03-10T01:58:26.050846,0,0,655.2995980000001,0
2026-03-10T01:58:27.057980,0,0,655.2995980000001,0
2026-03-10T01:58:28.063972,0,0,655.2995980000001,0
2026-03-10T01:58:29.070950,0,0,655.2995980000001,0
2026-03-10T01:58:30.078936,0,0,655.2995980000001,0
2026-03-10T01:58:31.084911,0,0,655.2995980000001,0
2026-03-10T01:58:33.086671,0,0,655.2995980000001,0
2026-03-10T01:58:33.097712,0,0,655.2995980000001,0
2026-03-10T01:58:34.104745,0,0,656.181624,0
2026-03-10T01:58:35.110772,0,0,655.2995980000001,0
2026-03-10T01:58:36.117718,0,0,656.181624,0
2026-03-10T01:58:37.123687,0,0,655.2995980000001,0
2026-03-10T01:58:38.131640,0,0,655.2995980000001,0
2026-03-10T01:58:40.133436,0,0,655.2995980000001,0
2026-03-10T01:58:40.144595,0,0,655.2995980000001,0
2026-03-10T01:58:41.151589,0,0,655.2995980000001,0
2026-03-10T01:58:42.157612,0,0,655.2995980000001,0
2026-03-10T01:58:43.164553,0,0,655.2995980000001,0
2026-03-10T01:58:44.170621,0,0,655.2995980000001,0
2026-03-10T01:58:45.178562,0,0,655.2995980000001,0
2026-03-10T01:58:47.180350,0,0,655.2995980000001,0
2026-03-10T01:58:47.191408,0,0,655.2995980000001,0
2026-03-10T01:58:48.198552,0,0,655.2995980000001,0
2026-03-10T01:58:49.204433,0,0,655.2995980000001,0
2026-03-10T01:58:50.211417,0,0,655.2995980000001,0
2026-03-10T01:58:51.217383,0,0,655.2995980000001,0
2026-03-10T01:58:52.225319,0,0,656.181624,0
2026-03-10T01:58:54.227106,0,0,655.2995980000001,0
2026-03-10T01:58:54.238403,0,0,655.2995980000001,0
2026-03-10T01:58:55.245315,0,0,655.2995980000001,0
2026-03-10T01:58:56.251307,0,0,655.2995980000001,0
2026-03-10T01:58:57.258331,0,0,655.2995980000001,0
2026-03-10T01:58:58.264233,0,0,655.2995980000001,0
2026-03-10T01:58:59.270903,0,0,655.2995980000001,0
2026-03-10T01:59:01.272703,0,0,655.2995980000001,0
2026-03-10T01:59:01.285133,0,0,656.181624,0
2026-03-10T01:59:02.292169,0,0,655.2995980000001,0
2026-03-10T01:59:03.298149,0,0,655.2995980000001,0
2026-03-10T01:59:04.305130,0,0,655.2995980000001,0
2026-03-10T01:59:05.311119,0,0,655.2995980000001,0
2026-03-10T01:59:06.318081,0,0,655.2995980000001,0
2026-03-10T01:59:07.325151,0,0,655.2995980000001,0
2026-03-10T01:59:09.326771,0,0,655.2995980000001,0
2026-03-10T01:59:09.337945,0,0,655.2995980000001,0
2026-03-10T01:59:10.345052,0,0,655.2995980000001,0
2026-03-10T01:59:11.352022,0,0,655.2995980000001,0
2026-03-10T01:59:12.358003,0,0,655.2995980000001,0
2026-03-10T01:59:13.364971,0,0,655.2995980000001,0
2026-03-10T01:59:14.370894,0,0,655.2995980000001,0
2026-03-10T01:59:16.372688,0,0,655.2995980000001,0
2026-03-10T01:59:16.383836,0,0,655.2995980000001,0
2026-03-10T01:59:17.391860,0,0,655.2995980000001,0
2026-03-10T01:59:18.398876,0,0,656.181624,0
2026-03-10T01:59:19.404847,0,0,656.181624,0
2026-03-10T01:59:20.411822,0,0,656.181624,0
2026-03-10T01:59:21.417748,0,0,655.2995980000001,0
2026-03-10T01:59:22.425871,0,0,655.2995980000001,0
2026-03-10T01:59:24.427649,0,0,655.2995980000001,0
2026-03-10T01:59:24.438729,0,0,655.2995980000001,0
2026-03-10T01:59:25.444724,0,0,655.2995980000001,0
2026-03-10T01:59:26.451686,0,0,655.2995980000001,0
2026-03-10T01:59:27.458726,0,0,655.2995980000001,0
2026-03-10T01:59:28.464654,0,0,655.2995980000001,0
2026-03-10T01:59:29.472586,0,0,655.2995980000001,0
2026-03-10T01:59:30.478728,0,0,655.2995980000001,0
2026-03-10T01:59:31.485583,0,0,655.2995980000001,0
2026-03-10T01:59:32.491547,0,0,655.2995980000001,0
2026-03-10T01:59:33.497519,0,0,655.2995980000001,0
2026-03-10T01:59:34.505499,0,0,655.2995980000001,0
2026-03-10T01:59:35.511490,0,0,655.2995980000001,0
2026-03-10T01:59:36.519443,0,0,655.2995980000001,0
2026-03-10T01:59:37.524521,0,0,656.181624,0
2026-03-10T01:59:38.532369,0,0,655.2995980000001,0
2026-03-10T01:59:39.538470,0,0,655.2995980000001,0
2026-03-10T01:59:40.545406,0,0,655.2995980000001,0
2026-03-10T01:59:41.551297,0,0,655.2995980000001,0
2026-03-10T01:59:42.558461,0,0,654.4175720000001,0
2026-03-10T01:59:43.565347,0,0,655.2995980000001,0
2026-03-10T01:59:44.572317,0,0,655.2995980000001,0
2026-03-10T01:59:45.579328,0,0,655.2995980000001,0
2026-03-10T01:59:46.585235,0,0,655.2995980000001,0
2026-03-10T01:59:48.587068,0,0,655.2995980000001,0
2026-03-10T01:59:48.598214,0,0,656.181624,0
2026-03-10T01:59:49.605219,0,0,655.2995980000001,0
2026-03-10T01:59:50.611197,0,0,655.2995980000001,0
2026-03-10T01:59:51.619197,0,0,655.2995980000001,0
2026-03-10T01:59:52.626181,0,0,655.2995980000001,0
2026-03-10T01:59:53.630195,0,0,655.2995980000001,0
2026-03-10T01:59:54.639196,0,0,657.945676,0
2026-03-10T01:59:55.645155,0,0,655.2995980000001,0
2026-03-10T01:59:56.652117,0,0,655.2995980000001,0
2026-03-10T01:59:57.658120,0,0,655.2995980000001,0
2026-03-10T01:59:58.666057,0,0,656.181624,0
2026-03-10T01:59:59.673008,0,0,655.2995980000001,0
2026-03-10T02:00:00.678963,0,0,655.2995980000001,0
2026-03-10T02:01:55.361008,0,0,655.2995980000001,0
2026-03-10T02:01:56.384186,0,0,656.181624,0
2026-03-10T02:01:57.395141,0,0,656.181624,0
2026-03-10T02:01:58.403368,0,0,653.5355460000001,0
2026-03-10T02:01:59.412403,0,0,655.2995980000001,0
2026-03-10T02:02:00.421352,0,0,655.2995980000001,0
2026-03-10T02:02:01.429189,0,0,655.2995980000001,0
2026-03-10T02:02:02.437886,0,0,655.2995980000001,0
2026-03-10T02:02:04.439755,0,0,655.2995980000001,0
2026-03-10T02:02:04.455106,0,0,656.181624,0
2026-03-10T02:02:05.462684,0,0,655.2995980000001,0
2026-03-10T02:02:06.470977,0,0,655.2995980000001,0
2026-03-10T02:02:07.478388,0,0,655.2995980000001,0
2026-03-10T02:02:08.486656,0,0,655.2995980000001,0
2026-03-10T02:02:09.492834,0,0,655.2995980000001,0
2026-03-10T02:02:11.494675,0,0,655.2995980000001,0
2026-03-10T02:02:11.510077,0,0,655.2995980000001,0
2026-03-10T02:02:12.518123,0,0,655.2995980000001,0
2026-03-10T02:02:13.526150,0,0,655.2995980000001,0
2026-03-10T02:02:14.533087,0,0,656.181624,0
2026-03-10T02:02:15.541013,0,0,655.2995980000001,0
2026-03-10T02:02:16.548904,0,0,655.2995980000001,0
2026-03-10T02:02:17.553769,0,0,655.2995980000001,0
2026-03-10T02:02:19.555609,0,0,655.2995980000001,0
2026-03-10T02:02:38.386639,0,0,655.2995980000001,0
2026-03-10T02:02:40.870128,0,0,655.2995980000001,0
2026-03-10T02:02:41.877548,0,0,655.2995980000001,0
2026-03-10T02:02:42.882014,0,0,655.2995980000001,0
2026-03-10T02:02:43.891405,0,0,655.2995980000001,0
2026-03-10T02:02:44.897829,0,0,655.2995980000001,0
2026-03-10T02:02:45.906189,0,0,655.2995980000001,0
2026-03-10T02:02:46.912552,0,0,655.2995980000001,0
2026-03-10T02:02:47.919830,0,0,655.2995980000001,0
2026-03-10T02:02:48.927326,0,0,655.2995980000001,0
2026-03-10T02:02:49.933701,0,0,655.2995980000001,0
2026-03-10T02:02:50.941038,0,0,655.2995980000001,0
2026-03-10T02:02:52.942823,0,0,655.2995980000001,0
2026-03-10T02:02:52.954952,0,0,655.2995980000001,0
2026-03-10T02:02:53.962205,0,0,655.2995980000001,0
2026-03-10T02:02:54.969565,0,0,655.2995980000001,0
2026-03-10T02:02:55.975914,0,0,655.2995980000001,0
2026-03-10T02:02:56.983287,0,0,655.2995980000001,0
2026-03-10T02:02:57.989765,0,0,655.2995980000001,0
2026-03-10T02:02:59.991715,0,0,655.2995980000001,0
2026-03-10T02:03:00.001519,0,0,656.181624,0
2026-03-10T02:03:01.007961,0,0,655.2995980000001,0
2026-03-10T02:03:02.014545,0,0,655.2995980000001,0
2026-03-10T02:03:03.020000,0,0,655.2995980000001,0
2026-03-10T02:03:04.025538,0,0,655.2995980000001,0
2026-03-10T02:03:05.033097,0,0,654.4175720000001,0
2026-03-10T02:03:06.036577,0,0,656.181624,0
2026-03-10T02:03:08.038506,0,0,655.2995980000001,0
2026-03-10T02:03:08.051746,0,0,654.4175720000001,0
2026-03-10T02:03:09.058564,0,0,655.2995980000001,0
2026-03-10T02:03:10.064160,0,0,654.4175720000001,0
2026-03-10T02:03:11.070855,0,0,655.2995980000001,0
2026-03-10T02:03:12.076481,0,0,655.2995980000001,0
2026-03-10T02:03:13.083205,0,0,656.181624,0
2026-03-10T02:03:15.085236,0,0,655.2995980000001,0
2026-03-10T02:04:23.135181,0,0,655.2995980000001,0
2026-03-10T02:04:25.617960,0,0,655.2995980000001,0
2026-03-10T02:04:26.625038,0,0,655.2995980000001,0
2026-03-10T02:04:27.629218,0,0,655.2995980000001,0
2026-03-10T02:04:28.638575,0,0,655.2995980000001,0
2026-03-10T02:04:29.644634,0,0,655.2995980000001,0
2026-03-10T02:04:30.652800,0,0,655.2995980000001,0
2026-03-10T02:04:31.658977,0,0,655.2995980000001,0
2026-03-10T02:04:32.666135,0,0,655.2995980000001,0
2026-03-10T02:04:33.673287,0,0,655.2995980000001,0
2026-03-10T02:04:34.677407,0,0,655.2995980000001,0
2026-03-10T02:04:36.679276,0,0,655.2995980000001,0
2026-03-10T02:04:47.385126,0,0,655.2995980000001,0
2026-03-10T02:04:49.868057,0,0,655.2995980000001,0
2026-03-10T02:04:50.875238,0,0,655.2995980000001,0
2026-03-10T02:04:51.881343,0,0,655.2995980000001,0
2026-03-10T02:04:53.883089,0,0,655.2995980000001,0
2026-03-10T02:04:53.894732,0,0,655.2995980000001,0
2026-03-10T02:04:54.902924,0,0,655.2995980000001,0
2026-03-10T02:04:55.909143,0,0,655.2995980000001,0
2026-03-10T02:04:56.916345,0,0,655.2995980000001,0
2026-03-10T02:04:57.923535,0,0,655.2995980000001,0
2026-03-10T02:04:58.929619,0,0,655.2995980000001,0
2026-03-10T02:04:59.937004,0,0,655.2995980000001,0
2026-03-10T02:05:00.943055,0,0,655.2995980000001,0
2026-03-10T02:05:01.950386,0,0,655.2995980000001,0
2026-03-10T02:05:02.957481,0,0,655.2995980000001,0
2026-03-10T02:05:03.964655,0,0,655.2995980000001,0
2026-03-10T02:05:04.970852,0,0,655.2995980000001,0
2026-03-10T02:05:05.978003,0,0,655.2995980000001,0
2026-03-10T02:05:06.984598,0,0,654.4175720000001,0
2026-03-10T02:05:07.990234,0,0,655.2995980000001,0
2026-03-10T02:05:08.996848,0,0,655.2995980000001,0
2026-03-10T02:05:10.003490,0,0,655.2995980000001,0
2026-03-10T02:05:11.010117,0,0,655.2995980000001,0
2026-03-10T02:05:12.015769,0,0,654.4175720000001,0
2026-03-10T02:05:13.022610,0,0,656.181624,0
2026-03-10T02:05:15.024386,0,0,655.2995980000001,0
2026-03-10T02:05:15.034772,0,0,655.2995980000001,0
2026-03-10T02:05:16.041442,0,0,655.2995980000001,0
2026-03-10T02:05:17.048125,0,0,655.2995980000001,0
2026-03-10T02:05:18.054819,0,0,655.2995980000001,0
2026-03-10T02:05:19.060511,0,0,655.2995980000001,0
2026-03-10T02:05:20.067185,0,0,655.2995980000001,0
2026-03-10T02:05:22.068934,0,0,655.2995980000001,0
2026-03-10T02:05:22.079616,0,0,655.2995980000001,0
2026-03-10T02:05:23.086497,0,0,655.2995980000001,0
2026-03-10T02:05:24.092114,0,0,655.2995980000001,0
2026-03-10T02:05:25.099865,0,0,655.2995980000001,0
2026-03-10T02:05:26.105596,0,0,655.2995980000001,0
2026-03-10T02:05:27.112422,0,0,655.2995980000001,0
2026-03-10T02:05:28.118174,0,0,655.2995980000001,0
2026-03-10T02:05:29.124919,0,0,655.2995980000001,0
2026-03-10T02:05:30.131697,0,0,655.2995980000001,0
2026-03-10T02:05:31.137462,0,0,655.2995980000001,0
2026-03-10T02:05:32.144109,0,0,656.181624,0
2026-03-10T02:05:33.151058,0,0,656.181624,0
2026-03-10T02:05:34.155885,0,0,655.2995980000001,0
2026-03-10T02:05:35.163668,0,0,655.2995980000001,0
2026-03-10T02:05:36.170574,0,0,655.2995980000001,0
2026-03-10T02:05:37.176247,0,0,656.181624,0
2026-03-10T02:05:38.183076,0,0,655.2995980000001,0
2026-03-10T02:05:39.190880,0,0,655.2995980000001,0
2026-03-10T02:05:40.196706,0,0,655.2995980000001,0
2026-03-10T02:05:41.201522,0,0,654.4175720000001,0
2026-03-10T02:05:43.203400,0,0,655.2995980000001,0
2026-03-10T02:05:43.216203,0,0,654.4175720000001,0
2026-03-10T02:05:44.222081,0,0,655.2995980000001,0
2026-03-10T02:05:45.228933,0,0,655.2995980000001,0
2026-03-10T02:05:46.235772,0,0,655.2995980000001,0
2026-03-10T02:05:47.242717,0,0,655.2995980000001,0
2026-03-10T02:05:48.249515,0,0,655.2995980000001,0
2026-03-10T02:05:49.255344,0,0,655.2995980000001,0
2026-03-10T02:05:51.257329,0,0,655.2995980000001,0
2026-03-10T02:06:27.136324,0,0,655.2995980000001,0
2026-03-10T02:06:29.618849,0,0,655.2995980000001,0
2026-03-10T02:06:30.624798,0,0,655.2995980000001,0
2026-03-10T02:06:31.631772,0,0,656.181624,0
2026-03-10T02:06:33.633549,0,0,655.2995980000001,0
2026-03-10T02:06:33.644785,0,0,655.2995980000001,0
2026-03-10T02:06:34.652811,0,0,655.2995980000001,0
2026-03-10T02:06:35.658840,0,0,655.2995980000001,0
2026-03-10T02:06:36.665797,0,0,655.2995980000001,0
2026-03-10T02:06:37.672836,0,0,655.2995980000001,0
2026-03-10T02:06:38.678944,0,0,655.2995980000001,0
2026-03-10T02:06:39.685941,0,0,655.2995980000001,0
2026-03-10T02:06:40.691947,0,0,655.2995980000001,0
2026-03-10T02:06:41.699961,0,0,655.2995980000001,0
2026-03-10T02:06:42.705985,0,0,654.4175720000001,0
2026-03-10T02:06:43.713007,0,0,655.2995980000001,0
2026-03-10T02:06:44.719033,0,0,655.2995980000001,0
2026-03-10T02:06:45.726086,0,0,656.181624,0
2026-03-10T02:06:46.733147,0,0,654.4175720000001,0
2026-03-10T02:06:47.738982,0,0,655.2995980000001,0
2026-03-10T02:06:49.740757,0,0,655.2995980000001,0
2026-03-10T02:06:49.753073,0,0,654.4175720000001,0
2026-03-10T02:06:50.760209,0,0,655.2995980000001,0
2026-03-10T02:06:51.766220,0,0,655.2995980000001,0
2026-03-10T02:06:52.773238,0,0,655.2995980000001,0
2026-03-10T02:06:53.780279,0,0,655.2995980000001,0
2026-03-10T02:06:54.784369,0,0,655.2995980000001,0
2026-03-10T02:06:55.794524,0,0,655.2995980000001,0
2026-03-10T02:06:56.800442,0,0,655.2995980000001,0
2026-03-10T02:06:57.807492,0,0,655.2995980000001,0
2026-03-10T02:06:58.813513,0,0,655.2995980000001,0
2026-03-10T02:06:59.820556,0,0,655.2995980000001,0
2026-03-10T02:07:00.826679,0,0,655.2995980000001,0
2026-03-10T02:07:01.833620,0,0,655.2995980000001,0
2026-03-10T02:07:02.840803,0,0,655.2995980000001,0
2026-03-10T02:07:03.847842,0,0,655.2995980000001,0
2026-03-10T02:07:04.854857,0,0,655.2995980000001,0
2026-03-10T02:07:05.860882,0,0,655.2995980000001,0
2026-03-10T02:07:06.867944,0,0,655.2995980000001,0
2026-03-10T02:07:07.874021,0,0,655.2995980000001,0
2026-03-10T02:07:08.881064,0,0,655.2995980000001,0
2026-03-10T02:07:09.888160,0,0,655.2995980000001,0
2026-03-10T02:07:10.895221,0,0,655.2995980000001,0
2026-03-10T02:07:11.902235,0,0,655.2995980000001,0
2026-03-10T02:07:12.908322,0,0,655.2995980000001,0
2026-03-10T02:07:13.915458,0,0,655.2995980000001,0
2026-03-10T02:07:14.921537,0,0,655.2995980000001,0
2026-03-10T02:07:15.928626,0,0,655.2995980000001,0
2026-03-10T02:07:17.930559,0,0,655.2995980000001,0
2026-03-10T02:07:17.942753,0,0,655.2995980000001,0
2026-03-10T02:07:18.949812,0,0,655.2995980000001,0
2026-03-10T02:07:19.955906,0,0,655.2995980000001,0
2026-03-10T02:07:21.957682,0,0,655.2995980000001,0
2026-03-10T02:07:21.968913,0,0,655.2995980000001,0
2026-03-10T02:07:22.976041,0,0,655.2995980000001,0
2026-03-10T02:07:23.982146,0,0,655.2995980000001,0
2026-03-10T02:07:24.989265,0,0,655.2995980000001,0
2026-03-10T02:07:25.997301,0,0,655.2995980000001,0
2026-03-10T02:07:27.003402,0,0,655.2995980000001,0
2026-03-10T02:07:28.010514,0,0,655.2995980000001,0
2026-03-10T02:07:29.016564,0,0,655.2995980000001,0
2026-03-10T02:07:30.023641,0,0,655.2995980000001,0
2026-03-10T02:07:31.029723,0,0,655.2995980000001,0
2026-03-10T02:07:32.036812,0,0,655.2995980000001,0
2026-03-10T02:07:33.043781,0,0,655.2995980000001,0
2026-03-10T02:07:34.051056,0,0,655.2995980000001,0
2026-03-10T02:07:35.058109,0,0,655.2995980000001,0
2026-03-10T02:07:36.064189,0,0,655.2995980000001,0
2026-03-10T02:07:37.071259,0,0,655.2995980000001,0
2026-03-10T02:07:38.077332,0,0,656.181624,0
2026-03-10T02:07:39.084427,0,0,655.2995980000001,0
2026-03-10T02:07:40.091524,0,0,655.2995980000001,0
2026-03-10T02:07:41.098682,0,0,656.181624,0
2026-03-10T02:07:42.105726,0,0,655.2995980000001,0
2026-03-10T02:07:43.111848,0,0,655.2995980000001,0
2026-03-10T02:07:44.118923,0,0,655.2995980000001,0
2026-03-10T02:07:45.125026,0,0,655.2995980000001,0
2026-03-10T02:07:46.132128,0,0,655.2995980000001,0
2026-03-10T02:07:47.138198,0,0,655.2995980000001,0
2026-03-10T02:07:48.146492,0,0,655.2995980000001,0
2026-03-10T02:07:49.152485,0,0,655.2995980000001,0
2026-03-10T02:07:50.159572,0,0,656.181624,0
2026-03-10T02:07:52.161343,0,0,655.2995980000001,0
2026-03-10T02:07:52.172601,0,0,655.2995980000001,0
2026-03-10T02:07:53.179758,0,0,655.2995980000001,0
2026-03-10T02:07:54.185878,0,0,655.2995980000001,0
2026-03-10T02:07:55.193928,0,0,655.2995980000001,0
2026-03-10T02:07:56.200066,0,0,655.2995980000001,0
2026-03-10T02:07:57.207146,0,0,655.2995980000001,0
2026-03-10T02:07:58.214454,0,0,655.2995980000001,0
2026-03-10T02:07:59.220460,0,0,655.2995980000001,0
2026-03-10T02:08:00.227600,0,0,655.2995980000001,0
2026-03-10T02:08:01.233705,0,0,655.2995980000001,0
2026-03-10T02:08:02.241761,0,0,654.4175720000001,0
2026-03-10T02:08:03.247873,0,0,655.2995980000001,0
2026-03-10T02:08:04.254911,0,0,655.2995980000001,0
2026-03-10T02:08:05.260030,0,0,655.2995980000001,0
2026-03-10T02:08:06.268148,0,0,655.2995980000001,0
2026-03-10T02:08:07.275208,0,0,655.2995980000001,0
2026-03-10T02:08:08.281288,0,0,656.181624,0
2026-03-10T02:08:09.289448,0,0,655.2995980000001,0
2026-03-10T02:08:10.293617,0,0,655.2995980000001,0
2026-03-10T02:08:12.295383,0,0,655.2995980000001,0
2026-03-10T02:08:12.308751,0,0,655.2995980000001,0
2026-03-10T02:08:13.314990,0,0,655.2995980000001,0
2026-03-10T02:08:14.323057,0,0,655.2995980000001,0
2026-03-10T02:08:15.329150,0,0,655.2995980000001,0
2026-03-10T02:08:16.337260,0,0,655.2995980000001,0
2026-03-10T02:08:17.343388,0,0,655.2995980000001,0
2026-03-10T02:08:18.350520,0,0,655.2995980000001,0
2026-03-10T02:08:19.356567,0,0,655.2995980000001,0
2026-03-10T02:08:20.363699,0,0,655.2995980000001,0
2026-03-10T02:08:21.369802,0,0,655.2995980000001,0
2026-03-10T02:08:22.376905,0,0,655.2995980000001,0
2026-03-10T02:08:23.383999,0,0,655.2995980000001,0
2026-03-10T02:08:24.391148,0,0,655.2995980000001,0
2026-03-10T02:08:25.398385,0,0,655.2995980000001,0
2026-03-10T02:08:26.404400,0,0,655.2995980000001,0
2026-03-10T02:08:27.411500,0,0,655.2995980000001,0
2026-03-10T02:08:28.417569,0,0,655.2995980000001,0
2026-03-10T02:08:29.424595,0,0,655.2995980000001,0
2026-03-10T02:08:30.431849,0,0,655.2995980000001,0
2026-03-10T02:08:31.438969,0,0,655.2995980000001,0
2026-03-10T02:08:32.446065,0,0,655.2995980000001,0
2026-03-10T02:08:33.452235,0,0,655.2995980000001,0
2026-03-10T02:08:34.459333,0,0,655.2995980000001,0
2026-03-10T02:08:35.465419,0,0,655.2995980000001,0
2026-03-10T02:08:36.472522,0,0,655.2995980000001,0
2026-03-10T02:08:37.478746,0,0,655.2995980000001,0
2026-03-10T02:08:38.485765,0,0,656.181624,0
2026-03-10T02:08:39.493892,0,0,655.2995980000001,0
2026-03-10T02:08:40.500028,0,0,655.2995980000001,0
2026-03-10T02:08:41.507175,0,0,654.4175720000001,0
2026-03-10T02:08:42.513255,0,0,655.2995980000001,0
2026-03-10T02:08:43.520383,0,0,655.2995980000001,0
2026-03-10T02:08:44.526600,0,0,655.2995980000001,0
2026-03-10T02:08:45.533622,0,0,655.2995980000001,0
2026-03-10T02:08:46.541741,0,0,655.2995980000001,0
2026-03-10T02:08:47.547871,0,0,655.2995980000001,0
2026-03-10T02:08:48.555016,0,0,655.2995980000001,0
2026-03-10T02:08:49.561116,0,0,655.2995980000001,0
2026-03-10T02:08:50.568228,0,0,655.2995980000001,0
2026-03-10T02:08:51.574462,0,0,655.2995980000001,0
2026-03-10T02:08:52.581470,0,0,655.2995980000001,0
2026-03-10T02:08:53.588610,0,0,655.2995980000001,0
2026-03-10T02:08:54.595724,0,0,655.2995980000001,0
2026-03-10T02:08:55.602935,0,0,655.2995980000001,0
2026-03-10T02:08:56.608979,0,0,655.2995980000001,0
2026-03-10T02:08:57.616120,0,0,655.2995980000001,0
2026-03-10T02:08:58.622224,0,0,655.2995980000001,0
2026-03-10T02:08:59.629350,0,0,655.2995980000001,0
2026-03-10T02:09:00.635499,0,0,655.2995980000001,0
2026-03-10T02:09:01.643646,0,0,655.2995980000001,0
2026-03-10T02:09:02.649781,0,0,656.181624,0
2026-03-10T02:09:03.656896,0,0,655.2995980000001,0
2026-03-10T02:09:04.664005,0,0,655.2995980000001,0
2026-03-10T02:09:05.670127,0,0,655.2995980000001,0
2026-03-10T02:09:06.677241,0,0,655.2995980000001,0
2026-03-10T02:09:07.683387,0,0,655.2995980000001,0
2026-03-10T02:09:08.691514,0,0,655.2995980000001,0
2026-03-10T02:09:09.697641,0,0,655.2995980000001,0
2026-03-10T02:09:10.704708,0,0,655.2995980000001,0
2026-03-10T02:09:11.711883,0,0,655.2995980000001,0
2026-03-10T02:09:12.718027,0,0,655.2995980000001,0
2026-03-10T02:09:13.725132,0,0,655.2995980000001,0
2026-03-10T02:09:14.731278,0,0,655.2995980000001,0
2026-03-10T02:09:15.739404,0,0,655.2995980000001,0
2026-03-10T02:09:16.745534,0,0,655.2995980000001,0
2026-03-10T02:09:17.752683,0,0,655.2995980000001,0
2026-03-10T02:09:18.759820,0,0,655.2995980000001,0
2026-03-10T02:09:19.764921,0,0,655.2995980000001,0
2026-03-10T02:09:20.773054,0,0,655.2995980000001,0
2026-03-10T02:09:21.779204,0,0,655.2995980000001,0
2026-03-10T02:09:22.787009,0,0,655.2995980000001,0
2026-03-10T02:09:23.792796,0,0,656.181624,0
2026-03-10T02:09:24.799602,0,0,655.2995980000001,0
2026-03-10T02:09:25.805328,0,0,655.2995980000001,0
2026-03-10T02:09:26.812100,0,0,655.2995980000001,0
2026-03-10T02:09:27.818911,0,0,637.6590779999999,0
2026-03-10T02:09:28.824748,0,0,655.2995980000001,0
2026-03-10T02:09:29.831445,0,0,655.2995980000001,0
2026-03-10T02:09:30.838226,0,0,655.2995980000001,0
2026-03-10T02:09:31.845052,0,0,655.2995980000001,0
2026-03-10T02:09:32.850797,0,0,655.2995980000001,0
2026-03-10T02:09:33.857595,0,0,655.2995980000001,0
2026-03-10T02:09:34.864352,0,0,655.2995980000001,0
2026-03-10T02:09:35.870158,0,0,655.2995980000001,0
2026-03-10T02:09:36.876934,0,0,655.2995980000001,0
2026-03-10T02:09:37.883782,0,0,655.2995980000001,0
2026-03-10T02:09:38.890643,0,0,655.2995980000001,0
2026-03-10T02:09:39.896347,0,0,655.2995980000001,0
2026-03-10T02:09:40.903178,0,0,655.2995980000001,0
2026-03-10T02:09:41.908973,0,0,655.2995980000001,0
2026-03-10T02:09:42.915750,0,0,656.181624,0
2026-03-10T02:09:43.922684,0,0,655.2995980000001,0
2026-03-10T02:09:44.929396,0,0,655.2995980000001,0
2026-03-10T02:09:45.936239,0,0,655.2995980000001,0
2026-03-10T02:09:46.942027,0,0,655.2995980000001,0
2026-03-10T02:09:47.948849,0,0,655.2995980000001,0
2026-03-10T02:09:48.954745,0,0,655.2995980000001,0
2026-03-10T02:09:49.961497,0,0,655.2995980000001,0
2026-03-10T02:09:50.968332,0,0,655.2995980000001,0
2026-03-10T02:09:51.974163,0,0,655.2995980000001,0
2026-03-10T02:09:52.982011,0,0,655.2995980000001,0
2026-03-10T02:09:53.986835,0,0,655.2995980000001,0
2026-03-10T02:09:54.994748,0,0,655.2995980000001,0
2026-03-10T02:09:56.000506,0,0,655.2995980000001,0
2026-03-10T02:09:57.007355,0,0,655.2995980000001,0
2026-03-10T02:09:58.013175,0,0,655.2995980000001,0
2026-03-10T02:09:59.020036,0,0,655.2995980000001,0
2026-03-10T02:10:00.027897,0,0,655.2995980000001,0
2026-03-10T02:10:01.033750,0,0,655.2995980000001,0
2026-03-10T02:10:02.040571,0,0,655.2995980000001,0
2026-03-10T02:10:03.046533,0,0,655.2995980000001,0
2026-03-10T02:10:04.053260,0,0,655.2995980000001,0
2026-03-10T02:10:05.059161,0,0,655.2995980000001,0
2026-03-10T02:10:06.065995,0,0,655.2995980000001,0
2026-03-10T02:10:07.073866,0,0,655.2995980000001,0
2026-03-10T02:10:08.079743,0,0,655.2995980000001,0
2026-03-10T02:10:09.086645,0,0,656.181624,0
2026-03-10T02:10:10.092428,0,0,655.2995980000001,0
2026-03-10T02:10:11.098980,0,0,655.2995980000001,0
2026-03-10T02:10:12.105197,0,0,655.2995980000001,0
2026-03-10T02:10:13.112041,0,0,655.2995980000001,0
2026-03-10T02:10:14.117955,0,0,656.181624,0
2026-03-10T02:10:15.125799,0,0,655.2995980000001,0
2026-03-10T02:10:16.132669,0,0,645.597312,0
2026-03-10T02:10:17.138618,0,0,656.181624,0
2026-03-10T02:10:18.145651,0,0,655.2995980000001,0
2026-03-10T02:10:19.150381,0,0,655.2995980000001,0
2026-03-10T02:10:20.158179,0,0,655.2995980000001,0
2026-03-10T02:10:21.164106,0,0,655.2995980000001,0
2026-03-10T02:10:22.170926,0,0,655.2995980000001,0
2026-03-10T02:10:23.178851,0,0,655.2995980000001,0
2026-03-10T02:10:24.184744,0,0,655.2995980000001,0
2026-03-10T02:10:25.191633,0,0,655.2995980000001,0
2026-03-10T02:10:26.197533,0,0,655.2995980000001,0
2026-03-10T02:10:27.204445,0,0,655.2995980000001,0
2026-03-10T02:10:28.209450,0,0,655.2995980000001,0
2026-03-10T02:10:29.218199,0,0,655.2995980000001,0
2026-03-10T02:10:30.224100,0,0,655.2995980000001,0
2026-03-10T02:10:31.231027,0,0,655.2995980000001,0
2026-03-10T02:10:32.237920,0,0,655.2995980000001,0
2026-03-10T02:10:33.243814,0,0,655.2995980000001,0
2026-03-10T02:10:34.250825,0,0,655.2995980000001,0
2026-03-10T02:10:35.256650,0,0,655.2995980000001,0
2026-03-10T02:10:36.263544,0,0,655.2995980000001,0
2026-03-10T02:10:37.270580,0,0,655.2995980000001,0
2026-03-10T02:10:38.277363,0,0,655.2995980000001,0
2026-03-10T02:10:39.284275,0,0,655.2995980000001,0
2026-03-10T02:10:40.290197,0,0,655.2995980000001,0
2026-03-10T02:10:41.297110,0,0,655.2995980000001,0
2026-03-10T02:10:42.303075,0,0,655.2995980000001,0
2026-03-10T02:10:43.309818,0,0,655.2995980000001,0
2026-03-10T02:10:44.316831,0,0,655.2995980000001,0
2026-03-10T02:10:45.322791,0,0,655.2995980000001,0
2026-03-10T02:10:46.329682,0,0,655.2995980000001,0
2026-03-10T02:10:47.336586,0,0,655.2995980000001,0
2026-03-10T02:10:48.343543,0,0,655.2995980000001,0
2026-03-10T02:10:49.349489,0,0,655.2995980000001,0
2026-03-10T02:10:50.356384,0,0,654.4175720000001,0
2026-03-10T02:10:51.363316,0,0,655.2995980000001,0
2026-03-10T02:10:52.370245,0,0,655.2995980000001,0
2026-03-10T02:10:53.376167,0,0,655.2995980000001,0
2026-03-10T02:10:54.383112,0,0,655.2995980000001,0
2026-03-10T02:10:55.390087,0,0,655.2995980000001,0
2026-03-10T02:10:56.396025,0,0,655.2995980000001,0
2026-03-10T02:10:57.402929,0,0,655.2995980000001,0
2026-03-10T02:10:58.408864,0,0,655.2995980000001,0
2026-03-10T02:10:59.416780,0,0,655.2995980000001,0
2026-03-10T02:11:00.422793,0,0,655.2995980000001,0
2026-03-10T02:11:01.429680,0,0,655.2995980000001,0
2026-03-10T02:11:02.434702,0,0,655.2995980000001,0
2026-03-10T02:11:03.442699,0,0,655.2995980000001,0
2026-03-10T02:11:04.449512,0,0,655.2995980000001,0
2026-03-10T02:11:05.455494,0,0,655.2995980000001,0
2026-03-10T02:11:06.463427,0,0,655.2995980000001,0
2026-03-10T02:11:07.469351,0,0,655.2995980000001,0
2026-03-10T02:11:08.476306,0,0,655.2995980000001,0
2026-03-10T02:11:09.482264,0,0,654.4175720000001,0
2026-03-10T02:11:10.489242,0,0,655.2995980000001,0
2026-03-10T02:11:11.496198,0,0,655.2995980000001,0
2026-03-10T02:11:12.502150,0,0,655.2995980000001,0
2026-03-10T02:11:13.510094,0,0,655.2995980000001,0
2026-03-10T02:11:14.516076,0,0,655.2995980000001,0
2026-03-10T02:11:15.523002,0,0,655.2995980000001,0
2026-03-10T02:11:16.528998,0,0,655.2995980000001,0
2026-03-10T02:11:17.535960,0,0,655.2995980000001,0
2026-03-10T02:11:18.541948,0,0,655.2995980000001,0
2026-03-10T02:11:19.548873,0,0,655.2995980000001,0
2026-03-10T02:11:20.555871,0,0,655.2995980000001,0
2026-03-10T02:11:21.562819,0,0,655.2995980000001,0
2026-03-10T02:11:22.569787,0,0,655.2995980000001,0
2026-03-10T02:11:23.575675,0,0,655.2995980000001,0
2026-03-10T02:11:24.582772,0,0,655.2995980000001,0
2026-03-10T02:11:25.588635,0,0,655.2995980000001,0
2026-03-10T02:11:26.594848,0,0,655.2995980000001,0
2026-03-10T02:11:27.602514,0,0,656.181624,0
2026-03-10T02:11:28.609429,0,0,656.181624,0
2026-03-10T02:11:29.616443,0,0,655.2995980000001,0
2026-03-10T02:11:30.620505,0,0,656.181624,0
2026-03-10T02:13:12.631424,0,0,655.2995980000001,0
2026-03-10T02:13:15.112885,0,0,655.2995980000001,0
2026-03-10T02:13:16.120922,0,0,655.2995980000001,0
2026-03-10T02:13:17.126949,0,0,655.2995980000001,0
2026-03-10T02:13:19.128729,0,0,655.2995980000001,0
2026-03-10T02:13:19.140028,0,0,655.2995980000001,0
2026-03-10T02:13:20.146123,0,0,655.2995980000001,0
2026-03-10T02:13:21.154184,0,0,655.2995980000001,0
2026-03-10T02:13:22.161256,0,0,655.2995980000001,0
2026-03-10T02:13:23.168289,0,0,655.2995980000001,0
2026-03-10T02:13:24.174420,0,0,655.2995980000001,0
2026-03-10T02:13:25.181369,0,0,655.2995980000001,0
2026-03-10T02:13:26.187428,0,0,655.2995980000001,0
2026-03-10T02:13:27.194567,0,0,655.2995980000001,0
2026-03-10T02:13:28.200449,0,0,655.2995980000001,0
2026-03-10T02:13:30.202373,0,0,656.181624,0
2026-03-10T02:14:56.139404,0,0,655.2995980000001,0
2026-03-10T02:14:58.622101,0,0,655.2995980000001,0
2026-03-10T02:14:59.629160,0,0,655.2995980000001,0
2026-03-10T02:15:00.633194,0,0,655.2995980000001,0
2026-03-10T02:15:01.642487,0,0,655.2995980000001,0
2026-03-10T02:15:03.644349,0,0,655.2995980000001,0
2026-03-10T02:15:16.863187,0,0,655.2995980000001,0
2026-03-10T02:15:17.869532,0,0,655.2995980000001,0
2026-03-10T02:15:18.875643,0,0,655.2995980000001,0
2026-03-10T02:15:19.882788,0,0,655.2995980000001,0
2026-03-10T02:15:20.888743,0,0,655.2995980000001,0
2026-03-10T02:15:21.895860,0,0,655.2995980000001,0
2026-03-10T02:15:22.902901,0,0,655.2995980000001,0
2026-03-10T02:15:23.909981,0,0,656.181624,0
2026-03-10T02:15:24.916939,0,0,656.181624,0
2026-03-10T02:15:25.923125,0,0,655.2995980000001,0
2026-03-10T02:15:26.929250,0,0,655.2995980000001,0
2026-03-10T02:15:27.936285,0,0,655.2995980000001,0
2026-03-10T02:15:28.943398,0,0,655.2995980000001,0
2026-03-10T02:15:29.950570,0,0,655.2995980000001,0
2026-03-10T02:15:30.957546,0,0,655.2995980000001,0
2026-03-10T02:15:31.963609,0,0,656.181624,0
2026-03-10T02:15:32.969617,0,0,655.2995980000001,0
2026-03-10T02:15:34.971438,0,0,655.2995980000001,0
2026-03-10T02:15:34.982882,0,0,655.2995980000001,0
2026-03-10T02:15:35.990910,0,0,655.2995980000001,0
2026-03-10T02:15:36.996891,0,0,655.2995980000001,0
2026-03-10T02:15:38.005098,0,0,655.2995980000001,0
2026-03-10T02:15:39.011166,0,0,655.2995980000001,0
2026-03-10T02:15:40.016195,0,0,655.2995980000001,0
2026-03-10T02:15:41.025397,0,0,655.2995980000001,0
2026-03-10T02:15:42.031416,0,0,655.2995980000001,0
2026-03-10T02:15:43.038578,0,0,655.2995980000001,0
2026-03-10T02:15:44.044567,0,0,655.2995980000001,0
2026-03-10T02:15:45.051729,0,0,655.2995980000001,0
2026-03-10T02:15:46.058852,0,0,655.2995980000001,0
2026-03-10T02:15:47.065849,0,0,655.2995980000001,0
2026-03-10T02:15:48.071952,0,0,656.181624,0
2026-03-10T02:15:49.079015,0,0,655.2995980000001,0
2026-03-10T02:15:50.084042,0,0,655.2995980000001,0
2026-03-10T02:15:51.092278,0,0,655.2995980000001,0
2026-03-10T02:15:52.099029,0,0,655.2995980000001,0
2026-03-10T02:15:53.105395,0,0,655.2995980000001,0
2026-03-10T02:15:54.113500,0,0,655.2995980000001,0
2026-03-10T02:15:55.119589,0,0,655.2995980000001,0
2026-03-10T02:15:56.126767,0,0,655.2995980000001,0
2026-03-10T02:15:57.133707,0,0,655.2995980000001,0
2026-03-10T02:15:58.139768,0,0,655.2995980000001,0
2026-03-10T02:15:59.146864,0,0,655.2995980000001,0
2026-03-10T02:16:00.152939,0,0,655.2995980000001,0
2026-03-10T02:16:01.161021,0,0,655.2995980000001,0
2026-03-10T02:16:02.167089,0,0,655.2995980000001,0
2026-03-10T02:16:03.173134,0,0,655.2995980000001,0
2026-03-10T02:16:05.174987,0,0,656.181624,0
2026-03-10T02:16:05.187288,0,0,655.2995980000001,0
2026-03-10T02:16:06.194457,0,0,655.2995980000001,0
2026-03-10T02:16:07.200478,0,0,655.2995980000001,0
2026-03-10T02:16:08.207547,0,0,655.2995980000001,0
2026-03-10T02:16:09.213638,0,0,655.2995980000001,0
2026-03-10T02:16:10.221649,0,0,655.2995980000001,0
2026-03-10T02:16:11.227873,0,0,655.2995980000001,0
2026-03-10T02:16:12.234915,0,0,655.2995980000001,0
2026-03-10T02:16:13.241988,0,0,655.2995980000001,0
2026-03-10T02:16:14.248083,0,0,655.2995980000001,0
2026-03-10T02:16:15.255145,0,0,654.4175720000001,0
2026-03-10T02:16:16.262230,0,0,655.2995980000001,0
2026-03-10T02:16:17.269358,0,0,655.2995980000001,0
2026-03-10T02:16:18.275451,0,0,655.2995980000001,0
2026-03-10T02:16:19.282587,0,0,655.2995980000001,0
2026-03-10T02:16:20.286659,0,0,655.2995980000001,0
2026-03-10T02:16:21.295662,0,0,655.2995980000001,0
2026-03-10T02:16:22.302766,0,0,655.2995980000001,0
2026-03-10T02:16:23.308804,0,0,655.2995980000001,0
2026-03-10T02:16:24.316872,0,0,655.2995980000001,0
2026-03-10T02:16:25.322953,0,0,655.2995980000001,0
2026-03-10T02:16:26.330041,0,0,655.2995980000001,0
2026-03-10T02:16:27.336157,0,0,654.4175720000001,0
2026-03-10T02:16:29.337958,0,0,655.2995980000001,0
2026-03-10T02:16:29.350251,0,0,655.2995980000001,0
2026-03-10T02:16:30.356447,0,0,655.2995980000001,0
2026-03-10T02:16:31.362612,0,0,655.2995980000001,0
2026-03-10T02:16:32.370663,0,0,655.2995980000001,0
2026-03-10T02:16:33.377698,0,0,655.2995980000001,0
2026-03-10T02:16:34.383782,0,0,655.2995980000001,0
2026-03-10T02:16:35.389916,0,0,655.2995980000001,0
2026-03-10T02:16:37.391805,0,0,655.2995980000001,0
2026-03-10T02:17:47.386888,0,0,655.2995980000001,0
2026-03-10T02:17:49.869424,0,0,655.2995980000001,0
2026-03-10T02:17:50.876507,0,0,655.2995980000001,0
2026-03-10T02:17:51.879519,0,0,655.2995980000001,0
2026-03-10T02:17:53.881333,0,0,655.2995980000001,0
2026-03-10T02:17:53.895730,0,0,655.2995980000001,0
2026-03-10T02:17:54.903810,0,0,655.2995980000001,0
2026-03-10T02:17:55.909399,0,0,656.181624,0
2026-03-10T02:17:56.915953,0,0,655.2995980000001,0
2026-03-10T02:17:57.922555,0,0,655.2995980000001,0
2026-03-10T02:17:58.928043,0,0,655.2995980000001,0
2026-03-10T02:17:59.932583,0,0,655.2995980000001,0
2026-03-10T02:18:01.934437,0,0,655.2995980000001,0
2026-03-10T02:18:01.946819,0,0,655.2995980000001,0
2026-03-10T02:18:02.953354,0,0,655.2995980000001,0
2026-03-10T02:18:03.959915,0,0,655.2995980000001,0
2026-03-10T02:18:04.965468,0,0,655.2995980000001,0
2026-03-10T02:18:05.972042,0,0,655.2995980000001,0
2026-03-10T02:18:06.978684,0,0,655.2995980000001,0
2026-03-10T02:18:08.980466,0,0,655.2995980000001,0
2026-03-10T02:18:08.990930,0,0,653.5355460000001,0
2026-03-10T02:18:09.996457,0,0,655.2995980000001,0
2026-03-10T02:18:11.004037,0,0,655.2995980000001,0
2026-03-10T02:18:12.008635,0,0,655.2995980000001,0
2026-03-10T02:18:13.016242,0,0,655.2995980000001,0
2026-03-10T02:18:14.022873,0,0,655.2995980000001,0
2026-03-10T02:18:15.026560,0,0,655.2995980000001,0
2026-03-10T02:18:17.028371,0,0,655.2995980000001,0
2026-03-10T02:18:17.040653,0,0,655.2995980000001,0
2026-03-10T02:18:18.047320,0,0,655.2995980000001,0
2026-03-10T02:18:19.053950,0,0,655.2995980000001,0
2026-03-10T02:18:20.060585,0,0,655.2995980000001,0
2026-03-10T02:18:21.066232,0,0,655.2995980000001,0
2026-03-10T02:18:22.072848,0,0,655.2995980000001,0
2026-03-10T02:18:23.079515,0,0,655.2995980000001,0
2026-03-10T02:18:24.085135,0,0,655.2995980000001,0
2026-03-10T02:18:25.091793,0,0,655.2995980000001,0
2026-03-10T02:18:26.097454,0,0,655.2995980000001,0
2026-03-10T02:18:27.105113,0,0,655.2995980000001,0
2026-03-10T02:18:28.110768,0,0,655.2995980000001,0
2026-03-10T02:18:30.112537,0,0,656.181624,0
2026-03-10T02:18:30.124050,0,0,655.2995980000001,0
2026-03-10T02:18:31.129756,0,0,655.2995980000001,0
2026-03-10T02:18:32.136421,0,0,655.2995980000001,0
2026-03-10T02:18:33.142104,0,0,655.2995980000001,0
2026-03-10T02:18:34.149746,0,0,655.2995980000001,0
2026-03-10T02:18:35.155431,0,0,655.2995980000001,0
2026-03-10T02:18:36.162207,0,0,655.2995980000001,0
2026-03-10T02:18:38.164190,0,0,655.2995980000001,0
2026-03-10T02:18:51.366168,0,0,655.2995980000001,0
2026-03-10T02:18:52.372317,0,0,655.2995980000001,0
2026-03-10T02:18:53.378032,0,0,655.2995980000001,0
2026-03-10T02:18:54.384863,0,0,655.2995980000001,0
2026-03-10T02:18:55.390550,0,0,655.2995980000001,0
2026-03-10T02:18:56.397187,0,0,652.6535200000001,0
2026-03-10T02:18:57.403920,0,0,656.181624,0
2026-03-10T02:18:58.410711,0,0,655.2995980000001,0
2026-03-10T02:18:59.417369,0,0,655.2995980000001,0
2026-03-10T02:19:00.423170,0,0,655.2995980000001,0
2026-03-10T02:19:01.429897,0,0,656.181624,0
2026-03-10T02:19:02.435666,0,0,655.2995980000001,0
2026-03-10T02:19:03.442506,0,0,655.2995980000001,0
2026-03-10T02:19:04.448165,0,0,655.2995980000001,0
2026-03-10T02:19:05.455908,0,0,655.2995980000001,0
2026-03-10T02:19:06.461659,0,0,655.2995980000001,0
2026-03-10T02:19:07.468309,0,0,655.2995980000001,0
2026-03-10T02:19:08.475278,0,0,657.06365,0
2026-03-10T02:19:09.481016,0,0,656.181624,0
2026-03-10T02:19:10.487780,0,0,655.2995980000001,0
2026-03-10T02:19:11.492505,0,0,655.2995980000001,0
2026-03-10T02:19:13.494344,0,0,655.2995980000001,0
2026-03-10T02:20:22.382040,0,0,655.2995980000001,0
2026-03-10T02:20:24.864146,0,0,655.2995980000001,0
2026-03-10T02:20:25.871056,0,0,655.2995980000001,0
2026-03-10T02:20:26.874946,0,0,655.2995980000001,0
2026-03-10T02:20:27.883806,0,0,654.4175720000001,0
2026-03-10T02:20:28.889667,0,0,655.2995980000001,0
2026-03-10T02:20:29.896575,0,0,655.2995980000001,0
2026-03-10T02:20:30.903465,0,0,655.2995980000001,0
2026-03-10T02:20:31.910446,0,0,655.2995980000001,0
2026-03-10T02:20:32.917258,0,0,655.2995980000001,0
2026-03-10T02:20:33.922169,0,0,654.4175720000001,0
2026-03-10T02:20:34.929976,0,0,655.2995980000001,0
2026-03-10T02:20:36.930763,0,0,655.2995980000001,0
2026-03-10T02:20:36.942752,0,0,655.2995980000001,0
2026-03-10T02:20:37.948693,0,0,655.2995980000001,0
2026-03-10T02:20:38.956581,0,0,655.2995980000001,0
2026-03-10T02:20:39.962548,0,0,654.4175720000001,0
2026-03-10T02:20:40.969359,0,0,655.2995980000001,0
2026-03-10T02:20:41.974405,0,0,655.2995980000001,0
2026-03-10T02:20:43.976211,0,0,655.2995980000001,0
2026-03-10T02:20:43.989004,0,0,655.2995980000001,0
2026-03-10T02:20:44.994997,0,0,655.2995980000001,0
2026-03-10T02:20:46.002926,0,0,657.06365,0
2026-03-10T02:20:47.008898,0,0,655.2995980000001,0
2026-03-10T02:20:48.015761,0,0,655.2995980000001,0
2026-03-10T02:20:49.020624,0,0,655.2995980000001,0
2026-03-10T02:20:51.022457,0,0,655.2995980000001,0
2026-03-10T02:20:51.035366,0,0,655.2995980000001,0
2026-03-10T02:20:52.041384,0,0,654.4175720000001,0
2026-03-10T02:20:53.048287,0,0,655.2995980000001,0
2026-03-10T02:20:54.055209,0,0,655.2995980000001,0
2026-03-10T02:20:55.062134,0,0,655.2995980000001,0
2026-03-10T02:20:56.068144,0,0,655.2995980000001,0
2026-03-10T02:20:57.075017,0,0,655.2995980000001,0
2026-03-10T02:20:59.076918,0,0,655.2995980000001,0
2026-03-10T02:20:59.087739,0,0,655.2995980000001,0
2026-03-10T02:21:00.094771,0,0,655.2995980000001,0
2026-03-10T02:21:01.100634,0,0,655.2995980000001,0
2026-03-10T02:21:02.108559,0,0,655.2995980000001,0
2026-03-10T02:21:03.114588,0,0,655.2995980000001,0
2026-03-10T02:21:05.116370,0,0,655.2995980000001,0
2026-03-10T02:21:05.128340,0,0,655.2995980000001,0
2026-03-10T02:21:06.134250,0,0,655.2995980000001,0
2026-03-10T02:21:07.141169,0,0,655.2995980000001,0
2026-03-10T02:21:08.147100,0,0,655.2995980000001,0
2026-03-10T02:21:09.154020,0,0,655.2995980000001,0
2026-03-10T02:21:10.160923,0,0,655.2995980000001,0
2026-03-10T02:21:11.167830,0,0,655.2995980000001,0
2026-03-10T02:21:12.173906,0,0,655.2995980000001,0
2026-03-10T02:21:13.180817,0,0,652.6535200000001,0
2026-03-10T02:21:14.187775,0,0,655.2995980000001,0
2026-03-10T02:21:15.193717,0,0,655.2995980000001,0
2026-03-10T02:21:16.200569,0,0,655.2995980000001,0
2026-03-10T02:21:17.207478,0,0,655.2995980000001,0
2026-03-10T02:21:18.214465,0,0,655.2995980000001,0
2026-03-10T02:21:19.220352,0,0,655.2995980000001,0
2026-03-10T02:21:20.227256,0,0,655.2995980000001,0
2026-03-10T02:21:21.234230,0,0,655.2995980000001,0
2026-03-10T02:21:22.240188,0,0,655.2995980000001,0
2026-03-10T02:21:23.247188,0,0,655.2995980000001,0
2026-03-10T02:21:24.253116,0,0,655.2995980000001,0
2026-03-10T02:21:25.261047,0,0,655.2995980000001,0
2026-03-10T02:21:26.266987,0,0,655.2995980000001,0
2026-03-10T02:21:27.273919,0,0,655.2995980000001,0
2026-03-10T02:21:28.279853,0,0,655.2995980000001,0
2026-03-10T02:21:29.286875,0,0,655.2995980000001,0
2026-03-10T02:21:31.288668,0,0,655.2995980000001,0
2026-03-10T02:21:31.299630,0,0,654.4175720000001,0
2026-03-10T02:21:32.306730,0,0,655.2995980000001,0
2026-03-10T02:21:33.313562,0,0,655.2995980000001,0
2026-03-10T02:21:34.320554,0,0,655.2995980000001,0
2026-03-10T02:21:35.326597,0,0,655.2995980000001,0
2026-03-10T02:21:36.333452,0,0,655.2995980000001,0
2026-03-10T02:21:37.340303,0,0,655.2995980000001,0
2026-03-10T02:21:39.342119,0,0,655.2995980000001,0
2026-03-10T02:21:39.353257,0,0,655.2995980000001,0
2026-03-10T02:21:40.360249,0,0,655.2995980000001,0
2026-03-10T02:21:41.367227,0,0,656.181624,0
2026-03-10T02:21:42.373177,0,0,655.2995980000001,0
2026-03-10T02:21:43.380094,0,0,655.2995980000001,0
2026-03-10T02:21:44.385054,0,0,655.2995980000001,0
2026-03-10T02:21:45.393005,0,0,655.2995980000001,0
2026-03-10T02:21:46.399912,0,0,655.2995980000001,0
2026-03-10T02:21:47.405858,0,0,655.2995980000001,0
2026-03-10T02:21:48.413806,0,0,655.2995980000001,0
2026-03-10T02:21:49.419755,0,0,654.4175720000001,0
2026-03-10T02:21:50.426771,0,0,655.2995980000001,0
2026-03-10T02:21:51.431763,0,0,655.2995980000001,0
2026-03-10T02:21:52.439720,0,0,655.2995980000001,0
2026-03-10T02:21:53.446753,0,0,656.181624,0
2026-03-10T02:21:54.452591,0,0,655.2995980000001,0
2026-03-10T02:21:55.459543,0,0,657.06365,0
2026-03-10T02:21:56.466593,0,0,655.2995980000001,0
2026-03-10T02:21:57.473450,0,0,655.2995980000001,0
2026-03-10T02:21:58.478565,0,0,654.4175720000001,0
2026-03-10T02:21:59.486519,0,0,655.2995980000001,0
2026-03-10T02:22:00.492344,0,0,655.2995980000001,0
2026-03-10T02:22:01.499335,0,0,655.2995980000001,0
2026-03-10T02:22:02.506266,0,0,655.2995980000001,0
2026-03-10T02:22:03.513232,0,0,655.2995980000001,0
2026-03-10T02:22:04.520233,0,0,655.2995980000001,0
2026-03-10T02:22:05.525220,0,0,655.2995980000001,0
2026-03-10T02:22:06.533180,0,0,655.2995980000001,0
2026-03-10T02:22:07.539125,0,0,655.2995980000001,0
2026-03-10T02:22:08.546094,0,0,655.2995980000001,0
2026-03-10T02:22:09.553069,0,0,655.2995980000001,0
2026-03-10T02:22:10.559037,0,0,653.5355460000001,0
2026-03-10T02:22:11.567009,0,0,655.2995980000001,0
2026-03-10T02:22:12.571981,0,0,655.2995980000001,0
2026-03-10T02:22:13.579992,0,0,655.2995980000001,0
2026-03-10T02:22:14.585923,0,0,655.2995980000001,0
2026-03-10T02:22:15.592896,0,0,655.2995980000001,0
2026-03-10T02:22:16.598863,0,0,655.2995980000001,0
2026-03-10T02:22:17.605812,0,0,655.2995980000001,0
2026-03-10T02:22:18.612823,0,0,655.2995980000001,0
2026-03-10T02:22:20.614662,0,0,655.2995980000001,0
2026-03-10T02:22:20.626797,0,0,655.2995980000001,0
2026-03-10T02:22:22.628583,0,0,655.2995980000001,0
2026-03-10T02:22:22.639659,0,0,655.2995980000001,0
2026-03-10T02:22:23.645672,0,0,655.2995980000001,0
2026-03-10T02:22:24.652661,0,0,655.2995980000001,0
2026-03-10T02:22:25.659637,0,0,655.2995980000001,0
2026-03-10T02:22:26.665642,0,0,655.2995980000001,0
2026-03-10T02:22:27.671615,0,0,655.2995980000001,0
2026-03-10T02:22:29.673403,0,0,655.2995980000001,0
2026-03-10T02:22:29.686607,0,0,655.2995980000001,0
2026-03-10T02:22:30.692540,0,0,655.2995980000001,0
2026-03-10T02:22:31.699519,0,0,655.2995980000001,0
2026-03-10T02:22:32.705494,0,0,655.2995980000001,0
2026-03-10T02:22:33.712441,0,0,655.2995980000001,0
2026-03-10T02:22:34.720459,0,0,655.2995980000001,0
2026-03-10T02:22:35.725458,0,0,655.2995980000001,0
2026-03-10T02:22:36.733429,0,0,655.2995980000001,0
2026-03-10T02:22:37.739398,0,0,656.181624,0
2026-03-10T02:22:38.746463,0,0,655.2995980000001,0
2026-03-10T02:22:39.752347,0,0,655.2995980000001,0
2026-03-10T02:22:40.759332,0,0,655.2995980000001,0
2026-03-10T02:22:41.766385,0,0,655.2995980000001,0
2026-03-10T02:22:42.771338,0,0,655.2995980000001,0
2026-03-10T02:22:44.773156,0,0,655.2995980000001,0
2026-03-10T02:22:44.786266,0,0,655.2995980000001,0
2026-03-10T02:22:45.793333,0,0,655.2995980000001,0
2026-03-10T02:22:46.799309,0,0,655.2995980000001,0
2026-03-10T02:22:47.806349,0,0,655.2995980000001,0
2026-03-10T02:22:48.812276,0,0,655.2995980000001,0
2026-03-10T02:22:49.820261,0,0,655.2995980000001,0
2026-03-10T02:22:50.827161,0,0,655.2995980000001,0
2026-03-10T02:22:51.833264,0,0,655.2995980000001,0
2026-03-10T02:22:52.840234,0,0,656.181624,0
2026-03-10T02:22:53.846202,0,0,655.2995980000001,0
2026-03-10T02:22:55.848231,0,0,655.2995980000001,0
2026-03-10T02:23:14.885671,0,0,655.2995980000001,0
2026-03-10T02:23:17.368059,0,0,655.2995980000001,0
2026-03-10T02:23:18.375047,0,0,655.2995980000001,0
2026-03-10T02:23:19.380943,0,0,655.2995980000001,0
2026-03-10T02:23:20.388071,0,0,655.2995980000001,0
2026-03-10T02:23:21.393999,0,0,655.2995980000001,0
2026-03-10T02:23:22.401019,0,0,655.2995980000001,0
2026-03-10T02:23:23.408031,0,0,655.2995980000001,0
2026-03-10T02:23:24.415029,0,0,655.2995980000001,0
2026-03-10T02:23:25.421992,0,0,655.2995980000001,0
2026-03-10T02:23:26.428036,0,0,655.2995980000001,0
2026-03-10T02:23:27.435031,0,0,655.2995980000001,0
2026-03-10T02:23:28.440957,0,0,655.2995980000001,0
2026-03-10T02:23:29.448091,0,0,655.2995980000001,0
2026-03-10T02:23:30.454039,0,0,655.2995980000001,0
2026-03-10T02:23:31.462075,0,0,656.181624,0
2026-03-10T02:23:32.468031,0,0,655.2995980000001,0
2026-03-10T02:23:33.475031,0,0,655.2995980000001,0
2026-03-10T02:23:34.482027,0,0,655.2995980000001,0
2026-03-10T02:23:35.488021,0,0,655.2995980000001,0
2026-03-10T02:23:36.495029,0,0,655.2995980000001,0
2026-03-10T02:23:37.500966,0,0,655.2995980000001,0
2026-03-10T02:23:38.509037,0,0,656.181624,0
2026-03-10T02:23:39.515037,0,0,655.2995980000001,0
2026-03-10T02:23:40.522021,0,0,656.181624,0
2026-03-10T02:23:41.529073,0,0,655.2995980000001,0
2026-03-10T02:23:42.535026,0,0,655.2995980000001,0
2026-03-10T02:23:43.542040,0,0,655.2995980000001,0
2026-03-10T02:23:44.548032,0,0,655.2995980000001,0
2026-03-10T02:23:45.555047,0,0,655.2995980000001,0
2026-03-10T02:23:46.562074,0,0,655.2995980000001,0
2026-03-10T02:23:47.567101,0,0,655.2995980000001,0
2026-03-10T02:23:48.575102,0,0,655.2995980000001,0
2026-03-10T02:23:49.582084,0,0,654.4175720000001,0
2026-03-10T02:23:50.589092,0,0,655.2995980000001,0
2026-03-10T02:23:51.595116,0,0,655.2995980000001,0
2026-03-10T02:23:52.602117,0,0,655.2995980000001,0
2026-03-10T02:23:53.608102,0,0,655.2995980000001,0
2026-03-10T02:23:54.616082,0,0,655.2995980000001,0
2026-03-10T02:23:55.622151,0,0,655.2995980000001,0
2026-03-10T02:23:56.629132,0,0,655.2995980000001,0
2026-03-10T02:23:57.636143,0,0,655.2995980000001,0
2026-03-10T02:23:58.642131,0,0,655.2995980000001,0
2026-03-10T02:23:59.649156,0,0,655.2995980000001,0
2026-03-10T02:24:00.655160,0,0,655.2995980000001,0
2026-03-10T02:24:01.660214,0,0,655.2995980000001,0
2026-03-10T02:24:02.669243,0,0,655.2995980000001,0
2026-03-10T02:24:04.670825,0,0,655.2995980000001,0
2026-03-10T02:24:04.682091,0,0,655.2995980000001,0
2026-03-10T02:24:05.689160,0,0,655.2995980000001,0
2026-03-10T02:24:06.696157,0,0,655.2995980000001,0
2026-03-10T02:24:07.702199,0,0,655.2995980000001,0
2026-03-10T02:24:08.709225,0,0,655.2995980000001,0
2026-03-10T02:24:09.716225,0,0,655.2995980000001,0
2026-03-10T02:24:11.718124,0,0,655.2995980000001,0
2026-03-10T02:24:11.729252,0,0,655.2995980000001,0
2026-03-10T02:24:12.736254,0,0,655.2995980000001,0
2026-03-10T02:24:13.743285,0,0,655.2995980000001,0
2026-03-10T02:24:14.749296,0,0,655.2995980000001,0
2026-03-10T02:24:15.756299,0,0,655.2995980000001,0
2026-03-10T02:24:16.762408,0,0,655.2995980000001,0
2026-03-10T02:24:17.767336,0,0,655.2995980000001,0
2026-03-10T02:24:18.776343,0,0,655.2995980000001,0
2026-03-10T02:24:19.783351,0,0,654.4175720000001,0
2026-03-10T02:24:20.789367,0,0,655.2995980000001,0
2026-03-10T02:24:21.796369,0,0,655.2995980000001,0
2026-03-10T02:24:22.803401,0,0,655.2995980000001,0
2026-03-10T02:24:23.809392,0,0,655.2995980000001,0
2026-03-10T02:24:24.814548,0,0,655.2995980000001,0
2026-03-10T02:24:25.823460,0,0,656.181624,0
2026-03-10T02:24:26.830503,0,0,655.2995980000001,0
2026-03-10T02:24:27.836444,0,0,655.2995980000001,0
2026-03-10T02:24:28.843453,0,0,655.2995980000001,0
2026-03-10T02:24:29.850563,0,0,655.2995980000001,0
2026-03-10T02:24:30.856475,0,0,655.2995980000001,0
2026-03-10T02:24:31.862589,0,0,655.2995980000001,0
2026-03-10T02:24:32.870600,0,0,655.2995980000001,0
2026-03-10T02:24:34.872425,0,0,655.2995980000001,0
2026-03-10T02:24:34.883000,0,0,655.2995980000001,0
2026-03-10T02:24:35.890689,0,0,655.2995980000001,0
2026-03-10T02:24:36.896618,0,0,655.2995980000001,0
2026-03-10T02:24:37.903612,0,0,655.2995980000001,0
2026-03-10T02:24:38.910697,0,0,655.2995980000001,0
2026-03-10T02:24:39.916631,0,0,655.2995980000001,0
2026-03-10T02:24:40.924608,0,0,655.2995980000001,0
2026-03-10T02:24:41.930751,0,0,655.2995980000001,0
2026-03-10T02:24:42.937713,0,0,655.2995980000001,0
2026-03-10T02:24:43.943656,0,0,655.2995980000001,0
2026-03-10T02:24:44.950777,0,0,655.2995980000001,0
2026-03-10T02:24:45.957706,0,0,655.2995980000001,0
2026-03-10T02:24:46.963739,0,0,655.2995980000001,0
2026-03-10T02:24:47.971716,0,0,655.2995980000001,0
2026-03-10T02:24:48.977799,0,0,655.2995980000001,0
2026-03-10T02:24:49.984785,0,0,655.2995980000001,0
2026-03-10T02:24:50.990829,0,0,655.2995980000001,0
2026-03-10T02:24:51.997796,0,0,655.2995980000001,0
2026-03-10T02:24:53.003820,0,0,655.2995980000001,0
2026-03-10T02:24:54.010855,0,0,655.2995980000001,0
2026-03-10T02:24:55.015811,0,0,655.2995980000001,0
2026-03-10T02:24:56.024886,0,0,656.181624,0
2026-03-10T02:24:57.031899,0,0,655.2995980000001,0
2026-03-10T02:24:58.037898,0,0,655.2995980000001,0
2026-03-10T02:24:59.044918,0,0,655.2995980000001,0
2026-03-10T02:25:00.050970,0,0,655.2995980000001,0
2026-03-10T02:25:01.058001,0,0,655.2995980000001,0
2026-03-10T02:25:02.064002,0,0,655.2995980000001,0
2026-03-10T02:25:03.072041,0,0,655.2995980000001,0
2026-03-10T02:25:04.079062,0,0,655.2995980000001,0
2026-03-10T02:25:05.085070,0,0,655.2995980000001,0
2026-03-10T02:25:06.092069,0,0,655.2995980000001,0
2026-03-10T02:25:07.098116,0,0,655.2995980000001,0
2026-03-10T02:25:08.105105,0,0,656.181624,0
2026-03-10T02:25:09.111083,0,0,655.2995980000001,0
2026-03-10T02:25:10.118107,0,0,655.2995980000001,0
2026-03-10T02:25:11.126154,0,0,655.2995980000001,0
2026-03-10T02:25:12.132124,0,0,655.2995980000001,0
2026-03-10T02:25:13.139100,0,0,655.2995980000001,0
2026-03-10T02:25:14.145186,0,0,655.2995980000001,0
2026-03-10T02:25:15.152220,0,0,655.2995980000001,0
2026-03-10T02:25:16.156233,0,0,655.2995980000001,0
2026-03-10T02:25:17.165276,0,0,655.2995980000001,0
2026-03-10T02:25:18.173294,0,0,655.2995980000001,0
2026-03-10T02:25:19.179349,0,0,655.2995980000001,0
2026-03-10T02:25:20.186483,0,0,654.4175720000001,0
2026-03-10T02:25:21.192386,0,0,655.2995980000001,0
2026-03-10T02:25:22.199407,0,0,655.2995980000001,0
2026-03-10T02:25:23.205397,0,0,655.2995980000001,0
2026-03-10T02:25:24.212411,0,0,655.2995980000001,0
2026-03-10T02:25:25.218541,0,0,655.2995980000001,0
2026-03-10T02:25:26.226522,0,0,655.2995980000001,0
2026-03-10T02:25:27.233445,0,0,655.2995980000001,0
2026-03-10T02:25:28.239464,0,0,655.2995980000001,0
2026-03-10T02:25:29.246608,0,0,655.2995980000001,0
2026-03-10T02:25:30.251507,0,0,655.2995980000001,0
2026-03-10T02:25:31.259630,0,0,655.2995980000001,0
2026-03-10T02:25:32.265598,0,0,655.2995980000001,0
2026-03-10T02:25:33.273621,0,0,655.2995980000001,0
2026-03-10T02:25:34.280618,0,0,656.181624,0
2026-03-10T02:25:35.286752,0,0,655.2995980000001,0
2026-03-10T02:25:36.293684,0,0,656.181624,0
2026-03-10T02:25:37.299693,0,0,655.2995980000001,0
2026-03-10T02:25:38.306709,0,0,656.181624,0
2026-03-10T02:25:39.312749,0,0,655.2995980000001,0
2026-03-10T02:25:40.319750,0,0,655.2995980000001,0
2026-03-10T02:25:41.326829,0,0,655.2995980000001,0
2026-03-10T02:25:42.332855,0,0,655.2995980000001,0
2026-03-10T02:25:43.340908,0,0,655.2995980000001,0
2026-03-10T02:25:44.346900,0,0,655.2995980000001,0
2026-03-10T02:25:45.353919,0,0,655.2995980000001,0
2026-03-10T02:25:46.359947,0,0,655.2995980000001,0
2026-03-10T02:25:47.366965,0,0,655.2995980000001,0
2026-03-10T02:25:48.373990,0,0,655.2995980000001,0
2026-03-10T02:25:49.380113,0,0,655.2995980000001,0
2026-03-10T02:25:50.388003,0,0,655.2995980000001,0
2026-03-10T02:25:51.394013,0,0,655.2995980000001,0
2026-03-10T02:25:52.401063,0,0,655.2995980000001,0
2026-03-10T02:25:53.407109,0,0,653.5355460000001,0
2026-03-10T02:25:54.414144,0,0,655.2995980000001,0
2026-03-10T02:25:55.420162,0,0,655.2995980000001,0
2026-03-10T02:25:56.428203,0,0,655.2995980000001,0
2026-03-10T02:25:57.434065,0,0,655.2995980000001,0
2026-03-10T02:25:58.441218,0,0,655.2995980000001,0
2026-03-10T02:25:59.447279,0,0,655.2995980000001,0
2026-03-10T02:26:00.454389,0,0,655.2995980000001,0
2026-03-10T02:26:01.461311,0,0,655.2995980000001,0
2026-03-10T02:26:02.467332,0,0,655.2995980000001,0
2026-03-10T02:26:03.475363,0,0,655.2995980000001,0
2026-03-10T02:26:04.481378,0,0,655.2995980000001,0
2026-03-10T02:26:05.488398,0,0,655.2995980000001,0
2026-03-10T02:26:06.495455,0,0,655.2995980000001,0
2026-03-10T02:26:07.501514,0,0,655.2995980000001,0
2026-03-10T02:26:08.508535,0,0,655.2995980000001,0
2026-03-10T02:26:09.514632,0,0,655.2995980000001,0
2026-03-10T02:26:10.521573,0,0,655.2995980000001,0
2026-03-10T02:26:12.523368,0,0,655.2995980000001,0
2026-03-10T02:26:12.535492,0,0,655.2995980000001,0
2026-03-10T02:26:13.541587,0,0,655.2995980000001,0
2026-03-10T02:26:14.548607,0,0,655.2995980000001,0
2026-03-10T02:26:15.555647,0,0,655.2995980000001,0
2026-03-10T02:26:16.561659,0,0,655.2995980000001,0
2026-03-10T02:26:17.568615,0,0,655.2995980000001,0
2026-03-10T02:26:18.575793,0,0,656.181624,0
2026-03-10T02:26:20.577605,0,0,655.2995980000001,0
2026-03-10T02:26:20.588756,0,0,656.181624,0
2026-03-10T02:26:21.595815,0,0,655.2995980000001,0
2026-03-10T02:26:22.602823,0,0,655.2995980000001,0
2026-03-10T02:26:23.608849,0,0,656.181624,0
2026-03-10T02:26:24.615878,0,0,655.2995980000001,0
2026-03-10T02:26:25.621960,0,0,655.2995980000001,0
2026-03-10T02:26:27.623757,0,0,655.2995980000001,0
2026-03-10T02:26:27.634852,0,0,655.2995980000001,0
2026-03-10T02:26:28.642844,0,0,655.2995980000001,0
2026-03-10T02:26:29.648783,0,0,655.2995980000001,0
2026-03-10T02:26:30.655731,0,0,655.2995980000001,0
2026-03-10T02:26:31.662690,0,0,655.2995980000001,0
2026-03-10T02:26:32.668566,0,0,655.2995980000001,0
2026-03-10T02:26:34.670525,0,0,655.2995980000001,0
2026-03-10T02:26:34.682541,0,0,655.2995980000001,0
2026-03-10T02:26:35.689438,0,0,655.2995980000001,0
2026-03-10T02:26:36.695380,0,0,655.2995980000001,0
2026-03-10T02:26:37.702381,0,0,655.2995980000001,0
2026-03-10T02:26:38.709278,0,0,655.2995980000001,0
2026-03-10T02:26:39.715133,0,0,655.2995980000001,0
2026-03-10T02:26:40.723265,0,0,655.2995980000001,0
2026-03-10T02:26:41.729168,0,0,655.2995980000001,0
2026-03-10T02:26:42.736063,0,0,655.2995980000001,0
2026-03-10T02:26:43.742018,0,0,655.2995980000001,0
2026-03-10T02:26:44.748962,0,0,655.2995980000001,0
2026-03-10T02:26:45.754904,0,0,655.2995980000001,0
2026-03-10T02:26:46.761841,0,0,655.2995980000001,0
2026-03-10T02:26:47.768813,0,0,655.2995980000001,0
2026-03-10T02:26:48.775716,0,0,655.2995980000001,0
2026-03-10T02:26:49.782760,0,0,655.2995980000001,0
2026-03-10T02:26:50.787614,0,0,655.2995980000001,0
2026-03-10T02:26:51.795557,0,0,655.2995980000001,0
2026-03-10T02:26:52.801587,0,0,655.2995980000001,0
2026-03-10T02:26:54.802763,0,0,655.2995980000001,0
2026-03-10T02:26:54.815440,0,0,655.2995980000001,0
2026-03-10T02:26:55.822533,0,0,655.2995980000001,0
2026-03-10T02:26:56.829406,0,0,655.2995980000001,0
2026-03-10T02:26:58.830796,0,0,655.2995980000001,0
2026-03-10T02:26:58.842165,0,0,655.2995980000001,0
2026-03-10T02:26:59.848182,0,0,655.2995980000001,0
2026-03-10T02:27:00.855118,0,0,655.2995980000001,0
2026-03-10T02:27:01.861082,0,0,655.2995980000001,0
2026-03-10T02:27:02.868032,0,0,655.2995980000001,0
2026-03-10T02:27:03.875999,0,0,655.2995980000001,0
2026-03-10T02:27:04.881020,0,0,655.2995980000001,0
2026-03-10T02:27:05.888903,0,0,655.2995980000001,0
2026-03-10T02:27:07.890731,0,0,655.2995980000001,0
2026-03-10T02:27:07.901746,0,0,655.2995980000001,0
2026-03-10T02:27:08.907782,0,0,655.2995980000001,0
2026-03-10T02:27:09.914753,0,0,655.2995980000001,0
2026-03-10T02:27:10.921568,0,0,657.06365,0
2026-03-10T02:27:11.928604,0,0,655.2995980000001,0
2026-03-10T02:27:12.935593,0,0,655.2995980000001,0
2026-03-10T02:27:13.941611,0,0,656.181624,0
2026-03-10T02:27:14.948568,0,0,655.2995980000001,0
2026-03-10T02:27:15.954618,0,0,655.2995980000001,0
2026-03-10T02:27:17.956508,0,0,655.2995980000001,0
2026-03-10T02:28:53.625045,0,0,655.2995980000001,0
2026-03-10T02:28:54.631369,0,0,655.2995980000001,0
2026-03-10T02:28:55.637311,0,0,656.181624,0
2026-03-10T02:28:56.645469,0,0,655.2995980000001,0
2026-03-10T02:28:57.651283,0,0,655.2995980000001,0
2026-03-10T02:28:58.658434,0,0,655.2995980000001,0
2026-03-10T02:29:00.660430,0,0,655.2995980000001,0
2026-03-10T02:29:00.671225,0,0,655.2995980000001,0
2026-03-10T02:29:01.678197,0,0,655.2995980000001,0
2026-03-10T02:29:02.684215,0,0,655.2995980000001,0
2026-03-10T02:29:03.691187,0,0,655.2995980000001,0
2026-03-10T02:29:04.698125,0,0,657.945676,0
2026-03-10T02:29:05.705081,0,0,655.2995980000001,0
2026-03-10T02:29:06.711116,0,0,655.2995980000001,0
2026-03-10T02:29:08.712980,0,0,655.2995980000001,0
2026-03-10T02:29:30.121379,0,0,655.2995980000001,0
2026-03-10T02:29:31.127695,0,0,654.4175720000001,0
2026-03-10T02:29:32.133681,0,0,655.2995980000001,0
2026-03-10T02:29:34.135537,0,0,655.2995980000001,0
2026-03-10T02:30:26.130799,0,0,655.2995980000001,0
2026-03-10T02:30:28.612969,0,0,655.2995980000001,0
2026-03-10T02:30:29.619957,0,0,655.2995980000001,0
2026-03-10T02:30:30.625927,0,0,655.2995980000001,0
2026-03-10T02:30:31.633057,0,0,655.2995980000001,0
2026-03-10T02:30:33.634853,0,0,655.2995980000001,0
2026-03-10T02:30:33.645907,0,0,655.2995980000001,0
2026-03-10T02:30:34.652949,0,0,655.2995980000001,0
2026-03-10T02:30:35.659965,0,0,655.2995980000001,0
2026-03-10T02:30:36.666948,0,0,655.2995980000001,0
2026-03-10T02:30:37.672938,0,0,655.2995980000001,0
2026-03-10T02:30:38.678915,0,0,655.2995980000001,0
2026-03-10T02:30:40.680735,0,0,655.2995980000001,0
2026-03-10T02:30:40.692926,0,0,655.2995980000001,0
2026-03-10T02:30:41.698911,0,0,655.2995980000001,0
2026-03-10T02:30:42.706918,0,0,655.2995980000001,0
2026-03-10T02:30:43.712937,0,0,655.2995980000001,0
2026-03-10T02:30:44.719956,0,0,655.2995980000001,0
2026-03-10T02:30:45.725862,0,0,654.4175720000001,0
2026-03-10T02:30:46.733002,0,0,655.2995980000001,0
2026-03-10T02:30:48.734950,0,0,655.2995980000001,0
2026-03-10T02:30:48.745893,0,0,655.2995980000001,0
2026-03-10T02:30:49.753913,0,0,655.2995980000001,0
2026-03-10T02:30:50.759931,0,0,655.2995980000001,0
2026-03-10T02:30:51.766930,0,0,655.2995980000001,0
2026-03-10T02:30:52.773905,0,0,655.2995980000001,0
2026-03-10T02:30:53.777799,0,0,656.181624,0
2026-03-10T02:31:32.101378,0,0,655.2995980000001,0
2026-03-10T02:31:33.107751,0,0,655.2995980000001,0
2026-03-10T02:31:34.113757,0,0,655.2995980000001,0
2026-03-10T02:31:36.114786,0,0,655.2995980000001,0
2026-03-10T02:31:36.126831,0,0,655.2995980000001,0
2026-03-10T02:31:38.128625,0,0,655.2995980000001,0
2026-03-10T02:31:38.140816,0,0,655.2995980000001,0
2026-03-10T02:31:39.147844,0,0,655.2995980000001,0
2026-03-10T02:31:41.149644,0,0,655.2995980000001,0
2026-03-10T02:31:41.160707,0,0,655.2995980000001,0
2026-03-10T02:31:42.167756,0,0,655.2995980000001,0
2026-03-10T02:31:43.173756,0,0,655.2995980000001,0
2026-03-10T02:31:44.180778,0,0,655.2995980000001,0
2026-03-10T02:31:45.186827,0,0,655.2995980000001,0
2026-03-10T02:31:46.194810,0,0,655.2995980000001,0
2026-03-10T02:31:47.200794,0,0,656.181624,0
2026-03-10T02:31:48.207793,0,0,655.2995980000001,0
2026-03-10T02:31:49.214795,0,0,655.2995980000001,0
2026-03-10T02:31:50.220780,0,0,656.181624,0
2026-03-10T02:31:51.227803,0,0,655.2995980000001,0
2026-03-10T02:31:52.233783,0,0,655.2995980000001,0
2026-03-10T02:31:53.240725,0,0,655.2995980000001,0
2026-03-10T02:31:55.242574,0,0,655.2995980000001,0
2026-03-10T02:31:55.254765,0,0,655.2995980000001,0
2026-03-10T02:31:56.261778,0,0,655.2995980000001,0
2026-03-10T02:31:57.267787,0,0,655.2995980000001,0
2026-03-10T02:31:58.274781,0,0,656.181624,0
2026-03-10T02:31:59.280774,0,0,655.2995980000001,0
2026-03-10T02:32:00.285776,0,0,655.2995980000001,0
2026-03-10T02:32:02.286840,0,0,655.2995980000001,0
2026-03-10T02:32:02.301844,0,0,655.2995980000001,0
2026-03-10T02:32:03.307858,0,0,655.2995980000001,0
2026-03-10T02:32:04.314911,0,0,655.2995980000001,0
2026-03-10T02:32:05.321862,0,0,655.2995980000001,0
2026-03-10T02:32:06.327868,0,0,655.2995980000001,0
2026-03-10T02:32:07.334897,0,0,655.2995980000001,0
2026-03-10T02:32:08.340837,0,0,654.4175720000001,0
2026-03-10T02:32:09.348822,0,0,655.2995980000001,0
2026-03-10T02:32:10.354829,0,0,655.2995980000001,0
2026-03-10T02:32:11.361812,0,0,655.2995980000001,0
2026-03-10T02:32:12.368837,0,0,655.2995980000001,0
2026-03-10T02:32:13.374839,0,0,655.2995980000001,0
2026-03-10T02:32:14.381850,0,0,655.2995980000001,0
2026-03-10T02:32:15.387871,0,0,655.2995980000001,0
2026-03-10T02:32:16.394871,0,0,655.2995980000001,0
2026-03-10T02:32:17.400829,0,0,655.2995980000001,0
2026-03-10T02:32:18.408846,0,0,655.2995980000001,0
2026-03-10T02:32:19.414862,0,0,655.2995980000001,0
2026-03-10T02:32:20.419855,0,0,655.2995980000001,0
2026-03-10T02:32:22.421655,0,0,655.2995980000001,0
2026-03-10T02:32:22.434935,0,0,655.2995980000001,0
2026-03-10T02:32:23.441867,0,0,655.2995980000001,0
2026-03-10T02:32:24.447877,0,0,655.2995980000001,0
2026-03-10T02:32:25.455866,0,0,655.2995980000001,0
2026-03-10T02:32:26.461876,0,0,655.2995980000001,0
2026-03-10T02:32:27.468831,0,0,655.2995980000001,0
2026-03-10T02:32:29.470660,0,0,655.2995980000001,0
2026-03-10T02:32:29.481877,0,0,655.2995980000001,0
2026-03-10T02:32:30.488924,0,0,655.2995980000001,0
2026-03-10T02:32:31.494958,0,0,655.2995980000001,0
2026-03-10T02:32:32.502934,0,0,655.2995980000001,0
2026-03-10T02:32:33.508966,0,0,655.2995980000001,0
2026-03-10T02:32:34.513922,0,0,655.2995980000001,0
2026-03-10T02:32:36.515718,0,0,655.2995980000001,0
2026-03-10T02:32:36.528911,0,0,655.2995980000001,0
2026-03-10T02:32:37.535976,0,0,655.2995980000001,0
2026-03-10T02:32:38.541965,0,0,656.181624,0
2026-03-10T02:32:39.549000,0,0,655.2995980000001,0
2026-03-10T02:32:40.556001,0,0,655.2995980000001,0
2026-03-10T02:32:41.561954,0,0,655.2995980000001,0
2026-03-10T02:32:43.562795,0,0,655.2995980000001,0
2026-03-10T02:32:43.575903,0,0,655.2995980000001,0
2026-03-10T02:32:44.583024,0,0,655.2995980000001,0
2026-03-10T02:32:45.589033,0,0,655.2995980000001,0
2026-03-10T02:32:46.596032,0,0,655.2995980000001,0
2026-03-10T02:32:47.602085,0,0,656.181624,0
2026-03-10T02:32:48.610030,0,0,655.2995980000001,0
2026-03-10T02:32:50.611990,0,0,655.2995980000001,0
2026-03-10T02:32:50.623073,0,0,655.2995980000001,0
2026-03-10T02:32:52.624857,0,0,655.2995980000001,0
2026-03-10T02:32:52.636003,0,0,655.2995980000001,0
2026-03-10T02:32:53.643047,0,0,655.2995980000001,0
2026-03-10T02:32:54.649048,0,0,655.2995980000001,0
2026-03-10T02:32:55.656043,0,0,655.2995980000001,0
2026-03-10T02:32:56.663080,0,0,656.181624,0
2026-03-10T02:32:57.670096,0,0,655.2995980000001,0
2026-03-10T02:32:58.676124,0,0,655.2995980000001,0
2026-03-10T02:32:59.683104,0,0,655.2995980000001,0
2026-03-10T02:33:00.690120,0,0,655.2995980000001,0
2026-03-10T02:33:01.696151,0,0,655.2995980000001,0
2026-03-10T02:33:02.703155,0,0,655.2995980000001,0
2026-03-10T02:33:03.710153,0,0,655.2995980000001,0
2026-03-10T02:33:04.717060,0,0,655.2995980000001,0
2026-03-10T02:33:05.723235,0,0,655.2995980000001,0
2026-03-10T02:33:06.730154,0,0,655.2995980000001,0
2026-03-10T02:33:07.736179,0,0,655.2995980000001,0
2026-03-10T02:33:08.742177,0,0,652.6535200000001,0
2026-03-10T02:33:09.750164,0,0,655.2995980000001,0
2026-03-10T02:33:10.756171,0,0,655.2995980000001,0
2026-03-10T02:33:11.764181,0,0,655.2995980000001,0
2026-03-10T02:33:12.769185,0,0,655.2995980000001,0
2026-03-10T02:33:13.777205,0,0,655.2995980000001,0
2026-03-10T02:33:14.783257,0,0,653.5355460000001,0
2026-03-10T02:33:15.790258,0,0,655.2995980000001,0
2026-03-10T02:33:16.797247,0,0,655.2995980000001,0
2026-03-10T02:33:17.803280,0,0,655.2995980000001,0
2026-03-10T02:33:18.810341,0,0,656.181624,0
2026-03-10T02:33:19.817310,0,0,655.2995980000001,0
2026-03-10T02:33:20.824354,0,0,655.2995980000001,0
2026-03-10T02:33:22.826173,0,0,655.2995980000001,0
2026-03-10T02:33:33.635035,0,0,655.2995980000001,0
2026-03-10T02:33:36.117422,0,0,655.2995980000001,0
2026-03-10T02:33:37.124448,0,0,655.2995980000001,0
2026-03-10T02:33:38.129449,0,0,655.2995980000001,0
2026-03-10T02:33:39.137506,0,0,655.2995980000001,0
2026-03-10T02:33:40.143456,0,0,656.181624,0
2026-03-10T02:33:41.150540,0,0,655.2995980000001,0
2026-03-10T02:33:42.157500,0,0,655.2995980000001,0
2026-03-10T02:33:43.164492,0,0,655.2995980000001,0
2026-03-10T02:33:44.171493,0,0,655.2995980000001,0
2026-03-10T02:33:45.175469,0,0,655.2995980000001,0
2026-03-10T02:33:46.183167,0,0,655.2995980000001,0
2026-03-10T02:33:47.190583,0,0,655.2995980000001,0
2026-03-10T02:33:48.197531,0,0,655.2995980000001,0
2026-03-10T02:33:49.203561,0,0,655.2995980000001,0
2026-03-10T02:33:50.211565,0,0,655.2995980000001,0
2026-03-10T02:33:51.217536,0,0,655.2995980000001,0
2026-03-10T02:33:52.224747,0,0,655.2995980000001,0
2026-03-10T02:33:53.231590,0,0,655.2995980000001,0
2026-03-10T02:33:54.237583,0,0,655.2995980000001,0
2026-03-10T02:33:55.244609,0,0,655.2995980000001,0
2026-03-10T02:33:56.250714,0,0,655.2995980000001,0
2026-03-10T02:33:57.258729,0,0,655.2995980000001,0
2026-03-10T02:33:58.264650,0,0,655.2995980000001,0
2026-03-10T02:33:59.271662,0,0,655.2995980000001,0
2026-03-10T02:34:00.278754,0,0,655.2995980000001,0
2026-03-10T02:34:01.284730,0,0,655.2995980000001,0
2026-03-10T02:34:02.291723,0,0,655.2995980000001,0
2026-03-10T02:34:03.295733,0,0,655.2995980000001,0
2026-03-10T02:34:04.304748,0,0,655.2995980000001,0
2026-03-10T02:34:05.311776,0,0,656.181624,0
2026-03-10T02:34:06.318838,0,0,655.2995980000001,0
2026-03-10T02:34:07.324800,0,0,655.2995980000001,0
2026-03-10T02:34:08.331799,0,0,655.2995980000001,0
2026-03-10T02:34:09.338855,0,0,655.2995980000001,0
2026-03-10T02:34:10.344790,0,0,655.2995980000001,0
2026-03-10T02:34:11.351842,0,0,655.2995980000001,0
2026-03-10T02:34:12.357844,0,0,655.2995980000001,0
2026-03-10T02:34:13.365876,0,0,654.4175720000001,0
2026-03-10T02:34:14.371860,0,0,655.2995980000001,0
2026-03-10T02:34:15.378934,0,0,655.2995980000001,0
2026-03-10T02:34:16.385880,0,0,655.2995980000001,0
2026-03-10T02:34:17.391897,0,0,655.2995980000001,0
2026-03-10T02:34:19.393802,0,0,655.2995980000001,0
2026-03-10T02:34:19.404897,0,0,655.2995980000001,0
2026-03-10T02:34:20.411927,0,0,655.2995980000001,0
2026-03-10T02:34:21.418953,0,0,656.181624,0
2026-03-10T02:34:22.425987,0,0,655.2995980000001,0
2026-03-10T02:34:23.432006,0,0,655.2995980000001,0
2026-03-10T02:34:24.439033,0,0,655.2995980000001,0
2026-03-10T02:34:25.446004,0,0,659.709728,0
2026-03-10T02:34:26.452120,0,0,655.2995980000001,0
2026-03-10T02:34:27.459082,0,0,655.2995980000001,0
2026-03-10T02:34:28.466092,0,0,654.4175720000001,0
2026-03-10T02:34:29.473121,0,0,655.2995980000001,0
2026-03-10T02:34:30.479011,0,0,655.2995980000001,0
2026-03-10T02:34:31.486020,0,0,657.06365,0
2026-03-10T02:34:32.493036,0,0,655.2995980000001,0
2026-03-10T02:34:33.499061,0,0,655.2995980000001,0
2026-03-10T02:34:34.506061,0,0,655.2995980000001,0
2026-03-10T02:34:35.512074,0,0,655.2995980000001,0
2026-03-10T02:34:36.520088,0,0,655.2995980000001,0
2026-03-10T02:34:37.525101,0,0,655.2995980000001,0
2026-03-10T02:34:38.533109,0,0,656.181624,0
2026-03-10T02:34:39.539218,0,0,655.2995980000001,0
2026-03-10T02:34:40.546150,0,0,655.2995980000001,0
2026-03-10T02:34:41.553180,0,0,655.2995980000001,0
2026-03-10T02:34:42.559199,0,0,655.2995980000001,0
2026-03-10T02:34:43.566172,0,0,655.2995980000001,0
2026-03-10T02:34:44.573179,0,0,655.2995980000001,0
2026-03-10T02:34:45.580205,0,0,655.2995980000001,0
2026-03-10T02:34:46.586226,0,0,655.2995980000001,0
2026-03-10T02:34:47.593269,0,0,654.4175720000001,0
2026-03-10T02:34:48.600314,0,0,655.2995980000001,0
2026-03-10T02:34:49.606391,0,0,655.2995980000001,0
2026-03-10T02:34:50.613332,0,0,655.2995980000001,0
2026-03-10T02:34:51.620371,0,0,655.2995980000001,0
2026-03-10T02:34:52.627387,0,0,655.2995980000001,0
2026-03-10T02:34:53.633377,0,0,655.2995980000001,0
2026-03-10T02:34:54.640449,0,0,655.2995980000001,0
2026-03-10T02:34:56.642461,0,0,655.2995980000001,0
2026-03-10T02:35:32.632429,0,0,655.2995980000001,0
2026-03-10T02:35:35.114943,0,0,655.2995980000001,0
2026-03-10T02:35:36.121958,0,0,655.2995980000001,0
2026-03-10T02:35:37.128010,0,0,655.2995980000001,0
2026-03-10T02:35:38.135020,0,0,655.2995980000001,0
2026-03-10T02:35:39.140933,0,0,655.2995980000001,0
2026-03-10T02:35:40.148058,0,0,655.2995980000001,0
2026-03-10T02:35:41.155071,0,0,655.2995980000001,0
2026-03-10T02:35:42.162072,0,0,655.2995980000001,0
2026-03-10T02:35:43.169078,0,0,655.2995980000001,0
2026-03-10T02:35:44.175118,0,0,655.2995980000001,0
2026-03-10T02:35:45.180143,0,0,655.2995980000001,0
2026-03-10T02:35:46.188235,0,0,655.2995980000001,0
2026-03-10T02:35:48.190049,0,0,655.2995980000001,0
2026-03-10T02:36:39.134722,0,0,655.2995980000001,0
2026-03-10T02:36:41.617083,0,0,655.2995980000001,0
2026-03-10T02:36:42.624102,0,0,655.2995980000001,0
2026-03-10T02:36:43.628123,0,0,655.2995980000001,0
2026-03-10T02:36:44.637227,0,0,655.2995980000001,0
2026-03-10T02:36:46.639030,0,0,655.2995980000001,0
2026-03-10T02:37:25.120448,0,0,655.2995980000001,0
2026-03-10T02:37:26.126942,0,0,655.2995980000001,0
2026-03-10T02:37:27.132988,0,0,655.2995980000001,0
2026-03-10T02:37:29.134817,0,0,655.2995980000001,0
2026-03-10T02:37:29.145889,0,0,655.2995980000001,0
2026-03-10T02:37:30.152946,0,0,656.181624,0
2026-03-10T02:37:31.159968,0,0,655.2995980000001,0
2026-03-10T02:37:32.166993,0,0,655.2995980000001,0
2026-03-10T02:37:33.174026,0,0,656.181624,0
2026-03-10T02:37:34.180074,0,0,655.2995980000001,0
2026-03-10T02:37:36.181911,0,0,655.2995980000001,0
2026-03-10T02:37:36.193029,0,0,655.2995980000001,0
2026-03-10T02:37:37.200072,0,0,655.2995980000001,0
2026-03-10T02:37:38.206097,0,0,655.2995980000001,0
2026-03-10T02:37:39.214105,0,0,655.2995980000001,0
2026-03-10T02:37:40.220138,0,0,655.2995980000001,0
2026-03-10T02:37:41.227226,0,0,655.2995980000001,0
2026-03-10T02:37:42.234248,0,0,655.2995980000001,0
2026-03-10T02:37:43.240241,0,0,655.2995980000001,0
2026-03-10T02:37:44.247313,0,0,655.2995980000001,0
2026-03-10T02:37:45.253309,0,0,656.181624,0
2026-03-10T02:37:46.261334,0,0,655.2995980000001,0
2026-03-10T02:37:47.267357,0,0,655.2995980000001,0
2026-03-10T02:37:48.274451,0,0,655.2995980000001,0
2026-03-10T02:37:49.281424,0,0,655.2995980000001,0
2026-03-10T02:37:50.287430,0,0,655.2995980000001,0
2026-03-10T02:37:51.294518,0,0,655.2995980000001,0
2026-03-10T02:37:52.300442,0,0,655.2995980000001,0
2026-03-10T02:37:53.307477,0,0,655.2995980000001,0
2026-03-10T02:37:54.313455,0,0,655.2995980000001,0
2026-03-10T02:37:55.321511,0,0,655.2995980000001,0
2026-03-10T02:37:56.327466,0,0,655.2995980000001,0
2026-03-10T02:37:57.334586,0,0,655.2995980000001,0
2026-03-10T02:37:58.341519,0,0,655.2995980000001,0
2026-03-10T02:37:59.347533,0,0,655.2995980000001,0
2026-03-10T02:38:00.354590,0,0,656.181624,0
2026-03-10T02:38:01.360583,0,0,655.2995980000001,0
2026-03-10T02:38:02.367573,0,0,655.2995980000001,0
2026-03-10T02:38:03.374701,0,0,655.2995980000001,0
2026-03-10T02:38:04.381653,0,0,655.2995980000001,0
2026-03-10T02:38:05.388519,0,0,655.2995980000001,0
2026-03-10T02:38:06.394721,0,0,655.2995980000001,0
2026-03-10T02:38:07.401680,0,0,655.2995980000001,0
2026-03-10T02:38:08.407724,0,0,655.2995980000001,0
2026-03-10T02:38:09.414769,0,0,655.2995980000001,0
2026-03-10T02:38:10.421752,0,0,655.2995980000001,0
2026-03-10T02:38:11.428765,0,0,655.2995980000001,0
2026-03-10T02:38:12.434815,0,0,655.2995980000001,0
2026-03-10T02:38:13.441789,0,0,655.2995980000001,0
2026-03-10T02:38:14.448796,0,0,655.2995980000001,0
2026-03-10T02:38:15.454822,0,0,655.2995980000001,0
2026-03-10T02:38:16.461830,0,0,655.2995980000001,0
2026-03-10T02:38:17.468864,0,0,655.2995980000001,0
2026-03-10T02:38:18.475940,0,0,655.2995980000001,0
2026-03-10T02:38:19.481896,0,0,655.2995980000001,0
2026-03-10T02:38:20.488922,0,0,655.2995980000001,0
2026-03-10T02:38:21.495945,0,0,655.2995980000001,0
2026-03-10T02:38:22.501959,0,0,656.181624,0
2026-03-10T02:38:23.508979,0,0,655.2995980000001,0
2026-03-10T02:38:24.515011,0,0,655.2995980000001,0
2026-03-10T02:38:25.523055,0,0,655.2995980000001,0
2026-03-10T02:38:26.529056,0,0,655.2995980000001,0
2026-03-10T02:38:27.536069,0,0,655.2995980000001,0
2026-03-10T02:38:28.542081,0,0,655.2995980000001,0
2026-03-10T02:38:29.549111,0,0,655.2995980000001,0
2026-03-10T02:38:30.556118,0,0,654.4175720000001,0
2026-03-10T02:38:31.562164,0,0,655.2995980000001,0
2026-03-10T02:38:32.569218,0,0,655.2995980000001,0
2026-03-10T02:38:33.576263,0,0,655.2995980000001,0
2026-03-10T02:38:34.583273,0,0,655.2995980000001,0
2026-03-10T02:38:35.589289,0,0,655.2995980000001,0
2026-03-10T02:38:36.595285,0,0,655.2995980000001,0
2026-03-10T02:38:37.603354,0,0,655.2995980000001,0
2026-03-10T02:38:38.608356,0,0,655.2995980000001,0
2026-03-10T02:38:39.616357,0,0,654.4175720000001,0
2026-03-10T02:38:40.622434,0,0,655.2995980000001,0
2026-03-10T02:38:41.630475,0,0,655.2995980000001,0
2026-03-10T02:38:42.636366,0,0,655.2995980000001,0
2026-03-10T02:38:43.643406,0,0,655.2995980000001,0
2026-03-10T02:38:44.648342,0,0,655.2995980000001,0
2026-03-10T02:38:45.656445,0,0,655.2995980000001,0
2026-03-10T02:38:46.663486,0,0,655.2995980000001,0
2026-03-10T02:38:47.669494,0,0,656.181624,0
2026-03-10T02:38:48.677513,0,0,655.2995980000001,0
2026-03-10T02:38:49.683539,0,0,656.181624,0
2026-03-10T02:38:50.690659,0,0,655.2995980000001,0
2026-03-10T02:38:51.696583,0,0,655.2995980000001,0
2026-03-10T02:38:52.703591,0,0,655.2995980000001,0
2026-03-10T02:38:53.709642,0,0,655.2995980000001,0
2026-03-10T02:38:54.716627,0,0,656.181624,0
2026-03-10T02:38:55.723669,0,0,655.2995980000001,0
2026-03-10T02:38:56.730765,0,0,655.2995980000001,0
2026-03-10T02:38:57.737699,0,0,655.2995980000001,0
2026-03-10T02:38:58.743707,0,0,655.2995980000001,0
2026-03-10T02:38:59.750886,0,0,655.2995980000001,0
2026-03-10T02:39:00.756815,0,0,655.2995980000001,0
2026-03-10T02:39:01.762832,0,0,655.2995980000001,0
2026-03-10T02:39:02.770857,0,0,655.2995980000001,0
2026-03-10T02:39:03.776861,0,0,655.2995980000001,0
2026-03-10T02:39:04.784895,0,0,655.2995980000001,0
2026-03-10T02:39:05.790977,0,0,655.2995980000001,0
2026-03-10T02:39:06.797927,0,0,655.2995980000001,0
2026-03-10T02:39:07.803993,0,0,655.2995980000001,0
2026-03-10T02:39:08.810990,0,0,655.2995980000001,0
2026-03-10T02:39:09.818016,0,0,655.2995980000001,0
2026-03-10T02:39:10.824008,0,0,655.2995980000001,0
2026-03-10T02:39:11.831037,0,0,655.2995980000001,0
2026-03-10T02:39:12.838104,0,0,654.4175720000001,0
2026-03-10T02:39:13.845124,0,0,655.2995980000001,0
2026-03-10T02:39:14.851161,0,0,655.2995980000001,0
2026-03-10T02:39:16.853119,0,0,655.2995980000001,0
2026-03-10T02:40:25.884179,0,0,655.2995980000001,0
2026-03-10T02:40:28.366759,0,0,655.2995980000001,0
2026-03-10T02:40:29.373725,0,0,655.2995980000001,0
2026-03-10T02:40:30.378770,0,0,655.2995980000001,0
2026-03-10T02:40:31.386847,0,0,655.2995980000001,0
2026-03-10T02:40:32.392803,0,0,655.2995980000001,0
2026-03-10T02:40:33.398928,0,0,655.2995980000001,0
2026-03-10T02:40:34.406851,0,0,655.2995980000001,0
2026-03-10T02:40:35.413825,0,0,655.2995980000001,0
2026-03-10T02:40:36.420856,0,0,655.2995980000001,0
2026-03-10T02:40:37.424896,0,0,655.2995980000001,0
2026-03-10T02:40:57.365152,0,0,656.181624,0
2026-03-10T02:40:58.371420,0,0,655.2995980000001,0
2026-03-10T02:40:59.377419,0,0,655.2995980000001,0
2026-03-10T02:41:00.385428,0,0,655.2995980000001,0
2026-03-10T02:41:01.391508,0,0,655.2995980000001,0
2026-03-10T02:41:02.398588,0,0,655.2995980000001,0
2026-03-10T02:41:03.405546,0,0,655.2995980000001,0
2026-03-10T02:41:04.411495,0,0,655.2995980000001,0
2026-03-10T02:41:05.418607,0,0,655.2995980000001,0
2026-03-10T02:41:06.424596,0,0,655.2995980000001,0
2026-03-10T02:41:07.431616,0,0,656.181624,0
2026-03-10T02:41:08.438724,0,0,655.2995980000001,0
2026-03-10T02:41:09.445674,0,0,655.2995980000001,0
2026-03-10T02:41:10.451700,0,0,655.2995980000001,0
2026-03-10T02:41:11.458767,0,0,655.2995980000001,0
2026-03-10T02:41:12.465683,0,0,655.2995980000001,0
2026-03-10T02:41:14.467551,0,0,655.2995980000001,0
2026-03-10T02:41:14.478844,0,0,655.2995980000001,0
2026-03-10T02:41:15.484792,0,0,655.2995980000001,0
2026-03-10T02:41:16.492792,0,0,655.2995980000001,0
2026-03-10T02:41:17.498832,0,0,655.2995980000001,0
2026-03-10T02:41:18.505814,0,0,655.2995980000001,0
2026-03-10T02:41:19.511911,0,0,655.2995980000001,0
2026-03-10T02:41:20.518959,0,0,655.2995980000001,0
2026-03-10T02:41:21.525929,0,0,655.2995980000001,0
2026-03-10T02:41:23.527792,0,0,655.2995980000001,0
2026-03-10T02:41:23.539878,0,0,655.2995980000001,0
2026-03-10T02:41:24.546020,0,0,655.2995980000001,0
2026-03-10T02:41:25.552982,0,0,655.2995980000001,0
2026-03-10T02:41:26.558986,0,0,655.2995980000001,0
2026-03-10T02:41:27.566009,0,0,655.2995980000001,0
2026-03-10T02:41:28.571096,0,0,655.2995980000001,0
2026-03-10T02:41:29.579121,0,0,655.2995980000001,0
2026-03-10T02:41:30.586121,0,0,655.2995980000001,0
2026-03-10T02:41:31.593144,0,0,655.2995980000001,0
2026-03-10T02:41:32.600184,0,0,655.2995980000001,0
2026-03-10T02:41:33.606206,0,0,655.2995980000001,0
2026-03-10T02:41:34.613221,0,0,655.2995980000001,0
2026-03-10T02:41:36.615132,0,0,655.2995980000001,0
2026-03-10T02:41:36.626385,0,0,655.2995980000001,0
2026-03-10T02:41:37.633360,0,0,655.2995980000001,0
2026-03-10T02:41:38.639377,0,0,655.2995980000001,0
2026-03-10T02:41:39.647405,0,0,655.2995980000001,0
2026-03-10T02:41:40.653420,0,0,655.2995980000001,0
2026-03-10T02:41:41.660387,0,0,655.2995980000001,0
2026-03-10T02:41:42.666464,0,0,655.2995980000001,0
2026-03-10T02:41:43.673436,0,0,655.2995980000001,0
2026-03-10T02:41:44.680456,0,0,655.2995980000001,0
2026-03-10T02:41:45.686575,0,0,655.2995980000001,0
2026-03-10T02:41:46.693493,0,0,655.2995980000001,0
2026-03-10T02:41:47.700424,0,0,655.2995980000001,0
2026-03-10T02:41:48.707454,0,0,655.2995980000001,0
2026-03-10T02:41:50.709247,0,0,656.181624,0
2026-03-10T02:41:50.720603,0,0,655.2995980000001,0
2026-03-10T02:41:51.727622,0,0,655.2995980000001,0
2026-03-10T02:41:52.733619,0,0,655.2995980000001,0
2026-03-10T02:41:53.740630,0,0,655.2995980000001,0
2026-03-10T02:41:54.746785,0,0,655.2995980000001,0
2026-03-10T02:41:55.754758,0,0,655.2995980000001,0
2026-03-10T02:41:56.760726,0,0,655.2995980000001,0
2026-03-10T02:41:57.767710,0,0,655.2995980000001,0
2026-03-10T02:41:58.773754,0,0,655.2995980000001,0
2026-03-10T02:41:59.780738,0,0,655.2995980000001,0
2026-03-10T02:42:00.787790,0,0,655.2995980000001,0
2026-03-10T02:42:01.793788,0,0,654.4175720000001,0
2026-03-10T02:42:02.801816,0,0,655.2995980000001,0
2026-03-10T02:42:03.807863,0,0,655.2995980000001,0
2026-03-10T02:42:04.814909,0,0,655.2995980000001,0
2026-03-10T02:42:05.820940,0,0,655.2995980000001,0
2026-03-10T02:42:06.827960,0,0,655.2995980000001,0
2026-03-10T02:42:07.834986,0,0,655.2995980000001,0
2026-03-10T02:42:08.841032,0,0,655.2995980000001,0
2026-03-10T02:42:09.848011,0,0,655.2995980000001,0
2026-03-10T02:42:10.855071,0,0,655.2995980000001,0
2026-03-10T02:42:11.862057,0,0,655.2995980000001,0
2026-03-10T02:42:12.868076,0,0,655.2995980000001,0
2026-03-10T02:42:13.875111,0,0,656.181624,0
2026-03-10T02:42:14.881135,0,0,655.2995980000001,0
2026-03-10T02:42:15.888185,0,0,655.2995980000001,0
2026-03-10T02:42:16.895221,0,0,655.2995980000001,0
2026-03-10T02:42:18.897148,0,0,655.2995980000001,0
2026-03-10T02:42:18.909248,0,0,655.2995980000001,0
2026-03-10T02:42:19.915285,0,0,655.2995980000001,0
2026-03-10T02:42:20.922400,0,0,655.2995980000001,0
2026-03-10T02:42:21.928303,0,0,655.2995980000001,0
2026-03-10T02:42:22.935322,0,0,655.2995980000001,0
2026-03-10T02:42:23.942474,0,0,655.2995980000001,0
2026-03-10T02:42:24.948379,0,0,655.2995980000001,0
2026-03-10T02:42:26.950399,0,0,655.2995980000001,0
2026-03-10T02:42:26.962539,0,0,655.2995980000001,0
2026-03-10T02:42:27.969453,0,0,655.2995980000001,0
2026-03-10T02:42:28.975346,0,0,654.4175720000001,0
2026-03-10T02:42:29.982604,0,0,655.2995980000001,0
2026-03-10T02:42:30.988554,0,0,655.2995980000001,0
2026-03-10T02:42:31.995559,0,0,655.2995980000001,0
2026-03-10T02:42:33.002633,0,0,655.2995980000001,0
2026-03-10T02:42:34.009618,0,0,655.2995980000001,0
2026-03-10T02:42:35.016628,0,0,655.2995980000001,0
2026-03-10T02:42:37.018522,0,0,655.2995980000001,0
2026-03-10T02:42:37.029647,0,0,655.2995980000001,0
2026-03-10T02:42:38.035724,0,0,655.2995980000001,0
2026-03-10T02:42:40.037540,0,0,655.2995980000001,0
2026-03-10T02:42:40.049722,0,0,655.2995980000001,0
2026-03-10T02:42:41.055746,0,0,655.2995980000001,0
2026-03-10T02:42:42.063751,0,0,655.2995980000001,0
2026-03-10T02:42:43.069785,0,0,655.2995980000001,0
2026-03-10T02:42:44.076824,0,0,655.2995980000001,0
2026-03-10T02:42:45.082934,0,0,655.2995980000001,0
2026-03-10T02:42:46.089895,0,0,655.2995980000001,0
2026-03-10T02:42:47.095904,0,0,655.2995980000001,0
2026-03-10T02:42:48.102983,0,0,655.2995980000001,0
2026-03-10T02:42:49.109955,0,0,655.2995980000001,0
2026-03-10T02:42:50.117003,0,0,655.2995980000001,0
2026-03-10T02:42:51.123999,0,0,655.2995980000001,0
2026-03-10T02:42:52.130046,0,0,655.2995980000001,0
2026-03-10T02:42:53.137032,0,0,655.2995980000001,0
2026-03-10T02:42:54.143091,0,0,655.2995980000001,0
2026-03-10T02:42:55.150123,0,0,655.2995980000001,0
2026-03-10T02:42:56.157166,0,0,655.2995980000001,0
2026-03-10T02:42:57.163159,0,0,655.2995980000001,0
2026-03-10T02:42:58.171198,0,0,655.2995980000001,0
2026-03-10T02:42:59.177194,0,0,655.2995980000001,0
2026-03-10T02:43:00.183264,0,0,655.2995980000001,0
2026-03-10T02:43:01.190262,0,0,655.2995980000001,0
2026-03-10T02:43:02.195175,0,0,655.2995980000001,0
2026-03-10T02:43:03.203333,0,0,655.2995980000001,0
2026-03-10T02:43:04.210439,0,0,655.2995980000001,0
2026-03-10T02:43:05.218461,0,0,656.181624,0
2026-03-10T02:43:06.224419,0,0,655.2995980000001,0
2026-03-10T02:43:07.231344,0,0,655.2995980000001,0
2026-03-10T02:43:08.237361,0,0,655.2995980000001,0
2026-03-10T02:43:09.244380,0,0,655.2995980000001,0
2026-03-10T02:43:10.250511,0,0,655.2995980000001,0
2026-03-10T02:43:11.257407,0,0,655.2995980000001,0
2026-03-10T02:43:12.264449,0,0,655.2995980000001,0
2026-03-10T02:43:13.271470,0,0,655.2995980000001,0
2026-03-10T02:43:14.278610,0,0,655.2995980000001,0
2026-03-10T02:43:15.284574,0,0,655.2995980000001,0
2026-03-10T02:43:16.291626,0,0,655.2995980000001,0
2026-03-10T02:43:17.297592,0,0,655.2995980000001,0
2026-03-10T02:43:18.304650,0,0,655.2995980000001,0
2026-03-10T02:43:19.310748,0,0,655.2995980000001,0
2026-03-10T02:43:20.317693,0,0,655.2995980000001,0
2026-03-10T02:43:21.325720,0,0,655.2995980000001,0
2026-03-10T02:43:22.329739,0,0,655.2995980000001,0
2026-03-10T02:43:23.338855,0,0,655.2995980000001,0
2026-03-10T02:43:24.344833,0,0,655.2995980000001,0
2026-03-10T02:43:26.346697,0,0,655.2995980000001,0
2026-03-10T02:43:26.357789,0,0,655.2995980000001,0
2026-03-10T02:43:27.364864,0,0,655.2995980000001,0
2026-03-10T02:43:28.372869,0,0,655.2995980000001,0
2026-03-10T02:43:29.378891,0,0,656.181624,0
2026-03-10T02:43:30.385920,0,0,655.2995980000001,0
2026-03-10T02:43:31.391882,0,0,655.2995980000001,0
2026-03-10T02:43:32.398990,0,0,655.2995980000001,0
2026-03-10T02:43:34.400869,0,0,655.2995980000001,0
2026-03-10T02:43:34.411371,0,0,655.2995980000001,0
2026-03-10T02:43:35.417247,0,0,655.2995980000001,0
2026-03-10T02:43:36.425018,0,0,655.2995980000001,0
2026-03-10T02:43:37.431827,0,0,655.2995980000001,0
2026-03-10T02:43:38.437648,0,0,655.2995980000001,0
2026-03-10T02:43:39.444406,0,0,656.181624,0
2026-03-10T02:43:41.446167,0,0,655.2995980000001,0
2026-03-10T02:43:41.457017,0,0,655.2995980000001,0
2026-03-10T02:43:42.462893,0,0,655.2995980000001,0
2026-03-10T02:43:43.469664,0,0,655.2995980000001,0
2026-03-10T02:43:44.477463,0,0,655.2995980000001,0
2026-03-10T02:43:45.483284,0,0,655.2995980000001,0
2026-03-10T02:43:46.489017,0,0,655.2995980000001,0
2026-03-10T02:43:48.490763,0,0,655.2995980000001,0
2026-03-10T02:43:48.502692,0,0,655.2995980000001,0
2026-03-10T02:43:49.508488,0,0,654.4175720000001,0
2026-03-10T02:43:50.515308,0,0,655.2995980000001,0
2026-03-10T02:43:51.521113,0,0,655.2995980000001,0
2026-03-10T02:43:52.528907,0,0,655.2995980000001,0
2026-03-10T02:43:53.533730,0,0,655.2995980000001,0
2026-03-10T02:43:54.541623,0,0,655.2995980000001,0
2026-03-10T02:43:55.548344,0,0,655.2995980000001,0
2026-03-10T02:43:56.554179,0,0,655.2995980000001,0
2026-03-10T02:43:57.561011,0,0,655.2995980000001,0
2026-03-10T02:43:58.566829,0,0,655.2995980000001,0
2026-03-10T02:43:59.574703,0,0,655.2995980000001,0
2026-03-10T02:44:00.581454,0,0,655.2995980000001,0
2026-03-10T02:44:01.587256,0,0,655.2995980000001,0
2026-03-10T02:44:02.594059,0,0,655.2995980000001,0
2026-03-10T02:44:03.599772,0,0,655.2995980000001,0
2026-03-10T02:44:04.606781,0,0,656.181624,0
2026-03-10T02:44:05.612525,0,0,655.2995980000001,0
2026-03-10T02:44:06.619352,0,0,655.2995980000001,0
2026-03-10T02:44:07.626181,0,0,655.2995980000001,0
2026-03-10T02:44:08.632918,0,0,655.2995980000001,0
2026-03-10T02:44:09.639759,0,0,655.2995980000001,0
2026-03-10T02:44:10.643678,0,0,655.2995980000001,0
2026-03-10T02:44:12.645525,0,0,655.2995980000001,0
2026-03-10T02:44:12.658397,0,0,655.2995980000001,0
2026-03-10T02:44:13.665148,0,0,655.2995980000001,0
2026-03-10T02:44:14.670988,0,0,655.2995980000001,0
2026-03-10T02:44:15.678862,0,0,655.2995980000001,0
2026-03-10T02:44:16.685651,0,0,655.2995980000001,0
2026-03-10T02:44:17.691491,0,0,656.181624,0
2026-03-10T02:44:18.698431,0,0,655.2995980000001,0
2026-03-10T02:44:20.700329,0,0,655.2995980000001,0
2026-03-10T02:45:32.122130,0,0,655.2995980000001,0
2026-03-10T02:45:33.128335,0,0,655.2995980000001,0
2026-03-10T02:45:34.134073,0,0,655.2995980000001,0
2026-03-10T02:45:36.135980,0,0,655.2995980000001,0
2026-03-10T02:46:47.617856,0,0,655.2995980000001,0
2026-03-10T02:46:48.624025,0,0,655.2995980000001,0
2026-03-10T02:46:49.627917,0,0,655.2995980000001,0
2026-03-10T02:46:50.636867,0,0,654.4175720000001,0
2026-03-10T02:46:51.642811,0,0,657.06365,0
2026-03-10T02:46:52.649604,0,0,655.2995980000001,0
2026-03-10T02:46:53.656465,0,0,655.2995980000001,0
2026-03-10T02:46:54.663399,0,0,655.2995980000001,0
2026-03-10T02:46:55.670397,0,0,655.2995980000001,0
2026-03-10T02:46:56.674213,0,0,655.2995980000001,0
2026-03-10T02:46:57.683242,0,0,655.2995980000001,0
2026-03-10T02:46:58.689056,0,0,655.2995980000001,0
2026-03-10T02:46:59.695957,0,0,655.2995980000001,0
2026-03-10T02:47:00.701890,0,0,655.2995980000001,0
2026-03-10T02:47:01.709776,0,0,655.2995980000001,0
2026-03-10T02:47:02.715691,0,0,655.2995980000001,0
2026-03-10T02:47:03.722701,0,0,655.2995980000001,0
2026-03-10T02:47:04.729535,0,0,655.2995980000001,0
2026-03-10T02:47:05.735401,0,0,655.2995980000001,0
2026-03-10T02:47:06.742413,0,0,655.2995980000001,0
2026-03-10T02:47:07.748240,0,0,655.2995980000001,0
2026-03-10T02:47:08.756144,0,0,655.2995980000001,0
2026-03-10T02:47:09.760048,0,0,655.2995980000001,0
2026-03-10T02:47:11.761812,0,0,655.2995980000001,0
2026-03-10T02:47:11.775869,0,0,653.5355460000001,0
2026-03-10T02:47:12.781830,0,0,655.2995980000001,0
2026-03-10T02:47:13.788747,0,0,655.2995980000001,0
2026-03-10T02:47:14.794710,0,0,655.2995980000001,0
2026-03-10T02:47:15.801590,0,0,655.2995980000001,0
2026-03-10T02:47:16.808518,0,0,655.2995980000001,0
2026-03-10T02:47:18.810259,0,0,655.2995980000001,0
2026-03-10T02:47:18.821291,0,0,655.2995980000001,0
2026-03-10T02:47:19.828214,0,0,655.2995980000001,0
2026-03-10T02:47:20.835150,0,0,654.4175720000001,0
2026-03-10T02:47:21.841082,0,0,655.2995980000001,0
2026-03-10T02:47:22.847967,0,0,655.2995980000001,0
2026-03-10T02:47:23.853877,0,0,654.4175720000001,0
2026-03-10T02:47:24.861825,0,0,655.2995980000001,0
2026-03-10T02:47:25.867772,0,0,655.2995980000001,0
2026-03-10T02:47:26.874776,0,0,655.2995980000001,0
2026-03-10T02:47:27.881599,0,0,655.2995980000001,0
2026-03-10T02:47:28.887530,0,0,655.2995980000001,0
2026-03-10T02:47:29.894524,0,0,655.2995980000001,0
2026-03-10T02:47:30.900370,0,0,655.2995980000001,0
2026-03-10T02:47:31.906381,0,0,655.2995980000001,0
2026-03-10T02:47:32.914232,0,0,655.2995980000001,0
2026-03-10T02:47:33.921129,0,0,655.2995980000001,0
2026-03-10T02:47:34.927029,0,0,655.2995980000001,0
2026-03-10T02:47:35.933929,0,0,655.2995980000001,0
2026-03-10T02:47:36.940881,0,0,655.2995980000001,0
2026-03-10T02:47:37.946825,0,0,655.2995980000001,0
2026-03-10T02:47:38.953720,0,0,655.2995980000001,0
2026-03-10T02:47:39.959688,0,0,655.2995980000001,0
2026-03-10T02:47:40.967581,0,0,655.2995980000001,0
2026-03-10T02:47:41.973517,0,0,655.2995980000001,0
2026-03-10T02:47:42.980424,0,0,655.2995980000001,0
2026-03-10T02:47:43.987352,0,0,655.2995980000001,0
2026-03-10T02:47:44.993271,0,0,655.2995980000001,0
2026-03-10T02:47:46.000133,0,0,655.2995980000001,0
2026-03-10T02:47:48.001916,0,0,655.2995980000001,0
2026-03-10T02:47:48.012965,0,0,655.2995980000001,0
2026-03-10T02:47:49.019929,0,0,655.2995980000001,0
2026-03-10T02:47:50.026847,0,0,655.2995980000001,0
2026-03-10T02:47:51.032780,0,0,655.2995980000001,0
2026-03-10T02:47:52.039705,0,0,655.2995980000001,0
2026-03-10T02:47:53.046665,0,0,655.2995980000001,0
2026-03-10T02:47:54.052647,0,0,655.2995980000001,0
2026-03-10T02:47:56.054566,0,0,655.2995980000001,0
2026-03-10T02:47:56.065388,0,0,655.2995980000001,0
2026-03-10T02:47:57.073328,0,0,655.2995980000001,0
2026-03-10T02:47:58.079248,0,0,655.2995980000001,0
2026-03-10T02:47:59.086199,0,0,655.2995980000001,0
2026-03-10T02:48:00.093115,0,0,655.2995980000001,0
2026-03-10T02:48:01.099042,0,0,655.2995980000001,0
2026-03-10T02:48:03.100879,0,0,655.2995980000001,0
2026-03-10T02:48:03.110898,0,0,654.4175720000001,0
2026-03-10T02:48:04.119846,0,0,655.2995980000001,0
2026-03-10T02:48:05.125727,0,0,655.2995980000001,0
2026-03-10T02:48:06.132680,0,0,655.2995980000001,0
2026-03-10T02:48:07.138695,0,0,655.2995980000001,0
2026-03-10T02:48:08.145536,0,0,655.2995980000001,0
2026-03-10T02:48:09.150555,0,0,655.2995980000001,0
2026-03-10T02:48:10.158547,0,0,655.2995980000001,0
2026-03-10T02:48:11.165323,0,0,655.2995980000001,0
2026-03-10T02:48:12.172325,0,0,655.2995980000001,0
2026-03-10T02:48:13.179215,0,0,655.2995980000001,0
2026-03-10T02:48:14.185148,0,0,655.2995980000001,0
2026-03-10T02:48:15.192099,0,0,655.2995980000001,0
2026-03-10T02:48:16.198040,0,0,655.2995980000001,0
2026-03-10T02:48:18.199852,0,0,656.181624,0
2026-03-10T02:48:18.210893,0,0,655.2995980000001,0
2026-03-10T02:48:19.217852,0,0,655.2995980000001,0
2026-03-10T02:48:20.225777,0,0,655.2995980000001,0
2026-03-10T02:48:21.231710,0,0,655.2995980000001,0
2026-03-10T02:48:22.238695,0,0,655.2995980000001,0
2026-03-10T02:48:23.244526,0,0,655.2995980000001,0
2026-03-10T02:48:24.250689,0,0,655.2995980000001,0
2026-03-10T02:48:26.252517,0,0,655.2995980000001,0
2026-03-10T02:49:36.607138,0,0,655.2995980000001,0
2026-03-10T02:49:37.613301,0,0,655.2995980000001,0
2026-03-10T02:49:38.618460,0,0,655.2995980000001,0
2026-03-10T02:49:39.626386,0,0,655.2995980000001,0
2026-03-10T02:49:40.632198,0,0,655.2995980000001,0
2026-03-10T02:49:41.639114,0,0,655.2995980000001,0
2026-03-10T02:49:42.646097,0,0,655.2995980000001,0
2026-03-10T02:49:43.651990,0,0,655.2995980000001,0
2026-03-10T02:49:44.659985,0,0,655.2995980000001,0
2026-03-10T02:49:45.664077,0,0,655.2995980000001,0
2026-03-10T02:49:46.672888,0,0,655.2995980000001,0
2026-03-10T02:49:47.678883,0,0,656.181624,0
2026-03-10T02:49:48.685795,0,0,655.2995980000001,0
2026-03-10T02:49:49.691741,0,0,655.2995980000001,0
2026-03-10T02:49:50.699692,0,0,655.2995980000001,0
2026-03-10T02:49:51.705668,0,0,655.2995980000001,0
2026-03-10T02:49:52.712600,0,0,655.2995980000001,0
2026-03-10T02:49:53.719654,0,0,655.2995980000001,0
2026-03-10T02:49:54.725597,0,0,655.2995980000001,0
2026-03-10T02:49:56.727393,0,0,655.2995980000001,0
2026-03-10T02:55:44.626631,0,0,655.2995980000001,0
2026-03-10T02:55:47.108844,0,0,655.2995980000001,0
2026-03-10T02:55:48.115838,0,0,655.2995980000001,0
2026-03-10T02:55:49.121913,0,0,655.2995980000001,0
2026-03-10T02:55:51.124045,0,0,655.2995980000001,0
2026-03-10T02:55:51.134952,0,0,655.2995980000001,0
2026-03-10T02:55:52.141812,0,0,655.2995980000001,0
2026-03-10T02:55:53.148792,0,0,654.4175720000001,0
2026-03-10T02:55:54.155798,0,0,655.2995980000001,0
2026-03-10T02:55:55.162850,0,0,655.2995980000001,0
2026-03-10T02:55:56.168719,0,0,655.2995980000001,0
2026-03-10T02:55:57.175643,0,0,655.2995980000001,0
2026-03-10T02:55:58.181810,0,0,655.2995980000001,0
2026-03-10T02:55:59.187749,0,0,655.2995980000001,0
2026-03-10T02:56:00.194800,0,0,656.181624,0
2026-03-10T02:56:01.202805,0,0,655.2995980000001,0
2026-03-10T02:56:03.204593,0,0,655.2995980000001,0
2026-03-10T02:56:03.215586,0,0,655.2995980000001,0
2026-03-10T02:56:04.222705,0,0,655.2995980000001,0
2026-03-10T02:56:05.228634,0,0,655.2995980000001,0
2026-03-10T02:56:06.235591,0,0,655.2995980000001,0
2026-03-10T02:56:07.241571,0,0,655.2995980000001,0
2026-03-10T02:56:08.248633,0,0,655.2995980000001,0
2026-03-10T02:56:10.250565,0,0,655.2995980000001,0
2026-03-10T02:56:10.262704,0,0,654.4175720000001,0
2026-03-10T02:56:11.269599,0,0,655.2995980000001,0
2026-03-10T02:56:12.275613,0,0,655.2995980000001,0
2026-03-10T02:56:13.282650,0,0,655.2995980000001,0
2026-03-10T02:56:14.288580,0,0,655.2995980000001,0
2026-03-10T02:56:15.295558,0,0,655.2995980000001,0
2026-03-10T02:56:16.300555,0,0,655.2995980000001,0
2026-03-10T02:56:17.309564,0,0,655.2995980000001,0
2026-03-10T02:56:18.315521,0,0,655.2995980000001,0
2026-03-10T02:56:19.322605,0,0,655.2995980000001,0
2026-03-10T02:56:20.329497,0,0,655.2995980000001,0
2026-03-10T02:56:21.335523,0,0,655.2995980000001,0
2026-03-10T02:56:22.342605,0,0,655.2995980000001,0
2026-03-10T02:56:23.348486,0,0,655.2995980000001,0
2026-03-10T02:56:24.356484,0,0,655.2995980000001,0
2026-03-10T02:56:25.362545,0,0,655.2995980000001,0
2026-03-10T02:56:26.369426,0,0,655.2995980000001,0
2026-03-10T02:56:27.376434,0,0,655.2995980000001,0
2026-03-10T02:56:28.382575,0,0,655.2995980000001,0
2026-03-10T02:56:29.389413,0,0,655.2995980000001,0
2026-03-10T02:56:30.394504,0,0,655.2995980000001,0
2026-03-10T02:56:31.402514,0,0,655.2995980000001,0
2026-03-10T02:56:32.408389,0,0,655.2995980000001,0
2026-03-10T02:56:33.415391,0,0,655.2995980000001,0
2026-03-10T02:56:34.422433,0,0,656.181624,0
2026-03-10T02:56:35.429391,0,0,656.181624,0
2026-03-10T02:56:36.436388,0,0,655.2995980000001,0
2026-03-10T02:56:37.442512,0,0,655.2995980000001,0
2026-03-10T02:56:38.449368,0,0,656.181624,0
2026-03-10T02:56:39.455387,0,0,655.2995980000001,0
2026-03-10T02:56:40.463345,0,0,655.2995980000001,0
2026-03-10T02:56:42.465132,0,0,655.2995980000001,0
2026-03-10T02:56:42.476202,0,0,655.2995980000001,0
2026-03-10T02:56:43.483256,0,0,655.2995980000001,0
2026-03-10T02:56:44.489225,0,0,655.2995980000001,0
2026-03-10T02:56:45.496245,0,0,655.2995980000001,0
2026-03-10T02:56:46.502220,0,0,655.2995980000001,0
2026-03-10T02:56:47.507215,0,0,655.2995980000001,0
2026-03-10T02:56:49.508995,0,0,655.2995980000001,0
2026-03-10T02:56:49.523135,0,0,655.2995980000001,0
2026-03-10T02:56:50.529153,0,0,655.2995980000001,0
2026-03-10T02:56:51.536154,0,0,655.2995980000001,0
2026-03-10T02:56:52.543150,0,0,655.2995980000001,0
2026-03-10T02:56:53.549129,0,0,655.2995980000001,0
2026-03-10T02:56:54.554130,0,0,655.2995980000001,0
2026-03-10T02:56:55.562222,0,0,655.2995980000001,0
2026-03-10T02:56:56.570118,0,0,655.2995980000001,0
2026-03-10T02:56:57.576148,0,0,655.2995980000001,0
2026-03-10T02:56:58.583135,0,0,655.2995980000001,0
2026-03-10T02:56:59.590081,0,0,655.2995980000001,0
2026-03-10T02:57:00.596110,0,0,655.2995980000001,0
2026-03-10T02:57:01.603103,0,0,655.2995980000001,0
2026-03-10T02:57:02.609088,0,0,655.2995980000001,0
2026-03-10T02:57:03.615967,0,0,655.2995980000001,0
2026-03-10T02:57:05.617778,0,0,654.4175720000001,0
2026-03-10T02:57:05.630009,0,0,655.2995980000001,0
2026-03-10T02:57:06.636024,0,0,655.2995980000001,0
2026-03-10T02:57:07.643009,0,0,655.2995980000001,0
2026-03-10T02:57:08.650009,0,0,654.4175720000001,0
2026-03-10T02:57:09.655998,0,0,655.2995980000001,0
2026-03-10T02:57:10.662976,0,0,655.2995980000001,0
2026-03-10T02:57:11.669007,0,0,654.4175720000001,0
2026-03-10T02:57:12.677006,0,0,655.2995980000001,0
2026-03-10T02:57:13.682996,0,0,655.2995980000001,0
2026-03-10T02:57:14.690005,0,0,655.2995980000001,0
2026-03-10T02:57:15.696985,0,0,655.2995980000001,0
2026-03-10T02:57:16.702986,0,0,655.2995980000001,0
2026-03-10T02:57:17.709955,0,0,655.2995980000001,0
2026-03-10T02:57:18.715953,0,0,655.2995980000001,0
2026-03-10T02:57:19.722975,0,0,655.2995980000001,0
2026-03-10T02:57:20.730020,0,0,654.4175720000001,0
2026-03-10T02:57:21.736971,0,0,655.2995980000001,0
2026-03-10T02:57:22.742974,0,0,655.2995980000001,0
2026-03-10T02:57:23.749915,0,0,655.2995980000001,0
2026-03-10T02:57:24.756912,0,0,655.2995980000001,0
2026-03-10T02:57:25.762966,0,0,655.2995980000001,0
2026-03-10T02:57:26.768900,0,0,655.2995980000001,0
2026-03-10T02:57:27.775889,0,0,655.2995980000001,0
2026-03-10T02:57:28.783899,0,0,655.2995980000001,0
2026-03-10T02:57:29.789869,0,0,654.4175720000001,0
2026-03-10T02:57:30.796872,0,0,655.2995980000001,0
2026-03-10T02:57:31.801870,0,0,655.2995980000001,0
2026-03-10T02:57:32.809853,0,0,655.2995980000001,0
2026-03-10T02:57:33.816833,0,0,655.2995980000001,0
2026-03-10T02:57:34.822776,0,0,655.2995980000001,0
2026-03-10T02:57:35.830843,0,0,655.2995980000001,0
2026-03-10T02:57:36.836808,0,0,655.2995980000001,0
2026-03-10T02:57:37.843736,0,0,655.2995980000001,0
2026-03-10T02:57:38.849778,0,0,655.2995980000001,0
2026-03-10T02:57:39.856793,0,0,655.2995980000001,0
2026-03-10T02:57:40.862907,0,0,655.2995980000001,0
2026-03-10T02:57:41.869734,0,0,655.2995980000001,0
2026-03-10T02:57:42.876729,0,0,655.2995980000001,0
2026-03-10T02:57:43.883693,0,0,655.2995980000001,0
2026-03-10T02:57:44.890801,0,0,655.2995980000001,0
2026-03-10T02:57:45.896709,0,0,655.2995980000001,0
2026-03-10T02:57:46.903833,0,0,655.2995980000001,0
2026-03-10T02:57:48.905642,0,0,654.4175720000001,0
2026-03-10T02:57:48.916647,0,0,655.2995980000001,0
2026-03-10T02:57:49.923659,0,0,655.2995980000001,0
2026-03-10T02:57:50.929696,0,0,655.2995980000001,0
2026-03-10T02:57:51.937668,0,0,655.2995980000001,0
2026-03-10T02:57:52.943666,0,0,655.2995980000001,0
2026-03-10T02:57:53.950713,0,0,655.2995980000001,0
2026-03-10T02:57:55.952504,0,0,655.2995980000001,0
2026-03-10T02:57:55.963621,0,0,655.2995980000001,0
2026-03-10T02:57:56.970731,0,0,655.2995980000001,0
2026-03-10T02:57:57.976611,0,0,655.2995980000001,0
2026-03-10T02:57:58.983602,0,0,655.2995980000001,0
2026-03-10T02:57:59.990702,0,0,655.2995980000001,0
2026-03-10T02:58:00.997609,0,0,655.2995980000001,0
2026-03-10T02:58:02.999436,0,0,655.2995980000001,0
2026-03-10T02:58:03.010663,0,0,655.2995980000001,0
2026-03-10T02:58:04.017593,0,0,655.2995980000001,0
2026-03-10T02:58:05.023593,0,0,655.2995980000001,0
2026-03-10T02:58:06.030652,0,0,655.2995980000001,0
2026-03-10T02:58:07.036577,0,0,655.2995980000001,0
2026-03-10T02:58:08.044567,0,0,655.2995980000001,0
2026-03-10T02:58:09.050727,0,0,655.2995980000001,0
2026-03-10T02:58:10.057569,0,0,655.2995980000001,0
2026-03-10T02:58:11.063541,0,0,655.2995980000001,0
2026-03-10T02:58:12.070675,0,0,655.2995980000001,0
2026-03-10T02:58:13.077579,0,0,655.2995980000001,0
2026-03-10T02:58:14.083593,0,0,655.2995980000001,0
2026-03-10T02:58:15.090689,0,0,655.2995980000001,0
2026-03-10T02:58:16.097566,0,0,655.2995980000001,0
2026-03-10T02:58:17.104561,0,0,655.2995980000001,0
2026-03-10T02:58:18.110684,0,0,655.2995980000001,0
2026-03-10T02:58:20.112570,0,0,655.2995980000001,0
2026-03-10T02:58:20.124580,0,0,655.2995980000001,0
2026-03-10T02:58:21.130629,0,0,655.2995980000001,0
2026-03-10T02:58:22.137534,0,0,655.2995980000001,0
2026-03-10T02:58:23.144550,0,0,655.2995980000001,0
2026-03-10T02:58:24.150582,0,0,655.2995980000001,0
2026-03-10T02:58:25.157544,0,0,655.2995980000001,0
2026-03-10T02:58:26.164427,0,0,655.2995980000001,0
2026-03-10T02:58:27.170577,0,0,655.2995980000001,0
2026-03-10T02:58:28.177459,0,0,655.2995980000001,0
2026-03-10T02:58:29.184448,0,0,655.2995980000001,0
2026-03-10T02:58:30.190539,0,0,655.2995980000001,0
2026-03-10T02:58:31.198515,0,0,655.2995980000001,0
2026-03-10T02:58:32.203417,0,0,653.5355460000001,0
2026-03-10T02:58:33.211409,0,0,655.2995980000001,0
2026-03-10T02:58:35.213288,0,0,655.2995980000001,0
2026-03-10T02:58:56.620020,0,0,655.2995980000001,0
2026-03-10T02:58:57.626480,0,0,655.2995980000001,0
2026-03-10T02:58:58.632344,0,0,654.4175720000001,0
2026-03-10T02:59:00.634215,0,0,655.2995980000001,0
2026-03-10T02:59:00.645368,0,0,655.2995980000001,0
2026-03-10T02:59:01.653342,0,0,655.2995980000001,0
2026-03-10T02:59:02.659293,0,0,655.2995980000001,0
2026-03-10T02:59:03.666356,0,0,655.2995980000001,0
2026-03-10T02:59:04.673318,0,0,655.2995980000001,0
2026-03-10T02:59:05.679290,0,0,655.2995980000001,0
2026-03-10T02:59:06.686357,0,0,655.2995980000001,0
2026-03-10T02:59:07.692281,0,0,655.2995980000001,0
2026-03-10T02:59:08.699316,0,0,655.2995980000001,0
2026-03-10T02:59:09.706268,0,0,655.2995980000001,0
2026-03-10T02:59:10.713267,0,0,655.2995980000001,0
2026-03-10T02:59:11.719292,0,0,655.2995980000001,0
2026-03-10T02:59:12.726267,0,0,655.2995980000001,0
2026-03-10T02:59:13.733238,0,0,656.181624,0
2026-03-10T02:59:14.739328,0,0,655.2995980000001,0
2026-03-10T02:59:16.741207,0,0,655.2995980000001,0
2026-03-10T02:59:38.114787,0,0,655.2995980000001,0
2026-03-10T02:59:39.121131,0,0,655.2995980000001,0
2026-03-10T02:59:40.126069,0,0,655.2995980000001,0
2026-03-10T02:59:42.128051,0,0,655.2995980000001,0
2026-03-10T02:59:42.140004,0,0,655.2995980000001,0
2026-03-10T02:59:43.147075,0,0,655.2995980000001,0
2026-03-10T02:59:44.154050,0,0,656.181624,0
2026-03-10T02:59:45.161023,0,0,655.2995980000001,0
2026-03-10T02:59:46.168025,0,0,655.2995980000001,0
2026-03-10T02:59:47.173996,0,0,655.2995980000001,0
2026-03-10T02:59:48.179039,0,0,655.2995980000001,0
2026-03-10T02:59:50.180887,0,0,656.181624,0
2026-03-10T02:59:50.194011,0,0,655.2995980000001,0
2026-03-10T02:59:51.199004,0,0,655.2995980000001,0
2026-03-10T02:59:52.207986,0,0,655.2995980000001,0
2026-03-10T02:59:53.213966,0,0,655.2995980000001,0
2026-03-10T02:59:54.221036,0,0,655.2995980000001,0
2026-03-10T02:59:55.228021,0,0,655.2995980000001,0
2026-03-10T02:59:56.234087,0,0,655.2995980000001,0
2026-03-10T02:59:58.236058,0,0,655.2995980000001,0
2026-03-10T02:59:58.247009,0,0,655.2995980000001,0
2026-03-10T02:59:59.254032,0,0,655.2995980000001,0
2026-03-10T03:00:00.261055,0,0,655.2995980000001,0
2026-03-10T03:00:01.268043,0,0,655.2995980000001,0
2026-03-10T03:00:02.274054,0,0,655.2995980000001,0
2026-03-10T03:00:03.281042,0,0,655.2995980000001,0
2026-03-10T03:00:04.286989,0,0,655.2995980000001,0
2026-03-10T03:00:05.294033,0,0,655.2995980000001,0
2026-03-10T03:00:06.300997,0,0,655.2995980000001,0
2026-03-10T03:00:07.306996,0,0,655.2995980000001,0
2026-03-10T03:00:08.314992,0,0,655.2995980000001,0
2026-03-10T03:00:09.320980,0,0,655.2995980000001,0
2026-03-10T03:00:10.327980,0,0,655.2995980000001,0
2026-03-10T03:00:11.334983,0,0,655.2995980000001,0
2026-03-10T03:00:12.339992,0,0,655.2995980000001,0
2026-03-10T03:00:13.347981,0,0,655.2995980000001,0
2026-03-10T03:00:14.353961,0,0,655.2995980000001,0
2026-03-10T03:00:15.361950,0,0,655.2995980000001,0
2026-03-10T03:00:16.366963,0,0,655.2995980000001,0
2026-03-10T03:00:17.374950,0,0,655.2995980000001,0
2026-03-10T03:00:18.381945,0,0,655.2995980000001,0
2026-03-10T03:00:19.387947,0,0,655.2995980000001,0
2026-03-10T03:00:21.389782,0,0,655.2995980000001,0
2026-03-10T03:00:21.400965,0,0,655.2995980000001,0
2026-03-10T03:00:22.407945,0,0,655.2995980000001,0
2026-03-10T03:00:23.414928,0,0,655.2995980000001,0
2026-03-10T03:00:24.421915,0,0,655.2995980000001,0
2026-03-10T03:00:25.427921,0,0,655.2995980000001,0
2026-03-10T03:00:26.434916,0,0,655.2995980000001,0
2026-03-10T03:00:27.441793,0,0,655.2995980000001,0
2026-03-10T03:00:29.443573,0,0,655.2995980000001,0
2026-03-10T03:00:29.454886,0,0,655.2995980000001,0
2026-03-10T03:00:30.460886,0,0,655.2995980000001,0
2026-03-10T03:00:31.468886,0,0,655.2995980000001,0
2026-03-10T03:00:32.474897,0,0,655.2995980000001,0
2026-03-10T03:00:33.481887,0,0,655.2995980000001,0
2026-03-10T03:00:34.488783,0,0,656.181624,0
2026-03-10T03:00:36.490709,0,0,655.2995980000001,0
2026-03-10T03:00:36.501848,0,0,655.2995980000001,0
2026-03-10T03:00:37.507825,0,0,655.2995980000001,0
2026-03-10T03:00:38.514806,0,0,655.2995980000001,0
2026-03-10T03:00:39.521717,0,0,655.2995980000001,0
2026-03-10T03:00:40.528647,0,0,655.2995980000001,0
2026-03-10T03:00:41.534654,0,0,655.2995980000001,0
2026-03-10T03:00:43.536467,0,0,655.2995980000001,0
2026-03-10T03:00:43.548513,0,0,655.2995980000001,0
2026-03-10T03:00:44.554553,0,0,655.2995980000001,0
2026-03-10T03:00:45.561456,0,0,655.2995980000001,0
2026-03-10T03:00:46.567384,0,0,655.2995980000001,0
2026-03-10T03:00:47.575378,0,0,655.2995980000001,0
2026-03-10T03:00:48.581330,0,0,655.2995980000001,0
2026-03-10T03:00:50.583219,0,0,655.2995980000001,0
2026-03-10T03:00:50.595246,0,0,655.2995980000001,0
2026-03-10T03:00:51.601224,0,0,655.2995980000001,0
2026-03-10T03:00:52.608173,0,0,655.2995980000001,0
2026-03-10T03:00:53.614129,0,0,656.181624,0
2026-03-10T03:00:54.621084,0,0,655.2995980000001,0
2026-03-10T03:00:55.628044,0,0,656.181624,0
2026-03-10T03:00:56.635049,0,0,655.2995980000001,0
2026-03-10T03:00:57.640882,0,0,655.2995980000001,0
2026-03-10T03:00:58.647809,0,0,655.2995980000001,0
2026-03-10T03:00:59.654958,0,0,655.2995980000001,0
2026-03-10T03:01:00.660769,0,0,655.2995980000001,0
2026-03-10T03:01:01.666789,0,0,655.2995980000001,0
2026-03-10T03:01:02.673673,0,0,654.4175720000001,0
2026-03-10T03:01:03.681604,0,0,655.2995980000001,0
2026-03-10T03:01:04.687579,0,0,655.2995980000001,0
2026-03-10T03:01:05.694583,0,0,655.2995980000001,0
2026-03-10T03:01:07.696363,0,0,655.2995980000001,0
2026-03-10T03:01:07.707386,0,0,655.2995980000001,0
2026-03-10T03:01:08.714484,0,0,656.181624,0
2026-03-10T03:01:09.720322,0,0,655.2995980000001,0
2026-03-10T03:01:10.728339,0,0,655.2995980000001,0
2026-03-10T03:01:11.734378,0,0,655.2995980000001,0
2026-03-10T03:01:12.741232,0,0,655.2995980000001,0
2026-03-10T03:01:13.747312,0,0,655.2995980000001,0
2026-03-10T03:01:15.749120,0,0,655.2995980000001,0
2026-03-10T03:01:15.761095,0,0,655.2995980000001,0
2026-03-10T03:01:16.767046,0,0,655.2995980000001,0
2026-03-10T03:01:17.774021,0,0,655.2995980000001,0
2026-03-10T03:01:18.780996,0,0,655.2995980000001,0
2026-03-10T03:01:19.787948,0,0,655.2995980000001,0
2026-03-10T03:01:20.792926,0,0,655.2995980000001,0
2026-03-10T03:01:21.800886,0,0,655.2995980000001,0
2026-03-10T03:01:22.807878,0,0,655.2995980000001,0
2026-03-10T03:01:23.813958,0,0,655.2995980000001,0
2026-03-10T03:01:24.820805,0,0,656.181624,0
2026-03-10T03:01:25.826807,0,0,655.2995980000001,0
2026-03-10T03:01:26.834778,0,0,655.2995980000001,0
2026-03-10T03:01:27.840659,0,0,655.2995980000001,0
2026-03-10T03:01:29.842617,0,0,655.2995980000001,0
2026-03-10T03:01:29.851529,0,0,656.181624,0
2026-03-10T03:01:30.860457,0,0,655.2995980000001,0
2026-03-10T03:01:31.867487,0,0,655.2995980000001,0
2026-03-10T03:01:32.873480,0,0,655.2995980000001,0
2026-03-10T03:01:33.880404,0,0,655.2995980000001,0
2026-03-10T03:01:34.887396,0,0,655.2995980000001,0
2026-03-10T03:01:35.894445,0,0,655.2995980000001,0
2026-03-10T03:01:36.900332,0,0,655.2995980000001,0
2026-03-10T03:01:37.907280,0,0,655.2995980000001,0
2026-03-10T03:01:38.914226,0,0,653.5355460000001,0
2026-03-10T03:01:39.920152,0,0,655.2995980000001,0
2026-03-10T03:01:40.927148,0,0,655.2995980000001,0
2026-03-10T03:01:41.933105,0,0,655.2995980000001,0
2026-03-10T03:01:42.941091,0,0,655.2995980000001,0
2026-03-10T03:01:44.942947,0,0,655.2995980000001,0
2026-03-10T03:02:39.366744,0,0,655.2995980000001,0
2026-03-10T03:02:40.372883,0,0,655.2995980000001,0
2026-03-10T03:02:41.376951,0,0,655.2995980000001,0
2026-03-10T03:02:43.378869,0,0,655.2995980000001,0
2026-03-10T03:03:35.381665,0,0,655.2995980000001,0
2026-03-10T03:03:37.863936,0,0,655.2995980000001,0
2026-03-10T03:03:38.870917,0,0,654.4175720000001,0
2026-03-10T03:03:39.876817,0,0,655.2995980000001,0
2026-03-10T03:03:41.878598,0,0,655.2995980000001,0
2026-03-10T03:03:41.889773,0,0,655.2995980000001,0
2026-03-10T03:03:42.896704,0,0,655.2995980000001,0
2026-03-10T03:03:43.903711,0,0,655.2995980000001,0
2026-03-10T03:03:44.910743,0,0,655.2995980000001,0
2026-03-10T03:03:45.917593,0,0,655.2995980000001,0
2026-03-10T03:03:46.923557,0,0,655.2995980000001,0
2026-03-10T03:03:47.930631,0,0,655.2995980000001,0
2026-03-10T03:03:48.936631,0,0,655.2995980000001,0
2026-03-10T03:03:50.938513,0,0,655.2995980000001,0
2026-03-10T03:03:50.949432,0,0,655.2995980000001,0
2026-03-10T03:03:51.957412,0,0,655.2995980000001,0
2026-03-10T03:03:52.963366,0,0,655.2995980000001,0
2026-03-10T03:03:53.970531,0,0,655.2995980000001,0
2026-03-10T03:03:54.977286,0,0,655.2995980000001,0
2026-03-10T03:03:55.983282,0,0,655.2995980000001,0
2026-03-10T03:03:57.985038,0,0,655.2995980000001,0
2026-03-10T03:04:42.637764,0,0,655.2995980000001,0
2026-03-10T03:04:45.119858,0,0,655.2995980000001,0
2026-03-10T03:04:46.126818,0,0,655.2995980000001,0
2026-03-10T03:04:47.131716,0,0,656.181624,0
2026-03-10T03:04:48.139788,0,0,655.2995980000001,0
2026-03-10T03:04:49.145726,0,0,655.2995980000001,0
2026-03-10T03:04:50.152702,0,0,656.181624,0
2026-03-10T03:04:51.159689,0,0,655.2995980000001,0
2026-03-10T03:04:52.166734,0,0,655.2995980000001,0
2026-03-10T03:04:53.173618,0,0,655.2995980000001,0
2026-03-10T03:04:54.179564,0,0,655.2995980000001,0
2026-03-10T03:04:56.181421,0,0,655.2995980000001,0
2026-03-10T03:04:56.192499,0,0,655.2995980000001,0
2026-03-10T03:04:57.199512,0,0,655.2995980000001,0
2026-03-10T03:04:58.205486,0,0,655.2995980000001,0
2026-03-10T03:04:59.213459,0,0,655.2995980000001,0
2026-03-10T03:05:00.219438,0,0,655.2995980000001,0
2026-03-10T03:05:01.226269,0,0,655.2995980000001,0
2026-03-10T03:05:02.233372,0,0,657.06365,0
2026-03-10T03:05:04.234840,0,0,655.2995980000001,0
2026-03-10T03:05:04.246368,0,0,655.2995980000001,0
2026-03-10T03:05:05.252268,0,0,655.2995980000001,0
2026-03-10T03:05:06.259215,0,0,655.2995980000001,0
2026-03-10T03:05:07.266198,0,0,655.2995980000001,0
2026-03-10T03:05:08.273189,0,0,655.2995980000001,0
2026-03-10T03:05:09.280157,0,0,655.2995980000001,0
2026-03-10T03:05:10.286121,0,0,655.2995980000001,0
2026-03-10T03:05:12.288128,0,0,656.181624,0
2026-03-10T03:05:12.299065,0,0,655.2995980000001,0
2026-03-10T03:05:13.306024,0,0,655.2995980000001,0
2026-03-10T03:05:14.312031,0,0,655.2995980000001,0
2026-03-10T03:05:15.319964,0,0,655.2995980000001,0
2026-03-10T03:05:16.324954,0,0,655.2995980000001,0
2026-03-10T03:05:17.332921,0,0,655.2995980000001,0
2026-03-10T03:05:18.339868,0,0,655.2995980000001,0
2026-03-10T03:05:19.345877,0,0,655.2995980000001,0
2026-03-10T03:05:20.352842,0,0,655.2995980000001,0
2026-03-10T03:05:21.358810,0,0,655.2995980000001,0
2026-03-10T03:05:22.366798,0,0,655.2995980000001,0
2026-03-10T03:05:23.372747,0,0,655.2995980000001,0
2026-03-10T03:05:24.378973,0,0,655.2995980000001,0
2026-03-10T03:05:25.386799,0,0,655.2995980000001,0
2026-03-10T03:05:26.392651,0,0,655.2995980000001,0
2026-03-10T03:05:27.399626,0,0,655.2995980000001,0
2026-03-10T03:05:28.405592,0,0,655.2995980000001,0
2026-03-10T03:05:29.412559,0,0,655.2995980000001,0
2026-03-10T03:05:30.419554,0,0,655.2995980000001,0
2026-03-10T03:05:31.426593,0,0,655.2995980000001,0
2026-03-10T03:05:32.431514,0,0,655.2995980000001,0
2026-03-10T03:05:33.439472,0,0,655.2995980000001,0
2026-03-10T03:05:34.446568,0,0,655.2995980000001,0
2026-03-10T03:05:35.452429,0,0,655.2995980000001,0
2026-03-10T03:05:36.459387,0,0,655.2995980000001,0
2026-03-10T03:05:37.465380,0,0,655.2995980000001,0
2026-03-10T03:05:38.473349,0,0,657.06365,0
2026-03-10T03:05:39.479275,0,0,655.2995980000001,0
2026-03-10T03:05:41.481030,0,0,655.2995980000001,0
2026-03-10T03:05:41.493213,0,0,655.2995980000001,0
2026-03-10T03:05:42.499205,0,0,655.2995980000001,0
2026-03-10T03:05:43.506180,0,0,655.2995980000001,0
2026-03-10T03:05:44.512173,0,0,655.2995980000001,0
2026-03-10T03:05:45.519174,0,0,655.2995980000001,0
2026-03-10T03:05:46.526083,0,0,655.2995980000001,0
2026-03-10T03:05:47.531078,0,0,655.2995980000001,0
2026-03-10T03:05:48.539071,0,0,656.181624,0
2026-03-10T03:05:49.546014,0,0,655.2995980000001,0
2026-03-10T03:05:50.552984,0,0,656.181624,0
2026-03-10T03:05:51.558972,0,0,655.2995980000001,0
2026-03-10T03:05:52.565931,0,0,655.2995980000001,0
2026-03-10T03:05:53.571907,0,0,655.2995980000001,0
2026-03-10T03:05:54.578898,0,0,655.2995980000001,0
2026-03-10T03:05:56.580696,0,0,655.2995980000001,0
2026-03-10T03:06:31.630628,0,0,655.2995980000001,0
2026-03-10T03:06:34.112932,0,0,655.2995980000001,0
2026-03-10T03:06:35.119897,0,0,655.2995980000001,0
2026-03-10T03:06:36.124864,0,0,655.2995980000001,0
2026-03-10T03:06:37.132824,0,0,655.2995980000001,0
2026-03-10T03:06:38.138857,0,0,655.2995980000001,0
2026-03-10T03:06:39.145770,0,0,655.2995980000001,0
2026-03-10T03:06:40.152717,0,0,655.2995980000001,0
2026-03-10T03:06:41.159684,0,0,655.2995980000001,0
2026-03-10T03:06:42.166682,0,0,655.2995980000001,0
2026-03-10T03:06:43.170806,0,0,655.2995980000001,0
2026-03-10T03:06:45.172560,0,0,655.2995980000001,0
2026-03-10T03:06:45.185561,0,0,655.2995980000001,0
2026-03-10T03:06:46.192638,0,0,655.2995980000001,0
2026-03-10T03:06:47.198671,0,0,655.2995980000001,0
2026-03-10T03:06:48.205584,0,0,655.2995980000001,0
2026-03-10T03:06:49.212558,0,0,655.2995980000001,0
2026-03-10T03:06:50.219545,0,0,655.2995980000001,0
2026-03-10T03:06:51.226550,0,0,655.2995980000001,0
2026-03-10T03:06:53.228418,0,0,655.2995980000001,0
2026-03-10T03:06:53.239432,0,0,655.2995980000001,0
2026-03-10T03:06:54.245441,0,0,655.2995980000001,0
2026-03-10T03:06:55.253414,0,0,655.2995980000001,0
2026-03-10T03:06:56.259399,0,0,655.2995980000001,0
2026-03-10T03:06:57.266515,0,0,655.2995980000001,0
2026-03-10T03:06:58.273346,0,0,654.4175720000001,0
2026-03-10T03:06:59.278499,0,0,655.2995980000001,0
2026-03-10T03:07:00.286461,0,0,655.2995980000001,0
2026-03-10T03:07:01.292287,0,0,656.181624,0
2026-03-10T03:07:02.299254,0,0,655.2995980000001,0
2026-03-10T03:07:03.306222,0,0,655.2995980000001,0
2026-03-10T03:07:04.313211,0,0,655.2995980000001,0
2026-03-10T03:07:05.318202,0,0,655.2995980000001,0
2026-03-10T03:07:06.324206,0,0,655.2995980000001,0
2026-03-10T03:07:07.333181,0,0,655.2995980000001,0
2026-03-10T03:07:08.339038,0,0,655.2995980000001,0
2026-03-10T03:07:09.346014,0,0,655.2995980000001,0
2026-03-10T03:07:10.352015,0,0,655.2995980000001,0
2026-03-10T03:07:11.359957,0,0,655.2995980000001,0
2026-03-10T03:07:12.365935,0,0,655.2995980000001,0
2026-03-10T03:07:13.372909,0,0,655.2995980000001,0
2026-03-10T03:07:14.379890,0,0,655.2995980000001,0
2026-03-10T03:07:15.385865,0,0,655.2995980000001,0
2026-03-10T03:07:16.392888,0,0,655.2995980000001,0
2026-03-10T03:07:17.398964,0,0,655.2995980000001,0
2026-03-10T03:07:19.400701,0,0,655.2995980000001,0
2026-03-10T03:07:19.412746,0,0,655.2995980000001,0
2026-03-10T03:07:20.419770,0,0,655.2995980000001,0
2026-03-10T03:07:21.425743,0,0,655.2995980000001,0
2026-03-10T03:07:22.432721,0,0,655.2995980000001,0
2026-03-10T03:07:23.439709,0,0,655.2995980000001,0
2026-03-10T03:07:24.445730,0,0,655.2995980000001,0
2026-03-10T03:07:25.452746,0,0,655.2995980000001,0
2026-03-10T03:07:26.458783,0,0,656.181624,0
2026-03-10T03:07:27.466741,0,0,655.2995980000001,0
2026-03-10T03:07:28.472679,0,0,656.181624,0
2026-03-10T03:07:29.479667,0,0,655.2995980000001,0
2026-03-10T03:07:30.486729,0,0,656.181624,0
2026-03-10T03:07:31.491590,0,0,655.2995980000001,0
2026-03-10T03:07:33.493474,0,0,655.2995980000001,0
2026-03-10T03:08:25.379061,0,0,655.2995980000001,0
2026-03-10T03:08:27.861351,0,0,655.2995980000001,0
2026-03-10T03:08:28.868295,0,0,655.2995980000001,0
2026-03-10T03:08:29.874401,0,0,654.4175720000001,0
2026-03-10T03:08:31.876230,0,0,655.2995980000001,0
2026-03-10T03:08:31.887245,0,0,655.2995980000001,0
2026-03-10T03:08:32.894243,0,0,654.4175720000001,0
2026-03-10T03:08:33.901212,0,0,655.2995980000001,0
2026-03-10T03:08:34.908085,0,0,655.2995980000001,0
2026-03-10T03:08:35.915182,0,0,655.2995980000001,0
2026-03-10T03:08:36.921186,0,0,655.2995980000001,0
2026-03-10T03:08:37.928137,0,0,655.2995980000001,0
2026-03-10T03:08:39.930014,0,0,655.2995980000001,0
2026-03-10T03:08:39.941117,0,0,655.2995980000001,0
2026-03-10T03:08:40.948113,0,0,655.2995980000001,0
2026-03-10T03:08:41.955086,0,0,656.181624,0
2026-03-10T03:08:42.961071,0,0,655.2995980000001,0
2026-03-10T03:08:43.968044,0,0,655.2995980000001,0
2026-03-10T03:08:44.975065,0,0,655.2995980000001,0
2026-03-10T03:08:45.980997,0,0,655.2995980000001,0
2026-03-10T03:08:47.982843,0,0,655.2995980000001,0
2026-03-10T03:08:47.993835,0,0,655.2995980000001,0
2026-03-10T03:08:49.001863,0,0,655.2995980000001,0
2026-03-10T03:08:50.007870,0,0,655.2995980000001,0
2026-03-10T03:08:51.014839,0,0,655.2995980000001,0
2026-03-10T03:08:52.021835,0,0,655.2995980000001,0
2026-03-10T03:08:53.027717,0,0,655.2995980000001,0
2026-03-10T03:08:55.029448,0,0,655.2995980000001,0
2026-03-10T03:08:55.040781,0,0,655.2995980000001,0
2026-03-10T03:08:56.047788,0,0,655.2995980000001,0
2026-03-10T03:08:57.054805,0,0,655.2995980000001,0
2026-03-10T03:08:58.061610,0,0,655.2995980000001,0
2026-03-10T03:08:59.067653,0,0,655.2995980000001,0
2026-03-10T03:09:00.074748,0,0,655.2995980000001,0
2026-03-10T03:09:01.081692,0,0,655.2995980000001,0
2026-03-10T03:09:03.082861,0,0,655.2995980000001,0
2026-03-10T03:09:03.093681,0,0,655.2995980000001,0
2026-03-10T03:09:04.100631,0,0,655.2995980000001,0
2026-03-10T03:09:05.108595,0,0,655.2995980000001,0
2026-03-10T03:09:06.114663,0,0,656.181624,0
2026-03-10T03:09:07.121556,0,0,655.2995980000001,0
2026-03-10T03:09:08.128583,0,0,655.2995980000001,0
2026-03-10T03:09:09.134684,0,0,655.2995980000001,0
2026-03-10T03:09:10.141526,0,0,655.2995980000001,0
2026-03-10T03:09:11.147492,0,0,655.2995980000001,0
2026-03-10T03:09:12.154558,0,0,655.2995980000001,0
2026-03-10T03:09:13.161447,0,0,655.2995980000001,0
2026-03-10T03:09:14.168421,0,0,655.2995980000001,0
2026-03-10T03:09:15.174482,0,0,655.2995980000001,0
2026-03-10T03:09:16.181375,0,0,655.2995980000001,0
2026-03-10T03:09:18.182912,0,0,656.181624,0
2026-03-10T03:09:45.881271,0,0,655.2995980000001,0
2026-03-10T03:09:48.363751,0,0,655.2995980000001,0
2026-03-10T03:09:49.370734,0,0,655.2995980000001,0
2026-03-10T03:09:50.376723,0,0,655.2995980000001,0
2026-03-10T03:09:51.383767,0,0,655.2995980000001,0
2026-03-10T03:09:53.385569,0,0,655.2995980000001,0
2026-03-10T03:09:53.397592,0,0,655.2995980000001,0
2026-03-10T03:09:54.403586,0,0,655.2995980000001,0
2026-03-10T03:09:55.410674,0,0,655.2995980000001,0
2026-03-10T03:09:56.417587,0,0,655.2995980000001,0
2026-03-10T03:09:57.423548,0,0,655.2995980000001,0
2026-03-10T03:09:58.430638,0,0,655.2995980000001,0
2026-03-10T03:10:00.432378,0,0,655.2995980000001,0
2026-03-10T03:10:00.443563,0,0,656.181624,0
2026-03-10T03:10:02.445331,0,0,655.2995980000001,0
2026-03-10T03:10:02.457436,0,0,655.2995980000001,0
2026-03-10T03:10:03.463466,0,0,655.2995980000001,0
2026-03-10T03:10:04.470560,0,0,655.2995980000001,0
2026-03-10T03:10:05.477404,0,0,655.2995980000001,0
2026-03-10T03:10:06.483437,0,0,655.2995980000001,0
2026-03-10T03:10:07.490468,0,0,655.2995980000001,0
2026-03-10T03:10:09.492254,0,0,656.181624,0
2026-03-10T03:10:09.504288,0,0,655.2995980000001,0
2026-03-10T03:10:10.510449,0,0,655.2995980000001,0
2026-03-10T03:10:11.517331,0,0,655.2995980000001,0
2026-03-10T03:10:12.524287,0,0,655.2995980000001,0
2026-03-10T03:10:13.530250,0,0,655.2995980000001,0
2026-03-10T03:10:14.536322,0,0,655.2995980000001,0
2026-03-10T03:10:15.543331,0,0,655.2995980000001,0
2026-03-10T03:10:16.550378,0,0,655.2995980000001,0
2026-03-10T03:10:17.557264,0,0,655.2995980000001,0
2026-03-10T03:10:18.564250,0,0,655.2995980000001,0
2026-03-10T03:10:20.566097,0,0,655.2995980000001,0
2026-03-10T03:10:20.577145,0,0,655.2995980000001,0
2026-03-10T03:10:21.583123,0,0,655.2995980000001,0
2026-03-10T03:10:22.590100,0,0,655.2995980000001,0
2026-03-10T03:10:23.597079,0,0,655.2995980000001,0
2026-03-10T03:10:24.603093,0,0,655.2995980000001,0
2026-03-10T03:10:26.604860,0,0,655.2995980000001,0
2026-03-10T03:10:26.617061,0,0,655.2995980000001,0
2026-03-10T03:10:27.624050,0,0,655.2995980000001,0
2026-03-10T03:10:28.631006,0,0,655.2995980000001,0
2026-03-10T03:10:29.636970,0,0,655.2995980000001,0
2026-03-10T03:10:30.644010,0,0,655.2995980000001,0
2026-03-10T03:10:31.649944,0,0,655.2995980000001,0
2026-03-10T03:10:32.657957,0,0,655.2995980000001,0
2026-03-10T03:10:34.659752,0,0,655.2995980000001,0
2026-03-10T03:10:34.669869,0,0,655.2995980000001,0
2026-03-10T03:10:35.676891,0,0,655.2995980000001,0
2026-03-10T03:10:36.683875,0,0,655.2995980000001,0
2026-03-10T03:10:37.690844,0,0,655.2995980000001,0
2026-03-10T03:10:38.696816,0,0,655.2995980000001,0
2026-03-10T03:10:39.703794,0,0,655.2995980000001,0
2026-03-10T03:10:40.710926,0,0,655.2995980000001,0
2026-03-10T03:10:41.717869,0,0,655.2995980000001,0
2026-03-10T03:10:42.723829,0,0,655.2995980000001,0
2026-03-10T03:10:44.725603,0,0,655.2995980000001,0
2026-03-10T03:10:44.737697,0,0,655.2995980000001,0
2026-03-10T03:10:45.743764,0,0,656.181624,0
2026-03-10T03:10:46.750776,0,0,655.2995980000001,0
2026-03-10T03:10:47.756689,0,0,655.2995980000001,0
2026-03-10T03:10:48.763649,0,0,654.4175720000001,0
2026-03-10T03:10:49.768720,0,0,655.2995980000001,0
2026-03-10T03:10:50.777734,0,0,655.2995980000001,0
2026-03-10T03:10:51.783631,0,0,655.2995980000001,0
2026-03-10T03:10:52.790677,0,0,655.2995980000001,0
2026-03-10T03:10:53.797615,0,0,655.2995980000001,0
2026-03-10T03:10:54.803584,0,0,655.2995980000001,0
2026-03-10T03:10:55.810663,0,0,655.2995980000001,0
2026-03-10T03:10:56.817540,0,0,655.2995980000001,0
2026-03-10T03:10:57.824498,0,0,655.2995980000001,0
2026-03-10T03:10:58.830593,0,0,655.2995980000001,0
2026-03-10T03:10:59.836444,0,0,655.2995980000001,0
2026-03-10T03:11:00.844545,0,0,654.4175720000001,0
2026-03-10T03:11:01.850555,0,0,655.2995980000001,0
2026-03-10T03:11:02.857453,0,0,654.4175720000001,0
2026-03-10T03:11:03.863415,0,0,655.2995980000001,0
2026-03-10T03:11:04.871386,0,0,655.2995980000001,0
2026-03-10T03:11:05.876392,0,0,655.2995980000001,0
2026-03-10T03:11:06.884414,0,0,655.2995980000001,0
2026-03-10T03:11:07.890489,0,0,655.2995980000001,0
2026-03-10T03:11:08.896283,0,0,655.2995980000001,0
2026-03-10T03:11:29.869901,0,0,655.2995980000001,0
2026-03-10T03:11:30.883024,0,0,655.2995980000001,0
2026-03-10T03:11:31.890962,0,0,655.2995980000001,0
2026-03-10T03:11:32.896979,0,0,655.2995980000001,0
2026-03-10T03:11:33.903931,0,0,655.2995980000001,0
2026-03-10T03:11:34.910941,0,0,655.2995980000001,0
2026-03-10T03:11:35.916923,0,0,655.2995980000001,0
2026-03-10T03:11:36.921952,0,0,655.2995980000001,0
2026-03-10T03:11:56.880074,0,0,655.2995980000001,0
2026-03-10T03:11:59.362662,0,0,655.2995980000001,0
2026-03-10T03:12:00.369517,0,0,655.2995980000001,0
2026-03-10T03:12:01.375503,0,0,656.181624,0
2026-03-10T03:12:02.382633,0,0,655.2995980000001,0
2026-03-10T03:12:04.384452,0,0,655.2995980000001,0
2026-03-10T03:12:04.395420,0,0,655.2995980000001,0
2026-03-10T03:12:05.402562,0,0,655.2995980000001,0
2026-03-10T03:12:06.409402,0,0,655.2995980000001,0
2026-03-10T03:12:07.416448,0,0,655.2995980000001,0
2026-03-10T03:12:08.421449,0,0,655.2995980000001,0
2026-03-10T03:12:09.429407,0,0,655.2995980000001,0
2026-03-10T03:12:10.435454,0,0,655.2995980000001,0
2026-03-10T03:12:11.442545,0,0,655.2995980000001,0
2026-03-10T03:12:12.448362,0,0,655.2995980000001,0
2026-03-10T03:12:13.456378,0,0,655.2995980000001,0
2026-03-10T03:12:14.462441,0,0,655.2995980000001,0
2026-03-10T03:12:15.468348,0,0,655.2995980000001,0
2026-03-10T03:12:16.476256,0,0,654.4175720000001,0
2026-03-10T03:12:17.482377,0,0,655.2995980000001,0
2026-03-10T03:12:18.489232,0,0,655.2995980000001,0
2026-03-10T03:12:19.495253,0,0,655.2995980000001,0
2026-03-10T03:12:20.503237,0,0,655.2995980000001,0
2026-03-10T03:12:21.509192,0,0,655.2995980000001,0
2026-03-10T03:12:22.516148,0,0,656.181624,0
2026-03-10T03:12:23.523154,0,0,655.2995980000001,0
2026-03-10T03:12:24.529186,0,0,655.2995980000001,0
2026-03-10T03:12:26.531024,0,0,654.4175720000001,0
2026-03-10T03:12:26.542071,0,0,655.2995980000001,0
2026-03-10T03:12:27.549144,0,0,655.2995980000001,0
2026-03-10T03:12:28.556121,0,0,655.2995980000001,0
2026-03-10T03:12:29.563101,0,0,655.2995980000001,0
2026-03-10T03:12:30.568072,0,0,655.2995980000001,0
2026-03-10T03:12:31.576118,0,0,654.4175720000001,0
2026-03-10T03:12:32.583109,0,0,655.2995980000001,0
2026-03-10T03:12:33.589052,0,0,655.2995980000001,0
2026-03-10T03:12:34.596030,0,0,655.2995980000001,0
2026-03-10T03:12:35.602017,0,0,655.2995980000001,0
2026-03-10T03:12:36.609997,0,0,655.2995980000001,0
2026-03-10T03:12:37.615993,0,0,655.2995980000001,0
2026-03-10T03:12:38.622890,0,0,655.2995980000001,0
2026-03-10T03:12:39.629010,0,0,655.2995980000001,0
2026-03-10T03:12:41.630798,0,0,655.2995980000001,0
2026-03-10T03:12:41.642896,0,0,655.2995980000001,0
2026-03-10T03:12:42.648894,0,0,656.181624,0
2026-03-10T03:12:43.655886,0,0,655.2995980000001,0
2026-03-10T03:12:44.662890,0,0,655.2995980000001,0
2026-03-10T03:12:45.669849,0,0,655.2995980000001,0
2026-03-10T03:12:46.674828,0,0,655.2995980000001,0
2026-03-10T03:12:47.682884,0,0,656.181624,0
2026-03-10T03:12:48.689837,0,0,655.2995980000001,0
2026-03-10T03:12:49.695801,0,0,655.2995980000001,0
2026-03-10T03:12:50.702841,0,0,655.2995980000001,0
2026-03-10T03:12:51.708780,0,0,655.2995980000001,0
2026-03-10T03:12:52.716757,0,0,655.2995980000001,0
2026-03-10T03:12:53.722761,0,0,655.2995980000001,0
2026-03-10T03:12:54.729640,0,0,655.2995980000001,0
2026-03-10T03:12:55.736777,0,0,655.2995980000001,0
2026-03-10T03:12:56.742754,0,0,655.2995980000001,0
2026-03-10T03:12:57.749745,0,0,655.2995980000001,0
2026-03-10T03:13:33.635761,0,0,655.2995980000001,0
2026-03-10T03:13:36.118181,0,0,655.2995980000001,0
2026-03-10T03:13:37.125240,0,0,656.181624,0
2026-03-10T03:13:38.130149,0,0,655.2995980000001,0
2026-03-10T03:13:40.131968,0,0,655.2995980000001,0
2026-03-10T03:13:40.144076,0,0,655.2995980000001,0
2026-03-10T03:13:41.151106,0,0,655.2995980000001,0
2026-03-10T03:13:42.158085,0,0,655.2995980000001,0
2026-03-10T03:13:43.165084,0,0,655.2995980000001,0
2026-03-10T03:13:44.172063,0,0,655.2995980000001,0
2026-03-10T03:13:45.178076,0,0,654.4175720000001,0
2026-03-10T03:13:47.180028,0,0,655.2995980000001,0
2026-03-10T03:13:47.190970,0,0,655.2995980000001,0
2026-03-10T03:13:48.198001,0,0,655.2995980000001,0
2026-03-10T03:13:49.203981,0,0,655.2995980000001,0
2026-03-10T03:13:50.211961,0,0,655.2995980000001,0
2026-03-10T03:13:51.217990,0,0,655.2995980000001,0
2026-03-10T03:13:52.224951,0,0,655.2995980000001,0
2026-03-10T03:13:53.229992,0,0,655.2995980000001,0
2026-03-10T03:13:54.237982,0,0,655.2995980000001,0
2026-03-10T03:13:55.244947,0,0,655.2995980000001,0
2026-03-10T03:13:56.249916,0,0,655.2995980000001,0
2026-03-10T03:13:57.258922,0,0,655.2995980000001,0
2026-03-10T03:13:58.264889,0,0,655.2995980000001,0
2026-03-10T03:13:59.271913,0,0,655.2995980000001,0
2026-03-10T03:14:00.278938,0,0,655.2995980000001,0
2026-03-10T03:14:02.280752,0,0,655.2995980000001,0
2026-03-10T03:14:02.291762,0,0,655.2995980000001,0
2026-03-10T03:14:03.297811,0,0,655.2995980000001,0
2026-03-10T03:14:04.304748,0,0,655.2995980000001,0
2026-03-10T03:14:05.311764,0,0,655.2995980000001,0
2026-03-10T03:14:06.318782,0,0,655.2995980000001,0
2026-03-10T03:14:07.324747,0,0,655.2995980000001,0
2026-03-10T03:14:08.331762,0,0,655.2995980000001,0
2026-03-10T03:14:09.338862,0,0,655.2995980000001,0
2026-03-10T03:14:10.344730,0,0,655.2995980000001,0
2026-03-10T03:14:11.351737,0,0,655.2995980000001,0
2026-03-10T03:14:12.357694,0,0,655.2995980000001,0
2026-03-10T03:14:13.364705,0,0,655.2995980000001,0
2026-03-10T03:14:14.371690,0,0,655.2995980000001,0
2026-03-10T03:14:15.378792,0,0,655.2995980000001,0
2026-03-10T03:14:16.385655,0,0,655.2995980000001,0
2026-03-10T03:14:17.391687,0,0,655.2995980000001,0
2026-03-10T03:14:18.398729,0,0,655.2995980000001,0
2026-03-10T03:14:19.404634,0,0,655.2995980000001,0
2026-03-10T03:14:20.411616,0,0,655.2995980000001,0
2026-03-10T03:14:21.418682,0,0,655.2995980000001,0
2026-03-10T03:14:22.425573,0,0,655.2995980000001,0
2026-03-10T03:14:23.431576,0,0,655.2995980000001,0
2026-03-10T03:14:24.437604,0,0,655.2995980000001,0
2026-03-10T03:14:25.445579,0,0,655.2995980000001,0
2026-03-10T03:14:26.451545,0,0,655.2995980000001,0
2026-03-10T03:14:27.458605,0,0,655.2995980000001,0
2026-03-10T03:14:28.464508,0,0,655.2995980000001,0
2026-03-10T03:14:29.472461,0,0,655.2995980000001,0
2026-03-10T03:14:30.477481,0,0,657.945676,0
2026-03-10T03:14:31.485514,0,0,655.2995980000001,0
2026-03-10T03:14:32.492414,0,0,656.181624,0
2026-03-10T03:14:33.498501,0,0,655.2995980000001,0
2026-03-10T03:14:34.505396,0,0,655.2995980000001,0
2026-03-10T03:14:35.511456,0,0,655.2995980000001,0
2026-03-10T03:14:36.519401,0,0,655.2995980000001,0
2026-03-10T03:14:37.525404,0,0,655.2995980000001,0
2026-03-10T03:14:38.532391,0,0,655.2995980000001,0
2026-03-10T03:14:39.538441,0,0,655.2995980000001,0
2026-03-10T03:14:40.545352,0,0,654.4175720000001,0
2026-03-10T03:14:41.552380,0,0,655.2995980000001,0
2026-03-10T03:14:42.558433,0,0,655.2995980000001,0
2026-03-10T03:14:43.565337,0,0,655.2995980000001,0
2026-03-10T03:14:44.572329,0,0,655.2995980000001,0
2026-03-10T03:14:45.579312,0,0,655.2995980000001,0
2026-03-10T03:14:46.585271,0,0,655.2995980000001,0
2026-03-10T03:14:47.592289,0,0,655.2995980000001,0
2026-03-10T03:14:48.599227,0,0,655.2995980000001,0
2026-03-10T03:14:50.601065,0,0,655.2995980000001,0
2026-03-10T03:14:50.612238,0,0,655.2995980000001,0
2026-03-10T03:14:51.618230,0,0,655.2995980000001,0
2026-03-10T03:14:52.626204,0,0,655.2995980000001,0
2026-03-10T03:14:53.632172,0,0,655.2995980000001,0
2026-03-10T03:14:54.639156,0,0,655.2995980000001,0
2026-03-10T03:14:55.643137,0,0,655.2995980000001,0
2026-03-10T03:14:56.652241,0,0,655.2995980000001,0
2026-03-10T03:14:57.659142,0,0,655.2995980000001,0
2026-03-10T03:14:58.665143,0,0,655.2995980000001,0
2026-03-10T03:14:59.672120,0,0,655.2995980000001,0
2026-03-10T03:15:00.677093,0,0,655.2995980000001,0
2026-03-10T03:15:01.686147,0,0,655.2995980000001,0
2026-03-10T03:15:02.692069,0,0,655.2995980000001,0
2026-03-10T03:15:03.699079,0,0,655.2995980000001,0
2026-03-10T03:15:04.706064,0,0,655.2995980000001,0
2026-03-10T03:15:05.712034,0,0,655.2995980000001,0
2026-03-10T03:15:06.719042,0,0,655.2995980000001,0
2026-03-10T03:15:07.725036,0,0,655.2995980000001,0
2026-03-10T03:15:08.731009,0,0,655.2995980000001,0
2026-03-10T03:15:09.738993,0,0,655.2995980000001,0
2026-03-10T03:15:10.745943,0,0,655.2995980000001,0
2026-03-10T03:15:11.751901,0,0,655.2995980000001,0
2026-03-10T03:15:12.758902,0,0,655.2995980000001,0
2026-03-10T03:15:13.765889,0,0,655.2995980000001,0
2026-03-10T03:15:14.771892,0,0,655.2995980000001,0
2026-03-10T03:15:15.777907,0,0,655.2995980000001,0
2026-03-10T03:15:17.779763,0,0,655.2995980000001,0
2026-03-10T03:15:17.792900,0,0,655.2995980000001,0
2026-03-10T03:15:18.798887,0,0,655.2995980000001,0
2026-03-10T03:15:19.805863,0,0,655.2995980000001,0
2026-03-10T03:15:20.812842,0,0,655.2995980000001,0
2026-03-10T03:15:21.818912,0,0,655.2995980000001,0
2026-03-10T03:15:22.825821,0,0,655.2995980000001,0
2026-03-10T03:15:23.832708,0,0,655.2995980000001,0
2026-03-10T03:15:24.839848,0,0,655.2995980000001,0
2026-03-10T03:15:26.841632,0,0,655.2995980000001,0
2026-03-10T03:15:26.852692,0,0,655.2995980000001,0
2026-03-10T03:15:27.858830,0,0,655.2995980000001,0
2026-03-10T03:15:28.865738,0,0,655.2995980000001,0
2026-03-10T03:15:29.872738,0,0,655.2995980000001,0
2026-03-10T03:15:30.878764,0,0,656.181624,0
2026-03-10T03:15:31.886774,0,0,655.2995980000001,0
2026-03-10T03:15:32.892760,0,0,655.2995980000001,0
2026-03-10T03:15:33.899747,0,0,655.2995980000001,0
2026-03-10T03:15:34.905741,0,0,655.2995980000001,0
2026-03-10T03:15:35.912689,0,0,655.2995980000001,0
2026-03-10T03:15:36.919659,0,0,655.2995980000001,0
2026-03-10T03:15:37.925656,0,0,655.2995980000001,0
2026-03-10T03:15:38.933606,0,0,655.2995980000001,0
2026-03-10T03:15:39.939577,0,0,655.2995980000001,0
2026-03-10T03:15:40.946638,0,0,655.2995980000001,0
2026-03-10T03:15:41.952584,0,0,655.2995980000001,0
2026-03-10T03:15:42.959526,0,0,655.2995980000001,0
2026-03-10T03:15:43.965543,0,0,655.2995980000001,0
2026-03-10T03:15:44.972434,0,0,655.2995980000001,0
2026-03-10T03:15:45.979516,0,0,656.181624,0
2026-03-10T03:16:05.888861,0,0,655.2995980000001,0
2026-03-10T03:16:08.371253,0,0,655.2995980000001,0
2026-03-10T03:16:09.378239,0,0,655.2995980000001,0
2026-03-10T03:16:10.384238,0,0,655.2995980000001,0
2026-03-10T03:16:12.386058,0,0,655.2995980000001,0
2026-03-10T03:16:12.397148,0,0,655.2995980000001,0
2026-03-10T03:16:13.404229,0,0,655.2995980000001,0
2026-03-10T03:16:14.411212,0,0,655.2995980000001,0
2026-03-10T03:16:15.418204,0,0,655.2995980000001,0
2026-03-10T03:16:16.425154,0,0,655.2995980000001,0
2026-03-10T03:16:17.431182,0,0,655.2995980000001,0
2026-03-10T03:16:18.438169,0,0,655.2995980000001,0
2026-03-10T03:16:20.440009,0,0,655.2995980000001,0
2026-03-10T03:16:20.451060,0,0,655.2995980000001,0
2026-03-10T03:16:21.457136,0,0,655.2995980000001,0
2026-03-10T03:16:22.465123,0,0,655.2995980000001,0
2026-03-10T03:16:23.471103,0,0,655.2995980000001,0
2026-03-10T03:16:24.478084,0,0,653.5355460000001,0
2026-03-10T03:16:25.485089,0,0,655.2995980000001,0
2026-03-10T03:16:26.491103,0,0,655.2995980000001,0
2026-03-10T03:16:28.492897,0,0,654.4175720000001,0
2026-03-10T03:16:28.503989,0,0,655.2995980000001,0
2026-03-10T03:16:29.512041,0,0,655.2995980000001,0
2026-03-10T03:16:30.518008,0,0,656.181624,0
2026-03-10T03:16:31.524986,0,0,655.2995980000001,0
2026-03-10T03:16:32.531957,0,0,655.2995980000001,0
2026-03-10T03:16:33.537969,0,0,655.2995980000001,0
2026-03-10T03:16:34.544958,0,0,655.2995980000001,0
2026-03-10T03:16:35.550982,0,0,655.2995980000001,0
2026-03-10T03:16:36.557974,0,0,655.2995980000001,0
2026-03-10T03:16:37.564923,0,0,655.2995980000001,0
2026-03-10T03:16:38.571787,0,0,655.2995980000001,0
2026-03-10T03:16:39.577909,0,0,655.2995980000001,0
2026-03-10T03:16:40.584886,0,0,655.2995980000001,0
2026-03-10T03:16:41.591926,0,0,655.2995980000001,0
2026-03-10T03:16:43.593739,0,0,655.2995980000001,0
2026-03-10T03:16:43.604856,0,0,655.2995980000001,0
2026-03-10T03:16:44.610923,0,0,655.2995980000001,0
2026-03-10T03:16:45.618914,0,0,653.5355460000001,0
2026-03-10T03:16:46.623874,0,0,655.2995980000001,0
2026-03-10T03:16:47.631877,0,0,655.2995980000001,0
2026-03-10T03:16:48.638931,0,0,655.2995980000001,0
2026-03-10T03:16:49.644815,0,0,655.2995980000001,0
2026-03-10T03:16:50.651831,0,0,656.181624,0
2026-03-10T03:16:51.657777,0,0,655.2995980000001,0
2026-03-10T03:16:52.664750,0,0,655.2995980000001,0
2026-03-10T03:16:53.671752,0,0,655.2995980000001,0
2026-03-10T03:16:54.678787,0,0,655.2995980000001,0
2026-03-10T03:16:55.684725,0,0,655.2995980000001,0
2026-03-10T03:16:56.691722,0,0,655.2995980000001,0
2026-03-10T03:16:57.698763,0,0,655.2995980000001,0
2026-03-10T03:16:58.704715,0,0,655.2995980000001,0
2026-03-10T03:16:59.711675,0,0,655.2995980000001,0
2026-03-10T03:17:00.717659,0,0,655.2995980000001,0
2026-03-10T03:17:01.725649,0,0,655.2995980000001,0
2026-03-10T03:17:02.731658,0,0,655.2995980000001,0
2026-03-10T03:17:03.737626,0,0,655.2995980000001,0
2026-03-10T03:17:04.745680,0,0,655.2995980000001,0
2026-03-10T03:17:06.747495,0,0,655.2995980000001,0
2026-03-10T03:17:06.758678,0,0,654.4175720000001,0
2026-03-10T03:17:07.764624,0,0,655.2995980000001,0
2026-03-10T03:17:08.772640,0,0,655.2995980000001,0
2026-03-10T03:17:09.778653,0,0,655.2995980000001,0
2026-03-10T03:17:10.785571,0,0,655.2995980000001,0
2026-03-10T03:17:11.791574,0,0,655.2995980000001,0
2026-03-10T03:17:12.798641,0,0,655.2995980000001,0
2026-03-10T03:17:14.800435,0,0,655.2995980000001,0
2026-03-10T03:17:14.811507,0,0,655.2995980000001,0
2026-03-10T03:17:15.818537,0,0,655.2995980000001,0
2026-03-10T03:17:16.825521,0,0,655.2995980000001,0
2026-03-10T03:17:17.832495,0,0,655.2995980000001,0
2026-03-10T03:17:18.838569,0,0,656.181624,0
2026-03-10T03:17:19.845464,0,0,655.2995980000001,0
2026-03-10T03:17:21.846788,0,0,655.2995980000001,0
2026-03-10T03:17:21.858421,0,0,655.2995980000001,0
2026-03-10T03:17:22.865469,0,0,655.2995980000001,0
2026-03-10T03:17:23.871439,0,0,655.2995980000001,0
2026-03-10T03:17:24.879450,0,0,655.2995980000001,0
2026-03-10T03:17:25.885438,0,0,655.2995980000001,0
2026-03-10T03:17:26.892481,0,0,655.2995980000001,0
2026-03-10T03:17:28.894258,0,0,655.2995980000001,0
2026-03-10T03:17:28.905391,0,0,655.2995980000001,0
2026-03-10T03:17:29.912393,0,0,655.2995980000001,0
2026-03-10T03:17:30.918421,0,0,655.2995980000001,0
2026-03-10T03:17:31.925370,0,0,655.2995980000001,0
2026-03-10T03:17:32.932387,0,0,655.2995980000001,0
2026-03-10T03:17:33.939346,0,0,655.2995980000001,0
2026-03-10T03:17:34.945353,0,0,655.2995980000001,0
2026-03-10T03:17:36.947158,0,0,655.2995980000001,0
2026-03-10T03:17:36.959254,0,0,656.181624,0
2026-03-10T03:17:37.965278,0,0,655.2995980000001,0
2026-03-10T03:17:38.972290,0,0,655.2995980000001,0
2026-03-10T03:17:39.979305,0,0,655.2995980000001,0
2026-03-10T03:17:40.986341,0,0,655.2995980000001,0
2026-03-10T03:17:41.992257,0,0,655.2995980000001,0
2026-03-10T03:17:42.999245,0,0,655.2995980000001,0
2026-03-10T03:17:44.005259,0,0,655.2995980000001,0
2026-03-10T03:17:45.012263,0,0,655.2995980000001,0
2026-03-10T03:17:46.019255,0,0,655.2995980000001,0
2026-03-10T03:17:47.025250,0,0,655.2995980000001,0
2026-03-10T03:17:48.033225,0,0,655.2995980000001,0
2026-03-10T03:17:49.039225,0,0,655.2995980000001,0
2026-03-10T03:17:50.046225,0,0,655.2995980000001,0
2026-03-10T03:17:51.052178,0,0,655.2995980000001,0
2026-03-10T03:17:52.059146,0,0,655.2995980000001,0
2026-03-10T03:17:53.066116,0,0,655.2995980000001,0
2026-03-10T03:17:54.072103,0,0,655.2995980000001,0
2026-03-10T03:17:55.078079,0,0,655.2995980000001,0
2026-03-10T03:17:56.086090,0,0,655.2995980000001,0
2026-03-10T03:17:57.093037,0,0,655.2995980000001,0
2026-03-10T03:17:59.094823,0,0,655.2995980000001,0
2026-03-10T03:17:59.106039,0,0,655.2995980000001,0
2026-03-10T03:18:00.112045,0,0,655.2995980000001,0
2026-03-10T03:18:01.119047,0,0,655.2995980000001,0
2026-03-10T03:18:02.126036,0,0,655.2995980000001,0
2026-03-10T03:18:03.132011,0,0,655.2995980000001,0
2026-03-10T03:18:04.140075,0,0,655.2995980000001,0
2026-03-10T03:18:06.141899,0,0,655.2995980000001,0
2026-03-10T03:18:06.152947,0,0,655.2995980000001,0
2026-03-10T03:18:07.158957,0,0,655.2995980000001,0
2026-03-10T03:18:08.165964,0,0,655.2995980000001,0
2026-03-10T03:18:09.172954,0,0,655.2995980000001,0
2026-03-10T03:18:10.179001,0,0,655.2995980000001,0
2026-03-10T03:18:11.185047,0,0,655.2995980000001,0
2026-03-10T03:18:12.193009,0,0,655.2995980000001,0
2026-03-10T03:18:13.199994,0,0,655.2995980000001,0
2026-03-10T03:18:14.205999,0,0,655.2995980000001,0
2026-03-10T03:18:15.212973,0,0,655.2995980000001,0
2026-03-10T03:18:16.218993,0,0,655.2995980000001,0
2026-03-10T03:18:17.225964,0,0,655.2995980000001,0
2026-03-10T03:18:18.231935,0,0,655.2995980000001,0
2026-03-10T03:18:19.239937,0,0,655.2995980000001,0
2026-03-10T03:18:20.246937,0,0,655.2995980000001,0
2026-03-10T03:18:21.252897,0,0,655.2995980000001,0
2026-03-10T03:18:22.259882,0,0,655.2995980000001,0
2026-03-10T03:18:23.265865,0,0,655.2995980000001,0
2026-03-10T03:18:24.272873,0,0,655.2995980000001,0
2026-03-10T03:18:25.277901,0,0,655.2995980000001,0
2026-03-10T03:18:27.279749,0,0,655.2995980000001,0
2026-03-10T03:18:27.293731,0,0,655.2995980000001,0
2026-03-10T03:18:28.299845,0,0,655.2995980000001,0
2026-03-10T03:18:29.306890,0,0,655.2995980000001,0
2026-03-10T03:18:30.312819,0,0,654.4175720000001,0
2026-03-10T03:18:31.319815,0,0,655.2995980000001,0
2026-03-10T03:18:32.324768,0,0,654.4175720000001,0
2026-03-10T03:18:33.332754,0,0,655.2995980000001,0
2026-03-10T03:18:34.340722,0,0,656.181624,0
2026-03-10T03:18:35.346764,0,0,655.2995980000001,0
2026-03-10T03:18:36.353678,0,0,655.2995980000001,0
2026-03-10T03:18:37.359696,0,0,655.2995980000001,0
2026-03-10T03:18:38.366721,0,0,655.2995980000001,0
2026-03-10T03:18:39.372713,0,0,655.2995980000001,0
2026-03-10T03:18:41.374561,0,0,655.2995980000001,0
2026-03-10T03:18:41.386709,0,0,655.2995980000001,0
2026-03-10T03:18:42.393618,0,0,654.4175720000001,0
2026-03-10T03:18:43.400638,0,0,655.2995980000001,0
2026-03-10T03:18:44.406703,0,0,655.2995980000001,0
2026-03-10T03:18:45.413624,0,0,655.2995980000001,0
2026-03-10T03:18:46.419528,0,0,655.2995980000001,0
2026-03-10T03:18:48.421316,0,0,655.2995980000001,0
2026-03-10T03:18:48.432579,0,0,655.2995980000001,0
2026-03-10T03:18:49.439656,0,0,655.2995980000001,0
2026-03-10T03:18:50.447640,0,0,655.2995980000001,0
2026-03-10T03:18:51.453610,0,0,655.2995980000001,0
2026-03-10T03:18:53.455399,0,0,655.2995980000001,0
2026-03-10T03:18:53.466633,0,0,655.2995980000001,0
2026-03-10T03:18:54.473502,0,0,655.2995980000001,0
2026-03-10T03:18:55.479495,0,0,655.2995980000001,0
2026-03-10T03:18:56.486640,0,0,655.2995980000001,0
2026-03-10T03:18:57.494662,0,0,655.2995980000001,0
2026-03-10T03:18:58.500421,0,0,656.181624,0
2026-03-10T03:18:59.507579,0,0,655.2995980000001,0
2026-03-10T03:19:00.513465,0,0,655.2995980000001,0
2026-03-10T03:19:01.520470,0,0,656.181624,0
2026-03-10T03:19:02.526605,0,0,655.2995980000001,0
2026-03-10T03:19:03.533492,0,0,655.2995980000001,0
2026-03-10T03:19:04.539485,0,0,655.2995980000001,0
2026-03-10T03:19:05.547464,0,0,655.2995980000001,0
2026-03-10T03:19:06.554525,0,0,655.2995980000001,0
2026-03-10T03:19:07.559356,0,0,655.2995980000001,0
2026-03-10T03:19:08.567451,0,0,655.2995980000001,0
2026-03-10T03:19:09.571438,0,0,655.2995980000001,0
2026-03-10T03:19:10.580447,0,0,655.2995980000001,0
2026-03-10T03:19:11.586482,0,0,655.2995980000001,0
2026-03-10T03:19:12.593435,0,0,656.181624,0
2026-03-10T03:19:13.601390,0,0,655.2995980000001,0
2026-03-10T03:19:14.607391,0,0,655.2995980000001,0
2026-03-10T03:19:15.614455,0,0,655.2995980000001,0
2026-03-10T03:19:16.620327,0,0,655.2995980000001,0
2026-03-10T03:19:18.622187,0,0,655.2995980000001,0
2026-03-10T03:19:37.633655,0,0,655.2995980000001,0
2026-03-10T03:19:40.116174,0,0,655.2995980000001,0
2026-03-10T03:19:41.123154,0,0,656.181624,0
2026-03-10T03:19:42.127085,0,0,655.2995980000001,0
2026-03-10T03:19:43.136103,0,0,655.2995980000001,0
2026-03-10T03:19:44.142056,0,0,655.2995980000001,0
2026-03-10T03:19:45.149056,0,0,655.2995980000001,0
2026-03-10T03:19:46.156029,0,0,655.2995980000001,0
2026-03-10T03:19:47.163033,0,0,656.181624,0
2026-03-10T03:19:48.168917,0,0,655.2995980000001,0
2026-03-10T03:19:49.174055,0,0,655.2995980000001,0
2026-03-10T03:19:50.183024,0,0,655.2995980000001,0
2026-03-10T03:19:51.189050,0,0,655.2995980000001,0
2026-03-10T03:19:52.196049,0,0,655.2995980000001,0
2026-03-10T03:19:53.203032,0,0,655.2995980000001,0
2026-03-10T03:19:54.210034,0,0,655.2995980000001,0
2026-03-10T03:19:55.216009,0,0,655.2995980000001,0
2026-03-10T03:19:56.221973,0,0,655.2995980000001,0
2026-03-10T03:19:57.230031,0,0,655.2995980000001,0
2026-03-10T03:19:58.235988,0,0,655.2995980000001,0
2026-03-10T03:19:59.242948,0,0,655.2995980000001,0
2026-03-10T03:20:00.248938,0,0,655.2995980000001,0
2026-03-10T03:20:01.256927,0,0,655.2995980000001,0
2026-03-10T03:20:02.262923,0,0,655.2995980000001,0
2026-03-10T03:20:03.268965,0,0,655.2995980000001,0
2026-03-10T03:20:04.276919,0,0,655.2995980000001,0
2026-03-10T03:20:05.282954,0,0,655.2995980000001,0
2026-03-10T03:20:06.289905,0,0,655.2995980000001,0
2026-03-10T03:20:07.295910,0,0,655.2995980000001,0
2026-03-10T03:20:08.302910,0,0,657.06365,0
2026-03-10T03:20:09.309891,0,0,655.2995980000001,0
2026-03-10T03:20:10.314943,0,0,655.2995980000001,0
2026-03-10T03:20:11.322945,0,0,655.2995980000001,0
2026-03-10T03:20:12.329877,0,0,655.2995980000001,0
2026-03-10T03:20:13.336869,0,0,655.2995980000001,0
2026-03-10T03:20:14.342841,0,0,655.2995980000001,0
2026-03-10T03:20:15.349827,0,0,655.2995980000001,0
2026-03-10T03:20:16.355811,0,0,655.2995980000001,0
2026-03-10T03:20:17.363810,0,0,655.2995980000001,0
2026-03-10T03:20:19.365654,0,0,655.2995980000001,0
2026-03-10T03:20:57.866129,0,0,655.2995980000001,0
2026-03-10T03:20:58.872442,0,0,655.2995980000001,0
2026-03-10T03:20:59.878453,0,0,655.2995980000001,0
2026-03-10T03:21:01.880207,0,0,655.2995980000001,0
2026-03-10T03:21:01.891379,0,0,655.2995980000001,0
2026-03-10T03:21:02.898531,0,0,655.2995980000001,0
2026-03-10T03:21:25.363075,0,0,655.2995980000001,0
2026-03-10T03:21:26.369255,0,0,655.2995980000001,0
2026-03-10T03:21:27.373213,0,0,655.2995980000001,0
2026-03-10T03:21:28.382157,0,0,655.2995980000001,0
2026-03-10T03:21:29.388170,0,0,655.2995980000001,0
2026-03-10T03:21:30.395190,0,0,655.2995980000001,0
2026-03-10T03:21:31.402125,0,0,655.2995980000001,0
2026-03-10T03:21:32.409158,0,0,655.2995980000001,0
2026-03-10T03:21:33.416136,0,0,655.2995980000001,0
2026-03-10T03:21:34.420292,0,0,656.181624,0
2026-03-10T03:21:36.422069,0,0,655.2995980000001,0
2026-03-10T03:21:36.435036,0,0,655.2995980000001,0
2026-03-10T03:21:37.442088,0,0,655.2995980000001,0
2026-03-10T03:21:38.448080,0,0,655.2995980000001,0
2026-03-10T03:21:39.456078,0,0,655.2995980000001,0
2026-03-10T03:21:40.462056,0,0,655.2995980000001,0
2026-03-10T03:21:41.469026,0,0,655.2995980000001,0
2026-03-10T03:21:42.476011,0,0,655.2995980000001,0
2026-03-10T03:21:44.477835,0,0,655.2995980000001,0
2026-03-10T03:22:31.615246,0,0,655.2995980000001,0
2026-03-10T03:22:32.621664,0,0,655.2995980000001,0
2026-03-10T03:22:33.627596,0,0,655.2995980000001,0
2026-03-10T03:22:34.634802,0,0,655.2995980000001,0
2026-03-10T03:22:35.640659,0,0,655.2995980000001,0
2026-03-10T03:22:36.647720,0,0,655.2995980000001,0
2026-03-10T03:22:37.654791,0,0,655.2995980000001,0
2026-03-10T03:22:39.656762,0,0,655.2995980000001,0
2026-03-10T03:22:39.668639,0,0,655.2995980000001,0
2026-03-10T03:22:40.674689,0,0,655.2995980000001,0
2026-03-10T03:22:41.681624,0,0,655.2995980000001,0
2026-03-10T03:22:42.687619,0,0,655.2995980000001,0
2026-03-10T03:22:43.694657,0,0,655.2995980000001,0
2026-03-10T03:22:44.700584,0,0,655.2995980000001,0
2026-03-10T03:22:45.708610,0,0,655.2995980000001,0
2026-03-10T03:22:46.714726,0,0,655.2995980000001,0
2026-03-10T03:22:47.721585,0,0,655.2995980000001,0
2026-03-10T03:22:48.728578,0,0,655.2995980000001,0
2026-03-10T03:22:49.734628,0,0,655.2995980000001,0
2026-03-10T03:22:50.741561,0,0,655.2995980000001,0
2026-03-10T03:22:51.747529,0,0,655.2995980000001,0
2026-03-10T03:22:52.755500,0,0,655.2995980000001,0
2026-03-10T03:22:53.761525,0,0,655.2995980000001,0
2026-03-10T03:22:54.768531,0,0,655.2995980000001,0
2026-03-10T03:22:55.775536,0,0,655.2995980000001,0
2026-03-10T03:22:56.781486,0,0,655.2995980000001,0
2026-03-10T03:22:57.788498,0,0,655.2995980000001,0
2026-03-10T03:22:58.794551,0,0,655.2995980000001,0
2026-03-10T03:22:59.799483,0,0,655.2995980000001,0
2026-03-10T03:23:00.808476,0,0,655.2995980000001,0
2026-03-10T03:23:01.815459,0,0,655.2995980000001,0
2026-03-10T03:23:02.821441,0,0,655.2995980000001,0
2026-03-10T03:23:03.828428,0,0,655.2995980000001,0
2026-03-10T03:23:04.835425,0,0,655.2995980000001,0
2026-03-10T03:23:05.841416,0,0,655.2995980000001,0
2026-03-10T03:23:06.848454,0,0,655.2995980000001,0
2026-03-10T03:23:08.850436,0,0,655.2995980000001,0
2026-03-10T03:23:08.862358,0,0,655.2995980000001,0
2026-03-10T03:23:09.868344,0,0,655.2995980000001,0
2026-03-10T03:23:10.875363,0,0,655.2995980000001,0
2026-03-10T03:23:11.882407,0,0,655.2995980000001,0
2026-03-10T03:23:12.888327,0,0,655.2995980000001,0
2026-03-10T03:23:13.893274,0,0,655.2995980000001,0
2026-03-10T03:23:15.895077,0,0,655.2995980000001,0
2026-03-10T03:23:15.907214,0,0,655.2995980000001,0
2026-03-10T03:23:16.915242,0,0,655.2995980000001,0
2026-03-10T03:23:17.922237,0,0,655.2995980000001,0
2026-03-10T03:23:18.928231,0,0,655.2995980000001,0
2026-03-10T03:23:19.935209,0,0,655.2995980000001,0
2026-03-10T03:23:20.940211,0,0,655.2995980000001,0
2026-03-10T03:25:03.889134,0,0,655.2995980000001,0
2026-03-10T03:25:06.371540,0,0,655.2995980000001,0
2026-03-10T03:25:07.378582,0,0,655.2995980000001,0
2026-03-10T03:25:08.382624,0,0,655.2995980000001,0
2026-03-10T03:25:10.384424,0,0,655.2995980000001,0
2026-03-10T03:25:10.397420,0,0,655.2995980000001,0
2026-03-10T03:25:11.404455,0,0,655.2995980000001,0
2026-03-10T03:25:12.411418,0,0,655.2995980000001,0
2026-03-10T03:25:13.418495,0,0,655.2995980000001,0
2026-03-10T03:25:14.425394,0,0,655.2995980000001,0
2026-03-10T03:25:15.431421,0,0,657.06365,0
2026-03-10T03:25:16.437381,0,0,655.2995980000001,0
2026-03-10T03:25:17.444380,0,0,655.2995980000001,0
2026-03-10T03:25:18.451387,0,0,655.2995980000001,0
2026-03-10T03:25:19.457363,0,0,654.4175720000001,0
2026-03-10T03:25:20.465514,0,0,657.06365,0
2026-03-10T03:25:21.471387,0,0,655.2995980000001,0
2026-03-10T03:25:22.477333,0,0,655.2995980000001,0
2026-03-10T03:25:23.483353,0,0,656.181624,0
2026-03-10T03:25:24.491369,0,0,655.2995980000001,0
2026-03-10T03:25:25.498429,0,0,655.2995980000001,0
2026-03-10T03:25:26.504312,0,0,655.2995980000001,0
2026-03-10T03:25:27.512315,0,0,655.2995980000001,0
2026-03-10T03:25:28.518362,0,0,655.2995980000001,0
2026-03-10T03:25:29.525269,0,0,655.2995980000001,0
2026-03-10T03:25:30.530438,0,0,655.2995980000001,0
2026-03-10T03:25:31.538446,0,0,654.4175720000001,0
2026-03-10T03:25:32.545294,0,0,655.2995980000001,0
2026-03-10T03:25:33.551265,0,0,655.2995980000001,0
2026-03-10T03:25:34.558222,0,0,655.2995980000001,0
2026-03-10T03:25:35.565221,0,0,655.2995980000001,0
2026-03-10T03:25:36.572175,0,0,655.2995980000001,0
2026-03-10T03:25:37.576257,0,0,655.2995980000001,0
2026-03-10T03:25:38.585248,0,0,655.2995980000001,0
2026-03-10T03:25:39.592264,0,0,655.2995980000001,0
2026-03-10T03:25:40.598241,0,0,655.2995980000001,0
2026-03-10T03:25:41.605255,0,0,655.2995980000001,0
2026-03-10T03:25:42.611265,0,0,655.2995980000001,0
2026-03-10T03:25:43.619254,0,0,655.2995980000001,0
2026-03-10T03:25:44.623234,0,0,655.2995980000001,0
2026-03-10T03:25:45.632249,0,0,655.2995980000001,0
2026-03-10T03:25:46.639214,0,0,655.2995980000001,0
2026-03-10T03:25:47.645211,0,0,655.2995980000001,0
2026-03-10T03:25:48.652211,0,0,655.2995980000001,0
2026-03-10T03:25:49.658158,0,0,655.2995980000001,0
2026-03-10T03:25:50.664063,0,0,655.2995980000001,0
2026-03-10T03:25:51.672084,0,0,655.2995980000001,0
2026-03-10T03:25:53.673906,0,0,655.2995980000001,0
2026-03-10T03:25:53.685181,0,0,655.2995980000001,0
2026-03-10T03:25:54.692157,0,0,655.2995980000001,0
2026-03-10T03:25:55.698958,0,0,655.2995980000001,0
2026-03-10T03:25:56.705148,0,0,655.2995980000001,0
2026-03-10T03:25:57.712144,0,0,655.2995980000001,0
2026-03-10T03:25:58.718088,0,0,655.2995980000001,0
2026-03-10T03:25:59.726115,0,0,655.2995980000001,0
2026-03-10T03:26:00.732123,0,0,655.2995980000001,0
2026-03-10T03:26:01.739100,0,0,656.181624,0
2026-03-10T03:26:02.746092,0,0,655.2995980000001,0
2026-03-10T03:26:03.752041,0,0,655.2995980000001,0
2026-03-10T03:26:04.759116,0,0,654.4175720000001,0
2026-03-10T03:26:05.765059,0,0,655.2995980000001,0
2026-03-10T03:26:07.766854,0,0,655.2995980000001,0
2026-03-10T03:26:07.778987,0,0,655.2995980000001,0
2026-03-10T03:26:08.786045,0,0,655.2995980000001,0
2026-03-10T03:26:09.792037,0,0,655.2995980000001,0
2026-03-10T03:26:10.799046,0,0,655.2995980000001,0
2026-03-10T03:26:11.806015,0,0,655.2995980000001,0
2026-03-10T03:26:12.811983,0,0,655.2995980000001,0
2026-03-10T03:26:13.819040,0,0,656.181624,0
2026-03-10T03:26:14.824999,0,0,655.2995980000001,0
2026-03-10T03:26:15.832982,0,0,655.2995980000001,0
2026-03-10T03:26:16.838983,0,0,655.2995980000001,0
2026-03-10T03:26:17.845855,0,0,655.2995980000001,0
2026-03-10T03:26:18.852977,0,0,655.2995980000001,0
2026-03-10T03:26:19.858954,0,0,655.2995980000001,0
2026-03-10T03:26:20.865984,0,0,655.2995980000001,0
2026-03-10T03:26:21.871929,0,0,655.2995980000001,0
2026-03-10T03:26:22.879933,0,0,650.007442,0
2026-03-10T03:26:23.885947,0,0,655.2995980000001,0
2026-03-10T03:26:24.892920,0,0,655.2995980000001,0
2026-03-10T03:26:25.898933,0,0,655.2995980000001,0
2026-03-10T03:26:26.905908,0,0,655.2995980000001,0
2026-03-10T03:26:27.912921,0,0,655.2995980000001,0
2026-03-10T03:26:28.918879,0,0,655.2995980000001,0
2026-03-10T03:26:29.925855,0,0,655.2995980000001,0
2026-03-10T03:26:30.932853,0,0,655.2995980000001,0
2026-03-10T03:26:31.939853,0,0,655.2995980000001,0
2026-03-10T03:26:32.945848,0,0,655.2995980000001,0
2026-03-10T03:26:33.952857,0,0,655.2995980000001,0
2026-03-10T03:26:34.959856,0,0,655.2995980000001,0
2026-03-10T03:26:35.965835,0,0,655.2995980000001,0
2026-03-10T03:26:36.972817,0,0,655.2995980000001,0
2026-03-10T03:26:37.978825,0,0,655.2995980000001,0
2026-03-10T03:26:38.986848,0,0,655.2995980000001,0
2026-03-10T03:26:39.992796,0,0,655.2995980000001,0
2026-03-10T03:26:40.999793,0,0,655.2995980000001,0
2026-03-10T03:26:42.005817,0,0,655.2995980000001,0
2026-03-10T03:26:43.012861,0,0,655.2995980000001,0
2026-03-10T03:26:44.019857,0,0,655.2995980000001,0
2026-03-10T03:26:45.025789,0,0,655.2995980000001,0
2026-03-10T03:26:46.032740,0,0,655.2995980000001,0
2026-03-10T03:26:47.039745,0,0,655.2995980000001,0
2026-03-10T03:26:48.046816,0,0,655.2995980000001,0
2026-03-10T03:26:50.048614,0,0,655.2995980000001,0
2026-03-10T03:26:50.059683,0,0,655.2995980000001,0
2026-03-10T03:26:51.066799,0,0,655.2995980000001,0
2026-03-10T03:26:52.072709,0,0,655.2995980000001,0
2026-03-10T03:26:53.079736,0,0,655.2995980000001,0
2026-03-10T03:26:54.086840,0,0,655.2995980000001,0
2026-03-10T03:26:55.093776,0,0,655.2995980000001,0
2026-03-10T03:26:57.094871,0,0,655.2995980000001,0
2026-03-10T03:26:57.106795,0,0,655.2995980000001,0
2026-03-10T03:26:58.112745,0,0,655.2995980000001,0
2026-03-10T03:26:59.119728,0,0,655.2995980000001,0
2026-03-10T03:27:00.126815,0,0,655.2995980000001,0
2026-03-10T03:27:01.132716,0,0,655.2995980000001,0
2026-03-10T03:27:02.140704,0,0,655.2995980000001,0
2026-03-10T03:27:03.146731,0,0,655.2995980000001,0
2026-03-10T03:27:05.148515,0,0,655.2995980000001,0
2026-03-10T03:27:05.159657,0,0,655.2995980000001,0
2026-03-10T03:27:06.166760,0,0,655.2995980000001,0
2026-03-10T03:27:07.173686,0,0,655.2995980000001,0
2026-03-10T03:27:08.179684,0,0,656.181624,0
2026-03-10T03:27:09.186733,0,0,655.2995980000001,0
2026-03-10T03:27:10.193638,0,0,655.2995980000001,0
2026-03-10T03:27:11.200647,0,0,655.2995980000001,0
2026-03-10T03:27:12.206696,0,0,655.2995980000001,0
2026-03-10T03:27:13.213590,0,0,655.2995980000001,0
2026-03-10T03:27:14.219624,0,0,655.2995980000001,0
2026-03-10T03:27:15.226672,0,0,656.181624,0
2026-03-10T03:27:16.233543,0,0,655.2995980000001,0
2026-03-10T03:27:17.239585,0,0,655.2995980000001,0
2026-03-10T03:27:18.247550,0,0,655.2995980000001,0
2026-03-10T03:27:19.253551,0,0,655.2995980000001,0
2026-03-10T03:27:20.260521,0,0,655.2995980000001,0
2026-03-10T03:27:21.266593,0,0,655.2995980000001,0
2026-03-10T03:27:22.273511,0,0,655.2995980000001,0
2026-03-10T03:27:23.280497,0,0,655.2995980000001,0
2026-03-10T03:27:24.286587,0,0,655.2995980000001,0
2026-03-10T03:27:25.294602,0,0,655.2995980000001,0
2026-03-10T03:27:26.300549,0,0,655.2995980000001,0
2026-03-10T03:27:27.307504,0,0,655.2995980000001,0
2026-03-10T03:27:28.313503,0,0,655.2995980000001,0
2026-03-10T03:27:29.320493,0,0,655.2995980000001,0
2026-03-10T03:27:30.326596,0,0,655.2995980000001,0
2026-03-10T03:27:31.333468,0,0,656.181624,0
2026-03-10T03:27:32.340470,0,0,655.2995980000001,0
2026-03-10T03:27:33.347462,0,0,655.2995980000001,0
2026-03-10T03:27:34.354532,0,0,655.2995980000001,0
2026-03-10T03:27:35.360443,0,0,655.2995980000001,0
2026-03-10T03:27:36.367442,0,0,655.2995980000001,0
2026-03-10T03:27:37.373409,0,0,655.2995980000001,0
2026-03-10T03:27:38.380402,0,0,655.2995980000001,0
2026-03-10T03:27:39.387379,0,0,655.2995980000001,0
2026-03-10T03:28:15.381825,0,0,655.2995980000001,0
2026-03-10T03:28:17.864192,0,0,655.2995980000001,0
2026-03-10T03:28:18.871197,0,0,655.2995980000001,0
2026-03-10T03:28:19.877228,0,0,655.2995980000001,0
2026-03-10T03:28:21.878822,0,0,655.2995980000001,0
2026-03-10T03:28:21.890124,0,0,655.2995980000001,0
2026-03-10T03:28:22.897155,0,0,655.2995980000001,0
2026-03-10T03:28:23.904152,0,0,655.2995980000001,0
2026-03-10T03:28:24.911145,0,0,655.2995980000001,0
2026-03-10T03:28:25.918130,0,0,655.2995980000001,0
2026-03-10T03:28:26.924132,0,0,655.2995980000001,0
2026-03-10T03:28:27.931039,0,0,655.2995980000001,0
2026-03-10T03:28:28.937163,0,0,655.2995980000001,0
2026-03-10T03:28:29.944104,0,0,655.2995980000001,0
2026-03-10T03:28:30.950073,0,0,654.4175720000001,0
2026-03-10T03:28:31.958141,0,0,655.2995980000001,0
2026-03-10T03:28:32.964144,0,0,655.2995980000001,0
2026-03-10T03:28:34.965926,0,0,654.4175720000001,0
2026-03-10T03:28:34.978084,0,0,655.2995980000001,0
2026-03-10T03:28:35.984124,0,0,655.2995980000001,0
2026-03-10T03:28:36.991113,0,0,654.4175720000001,0
2026-03-10T03:28:37.997098,0,0,655.2995980000001,0
2026-03-10T03:28:39.998824,0,0,655.2995980000001,0
2026-03-10T03:28:40.010994,0,0,655.2995980000001,0
2026-03-10T03:28:41.018033,0,0,655.2995980000001,0
2026-03-10T03:28:42.025005,0,0,655.2995980000001,0
2026-03-10T03:28:43.031005,0,0,656.181624,0
2026-03-10T03:28:44.038025,0,0,655.2995980000001,0
2026-03-10T03:28:45.042919,0,0,655.2995980000001,0
2026-03-10T03:28:46.051078,0,0,655.2995980000001,0
2026-03-10T03:28:47.058082,0,0,655.2995980000001,0
2026-03-10T03:28:48.064979,0,0,655.2995980000001,0
2026-03-10T03:28:49.070974,0,0,655.2995980000001,0
2026-03-10T03:28:50.077937,0,0,655.2995980000001,0
2026-03-10T03:28:51.084941,0,0,655.2995980000001,0
2026-03-10T03:28:52.090934,0,0,655.2995980000001,0
2026-03-10T03:28:53.097899,0,0,655.2995980000001,0
2026-03-10T03:28:54.104001,0,0,655.2995980000001,0
2026-03-10T03:28:55.111998,0,0,655.2995980000001,0
2026-03-10T03:28:56.117963,0,0,655.2995980000001,0
2026-03-10T03:28:57.124866,0,0,655.2995980000001,0
2026-03-10T03:28:58.131877,0,0,655.2995980000001,0
2026-03-10T03:28:59.137853,0,0,655.2995980000001,0
2026-03-10T03:29:00.144856,0,0,655.2995980000001,0
2026-03-10T03:29:01.150889,0,0,655.2995980000001,0
2026-03-10T03:29:02.155964,0,0,655.2995980000001,0
2026-03-10T03:29:04.157854,0,0,655.2995980000001,0
2026-03-10T03:29:04.171903,0,0,656.181624,0
2026-03-10T03:29:05.177935,0,0,655.2995980000001,0
2026-03-10T03:29:06.184865,0,0,655.2995980000001,0
2026-03-10T03:29:07.191894,0,0,656.181624,0
2026-03-10T03:29:08.197890,0,0,655.2995980000001,0
2026-03-10T03:29:09.204889,0,0,655.2995980000001,0
2026-03-10T03:29:10.210823,0,0,654.4175720000001,0
2026-03-10T03:29:11.218906,0,0,655.2995980000001,0
2026-03-10T03:29:13.220750,0,0,655.2995980000001,0
2026-03-10T03:29:13.231722,0,0,655.2995980000001,0
2026-03-10T03:29:14.238779,0,0,655.2995980000001,0
2026-03-10T03:29:15.244748,0,0,655.2995980000001,0
2026-03-10T03:29:16.251775,0,0,655.2995980000001,0
2026-03-10T03:29:17.257753,0,0,655.2995980000001,0
2026-03-10T03:29:18.265805,0,0,655.2995980000001,0
2026-03-10T03:29:19.271797,0,0,655.2995980000001,0
2026-03-10T03:29:20.278798,0,0,655.2995980000001,0
2026-03-10T03:29:21.284722,0,0,655.2995980000001,0
2026-03-10T03:29:22.291713,0,0,655.2995980000001,0
2026-03-10T03:29:23.298757,0,0,655.2995980000001,0
2026-03-10T03:29:24.304714,0,0,655.2995980000001,0
2026-03-10T03:29:25.311732,0,0,652.6535200000001,0
2026-03-10T03:29:27.313604,0,0,655.2995980000001,0
2026-03-10T03:29:27.325760,0,0,655.2995980000001,0
2026-03-10T03:29:28.331774,0,0,655.2995980000001,0
2026-03-10T03:29:29.338790,0,0,655.2995980000001,0
2026-03-10T03:29:30.345749,0,0,655.2995980000001,0
2026-03-10T03:29:31.351732,0,0,654.4175720000001,0
2026-03-10T03:29:32.358807,0,0,655.2995980000001,0
2026-03-10T03:29:33.364699,0,0,655.2995980000001,0
2026-03-10T03:29:35.366621,0,0,654.4175720000001,0
2026-03-10T03:29:35.378818,0,0,655.2995980000001,0
2026-03-10T03:29:36.385669,0,0,655.2995980000001,0
2026-03-10T03:29:37.391663,0,0,655.2995980000001,0
2026-03-10T03:29:38.398760,0,0,655.2995980000001,0
2026-03-10T03:29:39.405678,0,0,655.2995980000001,0
2026-03-10T03:29:40.411669,0,0,655.2995980000001,0
2026-03-10T03:29:41.418738,0,0,655.2995980000001,0
2026-03-10T03:29:43.420661,0,0,655.2995980000001,0
2026-03-10T03:30:04.867307,0,0,655.2995980000001,0
2026-03-10T03:30:05.873522,0,0,655.2995980000001,0
2026-03-10T03:30:06.878562,0,0,655.2995980000001,0
2026-03-10T03:30:07.886626,0,0,655.2995980000001,0
2026-03-10T03:30:08.892457,0,0,655.2995980000001,0
2026-03-10T03:30:09.898553,0,0,655.2995980000001,0
2026-03-10T03:30:10.906545,0,0,655.2995980000001,0
2026-03-10T03:30:11.913445,0,0,655.2995980000001,0
2026-03-10T03:30:12.920442,0,0,655.2995980000001,0
2026-03-10T03:30:13.926568,0,0,655.2995980000001,0
2026-03-10T03:30:15.928408,0,0,655.2995980000001,0
2026-03-10T03:30:15.939455,0,0,655.2995980000001,0
2026-03-10T03:30:16.946571,0,0,655.2995980000001,0
2026-03-10T03:30:17.952436,0,0,655.2995980000001,0
2026-03-10T03:30:18.960431,0,0,655.2995980000001,0
2026-03-10T03:30:19.966486,0,0,655.2995980000001,0
2026-03-10T03:30:20.973399,0,0,654.4175720000001,0
2026-03-10T03:30:21.980415,0,0,655.2995980000001,0
2026-03-10T03:30:23.982259,0,0,655.2995980000001,0
2026-03-10T03:30:23.993418,0,0,655.2995980000001,0
2026-03-10T03:30:25.995229,0,0,655.2995980000001,0
2026-03-10T03:30:26.006437,0,0,655.2995980000001,0
2026-03-10T03:30:27.013311,0,0,655.2995980000001,0
2026-03-10T03:30:28.020325,0,0,655.2995980000001,0
2026-03-10T03:30:29.027311,0,0,655.2995980000001,0
2026-03-10T03:30:30.033334,0,0,655.2995980000001,0
2026-03-10T03:30:31.040363,0,0,655.2995980000001,0
2026-03-10T03:30:33.042217,0,0,655.2995980000001,0
2026-03-10T03:30:33.053322,0,0,655.2995980000001,0
2026-03-10T03:30:34.059308,0,0,655.2995980000001,0
2026-03-10T03:30:35.067262,0,0,656.181624,0
2026-03-10T03:30:36.073269,0,0,655.2995980000001,0
2026-03-10T03:30:37.080252,0,0,655.2995980000001,0
2026-03-10T03:30:38.087241,0,0,655.2995980000001,0
2026-03-10T03:30:39.093308,0,0,655.2995980000001,0
2026-03-10T03:30:41.094827,0,0,655.2995980000001,0
2026-03-10T03:30:41.106223,0,0,655.2995980000001,0
2026-03-10T03:30:42.114234,0,0,655.2995980000001,0
2026-03-10T03:30:43.120226,0,0,655.2995980000001,0
2026-03-10T03:30:44.126242,0,0,656.181624,0
2026-03-10T03:30:45.134236,0,0,655.2995980000001,0
2026-03-10T03:30:46.140174,0,0,655.2995980000001,0
2026-03-10T03:30:48.141995,0,0,655.2995980000001,0
2026-03-10T03:30:48.153169,0,0,654.4175720000001,0
2026-03-10T03:30:49.160210,0,0,655.2995980000001,0
2026-03-10T03:30:50.167193,0,0,655.2995980000001,0
2026-03-10T03:30:51.174224,0,0,655.2995980000001,0
2026-03-10T03:30:52.180199,0,0,655.2995980000001,0
2026-03-10T03:30:53.187135,0,0,655.2995980000001,0
2026-03-10T03:30:55.188870,0,0,655.2995980000001,0
2026-03-10T03:30:55.200145,0,0,655.2995980000001,0
2026-03-10T03:30:56.207185,0,0,655.2995980000001,0
2026-03-10T03:30:57.213195,0,0,655.2995980000001,0
2026-03-10T03:30:58.221138,0,0,655.2995980000001,0
2026-03-10T03:30:59.227123,0,0,655.2995980000001,0
2026-03-10T03:31:00.234218,0,0,654.4175720000001,0
2026-03-10T03:31:02.236254,0,0,655.2995980000001,0
2026-03-10T03:31:02.247111,0,0,655.2995980000001,0
2026-03-10T03:31:03.254151,0,0,655.2995980000001,0
2026-03-10T03:31:04.260104,0,0,657.06365,0
2026-03-10T03:31:05.267120,0,0,655.2995980000001,0
2026-03-10T03:31:06.274123,0,0,655.2995980000001,0
2026-03-10T03:31:07.281088,0,0,655.2995980000001,0
2026-03-10T03:31:09.282898,0,0,655.2995980000001,0
2026-03-10T03:31:09.294154,0,0,655.2995980000001,0
2026-03-10T03:31:10.301173,0,0,655.2995980000001,0
2026-03-10T03:31:11.307173,0,0,655.2995980000001,0
2026-03-10T03:31:12.314138,0,0,655.2995980000001,0
2026-03-10T03:31:14.316126,0,0,655.2995980000001,0
2026-03-10T03:31:14.328004,0,0,655.2995980000001,0
2026-03-10T03:31:15.334060,0,0,656.181624,0
2026-03-10T03:31:16.341055,0,0,655.2995980000001,0
2026-03-10T03:31:17.348040,0,0,655.2995980000001,0
2026-03-10T03:31:18.353997,0,0,655.2995980000001,0
2026-03-10T03:31:19.361001,0,0,655.2995980000001,0
2026-03-10T03:31:20.367122,0,0,655.2995980000001,0
2026-03-10T03:31:21.375113,0,0,655.2995980000001,0
2026-03-10T03:31:22.381071,0,0,655.2995980000001,0
2026-03-10T03:31:23.388058,0,0,655.2995980000001,0
2026-03-10T03:31:24.394066,0,0,655.2995980000001,0
2026-03-10T03:31:25.400986,0,0,655.2995980000001,0
2026-03-10T03:31:26.407052,0,0,655.2995980000001,0
2026-03-10T03:31:27.413986,0,0,654.4175720000001,0
2026-03-10T03:31:28.420960,0,0,655.2995980000001,0
2026-03-10T03:31:29.427946,0,0,655.2995980000001,0
2026-03-10T03:31:30.434993,0,0,655.2995980000001,0
2026-03-10T03:31:31.440951,0,0,655.2995980000001,0
2026-03-10T03:31:32.447952,0,0,655.2995980000001,0
2026-03-10T03:31:34.449747,0,0,655.2995980000001,0
2026-03-10T03:31:34.460884,0,0,655.2995980000001,0
2026-03-10T03:31:35.467994,0,0,655.2995980000001,0
2026-03-10T03:31:36.473932,0,0,655.2995980000001,0
2026-03-10T03:31:37.481928,0,0,655.2995980000001,0
2026-03-10T03:31:38.487891,0,0,655.2995980000001,0
2026-03-10T03:31:39.494883,0,0,654.4175720000001,0
2026-03-10T03:31:40.501000,0,0,655.2995980000001,0
2026-03-10T03:31:42.502777,0,0,655.2995980000001,0
2026-03-10T03:31:42.514864,0,0,655.2995980000001,0
2026-03-10T03:31:43.520874,0,0,655.2995980000001,0
2026-03-10T03:31:44.527867,0,0,655.2995980000001,0
2026-03-10T03:31:45.534892,0,0,655.2995980000001,0
2026-03-10T03:31:46.541847,0,0,655.2995980000001,0
2026-03-10T03:31:47.547829,0,0,655.2995980000001,0
2026-03-10T03:31:49.549610,0,0,655.2995980000001,0
2026-03-10T03:31:49.561803,0,0,655.2995980000001,0
2026-03-10T03:31:50.567838,0,0,655.2995980000001,0
2026-03-10T03:31:51.574850,0,0,655.2995980000001,0
2026-03-10T03:31:52.580802,0,0,655.2995980000001,0
2026-03-10T03:31:53.588818,0,0,655.2995980000001,0
2026-03-10T03:31:54.594810,0,0,656.181624,0
2026-03-10T03:33:07.135250,0,0,655.2995980000001,0
2026-03-10T03:33:08.141464,0,0,655.2995980000001,0
2026-03-10T03:33:09.147432,0,0,655.2995980000001,0
2026-03-10T03:33:11.149307,0,0,655.2995980000001,0
2026-03-10T03:34:03.129753,0,0,654.4175720000001,0
2026-03-10T03:34:05.612032,0,0,655.2995980000001,0
2026-03-10T03:34:06.619032,0,0,655.2995980000001,0
2026-03-10T03:34:07.625053,0,0,655.2995980000001,0
2026-03-10T03:34:09.626861,0,0,655.2995980000001,0
2026-03-10T03:34:09.638011,0,0,655.2995980000001,0
2026-03-10T03:34:10.645039,0,0,655.2995980000001,0
2026-03-10T03:34:11.652008,0,0,655.2995980000001,0
2026-03-10T03:34:12.659021,0,0,655.2995980000001,0
2026-03-10T03:34:13.666014,0,0,655.2995980000001,0
2026-03-10T03:34:14.672046,0,0,655.2995980000001,0
2026-03-10T03:34:15.678949,0,0,653.5355460000001,0
2026-03-10T03:34:17.680717,0,0,655.2995980000001,0
2026-03-10T03:34:17.691939,0,0,655.2995980000001,0
2026-03-10T03:34:18.697966,0,0,656.181624,0
2026-03-10T03:34:19.705969,0,0,655.2995980000001,0
2026-03-10T03:34:20.711964,0,0,655.2995980000001,0
2026-03-10T03:34:21.718961,0,0,655.2995980000001,0
2026-03-10T03:34:22.725948,0,0,655.2995980000001,0
2026-03-10T03:34:24.727724,0,0,655.2995980000001,0
2026-03-10T03:34:24.737908,0,0,655.2995980000001,0
2026-03-10T03:34:25.744933,0,0,655.2995980000001,0
2026-03-10T03:34:26.751911,0,0,655.2995980000001,0
2026-03-10T03:34:27.758883,0,0,655.2995980000001,0
2026-03-10T03:34:28.765897,0,0,655.2995980000001,0
2026-03-10T03:34:29.772896,0,0,655.2995980000001,0
2026-03-10T03:34:49.634147,0,0,655.2995980000001,0
2026-03-10T03:34:52.116279,0,0,655.2995980000001,0
2026-03-10T03:34:53.123184,0,0,655.2995980000001,0
2026-03-10T03:34:54.129129,0,0,656.181624,0
2026-03-10T03:34:56.130801,0,0,655.2995980000001,0
2026-03-10T03:34:56.141870,0,0,655.2995980000001,0
2026-03-10T03:34:58.142830,0,0,657.06365,0
2026-03-10T03:35:17.138729,0,0,655.2995980000001,0
2026-03-10T03:35:19.620868,0,0,655.2995980000001,0
2026-03-10T03:35:20.627760,0,0,655.2995980000001,0
2026-03-10T03:35:21.632703,0,0,655.2995980000001,0
2026-03-10T03:35:23.634474,0,0,655.2995980000001,0
2026-03-10T03:35:23.646584,0,0,655.2995980000001,0
2026-03-10T03:35:24.653514,0,0,655.2995980000001,0
2026-03-10T03:35:26.654807,0,0,655.2995980000001,0
2026-03-10T03:35:26.667237,0,0,655.2995980000001,0
2026-03-10T03:35:27.674172,0,0,655.2995980000001,0
2026-03-10T03:35:28.680084,0,0,655.2995980000001,0
2026-03-10T03:35:29.687021,0,0,655.2995980000001,0
2026-03-10T03:35:30.692920,0,0,655.2995980000001,0
2026-03-10T03:35:31.697911,0,0,655.2995980000001,0
2026-03-10T03:35:32.705865,0,0,655.2995980000001,0
2026-03-10T03:35:33.713733,0,0,655.2995980000001,0
2026-03-10T03:35:34.719689,0,0,655.2995980000001,0
2026-03-10T03:35:35.726666,0,0,655.2995980000001,0
2026-03-10T03:35:36.733500,0,0,655.2995980000001,0
2026-03-10T03:35:37.739417,0,0,655.2995980000001,0
2026-03-10T03:35:38.745353,0,0,655.2995980000001,0
2026-03-10T03:35:39.752255,0,0,655.2995980000001,0
2026-03-10T03:35:40.759168,0,0,655.2995980000001,0
2026-03-10T03:35:41.766054,0,0,657.06365,0
2026-03-10T03:35:42.772970,0,0,655.2995980000001,0
2026-03-10T03:35:43.779891,0,0,655.2995980000001,0
2026-03-10T03:35:44.785845,0,0,655.2995980000001,0
2026-03-10T03:35:45.790843,0,0,655.2995980000001,0
2026-03-10T03:35:47.792596,0,0,655.2995980000001,0
2026-03-10T03:35:47.805524,0,0,655.2995980000001,0
2026-03-10T03:35:48.811493,0,0,655.2995980000001,0
2026-03-10T03:35:49.819410,0,0,655.2995980000001,0
2026-03-10T03:35:50.825355,0,0,654.4175720000001,0
2026-03-10T03:35:51.831162,0,0,655.2995980000001,0
2026-03-10T03:35:52.839212,0,0,655.2995980000001,0
2026-03-10T03:35:53.845132,0,0,655.2995980000001,0
2026-03-10T03:35:54.852064,0,0,655.2995980000001,0
2026-03-10T03:35:55.857971,0,0,655.2995980000001,0
2026-03-10T03:35:56.865883,0,0,655.2995980000001,0
2026-03-10T03:35:57.871799,0,0,655.2995980000001,0
2026-03-10T03:35:58.878807,0,0,656.181624,0
2026-03-10T03:35:59.885658,0,0,655.2995980000001,0
2026-03-10T03:36:00.891555,0,0,655.2995980000001,0
2026-03-10T03:36:02.893365,0,0,655.2995980000001,0
2026-03-10T03:36:02.904309,0,0,655.2995980000001,0
2026-03-10T03:36:03.911251,0,0,655.2995980000001,0
2026-03-10T03:36:04.918223,0,0,655.2995980000001,0
2026-03-10T03:36:05.925156,0,0,655.2995980000001,0
2026-03-10T03:36:06.931051,0,0,655.2995980000001,0
2026-03-10T03:36:07.938015,0,0,655.2995980000001,0
2026-03-10T03:36:08.944966,0,0,655.2995980000001,0
2026-03-10T03:36:09.950889,0,0,655.2995980000001,0
2026-03-10T03:36:10.957807,0,0,655.2995980000001,0
2026-03-10T03:36:11.963723,0,0,655.2995980000001,0
2026-03-10T03:36:12.970992,0,0,655.2995980000001,0
2026-03-10T03:36:13.977561,0,0,655.2995980000001,0
2026-03-10T03:36:14.983431,0,0,655.2995980000001,0
2026-03-10T03:36:16.985165,0,0,655.2995980000001,0
2026-03-10T03:36:16.997252,0,0,655.2995980000001,0
2026-03-10T03:36:18.004231,0,0,655.2995980000001,0
2026-03-10T03:36:19.010158,0,0,655.2995980000001,0
2026-03-10T03:36:20.017091,0,0,655.2995980000001,0
2026-03-10T03:36:21.024012,0,0,655.2995980000001,0
2026-03-10T03:36:22.028852,0,0,655.2995980000001,0
2026-03-10T03:36:24.030686,0,0,655.2995980000001,0
2026-03-10T03:36:24.043721,0,0,655.2995980000001,0
2026-03-10T03:36:25.050730,0,0,655.2995980000001,0
2026-03-10T03:36:26.056627,0,0,655.2995980000001,0
2026-03-10T03:36:27.063567,0,0,655.2995980000001,0
2026-03-10T03:36:28.069474,0,0,655.2995980000001,0
2026-03-10T03:36:29.076429,0,0,655.2995980000001,0
2026-03-10T03:36:30.082977,0,0,655.2995980000001,0
2026-03-10T03:36:31.090400,0,0,655.2995980000001,0
2026-03-10T03:36:33.092247,0,0,655.2995980000001,0
2026-03-10T03:36:33.102993,0,0,655.2995980000001,0
2026-03-10T03:36:34.110013,0,0,655.2995980000001,0
2026-03-10T03:36:35.115955,0,0,655.2995980000001,0
2026-03-10T03:36:36.122890,0,0,655.2995980000001,0
2026-03-10T03:36:37.129794,0,0,655.2995980000001,0
2026-03-10T03:36:38.136793,0,0,655.2995980000001,0
2026-03-10T03:36:40.138671,0,0,655.2995980000001,0
2026-03-10T03:36:40.149517,0,0,655.2995980000001,0
2026-03-10T03:36:41.156496,0,0,655.2995980000001,0
2026-03-10T03:36:42.162517,0,0,655.2995980000001,0
2026-03-10T03:36:43.169358,0,0,655.2995980000001,0
2026-03-10T03:36:44.175291,0,0,655.2995980000001,0
2026-03-10T03:36:45.183200,0,0,655.2995980000001,0
2026-03-10T03:36:46.189157,0,0,655.2995980000001,0
2026-03-10T03:36:47.196046,0,0,655.2995980000001,0
2026-03-10T03:36:48.203007,0,0,655.2995980000001,0
2026-03-10T03:36:49.208888,0,0,655.2995980000001,0
2026-03-10T03:36:50.215831,0,0,655.2995980000001,0
2026-03-10T03:36:51.221734,0,0,655.2995980000001,0
2026-03-10T03:36:52.229673,0,0,655.2995980000001,0
2026-03-10T03:36:53.235483,0,0,655.2995980000001,0
2026-03-10T03:36:54.242644,0,0,654.4175720000001,0
2026-03-10T03:36:55.248436,0,0,655.2995980000001,0
2026-03-10T03:36:56.255366,0,0,655.2995980000001,0
2026-03-10T03:36:57.262402,0,0,655.2995980000001,0
2026-03-10T03:36:58.268218,0,0,655.2995980000001,0
2026-03-10T03:36:59.275154,0,0,655.2995980000001,0
2026-03-10T03:37:00.282105,0,0,655.2995980000001,0
2026-03-10T03:37:01.289091,0,0,655.2995980000001,0
2026-03-10T03:37:02.294993,0,0,655.2995980000001,0
2026-03-10T03:37:03.301855,0,0,655.2995980000001,0
2026-03-10T03:37:04.308787,0,0,655.2995980000001,0
2026-03-10T03:37:05.314776,0,0,655.2995980000001,0
2026-03-10T03:37:06.321645,0,0,655.2995980000001,0
2026-03-10T03:37:07.327590,0,0,655.2995980000001,0
2026-03-10T03:37:08.335518,0,0,655.2995980000001,0
2026-03-10T03:37:09.341471,0,0,656.181624,0
2026-03-10T03:37:10.348367,0,0,655.2995980000001,0
2026-03-10T03:37:11.354371,0,0,655.2995980000001,0
2026-03-10T03:37:12.361219,0,0,655.2995980000001,0
2026-03-10T03:37:13.368143,0,0,655.2995980000001,0
2026-03-10T03:37:14.374071,0,0,655.2995980000001,0
2026-03-10T03:37:15.381058,0,0,655.2995980000001,0
2026-03-10T03:37:17.382800,0,0,655.2995980000001,0
2026-03-10T03:37:17.394888,0,0,655.2995980000001,0
2026-03-10T03:37:18.400784,0,0,655.2995980000001,0
2026-03-10T03:37:19.407697,0,0,655.2995980000001,0
2026-03-10T03:37:20.414705,0,0,655.2995980000001,0
2026-03-10T03:37:21.419570,0,0,655.2995980000001,0
2026-03-10T03:37:22.427519,0,0,655.2995980000001,0
2026-03-10T03:37:23.433539,0,0,655.2995980000001,0
2026-03-10T03:37:24.441462,0,0,655.2995980000001,0
2026-03-10T03:37:25.447428,0,0,655.2995980000001,0
2026-03-10T03:37:26.454397,0,0,655.2995980000001,0
2026-03-10T03:37:27.460275,0,0,655.2995980000001,0
2026-03-10T03:37:29.462053,0,0,655.2995980000001,0
2026-03-10T03:37:29.474000,0,0,655.2995980000001,0
2026-03-10T03:37:30.479983,0,0,655.2995980000001,0
2026-03-10T03:37:31.486911,0,0,655.2995980000001,0
2026-03-10T03:37:32.493833,0,0,655.2995980000001,0
2026-03-10T03:37:33.500809,0,0,655.2995980000001,0
2026-03-10T03:37:34.506752,0,0,655.2995980000001,0
2026-03-10T03:37:36.508519,0,0,655.2995980000001,0
2026-03-10T03:37:36.520572,0,0,655.2995980000001,0
2026-03-10T03:37:37.526618,0,0,655.2995980000001,0
2026-03-10T03:37:38.532449,0,0,655.2995980000001,0
2026-03-10T03:37:39.540445,0,0,655.2995980000001,0
2026-03-10T03:37:40.547327,0,0,655.2995980000001,0
2026-03-10T03:37:41.553210,0,0,655.2995980000001,0
2026-03-10T03:37:42.560255,0,0,655.2995980000001,0
2026-03-10T03:37:43.566093,0,0,655.2995980000001,0
2026-03-10T03:37:44.572994,0,0,655.2995980000001,0
2026-03-10T03:37:45.579940,0,0,655.2995980000001,0
2026-03-10T03:37:46.585842,0,0,655.2995980000001,0
2026-03-10T03:37:47.593781,0,0,655.2995980000001,0
2026-03-10T03:37:48.599697,0,0,655.2995980000001,0
2026-03-10T03:37:49.606820,0,0,655.2995980000001,0
2026-03-10T03:37:50.612611,0,0,655.2995980000001,0
2026-03-10T03:37:51.619577,0,0,655.2995980000001,0
2026-03-10T03:37:52.626545,0,0,655.2995980000001,0
2026-03-10T03:37:53.632408,0,0,655.2995980000001,0
2026-03-10T03:37:54.639318,0,0,655.2995980000001,0
2026-03-10T03:37:55.646239,0,0,655.2995980000001,0
2026-03-10T03:37:57.648133,0,0,655.2995980000001,0
2026-03-10T03:37:57.659069,0,0,655.2995980000001,0
2026-03-10T03:37:58.666031,0,0,655.2995980000001,0
2026-03-10T03:37:59.672001,0,0,655.2995980000001,0
2026-03-10T03:38:00.678950,0,0,655.2995980000001,0
2026-03-10T03:38:01.685854,0,0,655.2995980000001,0
2026-03-10T03:38:02.691736,0,0,655.2995980000001,0
2026-03-10T03:38:03.699852,0,0,655.2995980000001,0
2026-03-10T03:38:04.705740,0,0,656.181624,0
2026-03-10T03:38:05.712680,0,0,655.2995980000001,0
2026-03-10T03:38:06.718701,0,0,655.2995980000001,0
2026-03-10T03:38:07.725519,0,0,655.2995980000001,0
2026-03-10T03:38:08.732479,0,0,655.2995980000001,0
2026-03-10T03:38:09.738422,0,0,655.2995980000001,0
2026-03-10T03:38:10.745301,0,0,655.2995980000001,0
2026-03-10T03:38:11.752226,0,0,655.2995980000001,0
2026-03-10T03:38:12.758139,0,0,655.2995980000001,0
2026-03-10T03:38:13.765048,0,0,655.2995980000001,0
2026-03-10T03:38:14.772042,0,0,655.2995980000001,0
2026-03-10T03:38:15.777946,0,0,655.2995980000001,0
2026-03-10T03:38:17.779743,0,0,655.2995980000001,0
2026-03-10T03:38:17.791807,0,0,655.2995980000001,0
2026-03-10T03:38:18.797763,0,0,655.2995980000001,0
2026-03-10T03:38:19.805688,0,0,655.2995980000001,0
2026-03-10T03:38:20.811632,0,0,655.2995980000001,0
2026-03-10T03:38:21.818671,0,0,654.4175720000001,0
2026-03-10T03:38:22.824481,0,0,655.2995980000001,0
2026-03-10T03:38:24.826262,0,0,655.2995980000001,0
2026-03-10T03:38:24.838424,0,0,655.2995980000001,0
2026-03-10T03:38:25.844255,0,0,655.2995980000001,0
2026-03-10T03:38:26.852267,0,0,655.2995980000001,0
2026-03-10T03:38:27.858178,0,0,655.2995980000001,0
2026-03-10T03:38:28.865130,0,0,655.2995980000001,0
2026-03-10T03:38:29.871128,0,0,655.2995980000001,0
2026-03-10T03:38:31.872980,0,0,655.2995980000001,0
2026-03-10T03:41:55.882422,0,0,655.2995980000001,0
2026-03-10T03:41:58.364499,0,0,656.181624,0
2026-03-10T03:41:59.371594,0,0,655.2995980000001,0
2026-03-10T03:42:00.375543,0,0,655.2995980000001,0
2026-03-10T03:42:01.384574,0,0,655.2995980000001,0
2026-03-10T03:42:02.390602,0,0,655.2995980000001,0
2026-03-10T03:42:03.396435,0,0,655.2995980000001,0
2026-03-10T03:42:04.404315,0,0,655.2995980000001,0
2026-03-10T03:42:05.411271,0,0,655.2995980000001,0
2026-03-10T03:42:06.418215,0,0,655.2995980000001,0
2026-03-10T03:42:07.424157,0,0,655.2995980000001,0
2026-03-10T03:42:08.431122,0,0,655.2995980000001,0
2026-03-10T03:42:09.437072,0,0,655.2995980000001,0
2026-03-10T03:42:10.444056,0,0,655.2995980000001,0
2026-03-10T03:42:11.449976,0,0,655.2995980000001,0
2026-03-10T03:42:12.457945,0,0,655.2995980000001,0
2026-03-10T03:42:13.462903,0,0,655.2995980000001,0
2026-03-10T03:42:14.470895,0,0,655.2995980000001,0
2026-03-10T03:42:15.477821,0,0,655.2995980000001,0
2026-03-10T03:42:16.481734,0,0,655.2995980000001,0
2026-03-10T03:42:17.490824,0,0,655.2995980000001,0
2026-03-10T03:42:18.496651,0,0,655.2995980000001,0
2026-03-10T03:42:19.503604,0,0,655.2995980000001,0
2026-03-10T03:42:20.509558,0,0,655.2995980000001,0
2026-03-10T03:42:21.517526,0,0,655.2995980000001,0
2026-03-10T03:42:22.524478,0,0,655.2995980000001,0
2026-03-10T03:42:23.530492,0,0,655.2995980000001,0
2026-03-10T03:42:24.537398,0,0,655.2995980000001,0
2026-03-10T03:42:25.543334,0,0,655.2995980000001,0
2026-03-10T03:42:26.550271,0,0,655.2995980000001,0
2026-03-10T03:42:27.556225,0,0,655.2995980000001,0
2026-03-10T03:42:28.564183,0,0,655.2995980000001,0
2026-03-10T03:42:29.570131,0,0,654.4175720000001,0
2026-03-10T03:42:30.577100,0,0,655.2995980000001,0
2026-03-10T03:42:31.584073,0,0,655.2995980000001,0
2026-03-10T03:42:32.589998,0,0,655.2995980000001,0
2026-03-10T03:42:33.596951,0,0,655.2995980000001,0
2026-03-10T03:42:34.602907,0,0,655.2995980000001,0
2026-03-10T03:42:35.609844,0,0,655.2995980000001,0
2026-03-10T03:42:36.616778,0,0,655.2995980000001,0
2026-03-10T03:42:37.622868,0,0,655.2995980000001,0
2026-03-10T03:42:38.630818,0,0,655.2995980000001,0
2026-03-10T03:42:39.636598,0,0,655.2995980000001,0
2026-03-10T03:42:40.643624,0,0,655.2995980000001,0
2026-03-10T03:42:41.649562,0,0,655.2995980000001,0
2026-03-10T03:42:42.656561,0,0,655.2995980000001,0
2026-03-10T03:42:43.662552,0,0,655.2995980000001,0
2026-03-10T03:42:44.670555,0,0,655.2995980000001,0
2026-03-10T03:42:45.676379,0,0,655.2995980000001,0
2026-03-10T03:42:46.683394,0,0,655.2995980000001,0
2026-03-10T03:42:47.690430,0,0,655.2995980000001,0
2026-03-10T03:42:48.696270,0,0,655.2995980000001,0
2026-03-10T03:42:49.703245,0,0,655.2995980000001,0
2026-03-10T03:42:50.709198,0,0,655.2995980000001,0
2026-03-10T03:42:51.716140,0,0,655.2995980000001,0
2026-03-10T03:42:52.723073,0,0,655.2995980000001,0
2026-03-10T03:42:53.730067,0,0,655.2995980000001,0
2026-03-10T03:42:54.737004,0,0,655.2995980000001,0
2026-03-10T03:42:55.742963,0,0,655.2995980000001,0
2026-03-10T03:42:56.749920,0,0,655.2995980000001,0
2026-03-10T03:42:57.755856,0,0,655.2995980000001,0
2026-03-10T03:42:58.762816,0,0,655.2995980000001,0
2026-03-10T03:42:59.768780,0,0,655.2995980000001,0
2026-03-10T03:43:00.776733,0,0,655.2995980000001,0
2026-03-10T03:43:01.782743,0,0,655.2995980000001,0
2026-03-10T03:43:02.789656,0,0,655.2995980000001,0
2026-03-10T03:43:03.796610,0,0,655.2995980000001,0
2026-03-10T03:43:04.802638,0,0,655.2995980000001,0
2026-03-10T03:43:05.809482,0,0,655.2995980000001,0
2026-03-10T03:43:06.815456,0,0,655.2995980000001,0
2026-03-10T03:43:07.823426,0,0,655.2995980000001,0
2026-03-10T03:43:08.829376,0,0,655.2995980000001,0
2026-03-10T03:43:09.836310,0,0,655.2995980000001,0
2026-03-10T03:43:10.843285,0,0,655.2995980000001,0
2026-03-10T03:43:11.849225,0,0,655.2995980000001,0
2026-03-10T03:43:12.856161,0,0,655.2995980000001,0
2026-03-10T03:43:14.857947,0,0,655.2995980000001,0
2026-03-10T03:43:14.869109,0,0,655.2995980000001,0
2026-03-10T03:43:15.876039,0,0,655.2995980000001,0
2026-03-10T03:43:16.883001,0,0,655.2995980000001,0
2026-03-10T03:43:17.888959,0,0,655.2995980000001,0
2026-03-10T03:43:18.895907,0,0,655.2995980000001,0
2026-03-10T03:43:19.902878,0,0,655.2995980000001,0
2026-03-10T03:43:20.908855,0,0,655.2995980000001,0
2026-03-10T03:43:22.910688,0,0,655.2995980000001,0
2026-03-10T03:43:22.921751,0,0,655.2995980000001,0
2026-03-10T03:43:23.929727,0,0,655.2995980000001,0
2026-03-10T03:43:24.935661,0,0,655.2995980000001,0
2026-03-10T03:43:25.942695,0,0,655.2995980000001,0
2026-03-10T03:43:26.949559,0,0,655.2995980000001,0
2026-03-10T03:43:27.955530,0,0,655.2995980000001,0
2026-03-10T03:43:28.962609,0,0,655.2995980000001,0
2026-03-10T03:43:29.968471,0,0,655.2995980000001,0
2026-03-10T03:43:30.975403,0,0,656.181624,0
2026-03-10T03:43:31.982468,0,0,655.2995980000001,0
2026-03-10T03:43:32.989305,0,0,655.2995980000001,0
2026-03-10T03:43:33.995271,0,0,655.2995980000001,0
2026-03-10T03:43:35.002224,0,0,655.2995980000001,0
2026-03-10T03:43:36.009206,0,0,655.2995980000001,0
2026-03-10T03:43:37.015181,0,0,655.2995980000001,0
2026-03-10T03:43:38.022104,0,0,655.2995980000001,0
2026-03-10T03:43:39.028055,0,0,655.2995980000001,0
2026-03-10T03:43:40.036016,0,0,655.2995980000001,0
2026-03-10T03:43:41.041964,0,0,655.2995980000001,0
2026-03-10T03:43:42.048924,0,0,655.2995980000001,0
2026-03-10T03:43:43.054862,0,0,655.2995980000001,0
2026-03-10T03:43:45.056647,0,0,655.2995980000001,0
2026-03-10T03:43:45.068748,0,0,655.2995980000001,0
2026-03-10T03:43:46.074778,0,0,655.2995980000001,0
2026-03-10T03:43:47.081748,0,0,655.2995980000001,0
2026-03-10T03:43:48.088706,0,0,655.2995980000001,0
2026-03-10T03:43:49.095628,0,0,655.2995980000001,0
2026-03-10T03:43:50.101502,0,0,656.181624,0
2026-03-10T03:44:10.118541,0,0,656.181624,0
2026-03-10T03:44:11.124744,0,0,655.2995980000001,0
2026-03-10T03:44:12.130757,0,0,655.2995980000001,0
2026-03-10T03:44:13.138755,0,0,655.2995980000001,0
2026-03-10T03:44:14.144591,0,0,655.2995980000001,0
2026-03-10T03:44:15.151552,0,0,655.2995980000001,0
2026-03-10T03:44:16.158643,0,0,655.2995980000001,0
2026-03-10T03:44:17.162618,0,0,655.2995980000001,0
2026-03-10T03:44:19.164350,0,0,655.2995980000001,0
2026-03-10T03:44:19.177327,0,0,655.2995980000001,0
2026-03-10T03:44:20.184343,0,0,655.2995980000001,0
2026-03-10T03:44:21.191310,0,0,655.2995980000001,0
2026-03-10T03:44:22.198254,0,0,655.2995980000001,0
2026-03-10T03:44:23.204206,0,0,655.2995980000001,0
2026-03-10T03:44:24.211204,0,0,655.2995980000001,0
2026-03-10T03:44:25.218167,0,0,656.181624,0
2026-03-10T03:44:26.224095,0,0,655.2995980000001,0
2026-03-10T03:44:27.230962,0,0,655.2995980000001,0
2026-03-10T03:44:28.236971,0,0,656.181624,0
2026-03-10T03:44:29.244972,0,0,655.2995980000001,0
2026-03-10T03:44:30.250942,0,0,655.2995980000001,0
2026-03-10T03:44:31.256832,0,0,655.2995980000001,0
2026-03-10T03:44:32.264949,0,0,655.2995980000001,0
2026-03-10T03:44:33.270951,0,0,655.2995980000001,0
2026-03-10T03:44:34.277873,0,0,656.181624,0
2026-03-10T03:44:36.278801,0,0,655.2995980000001,0
2026-03-10T03:44:36.290694,0,0,654.4175720000001,0
2026-03-10T03:44:37.297695,0,0,655.2995980000001,0
2026-03-10T03:44:38.304639,0,0,655.2995980000001,0
2026-03-10T03:44:39.310632,0,0,655.2995980000001,0
2026-03-10T03:44:40.317540,0,0,655.2995980000001,0
2026-03-10T03:44:41.322710,0,0,655.2995980000001,0
2026-03-10T03:44:43.324626,0,0,655.2995980000001,0
2026-03-10T03:44:43.337469,0,0,656.181624,0
2026-03-10T03:44:44.343425,0,0,655.2995980000001,0
2026-03-10T03:44:45.351409,0,0,655.2995980000001,0
2026-03-10T03:44:46.357356,0,0,655.2995980000001,0
2026-03-10T03:44:47.364288,0,0,655.2995980000001,0
2026-03-10T03:44:48.371280,0,0,655.2995980000001,0
2026-03-10T03:44:49.375219,0,0,655.2995980000001,0
2026-03-10T03:44:51.377105,0,0,655.2995980000001,0
2026-03-10T03:44:51.390124,0,0,656.181624,0
2026-03-10T03:44:52.396127,0,0,655.2995980000001,0
2026-03-10T03:44:53.404086,0,0,655.2995980000001,0
2026-03-10T03:44:54.411068,0,0,655.2995980000001,0
2026-03-10T03:44:55.417016,0,0,655.2995980000001,0
2026-03-10T03:44:56.423948,0,0,655.2995980000001,0
2026-03-10T03:44:57.428937,0,0,655.2995980000001,0
2026-03-10T03:44:58.436900,0,0,655.2995980000001,0
2026-03-10T03:44:59.443846,0,0,655.2995980000001,0
2026-03-10T03:45:00.449811,0,0,655.2995980000001,0
2026-03-10T03:45:01.457762,0,0,655.2995980000001,0
2026-03-10T03:45:02.463728,0,0,655.2995980000001,0
2026-03-10T03:45:03.470784,0,0,655.2995980000001,0
2026-03-10T03:45:04.477629,0,0,655.2995980000001,0
2026-03-10T03:45:05.483640,0,0,655.2995980000001,0
2026-03-10T03:45:06.490677,0,0,655.2995980000001,0
2026-03-10T03:45:07.496528,0,0,655.2995980000001,0
2026-03-10T03:45:08.503494,0,0,655.2995980000001,0
2026-03-10T03:45:09.510553,0,0,655.2995980000001,0
2026-03-10T03:45:10.517410,0,0,655.2995980000001,0
2026-03-10T03:45:11.522481,0,0,655.2995980000001,0
2026-03-10T03:45:12.530452,0,0,655.2995980000001,0
2026-03-10T03:45:13.537329,0,0,655.2995980000001,0
2026-03-10T03:45:14.543277,0,0,655.2995980000001,0
2026-03-10T03:45:15.550243,0,0,655.2995980000001,0
2026-03-10T03:45:16.556183,0,0,655.2995980000001,0
2026-03-10T03:45:17.564151,0,0,655.2995980000001,0
2026-03-10T03:45:18.570107,0,0,655.2995980000001,0
2026-03-10T03:45:19.575095,0,0,656.181624,0
2026-03-10T03:45:20.583974,0,0,655.2995980000001,0
2026-03-10T03:45:22.585782,0,0,655.2995980000001,0
2026-03-10T03:45:22.596861,0,0,655.2995980000001,0
2026-03-10T03:45:23.602877,0,0,655.2995980000001,0
2026-03-10T03:45:24.610874,0,0,655.2995980000001,0
2026-03-10T03:45:25.616772,0,0,655.2995980000001,0
2026-03-10T03:45:26.623735,0,0,655.2995980000001,0
2026-03-10T03:45:27.627771,0,0,656.181624,0
2026-03-10T03:45:28.636716,0,0,655.2995980000001,0
2026-03-10T03:45:29.643688,0,0,655.2995980000001,0
2026-03-10T03:45:30.649646,0,0,655.2995980000001,0
2026-03-10T03:45:31.656602,0,0,655.2995980000001,0
2026-03-10T03:45:32.663573,0,0,655.2995980000001,0
2026-03-10T03:45:33.670608,0,0,655.2995980000001,0
2026-03-10T03:45:34.676425,0,0,655.2995980000001,0
2026-03-10T03:45:36.678383,0,0,657.06365,0
2026-03-10T03:45:36.690360,0,0,655.2995980000001,0
2026-03-10T03:45:37.696352,0,0,655.2995980000001,0
2026-03-10T03:45:38.703279,0,0,655.2995980000001,0
2026-03-10T03:45:39.709234,0,0,655.2995980000001,0
2026-03-10T03:45:40.717197,0,0,655.2995980000001,0
2026-03-10T03:45:41.723219,0,0,655.2995980000001,0
2026-03-10T03:45:42.730172,0,0,655.2995980000001,0
2026-03-10T03:45:43.736179,0,0,655.2995980000001,0
2026-03-10T03:45:45.737947,0,0,655.2995980000001,0
2026-03-10T03:46:04.639897,0,0,655.2995980000001,0
2026-03-10T03:46:07.122249,0,0,655.2995980000001,0
2026-03-10T03:46:08.129214,0,0,655.2995980000001,0
2026-03-10T03:46:09.135181,0,0,655.2995980000001,0
2026-03-10T03:46:10.142162,0,0,655.2995980000001,0
2026-03-10T03:46:11.147087,0,0,655.2995980000001,0
2026-03-10T03:46:12.155045,0,0,655.2995980000001,0
2026-03-10T03:46:13.162052,0,0,655.2995980000001,0
2026-03-10T03:46:14.169016,0,0,655.2995980000001,0
2026-03-10T03:46:15.175937,0,0,655.2995980000001,0
2026-03-10T03:46:16.181943,0,0,655.2995980000001,0
2026-03-10T03:46:18.183750,0,0,655.2995980000001,0
2026-03-10T03:46:54.127316,0,0,655.2995980000001,0
2026-03-10T03:46:55.133566,0,0,655.2995980000001,0
2026-03-10T03:46:56.139498,0,0,655.2995980000001,0
2026-03-10T03:46:57.147448,0,0,655.2995980000001,0
2026-03-10T03:46:58.153411,0,0,655.2995980000001,0
2026-03-10T03:46:59.160422,0,0,655.2995980000001,0
2026-03-10T03:47:01.164047,0,0,655.2995980000001,0
2026-03-10T03:47:01.173272,0,0,656.181624,0
2026-03-10T03:47:02.180314,0,0,655.2995980000001,0
2026-03-10T03:47:03.186339,0,0,655.2995980000001,0
2026-03-10T03:47:04.193237,0,0,657.06365,0
2026-03-10T03:47:05.200186,0,0,655.2995980000001,0
2026-03-10T03:47:06.207189,0,0,655.2995980000001,0
2026-03-10T03:47:07.213173,0,0,655.2995980000001,0
2026-03-10T03:47:08.220137,0,0,655.2995980000001,0
2026-03-10T03:47:09.227110,0,0,655.2995980000001,0
2026-03-10T03:47:10.233083,0,0,655.2995980000001,0
2026-03-10T03:47:11.240010,0,0,655.2995980000001,0
2026-03-10T03:47:12.246014,0,0,655.2995980000001,0
2026-03-10T03:47:13.253995,0,0,655.2995980000001,0
2026-03-10T03:47:15.256003,0,0,655.2995980000001,0
2026-03-10T03:47:15.266921,0,0,655.2995980000001,0
2026-03-10T03:47:16.273861,0,0,655.2995980000001,0
2026-03-10T03:47:17.279817,0,0,655.2995980000001,0
2026-03-10T03:47:18.286835,0,0,655.2995980000001,0
2026-03-10T03:47:19.292764,0,0,655.2995980000001,0
2026-03-10T03:47:20.299736,0,0,655.2995980000001,0
2026-03-10T03:47:21.306803,0,0,655.2995980000001,0
2026-03-10T03:47:22.313695,0,0,655.2995980000001,0
2026-03-10T03:47:23.318660,0,0,655.2995980000001,0
2026-03-10T03:47:24.326638,0,0,655.2995980000001,0
2026-03-10T03:47:25.333552,0,0,655.2995980000001,0
2026-03-10T03:47:26.339510,0,0,655.2995980000001,0
2026-03-10T03:47:27.346531,0,0,655.2995980000001,0
2026-03-10T03:47:28.352441,0,0,655.2995980000001,0
2026-03-10T03:47:29.360381,0,0,655.2995980000001,0
2026-03-10T03:47:30.365295,0,0,656.181624,0
2026-03-10T03:47:31.373366,0,0,655.2995980000001,0
2026-03-10T03:47:32.380334,0,0,655.2995980000001,0
2026-03-10T03:47:33.386359,0,0,654.4175720000001,0
2026-03-10T03:47:34.393277,0,0,655.2995980000001,0
2026-03-10T03:47:35.399240,0,0,655.2995980000001,0
2026-03-10T03:47:36.406219,0,0,655.2995980000001,0
2026-03-10T03:47:37.412246,0,0,655.2995980000001,0
2026-03-10T03:47:39.414121,0,0,655.2995980000001,0
2026-03-10T03:47:58.360998,0,0,655.2995980000001,0
2026-03-10T03:47:59.367398,0,0,655.2995980000001,0
2026-03-10T03:48:00.373371,0,0,655.2995980000001,0
2026-03-10T03:48:01.381314,0,0,655.2995980000001,0
2026-03-10T03:48:02.387295,0,0,657.06365,0
2026-03-10T03:48:03.394234,0,0,655.2995980000001,0
2026-03-10T03:48:04.401190,0,0,655.2995980000001,0
2026-03-10T03:48:05.405162,0,0,655.2995980000001,0
2026-03-10T03:48:06.414222,0,0,655.2995980000001,0
2026-03-10T03:48:08.416080,0,0,655.2995980000001,0
2026-03-10T03:48:08.426982,0,0,655.2995980000001,0
2026-03-10T03:48:09.434062,0,0,655.2995980000001,0
2026-03-10T03:48:10.441012,0,0,655.2995980000001,0
2026-03-10T03:48:11.446956,0,0,655.2995980000001,0
2026-03-10T03:48:12.453959,0,0,655.2995980000001,0
2026-03-10T03:48:13.459986,0,0,655.2995980000001,0
2026-03-10T03:48:14.466965,0,0,655.2995980000001,0
2026-03-10T03:48:15.473894,0,0,655.2995980000001,0
2026-03-10T03:48:16.479866,0,0,655.2995980000001,0
2026-03-10T03:48:17.487805,0,0,655.2995980000001,0
2026-03-10T03:48:18.493777,0,0,655.2995980000001,0
2026-03-10T03:48:19.500760,0,0,655.2995980000001,0
2026-03-10T03:48:20.507655,0,0,655.2995980000001,0
2026-03-10T03:48:21.513743,0,0,655.2995980000001,0
2026-03-10T03:48:22.520685,0,0,655.2995980000001,0
2026-03-10T03:48:23.526716,0,0,655.2995980000001,0
2026-03-10T03:48:24.533615,0,0,655.2995980000001,0
2026-03-10T03:48:25.540576,0,0,655.2995980000001,0
2026-03-10T03:48:26.547539,0,0,655.2995980000001,0
2026-03-10T03:48:27.553504,0,0,655.2995980000001,0
2026-03-10T03:48:28.560423,0,0,655.2995980000001,0
2026-03-10T03:48:29.567445,0,0,655.2995980000001,0
2026-03-10T03:48:30.573351,0,0,655.2995980000001,0
2026-03-10T03:48:31.580310,0,0,655.2995980000001,0
2026-03-10T03:48:32.586424,0,0,655.2995980000001,0
2026-03-10T03:48:33.594254,0,0,655.2995980000001,0
2026-03-10T03:48:34.600220,0,0,655.2995980000001,0
2026-03-10T03:48:35.607217,0,0,655.2995980000001,0
2026-03-10T03:48:36.614243,0,0,655.2995980000001,0
2026-03-10T03:48:37.620207,0,0,655.2995980000001,0
2026-03-10T03:48:38.627165,0,0,655.2995980000001,0
2026-03-10T03:48:39.633127,0,0,655.2995980000001,0
2026-03-10T03:48:40.640095,0,0,655.2995980000001,0
2026-03-10T03:48:41.647059,0,0,656.181624,0
2026-03-10T03:48:42.653974,0,0,655.2995980000001,0
2026-03-10T03:48:43.660009,0,0,655.2995980000001,0
2026-03-10T03:48:44.666992,0,0,655.2995980000001,0
2026-03-10T03:48:45.673966,0,0,655.2995980000001,0
2026-03-10T03:48:47.674803,0,0,655.2995980000001,0
2026-03-10T03:48:47.687085,0,0,655.2995980000001,0
2026-03-10T03:48:48.693768,0,0,655.2995980000001,0
2026-03-10T03:48:49.700714,0,0,655.2995980000001,0
2026-03-10T03:48:50.706780,0,0,655.2995980000001,0
2026-03-10T03:48:51.713691,0,0,655.2995980000001,0
2026-03-10T03:48:52.720614,0,0,655.2995980000001,0
2026-03-10T03:48:54.722424,0,0,655.2995980000001,0
2026-03-10T03:49:55.390639,0,0,655.2995980000001,0
2026-03-10T03:49:57.872748,0,0,655.2995980000001,0
2026-03-10T03:49:58.879710,0,0,655.2995980000001,0
2026-03-10T03:49:59.884697,0,0,656.181624,0
2026-03-10T03:50:00.892653,0,0,655.2995980000001,0
2026-03-10T03:50:01.898669,0,0,655.2995980000001,0
2026-03-10T03:50:02.905574,0,0,655.2995980000001,0
2026-03-10T03:50:03.912538,0,0,655.2995980000001,0
2026-03-10T03:50:04.919504,0,0,655.2995980000001,0
2026-03-10T03:50:05.926567,0,0,655.2995980000001,0
2026-03-10T03:50:06.932417,0,0,655.2995980000001,0
2026-03-10T03:50:07.939412,0,0,655.2995980000001,0
2026-03-10T03:50:08.945344,0,0,655.2995980000001,0
2026-03-10T03:50:09.952303,0,0,655.2995980000001,0
2026-03-10T03:50:10.958257,0,0,655.2995980000001,0
2026-03-10T03:50:11.966236,0,0,655.2995980000001,0
2026-03-10T03:50:12.972205,0,0,655.2995980000001,0
2026-03-10T03:50:13.979212,0,0,655.2995980000001,0
2026-03-10T03:50:14.986187,0,0,655.2995980000001,0
2026-03-10T03:50:15.992055,0,0,655.2995980000001,0
2026-03-10T03:50:16.999111,0,0,655.2995980000001,0
2026-03-10T03:50:18.005054,0,0,655.2995980000001,0
2026-03-10T03:50:19.012011,0,0,655.2995980000001,0
2026-03-10T03:50:20.018994,0,0,654.4175720000001,0
2026-03-10T03:50:21.025964,0,0,655.2995980000001,0
2026-03-10T03:50:22.032958,0,0,655.2995980000001,0
2026-03-10T03:50:23.038917,0,0,655.2995980000001,0
2026-03-10T03:50:24.045865,0,0,655.2995980000001,0
2026-03-10T03:50:25.051835,0,0,655.2995980000001,0
2026-03-10T03:50:26.058810,0,0,655.2995980000001,0
2026-03-10T03:50:27.064783,0,0,655.2995980000001,0
2026-03-10T03:50:28.071752,0,0,655.2995980000001,0
2026-03-10T03:50:30.073539,0,0,655.2995980000001,0
2026-03-10T03:50:30.085697,0,0,655.2995980000001,0
2026-03-10T03:50:31.092664,0,0,655.2995980000001,0
2026-03-10T03:50:32.098735,0,0,655.2995980000001,0
2026-03-10T03:50:33.105604,0,0,655.2995980000001,0
2026-03-10T03:50:34.111576,0,0,655.2995980000001,0
2026-03-10T03:50:35.118610,0,0,655.2995980000001,0
2026-03-10T03:50:36.125540,0,0,655.2995980000001,0
2026-03-10T03:50:37.132528,0,0,655.2995980000001,0
2026-03-10T03:50:38.139485,0,0,655.2995980000001,0
2026-03-10T03:50:39.145455,0,0,655.2995980000001,0
2026-03-10T03:50:40.152454,0,0,655.2995980000001,0
2026-03-10T03:50:41.158463,0,0,655.2995980000001,0
2026-03-10T03:50:42.165400,0,0,655.2995980000001,0
2026-03-10T03:50:43.171365,0,0,655.2995980000001,0
2026-03-10T03:50:45.173189,0,0,655.2995980000001,0
2026-03-10T03:50:55.877754,0,0,655.2995980000001,0
2026-03-10T03:50:58.359947,0,0,655.2995980000001,0
2026-03-10T03:50:59.366926,0,0,655.2995980000001,0
2026-03-10T03:51:00.372966,0,0,655.2995980000001,0
2026-03-10T03:51:02.374781,0,0,655.2995980000001,0
2026-03-10T03:51:02.385748,0,0,655.2995980000001,0
2026-03-10T03:51:03.392761,0,0,655.2995980000001,0
2026-03-10T03:51:04.399746,0,0,655.2995980000001,0
2026-03-10T03:51:05.406760,0,0,655.2995980000001,0
2026-03-10T03:51:06.413675,0,0,655.2995980000001,0
2026-03-10T03:51:07.419602,0,0,655.2995980000001,0
2026-03-10T03:51:09.421364,0,0,654.4175720000001,0
2026-03-10T03:51:09.432574,0,0,655.2995980000001,0
2026-03-10T03:51:11.434451,0,0,655.2995980000001,0
2026-03-10T03:51:11.445503,0,0,655.2995980000001,0
2026-03-10T03:51:12.453498,0,0,655.2995980000001,0
2026-03-10T03:51:13.458912,0,0,655.2995980000001,0
2026-03-10T03:51:14.466545,0,0,655.2995980000001,0
2026-03-10T03:51:15.473430,0,0,655.2995980000001,0
2026-03-10T03:51:16.479476,0,0,655.2995980000001,0
2026-03-10T03:51:17.486538,0,0,655.2995980000001,0
2026-03-10T03:51:18.492395,0,0,655.2995980000001,0
2026-03-10T03:51:19.499387,0,0,655.2995980000001,0
2026-03-10T03:51:20.506458,0,0,655.2995980000001,0
2026-03-10T03:51:21.513345,0,0,655.2995980000001,0
2026-03-10T03:51:22.520299,0,0,655.2995980000001,0
2026-03-10T03:51:23.525220,0,0,655.2995980000001,0
2026-03-10T03:51:24.533189,0,0,655.2995980000001,0
2026-03-10T03:51:25.539139,0,0,655.2995980000001,0
2026-03-10T03:51:26.546103,0,0,655.2995980000001,0
2026-03-10T03:51:27.552094,0,0,655.2995980000001,0
2026-03-10T03:51:28.560052,0,0,655.2995980000001,0
2026-03-10T03:51:29.564129,0,0,655.2995980000001,0
2026-03-10T03:51:31.565930,0,0,655.2995980000001,0
2026-03-10T03:51:44.114590,0,0,655.2995980000001,0
2026-03-10T03:51:45.127570,0,0,655.2995980000001,0
2026-03-10T03:51:46.135547,0,0,655.2995980000001,0
2026-03-10T03:51:47.141504,0,0,655.2995980000001,0
2026-03-10T03:51:48.148484,0,0,655.2995980000001,0
2026-03-10T03:51:49.155449,0,0,655.2995980000001,0
2026-03-10T03:51:50.161442,0,0,655.2995980000001,0
2026-03-10T03:51:51.166554,0,0,655.2995980000001,0
2026-03-10T03:51:52.174568,0,0,655.2995980000001,0
2026-03-10T03:51:54.176390,0,0,655.2995980000001,0
2026-03-10T03:51:54.188384,0,0,655.2995980000001,0
2026-03-10T03:51:56.190138,0,0,655.2995980000001,0
2026-03-10T03:51:56.201307,0,0,655.2995980000001,0
2026-03-10T03:51:57.208332,0,0,655.2995980000001,0
2026-03-10T03:51:59.210103,0,0,655.2995980000001,0
2026-03-10T03:51:59.221216,0,0,655.2995980000001,0
2026-03-10T03:52:00.228162,0,0,655.2995980000001,0
2026-03-10T03:52:01.234131,0,0,655.2995980000001,0
2026-03-10T03:52:02.242120,0,0,655.2995980000001,0
2026-03-10T03:52:03.248109,0,0,655.2995980000001,0
2026-03-10T03:52:04.255057,0,0,655.2995980000001,0
2026-03-10T03:52:05.262088,0,0,655.2995980000001,0
2026-03-10T03:52:06.268034,0,0,655.2995980000001,0
2026-03-10T03:52:07.274948,0,0,655.2995980000001,0
2026-03-10T03:52:08.280974,0,0,655.2995980000001,0
2026-03-10T03:52:09.287921,0,0,655.2995980000001,0
2026-03-10T03:52:10.294894,0,0,655.2995980000001,0
2026-03-10T03:52:11.301886,0,0,655.2995980000001,0
2026-03-10T03:52:12.307876,0,0,655.2995980000001,0
2026-03-10T03:52:13.314846,0,0,655.2995980000001,0
2026-03-10T03:52:14.321803,0,0,655.2995980000001,0
2026-03-10T03:52:15.327790,0,0,655.2995980000001,0
2026-03-10T03:52:16.334761,0,0,655.2995980000001,0
2026-03-10T03:52:17.340729,0,0,655.2995980000001,0
2026-03-10T03:52:18.348690,0,0,655.2995980000001,0
2026-03-10T03:52:19.354835,0,0,655.2995980000001,0
2026-03-10T03:52:20.361687,0,0,655.2995980000001,0
2026-03-10T03:52:21.368612,0,0,655.2995980000001,0
2026-03-10T03:52:22.374681,0,0,655.2995980000001,0
2026-03-10T03:52:23.381577,0,0,655.2995980000001,0
2026-03-10T03:52:24.386925,0,0,655.2995980000001,0
2026-03-10T03:52:25.394639,0,0,655.2995980000001,0
2026-03-10T03:52:26.401508,0,0,655.2995980000001,0
2026-03-10T03:52:27.408494,0,0,655.2995980000001,0
2026-03-10T03:52:28.414536,0,0,655.2995980000001,0
2026-03-10T03:52:29.421416,0,0,655.2995980000001,0
2026-03-10T03:52:30.428361,0,0,655.2995980000001,0
2026-03-10T03:52:31.434466,0,0,655.2995980000001,0
2026-03-10T03:52:32.441330,0,0,656.181624,0
2026-03-10T03:52:33.447350,0,0,655.2995980000001,0
2026-03-10T03:52:34.455350,0,0,655.2995980000001,0
2026-03-10T03:52:35.461276,0,0,655.2995980000001,0
2026-03-10T03:52:36.468225,0,0,655.2995980000001,0
2026-03-10T03:52:37.475207,0,0,655.2995980000001,0
2026-03-10T03:52:38.481173,0,0,655.2995980000001,0
2026-03-10T03:52:39.488202,0,0,655.2995980000001,0
2026-03-10T03:52:40.494106,0,0,655.2995980000001,0
2026-03-10T03:52:42.495950,0,0,655.2995980000001,0
2026-03-10T03:52:42.508117,0,0,655.2995980000001,0
2026-03-10T03:52:44.509953,0,0,655.2995980000001,0
2026-03-10T03:52:44.521063,0,0,655.2995980000001,0
2026-03-10T03:52:45.528038,0,0,655.2995980000001,0
2026-03-10T03:52:46.535015,0,0,655.2995980000001,0
2026-03-10T03:52:47.540990,0,0,655.2995980000001,0
2026-03-10T03:52:48.547927,0,0,655.2995980000001,0
2026-03-10T03:52:49.551908,0,0,655.2995980000001,0
2026-03-10T03:52:50.561846,0,0,655.2995980000001,0
2026-03-10T03:52:51.567833,0,0,655.2995980000001,0
2026-03-10T03:52:52.574820,0,0,655.2995980000001,0
2026-03-10T03:52:53.581752,0,0,655.2995980000001,0
2026-03-10T03:52:54.587679,0,0,655.2995980000001,0
2026-03-10T03:52:55.594762,0,0,655.2995980000001,0
2026-03-10T03:52:56.600690,0,0,655.2995980000001,0
2026-03-10T03:52:58.602538,0,0,655.2995980000001,0
2026-03-10T03:52:58.614699,0,0,655.2995980000001,0
2026-03-10T03:52:59.621593,0,0,655.2995980000001,0
2026-03-10T03:53:00.627528,0,0,655.2995980000001,0
2026-03-10T03:53:01.634651,0,0,654.4175720000001,0
2026-03-10T03:53:02.641641,0,0,655.2995980000001,0
2026-03-10T03:53:03.647494,0,0,655.2995980000001,0
2026-03-10T03:53:04.653505,0,0,654.4175720000001,0
2026-03-10T03:53:05.661453,0,0,655.2995980000001,0
2026-03-10T03:53:06.668407,0,0,655.2995980000001,0
2026-03-10T03:53:07.674487,0,0,655.2995980000001,0
2026-03-10T03:53:08.681373,0,0,655.2995980000001,0
2026-03-10T03:53:09.688340,0,0,655.2995980000001,0
2026-03-10T03:53:10.694448,0,0,655.2995980000001,0
2026-03-10T03:53:11.701276,0,0,655.2995980000001,0
2026-03-10T03:53:12.707272,0,0,655.2995980000001,0
2026-03-10T03:53:13.715225,0,0,655.2995980000001,0
2026-03-10T03:53:14.721218,0,0,655.2995980000001,0
2026-03-10T03:53:15.728182,0,0,655.2995980000001,0
2026-03-10T03:53:16.734150,0,0,655.2995980000001,0
2026-03-10T03:53:17.741137,0,0,655.2995980000001,0
2026-03-10T03:53:18.748081,0,0,655.2995980000001,0
2026-03-10T03:53:19.754135,0,0,655.2995980000001,0
2026-03-10T03:53:20.761049,0,0,655.2995980000001,0
2026-03-10T03:53:21.768029,0,0,655.2995980000001,0
2026-03-10T03:53:22.774996,0,0,655.2995980000001,0
2026-03-10T03:53:23.780957,0,0,655.2995980000001,0
2026-03-10T03:53:24.787938,0,0,655.2995980000001,0
2026-03-10T03:53:25.792918,0,0,655.2995980000001,0
2026-03-10T03:53:26.800929,0,0,656.181624,0
2026-03-10T03:53:27.807873,0,0,655.2995980000001,0
2026-03-10T03:53:28.813834,0,0,655.2995980000001,0
2026-03-10T03:53:29.821810,0,0,655.2995980000001,0
2026-03-10T03:53:30.827780,0,0,655.2995980000001,0
2026-03-10T03:53:31.834774,0,0,655.2995980000001,0
2026-03-10T03:53:32.840713,0,0,655.2995980000001,0
2026-03-10T03:54:09.887419,0,0,655.2995980000001,0
2026-03-10T03:54:12.369735,0,0,655.2995980000001,0
2026-03-10T03:54:13.376732,0,0,654.4175720000001,0
2026-03-10T03:54:14.380721,0,0,655.2995980000001,0
2026-03-10T03:54:15.389778,0,0,655.2995980000001,0
2026-03-10T03:54:17.391564,0,0,655.2995980000001,0
2026-03-10T03:54:17.402721,0,0,655.2995980000001,0
2026-03-10T03:54:18.409573,0,0,655.2995980000001,0
2026-03-10T03:54:19.416546,0,0,655.2995980000001,0
2026-03-10T03:54:20.423529,0,0,655.2995980000001,0
2026-03-10T03:54:21.429496,0,0,655.2995980000001,0
2026-03-10T03:54:22.436447,0,0,655.2995980000001,0
2026-03-10T03:54:23.441533,0,0,655.2995980000001,0
2026-03-10T03:54:24.449461,0,0,655.2995980000001,0
2026-03-10T03:54:25.455420,0,0,655.2995980000001,0
2026-03-10T03:54:26.463392,0,0,655.2995980000001,0
2026-03-10T03:54:27.469375,0,0,655.2995980000001,0
2026-03-10T03:54:28.476352,0,0,655.2995980000001,0
2026-03-10T03:54:29.483277,0,0,655.2995980000001,0
2026-03-10T03:54:31.485072,0,0,655.2995980000001,0
2026-03-10T03:54:31.496222,0,0,655.2995980000001,0
2026-03-10T03:54:32.502233,0,0,655.2995980000001,0
2026-03-10T03:54:33.509209,0,0,655.2995980000001,0
2026-03-10T03:54:34.516199,0,0,655.2995980000001,0
2026-03-10T03:54:35.523167,0,0,655.2995980000001,0
2026-03-10T03:54:36.528209,0,0,655.2995980000001,0
2026-03-10T03:54:37.536156,0,0,655.2995980000001,0
2026-03-10T03:54:38.543137,0,0,655.2995980000001,0
2026-03-10T03:54:39.549073,0,0,655.2995980000001,0
2026-03-10T03:54:40.556097,0,0,655.2995980000001,0
2026-03-10T03:54:41.562045,0,0,655.2995980000001,0
2026-03-10T03:54:42.570020,0,0,655.2995980000001,0
2026-03-10T03:54:43.574005,0,0,655.2995980000001,0
2026-03-10T03:54:44.582998,0,0,655.2995980000001,0
2026-03-10T03:54:45.589935,0,0,655.2995980000001,0
2026-03-10T03:54:46.595930,0,0,655.2995980000001,0
2026-03-10T03:54:47.602901,0,0,655.2995980000001,0
2026-03-10T03:54:48.608874,0,0,655.2995980000001,0
2026-03-10T03:54:49.616848,0,0,655.2995980000001,0
2026-03-10T03:54:50.620845,0,0,655.2995980000001,0
2026-03-10T03:54:51.629794,0,0,655.2995980000001,0
2026-03-10T03:54:52.636751,0,0,655.2995980000001,0
2026-03-10T03:54:53.642752,0,0,655.2995980000001,0
2026-03-10T03:54:54.649655,0,0,655.2995980000001,0
2026-03-10T03:54:55.655634,0,0,655.2995980000001,0
2026-03-10T03:54:56.662709,0,0,655.2995980000001,0
2026-03-10T03:54:57.668634,0,0,655.2995980000001,0
2026-03-10T03:54:58.676634,0,0,655.2995980000001,0
2026-03-10T03:54:59.682734,0,0,655.2995980000001,0
2026-03-10T03:55:00.689555,0,0,655.2995980000001,0
2026-03-10T03:55:01.696571,0,0,655.2995980000001,0
2026-03-10T03:55:02.702626,0,0,655.2995980000001,0
2026-03-10T03:55:03.709480,0,0,655.2995980000001,0
2026-03-10T03:55:04.715502,0,0,655.2995980000001,0
2026-03-10T03:55:05.721395,0,0,655.2995980000001,0
2026-03-10T03:55:07.723226,0,0,655.2995980000001,0
2026-03-10T03:55:07.736396,0,0,655.2995980000001,0
2026-03-10T03:55:08.743417,0,0,655.2995980000001,0
2026-03-10T03:55:09.749327,0,0,655.2995980000001,0
2026-03-10T03:55:10.756320,0,0,656.181624,0
2026-03-10T03:55:11.762407,0,0,655.2995980000001,0
2026-03-10T03:55:12.768270,0,0,655.2995980000001,0
2026-03-10T03:55:13.775195,0,0,655.2995980000001,0
2026-03-10T03:55:14.783220,0,0,655.2995980000001,0
2026-03-10T03:55:15.789167,0,0,655.2995980000001,0
2026-03-10T03:55:16.796130,0,0,655.2995980000001,0
2026-03-10T03:55:17.803068,0,0,655.2995980000001,0
2026-03-10T03:55:18.809045,0,0,655.2995980000001,0
2026-03-10T03:55:19.816005,0,0,655.2995980000001,0
2026-03-10T03:55:20.820089,0,0,655.2995980000001,0
2026-03-10T03:55:22.821841,0,0,655.2995980000001,0
2026-03-10T03:55:22.835945,0,0,655.2995980000001,0
2026-03-10T03:55:23.842983,0,0,655.2995980000001,0
2026-03-10T03:55:24.849940,0,0,655.2995980000001,0
2026-03-10T03:55:25.855904,0,0,655.2995980000001,0
2026-03-10T03:55:26.862944,0,0,655.2995980000001,0
2026-03-10T03:55:27.868849,0,0,655.2995980000001,0
2026-03-10T03:55:28.875861,0,0,655.2995980000001,0
2026-03-10T03:55:30.877586,0,0,655.2995980000001,0
2026-03-10T03:55:30.888784,0,0,655.2995980000001,0
2026-03-10T03:55:31.895797,0,0,655.2995980000001,0
2026-03-10T03:55:32.902778,0,0,655.2995980000001,0
2026-03-10T03:55:33.909704,0,0,655.2995980000001,0
2026-03-10T03:55:34.915670,0,0,655.2995980000001,0
2026-03-10T03:55:35.922714,0,0,655.2995980000001,0
2026-03-10T03:55:36.926847,0,0,655.2995980000001,0
2026-03-10T03:55:38.928627,0,0,655.2995980000001,0
2026-03-10T03:56:14.883616,0,0,655.2995980000001,0
2026-03-10T03:56:17.365715,0,0,655.2995980000001,0
2026-03-10T03:56:18.372687,0,0,655.2995980000001,0
2026-03-10T03:56:19.378768,0,0,655.2995980000001,0
2026-03-10T03:56:20.385660,0,0,655.2995980000001,0
2026-03-10T03:56:21.391633,0,0,655.2995980000001,0
2026-03-10T03:56:22.398693,0,0,655.2995980000001,0
2026-03-10T03:56:23.405569,0,0,655.2995980000001,0
2026-03-10T03:56:24.412534,0,0,655.2995980000001,0
2026-03-10T03:56:25.419517,0,0,655.2995980000001,0
2026-03-10T03:56:26.425495,0,0,655.2995980000001,0
2026-03-10T03:56:27.432516,0,0,655.2995980000001,0
2026-03-10T03:56:29.434398,0,0,655.2995980000001,0
2026-03-10T03:57:37.360467,0,0,655.2995980000001,0
2026-03-10T03:57:38.365806,0,0,655.2995980000001,0
2026-03-10T03:57:39.372807,0,0,655.2995980000001,0
2026-03-10T03:57:40.380726,0,0,655.2995980000001,0
2026-03-10T03:57:41.386812,0,0,655.2995980000001,0
2026-03-10T03:57:42.393695,0,0,655.2995980000001,0
2026-03-10T03:57:43.398826,0,0,655.2995980000001,0
2026-03-10T03:57:45.400638,0,0,655.2995980000001,0
2026-03-10T03:57:45.413613,0,0,655.2995980000001,0
2026-03-10T03:57:46.419649,0,0,655.2995980000001,0
2026-03-10T03:57:47.426677,0,0,655.2995980000001,0
2026-03-10T03:57:48.433608,0,0,655.2995980000001,0
2026-03-10T03:57:49.440604,0,0,656.181624,0
2026-03-10T03:57:50.446641,0,0,655.2995980000001,0
2026-03-10T03:57:51.453552,0,0,655.2995980000001,0
2026-03-10T03:57:52.460572,0,0,655.2995980000001,0
2026-03-10T03:57:53.466623,0,0,655.2995980000001,0
2026-03-10T03:57:54.473475,0,0,655.2995980000001,0
2026-03-10T03:57:55.479466,0,0,655.2995980000001,0
2026-03-10T03:57:56.487434,0,0,655.2995980000001,0
2026-03-10T03:57:57.493417,0,0,655.2995980000001,0
2026-03-10T03:57:58.500335,0,0,655.2995980000001,0
2026-03-10T03:57:59.507474,0,0,655.2995980000001,0
2026-03-10T03:58:00.513441,0,0,655.2995980000001,0
2026-03-10T03:58:02.515322,0,0,655.2995980000001,0
2026-03-10T03:58:02.526467,0,0,657.06365,0
2026-03-10T03:58:03.533388,0,0,655.2995980000001,0
2026-03-10T03:58:05.536545,0,0,655.2995980000001,0
2026-03-10T03:58:16.128654,0,0,655.2995980000001,0
2026-03-10T03:58:18.610994,0,0,655.2995980000001,0
2026-03-10T03:58:19.617938,0,0,655.2995980000001,0
2026-03-10T03:58:20.622994,0,0,654.4175720000001,0
2026-03-10T03:58:21.630949,0,0,655.2995980000001,0
2026-03-10T03:58:23.632708,0,0,655.2995980000001,0
2026-03-10T03:58:23.643809,0,0,655.2995980000001,0
2026-03-10T03:58:24.650820,0,0,655.2995980000001,0
2026-03-10T03:58:25.657766,0,0,655.2995980000001,0
2026-03-10T03:58:26.664787,0,0,655.2995980000001,0
2026-03-10T03:58:27.670767,0,0,655.2995980000001,0
2026-03-10T03:58:28.675664,0,0,655.2995980000001,0
2026-03-10T03:58:29.683749,0,0,655.2995980000001,0
2026-03-10T03:58:30.690695,0,0,655.2995980000001,0
2026-03-10T03:58:31.696625,0,0,655.2995980000001,0
2026-03-10T03:58:32.704578,0,0,655.2995980000001,0
2026-03-10T03:58:33.710647,0,0,655.2995980000001,0
2026-03-10T03:58:34.717529,0,0,655.2995980000001,0
2026-03-10T03:58:35.724514,0,0,655.2995980000001,0
2026-03-10T03:58:36.730617,0,0,655.2995980000001,0
2026-03-10T03:58:37.736426,0,0,655.2995980000001,0
2026-03-10T03:58:38.743544,0,0,655.2995980000001,0
2026-03-10T03:58:39.750558,0,0,655.2995980000001,0
2026-03-10T03:58:40.757421,0,0,655.2995980000001,0
2026-03-10T03:58:41.764390,0,0,655.2995980000001,0
2026-03-10T03:58:42.771360,0,0,655.2995980000001,0
2026-03-10T03:58:43.777328,0,0,653.5355460000001,0
2026-03-10T03:58:44.784309,0,0,655.2995980000001,0
2026-03-10T03:58:45.790380,0,0,655.2995980000001,0
2026-03-10T03:58:46.796268,0,0,656.181624,0
2026-03-10T03:58:47.803328,0,0,655.2995980000001,0
2026-03-10T03:58:48.811236,0,0,655.2995980000001,0
2026-03-10T03:58:49.817193,0,0,655.2995980000001,0
2026-03-10T03:58:50.824188,0,0,655.2995980000001,0
2026-03-10T03:58:51.831169,0,0,655.2995980000001,0
2026-03-10T03:58:52.837139,0,0,655.2995980000001,0
2026-03-10T03:58:53.844114,0,0,656.181624,0
2026-03-10T03:58:54.850086,0,0,655.2995980000001,0
2026-03-10T03:58:55.858077,0,0,655.2995980000001,0
2026-03-10T03:58:56.864044,0,0,655.2995980000001,0
2026-03-10T03:58:57.871021,0,0,655.2995980000001,0
2026-03-10T03:58:58.878002,0,0,655.2995980000001,0
2026-03-10T03:58:59.881919,0,0,655.2995980000001,0
2026-03-10T03:59:01.883732,0,0,655.2995980000001,0
2026-03-10T03:59:01.896931,0,0,655.2995980000001,0
2026-03-10T03:59:02.903932,0,0,655.2995980000001,0
2026-03-10T03:59:03.909744,0,0,655.2995980000001,0
2026-03-10T03:59:04.917862,0,0,655.2995980000001,0
2026-03-10T03:59:05.923834,0,0,655.2995980000001,0
2026-03-10T03:59:06.928765,0,0,655.2995980000001,0
2026-03-10T03:59:07.937893,0,0,655.2995980000001,0
2026-03-10T03:59:08.943814,0,0,655.2995980000001,0
2026-03-10T03:59:09.950806,0,0,655.2995980000001,0
2026-03-10T03:59:10.956763,0,0,655.2995980000001,0
2026-03-10T03:59:11.964742,0,0,655.2995980000001,0
2026-03-10T03:59:12.970791,0,0,655.2995980000001,0
2026-03-10T03:59:13.977667,0,0,655.2995980000001,0
2026-03-10T03:59:14.984645,0,0,655.2995980000001,0
2026-03-10T03:59:15.990744,0,0,655.2995980000001,0
2026-03-10T03:59:16.997628,0,0,655.2995980000001,0
2026-03-10T03:59:18.003611,0,0,655.2995980000001,0
2026-03-10T03:59:19.010670,0,0,655.2995980000001,0
2026-03-10T03:59:20.015637,0,0,655.2995980000001,0
2026-03-10T03:59:22.017392,0,0,655.2995980000001,0
2026-03-10T03:59:22.030584,0,0,655.2995980000001,0
2026-03-10T03:59:23.037487,0,0,655.2995980000001,0
2026-03-10T03:59:24.044475,0,0,655.2995980000001,0
2026-03-10T03:59:25.050552,0,0,655.2995980000001,0
2026-03-10T03:59:26.057402,0,0,655.2995980000001,0
2026-03-10T03:59:27.061322,0,0,655.2995980000001,0
2026-03-10T04:00:19.367373,0,0,655.2995980000001,0
2026-03-10T04:00:20.035259,0,0,655.2995980000001,0
2026-03-10T04:00:20.380304,0,0,655.2995980000001,0
2026-03-10T04:00:21.388274,0,0,655.2995980000001,0
2026-03-10T04:00:22.394218,0,0,655.2995980000001,0
2026-03-10T04:00:23.401242,0,0,655.2995980000001,0
2026-03-10T04:00:24.406173,0,0,656.181624,0
2026-03-10T04:00:26.407988,0,0,655.2995980000001,0
2026-03-10T04:00:26.421060,0,0,655.2995980000001,0
2026-03-10T04:00:27.427110,0,0,655.2995980000001,0
2026-03-10T04:00:28.434070,0,0,655.2995980000001,0
2026-03-10T04:00:29.441054,0,0,655.2995980000001,0
2026-03-10T04:00:30.448050,0,0,655.2995980000001,0
2026-03-10T04:00:31.453964,0,0,655.2995980000001,0
2026-03-10T04:00:32.461084,0,0,656.181624,0
2026-03-10T04:00:33.467975,0,0,655.2995980000001,0
2026-03-10T04:00:34.473942,0,0,655.2995980000001,0
2026-03-10T04:00:35.480936,0,0,656.181624,0
2026-03-10T04:00:36.486887,0,0,655.2995980000001,0
2026-03-10T04:00:37.494866,0,0,655.2995980000001,0
2026-03-10T04:00:38.500841,0,0,655.2995980000001,0
2026-03-10T04:00:39.507824,0,0,655.2995980000001,0
2026-03-10T04:00:40.514808,0,0,655.2995980000001,0
2026-03-10T04:00:41.518804,0,0,655.2995980000001,0
2026-03-10T04:00:43.520588,0,0,655.2995980000001,0
2026-03-10T04:01:04.874029,0,0,655.2995980000001,0
2026-03-10T04:01:05.880339,0,0,656.181624,0
2026-03-10T04:01:06.884337,0,0,655.2995980000001,0
2026-03-10T04:01:08.886179,0,0,656.181624,0
2026-03-10T04:01:59.886876,0,0,655.2995980000001,0
2026-03-10T04:02:02.369147,0,0,655.2995980000001,0
2026-03-10T04:02:03.376123,0,0,655.2995980000001,0
2026-03-10T04:02:04.380004,0,0,655.2995980000001,0
2026-03-10T04:02:05.389015,0,0,655.2995980000001,0
2026-03-10T04:02:06.395121,0,0,656.181624,0
2026-03-10T04:02:07.402105,0,0,655.2995980000001,0
2026-03-10T04:02:08.409082,0,0,655.2995980000001,0
2026-03-10T04:02:09.416067,0,0,655.2995980000001,0
2026-03-10T04:02:10.423028,0,0,655.2995980000001,0
2026-03-10T04:02:11.427949,0,0,655.2995980000001,0
2026-03-10T04:02:12.435947,0,0,655.2995980000001,0
2026-03-10T04:02:13.441865,0,0,655.2995980000001,0
2026-03-10T04:02:14.448836,0,0,655.2995980000001,0
2026-03-10T04:02:15.454865,0,0,655.2995980000001,0
2026-03-10T04:02:16.462845,0,0,655.2995980000001,0
2026-03-10T04:02:17.468857,0,0,655.2995980000001,0
2026-03-10T04:02:19.470667,0,0,655.2995980000001,0
2026-03-10T04:02:19.482749,0,0,655.2995980000001,0
2026-03-10T04:02:20.488686,0,0,657.06365,0
2026-03-10T04:02:21.495673,0,0,655.2995980000001,0
2026-03-10T04:02:22.501633,0,0,655.2995980000001,0
2026-03-10T04:02:23.508614,0,0,655.2995980000001,0
2026-03-10T04:02:24.515602,0,0,655.2995980000001,0
2026-03-10T04:02:25.522695,0,0,655.2995980000001,0
2026-03-10T04:02:26.529612,0,0,655.2995980000001,0
2026-03-10T04:02:27.535557,0,0,655.2995980000001,0
2026-03-10T04:02:28.542605,0,0,655.2995980000001,0
2026-03-10T04:02:29.548499,0,0,655.2995980000001,0
2026-03-10T04:02:30.555487,0,0,655.2995980000001,0
2026-03-10T04:02:31.561450,0,0,655.2995980000001,0
2026-03-10T04:02:32.569485,0,0,655.2995980000001,0
2026-03-10T04:02:33.575505,0,0,656.181624,0
2026-03-10T04:02:35.577257,0,0,655.2995980000001,0
2026-03-10T04:02:35.589387,0,0,655.2995980000001,0
2026-03-10T04:02:36.595381,0,0,655.2995980000001,0
2026-03-10T04:02:37.602423,0,0,655.2995980000001,0
2026-03-10T04:02:38.608322,0,0,655.2995980000001,0
2026-03-10T04:02:39.615324,0,0,655.2995980000001,0
2026-03-10T04:02:40.622262,0,0,655.2995980000001,0
2026-03-10T04:02:41.629255,0,0,655.2995980000001,0
2026-03-10T04:02:43.631087,0,0,655.2995980000001,0
2026-03-10T04:02:43.641173,0,0,655.2995980000001,0
2026-03-10T04:02:44.648173,0,0,655.2995980000001,0
2026-03-10T04:02:45.655161,0,0,655.2995980000001,0
2026-03-10T04:02:46.662108,0,0,655.2995980000001,0
2026-03-10T04:02:47.668120,0,0,655.2995980000001,0
2026-03-10T04:02:48.676046,0,0,655.2995980000001,0
2026-03-10T04:02:50.677894,0,0,655.2995980000001,0
2026-03-10T04:02:50.689012,0,0,655.2995980000001,0
2026-03-10T04:02:51.696074,0,0,655.2995980000001,0
2026-03-10T04:02:52.701984,0,0,655.2995980000001,0
2026-03-10T04:02:53.709048,0,0,655.2995980000001,0
2026-03-10T04:02:54.715039,0,0,655.2995980000001,0
2026-03-10T04:02:55.722998,0,0,654.4175720000001,0
2026-03-10T04:02:57.724885,0,0,655.2995980000001,0
2026-03-10T04:02:57.735966,0,0,655.2995980000001,0
2026-03-10T04:02:59.737810,0,0,655.2995980000001,0
2026-03-10T04:02:59.748924,0,0,655.2995980000001,0
2026-03-10T04:03:00.754917,0,0,655.2995980000001,0
2026-03-10T04:03:01.761858,0,0,655.2995980000001,0
2026-03-10T04:03:02.768908,0,0,655.2995980000001,0
2026-03-10T04:03:03.775878,0,0,655.2995980000001,0
2026-03-10T04:03:04.782860,0,0,655.2995980000001,0
2026-03-10T04:03:05.788828,0,0,656.181624,0
2026-03-10T04:03:07.790781,0,0,655.2995980000001,0
2026-03-10T04:03:07.802793,0,0,655.2995980000001,0
2026-03-10T04:03:08.808750,0,0,655.2995980000001,0
2026-03-10T04:03:09.815753,0,0,655.2995980000001,0
2026-03-10T04:03:10.821708,0,0,655.2995980000001,0
2026-03-10T04:03:11.829678,0,0,656.181624,0
2026-03-10T04:03:12.835667,0,0,655.2995980000001,0
2026-03-10T04:03:13.842755,0,0,655.2995980000001,0
2026-03-10T04:03:14.849625,0,0,655.2995980000001,0
2026-03-10T04:03:15.855604,0,0,655.2995980000001,0
2026-03-10T04:03:16.862647,0,0,655.2995980000001,0
2026-03-10T04:03:17.867540,0,0,655.2995980000001,0
2026-03-10T04:03:18.875536,0,0,655.2995980000001,0
2026-03-10T04:03:19.882637,0,0,655.2995980000001,0
2026-03-10T04:03:20.889575,0,0,655.2995980000001,0
2026-03-10T04:03:22.891578,0,0,655.2995980000001,0
2026-03-10T04:03:41.889885,0,0,655.2995980000001,0
2026-03-10T04:03:44.372045,0,0,655.2995980000001,0
2026-03-10T04:03:45.379017,0,0,655.2995980000001,0
2026-03-10T04:03:46.383975,0,0,655.2995980000001,0
2026-03-10T04:03:48.385852,0,0,655.2995980000001,0
2026-03-10T04:03:48.397909,0,0,655.2995980000001,0
2026-03-10T04:03:49.404930,0,0,655.2995980000001,0
2026-03-10T04:03:50.411915,0,0,655.2995980000001,0
2026-03-10T04:03:51.418935,0,0,655.2995980000001,0
2026-03-10T04:03:52.425872,0,0,655.2995980000001,0
2026-03-10T04:03:53.431850,0,0,655.2995980000001,0
2026-03-10T04:03:54.438854,0,0,656.181624,0
2026-03-10T04:03:55.444811,0,0,655.2995980000001,0
2026-03-10T04:03:56.451774,0,0,655.2995980000001,0
2026-03-10T04:03:57.457786,0,0,654.4175720000001,0
2026-03-10T04:03:58.465759,0,0,655.2995980000001,0
2026-03-10T04:03:59.471731,0,0,655.2995980000001,0
2026-03-10T04:04:00.478768,0,0,655.2995980000001,0
2026-03-10T04:04:01.485705,0,0,655.2995980000001,0
2026-03-10T04:04:02.491662,0,0,655.2995980000001,0
2026-03-10T04:04:03.498752,0,0,655.2995980000001,0
2026-03-10T04:04:04.504617,0,0,655.2995980000001,0
2026-03-10T04:04:05.511574,0,0,655.2995980000001,0
2026-03-10T04:04:06.518583,0,0,654.4175720000001,0
2026-03-10T04:04:07.525537,0,0,655.2995980000001,0
2026-03-10T04:04:08.532531,0,0,655.2995980000001,0
2026-03-10T04:04:09.538581,0,0,655.2995980000001,0
2026-03-10T04:04:10.544418,0,0,655.2995980000001,0
2026-03-10T04:04:11.551434,0,0,655.2995980000001,0
2026-03-10T04:04:12.558519,0,0,655.2995980000001,0
2026-03-10T04:04:13.564415,0,0,655.2995980000001,0
2026-03-10T04:04:14.572390,0,0,655.2995980000001,0
2026-03-10T04:04:15.577254,0,0,655.2995980000001,0
2026-03-10T04:04:16.585348,0,0,655.2995980000001,0
2026-03-10T04:04:17.592316,0,0,655.2995980000001,0
2026-03-10T04:04:18.597326,0,0,655.2995980000001,0
2026-03-10T04:04:19.605326,0,0,655.2995980000001,0
2026-03-10T04:04:20.611028,0,0,655.2995980000001,0
2026-03-10T04:04:21.619272,0,0,655.2995980000001,0
2026-03-10T04:04:22.625224,0,0,655.2995980000001,0
2026-03-10T04:04:23.632245,0,0,655.2995980000001,0
2026-03-10T04:04:24.639199,0,0,655.2995980000001,0
2026-03-10T04:04:25.645195,0,0,655.2995980000001,0
2026-03-10T04:04:26.652146,0,0,655.2995980000001,0
2026-03-10T04:04:27.658112,0,0,655.2995980000001,0
2026-03-10T04:04:28.665077,0,0,655.2995980000001,0
2026-03-10T04:04:29.671072,0,0,655.2995980000001,0
2026-03-10T04:04:30.679038,0,0,654.4175720000001,0
2026-03-10T04:04:31.685006,0,0,655.2995980000001,0
2026-03-10T04:04:32.692026,0,0,655.2995980000001,0
2026-03-10T04:04:33.698986,0,0,655.2995980000001,0
2026-03-10T04:04:34.704984,0,0,655.2995980000001,0
2026-03-10T04:04:35.711960,0,0,655.2995980000001,0
2026-03-10T04:04:36.717896,0,0,655.2995980000001,0
2026-03-10T04:04:37.724877,0,0,655.2995980000001,0
2026-03-10T04:04:38.731865,0,0,655.2995980000001,0
2026-03-10T04:04:39.738893,0,0,655.2995980000001,0
2026-03-10T04:04:40.745868,0,0,655.2995980000001,0
2026-03-10T04:04:41.751853,0,0,655.2995980000001,0
2026-03-10T04:04:42.758857,0,0,656.181624,0
2026-03-10T04:04:43.764791,0,0,655.2995980000001,0
2026-03-10T04:04:44.771762,0,0,655.2995980000001,0
2026-03-10T04:04:45.778779,0,0,655.2995980000001,0
2026-03-10T04:04:46.785734,0,0,655.2995980000001,0
2026-03-10T04:04:47.791734,0,0,655.2995980000001,0
2026-03-10T04:04:48.798751,0,0,655.2995980000001,0
2026-03-10T04:04:49.805645,0,0,655.2995980000001,0
2026-03-10T04:04:50.811631,0,0,655.2995980000001,0
2026-03-10T04:04:51.818698,0,0,655.2995980000001,0
2026-03-10T04:04:52.824582,0,0,655.2995980000001,0
2026-03-10T04:04:53.832554,0,0,655.2995980000001,0
2026-03-10T04:04:54.838593,0,0,655.2995980000001,0
2026-03-10T04:04:55.845547,0,0,655.2995980000001,0
2026-03-10T04:04:56.852549,0,0,655.2995980000001,0
2026-03-10T04:04:57.858622,0,0,655.2995980000001,0
2026-03-10T04:04:58.865502,0,0,655.2995980000001,0
2026-03-10T04:04:59.871484,0,0,655.2995980000001,0
2026-03-10T04:05:00.878573,0,0,655.2995980000001,0
2026-03-10T04:05:01.885497,0,0,655.2995980000001,0
2026-03-10T04:05:03.887388,0,0,655.2995980000001,0
2026-03-10T04:05:03.898412,0,0,655.2995980000001,0
2026-03-10T04:05:04.905334,0,0,655.2995980000001,0
2026-03-10T04:05:05.912306,0,0,655.2995980000001,0
2026-03-10T04:05:06.918343,0,0,655.2995980000001,0
2026-03-10T04:05:07.925285,0,0,655.2995980000001,0
2026-03-10T04:05:08.931205,0,0,655.2995980000001,0
2026-03-10T04:05:10.932961,0,0,655.2995980000001,0
2026-03-10T04:05:10.945274,0,0,655.2995980000001,0
2026-03-10T04:05:12.947031,0,0,655.2995980000001,0
2026-03-10T04:05:12.959161,0,0,655.2995980000001,0
2026-03-10T04:05:13.965176,0,0,655.2995980000001,0
2026-03-10T04:05:14.972126,0,0,655.2995980000001,0
2026-03-10T04:05:15.978113,0,0,655.2995980000001,0
2026-03-10T04:05:16.985079,0,0,655.2995980000001,0
2026-03-10T04:05:17.992089,0,0,655.2995980000001,0
2026-03-10T04:05:19.993886,0,0,655.2995980000001,0
2026-03-10T04:05:20.005000,0,0,655.2995980000001,0
2026-03-10T04:05:21.012012,0,0,655.2995980000001,0
2026-03-10T04:05:22.019001,0,0,655.2995980000001,0
2026-03-10T04:05:23.024975,0,0,655.2995980000001,0
2026-03-10T04:05:24.031957,0,0,655.2995980000001,0
2026-03-10T04:05:25.037921,0,0,655.2995980000001,0
2026-03-10T04:05:26.046024,0,0,655.2995980000001,0
2026-03-10T04:05:28.047933,0,0,655.2995980000001,0
2026-03-10T04:05:28.057814,0,0,655.2995980000001,0
2026-03-10T04:05:29.065898,0,0,655.2995980000001,0
2026-03-10T04:05:30.071830,0,0,655.2995980000001,0
2026-03-10T04:05:31.078813,0,0,655.2995980000001,0
2026-03-10T04:05:32.084798,0,0,655.2995980000001,0
2026-03-10T04:05:33.092736,0,0,655.2995980000001,0
2026-03-10T04:05:35.094638,0,0,655.2995980000001,0
2026-03-10T04:05:35.105738,0,0,655.2995980000001,0
2026-03-10T04:05:36.111759,0,0,655.2995980000001,0
2026-03-10T04:05:37.118757,0,0,655.2995980000001,0
2026-03-10T04:05:38.125688,0,0,655.2995980000001,0
2026-03-10T04:05:39.131672,0,0,655.2995980000001,0
2026-03-10T04:05:40.138713,0,0,655.2995980000001,0
2026-03-10T04:05:41.145743,0,0,655.2995980000001,0
2026-03-10T04:05:43.146788,0,0,655.2995980000001,0
2026-03-10T04:05:43.158637,0,0,655.2995980000001,0
2026-03-10T04:05:44.165587,0,0,655.2995980000001,0
2026-03-10T04:05:45.172590,0,0,655.2995980000001,0
2026-03-10T04:05:46.178596,0,0,655.2995980000001,0
2026-03-10T04:05:47.185504,0,0,655.2995980000001,0
2026-03-10T04:05:48.191465,0,0,655.2995980000001,0
2026-03-10T04:05:49.199571,0,0,655.2995980000001,0
2026-03-10T04:05:50.205549,0,0,655.2995980000001,0
2026-03-10T04:05:52.207292,0,0,655.2995980000001,0
2026-03-10T04:05:52.218490,0,0,655.2995980000001,0
2026-03-10T04:05:53.225387,0,0,655.2995980000001,0
2026-03-10T04:05:54.232352,0,0,655.2995980000001,0
2026-03-10T04:05:55.238467,0,0,655.2995980000001,0
2026-03-10T04:05:56.245318,0,0,655.2995980000001,0
2026-03-10T04:05:57.252274,0,0,655.2995980000001,0
2026-03-10T04:05:59.254047,0,0,655.2995980000001,0
2026-03-10T04:05:59.265218,0,0,655.2995980000001,0
2026-03-10T04:06:00.272306,0,0,655.2995980000001,0
2026-03-10T04:06:01.279320,0,0,655.2995980000001,0
2026-03-10T04:06:02.285282,0,0,655.2995980000001,0
2026-03-10T04:06:23.617569,0,0,655.2995980000001,0
2026-03-10T04:06:24.624847,0,0,655.2995980000001,0
2026-03-10T04:06:25.628815,0,0,655.2995980000001,0
2026-03-10T04:06:26.637797,0,0,655.2995980000001,0
2026-03-10T04:06:27.643688,0,0,655.2995980000001,0
2026-03-10T04:06:28.650743,0,0,655.2995980000001,0
2026-03-10T04:06:29.657634,0,0,655.2995980000001,0
2026-03-10T04:06:30.664637,0,0,655.2995980000001,0
2026-03-10T04:06:31.671591,0,0,655.2995980000001,0
2026-03-10T04:06:32.675627,0,0,655.2995980000001,0
2026-03-10T04:06:33.684579,0,0,655.2995980000001,0
2026-03-10T04:06:34.690617,0,0,655.2995980000001,0
2026-03-10T04:06:35.697513,0,0,655.2995980000001,0
2026-03-10T04:06:36.703504,0,0,655.2995980000001,0
2026-03-10T04:06:37.711484,0,0,655.2995980000001,0
2026-03-10T04:06:38.717449,0,0,656.181624,0
2026-03-10T04:06:39.724312,0,0,655.2995980000001,0
2026-03-10T04:06:41.726025,0,0,655.2995980000001,0
2026-03-10T04:06:41.737414,0,0,655.2995980000001,0
2026-03-10T04:06:42.742579,0,0,655.2995980000001,0
2026-03-10T04:06:43.750542,0,0,655.2995980000001,0
2026-03-10T04:06:44.758470,0,0,655.2995980000001,0
2026-03-10T04:06:45.764374,0,0,655.2995980000001,0
2026-03-10T04:06:46.771383,0,0,655.2995980000001,0
2026-03-10T04:06:47.778401,0,0,655.2995980000001,0
2026-03-10T04:06:48.784304,0,0,655.2995980000001,0
2026-03-10T04:06:49.791393,0,0,656.181624,0
2026-03-10T04:06:50.797374,0,0,655.2995980000001,0
2026-03-10T04:06:52.799176,0,0,655.2995980000001,0
2026-03-10T04:06:52.811223,0,0,655.2995980000001,0
2026-03-10T04:06:53.818167,0,0,655.2995980000001,0
2026-03-10T04:06:54.824150,0,0,655.2995980000001,0
2026-03-10T04:06:55.831159,0,0,655.2995980000001,0
2026-03-10T04:06:56.838103,0,0,655.2995980000001,0
2026-03-10T04:06:57.843066,0,0,655.2995980000001,0
2026-03-10T04:06:58.851108,0,0,655.2995980000001,0
2026-03-10T04:07:00.852838,0,0,655.2995980000001,0
2026-03-10T04:07:00.864959,0,0,655.2995980000001,0
2026-03-10T04:07:01.871049,0,0,656.181624,0
2026-03-10T04:07:02.878022,0,0,655.2995980000001,0
2026-03-10T04:07:03.885027,0,0,655.2995980000001,0
2026-03-10T04:07:04.891010,0,0,655.2995980000001,0
2026-03-10T04:07:05.897949,0,0,655.2995980000001,0
2026-03-10T04:07:06.903939,0,0,655.2995980000001,0
2026-03-10T04:07:07.911044,0,0,655.2995980000001,0
2026-03-10T04:07:08.917972,0,0,655.2995980000001,0
2026-03-10T04:07:09.924975,0,0,655.2995980000001,0
2026-03-10T04:07:11.926749,0,0,655.2995980000001,0
2026-03-10T04:07:11.937884,0,0,655.2995980000001,0
2026-03-10T04:07:12.944897,0,0,655.2995980000001,0
2026-03-10T04:07:13.950919,0,0,655.2995980000001,0
2026-03-10T04:07:14.957851,0,0,655.2995980000001,0
2026-03-10T04:07:15.963852,0,0,655.2995980000001,0
2026-03-10T04:07:16.971674,0,0,655.2995980000001,0
2026-03-10T04:07:17.977776,0,0,655.2995980000001,0
2026-03-10T04:07:18.984657,0,0,655.2995980000001,0
2026-03-10T04:07:19.991699,0,0,655.2995980000001,0
2026-03-10T04:07:20.997627,0,0,655.2995980000001,0
2026-03-10T04:07:22.004633,0,0,655.2995980000001,0
2026-03-10T04:07:23.010725,0,0,655.2995980000001,0
2026-03-10T04:07:24.017635,0,0,656.181624,0
2026-03-10T04:07:26.019421,0,0,655.2995980000001,0
2026-03-10T04:08:55.364356,0,0,655.2995980000001,0
2026-03-10T04:08:56.370908,0,0,655.2995980000001,0
2026-03-10T04:08:57.375873,0,0,655.2995980000001,0
2026-03-10T04:08:59.377831,0,0,655.2995980000001,0
2026-03-10T04:08:59.389752,0,0,655.2995980000001,0
2026-03-10T04:09:00.396735,0,0,655.2995980000001,0
2026-03-10T04:09:01.403753,0,0,655.2995980000001,0
2026-03-10T04:09:02.410754,0,0,655.2995980000001,0
2026-03-10T04:09:03.417700,0,0,655.2995980000001,0
2026-03-10T04:09:04.423582,0,0,655.2995980000001,0
2026-03-10T04:09:05.430593,0,0,655.2995980000001,0
2026-03-10T04:09:06.436632,0,0,655.2995980000001,0
2026-03-10T04:09:07.443530,0,0,655.2995980000001,0
2026-03-10T04:09:08.449499,0,0,655.2995980000001,0
2026-03-10T04:09:09.457479,0,0,655.2995980000001,0
2026-03-10T04:09:10.463431,0,0,655.2995980000001,0
2026-03-10T04:09:11.470539,0,0,655.2995980000001,0
2026-03-10T04:09:12.477405,0,0,655.2995980000001,0
2026-03-10T04:09:13.483400,0,0,655.2995980000001,0
2026-03-10T04:09:14.490463,0,0,655.2995980000001,0
2026-03-10T04:09:15.496306,0,0,655.2995980000001,0
2026-03-10T04:09:16.503274,0,0,655.2995980000001,0
2026-03-10T04:09:17.510354,0,0,655.2995980000001,0
2026-03-10T04:09:18.517207,0,0,655.2995980000001,0
2026-03-10T04:09:20.518819,0,0,655.2995980000001,0
2026-03-10T04:09:20.530162,0,0,655.2995980000001,0
2026-03-10T04:09:21.537176,0,0,655.2995980000001,0
2026-03-10T04:09:22.543165,0,0,655.2995980000001,0
2026-03-10T04:09:23.550129,0,0,655.2995980000001,0
2026-03-10T04:09:24.556112,0,0,655.2995980000001,0
2026-03-10T04:09:25.564065,0,0,655.2995980000001,0
2026-03-10T04:09:26.570085,0,0,656.181624,0
2026-03-10T04:09:28.572000,0,0,655.2995980000001,0
2026-03-10T04:09:28.583976,0,0,655.2995980000001,0
2026-03-10T04:09:29.589991,0,0,655.2995980000001,0
2026-03-10T04:09:30.596968,0,0,655.2995980000001,0
2026-03-10T04:09:31.602993,0,0,655.2995980000001,0
2026-03-10T04:09:32.610940,0,0,655.2995980000001,0
2026-03-10T04:09:34.612695,0,0,655.2995980000001,0
2026-03-10T04:09:34.623899,0,0,655.2995980000001,0
2026-03-10T04:09:35.630873,0,0,655.2995980000001,0
2026-03-10T04:09:36.636824,0,0,655.2995980000001,0
2026-03-10T04:09:37.643776,0,0,655.2995980000001,0
2026-03-10T04:09:38.648746,0,0,655.2995980000001,0
2026-03-10T04:09:39.656716,0,0,655.2995980000001,0
2026-03-10T04:09:40.662765,0,0,654.4175720000001,0
2026-03-10T04:09:41.670801,0,0,655.2995980000001,0
2026-03-10T04:09:42.676698,0,0,655.2995980000001,0
2026-03-10T04:09:43.683662,0,0,655.2995980000001,0
2026-03-10T04:09:44.690723,0,0,656.181624,0
2026-03-10T04:09:45.696612,0,0,655.2995980000001,0
2026-03-10T04:09:46.703594,0,0,655.2995980000001,0
2026-03-10T04:09:47.709538,0,0,655.2995980000001,0
2026-03-10T04:09:49.711315,0,0,655.2995980000001,0
2026-03-10T04:09:49.723464,0,0,655.2995980000001,0
2026-03-10T04:09:50.730596,0,0,655.2995980000001,0
2026-03-10T04:09:51.737415,0,0,655.2995980000001,0
2026-03-10T04:09:52.743399,0,0,655.2995980000001,0
2026-03-10T04:09:53.750484,0,0,655.2995980000001,0
2026-03-10T04:09:54.756527,0,0,655.2995980000001,0
2026-03-10T04:09:56.758215,0,0,655.2995980000001,0
2026-03-10T04:09:56.770389,0,0,655.2995980000001,0
2026-03-10T04:09:57.777329,0,0,655.2995980000001,0
2026-03-10T04:09:58.783324,0,0,655.2995980000001,0
2026-03-10T04:09:59.790375,0,0,655.2995980000001,0
2026-03-10T04:10:00.797289,0,0,655.2995980000001,0
2026-03-10T04:10:01.803168,0,0,655.2995980000001,0
2026-03-10T04:10:02.810391,0,0,655.2995980000001,0
2026-03-10T04:10:03.816262,0,0,655.2995980000001,0
2026-03-10T04:10:04.824220,0,0,655.2995980000001,0
2026-03-10T04:10:05.829190,0,0,655.2995980000001,0
2026-03-10T04:10:06.837193,0,0,655.2995980000001,0
2026-03-10T04:10:07.844170,0,0,656.181624,0
2026-03-10T04:10:08.850073,0,0,655.2995980000001,0
2026-03-10T04:10:09.857038,0,0,655.2995980000001,0
2026-03-10T04:10:10.863028,0,0,655.2995980000001,0
2026-03-10T04:10:11.870014,0,0,655.2995980000001,0
2026-03-10T04:10:12.876975,0,0,655.2995980000001,0
2026-03-10T04:10:13.883960,0,0,655.2995980000001,0
2026-03-10T04:10:14.889916,0,0,655.2995980000001,0
2026-03-10T04:10:16.891671,0,0,655.2995980000001,0
2026-03-10T04:10:16.903805,0,0,655.2995980000001,0
2026-03-10T04:10:17.909851,0,0,655.2995980000001,0
2026-03-10T04:10:18.916831,0,0,655.2995980000001,0
2026-03-10T04:10:19.922797,0,0,655.2995980000001,0
2026-03-10T04:10:20.930828,0,0,655.2995980000001,0
2026-03-10T04:10:21.936681,0,0,655.2995980000001,0
2026-03-10T04:10:22.942813,0,0,655.2995980000001,0
2026-03-10T04:10:23.950804,0,0,655.2995980000001,0
2026-03-10T04:10:24.956742,0,0,655.2995980000001,0
2026-03-10T04:10:25.963706,0,0,655.2995980000001,0
2026-03-10T04:10:26.969673,0,0,655.2995980000001,0
2026-03-10T04:10:27.976623,0,0,655.2995980000001,0
2026-03-10T04:10:28.981642,0,0,655.2995980000001,0
2026-03-10T04:10:29.990698,0,0,656.181624,0
2026-03-10T04:10:30.996583,0,0,655.2995980000001,0
2026-03-10T04:10:32.003528,0,0,655.2995980000001,0
2026-03-10T04:10:33.010638,0,0,655.2995980000001,0
2026-03-10T04:10:34.016477,0,0,655.2995980000001,0
2026-03-10T04:10:35.023491,0,0,655.2995980000001,0
2026-03-10T04:10:36.029418,0,0,655.2995980000001,0
2026-03-10T04:10:37.037448,0,0,655.2995980000001,0
2026-03-10T04:10:38.043434,0,0,655.2995980000001,0
2026-03-10T04:10:39.050454,0,0,655.2995980000001,0
2026-03-10T04:10:40.057338,0,0,655.2995980000001,0
2026-03-10T04:10:41.063337,0,0,655.2995980000001,0
2026-03-10T04:10:42.070371,0,0,656.181624,0
2026-03-10T04:10:43.076267,0,0,655.2995980000001,0
2026-03-10T04:10:44.084270,0,0,655.2995980000001,0
2026-03-10T04:10:45.090256,0,0,655.2995980000001,0
2026-03-10T04:10:46.097223,0,0,655.2995980000001,0
2026-03-10T04:10:47.103188,0,0,655.2995980000001,0
2026-03-10T04:10:48.110176,0,0,655.2995980000001,0
2026-03-10T04:10:49.117122,0,0,655.2995980000001,0
2026-03-10T04:10:50.121084,0,0,655.2995980000001,0
2026-03-10T04:10:51.130126,0,0,655.2995980000001,0
2026-03-10T04:10:52.137092,0,0,655.2995980000001,0
2026-03-10T04:10:53.144064,0,0,655.2995980000001,0
2026-03-10T04:10:54.150049,0,0,655.2995980000001,0
2026-03-10T04:10:55.157045,0,0,655.2995980000001,0
2026-03-10T04:10:56.163997,0,0,655.2995980000001,0
2026-03-10T04:10:57.169942,0,0,655.2995980000001,0
2026-03-10T04:10:58.176945,0,0,655.2995980000001,0
2026-03-10T04:10:59.182927,0,0,655.2995980000001,0
2026-03-10T04:11:00.190920,0,0,655.2995980000001,0
2026-03-10T04:11:01.196895,0,0,655.2995980000001,0
2026-03-10T04:11:02.203881,0,0,655.2995980000001,0
2026-03-10T04:11:03.209832,0,0,655.2995980000001,0
2026-03-10T04:11:04.216828,0,0,655.2995980000001,0
2026-03-10T04:11:05.223758,0,0,655.2995980000001,0
2026-03-10T04:11:06.229709,0,0,655.2995980000001,0
2026-03-10T04:11:07.236692,0,0,655.2995980000001,0
2026-03-10T04:11:08.243688,0,0,656.181624,0
2026-03-10T04:11:09.250800,0,0,655.2995980000001,0
2026-03-10T04:11:10.256625,0,0,655.2995980000001,0
2026-03-10T04:11:11.263703,0,0,655.2995980000001,0
2026-03-10T04:11:12.270722,0,0,656.181624,0
2026-03-10T04:11:14.272479,0,0,655.2995980000001,0
2026-03-10T04:11:14.283492,0,0,655.2995980000001,0
2026-03-10T04:11:15.289507,0,0,655.2995980000001,0
2026-03-10T04:11:16.297501,0,0,655.2995980000001,0
2026-03-10T04:11:17.303468,0,0,655.2995980000001,0
2026-03-10T04:11:18.310538,0,0,655.2995980000001,0
2026-03-10T04:11:19.314558,0,0,655.2995980000001,0
2026-03-10T04:11:20.323436,0,0,655.2995980000001,0
2026-03-10T04:11:21.330492,0,0,655.2995980000001,0
2026-03-10T04:11:22.336376,0,0,655.2995980000001,0
2026-03-10T04:11:23.343335,0,0,655.2995980000001,0
2026-03-10T04:11:24.350392,0,0,655.2995980000001,0
2026-03-10T04:11:25.357286,0,0,655.2995980000001,0
2026-03-10T04:11:26.363279,0,0,655.2995980000001,0
2026-03-10T04:11:28.365056,0,0,655.2995980000001,0
2026-03-10T04:11:28.377195,0,0,655.2995980000001,0
2026-03-10T04:11:29.383207,0,0,655.2995980000001,0
2026-03-10T04:11:30.390188,0,0,655.2995980000001,0
2026-03-10T04:11:31.396162,0,0,655.2995980000001,0
2026-03-10T04:11:32.404130,0,0,655.2995980000001,0
2026-03-10T04:11:33.410091,0,0,655.2995980000001,0
2026-03-10T04:11:34.415118,0,0,655.2995980000001,0
2026-03-10T04:11:36.416885,0,0,655.2995980000001,0
2026-03-10T04:12:30.861539,0,0,655.2995980000001,0
2026-03-10T04:12:31.867858,0,0,655.2995980000001,0
2026-03-10T04:12:32.873885,0,0,655.2995980000001,0
2026-03-10T04:12:34.875793,0,0,655.2995980000001,0
2026-03-10T04:14:01.867471,0,0,655.2995980000001,0
2026-03-10T04:14:02.873832,0,0,655.2995980000001,0
2026-03-10T04:14:03.879827,0,0,655.2995980000001,0
2026-03-10T04:14:04.887751,0,0,655.2995980000001,0
2026-03-10T04:14:05.892712,0,0,655.2995980000001,0
2026-03-10T04:14:06.900720,0,0,655.2995980000001,0
2026-03-10T04:14:07.907694,0,0,655.2995980000001,0
2026-03-10T04:14:08.911634,0,0,655.2995980000001,0
2026-03-10T04:14:10.913426,0,0,655.2995980000001,0
2026-03-10T04:14:10.926686,0,0,655.2995980000001,0
2026-03-10T04:14:11.933715,0,0,655.2995980000001,0
2026-03-10T04:14:13.935636,0,0,655.2995980000001,0
2026-03-10T04:14:13.947496,0,0,655.2995980000001,0
2026-03-10T04:14:14.953523,0,0,655.2995980000001,0
2026-03-10T04:14:15.960513,0,0,655.2995980000001,0
2026-03-10T04:14:16.967495,0,0,655.2995980000001,0
2026-03-10T04:14:17.973480,0,0,655.2995980000001,0
2026-03-10T04:14:18.980537,0,0,654.4175720000001,0
2026-03-10T04:14:20.982458,0,0,655.2995980000001,0
2026-03-10T04:14:20.994445,0,0,655.2995980000001,0
2026-03-10T04:14:22.000379,0,0,655.2995980000001,0
2026-03-10T04:14:23.006415,0,0,655.2995980000001,0
2026-03-10T04:14:24.014403,0,0,655.2995980000001,0
2026-03-10T04:14:25.020305,0,0,655.2995980000001,0
2026-03-10T04:14:26.027330,0,0,655.2995980000001,0
2026-03-10T04:14:27.033322,0,0,655.2995980000001,0
2026-03-10T04:14:28.040280,0,0,655.2995980000001,0
2026-03-10T04:14:29.047247,0,0,655.2995980000001,0
2026-03-10T04:14:30.054202,0,0,655.2995980000001,0
2026-03-10T04:14:31.060190,0,0,655.2995980000001,0
2026-03-10T04:14:32.067212,0,0,655.2995980000001,0
2026-03-10T04:14:33.074184,0,0,655.2995980000001,0
2026-03-10T04:14:34.080160,0,0,654.4175720000001,0
2026-03-10T04:14:35.087172,0,0,655.2995980000001,0
2026-03-10T04:14:36.093097,0,0,655.2995980000001,0
2026-03-10T04:14:37.101083,0,0,655.2995980000001,0
2026-03-10T04:14:38.107091,0,0,655.2995980000001,0
2026-03-10T04:14:39.113977,0,0,655.2995980000001,0
2026-03-10T04:14:40.121033,0,0,655.2995980000001,0
2026-03-10T04:14:41.126992,0,0,655.2995980000001,0
2026-03-10T04:14:42.133976,0,0,655.2995980000001,0
2026-03-10T04:14:44.135784,0,0,655.2995980000001,0
2026-03-10T04:14:44.146970,0,0,655.2995980000001,0
2026-03-10T04:14:45.153920,0,0,655.2995980000001,0
2026-03-10T04:14:46.160864,0,0,655.2995980000001,0
2026-03-10T04:14:47.166871,0,0,655.2995980000001,0
2026-03-10T04:14:48.173908,0,0,655.2995980000001,0
2026-03-10T04:14:49.180835,0,0,655.2995980000001,0
2026-03-10T04:14:50.186843,0,0,655.2995980000001,0
2026-03-10T04:14:51.193815,0,0,655.2995980000001,0
2026-03-10T04:14:52.199785,0,0,655.2995980000001,0
2026-03-10T04:14:53.207801,0,0,655.2995980000001,0
2026-03-10T04:14:54.213791,0,0,655.2995980000001,0
2026-03-10T04:14:55.220731,0,0,655.2995980000001,0
2026-03-10T04:14:56.227693,0,0,655.2995980000001,0
2026-03-10T04:14:57.233673,0,0,655.2995980000001,0
2026-03-10T04:14:58.240659,0,0,655.2995980000001,0
2026-03-10T04:14:59.246752,0,0,655.2995980000001,0
2026-03-10T04:15:00.254707,0,0,655.2995980000001,0
2026-03-10T04:15:01.260642,0,0,655.2995980000001,0
2026-03-10T04:15:02.267598,0,0,655.2995980000001,0
2026-03-10T04:15:03.273561,0,0,655.2995980000001,0
2026-03-10T04:15:04.280577,0,0,655.2995980000001,0
2026-03-10T04:15:05.287487,0,0,655.2995980000001,0
2026-03-10T04:15:06.293471,0,0,655.2995980000001,0
2026-03-10T04:15:07.300443,0,0,655.2995980000001,0
2026-03-10T04:15:08.306482,0,0,655.2995980000001,0
2026-03-10T04:15:09.314465,0,0,655.2995980000001,0
2026-03-10T04:15:10.320343,0,0,656.181624,0
2026-03-10T04:15:11.327316,0,0,655.2995980000001,0
2026-03-10T04:15:13.329079,0,0,655.2995980000001,0
2026-03-10T04:15:13.340341,0,0,655.2995980000001,0
2026-03-10T04:15:14.347344,0,0,655.2995980000001,0
2026-03-10T04:15:15.353310,0,0,655.2995980000001,0
2026-03-10T04:15:16.361294,0,0,656.181624,0
2026-03-10T04:15:17.367282,0,0,655.2995980000001,0
2026-03-10T04:15:18.374183,0,0,655.2995980000001,0
2026-03-10T04:15:19.380207,0,0,655.2995980000001,0
2026-03-10T04:15:20.387136,0,0,655.2995980000001,0
2026-03-10T04:15:21.394111,0,0,655.2995980000001,0
2026-03-10T04:15:22.400080,0,0,655.2995980000001,0
2026-03-10T04:15:23.407061,0,0,655.2995980000001,0
2026-03-10T04:15:24.414044,0,0,655.2995980000001,0
2026-03-10T04:15:25.421021,0,0,655.2995980000001,0
2026-03-10T04:15:27.422778,0,0,655.2995980000001,0
2026-03-10T04:15:27.433948,0,0,655.2995980000001,0
2026-03-10T04:15:28.440960,0,0,656.181624,0
2026-03-10T04:15:29.446917,0,0,655.2995980000001,0
2026-03-10T04:15:30.453902,0,0,655.2995980000001,0
2026-03-10T04:15:31.459883,0,0,655.2995980000001,0
2026-03-10T04:15:32.467874,0,0,655.2995980000001,0
2026-03-10T04:15:33.473888,0,0,655.2995980000001,0
2026-03-10T04:15:34.480900,0,0,655.2995980000001,0
2026-03-10T04:15:35.486865,0,0,655.2995980000001,0
2026-03-10T04:15:36.493831,0,0,655.2995980000001,0
2026-03-10T04:15:37.500835,0,0,655.2995980000001,0
2026-03-10T04:15:38.506927,0,0,655.2995980000001,0
2026-03-10T04:15:39.511862,0,0,655.2995980000001,0
2026-03-10T04:15:40.520743,0,0,655.2995980000001,0
2026-03-10T04:15:41.527698,0,0,655.2995980000001,0
2026-03-10T04:15:42.533666,0,0,655.2995980000001,0
2026-03-10T04:15:43.540642,0,0,656.181624,0
2026-03-10T04:15:44.547630,0,0,655.2995980000001,0
2026-03-10T04:15:45.553597,0,0,655.2995980000001,0
2026-03-10T04:15:46.558672,0,0,655.2995980000001,0
2026-03-10T04:15:48.560464,0,0,654.4175720000001,0
2026-03-10T04:15:48.574685,0,0,655.2995980000001,0
2026-03-10T04:15:49.580517,0,0,655.2995980000001,0
2026-03-10T04:15:50.587500,0,0,655.2995980000001,0
2026-03-10T04:15:51.593474,0,0,655.2995980000001,0
2026-03-10T04:15:52.600447,0,0,655.2995980000001,0
2026-03-10T04:15:53.607428,0,0,655.2995980000001,0
2026-03-10T04:15:54.613392,0,0,655.2995980000001,0
2026-03-10T04:15:55.620506,0,0,655.2995980000001,0
2026-03-10T04:15:56.627412,0,0,655.2995980000001,0
2026-03-10T04:15:57.634244,0,0,654.4175720000001,0
2026-03-10T04:15:58.640370,0,0,655.2995980000001,0
2026-03-10T04:15:59.647357,0,0,655.2995980000001,0
2026-03-10T04:16:00.654420,0,0,655.2995980000001,0
2026-03-10T04:16:01.660297,0,0,655.2995980000001,0
2026-03-10T04:16:02.667296,0,0,655.2995980000001,0
2026-03-10T04:16:03.673252,0,0,655.2995980000001,0
2026-03-10T04:16:04.680266,0,0,655.2995980000001,0
2026-03-10T04:16:05.687272,0,0,655.2995980000001,0
2026-03-10T04:16:06.694215,0,0,655.2995980000001,0
2026-03-10T04:16:07.700178,0,0,655.2995980000001,0
2026-03-10T04:16:08.707161,0,0,655.2995980000001,0
2026-03-10T04:16:09.714172,0,0,655.2995980000001,0
2026-03-10T04:16:10.720146,0,0,655.2995980000001,0
2026-03-10T04:16:11.727130,0,0,655.2995980000001,0
2026-03-10T04:16:12.734090,0,0,655.2995980000001,0
2026-03-10T04:16:14.736187,0,0,655.2995980000001,0
2026-03-10T04:16:14.747043,0,0,655.2995980000001,0
2026-03-10T04:16:15.754047,0,0,656.181624,0
2026-03-10T04:16:16.760991,0,0,655.2995980000001,0
2026-03-10T04:16:17.766977,0,0,655.2995980000001,0
2026-03-10T04:16:18.773908,0,0,655.2995980000001,0
2026-03-10T04:16:19.779923,0,0,655.2995980000001,0
2026-03-10T04:16:20.787945,0,0,655.2995980000001,0
2026-03-10T04:16:21.792934,0,0,655.2995980000001,0
2026-03-10T04:16:23.794754,0,0,654.4175720000001,0
2026-03-10T04:16:59.635800,0,0,655.2995980000001,0
2026-03-10T04:17:02.118062,0,0,655.2995980000001,0
2026-03-10T04:17:03.125053,0,0,655.2995980000001,0
2026-03-10T04:17:04.130993,0,0,655.2995980000001,0
2026-03-10T04:17:06.132813,0,0,655.2995980000001,0
2026-03-10T04:17:06.143912,0,0,655.2995980000001,0
2026-03-10T04:17:07.150906,0,0,655.2995980000001,0
2026-03-10T04:17:08.157873,0,0,655.2995980000001,0
2026-03-10T04:17:09.164750,0,0,656.181624,0
2026-03-10T04:17:10.171858,0,0,655.2995980000001,0
2026-03-10T04:17:11.177835,0,0,655.2995980000001,0
2026-03-10T04:17:12.184785,0,0,655.2995980000001,0
2026-03-10T04:17:13.190819,0,0,655.2995980000001,0
2026-03-10T04:17:14.197755,0,0,655.2995980000001,0
2026-03-10T04:17:15.203739,0,0,655.2995980000001,0
2026-03-10T04:17:16.211715,0,0,655.2995980000001,0
2026-03-10T04:17:17.217692,0,0,655.2995980000001,0
2026-03-10T04:17:18.224664,0,0,655.2995980000001,0
2026-03-10T04:17:19.231665,0,0,655.2995980000001,0
2026-03-10T04:17:20.237672,0,0,655.2995980000001,0
2026-03-10T04:17:21.244630,0,0,655.2995980000001,0
2026-03-10T04:17:22.250673,0,0,655.2995980000001,0
2026-03-10T04:17:23.257565,0,0,655.2995980000001,0
2026-03-10T04:17:24.264537,0,0,654.4175720000001,0
2026-03-10T04:17:25.271532,0,0,655.2995980000001,0
2026-03-10T04:17:26.277485,0,0,655.2995980000001,0
2026-03-10T04:17:27.284506,0,0,655.2995980000001,0
2026-03-10T04:17:28.291489,0,0,655.2995980000001,0
2026-03-10T04:17:29.297444,0,0,655.2995980000001,0
2026-03-10T04:17:30.304421,0,0,655.2995980000001,0
2026-03-10T04:17:31.310550,0,0,655.2995980000001,0
2026-03-10T04:17:32.318489,0,0,655.2995980000001,0
2026-03-10T04:17:33.324388,0,0,655.2995980000001,0
2026-03-10T04:17:34.331367,0,0,655.2995980000001,0
2026-03-10T04:17:35.338483,0,0,655.2995980000001,0
2026-03-10T04:17:36.344346,0,0,655.2995980000001,0
2026-03-10T04:17:37.351293,0,0,655.2995980000001,0
2026-03-10T04:17:38.357247,0,0,655.2995980000001,0
2026-03-10T04:17:39.364231,0,0,655.2995980000001,0
2026-03-10T04:17:40.371215,0,0,655.2995980000001,0
2026-03-10T04:17:41.378186,0,0,655.2995980000001,0
2026-03-10T04:17:42.385220,0,0,655.2995980000001,0
2026-03-10T04:17:43.391175,0,0,655.2995980000001,0
2026-03-10T04:17:44.398145,0,0,655.2995980000001,0
2026-03-10T04:17:45.404136,0,0,655.2995980000001,0
2026-03-10T04:17:46.411128,0,0,655.2995980000001,0
2026-03-10T04:17:47.417092,0,0,655.2995980000001,0
2026-03-10T04:17:48.425062,0,0,655.2995980000001,0
2026-03-10T04:17:49.431026,0,0,655.2995980000001,0
2026-03-10T04:17:50.438023,0,0,654.4175720000001,0
2026-03-10T04:17:52.439871,0,0,655.2995980000001,0
2026-03-10T04:17:52.450971,0,0,655.2995980000001,0
2026-03-10T04:17:53.457977,0,0,655.2995980000001,0
2026-03-10T04:17:54.463941,0,0,655.2995980000001,0
2026-03-10T04:17:55.469900,0,0,655.2995980000001,0
2026-03-10T04:17:56.477796,0,0,655.2995980000001,0
2026-03-10T04:17:57.484858,0,0,655.2995980000001,0
2026-03-10T04:17:58.491863,0,0,655.2995980000001,0
2026-03-10T04:17:59.497864,0,0,656.181624,0
2026-03-10T04:18:00.504801,0,0,655.2995980000001,0
2026-03-10T04:18:01.510799,0,0,655.2995980000001,0
2026-03-10T04:18:02.517799,0,0,655.2995980000001,0
2026-03-10T04:18:03.523775,0,0,655.2995980000001,0
2026-03-10T04:18:04.531746,0,0,655.2995980000001,0
2026-03-10T04:18:05.537753,0,0,655.2995980000001,0
2026-03-10T04:18:06.544782,0,0,655.2995980000001,0
2026-03-10T04:18:07.550785,0,0,655.2995980000001,0
2026-03-10T04:18:08.557729,0,0,655.2995980000001,0
2026-03-10T04:18:10.559480,0,0,655.2995980000001,0
2026-03-10T04:18:10.570745,0,0,654.4175720000001,0
2026-03-10T04:18:11.578699,0,0,655.2995980000001,0
2026-03-10T04:18:12.584587,0,0,655.2995980000001,0
2026-03-10T04:18:13.591566,0,0,655.2995980000001,0
2026-03-10T04:18:14.598645,0,0,655.2995980000001,0
2026-03-10T04:18:15.604538,0,0,655.2995980000001,0
2026-03-10T04:18:17.606453,0,0,655.2995980000001,0
2026-03-10T04:18:17.617396,0,0,655.2995980000001,0
2026-03-10T04:18:18.624451,0,0,655.2995980000001,0
2026-03-10T04:18:19.631433,0,0,655.2995980000001,0
2026-03-10T04:18:20.638472,0,0,655.2995980000001,0
2026-03-10T04:18:21.644371,0,0,655.2995980000001,0
2026-03-10T04:18:22.651303,0,0,655.2995980000001,0
2026-03-10T04:18:23.658517,0,0,656.181624,0
2026-03-10T04:18:24.664388,0,0,655.2995980000001,0
2026-03-10T04:18:25.671365,0,0,655.2995980000001,0
2026-03-10T04:18:26.677325,0,0,655.2995980000001,0
2026-03-10T04:18:27.685293,0,0,655.2995980000001,0
2026-03-10T04:18:28.691335,0,0,655.2995980000001,0
2026-03-10T04:18:29.698213,0,0,655.2995980000001,0
2026-03-10T04:18:30.705182,0,0,655.2995980000001,0
2026-03-10T04:18:31.711210,0,0,655.2995980000001,0
2026-03-10T04:18:32.718174,0,0,655.2995980000001,0
2026-03-10T04:18:33.724120,0,0,655.2995980000001,0
2026-03-10T04:18:34.731082,0,0,656.181624,0
2026-03-10T04:18:35.738122,0,0,655.2995980000001,0
2026-03-10T04:18:37.740240,0,0,655.2995980000001,0
2026-03-10T04:18:37.750057,0,0,655.2995980000001,0
2026-03-10T04:18:38.758104,0,0,655.2995980000001,0
2026-03-10T04:18:40.759967,0,0,655.2995980000001,0
2026-03-10T04:18:40.770939,0,0,655.2995980000001,0
2026-03-10T04:18:41.777943,0,0,655.2995980000001,0
2026-03-10T04:18:42.783952,0,0,655.2995980000001,0
2026-03-10T04:18:43.791929,0,0,655.2995980000001,0
2026-03-10T04:18:44.797937,0,0,655.2995980000001,0
2026-03-10T04:18:45.804851,0,0,655.2995980000001,0
2026-03-10T04:18:47.806719,0,0,655.2995980000001,0
2026-03-10T04:18:47.817781,0,0,655.2995980000001,0
2026-03-10T04:18:48.824774,0,0,655.2995980000001,0
2026-03-10T04:18:49.830868,0,0,655.2995980000001,0
2026-03-10T04:18:50.837772,0,0,655.2995980000001,0
2026-03-10T04:18:51.844734,0,0,655.2995980000001,0
2026-03-10T04:18:52.851673,0,0,655.2995980000001,0
2026-03-10T04:18:54.853469,0,0,655.2995980000001,0
2026-03-10T04:18:54.864787,0,0,655.2995980000001,0
2026-03-10T04:18:55.871757,0,0,655.2995980000001,0
2026-03-10T04:18:56.877678,0,0,655.2995980000001,0
2026-03-10T04:18:57.884682,0,0,655.2995980000001,0
2026-03-10T04:18:58.890703,0,0,655.2995980000001,0
2026-03-10T04:18:59.898800,0,0,655.2995980000001,0
2026-03-10T04:19:00.904549,0,0,655.2995980000001,0
2026-03-10T04:19:01.911639,0,0,655.2995980000001,0
2026-03-10T04:19:03.913407,0,0,655.2995980000001,0
2026-03-10T04:19:03.924421,0,0,655.2995980000001,0
2026-03-10T04:19:04.931462,0,0,655.2995980000001,0
2026-03-10T04:19:05.937466,0,0,655.2995980000001,0
2026-03-10T04:19:06.944422,0,0,655.2995980000001,0
2026-03-10T04:19:07.951421,0,0,655.2995980000001,0
2026-03-10T04:19:08.958474,0,0,655.2995980000001,0
2026-03-10T04:19:09.964472,0,0,655.2995980000001,0
2026-03-10T04:19:11.966241,0,0,655.2995980000001,0
2026-03-10T04:19:11.978260,0,0,655.2995980000001,0
2026-03-10T04:19:12.984276,0,0,655.2995980000001,0
2026-03-10T04:19:13.991268,0,0,655.2995980000001,0
2026-03-10T04:19:14.997252,0,0,655.2995980000001,0
2026-03-10T04:19:16.005261,0,0,655.2995980000001,0
2026-03-10T04:19:17.011204,0,0,655.2995980000001,0
2026-03-10T04:19:18.018228,0,0,655.2995980000001,0
2026-03-10T04:19:19.025244,0,0,655.2995980000001,0
2026-03-10T04:19:21.027062,0,0,655.2995980000001,0
2026-03-10T04:19:21.038163,0,0,655.2995980000001,0
2026-03-10T04:19:22.044152,0,0,655.2995980000001,0
2026-03-10T04:19:23.051121,0,0,655.2995980000001,0
2026-03-10T04:19:24.058124,0,0,655.2995980000001,0
2026-03-10T04:19:25.064063,0,0,655.2995980000001,0
2026-03-10T04:19:26.071032,0,0,655.2995980000001,0
2026-03-10T04:19:27.078158,0,0,655.2995980000001,0
2026-03-10T04:19:28.085069,0,0,655.2995980000001,0
2026-03-10T04:19:29.090952,0,0,655.2995980000001,0
2026-03-10T04:19:30.097993,0,0,654.4175720000001,0
2026-03-10T04:19:31.103924,0,0,655.2995980000001,0
2026-03-10T04:19:32.111915,0,0,655.2995980000001,0
2026-03-10T04:19:33.117890,0,0,655.2995980000001,0
2026-03-10T04:19:34.124958,0,0,655.2995980000001,0
2026-03-10T04:19:35.131930,0,0,655.2995980000001,0
2026-03-10T04:19:36.137904,0,0,655.2995980000001,0
2026-03-10T04:19:37.144893,0,0,655.2995980000001,0
2026-03-10T04:19:38.150947,0,0,655.2995980000001,0
2026-03-10T04:19:39.158847,0,0,655.2995980000001,0
2026-03-10T04:19:40.164802,0,0,655.2995980000001,0
2026-03-10T04:19:41.171782,0,0,655.2995980000001,0
2026-03-10T04:19:42.176736,0,0,655.2995980000001,0
2026-03-10T04:19:43.184736,0,0,655.2995980000001,0
2026-03-10T04:19:44.191717,0,0,655.2995980000001,0
2026-03-10T04:19:45.197740,0,0,655.2995980000001,0
2026-03-10T04:19:46.204718,0,0,655.2995980000001,0
2026-03-10T04:19:48.206572,0,0,656.181624,0
2026-03-10T04:19:48.218651,0,0,655.2995980000001,0
2026-03-10T04:19:49.224571,0,0,655.2995980000001,0
2026-03-10T04:19:50.231563,0,0,655.2995980000001,0
2026-03-10T04:19:51.238610,0,0,655.2995980000001,0
2026-03-10T04:19:52.244521,0,0,655.2995980000001,0
2026-03-10T04:19:53.251517,0,0,655.2995980000001,0
2026-03-10T04:19:54.257572,0,0,655.2995980000001,0
2026-03-10T04:19:55.265526,0,0,655.2995980000001,0
2026-03-10T04:19:56.271470,0,0,656.181624,0
2026-03-10T04:19:57.278511,0,0,655.2995980000001,0
2026-03-10T04:19:58.284388,0,0,655.2995980000001,0
2026-03-10T04:19:59.290882,0,0,655.2995980000001,0
2026-03-10T04:20:00.298427,0,0,655.2995980000001,0
2026-03-10T04:20:01.304353,0,0,655.2995980000001,0
2026-03-10T04:20:02.311247,0,0,655.2995980000001,0
2026-03-10T04:20:03.318462,0,0,655.2995980000001,0
2026-03-10T04:20:05.320203,0,0,655.2995980000001,0
2026-03-10T04:20:05.331195,0,0,655.2995980000001,0
2026-03-10T04:20:06.338195,0,0,655.2995980000001,0
2026-03-10T04:20:07.345205,0,0,655.2995980000001,0
2026-03-10T04:20:08.351218,0,0,655.2995980000001,0
2026-03-10T04:20:09.358168,0,0,655.2995980000001,0
2026-03-10T04:20:11.360001,0,0,655.2995980000001,0
2026-03-10T04:20:11.372089,0,0,655.2995980000001,0
2026-03-10T04:20:12.378068,0,0,655.2995980000001,0
2026-03-10T04:20:13.385087,0,0,655.2995980000001,0
2026-03-10T04:20:14.391051,0,0,655.2995980000001,0
2026-03-10T04:20:15.398052,0,0,655.2995980000001,0
2026-03-10T04:20:16.405069,0,0,655.2995980000001,0
2026-03-10T04:20:17.411071,0,0,655.2995980000001,0
2026-03-10T04:20:18.418035,0,0,655.2995980000001,0
2026-03-10T04:20:19.425044,0,0,656.181624,0
2026-03-10T04:20:20.432010,0,0,655.2995980000001,0
2026-03-10T04:20:21.437991,0,0,655.2995980000001,0
2026-03-10T04:20:22.444961,0,0,655.2995980000001,0
2026-03-10T04:20:23.451927,0,0,655.2995980000001,0
2026-03-10T04:20:25.453949,0,0,655.2995980000001,0
2026-03-10T04:20:44.378037,0,0,655.2995980000001,0
2026-03-10T04:20:46.860427,0,0,655.2995980000001,0
2026-03-10T04:20:47.867406,0,0,655.2995980000001,0
2026-03-10T04:20:48.873426,0,0,655.2995980000001,0
2026-03-10T04:20:49.880439,0,0,655.2995980000001,0
2026-03-10T04:20:50.886447,0,0,655.2995980000001,0
2026-03-10T04:20:51.893370,0,0,655.2995980000001,0
2026-03-10T04:20:52.900336,0,0,655.2995980000001,0
2026-03-10T04:20:53.907330,0,0,655.2995980000001,0
2026-03-10T04:20:54.914204,0,0,655.2995980000001,0
2026-03-10T04:20:55.919311,0,0,655.2995980000001,0
2026-03-10T04:20:56.927272,0,0,656.181624,0
2026-03-10T04:20:57.932279,0,0,655.2995980000001,0
2026-03-10T04:20:58.939266,0,0,655.2995980000001,0
2026-03-10T04:20:59.946257,0,0,655.2995980000001,0
2026-03-10T04:21:00.953277,0,0,654.4175720000001,0
2026-03-10T04:21:01.960178,0,0,655.2995980000001,0
2026-03-10T04:21:02.967044,0,0,654.4175720000001,0
2026-03-10T04:21:03.974213,0,0,654.4175720000001,0
2026-03-10T04:21:04.980207,0,0,655.2995980000001,0
2026-03-10T04:21:05.987190,0,0,655.2995980000001,0
2026-03-10T04:21:06.993150,0,0,655.2995980000001,0
2026-03-10T04:21:08.000150,0,0,655.2995980000001,0
2026-03-10T04:21:10.002044,0,0,655.2995980000001,0
2026-03-10T04:21:10.014092,0,0,655.2995980000001,0
2026-03-10T04:21:11.021071,0,0,656.181624,0
2026-03-10T04:21:12.027043,0,0,655.2995980000001,0
2026-03-10T04:21:13.034013,0,0,655.2995980000001,0
2026-03-10T04:21:14.039990,0,0,655.2995980000001,0
2026-03-10T04:21:15.046977,0,0,655.2995980000001,0
2026-03-10T04:21:16.052881,0,0,655.2995980000001,0
2026-03-10T04:21:17.060895,0,0,655.2995980000001,0
2026-03-10T04:21:18.066902,0,0,655.2995980000001,0
2026-03-10T04:21:19.073863,0,0,655.2995980000001,0
2026-03-10T04:21:20.080838,0,0,656.181624,0
2026-03-10T04:21:21.086836,0,0,655.2995980000001,0
2026-03-10T04:21:22.093740,0,0,655.2995980000001,0
2026-03-10T04:21:23.099809,0,0,655.2995980000001,0
2026-03-10T04:21:24.106967,0,0,655.2995980000001,0
2026-03-10T04:21:25.113734,0,0,655.2995980000001,0
2026-03-10T04:21:27.115527,0,0,655.2995980000001,0
2026-03-10T04:21:27.127596,0,0,655.2995980000001,0
2026-03-10T04:21:28.133630,0,0,655.2995980000001,0
2026-03-10T04:21:29.140600,0,0,655.2995980000001,0
2026-03-10T04:21:30.146657,0,0,655.2995980000001,0
2026-03-10T04:21:31.153564,0,0,655.2995980000001,0
2026-03-10T04:21:32.158728,0,0,655.2995980000001,0
2026-03-10T04:21:33.167565,0,0,656.181624,0
2026-03-10T04:21:34.173549,0,0,655.2995980000001,0
2026-03-10T04:21:35.180529,0,0,655.2995980000001,0
2026-03-10T04:21:36.187536,0,0,655.2995980000001,0
2026-03-10T04:21:37.193500,0,0,655.2995980000001,0
2026-03-10T04:21:38.200476,0,0,655.2995980000001,0
2026-03-10T04:21:39.206493,0,0,655.2995980000001,0
2026-03-10T04:21:40.214531,0,0,654.4175720000001,0
2026-03-10T04:21:41.219346,0,0,655.2995980000001,0
2026-03-10T04:21:42.227338,0,0,655.2995980000001,0
2026-03-10T04:21:43.234420,0,0,656.181624,0
2026-03-10T04:21:44.240293,0,0,655.2995980000001,0
2026-03-10T04:21:45.247293,0,0,655.2995980000001,0
2026-03-10T04:21:46.253274,0,0,655.2995980000001,0
2026-03-10T04:21:47.260278,0,0,655.2995980000001,0
2026-03-10T04:21:48.267251,0,0,655.2995980000001,0
2026-03-10T04:21:49.274215,0,0,655.2995980000001,0
2026-03-10T04:21:50.280181,0,0,655.2995980000001,0
2026-03-10T04:21:51.287182,0,0,655.2995980000001,0
2026-03-10T04:21:52.294157,0,0,655.2995980000001,0
2026-03-10T04:21:53.300139,0,0,655.2995980000001,0
2026-03-10T04:21:54.307144,0,0,655.2995980000001,0
2026-03-10T04:21:55.313045,0,0,656.181624,0
2026-03-10T04:21:56.321003,0,0,655.2995980000001,0
2026-03-10T04:21:57.327007,0,0,655.2995980000001,0
2026-03-10T04:21:58.332980,0,0,655.2995980000001,0
2026-03-10T04:21:59.340965,0,0,655.2995980000001,0
2026-03-10T04:22:00.346958,0,0,655.2995980000001,0
2026-03-10T04:22:01.353927,0,0,655.2995980000001,0
2026-03-10T04:22:02.359883,0,0,655.2995980000001,0
2026-03-10T04:22:03.367887,0,0,655.2995980000001,0
2026-03-10T04:22:04.373875,0,0,655.2995980000001,0
2026-03-10T04:22:05.380844,0,0,655.2995980000001,0
2026-03-10T04:22:06.386825,0,0,655.2995980000001,0
2026-03-10T04:22:07.393878,0,0,655.2995980000001,0
2026-03-10T04:22:09.395949,0,0,655.2995980000001,0
2026-03-10T04:22:09.406874,0,0,655.2995980000001,0
2026-03-10T04:22:10.413841,0,0,655.2995980000001,0
2026-03-10T04:22:11.420804,0,0,655.2995980000001,0
2026-03-10T04:22:12.427791,0,0,655.2995980000001,0
2026-03-10T04:22:13.433765,0,0,655.2995980000001,0
2026-03-10T04:22:14.439677,0,0,655.2995980000001,0
2026-03-10T04:22:16.441497,0,0,655.2995980000001,0
2026-03-10T04:22:16.453708,0,0,655.2995980000001,0
2026-03-10T04:22:17.460689,0,0,655.2995980000001,0
2026-03-10T04:22:18.466710,0,0,655.2995980000001,0
2026-03-10T04:22:19.474691,0,0,655.2995980000001,0
2026-03-10T04:22:20.480616,0,0,655.2995980000001,0
2026-03-10T04:22:21.485552,0,0,655.2995980000001,0
2026-03-10T04:22:23.486853,0,0,655.2995980000001,0
2026-03-10T04:22:23.500551,0,0,655.2995980000001,0
2026-03-10T04:22:24.507560,0,0,655.2995980000001,0
2026-03-10T04:22:25.513509,0,0,655.2995980000001,0
2026-03-10T04:22:26.520490,0,0,655.2995980000001,0
2026-03-10T04:22:27.527475,0,0,655.2995980000001,0
2026-03-10T04:22:28.532415,0,0,655.2995980000001,0
2026-03-10T04:22:29.540410,0,0,655.2995980000001,0
2026-03-10T04:22:30.547402,0,0,655.2995980000001,0
2026-03-10T04:22:31.554444,0,0,655.2995980000001,0
2026-03-10T04:22:32.560317,0,0,655.2995980000001,0
2026-03-10T04:22:33.567300,0,0,655.2995980000001,0
2026-03-10T04:22:34.573266,0,0,655.2995980000001,0
2026-03-10T04:22:35.580257,0,0,655.2995980000001,0
2026-03-10T04:22:37.582006,0,0,655.2995980000001,0
2026-03-10T04:22:37.594245,0,0,655.2995980000001,0
2026-03-10T04:22:38.600212,0,0,655.2995980000001,0
2026-03-10T04:22:39.607175,0,0,655.2995980000001,0
2026-03-10T04:22:40.614140,0,0,655.2995980000001,0
2026-03-10T04:22:41.620119,0,0,655.2995980000001,0
2026-03-10T04:22:42.627123,0,0,655.2995980000001,0
2026-03-10T04:22:43.632135,0,0,655.2995980000001,0
2026-03-10T04:22:44.641079,0,0,655.2995980000001,0
2026-03-10T04:22:45.647106,0,0,655.2995980000001,0
2026-03-10T04:22:46.654065,0,0,655.2995980000001,0
2026-03-10T04:22:47.660028,0,0,655.2995980000001,0
2026-03-10T04:22:48.667028,0,0,655.2995980000001,0
2026-03-10T04:22:49.674025,0,0,655.2995980000001,0
2026-03-10T04:22:50.678041,0,0,655.2995980000001,0
2026-03-10T04:22:51.687963,0,0,655.2995980000001,0
2026-03-10T04:22:52.693952,0,0,655.2995980000001,0
2026-03-10T04:22:53.700915,0,0,655.2995980000001,0
2026-03-10T04:22:54.706897,0,0,655.2995980000001,0
2026-03-10T04:22:55.713859,0,0,654.4175720000001,0
2026-03-10T04:22:56.720871,0,0,655.2995980000001,0
2026-03-10T04:22:57.726877,0,0,655.2995980000001,0
2026-03-10T04:22:59.728708,0,0,656.181624,0
2026-03-10T04:22:59.740794,0,0,655.2995980000001,0
2026-03-10T04:23:00.747811,0,0,655.2995980000001,0
2026-03-10T04:23:01.753748,0,0,655.2995980000001,0
2026-03-10T04:23:02.760752,0,0,655.2995980000001,0
2026-03-10T04:23:03.767739,0,0,655.2995980000001,0
2026-03-10T04:23:04.773717,0,0,655.2995980000001,0
2026-03-10T04:23:05.778774,0,0,655.2995980000001,0
2026-03-10T04:23:06.787701,0,0,655.2995980000001,0
2026-03-10T04:23:07.794739,0,0,655.2995980000001,0
2026-03-10T04:23:08.800636,0,0,655.2995980000001,0
2026-03-10T04:23:09.807644,0,0,655.2995980000001,0
2026-03-10T04:23:10.813596,0,0,655.2995980000001,0
2026-03-10T04:23:11.820583,0,0,655.2995980000001,0
2026-03-10T04:23:12.826712,0,0,655.2995980000001,0
2026-03-10T04:23:13.833500,0,0,655.2995980000001,0
2026-03-10T04:23:14.841497,0,0,655.2995980000001,0
2026-03-10T04:23:15.847468,0,0,655.2995980000001,0
2026-03-10T04:23:16.854555,0,0,655.2995980000001,0
2026-03-10T04:23:17.860435,0,0,655.2995980000001,0
2026-03-10T04:23:18.867435,0,0,655.2995980000001,0
2026-03-10T04:23:19.874487,0,0,655.2995980000001,0
2026-03-10T04:23:20.880367,0,0,655.2995980000001,0
2026-03-10T04:23:21.888332,0,0,655.2995980000001,0
2026-03-10T04:23:22.894470,0,0,655.2995980000001,0
2026-03-10T04:23:23.899432,0,0,655.2995980000001,0
2026-03-10T04:23:25.901319,0,0,655.2995980000001,0
2026-03-10T04:24:54.374268,0,0,655.2995980000001,0
2026-03-10T04:24:55.380559,0,0,655.2995980000001,0
2026-03-10T04:24:56.384511,0,0,655.2995980000001,0
2026-03-10T04:24:58.386386,0,0,655.2995980000001,0
2026-03-10T04:24:58.399431,0,0,655.2995980000001,0
2026-03-10T04:24:59.406518,0,0,655.2995980000001,0
2026-03-10T04:25:00.413453,0,0,655.2995980000001,0
2026-03-10T04:25:01.420413,0,0,655.2995980000001,0
2026-03-10T04:25:02.427417,0,0,655.2995980000001,0
2026-03-10T04:25:03.431449,0,0,655.2995980000001,0
2026-03-10T04:25:05.433326,0,0,655.2995980000001,0
2026-03-10T04:25:41.383414,0,0,655.2995980000001,0
2026-03-10T04:25:43.865631,0,0,655.2995980000001,0
2026-03-10T04:25:44.872597,0,0,655.2995980000001,0
2026-03-10T04:25:45.877581,0,0,655.2995980000001,0
2026-03-10T04:25:46.885517,0,0,655.2995980000001,0
2026-03-10T04:25:47.891501,0,0,655.2995980000001,0
2026-03-10T04:25:48.898558,0,0,655.2995980000001,0
2026-03-10T04:25:49.905442,0,0,654.4175720000001,0
2026-03-10T04:25:50.912410,0,0,655.2995980000001,0
2026-03-10T04:25:51.919400,0,0,655.2995980000001,0
2026-03-10T04:25:52.923390,0,0,655.2995980000001,0
2026-03-10T04:25:53.930918,0,0,655.2995980000001,0
2026-03-10T04:25:54.938461,0,0,655.2995980000001,0
2026-03-10T04:25:55.945296,0,0,655.2995980000001,0
2026-03-10T04:25:56.951292,0,0,655.2995980000001,0
2026-03-10T04:25:57.959284,0,0,655.2995980000001,0
2026-03-10T04:25:58.965270,0,0,655.2995980000001,0
2026-03-10T04:25:59.972228,0,0,655.2995980000001,0
2026-03-10T04:26:00.979261,0,0,655.2995980000001,0
2026-03-10T04:26:01.985175,0,0,655.2995980000001,0
2026-03-10T04:26:02.992192,0,0,655.2995980000001,0
2026-03-10T04:26:03.998172,0,0,655.2995980000001,0
2026-03-10T04:26:05.005135,0,0,655.2995980000001,0
2026-03-10T04:26:06.012112,0,0,655.2995980000001,0
2026-03-10T04:26:07.017224,0,0,655.2995980000001,0
2026-03-10T04:26:09.018968,0,0,655.2995980000001,0
2026-03-10T04:26:09.032022,0,0,655.2995980000001,0
2026-03-10T04:26:10.039093,0,0,655.2995980000001,0
2026-03-10T04:26:11.044013,0,0,655.2995980000001,0
2026-03-10T04:26:12.052016,0,0,655.2995980000001,0
2026-03-10T04:26:13.058015,0,0,655.2995980000001,0
2026-03-10T04:26:14.065983,0,0,655.2995980000001,0
2026-03-10T04:26:15.070047,0,0,655.2995980000001,0
2026-03-10T04:26:17.071976,0,0,655.2995980000001,0
2026-03-10T04:26:17.085882,0,0,656.181624,0
2026-03-10T04:26:18.091909,0,0,655.2995980000001,0
2026-03-10T04:26:19.098899,0,0,655.2995980000001,0
2026-03-10T04:26:20.104873,0,0,655.2995980000001,0
2026-03-10T04:26:21.112839,0,0,655.2995980000001,0
2026-03-10T04:26:22.118849,0,0,655.2995980000001,0
2026-03-10T04:26:23.125859,0,0,655.2995980000001,0
2026-03-10T04:26:25.127654,0,0,655.2995980000001,0
2026-03-10T04:27:32.144976,0,0,655.2995980000001,0
2026-03-10T04:27:34.627411,0,0,655.2995980000001,0
2026-03-10T04:27:35.634570,0,0,655.2995980000001,0
2026-03-10T04:27:36.640436,0,0,655.2995980000001,0
2026-03-10T04:27:38.642337,0,0,656.181624,0
2026-03-10T04:27:38.653310,0,0,655.2995980000001,0
2026-03-10T04:27:39.660301,0,0,655.2995980000001,0
2026-03-10T04:27:40.667269,0,0,654.4175720000001,0
2026-03-10T04:27:41.674229,0,0,655.2995980000001,0
2026-03-10T04:27:42.681238,0,0,655.2995980000001,0
2026-03-10T04:27:43.685352,0,0,655.2995980000001,0
2026-03-10T04:27:45.687101,0,0,655.2995980000001,0
2026-03-10T04:27:45.700164,0,0,655.2995980000001,0
2026-03-10T04:27:46.707161,0,0,656.181624,0
2026-03-10T04:27:47.714162,0,0,655.2995980000001,0
2026-03-10T04:27:48.721124,0,0,655.2995980000001,0
2026-03-10T04:27:49.727138,0,0,655.2995980000001,0
2026-03-10T04:27:50.734119,0,0,655.2995980000001,0
2026-03-10T04:27:51.741082,0,0,656.181624,0
2026-03-10T04:27:52.747077,0,0,660.591754,0
2026-03-10T04:27:53.754045,0,0,655.2995980000001,0
2026-03-10T04:27:54.760015,0,0,655.2995980000001,0
2026-03-10T04:27:55.768009,0,0,655.2995980000001,0
2026-03-10T04:27:56.773971,0,0,655.2995980000001,0
2026-03-10T04:27:57.780955,0,0,655.2995980000001,0
2026-03-10T04:27:58.785933,0,0,655.2995980000001,0
2026-03-10T04:27:59.793979,0,0,655.2995980000001,0
2026-03-10T04:28:00.800908,0,0,655.2995980000001,0
2026-03-10T04:28:01.806883,0,0,655.2995980000001,0
2026-03-10T04:28:02.813858,0,0,655.2995980000001,0
2026-03-10T04:28:03.820827,0,0,655.2995980000001,0
2026-03-10T04:28:04.827819,0,0,655.2995980000001,0
2026-03-10T04:28:05.833826,0,0,655.2995980000001,0
2026-03-10T04:28:06.840820,0,0,655.2995980000001,0
2026-03-10T04:28:07.846873,0,0,655.2995980000001,0
2026-03-10T04:28:08.853751,0,0,655.2995980000001,0
2026-03-10T04:28:09.860737,0,0,655.2995980000001,0
2026-03-10T04:28:10.866767,0,0,657.945676,0
2026-03-10T04:28:11.874764,0,0,655.2995980000001,0
2026-03-10T04:28:12.879669,0,0,655.2995980000001,0
2026-03-10T04:28:14.881428,0,0,656.181624,0
2026-03-10T04:28:14.894747,0,0,655.2995980000001,0
2026-03-10T04:28:15.900638,0,0,655.2995980000001,0
2026-03-10T04:28:16.907628,0,0,655.2995980000001,0
2026-03-10T04:28:17.913603,0,0,655.2995980000001,0
2026-03-10T04:28:18.920562,0,0,655.2995980000001,0
2026-03-10T04:28:19.927575,0,0,655.2995980000001,0
2026-03-10T04:28:20.932566,0,0,655.2995980000001,0
2026-03-10T04:28:22.934406,0,0,655.2995980000001,0
2026-03-10T04:28:22.947415,0,0,655.2995980000001,0
2026-03-10T04:28:23.954610,0,0,655.2995980000001,0
2026-03-10T04:28:24.960463,0,0,655.2995980000001,0
2026-03-10T04:28:25.967476,0,0,655.2995980000001,0
2026-03-10T04:28:26.973417,0,0,655.2995980000001,0
2026-03-10T04:28:27.981420,0,0,655.2995980000001,0
2026-03-10T04:28:28.985419,0,0,655.2995980000001,0
2026-03-10T04:28:30.987172,0,0,655.2995980000001,0
2026-03-10T04:28:31.001325,0,0,655.2995980000001,0
2026-03-10T04:28:32.007353,0,0,654.4175720000001,0
2026-03-10T04:28:33.014267,0,0,655.2995980000001,0
2026-03-10T04:28:34.020288,0,0,655.2995980000001,0
2026-03-10T04:28:35.027277,0,0,654.4175720000001,0
2026-03-10T04:28:36.034371,0,0,655.2995980000001,0
2026-03-10T04:28:37.040335,0,0,655.2995980000001,0
2026-03-10T04:28:39.042089,0,0,655.2995980000001,0
2026-03-10T04:28:39.054152,0,0,655.2995980000001,0
2026-03-10T04:28:40.061195,0,0,655.2995980000001,0
2026-03-10T04:28:41.067147,0,0,655.2995980000001,0
2026-03-10T04:28:42.074108,0,0,655.2995980000001,0
2026-03-10T04:28:43.080176,0,0,655.2995980000001,0
2026-03-10T04:28:44.088132,0,0,657.06365,0
2026-03-10T04:28:45.094024,0,0,655.2995980000001,0
2026-03-10T04:28:46.101055,0,0,655.2995980000001,0
2026-03-10T04:28:47.108027,0,0,657.06365,0
2026-03-10T04:28:48.114008,0,0,655.2995980000001,0
2026-03-10T04:28:49.120996,0,0,655.2995980000001,0
2026-03-10T04:28:50.127004,0,0,657.06365,0
2026-03-10T04:28:51.133977,0,0,655.2995980000001,0
2026-03-10T04:28:52.140961,0,0,655.2995980000001,0
2026-03-10T04:28:53.147930,0,0,653.5355460000001,0
2026-03-10T04:28:54.153899,0,0,655.2995980000001,0
2026-03-10T04:28:55.158835,0,0,655.2995980000001,0
2026-03-10T04:28:57.160679,0,0,655.2995980000001,0
2026-03-10T04:28:57.173808,0,0,655.2995980000001,0
2026-03-10T04:28:58.180803,0,0,655.2995980000001,0
2026-03-10T04:28:59.185764,0,0,655.2995980000001,0
2026-03-10T04:29:00.194794,0,0,655.2995980000001,0
2026-03-10T04:29:01.200785,0,0,655.2995980000001,0
2026-03-10T04:29:02.207656,0,0,655.2995980000001,0
2026-03-10T04:29:03.214811,0,0,655.2995980000001,0
2026-03-10T04:29:04.220729,0,0,655.2995980000001,0
2026-03-10T04:29:05.227710,0,0,655.2995980000001,0
2026-03-10T04:29:06.233682,0,0,655.2995980000001,0
2026-03-10T04:29:07.241646,0,0,655.2995980000001,0
2026-03-10T04:29:08.247624,0,0,656.181624,0
2026-03-10T04:29:09.252533,0,0,655.2995980000001,0
2026-03-10T04:30:05.626042,0,0,655.2995980000001,0
2026-03-10T04:30:06.632483,0,0,655.2995980000001,0
2026-03-10T04:30:07.636502,0,0,655.2995980000001,0
2026-03-10T04:30:09.638431,0,0,656.181624,0
2026-03-10T04:30:09.651478,0,0,654.4175720000001,0
2026-03-10T04:30:10.658570,0,0,655.2995980000001,0
2026-03-10T04:30:11.665453,0,0,655.2995980000001,0
2026-03-10T04:30:12.672439,0,0,655.2995980000001,0
2026-03-10T04:30:13.679396,0,0,655.2995980000001,0
2026-03-10T04:30:14.684308,0,0,655.2995980000001,0
2026-03-10T04:30:15.692441,0,0,655.2995980000001,0
2026-03-10T04:30:16.698475,0,0,655.2995980000001,0
2026-03-10T04:30:17.705360,0,0,655.2995980000001,0
2026-03-10T04:30:18.711337,0,0,655.2995980000001,0
2026-03-10T04:30:19.719291,0,0,655.2995980000001,0
2026-03-10T04:30:20.725305,0,0,655.2995980000001,0
2026-03-10T04:30:21.732266,0,0,655.2995980000001,0
2026-03-10T04:30:22.739259,0,0,656.181624,0
2026-03-10T04:30:23.745138,0,0,655.2995980000001,0
2026-03-10T04:30:24.752258,0,0,655.2995980000001,0
2026-03-10T04:30:25.758022,0,0,655.2995980000001,0
2026-03-10T04:30:26.766190,0,0,655.2995980000001,0
2026-03-10T04:30:27.772173,0,0,655.2995980000001,0
2026-03-10T04:30:28.779150,0,0,655.2995980000001,0
2026-03-10T04:30:29.786134,0,0,655.2995980000001,0
2026-03-10T04:30:30.792116,0,0,655.2995980000001,0
2026-03-10T04:30:31.799071,0,0,655.2995980000001,0
2026-03-10T04:30:32.803011,0,0,655.2995980000001,0
2026-03-10T04:30:33.811986,0,0,655.2995980000001,0
2026-03-10T04:30:34.818960,0,0,656.181624,0
2026-03-10T04:30:35.825936,0,0,655.2995980000001,0
2026-03-10T04:30:36.831902,0,0,655.2995980000001,0
2026-03-10T04:30:37.838856,0,0,655.2995980000001,0
2026-03-10T04:30:38.845912,0,0,655.2995980000001,0
2026-03-10T04:30:39.851855,0,0,655.2995980000001,0
2026-03-10T04:30:40.858884,0,0,655.2995980000001,0
2026-03-10T04:30:41.864809,0,0,655.2995980000001,0
2026-03-10T04:30:42.872820,0,0,655.2995980000001,0
2026-03-10T04:30:43.878804,0,0,656.181624,0
2026-03-10T04:30:44.885779,0,0,656.181624,0
2026-03-10T04:30:45.892733,0,0,655.2995980000001,0
2026-03-10T04:30:46.897730,0,0,655.2995980000001,0
2026-03-10T04:30:47.905719,0,0,655.2995980000001,0
2026-03-10T04:30:48.911680,0,0,655.2995980000001,0
2026-03-10T04:30:49.918717,0,0,655.2995980000001,0
2026-03-10T04:30:50.925646,0,0,656.181624,0
2026-03-10T04:30:51.932625,0,0,655.2995980000001,0
2026-03-10T04:30:52.938671,0,0,656.181624,0
2026-03-10T04:30:53.944564,0,0,655.2995980000001,0
2026-03-10T04:30:54.952596,0,0,655.2995980000001,0
2026-03-10T04:30:55.958694,0,0,655.2995980000001,0
2026-03-10T04:30:56.965547,0,0,655.2995980000001,0
2026-03-10T04:30:57.971518,0,0,655.2995980000001,0
2026-03-10T04:30:58.979483,0,0,655.2995980000001,0
2026-03-10T04:30:59.985452,0,0,654.4175720000001,0
2026-03-10T04:31:00.991535,0,0,655.2995980000001,0
2026-03-10T04:31:01.999535,0,0,655.2995980000001,0
2026-03-10T04:31:03.005529,0,0,656.181624,0
2026-03-10T04:31:04.012435,0,0,655.2995980000001,0
2026-03-10T04:31:05.018513,0,0,656.181624,0
2026-03-10T04:31:06.025402,0,0,656.181624,0
2026-03-10T04:31:07.032354,0,0,655.2995980000001,0
2026-03-10T04:31:08.039355,0,0,655.2995980000001,0
2026-03-10T04:31:09.043357,0,0,655.2995980000001,0
2026-03-10T04:31:10.052344,0,0,655.2995980000001,0
2026-03-10T04:31:11.059323,0,0,656.181624,0
2026-03-10T04:31:12.065293,0,0,655.2995980000001,0
2026-03-10T04:31:13.072232,0,0,655.2995980000001,0
2026-03-10T04:31:14.078243,0,0,656.181624,0
2026-03-10T04:31:15.086219,0,0,655.2995980000001,0
2026-03-10T04:31:16.092231,0,0,655.2995980000001,0
2026-03-10T04:31:17.099175,0,0,655.2995980000001,0
2026-03-10T04:31:18.106156,0,0,655.2995980000001,0
2026-03-10T04:31:19.112099,0,0,655.2995980000001,0
2026-03-10T04:31:20.119116,0,0,655.2995980000001,0
2026-03-10T04:31:21.125099,0,0,655.2995980000001,0
2026-03-10T04:31:22.133063,0,0,655.2995980000001,0
2026-03-10T04:31:23.139061,0,0,655.2995980000001,0
2026-03-10T04:31:24.146042,0,0,656.181624,0
2026-03-10T04:31:25.150991,0,0,655.2995980000001,0
2026-03-10T04:31:26.158988,0,0,655.2995980000001,0
2026-03-10T04:31:27.165894,0,0,655.2995980000001,0
2026-03-10T04:31:28.171965,0,0,655.2995980000001,0
2026-03-10T04:31:29.177012,0,0,655.2995980000001,0
2026-03-10T04:31:31.178798,0,0,655.2995980000001,0
2026-03-10T04:31:31.192859,0,0,655.2995980000001,0
2026-03-10T04:31:32.198880,0,0,657.06365,0
2026-03-10T04:31:33.205853,0,0,655.2995980000001,0
2026-03-10T04:31:34.212792,0,0,655.2995980000001,0
2026-03-10T04:31:35.218839,0,0,656.181624,0
2026-03-10T04:31:36.224765,0,0,655.2995980000001,0
2026-03-10T04:31:38.226622,0,0,655.2995980000001,0
2026-03-10T04:31:38.239675,0,0,655.2995980000001,0
2026-03-10T04:31:39.245740,0,0,655.2995980000001,0
2026-03-10T04:31:40.252702,0,0,656.181624,0
2026-03-10T04:31:41.258754,0,0,655.2995980000001,0
2026-03-10T04:31:42.265681,0,0,655.2995980000001,0
2026-03-10T04:31:43.270744,0,0,655.2995980000001,0
2026-03-10T04:31:45.272535,0,0,655.2995980000001,0
2026-03-10T04:31:45.285590,0,0,655.2995980000001,0
2026-03-10T04:31:46.292578,0,0,655.2995980000001,0
2026-03-10T04:31:47.299569,0,0,655.2995980000001,0
2026-03-10T04:31:48.305552,0,0,655.2995980000001,0
2026-03-10T04:31:49.312520,0,0,656.181624,0
2026-03-10T04:31:50.317515,0,0,655.2995980000001,0
2026-03-10T04:31:52.319323,0,0,655.2995980000001,0
2026-03-10T04:31:52.332457,0,0,655.2995980000001,0
2026-03-10T04:31:53.338554,0,0,654.4175720000001,0
2026-03-10T04:31:54.346538,0,0,655.2995980000001,0
2026-03-10T04:31:55.352429,0,0,655.2995980000001,0
2026-03-10T04:31:56.359405,0,0,655.2995980000001,0
2026-03-10T04:31:57.365429,0,0,655.2995980000001,0
2026-03-10T04:31:59.367258,0,0,656.181624,0
2026-03-10T04:31:59.379286,0,0,655.2995980000001,0
2026-03-10T04:32:00.385305,0,0,655.2995980000001,0
2026-03-10T04:32:01.392308,0,0,655.2995980000001,0
2026-03-10T04:32:02.399271,0,0,655.2995980000001,0
2026-03-10T04:32:03.406258,0,0,656.181624,0
2026-03-10T04:32:04.412282,0,0,655.2995980000001,0
2026-03-10T04:32:05.419325,0,0,655.2995980000001,0
2026-03-10T04:32:06.426358,0,0,655.2995980000001,0
2026-03-10T04:32:08.428154,0,0,655.2995980000001,0
2026-03-10T04:32:08.439136,0,0,655.2995980000001,0
2026-03-10T04:32:09.445162,0,0,655.2995980000001,0
2026-03-10T04:32:10.453132,0,0,655.2995980000001,0
2026-03-10T04:32:11.459111,0,0,655.2995980000001,0
2026-03-10T04:32:12.466064,0,0,655.2995980000001,0
2026-03-10T04:32:13.472050,0,0,655.2995980000001,0
2026-03-10T04:32:14.479152,0,0,655.2995980000001,0
2026-03-10T04:32:15.486037,0,0,656.181624,0
2026-03-10T04:32:16.492109,0,0,655.2995980000001,0
2026-03-10T04:32:18.493882,0,0,655.2995980000001,0
2026-03-10T04:32:18.505859,0,0,655.2995980000001,0
2026-03-10T04:32:19.512960,0,0,655.2995980000001,0
2026-03-10T04:32:20.518963,0,0,655.2995980000001,0
2026-03-10T04:32:21.525919,0,0,655.2995980000001,0
2026-03-10T04:32:22.532903,0,0,655.2995980000001,0
2026-03-10T04:32:23.535883,0,0,655.2995980000001,0
2026-03-10T04:32:24.545872,0,0,655.2995980000001,0
2026-03-10T04:32:25.552825,0,0,655.2995980000001,0
2026-03-10T04:32:26.559797,0,0,655.2995980000001,0
2026-03-10T04:32:27.565797,0,0,655.2995980000001,0
2026-03-10T04:32:28.572787,0,0,655.2995980000001,0
2026-03-10T04:32:29.578778,0,0,655.2995980000001,0
2026-03-10T04:32:30.584741,0,0,655.2995980000001,0
2026-03-10T04:32:31.592735,0,0,655.2995980000001,0
2026-03-10T04:32:32.598758,0,0,655.2995980000001,0
2026-03-10T04:32:33.606757,0,0,656.181624,0
2026-03-10T04:32:34.612679,0,0,655.2995980000001,0
2026-03-10T04:32:35.619619,0,0,655.2995980000001,0
2026-03-10T04:32:36.625606,0,0,655.2995980000001,0
2026-03-10T04:32:37.630738,0,0,655.2995980000001,0
2026-03-10T04:32:38.639628,0,0,655.2995980000001,0
2026-03-10T04:32:39.645553,0,0,655.2995980000001,0
2026-03-10T04:32:40.651556,0,0,656.181624,0
2026-03-10T04:32:41.659518,0,0,655.2995980000001,0
2026-03-10T04:32:42.666559,0,0,655.2995980000001,0
2026-03-10T04:32:43.672501,0,0,655.2995980000001,0
2026-03-10T04:32:44.677527,0,0,655.2995980000001,0
2026-03-10T04:32:45.685486,0,0,655.2995980000001,0
2026-03-10T04:32:46.692443,0,0,655.2995980000001,0
2026-03-10T04:32:47.699419,0,0,655.2995980000001,0
2026-03-10T04:32:48.705393,0,0,655.2995980000001,0
2026-03-10T04:32:49.713381,0,0,655.2995980000001,0
2026-03-10T04:32:50.719368,0,0,655.2995980000001,0
2026-03-10T04:32:51.726467,0,0,655.2995980000001,0
2026-03-10T04:32:52.732341,0,0,656.181624,0
2026-03-10T04:32:53.739296,0,0,656.181624,0
2026-03-10T04:32:54.746346,0,0,655.2995980000001,0
2026-03-10T04:32:55.752278,0,0,655.2995980000001,0
2026-03-10T04:32:56.759311,0,0,655.2995980000001,0
2026-03-10T04:32:57.765230,0,0,655.2995980000001,0
2026-03-10T04:32:58.772231,0,0,655.2995980000001,0
2026-03-10T04:32:59.779225,0,0,655.2995980000001,0
2026-03-10T04:33:00.786173,0,0,655.2995980000001,0
2026-03-10T04:33:01.792201,0,0,655.2995980000001,0
2026-03-10T04:33:02.799185,0,0,655.2995980000001,0
2026-03-10T04:33:03.806143,0,0,655.2995980000001,0
2026-03-10T04:33:04.812068,0,0,655.2995980000001,0
2026-03-10T04:33:05.818110,0,0,655.2995980000001,0
2026-03-10T04:33:07.819995,0,0,655.2995980000001,0
2026-03-10T04:33:07.833014,0,0,655.2995980000001,0
2026-03-10T04:33:09.834773,0,0,655.2995980000001,0
2026-03-10T04:33:09.845927,0,0,655.2995980000001,0
2026-03-10T04:33:10.852956,0,0,655.2995980000001,0
2026-03-10T04:33:11.858925,0,0,655.2995980000001,0
2026-03-10T04:33:12.866931,0,0,655.2995980000001,0
2026-03-10T04:33:13.872902,0,0,656.181624,0
2026-03-10T04:33:14.878878,0,0,655.2995980000001,0
2026-03-10T04:33:15.885846,0,0,655.2995980000001,0
2026-03-10T04:33:16.892878,0,0,655.2995980000001,0
2026-03-10T04:33:17.898814,0,0,655.2995980000001,0
2026-03-10T04:33:18.905804,0,0,655.2995980000001,0
2026-03-10T04:33:19.912798,0,0,655.2995980000001,0
2026-03-10T04:33:20.919747,0,0,655.2995980000001,0
2026-03-10T04:33:21.926769,0,0,655.2995980000001,0
2026-03-10T04:33:22.931645,0,0,655.2995980000001,0
2026-03-10T04:33:23.939738,0,0,654.4175720000001,0
2026-03-10T04:33:24.945693,0,0,655.2995980000001,0
2026-03-10T04:33:25.952667,0,0,655.2995980000001,0
2026-03-10T04:33:26.959659,0,0,655.2995980000001,0
2026-03-10T04:33:27.965638,0,0,655.2995980000001,0
2026-03-10T04:33:28.973623,0,0,655.2995980000001,0
2026-03-10T04:33:29.979588,0,0,655.2995980000001,0
2026-03-10T04:33:30.986675,0,0,655.2995980000001,0
2026-03-10T04:33:31.992563,0,0,656.181624,0
2026-03-10T04:33:32.999533,0,0,656.181624,0
2026-03-10T04:33:34.005544,0,0,655.2995980000001,0
2026-03-10T04:33:35.012505,0,0,655.2995980000001,0
2026-03-10T04:33:36.019494,0,0,655.2995980000001,0
2026-03-10T04:33:37.026573,0,0,655.2995980000001,0
2026-03-10T04:33:39.028392,0,0,655.2995980000001,0
2026-03-10T04:33:39.039395,0,0,656.181624,0
2026-03-10T04:33:40.046507,0,0,655.2995980000001,0
2026-03-10T04:33:41.052390,0,0,655.2995980000001,0
2026-03-10T04:33:42.059380,0,0,655.2995980000001,0
2026-03-10T04:33:43.066464,0,0,655.2995980000001,0
2026-03-10T04:33:44.071434,0,0,655.2995980000001,0
2026-03-10T04:33:46.073203,0,0,655.2995980000001,0
2026-03-10T04:33:46.086369,0,0,655.2995980000001,0
2026-03-10T04:33:48.088161,0,0,655.2995980000001,0
2026-03-10T04:33:48.099201,0,0,655.2995980000001,0
2026-03-10T04:33:49.106236,0,0,655.2995980000001,0
2026-03-10T04:33:50.112233,0,0,655.2995980000001,0
2026-03-10T04:33:51.119212,0,0,655.2995980000001,0
2026-03-10T04:33:52.127194,0,0,655.2995980000001,0
2026-03-10T04:33:53.133217,0,0,655.2995980000001,0
2026-03-10T04:33:55.134993,0,0,655.2995980000001,0
2026-03-10T04:33:55.146112,0,0,655.2995980000001,0
2026-03-10T04:33:56.153125,0,0,655.2995980000001,0
2026-03-10T04:33:57.159119,0,0,655.2995980000001,0
2026-03-10T04:33:58.166085,0,0,655.2995980000001,0
2026-03-10T04:33:59.173074,0,0,655.2995980000001,0
2026-03-10T04:34:00.180046,0,0,655.2995980000001,0
2026-03-10T04:34:01.185130,0,0,654.4175720000001,0
2026-03-10T04:34:02.193024,0,0,655.2995980000001,0
2026-03-10T04:34:03.199972,0,0,655.2995980000001,0
2026-03-10T04:34:04.205949,0,0,655.2995980000001,0
2026-03-10T04:34:05.212930,0,0,655.2995980000001,0
2026-03-10T04:34:06.218881,0,0,655.2995980000001,0
2026-03-10T04:34:07.225892,0,0,655.2995980000001,0
2026-03-10T04:34:08.232883,0,0,655.2995980000001,0
2026-03-10T04:34:09.239887,0,0,655.2995980000001,0
2026-03-10T04:34:10.246905,0,0,655.2995980000001,0
2026-03-10T04:34:11.252862,0,0,656.181624,0
2026-03-10T04:34:12.259835,0,0,655.2995980000001,0
2026-03-10T04:34:13.265823,0,0,655.2995980000001,0
2026-03-10T04:34:14.272800,0,0,656.181624,0
2026-03-10T04:34:15.277806,0,0,655.2995980000001,0
2026-03-10T04:34:16.286882,0,0,655.2995980000001,0
2026-03-10T04:34:17.293717,0,0,655.2995980000001,0
2026-03-10T04:34:18.299717,0,0,655.2995980000001,0
2026-03-10T04:34:19.306744,0,0,655.2995980000001,0
2026-03-10T04:34:20.312701,0,0,655.2995980000001,0
2026-03-10T04:34:21.319661,0,0,657.06365,0
2026-03-10T04:34:22.325608,0,0,655.2995980000001,0
2026-03-10T04:34:23.333624,0,0,655.2995980000001,0
2026-03-10T04:34:24.340614,0,0,656.181624,0
2026-03-10T04:34:25.346640,0,0,655.2995980000001,0
2026-03-10T04:34:26.353583,0,0,655.2995980000001,0
2026-03-10T04:34:27.359566,0,0,655.2995980000001,0
2026-03-10T04:34:28.366595,0,0,655.2995980000001,0
2026-03-10T04:34:29.372532,0,0,655.2995980000001,0
2026-03-10T04:34:31.374407,0,0,657.945676,0
2026-03-10T04:34:31.387429,0,0,655.2995980000001,0
2026-03-10T04:34:33.389246,0,0,655.2995980000001,0
2026-03-10T04:34:33.400393,0,0,655.2995980000001,0
2026-03-10T04:34:34.406496,0,0,655.2995980000001,0
2026-03-10T04:34:35.413366,0,0,655.2995980000001,0
2026-03-10T04:34:36.419381,0,0,655.2995980000001,0
2026-03-10T04:34:37.426423,0,0,656.181624,0
2026-03-10T04:34:38.432402,0,0,655.2995980000001,0
2026-03-10T04:34:39.438963,0,0,656.181624,0
2026-03-10T04:34:41.440826,0,0,657.945676,0
2026-03-10T04:35:00.382548,0,0,655.2995980000001,0
2026-03-10T04:35:02.864875,0,0,655.2995980000001,0
2026-03-10T04:35:03.871849,0,0,655.2995980000001,0
2026-03-10T04:35:04.877871,0,0,655.2995980000001,0
2026-03-10T04:35:06.879767,0,0,655.2995980000001,0
2026-03-10T04:35:06.890841,0,0,656.181624,0
2026-03-10T04:35:07.897838,0,0,655.2995980000001,0
2026-03-10T04:35:08.904771,0,0,655.2995980000001,0
2026-03-10T04:35:09.911790,0,0,655.2995980000001,0
2026-03-10T04:35:10.918801,0,0,655.2995980000001,0
2026-03-10T04:35:11.924766,0,0,655.2995980000001,0
2026-03-10T04:35:12.931717,0,0,655.2995980000001,0
2026-03-10T04:35:14.933553,0,0,655.2995980000001,0
2026-03-10T04:35:14.944648,0,0,656.181624,0
2026-03-10T04:35:15.951648,0,0,655.2995980000001,0
2026-03-10T04:35:16.958714,0,0,655.2995980000001,0
2026-03-10T04:35:17.964602,0,0,655.2995980000001,0
2026-03-10T04:35:18.971586,0,0,655.2995980000001,0
2026-03-10T04:35:19.978679,0,0,655.2995980000001,0
2026-03-10T04:35:20.984559,0,0,655.2995980000001,0
2026-03-10T04:35:21.991601,0,0,655.2995980000001,0
2026-03-10T04:35:23.993356,0,0,655.2995980000001,0
2026-03-10T04:35:24.005394,0,0,655.2995980000001,0
2026-03-10T04:35:25.011419,0,0,655.2995980000001,0
2026-03-10T04:35:26.018500,0,0,655.2995980000001,0
2026-03-10T04:35:27.025352,0,0,655.2995980000001,0
2026-03-10T04:35:28.031372,0,0,655.2995980000001,0
2026-03-10T04:35:29.038404,0,0,655.2995980000001,0
2026-03-10T04:35:30.044418,0,0,655.2995980000001,0
2026-03-10T04:35:31.051321,0,0,655.2995980000001,0
2026-03-10T04:35:32.058409,0,0,655.2995980000001,0
2026-03-10T04:35:33.065280,0,0,655.2995980000001,0
2026-03-10T04:35:34.071255,0,0,654.4175720000001,0
2026-03-10T04:35:35.078227,0,0,655.2995980000001,0
2026-03-10T04:35:36.085224,0,0,655.2995980000001,0
2026-03-10T04:35:37.091229,0,0,655.2995980000001,0
2026-03-10T04:35:38.098165,0,0,655.2995980000001,0
2026-03-10T04:35:39.104077,0,0,655.2995980000001,0
2026-03-10T04:35:41.105856,0,0,655.2995980000001,0
2026-03-10T04:35:41.118100,0,0,655.2995980000001,0
2026-03-10T04:35:42.125092,0,0,655.2995980000001,0
2026-03-10T04:35:43.132094,0,0,655.2995980000001,0
2026-03-10T04:35:44.138070,0,0,655.2995980000001,0
2026-03-10T04:35:45.145043,0,0,655.2995980000001,0
2026-03-10T04:35:46.151054,0,0,655.2995980000001,0
2026-03-10T04:35:47.158097,0,0,655.2995980000001,0
2026-03-10T04:35:48.165062,0,0,655.2995980000001,0
2026-03-10T04:35:49.172045,0,0,655.2995980000001,0
2026-03-10T04:35:50.178009,0,0,655.2995980000001,0
2026-03-10T04:35:51.184993,0,0,655.2995980000001,0
2026-03-10T04:35:52.191965,0,0,655.2995980000001,0
2026-03-10T04:35:53.196872,0,0,655.2995980000001,0
2026-03-10T04:35:55.198748,0,0,655.2995980000001,0
2026-03-10T04:35:55.211916,0,0,655.2995980000001,0
2026-03-10T04:35:56.218882,0,0,655.2995980000001,0
2026-03-10T04:35:57.224903,0,0,655.2995980000001,0
2026-03-10T04:35:58.231797,0,0,655.2995980000001,0
2026-03-10T04:35:59.238885,0,0,655.2995980000001,0
2026-03-10T04:36:00.244772,0,0,655.2995980000001,0
2026-03-10T04:36:01.251783,0,0,655.2995980000001,0
2026-03-10T04:36:02.257726,0,0,655.2995980000001,0
2026-03-10T04:36:03.264595,0,0,655.2995980000001,0
2026-03-10T04:36:04.271699,0,0,655.2995980000001,0
2026-03-10T04:36:05.278738,0,0,655.2995980000001,0
2026-03-10T04:36:06.284655,0,0,655.2995980000001,0
2026-03-10T04:36:07.289650,0,0,655.2995980000001,0
2026-03-10T04:36:08.298717,0,0,655.2995980000001,0
2026-03-10T04:36:09.304586,0,0,656.181624,0
2026-03-10T04:36:10.311586,0,0,655.2995980000001,0
2026-03-10T04:36:11.318644,0,0,655.2995980000001,0
2026-03-10T04:36:12.325536,0,0,655.2995980000001,0
2026-03-10T04:36:13.331521,0,0,657.06365,0
2026-03-10T04:36:14.338621,0,0,655.2995980000001,0
2026-03-10T04:36:15.345520,0,0,655.2995980000001,0
2026-03-10T04:36:16.351459,0,0,656.181624,0
2026-03-10T04:36:17.358513,0,0,655.2995980000001,0
2026-03-10T04:36:18.364424,0,0,655.2995980000001,0
2026-03-10T04:36:19.372410,0,0,655.2995980000001,0
2026-03-10T04:36:20.378468,0,0,655.2995980000001,0
2026-03-10T04:36:21.385343,0,0,655.2995980000001,0
2026-03-10T04:36:22.391458,0,0,655.2995980000001,0
2026-03-10T04:36:23.398487,0,0,655.2995980000001,0
2026-03-10T04:36:25.400268,0,0,655.2995980000001,0
2026-03-10T04:36:25.411297,0,0,655.2995980000001,0
2026-03-10T04:36:26.419255,0,0,655.2995980000001,0
2026-03-10T04:36:27.425252,0,0,655.2995980000001,0
2026-03-10T04:36:28.432227,0,0,655.2995980000001,0
2026-03-10T04:36:29.438212,0,0,655.2995980000001,0
2026-03-10T04:36:30.445153,0,0,655.2995980000001,0
2026-03-10T04:36:32.446957,0,0,655.2995980000001,0
2026-03-10T04:36:32.458117,0,0,655.2995980000001,0
2026-03-10T04:36:33.465112,0,0,655.2995980000001,0
2026-03-10T04:36:34.472117,0,0,655.2995980000001,0
2026-03-10T04:36:35.479105,0,0,655.2995980000001,0
2026-03-10T04:36:36.485077,0,0,655.2995980000001,0
2026-03-10T04:36:37.491011,0,0,655.2995980000001,0
2026-03-10T04:36:38.498109,0,0,655.2995980000001,0
2026-03-10T04:36:40.500015,0,0,655.2995980000001,0
2026-03-10T04:36:40.510922,0,0,654.4175720000001,0
2026-03-10T04:36:41.517988,0,0,655.2995980000001,0
2026-03-10T04:36:42.526012,0,0,655.2995980000001,0
2026-03-10T04:36:43.531990,0,0,654.4175720000001,0
2026-03-10T04:36:44.537936,0,0,655.2995980000001,0
2026-03-10T04:36:45.543002,0,0,655.2995980000001,0
2026-03-10T04:36:47.544763,0,0,655.2995980000001,0
2026-03-10T04:36:47.558851,0,0,657.06365,0
2026-03-10T04:36:48.564846,0,0,655.2995980000001,0
2026-03-10T04:36:49.572815,0,0,655.2995980000001,0
2026-03-10T04:36:50.578855,0,0,655.2995980000001,0
2026-03-10T04:36:51.585788,0,0,655.2995980000001,0
2026-03-10T04:36:52.591779,0,0,655.2995980000001,0
2026-03-10T04:36:53.598782,0,0,655.2995980000001,0
2026-03-10T04:36:55.600568,0,0,655.2995980000001,0
2026-03-10T04:36:55.611839,0,0,654.4175720000001,0
2026-03-10T04:36:56.618801,0,0,655.2995980000001,0
2026-03-10T04:36:57.625715,0,0,655.2995980000001,0
2026-03-10T04:36:58.632695,0,0,655.2995980000001,0
2026-03-10T04:36:59.638770,0,0,655.2995980000001,0
2026-03-10T04:37:00.645658,0,0,655.2995980000001,0
2026-03-10T04:37:01.651591,0,0,654.4175720000001,0
2026-03-10T04:37:02.658727,0,0,655.2995980000001,0
2026-03-10T04:37:03.665627,0,0,655.2995980000001,0
2026-03-10T04:37:04.671555,0,0,655.2995980000001,0
2026-03-10T04:37:05.679515,0,0,655.2995980000001,0
2026-03-10T04:37:06.685526,0,0,655.2995980000001,0
2026-03-10T04:37:07.692449,0,0,655.2995980000001,0
2026-03-10T04:37:09.694247,0,0,655.2995980000001,0
2026-03-10T04:37:09.705462,0,0,655.2995980000001,0
2026-03-10T04:37:11.707286,0,0,655.2995980000001,0
2026-03-10T04:37:11.718487,0,0,655.2995980000001,0
2026-03-10T04:37:12.726496,0,0,655.2995980000001,0
2026-03-10T04:37:13.732360,0,0,655.2995980000001,0
2026-03-10T04:37:14.739357,0,0,655.2995980000001,0
2026-03-10T04:37:15.745337,0,0,655.2995980000001,0
2026-03-10T04:37:16.752242,0,0,655.2995980000001,0
2026-03-10T04:37:18.754049,0,0,655.2995980000001,0
2026-03-10T04:37:18.765208,0,0,655.2995980000001,0
2026-03-10T04:37:19.772253,0,0,655.2995980000001,0
2026-03-10T04:37:20.779247,0,0,655.2995980000001,0
2026-03-10T04:37:21.786204,0,0,655.2995980000001,0
2026-03-10T04:37:22.792201,0,0,655.2995980000001,0
2026-03-10T04:37:23.799171,0,0,655.2995980000001,0
2026-03-10T04:37:24.805181,0,0,655.2995980000001,0
2026-03-10T04:37:25.812145,0,0,655.2995980000001,0
2026-03-10T04:37:26.818124,0,0,655.2995980000001,0
2026-03-10T04:37:27.825104,0,0,655.2995980000001,0
2026-03-10T04:37:28.833083,0,0,655.2995980000001,0
2026-03-10T04:37:29.839051,0,0,655.2995980000001,0
2026-03-10T04:37:30.846058,0,0,655.2995980000001,0
2026-03-10T04:37:31.852055,0,0,655.2995980000001,0
2026-03-10T04:37:32.859044,0,0,655.2995980000001,0
2026-03-10T04:37:33.865000,0,0,655.2995980000001,0
2026-03-10T04:37:34.871999,0,0,655.2995980000001,0
2026-03-10T04:37:35.879973,0,0,655.2995980000001,0
2026-03-10T04:37:36.885976,0,0,655.2995980000001,0
2026-03-10T04:37:37.892986,0,0,655.2995980000001,0
2026-03-10T04:37:39.894784,0,0,655.2995980000001,0
2026-03-10T04:37:39.905883,0,0,655.2995980000001,0
2026-03-10T04:37:40.911901,0,0,655.2995980000001,0
2026-03-10T04:37:41.918862,0,0,654.4175720000001,0
2026-03-10T04:37:42.924821,0,0,655.2995980000001,0
2026-03-10T04:37:43.932790,0,0,655.2995980000001,0
2026-03-10T04:37:44.939819,0,0,655.2995980000001,0
2026-03-10T04:37:45.945738,0,0,655.2995980000001,0
2026-03-10T04:37:47.946819,0,0,655.2995980000001,0
2026-03-10T04:37:47.958748,0,0,655.2995980000001,0
2026-03-10T04:37:48.965722,0,0,655.2995980000001,0
2026-03-10T04:37:49.971661,0,0,656.181624,0
2026-03-10T04:37:50.979712,0,0,655.2995980000001,0
2026-03-10T04:37:51.986739,0,0,655.2995980000001,0
2026-03-10T04:37:52.992601,0,0,655.2995980000001,0
2026-03-10T04:37:53.999718,0,0,655.2995980000001,0
2026-03-10T04:37:56.001499,0,0,655.2995980000001,0
2026-03-10T04:37:56.012527,0,0,655.2995980000001,0
2026-03-10T04:37:57.018657,0,0,655.2995980000001,0
2026-03-10T04:37:58.025534,0,0,655.2995980000001,0
2026-03-10T04:37:59.032503,0,0,655.2995980000001,0
2026-03-10T04:38:00.039493,0,0,655.2995980000001,0
2026-03-10T04:38:01.046556,0,0,655.2995980000001,0
2026-03-10T04:38:02.052533,0,0,655.2995980000001,0
2026-03-10T04:38:03.059482,0,0,655.2995980000001,0
2026-03-10T04:38:04.065461,0,0,655.2995980000001,0
2026-03-10T04:38:05.072392,0,0,655.2995980000001,0
2026-03-10T04:38:06.078363,0,0,655.2995980000001,0
2026-03-10T04:38:07.086457,0,0,655.2995980000001,0
2026-03-10T04:38:08.093381,0,0,655.2995980000001,0
2026-03-10T04:38:09.099319,0,0,655.2995980000001,0
2026-03-10T04:38:10.106442,0,0,655.2995980000001,0
2026-03-10T04:38:11.112281,0,0,655.2995980000001,0
2026-03-10T04:38:12.119270,0,0,655.2995980000001,0
2026-03-10T04:38:13.125241,0,0,655.2995980000001,0
2026-03-10T04:38:14.133231,0,0,655.2995980000001,0
2026-03-10T04:38:15.139217,0,0,656.181624,0
2026-03-10T04:38:16.146192,0,0,655.2995980000001,0
2026-03-10T04:38:17.153219,0,0,655.2995980000001,0
2026-03-10T04:38:18.159236,0,0,655.2995980000001,0
2026-03-10T04:38:19.166225,0,0,655.2995980000001,0
2026-03-10T04:38:20.172181,0,0,655.2995980000001,0
2026-03-10T04:38:21.179193,0,0,655.2995980000001,0
2026-03-10T04:38:22.186165,0,0,655.2995980000001,0
2026-03-10T04:38:23.193119,0,0,655.2995980000001,0
2026-03-10T04:38:24.200132,0,0,655.2995980000001,0
2026-03-10T04:38:25.206081,0,0,655.2995980000001,0
2026-03-10T04:38:26.213075,0,0,655.2995980000001,0
2026-03-10T04:38:27.219068,0,0,655.2995980000001,0
2026-03-10T04:38:28.226046,0,0,655.2995980000001,0
2026-03-10T04:38:29.233016,0,0,655.2995980000001,0
2026-03-10T04:38:30.240000,0,0,655.2995980000001,0
2026-03-10T04:38:31.245975,0,0,655.2995980000001,0
2026-03-10T04:38:33.248010,0,0,653.5355460000001,0
2026-03-10T04:38:33.259900,0,0,655.2995980000001,0
2026-03-10T04:38:34.265922,0,0,655.2995980000001,0
2026-03-10T04:38:35.272897,0,0,655.2995980000001,0
2026-03-10T04:38:36.278869,0,0,655.2995980000001,0
2026-03-10T04:38:37.286811,0,0,655.2995980000001,0
2026-03-10T04:38:38.290903,0,0,657.06365,0
2026-03-10T04:38:39.299887,0,0,655.2995980000001,0
2026-03-10T04:38:40.306841,0,0,655.2995980000001,0
2026-03-10T04:38:41.312760,0,0,655.2995980000001,0
2026-03-10T04:38:42.319742,0,0,655.2995980000001,0
2026-03-10T04:38:43.325715,0,0,655.2995980000001,0
2026-03-10T04:38:44.333702,0,0,655.2995980000001,0
2026-03-10T04:38:45.339687,0,0,655.2995980000001,0
2026-03-10T04:38:46.346773,0,0,655.2995980000001,0
2026-03-10T04:38:47.352646,0,0,655.2995980000001,0
2026-03-10T04:38:48.359621,0,0,655.2995980000001,0
2026-03-10T04:38:49.365582,0,0,655.2995980000001,0
2026-03-10T04:38:50.372579,0,0,655.2995980000001,0
2026-03-10T04:38:51.379582,0,0,655.2995980000001,0
2026-03-10T04:38:52.386624,0,0,655.2995980000001,0
2026-03-10T04:38:54.388545,0,0,655.2995980000001,0
2026-03-10T04:38:54.399458,0,0,655.2995980000001,0
2026-03-10T04:38:55.406516,0,0,655.2995980000001,0
2026-03-10T04:38:56.413424,0,0,655.2995980000001,0
2026-03-10T04:38:57.419422,0,0,655.2995980000001,0
2026-03-10T04:38:58.426486,0,0,655.2995980000001,0
2026-03-10T04:38:59.433365,0,0,655.2995980000001,0
2026-03-10T04:39:00.440454,0,0,656.181624,0
2026-03-10T04:39:01.446506,0,0,655.2995980000001,0
2026-03-10T04:39:02.453352,0,0,656.181624,0
2026-03-10T04:39:03.459310,0,0,655.2995980000001,0
2026-03-10T04:39:04.466390,0,0,655.2995980000001,0
2026-03-10T04:39:05.473257,0,0,655.2995980000001,0
2026-03-10T04:39:06.479238,0,0,655.2995980000001,0
2026-03-10T04:39:07.487229,0,0,656.181624,0
2026-03-10T04:39:08.493200,0,0,655.2995980000001,0
2026-03-10T04:39:10.494981,0,0,655.2995980000001,0
2026-03-10T04:39:10.504109,0,0,655.2995980000001,0
2026-03-10T04:39:11.513148,0,0,655.2995980000001,0
2026-03-10T04:39:12.520121,0,0,655.2995980000001,0
2026-03-10T04:39:13.525042,0,0,655.2995980000001,0
2026-03-10T04:39:14.534084,0,0,655.2995980000001,0
2026-03-10T04:39:15.540053,0,0,655.2995980000001,0
2026-03-10T04:39:17.541806,0,0,655.2995980000001,0
2026-03-10T04:39:17.552992,0,0,655.2995980000001,0
2026-03-10T04:39:18.560009,0,0,655.2995980000001,0
2026-03-10T04:39:19.565996,0,0,655.2995980000001,0
2026-03-10T04:39:20.572973,0,0,655.2995980000001,0
2026-03-10T04:39:21.579953,0,0,655.2995980000001,0
2026-03-10T04:39:22.586888,0,0,655.2995980000001,0
2026-03-10T04:39:23.594001,0,0,655.2995980000001,0
2026-03-10T04:39:24.599894,0,0,655.2995980000001,0
2026-03-10T04:39:25.606870,0,0,655.2995980000001,0
2026-03-10T04:39:26.612835,0,0,655.2995980000001,0
2026-03-10T04:39:28.614704,0,0,655.2995980000001,0
2026-03-10T04:39:28.626868,0,0,655.2995980000001,0
2026-03-10T04:39:29.633788,0,0,655.2995980000001,0
2026-03-10T04:39:30.640780,0,0,655.2995980000001,0
2026-03-10T04:39:31.646776,0,0,655.2995980000001,0
2026-03-10T04:39:32.653778,0,0,655.2995980000001,0
2026-03-10T04:39:33.659773,0,0,655.2995980000001,0
2026-03-10T04:39:35.661640,0,0,655.2995980000001,0
2026-03-10T04:39:35.672719,0,0,655.2995980000001,0
2026-03-10T04:39:36.679727,0,0,655.2995980000001,0
2026-03-10T04:39:37.687710,0,0,655.2995980000001,0
2026-03-10T04:39:38.693683,0,0,655.2995980000001,0
2026-03-10T04:39:39.700650,0,0,655.2995980000001,0
2026-03-10T04:39:40.706738,0,0,655.2995980000001,0
2026-03-10T04:39:41.713598,0,0,655.2995980000001,0
2026-03-10T04:39:43.714765,0,0,655.2995980000001,0
2026-03-10T04:39:43.726655,0,0,655.2995980000001,0
2026-03-10T04:39:44.733526,0,0,655.2995980000001,0
2026-03-10T04:39:45.740504,0,0,655.2995980000001,0
2026-03-10T04:39:46.747459,0,0,655.2995980000001,0
2026-03-10T04:39:47.753449,0,0,655.2995980000001,0
2026-03-10T04:39:48.760409,0,0,655.2995980000001,0
2026-03-10T04:39:49.766499,0,0,655.2995980000001,0
2026-03-10T04:39:50.773500,0,0,655.2995980000001,0
2026-03-10T04:39:51.779413,0,0,655.2995980000001,0
2026-03-10T04:39:52.787373,0,0,655.2995980000001,0
2026-03-10T04:39:53.794465,0,0,655.2995980000001,0
2026-03-10T04:39:54.800441,0,0,655.2995980000001,0
2026-03-10T04:39:55.807328,0,0,655.2995980000001,0
2026-03-10T04:39:56.813296,0,0,655.2995980000001,0
2026-03-10T04:39:57.820286,0,0,656.181624,0
2026-03-10T04:39:58.826243,0,0,655.2995980000001,0
2026-03-10T04:39:59.834252,0,0,657.06365,0
2026-03-10T04:40:00.841200,0,0,655.2995980000001,0
2026-03-10T04:40:01.846184,0,0,655.2995980000001,0
2026-03-10T04:40:02.854155,0,0,655.2995980000001,0
2026-03-10T04:40:03.860257,0,0,655.2995980000001,0
2026-03-10T04:40:04.867150,0,0,655.2995980000001,0
2026-03-10T04:40:05.873124,0,0,655.2995980000001,0
2026-03-10T04:40:06.880098,0,0,655.2995980000001,0
2026-03-10T04:40:07.887162,0,0,655.2995980000001,0
2026-03-10T04:40:08.894140,0,0,654.4175720000001,0
2026-03-10T04:40:09.901061,0,0,655.2995980000001,0
2026-03-10T04:40:10.907041,0,0,655.2995980000001,0
2026-03-10T04:40:11.914002,0,0,653.5355460000001,0
2026-03-10T04:40:12.919975,0,0,655.2995980000001,0
2026-03-10T04:40:13.926960,0,0,655.2995980000001,0
2026-03-10T04:40:14.933930,0,0,655.2995980000001,0
2026-03-10T04:40:15.940890,0,0,655.2995980000001,0
2026-03-10T04:40:17.942728,0,0,655.2995980000001,0
2026-03-10T04:40:17.953820,0,0,655.2995980000001,0
2026-03-10T04:40:18.960851,0,0,655.2995980000001,0
2026-03-10T04:40:19.966859,0,0,656.181624,0
2026-03-10T04:40:20.973861,0,0,655.2995980000001,0
2026-03-10T04:40:21.979822,0,0,655.2995980000001,0
2026-03-10T04:40:22.987774,0,0,655.2995980000001,0
2026-03-10T04:40:23.993882,0,0,656.181624,0
2026-03-10T04:40:25.995639,0,0,655.2995980000001,0
2026-03-10T04:40:26.007664,0,0,655.2995980000001,0
2026-03-10T04:40:27.013733,0,0,655.2995980000001,0
2026-03-10T04:40:28.020723,0,0,655.2995980000001,0
2026-03-10T04:40:29.026731,0,0,655.2995980000001,0
2026-03-10T04:40:30.034748,0,0,654.4175720000001,0
2026-03-10T04:40:31.040644,0,0,656.181624,0
2026-03-10T04:41:06.878711,0,0,655.2995980000001,0
2026-03-10T04:41:09.360969,0,0,655.2995980000001,0
2026-03-10T04:41:10.367946,0,0,655.2995980000001,0
2026-03-10T04:41:11.373901,0,0,655.2995980000001,0
2026-03-10T04:41:13.375727,0,0,655.2995980000001,0
2026-03-10T04:41:13.386867,0,0,655.2995980000001,0
2026-03-10T04:41:14.393846,0,0,655.2995980000001,0
2026-03-10T04:41:15.400816,0,0,655.2995980000001,0
2026-03-10T04:41:16.407808,0,0,655.2995980000001,0
2026-03-10T04:41:17.414786,0,0,655.2995980000001,0
2026-03-10T04:41:18.420743,0,0,655.2995980000001,0
2026-03-10T04:41:19.427782,0,0,655.2995980000001,0
2026-03-10T04:41:21.429587,0,0,655.2995980000001,0
2026-03-10T04:41:21.440678,0,0,655.2995980000001,0
2026-03-10T04:41:22.446759,0,0,655.2995980000001,0
2026-03-10T04:41:23.454733,0,0,656.181624,0
2026-03-10T04:41:24.460662,0,0,655.2995980000001,0
2026-03-10T04:41:25.467656,0,0,655.2995980000001,0
2026-03-10T04:41:26.474695,0,0,657.945676,0
2026-03-10T04:41:27.480638,0,0,655.2995980000001,0
2026-03-10T04:41:28.487635,0,0,655.2995980000001,0
2026-03-10T04:41:29.493581,0,0,655.2995980000001,0
2026-03-10T04:41:30.501551,0,0,655.2995980000001,0
2026-03-10T04:41:31.507532,0,0,655.2995980000001,0
2026-03-10T04:41:32.514622,0,0,655.2995980000001,0
2026-03-10T04:41:33.521483,0,0,655.2995980000001,0
2026-03-10T04:41:34.527486,0,0,655.2995980000001,0
2026-03-10T04:41:35.534582,0,0,655.2995980000001,0
2026-03-10T04:41:36.540432,0,0,655.2995980000001,0
2026-03-10T04:41:37.547415,0,0,655.2995980000001,0
2026-03-10T04:41:38.554494,0,0,655.2995980000001,0
2026-03-10T04:41:39.561358,0,0,655.2995980000001,0
2026-03-10T04:41:40.567336,0,0,655.2995980000001,0
2026-03-10T04:41:41.574420,0,0,656.181624,0
2026-03-10T04:41:42.581344,0,0,655.2995980000001,0
2026-03-10T04:41:43.586390,0,0,655.2995980000001,0
2026-03-10T04:41:44.594252,0,0,655.2995980000001,0
2026-03-10T04:41:45.600251,0,0,655.2995980000001,0
2026-03-10T04:41:46.608218,0,0,655.2995980000001,0
2026-03-10T04:41:47.614197,0,0,655.2995980000001,0
2026-03-10T04:41:49.616160,0,0,655.2995980000001,0
2026-03-10T04:41:49.628133,0,0,655.2995980000001,0
2026-03-10T04:41:50.634170,0,0,655.2995980000001,0
2026-03-10T04:41:51.640140,0,0,655.2995980000001,0
2026-03-10T04:41:52.647152,0,0,655.2995980000001,0
2026-03-10T04:41:53.655124,0,0,655.2995980000001,0
2026-03-10T04:41:54.661075,0,0,655.2995980000001,0
2026-03-10T04:41:55.668054,0,0,655.2995980000001,0
2026-03-10T04:41:56.674045,0,0,656.181624,0
2026-03-10T04:41:57.680057,0,0,655.2995980000001,0
2026-03-10T04:41:58.688044,0,0,655.2995980000001,0
2026-03-10T04:41:59.693980,0,0,655.2995980000001,0
2026-03-10T04:42:00.700974,0,0,655.2995980000001,0
2026-03-10T04:42:01.707933,0,0,655.2995980000001,0
2026-03-10T04:42:02.714971,0,0,656.181624,0
2026-03-10T04:42:03.720986,0,0,655.2995980000001,0
2026-03-10T04:42:04.727939,0,0,655.2995980000001,0
2026-03-10T04:42:05.734897,0,0,655.2995980000001,0
2026-03-10T04:42:06.740847,0,0,655.2995980000001,0
2026-03-10T04:42:07.747832,0,0,655.2995980000001,0
2026-03-10T04:42:08.753815,0,0,655.2995980000001,0
2026-03-10T04:42:09.761779,0,0,655.2995980000001,0
2026-03-10T04:42:10.767785,0,0,655.2995980000001,0
2026-03-10T04:42:11.774805,0,0,655.2995980000001,0
2026-03-10T04:42:12.780779,0,0,655.2995980000001,0
2026-03-10T04:42:13.787762,0,0,655.2995980000001,0
2026-03-10T04:42:14.794779,0,0,655.2995980000001,0
2026-03-10T04:42:15.800704,0,0,655.2995980000001,0
2026-03-10T04:42:16.807693,0,0,655.2995980000001,0
2026-03-10T04:42:17.812659,0,0,655.2995980000001,0
2026-03-10T04:42:18.821755,0,0,655.2995980000001,0
2026-03-10T04:42:19.827723,0,0,655.2995980000001,0
2026-03-10T04:42:20.834764,0,0,655.2995980000001,0
2026-03-10T04:42:21.841667,0,0,655.2995980000001,0
2026-03-10T04:42:22.847661,0,0,655.2995980000001,0
2026-03-10T04:42:23.854716,0,0,656.181624,0
2026-03-10T04:42:24.860546,0,0,655.2995980000001,0
2026-03-10T04:42:25.868527,0,0,655.2995980000001,0
2026-03-10T04:42:26.874580,0,0,655.2995980000001,0
2026-03-10T04:42:27.881485,0,0,655.2995980000001,0
2026-03-10T04:42:28.887458,0,0,655.2995980000001,0
2026-03-10T04:42:29.894609,0,0,655.2995980000001,0
2026-03-10T04:42:30.899332,0,0,655.2995980000001,0
2026-03-10T04:42:32.901146,0,0,655.2995980000001,0
2026-03-10T04:42:32.915439,0,0,656.181624,0
2026-03-10T04:42:33.921377,0,0,655.2995980000001,0
2026-03-10T04:42:34.928360,0,0,656.181624,0
2026-03-10T04:42:35.934428,0,0,655.2995980000001,0
2026-03-10T04:42:36.941268,0,0,655.2995980000001,0
2026-03-10T04:42:37.948278,0,0,655.2995980000001,0
2026-03-10T04:42:38.953203,0,0,655.2995980000001,0
2026-03-10T04:42:40.955023,0,0,655.2995980000001,0
2026-03-10T04:42:40.968167,0,0,655.2995980000001,0
2026-03-10T04:42:41.975181,0,0,655.2995980000001,0
2026-03-10T04:42:42.981172,0,0,655.2995980000001,0
2026-03-10T04:42:43.988150,0,0,656.181624,0
2026-03-10T04:42:44.994135,0,0,655.2995980000001,0
2026-03-10T04:42:46.001087,0,0,655.2995980000001,0
2026-03-10T04:42:48.002868,0,0,655.2995980000001,0
2026-03-10T04:42:48.014079,0,0,655.2995980000001,0
2026-03-10T04:42:49.022076,0,0,655.2995980000001,0
2026-03-10T04:42:50.028059,0,0,655.2995980000001,0
2026-03-10T04:42:51.035031,0,0,656.181624,0
2026-03-10T04:42:52.041026,0,0,655.2995980000001,0
2026-03-10T04:42:53.046094,0,0,655.2995980000001,0
2026-03-10T04:42:54.055050,0,0,656.181624,0
2026-03-10T04:42:55.061005,0,0,655.2995980000001,0
2026-03-10T04:42:56.068974,0,0,655.2995980000001,0
2026-03-10T04:42:57.074952,0,0,655.2995980000001,0
2026-03-10T04:42:58.081940,0,0,655.2995980000001,0
2026-03-10T04:42:59.087918,0,0,655.2995980000001,0
2026-03-10T04:43:00.094911,0,0,655.2995980000001,0
2026-03-10T04:43:02.096741,0,0,655.2995980000001,0
2026-03-10T04:43:48.360495,0,0,655.2995980000001,0
2026-03-10T04:43:49.366823,0,0,654.4175720000001,0
2026-03-10T04:43:50.371725,0,0,655.2995980000001,0
2026-03-10T04:43:51.379721,0,0,655.2995980000001,0
2026-03-10T04:43:52.385633,0,0,655.2995980000001,0
2026-03-10T04:43:53.392591,0,0,655.2995980000001,0
2026-03-10T04:43:54.399577,0,0,655.2995980000001,0
2026-03-10T04:43:55.406604,0,0,655.2995980000001,0
2026-03-10T04:43:56.413476,0,0,655.2995980000001,0
2026-03-10T04:43:57.417380,0,0,655.2995980000001,0
2026-03-10T04:43:59.419209,0,0,655.2995980000001,0
2026-03-10T04:43:59.432315,0,0,655.2995980000001,0
2026-03-10T04:44:01.434202,0,0,655.2995980000001,0
2026-03-10T04:44:01.446169,0,0,655.2995980000001,0
2026-03-10T04:44:02.453182,0,0,655.2995980000001,0
2026-03-10T04:44:03.459154,0,0,655.2995980000001,0
2026-03-10T04:44:04.466136,0,0,655.2995980000001,0
2026-03-10T04:44:05.473085,0,0,655.2995980000001,0
2026-03-10T04:44:06.477996,0,0,655.2995980000001,0
2026-03-10T04:44:07.486087,0,0,655.2995980000001,0
2026-03-10T04:44:08.491955,0,0,655.2995980000001,0
2026-03-10T04:44:09.499915,0,0,655.2995980000001,0
2026-03-10T04:44:10.505873,0,0,655.2995980000001,0
2026-03-10T04:44:11.512828,0,0,655.2995980000001,0
2026-03-10T04:44:12.519789,0,0,655.2995980000001,0
2026-03-10T04:44:13.525756,0,0,655.2995980000001,0
2026-03-10T04:44:14.532686,0,0,655.2995980000001,0
2026-03-10T04:44:15.538732,0,0,655.2995980000001,0
2026-03-10T04:44:16.545590,0,0,655.2995980000001,0
2026-03-10T04:44:17.552550,0,0,655.2995980000001,0
2026-03-10T04:44:18.559523,0,0,655.2995980000001,0
2026-03-10T04:44:19.565509,0,0,655.2995980000001,0
2026-03-10T04:44:20.572462,0,0,655.2995980000001,0
2026-03-10T04:44:21.579483,0,0,655.2995980000001,0
2026-03-10T04:44:22.585365,0,0,655.2995980000001,0
2026-03-10T04:44:23.592348,0,0,655.2995980000001,0
2026-03-10T04:44:24.598438,0,0,655.2995980000001,0
2026-03-10T04:44:25.606406,0,0,655.2995980000001,0
2026-03-10T04:44:26.611142,0,0,655.2995980000001,0
2026-03-10T04:44:28.612943,0,0,655.2995980000001,0
2026-03-10T04:44:28.626087,0,0,655.2995980000001,0
2026-03-10T04:44:29.632075,0,0,655.2995980000001,0
2026-03-10T04:44:30.639032,0,0,655.2995980000001,0
2026-03-10T04:44:31.644994,0,0,655.2995980000001,0
2026-03-10T04:44:32.651918,0,0,654.4175720000001,0
2026-03-10T04:44:33.658947,0,0,655.2995980000001,0
2026-03-10T04:44:35.660700,0,0,655.2995980000001,0
2026-03-10T04:44:35.671813,0,0,655.2995980000001,0
2026-03-10T04:44:36.678791,0,0,655.2995980000001,0
2026-03-10T04:44:37.685726,0,0,655.2995980000001,0
2026-03-10T04:44:38.691688,0,0,655.2995980000001,0
2026-03-10T04:44:39.698720,0,0,655.2995980000001,0
2026-03-10T04:44:40.704597,0,0,655.2995980000001,0
2026-03-10T04:44:41.712552,0,0,655.2995980000001,0
2026-03-10T04:44:42.718638,0,0,655.2995980000001,0
2026-03-10T04:44:43.725479,0,0,655.2995980000001,0
2026-03-10T04:44:44.732441,0,0,655.2995980000001,0
2026-03-10T04:44:45.738498,0,0,655.2995980000001,0
2026-03-10T04:44:46.745351,0,0,655.2995980000001,0
2026-03-10T04:44:47.751320,0,0,655.2995980000001,0
2026-03-10T04:44:48.759310,0,0,655.2995980000001,0
2026-03-10T04:44:49.765266,0,0,655.2995980000001,0
2026-03-10T04:44:50.772239,0,0,655.2995980000001,0
2026-03-10T04:44:51.778223,0,0,655.2995980000001,0
2026-03-10T04:44:52.785165,0,0,655.2995980000001,0
2026-03-10T04:44:53.792143,0,0,655.2995980000001,0
2026-03-10T04:44:54.798102,0,0,655.2995980000001,0
2026-03-10T04:44:55.805087,0,0,655.2995980000001,0
2026-03-10T04:44:56.811950,0,0,655.2995980000001,0
2026-03-10T04:44:57.818916,0,0,655.2995980000001,0
2026-03-10T04:44:58.824769,0,0,655.2995980000001,0
2026-03-10T04:44:59.831849,0,0,655.2995980000001,0
2026-03-10T04:45:00.838850,0,0,655.2995980000001,0
2026-03-10T04:45:01.844756,0,0,655.2995980000001,0
2026-03-10T04:45:02.851732,0,0,655.2995980000001,0
2026-03-10T04:45:03.857663,0,0,655.2995980000001,0
2026-03-10T04:45:04.865629,0,0,655.2995980000001,0
2026-03-10T04:45:05.871551,0,0,655.2995980000001,0
2026-03-10T04:45:06.878611,0,0,655.2995980000001,0
2026-03-10T04:45:07.884476,0,0,655.2995980000001,0
2026-03-10T04:45:08.891494,0,0,655.2995980000001,0
2026-03-10T04:45:10.893320,0,0,655.2995980000001,0
2026-03-10T04:45:10.904355,0,0,655.2995980000001,0
2026-03-10T04:45:11.911368,0,0,655.2995980000001,0
2026-03-10T04:45:12.918377,0,0,655.2995980000001,0
2026-03-10T04:45:13.925259,0,0,655.2995980000001,0
2026-03-10T04:45:14.931237,0,0,655.2995980000001,0
2026-03-10T04:45:15.938197,0,0,655.2995980000001,0
2026-03-10T04:45:16.944186,0,0,655.2995980000001,0
2026-03-10T04:45:18.945955,0,0,655.2995980000001,0
2026-03-10T04:45:40.367816,0,0,655.2995980000001,0
2026-03-10T04:45:41.375205,0,0,655.2995980000001,0
2026-03-10T04:45:42.379090,0,0,655.2995980000001,0
2026-03-10T04:45:44.380899,0,0,655.2995980000001,0
2026-03-10T04:45:44.393068,0,0,655.2995980000001,0
2026-03-10T04:45:45.402074,0,0,655.2995980000001,0
2026-03-10T04:45:46.408030,0,0,655.2995980000001,0
2026-03-10T04:45:47.414991,0,0,655.2995980000001,0
2026-03-10T04:45:48.421954,0,0,655.2995980000001,0
2026-03-10T04:45:49.426863,0,0,655.2995980000001,0
2026-03-10T04:45:51.428670,0,0,655.2995980000001,0
2026-03-10T04:45:51.440788,0,0,655.2995980000001,0
2026-03-10T04:45:52.447804,0,0,655.2995980000001,0
2026-03-10T04:45:53.454815,0,0,655.2995980000001,0
2026-03-10T04:45:54.461691,0,0,655.2995980000001,0
2026-03-10T04:45:55.467658,0,0,656.181624,0
2026-03-10T04:45:56.472600,0,0,655.2995980000001,0
2026-03-10T04:45:57.481670,0,0,655.2995980000001,0
2026-03-10T04:45:59.483451,0,0,655.2995980000001,0
2026-03-10T04:45:59.494553,0,0,655.2995980000001,0
2026-03-10T04:46:00.500476,0,0,655.2995980000001,0
2026-03-10T04:46:01.508457,0,0,655.2995980000001,0
2026-03-10T04:46:02.514509,0,0,655.2995980000001,0
2026-03-10T04:46:03.521372,0,0,655.2995980000001,0
2026-03-10T04:46:04.526484,0,0,655.2995980000001,0
2026-03-10T04:46:06.528354,0,0,655.2995980000001,0
2026-03-10T04:46:06.541190,0,0,655.2995980000001,0
2026-03-10T04:46:07.547224,0,0,655.2995980000001,0
2026-03-10T04:46:08.554188,0,0,655.2995980000001,0
2026-03-10T04:46:09.561156,0,0,655.2995980000001,0
2026-03-10T04:46:10.568121,0,0,655.2995980000001,0
2026-03-10T04:46:11.574070,0,0,655.2995980000001,0
2026-03-10T04:46:12.581061,0,0,655.2995980000001,0
2026-03-10T04:46:13.587970,0,0,655.2995980000001,0
2026-03-10T04:46:14.593916,0,0,655.2995980000001,0
2026-03-10T04:46:15.600881,0,0,655.2995980000001,0
2026-03-10T04:46:16.606848,0,0,655.2995980000001,0
2026-03-10T04:46:17.614859,0,0,655.2995980000001,0
2026-03-10T04:46:19.616759,0,0,655.2995980000001,0
2026-03-10T04:46:19.627695,0,0,655.2995980000001,0
2026-03-10T04:46:20.634790,0,0,655.2995980000001,0
2026-03-10T04:46:21.640701,0,0,655.2995980000001,0
2026-03-10T04:46:22.647631,0,0,655.2995980000001,0
2026-03-10T04:46:23.653565,0,0,655.2995980000001,0
2026-03-10T04:46:24.660537,0,0,655.2995980000001,0
2026-03-10T04:46:25.665492,0,0,655.2995980000001,0
2026-03-10T04:46:26.674632,0,0,655.2995980000001,0
2026-03-10T04:46:27.680471,0,0,655.2995980000001,0
2026-03-10T04:46:28.687410,0,0,655.2995980000001,0
2026-03-10T04:46:29.694484,0,0,655.2995980000001,0
2026-03-10T04:46:30.700317,0,0,655.2995980000001,0
2026-03-10T04:46:31.707281,0,0,655.2995980000001,0
2026-03-10T04:46:32.713301,0,0,655.2995980000001,0
2026-03-10T04:46:34.715108,0,0,655.2995980000001,0
2026-03-10T04:46:34.727203,0,0,655.2995980000001,0
2026-03-10T04:46:36.728979,0,0,655.2995980000001,0
2026-03-10T04:46:36.741033,0,0,655.2995980000001,0
2026-03-10T04:46:37.747046,0,0,656.181624,0
2026-03-10T04:46:38.754009,0,0,655.2995980000001,0
2026-03-10T04:46:39.759999,0,0,655.2995980000001,0
2026-03-10T04:46:40.767934,0,0,655.2995980000001,0
2026-03-10T04:46:41.773878,0,0,655.2995980000001,0
2026-03-10T04:46:42.780960,0,0,655.2995980000001,0
2026-03-10T04:46:43.785824,0,0,655.2995980000001,0
2026-03-10T04:46:44.793793,0,0,655.2995980000001,0
2026-03-10T04:46:45.800781,0,0,655.2995980000001,0
2026-03-10T04:46:46.806794,0,0,655.2995980000001,0
2026-03-10T04:46:47.813722,0,0,655.2995980000001,0
2026-03-10T04:46:48.820621,0,0,655.2995980000001,0
2026-03-10T04:46:50.822449,0,0,655.2995980000001,0
2026-03-10T04:46:50.833524,0,0,655.2995980000001,0
2026-03-10T04:46:51.840530,0,0,655.2995980000001,0
2026-03-10T04:46:52.847578,0,0,655.2995980000001,0
2026-03-10T04:46:53.853450,0,0,655.2995980000001,0
2026-03-10T04:46:54.860412,0,0,656.181624,0
2026-03-10T04:46:56.874504,0,0,655.2995980000001,0
2026-03-10T04:46:58.876249,0,0,655.2995980000001,0
2026-03-10T04:46:58.887222,0,0,655.2995980000001,0
2026-03-10T04:46:59.893263,0,0,655.2995980000001,0
2026-03-10T04:47:00.900204,0,0,655.2995980000001,0
2026-03-10T04:47:01.907181,0,0,655.2995980000001,0
2026-03-10T04:47:02.913136,0,0,655.2995980000001,0
2026-03-10T04:47:03.918178,0,0,655.2995980000001,0
2026-03-10T04:47:04.927125,0,0,655.2995980000001,0
2026-03-10T04:47:05.934045,0,0,655.2995980000001,0
2026-03-10T04:47:06.940031,0,0,655.2995980000001,0
2026-03-10T04:47:07.947005,0,0,655.2995980000001,0
2026-03-10T04:47:08.953953,0,0,655.2995980000001,0
2026-03-10T04:47:09.959928,0,0,655.2995980000001,0
2026-03-10T04:47:10.966890,0,0,655.2995980000001,0
2026-03-10T04:47:11.972867,0,0,655.2995980000001,0
2026-03-10T04:47:12.980820,0,0,655.2995980000001,0
2026-03-10T04:47:13.986719,0,0,655.2995980000001,0
2026-03-10T04:47:14.993748,0,0,655.2995980000001,0
2026-03-10T04:47:15.999705,0,0,656.181624,0
2026-03-10T04:47:17.006779,0,0,655.2995980000001,0
2026-03-10T04:47:18.011643,0,0,655.2995980000001,0
2026-03-10T04:47:19.018654,0,0,655.2995980000001,0
2026-03-10T04:47:20.027561,0,0,655.2995980000001,0
2026-03-10T04:47:21.033531,0,0,655.2995980000001,0
2026-03-10T04:47:22.040486,0,0,655.2995980000001,0
2026-03-10T04:47:23.046568,0,0,655.2995980000001,0
2026-03-10T04:47:24.053405,0,0,656.181624,0
2026-03-10T04:47:25.058506,0,0,655.2995980000001,0
2026-03-10T04:47:27.060373,0,0,655.2995980000001,0
2026-03-10T04:47:41.113348,0,0,655.2995980000001,0
2026-03-10T04:47:42.119777,0,0,655.2995980000001,0
2026-03-10T04:47:43.125713,0,0,655.2995980000001,0
2026-03-10T04:47:45.127431,0,0,655.2995980000001,0
2026-03-10T04:47:45.138580,0,0,655.2995980000001,0
2026-03-10T04:47:46.146694,0,0,655.2995980000001,0
2026-03-10T04:47:47.152586,0,0,655.2995980000001,0
2026-03-10T04:47:48.159553,0,0,656.181624,0
2026-03-10T04:47:49.166602,0,0,655.2995980000001,0
2026-03-10T04:47:50.172465,0,0,655.2995980000001,0
2026-03-10T04:47:51.179438,0,0,655.2995980000001,0
2026-03-10T04:47:52.185480,0,0,655.2995980000001,0
2026-03-10T04:47:53.192378,0,0,655.2995980000001,0
2026-03-10T04:47:54.199344,0,0,655.2995980000001,0
2026-03-10T04:47:55.206390,0,0,655.2995980000001,0
2026-03-10T04:47:56.212265,0,0,655.2995980000001,0
2026-03-10T04:47:57.219238,0,0,655.2995980000001,0
2026-03-10T04:47:58.226169,0,0,655.2995980000001,0
2026-03-10T04:47:59.232177,0,0,655.2995980000001,0
2026-03-10T04:48:00.238026,0,0,655.2995980000001,0
2026-03-10T04:48:01.245096,0,0,655.2995980000001,0
2026-03-10T04:48:02.253052,0,0,655.2995980000001,0
2026-03-10T04:48:03.259016,0,0,655.2995980000001,0
2026-03-10T04:48:04.265990,0,0,655.2995980000001,0
2026-03-10T04:48:05.273000,0,0,655.2995980000001,0
2026-03-10T04:48:07.274852,0,0,655.2995980000001,0
2026-03-10T04:48:07.285822,0,0,655.2995980000001,0
2026-03-10T04:48:08.291840,0,0,657.945676,0
2026-03-10T04:48:09.298847,0,0,655.2995980000001,0
2026-03-10T04:48:10.305781,0,0,655.2995980000001,0
2026-03-10T04:48:11.312745,0,0,655.2995980000001,0
2026-03-10T04:48:12.318748,0,0,655.2995980000001,0
2026-03-10T04:48:13.325655,0,0,655.2995980000001,0
2026-03-10T04:48:14.332650,0,0,655.2995980000001,0
2026-03-10T04:48:15.338698,0,0,655.2995980000001,0
2026-03-10T04:48:16.345515,0,0,655.2995980000001,0
2026-03-10T04:48:17.350633,0,0,656.181624,0
2026-03-10T04:48:18.359544,0,0,655.2995980000001,0
2026-03-10T04:48:19.365501,0,0,655.2995980000001,0
2026-03-10T04:48:21.367392,0,0,655.2995980000001,0
2026-03-10T04:48:21.379411,0,0,655.2995980000001,0
2026-03-10T04:48:22.385403,0,0,655.2995980000001,0
2026-03-10T04:48:23.392363,0,0,655.2995980000001,0
2026-03-10T04:48:24.398432,0,0,655.2995980000001,0
2026-03-10T04:48:25.406391,0,0,655.2995980000001,0
2026-03-10T04:48:26.412245,0,0,655.2995980000001,0
2026-03-10T04:48:27.419185,0,0,655.2995980000001,0
2026-03-10T04:48:29.421053,0,0,655.2995980000001,0
2026-03-10T04:48:29.432116,0,0,655.2995980000001,0
2026-03-10T04:48:30.439093,0,0,655.2995980000001,0
2026-03-10T04:48:31.445058,0,0,655.2995980000001,0
2026-03-10T04:48:32.452027,0,0,655.2995980000001,0
2026-03-10T04:48:33.458991,0,0,655.2995980000001,0
2026-03-10T04:48:34.465935,0,0,655.2995980000001,0
2026-03-10T04:48:35.471963,0,0,655.2995980000001,0
2026-03-10T04:48:37.473720,0,0,655.2995980000001,0
2026-03-10T04:48:37.485753,0,0,655.2995980000001,0
2026-03-10T04:48:38.491774,0,0,655.2995980000001,0
2026-03-10T04:48:39.498827,0,0,655.2995980000001,0
2026-03-10T04:48:40.504724,0,0,655.2995980000001,0
2026-03-10T04:48:41.512674,0,0,655.2995980000001,0
2026-03-10T04:48:42.518756,0,0,655.2995980000001,0
2026-03-10T04:48:44.520523,0,0,655.2995980000001,0
2026-03-10T04:48:44.531564,0,0,655.2995980000001,0
2026-03-10T04:48:45.538647,0,0,655.2995980000001,0
2026-03-10T04:48:46.545495,0,0,655.2995980000001,0
2026-03-10T04:48:47.551467,0,0,657.945676,0
2026-03-10T04:48:48.559439,0,0,655.2995980000001,0
2026-03-10T04:48:49.564456,0,0,655.2995980000001,0
2026-03-10T04:48:50.572389,0,0,655.2995980000001,0
2026-03-10T04:48:51.578482,0,0,655.2995980000001,0
2026-03-10T04:48:52.585335,0,0,655.2995980000001,0
2026-03-10T04:48:53.592297,0,0,655.2995980000001,0
2026-03-10T04:48:54.598265,0,0,655.2995980000001,0
2026-03-10T04:48:55.605233,0,0,655.2995980000001,0
2026-03-10T04:48:56.612201,0,0,655.2995980000001,0
2026-03-10T04:48:57.619201,0,0,655.2995980000001,0
2026-03-10T04:48:58.625144,0,0,655.2995980000001,0
2026-03-10T04:48:59.632098,0,0,655.2995980000001,0
2026-03-10T04:49:00.638058,0,0,655.2995980000001,0
2026-03-10T04:49:01.645044,0,0,655.2995980000001,0
2026-03-10T04:49:02.652005,0,0,655.2995980000001,0
2026-03-10T04:49:03.656014,0,0,655.2995980000001,0
2026-03-10T04:49:04.665944,0,0,655.2995980000001,0
2026-03-10T04:49:05.671907,0,0,655.2995980000001,0
2026-03-10T04:49:06.678898,0,0,655.2995980000001,0
2026-03-10T04:49:07.684846,0,0,655.2995980000001,0
2026-03-10T04:49:08.691796,0,0,655.2995980000001,0
2026-03-10T04:49:09.698820,0,0,655.2995980000001,0
2026-03-10T04:49:10.704716,0,0,655.2995980000001,0
2026-03-10T04:49:11.712784,0,0,655.2995980000001,0
2026-03-10T04:49:12.718779,0,0,655.2995980000001,0
2026-03-10T04:49:13.725652,0,0,655.2995980000001,0
2026-03-10T04:49:14.731609,0,0,655.2995980000001,0
2026-03-10T04:49:15.738653,0,0,655.2995980000001,0
2026-03-10T04:49:16.744517,0,0,655.2995980000001,0
2026-03-10T04:49:17.751503,0,0,655.2995980000001,0
2026-03-10T04:49:18.758585,0,0,655.2995980000001,0
2026-03-10T04:49:19.765402,0,0,655.2995980000001,0
2026-03-10T04:49:21.767183,0,0,655.2995980000001,0
2026-03-10T04:49:21.778271,0,0,655.2995980000001,0
2026-03-10T04:49:22.785283,0,0,655.2995980000001,0
2026-03-10T04:49:23.791239,0,0,654.4175720000001,0
2026-03-10T04:49:24.798219,0,0,655.2995980000001,0
2026-03-10T04:49:25.805191,0,0,656.181624,0
2026-03-10T04:49:26.811083,0,0,655.2995980000001,0
2026-03-10T04:49:27.819238,0,0,655.2995980000001,0
2026-03-10T04:49:28.825091,0,0,654.4175720000001,0
2026-03-10T04:49:29.832075,0,0,655.2995980000001,0
2026-03-10T04:49:30.838015,0,0,655.2995980000001,0
2026-03-10T04:49:31.845020,0,0,655.2995980000001,0
2026-03-10T04:49:32.851008,0,0,656.181624,0
2026-03-10T04:49:33.857965,0,0,655.2995980000001,0
2026-03-10T04:49:34.865918,0,0,655.2995980000001,0
2026-03-10T04:49:35.871897,0,0,655.2995980000001,0
2026-03-10T04:49:36.878867,0,0,655.2995980000001,0
2026-03-10T04:49:37.882934,0,0,655.2995980000001,0
2026-03-10T04:49:39.884842,0,0,653.5355460000001,0
2026-03-10T04:50:15.885249,0,0,655.2995980000001,0
2026-03-10T04:50:18.367552,0,0,655.2995980000001,0
2026-03-10T04:50:19.374584,0,0,655.2995980000001,0
2026-03-10T04:50:20.380409,0,0,655.2995980000001,0
2026-03-10T04:50:22.382224,0,0,655.2995980000001,0
2026-03-10T04:50:22.393336,0,0,655.2995980000001,0
2026-03-10T04:50:23.400315,0,0,655.2995980000001,0
2026-03-10T04:50:24.407296,0,0,655.2995980000001,0
2026-03-10T04:50:25.414239,0,0,655.2995980000001,0
2026-03-10T04:50:26.421212,0,0,654.4175720000001,0
2026-03-10T04:50:27.427168,0,0,655.2995980000001,0
2026-03-10T04:50:28.434152,0,0,655.2995980000001,0
2026-03-10T04:50:29.440143,0,0,655.2995980000001,0
2026-03-10T04:50:30.446091,0,0,656.181624,0
2026-03-10T04:50:31.453065,0,0,656.181624,0
2026-03-10T04:50:32.461035,0,0,655.2995980000001,0
2026-03-10T04:50:33.466985,0,0,655.2995980000001,0
2026-03-10T04:50:34.473961,0,0,655.2995980000001,0
2026-03-10T04:50:35.479944,0,0,655.2995980000001,0
2026-03-10T04:50:37.481752,0,0,655.2995980000001,0
2026-03-10T04:50:37.493844,0,0,655.2995980000001,0
2026-03-10T04:50:38.499833,0,0,654.4175720000001,0
2026-03-10T04:50:39.507803,0,0,655.2995980000001,0
2026-03-10T04:50:40.513781,0,0,655.2995980000001,0
2026-03-10T04:50:41.520751,0,0,655.2995980000001,0
2026-03-10T04:50:42.527734,0,0,655.2995980000001,0
2026-03-10T04:50:43.533701,0,0,655.2995980000001,0
2026-03-10T04:50:44.540643,0,0,655.2995980000001,0
2026-03-10T04:50:45.546674,0,0,655.2995980000001,0
2026-03-10T04:50:46.553614,0,0,655.2995980000001,0
2026-03-10T04:50:47.560581,0,0,655.2995980000001,0
2026-03-10T04:50:48.567553,0,0,655.2995980000001,0
2026-03-10T04:50:49.571466,0,0,655.2995980000001,0
2026-03-10T04:50:51.573267,0,0,655.2995980000001,0
2026-03-10T04:50:51.587402,0,0,655.2995980000001,0
2026-03-10T04:50:52.593425,0,0,655.2995980000001,0
2026-03-10T04:50:53.600404,0,0,655.2995980000001,0
2026-03-10T04:50:54.606427,0,0,655.2995980000001,0
2026-03-10T04:50:55.614390,0,0,655.2995980000001,0
2026-03-10T04:50:57.616150,0,0,655.2995980000001,0
2026-03-10T04:50:57.627194,0,0,655.2995980000001,0
2026-03-10T04:50:58.634249,0,0,655.2995980000001,0
2026-03-10T04:50:59.640188,0,0,655.2995980000001,0
2026-03-10T04:51:00.647151,0,0,655.2995980000001,0
2026-03-10T04:51:01.653092,0,0,655.2995980000001,0
2026-03-10T04:51:02.660117,0,0,655.2995980000001,0
2026-03-10T04:51:03.665090,0,0,655.2995980000001,0
2026-03-10T04:51:23.633080,0,0,655.2995980000001,0
2026-03-10T04:51:26.115380,0,0,655.2995980000001,0
2026-03-10T04:51:27.122518,0,0,655.2995980000001,0
2026-03-10T04:51:28.126388,0,0,655.2995980000001,0
2026-03-10T04:51:30.128189,0,0,655.2995980000001,0
2026-03-10T04:51:49.137182,0,0,655.2995980000001,0
2026-03-10T04:51:51.618957,0,0,655.2995980000001,0
2026-03-10T04:51:52.626653,0,0,655.2995980000001,0
2026-03-10T04:51:53.632542,0,0,655.2995980000001,0
2026-03-10T04:51:55.634496,0,0,655.2995980000001,0
2026-03-10T04:51:55.645467,0,0,655.2995980000001,0
2026-03-10T04:51:56.652489,0,0,655.2995980000001,0
2026-03-10T04:51:57.659459,0,0,655.2995980000001,0
2026-03-10T04:51:58.666464,0,0,655.2995980000001,0
2026-03-10T04:51:59.673365,0,0,656.181624,0
2026-03-10T04:52:00.679250,0,0,655.2995980000001,0
2026-03-10T04:52:01.684273,0,0,655.2995980000001,0
2026-03-10T04:52:02.692237,0,0,655.2995980000001,0
2026-03-10T04:52:03.699187,0,0,655.2995980000001,0
2026-03-10T04:52:04.705132,0,0,655.2995980000001,0
2026-03-10T04:52:05.713118,0,0,655.2995980000001,0
2026-03-10T04:52:06.719090,0,0,656.181624,0
2026-03-10T04:52:07.726069,0,0,655.2995980000001,0
2026-03-10T04:52:08.733015,0,0,655.2995980000001,0
2026-03-10T04:52:10.734783,0,0,656.181624,0
2026-03-10T04:52:10.745894,0,0,655.2995980000001,0
2026-03-10T04:52:11.751942,0,0,655.2995980000001,0
2026-03-10T04:52:12.759897,0,0,656.181624,0
2026-03-10T04:52:13.765891,0,0,655.2995980000001,0
2026-03-10T04:52:14.772864,0,0,655.2995980000001,0
2026-03-10T04:52:15.779897,0,0,655.2995980000001,0
2026-03-10T04:52:16.785860,0,0,655.2995980000001,0
2026-03-10T04:52:17.792835,0,0,654.4175720000001,0
2026-03-10T04:52:18.798842,0,0,655.2995980000001,0
2026-03-10T04:52:19.805785,0,0,655.2995980000001,0
2026-03-10T04:52:20.812770,0,0,655.2995980000001,0
2026-03-10T04:52:21.819689,0,0,655.2995980000001,0
2026-03-10T04:52:22.825689,0,0,655.2995980000001,0
2026-03-10T04:52:23.832647,0,0,655.2995980000001,0
2026-03-10T04:52:24.839643,0,0,655.2995980000001,0
2026-03-10T04:52:25.844564,0,0,655.2995980000001,0
2026-03-10T04:52:26.852567,0,0,655.2995980000001,0
2026-03-10T04:52:27.858629,0,0,655.2995980000001,0
2026-03-10T04:52:28.866600,0,0,656.181624,0
2026-03-10T04:52:29.872473,0,0,655.2995980000001,0
2026-03-10T04:52:30.879452,0,0,655.2995980000001,0
2026-03-10T04:52:31.886518,0,0,655.2995980000001,0
2026-03-10T04:52:32.892386,0,0,655.2995980000001,0
2026-03-10T04:52:33.899360,0,0,655.2995980000001,0
2026-03-10T04:52:34.905334,0,0,655.2995980000001,0
2026-03-10T04:52:35.912296,0,0,654.4175720000001,0
2026-03-10T04:52:36.919292,0,0,655.2995980000001,0
2026-03-10T04:52:37.926247,0,0,655.2995980000001,0
2026-03-10T04:52:38.932185,0,0,655.2995980000001,0
2026-03-10T04:52:39.939147,0,0,655.2995980000001,0
2026-03-10T04:52:40.946106,0,0,655.2995980000001,0
2026-03-10T04:52:41.952083,0,0,655.2995980000001,0
2026-03-10T04:52:42.959045,0,0,655.2995980000001,0
2026-03-10T04:52:43.965014,0,0,655.2995980000001,0
2026-03-10T04:52:45.966896,0,0,655.2995980000001,0
2026-03-10T04:52:45.979026,0,0,655.2995980000001,0
2026-03-10T04:52:46.985930,0,0,655.2995980000001,0
2026-03-10T04:52:47.992937,0,0,655.2995980000001,0
2026-03-10T04:52:48.998885,0,0,655.2995980000001,0
2026-03-10T04:52:50.005875,0,0,655.2995980000001,0
2026-03-10T04:52:51.011851,0,0,655.2995980000001,0
2026-03-10T04:52:52.018883,0,0,655.2995980000001,0
2026-03-10T04:52:53.025812,0,0,655.2995980000001,0
2026-03-10T04:52:54.032755,0,0,655.2995980000001,0
2026-03-10T04:52:55.038797,0,0,655.2995980000001,0
2026-03-10T04:52:56.045692,0,0,655.2995980000001,0
2026-03-10T04:52:57.052665,0,0,655.2995980000001,0
2026-03-10T04:52:58.058680,0,0,655.2995980000001,0
2026-03-10T04:52:59.065588,0,0,655.2995980000001,0
2026-03-10T04:53:00.070678,0,0,655.2995980000001,0
2026-03-10T04:53:01.079544,0,0,655.2995980000001,0
2026-03-10T04:53:02.085509,0,0,655.2995980000001,0
2026-03-10T04:53:03.092489,0,0,655.2995980000001,0
2026-03-10T04:53:04.099428,0,0,655.2995980000001,0
2026-03-10T04:53:05.105384,0,0,655.2995980000001,0
2026-03-10T04:53:06.112508,0,0,655.2995980000001,0
2026-03-10T04:53:08.114595,0,0,655.2995980000001,0
2026-03-10T04:53:08.126407,0,0,655.2995980000001,0
2026-03-10T04:53:09.132287,0,0,655.2995980000001,0
2026-03-10T04:53:10.139250,0,0,655.2995980000001,0
2026-03-10T04:53:11.145218,0,0,655.2995980000001,0
2026-03-10T04:53:12.152196,0,0,655.2995980000001,0
2026-03-10T04:53:13.159166,0,0,655.2995980000001,0
2026-03-10T04:53:14.165117,0,0,655.2995980000001,0
2026-03-10T04:53:15.172134,0,0,655.2995980000001,0
2026-03-10T04:53:16.179096,0,0,655.2995980000001,0
2026-03-10T04:53:17.186058,0,0,655.2995980000001,0
2026-03-10T04:53:18.192037,0,0,655.2995980000001,0
2026-03-10T04:53:19.198989,0,0,655.2995980000001,0
2026-03-10T04:53:20.205975,0,0,655.2995980000001,0
2026-03-10T04:53:21.211943,0,0,655.2995980000001,0
2026-03-10T04:53:22.218931,0,0,655.2995980000001,0
2026-03-10T04:53:23.224929,0,0,655.2995980000001,0
2026-03-10T04:53:24.232885,0,0,655.2995980000001,0
2026-03-10T04:53:26.234716,0,0,655.2995980000001,0
2026-03-10T04:53:26.245690,0,0,655.2995980000001,0
2026-03-10T04:53:27.251694,0,0,655.2995980000001,0
2026-03-10T04:53:28.258725,0,0,655.2995980000001,0
2026-03-10T04:53:29.265634,0,0,655.2995980000001,0
2026-03-10T04:53:30.271619,0,0,655.2995980000001,0
2026-03-10T04:53:31.278678,0,0,655.2995980000001,0
2026-03-10T04:53:32.285654,0,0,655.2995980000001,0
2026-03-10T04:53:33.292550,0,0,655.2995980000001,0
2026-03-10T04:53:34.298626,0,0,655.2995980000001,0
2026-03-10T04:53:35.305507,0,0,655.2995980000001,0
2026-03-10T04:53:36.312449,0,0,655.2995980000001,0
2026-03-10T04:53:37.318502,0,0,655.2995980000001,0
2026-03-10T04:53:38.325374,0,0,655.2995980000001,0
2026-03-10T04:53:39.331363,0,0,655.2995980000001,0
2026-03-10T04:53:40.339331,0,0,656.181624,0
2026-03-10T04:53:41.345337,0,0,655.2995980000001,0
2026-03-10T04:53:43.347148,0,0,655.2995980000001,0
2026-03-10T04:53:43.358212,0,0,655.2995980000001,0
2026-03-10T04:53:44.365197,0,0,655.2995980000001,0
2026-03-10T04:53:45.372173,0,0,655.2995980000001,0
2026-03-10T04:53:46.378159,0,0,655.2995980000001,0
2026-03-10T04:53:47.385100,0,0,655.2995980000001,0
2026-03-10T04:53:48.392115,0,0,655.2995980000001,0
2026-03-10T04:53:49.399167,0,0,655.2995980000001,0
2026-03-10T04:53:51.400964,0,0,655.2995980000001,0
2026-03-10T04:54:35.133282,0,0,655.2995980000001,0
2026-03-10T04:54:37.615696,0,0,655.2995980000001,0
2026-03-10T04:54:38.622697,0,0,655.2995980000001,0
2026-03-10T04:54:39.627607,0,0,655.2995980000001,0
2026-03-10T04:54:40.635650,0,0,655.2995980000001,0
2026-03-10T04:54:41.641587,0,0,655.2995980000001,0
2026-03-10T04:54:42.648584,0,0,655.2995980000001,0
2026-03-10T04:54:43.655500,0,0,657.06365,0
2026-03-10T04:54:44.662590,0,0,655.2995980000001,0
2026-03-10T04:54:45.669480,0,0,655.2995980000001,0
2026-03-10T04:54:46.673465,0,0,655.2995980000001,0
2026-03-10T04:54:47.682560,0,0,655.2995980000001,0
2026-03-10T04:54:48.688458,0,0,655.2995980000001,0
2026-03-10T04:54:49.695446,0,0,655.2995980000001,0
2026-03-10T04:54:50.701389,0,0,655.2995980000001,0
2026-03-10T04:54:52.703189,0,0,654.4175720000001,0
2026-03-10T04:54:52.715204,0,0,655.2995980000001,0
2026-03-10T04:54:53.722265,0,0,655.2995980000001,0
2026-03-10T04:54:54.729239,0,0,655.2995980000001,0
2026-03-10T04:54:55.735208,0,0,655.2995980000001,0
2026-03-10T04:54:56.742141,0,0,655.2995980000001,0
2026-03-10T04:54:57.747060,0,0,655.2995980000001,0
2026-03-10T04:54:58.755225,0,0,655.2995980000001,0
2026-03-10T04:55:00.756934,0,0,655.2995980000001,0
2026-03-10T04:55:00.769018,0,0,655.2995980000001,0
2026-03-10T04:55:01.776025,0,0,655.2995980000001,0
2026-03-10T04:55:02.781991,0,0,655.2995980000001,0
2026-03-10T04:55:03.788978,0,0,655.2995980000001,0
2026-03-10T04:55:04.794969,0,0,655.2995980000001,0
2026-03-10T04:55:05.800904,0,0,655.2995980000001,0
2026-03-10T04:55:07.802776,0,0,655.2995980000001,0
2026-03-10T04:55:07.815934,0,0,655.2995980000001,0
2026-03-10T04:55:09.817738,0,0,655.2995980000001,0
2026-03-10T04:55:09.828731,0,0,655.2995980000001,0
2026-03-10T04:55:10.835755,0,0,655.2995980000001,0
2026-03-10T04:55:11.841712,0,0,655.2995980000001,0
2026-03-10T04:55:12.848690,0,0,655.2995980000001,0
2026-03-10T04:55:13.854739,0,0,655.2995980000001,0
2026-03-10T04:55:14.862750,0,0,655.2995980000001,0
2026-03-10T04:55:15.868741,0,0,655.2995980000001,0
2026-03-10T04:55:17.870636,0,0,655.2995980000001,0
2026-03-10T04:55:17.882628,0,0,655.2995980000001,0
2026-03-10T04:55:18.888538,0,0,655.2995980000001,0
2026-03-10T04:55:19.895518,0,0,655.2995980000001,0
2026-03-10T04:55:20.901572,0,0,655.2995980000001,0
2026-03-10T04:55:21.908469,0,0,655.2995980000001,0
2026-03-10T04:55:22.914552,0,0,655.2995980000001,0
2026-03-10T04:55:23.922582,0,0,655.2995980000001,0
2026-03-10T04:55:24.928401,0,0,655.2995980000001,0
2026-03-10T04:55:25.935366,0,0,655.2995980000001,0
2026-03-10T04:55:26.942419,0,0,655.2995980000001,0
2026-03-10T04:55:27.948350,0,0,655.2995980000001,0
2026-03-10T04:55:28.955301,0,0,655.2995980000001,0
2026-03-10T04:55:29.961269,0,0,655.2995980000001,0
2026-03-10T04:55:30.969257,0,0,655.2995980000001,0
2026-03-10T04:55:31.975226,0,0,655.2995980000001,0
2026-03-10T04:55:32.982214,0,0,655.2995980000001,0
2026-03-10T04:55:33.989185,0,0,655.2995980000001,0
2026-03-10T04:55:34.995133,0,0,655.2995980000001,0
2026-03-10T04:55:36.002078,0,0,655.2995980000001,0
2026-03-10T04:55:37.008061,0,0,655.2995980000001,0
2026-03-10T04:55:39.009900,0,0,655.2995980000001,0
2026-03-10T04:55:39.021919,0,0,655.2995980000001,0
2026-03-10T04:55:40.027937,0,0,655.2995980000001,0
2026-03-10T04:55:41.034914,0,0,655.2995980000001,0
2026-03-10T04:55:42.041857,0,0,654.4175720000001,0
2026-03-10T04:55:43.048868,0,0,655.2995980000001,0
2026-03-10T04:55:44.054837,0,0,655.2995980000001,0
2026-03-10T04:55:45.061945,0,0,655.2995980000001,0
2026-03-10T04:55:47.063839,0,0,655.2995980000001,0
2026-03-10T04:55:47.075774,0,0,655.2995980000001,0
2026-03-10T04:55:48.081771,0,0,655.2995980000001,0
2026-03-10T04:55:49.088742,0,0,656.181624,0
2026-03-10T04:55:50.095702,0,0,655.2995980000001,0
2026-03-10T04:55:51.101702,0,0,655.2995980000001,0
2026-03-10T04:55:52.108665,0,0,655.2995980000001,0
2026-03-10T04:55:54.110616,0,0,655.2995980000001,0
2026-03-10T04:56:13.131494,0,0,655.2995980000001,0
2026-03-10T04:56:15.613968,0,0,655.2995980000001,0
2026-03-10T04:56:16.620936,0,0,655.2995980000001,0
2026-03-10T04:56:17.626973,0,0,655.2995980000001,0
2026-03-10T04:56:19.628751,0,0,655.2995980000001,0
2026-03-10T04:56:19.639799,0,0,652.6535200000001,0
2026-03-10T04:56:20.644891,0,0,655.2995980000001,0
2026-03-10T04:56:21.653863,0,0,655.2995980000001,0
2026-03-10T04:56:22.660831,0,0,655.2995980000001,0
2026-03-10T04:56:23.667817,0,0,655.2995980000001,0
2026-03-10T04:56:24.673751,0,0,655.2995980000001,0
2026-03-10T04:56:25.679661,0,0,655.2995980000001,0
2026-03-10T04:56:26.686805,0,0,655.2995980000001,0
2026-03-10T04:56:27.693660,0,0,655.2995980000001,0
2026-03-10T04:56:28.699591,0,0,655.2995980000001,0
2026-03-10T04:56:29.707597,0,0,655.2995980000001,0
2026-03-10T04:56:30.713548,0,0,655.2995980000001,0
2026-03-10T04:56:31.720540,0,0,654.4175720000001,0
2026-03-10T04:56:32.727484,0,0,655.2995980000001,0
2026-03-10T04:56:34.729311,0,0,655.2995980000001,0
2026-03-10T04:56:34.740440,0,0,657.945676,0
2026-03-10T04:56:35.746575,0,0,655.2995980000001,0
2026-03-10T04:56:36.754525,0,0,655.2995980000001,0
2026-03-10T04:56:37.760372,0,0,655.2995980000001,0
2026-03-10T04:56:38.767369,0,0,655.2995980000001,0
2026-03-10T04:56:39.774454,0,0,655.2995980000001,0
2026-03-10T04:56:40.780280,0,0,655.2995980000001,0
2026-03-10T04:56:41.787266,0,0,655.2995980000001,0
2026-03-10T04:56:42.793221,0,0,655.2995980000001,0
2026-03-10T04:56:43.800212,0,0,655.2995980000001,0
2026-03-10T04:56:44.807199,0,0,655.2995980000001,0
2026-03-10T04:56:45.814161,0,0,655.2995980000001,0
2026-03-10T04:56:46.820079,0,0,656.181624,0
2026-03-10T04:56:47.827084,0,0,655.2995980000001,0
2026-03-10T04:56:48.834094,0,0,655.2995980000001,0
2026-03-10T04:56:49.840119,0,0,655.2995980000001,0
2026-03-10T04:56:50.847078,0,0,655.2995980000001,0
2026-03-10T04:56:51.853052,0,0,655.2995980000001,0
2026-03-10T04:56:52.860992,0,0,654.4175720000001,0
2026-03-10T04:56:53.867004,0,0,655.2995980000001,0
2026-03-10T04:56:54.874007,0,0,655.2995980000001,0
2026-03-10T04:56:56.876028,0,0,655.2995980000001,0
2026-03-10T04:56:56.886928,0,0,655.2995980000001,0
2026-03-10T04:56:58.888816,0,0,655.2995980000001,0
2026-03-10T04:56:58.899815,0,0,655.2995980000001,0
2026-03-10T04:56:59.906880,0,0,655.2995980000001,0
2026-03-10T04:57:00.913805,0,0,655.2995980000001,0
2026-03-10T04:57:01.920774,0,0,654.4175720000001,0
2026-03-10T04:57:02.926729,0,0,655.2995980000001,0
2026-03-10T04:57:03.933619,0,0,655.2995980000001,0
2026-03-10T04:57:04.940600,0,0,655.2995980000001,0
2026-03-10T04:57:05.946708,0,0,655.2995980000001,0
2026-03-10T04:57:06.953565,0,0,655.2995980000001,0
2026-03-10T04:57:07.959543,0,0,655.2995980000001,0
2026-03-10T04:57:08.967518,0,0,655.2995980000001,0
2026-03-10T04:57:09.973487,0,0,655.2995980000001,0
2026-03-10T04:57:10.980455,0,0,655.2995980000001,0
2026-03-10T04:57:11.987419,0,0,655.2995980000001,0
2026-03-10T04:57:12.993414,0,0,655.2995980000001,0
2026-03-10T04:57:14.000443,0,0,655.2995980000001,0
2026-03-10T04:57:15.006545,0,0,655.2995980000001,0
2026-03-10T04:57:16.013391,0,0,655.2995980000001,0
2026-03-10T04:57:17.020366,0,0,656.181624,0
2026-03-10T04:57:18.027343,0,0,655.2995980000001,0
2026-03-10T04:57:19.033301,0,0,655.2995980000001,0
2026-03-10T04:57:20.040265,0,0,655.2995980000001,0
2026-03-10T04:57:21.047216,0,0,655.2995980000001,0
2026-03-10T04:57:22.053167,0,0,655.2995980000001,0
2026-03-10T04:57:23.060148,0,0,655.2995980000001,0
2026-03-10T04:57:24.066125,0,0,655.2995980000001,0
2026-03-10T04:57:25.074072,0,0,655.2995980000001,0
2026-03-10T04:57:26.080057,0,0,656.181624,0
2026-03-10T04:57:27.087066,0,0,655.2995980000001,0
2026-03-10T04:57:28.094010,0,0,655.2995980000001,0
2026-03-10T04:57:29.099939,0,0,655.2995980000001,0
2026-03-10T04:57:30.106944,0,0,656.181624,0
2026-03-10T04:57:31.112888,0,0,655.2995980000001,0
2026-03-10T04:57:32.119862,0,0,657.06365,0
2026-03-10T04:57:33.126878,0,0,655.2995980000001,0
2026-03-10T04:57:34.133841,0,0,655.2995980000001,0
2026-03-10T04:57:35.139795,0,0,655.2995980000001,0
2026-03-10T04:57:36.146795,0,0,655.2995980000001,0
2026-03-10T04:57:37.153733,0,0,655.2995980000001,0
2026-03-10T04:57:38.159710,0,0,655.2995980000001,0
2026-03-10T04:57:39.166770,0,0,655.2995980000001,0
2026-03-10T04:57:40.172671,0,0,655.2995980000001,0
2026-03-10T04:57:41.180683,0,0,655.2995980000001,0
2026-03-10T04:57:42.186707,0,0,655.2995980000001,0
2026-03-10T04:57:43.193564,0,0,655.2995980000001,0
2026-03-10T04:57:44.200557,0,0,655.2995980000001,0
2026-03-10T04:57:45.206687,0,0,655.2995980000001,0
2026-03-10T04:57:46.213534,0,0,655.2995980000001,0
2026-03-10T04:57:47.219565,0,0,655.2995980000001,0
2026-03-10T04:57:48.227543,0,0,655.2995980000001,0
2026-03-10T04:57:49.233468,0,0,655.2995980000001,0
2026-03-10T04:57:50.240474,0,0,655.2995980000001,0
2026-03-10T04:57:51.246490,0,0,656.181624,0
2026-03-10T04:57:52.253394,0,0,655.2995980000001,0
2026-03-10T04:57:53.260380,0,0,657.06365,0
2026-03-10T04:57:54.266458,0,0,655.2995980000001,0
2026-03-10T04:57:55.273362,0,0,655.2995980000001,0
2026-03-10T04:57:56.280304,0,0,656.181624,0
2026-03-10T04:57:57.287298,0,0,655.2995980000001,0
2026-03-10T04:57:58.293231,0,0,655.2995980000001,0
2026-03-10T04:57:59.300236,0,0,654.4175720000001,0
2026-03-10T04:58:00.307208,0,0,655.2995980000001,0
2026-03-10T04:58:01.313189,0,0,655.2995980000001,0
2026-03-10T04:58:02.320171,0,0,655.2995980000001,0
2026-03-10T04:58:03.326120,0,0,656.181624,0
2026-03-10T04:58:04.334061,0,0,655.2995980000001,0
2026-03-10T04:58:05.340053,0,0,655.2995980000001,0
2026-03-10T04:58:06.347006,0,0,656.181624,0
2026-03-10T04:58:07.353014,0,0,655.2995980000001,0
2026-03-10T04:58:08.360987,0,0,655.2995980000001,0
2026-03-10T04:58:10.362865,0,0,655.2995980000001,0
2026-03-10T04:58:10.372902,0,0,655.2995980000001,0
2026-03-10T04:58:11.379875,0,0,655.2995980000001,0
2026-03-10T04:58:12.386889,0,0,655.2995980000001,0
2026-03-10T04:58:13.393862,0,0,655.2995980000001,0
2026-03-10T04:58:14.399835,0,0,655.2995980000001,0
2026-03-10T04:58:15.406869,0,0,655.2995980000001,0
2026-03-10T04:58:16.413813,0,0,655.2995980000001,0
2026-03-10T04:58:18.415679,0,0,655.2995980000001,0
2026-03-10T04:58:18.426803,0,0,655.2995980000001,0
2026-03-10T04:58:19.432696,0,0,655.2995980000001,0
2026-03-10T04:58:20.440644,0,0,655.2995980000001,0
2026-03-10T04:58:21.446716,0,0,655.2995980000001,0
2026-03-10T04:58:22.453591,0,0,655.2995980000001,0
2026-03-10T04:58:23.459013,0,0,655.2995980000001,0
2026-03-10T04:58:24.465483,0,0,655.2995980000001,0
2026-03-10T04:58:25.473580,0,0,655.2995980000001,0
2026-03-10T04:58:26.479512,0,0,655.2995980000001,0
2026-03-10T04:58:27.487535,0,0,655.2995980000001,0
2026-03-10T04:58:29.489507,0,0,656.181624,0
2026-03-10T04:58:29.500456,0,0,655.2995980000001,0
2026-03-10T04:58:31.502486,0,0,655.2995980000001,0
2026-03-10T04:58:31.513365,0,0,655.2995980000001,0
2026-03-10T04:58:32.520348,0,0,655.2995980000001,0
2026-03-10T04:58:33.526389,0,0,655.2995980000001,0
2026-03-10T04:58:34.533302,0,0,655.2995980000001,0
2026-03-10T04:58:35.540251,0,0,655.2995980000001,0
2026-03-10T04:58:36.547248,0,0,655.2995980000001,0
2026-03-10T04:58:38.549063,0,0,655.2995980000001,0
2026-03-10T04:58:38.560175,0,0,655.2995980000001,0
2026-03-10T04:58:39.566093,0,0,655.2995980000001,0
2026-03-10T04:58:40.572066,0,0,655.2995980000001,0
2026-03-10T04:58:41.580061,0,0,655.2995980000001,0
2026-03-10T04:58:42.586007,0,0,657.06365,0
2026-03-10T04:58:43.594019,0,0,655.2995980000001,0
2026-03-10T04:58:44.599952,0,0,655.2995980000001,0
2026-03-10T04:58:46.601704,0,0,655.2995980000001,0
2026-03-10T04:58:46.612906,0,0,655.2995980000001,0
2026-03-10T04:58:47.619940,0,0,657.06365,0
2026-03-10T04:58:48.626852,0,0,655.2995980000001,0
2026-03-10T04:58:49.632830,0,0,655.2995980000001,0
2026-03-10T04:58:50.639811,0,0,655.2995980000001,0
2026-03-10T04:58:51.646793,0,0,655.2995980000001,0
2026-03-10T04:58:53.648603,0,0,655.2995980000001,0
2026-03-10T04:58:53.659670,0,0,655.2995980000001,0
2026-03-10T04:58:54.666737,0,0,655.2995980000001,0
2026-03-10T04:58:55.672664,0,0,655.2995980000001,0
2026-03-10T04:58:56.679673,0,0,655.2995980000001,0
2026-03-10T04:58:57.686690,0,0,655.2995980000001,0
2026-03-10T04:58:58.692543,0,0,655.2995980000001,0
2026-03-10T04:58:59.700674,0,0,655.2995980000001,0
2026-03-10T04:59:00.706705,0,0,655.2995980000001,0
2026-03-10T04:59:02.708486,0,0,655.2995980000001,0
2026-03-10T04:59:02.719478,0,0,654.4175720000001,0
2026-03-10T04:59:03.726515,0,0,655.2995980000001,0
2026-03-10T04:59:04.733428,0,0,655.2995980000001,0
2026-03-10T04:59:05.739427,0,0,655.2995980000001,0
2026-03-10T04:59:06.747366,0,0,654.4175720000001,0
2026-03-10T04:59:07.753382,0,0,655.2995980000001,0
2026-03-10T04:59:08.760399,0,0,655.2995980000001,0
2026-03-10T04:59:09.766381,0,0,655.2995980000001,0
2026-03-10T04:59:10.773345,0,0,655.2995980000001,0
2026-03-10T04:59:11.779326,0,0,655.2995980000001,0
2026-03-10T04:59:12.786373,0,0,655.2995980000001,0
2026-03-10T04:59:13.793268,0,0,655.2995980000001,0
2026-03-10T04:59:14.800192,0,0,655.2995980000001,0
2026-03-10T04:59:15.807293,0,0,655.2995980000001,0
2026-03-10T04:59:16.813162,0,0,655.2995980000001,0
2026-03-10T04:59:17.820124,0,0,655.2995980000001,0
2026-03-10T04:59:18.826078,0,0,655.2995980000001,0
2026-03-10T04:59:19.833046,0,0,655.2995980000001,0
2026-03-10T04:59:20.840008,0,0,655.2995980000001,0
2026-03-10T04:59:21.845983,0,0,655.2995980000001,0
2026-03-10T04:59:22.854001,0,0,655.2995980000001,0
2026-03-10T04:59:23.859942,0,0,655.2995980000001,0
2026-03-10T04:59:24.866918,0,0,655.2995980000001,0
2026-03-10T04:59:25.872886,0,0,655.2995980000001,0
2026-03-10T04:59:26.879861,0,0,655.2995980000001,0
2026-03-10T04:59:27.885821,0,0,655.2995980000001,0
2026-03-10T04:59:28.892834,0,0,655.2995980000001,0
2026-03-10T04:59:29.899818,0,0,656.181624,0
2026-03-10T04:59:30.906822,0,0,655.2995980000001,0
2026-03-10T04:59:31.913731,0,0,655.2995980000001,0
2026-03-10T04:59:32.919697,0,0,655.2995980000001,0
2026-03-10T04:59:33.926758,0,0,655.2995980000001,0
2026-03-10T04:59:34.932649,0,0,655.2995980000001,0
2026-03-10T04:59:35.939616,0,0,655.2995980000001,0
2026-03-10T04:59:36.946702,0,0,655.2995980000001,0
2026-03-10T04:59:37.953585,0,0,655.2995980000001,0
2026-03-10T04:59:38.960545,0,0,655.2995980000001,0
2026-03-10T04:59:39.966621,0,0,655.2995980000001,0
2026-03-10T04:59:40.973374,0,0,655.2995980000001,0
2026-03-10T04:59:41.979467,0,0,655.2995980000001,0
2026-03-10T04:59:42.986573,0,0,655.2995980000001,0
2026-03-10T04:59:44.988415,0,0,655.2995980000001,0
2026-03-10T04:59:44.999384,0,0,655.2995980000001,0
2026-03-10T04:59:46.007379,0,0,655.2995980000001,0
2026-03-10T04:59:47.013351,0,0,655.2995980000001,0
2026-03-10T04:59:48.020310,0,0,655.2995980000001,0
2026-03-10T04:59:49.026271,0,0,655.2995980000001,0
2026-03-10T04:59:50.033258,0,0,655.2995980000001,0
2026-03-10T04:59:51.039249,0,0,656.181624,0
2026-03-10T04:59:52.046237,0,0,655.2995980000001,0
2026-03-10T04:59:53.053240,0,0,655.2995980000001,0
2026-03-10T04:59:54.060212,0,0,656.181624,0
2026-03-10T04:59:55.067212,0,0,655.2995980000001,0
2026-03-10T04:59:56.073182,0,0,655.2995980000001,0
2026-03-10T04:59:57.080108,0,0,655.2995980000001,0
2026-03-10T04:59:58.086114,0,0,655.2995980000001,0
2026-03-10T05:00:00.088392,0,0,655.2995980000001,0
2026-03-10T05:00:00.097088,0,0,655.2995980000001,0
2026-03-10T05:00:02.098853,0,0,655.2995980000001,0
2026-03-10T05:00:02.113954,0,0,656.181624,0
2026-03-10T05:00:03.119967,0,0,655.2995980000001,0
2026-03-10T05:00:04.126947,0,0,655.2995980000001,0
2026-03-10T05:00:05.132906,0,0,655.2995980000001,0
2026-03-10T05:00:06.139886,0,0,655.2995980000001,0
2026-03-10T05:00:07.145840,0,0,655.2995980000001,0
2026-03-10T05:00:08.152819,0,0,655.2995980000001,0
2026-03-10T05:00:09.160771,0,0,653.5355460000001,0
2026-03-10T05:00:10.166798,0,0,655.2995980000001,0
2026-03-10T05:00:11.173708,0,0,655.2995980000001,0
2026-03-10T05:00:12.179692,0,0,655.2995980000001,0
2026-03-10T05:00:13.186754,0,0,655.2995980000001,0
2026-03-10T05:00:14.192643,0,0,655.2995980000001,0
2026-03-10T05:00:16.194569,0,0,655.2995980000001,0
2026-03-10T05:00:16.205539,0,0,655.2995980000001,0
2026-03-10T05:00:17.213566,0,0,655.2995980000001,0
2026-03-10T05:00:18.220531,0,0,655.2995980000001,0
2026-03-10T05:00:19.226613,0,0,655.2995980000001,0
2026-03-10T05:00:20.233478,0,0,655.2995980000001,0
2026-03-10T05:00:21.239458,0,0,655.2995980000001,0
2026-03-10T05:00:22.246594,0,0,655.2995980000001,0
2026-03-10T05:00:23.252463,0,0,655.2995980000001,0
2026-03-10T05:00:24.260382,0,0,655.2995980000001,0
2026-03-10T05:00:25.267360,0,0,655.2995980000001,0
2026-03-10T05:00:26.273327,0,0,655.2995980000001,0
2026-03-10T05:00:27.280340,0,0,655.2995980000001,0
2026-03-10T05:00:28.286358,0,0,655.2995980000001,0
2026-03-10T05:00:29.293239,0,0,656.181624,0
2026-03-10T05:00:30.299261,0,0,655.2995980000001,0
2026-03-10T05:00:31.306205,0,0,655.2995980000001,0
2026-03-10T05:00:32.313172,0,0,655.2995980000001,0
2026-03-10T05:00:33.320146,0,0,655.2995980000001,0
2026-03-10T05:00:34.327129,0,0,655.2995980000001,0
2026-03-10T05:00:35.333096,0,0,655.2995980000001,0
2026-03-10T05:00:36.340096,0,0,655.2995980000001,0
2026-03-10T05:00:38.341978,0,0,655.2995980000001,0
2026-03-10T05:00:38.353162,0,0,655.2995980000001,0
2026-03-10T05:00:39.359054,0,0,655.2995980000001,0
2026-03-10T05:00:40.367018,0,0,655.2995980000001,0
2026-03-10T05:00:41.373990,0,0,655.2995980000001,0
2026-03-10T05:00:42.379959,0,0,655.2995980000001,0
2026-03-10T05:00:43.386917,0,0,655.2995980000001,0
2026-03-10T05:00:44.392948,0,0,655.2995980000001,0
2026-03-10T05:00:46.394746,0,0,656.181624,0
2026-03-10T05:00:46.405882,0,0,655.2995980000001,0
2026-03-10T05:00:47.413868,0,0,655.2995980000001,0
2026-03-10T05:00:48.419848,0,0,655.2995980000001,0
2026-03-10T05:00:49.426866,0,0,655.2995980000001,0
2026-03-10T05:00:50.433764,0,0,655.2995980000001,0
2026-03-10T05:00:51.439714,0,0,655.2995980000001,0
2026-03-10T05:00:52.446788,0,0,655.2995980000001,0
2026-03-10T05:00:53.452669,0,0,655.2995980000001,0
2026-03-10T05:00:54.459648,0,0,655.2995980000001,0
2026-03-10T05:00:55.466711,0,0,655.2995980000001,0
2026-03-10T05:00:56.472557,0,0,655.2995980000001,0
2026-03-10T05:00:57.480549,0,0,655.2995980000001,0
2026-03-10T05:00:58.486676,0,0,655.2995980000001,0
2026-03-10T05:01:00.488482,0,0,655.2995980000001,0
2026-03-10T05:01:00.499453,0,0,655.2995980000001,0
2026-03-10T05:01:01.506557,0,0,655.2995980000001,0
2026-03-10T05:01:02.512302,0,0,655.2995980000001,0
2026-03-10T05:01:03.520409,0,0,655.2995980000001,0
2026-03-10T05:01:04.526228,0,0,656.181624,0
2026-03-10T05:01:05.533365,0,0,655.2995980000001,0
2026-03-10T05:01:06.540349,0,0,655.2995980000001,0
2026-03-10T05:01:07.546437,0,0,655.2995980000001,0
2026-03-10T05:01:08.553257,0,0,655.2995980000001,0
2026-03-10T05:01:09.559232,0,0,655.2995980000001,0
2026-03-10T05:01:10.567197,0,0,655.2995980000001,0
2026-03-10T05:01:11.573176,0,0,655.2995980000001,0
2026-03-10T05:01:12.580142,0,0,655.2995980000001,0
2026-03-10T05:01:13.586114,0,0,655.2995980000001,0
2026-03-10T05:01:14.593122,0,0,655.2995980000001,0
2026-03-10T05:01:15.600094,0,0,655.2995980000001,0
2026-03-10T05:01:16.606070,0,0,655.2995980000001,0
2026-03-10T05:01:17.613031,0,0,655.2995980000001,0
2026-03-10T05:01:18.620027,0,0,655.2995980000001,0
2026-03-10T05:01:19.627017,0,0,655.2995980000001,0
2026-03-10T05:01:20.633132,0,0,655.2995980000001,0
2026-03-10T05:01:21.639993,0,0,654.4175720000001,0
2026-03-10T05:01:22.646960,0,0,655.2995980000001,0
2026-03-10T05:01:23.652863,0,0,655.2995980000001,0
2026-03-10T05:01:24.659842,0,0,655.2995980000001,0
2026-03-10T05:01:25.666860,0,0,655.2995980000001,0
2026-03-10T05:01:26.673793,0,0,656.181624,0
2026-03-10T05:01:27.679768,0,0,655.2995980000001,0
2026-03-10T05:01:28.686828,0,0,655.2995980000001,0
2026-03-10T05:01:29.693747,0,0,655.2995980000001,0
2026-03-10T05:01:30.698964,0,0,655.2995980000001,0
2026-03-10T05:01:31.706751,0,0,655.2995980000001,0
2026-03-10T05:01:32.712635,0,0,655.2995980000001,0
2026-03-10T05:01:33.720614,0,0,655.2995980000001,0
2026-03-10T05:01:34.726661,0,0,655.2995980000001,0
2026-03-10T05:01:35.733588,0,0,655.2995980000001,0
2026-03-10T05:01:36.739569,0,0,655.2995980000001,0
2026-03-10T05:01:37.746597,0,0,655.2995980000001,0
2026-03-10T05:01:38.753516,0,0,655.2995980000001,0
2026-03-10T05:01:39.759499,0,0,655.2995980000001,0
2026-03-10T05:01:40.767475,0,0,655.2995980000001,0
2026-03-10T05:01:41.773444,0,0,656.181624,0
2026-03-10T05:01:42.780480,0,0,655.2995980000001,0
2026-03-10T05:01:44.782257,0,0,655.2995980000001,0
2026-03-10T05:01:44.793327,0,0,655.2995980000001,0
2026-03-10T05:01:45.800343,0,0,655.2995980000001,0
2026-03-10T05:01:46.806187,0,0,655.2995980000001,0
2026-03-10T05:01:47.811180,0,0,655.2995980000001,0
