timestamp,edb_drain_state,edb_effluent_state,tank_level,flow_rate
2026-04-22T00:00:00.554738,0,0,960.480594,0
2026-04-22T00:00:01.559672,0,0,961.36262,0
2026-04-22T00:00:02.566685,0,0,960.480594,0
2026-04-22T00:00:03.573676,0,0,961.36262,0
2026-04-22T00:00:04.580695,0,0,961.36262,0
2026-04-22T00:00:05.587668,0,0,961.36262,0
2026-04-22T00:00:06.593644,0,0,961.36262,0
2026-04-22T00:00:07.600649,0,0,956.95249,0
2026-04-22T00:00:08.606664,0,0,960.480594,0
2026-04-22T00:00:09.613539,0,0,962.244646,0
2026-04-22T00:00:10.619620,0,0,966.654776,0
2026-04-22T00:00:11.626620,0,0,961.36262,0
2026-04-22T00:00:12.633616,0,0,962.244646,0
2026-04-22T00:00:13.638601,0,0,961.36262,0
2026-04-22T00:00:14.647583,0,0,962.244646,0
2026-04-22T00:00:15.653632,0,0,962.244646,0
2026-04-22T00:00:16.660620,0,0,961.36262,0
2026-04-22T00:00:17.665485,0,0,961.36262,0
2026-04-22T00:00:18.673594,0,0,962.244646,0
2026-04-22T00:00:19.680625,0,0,960.480594,0
2026-04-22T00:00:20.686594,0,0,962.244646,0
2026-04-22T00:00:21.693574,0,0,961.36262,0
2026-04-22T00:00:22.699577,0,0,961.36262,0
2026-04-22T00:00:23.707583,0,0,965.77275,0
2026-04-22T00:00:24.713545,0,0,962.244646,0
2026-04-22T00:00:25.720598,0,0,962.244646,0
2026-04-22T00:00:26.726558,0,0,960.480594,0
2026-04-22T00:00:27.733526,0,0,961.36262,0
2026-04-22T00:00:28.740581,0,0,964.008698,0
2026-04-22T00:00:29.746503,0,0,960.480594,0
2026-04-22T00:00:30.752571,0,0,961.36262,0
2026-04-22T00:00:31.759508,0,0,960.480594,0
2026-04-22T00:00:32.766484,0,0,961.36262,0
2026-04-22T00:00:33.773507,0,0,958.716542,0
2026-04-22T00:00:34.780575,0,0,962.244646,0
2026-04-22T00:00:35.787496,0,0,962.244646,0
2026-04-22T00:00:36.793483,0,0,960.480594,0
2026-04-22T00:00:37.800512,0,0,962.244646,0
2026-04-22T00:00:38.806346,0,0,961.36262,0
2026-04-22T00:00:39.813471,0,0,961.36262,0
2026-04-22T00:00:40.819451,0,0,959.598568,0
2026-04-22T00:00:41.826458,0,0,960.480594,0
2026-04-22T00:00:42.832504,0,0,961.36262,0
2026-04-22T00:00:43.840517,0,0,962.244646,0
2026-04-22T00:00:44.847419,0,0,960.480594,0
2026-04-22T00:00:45.853424,0,0,962.244646,0
2026-04-22T00:00:46.860491,0,0,962.244646,0
2026-04-22T00:00:47.865390,0,0,960.480594,0
2026-04-22T00:00:48.873383,0,0,961.36262,0
2026-04-22T00:00:49.879385,0,0,960.480594,0
2026-04-22T00:00:50.886283,0,0,961.36262,0
2026-04-22T00:00:51.893377,0,0,962.244646,0
2026-04-22T00:00:52.900454,0,0,961.36262,0
2026-04-22T00:00:53.907357,0,0,962.244646,0
2026-04-22T00:00:54.913370,0,0,959.598568,0
2026-04-22T00:00:55.920440,0,0,961.36262,0
2026-04-22T00:00:56.926343,0,0,958.716542,0
2026-04-22T00:00:57.933362,0,0,961.36262,0
2026-04-22T00:00:58.938218,0,0,962.244646,0
2026-04-22T00:00:59.945368,0,0,961.36262,0
2026-04-22T00:01:00.952222,0,0,961.36262,0
2026-04-22T00:01:01.959183,0,0,962.244646,0
2026-04-22T00:01:02.967320,0,0,961.36262,0
2026-04-22T00:01:03.973307,0,0,959.598568,0
2026-04-22T00:01:14.858694,0,0,962.244646,0
2026-04-22T00:01:17.341114,0,0,961.36262,0
2026-04-22T00:01:18.348242,0,0,961.36262,0
2026-04-22T00:01:19.354089,0,0,961.36262,0
2026-04-22T00:01:20.361077,0,0,962.244646,0
2026-04-22T00:01:21.367074,0,0,961.36262,0
2026-04-22T00:01:22.375063,0,0,960.480594,0
2026-04-22T00:01:23.381047,0,0,961.36262,0
2026-04-22T00:01:24.388181,0,0,959.598568,0
2026-04-22T00:01:25.395029,0,0,961.36262,0
2026-04-22T00:01:26.401066,0,0,961.36262,0
2026-04-22T00:01:27.408023,0,0,961.36262,0
2026-04-22T00:01:28.414006,0,0,961.36262,0
2026-04-22T00:01:29.420996,0,0,960.480594,0
2026-04-22T00:01:30.426989,0,0,961.36262,0
2026-04-22T00:01:31.432999,0,0,960.480594,0
2026-04-22T00:01:32.440987,0,0,962.244646,0
2026-04-22T00:01:33.447977,0,0,961.36262,0
2026-04-22T00:01:34.454949,0,0,962.244646,0
2026-04-22T00:01:35.460934,0,0,961.36262,0
2026-04-22T00:01:36.467946,0,0,958.716542,0
2026-04-22T00:01:46.743337,0,0,964.008698,0
2026-04-22T00:01:49.225849,0,0,961.36262,0
2026-04-22T00:01:50.232837,0,0,961.36262,0
2026-04-22T00:01:51.238821,0,0,961.36262,0
2026-04-22T00:01:52.245810,0,0,961.36262,0
2026-04-22T00:01:53.251835,0,0,961.36262,0
2026-04-22T00:01:54.258766,0,0,961.36262,0
2026-04-22T00:01:55.265750,0,0,961.36262,0
2026-04-22T00:01:56.272769,0,0,956.070464,0
2026-04-22T00:01:57.279734,0,0,961.36262,0
2026-04-22T00:01:58.285745,0,0,961.36262,0
2026-04-22T00:01:59.292732,0,0,961.36262,0
2026-04-22T00:02:00.298703,0,0,962.244646,0
2026-04-22T00:02:01.305622,0,0,961.36262,0
2026-04-22T00:02:02.311686,0,0,961.36262,0
2026-04-22T00:02:03.318727,0,0,961.36262,0
2026-04-22T00:02:04.325676,0,0,961.36262,0
2026-04-22T00:02:05.332660,0,0,961.36262,0
2026-04-22T00:02:06.339662,0,0,961.36262,0
2026-04-22T00:02:07.345633,0,0,958.716542,0
2026-04-22T00:02:08.352538,0,0,964.008698,0
2026-04-22T00:02:09.358638,0,0,962.244646,0
2026-04-22T00:02:10.365597,0,0,961.36262,0
2026-04-22T00:02:20.815035,0,0,961.36262,0
2026-04-22T00:02:23.297456,0,0,961.36262,0
2026-04-22T00:02:24.304548,0,0,961.36262,0
2026-04-22T00:02:25.310415,0,0,961.36262,0
2026-04-22T00:02:26.317408,0,0,962.244646,0
2026-04-22T00:02:27.323408,0,0,962.244646,0
2026-04-22T00:02:28.331391,0,0,961.36262,0
2026-04-22T00:02:29.337396,0,0,961.36262,0
2026-04-22T00:02:30.344482,0,0,962.244646,0
2026-04-22T00:02:31.351358,0,0,961.36262,0
2026-04-22T00:02:32.357359,0,0,963.126672,0
2026-04-22T00:02:33.364475,0,0,961.36262,0
2026-04-22T00:02:34.370360,0,0,961.36262,0
2026-04-22T00:02:35.377344,0,0,961.36262,0
2026-04-22T00:02:36.383388,0,0,961.36262,0
2026-04-22T00:02:37.390333,0,0,961.36262,0
2026-04-22T00:02:38.397313,0,0,961.36262,0
2026-04-22T00:02:39.404438,0,0,964.890724,0
2026-04-22T00:02:40.411301,0,0,961.36262,0
2026-04-22T00:02:41.417240,0,0,962.244646,0
2026-04-22T00:02:42.424294,0,0,961.36262,0
2026-04-22T00:02:43.430235,0,0,960.480594,0
2026-04-22T00:02:44.437250,0,0,961.36262,0
2026-04-22T00:02:45.443241,0,0,960.480594,0
2026-04-22T00:02:46.450222,0,0,964.890724,0
2026-04-22T00:02:47.457212,0,0,962.244646,0
2026-04-22T00:02:48.464281,0,0,961.36262,0
2026-04-22T00:02:49.471185,0,0,961.36262,0
2026-04-22T00:02:50.477175,0,0,962.244646,0
2026-04-22T00:02:51.484290,0,0,965.77275,0
2026-04-22T00:02:52.490147,0,0,961.36262,0
2026-04-22T00:02:53.497140,0,0,961.36262,0
2026-04-22T00:02:54.503143,0,0,960.480594,0
2026-04-22T00:02:55.509973,0,0,961.36262,0
2026-04-22T00:02:56.517107,0,0,965.77275,0
2026-04-22T00:02:57.523068,0,0,961.36262,0
2026-04-22T00:02:58.531032,0,0,961.36262,0
2026-04-22T00:02:59.537042,0,0,960.480594,0
2026-04-22T00:03:00.544020,0,0,961.36262,0
2026-04-22T00:03:01.550009,0,0,962.244646,0
2026-04-22T00:03:02.556997,0,0,960.480594,0
2026-04-22T00:03:03.563984,0,0,961.36262,0
2026-04-22T00:03:04.570002,0,0,961.36262,0
2026-04-22T00:03:05.576961,0,0,961.36262,0
2026-04-22T00:03:06.582971,0,0,957.834516,0
2026-04-22T00:03:07.590920,0,0,961.36262,0
2026-04-22T00:03:08.596914,0,0,961.36262,0
2026-04-22T00:03:09.603911,0,0,962.244646,0
2026-04-22T00:03:10.609888,0,0,961.36262,0
2026-04-22T00:03:11.616875,0,0,957.834516,0
2026-04-22T00:03:12.623864,0,0,961.36262,0
2026-04-22T00:03:13.629848,0,0,961.36262,0
2026-04-22T00:03:14.636834,0,0,961.36262,0
2026-04-22T00:03:25.024719,0,0,961.36262,0
2026-04-22T00:03:27.506694,0,0,961.36262,0
2026-04-22T00:03:28.513617,0,0,961.36262,0
2026-04-22T00:03:29.519670,0,0,961.36262,0
2026-04-22T00:03:30.526668,0,0,962.244646,0
2026-04-22T00:03:31.532660,0,0,962.244646,0
2026-04-22T00:03:32.539619,0,0,963.126672,0
2026-04-22T00:03:33.546580,0,0,960.480594,0
2026-04-22T00:03:34.553574,0,0,960.480594,0
2026-04-22T00:03:35.560627,0,0,961.36262,0
2026-04-22T00:03:36.566536,0,0,955.188438,0
2026-04-22T00:03:37.573570,0,0,966.654776,0
2026-04-22T00:03:38.579566,0,0,960.480594,0
2026-04-22T00:03:39.586560,0,0,961.36262,0
2026-04-22T00:03:40.592614,0,0,960.480594,0
2026-04-22T00:03:41.599555,0,0,959.598568,0
2026-04-22T00:03:42.605519,0,0,961.36262,0
2026-04-22T00:03:43.613538,0,0,961.36262,0
2026-04-22T00:03:44.620552,0,0,962.244646,0
2026-04-22T00:03:45.626503,0,0,957.834516,0
2026-04-22T00:03:46.633489,0,0,965.77275,0
2026-04-22T00:03:47.639442,0,0,961.36262,0
2026-04-22T00:03:48.646463,0,0,961.36262,0
2026-04-22T00:03:58.833022,0,0,966.654776,0
2026-04-22T00:04:01.315274,0,0,961.36262,0
2026-04-22T00:04:02.322251,0,0,956.95249,0
2026-04-22T00:04:03.328313,0,0,961.36262,0
2026-04-22T00:04:04.335237,0,0,961.36262,0
2026-04-22T00:04:05.341220,0,0,960.480594,0
2026-04-22T00:04:06.348281,0,0,961.36262,0
2026-04-22T00:04:07.355198,0,0,961.36262,0
2026-04-22T00:04:08.362176,0,0,958.716542,0
2026-04-22T00:04:09.369168,0,0,961.36262,0
2026-04-22T00:04:10.375149,0,0,961.36262,0
2026-04-22T00:04:11.382127,0,0,959.598568,0
2026-04-22T00:04:12.388199,0,0,961.36262,0
2026-04-22T00:04:13.395116,0,0,961.36262,0
2026-04-22T00:04:14.401088,0,0,962.244646,0
2026-04-22T00:04:15.408123,0,0,958.716542,0
2026-04-22T00:04:16.414071,0,0,960.480594,0
2026-04-22T00:04:17.421033,0,0,961.36262,0
2026-04-22T00:04:18.429032,0,0,961.36262,0
2026-04-22T00:04:19.435014,0,0,964.890724,0
2026-04-22T00:04:20.442009,0,0,962.244646,0
2026-04-22T00:04:30.800482,0,0,962.244646,0
2026-04-22T00:04:33.282812,0,0,961.36262,0
2026-04-22T00:04:34.289777,0,0,961.36262,0
2026-04-22T00:04:35.295765,0,0,961.36262,0
2026-04-22T00:04:36.302616,0,0,961.36262,0
2026-04-22T00:04:37.308734,0,0,960.480594,0
2026-04-22T00:04:38.315706,0,0,962.244646,0
2026-04-22T00:04:39.322669,0,0,961.36262,0
2026-04-22T00:04:40.329685,0,0,961.36262,0
2026-04-22T00:04:41.336657,0,0,962.244646,0
2026-04-22T00:04:42.342633,0,0,961.36262,0
2026-04-22T00:04:43.349645,0,0,961.36262,0
2026-04-22T00:04:44.355614,0,0,961.36262,0
2026-04-22T00:04:45.362595,0,0,962.244646,0
2026-04-22T00:04:46.368584,0,0,956.070464,0
2026-04-22T00:04:47.375571,0,0,962.244646,0
2026-04-22T00:04:48.381528,0,0,962.244646,0
2026-04-22T00:04:49.389539,0,0,957.834516,0
2026-04-22T00:04:50.396622,0,0,962.244646,0
2026-04-22T00:04:51.401501,0,0,961.36262,0
2026-04-22T00:04:52.408465,0,0,958.716542,0
2026-04-22T00:05:02.739928,0,0,961.36262,0
2026-04-22T00:05:05.222293,0,0,962.244646,0
2026-04-22T00:05:06.229253,0,0,958.716542,0
2026-04-22T00:05:07.235271,0,0,962.244646,0
2026-04-22T00:05:08.242252,0,0,961.36262,0
2026-04-22T00:05:09.248318,0,0,964.890724,0
2026-04-22T00:05:10.255232,0,0,962.244646,0
2026-04-22T00:05:11.262204,0,0,962.244646,0
2026-04-22T00:05:12.269197,0,0,966.654776,0
2026-04-22T00:05:13.276233,0,0,961.36262,0
2026-04-22T00:05:14.282162,0,0,961.36262,0
2026-04-22T00:05:15.289151,0,0,961.36262,0
2026-04-22T00:05:16.295044,0,0,962.244646,0
2026-04-22T00:05:17.302096,0,0,961.36262,0
2026-04-22T00:05:18.308161,0,0,961.36262,0
2026-04-22T00:05:19.315065,0,0,962.244646,0
2026-04-22T00:05:20.322068,0,0,959.598568,0
2026-04-22T00:05:21.329028,0,0,961.36262,0
2026-04-22T00:05:22.336020,0,0,961.36262,0
2026-04-22T00:05:23.342014,0,0,961.36262,0
2026-04-22T00:05:24.348994,0,0,957.834516,0
2026-04-22T00:05:25.354967,0,0,962.244646,0
2026-04-22T00:05:26.361984,0,0,961.36262,0
2026-04-22T00:05:27.367934,0,0,961.36262,0
2026-04-22T00:05:28.374950,0,0,961.36262,0
2026-04-22T00:05:29.381925,0,0,962.244646,0
2026-04-22T00:05:30.388904,0,0,963.126672,0
2026-04-22T00:05:31.395875,0,0,961.36262,0
2026-04-22T00:05:32.401770,0,0,961.36262,0
2026-04-22T00:05:33.408873,0,0,964.008698,0
2026-04-22T00:05:34.414827,0,0,964.008698,0
2026-04-22T00:05:35.421825,0,0,962.244646,0
2026-04-22T00:05:36.427815,0,0,961.36262,0
2026-04-22T00:05:37.434759,0,0,958.716542,0
2026-04-22T00:05:38.441772,0,0,961.36262,0
2026-04-22T00:05:39.447766,0,0,961.36262,0
2026-04-22T00:05:40.455755,0,0,961.36262,0
2026-04-22T00:05:41.461714,0,0,959.598568,0
2026-04-22T00:05:42.468673,0,0,961.36262,0
2026-04-22T00:05:43.474550,0,0,961.36262,0
2026-04-22T00:05:44.481660,0,0,961.36262,0
2026-04-22T00:05:45.488689,0,0,965.77275,0
2026-04-22T00:05:46.494607,0,0,961.36262,0
2026-04-22T00:05:47.501608,0,0,961.36262,0
2026-04-22T00:05:48.507576,0,0,961.36262,0
2026-04-22T00:05:49.515556,0,0,960.480594,0
2026-04-22T00:05:50.521558,0,0,962.244646,0
2026-04-22T00:05:51.528585,0,0,956.95249,0
2026-04-22T00:05:52.534517,0,0,962.244646,0
2026-04-22T00:05:53.541485,0,0,962.244646,0
2026-04-22T00:05:54.548569,0,0,961.36262,0
2026-04-22T00:05:55.554475,0,0,961.36262,0
2026-04-22T00:05:56.561441,0,0,961.36262,0
2026-04-22T00:05:57.567439,0,0,961.36262,0
2026-04-22T00:06:08.578758,0,0,960.480594,0
2026-04-22T00:06:11.061208,0,0,961.36262,0
2026-04-22T00:06:12.068269,0,0,961.36262,0
2026-04-22T00:06:13.074115,0,0,961.36262,0
2026-04-22T00:06:14.081081,0,0,964.008698,0
2026-04-22T00:06:15.087077,0,0,960.480594,0
2026-04-22T00:06:16.094052,0,0,961.36262,0
2026-04-22T00:06:17.101026,0,0,962.244646,0
2026-04-22T00:06:18.108025,0,0,960.480594,0
2026-04-22T00:06:19.114989,0,0,958.716542,0
2026-04-22T00:06:20.120944,0,0,961.36262,0
2026-04-22T00:06:21.127980,0,0,960.480594,0
2026-04-22T00:06:22.133945,0,0,962.244646,0
2026-04-22T00:06:23.140944,0,0,961.36262,0
2026-04-22T00:06:24.146901,0,0,964.890724,0
2026-04-22T00:06:25.153891,0,0,961.36262,0
2026-04-22T00:06:26.159880,0,0,961.36262,0
2026-04-22T00:06:27.167878,0,0,963.126672,0
2026-04-22T00:06:28.174865,0,0,960.480594,0
2026-04-22T00:06:29.180856,0,0,960.480594,0
2026-04-22T00:06:30.187799,0,0,962.244646,0
2026-04-22T00:06:31.193793,0,0,961.36262,0
2026-04-22T00:06:41.951211,0,0,961.36262,0
2026-04-22T00:06:44.433656,0,0,960.480594,0
2026-04-22T00:06:45.440635,0,0,962.244646,0
2026-04-22T00:06:46.446606,0,0,966.654776,0
2026-04-22T00:06:47.453552,0,0,960.480594,0
2026-04-22T00:06:48.458522,0,0,961.36262,0
2026-04-22T00:06:49.466517,0,0,964.890724,0
2026-04-22T00:06:50.473496,0,0,961.36262,0
2026-04-22T00:06:51.480527,0,0,961.36262,0
2026-04-22T00:06:52.487459,0,0,962.244646,0
2026-04-22T00:06:53.493440,0,0,961.36262,0
2026-04-22T00:06:54.500488,0,0,962.244646,0
2026-04-22T00:06:55.506400,0,0,961.36262,0
2026-04-22T00:06:56.513359,0,0,961.36262,0
2026-04-22T00:06:57.519383,0,0,962.244646,0
2026-04-22T00:06:58.526308,0,0,961.36262,0
2026-04-22T00:06:59.532429,0,0,964.008698,0
2026-04-22T00:07:00.540396,0,0,961.36262,0
2026-04-22T00:07:01.547312,0,0,961.36262,0
2026-04-22T00:07:02.553277,0,0,964.008698,0
2026-04-22T00:07:03.560328,0,0,962.244646,0
2026-04-22T00:07:14.012604,0,0,961.36262,0
2026-04-22T00:07:16.494976,0,0,961.36262,0
2026-04-22T00:07:17.501953,0,0,962.244646,0
2026-04-22T00:07:18.507914,0,0,960.480594,0
2026-04-22T00:07:19.514914,0,0,960.480594,0
2026-04-22T00:07:20.520890,0,0,961.36262,0
2026-04-22T00:07:21.527873,0,0,961.36262,0
2026-04-22T00:07:22.534849,0,0,964.890724,0
2026-04-22T00:07:23.540815,0,0,961.36262,0
2026-04-22T00:07:24.548833,0,0,961.36262,0
2026-04-22T00:07:25.554763,0,0,962.244646,0
2026-04-22T00:07:26.561770,0,0,961.36262,0
2026-04-22T00:07:27.567756,0,0,961.36262,0
2026-04-22T00:07:28.574739,0,0,961.36262,0
2026-04-22T00:07:29.580794,0,0,961.36262,0
2026-04-22T00:07:30.587731,0,0,962.244646,0
2026-04-22T00:07:31.593744,0,0,961.36262,0
2026-04-22T00:07:32.601700,0,0,962.244646,0
2026-04-22T00:07:33.608715,0,0,962.244646,0
2026-04-22T00:07:34.614653,0,0,962.244646,0
2026-04-22T00:07:35.621670,0,0,961.36262,0
2026-04-22T00:07:36.627622,0,0,961.36262,0
2026-04-22T00:07:37.634641,0,0,956.95249,0
2026-04-22T00:07:38.640658,0,0,961.36262,0
2026-04-22T00:07:39.647598,0,0,961.36262,0
2026-04-22T00:07:40.654580,0,0,960.480594,0
2026-04-22T00:07:41.661551,0,0,961.36262,0
2026-04-22T00:07:42.668555,0,0,961.36262,0
2026-04-22T00:07:43.674490,0,0,962.244646,0
2026-04-22T00:07:44.681463,0,0,963.126672,0
2026-04-22T00:07:45.687441,0,0,962.244646,0
2026-04-22T00:07:46.694363,0,0,961.36262,0
2026-04-22T00:07:47.700446,0,0,958.716542,0
2026-04-22T00:07:48.707320,0,0,961.36262,0
2026-04-22T00:07:49.713280,0,0,962.244646,0
2026-04-22T00:07:50.720357,0,0,962.244646,0
2026-04-22T00:07:51.728373,0,0,959.598568,0
2026-04-22T00:07:52.734235,0,0,961.36262,0
2026-04-22T00:07:53.741220,0,0,961.36262,0
2026-04-22T00:07:54.747197,0,0,964.008698,0
2026-04-22T00:07:55.754087,0,0,961.36262,0
2026-04-22T00:07:56.761154,0,0,961.36262,0
2026-04-22T00:07:57.767141,0,0,961.36262,0
2026-04-22T00:07:58.774110,0,0,965.77275,0
2026-04-22T00:07:59.780199,0,0,962.244646,0
2026-04-22T00:08:00.785137,0,0,961.36262,0
2026-04-22T00:08:01.794097,0,0,962.244646,0
2026-04-22T00:08:02.801044,0,0,961.36262,0
2026-04-22T00:08:03.807009,0,0,961.36262,0
2026-04-22T00:08:04.813996,0,0,961.36262,0
2026-04-22T00:08:05.820992,0,0,957.834516,0
2026-04-22T00:08:06.826964,0,0,961.36262,0
2026-04-22T00:08:07.833941,0,0,961.36262,0
2026-04-22T00:08:18.896605,0,0,961.36262,0
2026-04-22T00:08:21.378745,0,0,961.36262,0
2026-04-22T00:08:22.385726,0,0,960.480594,0
2026-04-22T00:08:23.391702,0,0,961.36262,0
2026-04-22T00:08:24.398697,0,0,962.244646,0
2026-04-22T00:08:25.404705,0,0,962.244646,0
2026-04-22T00:08:26.411682,0,0,960.480594,0
2026-04-22T00:08:27.418618,0,0,961.36262,0
2026-04-22T00:08:28.425618,0,0,962.244646,0
2026-04-22T00:08:29.432628,0,0,958.716542,0
2026-04-22T00:08:30.438581,0,0,962.244646,0
2026-04-22T00:08:31.445399,0,0,961.36262,0
2026-04-22T00:08:32.451491,0,0,961.36262,0
2026-04-22T00:08:33.458468,0,0,962.244646,0
2026-04-22T00:08:34.464571,0,0,961.36262,0
2026-04-22T00:08:35.471431,0,0,961.36262,0
2026-04-22T00:08:36.478404,0,0,964.008698,0
2026-04-22T00:08:37.485398,0,0,961.36262,0
2026-04-22T00:08:38.492488,0,0,964.008698,0
2026-04-22T00:08:39.498214,0,0,964.008698,0
2026-04-22T00:08:40.505300,0,0,962.244646,0
2026-04-22T00:08:41.511233,0,0,965.77275,0
2026-04-22T00:08:52.044481,0,0,961.36262,0
2026-04-22T00:08:54.526894,0,0,964.008698,0
2026-04-22T00:08:55.533866,0,0,963.126672,0
2026-04-22T00:08:56.539828,0,0,963.126672,0
2026-04-22T00:08:57.546801,0,0,963.126672,0
2026-04-22T00:08:58.552904,0,0,963.126672,0
2026-04-22T00:08:59.559759,0,0,962.244646,0
2026-04-22T00:09:00.566932,0,0,962.244646,0
2026-04-22T00:09:01.573863,0,0,961.36262,0
2026-04-22T00:09:02.580833,0,0,961.36262,0
2026-04-22T00:09:03.586852,0,0,962.244646,0
2026-04-22T00:09:04.591771,0,0,961.36262,0
2026-04-22T00:09:05.599756,0,0,962.244646,0
2026-04-22T00:09:06.606777,0,0,964.890724,0
2026-04-22T00:09:07.612767,0,0,961.36262,0
2026-04-22T00:09:08.619751,0,0,961.36262,0
2026-04-22T00:09:09.625727,0,0,962.244646,0
2026-04-22T00:09:10.633665,0,0,956.95249,0
2026-04-22T00:09:11.640682,0,0,961.36262,0
2026-04-22T00:09:12.646513,0,0,962.244646,0
2026-04-22T00:09:13.653605,0,0,961.36262,0
2026-04-22T00:09:24.091957,0,0,964.008698,0
2026-04-22T00:09:26.574358,0,0,961.36262,0
2026-04-22T00:09:27.581336,0,0,961.36262,0
2026-04-22T00:09:28.587315,0,0,964.890724,0
2026-04-22T00:09:29.594298,0,0,962.244646,0
2026-04-22T00:09:30.600395,0,0,961.36262,0
2026-04-22T00:09:31.607211,0,0,961.36262,0
2026-04-22T00:09:32.614234,0,0,960.480594,0
2026-04-22T00:09:33.620779,0,0,961.36262,0
2026-04-22T00:09:34.628347,0,0,961.36262,0
2026-04-22T00:09:35.634173,0,0,961.36262,0
2026-04-22T00:09:36.641122,0,0,959.598568,0
2026-04-22T00:09:37.647127,0,0,961.36262,0
2026-04-22T00:09:38.654072,0,0,961.36262,0
2026-04-22T00:09:39.660134,0,0,962.244646,0
2026-04-22T00:09:40.667023,0,0,961.36262,0
2026-04-22T00:09:41.672997,0,0,956.95249,0
2026-04-22T00:09:42.680954,0,0,961.36262,0
2026-04-22T00:09:43.687949,0,0,962.244646,0
2026-04-22T00:09:44.693934,0,0,961.36262,0
2026-04-22T00:09:45.700906,0,0,960.480594,0
2026-04-22T00:09:46.706883,0,0,961.36262,0
2026-04-22T00:09:57.598414,0,0,959.598568,0
2026-04-22T00:10:00.080626,0,0,962.244646,0
2026-04-22T00:10:01.087561,0,0,961.36262,0
2026-04-22T00:10:02.093552,0,0,960.480594,0
2026-04-22T00:10:03.100591,0,0,961.36262,0
2026-04-22T00:10:04.106380,0,0,962.244646,0
2026-04-22T00:10:05.114495,0,0,962.244646,0
2026-04-22T00:10:06.120537,0,0,961.36262,0
2026-04-22T00:10:07.127476,0,0,961.36262,0
2026-04-22T00:10:08.134459,0,0,960.480594,0
2026-04-22T00:10:09.140443,0,0,959.598568,0
2026-04-22T00:10:10.147408,0,0,961.36262,0
2026-04-22T00:10:11.153362,0,0,961.36262,0
2026-04-22T00:10:12.160450,0,0,961.36262,0
2026-04-22T00:10:13.166309,0,0,965.77275,0
2026-04-22T00:10:14.173298,0,0,962.244646,0
2026-04-22T00:10:15.179283,0,0,962.244646,0
2026-04-22T00:10:16.187250,0,0,959.598568,0
2026-04-22T00:10:17.194233,0,0,963.126672,0
2026-04-22T00:10:18.200332,0,0,960.480594,0
2026-04-22T00:10:19.207182,0,0,962.244646,0
2026-04-22T00:10:20.213169,0,0,961.36262,0
2026-04-22T00:10:30.539387,0,0,961.36262,0
2026-04-22T00:10:33.021870,0,0,961.36262,0
2026-04-22T00:10:34.028860,0,0,961.36262,0
2026-04-22T00:10:35.034833,0,0,961.36262,0
2026-04-22T00:10:36.041795,0,0,961.36262,0
2026-04-22T00:10:37.047772,0,0,964.008698,0
2026-04-22T00:10:38.054758,0,0,961.36262,0
2026-04-22T00:10:39.061730,0,0,961.36262,0
2026-04-22T00:10:40.068702,0,0,962.244646,0
2026-04-22T00:10:41.075680,0,0,965.77275,0
2026-04-22T00:10:42.081665,0,0,961.36262,0
2026-04-22T00:10:43.088649,0,0,962.244646,0
2026-04-22T00:10:44.094614,0,0,961.36262,0
2026-04-22T00:10:45.101601,0,0,958.716542,0
2026-04-22T00:10:46.107579,0,0,962.244646,0
2026-04-22T00:10:47.114547,0,0,962.244646,0
2026-04-22T00:10:48.120581,0,0,962.244646,0
2026-04-22T00:10:49.128588,0,0,962.244646,0
2026-04-22T00:10:50.135490,0,0,961.36262,0
2026-04-22T00:10:51.141457,0,0,961.36262,0
2026-04-22T00:10:52.148486,0,0,962.244646,0
2026-04-22T00:10:53.154407,0,0,958.716542,0
2026-04-22T00:10:54.161403,0,0,962.244646,0
2026-04-22T00:10:55.167365,0,0,962.244646,0
2026-04-22T00:10:56.174346,0,0,961.36262,0
2026-04-22T00:10:57.181327,0,0,961.36262,0
2026-04-22T00:10:58.188398,0,0,962.244646,0
2026-04-22T00:10:59.195305,0,0,961.36262,0
2026-04-22T00:11:00.201247,0,0,960.480594,0
2026-04-22T00:11:01.208290,0,0,962.244646,0
2026-04-22T00:11:02.214233,0,0,961.36262,0
2026-04-22T00:11:03.221204,0,0,962.244646,0
2026-04-22T00:11:04.227170,0,0,958.716542,0
2026-04-22T00:11:05.234150,0,0,961.36262,0
2026-04-22T00:11:06.241137,0,0,961.36262,0
2026-04-22T00:11:07.247105,0,0,961.36262,0
2026-04-22T00:11:08.255099,0,0,959.598568,0
2026-04-22T00:11:09.261089,0,0,963.126672,0
2026-04-22T00:11:10.268153,0,0,961.36262,0
2026-04-22T00:11:11.274038,0,0,961.36262,0
2026-04-22T00:11:12.281017,0,0,961.36262,0
2026-04-22T00:11:13.287977,0,0,963.126672,0
2026-04-22T00:11:14.293980,0,0,961.36262,0
2026-04-22T00:11:15.300966,0,0,962.244646,0
2026-04-22T00:11:16.306925,0,0,962.244646,0
2026-04-22T00:11:17.313867,0,0,961.36262,0
2026-04-22T00:11:18.320872,0,0,962.244646,0
2026-04-22T00:11:19.327810,0,0,961.36262,0
2026-04-22T00:11:20.333819,0,0,961.36262,0
2026-04-22T00:11:21.340820,0,0,961.36262,0
2026-04-22T00:11:22.347782,0,0,962.244646,0
2026-04-22T00:11:23.353748,0,0,961.36262,0
2026-04-22T00:11:24.360734,0,0,961.36262,0
2026-04-22T00:11:25.366692,0,0,962.244646,0
2026-04-22T00:11:26.373681,0,0,956.95249,0
2026-04-22T00:11:27.379687,0,0,962.244646,0
2026-04-22T00:11:28.387640,0,0,961.36262,0
2026-04-22T00:11:29.394632,0,0,961.36262,0
2026-04-22T00:11:30.400618,0,0,964.890724,0
2026-04-22T00:11:31.407596,0,0,962.244646,0
2026-04-22T00:11:32.412720,0,0,962.244646,0
2026-04-22T00:11:33.420574,0,0,961.36262,0
2026-04-22T00:11:34.426507,0,0,960.480594,0
2026-04-22T00:11:35.433478,0,0,962.244646,0
2026-04-22T00:11:36.439468,0,0,961.36262,0
2026-04-22T00:11:37.446466,0,0,956.95249,0
2026-04-22T00:11:38.454450,0,0,960.480594,0
2026-04-22T00:11:39.460478,0,0,961.36262,0
2026-04-22T00:11:40.467361,0,0,959.598568,0
2026-04-22T00:11:41.473328,0,0,961.36262,0
2026-04-22T00:11:42.480410,0,0,961.36262,0
2026-04-22T00:11:43.486309,0,0,961.36262,0
2026-04-22T00:11:44.493293,0,0,961.36262,0
2026-04-22T00:11:45.500355,0,0,961.36262,0
2026-04-22T00:11:46.506242,0,0,962.244646,0
2026-04-22T00:11:47.514195,0,0,961.36262,0
2026-04-22T00:11:48.520278,0,0,961.36262,0
2026-04-22T00:11:49.526148,0,0,966.654776,0
2026-04-22T00:11:50.533140,0,0,961.36262,0
2026-04-22T00:11:51.540188,0,0,962.244646,0
2026-04-22T00:11:52.546084,0,0,962.244646,0
2026-04-22T00:11:53.553045,0,0,961.36262,0
2026-04-22T00:11:54.560181,0,0,962.244646,0
2026-04-22T00:11:55.566104,0,0,964.008698,0
2026-04-22T00:11:56.573068,0,0,960.480594,0
2026-04-22T00:11:57.580044,0,0,964.890724,0
2026-04-22T00:12:07.754210,0,0,962.244646,0
2026-04-22T00:12:10.236689,0,0,961.36262,0
2026-04-22T00:12:11.243645,0,0,961.36262,0
2026-04-22T00:12:12.249609,0,0,961.36262,0
2026-04-22T00:12:13.256617,0,0,960.480594,0
2026-04-22T00:12:14.262564,0,0,962.244646,0
2026-04-22T00:12:15.269538,0,0,965.77275,0
2026-04-22T00:12:16.276558,0,0,961.36262,0
2026-04-22T00:12:17.283528,0,0,961.36262,0
2026-04-22T00:12:18.290503,0,0,961.36262,0
2026-04-22T00:12:19.296530,0,0,961.36262,0
2026-04-22T00:12:20.303433,0,0,960.480594,0
2026-04-22T00:12:21.309417,0,0,962.244646,0
2026-04-22T00:12:22.316466,0,0,961.36262,0
2026-04-22T00:12:23.322363,0,0,961.36262,0
2026-04-22T00:12:24.329345,0,0,965.77275,0
2026-04-22T00:12:25.335360,0,0,961.36262,0
2026-04-22T00:12:26.343328,0,0,961.36262,0
2026-04-22T00:12:27.350317,0,0,961.36262,0
2026-04-22T00:12:28.356441,0,0,960.480594,0
2026-04-22T00:12:29.363289,0,0,961.36262,0
2026-04-22T00:12:30.369248,0,0,961.36262,0
2026-04-22T00:12:31.376411,0,0,961.36262,0
2026-04-22T00:12:32.382222,0,0,962.244646,0
2026-04-22T00:12:33.389196,0,0,961.36262,0
2026-04-22T00:12:34.396302,0,0,961.36262,0
2026-04-22T00:12:35.402126,0,0,961.36262,0
2026-04-22T00:12:36.410090,0,0,961.36262,0
2026-04-22T00:12:37.416234,0,0,962.244646,0
2026-04-22T00:12:38.423064,0,0,962.244646,0
2026-04-22T00:12:39.429048,0,0,960.480594,0
2026-04-22T00:12:40.436034,0,0,961.36262,0
2026-04-22T00:12:41.441984,0,0,962.244646,0
2026-04-22T00:12:42.448967,0,0,960.480594,0
2026-04-22T00:12:43.455933,0,0,957.834516,0
2026-04-22T00:12:44.461905,0,0,962.244646,0
2026-04-22T00:12:45.469902,0,0,961.36262,0
2026-04-22T00:12:46.475867,0,0,962.244646,0
2026-04-22T00:12:47.482841,0,0,965.77275,0
2026-04-22T00:12:48.488836,0,0,961.36262,0
2026-04-22T00:12:49.495783,0,0,961.36262,0
2026-04-22T00:12:50.502797,0,0,961.36262,0
2026-04-22T00:12:51.508788,0,0,962.244646,0
2026-04-22T00:12:52.515735,0,0,960.480594,0
2026-04-22T00:12:53.521755,0,0,962.244646,0
2026-04-22T00:12:54.528714,0,0,962.244646,0
2026-04-22T00:12:55.534694,0,0,961.36262,0
2026-04-22T00:12:56.542660,0,0,962.244646,0
2026-04-22T00:12:57.548691,0,0,956.95249,0
2026-04-22T00:12:58.555625,0,0,962.244646,0
2026-04-22T00:12:59.562599,0,0,961.36262,0
2026-04-22T00:13:00.568625,0,0,962.244646,0
2026-04-22T00:13:01.575532,0,0,958.716542,0
2026-04-22T00:13:02.581519,0,0,961.36262,0
2026-04-22T00:13:03.588608,0,0,961.36262,0
2026-04-22T00:13:13.797679,0,0,961.36262,0
2026-04-22T00:13:16.280264,0,0,961.36262,0
2026-04-22T00:13:17.287073,0,0,961.36262,0
2026-04-22T00:13:18.293065,0,0,959.598568,0
2026-04-22T00:13:19.300019,0,0,962.244646,0
2026-04-22T00:13:20.306012,0,0,958.716542,0
2026-04-22T00:13:21.312980,0,0,961.36262,0
2026-04-22T00:13:22.319966,0,0,959.598568,0
2026-04-22T00:13:23.326926,0,0,961.36262,0
2026-04-22T00:13:24.333909,0,0,960.480594,0
2026-04-22T00:13:25.339886,0,0,961.36262,0
2026-04-22T00:13:26.346859,0,0,961.36262,0
2026-04-22T00:13:27.352837,0,0,961.36262,0
2026-04-22T00:13:28.359815,0,0,958.716542,0
2026-04-22T00:13:29.365800,0,0,961.36262,0
2026-04-22T00:13:30.372781,0,0,962.244646,0
2026-04-22T00:13:31.378733,0,0,961.36262,0
2026-04-22T00:13:32.386710,0,0,962.244646,0
2026-04-22T00:13:33.393676,0,0,957.834516,0
2026-04-22T00:13:34.399584,0,0,961.36262,0
2026-04-22T00:13:35.406656,0,0,961.36262,0
2026-04-22T00:13:46.266941,0,0,966.654776,0
2026-04-22T00:13:48.749403,0,0,961.36262,0
2026-04-22T00:13:49.756432,0,0,961.36262,0
2026-04-22T00:13:50.762344,0,0,962.244646,0
2026-04-22T00:13:51.769330,0,0,961.36262,0
2026-04-22T00:13:52.775276,0,0,961.36262,0
2026-04-22T00:13:53.782211,0,0,962.244646,0
2026-04-22T00:13:54.789214,0,0,961.36262,0
2026-04-22T00:13:55.796266,0,0,961.36262,0
2026-04-22T00:13:56.803050,0,0,965.77275,0
2026-04-22T00:13:57.809176,0,0,961.36262,0
2026-04-22T00:13:58.816305,0,0,960.480594,0
2026-04-22T00:13:59.822134,0,0,961.36262,0
2026-04-22T00:14:00.829079,0,0,960.480594,0
2026-04-22T00:14:01.835063,0,0,961.36262,0
2026-04-22T00:14:02.842059,0,0,960.480594,0
2026-04-22T00:14:03.848112,0,0,961.36262,0
2026-04-22T00:14:04.855956,0,0,961.36262,0
2026-04-22T00:14:05.862947,0,0,961.36262,0
2026-04-22T00:14:06.868919,0,0,961.36262,0
2026-04-22T00:14:07.875898,0,0,962.244646,0
2026-04-22T00:14:08.881872,0,0,961.36262,0
2026-04-22T00:14:09.888834,0,0,961.36262,0
2026-04-22T00:14:10.894820,0,0,960.480594,0
2026-04-22T00:14:11.901829,0,0,961.36262,0
2026-04-22T00:14:12.908779,0,0,961.36262,0
2026-04-22T00:14:13.915746,0,0,961.36262,0
2026-04-22T00:14:14.922722,0,0,961.36262,0
2026-04-22T00:14:15.927695,0,0,962.244646,0
2026-04-22T00:14:16.935708,0,0,961.36262,0
2026-04-22T00:14:17.941655,0,0,961.36262,0
2026-04-22T00:14:18.948683,0,0,962.244646,0
2026-04-22T00:14:19.954612,0,0,962.244646,0
2026-04-22T00:14:20.961547,0,0,961.36262,0
2026-04-22T00:14:21.968623,0,0,964.890724,0
2026-04-22T00:14:22.974523,0,0,961.36262,0
2026-04-22T00:14:23.982491,0,0,962.244646,0
2026-04-22T00:14:24.988566,0,0,962.244646,0
2026-04-22T00:14:25.995455,0,0,960.480594,0
2026-04-22T00:14:27.001419,0,0,964.008698,0
2026-04-22T00:14:28.008461,0,0,960.480594,0
2026-04-22T00:14:29.015376,0,0,961.36262,0
2026-04-22T00:14:30.021351,0,0,961.36262,0
2026-04-22T00:14:31.028429,0,0,962.244646,0
2026-04-22T00:14:32.034296,0,0,960.480594,0
2026-04-22T00:14:33.041278,0,0,962.244646,0
2026-04-22T00:14:34.048338,0,0,962.244646,0
2026-04-22T00:14:35.055221,0,0,957.834516,0
2026-04-22T00:14:36.061194,0,0,962.244646,0
2026-04-22T00:14:37.068279,0,0,961.36262,0
2026-04-22T00:14:38.075145,0,0,961.36262,0
2026-04-22T00:14:39.081129,0,0,964.890724,0
2026-04-22T00:14:40.088149,0,0,961.36262,0
2026-04-22T00:14:41.094066,0,0,962.244646,0
2026-04-22T00:14:54.012522,0,0,961.36262,0
2026-04-22T00:14:55.018709,0,0,958.716542,0
2026-04-22T00:14:56.023638,0,0,962.244646,0
2026-04-22T00:14:57.031681,0,0,961.36262,0
2026-04-22T00:14:58.037653,0,0,962.244646,0
2026-04-22T00:14:59.044662,0,0,962.244646,0
2026-04-22T00:15:00.051596,0,0,958.716542,0
2026-04-22T00:15:01.058548,0,0,963.126672,0
2026-04-22T00:15:02.065563,0,0,961.36262,0
2026-04-22T00:15:03.071539,0,0,961.36262,0
2026-04-22T00:15:04.078516,0,0,960.480594,0
2026-04-22T00:15:05.084534,0,0,960.480594,0
2026-04-22T00:15:06.091419,0,0,961.36262,0
2026-04-22T00:15:07.097373,0,0,961.36262,0
2026-04-22T00:15:08.104453,0,0,965.77275,0
2026-04-22T00:15:09.110349,0,0,961.36262,0
2026-04-22T00:15:10.118293,0,0,961.36262,0
2026-04-22T00:15:11.125310,0,0,962.244646,0
2026-04-22T00:15:12.131285,0,0,962.244646,0
2026-04-22T00:15:13.137225,0,0,956.95249,0
2026-04-22T00:15:14.144323,0,0,962.244646,0
2026-04-22T00:15:25.048534,0,0,962.244646,0
2026-04-22T00:15:27.530925,0,0,961.36262,0
2026-04-22T00:15:28.537855,0,0,961.36262,0
2026-04-22T00:15:29.543831,0,0,967.536802,0
2026-04-22T00:15:30.550820,0,0,961.36262,0
2026-04-22T00:15:31.556833,0,0,961.36262,0
2026-04-22T00:15:32.563809,0,0,961.36262,0
2026-04-22T00:15:33.570815,0,0,959.598568,0
2026-04-22T00:15:34.577739,0,0,962.244646,0
2026-04-22T00:15:35.584748,0,0,961.36262,0
2026-04-22T00:15:36.590712,0,0,961.36262,0
2026-04-22T00:15:37.597725,0,0,957.834516,0
2026-04-22T00:15:38.603661,0,0,961.36262,0
2026-04-22T00:15:39.610666,0,0,961.36262,0
2026-04-22T00:15:40.616659,0,0,962.244646,0
2026-04-22T00:15:41.623607,0,0,961.36262,0
2026-04-22T00:15:42.629530,0,0,958.716542,0
2026-04-22T00:15:43.636689,0,0,961.36262,0
2026-04-22T00:15:44.644513,0,0,962.244646,0
2026-04-22T00:15:45.650436,0,0,962.244646,0
2026-04-22T00:15:46.657410,0,0,960.480594,0
2026-04-22T00:15:47.663396,0,0,960.480594,0
2026-04-22T00:15:48.670339,0,0,962.244646,0
2026-04-22T00:15:49.676417,0,0,961.36262,0
2026-04-22T00:15:50.683315,0,0,962.244646,0
2026-04-22T00:15:51.690295,0,0,961.36262,0
2026-04-22T00:15:52.697271,0,0,961.36262,0
2026-04-22T00:15:53.704330,0,0,962.244646,0
2026-04-22T00:15:54.710186,1,0,963.126672,0
2026-04-22T00:15:55.717196,0,0,963.126672,0
2026-04-22T00:15:56.723170,0,0,963.126672,0
2026-04-22T00:15:57.730118,0,0,964.008698,0
2026-04-22T00:15:58.736180,0,0,963.126672,0
2026-04-22T00:15:59.743092,0,0,960.480594,0
2026-04-22T00:16:00.749030,0,0,961.36262,0
2026-04-22T00:16:01.756037,0,0,967.536802,0
2026-04-22T00:16:02.764026,0,0,964.008698,0
2026-04-22T00:16:03.769952,0,0,962.244646,0
2026-04-22T00:16:04.776931,0,0,964.008698,0
2026-04-22T00:16:05.782893,0,0,961.36262,0
2026-04-22T00:16:06.789861,0,0,963.126672,0
2026-04-22T00:16:07.796861,0,0,964.008698,0
2026-04-22T00:16:08.802827,0,0,964.008698,0
2026-04-22T00:16:09.809795,0,0,964.890724,0
2026-04-22T00:16:10.815771,0,0,963.126672,0
2026-04-22T00:16:11.822723,0,0,964.008698,0
2026-04-22T00:16:12.828719,0,0,964.008698,0
2026-04-22T00:16:13.836704,0,0,964.008698,0
2026-04-22T00:16:14.842657,0,0,964.008698,0
2026-04-22T00:16:15.849650,0,0,963.126672,0
2026-04-22T00:16:16.856626,0,0,963.126672,0
2026-04-22T00:16:17.861567,0,0,964.008698,0
2026-04-22T00:16:18.869550,0,0,963.126672,0
2026-04-22T00:16:29.187764,0,0,960.480594,0
2026-04-22T00:16:31.670226,0,0,961.36262,0
2026-04-22T00:16:32.677241,0,0,960.480594,0
2026-04-22T00:16:33.683246,0,0,964.008698,0
2026-04-22T00:16:34.690203,0,0,961.36262,0
2026-04-22T00:16:35.696300,0,0,961.36262,0
2026-04-22T00:16:36.702103,0,0,963.126672,0
2026-04-22T00:16:37.708224,0,0,961.36262,0
2026-04-22T00:16:38.717066,0,0,962.244646,0
2026-04-22T00:16:39.724215,0,0,962.244646,0
2026-04-22T00:16:40.730037,0,0,959.598568,0
2026-04-22T00:16:41.737006,0,0,962.244646,0
2026-04-22T00:16:42.742988,0,0,962.244646,0
2026-04-22T00:16:43.749967,0,0,961.36262,0
2026-04-22T00:16:44.755941,0,0,964.008698,0
2026-04-22T00:16:45.762873,0,0,963.126672,0
2026-04-22T00:16:46.768852,0,0,960.480594,0
2026-04-22T00:16:47.776829,0,0,961.36262,0
2026-04-22T00:16:48.783788,0,0,965.77275,0
2026-04-22T00:16:49.789792,0,0,961.36262,0
2026-04-22T00:16:50.796753,0,0,962.244646,0
2026-04-22T00:17:01.649913,0,0,962.244646,0
2026-04-22T00:17:04.132443,0,0,961.36262,0
2026-04-22T00:17:05.139377,0,0,961.36262,0
2026-04-22T00:17:06.145355,0,0,962.244646,0
2026-04-22T00:17:07.152385,0,0,961.36262,0
2026-04-22T00:17:08.158312,0,0,964.890724,0
2026-04-22T00:17:09.166253,0,0,962.244646,0
2026-04-22T00:17:10.172294,0,0,961.36262,0
2026-04-22T00:17:11.179216,0,0,961.36262,0
2026-04-22T00:17:12.186169,0,0,965.77275,0
2026-04-22T00:17:13.192222,0,0,961.36262,0
2026-04-22T00:17:14.199135,0,0,961.36262,0
2026-04-22T00:17:15.205099,0,0,962.244646,0
2026-04-22T00:17:16.212160,0,0,961.36262,0
2026-04-22T00:17:17.218065,0,0,965.77275,0
2026-04-22T00:17:18.225046,0,0,961.36262,0
2026-04-22T00:17:19.231020,0,0,959.598568,0
2026-04-22T00:17:20.238980,0,0,962.244646,0
2026-04-22T00:17:21.245949,0,0,964.890724,0
2026-04-22T00:17:22.251942,0,0,960.480594,0
2026-04-22T00:17:23.258915,0,0,961.36262,0
2026-04-22T00:17:24.264893,0,0,961.36262,0
2026-04-22T00:17:34.747062,0,0,961.36262,0
2026-04-22T00:17:37.229532,0,0,957.834516,0
2026-04-22T00:17:38.236559,0,0,962.244646,0
2026-04-22T00:17:39.242475,0,0,961.36262,0
2026-04-22T00:17:40.249455,0,0,961.36262,0
2026-04-22T00:17:41.255424,0,0,961.36262,0
2026-04-22T00:17:42.262400,0,0,961.36262,0
2026-04-22T00:17:43.269377,0,0,962.244646,0
2026-04-22T00:17:44.276404,0,0,960.480594,0
2026-04-22T00:17:45.283327,0,0,961.36262,0
2026-04-22T00:17:46.289299,0,0,961.36262,0
2026-04-22T00:17:47.296356,0,0,964.890724,0
2026-04-22T00:17:48.302238,0,0,960.480594,0
2026-04-22T00:17:49.309229,0,0,959.598568,0
2026-04-22T00:17:50.315191,0,0,961.36262,0
2026-04-22T00:17:51.322172,0,0,962.244646,0
2026-04-22T00:17:52.328224,0,0,961.36262,0
2026-04-22T00:17:53.336188,0,0,964.890724,0
2026-04-22T00:17:54.343090,0,0,961.36262,0
2026-04-22T00:17:55.349070,0,0,962.244646,0
2026-04-22T00:17:56.356127,0,0,961.36262,0
2026-04-22T00:18:07.655310,0,0,962.244646,0
2026-04-22T00:18:10.137691,0,0,960.480594,0
2026-04-22T00:18:11.144652,0,0,962.244646,0
2026-04-22T00:18:12.150632,0,0,962.244646,0
2026-04-22T00:18:13.157590,0,0,961.36262,0
2026-04-22T00:18:14.163567,0,0,960.480594,0
2026-04-22T00:18:15.170568,0,0,961.36262,0
2026-04-22T00:18:16.177540,0,0,961.36262,0
2026-04-22T00:18:17.184576,0,0,962.244646,0
2026-04-22T00:18:18.191452,0,0,960.480594,0
2026-04-22T00:18:19.197436,0,0,961.36262,0
2026-04-22T00:18:20.204498,0,0,964.890724,0
2026-04-22T00:18:21.209380,0,0,959.598568,0
2026-04-22T00:18:22.217357,0,0,962.244646,0
2026-04-22T00:18:23.223335,0,0,962.244646,0
2026-04-22T00:18:24.230310,0,0,961.36262,0
2026-04-22T00:18:25.236375,0,0,961.36262,0
2026-04-22T00:18:26.244338,0,0,962.244646,0
2026-04-22T00:18:27.251227,0,0,964.890724,0
2026-04-22T00:18:28.257196,0,0,961.36262,0
2026-04-22T00:18:29.264288,0,0,963.126672,0
2026-04-22T00:18:30.270149,0,0,961.36262,0
2026-04-22T00:18:31.277106,0,0,961.36262,0
2026-04-22T00:18:32.282094,0,0,962.244646,0
2026-04-22T00:18:33.290079,0,0,964.890724,0
2026-04-22T00:18:34.297034,0,0,961.36262,0
2026-04-22T00:18:35.303006,0,0,961.36262,0
2026-04-22T00:18:36.310984,0,0,961.36262,0
2026-04-22T00:18:37.316958,0,0,961.36262,0
2026-04-22T00:18:38.323947,0,0,959.598568,0
2026-04-22T00:18:39.329927,0,0,963.126672,0
2026-04-22T00:18:40.336886,0,0,962.244646,0
2026-04-22T00:18:41.342906,0,0,961.36262,0
2026-04-22T00:18:42.349833,0,0,961.36262,0
2026-04-22T00:18:43.356791,0,0,961.36262,0
2026-04-22T00:18:44.362813,0,0,956.95249,0
2026-04-22T00:18:45.369762,0,0,962.244646,0
2026-04-22T00:18:46.376759,0,0,961.36262,0
2026-04-22T00:18:47.383724,0,0,961.36262,0
2026-04-22T00:18:48.389751,0,0,962.244646,0
2026-04-22T00:18:49.396655,0,0,961.36262,0
2026-04-22T00:18:50.403653,0,0,962.244646,0
2026-04-22T00:18:51.409628,0,0,962.244646,0
2026-04-22T00:18:52.416592,0,0,961.36262,0
2026-04-22T00:18:53.422530,0,0,961.36262,0
2026-04-22T00:18:54.429524,0,0,962.244646,0
2026-04-22T00:18:55.435441,0,0,961.36262,0
2026-04-22T00:18:56.443455,0,0,965.77275,0
2026-04-22T00:18:57.449443,0,0,961.36262,0
2026-04-22T00:18:58.456481,0,0,961.36262,0
2026-04-22T00:18:59.463419,0,0,962.244646,0
2026-04-22T00:19:00.469372,0,0,962.244646,0
2026-04-22T00:19:01.476473,0,0,961.36262,0
2026-04-22T00:19:02.482345,0,0,966.654776,0
2026-04-22T00:19:03.489309,0,0,962.244646,0
2026-04-22T00:19:13.986647,0,0,961.36262,0
2026-04-22T00:19:16.468963,0,0,961.36262,0
2026-04-22T00:19:17.475942,0,0,962.244646,0
2026-04-22T00:19:18.481884,0,0,961.36262,0
2026-04-22T00:19:19.488926,0,0,962.244646,0
2026-04-22T00:19:20.494886,0,0,962.244646,0
2026-04-22T00:19:21.501858,0,0,961.36262,0
2026-04-22T00:19:22.508848,0,0,962.244646,0
2026-04-22T00:19:23.515815,0,0,961.36262,0
2026-04-22T00:19:24.522754,0,0,962.244646,0
2026-04-22T00:19:25.528727,0,0,961.36262,0
2026-04-22T00:19:26.535706,0,0,961.36262,0
2026-04-22T00:19:27.542082,0,0,961.36262,0
2026-04-22T00:19:28.548661,0,0,962.244646,0
2026-04-22T00:19:29.554610,0,0,961.36262,0
2026-04-22T00:19:30.560627,0,0,960.480594,0
2026-04-22T00:19:31.567570,0,0,964.890724,0
2026-04-22T00:19:32.575553,0,0,959.598568,0
2026-04-22T00:19:33.582538,0,0,964.008698,0
2026-04-22T00:19:34.588555,0,0,956.95249,0
2026-04-22T00:19:35.595452,0,0,960.480594,0
2026-04-22T00:19:46.556893,0,0,961.36262,0
2026-04-22T00:19:49.039119,0,0,961.36262,0
2026-04-22T00:19:50.046143,0,0,962.244646,0
2026-04-22T00:19:51.052148,0,0,962.244646,0
2026-04-22T00:19:52.059030,0,0,964.890724,0
2026-04-22T00:19:53.064996,0,0,960.480594,0
2026-04-22T00:19:54.071985,0,0,962.244646,0
2026-04-22T00:19:55.078962,0,0,962.244646,0
2026-04-22T00:19:56.085898,0,0,961.36262,0
2026-04-22T00:19:57.092749,0,0,961.36262,0
2026-04-22T00:19:58.098880,0,0,965.77275,0
2026-04-22T00:19:59.105832,0,0,961.36262,0
2026-04-22T00:20:00.111777,0,0,961.36262,0
2026-04-22T00:20:01.118779,0,0,961.36262,0
2026-04-22T00:20:02.124766,0,0,962.244646,0
2026-04-22T00:20:03.131721,0,0,961.36262,0
2026-04-22T00:20:04.137719,0,0,964.890724,0
2026-04-22T00:20:05.145691,0,0,962.244646,0
2026-04-22T00:20:06.152685,0,0,961.36262,0
2026-04-22T00:20:07.158632,0,0,960.480594,0
2026-04-22T00:20:08.165605,0,0,962.244646,0
2026-04-22T00:20:19.249937,0,0,961.36262,0
2026-04-22T00:20:21.732333,0,0,962.244646,0
2026-04-22T00:20:22.739207,0,0,964.008698,0
2026-04-22T00:20:23.745190,0,0,956.95249,0
2026-04-22T00:20:24.752268,0,0,961.36262,0
2026-04-22T00:20:25.758124,0,0,961.36262,0
2026-04-22T00:20:26.765092,0,0,962.244646,0
2026-04-22T00:20:27.772254,0,0,961.36262,0
2026-04-22T00:20:28.779057,0,0,961.36262,0
2026-04-22T00:20:29.786038,0,0,964.008698,0
2026-04-22T00:20:30.791995,0,0,957.834516,0
2026-04-22T00:20:31.798924,0,0,961.36262,0
2026-04-22T00:20:32.804827,0,0,961.36262,0
2026-04-22T00:20:33.811909,0,0,961.36262,0
2026-04-22T00:20:34.817903,0,0,962.244646,0
2026-04-22T00:20:35.824871,0,0,961.36262,0
2026-04-22T00:20:36.830834,0,0,962.244646,0
2026-04-22T00:20:37.838810,0,0,958.716542,0
2026-04-22T00:20:38.845811,0,0,961.36262,0
2026-04-22T00:20:39.851793,0,0,962.244646,0
2026-04-22T00:20:40.858723,0,0,960.480594,0
2026-04-22T00:20:41.864718,0,0,961.36262,0
2026-04-22T00:20:42.871686,0,0,962.244646,0
2026-04-22T00:20:43.877637,0,0,961.36262,0
2026-04-22T00:20:44.884641,0,0,959.598568,0
2026-04-22T00:20:45.891594,0,0,960.480594,0
2026-04-22T00:20:46.897555,0,0,961.36262,0
2026-04-22T00:20:47.905509,0,0,961.36262,0
2026-04-22T00:20:48.911499,0,0,962.244646,0
2026-04-22T00:20:49.917465,0,0,961.36262,0
2026-04-22T00:20:50.924537,0,0,960.480594,0
2026-04-22T00:20:51.931420,0,0,959.598568,0
2026-04-22T00:20:52.937384,0,0,962.244646,0
2026-04-22T00:20:53.944492,0,0,961.36262,0
2026-04-22T00:20:54.951320,0,0,961.36262,0
2026-04-22T00:20:55.957267,0,0,961.36262,0
2026-04-22T00:20:56.964429,0,0,961.36262,0
2026-04-22T00:20:57.971259,0,0,958.716542,0
2026-04-22T00:20:58.978232,0,0,962.244646,0
2026-04-22T00:20:59.984354,0,0,962.244646,0
2026-04-22T00:21:00.991156,0,0,960.480594,0
2026-04-22T00:21:01.998144,0,0,961.36262,0
2026-04-22T00:21:03.004208,0,0,961.36262,0
2026-04-22T00:21:04.011100,0,0,962.244646,0
2026-04-22T00:21:05.017062,0,0,962.244646,0
2026-04-22T00:21:06.024018,0,0,961.36262,0
2026-04-22T00:21:07.030024,0,0,961.36262,0
2026-04-22T00:21:08.037996,0,0,961.36262,0
2026-04-22T00:21:09.043971,0,0,962.244646,0
2026-04-22T00:21:10.050946,0,0,963.126672,0
2026-04-22T00:21:11.057916,0,0,961.36262,0
2026-04-22T00:21:12.063900,0,0,961.36262,0
2026-04-22T00:21:13.070849,0,0,961.36262,0
2026-04-22T00:21:14.076829,0,0,961.36262,0
2026-04-22T00:21:15.083821,0,0,961.36262,0
2026-04-22T00:21:16.089773,0,0,963.126672,0
2026-04-22T00:21:17.096753,0,0,962.244646,0
2026-04-22T00:21:18.104737,0,0,962.244646,0
2026-04-22T00:21:19.110699,0,0,961.36262,0
2026-04-22T00:21:20.117650,0,0,961.36262,0
2026-04-22T00:21:21.123648,0,0,962.244646,0
2026-04-22T00:21:22.130616,0,0,961.36262,0
2026-04-22T00:21:23.136630,0,0,965.77275,0
2026-04-22T00:21:24.142552,0,0,961.36262,0
2026-04-22T00:21:25.149545,0,0,961.36262,0
2026-04-22T00:21:26.156542,0,0,961.36262,0
2026-04-22T00:21:27.163496,0,0,963.126672,0
2026-04-22T00:21:28.170458,0,0,961.36262,0
2026-04-22T00:21:29.177421,0,0,960.480594,0
2026-04-22T00:21:30.183419,0,0,964.890724,0
2026-04-22T00:21:31.190378,0,0,962.244646,0
2026-04-22T00:21:32.196426,0,0,961.36262,0
2026-04-22T00:21:33.203312,0,0,961.36262,0
2026-04-22T00:21:34.210294,0,0,962.244646,0
2026-04-22T00:21:35.216341,0,0,962.244646,0
2026-04-22T00:21:36.223253,0,0,961.36262,0
2026-04-22T00:21:37.229263,0,0,962.244646,0
2026-04-22T00:21:38.237217,0,0,962.244646,0
2026-04-22T00:21:39.243190,0,0,961.36262,0
2026-04-22T00:21:40.250153,0,0,960.480594,0
2026-04-22T00:21:41.255107,0,0,964.008698,0
2026-04-22T00:21:42.263083,0,0,961.36262,0
2026-04-22T00:21:43.270044,0,0,960.480594,0
2026-04-22T00:21:44.276018,0,0,961.36262,0
2026-04-22T00:21:45.282990,0,0,958.716542,0
2026-04-22T00:21:46.288976,0,0,962.244646,0
2026-04-22T00:21:47.295946,0,0,961.36262,0
2026-04-22T00:21:48.302904,0,0,961.36262,0
2026-04-22T00:21:49.309894,0,0,962.244646,0
2026-04-22T00:21:50.316855,0,0,961.36262,0
2026-04-22T00:21:51.322829,0,0,961.36262,0
2026-04-22T00:21:52.329799,0,0,962.244646,0
2026-04-22T00:21:53.335768,0,0,961.36262,0
2026-04-22T00:21:54.342761,0,0,961.36262,0
2026-04-22T00:21:55.348733,0,0,959.598568,0
2026-04-22T00:21:56.355690,0,0,961.36262,0
2026-04-22T00:21:57.361668,0,0,960.480594,0
2026-04-22T00:21:58.368644,0,0,963.126672,0
2026-04-22T00:21:59.376654,0,0,962.244646,0
2026-04-22T00:22:00.382578,0,0,961.36262,0
2026-04-22T00:22:01.389560,0,0,956.95249,0
2026-04-22T00:22:02.395528,0,0,960.480594,0
2026-04-22T00:22:03.402478,0,0,958.716542,0
2026-04-22T00:22:04.408539,0,0,962.244646,0
2026-04-22T00:22:05.415476,0,0,961.36262,0
2026-04-22T00:22:06.422413,0,0,961.36262,0
2026-04-22T00:22:07.428501,0,0,961.36262,0
2026-04-22T00:22:08.436439,0,0,961.36262,0
2026-04-22T00:22:09.442338,0,0,961.36262,0
2026-04-22T00:22:10.449316,0,0,961.36262,0
2026-04-22T00:22:11.455279,0,0,962.244646,0
2026-04-22T00:22:12.462247,0,0,961.36262,0
2026-04-22T00:22:13.468322,0,0,961.36262,0
2026-04-22T00:22:14.475191,0,0,961.36262,0
2026-04-22T00:22:15.481152,0,0,961.36262,0
2026-04-22T00:22:16.488220,0,0,961.36262,0
2026-04-22T00:22:17.495113,0,0,961.36262,0
2026-04-22T00:22:18.502083,0,0,961.36262,0
2026-04-22T00:22:29.452457,0,0,961.36262,0
2026-04-22T00:22:31.934707,0,0,962.244646,0
2026-04-22T00:22:32.941677,0,0,961.36262,0
2026-04-22T00:22:33.947649,0,0,962.244646,0
2026-04-22T00:22:34.954617,0,0,961.36262,0
2026-04-22T00:22:35.960645,0,0,961.36262,0
2026-04-22T00:22:36.967585,0,0,962.244646,0
2026-04-22T00:22:37.974527,0,0,961.36262,0
2026-04-22T00:22:38.981510,0,0,957.834516,0
2026-04-22T00:22:39.988569,0,0,961.36262,0
2026-04-22T00:22:40.994454,0,0,960.480594,0
2026-04-22T00:22:42.001413,0,0,957.834516,0
2026-04-22T00:22:43.007395,0,0,961.36262,0
2026-04-22T00:22:44.014358,0,0,962.244646,0
2026-04-22T00:22:45.020455,0,0,959.598568,0
2026-04-22T00:22:46.027322,0,0,962.244646,0
2026-04-22T00:22:47.033290,0,0,962.244646,0
2026-04-22T00:22:48.041267,0,0,961.36262,0
2026-04-22T00:22:49.048308,0,0,961.36262,0
2026-04-22T00:22:50.054226,0,0,962.244646,0
2026-04-22T00:22:51.061186,0,0,962.244646,0
2026-04-22T00:23:01.988725,0,0,963.126672,0
2026-04-22T00:23:04.470862,0,0,961.36262,0
2026-04-22T00:23:05.477826,0,0,962.244646,0
2026-04-22T00:23:06.483793,0,0,961.36262,0
2026-04-22T00:23:07.490755,0,0,962.244646,0
2026-04-22T00:23:08.496721,0,0,961.36262,0
2026-04-22T00:23:09.503680,0,0,957.834516,0
2026-04-22T00:23:10.510653,0,0,962.244646,0
2026-04-22T00:23:11.517655,0,0,961.36262,0
2026-04-22T00:23:12.524615,0,0,962.244646,0
2026-04-22T00:23:13.530585,0,0,962.244646,0
2026-04-22T00:23:14.537553,0,0,965.77275,0
2026-04-22T00:23:15.543503,0,0,961.36262,0
2026-04-22T00:23:16.550500,0,0,961.36262,0
2026-04-22T00:23:17.556535,0,0,961.36262,0
2026-04-22T00:23:18.563444,0,0,961.36262,0
2026-04-22T00:23:19.569426,0,0,962.244646,0
2026-04-22T00:23:20.577385,0,0,966.654776,0
2026-04-22T00:23:21.584423,0,0,961.36262,0
2026-04-22T00:23:22.590328,0,0,961.36262,0
2026-04-22T00:23:23.597295,0,0,962.244646,0
2026-04-22T00:23:24.603252,0,0,961.36262,0
2026-04-22T00:23:25.610263,0,0,957.834516,0
2026-04-22T00:23:35.819373,0,0,958.716542,0
2026-04-22T00:23:38.301851,0,0,964.008698,0
2026-04-22T00:23:39.308777,0,0,962.244646,0
2026-04-22T00:23:40.314789,0,0,961.36262,0
2026-04-22T00:23:41.321764,0,0,961.36262,0
2026-04-22T00:23:42.327724,0,0,961.36262,0
2026-04-22T00:23:43.334698,0,0,961.36262,0
2026-04-22T00:23:44.341675,0,0,962.244646,0
2026-04-22T00:23:45.348656,0,0,962.244646,0
2026-04-22T00:23:46.355606,0,0,961.36262,0
2026-04-22T00:23:47.361603,0,0,961.36262,0
2026-04-22T00:23:48.368619,0,0,964.890724,0
2026-04-22T00:23:49.374546,0,0,961.36262,0
2026-04-22T00:23:50.381500,0,0,962.244646,0
2026-04-22T00:23:51.387477,0,0,962.244646,0
2026-04-22T00:23:52.394461,0,0,961.36262,0
2026-04-22T00:23:53.400486,0,0,964.008698,0
2026-04-22T00:23:54.408520,0,0,961.36262,0
2026-04-22T00:23:55.415368,0,0,961.36262,0
2026-04-22T00:23:56.420432,0,0,962.244646,0
2026-04-22T00:23:57.428377,0,0,961.36262,0
2026-04-22T00:24:08.566718,0,0,961.36262,0
2026-04-22T00:24:11.048961,0,0,961.36262,0
2026-04-22T00:24:12.056997,0,0,961.36262,0
2026-04-22T00:24:13.062962,0,0,961.36262,0
2026-04-22T00:24:14.069940,0,0,962.244646,0
2026-04-22T00:24:15.075881,0,0,962.244646,0
2026-04-22T00:24:16.082875,0,0,961.36262,0
2026-04-22T00:24:17.089855,0,0,962.244646,0
2026-04-22T00:24:18.095819,0,0,961.36262,0
2026-04-22T00:24:19.103707,0,0,961.36262,0
2026-04-22T00:24:20.109683,0,0,962.244646,0
2026-04-22T00:24:21.116668,0,0,961.36262,0
2026-04-22T00:24:22.122624,0,0,959.598568,0
2026-04-22T00:24:23.129590,0,0,960.480594,0
2026-04-22T00:24:24.135571,0,0,961.36262,0
2026-04-22T00:24:25.142548,0,0,963.126672,0
2026-04-22T00:24:26.148459,0,0,962.244646,0
2026-04-22T00:24:27.156551,0,0,961.36262,0
2026-04-22T00:24:28.163455,0,0,960.480594,0
2026-04-22T00:24:29.169417,0,0,962.244646,0
2026-04-22T00:24:30.176447,0,0,963.126672,0
2026-04-22T00:24:40.599688,0,0,957.834516,0
2026-04-22T00:24:43.082054,0,0,960.480594,0
2026-04-22T00:24:44.089018,0,0,961.36262,0
2026-04-22T00:24:45.095005,0,0,961.36262,0
2026-04-22T00:24:46.101953,0,0,958.716542,0
2026-04-22T00:24:47.107987,0,0,961.36262,0
2026-04-22T00:24:48.114927,0,0,961.36262,0
2026-04-22T00:24:49.121921,0,0,961.36262,0
2026-04-22T00:24:50.128904,0,0,961.36262,0
2026-04-22T00:24:51.135865,0,0,962.244646,0
2026-04-22T00:24:52.141809,0,0,961.36262,0
2026-04-22T00:24:53.148818,0,0,961.36262,0
2026-04-22T00:24:54.154754,0,0,964.008698,0
2026-04-22T00:24:55.161744,0,0,961.36262,0
2026-04-22T00:24:56.167734,0,0,962.244646,0
2026-04-22T00:24:57.173650,0,0,961.36262,0
2026-04-22T00:24:58.180687,0,0,960.480594,0
2026-04-22T00:24:59.188671,0,0,962.244646,0
2026-04-22T00:25:00.195583,0,0,961.36262,0
2026-04-22T00:25:01.201605,0,0,961.36262,0
2026-04-22T00:25:02.208587,0,0,961.36262,0
2026-04-22T00:25:03.214543,0,0,963.126672,0
2026-04-22T00:25:13.558803,0,0,961.36262,0
2026-04-22T00:25:16.041146,0,0,961.36262,0
2026-04-22T00:25:17.048171,0,0,961.36262,0
2026-04-22T00:25:18.054101,0,0,961.36262,0
2026-04-22T00:25:19.061102,0,0,961.36262,0
2026-04-22T00:25:20.067059,0,0,961.36262,0
2026-04-22T00:25:21.074016,0,0,961.36262,0
2026-04-22T00:25:22.081013,0,0,958.716542,0
2026-04-22T00:25:23.087980,0,0,961.36262,0
2026-04-22T00:25:24.094913,0,0,961.36262,0
2026-04-22T00:25:25.100922,0,0,961.36262,0
2026-04-22T00:25:26.107879,0,0,962.244646,0
2026-04-22T00:25:27.113870,0,0,962.244646,0
2026-04-22T00:25:28.120844,0,0,965.77275,0
2026-04-22T00:25:29.126792,0,0,961.36262,0
2026-04-22T00:25:30.133746,0,0,961.36262,0
2026-04-22T00:25:31.139689,0,0,961.36262,0
2026-04-22T00:25:32.147682,0,0,962.244646,0
2026-04-22T00:25:33.154661,0,0,958.716542,0
2026-04-22T00:25:34.160622,0,0,961.36262,0
2026-04-22T00:25:35.167593,0,0,962.244646,0
2026-04-22T00:25:46.204979,0,0,961.36262,0
2026-04-22T00:25:48.687217,0,0,961.36262,0
2026-04-22T00:25:49.694192,0,0,961.36262,0
2026-04-22T00:25:50.700297,0,0,961.36262,0
2026-04-22T00:25:51.707130,0,0,961.36262,0
2026-04-22T00:25:52.713092,0,0,962.244646,0
2026-04-22T00:25:53.720235,0,0,961.36262,0
2026-04-22T00:25:54.727086,0,0,960.480594,0
2026-04-22T00:25:55.734028,0,0,961.36262,0
2026-04-22T00:25:56.741009,0,0,961.36262,0
2026-04-22T00:25:57.746982,0,0,961.36262,0
2026-04-22T00:25:58.753845,0,0,961.36262,0
2026-04-22T00:25:59.759952,0,0,961.36262,0
2026-04-22T00:26:00.766921,0,0,956.070464,0
2026-04-22T00:26:01.772875,0,0,961.36262,0
2026-04-22T00:26:02.779861,0,0,962.244646,0
2026-04-22T00:26:03.785693,0,0,962.244646,0
2026-04-22T00:26:04.793796,0,0,961.36262,0
2026-04-22T00:26:05.800776,0,0,964.890724,0
2026-04-22T00:26:06.806729,0,0,960.480594,0
2026-04-22T00:26:07.813727,0,0,961.36262,0
2026-04-22T00:26:18.706861,0,0,961.36262,0
2026-04-22T00:26:21.189334,0,0,961.36262,0
2026-04-22T00:26:22.196391,0,0,961.36262,0
2026-04-22T00:26:23.202262,0,0,964.008698,0
2026-04-22T00:26:24.209220,0,0,961.36262,0
2026-04-22T00:26:25.215212,0,0,961.36262,0
2026-04-22T00:26:26.222162,0,0,958.716542,0
2026-04-22T00:26:27.229149,0,0,962.244646,0
2026-04-22T00:26:28.236272,0,0,961.36262,0
2026-04-22T00:26:29.242027,0,0,965.77275,0
2026-04-22T00:26:30.249086,0,0,961.36262,0
2026-04-22T00:26:31.256041,0,0,961.36262,0
2026-04-22T00:26:32.262014,0,0,961.36262,0
2026-04-22T00:26:33.268991,0,0,961.36262,0
2026-04-22T00:26:34.274963,0,0,961.36262,0
2026-04-22T00:26:35.281926,0,0,960.480594,0
2026-04-22T00:26:36.287907,0,0,961.36262,0
2026-04-22T00:26:37.295868,0,0,962.244646,0
2026-04-22T00:26:38.302852,0,0,961.36262,0
2026-04-22T00:26:39.308820,0,0,961.36262,0
2026-04-22T00:26:40.315834,0,0,960.480594,0
2026-04-22T00:26:41.321774,0,0,964.008698,0
2026-04-22T00:26:42.328694,0,0,961.36262,0
2026-04-22T00:26:43.334706,0,0,961.36262,0
2026-04-22T00:26:44.341672,0,0,965.77275,0
2026-04-22T00:26:45.348643,0,0,962.244646,0
2026-04-22T00:26:46.354639,0,0,961.36262,0
2026-04-22T00:26:47.362605,0,0,956.95249,0
2026-04-22T00:26:48.368601,0,0,962.244646,0
2026-04-22T00:26:49.375539,0,0,962.244646,0
2026-04-22T00:26:50.381461,0,0,962.244646,0
2026-04-22T00:26:51.388533,0,0,961.36262,0
2026-04-22T00:26:52.394453,0,0,961.36262,0
2026-04-22T00:26:53.401405,0,0,956.95249,0
2026-04-22T00:26:54.408512,0,0,961.36262,0
2026-04-22T00:26:55.414366,0,0,961.36262,0
2026-04-22T00:26:56.421300,0,0,961.36262,0
2026-04-22T00:26:57.428376,0,0,962.244646,0
2026-04-22T00:26:58.435270,0,0,961.36262,0
2026-04-22T00:26:59.440720,0,0,961.36262,0
2026-04-22T00:27:00.448364,0,0,961.36262,0
2026-04-22T00:27:01.455192,0,0,962.244646,0
2026-04-22T00:27:02.461137,0,0,961.36262,0
2026-04-22T00:27:03.468212,0,0,961.36262,0
2026-04-22T00:27:04.474134,0,0,961.36262,0
2026-04-22T00:27:05.481106,0,0,962.244646,0
2026-04-22T00:27:06.487088,0,0,964.008698,0
2026-04-22T00:27:07.495052,0,0,961.36262,0
2026-04-22T00:27:08.501013,0,0,961.36262,0
2026-04-22T00:27:09.508000,0,0,961.36262,0
2026-04-22T00:27:10.514976,0,0,961.36262,0
2026-04-22T00:27:11.520955,0,0,960.480594,0
2026-04-22T00:27:12.527897,0,0,961.36262,0
2026-04-22T00:27:13.533884,0,0,961.36262,0
2026-04-22T00:27:14.540780,0,0,961.36262,0
2026-04-22T00:27:24.881173,0,0,965.77275,0
2026-04-22T00:27:27.363538,0,0,961.36262,0
2026-04-22T00:27:28.370448,0,0,960.480594,0
2026-04-22T00:27:29.376535,0,0,958.716542,0
2026-04-22T00:27:30.383432,0,0,961.36262,0
2026-04-22T00:27:31.389402,0,0,962.244646,0
2026-04-22T00:27:32.396475,0,0,961.36262,0
2026-04-22T00:27:33.403284,0,0,961.36262,0
2026-04-22T00:27:34.409293,0,0,964.008698,0
2026-04-22T00:27:35.417291,0,0,962.244646,0
2026-04-22T00:27:36.423298,0,0,961.36262,0
2026-04-22T00:27:37.430249,0,0,962.244646,0
2026-04-22T00:27:38.436279,0,0,962.244646,0
2026-04-22T00:27:39.443182,0,0,961.36262,0
2026-04-22T00:27:40.449117,0,0,962.244646,0
2026-04-22T00:27:41.456212,0,0,961.36262,0
2026-04-22T00:27:42.462076,0,0,961.36262,0
2026-04-22T00:27:43.470065,0,0,962.244646,0
2026-04-22T00:27:44.476925,0,0,963.126672,0
2026-04-22T00:27:45.482963,0,0,961.36262,0
2026-04-22T00:27:46.490031,0,0,962.244646,0
2026-04-22T00:27:47.495956,0,0,956.95249,0
2026-04-22T00:27:48.502926,0,0,961.36262,0
2026-04-22T00:27:49.508885,0,0,962.244646,0
2026-04-22T00:27:50.515872,0,0,962.244646,0
2026-04-22T00:27:51.522837,0,0,959.598568,0
2026-04-22T00:27:52.528785,0,0,963.126672,0
2026-04-22T00:27:53.536800,0,0,960.480594,0
2026-04-22T00:27:54.542736,0,0,959.598568,0
2026-04-22T00:27:55.549714,0,0,961.36262,0
2026-04-22T00:27:56.555698,0,0,961.36262,0
2026-04-22T00:27:57.562533,0,0,961.36262,0
2026-04-22T00:27:58.568726,0,0,962.244646,0
2026-04-22T00:27:59.575614,0,0,961.36262,0
2026-04-22T00:28:00.582504,0,0,959.598568,0
2026-04-22T00:28:01.588612,0,0,962.244646,0
2026-04-22T00:28:02.595501,0,0,961.36262,0
2026-04-22T00:28:03.602494,0,0,961.36262,0
2026-04-22T00:28:04.609466,0,0,962.244646,0
2026-04-22T00:28:05.615423,0,0,961.36262,0
2026-04-22T00:28:06.622417,0,0,961.36262,0
2026-04-22T00:28:07.629388,0,0,961.36262,0
2026-04-22T00:28:08.634334,0,0,960.480594,0
2026-04-22T00:28:09.642309,0,0,961.36262,0
2026-04-22T00:28:10.648336,0,0,962.244646,0
2026-04-22T00:28:11.655260,0,0,961.36262,0
2026-04-22T00:28:12.661214,0,0,961.36262,0
2026-04-22T00:28:13.669189,0,0,965.77275,0
2026-04-22T00:28:14.675159,0,0,959.598568,0
2026-04-22T00:28:15.682134,0,0,961.36262,0
2026-04-22T00:28:16.689093,0,0,961.36262,0
2026-04-22T00:28:17.695116,0,0,962.244646,0
2026-04-22T00:28:18.702039,0,0,961.36262,0
2026-04-22T00:28:19.708167,0,0,962.244646,0
2026-04-22T00:28:20.715010,0,0,962.244646,0
2026-04-22T00:28:21.720967,0,0,961.36262,0
2026-04-22T00:28:22.727968,0,0,962.244646,0
2026-04-22T00:28:23.735918,0,0,961.36262,0
2026-04-22T00:28:24.741891,0,0,961.36262,0
2026-04-22T00:28:25.747881,0,0,961.36262,0
2026-04-22T00:28:26.754830,0,0,962.244646,0
2026-04-22T00:28:27.761812,0,0,959.598568,0
2026-04-22T00:28:28.767792,0,0,963.126672,0
2026-04-22T00:28:29.774792,0,0,961.36262,0
2026-04-22T00:28:30.780788,0,0,963.126672,0
2026-04-22T00:28:31.787674,0,0,961.36262,0
2026-04-22T00:28:32.794679,0,0,966.654776,0
2026-04-22T00:28:33.801614,0,0,960.480594,0
2026-04-22T00:28:34.808636,0,0,961.36262,0
2026-04-22T00:28:35.814601,0,0,961.36262,0
2026-04-22T00:28:36.821558,0,0,961.36262,0
2026-04-22T00:28:37.827526,0,0,961.36262,0
2026-04-22T00:28:38.834501,0,0,961.36262,0
2026-04-22T00:28:39.841419,0,0,961.36262,0
2026-04-22T00:28:40.847449,0,0,961.36262,0
2026-04-22T00:28:41.854384,0,0,961.36262,0
2026-04-22T00:28:42.859304,0,0,961.36262,0
2026-04-22T00:28:43.868375,0,0,960.480594,0
2026-04-22T00:28:44.874291,0,0,967.536802,0
2026-04-22T00:28:45.881245,0,0,962.244646,0
2026-04-22T00:28:46.887233,0,0,962.244646,0
2026-04-22T00:28:47.894203,0,0,961.36262,0
2026-04-22T00:28:48.901203,0,0,960.480594,0
2026-04-22T00:28:49.907147,0,0,959.598568,0
2026-04-22T00:28:50.914103,0,0,960.480594,0
2026-04-22T00:28:51.920184,0,0,960.480594,0
2026-04-22T00:29:02.219243,0,0,961.36262,0
2026-04-22T00:29:04.701730,0,0,962.244646,0
2026-04-22T00:29:05.708748,0,0,961.36262,0
2026-04-22T00:29:06.714600,0,0,962.244646,0
2026-04-22T00:29:07.721651,0,0,960.480594,0
2026-04-22T00:29:08.727595,0,0,961.36262,0
2026-04-22T00:29:09.734599,0,0,960.480594,0
2026-04-22T00:29:10.741561,0,0,962.244646,0
2026-04-22T00:29:11.748562,0,0,962.244646,0
2026-04-22T00:29:12.755547,0,0,961.36262,0
2026-04-22T00:29:13.761510,0,0,961.36262,0
2026-04-22T00:29:14.768378,0,0,961.36262,0
2026-04-22T00:29:15.774417,0,0,961.36262,0
2026-04-22T00:29:16.781404,0,0,960.480594,0
2026-04-22T00:29:17.787395,0,0,962.244646,0
2026-04-22T00:29:18.794357,0,0,961.36262,0
2026-04-22T00:29:19.800394,0,0,961.36262,0
2026-04-22T00:29:20.808352,0,0,961.36262,0
2026-04-22T00:29:21.815262,0,0,963.126672,0
2026-04-22T00:29:22.821243,0,0,962.244646,0
2026-04-22T00:29:23.828319,0,0,961.36262,0
2026-04-22T00:29:34.772492,0,0,961.36262,0
2026-04-22T00:29:37.254865,0,0,961.36262,0
2026-04-22T00:29:38.261821,0,0,962.244646,0
2026-04-22T00:29:39.267774,0,0,961.36262,0
2026-04-22T00:29:40.274729,0,0,961.36262,0
2026-04-22T00:29:41.280735,0,0,961.36262,0
2026-04-22T00:29:42.287695,0,0,962.244646,0
2026-04-22T00:29:43.294533,0,0,962.244646,0
2026-04-22T00:29:44.301617,0,0,960.480594,0
2026-04-22T00:29:45.308624,0,0,960.480594,0
2026-04-22T00:29:46.314570,0,0,961.36262,0
2026-04-22T00:29:47.321490,0,0,961.36262,0
2026-04-22T00:29:48.327487,0,0,962.244646,0
2026-04-22T00:29:49.334488,0,0,965.77275,0
2026-04-22T00:29:50.340558,0,0,962.244646,0
2026-04-22T00:29:51.346326,0,0,961.36262,0
2026-04-22T00:29:52.353387,0,0,961.36262,0
2026-04-22T00:29:53.361362,0,0,961.36262,0
2026-04-22T00:29:54.368407,0,0,958.716542,0
2026-04-22T00:29:55.374306,0,0,962.244646,0
2026-04-22T00:29:56.381267,0,0,961.36262,0
2026-04-22T00:29:57.387274,0,0,961.36262,0
2026-04-22T00:29:58.394200,0,0,961.36262,0
2026-04-22T00:30:08.857499,0,0,962.244646,0
2026-04-22T00:30:11.339896,0,0,960.480594,0
2026-04-22T00:30:12.346849,0,0,961.36262,0
2026-04-22T00:30:13.352819,0,0,962.244646,0
2026-04-22T00:30:14.359752,0,0,961.36262,0
2026-04-22T00:30:15.365743,0,0,961.36262,0
2026-04-22T00:30:16.371735,0,0,961.36262,0
2026-04-22T00:30:17.379730,0,0,962.244646,0
2026-04-22T00:30:18.386686,0,0,962.244646,0
2026-04-22T00:30:19.393630,0,0,960.480594,0
2026-04-22T00:30:20.399604,0,0,960.480594,0
2026-04-22T00:30:21.406603,0,0,961.36262,0
2026-04-22T00:30:22.412638,0,0,962.244646,0
2026-04-22T00:30:23.419552,0,0,961.36262,0
2026-04-22T00:30:24.425512,0,0,964.008698,0
2026-04-22T00:30:25.432571,0,0,962.244646,0
2026-04-22T00:30:26.438444,0,0,961.36262,0
2026-04-22T00:30:27.446409,0,0,961.36262,0
2026-04-22T00:30:28.453391,0,0,962.244646,0
2026-04-22T00:30:29.459374,0,0,962.244646,0
2026-04-22T00:30:30.466348,0,0,957.834516,0
2026-04-22T00:30:40.987450,0,0,961.36262,0
2026-04-22T00:30:43.469922,0,0,961.36262,0
2026-04-22T00:30:44.476902,0,0,961.36262,0
2026-04-22T00:30:45.482863,0,0,961.36262,0
2026-04-22T00:30:46.489842,0,0,964.008698,0
2026-04-22T00:30:47.495820,0,0,961.36262,0
2026-04-22T00:30:48.502777,0,0,960.480594,0
2026-04-22T00:30:49.509751,0,0,958.716542,0
2026-04-22T00:30:50.516727,0,0,962.244646,0
2026-04-22T00:30:51.522702,0,0,961.36262,0
2026-04-22T00:30:52.529874,0,0,964.008698,0
2026-04-22T00:30:53.536640,0,0,961.36262,0
2026-04-22T00:30:54.541621,0,0,961.36262,0
2026-04-22T00:30:55.549570,0,0,961.36262,0
2026-04-22T00:30:56.555519,0,0,961.36262,0
2026-04-22T00:30:57.562535,0,0,960.480594,0
2026-04-22T00:30:58.568590,0,0,961.36262,0
2026-04-22T00:30:59.576557,0,0,958.716542,0
2026-04-22T00:31:00.583439,0,0,960.480594,0
2026-04-22T00:31:01.589420,0,0,962.244646,0
2026-04-22T00:31:02.596485,0,0,961.36262,0
2026-04-22T00:31:13.599614,0,0,961.36262,0
2026-04-22T00:31:16.081987,0,0,962.244646,0
2026-04-22T00:31:17.088987,0,0,961.36262,0
2026-04-22T00:31:18.094973,0,0,962.244646,0
2026-04-22T00:31:19.101907,0,0,962.244646,0
2026-04-22T00:31:20.107864,0,0,961.36262,0
2026-04-22T00:31:21.114867,0,0,961.36262,0
2026-04-22T00:31:22.121836,0,0,961.36262,0
2026-04-22T00:31:23.128831,0,0,961.36262,0
2026-04-22T00:31:24.135795,0,0,961.36262,0
2026-04-22T00:31:25.141761,0,0,960.480594,0
2026-04-22T00:31:26.148746,0,0,964.008698,0
2026-04-22T00:31:27.154721,0,0,956.070464,0
2026-04-22T00:31:28.161593,0,0,962.244646,0
2026-04-22T00:31:29.167658,0,0,961.36262,0
2026-04-22T00:31:30.174625,0,0,961.36262,0
2026-04-22T00:31:31.180604,0,0,961.36262,0
2026-04-22T00:31:32.188582,0,0,965.77275,0
2026-04-22T00:31:33.195544,0,0,962.244646,0
2026-04-22T00:31:34.201503,0,0,961.36262,0
2026-04-22T00:31:35.208511,0,0,960.480594,0
2026-04-22T00:31:45.344769,0,0,961.36262,0
2026-04-22T00:31:47.827097,0,0,963.126672,0
2026-04-22T00:31:48.834065,0,0,961.36262,0
2026-04-22T00:31:49.840019,0,0,961.36262,0
2026-04-22T00:31:50.846997,0,0,961.36262,0
2026-04-22T00:31:51.852922,0,0,960.480594,0
2026-04-22T00:31:52.859948,0,0,961.36262,0
2026-04-22T00:31:53.866905,0,0,961.36262,0
2026-04-22T00:31:54.873905,0,0,961.36262,0
2026-04-22T00:31:55.880859,0,0,961.36262,0
2026-04-22T00:31:56.886834,0,0,964.890724,0
2026-04-22T00:31:57.893810,0,0,961.36262,0
2026-04-22T00:31:58.899776,0,0,961.36262,0
2026-04-22T00:31:59.906731,0,0,961.36262,0
2026-04-22T00:32:00.912733,0,0,961.36262,0
2026-04-22T00:32:01.919710,0,0,961.36262,0
2026-04-22T00:32:02.925660,0,0,964.890724,0
2026-04-22T00:32:03.933624,0,0,962.244646,0
2026-04-22T00:32:04.940662,0,0,962.244646,0
2026-04-22T00:32:05.946562,0,0,961.36262,0
2026-04-22T00:32:06.953544,0,0,962.244646,0
2026-04-22T00:32:07.959518,0,0,959.598568,0
2026-04-22T00:32:08.966487,0,0,961.36262,0
2026-04-22T00:32:19.479849,0,0,963.126672,0
2026-04-22T00:32:21.962163,0,0,961.36262,0
2026-04-22T00:32:22.969107,0,0,959.598568,0
2026-04-22T00:32:23.975115,0,0,962.244646,0
2026-04-22T00:32:24.982085,0,0,961.36262,0
2026-04-22T00:32:25.988155,0,0,961.36262,0
2026-04-22T00:32:26.995022,0,0,961.36262,0
2026-04-22T00:32:28.002009,0,0,961.36262,0
2026-04-22T00:32:29.008967,0,0,961.36262,0
2026-04-22T00:32:30.015940,0,0,961.36262,0
2026-04-22T00:32:31.020934,0,0,961.36262,0
2026-04-22T00:32:32.028849,0,0,961.36262,0
2026-04-22T00:32:33.034850,0,0,963.126672,0
2026-04-22T00:32:34.041828,0,0,961.36262,0
2026-04-22T00:32:35.047798,0,0,961.36262,0
2026-04-22T00:32:36.054769,0,0,961.36262,0
2026-04-22T00:32:37.060743,0,0,961.36262,0
2026-04-22T00:32:38.068775,0,0,959.598568,0
2026-04-22T00:32:39.075677,0,0,958.716542,0
2026-04-22T00:32:40.081619,0,0,962.244646,0
2026-04-22T00:32:41.088711,0,0,962.244646,0
2026-04-22T00:32:42.094592,0,0,962.244646,0
2026-04-22T00:32:43.101559,0,0,960.480594,0
2026-04-22T00:32:44.107521,0,0,961.36262,0
2026-04-22T00:32:45.114491,0,0,960.480594,0
2026-04-22T00:32:46.121454,0,0,960.480594,0
2026-04-22T00:32:47.127457,0,0,961.36262,0
2026-04-22T00:32:48.135413,0,0,961.36262,0
2026-04-22T00:32:49.141397,0,0,961.36262,0
2026-04-22T00:32:50.148498,0,0,962.244646,0
2026-04-22T00:32:51.154337,0,0,961.36262,0
2026-04-22T00:32:52.161274,0,0,955.188438,0
2026-04-22T00:32:53.167280,0,0,962.244646,0
2026-04-22T00:32:54.174253,0,0,961.36262,0
2026-04-22T00:32:55.181197,0,0,962.244646,0
2026-04-22T00:32:56.187179,0,0,962.244646,0
2026-04-22T00:32:57.194172,0,0,961.36262,0
2026-04-22T00:32:58.201056,0,0,961.36262,0
2026-04-22T00:32:59.208265,0,0,961.36262,0
2026-04-22T00:33:00.214063,0,0,965.77275,0
2026-04-22T00:33:01.221053,0,0,961.36262,0
2026-04-22T00:33:02.228011,0,0,961.36262,0
2026-04-22T00:33:03.233999,0,0,961.36262,0
2026-04-22T00:33:04.240946,0,0,961.36262,0
2026-04-22T00:33:05.246939,0,0,962.244646,0
2026-04-22T00:33:06.253900,0,0,961.36262,0
2026-04-22T00:33:07.259881,0,0,961.36262,0
2026-04-22T00:33:08.267836,0,0,962.244646,0
2026-04-22T00:33:09.273813,0,0,961.36262,0
2026-04-22T00:33:10.280771,0,0,962.244646,0
2026-04-22T00:33:11.287768,0,0,960.480594,0
2026-04-22T00:33:12.293742,0,0,962.244646,0
2026-04-22T00:33:13.300713,0,0,962.244646,0
2026-04-22T00:33:14.306671,0,0,961.36262,0
2026-04-22T00:33:24.741793,0,0,961.36262,0
2026-04-22T00:33:27.224346,0,0,961.36262,0
2026-04-22T00:33:28.231219,0,0,962.244646,0
2026-04-22T00:33:29.237222,0,0,961.36262,0
2026-04-22T00:33:30.244262,0,0,961.36262,0
2026-04-22T00:33:31.250169,0,0,961.36262,0
2026-04-22T00:33:32.257156,0,0,961.36262,0
2026-04-22T00:33:33.264284,0,0,961.36262,0
2026-04-22T00:33:34.271150,0,0,962.244646,0
2026-04-22T00:33:35.278092,0,0,962.244646,0
2026-04-22T00:33:36.284219,0,0,964.008698,0
2026-04-22T00:33:37.291140,0,0,962.244646,0
2026-04-22T00:33:38.297126,0,0,962.244646,0
2026-04-22T00:33:39.304194,0,0,961.36262,0
2026-04-22T00:33:40.310085,0,0,961.36262,0
2026-04-22T00:33:41.317084,0,0,961.36262,0
2026-04-22T00:33:42.323080,0,0,960.480594,0
2026-04-22T00:33:43.331074,0,0,961.36262,0
2026-04-22T00:33:44.338055,0,0,962.244646,0
2026-04-22T00:33:45.344111,0,0,961.36262,0
2026-04-22T00:33:46.351032,0,0,961.36262,0
2026-04-22T00:33:59.270753,0,0,960.480594,0
2026-04-22T00:34:00.276995,0,0,961.36262,0
2026-04-22T00:34:01.282952,0,0,961.36262,0
2026-04-22T00:34:02.289954,0,0,961.36262,0
2026-04-22T00:34:03.295956,0,0,957.834516,0
2026-04-22T00:34:04.302938,0,0,960.480594,0
2026-04-22T00:34:05.309945,0,0,961.36262,0
2026-04-22T00:34:06.316917,0,0,962.244646,0
2026-04-22T00:34:07.323897,0,0,964.890724,0
2026-04-22T00:34:08.329906,0,0,961.36262,0
2026-04-22T00:34:09.336885,0,0,963.126672,0
2026-04-22T00:34:10.342903,0,0,956.070464,0
2026-04-22T00:34:11.349872,0,0,962.244646,0
2026-04-22T00:34:12.355848,0,0,961.36262,0
2026-04-22T00:34:13.362834,0,0,962.244646,0
2026-04-22T00:34:14.368841,0,0,961.36262,0
2026-04-22T00:34:15.376822,0,0,961.36262,0
2026-04-22T00:34:16.383802,0,0,966.654776,0
2026-04-22T00:34:17.389803,0,0,959.598568,0
2026-04-22T00:34:18.396745,0,0,961.36262,0
2026-04-22T00:34:19.402760,0,0,961.36262,0
2026-04-22T00:34:20.409786,0,0,961.36262,0
2026-04-22T00:34:21.415779,0,0,961.36262,0
2026-04-22T00:34:22.422744,0,0,962.244646,0
2026-04-22T00:34:23.429750,0,0,962.244646,0
2026-04-22T00:34:24.435708,0,0,962.244646,0
2026-04-22T00:34:25.443677,0,0,962.244646,0
2026-04-22T00:34:26.449718,0,0,962.244646,0
2026-04-22T00:34:27.456706,0,0,960.480594,0
2026-04-22T00:34:28.462696,0,0,964.008698,0
2026-04-22T00:34:29.469608,0,0,962.244646,0
2026-04-22T00:34:30.475598,0,0,961.36262,0
2026-04-22T00:34:31.482528,0,0,961.36262,0
2026-04-22T00:34:32.489573,0,0,961.36262,0
2026-04-22T00:34:33.495565,0,0,961.36262,0
2026-04-22T00:34:34.502561,0,0,960.480594,0
2026-04-22T00:34:35.508663,0,0,962.244646,0
2026-04-22T00:34:36.516683,0,0,960.480594,0
2026-04-22T00:34:37.522587,0,0,961.36262,0
2026-04-22T00:34:38.529547,0,0,961.36262,0
2026-04-22T00:34:39.536594,0,0,961.36262,0
2026-04-22T00:34:40.542504,0,0,961.36262,0
2026-04-22T00:34:41.549499,0,0,961.36262,0
2026-04-22T00:34:42.555491,0,0,961.36262,0
2026-04-22T00:34:43.562478,0,0,961.36262,0
2026-04-22T00:34:44.568543,0,0,961.36262,0
2026-04-22T00:34:45.576566,0,0,962.244646,0
2026-04-22T00:34:46.582447,0,0,961.36262,0
2026-04-22T00:34:47.589440,0,0,962.244646,0
2026-04-22T00:34:48.596462,0,0,962.244646,0
2026-04-22T00:34:49.602387,0,0,961.36262,0
2026-04-22T00:34:50.609367,0,0,960.480594,0
2026-04-22T00:34:51.615365,0,0,961.36262,0
2026-04-22T00:35:02.102676,0,0,960.480594,0
2026-04-22T00:35:04.585191,0,0,963.126672,0
2026-04-22T00:35:05.592273,0,0,961.36262,0
2026-04-22T00:35:06.598177,0,0,961.36262,0
2026-04-22T00:35:07.605166,0,0,960.480594,0
2026-04-22T00:35:08.611153,0,0,962.244646,0
2026-04-22T00:35:09.618119,0,0,962.244646,0
2026-04-22T00:35:10.625141,0,0,961.36262,0
2026-04-22T00:35:11.632186,0,0,961.36262,0
2026-04-22T00:35:12.639077,0,0,961.36262,0
2026-04-22T00:35:13.645102,0,0,961.36262,0
2026-04-22T00:35:14.652149,0,0,962.244646,0
2026-04-22T00:35:15.657963,0,0,961.36262,0
2026-04-22T00:35:16.665041,0,0,960.480594,0
2026-04-22T00:35:17.671009,0,0,961.36262,0
2026-04-22T00:35:18.677928,0,0,961.36262,0
2026-04-22T00:35:19.684005,0,0,961.36262,0
2026-04-22T00:35:20.691985,0,0,962.244646,0
2026-04-22T00:35:21.698992,0,0,961.36262,0
2026-04-22T00:35:22.704967,0,0,961.36262,0
2026-04-22T00:35:23.711961,0,0,961.36262,0
2026-04-22T00:35:24.717952,0,0,964.890724,0
2026-04-22T00:35:37.514422,0,0,962.244646,0
2026-04-22T00:35:38.520760,0,0,960.480594,0
2026-04-22T00:35:39.526793,0,0,961.36262,0
2026-04-22T00:35:40.533732,0,0,961.36262,0
2026-04-22T00:35:41.539610,0,0,961.36262,0
2026-04-22T00:35:42.545710,0,0,962.244646,0
2026-04-22T00:35:43.553698,0,0,963.126672,0
2026-04-22T00:35:44.560672,0,0,961.36262,0
2026-04-22T00:35:45.567671,0,0,961.36262,0
2026-04-22T00:35:46.573537,0,0,962.244646,0
2026-04-22T00:35:47.580682,0,0,962.244646,0
2026-04-22T00:35:48.586672,0,0,956.95249,0
2026-04-22T00:35:49.593782,0,0,962.244646,0
2026-04-22T00:35:50.599598,0,0,961.36262,0
2026-04-22T00:35:51.606638,0,0,963.126672,0
2026-04-22T00:35:52.612630,0,0,962.244646,0
2026-04-22T00:35:53.620581,0,0,961.36262,0
2026-04-22T00:35:54.627553,0,0,959.598568,0
2026-04-22T00:35:55.632620,0,0,961.36262,0
2026-04-22T00:35:56.640567,0,0,961.36262,0
2026-04-22T00:35:57.646571,0,0,961.36262,0
2026-04-22T00:35:58.653533,0,0,959.598568,0
2026-04-22T00:36:08.711820,0,0,959.598568,0
2026-04-22T00:36:11.194349,0,0,961.36262,0
2026-04-22T00:36:12.201320,0,0,961.36262,0
2026-04-22T00:36:13.207302,0,0,963.126672,0
2026-04-22T00:36:14.214278,0,0,961.36262,0
2026-04-22T00:36:15.220372,0,0,961.36262,0
2026-04-22T00:36:16.227267,0,0,962.244646,0
2026-04-22T00:36:17.234255,0,0,961.36262,0
2026-04-22T00:36:18.240297,0,0,962.244646,0
2026-04-22T00:36:19.248300,0,0,962.244646,0
2026-04-22T00:36:20.254182,0,0,958.716542,0
2026-04-22T00:36:21.261199,0,0,960.480594,0
2026-04-22T00:36:22.267178,0,0,961.36262,0
2026-04-22T00:36:23.274115,0,0,961.36262,0
2026-04-22T00:36:24.280214,0,0,961.36262,0
2026-04-22T00:36:25.287115,0,0,959.598568,0
2026-04-22T00:36:26.293116,0,0,961.36262,0
2026-04-22T00:36:27.301100,0,0,962.244646,0
2026-04-22T00:36:28.308172,0,0,961.36262,0
2026-04-22T00:36:29.314079,0,0,962.244646,0
2026-04-22T00:36:30.321057,0,0,962.244646,0
2026-04-22T00:36:31.326034,0,0,961.36262,0
2026-04-22T00:36:44.266726,0,0,962.244646,0
2026-04-22T00:36:45.272913,0,0,961.36262,0
2026-04-22T00:36:46.278893,0,0,961.36262,0
2026-04-22T00:36:47.285880,0,0,959.598568,0
2026-04-22T00:36:48.291847,0,0,961.36262,0
2026-04-22T00:36:49.298848,0,0,961.36262,0
2026-04-22T00:36:50.305831,0,0,962.244646,0
2026-04-22T00:36:51.312800,0,0,960.480594,0
2026-04-22T00:36:52.319807,0,0,961.36262,0
2026-04-22T00:36:53.325769,0,0,962.244646,0
2026-04-22T00:36:54.332821,0,0,958.716542,0
2026-04-22T00:36:55.338773,0,0,965.77275,0
2026-04-22T00:36:56.345751,0,0,961.36262,0
2026-04-22T00:36:57.351733,0,0,961.36262,0
2026-04-22T00:36:58.357691,0,0,962.244646,0
2026-04-22T00:36:59.364684,0,0,961.36262,0
2026-04-22T00:37:00.372659,0,0,960.480594,0
2026-04-22T00:37:01.379674,0,0,959.598568,0
2026-04-22T00:37:02.385668,0,0,964.890724,0
2026-04-22T00:37:03.392686,0,0,961.36262,0
2026-04-22T00:37:04.398517,0,0,961.36262,0
2026-04-22T00:37:05.405606,0,0,960.480594,0
2026-04-22T00:37:06.411593,0,0,961.36262,0
2026-04-22T00:37:07.418529,0,0,962.244646,0
2026-04-22T00:37:08.425568,0,0,959.598568,0
2026-04-22T00:37:09.431560,0,0,961.36262,0
2026-04-22T00:37:10.439545,0,0,960.480594,0
2026-04-22T00:37:11.445524,0,0,960.480594,0
2026-04-22T00:37:12.452518,0,0,962.244646,0
2026-04-22T00:37:13.458461,0,0,962.244646,0
2026-04-22T00:37:14.465432,0,0,958.716542,0
2026-04-22T00:37:15.471403,0,0,961.36262,0
2026-04-22T00:37:16.478396,0,0,961.36262,0
2026-04-22T00:37:17.485408,0,0,961.36262,0
2026-04-22T00:37:18.491368,0,0,961.36262,0
2026-04-22T00:37:19.498395,0,0,964.008698,0
2026-04-22T00:37:20.505348,0,0,956.070464,0
2026-04-22T00:37:21.512426,0,0,961.36262,0
2026-04-22T00:37:22.518315,0,0,962.244646,0
2026-04-22T00:37:23.525299,0,0,961.36262,0
2026-04-22T00:37:24.532610,0,0,962.244646,0
2026-04-22T00:37:25.538296,0,0,964.008698,0
2026-04-22T00:37:26.545257,0,0,961.36262,0
2026-04-22T00:37:27.551268,0,0,962.244646,0
2026-04-22T00:37:28.558207,0,0,962.244646,0
2026-04-22T00:37:29.564123,0,0,961.36262,0
2026-04-22T00:37:30.572289,0,0,961.36262,0
2026-04-22T00:37:31.578178,0,0,962.244646,0
2026-04-22T00:37:32.584203,0,0,962.244646,0
2026-04-22T00:37:33.592229,0,0,961.36262,0
2026-04-22T00:37:34.598109,0,0,961.36262,0
2026-04-22T00:37:35.605112,0,0,960.480594,0
2026-04-22T00:37:46.211337,0,0,958.716542,0
2026-04-22T00:37:48.693875,0,0,962.244646,0
2026-04-22T00:37:49.699826,0,0,961.36262,0
2026-04-22T00:37:50.706826,0,0,961.36262,0
2026-04-22T00:37:51.713809,0,0,961.36262,0
2026-04-22T00:37:52.719772,0,0,962.244646,0
2026-04-22T00:37:53.726755,0,0,962.244646,0
2026-04-22T00:37:54.733750,0,0,962.244646,0
2026-04-22T00:37:55.740748,0,0,961.36262,0
2026-04-22T00:37:56.747722,0,0,961.36262,0
2026-04-22T00:37:57.753687,0,0,962.244646,0
2026-04-22T00:37:58.760717,0,0,961.36262,0
2026-04-22T00:37:59.766718,0,0,960.480594,0
2026-04-22T00:38:00.774545,0,0,963.126672,0
2026-04-22T00:38:01.779730,0,0,956.95249,0
2026-04-22T00:38:02.786672,0,0,961.36262,0
2026-04-22T00:38:03.792674,0,0,962.244646,0
2026-04-22T00:38:04.800724,0,0,962.244646,0
2026-04-22T00:38:05.807642,0,0,961.36262,0
2026-04-22T00:38:06.813631,0,0,961.36262,0
2026-04-22T00:38:07.820623,0,0,964.890724,0
2026-04-22T00:38:08.826585,0,0,960.480594,0
2026-04-22T00:38:09.833565,0,0,961.36262,0
2026-04-22T00:38:10.839541,0,0,961.36262,0
2026-04-22T00:38:11.846531,0,0,961.36262,0
2026-04-22T00:38:12.853501,0,0,961.36262,0
2026-04-22T00:38:13.859503,0,0,963.126672,0
2026-04-22T00:38:14.867364,0,0,962.244646,0
2026-04-22T00:38:15.873467,0,0,963.126672,0
2026-04-22T00:38:16.880524,0,0,960.480594,0
2026-04-22T00:38:17.886427,0,0,961.36262,0
2026-04-22T00:38:18.893395,0,0,961.36262,0
2026-04-22T00:38:19.899386,0,0,962.244646,0
2026-04-22T00:38:20.906390,0,0,964.890724,0
2026-04-22T00:38:21.913367,0,0,961.36262,0
2026-04-22T00:38:22.919318,0,0,961.36262,0
2026-04-22T00:38:23.926331,0,0,961.36262,0
2026-04-22T00:38:24.933192,0,0,958.716542,0
2026-04-22T00:38:25.940359,0,0,961.36262,0
2026-04-22T00:38:26.946246,0,0,961.36262,0
2026-04-22T00:38:27.953275,0,0,961.36262,0
2026-04-22T00:38:28.960321,0,0,962.244646,0
2026-04-22T00:38:29.966239,0,0,961.36262,0
2026-04-22T00:38:30.973198,0,0,962.244646,0
2026-04-22T00:38:31.979181,0,0,961.36262,0
2026-04-22T00:38:32.986170,0,0,957.834516,0
2026-04-22T00:38:33.992269,0,0,961.36262,0
2026-04-22T00:38:35.000214,0,0,962.244646,0
2026-04-22T00:38:36.006137,0,0,962.244646,0
2026-04-22T00:38:37.013107,0,0,961.36262,0
2026-04-22T00:38:38.020193,0,0,962.244646,0
2026-04-22T00:38:39.026080,0,0,961.36262,0
2026-04-22T00:38:40.033047,0,0,958.716542,0
2026-04-22T00:38:41.039012,0,0,961.36262,0
2026-04-22T00:38:42.046031,0,0,961.36262,0
2026-04-22T00:38:43.051990,0,0,959.598568,0
2026-04-22T00:38:44.058993,0,0,961.36262,0
2026-04-22T00:38:45.066971,0,0,961.36262,0
2026-04-22T00:38:46.072971,0,0,961.36262,0
2026-04-22T00:38:47.079943,0,0,960.480594,0
2026-04-22T00:38:48.085902,0,0,961.36262,0
2026-04-22T00:38:49.092891,0,0,962.244646,0
2026-04-22T00:38:50.098898,0,0,961.36262,0
2026-04-22T00:38:51.105885,0,0,961.36262,0
2026-04-22T00:38:52.111838,0,0,961.36262,0
2026-04-22T00:38:53.118848,0,0,958.716542,0
2026-04-22T00:38:54.125810,0,0,961.36262,0
2026-04-22T00:38:55.132805,0,0,961.36262,0
2026-04-22T00:38:56.139766,0,0,961.36262,0
2026-04-22T00:38:57.145750,0,0,961.36262,0
2026-04-22T00:38:58.152757,0,0,964.890724,0
2026-04-22T00:38:59.158719,0,0,962.244646,0
2026-04-22T00:39:00.165718,0,0,962.244646,0
2026-04-22T00:39:01.172688,0,0,961.36262,0
2026-04-22T00:39:02.178676,0,0,961.36262,0
2026-04-22T00:39:03.185675,0,0,957.834516,0
2026-04-22T00:39:04.191618,0,0,962.244646,0
2026-04-22T00:39:05.199618,0,0,961.36262,0
2026-04-22T00:39:06.205591,0,0,961.36262,0
2026-04-22T00:39:07.212623,0,0,961.36262,0
2026-04-22T00:39:08.218575,0,0,961.36262,0
2026-04-22T00:39:09.225532,0,0,961.36262,0
2026-04-22T00:39:10.232606,0,0,961.36262,0
2026-04-22T00:39:11.238518,0,0,961.36262,0
2026-04-22T00:39:12.245492,0,0,962.244646,0
2026-04-22T00:39:13.251467,0,0,961.36262,0
2026-04-22T00:39:14.258486,0,0,965.77275,0
2026-04-22T00:39:15.265458,0,0,960.480594,0
2026-04-22T00:39:25.500812,0,0,961.36262,0
2026-04-22T00:39:27.983169,0,0,961.36262,0
2026-04-22T00:39:28.990154,0,0,961.36262,0
2026-04-22T00:39:29.996201,0,0,961.36262,0
2026-04-22T00:39:31.002119,0,0,962.244646,0
2026-04-22T00:39:32.009100,0,0,960.480594,0
2026-04-22T00:39:33.016140,0,0,962.244646,0
2026-04-22T00:39:34.022052,0,0,962.244646,0
2026-04-22T00:39:35.030005,0,0,961.36262,0
2026-04-22T00:39:36.037012,0,0,962.244646,0
2026-04-22T00:39:37.042997,0,0,961.36262,0
2026-04-22T00:39:38.049944,0,0,961.36262,0
2026-04-22T00:39:39.055989,0,0,962.244646,0
2026-04-22T00:39:40.062956,0,0,961.36262,0
2026-04-22T00:39:41.068898,0,0,961.36262,0
2026-04-22T00:39:42.075879,0,0,961.36262,0
2026-04-22T00:39:43.081861,0,0,961.36262,0
2026-04-22T00:39:44.089876,0,0,961.36262,0
2026-04-22T00:39:45.096874,0,0,961.36262,0
2026-04-22T00:39:46.102807,0,0,960.480594,0
2026-04-22T00:39:47.109782,0,0,964.008698,0
2026-04-22T00:39:48.115780,0,0,958.716542,0
2026-04-22T00:39:58.614076,0,0,960.480594,0
2026-04-22T00:40:01.096611,0,0,962.244646,0
2026-04-22T00:40:02.103531,0,0,961.36262,0
2026-04-22T00:40:03.109522,0,0,960.480594,0
2026-04-22T00:40:04.116586,0,0,961.36262,0
2026-04-22T00:40:05.122488,0,0,961.36262,0
2026-04-22T00:40:06.129475,0,0,961.36262,0
2026-04-22T00:40:07.136459,0,0,961.36262,0
2026-04-22T00:40:08.143432,0,0,960.480594,0
2026-04-22T00:40:09.150440,0,0,961.36262,0
2026-04-22T00:40:10.156425,0,0,961.36262,0
2026-04-22T00:40:11.163365,0,0,961.36262,0
2026-04-22T00:40:12.169357,0,0,960.480594,0
2026-04-22T00:40:13.176386,0,0,961.36262,0
2026-04-22T00:40:14.182302,0,0,961.36262,0
2026-04-22T00:40:15.189305,0,0,961.36262,0
2026-04-22T00:40:16.195306,0,0,962.244646,0
2026-04-22T00:40:17.203245,0,0,962.244646,0
2026-04-22T00:40:18.210229,0,0,961.36262,0
2026-04-22T00:40:19.216283,0,0,961.36262,0
2026-04-22T00:40:20.223207,0,0,958.716542,0
2026-04-22T00:40:21.228239,0,0,964.008698,0
2026-04-22T00:40:31.428778,0,0,959.598568,0
2026-04-22T00:40:33.911009,0,0,961.36262,0
2026-04-22T00:40:34.917974,0,0,962.244646,0
2026-04-22T00:40:35.923995,0,0,961.36262,0
2026-04-22T00:40:36.930980,0,0,960.480594,0
2026-04-22T00:40:37.936951,0,0,961.36262,0
2026-04-22T00:40:38.943925,0,0,961.36262,0
2026-04-22T00:40:39.950909,0,0,957.834516,0
2026-04-22T00:40:40.957890,0,0,965.77275,0
2026-04-22T00:40:41.964879,0,0,961.36262,0
2026-04-22T00:40:42.970861,0,0,961.36262,0
2026-04-22T00:40:43.977779,0,0,961.36262,0
2026-04-22T00:40:44.983833,0,0,962.244646,0
2026-04-22T00:40:45.990757,0,0,960.480594,0
2026-04-22T00:40:46.995743,0,0,962.244646,0
2026-04-22T00:40:48.003766,0,0,964.008698,0
2026-04-22T00:40:49.009714,0,0,961.36262,0
2026-04-22T00:40:50.016745,0,0,961.36262,0
2026-04-22T00:40:51.024678,0,0,961.36262,0
2026-04-22T00:40:52.030620,0,0,960.480594,0
2026-04-22T00:40:53.037557,0,0,962.244646,0
2026-04-22T00:41:04.207842,0,0,961.36262,0
2026-04-22T00:41:06.690351,0,0,961.36262,0
2026-04-22T00:41:07.697317,0,0,961.36262,0
2026-04-22T00:41:08.703300,0,0,961.36262,0
2026-04-22T00:41:09.710333,0,0,961.36262,0
2026-04-22T00:41:10.715308,0,0,962.244646,0
2026-04-22T00:41:11.723286,0,0,961.36262,0
2026-04-22T00:41:12.730240,0,0,961.36262,0
2026-04-22T00:41:13.737231,0,0,961.36262,0
2026-04-22T00:41:14.744303,0,0,961.36262,0
2026-04-22T00:41:15.750040,0,0,961.36262,0
2026-04-22T00:41:16.757182,0,0,962.244646,0
2026-04-22T00:41:17.763146,0,0,960.480594,0
2026-04-22T00:41:18.770125,0,0,961.36262,0
2026-04-22T00:41:19.776180,0,0,962.244646,0
2026-04-22T00:41:20.783065,0,0,961.36262,0
2026-04-22T00:41:21.789047,0,0,960.480594,0
2026-04-22T00:41:22.797060,0,0,959.598568,0
2026-04-22T00:41:23.804028,0,0,962.244646,0
2026-04-22T00:41:24.810015,0,0,961.36262,0
2026-04-22T00:41:25.816988,0,0,961.36262,0
2026-04-22T00:41:26.823004,0,0,960.480594,0
2026-04-22T00:41:37.239155,0,0,962.244646,0
2026-04-22T00:41:39.721701,0,0,964.890724,0
2026-04-22T00:41:40.728712,0,0,960.480594,0
2026-04-22T00:41:41.734651,0,0,960.480594,0
2026-04-22T00:41:42.741633,0,0,961.36262,0
2026-04-22T00:41:43.747593,0,0,962.244646,0
2026-04-22T00:41:44.754587,0,0,962.244646,0
2026-04-22T00:41:45.761551,0,0,962.244646,0
2026-04-22T00:41:46.768607,0,0,961.36262,0
2026-04-22T00:41:47.775514,0,0,959.598568,0
2026-04-22T00:41:48.781516,0,0,965.77275,0
2026-04-22T00:41:49.788603,0,0,962.244646,0
2026-04-22T00:41:50.794457,0,0,961.36262,0
2026-04-22T00:41:51.801450,0,0,962.244646,0
2026-04-22T00:41:52.807429,0,0,961.36262,0
2026-04-22T00:41:53.814401,0,0,961.36262,0
2026-04-22T00:41:54.820519,0,0,962.244646,0
2026-04-22T00:41:55.828483,0,0,964.008698,0
2026-04-22T00:41:56.835341,0,0,960.480594,0
2026-04-22T00:41:57.841278,0,0,961.36262,0
2026-04-22T00:42:08.475644,0,0,961.36262,0
2026-04-22T00:42:10.958103,0,0,961.36262,0
2026-04-22T00:42:11.964986,0,0,961.36262,0
2026-04-22T00:42:12.970967,0,0,961.36262,0
2026-04-22T00:42:13.977963,0,0,961.36262,0
2026-04-22T00:42:14.983918,0,0,962.244646,0
2026-04-22T00:42:15.991913,0,0,960.480594,0
2026-04-22T00:42:16.997889,0,0,961.36262,0
2026-04-22T00:42:18.004866,0,0,961.36262,0
2026-04-22T00:42:19.011892,0,0,961.36262,0
2026-04-22T00:42:20.016815,0,0,959.598568,0
2026-04-22T00:42:21.024800,0,0,961.36262,0
2026-04-22T00:42:22.030780,0,0,962.244646,0
2026-04-22T00:42:23.037762,0,0,962.244646,0
2026-04-22T00:42:24.043736,0,0,962.244646,0
2026-04-22T00:42:25.050721,0,0,964.008698,0
2026-04-22T00:42:26.056705,0,0,957.834516,0
2026-04-22T00:42:27.064678,0,0,960.480594,0
2026-04-22T00:42:28.071648,0,0,961.36262,0
2026-04-22T00:42:29.076633,0,0,962.244646,0
2026-04-22T00:42:30.084622,0,0,960.480594,0
2026-04-22T00:42:31.090593,0,0,961.36262,0
2026-04-22T00:42:32.097572,0,0,962.244646,0
2026-04-22T00:42:33.103596,0,0,962.244646,0
2026-04-22T00:42:34.110419,0,0,963.126672,0
2026-04-22T00:42:35.117534,0,0,961.36262,0
2026-04-22T00:42:36.123524,0,0,961.36262,0
2026-04-22T00:42:37.131503,0,0,961.36262,0
2026-04-22T00:42:38.137467,0,0,962.244646,0
2026-04-22T00:42:39.144515,0,0,961.36262,0
2026-04-22T00:42:40.150403,0,0,961.36262,0
2026-04-22T00:42:41.157410,0,0,962.244646,0
2026-04-22T00:42:42.163364,0,0,961.36262,0
2026-04-22T00:42:43.170355,0,0,962.244646,0
2026-04-22T00:42:44.177332,0,0,961.36262,0
2026-04-22T00:42:45.183316,0,0,961.36262,0
2026-04-22T00:42:46.190271,0,0,962.244646,0
2026-04-22T00:42:47.197238,0,0,961.36262,0
2026-04-22T00:42:48.204325,0,0,961.36262,0
2026-04-22T00:42:49.210193,0,0,961.36262,0
2026-04-22T00:42:50.217185,0,0,961.36262,0
2026-04-22T00:42:51.224303,0,0,961.36262,0
2026-04-22T00:42:52.230138,0,0,961.36262,0
2026-04-22T00:42:53.237123,0,0,961.36262,0
2026-04-22T00:42:54.241077,0,0,961.36262,0
2026-04-22T00:42:55.250081,0,0,958.716542,0
2026-04-22T00:42:56.256229,0,0,964.890724,0
2026-04-22T00:42:57.264136,0,0,962.244646,0
2026-04-22T00:42:58.270017,0,0,959.598568,0
2026-04-22T00:42:59.276878,0,0,961.36262,0
2026-04-22T00:43:00.283979,0,0,961.36262,0
2026-04-22T00:43:01.290004,0,0,961.36262,0
2026-04-22T00:43:02.296941,0,0,961.36262,0
2026-04-22T00:43:03.302917,0,0,961.36262,0
2026-04-22T00:43:13.793450,0,0,956.95249,0
2026-04-22T00:43:16.274740,0,0,962.244646,0
2026-04-22T00:43:17.282706,0,0,960.480594,0
2026-04-22T00:43:18.288695,0,0,961.36262,0
2026-04-22T00:43:19.295656,0,0,961.36262,0
2026-04-22T00:43:20.301647,0,0,962.244646,0
2026-04-22T00:43:21.308635,0,0,961.36262,0
2026-04-22T00:43:22.315603,0,0,961.36262,0
2026-04-22T00:43:23.322557,0,0,961.36262,0
2026-04-22T00:43:24.329572,0,0,964.890724,0
2026-04-22T00:43:25.335502,0,0,958.716542,0
2026-04-22T00:43:26.342514,0,0,961.36262,0
2026-04-22T00:43:27.348601,0,0,962.244646,0
2026-04-22T00:43:28.355474,0,0,962.244646,0
2026-04-22T00:43:29.361403,0,0,962.244646,0
2026-04-22T00:43:30.368526,0,0,963.126672,0
2026-04-22T00:43:31.374408,0,0,961.36262,0
2026-04-22T00:43:32.382400,0,0,961.36262,0
2026-04-22T00:43:33.389355,0,0,961.36262,0
2026-04-22T00:43:34.395348,0,0,961.36262,0
2026-04-22T00:43:35.402326,0,0,964.890724,0
2026-04-22T00:43:36.408367,0,0,956.95249,0
2026-04-22T00:43:37.415252,0,0,961.36262,0
2026-04-22T00:43:38.421200,0,0,961.36262,0
2026-04-22T00:43:39.428317,0,0,962.244646,0
2026-04-22T00:43:40.435204,0,0,961.36262,0
2026-04-22T00:43:41.441170,0,0,962.244646,0
2026-04-22T00:43:42.449150,0,0,961.36262,0
2026-04-22T00:43:43.455132,0,0,960.480594,0
2026-04-22T00:43:44.462078,0,0,961.36262,0
2026-04-22T00:43:45.468156,0,0,963.126672,0
2026-04-22T00:43:46.475053,0,0,964.890724,0
2026-04-22T00:43:47.481006,0,0,956.95249,0
2026-04-22T00:43:48.488016,0,0,961.36262,0
2026-04-22T00:43:49.494981,0,0,961.36262,0
2026-04-22T00:43:50.500957,0,0,962.244646,0
2026-04-22T00:43:51.507924,0,0,961.36262,0
2026-04-22T00:43:52.513914,0,0,961.36262,0
2026-04-22T00:43:53.521895,0,0,962.244646,0
2026-04-22T00:43:54.527867,0,0,961.36262,0
2026-04-22T00:43:55.534856,0,0,961.36262,0
2026-04-22T00:43:56.541833,0,0,961.36262,0
2026-04-22T00:43:57.547799,0,0,961.36262,0
2026-04-22T00:43:58.554773,0,0,962.244646,0
2026-04-22T00:43:59.560745,0,0,961.36262,0
2026-04-22T00:44:00.567743,0,0,960.480594,0
2026-04-22T00:44:01.573712,0,0,961.36262,0
2026-04-22T00:44:02.581695,0,0,962.244646,0
2026-04-22T00:44:03.587718,0,0,958.716542,0
2026-04-22T00:44:04.594652,0,0,959.598568,0
2026-04-22T00:44:05.601641,0,0,961.36262,0
2026-04-22T00:44:06.607615,0,0,961.36262,0
2026-04-22T00:44:07.614592,0,0,962.244646,0
2026-04-22T00:44:08.623566,0,0,962.244646,0
2026-04-22T00:44:09.627546,0,0,961.36262,0
2026-04-22T00:44:10.633510,0,0,961.36262,0
2026-04-22T00:44:11.640554,0,0,956.95249,0
2026-04-22T00:44:12.648540,0,0,961.36262,0
2026-04-22T00:44:13.654454,0,0,962.244646,0
2026-04-22T00:44:14.661444,0,0,961.36262,0
2026-04-22T00:44:15.667409,0,0,961.36262,0
2026-04-22T00:44:16.674430,0,0,963.126672,0
2026-04-22T00:44:17.680485,0,0,960.480594,0
2026-04-22T00:44:18.687391,0,0,961.36262,0
2026-04-22T00:44:19.693377,0,0,961.36262,0
2026-04-22T00:44:20.700401,0,0,961.36262,0
2026-04-22T00:44:21.707278,0,0,961.36262,0
2026-04-22T00:44:22.713271,0,0,961.36262,0
2026-04-22T00:44:23.721234,0,0,961.36262,0
2026-04-22T00:44:24.727221,0,0,962.244646,0
2026-04-22T00:44:25.734194,0,0,962.244646,0
2026-04-22T00:44:26.740357,0,0,961.36262,0
2026-04-22T00:44:27.747197,0,0,962.244646,0
2026-04-22T00:44:28.754146,0,0,961.36262,0
2026-04-22T00:44:29.760228,0,0,960.480594,0
2026-04-22T00:44:30.767085,0,0,960.480594,0
2026-04-22T00:44:31.773060,0,0,962.244646,0
2026-04-22T00:44:32.780194,0,0,962.244646,0
2026-04-22T00:44:33.787018,0,0,962.244646,0
2026-04-22T00:44:34.794005,0,0,960.480594,0
2026-04-22T00:44:35.799982,0,0,961.36262,0
2026-04-22T00:44:36.806957,0,0,960.480594,0
2026-04-22T00:44:37.813933,0,0,961.36262,0
2026-04-22T00:44:38.819926,0,0,961.36262,0
2026-04-22T00:44:39.826882,0,0,961.36262,0
2026-04-22T00:44:40.832871,0,0,961.36262,0
2026-04-22T00:44:41.839840,0,0,962.244646,0
2026-04-22T00:44:42.845829,0,0,961.36262,0
2026-04-22T00:44:43.853778,0,0,956.95249,0
2026-04-22T00:44:54.094115,0,0,962.244646,0
2026-04-22T00:44:56.576545,0,0,961.36262,0
2026-04-22T00:44:57.583491,0,0,961.36262,0
2026-04-22T00:44:58.589409,0,0,960.480594,0
2026-04-22T00:44:59.596496,0,0,961.36262,0
2026-04-22T00:45:00.602418,0,0,961.36262,0
2026-04-22T00:45:01.609376,0,0,961.36262,0
2026-04-22T00:45:02.616442,0,0,961.36262,0
2026-04-22T00:45:03.623362,0,0,962.244646,0
2026-04-22T00:45:04.630271,0,0,961.36262,0
2026-04-22T00:45:05.636369,0,0,961.36262,0
2026-04-22T00:45:06.643287,0,0,961.36262,0
2026-04-22T00:45:07.649247,0,0,962.244646,0
2026-04-22T00:45:08.656360,0,0,961.36262,0
2026-04-22T00:45:09.662192,0,0,962.244646,0
2026-04-22T00:45:10.669208,0,0,961.36262,0
2026-04-22T00:45:11.675147,0,0,962.244646,0
2026-04-22T00:45:12.683150,0,0,964.890724,0
2026-04-22T00:45:13.690137,0,0,962.244646,0
2026-04-22T00:45:14.696161,0,0,956.070464,0
2026-04-22T00:45:15.703034,0,0,960.480594,0
2026-04-22T00:45:26.580521,0,0,962.244646,0
2026-04-22T00:45:29.062791,0,0,964.890724,0
2026-04-22T00:45:30.069767,0,0,960.480594,0
2026-04-22T00:45:31.075689,0,0,961.36262,0
2026-04-22T00:45:32.082666,0,0,962.244646,0
2026-04-22T00:45:33.088703,0,0,961.36262,0
2026-04-22T00:45:34.095666,0,0,961.36262,0
2026-04-22T00:45:35.102627,0,0,962.244646,0
2026-04-22T00:45:36.109625,0,0,961.36262,0
2026-04-22T00:45:37.116611,0,0,962.244646,0
2026-04-22T00:45:38.122543,0,0,961.36262,0
2026-04-22T00:45:39.129525,0,0,960.480594,0
2026-04-22T00:45:40.135522,0,0,961.36262,0
2026-04-22T00:45:41.142461,0,0,961.36262,0
2026-04-22T00:45:42.148518,0,0,961.36262,0
2026-04-22T00:45:43.155428,0,0,962.244646,0
2026-04-22T00:45:44.161399,0,0,962.244646,0
2026-04-22T00:45:45.169398,0,0,960.480594,0
2026-04-22T00:45:46.176462,0,0,956.070464,0
2026-04-22T00:45:47.182343,0,0,964.008698,0
2026-04-22T00:45:48.189316,0,0,961.36262,0
2026-04-22T00:45:49.195291,0,0,961.36262,0
2026-04-22T00:45:50.202263,0,0,962.244646,0
2026-04-22T00:45:51.208364,0,0,961.36262,0
2026-04-22T00:45:52.215221,0,0,962.244646,0
2026-04-22T00:45:53.222200,0,0,960.480594,0
2026-04-22T00:45:54.228289,0,0,961.36262,0
2026-04-22T00:45:55.235158,0,0,961.36262,0
2026-04-22T00:45:56.242126,0,0,961.36262,0
2026-04-22T00:45:57.249122,0,0,958.716542,0
2026-04-22T00:45:58.255070,0,0,965.77275,0
2026-04-22T00:45:59.262059,0,0,961.36262,0
2026-04-22T00:46:00.268042,0,0,961.36262,0
2026-04-22T00:46:01.275070,0,0,962.244646,0
2026-04-22T00:46:02.281979,0,0,962.244646,0
2026-04-22T00:46:03.288006,0,0,962.244646,0
2026-04-22T00:46:04.294987,0,0,961.36262,0
2026-04-22T00:46:05.300961,0,0,961.36262,0
2026-04-22T00:46:06.308928,0,0,961.36262,0
2026-04-22T00:46:07.314894,0,0,961.36262,0
2026-04-22T00:46:08.321861,0,0,962.244646,0
2026-04-22T00:46:09.328824,0,0,961.36262,0
2026-04-22T00:46:10.334843,0,0,962.244646,0
2026-04-22T00:46:11.341810,0,0,961.36262,0
2026-04-22T00:46:12.347800,0,0,962.244646,0
2026-04-22T00:46:13.354763,0,0,962.244646,0
2026-04-22T00:46:14.360769,0,0,959.598568,0
2026-04-22T00:46:15.367690,0,0,960.480594,0
2026-04-22T00:46:16.374719,0,0,961.36262,0
2026-04-22T00:46:17.381678,0,0,961.36262,0
2026-04-22T00:46:18.388661,0,0,961.36262,0
2026-04-22T00:46:19.394629,0,0,960.480594,0
2026-04-22T00:46:20.401616,0,0,962.244646,0
2026-04-22T00:46:21.407490,0,0,961.36262,0
2026-04-22T00:46:31.892714,0,0,961.36262,0
2026-04-22T00:46:34.375307,0,0,961.36262,0
2026-04-22T00:46:35.382263,0,0,961.36262,0
2026-04-22T00:46:36.388313,0,0,961.36262,0
2026-04-22T00:46:37.395262,0,0,962.244646,0
2026-04-22T00:46:38.401198,0,0,961.36262,0
2026-04-22T00:46:39.408338,0,0,964.890724,0
2026-04-22T00:46:40.414168,0,0,958.716542,0
2026-04-22T00:46:41.422156,0,0,960.480594,0
2026-04-22T00:46:42.429110,0,0,962.244646,0
2026-04-22T00:46:43.435078,0,0,962.244646,0
2026-04-22T00:46:44.442070,0,0,961.36262,0
2026-04-22T00:46:45.448146,0,0,961.36262,0
2026-04-22T00:46:46.455034,0,0,962.244646,0
2026-04-22T00:46:47.461018,0,0,962.244646,0
2026-04-22T00:46:48.467965,0,0,961.36262,0
2026-04-22T00:46:49.473960,0,0,961.36262,0
2026-04-22T00:46:50.480948,0,0,961.36262,0
2026-04-22T00:46:51.488927,0,0,961.36262,0
2026-04-22T00:46:52.494899,0,0,962.244646,0
2026-04-22T00:46:53.501781,0,0,962.244646,0
2026-04-22T00:47:04.590064,0,0,964.008698,0
2026-04-22T00:47:07.072550,0,0,965.77275,0
2026-04-22T00:47:08.079512,0,0,961.36262,0
2026-04-22T00:47:09.085445,0,0,962.244646,0
2026-04-22T00:47:10.092497,0,0,960.480594,0
2026-04-22T00:47:11.098398,0,0,962.244646,0
2026-04-22T00:47:12.105399,0,0,962.244646,0
2026-04-22T00:47:13.112419,0,0,962.244646,0
2026-04-22T00:47:14.119341,0,0,960.480594,0
2026-04-22T00:47:15.126294,0,0,955.188438,0
2026-04-22T00:47:16.131303,0,0,963.126672,0
2026-04-22T00:47:17.138257,0,0,961.36262,0
2026-04-22T00:47:18.145274,0,0,961.36262,0
2026-04-22T00:47:19.152302,0,0,961.36262,0
2026-04-22T00:47:20.158211,0,0,961.36262,0
2026-04-22T00:47:21.165191,0,0,961.36262,0
2026-04-22T00:47:22.171190,0,0,961.36262,0
2026-04-22T00:47:23.179119,0,0,961.36262,0
2026-04-22T00:47:24.186102,0,0,961.36262,0
2026-04-22T00:47:25.192159,0,0,957.834516,0
2026-04-22T00:47:26.199064,0,0,960.480594,0
2026-04-22T00:47:37.039409,0,0,961.36262,0
2026-04-22T00:47:39.521802,0,0,959.598568,0
2026-04-22T00:47:40.528708,0,0,961.36262,0
2026-04-22T00:47:41.534722,0,0,964.890724,0
2026-04-22T00:47:42.541713,0,0,958.716542,0
2026-04-22T00:47:43.547698,0,0,962.244646,0
2026-04-22T00:47:44.554675,0,0,961.36262,0
2026-04-22T00:47:45.561666,0,0,963.126672,0
2026-04-22T00:47:46.568630,0,0,962.244646,0
2026-04-22T00:47:47.575611,0,0,962.244646,0
2026-04-22T00:47:48.581551,0,0,962.244646,0
2026-04-22T00:47:49.588600,0,0,961.36262,0
2026-04-22T00:47:50.594546,0,0,960.480594,0
2026-04-22T00:47:51.601509,0,0,961.36262,0
2026-04-22T00:47:52.607379,0,0,961.36262,0
2026-04-22T00:47:53.614466,0,0,961.36262,0
2026-04-22T00:47:54.620452,0,0,962.244646,0
2026-04-22T00:47:55.628472,0,0,962.244646,0
2026-04-22T00:47:56.635387,0,0,961.36262,0
2026-04-22T00:47:57.641380,0,0,962.244646,0
2026-04-22T00:47:58.648410,0,0,961.36262,0
2026-04-22T00:47:59.654171,0,0,961.36262,0
2026-04-22T00:48:00.661179,0,0,962.244646,0
2026-04-22T00:48:01.667288,0,0,961.36262,0
2026-04-22T00:48:02.674269,0,0,962.244646,0
2026-04-22T00:48:03.681243,0,0,961.36262,0
2026-04-22T00:48:04.687189,0,0,961.36262,0
2026-04-22T00:48:05.695173,0,0,962.244646,0
2026-04-22T00:48:06.701111,0,0,961.36262,0
2026-04-22T00:48:07.708338,0,0,961.36262,0
2026-04-22T00:48:08.714071,0,0,960.480594,0
2026-04-22T00:48:09.721068,0,0,961.36262,0
2026-04-22T00:48:10.727040,0,0,961.36262,0
2026-04-22T00:48:11.734001,0,0,961.36262,0
2026-04-22T00:48:12.740968,0,0,962.244646,0
2026-04-22T00:48:13.746992,0,0,964.890724,0
2026-04-22T00:48:14.753949,0,0,961.36262,0
2026-04-22T00:48:15.760933,0,0,961.36262,0
2026-04-22T00:48:16.767903,0,0,964.008698,0
2026-04-22T00:48:17.773894,0,0,958.716542,0
2026-04-22T00:48:18.780875,0,0,961.36262,0
2026-04-22T00:48:19.787829,0,0,961.36262,0
2026-04-22T00:48:20.793831,0,0,961.36262,0
2026-04-22T00:48:21.800798,0,0,958.716542,0
2026-04-22T00:48:22.806751,0,0,964.890724,0
2026-04-22T00:48:23.813720,0,0,956.070464,0
2026-04-22T00:48:24.819735,0,0,961.36262,0
2026-04-22T00:48:25.827687,0,0,961.36262,0
2026-04-22T00:48:26.833675,0,0,960.480594,0
2026-04-22T00:48:27.840637,0,0,961.36262,0
2026-04-22T00:48:28.847628,0,0,963.126672,0
2026-04-22T00:48:29.853583,0,0,961.36262,0
2026-04-22T00:48:30.860571,0,0,962.244646,0
2026-04-22T00:48:31.866531,0,0,962.244646,0
2026-04-22T00:48:32.873498,0,0,962.244646,0
2026-04-22T00:48:43.596970,0,0,958.716542,0
2026-04-22T00:48:46.079226,0,0,961.36262,0
2026-04-22T00:48:47.086320,0,0,961.36262,0
2026-04-22T00:48:48.092242,0,0,960.480594,0
2026-04-22T00:48:49.099114,0,0,961.36262,0
2026-04-22T00:48:50.105074,0,0,960.480594,0
2026-04-22T00:48:51.111051,0,0,961.36262,0
2026-04-22T00:48:52.119073,0,0,962.244646,0
2026-04-22T00:48:53.126048,0,0,960.480594,0
2026-04-22T00:48:54.133012,0,0,965.77275,0
2026-04-22T00:48:55.138960,0,0,959.598568,0
2026-04-22T00:48:56.145980,0,0,961.36262,0
2026-04-22T00:48:57.151798,0,0,962.244646,0
2026-04-22T00:48:58.158929,0,0,960.480594,0
2026-04-22T00:48:59.164897,0,0,961.36262,0
2026-04-22T00:49:00.171879,0,0,961.36262,0
2026-04-22T00:49:01.177836,0,0,962.244646,0
2026-04-22T00:49:02.185836,0,0,959.598568,0
2026-04-22T00:49:03.192794,0,0,961.36262,0
2026-04-22T00:49:04.198738,0,0,961.36262,0
2026-04-22T00:49:05.205742,0,0,961.36262,0
2026-04-22T00:49:15.876036,0,0,960.480594,0
2026-04-22T00:49:18.358455,0,0,962.244646,0
2026-04-22T00:49:19.365430,0,0,958.716542,0
2026-04-22T00:49:20.371364,0,0,961.36262,0
2026-04-22T00:49:21.378372,0,0,957.834516,0
2026-04-22T00:49:22.384402,0,0,962.244646,0
2026-04-22T00:49:23.391330,0,0,962.244646,0
2026-04-22T00:49:24.397255,0,0,962.244646,0
2026-04-22T00:49:25.405226,0,0,961.36262,0
2026-04-22T00:49:26.412313,0,0,961.36262,0
2026-04-22T00:49:27.418175,0,0,961.36262,0
2026-04-22T00:49:28.425174,0,0,962.244646,0
2026-04-22T00:49:29.431158,0,0,961.36262,0
2026-04-22T00:49:30.438137,0,0,961.36262,0
2026-04-22T00:49:31.444174,0,0,960.480594,0
2026-04-22T00:49:32.451085,0,0,958.716542,0
2026-04-22T00:49:33.457054,0,0,963.126672,0
2026-04-22T00:49:34.464024,0,0,961.36262,0
2026-04-22T00:49:35.472000,0,0,960.480594,0
2026-04-22T00:49:36.478008,0,0,961.36262,0
2026-04-22T00:49:37.484960,0,0,961.36262,0
2026-04-22T00:49:48.585326,0,0,966.654776,0
2026-04-22T00:49:51.067658,0,0,962.244646,0
2026-04-22T00:49:52.074588,0,0,962.244646,0
2026-04-22T00:49:53.080612,0,0,961.36262,0
2026-04-22T00:49:54.087539,0,0,961.36262,0
2026-04-22T00:49:55.093519,0,0,961.36262,0
2026-04-22T00:49:56.100557,0,0,961.36262,0
2026-04-22T00:49:57.106511,0,0,961.36262,0
2026-04-22T00:49:58.114439,0,0,961.36262,0
2026-04-22T00:49:59.121443,0,0,962.244646,0
2026-04-22T00:50:00.127424,0,0,961.36262,0
2026-04-22T00:50:01.134429,0,0,961.36262,0
2026-04-22T00:50:02.140451,0,0,962.244646,0
2026-04-22T00:50:03.147364,0,0,962.244646,0
2026-04-22T00:50:04.153284,0,0,962.244646,0
2026-04-22T00:50:05.160372,0,0,961.36262,0
2026-04-22T00:50:06.166268,0,0,961.36262,0
2026-04-22T00:50:07.174280,0,0,962.244646,0
2026-04-22T00:50:08.181216,0,0,965.77275,0
2026-04-22T00:50:09.187219,0,0,958.716542,0
2026-04-22T00:50:10.194194,0,0,961.36262,0
2026-04-22T00:50:20.739355,0,0,961.36262,0
2026-04-22T00:50:23.221857,0,0,961.36262,0
2026-04-22T00:50:24.228819,0,0,961.36262,0
2026-04-22T00:50:25.234821,0,0,962.244646,0
2026-04-22T00:50:26.241732,0,0,962.244646,0
2026-04-22T00:50:27.247732,0,0,961.36262,0
2026-04-22T00:50:28.254727,0,0,960.480594,0
2026-04-22T00:50:29.261685,0,0,962.244646,0
2026-04-22T00:50:30.268656,0,0,966.654776,0
2026-04-22T00:50:31.275625,0,0,961.36262,0
2026-04-22T00:50:32.281609,0,0,961.36262,0
2026-04-22T00:50:33.287581,0,0,962.244646,0
2026-04-22T00:50:34.294551,0,0,962.244646,0
2026-04-22T00:50:35.301535,0,0,961.36262,0
2026-04-22T00:50:36.307520,0,0,960.480594,0
2026-04-22T00:50:37.314494,0,0,961.36262,0
2026-04-22T00:50:38.320571,0,0,962.244646,0
2026-04-22T00:50:39.328502,0,0,961.36262,0
2026-04-22T00:50:40.335429,0,0,961.36262,0
2026-04-22T00:50:41.341395,0,0,962.244646,0
2026-04-22T00:50:42.348424,0,0,959.598568,0
2026-04-22T00:50:43.354318,0,0,961.36262,0
2026-04-22T00:50:44.361314,0,0,962.244646,0
2026-04-22T00:50:45.367295,0,0,961.36262,0
2026-04-22T00:50:46.374267,0,0,961.36262,0
2026-04-22T00:50:47.381244,0,0,962.244646,0
2026-04-22T00:50:48.387225,0,0,961.36262,0
2026-04-22T00:50:49.395221,0,0,961.36262,0
2026-04-22T00:50:50.400725,0,0,961.36262,0
2026-04-22T00:50:51.408302,0,0,961.36262,0
2026-04-22T00:50:52.414133,0,0,962.244646,0
2026-04-22T00:50:53.421066,0,0,962.244646,0
2026-04-22T00:50:54.427100,0,0,961.36262,0
2026-04-22T00:50:55.434037,0,0,960.480594,0
2026-04-22T00:50:56.441030,0,0,961.36262,0
2026-04-22T00:50:57.447001,0,0,962.244646,0
2026-04-22T00:50:58.453978,0,0,961.36262,0
2026-04-22T00:50:59.459961,0,0,961.36262,0
2026-04-22T00:51:00.467931,0,0,962.244646,0
2026-04-22T00:51:01.473924,0,0,957.834516,0
2026-04-22T00:51:02.480874,0,0,962.244646,0
2026-04-22T00:51:03.487848,0,0,962.244646,0
2026-04-22T00:51:04.493816,0,0,961.36262,0
2026-04-22T00:51:05.500790,0,0,961.36262,0
2026-04-22T00:51:06.506781,0,0,961.36262,0
2026-04-22T00:51:07.513727,0,0,961.36262,0
2026-04-22T00:51:08.519722,0,0,961.36262,0
2026-04-22T00:51:09.526706,0,0,961.36262,0
2026-04-22T00:51:10.533669,0,0,961.36262,0
2026-04-22T00:51:11.540633,0,0,965.77275,0
2026-04-22T00:51:12.547636,0,0,962.244646,0
2026-04-22T00:51:13.553609,0,0,960.480594,0
2026-04-22T00:51:14.560628,0,0,961.36262,0
2026-04-22T00:51:15.566550,0,0,961.36262,0
2026-04-22T00:51:16.573546,0,0,960.480594,0
2026-04-22T00:51:26.996814,0,0,962.244646,0
2026-04-22T00:51:29.479214,0,0,962.244646,0
2026-04-22T00:51:30.486159,0,0,961.36262,0
2026-04-22T00:51:31.492315,0,0,961.36262,0
2026-04-22T00:51:32.499135,0,0,962.244646,0
2026-04-22T00:51:33.505111,0,0,961.36262,0
2026-04-22T00:51:34.512227,0,0,962.244646,0
2026-04-22T00:51:35.519055,0,0,962.244646,0
2026-04-22T00:51:36.526012,0,0,962.244646,0
2026-04-22T00:51:37.533008,0,0,965.77275,0
2026-04-22T00:51:38.538988,0,0,956.95249,0
2026-04-22T00:51:39.545953,0,0,961.36262,0
2026-04-22T00:51:40.551944,0,0,960.480594,0
2026-04-22T00:51:41.558903,0,0,961.36262,0
2026-04-22T00:51:42.564846,0,0,961.36262,0
2026-04-22T00:51:43.571857,0,0,961.36262,0
2026-04-22T00:51:44.577853,0,0,962.244646,0
2026-04-22T00:51:45.585809,0,0,962.244646,0
2026-04-22T00:51:46.592788,0,0,960.480594,0
2026-04-22T00:51:47.598757,0,0,961.36262,0
2026-04-22T00:51:48.605712,0,0,962.244646,0
2026-04-22T00:51:49.611710,0,0,961.36262,0
2026-04-22T00:52:00.016331,0,0,960.480594,0
2026-04-22T00:52:02.498483,0,0,962.244646,0
2026-04-22T00:52:03.505444,0,0,962.244646,0
2026-04-22T00:52:04.511372,0,0,961.36262,0
2026-04-22T00:52:05.518411,0,0,962.244646,0
2026-04-22T00:52:06.524398,0,0,961.36262,0
2026-04-22T00:52:07.531326,0,0,960.480594,0
2026-04-22T00:52:08.538301,0,0,961.36262,0
2026-04-22T00:52:09.545308,0,0,962.244646,0
2026-04-22T00:52:10.552353,0,0,964.008698,0
2026-04-22T00:52:11.558256,0,0,958.716542,0
2026-04-22T00:52:12.565203,0,0,958.716542,0
2026-04-22T00:52:13.571207,0,0,962.244646,0
2026-04-22T00:52:14.578186,0,0,961.36262,0
2026-04-22T00:52:15.584229,0,0,962.244646,0
2026-04-22T00:52:16.591133,0,0,961.36262,0
2026-04-22T00:52:17.597091,0,0,962.244646,0
2026-04-22T00:52:18.605029,0,0,962.244646,0
2026-04-22T00:52:19.612130,0,0,961.36262,0
2026-04-22T00:52:20.618034,0,0,963.126672,0
2026-04-22T00:52:21.625018,0,0,964.890724,0
2026-04-22T00:52:32.066235,0,0,962.244646,0
2026-04-22T00:52:34.548706,0,0,962.244646,0
2026-04-22T00:52:35.555573,0,0,961.36262,0
2026-04-22T00:52:36.561578,0,0,961.36262,0
2026-04-22T00:52:37.568610,0,0,962.244646,0
2026-04-22T00:52:38.574526,0,0,961.36262,0
2026-04-22T00:52:39.581514,0,0,962.244646,0
2026-04-22T00:52:40.587484,0,0,962.244646,0
2026-04-22T00:52:41.595442,0,0,961.36262,0
2026-04-22T00:52:42.602441,0,0,962.244646,0
2026-04-22T00:52:43.608448,0,0,962.244646,0
2026-04-22T00:52:44.615353,0,0,961.36262,0
2026-04-22T00:52:45.621368,0,0,961.36262,0
2026-04-22T00:52:46.628394,0,0,961.36262,0
2026-04-22T00:52:47.634326,0,0,961.36262,0
2026-04-22T00:52:48.641280,0,0,962.244646,0
2026-04-22T00:52:49.647240,0,0,962.244646,0
2026-04-22T00:52:50.655289,0,0,961.36262,0
2026-04-22T00:52:51.662251,0,0,958.716542,0
2026-04-22T00:52:52.667205,0,0,964.890724,0
2026-04-22T00:52:53.675210,0,0,961.36262,0
2026-04-22T00:52:54.681175,0,0,962.244646,0
2026-04-22T00:53:05.832485,0,0,961.36262,0
2026-04-22T00:53:08.314761,0,0,961.36262,0
2026-04-22T00:53:09.321730,0,0,962.244646,0
2026-04-22T00:53:10.327690,0,0,961.36262,0
2026-04-22T00:53:11.334674,0,0,956.070464,0
2026-04-22T00:53:12.340657,0,0,963.126672,0
2026-04-22T00:53:13.347626,0,0,961.36262,0
2026-04-22T00:53:14.354603,0,0,963.126672,0
2026-04-22T00:53:15.361580,0,0,961.36262,0
2026-04-22T00:53:16.368614,0,0,961.36262,0
2026-04-22T00:53:17.374571,0,0,961.36262,0
2026-04-22T00:53:18.381530,0,0,961.36262,0
2026-04-22T00:53:19.387505,0,0,962.244646,0
2026-04-22T00:53:20.394481,0,0,964.008698,0
2026-04-22T00:53:21.400542,0,0,956.070464,0
2026-04-22T00:53:22.407389,0,0,961.36262,0
2026-04-22T00:53:23.413381,0,0,960.480594,0
2026-04-22T00:53:24.421335,0,0,960.480594,0
2026-04-22T00:53:25.428425,0,0,961.36262,0
2026-04-22T00:53:26.434322,0,0,961.36262,0
2026-04-22T00:53:27.441309,0,0,962.244646,0
2026-04-22T00:53:40.298602,0,0,961.36262,0
2026-04-22T00:53:41.304982,0,0,960.480594,0
2026-04-22T00:53:42.310937,0,0,960.480594,0
2026-04-22T00:53:43.317903,0,0,962.244646,0
2026-04-22T00:53:44.323855,0,0,961.36262,0
2026-04-22T00:53:45.330884,0,0,966.654776,0
2026-04-22T00:53:46.337842,0,0,960.480594,0
2026-04-22T00:53:47.344825,0,0,961.36262,0
2026-04-22T00:53:48.350789,0,0,961.36262,0
2026-04-22T00:53:49.357762,0,0,961.36262,0
2026-04-22T00:53:50.364711,0,0,961.36262,0
2026-04-22T00:53:51.370720,0,0,962.244646,0
2026-04-22T00:53:52.377662,0,0,961.36262,0
2026-04-22T00:53:53.383646,0,0,961.36262,0
2026-04-22T00:53:54.390639,0,0,965.77275,0
2026-04-22T00:53:55.396640,0,0,961.36262,0
2026-04-22T00:53:56.403558,0,0,961.36262,0
2026-04-22T00:53:57.411571,0,0,958.716542,0
2026-04-22T00:53:58.417528,0,0,962.244646,0
2026-04-22T00:53:59.424533,0,0,961.36262,0
2026-04-22T00:54:10.561758,0,0,961.36262,0
2026-04-22T00:54:13.044190,0,0,961.36262,0
2026-04-22T00:54:14.051136,0,0,961.36262,0
2026-04-22T00:54:15.057095,0,0,961.36262,0
2026-04-22T00:54:16.064103,0,0,961.36262,0
2026-04-22T00:54:17.070064,0,0,962.244646,0
2026-04-22T00:54:18.077047,0,0,959.598568,0
2026-04-22T00:54:19.083973,0,0,961.36262,0
2026-04-22T00:54:20.090927,0,0,961.36262,0
2026-04-22T00:54:21.097978,0,0,959.598568,0
2026-04-22T00:54:22.103890,0,0,965.77275,0
2026-04-22T00:54:23.110899,0,0,960.480594,0
2026-04-22T00:54:24.116865,0,0,962.244646,0
2026-04-22T00:54:25.123843,0,0,961.36262,0
2026-04-22T00:54:26.129835,0,0,961.36262,0
2026-04-22T00:54:27.136812,0,0,963.126672,0
2026-04-22T00:54:28.142743,0,0,962.244646,0
2026-04-22T00:54:29.150744,0,0,961.36262,0
2026-04-22T00:54:30.157714,0,0,962.244646,0
2026-04-22T00:54:31.163608,0,0,957.834516,0
2026-04-22T00:54:32.170671,0,0,961.36262,0
2026-04-22T00:54:33.175623,0,0,961.36262,0
2026-04-22T00:54:34.183568,0,0,961.36262,0
2026-04-22T00:54:44.568952,0,0,962.244646,0
2026-04-22T00:54:47.051359,0,0,956.95249,0
2026-04-22T00:54:48.058313,0,0,960.480594,0
2026-04-22T00:54:49.064370,0,0,961.36262,0
2026-04-22T00:54:50.071229,0,0,961.36262,0
2026-04-22T00:54:51.077233,0,0,962.244646,0
2026-04-22T00:54:52.084271,0,0,967.536802,0
2026-04-22T00:54:53.091196,0,0,956.95249,0
2026-04-22T00:54:54.098039,0,0,962.244646,0
2026-04-22T00:54:55.105148,0,0,961.36262,0
2026-04-22T00:54:56.111085,0,0,961.36262,0
2026-04-22T00:54:57.118126,0,0,962.244646,0
2026-04-22T00:54:58.124134,0,0,962.244646,0
2026-04-22T00:54:59.131042,0,0,966.654776,0
2026-04-22T00:55:00.134992,0,0,961.36262,0
2026-04-22T00:55:01.143960,0,0,961.36262,0
2026-04-22T00:55:02.149968,0,0,960.480594,0
2026-04-22T00:55:03.157916,0,0,961.36262,0
2026-04-22T00:55:04.164924,0,0,961.36262,0
2026-04-22T00:55:05.170897,0,0,962.244646,0
2026-04-22T00:55:06.177864,0,0,960.480594,0
2026-04-22T00:55:07.183852,0,0,961.36262,0
2026-04-22T00:55:08.190808,0,0,961.36262,0
2026-04-22T00:55:09.196806,0,0,961.36262,0
2026-04-22T00:55:10.203779,0,0,961.36262,0
2026-04-22T00:55:11.210731,0,0,961.36262,0
2026-04-22T00:55:12.216698,0,0,961.36262,0
2026-04-22T00:55:13.224729,0,0,962.244646,0
2026-04-22T00:55:14.230605,0,0,962.244646,0
2026-04-22T00:55:15.237592,0,0,961.36262,0
2026-04-22T00:55:16.243565,0,0,961.36262,0
2026-04-22T00:55:17.249536,0,0,960.480594,0
2026-04-22T00:55:18.256582,0,0,961.36262,0
2026-04-22T00:55:19.263483,0,0,961.36262,0
2026-04-22T00:55:20.270436,0,0,961.36262,0
2026-04-22T00:55:21.276519,0,0,961.36262,0
2026-04-22T00:55:22.283441,0,0,961.36262,0
2026-04-22T00:55:23.290390,0,0,961.36262,0
2026-04-22T00:55:24.297385,0,0,962.244646,0
2026-04-22T00:55:25.303367,0,0,962.244646,0
2026-04-22T00:55:26.310312,0,0,960.480594,0
2026-04-22T00:55:27.317321,0,0,961.36262,0
2026-04-22T00:55:28.323280,0,0,961.36262,0
2026-04-22T00:55:29.330259,0,0,961.36262,0
2026-04-22T00:55:30.336325,0,0,959.598568,0
2026-04-22T00:55:31.343201,0,0,959.598568,0
2026-04-22T00:55:32.349159,0,0,964.008698,0
2026-04-22T00:55:33.357129,0,0,962.244646,0
2026-04-22T00:55:34.362095,0,0,962.244646,0
2026-04-22T00:55:35.370070,0,0,960.480594,0
2026-04-22T00:55:36.377044,0,0,961.36262,0
2026-04-22T00:55:37.383036,0,0,959.598568,0
2026-04-22T00:55:38.390022,0,0,956.070464,0
2026-04-22T00:55:39.395966,0,0,966.654776,0
2026-04-22T00:55:49.571304,0,0,957.834516,0
2026-04-22T00:55:52.053719,0,0,961.36262,0
2026-04-22T00:55:53.060681,0,0,962.244646,0
2026-04-22T00:55:54.066633,0,0,962.244646,0
2026-04-22T00:55:55.073627,0,0,961.36262,0
2026-04-22T00:55:56.079671,0,0,962.244646,0
2026-04-22T00:55:57.086508,0,0,962.244646,0
2026-04-22T00:55:58.093491,0,0,961.36262,0
2026-04-22T00:55:59.100522,0,0,962.244646,0
2026-04-22T00:56:00.107427,0,0,961.36262,0
2026-04-22T00:56:01.113420,0,0,961.36262,0
2026-04-22T00:56:02.120438,0,0,960.480594,0
2026-04-22T00:56:03.126345,0,0,962.244646,0
2026-04-22T00:56:04.133321,0,0,966.654776,0
2026-04-22T00:56:05.139301,0,0,956.95249,0
2026-04-22T00:56:06.146241,0,0,961.36262,0
2026-04-22T00:56:07.152339,0,0,961.36262,0
2026-04-22T00:56:08.160300,0,0,961.36262,0
2026-04-22T00:56:09.167215,0,0,962.244646,0
2026-04-22T00:56:10.172285,0,0,961.36262,0
2026-04-22T00:56:11.180245,0,0,961.36262,0
2026-04-22T00:56:12.186081,0,0,961.36262,0
2026-04-22T00:56:13.193087,0,0,961.36262,0
2026-04-22T00:56:14.199071,0,0,962.244646,0
2026-04-22T00:56:15.206058,0,0,964.890724,0
2026-04-22T00:56:16.213019,0,0,961.36262,0
2026-04-22T00:56:17.218994,0,0,961.36262,0
2026-04-22T00:56:18.226910,0,0,961.36262,0
2026-04-22T00:56:19.232936,0,0,961.36262,0
2026-04-22T00:56:20.239877,0,0,961.36262,0
2026-04-22T00:56:21.245905,0,0,961.36262,0
2026-04-22T00:56:22.252863,0,0,961.36262,0
2026-04-22T00:56:23.258826,0,0,961.36262,0
2026-04-22T00:56:24.265777,0,0,960.480594,0
2026-04-22T00:56:25.272792,0,0,958.716542,0
2026-04-22T00:56:26.278758,0,0,962.244646,0
2026-04-22T00:56:27.285744,0,0,961.36262,0
2026-04-22T00:56:28.292715,0,0,961.36262,0
2026-04-22T00:56:29.299677,0,0,961.36262,0
2026-04-22T00:56:30.305619,0,0,961.36262,0
2026-04-22T00:56:31.312601,0,0,961.36262,0
2026-04-22T00:56:32.319581,0,0,958.716542,0
2026-04-22T00:56:33.325556,0,0,964.890724,0
2026-04-22T00:56:34.332579,0,0,961.36262,0
2026-04-22T00:56:35.338477,0,0,961.36262,0
2026-04-22T00:56:36.345466,0,0,961.36262,0
2026-04-22T00:56:37.350423,0,0,962.244646,0
2026-04-22T00:56:38.359417,0,0,962.244646,0
2026-04-22T00:56:39.365404,0,0,961.36262,0
2026-04-22T00:56:40.372462,0,0,967.536802,0
2026-04-22T00:56:41.379337,0,0,962.244646,0
2026-04-22T00:56:42.385316,0,0,962.244646,0
2026-04-22T00:56:43.392412,0,0,960.480594,0
2026-04-22T00:56:44.398256,0,0,960.480594,0
2026-04-22T00:56:45.405275,0,0,961.36262,0
2026-04-22T00:56:55.792636,0,0,962.244646,0
2026-04-22T00:56:58.274939,0,0,961.36262,0
2026-04-22T00:56:59.281908,0,0,957.834516,0
2026-04-22T00:57:00.286960,0,0,964.890724,0
2026-04-22T00:57:01.294951,0,0,965.77275,0
2026-04-22T00:57:02.300873,0,0,957.834516,0
2026-04-22T00:57:03.307847,0,0,957.834516,0
2026-04-22T00:57:04.314820,0,0,967.536802,0
2026-04-22T00:57:05.321805,0,0,961.36262,0
2026-04-22T00:57:06.328779,0,0,961.36262,0
2026-04-22T00:57:07.334743,0,0,961.36262,0
2026-04-22T00:57:08.341711,0,0,962.244646,0
2026-04-22T00:57:09.347696,0,0,962.244646,0
2026-04-22T00:57:10.354669,0,0,960.480594,0
2026-04-22T00:57:11.360719,0,0,961.36262,0
2026-04-22T00:57:12.367619,0,0,961.36262,0
2026-04-22T00:57:13.373588,0,0,961.36262,0
2026-04-22T00:57:14.381567,0,0,961.36262,0
2026-04-22T00:57:15.388573,0,0,961.36262,0
2026-04-22T00:57:16.394466,0,0,961.36262,0
2026-04-22T00:57:17.401489,0,0,960.480594,0
2026-04-22T00:57:18.407452,0,0,959.598568,0
2026-04-22T00:57:19.414420,0,0,960.480594,0
2026-04-22T00:57:20.420485,0,0,962.244646,0
2026-04-22T00:57:21.427362,0,0,961.36262,0
2026-04-22T00:57:22.434322,0,0,962.244646,0
2026-04-22T00:57:23.440444,0,0,962.244646,0
2026-04-22T00:57:24.448390,0,0,961.36262,0
2026-04-22T00:57:25.454259,0,0,961.36262,0
2026-04-22T00:57:26.459241,0,0,962.244646,0
2026-04-22T00:57:27.467211,0,0,961.36262,0
2026-04-22T00:57:28.474158,0,0,961.36262,0
2026-04-22T00:57:29.480288,0,0,962.244646,0
2026-04-22T00:57:30.487123,0,0,958.716542,0
2026-04-22T00:57:31.494123,0,0,960.480594,0
2026-04-22T00:57:32.500199,0,0,962.244646,0
2026-04-22T00:57:33.507065,0,0,962.244646,0
2026-04-22T00:57:34.513003,0,0,961.36262,0
2026-04-22T00:57:35.521003,0,0,961.36262,0
2026-04-22T00:57:36.526957,0,0,961.36262,0
2026-04-22T00:57:37.533947,0,0,961.36262,0
2026-04-22T00:57:38.540942,0,0,962.244646,0
2026-04-22T00:57:39.546900,0,0,961.36262,0
2026-04-22T00:57:40.553898,0,0,962.244646,0
2026-04-22T00:57:41.558881,0,0,961.36262,0
2026-04-22T00:57:42.566845,0,0,958.716542,0
2026-04-22T00:57:43.572801,0,0,965.77275,0
2026-04-22T00:57:44.579825,0,0,962.244646,0
2026-04-22T00:57:45.586755,0,0,962.244646,0
2026-04-22T00:57:46.593844,0,0,962.244646,0
2026-04-22T00:57:47.600704,0,0,961.36262,0
2026-04-22T00:57:48.606677,0,0,961.36262,0
2026-04-22T00:57:49.613645,0,0,961.36262,0
2026-04-22T00:57:50.619592,0,0,961.36262,0
2026-04-22T00:58:01.531867,0,0,961.36262,0
2026-04-22T00:58:04.014201,0,0,957.834516,0
2026-04-22T00:58:05.021187,0,0,961.36262,0
2026-04-22T00:58:06.027160,0,0,962.244646,0
2026-04-22T00:58:07.034131,0,0,961.36262,0
2026-04-22T00:58:08.040226,0,0,961.36262,0
2026-04-22T00:58:09.047078,0,0,962.244646,0
2026-04-22T00:58:10.054051,0,0,961.36262,0
2026-04-22T00:58:11.061017,0,0,961.36262,0
2026-04-22T00:58:12.068000,0,0,961.36262,0
2026-04-22T00:58:13.073964,0,0,960.480594,0
2026-04-22T00:58:14.080954,0,0,958.716542,0
2026-04-22T00:58:15.086931,0,0,964.890724,0
2026-04-22T00:58:16.093917,0,0,962.244646,0
2026-04-22T00:58:17.099887,0,0,961.36262,0
2026-04-22T00:58:18.106882,0,0,963.126672,0
2026-04-22T00:58:19.112856,0,0,961.36262,0
2026-04-22T00:58:20.120835,0,0,961.36262,0
2026-04-22T00:58:21.127784,0,0,961.36262,0
2026-04-22T00:58:22.133764,0,0,961.36262,0
2026-04-22T00:58:33.349277,0,0,960.480594,0
2026-04-22T00:58:35.831465,0,0,962.244646,0
2026-04-22T00:58:36.838458,0,0,961.36262,0
2026-04-22T00:58:37.844489,0,0,961.36262,0
2026-04-22T00:58:38.851412,0,0,961.36262,0
2026-04-22T00:58:39.857359,0,0,961.36262,0
2026-04-22T00:58:40.864396,0,0,957.834516,0
2026-04-22T00:58:41.871315,0,0,965.77275,0
2026-04-22T00:58:42.878262,0,0,961.36262,0
2026-04-22T00:58:43.885280,0,0,961.36262,0
2026-04-22T00:58:44.891225,0,0,961.36262,0
2026-04-22T00:58:45.898209,0,0,961.36262,0
2026-04-22T00:58:46.904242,0,0,961.36262,0
2026-04-22T00:58:47.911156,0,0,961.36262,0
2026-04-22T00:58:48.917137,0,0,959.598568,0
2026-04-22T00:58:49.924188,0,0,961.36262,0
2026-04-22T00:58:50.929052,0,0,963.126672,0
2026-04-22T00:58:51.938062,0,0,961.36262,0
2026-04-22T00:58:52.944914,0,0,960.480594,0
2026-04-22T00:58:53.951007,0,0,961.36262,0
2026-04-22T00:58:54.957975,0,0,962.244646,0
2026-04-22T00:58:55.963949,0,0,962.244646,0
2026-04-22T00:58:56.970945,0,0,961.36262,0
2026-04-22T00:58:57.976823,0,0,960.480594,0
2026-04-22T00:58:58.983823,0,0,961.36262,0
2026-04-22T00:58:59.990823,0,0,961.36262,0
2026-04-22T00:59:00.996791,0,0,961.36262,0
2026-04-22T00:59:02.004748,0,0,962.244646,0
2026-04-22T00:59:03.010736,0,0,961.36262,0
2026-04-22T00:59:04.017706,0,0,961.36262,0
2026-04-22T00:59:05.023693,0,0,962.244646,0
2026-04-22T00:59:06.030678,0,0,958.716542,0
2026-04-22T00:59:07.036672,0,0,966.654776,0
2026-04-22T00:59:08.043638,0,0,957.834516,0
2026-04-22T00:59:09.050590,0,0,961.36262,0
2026-04-22T00:59:10.056599,0,0,961.36262,0
2026-04-22T00:59:11.063517,0,0,960.480594,0
2026-04-22T00:59:12.070538,0,0,960.480594,0
2026-04-22T00:59:13.077478,0,0,962.244646,0
2026-04-22T00:59:14.083470,0,0,961.36262,0
2026-04-22T00:59:15.090427,0,0,961.36262,0
2026-04-22T00:59:16.097399,0,0,961.36262,0
2026-04-22T00:59:17.103396,0,0,959.598568,0
2026-04-22T00:59:18.110379,0,0,967.536802,0
2026-04-22T00:59:19.116415,0,0,957.834516,0
2026-04-22T00:59:20.123261,0,0,961.36262,0
2026-04-22T00:59:21.129334,0,0,962.244646,0
2026-04-22T00:59:22.137239,0,0,961.36262,0
2026-04-22T00:59:23.143257,0,0,963.126672,0
2026-04-22T00:59:24.150219,0,0,962.244646,0
2026-04-22T00:59:25.157181,0,0,961.36262,0
2026-04-22T00:59:26.163172,0,0,961.36262,0
2026-04-22T00:59:27.170125,0,0,961.36262,0
2026-04-22T00:59:28.176161,0,0,961.36262,0
2026-04-22T00:59:38.696468,0,0,960.480594,0
2026-04-22T00:59:41.178720,0,0,961.36262,0
2026-04-22T00:59:42.185689,0,0,961.36262,0
2026-04-22T00:59:43.191661,0,0,961.36262,0
2026-04-22T00:59:44.198633,0,0,961.36262,0
2026-04-22T00:59:45.204682,0,0,962.244646,0
2026-04-22T00:59:46.211584,0,0,961.36262,0
2026-04-22T00:59:47.218565,0,0,965.77275,0
2026-04-22T00:59:48.225540,0,0,958.716542,0
2026-04-22T00:59:49.232535,0,0,960.480594,0
2026-04-22T00:59:50.238485,0,0,961.36262,0
2026-04-22T00:59:51.245448,0,0,961.36262,0
2026-04-22T00:59:52.251419,0,0,962.244646,0
2026-04-22T00:59:53.258413,0,0,960.480594,0
2026-04-22T00:59:54.264458,0,0,961.36262,0
2026-04-22T00:59:55.271339,0,0,958.716542,0
2026-04-22T00:59:56.277337,0,0,961.36262,0
2026-04-22T00:59:57.284401,0,0,961.36262,0
2026-04-22T00:59:58.292351,0,0,961.36262,0
2026-04-22T00:59:59.298240,0,0,961.36262,0
2026-04-22T01:00:00.305166,0,0,961.36262,0
2026-04-22T01:00:01.311252,0,0,961.36262,0
2026-04-22T01:00:02.318204,0,0,965.77275,0
2026-04-22T01:00:03.324309,0,0,958.716542,0
2026-04-22T01:00:04.331131,0,0,961.36262,0
2026-04-22T01:00:05.338109,0,0,961.36262,0
2026-04-22T01:00:06.344190,0,0,961.36262,0
2026-04-22T01:00:07.352199,0,0,957.834516,0
2026-04-22T01:00:08.358091,0,0,967.536802,0
2026-04-22T01:00:09.365061,0,0,961.36262,0
2026-04-22T01:00:10.371010,0,0,962.244646,0
2026-04-22T01:00:11.376951,0,0,961.36262,0
2026-04-22T01:00:12.383987,0,0,961.36262,0
2026-04-22T01:00:13.390936,0,0,961.36262,0
2026-04-22T01:00:14.397917,0,0,961.36262,0
2026-04-22T01:00:15.403903,0,0,960.480594,0
2026-04-22T01:00:16.410869,0,0,961.36262,0
2026-04-22T01:00:17.416868,0,0,961.36262,0
2026-04-22T01:00:18.424765,0,0,962.244646,0
2026-04-22T01:00:19.430793,0,0,961.36262,0
2026-04-22T01:00:20.437774,0,0,961.36262,0
2026-04-22T01:00:21.444741,0,0,962.244646,0
2026-04-22T01:00:22.450688,0,0,960.480594,0
2026-04-22T01:00:23.457698,0,0,961.36262,0
2026-04-22T01:00:24.463657,0,0,962.244646,0
2026-04-22T01:00:25.470642,0,0,960.480594,0
2026-04-22T01:00:26.476631,0,0,961.36262,0
2026-04-22T01:00:27.483546,0,0,961.36262,0
2026-04-22T01:00:28.489530,0,0,962.244646,0
2026-04-22T01:00:29.497496,0,0,962.244646,0
2026-04-22T01:00:30.504567,0,0,957.834516,0
2026-04-22T01:00:31.510490,0,0,962.244646,0
2026-04-22T01:00:32.517410,0,0,961.36262,0
2026-04-22T01:00:33.523409,0,0,962.244646,0
2026-04-22T01:00:44.491545,0,0,961.36262,0
2026-04-22T01:00:46.973994,0,0,961.36262,0
2026-04-22T01:00:47.980983,0,0,961.36262,0
2026-04-22T01:00:48.986957,0,0,961.36262,0
2026-04-22T01:00:49.993903,0,0,961.36262,0
2026-04-22T01:00:50.999868,0,0,961.36262,0
2026-04-22T01:00:52.006854,0,0,962.244646,0
2026-04-22T01:00:53.013837,0,0,960.480594,0
2026-04-22T01:00:54.020881,0,0,958.716542,0
2026-04-22T01:00:55.027790,0,0,959.598568,0
2026-04-22T01:00:56.033794,0,0,958.716542,0
2026-04-22T01:00:57.040734,0,0,962.244646,0
2026-04-22T01:00:58.046715,0,0,961.36262,0
2026-04-22T01:00:59.052606,0,0,962.244646,0
2026-04-22T01:01:00.059652,0,0,961.36262,0
2026-04-22T01:01:01.066679,0,0,961.36262,0
2026-04-22T01:01:02.072650,0,0,961.36262,0
2026-04-22T01:01:03.080635,0,0,955.188438,0
2026-04-22T01:01:04.087548,0,0,961.36262,0
2026-04-22T01:01:05.093537,0,0,963.126672,0
2026-04-22T01:01:06.100543,0,0,961.36262,0
2026-04-22T01:01:07.106438,0,0,962.244646,0
2026-04-22T01:01:17.494708,0,0,959.598568,0
2026-04-22T01:01:19.977141,0,0,962.244646,0
2026-04-22T01:01:20.984246,0,0,962.244646,0
2026-04-22T01:01:21.990041,0,0,961.36262,0
2026-04-22T01:01:22.997033,0,0,961.36262,0
2026-04-22T01:01:24.003010,0,0,961.36262,0
2026-04-22T01:01:25.010000,0,0,961.36262,0
2026-04-22T01:01:26.016984,0,0,961.36262,0
2026-04-22T01:01:27.023950,0,0,961.36262,0
2026-04-22T01:01:28.030934,0,0,961.36262,0
2026-04-22T01:01:29.036886,0,0,961.36262,0
2026-04-22T01:01:30.043855,0,0,964.008698,0
2026-04-22T01:01:31.049855,0,0,956.070464,0
2026-04-22T01:01:32.056821,0,0,960.480594,0
2026-04-22T01:01:33.062792,0,0,962.244646,0
2026-04-22T01:01:34.069765,0,0,960.480594,0
2026-04-22T01:01:35.075735,0,0,961.36262,0
2026-04-22T01:01:36.083707,0,0,961.36262,0
2026-04-22T01:01:37.090650,0,0,961.36262,0
2026-04-22T01:01:38.096658,0,0,962.244646,0
2026-04-22T01:01:39.103628,0,0,961.36262,0
2026-04-22T01:01:40.109616,0,0,961.36262,0
2026-04-22T01:01:41.116654,0,0,965.77275,0
2026-04-22T01:01:51.238942,0,0,961.36262,0
2026-04-22T01:01:53.721302,0,0,962.244646,0
2026-04-22T01:01:54.728371,0,0,958.716542,0
2026-04-22T01:01:55.734269,0,0,962.244646,0
2026-04-22T01:01:56.741269,0,0,956.95249,0
2026-04-22T01:01:57.747225,0,0,966.654776,0
2026-04-22T01:01:58.754199,0,0,961.36262,0
2026-04-22T01:01:59.761172,0,0,961.36262,0
2026-04-22T01:02:00.767030,0,0,961.36262,0
2026-04-22T01:02:01.775103,0,0,961.36262,0
2026-04-22T01:02:02.781065,0,0,961.36262,0
2026-04-22T01:02:03.788138,0,0,962.244646,0
2026-04-22T01:02:04.794013,0,0,962.244646,0
2026-04-22T01:02:05.800987,0,0,961.36262,0
2026-04-22T01:02:06.806961,0,0,961.36262,0
2026-04-22T01:02:07.813910,0,0,961.36262,0
2026-04-22T01:02:08.819946,0,0,961.36262,0
2026-04-22T01:02:09.827917,0,0,960.480594,0
2026-04-22T01:02:10.834861,0,0,965.77275,0
2026-04-22T01:02:11.840833,0,0,960.480594,0
2026-04-22T01:02:12.847805,0,0,962.244646,0
2026-04-22T01:02:23.120875,0,0,962.244646,0
2026-04-22T01:02:25.603435,0,0,961.36262,0
2026-04-22T01:02:26.610405,0,0,967.536802,0
2026-04-22T01:02:27.616483,0,0,964.008698,0
2026-04-22T01:02:28.623346,0,0,964.008698,0
2026-04-22T01:02:29.629274,0,0,958.716542,0
2026-04-22T01:02:30.636364,0,0,961.36262,0
2026-04-22T01:02:31.643273,0,0,962.244646,0
2026-04-22T01:02:32.650245,0,0,961.36262,0
2026-04-22T01:02:33.657212,0,0,961.36262,0
2026-04-22T01:02:34.663162,0,0,962.244646,0
2026-04-22T01:02:35.670212,0,0,961.36262,0
2026-04-22T01:02:36.676201,0,0,961.36262,0
2026-04-22T01:02:37.683063,0,0,962.244646,0
2026-04-22T01:02:38.688769,0,0,961.36262,0
2026-04-22T01:02:39.696013,0,0,961.36262,0
2026-04-22T01:02:40.701997,0,0,962.244646,0
2026-04-22T01:02:41.709953,0,0,961.36262,0
2026-04-22T01:02:42.716945,0,0,957.834516,0
2026-04-22T01:02:43.722904,0,0,965.77275,0
2026-04-22T01:02:44.729896,0,0,961.36262,0
2026-04-22T01:02:45.735867,0,0,961.36262,0
2026-04-22T01:02:46.742837,0,0,963.126672,0
2026-04-22T01:02:47.748787,0,0,962.244646,0
2026-04-22T01:02:48.755787,0,0,961.36262,0
2026-04-22T01:02:49.762755,0,0,962.244646,0
2026-04-22T01:02:50.768733,0,0,961.36262,0
2026-04-22T01:02:51.776718,0,0,961.36262,0
2026-04-22T01:02:52.782676,0,0,961.36262,0
2026-04-22T01:02:53.789659,0,0,961.36262,0
2026-04-22T01:02:54.795640,0,0,961.36262,0
2026-04-22T01:02:55.802592,0,0,962.244646,0
2026-04-22T01:02:56.808649,0,0,962.244646,0
2026-04-22T01:02:57.815554,0,0,956.070464,0
2026-04-22T01:02:58.822519,0,0,960.480594,0
2026-04-22T01:02:59.828568,0,0,961.36262,0
2026-04-22T01:03:00.835499,0,0,963.126672,0
2026-04-22T01:03:01.841448,0,0,964.008698,0
2026-04-22T01:03:02.849419,0,0,962.244646,0
2026-04-22T01:03:03.855382,0,0,961.36262,0
2026-04-22T01:03:04.862366,0,0,962.244646,0
2026-04-22T01:03:05.869337,0,0,962.244646,0
2026-04-22T01:03:06.875302,0,0,962.244646,0
2026-04-22T01:03:07.882283,0,0,964.008698,0
2026-04-22T01:03:08.888371,0,0,959.598568,0
2026-04-22T01:03:09.895229,0,0,961.36262,0
2026-04-22T01:03:10.901199,0,0,962.244646,0
2026-04-22T01:03:11.908275,0,0,961.36262,0
2026-04-22T01:03:12.914138,0,0,961.36262,0
2026-04-22T01:03:13.922113,0,0,961.36262,0
2026-04-22T01:03:14.929096,0,0,962.244646,0
2026-04-22T01:03:15.935076,0,0,961.36262,0
2026-04-22T01:03:16.942034,0,0,961.36262,0
2026-04-22T01:03:17.948017,0,0,961.36262,0
2026-04-22T01:03:18.954988,0,0,960.480594,0
2026-04-22T01:03:29.269303,0,0,960.480594,0
2026-04-22T01:03:31.751696,0,0,961.36262,0
2026-04-22T01:03:32.758648,0,0,960.480594,0
2026-04-22T01:03:33.764617,0,0,961.36262,0
2026-04-22T01:03:34.771587,0,0,961.36262,0
2026-04-22T01:03:35.777577,0,0,962.244646,0
2026-04-22T01:03:36.784614,0,0,961.36262,0
2026-04-22T01:03:37.790541,0,0,961.36262,0
2026-04-22T01:03:38.798506,0,0,959.598568,0
2026-04-22T01:03:39.805481,0,0,961.36262,0
2026-04-22T01:03:40.811449,0,0,960.480594,0
2026-04-22T01:03:41.818431,0,0,960.480594,0
2026-04-22T01:03:42.824482,0,0,961.36262,0
2026-04-22T01:03:43.831360,0,0,961.36262,0
2026-04-22T01:03:44.837344,0,0,961.36262,0
2026-04-22T01:03:45.844425,0,0,961.36262,0
2026-04-22T01:03:46.850294,0,0,961.36262,0
2026-04-22T01:03:47.857266,0,0,961.36262,0
2026-04-22T01:03:48.865240,0,0,962.244646,0
2026-04-22T01:03:49.871170,0,0,961.36262,0
2026-04-22T01:03:50.878186,0,0,958.716542,0
2026-04-22T01:03:51.884257,0,0,964.008698,0
2026-04-22T01:04:02.313444,0,0,961.36262,0
2026-04-22T01:04:04.795837,0,0,960.480594,0
2026-04-22T01:04:05.802801,0,0,962.244646,0
2026-04-22T01:04:06.808750,0,0,962.244646,0
2026-04-22T01:04:07.813792,0,0,961.36262,0
2026-04-22T01:04:08.821731,0,0,961.36262,0
2026-04-22T01:04:09.828697,0,0,961.36262,0
2026-04-22T01:04:10.835677,0,0,962.244646,0
2026-04-22T01:04:11.842644,0,0,961.36262,0
2026-04-22T01:04:12.849596,0,0,962.244646,0
2026-04-22T01:04:13.855594,0,0,961.36262,0
2026-04-22T01:04:14.862567,0,0,961.36262,0
2026-04-22T01:04:15.868580,0,0,962.244646,0
2026-04-22T01:04:16.875515,0,0,961.36262,0
2026-04-22T01:04:17.881474,0,0,961.36262,0
2026-04-22T01:04:18.888468,0,0,959.598568,0
2026-04-22T01:04:19.894437,0,0,964.008698,0
2026-04-22T01:04:20.902385,0,0,961.36262,0
2026-04-22T01:04:21.909339,0,0,961.36262,0
2026-04-22T01:04:22.915344,0,0,961.36262,0
2026-04-22T01:04:23.922292,0,0,961.36262,0
2026-04-22T01:04:24.928401,0,0,961.36262,0
2026-04-22T01:04:35.322557,0,0,965.77275,0
2026-04-22T01:04:37.804951,0,0,961.36262,0
2026-04-22T01:04:38.811916,0,0,964.890724,0
2026-04-22T01:04:39.817903,0,0,961.36262,0
2026-04-22T01:04:40.824880,0,0,959.598568,0
2026-04-22T01:04:41.830830,0,0,962.244646,0
2026-04-22T01:04:42.837825,0,0,964.890724,0
2026-04-22T01:04:43.844792,0,0,957.834516,0
2026-04-22T01:04:44.851791,0,0,959.598568,0
2026-04-22T01:04:45.858736,0,0,960.480594,0
2026-04-22T01:04:46.863693,0,0,961.36262,0
2026-04-22T01:04:47.871685,0,0,961.36262,0
2026-04-22T01:04:48.877670,0,0,960.480594,0
2026-04-22T01:04:49.884624,0,0,962.244646,0
2026-04-22T01:04:50.890613,0,0,961.36262,0
2026-04-22T01:04:51.897596,0,0,961.36262,0
2026-04-22T01:04:52.903581,0,0,961.36262,0
2026-04-22T01:04:53.910658,0,0,961.36262,0
2026-04-22T01:04:54.918530,0,0,958.716542,0
2026-04-22T01:04:55.924535,0,0,964.890724,0
2026-04-22T01:04:56.931473,0,0,961.36262,0
2026-04-22T01:04:57.937439,0,0,960.480594,0
2026-04-22T01:05:08.513594,0,0,961.36262,0
2026-04-22T01:05:10.996035,0,0,961.36262,0
2026-04-22T01:05:12.003027,0,0,961.36262,0
2026-04-22T01:05:13.009010,0,0,962.244646,0
2026-04-22T01:05:14.015963,0,0,961.36262,0
2026-04-22T01:05:15.021945,0,0,961.36262,0
2026-04-22T01:05:16.028923,0,0,961.36262,0
2026-04-22T01:05:17.034902,0,0,961.36262,0
2026-04-22T01:05:18.042889,0,0,966.654776,0
2026-04-22T01:05:19.049822,0,0,962.244646,0
2026-04-22T01:05:20.055830,0,0,961.36262,0
2026-04-22T01:05:21.062786,0,0,961.36262,0
2026-04-22T01:05:22.068794,0,0,962.244646,0
2026-04-22T01:05:23.075746,0,0,961.36262,0
2026-04-22T01:05:24.081702,0,0,961.36262,0
2026-04-22T01:05:25.088696,0,0,961.36262,0
2026-04-22T01:05:26.094661,0,0,961.36262,0
2026-04-22T01:05:27.102665,0,0,956.070464,0
2026-04-22T01:05:28.109656,0,0,962.244646,0
2026-04-22T01:05:29.115570,0,0,964.008698,0
2026-04-22T01:05:40.333841,0,0,957.834516,0
2026-04-22T01:05:42.816349,0,0,964.008698,0
2026-04-22T01:05:43.823225,0,0,961.36262,0
2026-04-22T01:05:44.829221,0,0,961.36262,0
2026-04-22T01:05:45.836276,0,0,961.36262,0
2026-04-22T01:05:46.842167,0,0,961.36262,0
2026-04-22T01:05:47.849116,0,0,961.36262,0
2026-04-22T01:05:48.855113,0,0,962.244646,0
2026-04-22T01:05:49.863084,0,0,961.36262,0
2026-04-22T01:05:50.870055,0,0,962.244646,0
2026-04-22T01:05:51.875995,0,0,961.36262,0
2026-04-22T01:05:52.883006,0,0,961.36262,0
2026-04-22T01:05:53.888965,0,0,961.36262,0
2026-04-22T01:05:54.895954,0,0,961.36262,0
2026-04-22T01:05:55.901903,0,0,961.36262,0
2026-04-22T01:05:56.908890,0,0,962.244646,0
2026-04-22T01:05:57.914844,0,0,961.36262,0
2026-04-22T01:05:58.921726,0,0,959.598568,0
2026-04-22T01:05:59.928833,0,0,958.716542,0
2026-04-22T01:06:00.935774,0,0,964.008698,0
2026-04-22T01:06:01.942773,0,0,963.126672,0
2026-04-22T01:06:02.948751,0,0,960.480594,0
2026-04-22T01:06:13.861157,0,0,961.36262,0
2026-04-22T01:06:16.343577,0,0,964.890724,0
2026-04-22T01:06:17.350334,0,0,961.36262,0
2026-04-22T01:06:18.356442,0,0,958.716542,0
2026-04-22T01:06:19.363280,0,0,960.480594,0
2026-04-22T01:06:20.369252,0,0,966.654776,0
2026-04-22T01:06:21.376323,0,0,961.36262,0
2026-04-22T01:06:22.383141,0,0,960.480594,0
2026-04-22T01:06:23.390167,0,0,962.244646,0
2026-04-22T01:06:24.397148,0,0,961.36262,0
2026-04-22T01:06:25.403121,0,0,961.36262,0
2026-04-22T01:06:26.410092,0,0,962.244646,0
2026-04-22T01:06:27.416204,0,0,961.36262,0
2026-04-22T01:06:28.423037,0,0,962.244646,0
2026-04-22T01:06:29.429007,0,0,961.36262,0
2026-04-22T01:06:30.433994,0,0,961.36262,0
2026-04-22T01:06:31.441927,0,0,961.36262,0
2026-04-22T01:06:32.449907,0,0,962.244646,0
2026-04-22T01:06:33.456876,0,0,962.244646,0
2026-04-22T01:06:34.462838,0,0,961.36262,0
2026-04-22T01:06:35.469819,0,0,962.244646,0
2026-04-22T01:06:45.499193,0,0,961.36262,0
2026-04-22T01:06:47.981565,0,0,961.36262,0
2026-04-22T01:06:48.988577,0,0,961.36262,0
2026-04-22T01:06:49.994502,0,0,961.36262,0
2026-04-22T01:06:51.001480,0,0,961.36262,0
2026-04-22T01:06:52.007456,0,0,962.244646,0
2026-04-22T01:06:53.014418,0,0,960.480594,0
2026-04-22T01:06:54.020486,0,0,962.244646,0
2026-04-22T01:06:55.028560,0,0,962.244646,0
2026-04-22T01:06:56.035351,0,0,961.36262,0
2026-04-22T01:06:57.041315,0,0,962.244646,0
2026-04-22T01:06:58.048361,0,0,962.244646,0
2026-04-22T01:06:59.054264,0,0,960.480594,0
2026-04-22T01:07:00.063944,0,0,960.480594,0
2026-04-22T01:07:01.067228,0,0,962.244646,0
2026-04-22T01:07:02.074181,0,0,960.480594,0
2026-04-22T01:07:03.080256,0,0,961.36262,0
2026-04-22T01:07:04.088235,0,0,961.36262,0
2026-04-22T01:07:05.095098,0,0,958.716542,0
2026-04-22T01:07:06.101082,0,0,959.598568,0
2026-04-22T01:07:07.108127,0,0,961.36262,0
2026-04-22T01:07:08.114022,0,0,961.36262,0
2026-04-22T01:07:09.121034,0,0,961.36262,0
2026-04-22T01:07:19.529352,0,0,961.36262,0
2026-04-22T01:07:22.011680,0,0,960.480594,0
2026-04-22T01:07:23.018654,0,0,964.890724,0
2026-04-22T01:07:24.024697,0,0,961.36262,0
2026-04-22T01:07:25.031604,0,0,960.480594,0
2026-04-22T01:07:26.037575,0,0,960.480594,0
2026-04-22T01:07:27.044597,0,0,961.36262,0
2026-04-22T01:07:28.050491,0,0,962.244646,0
2026-04-22T01:07:29.058472,0,0,959.598568,0
2026-04-22T01:07:30.065412,0,0,956.95249,0
2026-04-22T01:07:31.071434,0,0,967.536802,0
2026-04-22T01:07:32.078355,0,0,962.244646,0
2026-04-22T01:07:33.084404,0,0,961.36262,0
2026-04-22T01:07:34.091363,0,0,961.36262,0
2026-04-22T01:07:35.097329,0,0,961.36262,0
2026-04-22T01:07:36.104314,0,0,962.244646,0
2026-04-22T01:07:37.110178,0,0,961.36262,0
2026-04-22T01:07:38.117184,0,0,961.36262,0
2026-04-22T01:07:39.125177,0,0,961.36262,0
2026-04-22T01:07:40.131174,0,0,960.480594,0
2026-04-22T01:07:41.138167,0,0,961.36262,0
2026-04-22T01:07:42.144262,0,0,962.244646,0
2026-04-22T01:07:52.517873,0,0,962.244646,0
2026-04-22T01:07:55.000385,0,0,961.36262,0
2026-04-22T01:07:56.007302,0,0,961.36262,0
2026-04-22T01:07:57.013279,0,0,962.244646,0
2026-04-22T01:07:58.020422,0,0,961.36262,0
2026-04-22T01:07:59.026304,0,0,961.36262,0
2026-04-22T01:08:00.033313,0,0,961.36262,0
2026-04-22T01:08:01.039244,0,0,961.36262,0
2026-04-22T01:08:02.047286,0,0,962.244646,0
2026-04-22T01:08:03.054267,0,0,961.36262,0
2026-04-22T01:08:04.060343,0,0,961.36262,0
2026-04-22T01:08:05.067283,0,0,962.244646,0
2026-04-22T01:08:06.073290,0,0,960.480594,0
2026-04-22T01:08:07.080374,0,0,962.244646,0
2026-04-22T01:08:08.086240,0,0,962.244646,0
2026-04-22T01:08:09.093270,0,0,962.244646,0
2026-04-22T01:08:10.099283,0,0,960.480594,0
2026-04-22T01:08:11.106288,0,0,962.244646,0
2026-04-22T01:08:12.114286,0,0,961.36262,0
2026-04-22T01:08:13.120347,0,0,961.36262,0
2026-04-22T01:08:14.127274,0,0,961.36262,0
2026-04-22T01:08:15.133289,0,0,961.36262,0
2026-04-22T01:08:28.069905,0,0,962.244646,0
2026-04-22T01:08:29.076359,0,0,961.36262,0
2026-04-22T01:08:30.082253,0,0,961.36262,0
2026-04-22T01:08:31.089278,0,0,962.244646,0
2026-04-22T01:08:32.095282,0,0,960.480594,0
2026-04-22T01:08:33.102286,0,0,961.36262,0
2026-04-22T01:08:34.108361,0,0,962.244646,0
2026-04-22T01:08:35.116380,0,0,962.244646,0
2026-04-22T01:08:36.123243,0,0,963.126672,0
2026-04-22T01:08:37.129294,0,0,957.834516,0
2026-04-22T01:08:38.136357,0,0,961.36262,0
2026-04-22T01:08:39.142279,0,0,961.36262,0
2026-04-22T01:08:40.149280,0,0,962.244646,0
2026-04-22T01:08:41.155243,0,0,961.36262,0
2026-04-22T01:08:42.162247,0,0,961.36262,0
2026-04-22T01:08:43.168417,0,0,962.244646,0
2026-04-22T01:08:44.175251,0,0,960.480594,0
2026-04-22T01:08:45.183279,0,0,961.36262,0
2026-04-22T01:08:46.189262,0,0,961.36262,0
2026-04-22T01:08:59.528967,0,0,961.36262,0
2026-04-22T01:09:00.535200,0,0,962.244646,0
2026-04-22T01:09:01.541210,0,0,962.244646,0
2026-04-22T01:09:02.548336,0,0,961.36262,0
2026-04-22T01:09:03.554212,0,0,961.36262,0
2026-04-22T01:09:04.561216,0,0,961.36262,0
2026-04-22T01:09:05.567186,0,0,961.36262,0
2026-04-22T01:09:06.575200,0,0,961.36262,0
2026-04-22T01:09:07.582181,0,0,961.36262,0
2026-04-22T01:09:08.588300,0,0,962.244646,0
2026-04-22T01:09:09.595201,0,0,959.598568,0
2026-04-22T01:09:10.601188,0,0,966.654776,0
2026-04-22T01:09:11.608305,0,0,962.244646,0
2026-04-22T01:09:12.614185,0,0,956.070464,0
2026-04-22T01:09:13.621188,0,0,959.598568,0
2026-04-22T01:09:14.627164,0,0,965.77275,0
2026-04-22T01:09:15.634194,0,0,964.890724,0
2026-04-22T01:09:16.642187,0,0,961.36262,0
2026-04-22T01:09:17.648146,0,0,961.36262,0
2026-04-22T01:09:18.655186,0,0,962.244646,0
2026-04-22T01:09:19.661175,0,0,961.36262,0
2026-04-22T01:09:30.225672,0,0,962.244646,0
2026-04-22T01:09:32.708296,0,0,961.36262,0
2026-04-22T01:09:33.715189,0,0,962.244646,0
2026-04-22T01:09:34.721187,0,0,961.36262,0
2026-04-22T01:09:35.728237,0,0,961.36262,0
2026-04-22T01:09:36.734180,0,0,962.244646,0
2026-04-22T01:09:37.741189,0,0,962.244646,0
2026-04-22T01:09:38.747193,0,0,960.480594,0
2026-04-22T01:09:39.755171,0,0,961.36262,0
2026-04-22T01:09:40.762171,0,0,961.36262,0
2026-04-22T01:09:41.768234,0,0,962.244646,0
2026-04-22T01:09:42.775162,0,0,961.36262,0
2026-04-22T01:09:43.781160,0,0,961.36262,0
2026-04-22T01:09:44.788282,0,0,965.77275,0
2026-04-22T01:09:45.794094,0,0,958.716542,0
2026-04-22T01:09:46.801120,0,0,960.480594,0
2026-04-22T01:09:47.807110,0,0,963.126672,0
2026-04-22T01:09:48.814120,0,0,961.36262,0
2026-04-22T01:09:49.822101,0,0,961.36262,0
2026-04-22T01:09:50.828236,0,0,962.244646,0
2026-04-22T01:09:51.835090,0,0,961.36262,0
2026-04-22T01:09:52.841077,0,0,960.480594,0
2026-04-22T01:10:03.566737,0,0,964.008698,0
2026-04-22T01:10:06.049112,0,0,961.36262,0
2026-04-22T01:10:07.056177,0,0,966.654776,0
2026-04-22T01:10:08.062091,0,0,961.36262,0
2026-04-22T01:10:09.069085,0,0,963.126672,0
2026-04-22T01:10:10.075096,0,0,961.36262,0
2026-04-22T01:10:11.081091,0,0,960.480594,0
2026-04-22T01:10:12.088152,0,0,962.244646,0
2026-04-22T01:10:13.096249,0,0,963.126672,0
2026-04-22T01:10:14.103097,0,0,964.008698,0
2026-04-22T01:10:15.109107,0,0,964.008698,0
2026-04-22T01:10:16.116183,0,0,964.008698,0
2026-04-22T01:10:17.121052,0,0,965.77275,0
2026-04-22T01:10:18.128183,0,0,964.008698,0
2026-04-22T01:10:19.134958,0,0,962.244646,0
2026-04-22T01:10:20.141925,0,0,961.36262,0
2026-04-22T01:10:21.147939,0,0,961.36262,0
2026-04-22T01:10:22.154962,0,0,962.244646,0
2026-04-22T01:10:23.162935,0,0,962.244646,0
2026-04-22T01:10:24.168920,0,0,961.36262,0
2026-04-22T01:10:25.174953,0,0,964.008698,0
2026-04-22T01:10:26.181003,0,0,960.480594,0
2026-04-22T01:10:36.316674,0,0,961.36262,0
2026-04-22T01:10:38.798979,0,0,962.244646,0
2026-04-22T01:10:39.805990,0,0,962.244646,0
2026-04-22T01:10:40.811993,0,0,960.480594,0
2026-04-22T01:10:41.818977,0,0,961.36262,0
2026-04-22T01:10:42.824986,0,0,960.480594,0
2026-04-22T01:10:43.831974,0,0,961.36262,0
2026-04-22T01:10:44.837945,0,0,962.244646,0
2026-04-22T01:10:45.845928,0,0,961.36262,0
2026-04-22T01:10:46.852863,0,0,961.36262,0
2026-04-22T01:10:47.857918,0,0,961.36262,0
2026-04-22T01:10:48.865966,0,0,961.36262,0
2026-04-22T01:10:49.871922,0,0,962.244646,0
2026-04-22T01:10:50.878942,0,0,961.36262,0
2026-04-22T01:10:51.884941,0,0,961.36262,0
2026-04-22T01:10:52.891917,0,0,959.598568,0
2026-04-22T01:10:53.897932,0,0,964.890724,0
2026-04-22T01:10:54.904894,0,0,961.36262,0
2026-04-22T01:10:55.912865,0,0,962.244646,0
2026-04-22T01:10:56.918900,0,0,961.36262,0
2026-04-22T01:10:57.925898,0,0,960.480594,0
2026-04-22T01:11:08.385195,0,0,961.36262,0
2026-04-22T01:11:10.867729,0,0,961.36262,0
2026-04-22T01:11:11.874733,0,0,962.244646,0
2026-04-22T01:11:12.880711,0,0,961.36262,0
2026-04-22T01:11:13.887719,0,0,961.36262,0
2026-04-22T01:11:14.893697,0,0,962.244646,0
2026-04-22T01:11:15.900613,0,0,962.244646,0
2026-04-22T01:11:16.907695,0,0,961.36262,0
2026-04-22T01:11:17.914693,0,0,962.244646,0
2026-04-22T01:11:18.921686,0,0,957.834516,0
2026-04-22T01:11:19.927679,0,0,965.77275,0
2026-04-22T01:11:20.934688,0,0,962.244646,0
2026-04-22T01:11:21.940686,0,0,961.36262,0
2026-04-22T01:11:22.947650,0,0,962.244646,0
2026-04-22T01:11:23.952672,0,0,961.36262,0
2026-04-22T01:11:24.960671,0,0,958.716542,0
2026-04-22T01:11:25.966644,0,0,960.480594,0
2026-04-22T01:11:26.973540,0,0,961.36262,0
2026-04-22T01:11:27.981638,0,0,962.244646,0
2026-04-22T01:11:28.987611,0,0,961.36262,0
2026-04-22T01:11:29.994619,0,0,956.95249,0
2026-04-22T01:11:31.000594,0,0,961.36262,0
2026-04-22T01:11:41.961046,0,0,960.480594,0
2026-04-22T01:11:44.443523,0,0,961.36262,0
2026-04-22T01:11:45.450514,0,0,961.36262,0
2026-04-22T01:11:46.456564,0,0,962.244646,0
2026-04-22T01:11:47.463500,0,0,961.36262,0
2026-04-22T01:11:48.469471,0,0,960.480594,0
2026-04-22T01:11:49.476551,0,0,962.244646,0
2026-04-22T01:11:50.483439,0,0,962.244646,0
2026-04-22T01:11:51.490471,0,0,962.244646,0
2026-04-22T01:11:52.497460,0,0,961.36262,0
2026-04-22T01:11:53.503436,0,0,961.36262,0
2026-04-22T01:11:54.510329,0,0,962.244646,0
2026-04-22T01:11:55.516521,0,0,962.244646,0
2026-04-22T01:11:56.523382,0,0,961.36262,0
2026-04-22T01:11:57.529425,0,0,958.716542,0
2026-04-22T01:11:58.536497,0,0,962.244646,0
2026-04-22T01:11:59.542381,0,0,961.36262,0
2026-04-22T01:12:00.550419,0,0,961.36262,0
2026-04-22T01:12:01.557394,0,0,962.244646,0
2026-04-22T01:12:02.563390,0,0,961.36262,0
2026-04-22T01:12:03.570386,0,0,962.244646,0
2026-04-22T01:12:16.542921,0,0,961.36262,0
2026-04-22T01:12:17.549308,0,0,962.244646,0
2026-04-22T01:12:18.555307,0,0,961.36262,0
2026-04-22T01:12:19.562284,0,0,961.36262,0
2026-04-22T01:12:20.568330,0,0,962.244646,0
2026-04-22T01:12:21.575276,0,0,961.36262,0
2026-04-22T01:12:22.582268,0,0,961.36262,0
2026-04-22T01:12:23.589153,0,0,961.36262,0
2026-04-22T01:12:24.596299,0,0,963.126672,0
2026-04-22T01:12:25.602224,0,0,961.36262,0
2026-04-22T01:12:26.609224,0,0,962.244646,0
2026-04-22T01:12:27.615223,0,0,961.36262,0
2026-04-22T01:12:28.622188,0,0,962.244646,0
2026-04-22T01:12:29.628252,0,0,961.36262,0
2026-04-22T01:12:30.635101,0,0,961.36262,0
2026-04-22T01:12:31.641170,0,0,962.244646,0
2026-04-22T01:12:32.648334,0,0,960.480594,0
2026-04-22T01:12:33.656252,0,0,961.36262,0
2026-04-22T01:12:34.662181,0,0,961.36262,0
2026-04-22T01:12:35.669150,0,0,961.36262,0
2026-04-22T01:12:36.675127,0,0,962.244646,0
2026-04-22T01:12:37.682123,0,0,963.126672,0
2026-04-22T01:12:38.688174,0,0,960.480594,0
2026-04-22T01:12:39.695134,0,0,962.244646,0
2026-04-22T01:12:40.702101,0,0,960.480594,0
2026-04-22T01:12:41.708167,0,0,961.36262,0
2026-04-22T01:12:42.715076,0,0,962.244646,0
2026-04-22T01:12:43.722072,0,0,961.36262,0
2026-04-22T01:12:44.729059,0,0,961.36262,0
2026-04-22T01:12:45.735078,0,0,962.244646,0
2026-04-22T01:12:46.742050,0,0,961.36262,0
2026-04-22T01:12:47.748039,0,0,958.716542,0
2026-04-22T01:12:48.755019,0,0,966.654776,0
2026-04-22T01:12:49.760978,0,0,961.36262,0
2026-04-22T01:12:50.768009,0,0,961.36262,0
2026-04-22T01:12:51.775011,0,0,961.36262,0
2026-04-22T01:12:52.780995,0,0,961.36262,0
2026-04-22T01:12:53.788987,0,0,961.36262,0
2026-04-22T01:12:54.794967,0,0,962.244646,0
2026-04-22T01:12:55.801967,0,0,961.36262,0
2026-04-22T01:12:56.808943,0,0,961.36262,0
2026-04-22T01:12:57.814937,0,0,960.480594,0
2026-04-22T01:12:58.821941,0,0,962.244646,0
2026-04-22T01:12:59.827961,0,0,962.244646,0
2026-04-22T01:13:00.834900,0,0,961.36262,0
2026-04-22T01:13:01.840908,0,0,961.36262,0
2026-04-22T01:13:02.847913,0,0,961.36262,0
2026-04-22T01:13:03.854927,0,0,962.244646,0
2026-04-22T01:13:04.861903,0,0,961.36262,0
2026-04-22T01:13:05.868897,0,0,961.36262,0
2026-04-22T01:13:06.873854,0,0,961.36262,0
2026-04-22T01:13:07.881864,0,0,961.36262,0
2026-04-22T01:13:08.887869,0,0,961.36262,0
2026-04-22T01:13:09.894861,0,0,961.36262,0
2026-04-22T01:13:10.900845,0,0,962.244646,0
2026-04-22T01:13:11.907826,0,0,961.36262,0
2026-04-22T01:13:12.914817,0,0,964.008698,0
2026-04-22T01:13:13.921817,0,0,957.834516,0
2026-04-22T01:13:14.928809,0,0,964.890724,0
2026-04-22T01:13:15.934806,0,0,960.480594,0
2026-04-22T01:13:16.941680,0,0,962.244646,0
2026-04-22T01:13:17.947782,0,0,961.36262,0
2026-04-22T01:13:18.954773,0,0,961.36262,0
2026-04-22T01:13:19.960769,0,0,961.36262,0
2026-04-22T01:13:20.967749,0,0,961.36262,0
2026-04-22T01:13:21.974647,0,0,962.244646,0
2026-04-22T01:13:22.980690,0,0,962.244646,0
2026-04-22T01:13:23.988724,0,0,961.36262,0
2026-04-22T01:13:24.994707,0,0,962.244646,0
2026-04-22T01:13:26.001699,0,0,967.536802,0
2026-04-22T01:13:27.007693,0,0,958.716542,0
2026-04-22T01:13:28.014667,0,0,958.716542,0
2026-04-22T01:13:29.021677,0,0,956.070464,0
2026-04-22T01:13:30.027627,0,0,964.890724,0
2026-04-22T01:13:31.034637,0,0,964.890724,0
2026-04-22T01:13:32.040633,0,0,958.716542,0
2026-04-22T01:13:33.047632,0,0,957.834516,0
2026-04-22T01:13:34.053619,0,0,964.890724,0
2026-04-22T01:13:35.061611,0,0,960.480594,0
2026-04-22T01:13:36.067580,0,0,957.834516,0
2026-04-22T01:13:37.074581,0,0,960.480594,0
2026-04-22T01:13:38.081576,0,0,960.480594,0
2026-04-22T01:13:39.087566,0,0,965.77275,0
2026-04-22T01:13:40.094533,0,0,962.244646,0
2026-04-22T01:13:41.099568,0,0,957.834516,0
2026-04-22T01:13:42.107516,0,0,957.834516,0
2026-04-22T01:13:43.113531,0,0,964.008698,0
2026-04-22T01:13:53.220908,0,0,961.36262,0
2026-04-22T01:13:55.703346,0,0,964.008698,0
2026-04-22T01:13:56.710346,0,0,961.36262,0
2026-04-22T01:13:57.715324,0,0,961.36262,0
2026-04-22T01:13:58.723201,0,0,961.36262,0
2026-04-22T01:13:59.729302,0,0,961.36262,0
2026-04-22T01:14:00.736368,0,0,961.36262,0
2026-04-22T01:14:01.742318,0,0,962.244646,0
2026-04-22T01:14:02.750301,0,0,962.244646,0
2026-04-22T01:14:03.757210,0,0,961.36262,0
2026-04-22T01:14:04.763328,0,0,961.36262,0
2026-04-22T01:14:05.770287,0,0,962.244646,0
2026-04-22T01:14:06.776455,0,0,962.244646,0
2026-04-22T01:14:07.783285,0,0,962.244646,0
2026-04-22T01:14:08.789276,0,0,960.480594,0
2026-04-22T01:14:09.796348,0,0,961.36262,0
2026-04-22T01:14:10.802249,0,0,966.654776,0
2026-04-22T01:14:11.809233,0,0,961.36262,0
2026-04-22T01:14:12.817230,0,0,961.36262,0
2026-04-22T01:14:13.823191,0,0,962.244646,0
2026-04-22T01:14:14.829175,0,0,959.598568,0
2026-04-22T01:14:15.836281,0,0,965.77275,0
2026-04-22T01:14:26.250495,0,0,961.36262,0
2026-04-22T01:14:28.733024,0,0,961.36262,0
2026-04-22T01:14:29.739978,0,0,961.36262,0
2026-04-22T01:14:30.745990,0,0,961.36262,0
2026-04-22T01:14:31.752963,0,0,962.244646,0
2026-04-22T01:14:32.758967,0,0,961.36262,0
2026-04-22T01:14:33.765948,0,0,961.36262,0
2026-04-22T01:14:34.772937,0,0,961.36262,0
2026-04-22T01:14:35.779846,0,0,962.244646,0
2026-04-22T01:14:36.786879,0,0,961.36262,0
2026-04-22T01:14:37.792895,0,0,961.36262,0
2026-04-22T01:14:38.799900,0,0,961.36262,0
2026-04-22T01:14:39.805879,0,0,961.36262,0
2026-04-22T01:14:40.812850,0,0,961.36262,0
2026-04-22T01:14:41.818857,0,0,962.244646,0
2026-04-22T01:14:42.825825,0,0,962.244646,0
2026-04-22T01:14:43.831932,0,0,961.36262,0
2026-04-22T01:14:44.838818,0,0,962.244646,0
2026-04-22T01:14:45.846809,0,0,962.244646,0
2026-04-22T01:14:46.852796,0,0,962.244646,0
2026-04-22T01:14:47.859777,0,0,961.36262,0
2026-04-22T01:14:48.865775,0,0,961.36262,0
2026-04-22T01:14:49.872789,0,0,961.36262,0
2026-04-22T01:14:50.878780,0,0,962.244646,0
2026-04-22T01:14:51.885786,0,0,961.36262,0
2026-04-22T01:14:52.892782,0,0,961.36262,0
2026-04-22T01:14:53.898724,0,0,962.244646,0
2026-04-22T01:14:54.905714,0,0,962.244646,0
2026-04-22T01:14:55.912743,0,0,962.244646,0
2026-04-22T01:14:56.918635,0,0,961.36262,0
2026-04-22T01:14:57.925678,0,0,961.36262,0
2026-04-22T01:14:58.932678,0,0,964.890724,0
2026-04-22T01:14:59.938651,0,0,956.95249,0
2026-04-22T01:15:00.945621,0,0,960.480594,0
2026-04-22T01:15:01.952673,0,0,961.36262,0
2026-04-22T01:15:02.958637,0,0,961.36262,0
2026-04-22T01:15:03.965735,0,0,962.244646,0
2026-04-22T01:15:04.971575,0,0,959.598568,0
2026-04-22T01:15:05.979563,0,0,961.36262,0
2026-04-22T01:15:06.985545,0,0,963.126672,0
2026-04-22T01:15:07.992598,0,0,957.834516,0
2026-04-22T01:15:08.999491,0,0,961.36262,0
2026-04-22T01:15:10.005517,0,0,962.244646,0
2026-04-22T01:15:11.012530,0,0,962.244646,0
2026-04-22T01:15:12.018488,0,0,962.244646,0
2026-04-22T01:15:13.025474,0,0,962.244646,0
2026-04-22T01:15:14.031463,0,0,961.36262,0
2026-04-22T01:15:15.038442,0,0,962.244646,0
2026-04-22T01:15:16.045459,0,0,960.480594,0
2026-04-22T01:15:17.052472,0,0,962.244646,0
2026-04-22T01:15:18.059405,0,0,961.36262,0
2026-04-22T01:15:19.065404,0,0,961.36262,0
2026-04-22T01:15:20.072467,0,0,963.126672,0
2026-04-22T01:15:21.078353,0,0,962.244646,0
2026-04-22T01:15:22.085373,0,0,961.36262,0
2026-04-22T01:15:23.091345,0,0,958.716542,0
2026-04-22T01:15:24.098359,0,0,957.834516,0
2026-04-22T01:15:25.105349,0,0,959.598568,0
2026-04-22T01:15:26.109369,0,0,961.36262,0
2026-04-22T01:15:27.119369,0,0,961.36262,0
2026-04-22T01:15:28.125338,0,0,961.36262,0
2026-04-22T01:15:29.132372,0,0,961.36262,0
2026-04-22T01:15:30.138275,0,0,962.244646,0
2026-04-22T01:15:31.145254,0,0,961.36262,0
2026-04-22T01:15:32.151256,0,0,960.480594,0
2026-04-22T01:15:33.158245,0,0,962.244646,0
2026-04-22T01:15:34.165222,0,0,961.36262,0
2026-04-22T01:15:35.171201,0,0,961.36262,0
2026-04-22T01:15:36.178205,0,0,959.598568,0
2026-04-22T01:15:37.185209,0,0,964.008698,0
2026-04-22T01:15:38.192279,0,0,961.36262,0
2026-04-22T01:15:39.198057,0,0,962.244646,0
2026-04-22T01:15:40.205155,0,0,962.244646,0
2026-04-22T01:15:41.212236,0,0,961.36262,0
2026-04-22T01:15:42.218118,0,0,961.36262,0
2026-04-22T01:15:43.225106,0,0,961.36262,0
2026-04-22T01:15:44.231100,0,0,960.480594,0
2026-04-22T01:15:45.238090,0,0,961.36262,0
2026-04-22T01:15:46.244130,0,0,961.36262,0
2026-04-22T01:15:47.252162,0,0,961.36262,0
2026-04-22T01:15:48.258075,0,0,962.244646,0
2026-04-22T01:15:49.265041,0,0,962.244646,0
2026-04-22T01:15:50.272176,0,0,960.480594,0
2026-04-22T01:15:51.278059,0,0,961.36262,0
2026-04-22T01:15:52.285058,0,0,964.890724,0
2026-04-22T01:15:53.291048,0,0,959.598568,0
2026-04-22T01:15:54.298032,0,0,962.244646,0
2026-04-22T01:16:04.864724,0,0,960.480594,0
2026-04-22T01:16:07.346889,0,0,961.36262,0
2026-04-22T01:16:08.353874,0,0,962.244646,0
2026-04-22T01:16:09.359826,0,0,965.77275,0
2026-04-22T01:16:10.366846,0,0,963.126672,0
2026-04-22T01:16:11.372837,0,0,960.480594,0
2026-04-22T01:16:12.379791,0,0,961.36262,0
2026-04-22T01:16:13.385811,0,0,961.36262,0
2026-04-22T01:16:14.393794,0,0,962.244646,0
2026-04-22T01:16:15.400772,0,0,958.716542,0
2026-04-22T01:16:16.406742,0,0,964.890724,0
2026-04-22T01:16:17.413753,0,0,957.834516,0
2026-04-22T01:16:18.419718,0,0,960.480594,0
2026-04-22T01:16:19.426723,0,0,961.36262,0
2026-04-22T01:16:20.432729,0,0,961.36262,0
2026-04-22T01:16:21.439689,0,0,961.36262,0
2026-04-22T01:16:22.445676,0,0,961.36262,0
2026-04-22T01:16:23.452715,0,0,961.36262,0
2026-04-22T01:16:24.460776,0,0,962.244646,0
2026-04-22T01:16:25.466639,0,0,961.36262,0
2026-04-22T01:16:26.473605,0,0,957.834516,0
2026-04-22T01:17:06.495437,0,0,960.480594,0
2026-04-22T01:17:08.978047,0,0,961.36262,0
2026-04-22T01:17:09.984986,0,0,961.36262,0
2026-04-22T01:17:10.990996,0,0,961.36262,0
2026-04-22T01:17:11.997991,0,0,961.36262,0
2026-04-22T01:17:13.003976,0,0,961.36262,0
2026-04-22T01:17:14.010949,0,0,961.36262,0
2026-04-22T01:17:15.016930,0,0,961.36262,0
2026-04-22T01:17:16.024896,0,0,962.244646,0
2026-04-22T01:17:17.031916,0,0,961.36262,0
2026-04-22T01:17:18.037879,0,0,962.244646,0
2026-04-22T01:17:19.044884,0,0,962.244646,0
2026-04-22T01:17:20.050864,0,0,961.36262,0
2026-04-22T01:17:21.057851,0,0,961.36262,0
2026-04-22T01:17:22.063791,0,0,961.36262,0
2026-04-22T01:17:23.070818,0,0,962.244646,0
2026-04-22T01:17:24.076807,0,0,961.36262,0
2026-04-22T01:17:25.083796,0,0,961.36262,0
2026-04-22T01:17:26.091760,0,0,961.36262,0
2026-04-22T01:17:27.097740,0,0,961.36262,0
2026-04-22T01:17:28.104780,0,0,959.598568,0
2026-04-22T01:17:29.110714,0,0,962.244646,0
2026-04-22T01:17:30.117725,0,0,962.244646,0
2026-04-22T01:17:31.123702,0,0,962.244646,0
2026-04-22T01:17:32.130706,0,0,961.36262,0
2026-04-22T01:17:33.137659,0,0,961.36262,0
2026-04-22T01:17:34.143485,0,0,962.244646,0
2026-04-22T01:17:35.150663,0,0,961.36262,0
2026-04-22T01:17:36.157630,0,0,962.244646,0
2026-04-22T01:17:37.164619,0,0,962.244646,0
2026-04-22T01:17:38.169583,0,0,961.36262,0
2026-04-22T01:17:39.176593,0,0,957.834516,0
2026-04-22T01:17:40.183596,0,0,964.890724,0
2026-04-22T01:17:41.190570,0,0,962.244646,0
2026-04-22T01:17:42.197541,0,0,962.244646,0
2026-04-22T01:17:43.203541,0,0,962.244646,0
2026-04-22T01:17:44.210518,0,0,961.36262,0
2026-04-22T01:17:45.216561,0,0,962.244646,0
2026-04-22T01:17:46.224556,0,0,960.480594,0
2026-04-22T01:17:47.230456,0,0,961.36262,0
2026-04-22T01:17:48.237468,0,0,962.244646,0
2026-04-22T01:17:49.244467,0,0,961.36262,0
2026-04-22T01:17:50.250414,0,0,961.36262,0
2026-04-22T01:17:51.257414,0,0,961.36262,0
2026-04-22T01:17:52.263418,0,0,962.244646,0
2026-04-22T01:17:53.270360,0,0,962.244646,0
2026-04-22T01:17:54.276462,0,0,961.36262,0
2026-04-22T01:17:55.283319,0,0,958.716542,0
2026-04-22T01:17:56.289299,0,0,964.008698,0
2026-04-22T01:17:57.297292,0,0,965.77275,0
2026-04-22T01:17:58.304341,0,0,962.244646,0
2026-04-22T01:17:59.310283,0,0,962.244646,0
2026-04-22T01:18:00.317240,0,0,961.36262,0
2026-04-22T01:18:01.323075,0,0,961.36262,0
2026-04-22T01:18:02.330249,0,0,962.244646,0
2026-04-22T01:18:03.336288,0,0,961.36262,0
2026-04-22T01:18:04.343173,0,0,961.36262,0
2026-04-22T01:18:05.350173,0,0,961.36262,0
2026-04-22T01:18:16.289481,0,0,962.244646,0
2026-04-22T01:18:18.771931,0,0,961.36262,0
2026-04-22T01:18:19.778923,0,0,962.244646,0
2026-04-22T01:18:20.784907,0,0,961.36262,0
2026-04-22T01:18:21.791897,0,0,962.244646,0
2026-04-22T01:18:22.797869,0,0,961.36262,0
2026-04-22T01:18:23.804872,0,0,964.890724,0
2026-04-22T01:18:24.810844,0,0,958.716542,0
2026-04-22T01:18:25.818844,0,0,960.480594,0
2026-04-22T01:18:26.825817,0,0,962.244646,0
2026-04-22T01:18:27.831803,0,0,961.36262,0
2026-04-22T01:18:28.838780,0,0,957.834516,0
2026-04-22T01:18:29.844742,0,0,961.36262,0
2026-04-22T01:18:30.851745,0,0,961.36262,0
2026-04-22T01:18:31.857702,0,0,961.36262,0
2026-04-22T01:18:32.864731,0,0,961.36262,0
2026-04-22T01:18:33.870721,0,0,961.36262,0
2026-04-22T01:18:34.878683,0,0,961.36262,0
2026-04-22T01:18:35.885677,0,0,961.36262,0
2026-04-22T01:18:36.891654,0,0,961.36262,0
2026-04-22T01:18:37.898658,0,0,961.36262,0
2026-04-22T01:18:48.776182,0,0,961.36262,0
2026-04-22T01:18:51.258458,0,0,960.480594,0
2026-04-22T01:18:52.265435,0,0,961.36262,0
2026-04-22T01:18:53.271318,0,0,961.36262,0
2026-04-22T01:18:54.278424,0,0,961.36262,0
2026-04-22T01:18:55.284444,0,0,962.244646,0
2026-04-22T01:18:56.291292,0,0,961.36262,0
2026-04-22T01:18:57.297332,0,0,962.244646,0
2026-04-22T01:18:58.305359,0,0,961.36262,0
2026-04-22T01:18:59.312405,0,0,961.36262,0
2026-04-22T01:19:00.318306,0,0,961.36262,0
2026-04-22T01:19:01.325326,0,0,960.480594,0
2026-04-22T01:19:02.331296,0,0,962.244646,0
2026-04-22T01:19:03.338262,0,0,961.36262,0
2026-04-22T01:19:04.344385,0,0,963.126672,0
2026-04-22T01:19:05.351282,0,0,959.598568,0
2026-04-22T01:19:06.357250,0,0,964.890724,0
2026-04-22T01:19:07.365244,0,0,964.008698,0
2026-04-22T01:19:08.372305,0,0,961.36262,0
2026-04-22T01:19:09.378184,0,0,960.480594,0
2026-04-22T01:19:10.385182,0,0,961.36262,0
2026-04-22T01:19:11.391156,0,0,961.36262,0
2026-04-22T01:19:12.398176,0,0,961.36262,0
2026-04-22T01:19:23.065493,0,0,962.244646,0
2026-04-22T01:19:25.547922,0,0,961.36262,0
2026-04-22T01:19:26.554887,0,0,961.36262,0
2026-04-22T01:19:27.560867,0,0,958.716542,0
2026-04-22T01:19:28.567873,0,0,961.36262,0
2026-04-22T01:19:29.573841,0,0,961.36262,0
2026-04-22T01:19:30.580798,0,0,961.36262,0
2026-04-22T01:19:31.587814,0,0,961.36262,0
2026-04-22T01:19:32.594781,0,0,962.244646,0
2026-04-22T01:19:33.601758,0,0,962.244646,0
2026-04-22T01:19:34.607777,0,0,961.36262,0
2026-04-22T01:19:35.614749,0,0,961.36262,0
2026-04-22T01:19:36.620717,0,0,961.36262,0
2026-04-22T01:19:37.627712,0,0,962.244646,0
2026-04-22T01:19:38.633713,0,0,963.126672,0
2026-04-22T01:19:39.640670,0,0,959.598568,0
2026-04-22T01:19:40.646676,0,0,964.008698,0
2026-04-22T01:19:41.654625,0,0,965.77275,0
2026-04-22T01:19:42.661595,0,0,962.244646,0
2026-04-22T01:19:43.667621,0,0,961.36262,0
2026-04-22T01:19:54.291157,0,0,957.834516,0
2026-04-22T01:19:56.773450,0,0,961.36262,0
2026-04-22T01:19:57.780544,0,0,962.244646,0
2026-04-22T01:19:58.786384,0,0,961.36262,0
2026-04-22T01:19:59.792826,0,0,962.244646,0
2026-04-22T01:20:00.799372,0,0,962.244646,0
2026-04-22T01:20:01.806393,0,0,962.244646,0
2026-04-22T01:20:02.813358,0,0,960.480594,0
2026-04-22T01:20:03.820403,0,0,961.36262,0
2026-04-22T01:20:04.827295,0,0,962.244646,0
2026-04-22T01:20:05.833273,0,0,961.36262,0
2026-04-22T01:20:06.840358,0,0,962.244646,0
2026-04-22T01:20:07.846251,0,0,962.244646,0
2026-04-22T01:20:08.853195,0,0,961.36262,0
2026-04-22T01:20:09.859203,0,0,960.480594,0
2026-04-22T01:20:10.866187,0,0,961.36262,0
2026-04-22T01:20:11.872258,0,0,961.36262,0
2026-04-22T01:20:12.880265,0,0,961.36262,0
2026-04-22T01:20:13.887134,0,0,961.36262,0
2026-04-22T01:20:14.893106,0,0,961.36262,0
2026-04-22T01:20:15.900212,0,0,962.244646,0
2026-04-22T01:20:16.905076,0,0,961.36262,0
2026-04-22T01:20:27.435590,0,0,961.36262,0
2026-04-22T01:20:29.917889,0,0,961.36262,0
2026-04-22T01:20:30.924838,0,0,962.244646,0
2026-04-22T01:20:31.930835,0,0,962.244646,0
2026-04-22T01:20:32.937805,0,0,961.36262,0
2026-04-22T01:20:33.943795,0,0,961.36262,0
2026-04-22T01:20:34.950786,0,0,961.36262,0
2026-04-22T01:20:35.957767,0,0,962.244646,0
2026-04-22T01:20:36.964749,0,0,963.126672,0
2026-04-22T01:20:37.971727,0,0,961.36262,0
2026-04-22T01:20:38.977889,0,0,961.36262,0
2026-04-22T01:20:39.984687,0,0,962.244646,0
2026-04-22T01:20:40.990693,0,0,959.598568,0
2026-04-22T01:20:41.997648,0,0,958.716542,0
2026-04-22T01:20:43.003646,0,0,966.654776,0
2026-04-22T01:20:44.010635,0,0,967.536802,0
2026-04-22T01:20:45.016553,0,0,961.36262,0
2026-04-22T01:20:46.024666,0,0,961.36262,0
2026-04-22T01:20:47.031588,0,0,961.36262,0
2026-04-22T01:20:48.037595,0,0,962.244646,0
2026-04-22T01:20:49.044616,0,0,961.36262,0
2026-04-22T01:20:50.050555,0,0,961.36262,0
2026-04-22T01:20:51.057515,0,0,961.36262,0
2026-04-22T01:21:02.097869,0,0,961.36262,0
2026-04-22T01:21:04.580372,0,0,961.36262,0
2026-04-22T01:21:05.587233,0,0,961.36262,0
2026-04-22T01:21:06.593231,0,0,962.244646,0
2026-04-22T01:21:07.600363,0,0,961.36262,0
2026-04-22T01:21:08.606190,0,0,962.244646,0
2026-04-22T01:21:09.613140,0,0,961.36262,0
2026-04-22T01:21:10.619184,0,0,962.244646,0
2026-04-22T01:21:11.627130,0,0,961.36262,0
2026-04-22T01:21:12.634136,0,0,961.36262,0
2026-04-22T01:21:13.640201,0,0,961.36262,0
2026-04-22T01:21:14.647092,0,0,961.36262,0
2026-04-22T01:21:15.652989,0,0,961.36262,0
2026-04-22T01:21:16.660183,0,0,962.244646,0
2026-04-22T01:21:17.665004,0,0,961.36262,0
2026-04-22T01:21:18.673020,0,0,961.36262,0
2026-04-22T01:21:19.679001,0,0,962.244646,0
2026-04-22T01:21:20.685965,0,0,962.244646,0
2026-04-22T01:21:21.693998,0,0,960.480594,0
2026-04-22T01:21:22.699953,0,0,962.244646,0
2026-04-22T01:21:23.706928,0,0,962.244646,0
2026-04-22T01:21:34.602296,0,0,961.36262,0
2026-04-22T01:21:37.084716,0,0,961.36262,0
2026-04-22T01:21:38.091691,0,0,962.244646,0
2026-04-22T01:21:39.097673,0,0,961.36262,0
2026-04-22T01:21:40.104674,0,0,960.480594,0
2026-04-22T01:21:41.110629,0,0,966.654776,0
2026-04-22T01:21:42.117644,0,0,961.36262,0
2026-04-22T01:21:43.124641,0,0,961.36262,0
2026-04-22T01:21:44.131585,0,0,961.36262,0
2026-04-22T01:21:45.138576,0,0,956.070464,0
2026-04-22T01:21:46.144574,0,0,964.890724,0
2026-04-22T01:21:47.151564,0,0,969.300854,0
2026-04-22T01:21:48.157490,0,0,961.36262,0
2026-04-22T01:21:49.163451,0,0,962.244646,0
2026-04-22T01:21:50.170461,0,0,962.244646,0
2026-04-22T01:21:51.177458,0,0,961.36262,0
2026-04-22T01:21:52.183419,0,0,962.244646,0
2026-04-22T01:21:53.190423,0,0,961.36262,0
2026-04-22T01:21:54.198403,0,0,961.36262,0
2026-04-22T01:21:55.204440,0,0,962.244646,0
2026-04-22T01:21:56.211364,0,0,961.36262,0
2026-04-22T01:21:57.217350,0,0,961.36262,0
2026-04-22T01:21:58.224444,0,0,962.244646,0
2026-04-22T01:21:59.230321,0,0,961.36262,0
2026-04-22T01:22:00.237368,0,0,960.480594,0
2026-04-22T01:22:01.244413,0,0,961.36262,0
2026-04-22T01:22:02.250271,0,0,961.36262,0
2026-04-22T01:22:03.257300,0,0,961.36262,0
2026-04-22T01:22:04.264371,0,0,961.36262,0
2026-04-22T01:22:05.271294,0,0,960.480594,0
2026-04-22T01:22:06.277250,0,0,960.480594,0
2026-04-22T01:22:07.284287,0,0,961.36262,0
2026-04-22T01:22:08.290228,0,0,962.244646,0
2026-04-22T01:22:09.297184,0,0,961.36262,0
2026-04-22T01:22:10.306025,0,0,958.716542,0
2026-04-22T01:22:11.310098,0,0,961.36262,0
2026-04-22T01:22:12.317073,0,0,961.36262,0
2026-04-22T01:22:13.323052,0,0,962.244646,0
2026-04-22T01:22:14.331037,0,0,962.244646,0
2026-04-22T01:22:15.337020,0,0,961.36262,0
2026-04-22T01:22:16.344006,0,0,961.36262,0
2026-04-22T01:22:17.350987,0,0,961.36262,0
2026-04-22T01:22:18.356981,0,0,962.244646,0
2026-04-22T01:22:19.363938,0,0,962.244646,0
2026-04-22T01:22:20.369925,0,0,961.36262,0
2026-04-22T01:22:21.376922,0,0,961.36262,0
2026-04-22T01:22:22.382895,0,0,962.244646,0
2026-04-22T01:22:23.389888,0,0,961.36262,0
2026-04-22T01:22:24.396868,0,0,962.244646,0
2026-04-22T01:22:25.403839,0,0,961.36262,0
2026-04-22T01:22:26.410833,0,0,961.36262,0
2026-04-22T01:22:27.416810,0,0,962.244646,0
2026-04-22T01:22:28.423801,0,0,962.244646,0
2026-04-22T01:22:29.429774,0,0,961.36262,0
2026-04-22T01:22:30.436756,0,0,961.36262,0
2026-04-22T01:22:31.442743,0,0,960.480594,0
2026-04-22T01:22:32.449719,0,0,961.36262,0
2026-04-22T01:22:33.456698,0,0,961.36262,0
2026-04-22T01:22:34.463680,0,0,961.36262,0
2026-04-22T01:22:35.470664,0,0,963.126672,0
2026-04-22T01:22:36.476679,0,0,961.36262,0
2026-04-22T01:22:37.483640,0,0,959.598568,0
2026-04-22T01:22:38.489598,0,0,961.36262,0
2026-04-22T01:22:39.496706,0,0,964.008698,0
2026-04-22T01:22:40.502572,0,0,960.480594,0
2026-04-22T01:22:41.509606,0,0,958.716542,0
2026-04-22T01:22:42.516637,0,0,958.716542,0
2026-04-22T01:22:43.522562,0,0,964.008698,0
2026-04-22T01:22:44.529502,0,0,961.36262,0
2026-04-22T01:22:45.536588,0,0,959.598568,0
2026-04-22T01:22:46.543516,0,0,962.244646,0
2026-04-22T01:22:47.549424,0,0,961.36262,0
2026-04-22T01:22:48.556479,0,0,961.36262,0
2026-04-22T01:22:49.563423,0,0,962.244646,0
2026-04-22T01:22:50.569406,0,0,961.36262,0
2026-04-22T01:22:51.576440,0,0,962.244646,0
2026-04-22T01:22:52.582373,0,0,961.36262,0
2026-04-22T01:22:53.589364,0,0,961.36262,0
2026-04-22T01:22:54.595338,0,0,961.36262,0
2026-04-22T01:22:55.603327,0,0,962.244646,0
2026-04-22T01:22:56.609290,0,0,962.244646,0
2026-04-22T01:22:57.616341,0,0,961.36262,0
2026-04-22T01:22:58.623270,0,0,962.244646,0
2026-04-22T01:22:59.629262,0,0,961.36262,0
2026-04-22T01:23:00.636296,0,0,961.36262,0
2026-04-22T01:23:01.642254,0,0,961.36262,0
2026-04-22T01:23:02.649192,0,0,961.36262,0
2026-04-22T01:23:03.655215,0,0,961.36262,0
2026-04-22T01:23:04.662169,0,0,964.008698,0
2026-04-22T01:23:05.670134,0,0,964.890724,0
2026-04-22T01:23:06.676188,0,0,959.598568,0
2026-04-22T01:23:07.683105,0,0,958.716542,0
2026-04-22T01:23:08.689088,0,0,964.008698,0
2026-04-22T01:23:09.696141,0,0,964.890724,0
2026-04-22T01:23:10.702049,0,0,958.716542,0
2026-04-22T01:23:11.709031,0,0,957.834516,0
2026-04-22T01:23:12.715008,0,0,964.890724,0
2026-04-22T01:23:13.721977,0,0,966.654776,0
2026-04-22T01:23:14.728989,0,0,963.126672,0
2026-04-22T01:23:15.735951,0,0,959.598568,0
2026-04-22T01:23:16.742943,0,0,958.716542,0
2026-04-22T01:23:17.748917,0,0,965.77275,0
2026-04-22T01:23:18.755902,0,0,961.36262,0
2026-04-22T01:23:19.761906,0,0,961.36262,0
2026-04-22T01:23:20.768875,0,0,962.244646,0
2026-04-22T01:23:21.775851,0,0,961.36262,0
2026-04-22T01:23:22.781841,0,0,961.36262,0
2026-04-22T01:23:23.788813,0,0,963.126672,0
2026-04-22T01:23:24.794792,0,0,961.36262,0
2026-04-22T01:23:25.801761,0,0,962.244646,0
2026-04-22T01:23:26.808761,0,0,962.244646,0
2026-04-22T01:23:27.815733,0,0,961.36262,0
2026-04-22T01:23:28.821711,0,0,962.244646,0
2026-04-22T01:23:29.828711,0,0,962.244646,0
2026-04-22T01:23:30.835708,0,0,961.36262,0
2026-04-22T01:23:31.841660,0,0,962.244646,0
2026-04-22T01:23:32.848656,0,0,961.36262,0
2026-04-22T01:23:33.854649,0,0,960.480594,0
2026-04-22T01:23:34.861605,0,0,961.36262,0
2026-04-22T01:23:35.867599,0,0,962.244646,0
2026-04-22T01:23:46.278913,0,0,961.36262,0
2026-04-22T01:23:48.761315,0,0,957.834516,0
2026-04-22T01:23:49.768350,0,0,962.244646,0
2026-04-22T01:23:50.774264,0,0,961.36262,0
2026-04-22T01:23:51.781266,0,0,962.244646,0
2026-04-22T01:23:52.787274,0,0,960.480594,0
2026-04-22T01:23:53.794248,0,0,961.36262,0
2026-04-22T01:23:54.801192,0,0,961.36262,0
2026-04-22T01:23:55.808289,0,0,961.36262,0
2026-04-22T01:23:56.815154,0,0,961.36262,0
2026-04-22T01:23:57.821126,0,0,961.36262,0
2026-04-22T01:23:58.828237,0,0,962.244646,0
2026-04-22T01:23:59.834080,0,0,962.244646,0
2026-04-22T01:24:00.841078,0,0,961.36262,0
2026-04-22T01:24:01.847113,0,0,962.244646,0
2026-04-22T01:24:02.854066,0,0,961.36262,0
2026-04-22T01:24:03.860126,0,0,964.008698,0
2026-04-22T01:24:04.867012,0,0,962.244646,0
2026-04-22T01:24:05.874968,0,0,961.36262,0
2026-04-22T01:24:06.881004,0,0,961.36262,0
2026-04-22T01:24:07.887943,0,0,962.244646,0
2026-04-22T01:24:18.801314,0,0,964.008698,0
2026-04-22T01:24:21.283759,0,0,961.36262,0
2026-04-22T01:24:22.290620,0,0,962.244646,0
2026-04-22T01:24:23.296689,0,0,962.244646,0
2026-04-22T01:24:24.303679,0,0,962.244646,0
2026-04-22T01:24:25.309657,0,0,961.36262,0
2026-04-22T01:24:26.316626,0,0,961.36262,0
2026-04-22T01:24:27.323646,0,0,961.36262,0
2026-04-22T01:24:28.330596,0,0,962.244646,0
2026-04-22T01:24:29.337581,0,0,961.36262,0
2026-04-22T01:24:30.343449,0,0,961.36262,0
2026-04-22T01:24:31.350533,0,0,961.36262,0
2026-04-22T01:24:32.356570,0,0,961.36262,0
2026-04-22T01:24:33.363520,0,0,962.244646,0
2026-04-22T01:24:34.369486,0,0,960.480594,0
2026-04-22T01:24:35.376521,0,0,961.36262,0
2026-04-22T01:24:36.382447,0,0,967.536802,0
2026-04-22T01:24:37.389443,0,0,965.77275,0
2026-04-22T01:24:38.397380,0,0,962.244646,0
2026-04-22T01:24:39.403368,0,0,959.598568,0
2026-04-22T01:24:40.410328,0,0,960.480594,0
2026-04-22T01:24:54.053897,0,0,961.36262,0
2026-04-22T01:24:55.060217,0,0,961.36262,0
2026-04-22T01:24:56.066165,0,0,961.36262,0
2026-04-22T01:24:57.073110,0,0,961.36262,0
2026-04-22T01:24:58.079060,0,0,958.716542,0
2026-04-22T01:24:59.086056,0,0,960.480594,0
2026-04-22T01:25:00.093000,0,0,965.77275,0
2026-04-22T01:25:01.099982,0,0,961.36262,0
2026-04-22T01:25:02.106962,0,0,961.36262,0
2026-04-22T01:25:03.112995,0,0,962.244646,0
2026-04-22T01:25:04.119980,0,0,959.598568,0
2026-04-22T01:25:05.125931,0,0,962.244646,0
2026-04-22T01:25:06.132895,0,0,961.36262,0
2026-04-22T01:25:07.138871,0,0,961.36262,0
2026-04-22T01:25:08.145862,0,0,961.36262,0
2026-04-22T01:25:09.151841,0,0,962.244646,0
2026-04-22T01:25:10.158805,0,0,961.36262,0
2026-04-22T01:25:11.166828,0,0,961.36262,0
2026-04-22T01:25:12.172824,0,0,961.36262,0
2026-04-22T01:25:13.179805,0,0,961.36262,0
2026-04-22T01:25:14.185779,0,0,962.244646,0
2026-04-22T01:25:24.241041,0,0,961.36262,0
2026-04-22T01:25:26.723525,0,0,961.36262,0
2026-04-22T01:25:27.730491,0,0,961.36262,0
2026-04-22T01:25:28.736562,0,0,962.244646,0
2026-04-22T01:25:29.743444,0,0,961.36262,0
2026-04-22T01:25:30.749431,0,0,961.36262,0
2026-04-22T01:25:31.756506,0,0,962.244646,0
2026-04-22T01:25:32.762385,0,0,961.36262,0
2026-04-22T01:25:33.770382,0,0,962.244646,0
2026-04-22T01:25:34.777354,0,0,962.244646,0
2026-04-22T01:25:35.783331,0,0,961.36262,0
2026-04-22T01:25:36.790313,0,0,961.36262,0
2026-04-22T01:25:37.796403,0,0,962.244646,0
2026-04-22T01:25:38.803263,0,0,961.36262,0
2026-04-22T01:25:39.809247,0,0,961.36262,0
2026-04-22T01:25:40.816327,0,0,961.36262,0
2026-04-22T01:25:41.822223,0,0,961.36262,0
2026-04-22T01:25:42.829216,0,0,962.244646,0
2026-04-22T01:25:43.837178,0,0,961.36262,0
2026-04-22T01:25:44.843162,0,0,962.244646,0
2026-04-22T01:25:45.850124,0,0,964.890724,0
2026-04-22T01:25:46.856238,0,0,961.36262,0
2026-04-22T01:25:47.863097,0,0,960.480594,0
2026-04-22T01:25:58.554424,0,0,960.480594,0
2026-04-22T01:26:01.036808,0,0,962.244646,0
2026-04-22T01:26:02.043774,0,0,961.36262,0
2026-04-22T01:26:03.049760,0,0,962.244646,0
2026-04-22T01:26:04.056755,0,0,961.36262,0
2026-04-22T01:26:05.062759,0,0,956.070464,0
2026-04-22T01:26:06.069733,0,0,958.716542,0
2026-04-22T01:26:07.076704,0,0,962.244646,0
2026-04-22T01:26:08.083683,0,0,961.36262,0
2026-04-22T01:26:09.090648,0,0,961.36262,0
2026-04-22T01:26:10.096662,0,0,961.36262,0
2026-04-22T01:26:11.103633,0,0,961.36262,0
2026-04-22T01:26:12.109618,0,0,961.36262,0
2026-04-22T01:26:13.116558,0,0,962.244646,0
2026-04-22T01:26:14.122577,0,0,960.480594,0
2026-04-22T01:26:15.129551,0,0,963.126672,0
2026-04-22T01:26:16.135510,0,0,962.244646,0
2026-04-22T01:26:17.142483,0,0,961.36262,0
2026-04-22T01:26:18.150457,0,0,961.36262,0
2026-04-22T01:26:19.156528,0,0,961.36262,0
2026-04-22T01:26:20.163411,0,0,962.244646,0
2026-04-22T01:26:21.169417,0,0,962.244646,0
2026-04-22T01:26:22.176497,0,0,962.244646,0
2026-04-22T01:26:23.182358,0,0,961.36262,0
2026-04-22T01:26:24.189334,0,0,962.244646,0
2026-04-22T01:26:25.196435,0,0,961.36262,0
2026-04-22T01:26:26.202310,0,0,961.36262,0
2026-04-22T01:26:27.209298,0,0,960.480594,0
2026-04-22T01:26:28.216352,0,0,961.36262,0
2026-04-22T01:26:29.223248,0,0,962.244646,0
2026-04-22T01:26:30.229213,0,0,962.244646,0
2026-04-22T01:26:31.236306,0,0,961.36262,0
2026-04-22T01:26:32.242182,0,0,961.36262,0
2026-04-22T01:26:33.249171,0,0,962.244646,0
2026-04-22T01:26:34.256247,0,0,961.36262,0
2026-04-22T01:26:35.262112,0,0,962.244646,0
2026-04-22T01:26:36.269091,0,0,960.480594,0
2026-04-22T01:26:37.275095,0,0,966.654776,0
2026-04-22T01:26:38.283057,0,0,963.126672,0
2026-04-22T01:26:39.289056,0,0,959.598568,0
2026-04-22T01:26:40.296030,0,0,958.716542,0
2026-04-22T01:26:41.302986,0,0,957.834516,0
2026-04-22T01:26:42.308991,0,0,962.244646,0
2026-04-22T01:26:43.315950,0,0,961.36262,0
2026-04-22T01:26:44.321950,0,0,962.244646,0
2026-04-22T01:26:45.328938,0,0,961.36262,0
2026-04-22T01:26:46.334908,0,0,961.36262,0
2026-04-22T01:26:47.341884,0,0,962.244646,0
2026-04-22T01:26:48.347871,0,0,961.36262,0
2026-04-22T01:26:49.355836,0,0,962.244646,0
2026-04-22T01:26:50.362831,0,0,962.244646,0
2026-04-22T01:26:51.368803,0,0,957.834516,0
2026-04-22T01:26:52.375788,0,0,956.070464,0
2026-04-22T01:26:53.381777,0,0,965.77275,0
2026-04-22T01:27:04.253100,0,0,962.244646,0
2026-04-22T01:27:06.735537,0,0,964.008698,0
2026-04-22T01:27:07.742508,0,0,962.244646,0
2026-04-22T01:27:08.748541,0,0,961.36262,0
2026-04-22T01:27:09.755465,0,0,962.244646,0
2026-04-22T01:27:10.761454,0,0,962.244646,0
2026-04-22T01:27:11.768478,0,0,961.36262,0
2026-04-22T01:27:12.774412,0,0,961.36262,0
2026-04-22T01:27:13.782395,0,0,961.36262,0
2026-04-22T01:27:14.788445,0,0,961.36262,0
2026-04-22T01:27:15.795316,0,0,961.36262,0
2026-04-22T01:27:16.802330,0,0,961.36262,0
2026-04-22T01:27:17.808439,0,0,962.244646,0
2026-04-22T01:27:18.815280,0,0,961.36262,0
2026-04-22T01:27:19.821256,0,0,960.480594,0
2026-04-22T01:27:20.828269,0,0,965.77275,0
2026-04-22T01:27:21.834199,0,0,961.36262,0
2026-04-22T01:27:22.841207,0,0,961.36262,0
2026-04-22T01:27:23.849170,0,0,961.36262,0
2026-04-22T01:27:24.855163,0,0,961.36262,0
2026-04-22T01:27:25.862144,0,0,958.716542,0
2026-04-22T01:27:26.868014,0,0,964.008698,0
2026-04-22T01:27:27.875082,0,0,964.008698,0
2026-04-22T01:27:28.881049,0,0,962.244646,0
2026-04-22T01:27:29.888192,0,0,962.244646,0
2026-04-22T01:27:30.895042,0,0,962.244646,0
2026-04-22T01:27:31.900012,0,0,961.36262,0
2026-04-22T01:27:32.908007,0,0,961.36262,0
2026-04-22T01:27:33.914921,0,0,961.36262,0
2026-04-22T01:27:34.921953,0,0,961.36262,0
2026-04-22T01:27:35.927917,0,0,961.36262,0
2026-04-22T01:27:36.934902,0,0,962.244646,0
2026-04-22T01:27:37.940889,0,0,961.36262,0
2026-04-22T01:27:38.947867,0,0,961.36262,0
2026-04-22T01:27:39.954817,0,0,962.244646,0
2026-04-22T01:27:40.960831,0,0,960.480594,0
2026-04-22T01:27:41.967805,0,0,961.36262,0
2026-04-22T01:27:42.973801,0,0,962.244646,0
2026-04-22T01:27:43.981762,0,0,961.36262,0
2026-04-22T01:27:44.987746,0,0,964.890724,0
2026-04-22T01:27:45.994696,0,0,961.36262,0
2026-04-22T01:27:47.001707,0,0,961.36262,0
2026-04-22T01:27:48.007688,0,0,961.36262,0
2026-04-22T01:27:49.014664,0,0,962.244646,0
2026-04-22T01:27:50.020656,0,0,962.244646,0
2026-04-22T01:27:51.027634,0,0,961.36262,0
2026-04-22T01:27:52.033580,0,0,962.244646,0
2026-04-22T01:27:53.040656,0,0,962.244646,0
2026-04-22T01:27:54.046571,0,0,961.36262,0
2026-04-22T01:27:55.054547,0,0,962.244646,0
2026-04-22T01:27:56.061557,0,0,961.36262,0
2026-04-22T01:27:57.067472,0,0,962.244646,0
2026-04-22T01:27:58.074514,0,0,962.244646,0
2026-04-22T01:27:59.080569,0,0,961.36262,0
2026-04-22T01:28:00.087422,0,0,962.244646,0
2026-04-22T01:28:01.093460,0,0,958.716542,0
2026-04-22T01:28:02.100470,0,0,957.834516,0
2026-04-22T01:28:03.107413,0,0,962.244646,0
2026-04-22T01:28:04.113388,0,0,961.36262,0
2026-04-22T01:28:05.121353,0,0,961.36262,0
2026-04-22T01:28:06.127323,0,0,962.244646,0
2026-04-22T01:28:07.134341,0,0,961.36262,0
2026-04-22T01:28:08.140394,0,0,962.244646,0
2026-04-22T01:28:09.147322,0,0,962.244646,0
2026-04-22T01:28:10.153278,0,0,961.36262,0
2026-04-22T01:28:11.160337,0,0,961.36262,0
2026-04-22T01:28:12.167262,0,0,961.36262,0
2026-04-22T01:28:13.173196,0,0,961.36262,0
2026-04-22T01:28:14.180297,0,0,962.244646,0
2026-04-22T01:28:15.187191,0,0,962.244646,0
2026-04-22T01:28:16.194170,0,0,961.36262,0
2026-04-22T01:28:17.200234,0,0,962.244646,0
2026-04-22T01:28:18.207094,0,0,961.36262,0
2026-04-22T01:28:19.214074,0,0,962.244646,0
2026-04-22T01:28:20.220130,0,0,962.244646,0
2026-04-22T01:28:21.227034,0,0,962.244646,0
2026-04-22T01:28:22.233009,0,0,962.244646,0
2026-04-22T01:28:23.239986,0,0,962.244646,0
2026-04-22T01:28:24.245983,0,0,962.244646,0
2026-04-22T01:28:25.253954,0,0,961.36262,0
2026-04-22T01:28:26.259924,0,0,962.244646,0
2026-04-22T01:28:27.266918,0,0,962.244646,0
2026-04-22T01:28:28.273899,0,0,962.244646,0
2026-04-22T01:28:29.279874,0,0,962.244646,0
2026-04-22T01:28:30.286844,0,0,962.244646,0
2026-04-22T01:28:31.292816,0,0,961.36262,0
2026-04-22T01:28:41.924505,0,0,962.244646,0
2026-04-22T01:28:44.406671,0,0,962.244646,0
2026-04-22T01:28:45.413629,0,0,962.244646,0
2026-04-22T01:28:46.419603,0,0,962.244646,0
2026-04-22T01:28:47.426601,0,0,961.36262,0
2026-04-22T01:28:48.432669,0,0,962.244646,0
2026-04-22T01:28:49.439533,0,0,962.244646,0
2026-04-22T01:28:50.446542,0,0,958.716542,0
2026-04-22T01:28:51.453521,0,0,959.598568,0
2026-04-22T01:28:52.460555,0,0,960.480594,0
2026-04-22T01:28:53.466470,0,0,962.244646,0
2026-04-22T01:28:54.473379,0,0,962.244646,0
2026-04-22T01:28:55.479345,0,0,961.36262,0
2026-04-22T01:28:56.486327,0,0,961.36262,0
2026-04-22T01:28:57.492445,0,0,961.36262,0
2026-04-22T01:28:58.499268,0,0,962.244646,0
2026-04-22T01:28:59.505235,0,0,961.36262,0
2026-04-22T01:29:00.512391,0,0,962.244646,0
2026-04-22T01:29:01.520374,0,0,961.36262,0
2026-04-22T01:29:02.526223,0,0,962.244646,0
2026-04-22T01:29:03.533187,0,0,961.36262,0
2026-04-22T01:29:04.539140,0,0,961.36262,0
2026-04-22T01:29:05.546151,0,0,961.36262,0
2026-04-22T01:29:06.552260,0,0,961.36262,0
2026-04-22T01:29:07.559115,0,0,961.36262,0
2026-04-22T01:29:08.566091,0,0,962.244646,0
2026-04-22T01:29:09.572197,0,0,962.244646,0
2026-04-22T01:29:10.579008,0,0,961.36262,0
2026-04-22T01:29:11.586026,0,0,963.126672,0
2026-04-22T01:29:12.593007,0,0,961.36262,0
2026-04-22T01:29:13.598982,0,0,961.36262,0
2026-04-22T01:29:14.605956,0,0,962.244646,0
2026-04-22T01:29:15.611959,0,0,959.598568,0
2026-04-22T01:29:16.618891,0,0,961.36262,0
2026-04-22T01:29:17.625892,0,0,962.244646,0
2026-04-22T01:29:18.631882,0,0,966.654776,0
2026-04-22T01:29:19.638861,0,0,962.244646,0
2026-04-22T01:29:20.644867,0,0,958.716542,0
2026-04-22T01:29:21.652834,0,0,957.834516,0
2026-04-22T01:29:22.658795,0,0,962.244646,0
2026-04-22T01:29:23.665802,0,0,964.008698,0
2026-04-22T01:29:24.672804,0,0,963.126672,0
2026-04-22T01:29:25.678773,0,0,961.36262,0
2026-04-22T01:29:26.685747,0,0,961.36262,0
2026-04-22T01:29:27.691749,0,0,930.49171,0
2026-04-22T01:29:28.698715,0,0,962.244646,0
2026-04-22T01:29:29.704659,0,0,961.36262,0
2026-04-22T01:29:30.711649,0,0,962.244646,0
2026-04-22T01:29:31.717605,0,0,961.36262,0
2026-04-22T01:29:32.725603,0,0,962.244646,0
2026-04-22T01:29:33.732576,0,0,961.36262,0
2026-04-22T01:29:34.738540,0,0,961.36262,0
2026-04-22T01:29:35.745565,0,0,962.244646,0
2026-04-22T01:29:36.751539,0,0,962.244646,0
2026-04-22T01:29:37.758524,0,0,961.36262,0
2026-04-22T01:29:48.274845,0,0,962.244646,0
2026-04-22T01:29:50.757260,0,0,960.480594,0
2026-04-22T01:29:51.764393,0,0,961.36262,0
2026-04-22T01:29:52.770185,0,0,962.244646,0
2026-04-22T01:29:53.777192,0,0,961.36262,0
2026-04-22T01:29:54.783169,0,0,960.480594,0
2026-04-22T01:29:55.790166,0,0,962.244646,0
2026-04-22T01:29:56.796216,0,0,964.008698,0
2026-04-22T01:29:57.804162,0,0,963.126672,0
2026-04-22T01:29:58.811079,0,0,964.008698,0
2026-04-22T01:29:59.817056,0,0,961.36262,0
2026-04-22T01:30:00.824114,0,0,961.36262,0
2026-04-22T01:30:01.830031,0,0,962.244646,0
2026-04-22T01:30:02.836984,0,0,961.36262,0
2026-04-22T01:30:03.842973,0,0,961.36262,0
2026-04-22T01:30:04.849936,0,0,962.244646,0
2026-04-22T01:30:05.855902,0,0,961.36262,0
2026-04-22T01:30:06.862884,0,0,964.008698,0
2026-04-22T01:30:07.870876,0,0,964.008698,0
2026-04-22T01:30:08.876755,0,0,961.36262,0
2026-04-22T01:30:09.883824,0,0,962.244646,0
2026-04-22T01:30:10.889801,0,0,962.244646,0
2026-04-22T01:30:11.896810,0,0,962.244646,0
2026-04-22T01:30:22.197228,0,0,961.36262,0
2026-04-22T01:30:24.679574,0,0,962.244646,0
2026-04-22T01:30:25.686548,0,0,961.36262,0
2026-04-22T01:30:26.692595,0,0,962.244646,0
2026-04-22T01:30:27.699501,0,0,961.36262,0
2026-04-22T01:30:28.705449,0,0,958.716542,0
2026-04-22T01:30:29.712530,0,0,961.36262,0
2026-04-22T01:30:30.718439,0,0,964.008698,0
2026-04-22T01:30:31.726416,0,0,962.244646,0
2026-04-22T01:30:32.733365,0,0,961.36262,0
2026-04-22T01:30:33.739382,0,0,961.36262,0
2026-04-22T01:30:34.746339,0,0,962.244646,0
2026-04-22T01:30:35.752416,0,0,962.244646,0
2026-04-22T01:30:36.759274,0,0,960.480594,0
2026-04-22T01:30:37.765277,0,0,960.480594,0
2026-04-22T01:30:38.772354,0,0,963.126672,0
2026-04-22T01:30:39.778225,0,0,961.36262,0
2026-04-22T01:30:40.785227,0,0,961.36262,0
2026-04-22T01:30:41.793203,0,0,962.244646,0
2026-04-22T01:30:42.799167,0,0,964.008698,0
2026-04-22T01:30:43.806161,0,0,968.418828,0
2026-04-22T01:30:54.214384,0,0,962.244646,0
2026-04-22T01:30:56.696969,0,0,964.890724,0
2026-04-22T01:30:57.703930,0,0,962.244646,0
2026-04-22T01:30:58.709893,0,0,962.244646,0
2026-04-22T01:30:59.716728,0,0,962.244646,0
2026-04-22T01:31:00.722840,0,0,963.126672,0
2026-04-22T01:31:01.729853,0,0,962.244646,0
2026-04-22T01:31:02.735821,0,0,961.36262,0
2026-04-22T01:31:03.743796,0,0,957.834516,0
2026-04-22T01:31:04.750746,0,0,959.598568,0
2026-04-22T01:31:05.756777,0,0,961.36262,0
2026-04-22T01:31:06.763714,0,0,962.244646,0
2026-04-22T01:31:07.769677,0,0,957.834516,0
2026-04-22T01:31:08.776682,0,0,959.598568,0
2026-04-22T01:31:09.782673,0,0,962.244646,0
2026-04-22T01:31:10.789619,0,0,960.480594,0
2026-04-22T01:31:11.795600,0,0,961.36262,0
2026-04-22T01:31:12.802577,0,0,964.008698,0
2026-04-22T01:31:13.810567,0,0,961.36262,0
2026-04-22T01:31:14.816574,0,0,961.36262,0
2026-04-22T01:31:15.823539,0,0,961.36262,0
2026-04-22T01:31:16.828733,0,0,962.244646,0
2026-04-22T01:31:17.836563,0,0,967.536802,0
2026-04-22T01:31:18.842472,0,0,959.598568,0
2026-04-22T01:31:19.849474,0,0,961.36262,0
2026-04-22T01:31:20.856495,0,0,961.36262,0
2026-04-22T01:31:21.862401,0,0,961.36262,0
2026-04-22T01:31:22.869352,0,0,962.244646,0
2026-04-22T01:31:23.875378,0,0,961.36262,0
2026-04-22T01:31:24.883336,0,0,961.36262,0
2026-04-22T01:31:25.889339,0,0,962.244646,0
2026-04-22T01:31:26.896397,0,0,961.36262,0
2026-04-22T01:31:27.902269,0,0,961.36262,0
2026-04-22T01:31:28.909267,0,0,961.36262,0
2026-04-22T01:31:29.916344,0,0,962.244646,0
2026-04-22T01:31:30.922224,0,0,960.480594,0
2026-04-22T01:31:31.929213,0,0,961.36262,0
2026-04-22T01:31:32.935198,0,0,961.36262,0
2026-04-22T01:31:33.941121,0,0,961.36262,0
2026-04-22T01:31:34.949148,0,0,960.480594,0
2026-04-22T01:31:35.956215,0,0,962.244646,0
2026-04-22T01:31:36.963109,0,0,961.36262,0
2026-04-22T01:31:37.969069,0,0,961.36262,0
2026-04-22T01:31:38.976140,0,0,961.36262,0
2026-04-22T01:31:39.982016,0,0,961.36262,0
2026-04-22T01:31:40.988991,0,0,962.244646,0
2026-04-22T01:31:41.995017,0,0,961.36262,0
2026-04-22T01:31:43.001963,0,0,962.244646,0
2026-04-22T01:31:44.007922,0,0,959.598568,0
2026-04-22T01:31:45.015909,0,0,961.36262,0
2026-04-22T01:31:46.021878,0,0,962.244646,0
2026-04-22T01:31:47.028877,0,0,962.244646,0
2026-04-22T01:31:48.035852,0,0,961.36262,0
2026-04-22T01:31:49.041791,0,0,961.36262,0
2026-04-22T01:31:50.048789,0,0,962.244646,0
2026-04-22T01:32:01.104286,0,0,962.244646,0
2026-04-22T01:32:03.586555,0,0,961.36262,0
2026-04-22T01:32:04.593533,0,0,961.36262,0
2026-04-22T01:32:05.599544,0,0,962.244646,0
2026-04-22T01:32:06.606497,0,0,963.126672,0
2026-04-22T01:32:07.612516,0,0,960.480594,0
2026-04-22T01:32:08.619462,0,0,957.834516,0
2026-04-22T01:32:09.625391,0,0,961.36262,0
2026-04-22T01:32:10.633432,0,0,961.36262,0
2026-04-22T01:32:11.640523,0,0,961.36262,0
2026-04-22T01:32:12.646372,0,0,962.244646,0
2026-04-22T01:32:13.653346,0,0,962.244646,0
2026-04-22T01:32:14.659332,0,0,961.36262,0
2026-04-22T01:32:15.666335,0,0,964.890724,0
2026-04-22T01:32:16.672367,0,0,961.36262,0
2026-04-22T01:32:17.679263,0,0,963.126672,0
2026-04-22T01:32:18.685272,0,0,957.834516,0
2026-04-22T01:32:19.692301,0,0,960.480594,0
2026-04-22T01:32:20.700303,0,0,962.244646,0
2026-04-22T01:32:21.706200,0,0,962.244646,0
2026-04-22T01:32:22.713094,0,0,961.36262,0
2026-04-22T01:32:33.274330,0,0,961.36262,0
2026-04-22T01:32:35.756819,0,0,961.36262,0
2026-04-22T01:32:36.763800,0,0,961.36262,0
2026-04-22T01:32:37.769776,0,0,962.244646,0
2026-04-22T01:32:38.776706,0,0,961.36262,0
2026-04-22T01:32:39.782709,0,0,959.598568,0
2026-04-22T01:32:40.789716,0,0,962.244646,0
2026-04-22T01:32:41.795657,0,0,965.77275,0
2026-04-22T01:32:42.803665,0,0,964.890724,0
2026-04-22T01:32:43.809650,0,0,960.480594,0
2026-04-22T01:32:44.816655,0,0,961.36262,0
2026-04-22T01:32:45.823573,0,0,962.244646,0
2026-04-22T01:32:46.829589,0,0,962.244646,0
2026-04-22T01:32:47.836614,0,0,961.36262,0
2026-04-22T01:32:48.842553,0,0,962.244646,0
2026-04-22T01:32:49.849529,0,0,962.244646,0
2026-04-22T01:32:50.855503,0,0,961.36262,0
2026-04-22T01:32:51.862479,0,0,962.244646,0
2026-04-22T01:32:52.870463,0,0,962.244646,0
2026-04-22T01:32:53.876580,0,0,961.36262,0
2026-04-22T01:32:54.883422,0,0,961.36262,0
2026-04-22T01:32:55.889399,0,0,957.834516,0
2026-04-22T01:32:56.896514,0,0,959.598568,0
2026-04-22T01:32:57.902372,0,0,961.36262,0
2026-04-22T01:32:58.909349,0,0,962.244646,0
2026-04-22T01:32:59.916375,0,0,961.36262,0
2026-04-22T01:33:00.922295,0,0,961.36262,0
2026-04-22T01:33:01.929262,0,0,962.244646,0
2026-04-22T01:33:02.936358,0,0,961.36262,0
2026-04-22T01:33:03.943260,0,0,961.36262,0
2026-04-22T01:33:04.949226,0,0,961.36262,0
2026-04-22T01:33:05.955233,0,0,962.244646,0
2026-04-22T01:33:06.962197,0,0,961.36262,0
2026-04-22T01:33:07.969185,0,0,961.36262,0
2026-04-22T01:33:08.976256,0,0,962.244646,0
2026-04-22T01:33:09.982136,0,0,961.36262,0
2026-04-22T01:33:10.989140,0,0,961.36262,0
2026-04-22T01:33:11.995099,0,0,962.244646,0
2026-04-22T01:33:13.002079,0,0,961.36262,0
2026-04-22T01:33:14.009077,0,0,961.36262,0
2026-04-22T01:33:15.016030,0,0,961.36262,0
2026-04-22T01:33:16.022844,0,0,961.36262,0
2026-04-22T01:33:17.028949,0,0,964.890724,0
2026-04-22T01:33:18.035921,0,0,964.008698,0
2026-04-22T01:33:19.041896,0,0,962.244646,0
2026-04-22T01:33:20.048874,0,0,962.244646,0
2026-04-22T01:33:21.054849,0,0,962.244646,0
2026-04-22T01:33:22.061838,0,0,960.480594,0
2026-04-22T01:33:23.067821,0,0,961.36262,0
2026-04-22T01:33:24.075787,0,0,961.36262,0
2026-04-22T01:33:25.082772,0,0,961.36262,0
2026-04-22T01:33:26.088756,0,0,961.36262,0
2026-04-22T01:33:27.095728,0,0,957.834516,0
2026-04-22T01:33:28.101719,0,0,964.008698,0
2026-04-22T01:33:38.367946,0,0,962.244646,0
2026-04-22T01:33:40.850553,0,0,964.008698,0
2026-04-22T01:33:41.857509,0,0,961.36262,0
2026-04-22T01:33:42.863453,0,0,962.244646,0
2026-04-22T01:33:43.870477,0,0,964.008698,0
2026-04-22T01:33:44.876510,0,0,961.36262,0
2026-04-22T01:33:45.882377,0,0,961.36262,0
2026-04-22T01:33:46.890409,0,0,962.244646,0
2026-04-22T01:33:47.897343,0,0,959.598568,0
2026-04-22T01:33:48.904510,0,0,957.834516,0
2026-04-22T01:33:49.910296,0,0,962.244646,0
2026-04-22T01:33:50.917256,0,0,961.36262,0
2026-04-22T01:33:51.923292,0,0,961.36262,0
2026-04-22T01:33:52.930254,0,0,960.480594,0
2026-04-22T01:33:53.936326,0,0,963.126672,0
2026-04-22T01:33:54.943203,0,0,962.244646,0
2026-04-22T01:33:55.949218,0,0,962.244646,0
2026-04-22T01:33:56.956047,0,0,961.36262,0
2026-04-22T01:33:57.964250,0,0,962.244646,0
2026-04-22T01:33:58.970092,0,0,961.36262,0
2026-04-22T01:33:59.977131,0,0,961.36262,0
2026-04-22T01:34:00.983097,0,0,961.36262,0
2026-04-22T01:34:01.990072,0,0,961.36262,0
2026-04-22T01:34:12.263554,0,0,962.244646,0
2026-04-22T01:34:14.745824,0,0,961.36262,0
2026-04-22T01:34:15.752786,0,0,961.36262,0
2026-04-22T01:34:16.758753,0,0,961.36262,0
2026-04-22T01:34:17.765765,0,0,961.36262,0
2026-04-22T01:34:18.771737,0,0,962.244646,0
2026-04-22T01:34:19.778718,0,0,961.36262,0
2026-04-22T01:34:20.784895,0,0,959.598568,0
2026-04-22T01:34:21.792707,0,0,964.008698,0
2026-04-22T01:34:22.799637,0,0,962.244646,0
2026-04-22T01:34:23.805609,0,0,961.36262,0
2026-04-22T01:34:24.812687,0,0,961.36262,0
2026-04-22T01:34:25.818566,0,0,961.36262,0
2026-04-22T01:34:26.825562,0,0,961.36262,0
2026-04-22T01:34:27.831549,0,0,961.36262,0
2026-04-22T01:34:28.838478,0,0,960.480594,0
2026-04-22T01:34:29.844542,0,0,961.36262,0
2026-04-22T01:34:30.851484,0,0,962.244646,0
2026-04-22T01:34:31.859466,0,0,962.244646,0
2026-04-22T01:34:32.865435,0,0,962.244646,0
2026-04-22T01:34:33.872463,0,0,961.36262,0
2026-04-22T01:34:34.878397,0,0,961.36262,0
2026-04-22T01:34:35.885377,0,0,961.36262,0
2026-04-22T01:34:36.891356,0,0,962.244646,0
2026-04-22T01:34:37.898338,0,0,965.77275,0
2026-04-22T01:34:38.905323,0,0,961.36262,0
2026-04-22T01:34:39.911293,0,0,961.36262,0
2026-04-22T01:34:40.918272,0,0,962.244646,0
2026-04-22T01:34:41.924834,0,0,962.244646,0
2026-04-22T01:34:42.932283,0,0,962.244646,0
2026-04-22T01:34:43.938206,0,0,961.36262,0
2026-04-22T01:34:44.945183,0,0,960.480594,0
2026-04-22T01:34:45.951159,0,0,960.480594,0
2026-04-22T01:34:46.958140,0,0,962.244646,0
2026-04-22T01:34:47.965123,0,0,961.36262,0
2026-04-22T01:34:48.971091,0,0,964.890724,0
2026-04-22T01:34:49.978078,0,0,961.36262,0
2026-04-22T01:34:50.984118,0,0,962.244646,0
2026-04-22T01:34:51.991025,0,0,962.244646,0
2026-04-22T01:34:52.998015,0,0,963.126672,0
2026-04-22T01:34:54.004998,0,0,961.36262,0
2026-04-22T01:34:55.011976,0,0,961.36262,0
2026-04-22T01:34:56.017944,0,0,962.244646,0
2026-04-22T01:34:57.024927,0,0,961.36262,0
2026-04-22T01:34:58.030868,0,0,961.36262,0
2026-04-22T01:34:59.037806,0,0,966.654776,0
2026-04-22T01:35:00.043822,0,0,959.598568,0
2026-04-22T01:35:01.050808,0,0,959.598568,0
2026-04-22T01:35:02.056787,0,0,961.36262,0
2026-04-22T01:35:03.064713,0,0,962.244646,0
2026-04-22T01:35:04.071708,0,0,963.126672,0
2026-04-22T01:35:05.077657,0,0,961.36262,0
2026-04-22T01:35:06.084680,0,0,961.36262,0
2026-04-22T01:35:07.090663,0,0,962.244646,0
2026-04-22T01:35:08.097620,0,0,962.244646,0
2026-04-22T01:35:18.840968,0,0,961.36262,0
2026-04-22T01:35:21.323329,0,0,963.126672,0
2026-04-22T01:35:22.330305,0,0,961.36262,0
2026-04-22T01:35:23.336392,0,0,964.890724,0
2026-04-22T01:35:24.343237,0,0,963.126672,0
2026-04-22T01:35:25.349240,0,0,962.244646,0
2026-04-22T01:35:26.356362,0,0,961.36262,0
2026-04-22T01:35:27.363207,0,0,963.126672,0
2026-04-22T01:35:28.370183,0,0,962.244646,0
2026-04-22T01:35:29.377148,0,0,961.36262,0
2026-04-22T01:35:30.383100,0,0,961.36262,0
2026-04-22T01:35:31.390074,0,0,961.36262,0
2026-04-22T01:35:32.396148,0,0,962.244646,0
2026-04-22T01:35:33.403063,0,0,961.36262,0
2026-04-22T01:35:34.409065,0,0,965.77275,0
2026-04-22T01:35:35.416016,0,0,963.126672,0
2026-04-22T01:35:36.422037,0,0,962.244646,0
2026-04-22T01:35:37.428993,0,0,961.36262,0
2026-04-22T01:35:38.436966,0,0,961.36262,0
2026-04-22T01:35:39.442938,0,0,962.244646,0
2026-04-22T01:35:40.449912,0,0,962.244646,0
2026-04-22T01:35:51.080617,0,0,961.36262,0
2026-04-22T01:35:53.562686,0,0,961.36262,0
2026-04-22T01:35:54.569649,0,0,956.95249,0
2026-04-22T01:35:55.575578,0,0,962.244646,0
2026-04-22T01:35:56.581622,0,0,961.36262,0
2026-04-22T01:35:57.588631,0,0,961.36262,0
2026-04-22T01:35:58.595577,0,0,961.36262,0
2026-04-22T01:35:59.602555,0,0,961.36262,0
2026-04-22T01:36:00.609540,0,0,961.36262,0
2026-04-22T01:36:01.616532,0,0,961.36262,0
2026-04-22T01:36:02.622492,0,0,964.008698,0
2026-04-22T01:36:03.629470,0,0,963.126672,0
2026-04-22T01:36:04.635437,0,0,961.36262,0
2026-04-22T01:36:05.642424,0,0,961.36262,0
2026-04-22T01:36:06.648467,0,0,961.36262,0
2026-04-22T01:36:07.655348,0,0,962.244646,0
2026-04-22T01:36:08.661358,0,0,961.36262,0
2026-04-22T01:36:09.668407,0,0,962.244646,0
2026-04-22T01:36:10.676387,0,0,962.244646,0
2026-04-22T01:36:11.682286,0,0,959.598568,0
2026-04-22T01:36:12.689279,0,0,961.36262,0
2026-04-22T01:36:13.695235,0,0,961.36262,0
2026-04-22T01:36:24.538586,0,0,961.36262,0
2026-04-22T01:36:27.020939,0,0,961.36262,0
2026-04-22T01:36:28.027884,0,0,964.890724,0
2026-04-22T01:36:29.033870,0,0,960.480594,0
2026-04-22T01:36:30.040854,0,0,961.36262,0
2026-04-22T01:36:31.045789,0,0,962.244646,0
2026-04-22T01:36:32.053812,0,0,961.36262,0
2026-04-22T01:36:33.059773,0,0,961.36262,0
2026-04-22T01:36:34.067755,0,0,962.244646,0
2026-04-22T01:36:35.074750,0,0,961.36262,0
2026-04-22T01:36:36.080705,0,0,962.244646,0
2026-04-22T01:36:37.087755,0,0,962.244646,0
2026-04-22T01:36:38.093723,0,0,960.480594,0
2026-04-22T01:36:39.100711,0,0,962.244646,0
2026-04-22T01:36:40.106681,0,0,960.480594,0
2026-04-22T01:36:41.113665,0,0,962.244646,0
2026-04-22T01:36:42.119640,0,0,961.36262,0
2026-04-22T01:36:43.126614,0,0,962.244646,0
2026-04-22T01:36:44.134594,0,0,962.244646,0
2026-04-22T01:36:45.140633,0,0,961.36262,0
2026-04-22T01:36:46.147555,0,0,962.244646,0
2026-04-22T01:36:56.440842,0,0,963.126672,0
2026-04-22T01:36:58.923279,0,0,961.36262,0
2026-04-22T01:36:59.930228,0,0,961.36262,0
2026-04-22T01:37:00.936288,0,0,962.244646,0
2026-04-22T01:37:01.943159,0,0,961.36262,0
2026-04-22T01:37:02.949144,0,0,962.244646,0
2026-04-22T01:37:03.956245,0,0,962.244646,0
2026-04-22T01:37:04.963127,0,0,963.126672,0
2026-04-22T01:37:05.970116,0,0,962.244646,0
2026-04-22T01:37:06.977080,0,0,962.244646,0
2026-04-22T01:37:07.983038,0,0,962.244646,0
2026-04-22T01:37:08.989022,0,0,961.36262,0
2026-04-22T01:37:09.995984,0,0,961.36262,0
2026-04-22T01:37:11.002959,0,0,962.244646,0
2026-04-22T01:37:12.008946,0,0,964.008698,0
2026-04-22T01:37:13.015934,0,0,963.126672,0
2026-04-22T01:37:14.021861,0,0,961.36262,0
2026-04-22T01:37:15.028847,0,0,961.36262,0
2026-04-22T01:37:16.036829,0,0,962.244646,0
2026-04-22T01:37:17.042819,0,0,961.36262,0
2026-04-22T01:37:18.049806,0,0,961.36262,0
2026-04-22T01:37:19.055822,0,0,964.008698,0
2026-04-22T01:37:20.062815,0,0,962.244646,0
2026-04-22T01:37:32.555133,0,0,961.36262,0
2026-04-22T01:37:33.561557,0,0,962.244646,0
2026-04-22T01:37:34.567500,0,0,960.480594,0
2026-04-22T01:37:35.574457,0,0,961.36262,0
2026-04-22T01:37:36.580504,0,0,961.36262,0
2026-04-22T01:37:37.587440,0,0,961.36262,0
2026-04-22T01:37:38.593418,0,0,964.008698,0
2026-04-22T01:37:39.601404,0,0,961.36262,0
2026-04-22T01:37:40.608433,0,0,961.36262,0
2026-04-22T01:37:41.614358,0,0,961.36262,0
2026-04-22T01:37:42.621248,0,0,962.244646,0
2026-04-22T01:37:43.627318,0,0,962.244646,0
2026-04-22T01:37:44.634271,0,0,960.480594,0
2026-04-22T01:37:45.640354,0,0,961.36262,0
2026-04-22T01:37:46.647265,0,0,958.716542,0
2026-04-22T01:37:47.653216,0,0,958.716542,0
2026-04-22T01:37:48.660262,0,0,960.480594,0
2026-04-22T01:37:49.667143,0,0,961.36262,0
2026-04-22T01:37:50.674144,0,0,960.480594,0
2026-04-22T01:37:51.681152,0,0,958.716542,0
2026-04-22T01:37:52.687094,0,0,962.244646,0
2026-04-22T01:38:02.493543,0,0,967.536802,0
2026-04-22T01:38:04.975857,0,0,962.244646,0
2026-04-22T01:38:05.982826,0,0,961.36262,0
2026-04-22T01:38:06.988796,0,0,962.244646,0
2026-04-22T01:38:07.995780,0,0,961.36262,0
2026-04-22T01:38:09.001732,0,0,961.36262,0
2026-04-22T01:38:10.008741,0,0,963.126672,0
2026-04-22T01:38:11.014729,0,0,958.716542,0
2026-04-22T01:38:12.022694,0,0,959.598568,0
2026-04-22T01:38:13.029681,0,0,962.244646,0
2026-04-22T01:38:14.035648,0,0,961.36262,0
2026-04-22T01:38:15.042599,0,0,961.36262,0
2026-04-22T01:38:16.048630,0,0,962.244646,0
2026-04-22T01:38:17.055563,0,0,961.36262,0
2026-04-22T01:38:18.061534,0,0,961.36262,0
2026-04-22T01:38:19.068575,0,0,964.890724,0
2026-04-22T01:38:20.074474,0,0,962.244646,0
2026-04-22T01:38:21.081613,0,0,962.244646,0
2026-04-22T01:38:22.089485,0,0,961.36262,0
2026-04-22T01:38:23.095454,0,0,963.126672,0
2026-04-22T01:38:24.102456,0,0,964.890724,0
2026-04-22T01:38:25.108481,0,0,962.244646,0
2026-04-22T01:38:26.115342,0,0,961.36262,0
2026-04-22T01:38:36.533795,0,0,961.36262,0
2026-04-22T01:38:39.016790,0,0,962.244646,0
2026-04-22T01:38:40.024213,0,0,961.36262,0
2026-04-22T01:38:41.030094,0,0,962.244646,0
2026-04-22T01:38:42.037056,0,0,961.36262,0
2026-04-22T01:38:43.043039,0,0,961.36262,0
2026-04-22T01:38:44.050013,0,0,962.244646,0
2026-04-22T01:38:45.055988,0,0,962.244646,0
2026-04-22T01:38:46.063970,0,0,962.244646,0
2026-04-22T01:38:47.070911,0,0,961.36262,0
2026-04-22T01:38:48.076882,0,0,962.244646,0
2026-04-22T01:38:49.083869,0,0,962.244646,0
2026-04-22T01:38:50.089839,0,0,958.716542,0
2026-04-22T01:38:51.096838,0,0,961.36262,0
2026-04-22T01:38:52.102800,0,0,961.36262,0
2026-04-22T01:38:53.109771,0,0,962.244646,0
2026-04-22T01:38:54.115756,0,0,962.244646,0
2026-04-22T01:38:55.122787,0,0,962.244646,0
2026-04-22T01:38:56.130718,0,0,962.244646,0
2026-04-22T01:38:57.136722,0,0,961.36262,0
2026-04-22T01:38:58.143719,0,0,962.244646,0
2026-04-22T01:39:08.975006,0,0,964.008698,0
2026-04-22T01:39:11.457429,0,0,961.36262,0
2026-04-22T01:39:12.464477,0,0,964.890724,0
2026-04-22T01:39:13.470388,0,0,961.36262,0
2026-04-22T01:39:14.477349,0,0,961.36262,0
2026-04-22T01:39:15.483351,0,0,961.36262,0
2026-04-22T01:39:16.490267,0,0,962.244646,0
2026-04-22T01:39:17.496331,0,0,961.36262,0
2026-04-22T01:39:18.504434,0,0,966.654776,0
2026-04-22T01:39:19.511252,0,0,963.126672,0
2026-04-22T01:39:20.517234,0,0,962.244646,0
2026-04-22T01:39:21.524292,0,0,961.36262,0
2026-04-22T01:39:22.530145,0,0,961.36262,0
2026-04-22T01:39:23.537166,0,0,962.244646,0
2026-04-22T01:39:24.543189,0,0,961.36262,0
2026-04-22T01:39:25.550184,0,0,966.654776,0
2026-04-22T01:39:26.556229,0,0,961.36262,0
2026-04-22T01:39:27.563103,0,0,962.244646,0
2026-04-22T01:39:28.571085,0,0,961.36262,0
2026-04-22T01:39:29.577083,0,0,962.244646,0
2026-04-22T01:39:30.583951,0,0,962.244646,0
2026-04-22T01:39:31.590011,0,0,962.244646,0
2026-04-22T01:39:32.596954,0,0,964.890724,0
2026-04-22T01:39:33.603002,0,0,962.244646,0
2026-04-22T01:39:34.609955,0,0,962.244646,0
2026-04-22T01:39:35.616894,0,0,960.480594,0
2026-04-22T01:39:36.622908,0,0,961.36262,0
2026-04-22T01:39:37.629881,0,0,962.244646,0
2026-04-22T01:39:38.635888,0,0,962.244646,0
2026-04-22T01:39:39.643877,0,0,964.008698,0
2026-04-22T01:39:40.649849,0,0,961.36262,0
2026-04-22T01:39:41.656820,0,0,960.480594,0
2026-04-22T01:39:42.662779,0,0,962.244646,0
2026-04-22T01:39:43.669758,0,0,961.36262,0
2026-04-22T01:39:44.676755,0,0,964.008698,0
2026-04-22T01:39:45.682707,0,0,961.36262,0
2026-04-22T01:39:46.689784,0,0,961.36262,0
2026-04-22T01:39:47.695686,0,0,962.244646,0
2026-04-22T01:39:48.701513,0,0,962.244646,0
2026-04-22T01:39:49.709610,0,0,962.244646,0
2026-04-22T01:39:50.716552,0,0,961.36262,0
2026-04-22T01:39:51.723501,0,0,961.36262,0
2026-04-22T01:39:52.729495,0,0,962.244646,0
2026-04-22T01:39:53.736543,0,0,961.36262,0
2026-04-22T01:39:54.742452,0,0,961.36262,0
2026-04-22T01:39:55.749430,0,0,960.480594,0
2026-04-22T01:39:56.755427,0,0,962.244646,0
2026-04-22T01:39:57.762407,0,0,961.36262,0
2026-04-22T01:39:58.768472,0,0,961.36262,0
2026-04-22T01:39:59.775358,0,0,964.008698,0
2026-04-22T01:40:00.783349,0,0,964.890724,0
2026-04-22T01:40:01.789324,0,0,962.244646,0
2026-04-22T01:40:02.796366,0,0,961.36262,0
2026-04-22T01:40:03.802238,0,0,961.36262,0
2026-04-22T01:40:04.809279,0,0,960.480594,0
2026-04-22T01:40:05.813186,0,0,957.834516,0
2026-04-22T01:40:06.822190,0,0,960.480594,0
2026-04-22T01:40:07.829188,0,0,961.36262,0
2026-04-22T01:40:08.835127,0,0,961.36262,0
2026-04-22T01:40:09.842105,0,0,960.480594,0
2026-04-22T01:40:10.849107,0,0,961.36262,0
2026-04-22T01:40:11.856034,0,0,961.36262,0
2026-04-22T01:40:12.862031,0,0,962.244646,0
2026-04-22T01:40:13.869024,0,0,961.36262,0
2026-04-22T01:40:14.875003,0,0,961.36262,0
2026-04-22T01:40:15.881946,0,0,962.244646,0
2026-04-22T01:40:16.888972,0,0,959.598568,0
2026-04-22T01:40:17.894964,0,0,961.36262,0
2026-04-22T01:40:18.901927,0,0,961.36262,0
2026-04-22T01:40:19.907896,0,0,963.126672,0
2026-04-22T01:40:20.915884,0,0,962.244646,0
2026-04-22T01:40:21.921821,0,0,961.36262,0
2026-04-22T01:40:22.928734,0,0,962.244646,0
2026-04-22T01:40:23.935832,0,0,962.244646,0
2026-04-22T01:40:24.941791,0,0,962.244646,0
2026-04-22T01:40:25.948779,0,0,960.480594,0
2026-04-22T01:40:26.954755,0,0,961.36262,0
2026-04-22T01:40:27.961693,0,0,961.36262,0
2026-04-22T01:40:28.967712,0,0,959.598568,0
2026-04-22T01:40:29.974689,0,0,956.95249,0
2026-04-22T01:40:30.980668,0,0,964.008698,0
2026-04-22T01:40:31.988685,0,0,962.244646,0
2026-04-22T01:40:32.995621,0,0,962.244646,0
2026-04-22T01:40:34.001569,0,0,962.244646,0
2026-04-22T01:40:35.008623,0,0,961.36262,0
2026-04-22T01:40:36.014568,0,0,962.244646,0
2026-04-22T01:40:37.021529,0,0,961.36262,0
2026-04-22T01:40:38.027510,0,0,962.244646,0
2026-04-22T01:40:39.034490,0,0,959.598568,0
2026-04-22T01:40:40.040738,0,0,961.36262,0
2026-04-22T01:40:41.047447,0,0,962.244646,0
2026-04-22T01:40:42.055433,0,0,962.244646,0
2026-04-22T01:40:43.061368,0,0,962.244646,0
2026-04-22T01:40:44.068431,0,0,961.36262,0
2026-04-22T01:40:45.074324,0,0,961.36262,0
2026-04-22T01:40:46.081376,0,0,962.244646,0
2026-04-22T01:40:47.087375,0,0,960.480594,0
2026-04-22T01:40:48.094317,0,0,956.95249,0
2026-04-22T01:40:49.101320,0,0,958.716542,0
2026-04-22T01:40:50.107275,0,0,962.244646,0
2026-04-22T01:40:51.114272,0,0,962.244646,0
2026-04-22T01:40:52.120295,0,0,962.244646,0
2026-04-22T01:40:53.128284,0,0,961.36262,0
2026-04-22T01:40:54.134164,0,0,966.654776,0
2026-04-22T01:40:55.141211,0,0,961.36262,0
2026-04-22T01:40:56.148239,0,0,961.36262,0
2026-04-22T01:40:57.153154,0,0,962.244646,0
2026-04-22T01:40:58.161125,0,0,961.36262,0
2026-04-22T01:40:59.167085,0,0,959.598568,0
2026-04-22T01:41:00.174073,0,0,959.598568,0
2026-04-22T01:41:01.180152,0,0,961.36262,0
2026-04-22T01:41:02.187007,0,0,961.36262,0
2026-04-22T01:41:03.194022,0,0,963.126672,0
2026-04-22T01:41:04.200983,0,0,961.36262,0
2026-04-22T01:41:05.207916,0,0,961.36262,0
2026-04-22T01:41:06.213953,0,0,964.890724,0
2026-04-22T01:41:07.220942,0,0,962.244646,0
2026-04-22T01:41:08.226908,0,0,961.36262,0
2026-04-22T01:41:09.233863,0,0,962.244646,0
2026-04-22T01:41:10.239877,0,0,961.36262,0
2026-04-22T01:41:11.246820,0,0,961.36262,0
2026-04-22T01:41:12.253808,0,0,962.244646,0
2026-04-22T01:41:13.260765,0,0,961.36262,0
2026-04-22T01:41:14.267744,0,0,957.834516,0
2026-04-22T01:41:15.273714,0,0,961.36262,0
2026-04-22T01:41:16.280730,0,0,960.480594,0
2026-04-22T01:41:17.286703,0,0,961.36262,0
2026-04-22T01:41:18.293560,0,0,962.244646,0
2026-04-22T01:41:19.299604,0,0,962.244646,0
2026-04-22T01:41:20.306585,0,0,961.36262,0
2026-04-22T01:41:21.313548,0,0,962.244646,0
2026-04-22T01:41:22.319543,0,0,962.244646,0
2026-04-22T01:41:23.326508,0,0,961.36262,0
2026-04-22T01:41:24.333505,0,0,959.598568,0
2026-04-22T01:41:25.340589,0,0,961.36262,0
2026-04-22T01:41:26.346478,0,0,960.480594,0
2026-04-22T01:41:27.353466,0,0,962.244646,0
2026-04-22T01:41:28.360506,0,0,962.244646,0
2026-04-22T01:41:29.366415,0,0,961.36262,0
2026-04-22T01:41:30.373404,0,0,960.480594,0
2026-04-22T01:41:31.379375,0,0,959.598568,0
2026-04-22T01:41:32.386371,0,0,957.834516,0
2026-04-22T01:41:33.392440,0,0,962.244646,0
2026-04-22T01:41:34.400477,0,0,962.244646,0
2026-04-22T01:41:35.406295,0,0,961.36262,0
2026-04-22T01:41:36.413291,0,0,962.244646,0
2026-04-22T01:41:37.420398,0,0,962.244646,0
2026-04-22T01:41:38.426224,0,0,961.36262,0
2026-04-22T01:41:39.433219,0,0,956.95249,0
2026-04-22T01:41:40.439188,0,0,962.244646,0
2026-04-22T01:41:41.446162,0,0,961.36262,0
2026-04-22T01:41:42.452228,0,0,961.36262,0
2026-04-22T01:41:43.459108,0,0,961.36262,0
2026-04-22T01:41:54.535341,0,0,961.36262,0
2026-04-22T01:41:57.017886,0,0,961.36262,0
2026-04-22T01:41:58.024799,0,0,962.244646,0
2026-04-22T01:41:59.030808,0,0,962.244646,0
2026-04-22T01:42:00.037796,0,0,961.36262,0
2026-04-22T01:42:01.042756,0,0,964.008698,0
2026-04-22T01:42:02.050771,0,0,960.480594,0
2026-04-22T01:42:03.057690,0,0,961.36262,0
2026-04-22T01:42:04.064708,0,0,961.36262,0
2026-04-22T01:42:05.071657,0,0,962.244646,0
2026-04-22T01:42:06.077603,0,0,962.244646,0
2026-04-22T01:42:07.084625,0,0,961.36262,0
2026-04-22T01:42:08.090591,0,0,967.536802,0
2026-04-22T01:42:09.097691,0,0,965.77275,0
2026-04-22T01:42:10.103535,0,0,962.244646,0
2026-04-22T01:42:11.110550,0,0,961.36262,0
2026-04-22T01:42:12.116550,0,0,961.36262,0
2026-04-22T01:42:13.123594,0,0,962.244646,0
2026-04-22T01:42:14.131476,0,0,959.598568,0
2026-04-22T01:42:15.137458,0,0,961.36262,0
2026-04-22T01:42:16.144498,0,0,960.480594,0
2026-04-22T01:42:17.150405,0,0,961.36262,0
2026-04-22T01:42:27.834440,0,0,961.36262,0
2026-04-22T01:42:30.317072,0,0,962.244646,0
2026-04-22T01:42:31.324112,0,0,961.36262,0
2026-04-22T01:42:32.330001,0,0,962.244646,0
2026-04-22T01:42:33.337031,0,0,961.36262,0
2026-04-22T01:42:34.342983,0,0,961.36262,0
2026-04-22T01:42:35.349920,0,0,964.890724,0
2026-04-22T01:42:36.355930,0,0,962.244646,0
2026-04-22T01:42:37.363923,0,0,961.36262,0
2026-04-22T01:42:38.370860,0,0,961.36262,0
2026-04-22T01:42:39.376830,0,0,956.95249,0
2026-04-22T01:42:40.383850,0,0,958.716542,0
2026-04-22T01:42:41.389806,0,0,962.244646,0
2026-04-22T01:42:42.396799,0,0,962.244646,0
2026-04-22T01:42:43.402796,0,0,960.480594,0
2026-04-22T01:42:44.408713,0,0,961.36262,0
2026-04-22T01:42:45.415758,0,0,962.244646,0
2026-04-22T01:42:46.422707,0,0,961.36262,0
2026-04-22T01:42:47.430664,0,0,959.598568,0
2026-04-22T01:42:48.436638,0,0,964.008698,0
2026-04-22T01:42:59.294132,0,0,961.36262,0
2026-04-22T01:43:01.776467,0,0,962.244646,0
2026-04-22T01:43:02.783389,0,0,964.890724,0
2026-04-22T01:43:03.789314,0,0,962.244646,0
2026-04-22T01:43:04.796419,0,0,961.36262,0
2026-04-22T01:43:05.802326,0,0,960.480594,0
2026-04-22T01:43:06.809307,0,0,961.36262,0
2026-04-22T01:43:07.816347,0,0,962.244646,0
2026-04-22T01:43:08.823261,0,0,962.244646,0
2026-04-22T01:43:09.830229,0,0,961.36262,0
2026-04-22T01:43:10.836275,0,0,962.244646,0
2026-04-22T01:43:11.843195,0,0,961.36262,0
2026-04-22T01:43:12.849181,0,0,961.36262,0
2026-04-22T01:43:13.856190,0,0,962.244646,0
2026-04-22T01:43:14.862129,0,0,961.36262,0
2026-04-22T01:43:15.869112,0,0,960.480594,0
2026-04-22T01:43:16.875083,0,0,959.598568,0
2026-04-22T01:43:17.882060,0,0,961.36262,0
2026-04-22T01:43:18.890038,0,0,962.244646,0
2026-04-22T01:43:19.895989,0,0,963.126672,0
2026-04-22T01:43:20.902992,0,0,963.126672,0
2026-04-22T01:43:21.909003,0,0,958.716542,0
2026-04-22T01:43:22.915931,0,0,960.480594,0
2026-04-22T01:43:33.997080,0,0,961.36262,0
2026-04-22T01:43:36.479553,0,0,962.244646,0
2026-04-22T01:43:37.486537,0,0,962.244646,0
2026-04-22T01:43:38.492595,0,0,962.244646,0
2026-04-22T01:43:39.499483,0,0,961.36262,0
2026-04-22T01:43:40.505459,0,0,961.36262,0
2026-04-22T01:43:41.512497,0,0,962.244646,0
2026-04-22T01:43:42.518425,0,0,958.716542,0
2026-04-22T01:43:43.526434,0,0,961.36262,0
2026-04-22T01:43:44.533414,0,0,961.36262,0
2026-04-22T01:43:45.539392,0,0,961.36262,0
2026-04-22T01:43:46.546347,0,0,961.36262,0
2026-04-22T01:43:47.552403,0,0,962.244646,0
2026-04-22T01:43:48.559319,0,0,961.36262,0
2026-04-22T01:43:49.565271,0,0,960.480594,0
2026-04-22T01:43:50.572314,0,0,956.070464,0
2026-04-22T01:43:51.578222,0,0,962.244646,0
2026-04-22T01:43:52.585202,0,0,961.36262,0
2026-04-22T01:43:53.593169,0,0,961.36262,0
2026-04-22T01:43:54.598057,0,0,960.480594,0
2026-04-22T01:43:55.606126,0,0,961.36262,0
2026-04-22T01:43:56.612257,0,0,961.36262,0
2026-04-22T01:44:07.092593,0,0,962.244646,0
2026-04-22T01:44:09.574816,0,0,962.244646,0
2026-04-22T01:44:10.581787,0,0,962.244646,0
2026-04-22T01:44:11.587803,0,0,961.36262,0
2026-04-22T01:44:12.594787,0,0,961.36262,0
2026-04-22T01:44:13.600776,0,0,960.480594,0
2026-04-22T01:44:14.607748,0,0,958.716542,0
2026-04-22T01:44:15.613727,0,0,960.480594,0
2026-04-22T01:44:16.621706,0,0,962.244646,0
2026-04-22T01:44:17.628685,0,0,961.36262,0
2026-04-22T01:44:18.634657,0,0,962.244646,0
2026-04-22T01:44:19.641641,0,0,962.244646,0
2026-04-22T01:44:20.647613,0,0,962.244646,0
2026-04-22T01:44:21.654594,0,0,962.244646,0
2026-04-22T01:44:22.660559,0,0,963.126672,0
2026-04-22T01:44:23.667491,0,0,964.890724,0
2026-04-22T01:44:24.673457,0,0,960.480594,0
2026-04-22T01:44:25.679356,0,0,962.244646,0
2026-04-22T01:44:26.688517,0,0,962.244646,0
2026-04-22T01:44:27.694388,0,0,961.36262,0
2026-04-22T01:44:38.721735,0,0,961.36262,0
2026-04-22T01:44:41.204258,0,0,961.36262,0
2026-04-22T01:44:42.210105,0,0,961.36262,0
2026-04-22T01:44:43.217051,0,0,962.244646,0
2026-04-22T01:44:44.224139,0,0,961.36262,0
2026-04-22T01:44:45.230072,0,0,962.244646,0
2026-04-22T01:44:46.237021,0,0,962.244646,0
2026-04-22T01:44:47.242977,0,0,962.244646,0
2026-04-22T01:44:48.250978,0,0,961.36262,0
2026-04-22T01:44:49.257963,0,0,962.244646,0
2026-04-22T01:44:50.263940,0,0,962.244646,0
2026-04-22T01:44:51.270884,0,0,964.890724,0
2026-04-22T01:44:52.276880,0,0,962.244646,0
2026-04-22T01:44:53.283824,0,0,961.36262,0
2026-04-22T01:44:54.289842,0,0,961.36262,0
2026-04-22T01:44:55.296807,0,0,962.244646,0
2026-04-22T01:44:56.302792,0,0,961.36262,0
2026-04-22T01:44:57.309747,0,0,960.480594,0
2026-04-22T01:44:58.317712,0,0,962.244646,0
2026-04-22T01:44:59.323686,0,0,962.244646,0
2026-04-22T01:45:00.330556,0,0,962.244646,0
2026-04-22T01:45:01.336665,0,0,961.36262,0
2026-04-22T01:45:11.793112,0,0,961.36262,0
2026-04-22T01:45:14.275396,0,0,962.244646,0
2026-04-22T01:45:15.282366,0,0,962.244646,0
2026-04-22T01:45:16.288416,0,0,962.244646,0
2026-04-22T01:45:17.295312,0,0,961.36262,0
2026-04-22T01:45:18.300330,0,0,962.244646,0
2026-04-22T01:45:19.308371,0,0,961.36262,0
2026-04-22T01:45:20.314219,0,0,961.36262,0
2026-04-22T01:45:21.322252,0,0,962.244646,0
2026-04-22T01:45:22.329216,0,0,960.480594,0
2026-04-22T01:45:23.335187,0,0,962.244646,0
2026-04-22T01:45:24.342168,0,0,965.77275,0
2026-04-22T01:45:25.348295,0,0,962.244646,0
2026-04-22T01:45:26.355096,0,0,962.244646,0
2026-04-22T01:45:27.361102,0,0,962.244646,0
2026-04-22T01:45:28.368235,0,0,962.244646,0
2026-04-22T01:45:29.374054,0,0,962.244646,0
2026-04-22T01:45:30.381030,0,0,961.36262,0
2026-04-22T01:45:31.389009,0,0,962.244646,0
2026-04-22T01:45:32.395002,0,0,961.36262,0
2026-04-22T01:45:33.401970,0,0,961.36262,0
2026-04-22T01:45:34.407943,0,0,962.244646,0
2026-04-22T01:45:45.338237,0,0,961.36262,0
2026-04-22T01:45:47.820638,0,0,962.244646,0
2026-04-22T01:45:48.827583,0,0,963.126672,0
2026-04-22T01:45:49.833551,0,0,962.244646,0
2026-04-22T01:45:50.839563,0,0,961.36262,0
2026-04-22T01:45:51.846532,0,0,961.36262,0
2026-04-22T01:45:52.853495,0,0,962.244646,0
2026-04-22T01:45:53.859472,0,0,962.244646,0
2026-04-22T01:45:54.867445,0,0,961.36262,0
2026-04-22T01:45:55.874419,0,0,963.126672,0
2026-04-22T01:45:56.880538,0,0,960.480594,0
2026-04-22T01:45:57.887377,0,0,959.598568,0
2026-04-22T01:45:58.893362,0,0,962.244646,0
2026-04-22T01:45:59.900493,0,0,961.36262,0
2026-04-22T01:46:00.906323,0,0,961.36262,0
2026-04-22T01:46:01.913289,0,0,962.244646,0
2026-04-22T01:46:02.919260,0,0,960.480594,0
2026-04-22T01:46:03.926262,0,0,961.36262,0
2026-04-22T01:46:04.934274,0,0,961.36262,0
2026-04-22T01:46:05.940297,0,0,961.36262,0
2026-04-22T01:46:06.947217,0,0,962.244646,0
2026-04-22T01:46:19.776655,0,0,961.36262,0
2026-04-22T01:46:20.782916,0,0,957.834516,0
2026-04-22T01:46:21.787860,0,0,960.480594,0
2026-04-22T01:46:22.795846,0,0,962.244646,0
2026-04-22T01:46:23.801824,0,0,962.244646,0
2026-04-22T01:46:24.808824,0,0,961.36262,0
2026-04-22T01:46:25.814808,0,0,961.36262,0
2026-04-22T01:46:26.822769,0,0,964.890724,0
2026-04-22T01:46:27.829747,0,0,964.008698,0
2026-04-22T01:46:28.835729,0,0,962.244646,0
2026-04-22T01:46:29.842648,0,0,961.36262,0
2026-04-22T01:46:30.848698,0,0,961.36262,0
2026-04-22T01:46:31.855722,0,0,962.244646,0
2026-04-22T01:46:32.861689,0,0,961.36262,0
2026-04-22T01:46:33.868677,0,0,961.36262,0
2026-04-22T01:46:34.874659,0,0,962.244646,0
2026-04-22T01:46:35.881586,0,0,958.716542,0
2026-04-22T01:46:36.889598,0,0,958.716542,0
2026-04-22T01:46:37.895551,0,0,963.126672,0
2026-04-22T01:46:38.901534,0,0,962.244646,0
2026-04-22T01:46:39.908571,0,0,962.244646,0
2026-04-22T01:46:40.915518,0,0,960.480594,0
2026-04-22T01:46:41.921494,0,0,962.244646,0
2026-04-22T01:46:42.928546,0,0,961.36262,0
2026-04-22T01:46:43.935442,0,0,961.36262,0
2026-04-22T01:46:44.941434,0,0,965.77275,0
2026-04-22T01:46:45.948460,0,0,962.244646,0
2026-04-22T01:46:46.954381,0,0,961.36262,0
2026-04-22T01:46:47.962354,0,0,961.36262,0
2026-04-22T01:46:48.968396,0,0,961.36262,0
2026-04-22T01:46:49.975308,0,0,960.480594,0
2026-04-22T01:46:50.981311,0,0,962.244646,0
2026-04-22T01:46:51.988351,0,0,961.36262,0
2026-04-22T01:46:52.995205,0,0,961.36262,0
2026-04-22T01:46:54.001186,0,0,959.598568,0
2026-04-22T01:46:55.008281,0,0,960.480594,0
2026-04-22T01:46:56.014143,0,0,961.36262,0
2026-04-22T01:46:57.021108,0,0,962.244646,0
2026-04-22T01:46:58.028203,0,0,962.244646,0
2026-04-22T01:46:59.035068,0,0,961.36262,0
2026-04-22T01:47:00.042046,0,0,961.36262,0
2026-04-22T01:47:01.048213,0,0,961.36262,0
2026-04-22T01:47:02.055018,0,0,961.36262,0
2026-04-22T01:47:03.060975,0,0,965.77275,0
2026-04-22T01:47:04.067974,0,0,961.36262,0
2026-04-22T01:47:05.073930,0,0,962.244646,0
2026-04-22T01:47:06.080910,0,0,962.244646,0
2026-04-22T01:47:07.086897,0,0,961.36262,0
2026-04-22T01:47:08.093865,0,0,962.244646,0
2026-04-22T01:47:09.101844,0,0,961.36262,0
2026-04-22T01:47:10.107819,0,0,961.36262,0
2026-04-22T01:47:11.114788,0,0,962.244646,0
2026-04-22T01:47:12.120780,0,0,962.244646,0
2026-04-22T01:47:13.127749,0,0,961.36262,0
2026-04-22T01:47:14.133738,0,0,964.890724,0
2026-04-22T01:47:15.140725,0,0,962.244646,0
2026-04-22T01:47:16.147691,0,0,961.36262,0
2026-04-22T01:47:17.153712,0,0,962.244646,0
2026-04-22T01:47:18.160707,0,0,961.36262,0
2026-04-22T01:47:19.167648,0,0,962.244646,0
2026-04-22T01:47:20.174620,0,0,960.480594,0
2026-04-22T01:47:21.180650,0,0,962.244646,0
2026-04-22T01:47:22.187556,0,0,961.36262,0
2026-04-22T01:47:23.193518,0,0,961.36262,0
2026-04-22T01:47:24.200581,0,0,962.244646,0
2026-04-22T01:47:25.207500,0,0,962.244646,0
2026-04-22T01:47:26.213460,0,0,964.890724,0
2026-04-22T01:47:27.220542,0,0,957.834516,0
2026-04-22T01:47:28.226405,0,0,962.244646,0
2026-04-22T01:47:29.234394,0,0,961.36262,0
2026-04-22T01:47:30.240462,0,0,961.36262,0
2026-04-22T01:47:31.247348,0,0,962.244646,0
2026-04-22T01:47:32.253196,0,0,961.36262,0
2026-04-22T01:47:33.260421,0,0,962.244646,0
2026-04-22T01:47:34.267303,0,0,956.070464,0
2026-04-22T01:47:35.273265,0,0,962.244646,0
2026-04-22T01:47:36.280341,0,0,963.126672,0
2026-04-22T01:47:37.286241,0,0,962.244646,0
2026-04-22T01:47:38.293222,0,0,956.070464,0
2026-04-22T01:47:39.299193,0,0,961.36262,0
2026-04-22T01:47:40.307157,0,0,963.126672,0
2026-04-22T01:47:41.314135,0,0,962.244646,0
2026-04-22T01:47:42.320206,0,0,962.244646,0
2026-04-22T01:47:43.327119,0,0,960.480594,0
2026-04-22T01:47:44.333095,0,0,961.36262,0
2026-04-22T01:47:45.340110,0,0,962.244646,0
2026-04-22T01:47:46.346008,0,0,964.890724,0
2026-04-22T01:47:47.353015,0,0,961.36262,0
2026-04-22T01:47:48.359974,0,0,962.244646,0
2026-04-22T01:47:49.365956,0,0,966.654776,0
2026-04-22T01:47:50.373918,0,0,962.244646,0
2026-04-22T01:47:51.379913,0,0,962.244646,0
2026-04-22T01:47:52.386881,0,0,962.244646,0
2026-04-22T01:47:53.392871,0,0,962.244646,0
2026-04-22T01:47:54.399838,0,0,962.244646,0
2026-04-22T01:47:55.405825,0,0,960.480594,0
2026-04-22T01:47:56.412802,0,0,962.244646,0
2026-04-22T01:47:57.419818,0,0,961.36262,0
2026-04-22T01:47:58.425764,0,0,961.36262,0
2026-04-22T01:47:59.432769,0,0,963.126672,0
2026-04-22T01:48:00.438646,0,0,964.890724,0
2026-04-22T01:48:01.446717,0,0,963.126672,0
2026-04-22T01:48:02.452712,0,0,962.244646,0
2026-04-22T01:48:03.459676,0,0,963.126672,0
2026-04-22T01:48:04.465624,0,0,964.890724,0
2026-04-22T01:48:05.472648,0,0,961.36262,0
2026-04-22T01:48:06.479592,0,0,962.244646,0
2026-04-22T01:48:07.485595,0,0,967.536802,0
2026-04-22T01:48:08.492602,0,0,961.36262,0
2026-04-22T01:48:09.497550,0,0,962.244646,0
2026-04-22T01:48:10.504633,0,0,962.244646,0
2026-04-22T01:48:11.512542,0,0,964.890724,0
2026-04-22T01:48:12.519460,0,0,960.480594,0
2026-04-22T01:48:13.526444,0,0,962.244646,0
2026-04-22T01:48:14.532494,0,0,961.36262,0
2026-04-22T01:48:15.539408,0,0,963.126672,0
2026-04-22T01:48:16.545345,0,0,960.480594,0
2026-04-22T01:48:17.552423,0,0,961.36262,0
2026-04-22T01:48:18.558336,0,0,961.36262,0
2026-04-22T01:48:19.565319,0,0,962.244646,0
2026-04-22T01:48:20.572413,0,0,958.716542,0
2026-04-22T01:48:30.776789,0,0,961.36262,0
2026-04-22T01:48:33.258977,0,0,962.244646,0
2026-04-22T01:48:34.265917,0,0,961.36262,0
2026-04-22T01:48:35.271855,0,0,961.36262,0
2026-04-22T01:48:36.278896,0,0,959.598568,0
2026-04-22T01:48:37.284878,0,0,961.36262,0
2026-04-22T01:48:38.291839,0,0,962.244646,0
2026-04-22T01:48:39.297840,0,0,962.244646,0
2026-04-22T01:48:40.305776,0,0,963.126672,0
2026-04-22T01:48:41.312795,0,0,962.244646,0
2026-04-22T01:48:42.318761,0,0,961.36262,0
2026-04-22T01:48:43.325732,0,0,961.36262,0
2026-04-22T01:48:44.331711,0,0,962.244646,0
2026-04-22T01:48:45.338683,0,0,960.480594,0
2026-04-22T01:48:46.344687,0,0,961.36262,0
2026-04-22T01:48:47.351593,0,0,960.480594,0
2026-04-22T01:48:48.357574,0,0,961.36262,0
2026-04-22T01:48:49.364615,0,0,962.244646,0
2026-04-22T01:48:50.372559,0,0,964.890724,0
2026-04-22T01:48:51.378519,0,0,961.36262,0
2026-04-22T01:48:52.385481,0,0,962.244646,0
2026-04-22T01:49:02.784899,0,0,960.480594,0
2026-04-22T01:49:05.267251,0,0,961.36262,0
2026-04-22T01:49:06.274262,0,0,961.36262,0
2026-04-22T01:49:07.280292,0,0,962.244646,0
2026-04-22T01:49:08.287148,0,0,962.244646,0
2026-04-22T01:49:09.293121,0,0,961.36262,0
2026-04-22T01:49:10.300151,0,0,962.244646,0
2026-04-22T01:49:11.306077,0,0,962.244646,0
2026-04-22T01:49:12.314062,0,0,961.36262,0
2026-04-22T01:49:13.321020,0,0,962.244646,0
2026-04-22T01:49:14.325905,0,0,961.36262,0
2026-04-22T01:49:15.333976,0,0,960.480594,0
2026-04-22T01:49:16.339944,0,0,959.598568,0
2026-04-22T01:49:17.346969,0,0,962.244646,0
2026-04-22T01:49:18.352927,0,0,961.36262,0
2026-04-22T01:49:19.359934,0,0,962.244646,0
2026-04-22T01:49:20.365881,0,0,961.36262,0
2026-04-22T01:49:21.372821,0,0,961.36262,0
2026-04-22T01:49:22.380841,0,0,964.890724,0
2026-04-22T01:49:23.386797,0,0,961.36262,0
2026-04-22T01:49:24.392799,0,0,961.36262,0
2026-04-22T01:49:25.399775,0,0,961.36262,0
2026-04-22T01:49:26.406750,0,0,962.244646,0
2026-04-22T01:49:27.412707,0,0,961.36262,0
2026-04-22T01:49:28.419716,0,0,962.244646,0
2026-04-22T01:49:29.426665,0,0,961.36262,0
2026-04-22T01:49:30.432677,0,0,961.36262,0
2026-04-22T01:49:31.439635,0,0,962.244646,0
2026-04-22T01:49:32.445615,0,0,961.36262,0
2026-04-22T01:49:33.453568,0,0,963.126672,0
2026-04-22T01:49:34.459570,0,0,965.77275,0
2026-04-22T01:49:35.466516,0,0,962.244646,0
2026-04-22T01:49:36.472591,0,0,961.36262,0
2026-04-22T01:49:37.479517,0,0,964.008698,0
2026-04-22T01:49:38.486471,0,0,962.244646,0
2026-04-22T01:49:39.492527,0,0,961.36262,0
2026-04-22T01:49:40.499423,0,0,960.480594,0
2026-04-22T01:49:41.504390,0,0,962.244646,0
2026-04-22T01:49:42.512485,0,0,961.36262,0
2026-04-22T01:49:43.519357,0,0,963.126672,0
2026-04-22T01:49:44.526329,0,0,961.36262,0
2026-04-22T01:49:45.533306,0,0,961.36262,0
2026-04-22T01:49:46.538196,0,0,962.244646,0
2026-04-22T01:49:47.546289,0,0,962.244646,0
2026-04-22T01:49:48.552365,0,0,960.480594,0
2026-04-22T01:49:49.559233,0,0,962.244646,0
2026-04-22T01:49:50.565185,0,0,962.244646,0
2026-04-22T01:49:51.572323,0,0,961.36262,0
2026-04-22T01:49:52.578166,0,0,962.244646,0
2026-04-22T01:49:53.585118,0,0,962.244646,0
2026-04-22T01:49:54.593117,0,0,961.36262,0
2026-04-22T01:49:55.599082,0,0,960.480594,0
2026-04-22T01:49:56.606067,0,0,962.244646,0
2026-04-22T01:49:57.612196,0,0,961.36262,0
2026-04-22T01:49:58.619038,0,0,962.244646,0
2026-04-22T01:49:59.625002,0,0,962.244646,0
2026-04-22T01:50:10.025379,0,0,961.36262,0
2026-04-22T01:50:12.507716,0,0,961.36262,0
2026-04-22T01:50:13.514679,0,0,962.244646,0
2026-04-22T01:50:14.520675,0,0,962.244646,0
2026-04-22T01:50:15.527646,0,0,961.36262,0
2026-04-22T01:50:16.533605,0,0,962.244646,0
2026-04-22T01:50:17.540675,0,0,962.244646,0
2026-04-22T01:50:18.546578,0,0,961.36262,0
2026-04-22T01:50:19.554524,0,0,961.36262,0
2026-04-22T01:50:20.561531,0,0,961.36262,0
2026-04-22T01:50:21.567510,0,0,962.244646,0
2026-04-22T01:50:22.574481,0,0,962.244646,0
2026-04-22T01:50:23.580576,0,0,963.126672,0
2026-04-22T01:50:24.587436,0,0,964.890724,0
2026-04-22T01:50:25.593418,0,0,960.480594,0
2026-04-22T01:50:26.600475,0,0,962.244646,0
2026-04-22T01:50:27.606365,0,0,961.36262,0
2026-04-22T01:50:28.613352,0,0,961.36262,0
2026-04-22T01:50:29.621320,0,0,962.244646,0
2026-04-22T01:50:30.627298,0,0,963.126672,0
2026-04-22T01:50:31.634279,0,0,961.36262,0
2026-04-22T01:50:41.782686,0,0,961.36262,0
2026-04-22T01:50:44.265019,0,0,962.244646,0
2026-04-22T01:50:45.271969,0,0,957.834516,0
2026-04-22T01:50:46.277945,0,0,962.244646,0
2026-04-22T01:50:47.284916,0,0,962.244646,0
2026-04-22T01:50:48.290914,0,0,961.36262,0
2026-04-22T01:50:49.297883,0,0,960.480594,0
2026-04-22T01:50:50.303864,0,0,962.244646,0
2026-04-22T01:50:51.311848,0,0,961.36262,0
2026-04-22T01:50:52.318823,0,0,960.480594,0
2026-04-22T01:50:53.324784,0,0,963.126672,0
2026-04-22T01:50:54.331746,0,0,962.244646,0
2026-04-22T01:50:55.337788,0,0,961.36262,0
2026-04-22T01:50:56.344779,0,0,962.244646,0
2026-04-22T01:50:57.350747,0,0,961.36262,0
2026-04-22T01:50:58.357720,0,0,961.36262,0
2026-04-22T01:50:59.363642,0,0,963.126672,0
2026-04-22T01:51:00.370645,0,0,961.36262,0
2026-04-22T01:51:01.378670,0,0,961.36262,0
2026-04-22T01:51:02.384641,0,0,961.36262,0
2026-04-22T01:51:03.391624,0,0,961.36262,0
2026-04-22T01:51:04.397583,0,0,961.36262,0
2026-04-22T01:51:05.404594,0,0,958.716542,0
2026-04-22T01:51:06.410530,0,0,961.36262,0
2026-04-22T01:51:07.417504,0,0,962.244646,0
2026-04-22T01:51:08.424548,0,0,962.244646,0
2026-04-22T01:51:09.430471,0,0,961.36262,0
2026-04-22T01:51:10.437429,0,0,962.244646,0
2026-04-22T01:51:11.444554,0,0,961.36262,0
2026-04-22T01:51:12.451402,0,0,961.36262,0
2026-04-22T01:51:13.457363,0,0,962.244646,0
2026-04-22T01:51:14.464416,0,0,961.36262,0
2026-04-22T01:51:15.470347,0,0,961.36262,0
2026-04-22T01:51:16.477298,0,0,961.36262,0
2026-04-22T01:51:17.484368,0,0,961.36262,0
2026-04-22T01:51:18.490281,0,0,962.244646,0
2026-04-22T01:51:19.497234,0,0,956.95249,0
2026-04-22T01:51:20.503225,0,0,962.244646,0
2026-04-22T01:51:21.510191,0,0,962.244646,0
2026-04-22T01:51:22.517167,0,0,962.244646,0
2026-04-22T01:51:23.524217,0,0,962.244646,0
2026-04-22T01:51:24.531125,0,0,961.36262,0
2026-04-22T01:51:25.537116,0,0,956.070464,0
2026-04-22T01:51:26.544178,0,0,960.480594,0
2026-04-22T01:51:27.550068,0,0,962.244646,0
2026-04-22T01:51:28.556766,0,0,962.244646,0
2026-04-22T01:51:29.563023,0,0,963.126672,0
2026-04-22T01:51:30.569996,0,0,962.244646,0
2026-04-22T01:51:31.575984,0,0,960.480594,0
2026-04-22T01:51:32.583960,0,0,960.480594,0
2026-04-22T01:51:33.590962,0,0,960.480594,0
2026-04-22T01:51:34.596932,0,0,961.36262,0
2026-04-22T01:51:35.603883,0,0,962.244646,0
2026-04-22T01:51:36.609860,0,0,962.244646,0
2026-04-22T01:51:37.616846,0,0,961.36262,0
2026-04-22T01:51:38.622831,0,0,961.36262,0
2026-04-22T01:51:39.629827,0,0,962.244646,0
2026-04-22T01:51:40.636802,0,0,961.36262,0
2026-04-22T01:51:41.642794,0,0,964.008698,0
2026-04-22T01:51:42.649740,0,0,961.36262,0
2026-04-22T01:51:43.656653,0,0,961.36262,0
2026-04-22T01:51:44.663714,0,0,963.126672,0
2026-04-22T01:51:45.669685,0,0,961.36262,0
2026-04-22T01:51:46.676675,0,0,962.244646,0
2026-04-22T01:51:47.682685,0,0,964.890724,0
2026-04-22T01:51:48.689587,0,0,961.36262,0
2026-04-22T01:51:49.696620,0,0,962.244646,0
2026-04-22T01:51:50.702608,0,0,962.244646,0
2026-04-22T01:51:51.709570,0,0,961.36262,0
2026-04-22T01:51:52.715508,0,0,962.244646,0
2026-04-22T01:51:53.723517,0,0,961.36262,0
2026-04-22T01:51:54.729518,0,0,961.36262,0
2026-04-22T01:51:55.736549,0,0,963.126672,0
2026-04-22T01:51:56.743475,0,0,965.77275,0
2026-04-22T01:51:57.749439,0,0,961.36262,0
2026-04-22T01:51:58.756476,0,0,962.244646,0
2026-04-22T01:51:59.762370,0,0,962.244646,0
2026-04-22T01:52:00.769271,0,0,961.36262,0
2026-04-22T01:52:01.775365,0,0,962.244646,0
2026-04-22T01:52:02.782305,0,0,961.36262,0
2026-04-22T01:52:03.788356,0,0,960.480594,0
2026-04-22T01:52:04.796329,0,0,956.070464,0
2026-04-22T01:52:05.803258,0,0,959.598568,0
2026-04-22T01:52:06.809258,0,0,962.244646,0
2026-04-22T01:52:07.816298,0,0,962.244646,0
2026-04-22T01:52:08.822188,0,0,961.36262,0
2026-04-22T01:52:09.829183,0,0,962.244646,0
2026-04-22T01:52:10.835155,0,0,962.244646,0
2026-04-22T01:52:11.842137,0,0,961.36262,0
2026-04-22T01:52:12.849045,0,0,961.36262,0
2026-04-22T01:52:13.855087,0,0,962.244646,0
2026-04-22T01:52:14.863073,0,0,959.598568,0
2026-04-22T01:52:15.869017,0,0,961.36262,0
2026-04-22T01:52:16.876002,0,0,961.36262,0
2026-04-22T01:52:17.881981,0,0,963.126672,0
2026-04-22T01:52:18.888788,0,0,961.36262,0
2026-04-22T01:52:19.893910,0,0,961.36262,0
2026-04-22T01:52:20.901880,0,0,962.244646,0
2026-04-22T01:52:21.908874,0,0,962.244646,0
2026-04-22T01:52:22.914850,0,0,962.244646,0
2026-04-22T01:52:23.921824,0,0,967.536802,0
2026-04-22T01:52:24.927813,0,0,962.244646,0
2026-04-22T01:52:25.935782,0,0,964.008698,0
2026-04-22T01:52:26.941746,0,0,966.654776,0
2026-04-22T01:52:27.948745,0,0,962.244646,0
2026-04-22T01:52:28.955715,0,0,961.36262,0
2026-04-22T01:52:29.961686,0,0,961.36262,0
2026-04-22T01:52:30.968679,0,0,961.36262,0
2026-04-22T01:52:31.974633,0,0,961.36262,0
2026-04-22T01:52:32.981623,0,0,962.244646,0
2026-04-22T01:52:33.987602,0,0,962.244646,0
2026-04-22T01:52:34.994593,0,0,962.244646,0
2026-04-22T01:52:36.001586,0,0,961.36262,0
2026-04-22T01:52:37.007542,0,0,961.36262,0
2026-04-22T01:52:38.015528,0,0,956.95249,0
2026-04-22T01:52:39.021514,0,0,960.480594,0
2026-04-22T01:52:40.028528,0,0,961.36262,0
2026-04-22T01:52:41.034443,0,0,962.244646,0
2026-04-22T01:52:42.041428,0,0,959.598568,0
2026-04-22T01:52:43.047383,0,0,962.244646,0
2026-04-22T01:52:44.054374,0,0,962.244646,0
2026-04-22T01:52:54.436861,0,0,965.77275,0
2026-04-22T01:52:56.919068,0,0,962.244646,0
2026-04-22T01:52:57.926067,0,0,962.244646,0
2026-04-22T01:52:58.932205,0,0,957.834516,0
2026-04-22T01:52:59.939030,0,0,961.36262,0
2026-04-22T01:53:00.945029,0,0,962.244646,0
2026-04-22T01:53:01.951977,0,0,962.244646,0
2026-04-22T01:53:02.958961,0,0,962.244646,0
2026-04-22T01:53:03.965930,0,0,962.244646,0
2026-04-22T01:53:04.972942,0,0,965.77275,0
2026-04-22T01:53:05.978890,0,0,961.36262,0
2026-04-22T01:53:06.985871,0,0,962.244646,0
2026-04-22T01:53:07.991858,0,0,962.244646,0
2026-04-22T01:53:08.998837,0,0,962.244646,0
2026-04-22T01:53:10.004848,0,0,961.36262,0
2026-04-22T01:53:11.011813,0,0,967.536802,0
2026-04-22T01:53:12.017795,0,0,961.36262,0
2026-04-22T01:53:13.024779,0,0,961.36262,0
2026-04-22T01:53:14.032761,0,0,962.244646,0
2026-04-22T01:53:15.038737,0,0,962.244646,0
2026-04-22T01:53:16.045725,0,0,961.36262,0
2026-04-22T01:53:17.051702,0,0,964.008698,0
2026-04-22T01:53:27.277165,0,0,958.716542,0
2026-04-22T01:53:29.759350,0,0,961.36262,0
2026-04-22T01:53:30.766299,0,0,962.244646,0
2026-04-22T01:53:31.772416,0,0,961.36262,0
2026-04-22T01:53:32.779247,0,0,962.244646,0
2026-04-22T01:53:33.785217,0,0,962.244646,0
2026-04-22T01:53:34.792364,0,0,961.36262,0
2026-04-22T01:53:35.798167,0,0,961.36262,0
2026-04-22T01:53:36.806159,0,0,962.244646,0
2026-04-22T01:53:37.813130,0,0,961.36262,0
2026-04-22T01:53:38.819105,0,0,958.716542,0
2026-04-22T01:53:39.826085,0,0,961.36262,0
2026-04-22T01:53:40.832156,0,0,961.36262,0
2026-04-22T01:53:41.839050,0,0,963.126672,0
2026-04-22T01:53:42.845019,0,0,962.244646,0
2026-04-22T01:53:43.851998,0,0,965.77275,0
2026-04-22T01:53:44.857969,0,0,961.36262,0
2026-04-22T01:53:45.864936,0,0,962.244646,0
2026-04-22T01:53:46.871939,0,0,962.244646,0
2026-04-22T01:53:47.878911,0,0,962.244646,0
2026-04-22T01:53:48.885760,0,0,959.598568,0
2026-04-22T01:53:49.891904,0,0,962.244646,0
2026-04-22T01:54:00.277359,0,0,961.36262,0
2026-04-22T01:54:02.759678,0,0,962.244646,0
2026-04-22T01:54:03.766643,0,0,961.36262,0
2026-04-22T01:54:04.772639,0,0,959.598568,0
2026-04-22T01:54:05.779600,0,0,960.480594,0
2026-04-22T01:54:06.784713,0,0,961.36262,0
2026-04-22T01:54:07.792576,0,0,960.480594,0
2026-04-22T01:54:08.798522,0,0,962.244646,0
2026-04-22T01:54:09.806512,0,0,963.126672,0
2026-04-22T01:54:10.813483,0,0,964.008698,0
2026-04-22T01:54:11.819461,0,0,962.244646,0
2026-04-22T01:54:12.826436,0,0,961.36262,0
2026-04-22T01:54:13.832452,0,0,961.36262,0
2026-04-22T01:54:14.839397,0,0,961.36262,0
2026-04-22T01:54:15.845368,0,0,962.244646,0
2026-04-22T01:54:16.852417,0,0,961.36262,0
2026-04-22T01:54:17.858339,0,0,962.244646,0
2026-04-22T01:54:18.865302,0,0,962.244646,0
2026-04-22T01:54:19.873284,0,0,962.244646,0
2026-04-22T01:54:20.879272,0,0,962.244646,0
2026-04-22T01:54:21.886244,0,0,962.244646,0
2026-04-22T01:54:22.892287,0,0,961.36262,0
2026-04-22T01:54:23.898158,0,0,962.244646,0
2026-04-22T01:54:24.905165,0,0,962.244646,0
2026-04-22T01:54:25.912154,0,0,964.890724,0
2026-04-22T01:54:26.919130,0,0,961.36262,0
2026-04-22T01:54:27.925096,0,0,962.244646,0
2026-04-22T01:54:28.932172,0,0,961.36262,0
2026-04-22T01:54:29.938060,0,0,962.244646,0
2026-04-22T01:54:30.946040,0,0,962.244646,0
2026-04-22T01:54:31.951992,0,0,965.77275,0
2026-04-22T01:54:32.958993,0,0,962.244646,0
2026-04-22T01:54:33.964966,0,0,962.244646,0
2026-04-22T01:54:34.971950,0,0,961.36262,0
2026-04-22T01:54:35.978925,0,0,961.36262,0
2026-04-22T01:54:36.984872,0,0,960.480594,0
2026-04-22T01:54:37.991855,0,0,961.36262,0
2026-04-22T01:54:38.997850,0,0,962.244646,0
2026-04-22T01:54:40.004801,0,0,962.244646,0
2026-04-22T01:54:41.010788,0,0,962.244646,0
2026-04-22T01:54:42.018783,0,0,962.244646,0
2026-04-22T01:54:43.025763,0,0,967.536802,0
2026-04-22T01:54:44.031711,0,0,962.244646,0
2026-04-22T01:54:45.038606,0,0,962.244646,0
2026-04-22T01:54:46.044691,0,0,962.244646,0
2026-04-22T01:54:47.051656,0,0,960.480594,0
2026-04-22T01:54:48.057619,0,0,964.890724,0
2026-04-22T01:54:49.064639,0,0,963.126672,0
2026-04-22T01:54:50.070663,0,0,962.244646,0
2026-04-22T01:54:51.077586,0,0,961.36262,0
2026-04-22T01:54:52.085529,0,0,962.244646,0
2026-04-22T01:54:53.091533,0,0,962.244646,0
2026-04-22T01:54:54.098525,0,0,960.480594,0
2026-04-22T01:54:55.104543,0,0,962.244646,0
2026-04-22T01:54:56.111467,0,0,962.244646,0
2026-04-22T01:55:06.492835,0,0,961.36262,0
2026-04-22T01:55:08.975102,0,0,961.36262,0
2026-04-22T01:55:09.982097,0,0,962.244646,0
2026-04-22T01:55:10.988215,0,0,957.834516,0
2026-04-22T01:55:11.995045,0,0,961.36262,0
2026-04-22T01:55:13.000747,0,0,961.36262,0
2026-04-22T01:55:14.007982,0,0,962.244646,0
2026-04-22T01:55:15.013986,0,0,962.244646,0
2026-04-22T01:55:16.021948,0,0,961.36262,0
2026-04-22T01:55:17.028949,0,0,959.598568,0
2026-04-22T01:55:18.034888,0,0,964.890724,0
2026-04-22T01:55:19.041881,0,0,962.244646,0
2026-04-22T01:55:20.047862,0,0,961.36262,0
2026-04-22T01:55:21.054836,0,0,962.244646,0
2026-04-22T01:55:22.060700,0,0,962.244646,0
2026-04-22T01:55:23.067794,0,0,961.36262,0
2026-04-22T01:55:24.073742,0,0,961.36262,0
2026-04-22T01:55:25.080735,0,0,962.244646,0
2026-04-22T01:55:26.088719,0,0,961.36262,0
2026-04-22T01:55:27.094683,0,0,961.36262,0
2026-04-22T01:55:28.101659,0,0,966.654776,0
2026-04-22T01:55:29.107631,0,0,961.36262,0
2026-04-22T01:55:30.114625,0,0,961.36262,0
2026-04-22T01:55:31.120642,0,0,962.244646,0
2026-04-22T01:55:32.127586,0,0,962.244646,0
2026-04-22T01:55:33.134576,0,0,961.36262,0
2026-04-22T01:55:34.140550,0,0,961.36262,0
2026-04-22T01:55:35.147522,0,0,962.244646,0
2026-04-22T01:55:36.153474,0,0,961.36262,0
2026-04-22T01:55:37.161487,0,0,959.598568,0
2026-04-22T01:55:38.167480,0,0,961.36262,0
2026-04-22T01:55:39.174441,0,0,961.36262,0
2026-04-22T01:55:40.180483,0,0,961.36262,0
2026-04-22T01:55:41.187394,0,0,962.244646,0
2026-04-22T01:55:42.194357,0,0,961.36262,0
2026-04-22T01:55:43.200417,0,0,961.36262,0
2026-04-22T01:55:44.207361,0,0,963.126672,0
2026-04-22T01:55:45.213309,0,0,961.36262,0
2026-04-22T01:55:46.220347,0,0,961.36262,0
2026-04-22T01:55:47.226275,0,0,961.36262,0
2026-04-22T01:55:48.234228,0,0,962.244646,0
2026-04-22T01:55:49.241211,0,0,962.244646,0
2026-04-22T01:55:50.247181,0,0,963.126672,0
2026-04-22T01:55:51.254170,0,0,964.890724,0
2026-04-22T01:55:52.260269,0,0,961.36262,0
2026-04-22T01:55:53.267129,0,0,961.36262,0
2026-04-22T01:55:54.273108,0,0,962.244646,0
2026-04-22T01:55:55.280204,0,0,962.244646,0
2026-04-22T01:55:56.286059,0,0,962.244646,0
2026-04-22T01:55:57.293045,0,0,964.008698,0
2026-04-22T01:55:58.301012,0,0,963.126672,0
2026-04-22T01:55:59.306968,0,0,962.244646,0
2026-04-22T01:56:00.313972,0,0,962.244646,0
2026-04-22T01:56:01.319954,0,0,962.244646,0
2026-04-22T01:56:02.326920,0,0,962.244646,0
2026-04-22T01:56:03.332897,0,0,965.77275,0
2026-04-22T01:56:16.234153,0,0,961.36262,0
2026-04-22T01:56:17.240647,0,0,962.244646,0
2026-04-22T01:56:18.246627,0,0,962.244646,0
2026-04-22T01:56:19.253618,0,0,966.654776,0
2026-04-22T01:56:20.259598,0,0,962.244646,0
2026-04-22T01:56:21.266591,0,0,961.36262,0
2026-04-22T01:56:22.272594,0,0,961.36262,0
2026-04-22T01:56:23.280580,0,0,962.244646,0
2026-04-22T01:56:24.287489,0,0,959.598568,0
2026-04-22T01:56:25.293455,0,0,961.36262,0
2026-04-22T01:56:26.300510,0,0,962.244646,0
2026-04-22T01:56:27.306423,0,0,961.36262,0
2026-04-22T01:56:28.313378,0,0,961.36262,0
2026-04-22T01:56:29.319390,0,0,957.834516,0
2026-04-22T01:56:30.326303,0,0,962.244646,0
2026-04-22T01:56:31.332400,0,0,962.244646,0
2026-04-22T01:56:32.339308,0,0,962.244646,0
2026-04-22T01:56:33.347251,0,0,961.36262,0
2026-04-22T01:56:34.353288,0,0,962.244646,0
2026-04-22T01:56:35.360321,0,0,964.890724,0
2026-04-22T01:56:36.366230,0,0,964.008698,0
2026-04-22T01:56:47.306485,0,0,964.890724,0
2026-04-22T01:56:49.788875,0,0,962.244646,0
2026-04-22T01:56:50.795864,0,0,961.36262,0
2026-04-22T01:56:51.801785,0,0,961.36262,0
2026-04-22T01:56:52.808828,0,0,967.536802,0
2026-04-22T01:56:53.814726,0,0,961.36262,0
2026-04-22T01:56:54.821781,0,0,962.244646,0
2026-04-22T01:56:55.827733,0,0,962.244646,0
2026-04-22T01:56:56.835719,0,0,961.36262,0
2026-04-22T01:56:57.842681,0,0,962.244646,0
2026-04-22T01:56:58.848714,0,0,962.244646,0
2026-04-22T01:56:59.855661,0,0,961.36262,0
2026-04-22T01:57:00.861637,0,0,963.126672,0
2026-04-22T01:57:01.868620,0,0,961.36262,0
2026-04-22T01:57:02.874597,0,0,961.36262,0
2026-04-22T01:57:03.881575,0,0,962.244646,0
2026-04-22T01:57:04.887555,0,0,962.244646,0
2026-04-22T01:57:05.894524,0,0,961.36262,0
2026-04-22T01:57:06.902482,0,0,961.36262,0
2026-04-22T01:57:07.908513,0,0,965.77275,0
2026-04-22T01:57:08.915457,0,0,962.244646,0
2026-04-22T01:57:09.921446,0,0,962.244646,0
2026-04-22T01:57:20.241826,0,0,962.244646,0
2026-04-22T01:57:22.724261,0,0,962.244646,0
2026-04-22T01:57:23.731092,0,0,962.244646,0
2026-04-22T01:57:24.737069,0,0,963.126672,0
2026-04-22T01:57:25.744135,0,0,961.36262,0
2026-04-22T01:57:26.750034,0,0,960.480594,0
2026-04-22T01:57:27.757037,0,0,962.244646,0
2026-04-22T01:57:28.763020,0,0,962.244646,0
2026-04-22T01:57:29.770978,0,0,962.244646,0
2026-04-22T01:57:30.777974,0,0,961.36262,0
2026-04-22T01:57:31.783942,0,0,962.244646,0
2026-04-22T01:57:32.790886,0,0,963.126672,0
2026-04-22T01:57:33.796912,0,0,961.36262,0
2026-04-22T01:57:34.803898,0,0,962.244646,0
2026-04-22T01:57:35.809845,0,0,962.244646,0
2026-04-22T01:57:36.816843,0,0,961.36262,0
2026-04-22T01:57:37.822818,0,0,961.36262,0
2026-04-22T01:57:38.829756,0,0,962.244646,0
2026-04-22T01:57:39.837738,0,0,964.890724,0
2026-04-22T01:57:40.843753,0,0,962.244646,0
2026-04-22T01:57:41.850707,0,0,961.36262,0
2026-04-22T01:57:42.856719,0,0,964.890724,0
2026-04-22T01:57:43.863658,0,0,962.244646,0
2026-04-22T01:57:44.869613,0,0,962.244646,0
2026-04-22T01:57:45.876666,0,0,962.244646,0
2026-04-22T01:57:46.883613,0,0,962.244646,0
2026-04-22T01:57:47.889598,0,0,964.890724,0
2026-04-22T01:57:48.896570,0,0,961.36262,0
2026-04-22T01:57:49.902524,0,0,962.244646,0
2026-04-22T01:57:50.910630,0,0,960.480594,0
2026-04-22T01:57:51.916588,0,0,961.36262,0
2026-04-22T01:57:52.923525,0,0,962.244646,0
2026-04-22T01:57:53.929511,0,0,962.244646,0
2026-04-22T01:57:54.936531,0,0,958.716542,0
2026-04-22T01:57:55.943433,0,0,959.598568,0
2026-04-22T01:57:56.949440,0,0,962.244646,0
2026-04-22T01:57:57.956461,0,0,961.36262,0
2026-04-22T01:57:58.962400,0,0,962.244646,0
2026-04-22T01:57:59.969372,0,0,961.36262,0
2026-04-22T01:58:00.975353,0,0,960.480594,0
2026-04-22T01:58:01.983322,0,0,962.244646,0
2026-04-22T01:58:02.990205,0,0,961.36262,0
2026-04-22T01:58:03.996334,0,0,961.36262,0
2026-04-22T01:58:05.003263,0,0,961.36262,0
2026-04-22T01:58:06.009213,0,0,962.244646,0
2026-04-22T01:58:07.016290,0,0,962.244646,0
2026-04-22T01:58:08.022175,0,0,959.598568,0
2026-04-22T01:58:09.029150,0,0,962.244646,0
2026-04-22T01:58:10.035125,0,0,962.244646,0
2026-04-22T01:58:11.042087,0,0,962.244646,0
2026-04-22T01:58:12.050071,0,0,962.244646,0
2026-04-22T01:58:13.056023,0,0,962.244646,0
2026-04-22T01:58:14.063033,0,0,964.008698,0
2026-04-22T01:58:15.069016,0,0,961.36262,0
2026-04-22T01:58:16.076009,0,0,962.244646,0
2026-04-22T01:58:17.081977,0,0,962.244646,0
2026-04-22T01:58:18.088961,0,0,961.36262,0
2026-04-22T01:58:19.095937,0,0,961.36262,0
2026-04-22T01:58:20.101881,0,0,961.36262,0
2026-04-22T01:58:21.108890,0,0,962.244646,0
2026-04-22T01:58:22.114865,0,0,962.244646,0
2026-04-22T01:58:23.122863,0,0,962.244646,0
2026-04-22T01:58:24.128829,0,0,961.36262,0
2026-04-22T01:58:25.135805,0,0,961.36262,0
2026-04-22T01:58:26.141761,0,0,967.536802,0
2026-04-22T01:58:27.148776,0,0,964.890724,0
2026-04-22T01:58:28.155754,0,0,962.244646,0
2026-04-22T01:58:29.161772,0,0,961.36262,0
2026-04-22T01:58:30.168675,0,0,961.36262,0
2026-04-22T01:58:31.174641,0,0,963.126672,0
2026-04-22T01:58:32.181613,0,0,961.36262,0
2026-04-22T01:58:33.188616,0,0,967.536802,0
2026-04-22T01:58:34.195572,0,0,963.126672,0
2026-04-22T01:58:35.202543,0,0,962.244646,0
2026-04-22T01:58:36.208613,0,0,962.244646,0
2026-04-22T01:58:37.215492,0,0,961.36262,0
2026-04-22T01:58:38.221515,0,0,960.480594,0
2026-04-22T01:58:39.228567,0,0,955.188438,0
2026-04-22T01:58:40.234439,0,0,962.244646,0
2026-04-22T01:58:41.241420,0,0,962.244646,0
2026-04-22T01:58:42.247399,0,0,962.244646,0
2026-04-22T01:58:43.254370,0,0,961.36262,0
2026-04-22T01:58:44.262346,0,0,963.126672,0
2026-04-22T01:58:45.268410,0,0,962.244646,0
2026-04-22T01:58:46.275308,0,0,962.244646,0
2026-04-22T01:58:47.281281,0,0,962.244646,0
2026-04-22T01:58:48.288368,0,0,961.36262,0
2026-04-22T01:58:59.305742,0,0,961.36262,0
2026-04-22T01:59:01.787923,0,0,961.36262,0
2026-04-22T01:59:02.794917,0,0,962.244646,0
2026-04-22T01:59:03.800896,0,0,961.36262,0
2026-04-22T01:59:04.807847,0,0,961.36262,0
2026-04-22T01:59:05.813823,0,0,961.36262,0
2026-04-22T01:59:06.820809,0,0,956.95249,0
2026-04-22T01:59:07.826811,0,0,961.36262,0
2026-04-22T01:59:08.834760,0,0,962.244646,0
2026-04-22T01:59:09.841735,0,0,962.244646,0
2026-04-22T01:59:10.847747,0,0,961.36262,0
2026-04-22T01:59:11.854719,0,0,961.36262,0
2026-04-22T01:59:12.860708,0,0,956.070464,0
2026-04-22T01:59:13.867681,0,0,959.598568,0
2026-04-22T01:59:14.873625,0,0,962.244646,0
2026-04-22T01:59:15.880645,0,0,962.244646,0
2026-04-22T01:59:16.886609,0,0,962.244646,0
2026-04-22T01:59:17.893460,0,0,961.36262,0
2026-04-22T01:59:18.901554,0,0,962.244646,0
2026-04-22T01:59:19.907542,0,0,957.834516,0
2026-04-22T01:59:20.914524,0,0,961.36262,0
2026-04-22T01:59:21.920550,0,0,961.36262,0
2026-04-22T01:59:32.542892,0,0,962.244646,0
2026-04-22T01:59:35.025193,0,0,962.244646,0
2026-04-22T01:59:36.032309,0,0,962.244646,0
2026-04-22T01:59:37.038124,0,0,961.36262,0
2026-04-22T01:59:38.045098,0,0,962.244646,0
2026-04-22T01:59:39.051060,0,0,961.36262,0
2026-04-22T01:59:40.058054,0,0,962.244646,0
2026-04-22T01:59:41.064030,0,0,962.244646,0
2026-04-22T01:59:42.071989,0,0,962.244646,0
2026-04-22T01:59:43.078979,0,0,962.244646,0
2026-04-22T01:59:44.084967,0,0,962.244646,0
2026-04-22T01:59:45.091946,0,0,961.36262,0
2026-04-22T01:59:46.097901,0,0,961.36262,0
2026-04-22T01:59:47.104894,0,0,962.244646,0
2026-04-22T01:59:48.110875,0,0,962.244646,0
2026-04-22T01:59:49.117849,0,0,961.36262,0
2026-04-22T01:59:50.123833,0,0,961.36262,0
2026-04-22T01:59:51.130802,0,0,961.36262,0
2026-04-22T01:59:52.138785,0,0,962.244646,0
2026-04-22T01:59:53.144767,0,0,962.244646,0
2026-04-22T01:59:54.151732,0,0,962.244646,0
2026-04-22T01:59:55.157715,0,0,962.244646,0
2026-04-22T01:59:56.164716,0,0,961.36262,0
2026-04-22T01:59:57.170814,0,0,961.36262,0
2026-04-22T01:59:58.177646,0,0,961.36262,0
2026-04-22T01:59:59.184637,0,0,960.480594,0
2026-04-22T02:00:00.190597,0,0,965.77275,0
2026-04-22T02:00:01.196773,0,0,962.244646,0
2026-04-22T02:01:12.718360,0,0,962.244646,0
2026-04-22T02:01:15.199915,0,0,964.008698,0
2026-04-22T02:01:16.207891,0,0,962.244646,0
2026-04-22T02:01:26.999858,0,0,962.244646,0
2026-04-22T02:01:29.442842,0,0,960.480594,0
2026-04-22T02:01:30.437166,0,0,962.244646,0
2026-04-22T02:01:31.432013,0,0,964.890724,0
2026-04-22T02:01:32.429317,0,0,964.008698,0
2026-04-22T02:01:33.425705,0,0,963.126672,0
2026-04-22T02:01:34.426117,0,0,962.244646,0
2026-04-22T02:01:35.425591,0,0,959.598568,0
2026-04-22T02:01:36.427804,0,0,964.008698,0
2026-04-22T02:01:37.429834,0,0,963.126672,0
2026-04-22T02:01:38.431390,0,0,964.890724,0
2026-04-22T02:01:39.434578,0,0,961.36262,0
2026-04-22T02:01:40.437399,0,0,964.008698,0
2026-04-22T02:01:41.441402,0,0,967.536802,0
