timestamp,edb_drain_state,edb_effluent_state,tank_level,flow_rate
2026-04-11T00:00:00.634286,0,0,580.3273879999999,0
2026-04-11T00:00:01.639275,0,0,580.3273879999999,0
2026-04-11T00:00:02.647315,0,0,579.4453619999999,0
2026-04-11T00:00:03.654362,0,0,580.3273879999999,0
2026-04-11T00:00:04.660229,0,0,579.4453619999999,0
2026-04-11T00:00:05.667180,0,0,580.3273879999999,0
2026-04-11T00:00:06.673171,0,0,582.0914399999999,0
2026-04-11T00:00:07.680130,0,0,579.4453619999999,0
2026-04-11T00:00:08.686150,0,0,579.4453619999999,0
2026-04-11T00:00:09.692116,0,0,580.3273879999999,0
2026-04-11T00:00:10.700092,0,0,580.3273879999999,0
2026-04-11T00:00:11.707031,0,0,579.4453619999999,0
2026-04-11T00:00:12.714061,0,0,579.4453619999999,0
2026-04-11T00:00:13.720070,0,0,579.4453619999999,0
2026-04-11T00:00:14.727118,0,0,580.3273879999999,0
2026-04-11T00:00:15.733063,0,0,580.3273879999999,0
2026-04-11T00:00:16.740015,0,0,579.4453619999999,0
2026-04-11T00:00:17.745994,0,0,580.3273879999999,0
2026-04-11T00:00:18.752955,0,0,580.3273879999999,0
2026-04-11T00:00:19.759942,0,0,580.3273879999999,0
2026-04-11T00:00:20.766922,0,0,580.3273879999999,0
2026-04-11T00:00:21.773887,0,0,579.4453619999999,0
2026-04-11T00:00:22.779860,0,0,580.3273879999999,0
2026-04-11T00:00:23.786863,0,0,581.2094139999999,0
2026-04-11T00:00:24.792800,0,0,580.3273879999999,0
2026-04-11T00:00:25.799766,0,0,578.5633359999999,0
2026-04-11T00:00:26.805735,0,0,579.4453619999999,0
2026-04-11T00:00:27.812735,0,0,579.4453619999999,0
2026-04-11T00:00:28.819720,0,0,580.3273879999999,0
2026-04-11T00:00:29.826757,0,0,579.4453619999999,0
2026-04-11T00:00:30.833676,0,0,578.5633359999999,0
2026-04-11T00:00:31.839668,0,0,579.4453619999999,0
2026-04-11T00:00:32.846719,0,0,579.4453619999999,0
2026-04-11T00:00:33.852598,0,0,579.4453619999999,0
2026-04-11T00:00:34.859633,0,0,580.3273879999999,0
2026-04-11T00:00:35.866633,0,0,580.3273879999999,0
2026-04-11T00:00:36.872522,0,0,580.3273879999999,0
2026-04-11T00:00:37.879512,0,0,580.3273879999999,0
2026-04-11T00:00:38.886603,0,0,579.4453619999999,0
2026-04-11T00:00:39.893505,0,0,580.3273879999999,0
2026-04-11T00:00:40.899494,0,0,580.3273879999999,0
2026-04-11T00:00:41.906546,0,0,579.4453619999999,0
2026-04-11T00:00:42.913554,0,0,580.3273879999999,0
2026-04-11T00:00:43.917402,0,0,579.4453619999999,0
2026-04-11T00:00:44.926490,0,0,580.3273879999999,0
2026-04-11T00:00:45.932359,0,0,580.3273879999999,0
2026-04-11T00:00:46.939354,0,0,579.4453619999999,0
2026-04-11T00:00:47.945318,0,0,579.4453619999999,0
2026-04-11T00:00:48.953283,0,0,578.5633359999999,0
2026-04-11T00:00:49.959271,0,0,579.4453619999999,0
2026-04-11T00:00:50.966323,0,0,580.3273879999999,0
2026-04-11T00:00:51.973230,0,0,581.2094139999999,0
2026-04-11T00:00:52.979212,0,0,579.4453619999999,0
2026-04-11T00:00:53.986245,0,0,580.3273879999999,0
2026-04-11T00:00:54.992173,0,0,576.799284,0
2026-04-11T00:00:55.999141,0,0,579.4453619999999,0
2026-04-11T00:00:57.004995,0,0,581.2094139999999,0
2026-04-11T00:00:58.013128,0,0,579.4453619999999,0
2026-04-11T00:00:59.020066,0,0,580.3273879999999,0
2026-04-11T00:01:00.026047,0,0,580.3273879999999,0
2026-04-11T00:01:01.031962,0,0,579.4453619999999,0
2026-04-11T00:01:02.039002,0,0,579.4453619999999,0
2026-04-11T00:01:03.045997,0,0,578.5633359999999,0
2026-04-11T00:01:04.051961,0,0,579.4453619999999,0
2026-04-11T00:01:05.058955,0,0,580.3273879999999,0
2026-04-11T00:01:06.064901,0,0,580.3273879999999,0
2026-04-11T00:01:07.072907,0,0,578.5633359999999,0
2026-04-11T00:01:08.079853,0,0,579.4453619999999,0
2026-04-11T00:01:09.085827,0,0,579.4453619999999,0
2026-04-11T00:01:10.092806,0,0,580.3273879999999,0
2026-04-11T00:01:11.098800,0,0,580.3273879999999,0
2026-04-11T00:01:12.105766,0,0,579.4453619999999,0
2026-04-11T00:01:13.111770,0,0,577.6813099999999,0
2026-04-11T00:01:14.118751,0,0,581.2094139999999,0
2026-04-11T00:01:15.125703,0,0,579.4453619999999,0
2026-04-11T00:01:16.132692,0,0,579.4453619999999,0
2026-04-11T00:01:17.139666,0,0,579.4453619999999,0
2026-04-11T00:01:18.144585,0,0,578.5633359999999,0
2026-04-11T00:01:19.152580,0,0,580.3273879999999,0
2026-04-11T00:01:20.158656,0,0,581.2094139999999,0
2026-04-11T00:01:21.165541,0,0,580.3273879999999,0
2026-04-11T00:01:22.171522,0,0,580.3273879999999,0
2026-04-11T00:01:23.178595,0,0,579.4453619999999,0
2026-04-11T00:01:24.185465,0,0,580.3273879999999,0
2026-04-11T00:01:25.192463,0,0,580.3273879999999,0
2026-04-11T00:01:26.199455,0,0,579.4453619999999,0
2026-04-11T00:01:27.205410,0,0,580.3273879999999,0
2026-04-11T00:01:28.212409,0,0,579.4453619999999,0
2026-04-11T00:01:29.218456,0,0,579.4453619999999,0
2026-04-11T00:01:30.225332,0,0,580.3273879999999,0
2026-04-11T00:01:31.232312,0,0,579.4453619999999,0
2026-04-11T00:01:32.238163,0,0,579.4453619999999,0
2026-04-11T00:01:33.245280,0,0,580.3273879999999,0
2026-04-11T00:01:34.251237,0,0,580.3273879999999,0
2026-04-11T00:01:35.258280,0,0,580.3273879999999,0
2026-04-11T00:01:36.265182,0,0,580.3273879999999,0
2026-04-11T00:01:37.272174,0,0,579.4453619999999,0
2026-04-11T00:01:38.278254,0,0,584.7375179999999,0
2026-04-11T00:01:39.285130,0,0,580.3273879999999,0
2026-04-11T00:01:40.292150,0,0,579.4453619999999,0
2026-04-11T00:01:41.298117,0,0,579.4453619999999,0
2026-04-11T00:01:42.305072,0,0,579.4453619999999,0
2026-04-11T00:01:43.310917,0,0,579.4453619999999,0
2026-04-11T00:01:44.319030,0,0,580.3273879999999,0
2026-04-11T00:01:45.324994,0,0,581.2094139999999,0
2026-04-11T00:01:46.331983,0,0,579.4453619999999,0
2026-04-11T00:01:47.338942,0,0,579.4453619999999,0
2026-04-11T00:01:48.344922,0,0,579.4453619999999,0
2026-04-11T00:01:49.351950,0,0,579.4453619999999,0
2026-04-11T00:01:50.357893,0,0,580.3273879999999,0
2026-04-11T00:01:51.364879,0,0,579.4453619999999,0
2026-04-11T00:01:52.370902,0,0,579.4453619999999,0
2026-04-11T00:01:53.378843,0,0,579.4453619999999,0
2026-04-11T00:01:54.384849,0,0,579.4453619999999,0
2026-04-11T00:01:55.391769,0,0,581.2094139999999,0
2026-04-11T00:01:56.398806,0,0,580.3273879999999,0
2026-04-11T00:01:57.404735,0,0,579.4453619999999,0
2026-04-11T00:01:58.411691,0,0,580.3273879999999,0
2026-04-11T00:01:59.417683,0,0,579.4453619999999,0
2026-04-11T00:02:00.424927,0,0,578.5633359999999,0
2026-04-11T00:02:01.430598,0,0,580.3273879999999,0
2026-04-11T00:02:02.438696,0,0,579.4453619999999,0
2026-04-11T00:02:03.445647,0,0,580.3273879999999,0
2026-04-11T00:02:04.451579,0,0,579.4453619999999,0
2026-04-11T00:02:05.458632,0,0,579.4453619999999,0
2026-04-11T00:02:06.464525,0,0,580.3273879999999,0
2026-04-11T00:02:07.471510,0,0,579.4453619999999,0
2026-04-11T00:02:08.477484,0,0,578.5633359999999,0
2026-04-11T00:02:09.483456,0,0,580.3273879999999,0
2026-04-11T00:02:10.490552,0,0,579.4453619999999,0
2026-04-11T00:02:11.497426,0,0,579.4453619999999,0
2026-04-11T00:02:12.505437,0,0,580.3273879999999,0
2026-04-11T00:02:13.511406,0,0,579.4453619999999,0
2026-04-11T00:02:14.518443,0,0,580.3273879999999,0
2026-04-11T00:02:15.524359,0,0,580.3273879999999,0
2026-04-11T00:02:16.531332,0,0,580.3273879999999,0
2026-04-11T00:02:17.537287,0,0,579.4453619999999,0
2026-04-11T00:02:18.544286,0,0,579.4453619999999,0
2026-04-11T00:02:19.551264,0,0,579.4453619999999,0
2026-04-11T00:02:20.557242,0,0,579.4453619999999,0
2026-04-11T00:02:21.565226,0,0,579.4453619999999,0
2026-04-11T00:02:22.571196,0,0,579.4453619999999,0
2026-04-11T00:02:23.578150,0,0,580.3273879999999,0
2026-04-11T00:02:24.584149,0,0,580.3273879999999,0
2026-04-11T00:02:25.591086,0,0,578.5633359999999,0
2026-04-11T00:02:26.597087,0,0,580.3273879999999,0
2026-04-11T00:02:27.604074,0,0,576.799284,0
2026-04-11T00:02:28.611056,0,0,580.3273879999999,0
2026-04-11T00:02:29.617016,0,0,580.3273879999999,0
2026-04-11T00:02:30.625020,0,0,580.3273879999999,0
2026-04-11T00:02:31.630986,0,0,580.3273879999999,0
2026-04-11T00:02:32.637959,0,0,579.4453619999999,0
2026-04-11T00:02:33.643942,0,0,579.4453619999999,0
2026-04-11T00:02:34.650941,0,0,582.0914399999999,0
2026-04-11T00:02:35.657835,0,0,579.4453619999999,0
2026-04-11T00:02:36.663870,0,0,580.3273879999999,0
2026-04-11T00:02:37.670905,0,0,581.2094139999999,0
2026-04-11T00:02:38.676855,0,0,579.4453619999999,0
2026-04-11T00:02:39.684671,0,0,580.3273879999999,0
2026-04-11T00:02:40.690654,0,0,580.3273879999999,0
2026-04-11T00:02:41.697744,0,0,577.6813099999999,0
2026-04-11T00:02:42.703721,0,0,576.799284,0
2026-04-11T00:02:43.710720,0,0,580.3273879999999,0
2026-04-11T00:02:44.717676,0,0,578.5633359999999,0
2026-04-11T00:02:45.723649,0,0,582.0914399999999,0
2026-04-11T00:02:46.730690,0,0,579.4453619999999,0
2026-04-11T00:02:47.736609,0,0,579.4453619999999,0
2026-04-11T00:02:48.743580,0,0,579.4453619999999,0
2026-04-11T00:02:49.750652,0,0,579.4453619999999,0
2026-04-11T00:02:50.757535,0,0,580.3273879999999,0
2026-04-11T00:02:51.764512,0,0,591.793726,0
2026-04-11T00:02:52.770586,0,0,579.4453619999999,0
2026-04-11T00:02:53.777451,0,0,580.3273879999999,0
2026-04-11T00:02:54.783423,0,0,580.3273879999999,0
2026-04-11T00:02:55.790595,0,0,577.6813099999999,0
2026-04-11T00:02:56.796391,0,0,580.3273879999999,0
2026-04-11T00:02:57.803412,0,0,579.4453619999999,0
2026-04-11T00:02:58.810425,0,0,577.6813099999999,0
2026-04-11T00:02:59.817357,0,0,581.2094139999999,0
2026-04-11T00:03:00.824327,0,0,579.4453619999999,0
2026-04-11T00:03:01.830410,0,0,580.3273879999999,0
2026-04-11T00:03:02.837287,0,0,579.4453619999999,0
2026-04-11T00:03:03.843241,0,0,580.3273879999999,0
2026-04-11T00:03:04.850308,0,0,580.3273879999999,0
2026-04-11T00:03:05.856169,0,0,581.2094139999999,0
2026-04-11T00:03:06.863172,0,0,578.5633359999999,0
2026-04-11T00:03:07.871150,0,0,580.3273879999999,0
2026-04-11T00:03:08.877127,0,0,580.3273879999999,0
2026-04-11T00:03:09.884107,0,0,579.4453619999999,0
2026-04-11T00:03:10.890080,0,0,580.3273879999999,0
2026-04-11T00:03:11.897076,0,0,579.4453619999999,0
2026-04-11T00:03:12.903076,0,0,579.4453619999999,0
2026-04-11T00:03:13.910043,0,0,580.3273879999999,0
2026-04-11T00:03:14.916028,0,0,580.3273879999999,0
2026-04-11T00:03:15.923004,0,0,580.3273879999999,0
2026-04-11T00:03:16.930893,0,0,579.4453619999999,0
2026-04-11T00:03:17.936918,0,0,578.5633359999999,0
2026-04-11T00:03:18.943865,0,0,580.3273879999999,0
2026-04-11T00:03:19.949835,0,0,580.3273879999999,0
2026-04-11T00:03:20.955809,0,0,580.3273879999999,0
2026-04-11T00:03:21.961839,0,0,579.4453619999999,0
2026-04-11T00:03:22.969802,0,0,580.3273879999999,0
2026-04-11T00:03:23.976787,0,0,582.0914399999999,0
2026-04-11T00:03:24.982788,0,0,580.3273879999999,0
2026-04-11T00:03:25.990788,0,0,580.3273879999999,0
2026-04-11T00:03:26.996740,0,0,579.4453619999999,0
2026-04-11T00:03:28.003698,0,0,582.0914399999999,0
2026-04-11T00:03:29.009675,0,0,578.5633359999999,0
2026-04-11T00:03:30.016673,0,0,580.3273879999999,0
2026-04-11T00:03:31.022633,0,0,580.3273879999999,0
2026-04-11T00:03:32.029553,0,0,579.4453619999999,0
2026-04-11T00:03:33.036526,0,0,580.3273879999999,0
2026-04-11T00:03:34.042609,0,0,579.4453619999999,0
2026-04-11T00:03:35.050524,0,0,580.3273879999999,0
2026-04-11T00:03:36.056460,0,0,580.3273879999999,0
2026-04-11T00:03:37.063446,0,0,579.4453619999999,0
2026-04-11T00:03:38.069414,0,0,579.4453619999999,0
2026-04-11T00:03:39.076401,0,0,578.5633359999999,0
2026-04-11T00:03:40.083376,0,0,581.2094139999999,0
2026-04-11T00:03:41.089354,0,0,580.3273879999999,0
2026-04-11T00:03:42.096329,0,0,579.4453619999999,0
2026-04-11T00:03:43.102376,0,0,579.4453619999999,0
2026-04-11T00:03:44.109275,0,0,580.3273879999999,0
2026-04-11T00:03:45.116257,0,0,580.3273879999999,0
2026-04-11T00:03:46.123237,0,0,580.3273879999999,0
2026-04-11T00:03:47.129217,0,0,580.3273879999999,0
2026-04-11T00:03:48.136190,0,0,579.4453619999999,0
2026-04-11T00:03:49.143166,0,0,580.3273879999999,0
2026-04-11T00:03:50.149140,0,0,580.3273879999999,0
2026-04-11T00:03:51.156109,0,0,579.4453619999999,0
2026-04-11T00:03:52.162109,0,0,579.4453619999999,0
2026-04-11T00:03:53.169118,0,0,579.4453619999999,0
2026-04-11T00:03:54.176103,0,0,580.3273879999999,0
2026-04-11T00:03:55.183123,0,0,578.5633359999999,0
2026-04-11T00:03:56.190037,0,0,577.6813099999999,0
2026-04-11T00:03:57.196024,0,0,579.4453619999999,0
2026-04-11T00:03:58.202968,0,0,580.3273879999999,0
2026-04-11T00:03:59.208980,0,0,572.389154,0
2026-04-11T00:04:00.215970,0,0,578.5633359999999,0
2026-04-11T00:04:01.221945,0,0,580.3273879999999,0
2026-04-11T00:04:02.228924,0,0,579.4453619999999,0
2026-04-11T00:04:03.235900,0,0,579.4453619999999,0
2026-04-11T00:04:04.242880,0,0,580.3273879999999,0
2026-04-11T00:04:05.249878,0,0,578.5633359999999,0
2026-04-11T00:04:06.255872,0,0,580.3273879999999,0
2026-04-11T00:04:07.262838,0,0,579.4453619999999,0
2026-04-11T00:04:08.267810,0,0,579.4453619999999,0
2026-04-11T00:04:09.275807,0,0,580.3273879999999,0
2026-04-11T00:04:10.281760,0,0,580.3273879999999,0
2026-04-11T00:04:11.288776,0,0,579.4453619999999,0
2026-04-11T00:04:12.296779,0,0,580.3273879999999,0
2026-04-11T00:04:13.302755,0,0,579.4453619999999,0
2026-04-11T00:04:14.309741,0,0,581.2094139999999,0
2026-04-11T00:04:15.315734,0,0,580.3273879999999,0
2026-04-11T00:04:16.322719,0,0,580.3273879999999,0
2026-04-11T00:04:17.328728,0,0,579.4453619999999,0
2026-04-11T00:04:18.335716,0,0,577.6813099999999,0
2026-04-11T00:04:19.341679,0,0,580.3273879999999,0
2026-04-11T00:04:20.348679,0,0,580.3273879999999,0
2026-04-11T00:04:21.355647,0,0,579.4453619999999,0
2026-04-11T00:04:22.362720,0,0,580.3273879999999,0
2026-04-11T00:04:23.369611,0,0,580.3273879999999,0
2026-04-11T00:04:24.375575,0,0,579.4453619999999,0
2026-04-11T00:04:25.382716,0,0,580.3273879999999,0
2026-04-11T00:04:26.388594,0,0,580.3273879999999,0
2026-04-11T00:04:27.395588,0,0,579.4453619999999,0
2026-04-11T00:04:28.402617,0,0,580.3273879999999,0
2026-04-11T00:04:29.408553,0,0,580.3273879999999,0
2026-04-11T00:04:30.415536,0,0,580.3273879999999,0
2026-04-11T00:04:31.422527,0,0,580.3273879999999,0
2026-04-11T00:04:32.429479,0,0,579.4453619999999,0
2026-04-11T00:04:33.435459,0,0,581.2094139999999,0
2026-04-11T00:04:34.442568,0,0,580.3273879999999,0
2026-04-11T00:04:35.448422,0,0,579.4453619999999,0
2026-04-11T00:04:36.455401,0,0,580.3273879999999,0
2026-04-11T00:04:46.476748,0,0,579.4453619999999,0
2026-04-11T00:04:48.959150,0,0,579.4453619999999,0
2026-04-11T00:04:49.966142,0,0,580.3273879999999,0
2026-04-11T00:04:50.972139,0,0,579.4453619999999,0
2026-04-11T00:04:51.979128,0,0,580.3273879999999,0
2026-04-11T00:04:52.985040,0,0,578.5633359999999,0
2026-04-11T00:04:53.992055,0,0,580.3273879999999,0
2026-04-11T00:04:54.998086,0,0,579.4453619999999,0
2026-04-11T00:04:56.006029,0,0,580.3273879999999,0
2026-04-11T00:04:57.013007,0,0,580.3273879999999,0
2026-04-11T00:04:58.017990,0,0,579.4453619999999,0
2026-04-11T00:04:59.025963,0,0,580.3273879999999,0
2026-04-11T00:05:00.031959,0,0,579.4453619999999,0
2026-04-11T00:05:01.038947,0,0,580.3273879999999,0
2026-04-11T00:05:02.044912,0,0,580.3273879999999,0
2026-04-11T00:05:03.051896,0,0,579.4453619999999,0
2026-04-11T00:05:04.057875,0,0,579.4453619999999,0
2026-04-11T00:05:05.064854,0,0,577.6813099999999,0
2026-04-11T00:05:06.072833,0,0,580.3273879999999,0
2026-04-11T00:05:07.078826,0,0,579.4453619999999,0
2026-04-11T00:05:08.085778,0,0,579.4453619999999,0
2026-04-11T00:05:09.091781,0,0,581.2094139999999,0
2026-04-11T00:05:10.098753,0,0,580.3273879999999,0
2026-04-11T00:05:20.226254,0,0,580.3273879999999,0
2026-04-11T00:05:22.708561,0,0,580.3273879999999,0
2026-04-11T00:05:23.715551,0,0,580.3273879999999,0
2026-04-11T00:05:24.721614,0,0,580.3273879999999,0
2026-04-11T00:05:25.728514,0,0,579.4453619999999,0
2026-04-11T00:05:26.734617,0,0,579.4453619999999,0
2026-04-11T00:05:27.741489,0,0,579.4453619999999,0
2026-04-11T00:05:28.747467,0,0,579.4453619999999,0
2026-04-11T00:05:29.755451,0,0,578.5633359999999,0
2026-04-11T00:05:30.762534,0,0,580.3273879999999,0
2026-04-11T00:05:31.768415,0,0,577.6813099999999,0
2026-04-11T00:05:32.775373,0,0,564.45092,0
2026-04-11T00:05:33.781387,0,0,579.4453619999999,0
2026-04-11T00:05:34.787346,0,0,579.4453619999999,0
2026-04-11T00:05:35.794466,0,0,580.3273879999999,0
2026-04-11T00:05:36.801325,0,0,579.4453619999999,0
2026-04-11T00:05:37.807309,0,0,578.5633359999999,0
2026-04-11T00:05:38.815283,0,0,580.3273879999999,0
2026-04-11T00:05:39.822393,0,0,581.2094139999999,0
2026-04-11T00:05:40.828258,0,0,580.3273879999999,0
2026-04-11T00:05:41.835220,0,0,579.4453619999999,0
2026-04-11T00:05:42.841264,0,0,579.4453619999999,0
2026-04-11T00:05:43.848243,0,0,580.3273879999999,0
2026-04-11T00:05:53.978748,0,0,579.4453619999999,0
2026-04-11T00:05:56.461033,0,0,580.3273879999999,0
2026-04-11T00:05:57.467990,0,0,579.4453619999999,0
2026-04-11T00:05:58.473987,0,0,579.4453619999999,0
2026-04-11T00:05:59.480946,0,0,580.3273879999999,0
2026-04-11T00:06:00.486937,0,0,580.3273879999999,0
2026-04-11T00:06:01.493881,0,0,580.3273879999999,0
2026-04-11T00:06:02.500903,0,0,580.3273879999999,0
2026-04-11T00:06:03.507883,0,0,582.0914399999999,0
2026-04-11T00:06:04.514869,0,0,579.4453619999999,0
2026-04-11T00:06:05.520818,0,0,579.4453619999999,0
2026-04-11T00:06:06.527785,0,0,579.4453619999999,0
2026-04-11T00:06:07.533783,0,0,579.4453619999999,0
2026-04-11T00:06:08.540779,0,0,579.4453619999999,0
2026-04-11T00:06:09.546739,0,0,579.4453619999999,0
2026-04-11T00:06:10.553732,0,0,580.3273879999999,0
2026-04-11T00:06:11.559719,0,0,580.3273879999999,0
2026-04-11T00:06:12.567705,0,0,579.4453619999999,0
2026-04-11T00:06:13.574711,0,0,580.3273879999999,0
2026-04-11T00:06:14.580697,0,0,579.4453619999999,0
2026-04-11T00:06:15.587678,0,0,579.4453619999999,0
2026-04-11T00:06:16.593630,0,0,581.2094139999999,0
2026-04-11T00:06:17.600650,0,0,579.4453619999999,0
2026-04-11T00:06:18.606681,0,0,578.5633359999999,0
2026-04-11T00:06:28.639109,0,0,579.4453619999999,0
2026-04-11T00:06:31.120364,0,0,580.3273879999999,0
2026-04-11T00:06:32.129368,0,0,579.4453619999999,0
2026-04-11T00:06:33.135352,0,0,580.3273879999999,0
2026-04-11T00:06:34.142429,0,0,579.4453619999999,0
2026-04-11T00:06:35.148341,0,0,579.4453619999999,0
2026-04-11T00:06:36.155324,0,0,580.3273879999999,0
2026-04-11T00:06:37.162401,0,0,580.3273879999999,0
2026-04-11T00:06:38.169238,0,0,578.5633359999999,0
2026-04-11T00:06:39.176253,0,0,582.0914399999999,0
2026-04-11T00:06:40.182303,0,0,579.4453619999999,0
2026-04-11T00:06:41.188184,0,0,580.3273879999999,0
2026-04-11T00:06:42.195193,0,0,579.4453619999999,0
2026-04-11T00:06:43.202144,0,0,579.4453619999999,0
2026-04-11T00:06:44.208134,0,0,579.4453619999999,0
2026-04-11T00:06:45.214990,0,0,579.4453619999999,0
2026-04-11T00:06:46.221085,0,0,580.3273879999999,0
2026-04-11T00:06:47.229064,0,0,580.3273879999999,0
2026-04-11T00:06:48.235036,0,0,579.4453619999999,0
2026-04-11T00:06:49.242046,0,0,580.3273879999999,0
2026-04-11T00:06:50.249078,0,0,579.4453619999999,0
2026-04-11T00:06:51.255009,0,0,581.2094139999999,0
2026-04-11T00:06:52.261987,0,0,578.5633359999999,0
2026-04-11T00:06:53.267986,0,0,580.3273879999999,0
2026-04-11T00:06:54.275004,0,0,578.5633359999999,0
2026-04-11T00:06:55.281979,0,0,580.3273879999999,0
2026-04-11T00:06:56.288953,0,0,581.2094139999999,0
2026-04-11T00:06:57.295917,0,0,579.4453619999999,0
2026-04-11T00:06:58.301878,0,0,579.4453619999999,0
2026-04-11T00:06:59.308895,0,0,579.4453619999999,0
2026-04-11T00:07:00.314893,0,0,579.4453619999999,0
2026-04-11T00:07:01.321866,0,0,581.2094139999999,0
2026-04-11T00:07:02.327857,0,0,579.4453619999999,0
2026-04-11T00:07:03.333878,0,0,580.3273879999999,0
2026-04-11T00:07:04.341818,0,0,579.4453619999999,0
2026-04-11T00:07:05.348806,0,0,579.4453619999999,0
2026-04-11T00:07:06.355772,0,0,580.3273879999999,0
2026-04-11T00:07:07.361763,0,0,580.3273879999999,0
2026-04-11T00:07:08.368724,0,0,580.3273879999999,0
2026-04-11T00:07:09.374760,0,0,579.4453619999999,0
2026-04-11T00:07:10.381710,0,0,578.5633359999999,0
2026-04-11T00:07:11.388669,0,0,579.4453619999999,0
2026-04-11T00:07:12.393664,0,0,580.3273879999999,0
2026-04-11T00:07:13.401620,0,0,578.5633359999999,0
2026-04-11T00:07:14.408610,0,0,578.5633359999999,0
2026-04-11T00:07:15.415640,0,0,580.3273879999999,0
2026-04-11T00:07:16.421619,0,0,580.3273879999999,0
2026-04-11T00:07:17.428586,0,0,579.4453619999999,0
2026-04-11T00:07:18.434630,0,0,579.4453619999999,0
2026-04-11T00:07:19.441552,0,0,579.4453619999999,0
2026-04-11T00:07:20.448535,0,0,579.4453619999999,0
2026-04-11T00:07:21.454572,0,0,580.3273879999999,0
2026-04-11T00:07:22.461499,0,0,581.2094139999999,0
2026-04-11T00:07:23.467475,0,0,581.2094139999999,0
2026-04-11T00:07:24.474503,0,0,579.4453619999999,0
2026-04-11T00:07:25.481411,0,0,579.4453619999999,0
2026-04-11T00:07:26.488423,0,0,581.2094139999999,0
2026-04-11T00:07:27.495421,0,0,579.4453619999999,0
2026-04-11T00:07:28.501390,0,0,579.4453619999999,0
2026-04-11T00:07:29.508371,0,0,580.3273879999999,0
2026-04-11T00:07:30.514424,0,0,579.4453619999999,0
2026-04-11T00:07:31.521303,0,0,580.3273879999999,0
2026-04-11T00:07:32.527291,0,0,581.2094139999999,0
2026-04-11T00:07:33.535239,0,0,579.4453619999999,0
2026-04-11T00:07:34.541269,0,0,580.3273879999999,0
2026-04-11T00:07:35.548255,0,0,579.4453619999999,0
2026-04-11T00:07:36.555245,0,0,580.3273879999999,0
2026-04-11T00:07:37.561212,0,0,580.3273879999999,0
2026-04-11T00:07:38.568184,0,0,581.2094139999999,0
2026-04-11T00:07:39.574159,0,0,580.3273879999999,0
2026-04-11T00:07:40.581170,0,0,580.3273879999999,0
2026-04-11T00:07:41.587154,0,0,579.4453619999999,0
2026-04-11T00:07:42.595112,0,0,578.5633359999999,0
2026-04-11T00:07:43.602103,0,0,580.3273879999999,0
2026-04-11T00:07:44.608074,0,0,582.9734659999999,0
2026-04-11T00:07:45.615075,0,0,580.3273879999999,0
2026-04-11T00:07:46.621059,0,0,580.3273879999999,0
2026-04-11T00:07:47.628041,0,0,579.4453619999999,0
2026-04-11T00:07:48.633920,0,0,580.3273879999999,0
2026-04-11T00:07:49.640999,0,0,579.4453619999999,0
2026-04-11T00:07:50.646953,0,0,579.4453619999999,0
2026-04-11T00:07:51.654972,0,0,580.3273879999999,0
2026-04-11T00:07:52.661950,0,0,578.5633359999999,0
2026-04-11T00:07:53.667930,0,0,580.3273879999999,0
2026-04-11T00:07:54.674905,0,0,580.3273879999999,0
2026-04-11T00:07:55.680890,0,0,579.4453619999999,0
2026-04-11T00:07:56.687804,0,0,582.0914399999999,0
2026-04-11T00:07:57.692817,0,0,581.2094139999999,0
2026-04-11T00:07:58.699873,0,0,579.4453619999999,0
2026-04-11T00:07:59.707704,0,0,580.3273879999999,0
2026-04-11T00:08:00.713767,0,0,581.2094139999999,0
2026-04-11T00:08:01.721886,0,0,580.3273879999999,0
2026-04-11T00:08:02.727767,0,0,580.3273879999999,0
2026-04-11T00:08:03.734814,0,0,579.4453619999999,0
2026-04-11T00:08:04.740722,0,0,579.4453619999999,0
2026-04-11T00:08:05.747739,0,0,580.3273879999999,0
2026-04-11T00:08:06.753717,0,0,580.3273879999999,0
2026-04-11T00:08:07.760661,0,0,580.3273879999999,0
2026-04-11T00:08:08.767668,0,0,580.3273879999999,0
2026-04-11T00:08:09.773611,0,0,579.4453619999999,0
2026-04-11T00:08:10.781626,0,0,579.4453619999999,0
2026-04-11T00:08:11.787615,0,0,581.2094139999999,0
2026-04-11T00:08:12.794691,0,0,580.3273879999999,0
2026-04-11T00:08:13.800597,0,0,582.0914399999999,0
2026-04-11T00:08:14.807550,0,0,579.4453619999999,0
2026-04-11T00:08:15.814610,0,0,582.9734659999999,0
2026-04-11T00:08:16.819519,0,0,580.3273879999999,0
2026-04-11T00:08:17.827484,0,0,579.4453619999999,0
2026-04-11T00:08:18.833472,0,0,579.4453619999999,0
2026-04-11T00:08:19.841470,0,0,579.4453619999999,0
2026-04-11T00:08:20.847442,0,0,580.3273879999999,0
2026-04-11T00:08:21.854530,0,0,580.3273879999999,0
2026-04-11T00:08:22.860402,0,0,579.4453619999999,0
2026-04-11T00:08:23.867372,0,0,579.4453619999999,0
2026-04-11T00:08:24.874332,0,0,577.6813099999999,0
2026-04-11T00:08:25.880348,0,0,580.3273879999999,0
2026-04-11T00:08:26.887320,0,0,577.6813099999999,0
2026-04-11T00:08:27.893334,0,0,579.4453619999999,0
2026-04-11T00:08:28.901279,0,0,579.4453619999999,0
2026-04-11T00:08:29.906908,0,0,580.3273879999999,0
2026-04-11T00:08:30.913209,0,0,580.3273879999999,0
2026-04-11T00:08:31.921243,0,0,580.3273879999999,0
2026-04-11T00:08:42.386742,0,0,580.3273879999999,0
2026-04-11T00:08:44.869026,0,0,581.2094139999999,0
2026-04-11T00:08:45.875035,0,0,581.2094139999999,0
2026-04-11T00:08:46.881944,0,0,578.5633359999999,0
2026-04-11T00:08:47.888936,0,0,581.2094139999999,0
2026-04-11T00:08:48.894919,0,0,581.2094139999999,0
2026-04-11T00:08:49.901909,0,0,581.2094139999999,0
2026-04-11T00:08:50.910563,0,0,580.3273879999999,0
2026-04-11T00:08:51.915846,0,0,579.4453619999999,0
2026-04-11T00:08:52.922811,0,0,578.5633359999999,0
2026-04-11T00:08:53.928783,0,0,579.4453619999999,0
2026-04-11T00:08:54.935776,0,0,581.2094139999999,0
2026-04-11T00:08:55.941740,0,0,579.4453619999999,0
2026-04-11T00:08:56.948731,0,0,580.3273879999999,0
2026-04-11T00:08:57.954752,0,0,580.3273879999999,0
2026-04-11T00:08:58.961706,0,0,580.3273879999999,0
2026-04-11T00:08:59.967711,0,0,578.5633359999999,0
2026-04-11T00:09:00.973675,0,0,579.4453619999999,0
2026-04-11T00:09:01.982714,0,0,580.3273879999999,0
2026-04-11T00:09:02.988646,0,0,579.4453619999999,0
2026-04-11T00:09:03.995650,0,0,580.3273879999999,0
2026-04-11T00:09:05.001612,0,0,579.4453619999999,0
2026-04-11T00:09:06.008602,0,0,577.6813099999999,0
2026-04-11T00:09:16.367024,0,0,579.4453619999999,0
2026-04-11T00:09:18.849327,0,0,580.3273879999999,0
2026-04-11T00:09:19.856292,0,0,580.3273879999999,0
2026-04-11T00:09:20.862384,0,0,580.3273879999999,0
2026-04-11T00:09:21.869270,0,0,580.3273879999999,0
2026-04-11T00:09:22.875222,0,0,580.3273879999999,0
2026-04-11T00:09:23.882341,0,0,580.3273879999999,0
2026-04-11T00:09:24.888159,0,0,580.3273879999999,0
2026-04-11T00:09:25.896172,0,0,578.5633359999999,0
2026-04-11T00:09:26.903123,0,0,579.4453619999999,0
2026-04-11T00:09:27.909133,0,0,581.2094139999999,0
2026-04-11T00:09:28.916134,0,0,580.3273879999999,0
2026-04-11T00:09:29.922122,0,0,580.3273879999999,0
2026-04-11T00:09:30.929089,0,0,580.3273879999999,0
2026-04-11T00:09:31.935074,0,0,579.4453619999999,0
2026-04-11T00:09:32.942074,0,0,580.3273879999999,0
2026-04-11T00:09:33.948041,0,0,579.4453619999999,0
2026-04-11T00:09:34.955927,0,0,580.3273879999999,0
2026-04-11T00:09:35.962975,0,0,579.4453619999999,0
2026-04-11T00:09:36.968978,0,0,580.3273879999999,0
2026-04-11T00:09:37.975953,0,0,579.4453619999999,0
2026-04-11T00:09:38.981948,0,0,580.3273879999999,0
2026-04-11T00:09:39.988915,0,0,580.3273879999999,0
2026-04-11T00:09:40.994892,0,0,580.3273879999999,0
2026-04-11T00:09:42.001889,0,0,579.4453619999999,0
2026-04-11T00:09:43.008850,0,0,579.4453619999999,0
2026-04-11T00:09:44.015828,0,0,581.2094139999999,0
2026-04-11T00:09:45.022829,0,0,580.3273879999999,0
2026-04-11T00:09:46.028790,0,0,590.9117,0
2026-04-11T00:09:47.035778,0,0,571.507128,0
2026-04-11T00:09:48.041761,0,0,579.4453619999999,0
2026-04-11T00:09:49.048735,0,0,580.3273879999999,0
2026-04-11T00:09:50.054783,0,0,579.4453619999999,0
2026-04-11T00:09:51.061717,0,0,579.4453619999999,0
2026-04-11T00:09:52.067663,0,0,579.4453619999999,0
2026-04-11T00:09:53.074686,0,0,579.4453619999999,0
2026-04-11T00:09:54.082674,0,0,581.2094139999999,0
2026-04-11T00:09:55.088618,0,0,580.3273879999999,0
2026-04-11T00:09:56.095609,0,0,580.3273879999999,0
2026-04-11T00:09:57.101576,0,0,579.4453619999999,0
2026-04-11T00:09:58.108582,0,0,579.4453619999999,0
2026-04-11T00:09:59.115505,0,0,580.3273879999999,0
2026-04-11T00:10:00.121551,0,0,580.3273879999999,0
2026-04-11T00:10:01.128527,0,0,579.4453619999999,0
2026-04-11T00:10:02.134552,0,0,580.3273879999999,0
2026-04-11T00:10:03.142556,0,0,580.3273879999999,0
2026-04-11T00:10:04.148454,0,0,579.4453619999999,0
2026-04-11T00:10:05.155445,0,0,580.3273879999999,0
2026-04-11T00:10:06.161434,0,0,580.3273879999999,0
2026-04-11T00:10:07.168380,0,0,580.3273879999999,0
2026-04-11T00:10:08.175369,0,0,580.3273879999999,0
2026-04-11T00:10:09.181358,0,0,581.2094139999999,0
2026-04-11T00:10:10.188346,0,0,579.4453619999999,0
2026-04-11T00:10:11.194428,0,0,580.3273879999999,0
2026-04-11T00:10:12.202405,0,0,578.5633359999999,0
2026-04-11T00:10:13.208278,0,0,579.4453619999999,0
2026-04-11T00:10:14.215236,0,0,580.3273879999999,0
2026-04-11T00:10:24.135676,0,0,579.4453619999999,0
2026-04-11T00:10:26.618069,0,0,576.799284,0
2026-04-11T00:10:27.625043,0,0,579.4453619999999,0
2026-04-11T00:10:28.631025,0,0,579.4453619999999,0
2026-04-11T00:10:29.637999,0,0,580.3273879999999,0
2026-04-11T00:10:30.643970,0,0,579.4453619999999,0
2026-04-11T00:10:31.650962,0,0,578.5633359999999,0
2026-04-11T00:10:32.656958,0,0,579.4453619999999,0
2026-04-11T00:10:33.663893,0,0,579.4453619999999,0
2026-04-11T00:10:34.671902,0,0,580.3273879999999,0
2026-04-11T00:10:35.677881,0,0,580.3273879999999,0
2026-04-11T00:10:36.684857,0,0,579.4453619999999,0
2026-04-11T00:10:37.690821,0,0,581.2094139999999,0
2026-04-11T00:10:38.697815,0,0,580.3273879999999,0
2026-04-11T00:10:39.703775,0,0,579.4453619999999,0
2026-04-11T00:10:40.710804,0,0,578.5633359999999,0
2026-04-11T00:10:41.716775,0,0,581.2094139999999,0
2026-04-11T00:10:42.724585,0,0,580.3273879999999,0
2026-04-11T00:10:43.731735,0,0,579.4453619999999,0
2026-04-11T00:10:44.737672,0,0,579.4453619999999,0
2026-04-11T00:10:45.744677,0,0,580.3273879999999,0
2026-04-11T00:10:46.750721,0,0,580.3273879999999,0
2026-04-11T00:10:47.757636,0,0,582.0914399999999,0
2026-04-11T00:10:48.763624,0,0,580.3273879999999,0
2026-04-11T00:10:49.770647,0,0,581.2094139999999,0
2026-04-11T00:10:50.777550,0,0,575.035232,0
2026-04-11T00:10:51.784565,0,0,580.3273879999999,0
2026-04-11T00:10:52.791515,0,0,580.3273879999999,0
2026-04-11T00:10:53.797510,0,0,579.4453619999999,0
2026-04-11T00:10:54.804494,0,0,580.3273879999999,0
2026-04-11T00:10:55.810538,0,0,579.4453619999999,0
2026-04-11T00:10:56.817437,0,0,579.4453619999999,0
2026-04-11T00:10:57.823457,0,0,580.3273879999999,0
2026-04-11T00:10:58.830480,0,0,579.4453619999999,0
2026-04-11T00:10:59.837419,0,0,580.3273879999999,0
2026-04-11T00:11:00.844359,0,0,580.3273879999999,0
2026-04-11T00:11:01.851351,0,0,579.4453619999999,0
2026-04-11T00:11:02.857317,0,0,578.5633359999999,0
2026-04-11T00:11:03.864295,0,0,579.4453619999999,0
2026-04-11T00:11:04.870394,0,0,581.2094139999999,0
2026-04-11T00:11:05.877254,0,0,579.4453619999999,0
2026-04-11T00:11:06.884247,0,0,579.4453619999999,0
2026-04-11T00:11:07.889215,0,0,580.3273879999999,0
2026-04-11T00:11:08.897201,0,0,579.4453619999999,0
2026-04-11T00:11:09.903189,0,0,580.3273879999999,0
2026-04-11T00:11:10.911171,0,0,579.4453619999999,0
2026-04-11T00:11:11.917135,0,0,580.3273879999999,0
2026-04-11T00:11:12.924142,0,0,579.4453619999999,0
2026-04-11T00:11:13.930107,0,0,580.3273879999999,0
2026-04-11T00:11:14.936084,0,0,578.5633359999999,0
2026-04-11T00:11:15.944069,0,0,580.3273879999999,0
2026-04-11T00:11:16.950067,0,0,582.0914399999999,0
2026-04-11T00:11:17.957031,0,0,579.4453619999999,0
2026-04-11T00:11:18.963046,0,0,579.4453619999999,0
2026-04-11T00:11:19.971011,0,0,580.3273879999999,0
2026-04-11T00:11:30.845250,0,0,579.4453619999999,0
2026-04-11T00:11:33.327714,0,0,580.3273879999999,0
2026-04-11T00:11:34.334825,0,0,580.3273879999999,0
2026-04-11T00:11:35.340754,0,0,579.4453619999999,0
2026-04-11T00:11:36.347711,0,0,581.2094139999999,0
2026-04-11T00:11:37.353701,0,0,579.4453619999999,0
2026-04-11T00:11:38.359691,0,0,579.4453619999999,0
2026-04-11T00:11:39.367660,0,0,579.4453619999999,0
2026-04-11T00:11:40.373620,0,0,582.0914399999999,0
2026-04-11T00:11:41.381654,0,0,579.4453619999999,0
2026-04-11T00:11:42.387620,0,0,580.3273879999999,0
2026-04-11T00:11:43.394686,0,0,579.4453619999999,0
2026-04-11T00:11:44.400572,0,0,579.4453619999999,0
2026-04-11T00:11:45.407555,0,0,580.3273879999999,0
2026-04-11T00:11:46.413578,0,0,580.3273879999999,0
2026-04-11T00:11:47.420537,0,0,579.4453619999999,0
2026-04-11T00:11:48.426590,0,0,580.3273879999999,0
2026-04-11T00:11:49.434559,0,0,579.4453619999999,0
2026-04-11T00:11:50.441467,0,0,580.3273879999999,0
2026-04-11T00:11:51.447466,0,0,578.5633359999999,0
2026-04-11T00:11:52.454518,0,0,579.4453619999999,0
2026-04-11T00:11:53.460421,0,0,580.3273879999999,0
2026-04-11T00:11:54.467367,0,0,580.3273879999999,0
2026-04-11T00:12:06.913789,0,0,579.4453619999999,0
2026-04-11T00:12:07.921120,0,0,580.3273879999999,0
2026-04-11T00:12:08.927114,0,0,580.3273879999999,0
2026-04-11T00:12:09.934078,0,0,578.5633359999999,0
2026-04-11T00:12:10.940046,0,0,579.4453619999999,0
2026-04-11T00:12:11.946988,0,0,579.4453619999999,0
2026-04-11T00:12:12.953010,0,0,580.3273879999999,0
2026-04-11T00:12:13.960966,0,0,579.4453619999999,0
2026-04-11T00:12:14.967987,0,0,578.5633359999999,0
2026-04-11T00:12:15.973923,0,0,579.4453619999999,0
2026-04-11T00:12:16.980963,0,0,579.4453619999999,0
2026-04-11T00:12:17.986886,0,0,579.4453619999999,0
2026-04-11T00:12:18.993910,0,0,580.3273879999999,0
2026-04-11T00:12:19.999900,0,0,579.4453619999999,0
2026-04-11T00:12:21.006879,0,0,580.3273879999999,0
2026-04-11T00:12:22.012844,0,0,579.4453619999999,0
2026-04-11T00:12:23.020867,0,0,580.3273879999999,0
2026-04-11T00:12:24.027762,0,0,580.3273879999999,0
2026-04-11T00:12:25.033758,0,0,573.27118,0
2026-04-11T00:12:26.040749,0,0,579.4453619999999,0
2026-04-11T00:12:27.046737,0,0,580.3273879999999,0
2026-04-11T00:12:28.053715,0,0,579.4453619999999,0
2026-04-11T00:12:29.059705,0,0,579.4453619999999,0
2026-04-11T00:12:30.066717,0,0,580.3273879999999,0
2026-04-11T00:12:31.073649,0,0,580.3273879999999,0
2026-04-11T00:12:32.079635,0,0,580.3273879999999,0
2026-04-11T00:12:33.087609,0,0,579.4453619999999,0
2026-04-11T00:12:34.093564,0,0,580.3273879999999,0
2026-04-11T00:12:35.099526,0,0,580.3273879999999,0
2026-04-11T00:12:36.106637,0,0,581.2094139999999,0
2026-04-11T00:12:37.113541,0,0,580.3273879999999,0
2026-04-11T00:12:38.119508,0,0,580.3273879999999,0
2026-04-11T00:12:39.126619,0,0,580.3273879999999,0
2026-04-11T00:12:40.133440,0,0,579.4453619999999,0
2026-04-11T00:12:41.138599,0,0,580.3273879999999,0
2026-04-11T00:12:42.147439,0,0,580.3273879999999,0
2026-04-11T00:12:43.153417,0,0,580.3273879999999,0
2026-04-11T00:12:44.160385,0,0,579.4453619999999,0
2026-04-11T00:12:45.166516,0,0,580.3273879999999,0
2026-04-11T00:12:46.173368,0,0,580.3273879999999,0
2026-04-11T00:12:47.180325,0,0,589.147648,0
2026-04-11T00:12:48.186485,0,0,580.3273879999999,0
2026-04-11T00:12:49.193306,0,0,579.4453619999999,0
2026-04-11T00:12:50.199275,0,0,579.4453619999999,0
2026-04-11T00:12:51.207222,0,0,579.4453619999999,0
2026-04-11T00:12:52.213211,0,0,580.3273879999999,0
2026-04-11T00:12:53.220239,0,0,580.3273879999999,0
2026-04-11T00:12:54.226263,0,0,580.3273879999999,0
2026-04-11T00:12:55.233163,0,0,580.3273879999999,0
2026-04-11T00:12:56.240178,0,0,580.3273879999999,0
2026-04-11T00:12:57.246164,0,0,580.3273879999999,0
2026-04-11T00:12:58.253117,0,0,580.3273879999999,0
2026-04-11T00:12:59.259093,0,0,578.5633359999999,0
2026-04-11T00:13:00.265134,0,0,579.4453619999999,0
2026-04-11T00:13:01.273065,0,0,580.3273879999999,0
2026-04-11T00:13:02.280037,0,0,581.2094139999999,0
2026-04-11T00:13:12.684230,0,0,580.3273879999999,0
2026-04-11T00:13:15.166789,0,0,579.4453619999999,0
2026-04-11T00:13:16.173741,0,0,579.4453619999999,0
2026-04-11T00:13:17.179690,0,0,580.3273879999999,0
2026-04-11T00:13:18.186727,0,0,580.3273879999999,0
2026-04-11T00:13:19.192679,0,0,580.3273879999999,0
2026-04-11T00:13:20.199660,0,0,580.3273879999999,0
2026-04-11T00:13:21.206693,0,0,578.5633359999999,0
2026-04-11T00:13:22.213594,0,0,580.3273879999999,0
2026-04-11T00:13:23.220582,0,0,580.3273879999999,0
2026-04-11T00:13:24.226618,0,0,580.3273879999999,0
2026-04-11T00:13:25.233565,0,0,580.3273879999999,0
2026-04-11T00:13:26.239545,0,0,579.4453619999999,0
2026-04-11T00:13:27.246554,0,0,580.3273879999999,0
2026-04-11T00:13:28.251476,0,0,579.4453619999999,0
2026-04-11T00:13:29.259479,0,0,579.4453619999999,0
2026-04-11T00:13:30.265449,0,0,580.3273879999999,0
2026-04-11T00:13:31.273417,0,0,580.3273879999999,0
2026-04-11T00:13:32.280404,0,0,580.3273879999999,0
2026-04-11T00:13:33.286514,0,0,580.3273879999999,0
2026-04-11T00:13:34.293378,0,0,581.2094139999999,0
2026-04-11T00:13:35.299367,0,0,579.4453619999999,0
2026-04-11T00:13:45.775598,0,0,580.3273879999999,0
2026-04-11T00:13:48.258062,0,0,579.4453619999999,0
2026-04-11T00:13:49.265079,0,0,580.3273879999999,0
2026-04-11T00:13:50.271048,0,0,579.4453619999999,0
2026-04-11T00:13:51.278027,0,0,580.3273879999999,0
2026-04-11T00:13:52.284003,0,0,580.3273879999999,0
2026-04-11T00:13:53.291026,0,0,580.3273879999999,0
2026-04-11T00:13:54.298047,0,0,580.3273879999999,0
2026-04-11T00:13:55.305011,0,0,579.4453619999999,0
2026-04-11T00:13:56.312002,0,0,580.3273879999999,0
2026-04-11T00:13:57.317983,0,0,580.3273879999999,0
2026-04-11T00:13:58.324961,0,0,580.3273879999999,0
2026-04-11T00:13:59.330947,0,0,580.3273879999999,0
2026-04-11T00:14:00.337905,0,0,579.4453619999999,0
2026-04-11T00:14:01.343837,0,0,579.4453619999999,0
2026-04-11T00:14:02.349817,0,0,580.3273879999999,0
2026-04-11T00:14:03.356822,0,0,579.4453619999999,0
2026-04-11T00:14:04.364807,0,0,580.3273879999999,0
2026-04-11T00:14:05.371786,0,0,579.4453619999999,0
2026-04-11T00:14:06.377760,0,0,581.2094139999999,0
2026-04-11T00:14:07.384701,0,0,580.3273879999999,0
2026-04-11T00:14:08.390728,0,0,580.3273879999999,0
2026-04-11T00:14:09.397666,0,0,578.5633359999999,0
2026-04-11T00:14:10.403669,0,0,580.3273879999999,0
2026-04-11T00:14:11.410767,0,0,580.3273879999999,0
2026-04-11T00:14:12.417650,0,0,579.4453619999999,0
2026-04-11T00:14:13.424617,0,0,580.3273879999999,0
2026-04-11T00:14:14.431644,0,0,579.4453619999999,0
2026-04-11T00:14:15.437626,0,0,579.4453619999999,0
2026-04-11T00:14:16.444604,0,0,578.5633359999999,0
2026-04-11T00:14:17.450643,0,0,580.3273879999999,0
2026-04-11T00:14:18.457553,0,0,580.3273879999999,0
2026-04-11T00:14:19.463498,0,0,578.5633359999999,0
2026-04-11T00:14:20.470591,0,0,579.4453619999999,0
2026-04-11T00:14:21.477502,0,0,580.3273879999999,0
2026-04-11T00:14:22.483477,0,0,579.4453619999999,0
2026-04-11T00:14:23.491458,0,0,580.3273879999999,0
2026-04-11T00:14:24.497435,0,0,580.3273879999999,0
2026-04-11T00:14:25.504427,0,0,580.3273879999999,0
2026-04-11T00:14:26.510470,0,0,579.4453619999999,0
2026-04-11T00:14:27.517377,0,0,580.3273879999999,0
2026-04-11T00:14:28.524331,0,0,579.4453619999999,0
2026-04-11T00:14:29.530431,0,0,582.9734659999999,0
2026-04-11T00:14:30.537308,0,0,579.4453619999999,0
2026-04-11T00:14:31.543303,0,0,581.2094139999999,0
2026-04-11T00:14:32.551222,0,0,577.6813099999999,0
2026-04-11T00:14:33.557188,0,0,580.3273879999999,0
2026-04-11T00:14:34.564195,0,0,581.2094139999999,0
2026-04-11T00:14:35.570242,0,0,579.4453619999999,0
2026-04-11T00:14:36.577125,0,0,579.4453619999999,0
2026-04-11T00:14:37.584107,0,0,580.3273879999999,0
2026-04-11T00:14:38.590073,0,0,580.3273879999999,0
2026-04-11T00:14:39.596085,0,0,579.4453619999999,0
2026-04-11T00:14:40.603059,0,0,579.4453619999999,0
2026-04-11T00:14:41.611864,0,0,580.3273879999999,0
2026-04-11T00:14:42.617058,0,0,579.4453619999999,0
2026-04-11T00:14:43.624027,0,0,580.3273879999999,0
2026-04-11T00:14:44.631015,0,0,579.4453619999999,0
2026-04-11T00:14:45.636951,0,0,581.2094139999999,0
2026-04-11T00:14:46.643972,0,0,580.3273879999999,0
2026-04-11T00:14:47.649947,0,0,580.3273879999999,0
2026-04-11T00:14:48.656921,0,0,578.5633359999999,0
2026-04-11T00:14:49.662893,0,0,580.3273879999999,0
2026-04-11T00:14:50.669845,0,0,580.3273879999999,0
2026-04-11T00:14:51.675712,0,0,579.4453619999999,0
2026-04-11T00:14:52.683808,0,0,580.3273879999999,0
2026-04-11T00:14:53.690833,0,0,579.4453619999999,0
2026-04-11T00:14:54.696755,0,0,580.3273879999999,0
2026-04-11T00:14:55.703817,0,0,579.4453619999999,0
2026-04-11T00:14:56.709760,0,0,579.4453619999999,0
2026-04-11T00:14:57.716739,0,0,579.4453619999999,0
2026-04-11T00:14:58.722728,0,0,580.3273879999999,0
2026-04-11T00:14:59.729698,0,0,580.3273879999999,0
2026-04-11T00:15:00.737654,0,0,582.0914399999999,0
2026-04-11T00:15:01.743622,0,0,579.4453619999999,0
2026-04-11T00:15:02.750663,0,0,580.3273879999999,0
2026-04-11T00:15:03.756618,0,0,580.3273879999999,0
2026-04-11T00:15:04.763564,0,0,577.6813099999999,0
2026-04-11T00:15:05.769548,0,0,580.3273879999999,0
2026-04-11T00:15:06.776529,0,0,580.3273879999999,0
2026-04-11T00:15:07.782603,0,0,579.4453619999999,0
2026-04-11T00:15:08.789527,0,0,580.3273879999999,0
2026-04-11T00:15:09.797502,0,0,580.3273879999999,0
2026-04-11T00:15:10.803483,0,0,578.5633359999999,0
2026-04-11T00:15:11.810528,0,0,579.4453619999999,0
2026-04-11T00:15:12.816414,0,0,581.2094139999999,0
2026-04-11T00:15:13.823425,0,0,580.3273879999999,0
2026-04-11T00:15:14.829395,0,0,580.3273879999999,0
2026-04-11T00:15:15.836374,0,0,579.4453619999999,0
2026-04-11T00:15:16.843320,0,0,580.3273879999999,0
2026-04-11T00:15:17.849300,0,0,580.3273879999999,0
2026-04-11T00:15:18.855342,0,0,579.4453619999999,0
2026-04-11T00:15:19.863255,0,0,580.3273879999999,0
2026-04-11T00:15:20.870278,0,0,579.4453619999999,0
2026-04-11T00:15:21.876228,0,0,581.2094139999999,0
2026-04-11T00:15:22.883145,0,0,580.3273879999999,0
2026-04-11T00:15:23.888180,0,0,580.3273879999999,0
2026-04-11T00:15:24.896131,0,0,578.5633359999999,0
2026-04-11T00:15:25.903143,0,0,579.4453619999999,0
2026-04-11T00:15:26.909124,0,0,580.3273879999999,0
2026-04-11T00:15:27.916098,0,0,580.3273879999999,0
2026-04-11T00:15:28.923075,0,0,580.3273879999999,0
2026-04-11T00:15:29.930023,0,0,579.4453619999999,0
2026-04-11T00:15:30.936038,0,0,579.4453619999999,0
2026-04-11T00:15:31.943004,0,0,580.3273879999999,0
2026-04-11T00:15:32.949998,0,0,579.4453619999999,0
2026-04-11T00:15:33.956005,0,0,580.3273879999999,0
2026-04-11T00:15:34.963013,0,0,580.3273879999999,0
2026-04-11T00:15:35.968931,0,0,580.3273879999999,0
2026-04-11T00:15:36.975965,0,0,580.3273879999999,0
2026-04-11T00:15:37.981940,0,0,579.4453619999999,0
2026-04-11T00:15:38.989914,0,0,581.2094139999999,0
2026-04-11T00:15:39.995897,0,0,580.3273879999999,0
2026-04-11T00:15:41.002852,0,0,579.4453619999999,0
2026-04-11T00:15:42.009802,0,0,580.3273879999999,0
2026-04-11T00:15:43.015793,0,0,581.2094139999999,0
2026-04-11T00:15:44.022775,0,0,579.4453619999999,0
2026-04-11T00:15:45.028759,0,0,579.4453619999999,0
2026-04-11T00:15:46.035756,0,0,579.4453619999999,0
2026-04-11T00:15:47.041726,0,0,576.799284,0
2026-04-11T00:15:48.049702,0,0,580.3273879999999,0
2026-04-11T00:15:49.056673,0,0,579.4453619999999,0
2026-04-11T00:15:50.062676,0,0,579.4453619999999,0
2026-04-11T00:15:51.069607,0,0,579.4453619999999,0
2026-04-11T00:16:01.280638,0,0,579.4453619999999,0
2026-04-11T00:16:03.763333,0,0,580.3273879999999,0
2026-04-11T00:16:04.770406,0,0,581.2094139999999,0
2026-04-11T00:16:05.776278,0,0,578.5633359999999,0
2026-04-11T00:16:06.783274,0,0,579.4453619999999,0
2026-04-11T00:16:07.789248,0,0,580.3273879999999,0
2026-04-11T00:16:08.796196,0,0,579.4453619999999,0
2026-04-11T00:16:09.803226,0,0,579.4453619999999,0
2026-04-11T00:16:10.810330,0,0,580.3273879999999,0
2026-04-11T00:16:11.817164,0,0,580.3273879999999,0
2026-04-11T00:16:12.823054,0,0,580.3273879999999,0
2026-04-11T00:16:13.830110,0,0,580.3273879999999,0
2026-04-11T00:16:14.836093,0,0,579.4453619999999,0
2026-04-11T00:16:15.843105,0,0,580.3273879999999,0
2026-04-11T00:16:16.849060,0,0,580.3273879999999,0
2026-04-11T00:16:17.856027,0,0,579.4453619999999,0
2026-04-11T00:16:18.862005,0,0,582.0914399999999,0
2026-04-11T00:16:19.869990,0,0,575.917258,0
2026-04-11T00:16:20.876974,0,0,580.3273879999999,0
2026-04-11T00:16:21.882959,0,0,575.917258,0
2026-04-11T00:16:22.889934,0,0,580.3273879999999,0
2026-04-11T00:16:23.895907,0,0,579.4453619999999,0
2026-04-11T00:16:24.902864,0,0,580.3273879999999,0
2026-04-11T00:16:25.908854,0,0,579.4453619999999,0
2026-04-11T00:16:26.915849,0,0,580.3273879999999,0
2026-04-11T00:16:27.922841,0,0,579.4453619999999,0
2026-04-11T00:16:28.929832,0,0,579.4453619999999,0
2026-04-11T00:16:29.936799,0,0,580.3273879999999,0
2026-04-11T00:16:30.942676,0,0,578.5633359999999,0
2026-04-11T00:16:31.949754,0,0,579.4453619999999,0
2026-04-11T00:16:32.955735,0,0,580.3273879999999,0
2026-04-11T00:16:33.962744,0,0,582.0914399999999,0
2026-04-11T00:16:34.968711,0,0,579.4453619999999,0
2026-04-11T00:16:35.975641,0,0,580.3273879999999,0
2026-04-11T00:16:36.982725,0,0,579.4453619999999,0
2026-04-11T00:16:37.988638,0,0,579.4453619999999,0
2026-04-11T00:16:38.996594,0,0,578.5633359999999,0
2026-04-11T00:16:40.002664,0,0,576.799284,0
2026-04-11T00:16:41.009557,0,0,580.3273879999999,0
2026-04-11T00:16:42.015538,0,0,579.4453619999999,0
2026-04-11T00:16:43.022583,0,0,579.4453619999999,0
2026-04-11T00:16:44.029491,0,0,580.3273879999999,0
2026-04-11T00:16:45.035476,0,0,579.4453619999999,0
2026-04-11T00:16:46.042556,0,0,580.3273879999999,0
2026-04-11T00:16:47.048441,0,0,580.3273879999999,0
2026-04-11T00:16:48.056411,0,0,579.4453619999999,0
2026-04-11T00:16:49.062489,0,0,579.4453619999999,0
2026-04-11T00:16:50.069363,0,0,579.4453619999999,0
2026-04-11T00:16:51.075318,0,0,579.4453619999999,0
2026-04-11T00:16:52.082416,0,0,580.3273879999999,0
2026-04-11T00:16:53.089308,0,0,579.4453619999999,0
2026-04-11T00:16:54.094820,0,0,579.4453619999999,0
2026-04-11T00:16:55.102145,0,0,580.3273879999999,0
2026-04-11T00:16:56.108246,0,0,580.3273879999999,0
2026-04-11T00:16:57.115220,0,0,579.4453619999999,0
2026-04-11T00:16:58.122308,0,0,580.3273879999999,0
2026-04-11T00:16:59.129210,0,0,579.4453619999999,0
2026-04-11T00:17:09.333445,0,0,579.4453619999999,0
2026-04-11T00:17:11.815905,0,0,579.4453619999999,0
2026-04-11T00:17:12.822889,0,0,580.3273879999999,0
2026-04-11T00:17:13.828851,0,0,578.5633359999999,0
2026-04-11T00:17:14.835899,0,0,580.3273879999999,0
2026-04-11T00:17:15.841861,0,0,580.3273879999999,0
2026-04-11T00:17:16.848855,0,0,581.2094139999999,0
2026-04-11T00:17:17.855835,0,0,579.4453619999999,0
2026-04-11T00:17:18.862823,0,0,580.3273879999999,0
2026-04-11T00:17:19.869751,0,0,579.4453619999999,0
2026-04-11T00:17:20.875764,0,0,581.2094139999999,0
2026-04-11T00:17:21.882750,0,0,575.917258,0
2026-04-11T00:17:22.888712,0,0,579.4453619999999,0
2026-04-11T00:17:23.895677,0,0,580.3273879999999,0
2026-04-11T00:17:24.901654,0,0,580.3273879999999,0
2026-04-11T00:17:25.908645,0,0,579.4453619999999,0
2026-04-11T00:17:26.914712,0,0,579.4453619999999,0
2026-04-11T00:17:27.922629,0,0,571.507128,0
2026-04-11T00:17:28.929603,0,0,580.3273879999999,0
2026-04-11T00:17:29.935571,0,0,584.7375179999999,0
2026-04-11T00:17:30.942645,0,0,579.4453619999999,0
2026-04-11T00:17:31.948527,0,0,579.4453619999999,0
2026-04-11T00:17:32.955515,0,0,580.3273879999999,0
2026-04-11T00:17:33.961507,0,0,578.5633359999999,0
2026-04-11T00:17:34.968471,0,0,580.3273879999999,0
2026-04-11T00:17:35.975434,0,0,579.4453619999999,0
2026-04-11T00:17:36.982513,0,0,579.4453619999999,0
2026-04-11T00:17:37.989389,0,0,580.3273879999999,0
2026-04-11T00:17:38.995369,0,0,580.3273879999999,0
2026-04-11T00:17:40.002444,0,0,579.4453619999999,0
2026-04-11T00:17:41.008343,0,0,579.4453619999999,0
2026-04-11T00:17:42.015301,0,0,580.3273879999999,0
2026-04-11T00:17:43.021323,0,0,579.4453619999999,0
2026-04-11T00:17:44.028276,0,0,580.3273879999999,0
2026-04-11T00:17:45.035298,0,0,579.4453619999999,0
2026-04-11T00:17:46.041249,0,0,580.3273879999999,0
2026-04-11T00:17:47.049234,0,0,580.3273879999999,0
2026-04-11T00:17:48.055181,0,0,580.3273879999999,0
2026-04-11T00:17:49.062331,0,0,579.4453619999999,0
2026-04-11T00:17:50.068159,0,0,580.3273879999999,0
2026-04-11T00:17:51.075154,0,0,579.4453619999999,0
2026-04-11T00:17:52.082119,0,0,579.4453619999999,0
2026-04-11T00:17:53.088089,0,0,580.3273879999999,0
2026-04-11T00:17:54.095043,0,0,579.4453619999999,0
2026-04-11T00:17:55.101004,0,0,580.3273879999999,0
2026-04-11T00:17:56.109018,0,0,579.4453619999999,0
2026-04-11T00:17:57.115051,0,0,579.4453619999999,0
2026-04-11T00:17:58.121996,0,0,580.3273879999999,0
2026-04-11T00:17:59.127994,0,0,580.3273879999999,0
2026-04-11T00:18:00.133940,0,0,582.0914399999999,0
2026-04-11T00:18:01.141938,0,0,579.4453619999999,0
2026-04-11T00:18:02.147925,0,0,579.4453619999999,0
2026-04-11T00:18:03.154884,0,0,580.3273879999999,0
2026-04-11T00:18:04.160879,0,0,580.3273879999999,0
2026-04-11T00:18:05.167841,0,0,580.3273879999999,0
2026-04-11T00:18:06.174826,0,0,582.0914399999999,0
2026-04-11T00:18:16.588051,0,0,579.4453619999999,0
2026-04-11T00:18:19.070654,0,0,580.3273879999999,0
2026-04-11T00:18:20.077575,0,0,579.4453619999999,0
2026-04-11T00:18:21.083506,0,0,579.4453619999999,0
2026-04-11T00:18:22.090553,0,0,580.3273879999999,0
2026-04-11T00:18:23.096474,0,0,580.3273879999999,0
2026-04-11T00:18:24.103412,0,0,582.0914399999999,0
2026-04-11T00:18:25.109393,0,0,579.4453619999999,0
2026-04-11T00:18:26.117402,0,0,578.5633359999999,0
2026-04-11T00:18:27.124399,0,0,580.3273879999999,0
2026-04-11T00:18:28.130442,0,0,580.3273879999999,0
2026-04-11T00:18:29.137375,0,0,579.4453619999999,0
2026-04-11T00:18:30.142381,0,0,579.4453619999999,0
2026-04-11T00:18:31.150267,0,0,580.3273879999999,0
2026-04-11T00:18:32.156272,0,0,579.4453619999999,0
2026-04-11T00:18:33.163247,0,0,580.3273879999999,0
2026-04-11T00:18:34.169226,0,0,580.3273879999999,0
2026-04-11T00:18:35.177229,0,0,579.4453619999999,0
2026-04-11T00:18:36.184185,0,0,580.3273879999999,0
2026-04-11T00:18:37.190312,0,0,580.3273879999999,0
2026-04-11T00:18:38.197143,0,0,581.2094139999999,0
2026-04-11T00:18:39.203039,0,0,579.4453619999999,0
2026-04-11T00:18:40.210125,0,0,579.4453619999999,0
2026-04-11T00:18:41.216066,0,0,579.4453619999999,0
2026-04-11T00:18:42.222856,0,0,578.5633359999999,0
2026-04-11T00:18:43.230043,0,0,579.4453619999999,0
2026-04-11T00:18:44.236023,0,0,579.4453619999999,0
2026-04-11T00:18:45.244005,0,0,581.2094139999999,0
2026-04-11T00:18:46.250036,0,0,579.4453619999999,0
2026-04-11T00:18:47.256952,0,0,580.3273879999999,0
2026-04-11T00:18:48.262940,0,0,580.3273879999999,0
2026-04-11T00:18:49.269894,0,0,579.4453619999999,0
2026-04-11T00:18:50.275891,0,0,580.3273879999999,0
2026-04-11T00:18:51.282889,0,0,579.4453619999999,0
2026-04-11T00:18:52.289812,0,0,580.3273879999999,0
2026-04-11T00:18:53.295797,0,0,580.3273879999999,0
2026-04-11T00:18:54.303813,0,0,580.3273879999999,0
2026-04-11T00:18:55.309794,0,0,579.4453619999999,0
2026-04-11T00:18:56.316786,0,0,580.3273879999999,0
2026-04-11T00:18:57.322775,0,0,578.5633359999999,0
2026-04-11T00:18:58.329745,0,0,580.3273879999999,0
2026-04-11T00:18:59.336712,0,0,578.5633359999999,0
2026-04-11T00:19:00.342739,0,0,580.3273879999999,0
2026-04-11T00:19:01.349678,0,0,580.3273879999999,0
2026-04-11T00:19:02.355659,0,0,580.3273879999999,0
2026-04-11T00:19:03.363690,0,0,581.2094139999999,0
2026-04-11T00:19:04.369607,0,0,580.3273879999999,0
2026-04-11T00:19:05.376582,0,0,580.3273879999999,0
2026-04-11T00:19:06.382664,0,0,579.4453619999999,0
2026-04-11T00:19:07.389556,0,0,581.2094139999999,0
2026-04-11T00:19:08.396455,0,0,579.4453619999999,0
2026-04-11T00:19:09.402590,0,0,580.3273879999999,0
2026-04-11T00:19:10.409424,0,0,580.3273879999999,0
2026-04-11T00:19:11.415492,0,0,580.3273879999999,0
2026-04-11T00:19:12.421432,0,0,580.3273879999999,0
2026-04-11T00:19:13.429481,0,0,580.3273879999999,0
2026-04-11T00:19:14.436379,0,0,579.4453619999999,0
2026-04-11T00:19:15.443425,0,0,580.3273879999999,0
2026-04-11T00:19:16.449291,0,0,582.0914399999999,0
2026-04-11T00:19:17.456349,0,0,580.3273879999999,0
2026-04-11T00:19:18.462402,0,0,580.3273879999999,0
2026-04-11T00:19:19.469325,0,0,580.3273879999999,0
2026-04-11T00:19:20.475329,0,0,579.4453619999999,0
2026-04-11T00:19:21.482369,0,0,581.2094139999999,0
2026-04-11T00:19:22.489232,0,0,580.3273879999999,0
2026-04-11T00:19:23.494163,0,0,578.5633359999999,0
2026-04-11T00:19:24.503195,0,0,581.2094139999999,0
2026-04-11T00:19:25.509154,0,0,580.3273879999999,0
2026-04-11T00:19:26.516164,0,0,580.3273879999999,0
2026-04-11T00:19:27.522141,0,0,580.3273879999999,0
2026-04-11T00:19:28.529108,0,0,579.4453619999999,0
2026-04-11T00:19:29.534074,0,0,580.3273879999999,0
2026-04-11T00:19:30.541077,0,0,581.2094139999999,0
2026-04-11T00:19:31.549023,0,0,580.3273879999999,0
2026-04-11T00:19:32.555025,0,0,578.5633359999999,0
2026-04-11T00:19:33.562993,0,0,578.5633359999999,0
2026-04-11T00:19:34.568948,0,0,579.4453619999999,0
2026-04-11T00:19:35.575955,0,0,580.3273879999999,0
2026-04-11T00:19:36.581921,0,0,580.3273879999999,0
2026-04-11T00:19:37.588918,0,0,579.4453619999999,0
2026-04-11T00:19:38.594885,0,0,580.3273879999999,0
2026-04-11T00:19:39.601862,0,0,580.3273879999999,0
2026-04-11T00:19:40.608860,0,0,580.3273879999999,0
2026-04-11T00:19:41.615802,0,0,580.3273879999999,0
2026-04-11T00:19:42.622811,0,0,580.3273879999999,0
2026-04-11T00:19:43.628786,0,0,579.4453619999999,0
2026-04-11T00:19:44.635756,0,0,580.3273879999999,0
2026-04-11T00:19:45.641746,0,0,580.3273879999999,0
2026-04-11T00:19:46.648712,0,0,580.3273879999999,0
2026-04-11T00:19:59.204321,0,0,579.4453619999999,0
2026-04-11T00:20:00.210621,0,0,580.3273879999999,0
2026-04-11T00:20:01.216506,0,0,580.3273879999999,0
2026-04-11T00:20:02.223477,0,0,580.3273879999999,0
2026-04-11T00:20:03.229430,0,0,578.5633359999999,0
2026-04-11T00:20:04.236432,0,0,580.3273879999999,0
2026-04-11T00:20:05.242529,0,0,579.4453619999999,0
2026-04-11T00:20:06.250501,0,0,580.3273879999999,0
2026-04-11T00:20:07.257374,0,0,580.3273879999999,0
2026-04-11T00:20:08.263351,0,0,578.5633359999999,0
2026-04-11T00:20:09.270441,0,0,579.4453619999999,0
2026-04-11T00:20:10.276306,0,0,580.3273879999999,0
2026-04-11T00:20:11.283279,0,0,580.3273879999999,0
2026-04-11T00:20:12.289257,0,0,580.3273879999999,0
2026-04-11T00:20:13.296199,0,0,579.4453619999999,0
2026-04-11T00:20:14.302357,0,0,580.3273879999999,0
2026-04-11T00:20:15.308186,0,0,579.4453619999999,0
2026-04-11T00:20:16.317141,0,0,580.3273879999999,0
2026-04-11T00:20:17.323178,0,0,580.3273879999999,0
2026-04-11T00:20:18.330123,0,0,580.3273879999999,0
2026-04-11T00:20:19.336128,0,0,579.4453619999999,0
2026-04-11T00:20:20.343107,0,0,582.0914399999999,0
2026-04-11T00:20:33.616606,0,0,579.4453619999999,0
2026-04-11T00:20:34.621780,0,0,580.3273879999999,0
2026-04-11T00:20:35.628762,0,0,579.4453619999999,0
2026-04-11T00:20:36.635677,0,0,580.3273879999999,0
2026-04-11T00:20:37.641730,0,0,580.3273879999999,0
2026-04-11T00:20:38.648701,0,0,579.4453619999999,0
2026-04-11T00:20:39.654739,0,0,582.9734659999999,0
2026-04-11T00:20:40.662706,0,0,580.3273879999999,0
2026-04-11T00:20:41.669640,0,0,580.3273879999999,0
2026-04-11T00:20:42.675601,0,0,580.3273879999999,0
2026-04-11T00:20:43.682652,0,0,580.3273879999999,0
2026-04-11T00:20:44.688568,0,0,579.4453619999999,0
2026-04-11T00:20:45.695562,0,0,580.3273879999999,0
2026-04-11T00:20:46.701541,0,0,580.3273879999999,0
2026-04-11T00:20:47.708504,0,0,578.5633359999999,0
2026-04-11T00:20:48.714559,0,0,579.4453619999999,0
2026-04-11T00:20:49.720453,0,0,580.3273879999999,0
2026-04-11T00:20:50.729420,0,0,580.3273879999999,0
2026-04-11T00:20:51.735429,0,0,580.3273879999999,0
2026-04-11T00:20:52.742485,0,0,579.4453619999999,0
2026-04-11T00:20:53.748378,0,0,579.4453619999999,0
2026-04-11T00:20:54.755319,0,0,579.4453619999999,0
2026-04-11T00:20:55.761307,0,0,579.4453619999999,0
2026-04-11T00:20:56.768320,0,0,579.4453619999999,0
2026-04-11T00:20:57.775301,0,0,580.3273879999999,0
2026-04-11T00:20:58.781276,0,0,579.4453619999999,0
2026-04-11T00:20:59.789251,0,0,581.2094139999999,0
2026-04-11T00:21:00.795245,0,0,580.3273879999999,0
2026-04-11T00:21:01.802292,0,0,579.4453619999999,0
2026-04-11T00:21:02.808197,0,0,581.2094139999999,0
2026-04-11T00:21:03.815153,0,0,579.4453619999999,0
2026-04-11T00:21:04.819092,0,0,579.4453619999999,0
2026-04-11T00:21:05.828137,0,0,578.5633359999999,0
2026-04-11T00:21:06.835117,0,0,579.4453619999999,0
2026-04-11T00:21:07.841066,0,0,579.4453619999999,0
2026-04-11T00:21:08.849081,0,0,580.3273879999999,0
2026-04-11T00:21:09.855056,0,0,579.4453619999999,0
2026-04-11T00:21:10.861972,0,0,580.3273879999999,0
2026-04-11T00:21:11.867985,0,0,580.3273879999999,0
2026-04-11T00:21:12.874973,0,0,579.4453619999999,0
2026-04-11T00:21:13.881936,0,0,580.3273879999999,0
2026-04-11T00:21:14.887934,0,0,580.3273879999999,0
2026-04-11T00:21:15.894925,0,0,580.3273879999999,0
2026-04-11T00:21:16.900901,0,0,580.3273879999999,0
2026-04-11T00:21:17.908874,0,0,580.3273879999999,0
2026-04-11T00:21:18.914848,0,0,579.4453619999999,0
2026-04-11T00:21:19.921751,0,0,578.5633359999999,0
2026-04-11T00:21:20.927745,0,0,580.3273879999999,0
2026-04-11T00:21:21.933706,0,0,580.3273879999999,0
2026-04-11T00:21:22.941706,0,0,579.4453619999999,0
2026-04-11T00:21:23.947677,0,0,579.4453619999999,0
2026-04-11T00:21:24.954693,0,0,580.3273879999999,0
2026-04-11T00:21:25.960685,0,0,578.5633359999999,0
2026-04-11T00:21:26.967600,0,0,579.4453619999999,0
2026-04-11T00:21:27.974670,0,0,581.2094139999999,0
2026-04-11T00:21:28.981571,0,0,580.3273879999999,0
2026-04-11T00:21:29.988554,0,0,579.4453619999999,0
2026-04-11T00:21:30.994641,0,0,580.3273879999999,0
2026-04-11T00:21:32.001508,0,0,579.4453619999999,0
2026-04-11T00:21:33.007486,0,0,579.4453619999999,0
2026-04-11T00:21:34.014603,0,0,576.799284,0
2026-04-11T00:21:35.020469,0,0,579.4453619999999,0
2026-04-11T00:21:36.027427,0,0,580.3273879999999,0
2026-04-11T00:21:37.034527,0,0,579.4453619999999,0
2026-04-11T00:21:38.041441,0,0,579.4453619999999,0
2026-04-11T00:21:39.047356,0,0,579.4453619999999,0
2026-04-11T00:21:40.054480,0,0,581.2094139999999,0
2026-04-11T00:21:41.061368,0,0,580.3273879999999,0
2026-04-11T00:21:42.067337,0,0,581.2094139999999,0
2026-04-11T00:21:43.074426,0,0,578.5633359999999,0
2026-04-11T00:21:44.080254,0,0,579.4453619999999,0
2026-04-11T00:21:45.087232,0,0,580.3273879999999,0
2026-04-11T00:21:46.094361,0,0,579.4453619999999,0
2026-04-11T00:21:47.101195,0,0,579.4453619999999,0
2026-04-11T00:21:48.108170,0,0,581.2094139999999,0
2026-04-11T00:21:49.114147,0,0,579.4453619999999,0
2026-04-11T00:21:50.121127,0,0,580.3273879999999,0
2026-04-11T00:21:51.127115,0,0,579.4453619999999,0
2026-04-11T00:21:52.134088,0,0,580.3273879999999,0
2026-04-11T00:21:53.140102,0,0,581.2094139999999,0
2026-04-11T00:21:54.147076,0,0,579.4453619999999,0
2026-04-11T00:21:55.154015,0,0,580.3273879999999,0
2026-04-11T00:21:56.159994,0,0,578.5633359999999,0
2026-04-11T00:21:57.168045,0,0,579.4453619999999,0
2026-04-11T00:21:58.173999,0,0,579.4453619999999,0
2026-04-11T00:21:59.180965,0,0,574.153206,0
2026-04-11T00:22:00.186900,0,0,579.4453619999999,0
2026-04-11T00:22:01.193907,0,0,580.3273879999999,0
2026-04-11T00:22:02.200913,0,0,578.5633359999999,0
2026-04-11T00:22:12.473259,0,0,579.4453619999999,0
2026-04-11T00:22:14.955647,0,0,579.4453619999999,0
2026-04-11T00:22:15.962702,0,0,580.3273879999999,0
2026-04-11T00:22:16.968560,0,0,580.3273879999999,0
2026-04-11T00:22:17.975532,0,0,580.3273879999999,0
2026-04-11T00:22:18.981519,0,0,581.2094139999999,0
2026-04-11T00:22:19.988524,0,0,580.3273879999999,0
2026-04-11T00:22:20.994575,0,0,579.4453619999999,0
2026-04-11T00:22:22.002612,0,0,580.3273879999999,0
2026-04-11T00:22:23.009499,0,0,581.2094139999999,0
2026-04-11T00:22:24.015434,0,0,579.4453619999999,0
2026-04-11T00:22:25.022483,0,0,580.3273879999999,0
2026-04-11T00:22:26.028363,0,0,579.4453619999999,0
2026-04-11T00:22:27.035348,0,0,580.3273879999999,0
2026-04-11T00:22:28.041330,0,0,580.3273879999999,0
2026-04-11T00:22:29.048301,0,0,579.4453619999999,0
2026-04-11T00:22:30.054398,0,0,581.2094139999999,0
2026-04-11T00:22:31.062379,0,0,580.3273879999999,0
2026-04-11T00:22:32.069238,0,0,576.799284,0
2026-04-11T00:22:33.075215,0,0,579.4453619999999,0
2026-04-11T00:22:34.082302,0,0,580.3273879999999,0
2026-04-11T00:22:35.088166,0,0,579.4453619999999,0
2026-04-11T00:22:36.095150,0,0,580.3273879999999,0
2026-04-11T00:22:46.109521,0,0,579.4453619999999,0
2026-04-11T00:22:48.591948,0,0,579.4453619999999,0
2026-04-11T00:22:49.598868,0,0,580.3273879999999,0
2026-04-11T00:22:50.604869,0,0,580.3273879999999,0
2026-04-11T00:22:51.611846,0,0,578.5633359999999,0
2026-04-11T00:22:52.617832,0,0,579.4453619999999,0
2026-04-11T00:22:53.624769,0,0,580.3273879999999,0
2026-04-11T00:22:54.630741,0,0,579.4453619999999,0
2026-04-11T00:22:55.638736,0,0,581.2094139999999,0
2026-04-11T00:22:56.645706,0,0,581.2094139999999,0
2026-04-11T00:22:57.651693,0,0,580.3273879999999,0
2026-04-11T00:22:58.658680,0,0,580.3273879999999,0
2026-04-11T00:22:59.664643,0,0,581.2094139999999,0
2026-04-11T00:23:00.671664,0,0,580.3273879999999,0
2026-04-11T00:23:01.677652,0,0,580.3273879999999,0
2026-04-11T00:23:02.684618,0,0,579.4453619999999,0
2026-04-11T00:23:03.690649,0,0,579.4453619999999,0
2026-04-11T00:23:04.698622,0,0,580.3273879999999,0
2026-04-11T00:23:05.705547,0,0,580.3273879999999,0
2026-04-11T00:23:06.711486,0,0,580.3273879999999,0
2026-04-11T00:23:07.718591,0,0,580.3273879999999,0
2026-04-11T00:23:08.724487,0,0,580.3273879999999,0
2026-04-11T00:23:09.731472,0,0,580.3273879999999,0
2026-04-11T00:23:20.119820,0,0,579.4453619999999,0
2026-04-11T00:23:22.602103,0,0,579.4453619999999,0
2026-04-11T00:23:23.609218,0,0,579.4453619999999,0
2026-04-11T00:23:24.615177,0,0,580.3273879999999,0
2026-04-11T00:23:25.622117,0,0,579.4453619999999,0
2026-04-11T00:23:26.628098,0,0,580.3273879999999,0
2026-04-11T00:23:27.635067,0,0,579.4453619999999,0
2026-04-11T00:23:28.641073,0,0,579.4453619999999,0
2026-04-11T00:23:29.649034,0,0,579.4453619999999,0
2026-04-11T00:23:30.655988,0,0,579.4453619999999,0
2026-04-11T00:23:31.661999,0,0,580.3273879999999,0
2026-04-11T00:23:32.668986,0,0,579.4453619999999,0
2026-04-11T00:23:33.674959,0,0,579.4453619999999,0
2026-04-11T00:23:34.680905,0,0,580.3273879999999,0
2026-04-11T00:23:35.687066,0,0,580.3273879999999,0
2026-04-11T00:23:36.694869,0,0,579.4453619999999,0
2026-04-11T00:23:37.700837,0,0,580.3273879999999,0
2026-04-11T00:23:38.708867,0,0,580.3273879999999,0
2026-04-11T00:23:39.715855,0,0,580.3273879999999,0
2026-04-11T00:23:40.721802,0,0,579.4453619999999,0
2026-04-11T00:23:41.728813,0,0,580.3273879999999,0
2026-04-11T00:23:42.734742,0,0,573.27118,0
2026-04-11T00:23:53.682071,0,0,579.4453619999999,0
2026-04-11T00:23:56.164488,0,0,579.4453619999999,0
2026-04-11T00:23:57.171478,0,0,580.3273879999999,0
2026-04-11T00:23:58.176425,0,0,579.4453619999999,0
2026-04-11T00:23:59.184443,0,0,580.3273879999999,0
2026-04-11T00:24:00.190455,0,0,579.4453619999999,0
2026-04-11T00:24:01.197421,0,0,578.5633359999999,0
2026-04-11T00:24:02.203385,0,0,580.3273879999999,0
2026-04-11T00:24:03.211347,0,0,580.3273879999999,0
2026-04-11T00:24:04.218259,0,0,579.4453619999999,0
2026-04-11T00:24:05.224304,0,0,579.4453619999999,0
2026-04-11T00:24:06.231268,0,0,580.3273879999999,0
2026-04-11T00:24:07.237266,0,0,578.5633359999999,0
2026-04-11T00:24:08.244249,0,0,580.3273879999999,0
2026-04-11T00:24:09.250264,0,0,580.3273879999999,0
2026-04-11T00:24:10.257220,0,0,579.4453619999999,0
2026-04-11T00:24:11.263177,0,0,579.4453619999999,0
2026-04-11T00:24:12.271175,0,0,580.3273879999999,0
2026-04-11T00:24:13.278151,0,0,578.5633359999999,0
2026-04-11T00:24:14.284112,0,0,579.4453619999999,0
2026-04-11T00:24:15.290073,0,0,579.4453619999999,0
2026-04-11T00:24:16.297047,0,0,579.4453619999999,0
2026-04-11T00:24:17.303883,0,0,579.4453619999999,0
2026-04-11T00:24:27.721371,0,0,578.5633359999999,0
2026-04-11T00:24:30.203785,0,0,580.3273879999999,0
2026-04-11T00:24:31.210769,0,0,579.4453619999999,0
2026-04-11T00:24:32.216740,0,0,578.5633359999999,0
2026-04-11T00:24:33.223739,0,0,582.0914399999999,0
2026-04-11T00:24:34.229692,0,0,580.3273879999999,0
2026-04-11T00:24:35.236631,0,0,579.4453619999999,0
2026-04-11T00:24:36.242686,0,0,580.3273879999999,0
2026-04-11T00:24:37.250655,0,0,580.3273879999999,0
2026-04-11T00:24:38.257558,0,0,580.3273879999999,0
2026-04-11T00:24:39.263539,0,0,579.4453619999999,0
2026-04-11T00:24:40.270628,0,0,579.4453619999999,0
2026-04-11T00:24:41.276497,0,0,580.3273879999999,0
2026-04-11T00:24:42.283482,0,0,581.2094139999999,0
2026-04-11T00:24:43.289454,0,0,580.3273879999999,0
2026-04-11T00:24:44.296492,0,0,580.3273879999999,0
2026-04-11T00:24:45.302522,0,0,579.4453619999999,0
2026-04-11T00:24:46.310492,0,0,580.3273879999999,0
2026-04-11T00:24:47.317421,0,0,580.3273879999999,0
2026-04-11T00:24:48.323382,0,0,580.3273879999999,0
2026-04-11T00:24:49.330457,0,0,580.3273879999999,0
2026-04-11T00:24:50.336364,0,0,580.3273879999999,0
2026-04-11T00:25:01.172819,0,0,579.4453619999999,0
2026-04-11T00:25:03.655060,0,0,580.3273879999999,0
2026-04-11T00:25:04.662063,0,0,580.3273879999999,0
2026-04-11T00:25:05.668043,0,0,580.3273879999999,0
2026-04-11T00:25:06.675061,0,0,580.3273879999999,0
2026-04-11T00:25:07.681028,0,0,579.4453619999999,0
2026-04-11T00:25:08.687987,0,0,579.4453619999999,0
2026-04-11T00:25:09.693987,0,0,579.4453619999999,0
2026-04-11T00:25:10.701969,0,0,579.4453619999999,0
2026-04-11T00:25:11.708948,0,0,579.4453619999999,0
2026-04-11T00:25:12.714927,0,0,580.3273879999999,0
2026-04-11T00:25:13.721886,0,0,579.4453619999999,0
2026-04-11T00:25:14.727689,0,0,579.4453619999999,0
2026-04-11T00:25:15.734861,0,0,579.4453619999999,0
2026-04-11T00:25:16.740829,0,0,580.3273879999999,0
2026-04-11T00:25:17.747780,0,0,580.3273879999999,0
2026-04-11T00:25:18.753795,0,0,580.3273879999999,0
2026-04-11T00:25:19.761724,0,0,579.4453619999999,0
2026-04-11T00:25:20.768699,0,0,580.3273879999999,0
2026-04-11T00:25:21.774743,0,0,580.3273879999999,0
2026-04-11T00:25:22.781701,0,0,579.4453619999999,0
2026-04-11T00:25:23.787618,0,0,579.4453619999999,0
2026-04-11T00:25:24.794662,0,0,579.4453619999999,0
2026-04-11T00:25:35.221132,0,0,580.3273879999999,0
2026-04-11T00:25:37.703387,0,0,580.3273879999999,0
2026-04-11T00:25:38.710455,0,0,580.3273879999999,0
2026-04-11T00:25:39.716311,0,0,580.3273879999999,0
2026-04-11T00:25:40.723301,0,0,579.4453619999999,0
2026-04-11T00:25:41.729287,0,0,579.4453619999999,0
2026-04-11T00:25:42.736255,0,0,580.3273879999999,0
2026-04-11T00:25:43.742360,0,0,580.3273879999999,0
2026-04-11T00:25:44.750328,0,0,578.5633359999999,0
2026-04-11T00:25:45.757157,0,0,580.3273879999999,0
2026-04-11T00:25:46.763160,0,0,579.4453619999999,0
2026-04-11T00:25:47.770123,0,0,580.3273879999999,0
2026-04-11T00:25:48.776112,0,0,578.5633359999999,0
2026-04-11T00:25:49.783093,0,0,579.4453619999999,0
2026-04-11T00:25:50.789059,0,0,580.3273879999999,0
2026-04-11T00:25:51.796033,0,0,580.3273879999999,0
2026-04-11T00:25:52.802005,0,0,579.4453619999999,0
2026-04-11T00:25:53.809982,0,0,580.3273879999999,0
2026-04-11T00:25:54.816960,0,0,579.4453619999999,0
2026-04-11T00:25:55.822990,0,0,579.4453619999999,0
2026-04-11T00:25:56.829976,0,0,584.7375179999999,0
2026-04-11T00:25:57.835904,0,0,579.4453619999999,0
2026-04-11T00:26:08.678372,0,0,579.4453619999999,0
2026-04-11T00:26:11.160588,0,0,580.3273879999999,0
2026-04-11T00:26:12.167590,0,0,579.4453619999999,0
2026-04-11T00:26:13.173564,0,0,579.4453619999999,0
2026-04-11T00:26:14.180513,0,0,579.4453619999999,0
2026-04-11T00:26:15.186608,0,0,580.3273879999999,0
2026-04-11T00:26:16.193467,0,0,580.3273879999999,0
2026-04-11T00:26:17.199459,0,0,579.4453619999999,0
2026-04-11T00:26:18.207466,0,0,579.4453619999999,0
2026-04-11T00:26:19.214518,0,0,580.3273879999999,0
2026-04-11T00:26:20.220436,0,0,580.3273879999999,0
2026-04-11T00:26:21.227420,0,0,581.2094139999999,0
2026-04-11T00:26:22.233360,0,0,582.0914399999999,0
2026-04-11T00:26:23.240337,0,0,579.4453619999999,0
2026-04-11T00:26:24.246496,0,0,577.6813099999999,0
2026-04-11T00:26:25.253379,0,0,580.3273879999999,0
2026-04-11T00:26:26.259320,0,0,580.3273879999999,0
2026-04-11T00:26:27.267299,0,0,580.3273879999999,0
2026-04-11T00:26:28.274358,0,0,579.4453619999999,0
2026-04-11T00:26:29.280236,0,0,579.4453619999999,0
2026-04-11T00:26:30.287210,0,0,580.3273879999999,0
2026-04-11T00:26:31.293204,0,0,580.3273879999999,0
2026-04-11T00:26:32.300229,0,0,580.3273879999999,0
2026-04-11T00:26:45.363533,0,0,579.4453619999999,0
2026-04-11T00:26:46.369831,0,0,579.4453619999999,0
2026-04-11T00:26:47.375813,0,0,579.4453619999999,0
2026-04-11T00:26:48.382839,0,0,580.3273879999999,0
2026-04-11T00:26:49.388777,0,0,580.3273879999999,0
2026-04-11T00:26:50.395743,0,0,579.4453619999999,0
2026-04-11T00:26:51.401722,0,0,579.4453619999999,0
2026-04-11T00:26:52.409758,0,0,581.2094139999999,0
2026-04-11T00:26:53.416731,0,0,580.3273879999999,0
2026-04-11T00:26:54.422679,0,0,579.4453619999999,0
2026-04-11T00:26:55.429636,0,0,579.4453619999999,0
2026-04-11T00:26:56.435669,0,0,579.4453619999999,0
2026-04-11T00:26:57.442682,0,0,580.3273879999999,0
2026-04-11T00:26:58.448614,0,0,579.4453619999999,0
2026-04-11T00:26:59.455583,0,0,580.3273879999999,0
2026-04-11T00:27:00.461554,0,0,580.3273879999999,0
2026-04-11T00:27:01.469517,0,0,579.4453619999999,0
2026-04-11T00:27:02.476490,0,0,580.3273879999999,0
2026-04-11T00:27:03.482574,0,0,580.3273879999999,0
2026-04-11T00:27:04.489450,0,0,580.3273879999999,0
2026-04-11T00:27:05.495434,0,0,579.4453619999999,0
2026-04-11T00:27:06.502546,0,0,579.4453619999999,0
2026-04-11T00:27:07.508416,0,0,579.4453619999999,0
2026-04-11T00:27:08.515411,0,0,580.3273879999999,0
2026-04-11T00:27:09.522450,0,0,579.4453619999999,0
2026-04-11T00:27:10.529352,0,0,579.4453619999999,0
2026-04-11T00:27:11.536307,0,0,579.4453619999999,0
2026-04-11T00:27:12.542407,0,0,579.4453619999999,0
2026-04-11T00:27:13.549258,0,0,580.3273879999999,0
2026-04-11T00:27:14.555278,0,0,580.3273879999999,0
2026-04-11T00:27:15.561203,0,0,581.2094139999999,0
2026-04-11T00:27:16.568225,0,0,579.4453619999999,0
2026-04-11T00:27:17.575178,0,0,579.4453619999999,0
2026-04-11T00:27:18.582071,0,0,580.3273879999999,0
2026-04-11T00:27:19.588142,0,0,580.3273879999999,0
2026-04-11T00:27:20.596124,0,0,580.3273879999999,0
2026-04-11T00:27:21.602077,0,0,579.4453619999999,0
2026-04-11T00:27:22.609065,0,0,580.3273879999999,0
2026-04-11T00:27:23.615039,0,0,580.3273879999999,0
2026-04-11T00:27:24.622031,0,0,579.4453619999999,0
2026-04-11T00:27:25.629000,0,0,578.5633359999999,0
2026-04-11T00:27:26.634976,0,0,579.4453619999999,0
2026-04-11T00:27:27.641948,0,0,579.4453619999999,0
2026-04-11T00:27:28.647929,0,0,579.4453619999999,0
2026-04-11T00:27:29.655915,0,0,579.4453619999999,0
2026-04-11T00:27:30.661893,0,0,580.3273879999999,0
2026-04-11T00:27:31.668869,0,0,581.2094139999999,0
2026-04-11T00:27:32.674844,0,0,579.4453619999999,0
2026-04-11T00:27:33.681827,0,0,580.3273879999999,0
2026-04-11T00:27:34.688809,0,0,579.4453619999999,0
2026-04-11T00:27:35.694828,0,0,579.4453619999999,0
2026-04-11T00:27:36.701792,0,0,580.3273879999999,0
2026-04-11T00:27:37.707778,0,0,579.4453619999999,0
2026-04-11T00:27:38.714760,0,0,579.4453619999999,0
2026-04-11T00:27:39.721715,0,0,580.3273879999999,0
2026-04-11T00:27:40.728713,0,0,580.3273879999999,0
2026-04-11T00:27:41.735666,0,0,577.6813099999999,0
2026-04-11T00:27:42.741628,0,0,579.4453619999999,0
2026-04-11T00:27:43.748609,0,0,579.4453619999999,0
2026-04-11T00:27:44.754669,0,0,579.4453619999999,0
2026-04-11T00:27:45.761593,0,0,579.4453619999999,0
2026-04-11T00:27:46.767561,0,0,579.4453619999999,0
2026-04-11T00:27:47.774624,0,0,580.3273879999999,0
2026-04-11T00:27:48.781512,0,0,580.3273879999999,0
2026-04-11T00:27:49.788491,0,0,580.3273879999999,0
2026-04-11T00:27:50.794935,0,0,579.4453619999999,0
2026-04-11T00:27:51.801423,0,0,579.4453619999999,0
2026-04-11T00:27:52.807383,0,0,577.6813099999999,0
2026-04-11T00:27:53.814438,0,0,580.3273879999999,0
2026-04-11T00:27:54.821353,0,0,579.4453619999999,0
2026-04-11T00:27:55.827330,0,0,580.3273879999999,0
2026-04-11T00:27:56.834427,0,0,580.3273879999999,0
2026-04-11T00:27:57.842392,0,0,580.3273879999999,0
2026-04-11T00:27:58.848310,0,0,579.4453619999999,0
2026-04-11T00:27:59.855285,0,0,579.4453619999999,0
2026-04-11T00:28:00.861241,0,0,580.3273879999999,0
2026-04-11T00:28:01.868213,0,0,580.3273879999999,0
2026-04-11T00:28:02.874277,0,0,579.4453619999999,0
2026-04-11T00:28:03.881043,0,0,580.3273879999999,0
2026-04-11T00:28:04.887145,0,0,580.3273879999999,0
2026-04-11T00:28:05.894130,0,0,580.3273879999999,0
2026-04-11T00:28:06.902102,0,0,580.3273879999999,0
2026-04-11T00:28:07.907066,0,0,579.4453619999999,0
2026-04-11T00:28:08.915064,0,0,580.3273879999999,0
2026-04-11T00:28:09.921034,0,0,580.3273879999999,0
2026-04-11T00:28:10.928047,0,0,582.9734659999999,0
2026-04-11T00:28:11.934040,0,0,579.4453619999999,0
2026-04-11T00:28:12.940994,0,0,580.3273879999999,0
2026-04-11T00:28:13.947984,0,0,580.3273879999999,0
2026-04-11T00:28:14.953922,0,0,573.27118,0
2026-04-11T00:28:15.960920,0,0,581.2094139999999,0
2026-04-11T00:28:16.967920,0,0,579.4453619999999,0
2026-04-11T00:28:17.974864,0,0,580.3273879999999,0
2026-04-11T00:28:18.980843,0,0,580.3273879999999,0
2026-04-11T00:28:19.987832,0,0,579.4453619999999,0
2026-04-11T00:28:20.993783,0,0,579.4453619999999,0
2026-04-11T00:28:22.000783,0,0,578.5633359999999,0
2026-04-11T00:28:23.007754,0,0,580.3273879999999,0
2026-04-11T00:28:24.013747,0,0,580.3273879999999,0
2026-04-11T00:28:25.019699,0,0,579.4453619999999,0
2026-04-11T00:28:26.027699,0,0,579.4453619999999,0
2026-04-11T00:28:27.034734,0,0,580.3273879999999,0
2026-04-11T00:28:28.040684,0,0,581.2094139999999,0
2026-04-11T00:28:29.047660,0,0,580.3273879999999,0
2026-04-11T00:28:30.054689,0,0,579.4453619999999,0
2026-04-11T00:28:31.060630,0,0,579.4453619999999,0
2026-04-11T00:28:32.067606,0,0,580.3273879999999,0
2026-04-11T00:28:33.073587,0,0,580.3273879999999,0
2026-04-11T00:28:34.080549,0,0,580.3273879999999,0
2026-04-11T00:28:35.086623,0,0,580.3273879999999,0
2026-04-11T00:28:36.094621,0,0,580.3273879999999,0
2026-04-11T00:28:37.100490,0,0,579.4453619999999,0
2026-04-11T00:28:38.106542,0,0,577.6813099999999,0
2026-04-11T00:28:39.114529,0,0,579.4453619999999,0
2026-04-11T00:28:40.120391,0,0,580.3273879999999,0
2026-04-11T00:28:41.127371,0,0,580.3273879999999,0
2026-04-11T00:28:42.132405,0,0,580.3273879999999,0
2026-04-11T00:28:43.140356,0,0,580.3273879999999,0
2026-04-11T00:28:44.146432,0,0,582.0914399999999,0
2026-04-11T00:28:45.154396,0,0,580.3273879999999,0
2026-04-11T00:28:46.161255,0,0,580.3273879999999,0
2026-04-11T00:28:47.167305,0,0,579.4453619999999,0
2026-04-11T00:28:48.174320,0,0,580.3273879999999,0
2026-04-11T00:28:49.180125,0,0,580.3273879999999,0
2026-04-11T00:28:50.187236,0,0,579.4453619999999,0
2026-04-11T00:28:51.193203,0,0,579.4453619999999,0
2026-04-11T00:28:52.200052,0,0,580.3273879999999,0
2026-04-11T00:28:53.206161,0,0,579.4453619999999,0
2026-04-11T00:28:54.214142,0,0,580.3273879999999,0
2026-04-11T00:28:55.221110,0,0,580.3273879999999,0
2026-04-11T00:28:56.227072,0,0,579.4453619999999,0
2026-04-11T00:28:57.234064,0,0,580.3273879999999,0
2026-04-11T00:28:58.240049,0,0,581.2094139999999,0
2026-04-11T00:28:59.246893,0,0,579.4453619999999,0
2026-04-11T00:29:00.252985,0,0,580.3273879999999,0
2026-04-11T00:29:01.259973,0,0,580.3273879999999,0
2026-04-11T00:29:02.266939,0,0,579.4453619999999,0
2026-04-11T00:29:03.272928,0,0,580.3273879999999,0
2026-04-11T00:29:04.280922,0,0,578.5633359999999,0
2026-04-11T00:29:05.286882,0,0,578.5633359999999,0
2026-04-11T00:29:06.293870,0,0,579.4453619999999,0
2026-04-11T00:29:07.299863,0,0,579.4453619999999,0
2026-04-11T00:29:08.306811,0,0,580.3273879999999,0
2026-04-11T00:29:09.312799,0,0,581.2094139999999,0
2026-04-11T00:29:10.319779,0,0,584.7375179999999,0
2026-04-11T00:29:11.326755,0,0,580.3273879999999,0
2026-04-11T00:29:12.332742,0,0,578.5633359999999,0
2026-04-11T00:29:13.340702,0,0,580.3273879999999,0
2026-04-11T00:29:14.346712,0,0,580.3273879999999,0
2026-04-11T00:29:15.353660,0,0,580.3273879999999,0
2026-04-11T00:29:16.358646,0,0,579.4453619999999,0
2026-04-11T00:29:17.366658,0,0,578.5633359999999,0
2026-04-11T00:29:18.373603,0,0,580.3273879999999,0
2026-04-11T00:29:19.379584,0,0,581.2094139999999,0
2026-04-11T00:29:20.386621,0,0,579.4453619999999,0
2026-04-11T00:29:21.392534,0,0,579.4453619999999,0
2026-04-11T00:29:22.400519,0,0,581.2094139999999,0
2026-04-11T00:29:23.406595,0,0,580.3273879999999,0
2026-04-11T00:29:24.413480,0,0,580.3273879999999,0
2026-04-11T00:29:25.419467,0,0,580.3273879999999,0
2026-04-11T00:29:26.426526,0,0,579.4453619999999,0
2026-04-11T00:29:27.433433,0,0,580.3273879999999,0
2026-04-11T00:29:28.439463,0,0,578.5633359999999,0
2026-04-11T00:29:29.446512,0,0,579.4453619999999,0
2026-04-11T00:29:30.452411,0,0,580.3273879999999,0
2026-04-11T00:29:31.459376,0,0,582.0914399999999,0
2026-04-11T00:29:32.466415,0,0,579.4453619999999,0
2026-04-11T00:29:33.472321,0,0,579.4453619999999,0
2026-04-11T00:29:34.480323,0,0,580.3273879999999,0
2026-04-11T00:29:35.486372,0,0,579.4453619999999,0
2026-04-11T00:29:36.493267,0,0,580.3273879999999,0
2026-04-11T00:29:37.499255,0,0,581.2094139999999,0
2026-04-11T00:29:38.506297,0,0,580.3273879999999,0
2026-04-11T00:29:39.512230,0,0,580.3273879999999,0
2026-04-11T00:29:40.519199,0,0,579.4453619999999,0
2026-04-11T00:29:41.526252,0,0,579.4453619999999,0
2026-04-11T00:29:42.533142,0,0,580.3273879999999,0
2026-04-11T00:29:43.540127,0,0,581.2094139999999,0
2026-04-11T00:29:44.546122,0,0,580.3273879999999,0
2026-04-11T00:29:45.553061,0,0,579.4453619999999,0
2026-04-11T00:29:46.559026,0,0,579.4453619999999,0
2026-04-11T00:29:47.566019,0,0,580.3273879999999,0
2026-04-11T00:29:48.572000,0,0,580.3273879999999,0
2026-04-11T00:29:49.579000,0,0,580.3273879999999,0
2026-04-11T00:29:50.586885,0,0,578.5633359999999,0
2026-04-11T00:29:51.592975,0,0,579.4453619999999,0
2026-04-11T00:29:52.599906,0,0,579.4453619999999,0
2026-04-11T00:29:53.605877,0,0,579.4453619999999,0
2026-04-11T00:29:54.612883,0,0,580.3273879999999,0
2026-04-11T00:30:05.427274,0,0,579.4453619999999,0
2026-04-11T00:30:07.909574,0,0,578.5633359999999,0
2026-04-11T00:30:08.916576,0,0,580.3273879999999,0
2026-04-11T00:30:09.922606,0,0,580.3273879999999,0
2026-04-11T00:30:10.929494,0,0,580.3273879999999,0
2026-04-11T00:30:11.935521,0,0,580.3273879999999,0
2026-04-11T00:30:12.942539,0,0,579.4453619999999,0
2026-04-11T00:30:13.948444,0,0,580.3273879999999,0
2026-04-11T00:30:14.956403,0,0,579.4453619999999,0
2026-04-11T00:30:15.963261,0,0,579.4453619999999,0
2026-04-11T00:30:16.969375,0,0,580.3273879999999,0
2026-04-11T00:30:17.976337,0,0,579.4453619999999,0
2026-04-11T00:30:18.982420,0,0,579.4453619999999,0
2026-04-11T00:30:19.988335,0,0,575.035232,0
2026-04-11T00:30:20.995269,0,0,580.3273879999999,0
2026-04-11T00:30:22.002313,0,0,579.4453619999999,0
2026-04-11T00:30:23.008268,0,0,580.3273879999999,0
2026-04-11T00:30:24.016109,0,0,579.4453619999999,0
2026-04-11T00:30:25.023229,0,0,579.4453619999999,0
2026-04-11T00:30:26.029188,0,0,582.9734659999999,0
2026-04-11T00:30:27.036164,0,0,580.3273879999999,0
2026-04-11T00:30:28.042236,0,0,580.3273879999999,0
2026-04-11T00:30:29.049103,0,0,579.4453619999999,0
2026-04-11T00:30:30.055084,0,0,579.4453619999999,0
2026-04-11T00:30:31.062053,0,0,578.5633359999999,0
2026-04-11T00:30:32.069038,0,0,575.917258,0
2026-04-11T00:30:33.076013,0,0,581.2094139999999,0
2026-04-11T00:30:34.082993,0,0,579.4453619999999,0
2026-04-11T00:30:35.088977,0,0,579.4453619999999,0
2026-04-11T00:30:36.095959,0,0,580.3273879999999,0
2026-04-11T00:30:37.101933,0,0,580.3273879999999,0
2026-04-11T00:30:38.108904,0,0,579.4453619999999,0
2026-04-11T00:30:39.114878,0,0,580.3273879999999,0
2026-04-11T00:30:40.121905,0,0,580.3273879999999,0
2026-04-11T00:30:41.128885,0,0,582.9734659999999,0
2026-04-11T00:30:42.134848,0,0,580.3273879999999,0
2026-04-11T00:30:43.142852,0,0,578.5633359999999,0
2026-04-11T00:30:44.147759,0,0,579.4453619999999,0
2026-04-11T00:30:45.155789,0,0,580.3273879999999,0
2026-04-11T00:30:46.161752,0,0,578.5633359999999,0
2026-04-11T00:30:47.168730,0,0,576.799284,0
2026-04-11T00:30:48.175755,0,0,579.4453619999999,0
2026-04-11T00:30:49.181719,0,0,579.4453619999999,0
2026-04-11T00:30:50.188697,0,0,582.0914399999999,0
2026-04-11T00:30:51.194712,0,0,580.3273879999999,0
2026-04-11T00:30:52.202677,0,0,579.4453619999999,0
2026-04-11T00:30:53.208639,0,0,580.3273879999999,0
2026-04-11T00:30:54.215574,0,0,580.3273879999999,0
2026-04-11T00:30:55.220571,0,0,579.4453619999999,0
2026-04-11T00:30:56.228540,0,0,580.3273879999999,0
2026-04-11T00:30:57.235536,0,0,579.4453619999999,0
2026-04-11T00:30:58.241529,0,0,580.3273879999999,0
2026-04-11T00:30:59.248473,0,0,580.3273879999999,0
2026-04-11T00:31:00.254541,0,0,580.3273879999999,0
2026-04-11T00:31:01.262560,0,0,580.3273879999999,0
2026-04-11T00:31:02.268372,0,0,580.3273879999999,0
2026-04-11T00:31:03.275368,0,0,578.5633359999999,0
2026-04-11T00:31:04.282455,0,0,581.2094139999999,0
2026-04-11T00:31:05.288367,0,0,580.3273879999999,0
2026-04-11T00:31:06.295349,0,0,579.4453619999999,0
2026-04-11T00:31:07.301303,0,0,580.3273879999999,0
2026-04-11T00:31:08.308300,0,0,579.4453619999999,0
2026-04-11T00:31:09.314381,0,0,578.5633359999999,0
2026-04-11T00:31:10.321265,0,0,580.3273879999999,0
2026-04-11T00:31:11.328074,0,0,580.3273879999999,0
2026-04-11T00:31:12.335184,0,0,579.4453619999999,0
2026-04-11T00:31:13.342160,0,0,580.3273879999999,0
2026-04-11T00:31:14.348150,0,0,579.4453619999999,0
2026-04-11T00:31:15.355155,0,0,580.3273879999999,0
2026-04-11T00:31:16.360082,0,0,580.3273879999999,0
2026-04-11T00:31:17.368094,0,0,581.2094139999999,0
2026-04-11T00:31:18.372059,0,0,580.3273879999999,0
2026-04-11T00:31:19.381042,0,0,580.3273879999999,0
2026-04-11T00:31:20.389043,0,0,580.3273879999999,0
2026-04-11T00:31:21.395035,0,0,580.3273879999999,0
2026-04-11T00:31:22.402002,0,0,580.3273879999999,0
2026-04-11T00:31:23.407997,0,0,579.4453619999999,0
2026-04-11T00:31:24.414931,0,0,578.5633359999999,0
2026-04-11T00:31:25.420900,0,0,579.4453619999999,0
2026-04-11T00:31:26.427850,0,0,580.3273879999999,0
2026-04-11T00:31:27.433881,0,0,580.3273879999999,0
2026-04-11T00:31:28.440843,0,0,579.4453619999999,0
2026-04-11T00:31:29.448843,0,0,580.3273879999999,0
2026-04-11T00:31:30.454826,0,0,580.3273879999999,0
2026-04-11T00:31:31.461793,0,0,580.3273879999999,0
2026-04-11T00:31:32.467796,0,0,580.3273879999999,0
2026-04-11T00:31:33.474786,0,0,579.4453619999999,0
2026-04-11T00:31:34.480692,0,0,580.3273879999999,0
2026-04-11T00:31:35.486862,0,0,580.3273879999999,0
2026-04-11T00:31:36.494735,0,0,579.4453619999999,0
2026-04-11T00:31:37.500653,0,0,580.3273879999999,0
2026-04-11T00:31:38.507645,0,0,579.4453619999999,0
2026-04-11T00:31:39.514694,0,0,579.4453619999999,0
2026-04-11T00:31:40.521611,0,0,580.3273879999999,0
2026-04-11T00:31:41.527612,0,0,580.3273879999999,0
2026-04-11T00:31:42.534625,0,0,579.4453619999999,0
2026-04-11T00:31:43.540584,0,0,580.3273879999999,0
2026-04-11T00:31:44.547539,0,0,580.3273879999999,0
2026-04-11T00:31:45.554540,0,0,580.3273879999999,0
2026-04-11T00:31:46.560487,0,0,580.3273879999999,0
2026-04-11T00:31:47.567456,0,0,579.4453619999999,0
2026-04-11T00:31:48.574495,0,0,578.5633359999999,0
2026-04-11T00:31:49.581437,0,0,580.3273879999999,0
2026-04-11T00:31:50.587414,0,0,579.4453619999999,0
2026-04-11T00:31:51.594456,0,0,581.2094139999999,0
2026-04-11T00:31:52.600309,0,0,582.0914399999999,0
2026-04-11T00:31:53.607278,0,0,579.4453619999999,0
2026-04-11T00:31:54.614340,0,0,579.4453619999999,0
2026-04-11T00:31:55.620240,0,0,580.3273879999999,0
2026-04-11T00:31:56.627210,0,0,579.4453619999999,0
2026-04-11T00:31:57.633186,0,0,580.3273879999999,0
2026-04-11T00:31:58.641128,0,0,580.3273879999999,0
2026-04-11T00:31:59.647089,0,0,579.4453619999999,0
2026-04-11T00:32:00.654121,0,0,582.0914399999999,0
2026-04-11T00:32:01.661134,0,0,579.4453619999999,0
2026-04-11T00:32:02.667129,0,0,579.4453619999999,0
2026-04-11T00:32:03.674105,0,0,578.5633359999999,0
2026-04-11T00:32:04.680025,0,0,579.4453619999999,0
2026-04-11T00:32:05.687005,0,0,580.3273879999999,0
2026-04-11T00:32:06.692978,0,0,578.5633359999999,0
2026-04-11T00:32:07.700964,0,0,579.4453619999999,0
2026-04-11T00:32:08.707948,0,0,580.3273879999999,0
2026-04-11T00:32:09.712931,0,0,581.2094139999999,0
2026-04-11T00:32:10.720924,0,0,575.917258,0
2026-04-11T00:32:21.174131,0,0,580.3273879999999,0
2026-04-11T00:32:23.656621,0,0,579.4453619999999,0
2026-04-11T00:32:24.663600,0,0,578.5633359999999,0
2026-04-11T00:32:25.669569,0,0,580.3273879999999,0
2026-04-11T00:32:26.676546,0,0,579.4453619999999,0
2026-04-11T00:32:27.682593,0,0,578.5633359999999,0
2026-04-11T00:32:28.689550,0,0,578.5633359999999,0
2026-04-11T00:32:29.696437,0,0,580.3273879999999,0
2026-04-11T00:32:30.703451,0,0,580.3273879999999,0
2026-04-11T00:32:31.710619,0,0,579.4453619999999,0
2026-04-11T00:32:32.716430,0,0,580.3273879999999,0
2026-04-11T00:32:33.723374,0,0,580.3273879999999,0
2026-04-11T00:32:34.729394,0,0,581.2094139999999,0
2026-04-11T00:32:35.736402,0,0,579.4453619999999,0
2026-04-11T00:32:36.742540,0,0,580.3273879999999,0
2026-04-11T00:32:37.749352,0,0,579.4453619999999,0
2026-04-11T00:32:38.755333,0,0,580.3273879999999,0
2026-04-11T00:32:39.763264,0,0,580.3273879999999,0
2026-04-11T00:32:40.770315,0,0,577.6813099999999,0
2026-04-11T00:32:41.776239,0,0,580.3273879999999,0
2026-04-11T00:32:42.783178,0,0,580.3273879999999,0
2026-04-11T00:32:43.789191,0,0,580.3273879999999,0
2026-04-11T00:32:44.796137,0,0,580.3273879999999,0
2026-04-11T00:32:57.710885,0,0,579.4453619999999,0
2026-04-11T00:32:58.716904,0,0,580.3273879999999,0
2026-04-11T00:32:59.722909,0,0,580.3273879999999,0
2026-04-11T00:33:00.729891,0,0,578.5633359999999,0
2026-04-11T00:33:01.735875,0,0,579.4453619999999,0
2026-04-11T00:33:02.742869,0,0,580.3273879999999,0
2026-04-11T00:33:03.748792,0,0,580.3273879999999,0
2026-04-11T00:33:04.756809,0,0,580.3273879999999,0
2026-04-11T00:33:05.763752,0,0,579.4453619999999,0
2026-04-11T00:33:06.769748,0,0,580.3273879999999,0
2026-04-11T00:33:07.776745,0,0,578.5633359999999,0
2026-04-11T00:33:08.782780,0,0,580.3273879999999,0
2026-04-11T00:33:09.789705,0,0,580.3273879999999,0
2026-04-11T00:33:10.795633,0,0,580.3273879999999,0
2026-04-11T00:33:11.802706,0,0,578.5633359999999,0
2026-04-11T00:33:12.808600,0,0,579.4453619999999,0
2026-04-11T00:33:13.816570,0,0,580.3273879999999,0
2026-04-11T00:33:14.823546,0,0,579.4453619999999,0
2026-04-11T00:33:15.829562,0,0,581.2094139999999,0
2026-04-11T00:33:16.836528,0,0,580.3273879999999,0
2026-04-11T00:33:17.842576,0,0,580.3273879999999,0
2026-04-11T00:33:18.849512,0,0,580.3273879999999,0
2026-04-11T00:33:19.855480,0,0,581.2094139999999,0
2026-04-11T00:33:20.862516,0,0,580.3273879999999,0
2026-04-11T00:33:21.869440,0,0,580.3273879999999,0
2026-04-11T00:33:22.875367,0,0,580.3273879999999,0
2026-04-11T00:33:23.883343,0,0,581.2094139999999,0
2026-04-11T00:33:24.889385,0,0,580.3273879999999,0
2026-04-11T00:33:25.896364,0,0,579.4453619999999,0
2026-04-11T00:33:26.902405,0,0,579.4453619999999,0
2026-04-11T00:33:27.909328,0,0,580.3273879999999,0
2026-04-11T00:33:28.915255,0,0,581.2094139999999,0
2026-04-11T00:33:29.922354,0,0,579.4453619999999,0
2026-04-11T00:33:30.929235,0,0,579.4453619999999,0
2026-04-11T00:33:31.935213,0,0,579.4453619999999,0
2026-04-11T00:33:32.943184,0,0,579.4453619999999,0
2026-04-11T00:33:33.949183,0,0,580.3273879999999,0
2026-04-11T00:33:34.956147,0,0,579.4453619999999,0
2026-04-11T00:33:35.962154,0,0,580.3273879999999,0
2026-04-11T00:33:36.969114,0,0,581.2094139999999,0
2026-04-11T00:33:37.976102,0,0,580.3273879999999,0
2026-04-11T00:33:38.982086,0,0,580.3273879999999,0
2026-04-11T00:33:39.989007,0,0,579.4453619999999,0
2026-04-11T00:33:40.995018,0,0,580.3273879999999,0
2026-04-11T00:33:42.002991,0,0,580.3273879999999,0
2026-04-11T00:33:43.008974,0,0,578.5633359999999,0
2026-04-11T00:33:44.015972,0,0,580.3273879999999,0
2026-04-11T00:33:45.021841,0,0,580.3273879999999,0
2026-04-11T00:33:46.028926,0,0,579.4453619999999,0
2026-04-11T00:33:47.036014,0,0,580.3273879999999,0
2026-04-11T00:33:48.039805,0,0,581.2094139999999,0
2026-04-11T00:33:49.048853,0,0,579.4453619999999,0
2026-04-11T00:33:50.054847,0,0,580.3273879999999,0
2026-04-11T00:33:51.061824,0,0,580.3273879999999,0
2026-04-11T00:33:52.068765,0,0,578.5633359999999,0
2026-04-11T00:33:53.075779,0,0,580.3273879999999,0
2026-04-11T00:33:54.082780,0,0,579.4453619999999,0
2026-04-11T00:33:55.088726,0,0,580.3273879999999,0
2026-04-11T00:33:56.095701,0,0,580.3273879999999,0
2026-04-11T00:33:57.101655,0,0,580.3273879999999,0
2026-04-11T00:33:58.108631,0,0,580.3273879999999,0
2026-04-11T00:33:59.113620,0,0,580.3273879999999,0
2026-04-11T00:34:00.121595,0,0,578.5633359999999,0
2026-04-11T00:34:01.127573,0,0,582.0914399999999,0
2026-04-11T00:34:02.135563,0,0,582.0914399999999,0
2026-04-11T00:34:03.142574,0,0,580.3273879999999,0
2026-04-11T00:34:04.148514,0,0,578.5633359999999,0
2026-04-11T00:34:05.155489,0,0,579.4453619999999,0
2026-04-11T00:34:06.161460,0,0,579.4453619999999,0
2026-04-11T00:34:07.168451,0,0,581.2094139999999,0
2026-04-11T00:34:08.174494,0,0,580.3273879999999,0
2026-04-11T00:34:09.181376,0,0,575.035232,0
2026-04-11T00:34:10.188336,0,0,579.4453619999999,0
2026-04-11T00:34:11.195342,0,0,579.4453619999999,0
2026-04-11T00:34:12.202414,0,0,579.4453619999999,0
2026-04-11T00:34:13.208325,0,0,581.2094139999999,0
2026-04-11T00:34:14.215277,0,0,580.3273879999999,0
2026-04-11T00:34:15.221289,0,0,577.6813099999999,0
2026-04-11T00:34:16.228246,0,0,580.3273879999999,0
2026-04-11T00:34:17.234266,0,0,579.4453619999999,0
2026-04-11T00:34:18.241203,0,0,582.0914399999999,0
2026-04-11T00:34:19.248187,0,0,579.4453619999999,0
2026-04-11T00:34:20.255199,0,0,579.4453619999999,0
2026-04-11T00:34:21.262139,0,0,579.4453619999999,0
2026-04-11T00:34:22.268102,0,0,582.0914399999999,0
2026-04-11T00:34:23.275120,0,0,580.3273879999999,0
2026-04-11T00:34:24.281085,0,0,579.4453619999999,0
2026-04-11T00:34:25.288032,0,0,579.4453619999999,0
2026-04-11T00:34:26.295069,0,0,580.3273879999999,0
2026-04-11T00:34:27.300975,0,0,581.2094139999999,0
2026-04-11T00:34:28.307949,0,0,580.3273879999999,0
2026-04-11T00:34:29.313914,0,0,580.3273879999999,0
2026-04-11T00:34:30.321977,0,0,578.5633359999999,0
2026-04-11T00:34:31.327920,0,0,579.4453619999999,0
2026-04-11T00:34:32.334896,0,0,574.153206,0
2026-04-11T00:34:33.340879,0,0,578.5633359999999,0
2026-04-11T00:34:34.347820,0,0,580.3273879999999,0
2026-04-11T00:34:35.354870,0,0,579.4453619999999,0
2026-04-11T00:34:36.360835,0,0,581.2094139999999,0
2026-04-11T00:34:37.367810,0,0,580.3273879999999,0
2026-04-11T00:34:38.373750,0,0,580.3273879999999,0
2026-04-11T00:34:39.381762,0,0,578.5633359999999,0
2026-04-11T00:34:40.387662,0,0,580.3273879999999,0
2026-04-11T00:34:41.394754,0,0,580.3273879999999,0
2026-04-11T00:34:42.401690,0,0,582.9734659999999,0
2026-04-11T00:34:43.407659,0,0,580.3273879999999,0
2026-04-11T00:34:44.414684,0,0,579.4453619999999,0
2026-04-11T00:34:45.420639,0,0,580.3273879999999,0
2026-04-11T00:34:46.427605,0,0,580.3273879999999,0
2026-04-11T00:34:47.433576,0,0,579.4453619999999,0
2026-04-11T00:34:48.441588,0,0,580.3273879999999,0
2026-04-11T00:34:49.447556,0,0,580.3273879999999,0
2026-04-11T00:34:50.454636,0,0,579.4453619999999,0
2026-04-11T00:34:51.460460,0,0,580.3273879999999,0
2026-04-11T00:34:52.467435,0,0,580.3273879999999,0
2026-04-11T00:34:53.474566,0,0,579.4453619999999,0
2026-04-11T00:34:54.480394,0,0,580.3273879999999,0
2026-04-11T00:34:55.487371,0,0,578.5633359999999,0
2026-04-11T00:34:56.493338,0,0,579.4453619999999,0
2026-04-11T00:34:57.499325,0,0,580.3273879999999,0
2026-04-11T00:34:58.508315,0,0,580.3273879999999,0
2026-04-11T00:34:59.514418,0,0,580.3273879999999,0
2026-04-11T00:35:00.521148,0,0,580.3273879999999,0
2026-04-11T00:35:01.527280,0,0,581.2094139999999,0
2026-04-11T00:35:02.534338,0,0,580.3273879999999,0
2026-04-11T00:35:03.540241,0,0,580.3273879999999,0
2026-04-11T00:35:04.547213,0,0,578.5633359999999,0
2026-04-11T00:35:05.553205,0,0,579.4453619999999,0
2026-04-11T00:35:06.560174,0,0,580.3273879999999,0
2026-04-11T00:35:07.568138,0,0,581.2094139999999,0
2026-04-11T00:35:08.574128,0,0,580.3273879999999,0
2026-04-11T00:35:09.581067,0,0,580.3273879999999,0
2026-04-11T00:35:10.587083,0,0,582.0914399999999,0
2026-04-11T00:35:11.594039,0,0,580.3273879999999,0
2026-04-11T00:35:12.600042,0,0,580.3273879999999,0
2026-04-11T00:35:13.607002,0,0,580.3273879999999,0
2026-04-11T00:35:14.613979,0,0,579.4453619999999,0
2026-04-11T00:35:15.619937,0,0,579.4453619999999,0
2026-04-11T00:35:16.627955,0,0,579.4453619999999,0
2026-04-11T00:35:17.633926,0,0,580.3273879999999,0
2026-04-11T00:35:18.640918,0,0,580.3273879999999,0
2026-04-11T00:35:19.646875,0,0,579.4453619999999,0
2026-04-11T00:35:20.653860,0,0,580.3273879999999,0
2026-04-11T00:35:21.659798,0,0,579.4453619999999,0
2026-04-11T00:35:22.666811,0,0,579.4453619999999,0
2026-04-11T00:35:23.673786,0,0,582.9734659999999,0
2026-04-11T00:35:24.679770,0,0,579.4453619999999,0
2026-04-11T00:35:25.686758,0,0,579.4453619999999,0
2026-04-11T00:35:26.693726,0,0,580.3273879999999,0
2026-04-11T00:35:27.700694,0,0,580.3273879999999,0
2026-04-11T00:35:28.706684,0,0,580.3273879999999,0
2026-04-11T00:35:29.713671,0,0,579.4453619999999,0
2026-04-11T00:35:30.720637,0,0,580.3273879999999,0
2026-04-11T00:35:31.726672,0,0,580.3273879999999,0
2026-04-11T00:35:32.733625,0,0,580.3273879999999,0
2026-04-11T00:35:33.739546,0,0,582.0914399999999,0
2026-04-11T00:35:44.687875,0,0,579.4453619999999,0
2026-04-11T00:35:47.170324,0,0,580.3273879999999,0
2026-04-11T00:35:48.177186,0,0,580.3273879999999,0
2026-04-11T00:35:49.183213,0,0,580.3273879999999,0
2026-04-11T00:35:50.190228,0,0,580.3273879999999,0
2026-04-11T00:35:51.196163,0,0,580.3273879999999,0
2026-04-11T00:35:52.203145,0,0,580.3273879999999,0
2026-04-11T00:35:53.209110,0,0,580.3273879999999,0
2026-04-11T00:35:54.217122,0,0,580.3273879999999,0
2026-04-11T00:35:55.224062,0,0,580.3273879999999,0
2026-04-11T00:35:56.230052,0,0,579.4453619999999,0
2026-04-11T00:35:57.237040,0,0,580.3273879999999,0
2026-04-11T00:35:58.243022,0,0,580.3273879999999,0
2026-04-11T00:35:59.250014,0,0,580.3273879999999,0
2026-04-11T00:36:00.255985,0,0,579.4453619999999,0
2026-04-11T00:36:01.262959,0,0,580.3273879999999,0
2026-04-11T00:36:02.268928,0,0,581.2094139999999,0
2026-04-11T00:36:03.276884,0,0,580.3273879999999,0
2026-04-11T00:36:04.283795,0,0,578.5633359999999,0
2026-04-11T00:36:05.289882,0,0,581.2094139999999,0
2026-04-11T00:36:06.296841,0,0,579.4453619999999,0
2026-04-11T00:36:07.302826,0,0,580.3273879999999,0
2026-04-11T00:36:08.309780,0,0,580.3273879999999,0
2026-04-11T00:36:18.710108,0,0,579.4453619999999,0
2026-04-11T00:36:21.192524,0,0,580.3273879999999,0
2026-04-11T00:36:22.199490,0,0,581.2094139999999,0
2026-04-11T00:36:23.205467,0,0,579.4453619999999,0
2026-04-11T00:36:24.212449,0,0,582.0914399999999,0
2026-04-11T00:36:25.218511,0,0,579.4453619999999,0
2026-04-11T00:36:26.225378,0,0,580.3273879999999,0
2026-04-11T00:36:27.231391,0,0,578.5633359999999,0
2026-04-11T00:36:28.239363,0,0,579.4453619999999,0
2026-04-11T00:36:29.246403,0,0,578.5633359999999,0
2026-04-11T00:36:30.252324,0,0,579.4453619999999,0
2026-04-11T00:36:31.259341,0,0,580.3273879999999,0
2026-04-11T00:36:32.265311,0,0,579.4453619999999,0
2026-04-11T00:36:33.272290,0,0,579.4453619999999,0
2026-04-11T00:36:34.278165,0,0,579.4453619999999,0
2026-04-11T00:36:35.285215,0,0,579.4453619999999,0
2026-04-11T00:36:36.291224,0,0,579.4453619999999,0
2026-04-11T00:36:37.298895,0,0,579.4453619999999,0
2026-04-11T00:36:38.306255,0,0,579.4453619999999,0
2026-04-11T00:36:39.312091,0,0,579.4453619999999,0
2026-04-11T00:36:40.319165,0,0,579.4453619999999,0
2026-04-11T00:36:41.325112,0,0,580.3273879999999,0
2026-04-11T00:36:54.153582,0,0,580.3273879999999,0
2026-04-11T00:36:55.158828,0,0,579.4453619999999,0
2026-04-11T00:36:56.165812,0,0,579.4453619999999,0
2026-04-11T00:36:57.172782,0,0,580.3273879999999,0
2026-04-11T00:36:58.178814,0,0,580.3273879999999,0
2026-04-11T00:36:59.185708,0,0,580.3273879999999,0
2026-04-11T00:37:00.191719,0,0,580.3273879999999,0
2026-04-11T00:37:01.199668,0,0,579.4453619999999,0
2026-04-11T00:37:02.206715,0,0,579.4453619999999,0
2026-04-11T00:37:03.212618,0,0,579.4453619999999,0
2026-04-11T00:37:04.219633,0,0,580.3273879999999,0
2026-04-11T00:37:05.225606,0,0,579.4453619999999,0
2026-04-11T00:37:06.232577,0,0,579.4453619999999,0
2026-04-11T00:37:07.238608,0,0,579.4453619999999,0
2026-04-11T00:37:08.245547,0,0,580.3273879999999,0
2026-04-11T00:37:09.251490,0,0,580.3273879999999,0
2026-04-11T00:37:10.259444,0,0,579.4453619999999,0
2026-04-11T00:37:11.266503,0,0,580.3273879999999,0
2026-04-11T00:37:12.271429,0,0,582.0914399999999,0
2026-04-11T00:37:13.279373,0,0,582.0914399999999,0
2026-04-11T00:37:14.285428,0,0,580.3273879999999,0
2026-04-11T00:37:15.292404,0,0,575.917258,0
2026-04-11T00:37:16.298397,0,0,579.4453619999999,0
2026-04-11T00:37:17.305355,0,0,579.4453619999999,0
2026-04-11T00:37:18.312309,0,0,580.3273879999999,0
2026-04-11T00:37:19.318375,0,0,579.4453619999999,0
2026-04-11T00:37:20.326335,0,0,579.4453619999999,0
2026-04-11T00:37:21.332271,0,0,581.2094139999999,0
2026-04-11T00:37:22.339248,0,0,580.3273879999999,0
2026-04-11T00:37:23.345235,0,0,580.3273879999999,0
2026-04-11T00:37:24.352141,0,0,579.4453619999999,0
2026-04-11T00:37:25.358162,0,0,579.4453619999999,0
2026-04-11T00:37:26.365159,0,0,579.4453619999999,0
2026-04-11T00:37:27.372148,0,0,582.0914399999999,0
2026-04-11T00:37:28.378088,0,0,580.3273879999999,0
2026-04-11T00:37:29.386070,0,0,579.4453619999999,0
2026-04-11T00:37:30.392075,0,0,579.4453619999999,0
2026-04-11T00:37:31.399021,0,0,579.4453619999999,0
2026-04-11T00:37:32.405030,0,0,579.4453619999999,0
2026-04-11T00:37:33.412026,0,0,580.3273879999999,0
2026-04-11T00:37:34.418911,0,0,578.5633359999999,0
2026-04-11T00:37:35.424877,0,0,579.4453619999999,0
2026-04-11T00:37:36.431859,0,0,580.3273879999999,0
2026-04-11T00:37:37.437837,0,0,579.4453619999999,0
2026-04-11T00:37:38.444821,0,0,580.3273879999999,0
2026-04-11T00:37:39.451797,0,0,580.3273879999999,0
2026-04-11T00:37:40.458791,0,0,579.4453619999999,0
2026-04-11T00:37:41.464747,0,0,579.4453619999999,0
2026-04-11T00:37:42.471739,0,0,580.3273879999999,0
2026-04-11T00:37:43.478753,0,0,579.4453619999999,0
2026-04-11T00:37:44.484698,0,0,582.0914399999999,0
2026-04-11T00:37:45.491666,0,0,579.4453619999999,0
2026-04-11T00:37:46.496632,0,0,579.4453619999999,0
2026-04-11T00:37:47.504618,0,0,580.3273879999999,0
2026-04-11T00:37:48.511614,0,0,580.3273879999999,0
2026-04-11T00:37:49.518638,0,0,580.3273879999999,0
2026-04-11T00:37:59.936838,0,0,581.2094139999999,0
2026-04-11T00:38:02.419376,0,0,580.3273879999999,0
2026-04-11T00:38:03.426442,0,0,578.5633359999999,0
2026-04-11T00:38:04.432330,0,0,579.4453619999999,0
2026-04-11T00:38:05.439307,0,0,579.4453619999999,0
2026-04-11T00:38:06.445285,0,0,580.3273879999999,0
2026-04-11T00:38:07.452243,0,0,580.3273879999999,0
2026-04-11T00:38:08.458262,0,0,580.3273879999999,0
2026-04-11T00:38:09.466246,0,0,579.4453619999999,0
2026-04-11T00:38:10.473105,0,0,580.3273879999999,0
2026-04-11T00:38:11.479050,0,0,580.3273879999999,0
2026-04-11T00:38:12.486048,0,0,581.2094139999999,0
2026-04-11T00:38:13.491999,0,0,577.6813099999999,0
2026-04-11T00:38:14.498944,0,0,579.4453619999999,0
2026-04-11T00:38:15.504921,0,0,579.4453619999999,0
2026-04-11T00:38:16.510826,0,0,580.3273879999999,0
2026-04-11T00:38:17.517798,0,0,581.2094139999999,0
2026-04-11T00:38:18.525802,0,0,580.3273879999999,0
2026-04-11T00:38:19.532755,0,0,579.4453619999999,0
2026-04-11T00:38:20.538763,0,0,579.4453619999999,0
2026-04-11T00:38:21.545685,0,0,580.3273879999999,0
2026-04-11T00:38:22.551629,0,0,580.3273879999999,0
2026-04-11T00:38:32.965738,0,0,580.3273879999999,0
2026-04-11T00:38:35.448140,0,0,579.4453619999999,0
2026-04-11T00:38:36.455038,0,0,580.3273879999999,0
2026-04-11T00:38:37.461069,0,0,580.3273879999999,0
2026-04-11T00:38:38.467990,0,0,579.4453619999999,0
2026-04-11T00:38:39.473987,0,0,580.3273879999999,0
2026-04-11T00:38:40.480937,0,0,580.3273879999999,0
2026-04-11T00:38:41.486892,0,0,579.4453619999999,0
2026-04-11T00:38:42.494870,0,0,580.3273879999999,0
2026-04-11T00:38:43.501801,0,0,580.3273879999999,0
2026-04-11T00:38:44.507769,0,0,579.4453619999999,0
2026-04-11T00:38:45.514825,0,0,580.3273879999999,0
2026-04-11T00:38:46.520686,0,0,580.3273879999999,0
2026-04-11T00:38:47.527656,0,0,582.0914399999999,0
2026-04-11T00:38:48.533623,0,0,581.2094139999999,0
2026-04-11T00:38:49.540556,0,0,580.3273879999999,0
2026-04-11T00:38:50.546628,0,0,582.0914399999999,0
2026-04-11T00:38:51.554584,0,0,580.3273879999999,0
2026-04-11T00:38:52.561464,0,0,580.3273879999999,0
2026-04-11T00:38:53.567430,0,0,579.4453619999999,0
2026-04-11T00:38:54.574472,0,0,580.3273879999999,0
2026-04-11T00:38:55.580319,0,0,579.4453619999999,0
2026-04-11T00:38:56.587283,0,0,580.3273879999999,0
2026-04-11T00:38:57.593255,0,0,580.3273879999999,0
2026-04-11T00:38:58.600237,0,0,579.4453619999999,0
2026-04-11T00:38:59.607068,0,0,579.4453619999999,0
2026-04-11T00:39:00.613168,0,0,580.3273879999999,0
2026-04-11T00:39:01.621084,0,0,580.3273879999999,0
2026-04-11T00:39:02.627061,0,0,580.3273879999999,0
2026-04-11T00:39:03.634005,0,0,579.4453619999999,0
2026-04-11T00:39:04.640003,0,0,579.4453619999999,0
2026-04-11T00:39:05.646971,0,0,580.3273879999999,0
2026-04-11T00:39:06.652926,0,0,580.3273879999999,0
2026-04-11T00:39:07.659859,0,0,579.4453619999999,0
2026-04-11T00:39:08.666860,0,0,579.4453619999999,0
2026-04-11T00:39:09.672795,0,0,579.4453619999999,0
2026-04-11T00:39:10.680775,0,0,580.3273879999999,0
2026-04-11T00:39:11.686715,0,0,580.3273879999999,0
2026-04-11T00:39:12.693713,0,0,579.4453619999999,0
2026-04-11T00:39:13.699634,0,0,579.4453619999999,0
2026-04-11T00:39:14.706726,0,0,580.3273879999999,0
2026-04-11T00:39:15.713579,0,0,580.3273879999999,0
2026-04-11T00:39:16.719564,0,0,579.4453619999999,0
2026-04-11T00:39:17.726665,0,0,580.3273879999999,0
2026-04-11T00:39:18.732461,0,0,579.4453619999999,0
2026-04-11T00:39:19.739378,0,0,580.3273879999999,0
2026-04-11T00:39:20.746473,0,0,579.4453619999999,0
2026-04-11T00:39:21.753341,0,0,580.3273879999999,0
2026-04-11T00:39:22.759286,0,0,580.3273879999999,0
2026-04-11T00:39:23.766348,0,0,579.4453619999999,0
2026-04-11T00:39:24.773219,0,0,577.6813099999999,0
2026-04-11T00:39:25.779160,0,0,580.3273879999999,0
2026-04-11T00:39:26.786149,0,0,580.3273879999999,0
2026-04-11T00:39:27.792117,0,0,580.3273879999999,0
2026-04-11T00:39:28.799068,0,0,579.4453619999999,0
2026-04-11T00:39:29.805037,0,0,579.4453619999999,0
2026-04-11T00:39:30.812995,0,0,580.3273879999999,0
2026-04-11T00:39:31.819947,0,0,578.5633359999999,0
2026-04-11T00:39:32.825918,0,0,579.4453619999999,0
2026-04-11T00:39:33.832919,0,0,580.3273879999999,0
2026-04-11T00:39:34.838895,0,0,580.3273879999999,0
2026-04-11T00:39:35.845846,0,0,580.3273879999999,0
2026-04-11T00:39:36.851780,0,0,580.3273879999999,0
2026-04-11T00:39:37.858785,0,0,580.3273879999999,0
2026-04-11T00:39:38.864744,0,0,582.0914399999999,0
2026-04-11T00:39:39.872696,0,0,579.4453619999999,0
2026-04-11T00:39:40.879681,0,0,580.3273879999999,0
2026-04-11T00:39:41.885631,0,0,579.4453619999999,0
2026-04-11T00:39:42.892591,0,0,578.5633359999999,0
2026-04-11T00:39:43.898611,0,0,578.5633359999999,0
2026-04-11T00:39:44.905497,0,0,580.3273879999999,0
2026-04-11T00:39:45.911482,0,0,580.3273879999999,0
2026-04-11T00:39:46.918526,0,0,580.3273879999999,0
2026-04-11T00:39:47.925389,0,0,579.4453619999999,0
2026-04-11T00:39:48.931334,0,0,579.4453619999999,0
2026-04-11T00:39:49.939341,0,0,581.2094139999999,0
2026-04-11T00:39:50.945269,0,0,580.3273879999999,0
2026-04-11T00:39:51.952242,0,0,579.4453619999999,0
2026-04-11T00:39:52.958287,0,0,580.3273879999999,0
2026-04-11T00:39:53.965113,0,0,580.3273879999999,0
2026-04-11T00:39:54.971106,0,0,579.4453619999999,0
2026-04-11T00:39:55.978076,0,0,580.3273879999999,0
2026-04-11T00:39:56.985082,0,0,579.4453619999999,0
2026-04-11T00:39:57.991037,0,0,579.4453619999999,0
2026-04-11T00:39:58.999015,0,0,580.3273879999999,0
2026-04-11T00:40:00.004973,0,0,579.4453619999999,0
2026-04-11T00:40:01.011965,0,0,581.2094139999999,0
2026-04-11T00:40:02.017917,0,0,581.2094139999999,0
2026-04-11T00:40:03.024885,0,0,579.4453619999999,0
2026-04-11T00:40:04.031822,0,0,580.3273879999999,0
2026-04-11T00:40:05.037650,0,0,580.3273879999999,0
2026-04-11T00:40:06.044751,0,0,580.3273879999999,0
2026-04-11T00:40:07.049715,0,0,580.3273879999999,0
2026-04-11T00:40:08.057716,0,0,580.3273879999999,0
2026-04-11T00:40:09.064661,0,0,579.4453619999999,0
2026-04-11T00:40:10.071604,0,0,579.4453619999999,0
2026-04-11T00:40:11.077553,0,0,580.3273879999999,0
2026-04-11T00:40:12.084571,0,0,580.3273879999999,0
2026-04-11T00:40:13.091504,0,0,581.2094139999999,0
2026-04-11T00:40:14.097459,0,0,580.3273879999999,0
2026-04-11T00:40:15.104422,0,0,583.8554919999999,0
2026-04-11T00:40:16.110488,0,0,580.3273879999999,0
2026-04-11T00:40:17.117359,0,0,580.3273879999999,0
2026-04-11T00:40:18.124313,0,0,581.2094139999999,0
2026-04-11T00:40:19.131263,0,0,579.4453619999999,0
2026-04-11T00:40:20.138345,0,0,580.3273879999999,0
2026-04-11T00:40:21.144236,0,0,580.3273879999999,0
2026-04-11T00:40:22.151161,0,0,580.3273879999999,0
2026-04-11T00:40:23.157198,0,0,580.3273879999999,0
2026-04-11T00:40:24.164113,0,0,580.3273879999999,0
2026-04-11T00:40:25.170068,0,0,580.3273879999999,0
2026-04-11T00:40:26.177062,0,0,580.3273879999999,0
2026-04-11T00:40:27.183032,0,0,580.3273879999999,0
2026-04-11T00:40:28.190933,0,0,579.4453619999999,0
2026-04-11T00:40:29.197956,0,0,580.3273879999999,0
2026-04-11T00:40:30.203927,0,0,580.3273879999999,0
2026-04-11T00:40:31.210843,0,0,580.3273879999999,0
2026-04-11T00:40:32.216849,0,0,580.3273879999999,0
2026-04-11T00:40:33.223798,0,0,580.3273879999999,0
2026-04-11T00:40:34.229753,0,0,577.6813099999999,0
2026-04-11T00:40:35.236734,0,0,580.3273879999999,0
2026-04-11T00:40:36.243693,0,0,580.3273879999999,0
2026-04-11T00:40:37.250827,0,0,580.3273879999999,0
2026-04-11T00:40:38.257634,0,0,581.2094139999999,0
2026-04-11T00:40:50.896981,0,0,580.3273879999999,0
2026-04-11T00:40:51.902160,0,0,580.3273879999999,0
2026-04-11T00:40:52.908970,0,0,580.3273879999999,0
2026-04-11T00:40:53.916023,0,0,580.3273879999999,0
2026-04-11T00:40:54.922031,0,0,581.2094139999999,0
2026-04-11T00:40:55.929025,0,0,580.3273879999999,0
2026-04-11T00:40:56.934966,0,0,578.5633359999999,0
2026-04-11T00:40:57.941846,0,0,580.3273879999999,0
2026-04-11T00:40:58.949846,0,0,580.3273879999999,0
2026-04-11T00:40:59.955800,0,0,580.3273879999999,0
2026-04-11T00:41:00.962833,0,0,580.3273879999999,0
2026-04-11T00:41:01.968756,0,0,580.3273879999999,0
2026-04-11T00:41:02.975679,0,0,579.4453619999999,0
2026-04-11T00:41:03.981629,0,0,581.2094139999999,0
2026-04-11T00:41:04.988627,0,0,579.4453619999999,0
2026-04-11T00:41:05.994657,0,0,580.3273879999999,0
2026-04-11T00:41:07.002611,0,0,580.3273879999999,0
2026-04-11T00:41:08.009500,0,0,580.3273879999999,0
2026-04-11T00:41:09.015494,0,0,578.5633359999999,0
2026-04-11T00:41:10.022527,0,0,580.3273879999999,0
2026-04-11T00:41:11.028426,0,0,580.3273879999999,0
2026-04-11T00:41:12.035394,0,0,579.4453619999999,0
2026-04-11T00:41:13.041365,0,0,580.3273879999999,0
2026-04-11T00:41:23.455563,0,0,580.3273879999999,0
2026-04-11T00:41:25.937939,0,0,580.3273879999999,0
2026-04-11T00:41:26.944894,0,0,579.4453619999999,0
2026-04-11T00:41:27.950857,0,0,582.0914399999999,0
2026-04-11T00:41:28.957814,0,0,580.3273879999999,0
2026-04-11T00:41:29.963777,0,0,579.4453619999999,0
2026-04-11T00:41:30.970761,0,0,580.3273879999999,0
2026-04-11T00:41:31.976721,0,0,580.3273879999999,0
2026-04-11T00:41:32.984696,0,0,579.4453619999999,0
2026-04-11T00:41:33.991607,0,0,580.3273879999999,0
2026-04-11T00:41:34.997561,0,0,580.3273879999999,0
2026-04-11T00:41:36.004552,0,0,579.4453619999999,0
2026-04-11T00:41:37.010620,0,0,579.4453619999999,0
2026-04-11T00:41:38.017477,0,0,579.4453619999999,0
2026-04-11T00:41:39.023456,0,0,579.4453619999999,0
2026-04-11T00:41:40.030517,0,0,580.3273879999999,0
2026-04-11T00:41:41.036368,0,0,580.3273879999999,0
2026-04-11T00:41:42.044313,0,0,580.3273879999999,0
2026-04-11T00:41:43.051307,0,0,580.3273879999999,0
2026-04-11T00:41:44.057180,0,0,579.4453619999999,0
2026-04-11T00:41:45.064236,0,0,578.5633359999999,0
2026-04-11T00:41:46.070275,0,0,580.3273879999999,0
2026-04-11T00:41:59.378747,0,0,578.5633359999999,0
2026-04-11T00:42:00.384773,0,0,580.3273879999999,0
2026-04-11T00:42:01.390784,0,0,579.4453619999999,0
2026-04-11T00:42:02.397693,0,0,580.3273879999999,0
2026-04-11T00:42:03.403640,0,0,579.4453619999999,0
2026-04-11T00:42:04.410712,0,0,580.3273879999999,0
2026-04-11T00:42:05.416584,0,0,580.3273879999999,0
2026-04-11T00:42:06.424580,0,0,581.2094139999999,0
2026-04-11T00:42:07.431544,0,0,580.3273879999999,0
2026-04-11T00:42:08.437517,0,0,581.2094139999999,0
2026-04-11T00:42:09.444487,0,0,579.4453619999999,0
2026-04-11T00:42:10.450551,0,0,582.0914399999999,0
2026-04-11T00:42:11.457371,0,0,578.5633359999999,0
2026-04-11T00:42:12.463418,0,0,581.2094139999999,0
2026-04-11T00:42:13.470432,0,0,580.3273879999999,0
2026-04-11T00:42:14.476295,0,0,579.4453619999999,0
2026-04-11T00:42:15.483295,0,0,580.3273879999999,0
2026-04-11T00:42:16.491244,0,0,578.5633359999999,0
2026-04-11T00:42:17.497208,0,0,578.5633359999999,0
2026-04-11T00:42:18.504202,0,0,580.3273879999999,0
2026-04-11T00:42:28.970766,0,0,580.3273879999999,0
2026-04-11T00:42:31.452724,0,0,580.3273879999999,0
2026-04-11T00:42:32.459694,0,0,579.4453619999999,0
2026-04-11T00:42:33.465822,0,0,580.3273879999999,0
2026-04-11T00:42:34.472644,0,0,580.3273879999999,0
2026-04-11T00:42:35.478701,0,0,580.3273879999999,0
2026-04-11T00:42:36.485548,0,0,580.3273879999999,0
2026-04-11T00:42:37.491500,0,0,579.4453619999999,0
2026-04-11T00:42:38.499456,0,0,581.2094139999999,0
2026-04-11T00:42:39.506557,0,0,580.3273879999999,0
2026-04-11T00:42:40.512408,0,0,580.3273879999999,0
2026-04-11T00:42:41.519374,0,0,579.4453619999999,0
2026-04-11T00:42:42.525344,0,0,580.3273879999999,0
2026-04-11T00:42:43.532313,0,0,579.4453619999999,0
2026-04-11T00:42:44.538399,0,0,579.4453619999999,0
2026-04-11T00:42:45.545245,0,0,578.5633359999999,0
2026-04-11T00:42:46.551213,0,0,580.3273879999999,0
2026-04-11T00:42:47.559179,0,0,579.4453619999999,0
2026-04-11T00:42:48.566151,0,0,579.4453619999999,0
2026-04-11T00:42:49.572110,0,0,579.4453619999999,0
2026-04-11T00:42:50.579071,0,0,580.3273879999999,0
2026-04-11T00:42:51.585095,0,0,579.4453619999999,0
2026-04-11T00:42:52.592051,0,0,580.3273879999999,0
2026-04-11T00:42:53.597998,0,0,580.3273879999999,0
2026-04-11T00:42:54.604993,0,0,580.3273879999999,0
2026-04-11T00:42:55.611953,0,0,580.3273879999999,0
2026-04-11T00:42:56.617953,0,0,582.0914399999999,0
2026-04-11T00:42:57.625871,0,0,579.4453619999999,0
2026-04-11T00:42:58.631841,0,0,580.3273879999999,0
2026-04-11T00:42:59.638850,0,0,580.3273879999999,0
2026-04-11T00:43:00.644763,0,0,578.5633359999999,0
2026-04-11T00:43:01.651767,0,0,579.4453619999999,0
2026-04-11T00:43:02.657647,0,0,579.4453619999999,0
2026-04-11T00:43:03.664704,0,0,579.4453619999999,0
2026-04-11T00:43:04.671604,0,0,580.3273879999999,0
2026-04-11T00:43:05.677578,0,0,580.3273879999999,0
2026-04-11T00:43:06.684594,0,0,579.4453619999999,0
2026-04-11T00:43:07.691548,0,0,580.3273879999999,0
2026-04-11T00:43:08.698596,0,0,580.3273879999999,0
2026-04-11T00:43:09.704511,0,0,579.4453619999999,0
2026-04-11T00:43:10.711480,0,0,580.3273879999999,0
2026-04-11T00:43:11.718502,0,0,579.4453619999999,0
2026-04-11T00:43:12.724392,0,0,579.4453619999999,0
2026-04-11T00:43:13.731314,0,0,580.3273879999999,0
2026-04-11T00:43:14.737292,0,0,579.4453619999999,0
2026-04-11T00:43:15.744254,0,0,580.3273879999999,0
2026-04-11T00:43:16.751310,0,0,580.3273879999999,0
2026-04-11T00:43:17.758320,0,0,579.4453619999999,0
2026-04-11T00:43:18.764193,0,0,581.2094139999999,0
2026-04-11T00:43:19.771133,0,0,580.3273879999999,0
2026-04-11T00:43:20.778086,0,0,579.4453619999999,0
2026-04-11T00:43:21.784113,0,0,580.3273879999999,0
2026-04-11T00:43:22.791048,0,0,579.4453619999999,0
2026-04-11T00:43:23.797031,0,0,579.4453619999999,0
2026-04-11T00:43:24.803986,0,0,579.4453619999999,0
2026-04-11T00:43:25.810937,0,0,580.3273879999999,0
2026-04-11T00:43:26.817965,0,0,580.3273879999999,0
2026-04-11T00:43:27.824911,0,0,579.4453619999999,0
2026-04-11T00:43:28.830878,0,0,579.4453619999999,0
2026-04-11T00:43:29.837820,0,0,580.3273879999999,0
2026-04-11T00:43:30.843813,0,0,580.3273879999999,0
2026-04-11T00:43:31.850795,0,0,579.4453619999999,0
2026-04-11T00:43:32.856749,0,0,580.3273879999999,0
2026-04-11T00:43:33.862722,0,0,579.4453619999999,0
2026-04-11T00:43:34.869712,0,0,581.2094139999999,0
2026-04-11T00:43:35.877650,0,0,580.3273879999999,0
2026-04-11T00:43:36.884610,0,0,580.3273879999999,0
2026-04-11T00:43:37.890612,0,0,579.4453619999999,0
2026-04-11T00:43:38.897520,0,0,579.4453619999999,0
2026-04-11T00:43:39.903492,0,0,579.4453619999999,0
2026-04-11T00:43:40.910538,0,0,580.3273879999999,0
2026-04-11T00:43:41.916444,0,0,580.3273879999999,0
2026-04-11T00:43:42.923403,0,0,580.3273879999999,0
2026-04-11T00:43:43.930498,0,0,580.3273879999999,0
2026-04-11T00:43:44.937360,0,0,580.3273879999999,0
2026-04-11T00:43:45.944299,0,0,580.3273879999999,0
2026-04-11T00:43:46.950348,0,0,580.3273879999999,0
2026-04-11T00:43:47.957220,0,0,579.4453619999999,0
2026-04-11T00:43:48.963191,0,0,579.4453619999999,0
2026-04-11T00:43:49.970153,0,0,580.3273879999999,0
2026-04-11T00:43:50.976137,0,0,579.4453619999999,0
2026-04-11T00:43:51.983131,0,0,579.4453619999999,0
2026-04-11T00:43:52.990101,0,0,579.4453619999999,0
2026-04-11T00:43:53.996083,0,0,580.3273879999999,0
2026-04-11T00:43:55.004037,0,0,581.2094139999999,0
2026-04-11T00:43:56.010072,0,0,580.3273879999999,0
2026-04-11T00:43:57.016928,0,0,580.3273879999999,0
2026-04-11T00:43:58.022950,0,0,580.3273879999999,0
2026-04-11T00:43:59.029909,0,0,580.3273879999999,0
2026-04-11T00:44:00.036866,0,0,581.2094139999999,0
2026-04-11T00:44:11.180017,0,0,580.3273879999999,0
2026-04-11T00:44:13.662519,0,0,579.4453619999999,0
2026-04-11T00:44:14.669361,0,0,579.4453619999999,0
2026-04-11T00:44:15.675284,0,0,580.3273879999999,0
2026-04-11T00:44:16.682467,0,0,580.3273879999999,0
2026-04-11T00:44:17.688256,0,0,578.5633359999999,0
2026-04-11T00:44:18.695200,0,0,580.3273879999999,0
2026-04-11T00:44:19.701159,0,0,580.3273879999999,0
2026-04-11T00:44:20.709120,0,0,580.3273879999999,0
2026-04-11T00:44:21.716087,0,0,580.3273879999999,0
2026-04-11T00:44:22.722109,0,0,582.0914399999999,0
2026-04-11T00:44:23.729062,0,0,578.5633359999999,0
2026-04-11T00:44:24.735013,0,0,580.3273879999999,0
2026-04-11T00:44:25.741996,0,0,571.507128,0
2026-04-11T00:44:26.747965,0,0,579.4453619999999,0
2026-04-11T00:44:27.754891,0,0,580.3273879999999,0
2026-04-11T00:44:28.760906,0,0,581.2094139999999,0
2026-04-11T00:44:29.767871,0,0,582.9734659999999,0
2026-04-11T00:44:30.775836,0,0,581.2094139999999,0
2026-04-11T00:44:31.781812,0,0,579.4453619999999,0
2026-04-11T00:44:32.788650,0,0,580.3273879999999,0
2026-04-11T00:44:33.794758,0,0,580.3273879999999,0
2026-04-11T00:44:34.801718,0,0,579.4453619999999,0
2026-04-11T00:44:45.089837,0,0,580.3273879999999,0
2026-04-11T00:44:47.571340,0,0,579.4453619999999,0
2026-04-11T00:44:48.579284,0,0,580.3273879999999,0
2026-04-11T00:44:49.585252,0,0,580.3273879999999,0
2026-04-11T00:44:50.591206,0,0,580.3273879999999,0
2026-04-11T00:44:51.598289,0,0,582.0914399999999,0
2026-04-11T00:44:52.605153,0,0,579.4453619999999,0
2026-04-11T00:44:53.611144,0,0,580.3273879999999,0
2026-04-11T00:44:54.619121,0,0,580.3273879999999,0
2026-04-11T00:44:55.626080,0,0,580.3273879999999,0
2026-04-11T00:44:56.632038,0,0,579.4453619999999,0
2026-04-11T00:44:57.639048,0,0,579.4453619999999,0
2026-04-11T00:44:58.644970,0,0,578.5633359999999,0
2026-04-11T00:44:59.651971,0,0,580.3273879999999,0
2026-04-11T00:45:00.657904,0,0,580.3273879999999,0
2026-04-11T00:45:01.664970,0,0,580.3273879999999,0
2026-04-11T00:45:02.670887,0,0,580.3273879999999,0
2026-04-11T00:45:03.678900,0,0,579.4453619999999,0
2026-04-11T00:45:04.685828,0,0,580.3273879999999,0
2026-04-11T00:45:05.691830,0,0,580.3273879999999,0
2026-04-11T00:45:06.698808,0,0,580.3273879999999,0
2026-04-11T00:45:07.704734,0,0,581.2094139999999,0
2026-04-11T00:45:21.185897,0,0,579.4453619999999,0
2026-04-11T00:45:22.192195,0,0,584.7375179999999,0
2026-04-11T00:45:23.198304,0,0,580.3273879999999,0
2026-04-11T00:45:24.205189,0,0,580.3273879999999,0
2026-04-11T00:45:25.211154,0,0,580.3273879999999,0
2026-04-11T00:45:26.218123,0,0,579.4453619999999,0
2026-04-11T00:45:27.224105,0,0,579.4453619999999,0
2026-04-11T00:45:28.231952,0,0,580.3273879999999,0
2026-04-11T00:45:29.239049,0,0,579.4453619999999,0
2026-04-11T00:45:30.245003,0,0,580.3273879999999,0
2026-04-11T00:45:31.251923,0,0,577.6813099999999,0
2026-04-11T00:45:32.257903,0,0,579.4453619999999,0
2026-04-11T00:45:33.264912,0,0,580.3273879999999,0
2026-04-11T00:45:34.270899,0,0,581.2094139999999,0
2026-04-11T00:45:35.277843,0,0,581.2094139999999,0
2026-04-11T00:45:36.283813,0,0,580.3273879999999,0
2026-04-11T00:45:37.291768,0,0,579.4453619999999,0
2026-04-11T00:45:38.298767,0,0,580.3273879999999,0
2026-04-11T00:45:39.304730,0,0,580.3273879999999,0
2026-04-11T00:45:40.311694,0,0,579.4453619999999,0
2026-04-11T00:45:41.317678,0,0,579.4453619999999,0
2026-04-11T00:45:42.324632,0,0,581.2094139999999,0
2026-04-11T00:45:43.330639,0,0,580.3273879999999,0
2026-04-11T00:45:44.337589,0,0,579.4453619999999,0
2026-04-11T00:45:45.344549,0,0,581.2094139999999,0
2026-04-11T00:45:46.350599,0,0,577.6813099999999,0
2026-04-11T00:45:47.358570,0,0,580.3273879999999,0
2026-04-11T00:45:48.364414,0,0,580.3273879999999,0
2026-04-11T00:45:49.371390,0,0,580.3273879999999,0
2026-04-11T00:45:50.377386,0,0,580.3273879999999,0
2026-04-11T00:45:51.384385,0,0,578.5633359999999,0
2026-04-11T00:45:52.390395,0,0,579.4453619999999,0
2026-04-11T00:45:53.397304,0,0,581.2094139999999,0
2026-04-11T00:45:54.404264,0,0,579.4453619999999,0
2026-04-11T00:45:55.410274,0,0,579.4453619999999,0
2026-04-11T00:45:56.418245,0,0,580.3273879999999,0
2026-04-11T00:45:57.424179,0,0,580.3273879999999,0
2026-04-11T00:45:58.431124,0,0,577.6813099999999,0
2026-04-11T00:45:59.437088,0,0,580.3273879999999,0
2026-04-11T00:46:00.444071,0,0,580.3273879999999,0
2026-04-11T00:46:01.451003,0,0,579.4453619999999,0
2026-04-11T00:46:02.456996,0,0,580.3273879999999,0
2026-04-11T00:46:03.463957,0,0,579.4453619999999,0
2026-04-11T00:46:04.469955,0,0,580.3273879999999,0
2026-04-11T00:46:05.476888,0,0,578.5633359999999,0
2026-04-11T00:46:06.483842,0,0,579.4453619999999,0
2026-04-11T00:46:07.490829,0,0,580.3273879999999,0
2026-04-11T00:46:08.496835,0,0,580.3273879999999,0
2026-04-11T00:46:09.503792,0,0,580.3273879999999,0
2026-04-11T00:46:10.510771,0,0,580.3273879999999,0
2026-04-11T00:46:11.516741,0,0,579.4453619999999,0
2026-04-11T00:46:12.523721,0,0,583.8554919999999,0
2026-04-11T00:46:13.529683,0,0,578.5633359999999,0
2026-04-11T00:46:14.536653,0,0,579.4453619999999,0
2026-04-11T00:46:15.543641,0,0,578.5633359999999,0
2026-04-11T00:46:16.550631,0,0,580.3273879999999,0
2026-04-11T00:46:17.557578,0,0,578.5633359999999,0
2026-04-11T00:46:18.563534,0,0,580.3273879999999,0
2026-04-11T00:46:19.570554,0,0,579.4453619999999,0
2026-04-11T00:46:20.576465,0,0,579.4453619999999,0
2026-04-11T00:46:21.583336,0,0,580.3273879999999,0
2026-04-11T00:46:22.589368,0,0,580.3273879999999,0
2026-04-11T00:46:23.596376,0,0,579.4453619999999,0
2026-04-11T00:46:24.602373,0,0,580.3273879999999,0
2026-04-11T00:46:25.610368,0,0,579.4453619999999,0
2026-04-11T00:46:26.617270,0,0,582.0914399999999,0
2026-04-11T00:46:27.623212,0,0,580.3273879999999,0
2026-04-11T00:46:28.630303,0,0,580.3273879999999,0
2026-04-11T00:46:29.636187,0,0,580.3273879999999,0
2026-04-11T00:46:30.643126,0,0,579.4453619999999,0
2026-04-11T00:46:31.649121,0,0,579.4453619999999,0
2026-04-11T00:46:32.655967,0,0,580.3273879999999,0
2026-04-11T00:46:33.663064,0,0,576.799284,0
2026-04-11T00:46:34.669036,0,0,579.4453619999999,0
2026-04-11T00:46:35.677009,0,0,579.4453619999999,0
2026-04-11T00:46:36.682939,0,0,580.3273879999999,0
2026-04-11T00:46:37.689967,0,0,579.4453619999999,0
2026-04-11T00:46:38.695915,0,0,580.3273879999999,0
2026-04-11T00:46:39.702869,0,0,579.4453619999999,0
2026-04-11T00:46:40.708865,0,0,581.2094139999999,0
2026-04-11T00:46:41.715837,0,0,580.3273879999999,0
2026-04-11T00:46:42.722795,0,0,579.4453619999999,0
2026-04-11T00:46:43.728754,0,0,580.3273879999999,0
2026-04-11T00:46:44.736721,0,0,579.4453619999999,0
2026-04-11T00:46:45.742700,0,0,578.5633359999999,0
2026-04-11T00:46:46.749648,0,0,580.3273879999999,0
2026-04-11T00:46:47.755612,0,0,579.4453619999999,0
2026-04-11T00:46:48.762643,0,0,579.4453619999999,0
2026-04-11T00:46:49.769589,0,0,579.4453619999999,0
2026-04-11T00:46:50.775569,0,0,579.4453619999999,0
2026-04-11T00:46:51.782607,0,0,581.2094139999999,0
2026-04-11T00:46:52.788460,0,0,580.3273879999999,0
2026-04-11T00:46:53.796474,0,0,579.4453619999999,0
2026-04-11T00:46:54.802502,0,0,580.3273879999999,0
2026-04-11T00:46:55.809413,0,0,579.4453619999999,0
2026-04-11T00:46:56.815343,0,0,579.4453619999999,0
2026-04-11T00:46:57.822451,0,0,580.3273879999999,0
2026-04-11T00:46:58.829328,0,0,579.4453619999999,0
2026-04-11T00:46:59.835281,0,0,579.4453619999999,0
2026-04-11T00:47:00.842290,0,0,578.5633359999999,0
2026-04-11T00:47:01.848235,0,0,580.3273879999999,0
2026-04-11T00:47:02.855182,0,0,579.4453619999999,0
2026-04-11T00:47:03.862260,0,0,579.4453619999999,0
2026-04-11T00:47:04.869113,0,0,580.3273879999999,0
2026-04-11T00:47:05.876068,0,0,580.3273879999999,0
2026-04-11T00:47:06.882086,0,0,579.4453619999999,0
2026-04-11T00:47:07.889044,0,0,581.2094139999999,0
2026-04-11T00:47:08.894988,0,0,580.3273879999999,0
2026-04-11T00:47:09.901998,0,0,578.5633359999999,0
2026-04-11T00:47:10.907973,0,0,580.3273879999999,0
2026-04-11T00:47:11.914919,0,0,580.3273879999999,0
2026-04-11T00:47:12.920924,0,0,580.3273879999999,0
2026-04-11T00:47:13.928851,0,0,580.3273879999999,0
2026-04-11T00:47:14.935850,0,0,580.3273879999999,0
2026-04-11T00:47:15.941812,0,0,579.4453619999999,0
2026-04-11T00:47:16.948783,0,0,581.2094139999999,0
2026-04-11T00:47:17.954746,0,0,580.3273879999999,0
2026-04-11T00:47:18.961734,0,0,579.4453619999999,0
2026-04-11T00:47:19.967691,0,0,580.3273879999999,0
2026-04-11T00:47:20.974730,0,0,579.4453619999999,0
2026-04-11T00:47:21.981639,0,0,580.3273879999999,0
2026-04-11T00:47:22.988608,0,0,580.3273879999999,0
2026-04-11T00:47:23.995548,0,0,579.4453619999999,0
2026-04-11T00:47:25.001556,0,0,579.4453619999999,0
2026-04-11T00:47:26.008520,0,0,580.3273879999999,0
2026-04-11T00:47:27.014626,0,0,579.4453619999999,0
2026-04-11T00:47:28.021464,0,0,580.3273879999999,0
2026-04-11T00:47:29.027430,0,0,580.3273879999999,0
2026-04-11T00:47:30.034560,0,0,579.4453619999999,0
2026-04-11T00:47:31.041374,0,0,580.3273879999999,0
2026-04-11T00:47:32.048346,0,0,579.4453619999999,0
2026-04-11T00:47:33.055304,0,0,579.4453619999999,0
2026-04-11T00:47:34.061198,0,0,580.3273879999999,0
2026-04-11T00:47:35.068280,0,0,579.4453619999999,0
2026-04-11T00:47:36.074286,0,0,579.4453619999999,0
2026-04-11T00:47:37.081208,0,0,580.3273879999999,0
2026-04-11T00:47:38.088176,0,0,581.2094139999999,0
2026-04-11T00:47:39.094161,0,0,580.3273879999999,0
2026-04-11T00:47:40.101088,0,0,580.3273879999999,0
2026-04-11T00:47:41.107042,0,0,579.4453619999999,0
2026-04-11T00:47:42.115006,0,0,580.3273879999999,0
2026-04-11T00:47:43.121016,0,0,580.3273879999999,0
2026-04-11T00:47:44.127961,0,0,579.4453619999999,0
2026-04-11T00:47:45.133937,0,0,582.0914399999999,0
2026-04-11T00:47:46.140905,0,0,578.5633359999999,0
2026-04-11T00:47:47.147845,0,0,580.3273879999999,0
2026-04-11T00:47:48.153843,0,0,580.3273879999999,0
2026-04-11T00:47:49.160808,0,0,579.4453619999999,0
2026-04-11T00:47:50.166805,0,0,578.5633359999999,0
2026-04-11T00:47:51.174824,0,0,580.3273879999999,0
2026-04-11T00:47:52.180724,0,0,578.5633359999999,0
2026-04-11T00:47:53.187683,0,0,580.3273879999999,0
2026-04-11T00:47:54.194720,0,0,579.4453619999999,0
2026-04-11T00:47:55.200653,0,0,580.3273879999999,0
2026-04-11T00:47:56.207656,0,0,578.5633359999999,0
2026-04-11T00:47:57.213609,0,0,580.3273879999999,0
2026-04-11T00:47:58.220583,0,0,580.3273879999999,0
2026-04-11T00:47:59.226658,0,0,579.4453619999999,0
2026-04-11T00:48:00.233567,0,0,579.4453619999999,0
2026-04-11T00:48:01.240488,0,0,579.4453619999999,0
2026-04-11T00:48:02.247459,0,0,580.3273879999999,0
2026-04-11T00:48:03.254543,0,0,579.4453619999999,0
2026-04-11T00:48:04.260395,0,0,578.5633359999999,0
2026-04-11T00:48:05.267442,0,0,580.3273879999999,0
2026-04-11T00:48:06.273407,0,0,580.3273879999999,0
2026-04-11T00:48:07.280390,0,0,582.0914399999999,0
2026-04-11T00:48:08.286436,0,0,580.3273879999999,0
2026-04-11T00:48:09.293286,0,0,581.2094139999999,0
2026-04-11T00:48:10.301268,0,0,580.3273879999999,0
2026-04-11T00:48:11.307224,0,0,579.4453619999999,0
2026-04-11T00:48:12.314341,0,0,579.4453619999999,0
2026-04-11T00:48:13.320167,0,0,580.3273879999999,0
2026-04-11T00:48:14.327159,0,0,578.5633359999999,0
2026-04-11T00:48:15.333134,0,0,579.4453619999999,0
2026-04-11T00:48:16.340101,0,0,579.4453619999999,0
2026-04-11T00:48:17.346046,0,0,579.4453619999999,0
2026-04-11T00:48:18.353038,0,0,580.3273879999999,0
2026-04-11T00:48:19.360007,0,0,581.2094139999999,0
2026-04-11T00:48:20.366927,0,0,579.4453619999999,0
2026-04-11T00:48:21.373925,0,0,579.4453619999999,0
2026-04-11T00:48:22.379915,0,0,580.3273879999999,0
2026-04-11T00:48:23.386862,0,0,580.3273879999999,0
2026-04-11T00:48:24.392839,0,0,580.3273879999999,0
2026-04-11T00:48:25.399847,0,0,579.4453619999999,0
2026-04-11T00:48:26.406827,0,0,579.4453619999999,0
2026-04-11T00:48:27.412799,0,0,580.3273879999999,0
2026-04-11T00:48:28.419760,0,0,580.3273879999999,0
2026-04-11T00:48:29.426749,0,0,579.4453619999999,0
2026-04-11T00:48:30.433679,0,0,580.3273879999999,0
2026-04-11T00:48:31.439686,0,0,580.3273879999999,0
2026-04-11T00:48:32.446703,0,0,580.3273879999999,0
2026-04-11T00:48:42.517790,0,0,580.3273879999999,0
2026-04-11T00:48:45.000261,0,0,581.2094139999999,0
2026-04-11T00:48:46.007165,0,0,578.5633359999999,0
2026-04-11T00:48:47.013194,0,0,579.4453619999999,0
2026-04-11T00:48:48.020168,0,0,580.3273879999999,0
2026-04-11T00:48:49.026136,0,0,579.4453619999999,0
2026-04-11T00:48:50.033114,0,0,580.3273879999999,0
2026-04-11T00:48:51.039076,0,0,580.3273879999999,0
2026-04-11T00:48:52.047059,0,0,579.4453619999999,0
2026-04-11T00:48:53.054027,0,0,580.3273879999999,0
2026-04-11T00:48:54.059979,0,0,579.4453619999999,0
2026-04-11T00:48:55.066970,0,0,580.3273879999999,0
2026-04-11T00:48:56.072898,0,0,580.3273879999999,0
2026-04-11T00:48:57.079849,0,0,579.4453619999999,0
2026-04-11T00:48:58.084850,0,0,579.4453619999999,0
2026-04-11T00:48:59.092837,0,0,579.4453619999999,0
2026-04-11T00:49:00.098839,0,0,577.6813099999999,0
2026-04-11T00:49:01.106779,0,0,580.3273879999999,0
2026-04-11T00:49:02.113714,0,0,579.4453619999999,0
2026-04-11T00:49:03.119715,0,0,579.4453619999999,0
2026-04-11T00:49:04.126716,0,0,580.3273879999999,0
2026-04-11T00:49:05.132675,0,0,581.2094139999999,0
2026-04-11T00:49:18.652564,0,0,580.3273879999999,0
2026-04-11T00:49:19.658291,0,0,579.4453619999999,0
2026-04-11T00:49:20.665221,0,0,578.5633359999999,0
2026-04-11T00:49:21.672206,0,0,580.3273879999999,0
2026-04-11T00:49:22.678231,0,0,580.3273879999999,0
2026-04-11T00:49:23.685101,0,0,580.3273879999999,0
2026-04-11T00:49:24.691121,0,0,580.3273879999999,0
2026-04-11T00:49:25.699083,0,0,580.3273879999999,0
2026-04-11T00:49:26.706037,0,0,580.3273879999999,0
2026-04-11T00:49:27.712022,0,0,580.3273879999999,0
2026-04-11T00:49:28.718989,0,0,579.4453619999999,0
2026-04-11T00:49:29.724963,0,0,580.3273879999999,0
2026-04-11T00:49:30.731934,0,0,579.4453619999999,0
2026-04-11T00:49:31.737924,0,0,580.3273879999999,0
2026-04-11T00:49:32.744884,0,0,580.3273879999999,0
2026-04-11T00:49:33.750838,0,0,580.3273879999999,0
2026-04-11T00:49:34.757769,0,0,580.3273879999999,0
2026-04-11T00:49:35.765730,0,0,581.2094139999999,0
2026-04-11T00:49:36.771701,0,0,579.4453619999999,0
2026-04-11T00:49:37.778741,0,0,580.3273879999999,0
2026-04-11T00:49:38.784658,0,0,580.3273879999999,0
2026-04-11T00:49:49.175854,0,0,580.3273879999999,0
2026-04-11T00:49:51.658425,0,0,580.3273879999999,0
2026-04-11T00:49:52.665302,0,0,578.5633359999999,0
2026-04-11T00:49:53.671273,0,0,580.3273879999999,0
2026-04-11T00:49:54.678313,0,0,579.4453619999999,0
2026-04-11T00:49:55.684203,0,0,579.4453619999999,0
2026-04-11T00:49:56.691199,0,0,580.3273879999999,0
2026-04-11T00:49:57.697172,0,0,580.3273879999999,0
2026-04-11T00:49:58.705154,0,0,579.4453619999999,0
2026-04-11T00:49:59.712101,0,0,580.3273879999999,0
2026-04-11T00:50:00.718071,0,0,580.3273879999999,0
2026-04-11T00:50:01.725093,0,0,580.3273879999999,0
2026-04-11T00:50:02.731008,0,0,580.3273879999999,0
2026-04-11T00:50:03.738005,0,0,581.2094139999999,0
2026-04-11T00:50:04.743928,0,0,579.4453619999999,0
2026-04-11T00:50:05.750930,0,0,577.6813099999999,0
2026-04-11T00:50:06.756858,0,0,578.5633359999999,0
2026-04-11T00:50:07.763850,0,0,580.3273879999999,0
2026-04-11T00:50:08.771805,0,0,578.5633359999999,0
2026-04-11T00:50:09.777831,0,0,579.4453619999999,0
2026-04-11T00:50:10.784775,0,0,579.4453619999999,0
2026-04-11T00:50:11.790777,0,0,580.3273879999999,0
2026-04-11T00:50:12.797765,0,0,579.4453619999999,0
2026-04-11T00:50:13.802792,0,0,580.3273879999999,0
2026-04-11T00:50:14.810770,0,0,577.6813099999999,0
2026-04-11T00:50:15.817659,0,0,580.3273879999999,0
2026-04-11T00:50:16.823624,0,0,581.2094139999999,0
2026-04-11T00:50:17.831596,0,0,579.4453619999999,0
2026-04-11T00:50:18.837561,0,0,579.4453619999999,0
2026-04-11T00:50:19.844543,0,0,579.4453619999999,0
2026-04-11T00:50:20.850576,0,0,580.3273879999999,0
2026-04-11T00:50:21.857489,0,0,580.3273879999999,0
2026-04-11T00:50:22.863455,0,0,580.3273879999999,0
2026-04-11T00:50:23.870512,0,0,579.4453619999999,0
2026-04-11T00:50:24.876392,0,0,580.3273879999999,0
2026-04-11T00:50:25.883372,0,0,581.2094139999999,0
2026-04-11T00:50:26.890406,0,0,580.3273879999999,0
2026-04-11T00:50:27.897333,0,0,579.4453619999999,0
2026-04-11T00:50:28.904308,0,0,577.6813099999999,0
2026-04-11T00:50:29.910250,0,0,579.4453619999999,0
2026-04-11T00:50:30.917187,0,0,580.3273879999999,0
2026-04-11T00:50:31.924145,0,0,581.2094139999999,0
2026-04-11T00:50:32.930264,0,0,580.3273879999999,0
2026-04-11T00:50:33.937130,0,0,579.4453619999999,0
2026-04-11T00:50:34.943096,0,0,580.3273879999999,0
2026-04-11T00:50:35.950124,0,0,580.3273879999999,0
2026-04-11T00:50:36.956057,0,0,580.3273879999999,0
2026-04-11T00:50:37.964058,0,0,579.4453619999999,0
2026-04-11T00:50:38.970027,0,0,580.3273879999999,0
2026-04-11T00:50:39.977020,0,0,580.3273879999999,0
2026-04-11T00:50:40.983950,0,0,580.3273879999999,0
2026-04-11T00:50:41.989918,0,0,580.3273879999999,0
2026-04-11T00:50:42.996866,0,0,579.4453619999999,0
2026-04-11T00:50:44.002856,0,0,579.4453619999999,0
2026-04-11T00:50:45.009835,0,0,581.2094139999999,0
2026-04-11T00:50:46.015779,0,0,580.3273879999999,0
2026-04-11T00:50:47.022797,0,0,579.4453619999999,0
2026-04-11T00:50:48.030724,0,0,578.5633359999999,0
2026-04-11T00:50:49.036754,0,0,580.3273879999999,0
2026-04-11T00:50:50.043713,0,0,580.3273879999999,0
2026-04-11T00:50:51.048666,0,0,578.5633359999999,0
2026-04-11T00:50:52.056663,0,0,581.2094139999999,0
2026-04-11T00:50:53.062739,0,0,580.3273879999999,0
2026-04-11T00:50:54.069635,0,0,580.3273879999999,0
2026-04-11T00:50:55.075632,0,0,580.3273879999999,0
2026-04-11T00:50:56.082662,0,0,580.3273879999999,0
2026-04-11T00:50:57.090596,0,0,579.4453619999999,0
2026-04-11T00:50:58.096516,0,0,582.9734659999999,0
2026-04-11T00:50:59.102914,0,0,580.3273879999999,0
2026-04-11T00:51:00.109462,0,0,581.2094139999999,0
2026-04-11T00:51:01.116446,0,0,580.3273879999999,0
2026-04-11T00:51:02.122501,0,0,578.5633359999999,0
2026-04-11T00:51:03.129378,0,0,580.3273879999999,0
2026-04-11T00:51:04.136327,0,0,578.5633359999999,0
2026-04-11T00:51:05.142425,0,0,579.4453619999999,0
2026-04-11T00:51:06.149277,0,0,580.3273879999999,0
2026-04-11T00:51:07.156241,0,0,580.3273879999999,0
2026-04-11T00:51:08.163238,0,0,579.4453619999999,0
2026-04-11T00:51:09.169208,0,0,579.4453619999999,0
2026-04-11T00:51:10.176165,0,0,579.4453619999999,0
2026-04-11T00:51:11.182159,0,0,580.3273879999999,0
2026-04-11T00:51:12.189118,0,0,579.4453619999999,0
2026-04-11T00:51:13.196078,0,0,579.4453619999999,0
2026-04-11T00:51:14.202023,0,0,579.4453619999999,0
2026-04-11T00:51:15.208979,0,0,578.5633359999999,0
2026-04-11T00:51:16.214842,0,0,580.3273879999999,0
2026-04-11T00:51:17.222937,0,0,579.4453619999999,0
2026-04-11T00:51:18.228884,0,0,579.4453619999999,0
2026-04-11T00:51:19.235879,0,0,580.3273879999999,0
2026-04-11T00:51:20.242850,0,0,579.4453619999999,0
2026-04-11T00:51:30.587096,0,0,580.3273879999999,0
2026-04-11T00:51:33.069504,0,0,580.3273879999999,0
2026-04-11T00:51:34.076446,0,0,580.3273879999999,0
2026-04-11T00:51:35.082522,0,0,579.4453619999999,0
2026-04-11T00:51:36.089393,0,0,579.4453619999999,0
2026-04-11T00:51:37.095383,0,0,579.4453619999999,0
2026-04-11T00:51:38.102422,0,0,580.3273879999999,0
2026-04-11T00:51:39.108305,0,0,580.3273879999999,0
2026-04-11T00:51:40.116312,0,0,581.2094139999999,0
2026-04-11T00:51:41.123285,0,0,580.3273879999999,0
2026-04-11T00:51:42.129230,0,0,580.3273879999999,0
2026-04-11T00:51:43.136229,0,0,579.4453619999999,0
2026-04-11T00:51:44.142332,0,0,578.5633359999999,0
2026-04-11T00:51:45.149174,0,0,579.4453619999999,0
2026-04-11T00:51:46.155162,0,0,579.4453619999999,0
2026-04-11T00:51:47.162068,0,0,580.3273879999999,0
2026-04-11T00:51:48.168084,0,0,580.3273879999999,0
2026-04-11T00:51:49.175057,0,0,581.2094139999999,0
2026-04-11T00:51:50.183073,0,0,579.4453619999999,0
2026-04-11T00:51:51.189022,0,0,579.4453619999999,0
2026-04-11T00:51:52.195991,0,0,580.3273879999999,0
2026-04-11T00:51:53.201968,0,0,580.3273879999999,0
2026-04-11T00:51:54.208940,0,0,578.5633359999999,0
2026-04-11T00:52:04.720201,0,0,580.3273879999999,0
2026-04-11T00:52:07.202759,0,0,579.4453619999999,0
2026-04-11T00:52:08.209590,0,0,580.3273879999999,0
2026-04-11T00:52:09.215567,0,0,580.3273879999999,0
2026-04-11T00:52:10.222596,0,0,579.4453619999999,0
2026-04-11T00:52:11.228506,0,0,581.2094139999999,0
2026-04-11T00:52:12.235471,0,0,580.3273879999999,0
2026-04-11T00:52:13.241471,0,0,580.3273879999999,0
2026-04-11T00:52:14.248413,0,0,579.4453619999999,0
2026-04-11T00:52:15.256397,0,0,579.4453619999999,0
2026-04-11T00:52:16.262442,0,0,579.4453619999999,0
2026-04-11T00:52:17.269343,0,0,580.3273879999999,0
2026-04-11T00:52:18.275304,0,0,580.3273879999999,0
2026-04-11T00:52:19.282393,0,0,579.4453619999999,0
2026-04-11T00:52:20.288248,0,0,579.4453619999999,0
2026-04-11T00:52:21.294326,0,0,579.4453619999999,0
2026-04-11T00:52:22.301202,0,0,581.2094139999999,0
2026-04-11T00:52:23.308179,0,0,580.3273879999999,0
2026-04-11T00:52:24.316152,0,0,579.4453619999999,0
2026-04-11T00:52:25.322131,0,0,579.4453619999999,0
2026-04-11T00:52:26.329091,0,0,579.4453619999999,0
2026-04-11T00:52:27.335077,0,0,581.2094139999999,0
2026-04-11T00:52:38.086271,0,0,580.3273879999999,0
2026-04-11T00:52:40.568696,0,0,580.3273879999999,0
2026-04-11T00:52:41.575597,0,0,581.2094139999999,0
2026-04-11T00:52:42.581563,0,0,580.3273879999999,0
2026-04-11T00:52:43.588577,0,0,580.3273879999999,0
2026-04-11T00:52:44.594634,0,0,580.3273879999999,0
2026-04-11T00:52:45.601479,0,0,579.4453619999999,0
2026-04-11T00:52:46.607504,0,0,578.5633359999999,0
2026-04-11T00:52:47.615435,0,0,580.3273879999999,0
2026-04-11T00:52:48.622472,0,0,579.4453619999999,0
2026-04-11T00:52:49.628372,0,0,580.3273879999999,0
2026-04-11T00:52:50.635338,0,0,580.3273879999999,0
2026-04-11T00:52:51.641315,0,0,579.4453619999999,0
2026-04-11T00:52:52.648304,0,0,580.3273879999999,0
2026-04-11T00:52:53.654369,0,0,579.4453619999999,0
2026-04-11T00:52:54.661264,0,0,579.4453619999999,0
2026-04-11T00:52:55.666326,0,0,577.6813099999999,0
2026-04-11T00:52:56.674287,0,0,579.4453619999999,0
2026-04-11T00:52:57.682269,0,0,580.3273879999999,0
2026-04-11T00:52:58.688160,0,0,580.3273879999999,0
2026-04-11T00:52:59.695095,0,0,579.4453619999999,0
2026-04-11T00:53:00.701039,0,0,579.4453619999999,0
2026-04-11T00:53:11.181274,0,0,580.3273879999999,0
2026-04-11T00:53:13.663761,0,0,580.3273879999999,0
2026-04-11T00:53:14.670724,0,0,578.5633359999999,0
2026-04-11T00:53:15.676680,0,0,580.3273879999999,0
2026-04-11T00:53:16.683706,0,0,580.3273879999999,0
2026-04-11T00:53:17.689656,0,0,578.5633359999999,0
2026-04-11T00:53:18.696595,0,0,580.3273879999999,0
2026-04-11T00:53:19.702651,0,0,580.3273879999999,0
2026-04-11T00:53:20.710652,0,0,578.5633359999999,0
2026-04-11T00:53:21.717499,0,0,579.4453619999999,0
2026-04-11T00:53:22.723475,0,0,580.3273879999999,0
2026-04-11T00:53:23.730562,0,0,580.3273879999999,0
2026-04-11T00:53:24.736430,0,0,578.5633359999999,0
2026-04-11T00:53:25.743394,0,0,581.2094139999999,0
2026-04-11T00:53:26.749356,0,0,579.4453619999999,0
2026-04-11T00:53:27.756321,0,0,580.3273879999999,0
2026-04-11T00:53:28.762432,0,0,581.2094139999999,0
2026-04-11T00:53:29.769302,0,0,580.3273879999999,0
2026-04-11T00:53:30.777278,0,0,580.3273879999999,0
2026-04-11T00:53:31.783256,0,0,580.3273879999999,0
2026-04-11T00:53:32.790347,0,0,582.0914399999999,0
2026-04-11T00:53:33.796209,0,0,580.3273879999999,0
2026-04-11T00:53:34.803207,0,0,580.3273879999999,0
2026-04-11T00:53:35.809114,0,0,578.5633359999999,0
2026-04-11T00:53:45.713446,0,0,581.2094139999999,0
2026-04-11T00:53:48.195818,0,0,579.4453619999999,0
2026-04-11T00:53:49.202824,0,0,580.3273879999999,0
2026-04-11T00:53:50.208802,0,0,580.3273879999999,0
2026-04-11T00:53:51.214766,0,0,580.3273879999999,0
2026-04-11T00:53:52.221720,0,0,580.3273879999999,0
2026-04-11T00:53:53.228713,0,0,580.3273879999999,0
2026-04-11T00:53:54.234675,0,0,579.4453619999999,0
2026-04-11T00:53:55.242684,0,0,580.3273879999999,0
2026-04-11T00:53:56.249630,0,0,580.3273879999999,0
2026-04-11T00:53:57.254686,0,0,580.3273879999999,0
2026-04-11T00:53:58.262657,0,0,579.4453619999999,0
2026-04-11T00:53:59.268516,0,0,580.3273879999999,0
2026-04-11T00:54:00.275467,0,0,579.4453619999999,0
2026-04-11T00:54:01.280510,0,0,579.4453619999999,0
2026-04-11T00:54:02.288469,0,0,580.3273879999999,0
2026-04-11T00:54:03.294509,0,0,580.3273879999999,0
2026-04-11T00:54:04.301374,0,0,579.4453619999999,0
2026-04-11T00:54:05.308341,0,0,580.3273879999999,0
2026-04-11T00:54:06.315341,0,0,580.3273879999999,0
2026-04-11T00:54:07.322423,0,0,579.4453619999999,0
2026-04-11T00:54:08.327259,0,0,579.4453619999999,0
2026-04-11T00:54:09.335281,0,0,587.383596,0
2026-04-11T00:54:20.097619,0,0,580.3273879999999,0
2026-04-11T00:54:22.579963,0,0,579.4453619999999,0
2026-04-11T00:54:23.586931,0,0,579.4453619999999,0
2026-04-11T00:54:24.592899,0,0,580.3273879999999,0
2026-04-11T00:54:25.599910,0,0,580.3273879999999,0
2026-04-11T00:54:26.605884,0,0,580.3273879999999,0
2026-04-11T00:54:27.612861,0,0,580.3273879999999,0
2026-04-11T00:54:28.618834,0,0,579.4453619999999,0
2026-04-11T00:54:29.626821,0,0,580.3273879999999,0
2026-04-11T00:54:30.633708,0,0,580.3273879999999,0
2026-04-11T00:54:31.638724,0,0,580.3273879999999,0
2026-04-11T00:54:32.646741,0,0,579.4453619999999,0
2026-04-11T00:54:33.652664,0,0,580.3273879999999,0
2026-04-11T00:54:34.659632,0,0,578.5633359999999,0
2026-04-11T00:54:35.665598,0,0,580.3273879999999,0
2026-04-11T00:54:36.672574,0,0,580.3273879999999,0
2026-04-11T00:54:37.678661,0,0,580.3273879999999,0
2026-04-11T00:54:38.685528,0,0,579.4453619999999,0
2026-04-11T00:54:39.693499,0,0,580.3273879999999,0
2026-04-11T00:54:40.699477,0,0,580.3273879999999,0
2026-04-11T00:54:41.706580,0,0,580.3273879999999,0
2026-04-11T00:54:42.712417,0,0,580.3273879999999,0
2026-04-11T00:54:55.666829,0,0,580.3273879999999,0
2026-04-11T00:54:56.673058,0,0,580.3273879999999,0
2026-04-11T00:54:57.677997,0,0,579.4453619999999,0
2026-04-11T00:54:58.685966,0,0,580.3273879999999,0
2026-04-11T00:54:59.691966,0,0,580.3273879999999,0
2026-04-11T00:55:00.698910,0,0,580.3273879999999,0
2026-04-11T00:55:01.704899,0,0,580.3273879999999,0
2026-04-11T00:55:02.712869,0,0,580.3273879999999,0
2026-04-11T00:55:03.719884,0,0,580.3273879999999,0
2026-04-11T00:55:04.725833,0,0,579.4453619999999,0
2026-04-11T00:55:05.732802,0,0,580.3273879999999,0
2026-04-11T00:55:06.738773,0,0,579.4453619999999,0
2026-04-11T00:55:07.745755,0,0,580.3273879999999,0
2026-04-11T00:55:08.751716,0,0,579.4453619999999,0
2026-04-11T00:55:09.758752,0,0,580.3273879999999,0
2026-04-11T00:55:10.764661,0,0,580.3273879999999,0
2026-04-11T00:55:11.771609,0,0,579.4453619999999,0
2026-04-11T00:55:12.779588,0,0,579.4453619999999,0
2026-04-11T00:55:13.785556,0,0,578.5633359999999,0
2026-04-11T00:55:14.791539,0,0,575.917258,0
2026-04-11T00:55:15.798633,0,0,580.3273879999999,0
2026-04-11T00:55:16.805491,0,0,580.3273879999999,0
2026-04-11T00:55:26.853947,0,0,579.4453619999999,0
2026-04-11T00:55:29.336198,0,0,579.4453619999999,0
2026-04-11T00:55:30.343165,0,0,580.3273879999999,0
2026-04-11T00:55:31.349153,0,0,580.3273879999999,0
2026-04-11T00:55:32.356101,0,0,579.4453619999999,0
2026-04-11T00:55:33.362090,0,0,579.4453619999999,0
2026-04-11T00:55:34.369050,0,0,580.3273879999999,0
2026-04-11T00:55:35.374936,0,0,579.4453619999999,0
2026-04-11T00:55:36.383022,0,0,581.2094139999999,0
2026-04-11T00:55:37.389987,0,0,580.3273879999999,0
2026-04-11T00:55:38.395963,0,0,579.4453619999999,0
2026-04-11T00:55:39.402932,0,0,580.3273879999999,0
2026-04-11T00:55:40.408906,0,0,580.3273879999999,0
2026-04-11T00:55:41.415879,0,0,579.4453619999999,0
2026-04-11T00:55:42.421849,0,0,580.3273879999999,0
2026-04-11T00:55:43.428822,0,0,580.3273879999999,0
2026-04-11T00:55:44.434832,0,0,579.4453619999999,0
2026-04-11T00:55:45.441768,0,0,580.3273879999999,0
2026-04-11T00:55:46.449748,0,0,580.3273879999999,0
2026-04-11T00:55:47.455657,0,0,579.4453619999999,0
2026-04-11T00:55:48.462735,0,0,579.4453619999999,0
2026-04-11T00:55:49.468637,0,0,579.4453619999999,0
2026-04-11T00:55:50.475612,0,0,580.3273879999999,0
2026-04-11T00:55:51.481577,0,0,580.3273879999999,0
2026-04-11T00:55:52.487537,0,0,580.3273879999999,0
2026-04-11T00:55:53.495515,0,0,579.4453619999999,0
2026-04-11T00:55:54.501508,0,0,579.4453619999999,0
2026-04-11T00:55:55.508480,0,0,580.3273879999999,0
2026-04-11T00:55:56.515453,0,0,580.3273879999999,0
2026-04-11T00:55:57.522483,0,0,579.4453619999999,0
2026-04-11T00:55:58.528389,0,0,578.5633359999999,0
2026-04-11T00:55:59.535410,0,0,580.3273879999999,0
2026-04-11T00:56:00.541394,0,0,580.3273879999999,0
2026-04-11T00:56:01.548351,0,0,580.3273879999999,0
2026-04-11T00:56:02.555322,0,0,579.4453619999999,0
2026-04-11T00:56:03.561311,0,0,578.5633359999999,0
2026-04-11T00:56:04.568261,0,0,580.3273879999999,0
2026-04-11T00:56:05.575208,0,0,580.3273879999999,0
2026-04-11T00:56:06.582307,0,0,579.4453619999999,0
2026-04-11T00:56:07.588173,0,0,580.3273879999999,0
2026-04-11T00:56:08.595130,0,0,579.4453619999999,0
2026-04-11T00:56:09.601091,0,0,580.3273879999999,0
2026-04-11T00:56:10.608116,0,0,580.3273879999999,0
2026-04-11T00:56:11.615066,0,0,579.4453619999999,0
2026-04-11T00:56:12.621044,0,0,579.4453619999999,0
2026-04-11T00:56:13.628022,0,0,579.4453619999999,0
2026-04-11T00:56:14.633979,0,0,579.4453619999999,0
2026-04-11T00:56:15.641979,0,0,580.3273879999999,0
2026-04-11T00:56:16.647951,0,0,580.3273879999999,0
2026-04-11T00:56:17.654941,0,0,581.2094139999999,0
2026-04-11T00:56:18.661881,0,0,580.3273879999999,0
2026-04-11T00:56:19.667867,0,0,580.3273879999999,0
2026-04-11T00:56:20.674866,0,0,580.3273879999999,0
2026-04-11T00:56:21.680836,0,0,578.5633359999999,0
2026-04-11T00:56:22.687797,0,0,579.4453619999999,0
2026-04-11T00:56:23.693719,0,0,580.3273879999999,0
2026-04-11T00:56:24.700751,0,0,579.4453619999999,0
2026-04-11T00:56:25.708726,0,0,582.0914399999999,0
2026-04-11T00:56:26.714709,0,0,580.3273879999999,0
2026-04-11T00:56:27.721657,0,0,580.3273879999999,0
2026-04-11T00:56:28.727633,0,0,580.3273879999999,0
2026-04-11T00:56:29.734659,0,0,580.3273879999999,0
2026-04-11T00:56:30.740572,0,0,580.3273879999999,0
2026-04-11T00:56:31.747526,0,0,579.4453619999999,0
2026-04-11T00:56:32.753494,0,0,580.3273879999999,0
2026-04-11T00:56:33.760478,0,0,580.3273879999999,0
2026-04-11T00:56:34.767450,0,0,580.3273879999999,0
2026-04-11T00:56:35.774528,0,0,581.2094139999999,0
2026-04-11T00:56:36.781369,0,0,579.4453619999999,0
2026-04-11T00:56:37.787375,0,0,579.4453619999999,0
2026-04-11T00:56:38.794436,0,0,580.3273879999999,0
2026-04-11T00:56:39.800329,0,0,579.4453619999999,0
2026-04-11T00:56:40.807278,0,0,579.4453619999999,0
2026-04-11T00:56:41.814349,0,0,579.4453619999999,0
2026-04-11T00:56:42.820234,0,0,578.5633359999999,0
2026-04-11T00:56:43.826268,0,0,580.3273879999999,0
2026-04-11T00:56:44.833169,0,0,580.3273879999999,0
2026-04-11T00:56:45.841183,0,0,580.3273879999999,0
2026-04-11T00:56:46.847152,0,0,580.3273879999999,0
2026-04-11T00:56:47.854105,0,0,579.4453619999999,0
2026-04-11T00:56:48.860081,0,0,579.4453619999999,0
2026-04-11T00:56:49.867050,0,0,578.5633359999999,0
2026-04-11T00:56:50.874014,0,0,580.3273879999999,0
2026-04-11T00:56:51.880001,0,0,579.4453619999999,0
2026-04-11T00:56:52.887009,0,0,579.4453619999999,0
2026-04-11T00:56:53.892972,0,0,579.4453619999999,0
2026-04-11T00:56:54.900937,0,0,580.3273879999999,0
2026-04-11T00:56:55.906903,0,0,580.3273879999999,0
2026-04-11T00:56:56.913911,0,0,579.4453619999999,0
2026-04-11T00:56:57.920768,0,0,580.3273879999999,0
2026-04-11T00:56:58.926781,0,0,580.3273879999999,0
2026-04-11T00:57:09.867955,0,0,579.4453619999999,0
2026-04-11T00:57:12.350589,0,0,579.4453619999999,0
2026-04-11T00:57:13.357431,0,0,580.3273879999999,0
2026-04-11T00:57:14.363404,0,0,580.3273879999999,0
2026-04-11T00:57:15.371362,0,0,579.4453619999999,0
2026-04-11T00:57:16.377312,0,0,581.2094139999999,0
2026-04-11T00:57:17.384294,0,0,578.5633359999999,0
2026-04-11T00:57:18.389250,0,0,579.4453619999999,0
2026-04-11T00:57:19.397253,0,0,580.3273879999999,0
2026-04-11T00:57:20.404240,0,0,579.4453619999999,0
2026-04-11T00:57:21.410283,0,0,576.799284,0
2026-04-11T00:57:22.417160,0,0,580.3273879999999,0
2026-04-11T00:57:23.423161,0,0,579.4453619999999,0
2026-04-11T00:57:24.430110,0,0,579.4453619999999,0
2026-04-11T00:57:25.437098,0,0,581.2094139999999,0
2026-04-11T00:57:26.444091,0,0,579.4453619999999,0
2026-04-11T00:57:27.450026,0,0,580.3273879999999,0
2026-04-11T00:57:28.455989,0,0,580.3273879999999,0
2026-04-11T00:57:29.463979,0,0,580.3273879999999,0
2026-04-11T00:57:30.470000,0,0,580.3273879999999,0
2026-04-11T00:57:31.476915,0,0,582.0914399999999,0
2026-04-11T00:57:42.178096,0,0,579.4453619999999,0
2026-04-11T00:57:44.660611,0,0,579.4453619999999,0
2026-04-11T00:57:45.667565,0,0,579.4453619999999,0
2026-04-11T00:57:46.673557,0,0,580.3273879999999,0
2026-04-11T00:57:47.680553,0,0,579.4453619999999,0
2026-04-11T00:57:48.686632,0,0,581.2094139999999,0
2026-04-11T00:57:49.693468,0,0,579.4453619999999,0
2026-04-11T00:57:50.699454,0,0,579.4453619999999,0
2026-04-11T00:57:51.707397,0,0,580.3273879999999,0
2026-04-11T00:57:52.714487,0,0,579.4453619999999,0
2026-04-11T00:57:53.720382,0,0,579.4453619999999,0
2026-04-11T00:57:54.727351,0,0,580.3273879999999,0
2026-04-11T00:57:55.733315,0,0,582.0914399999999,0
2026-04-11T00:57:56.740277,0,0,580.3273879999999,0
2026-04-11T00:57:57.746300,0,0,580.3273879999999,0
2026-04-11T00:57:58.753246,0,0,579.4453619999999,0
2026-04-11T00:57:59.759238,0,0,580.3273879999999,0
2026-04-11T00:58:00.767259,0,0,580.3273879999999,0
2026-04-11T00:58:01.774285,0,0,579.4453619999999,0
2026-04-11T00:58:02.780195,0,0,579.4453619999999,0
2026-04-11T00:58:03.787149,0,0,579.4453619999999,0
2026-04-11T00:58:04.793119,0,0,579.4453619999999,0
2026-04-11T00:58:05.800116,0,0,580.3273879999999,0
2026-04-11T00:58:06.806094,0,0,580.3273879999999,0
2026-04-11T00:58:07.812906,0,0,582.0914399999999,0
2026-04-11T00:58:08.820014,0,0,580.3273879999999,0
2026-04-11T00:58:09.825989,0,0,579.4453619999999,0
2026-04-11T00:58:10.833948,0,0,580.3273879999999,0
2026-04-11T00:58:11.839961,0,0,580.3273879999999,0
2026-04-11T00:58:12.846939,0,0,579.4453619999999,0
2026-04-11T00:58:13.852879,0,0,579.4453619999999,0
2026-04-11T00:58:14.859886,0,0,580.3273879999999,0
2026-04-11T00:58:15.865808,0,0,580.3273879999999,0
2026-04-11T00:58:16.872798,0,0,580.3273879999999,0
2026-04-11T00:58:17.879623,0,0,580.3273879999999,0
2026-04-11T00:58:18.885750,0,0,581.2094139999999,0
2026-04-11T00:58:19.892715,0,0,580.3273879999999,0
2026-04-11T00:58:20.899687,0,0,580.3273879999999,0
2026-04-11T00:58:21.906745,0,0,580.3273879999999,0
2026-04-11T00:58:22.912630,0,0,578.5633359999999,0
2026-04-11T00:58:23.919658,0,0,580.3273879999999,0
2026-04-11T00:58:24.926683,0,0,580.3273879999999,0
2026-04-11T00:58:25.932574,0,0,579.4453619999999,0
2026-04-11T00:58:26.939572,0,0,579.4453619999999,0
2026-04-11T00:58:27.945533,0,0,580.3273879999999,0
2026-04-11T00:58:28.952450,0,0,580.3273879999999,0
2026-04-11T00:58:29.958520,0,0,578.5633359999999,0
2026-04-11T00:58:30.966464,0,0,580.3273879999999,0
2026-04-11T00:58:31.972377,0,0,580.3273879999999,0
2026-04-11T00:58:32.979334,0,0,580.3273879999999,0
2026-04-11T00:58:33.986409,0,0,580.3273879999999,0
2026-04-11T00:58:34.992287,0,0,580.3273879999999,0
2026-04-11T00:58:35.999247,0,0,580.3273879999999,0
2026-04-11T00:58:37.005270,0,0,580.3273879999999,0
2026-04-11T00:58:38.012232,0,0,582.9734659999999,0
2026-04-11T00:58:39.018258,0,0,578.5633359999999,0
2026-04-11T00:58:40.025193,0,0,580.3273879999999,0
2026-04-11T00:58:41.033170,0,0,580.3273879999999,0
2026-04-11T00:58:42.039124,0,0,580.3273879999999,0
2026-04-11T00:58:43.046114,0,0,579.4453619999999,0
2026-04-11T00:58:44.051075,0,0,580.3273879999999,0
2026-04-11T00:58:45.059029,0,0,580.3273879999999,0
2026-04-11T00:58:46.065037,0,0,580.3273879999999,0
2026-04-11T00:58:47.071970,0,0,579.4453619999999,0
2026-04-11T00:58:48.077937,0,0,580.3273879999999,0
2026-04-11T00:58:49.084925,0,0,579.4453619999999,0
2026-04-11T00:58:50.092893,0,0,580.3273879999999,0
2026-04-11T00:58:51.098856,0,0,582.0914399999999,0
2026-04-11T00:58:52.105823,0,0,580.3273879999999,0
2026-04-11T00:58:53.111819,0,0,581.2094139999999,0
2026-04-11T00:58:54.118846,0,0,578.5633359999999,0
2026-04-11T00:58:55.124750,0,0,580.3273879999999,0
2026-04-11T00:58:56.131736,0,0,581.2094139999999,0
2026-04-11T00:58:57.138745,0,0,579.4453619999999,0
2026-04-11T00:58:58.144662,0,0,579.4453619999999,0
2026-04-11T00:58:59.151711,0,0,580.3273879999999,0
2026-04-11T00:59:00.158664,0,0,582.0914399999999,0
2026-04-11T00:59:01.165655,0,0,580.3273879999999,0
2026-04-11T00:59:02.171616,0,0,580.3273879999999,0
2026-04-11T00:59:03.178630,0,0,579.4453619999999,0
2026-04-11T00:59:04.184517,0,0,579.4453619999999,0
2026-04-11T00:59:05.191532,0,0,595.32183,0
2026-04-11T00:59:06.198573,0,0,579.4453619999999,0
2026-04-11T00:59:07.204492,0,0,580.3273879999999,0
2026-04-11T00:59:08.211448,0,0,582.0914399999999,0
2026-04-11T00:59:09.217418,0,0,580.3273879999999,0
2026-04-11T00:59:10.225421,0,0,580.3273879999999,0
2026-04-11T00:59:11.231237,0,0,581.2094139999999,0
2026-04-11T00:59:12.238443,0,0,579.4453619999999,0
2026-04-11T00:59:13.245328,0,0,580.3273879999999,0
2026-04-11T00:59:14.251303,0,0,579.4453619999999,0
2026-04-11T00:59:15.258337,0,0,580.3273879999999,0
2026-04-11T00:59:16.264255,0,0,580.3273879999999,0
2026-04-11T00:59:17.271236,0,0,579.4453619999999,0
2026-04-11T00:59:18.277203,0,0,581.2094139999999,0
2026-04-11T00:59:19.285182,0,0,580.3273879999999,0
2026-04-11T00:59:20.291123,0,0,580.3273879999999,0
2026-04-11T00:59:21.298070,0,0,580.3273879999999,0
2026-04-11T00:59:22.305091,0,0,579.4453619999999,0
2026-04-11T00:59:23.311075,0,0,581.2094139999999,0
2026-04-11T00:59:24.318053,0,0,580.3273879999999,0
2026-04-11T00:59:25.324029,0,0,580.3273879999999,0
2026-04-11T00:59:26.330936,0,0,580.3273879999999,0
2026-04-11T00:59:27.336926,0,0,578.5633359999999,0
2026-04-11T00:59:28.343949,0,0,580.3273879999999,0
2026-04-11T00:59:29.351881,0,0,581.2094139999999,0
2026-04-11T00:59:30.357897,0,0,580.3273879999999,0
2026-04-11T00:59:31.364833,0,0,579.4453619999999,0
2026-04-11T00:59:32.370825,0,0,580.3273879999999,0
2026-04-11T00:59:33.377765,0,0,580.3273879999999,0
2026-04-11T00:59:34.383748,0,0,579.4453619999999,0
2026-04-11T00:59:35.390781,0,0,580.3273879999999,0
2026-04-11T00:59:36.396707,0,0,580.3273879999999,0
2026-04-11T00:59:37.403653,0,0,579.4453619999999,0
2026-04-11T00:59:38.410718,0,0,581.2094139999999,0
2026-04-11T00:59:39.417598,0,0,580.3273879999999,0
2026-04-11T00:59:40.424608,0,0,580.3273879999999,0
2026-04-11T00:59:41.430655,0,0,580.3273879999999,0
2026-04-11T00:59:42.437536,0,0,579.4453619999999,0
2026-04-11T00:59:43.443525,0,0,579.4453619999999,0
2026-04-11T00:59:44.450584,0,0,580.3273879999999,0
2026-04-11T00:59:45.457480,0,0,580.3273879999999,0
2026-04-11T00:59:46.463449,0,0,578.5633359999999,0
2026-04-11T00:59:47.470507,0,0,580.3273879999999,0
2026-04-11T00:59:48.476390,0,0,580.3273879999999,0
2026-04-11T00:59:49.484363,0,0,580.3273879999999,0
2026-04-11T00:59:50.490467,0,0,580.3273879999999,0
2026-04-11T00:59:51.497325,0,0,579.4453619999999,0
2026-04-11T00:59:52.503297,0,0,575.917258,0
2026-04-11T00:59:53.510371,0,0,579.4453619999999,0
2026-04-11T00:59:54.517234,0,0,580.3273879999999,0
2026-04-11T00:59:55.523196,0,0,579.4453619999999,0
2026-04-11T00:59:56.530278,0,0,579.4453619999999,0
2026-04-11T00:59:57.536160,0,0,579.4453619999999,0
2026-04-11T00:59:58.544155,0,0,580.3273879999999,0
2026-04-11T00:59:59.550139,0,0,580.3273879999999,0
2026-04-11T01:00:00.556965,0,0,581.2094139999999,0
2026-04-11T01:00:01.564086,0,0,579.4453619999999,0
2026-04-11T01:00:02.570041,0,0,577.6813099999999,0
2026-04-11T01:00:03.577020,0,0,580.3273879999999,0
2026-04-11T01:00:04.583020,0,0,580.3273879999999,0
2026-04-11T01:00:05.589980,0,0,580.3273879999999,0
2026-04-11T01:00:06.595944,0,0,580.3273879999999,0
2026-04-11T01:00:07.602946,0,0,579.4453619999999,0
2026-04-11T01:00:08.609883,0,0,579.4453619999999,0
2026-04-11T01:00:09.616880,0,0,580.3273879999999,0
2026-04-11T01:00:10.623864,0,0,575.917258,0
2026-04-11T01:00:11.629795,0,0,579.4453619999999,0
2026-04-11T01:00:12.635779,0,0,580.3273879999999,0
2026-04-11T01:00:13.642780,0,0,579.4453619999999,0
2026-04-11T01:00:14.649689,0,0,580.3273879999999,0
2026-04-11T01:00:15.655740,0,0,580.3273879999999,0
2026-04-11T01:00:16.662689,0,0,580.3273879999999,0
2026-04-11T01:00:17.669667,0,0,579.4453619999999,0
2026-04-11T01:00:18.676638,0,0,579.4453619999999,0
2026-04-11T01:00:19.683602,0,0,580.3273879999999,0
2026-04-11T01:00:20.689587,0,0,580.3273879999999,0
2026-04-11T01:00:21.696562,0,0,580.3273879999999,0
2026-04-11T01:00:22.702591,0,0,579.4453619999999,0
2026-04-11T01:00:23.709506,0,0,582.0914399999999,0
2026-04-11T01:00:24.715479,0,0,580.3273879999999,0
2026-04-11T01:00:25.722554,0,0,580.3273879999999,0
2026-04-11T01:00:26.729457,0,0,579.4453619999999,0
2026-04-11T01:00:27.735423,0,0,579.4453619999999,0
2026-04-11T01:00:28.743397,0,0,582.0914399999999,0
2026-04-11T01:00:29.749322,0,0,580.3273879999999,0
2026-04-11T01:00:30.756322,0,0,580.3273879999999,0
2026-04-11T01:00:31.762365,0,0,579.4453619999999,0
2026-04-11T01:00:32.769254,0,0,580.3273879999999,0
2026-04-11T01:00:33.776257,0,0,580.3273879999999,0
2026-04-11T01:00:34.782285,0,0,580.3273879999999,0
2026-04-11T01:00:35.789181,0,0,580.3273879999999,0
2026-04-11T01:00:36.795183,0,0,579.4453619999999,0
2026-04-11T01:00:37.802138,0,0,580.3273879999999,0
2026-04-11T01:00:38.809112,0,0,579.4453619999999,0
2026-04-11T01:00:39.816108,0,0,580.3273879999999,0
2026-04-11T01:00:40.822059,0,0,580.3273879999999,0
2026-04-11T01:00:41.829046,0,0,580.3273879999999,0
2026-04-11T01:00:42.836022,0,0,579.4453619999999,0
2026-04-11T01:00:43.841968,0,0,580.3273879999999,0
2026-04-11T01:00:44.848973,0,0,580.3273879999999,0
2026-04-11T01:00:45.854955,0,0,581.2094139999999,0
2026-04-11T01:00:46.861877,0,0,580.3273879999999,0
2026-04-11T01:00:47.867906,0,0,579.4453619999999,0
2026-04-11T01:00:48.875883,0,0,580.3273879999999,0
2026-04-11T01:00:49.882845,0,0,580.3273879999999,0
2026-04-11T01:00:50.888819,0,0,579.4453619999999,0
2026-04-11T01:00:51.895801,0,0,580.3273879999999,0
2026-04-11T01:00:52.901768,0,0,579.4453619999999,0
2026-04-11T01:00:53.908733,0,0,580.3273879999999,0
2026-04-11T01:00:54.914756,0,0,580.3273879999999,0
2026-04-11T01:00:55.921661,0,0,580.3273879999999,0
2026-04-11T01:00:56.927675,0,0,579.4453619999999,0
2026-04-11T01:00:57.935675,0,0,580.3273879999999,0
2026-04-11T01:00:58.942698,0,0,580.3273879999999,0
2026-04-11T01:00:59.948581,0,0,580.3273879999999,0
2026-04-11T01:01:00.955569,0,0,580.3273879999999,0
2026-04-11T01:01:01.961515,0,0,579.4453619999999,0
2026-04-11T01:01:02.968496,0,0,578.5633359999999,0
2026-04-11T01:01:03.974596,0,0,579.4453619999999,0
2026-04-11T01:01:04.981435,0,0,583.8554919999999,0
2026-04-11T01:01:05.988397,0,0,579.4453619999999,0
2026-04-11T01:01:06.994484,0,0,580.3273879999999,0
2026-04-11T01:01:08.002419,0,0,580.3273879999999,0
2026-04-11T01:01:09.008336,0,0,580.3273879999999,0
2026-04-11T01:01:10.015301,0,0,579.4453619999999,0
2026-04-11T01:01:11.021272,0,0,580.3273879999999,0
2026-04-11T01:01:12.028237,0,0,580.3273879999999,0
2026-04-11T01:01:13.034327,0,0,580.3273879999999,0
2026-04-11T01:01:14.041380,0,0,580.3273879999999,0
2026-04-11T01:01:15.048215,0,0,579.4453619999999,0
2026-04-11T01:01:16.054282,0,0,579.4453619999999,0
2026-04-11T01:01:17.061165,0,0,580.3273879999999,0
2026-04-11T01:01:18.068106,0,0,579.4453619999999,0
2026-04-11T01:01:19.075099,0,0,580.3273879999999,0
2026-04-11T01:01:20.081043,0,0,580.3273879999999,0
2026-04-11T01:01:21.087055,0,0,579.4453619999999,0
2026-04-11T01:01:22.095016,0,0,580.3273879999999,0
2026-04-11T01:01:23.100984,0,0,580.3273879999999,0
2026-04-11T01:01:24.107945,0,0,580.3273879999999,0
2026-04-11T01:01:25.113923,0,0,580.3273879999999,0
2026-04-11T01:01:26.120888,0,0,579.4453619999999,0
2026-04-11T01:01:27.126870,0,0,580.3273879999999,0
2026-04-11T01:01:28.134843,0,0,580.3273879999999,0
2026-04-11T01:01:29.140815,0,0,580.3273879999999,0
2026-04-11T01:01:39.772111,0,0,579.4453619999999,0
2026-04-11T01:01:42.254588,0,0,580.3273879999999,0
2026-04-11T01:01:43.261475,0,0,580.3273879999999,0
2026-04-11T01:01:44.267469,0,0,579.4453619999999,0
2026-04-11T01:01:45.274501,0,0,579.4453619999999,0
2026-04-11T01:01:46.280365,0,0,580.3273879999999,0
2026-04-11T01:01:47.287372,0,0,580.3273879999999,0
2026-04-11T01:01:48.293331,0,0,579.4453619999999,0
2026-04-11T01:01:49.301345,0,0,578.5633359999999,0
2026-04-11T01:01:50.308295,0,0,579.4453619999999,0
2026-04-11T01:01:51.314380,0,0,579.4453619999999,0
2026-04-11T01:01:52.321222,0,0,578.5633359999999,0
2026-04-11T01:01:53.326911,0,0,580.3273879999999,0
2026-04-11T01:01:54.334168,0,0,580.3273879999999,0
2026-04-11T01:01:55.340157,0,0,580.3273879999999,0
2026-04-11T01:01:56.347094,0,0,581.2094139999999,0
2026-04-11T01:01:57.352010,0,0,579.4453619999999,0
2026-04-11T01:01:58.361070,0,0,579.4453619999999,0
2026-04-11T01:01:59.368046,0,0,579.4453619999999,0
2026-04-11T01:02:00.374056,0,0,578.5633359999999,0
2026-04-11T01:02:01.381044,0,0,579.4453619999999,0
2026-04-11T01:02:02.387001,0,0,579.4453619999999,0
2026-04-11T01:02:03.393963,0,0,580.3273879999999,0
2026-04-11T01:02:04.399940,0,0,580.3273879999999,0
2026-04-11T01:02:05.406899,0,0,581.2094139999999,0
2026-04-11T01:02:06.413866,0,0,580.3273879999999,0
2026-04-11T01:02:07.419836,0,0,580.3273879999999,0
2026-04-11T01:02:08.427814,0,0,581.2094139999999,0
2026-04-11T01:02:09.433804,0,0,580.3273879999999,0
2026-04-11T01:02:10.440737,0,0,579.4453619999999,0
2026-04-11T01:02:11.446735,0,0,580.3273879999999,0
2026-04-11T01:02:12.453715,0,0,580.3273879999999,0
2026-04-11T01:02:13.459688,0,0,579.4453619999999,0
2026-04-11T01:02:14.466656,0,0,579.4453619999999,0
2026-04-11T01:02:15.473647,0,0,579.4453619999999,0
2026-04-11T01:02:16.479616,0,0,579.4453619999999,0
2026-04-11T01:02:17.486654,0,0,580.3273879999999,0
2026-04-11T01:02:18.493587,0,0,580.3273879999999,0
2026-04-11T01:02:19.500558,0,0,579.4453619999999,0
2026-04-11T01:02:20.506584,0,0,578.5633359999999,0
2026-04-11T01:02:21.513501,0,0,579.4453619999999,0
2026-04-11T01:02:22.520464,0,0,580.3273879999999,0
2026-04-11T01:02:23.526517,0,0,580.3273879999999,0
2026-04-11T01:02:24.533432,0,0,580.3273879999999,0
2026-04-11T01:02:25.539396,0,0,579.4453619999999,0
2026-04-11T01:02:26.546313,0,0,581.2094139999999,0
2026-04-11T01:02:27.551347,0,0,579.4453619999999,0
2026-04-11T01:02:28.560336,0,0,579.4453619999999,0
2026-04-11T01:02:29.566370,0,0,580.3273879999999,0
2026-04-11T01:02:30.573284,0,0,579.4453619999999,0
2026-04-11T01:02:31.580254,0,0,580.3273879999999,0
2026-04-11T01:02:32.586267,0,0,579.4453619999999,0
2026-04-11T01:02:33.593184,0,0,581.2094139999999,0
2026-04-11T01:02:34.599156,0,0,580.3273879999999,0
2026-04-11T01:02:35.606138,0,0,579.4453619999999,0
2026-04-11T01:02:36.612128,0,0,579.4453619999999,0
2026-04-11T01:02:37.619096,0,0,580.3273879999999,0
2026-04-11T01:02:38.627047,0,0,581.2094139999999,0
2026-04-11T01:02:39.633055,0,0,579.4453619999999,0
2026-04-11T01:02:40.640016,0,0,579.4453619999999,0
2026-04-11T01:02:41.646009,0,0,580.3273879999999,0
2026-04-11T01:02:42.652975,0,0,581.2094139999999,0
2026-04-11T01:02:43.658965,0,0,580.3273879999999,0
2026-04-11T01:02:44.665951,0,0,579.4453619999999,0
2026-04-11T01:02:45.671910,0,0,579.4453619999999,0
2026-04-11T01:02:46.678870,0,0,580.3273879999999,0
2026-04-11T01:02:47.685805,0,0,580.3273879999999,0
2026-04-11T01:02:48.692796,0,0,580.3273879999999,0
2026-04-11T01:02:49.699752,0,0,581.2094139999999,0
2026-04-11T01:02:50.705842,0,0,579.4453619999999,0
2026-04-11T01:02:51.712775,0,0,580.3273879999999,0
2026-04-11T01:02:52.718742,0,0,580.3273879999999,0
2026-04-11T01:02:53.725703,0,0,580.3273879999999,0
2026-04-11T01:02:54.732662,0,0,579.4453619999999,0
2026-04-11T01:02:55.738710,0,0,579.4453619999999,0
2026-04-11T01:02:56.745626,0,0,580.3273879999999,0
2026-04-11T01:02:57.751602,0,0,580.3273879999999,0
2026-04-11T01:02:58.759570,0,0,580.3273879999999,0
2026-04-11T01:02:59.765531,0,0,577.6813099999999,0
2026-04-11T01:03:00.772507,0,0,580.3273879999999,0
2026-04-11T01:03:01.778538,0,0,580.3273879999999,0
2026-04-11T01:03:02.784435,0,0,580.3273879999999,0
2026-04-11T01:03:03.792405,0,0,579.4453619999999,0
2026-04-11T01:03:04.798509,0,0,579.4453619999999,0
2026-04-11T01:03:05.805346,0,0,580.3273879999999,0
2026-04-11T01:03:06.811338,0,0,579.4453619999999,0
2026-04-11T01:03:07.819315,0,0,580.3273879999999,0
2026-04-11T01:03:08.825281,0,0,580.3273879999999,0
2026-04-11T01:03:09.832272,0,0,579.4453619999999,0
2026-04-11T01:03:10.839219,0,0,580.3273879999999,0
2026-04-11T01:03:21.095619,0,0,582.0914399999999,0
2026-04-11T01:03:23.578020,0,0,578.5633359999999,0
2026-04-11T01:03:24.585003,0,0,580.3273879999999,0
2026-04-11T01:03:25.590950,0,0,580.3273879999999,0
2026-04-11T01:03:26.597953,0,0,579.4453619999999,0
2026-04-11T01:03:27.603912,0,0,578.5633359999999,0
2026-04-11T01:03:28.610897,0,0,579.4453619999999,0
2026-04-11T01:03:29.616861,0,0,581.2094139999999,0
2026-04-11T01:03:30.624846,0,0,580.3273879999999,0
2026-04-11T01:03:31.631789,0,0,579.4453619999999,0
2026-04-11T01:03:32.637790,0,0,579.4453619999999,0
2026-04-11T01:03:33.644727,0,0,580.3273879999999,0
2026-04-11T01:03:34.650759,0,0,580.3273879999999,0
2026-04-11T01:03:35.657671,0,0,580.3273879999999,0
2026-04-11T01:03:36.663655,0,0,578.5633359999999,0
2026-04-11T01:03:37.670739,0,0,580.3273879999999,0
2026-04-11T01:03:38.676602,0,0,580.3273879999999,0
2026-04-11T01:03:39.683600,0,0,580.3273879999999,0
2026-04-11T01:03:40.691526,0,0,580.3273879999999,0
2026-04-11T01:03:41.697552,0,0,580.3273879999999,0
2026-04-11T01:03:42.704469,0,0,579.4453619999999,0
2026-04-11T01:03:43.710503,0,0,580.3273879999999,0
2026-04-11T01:03:44.717375,0,0,580.3273879999999,0
2026-04-11T01:03:45.723363,0,0,580.3273879999999,0
2026-04-11T01:03:46.730422,0,0,580.3273879999999,0
2026-04-11T01:03:47.737306,0,0,580.3273879999999,0
2026-04-11T01:03:48.743281,0,0,579.4453619999999,0
2026-04-11T01:03:49.750368,0,0,580.3273879999999,0
2026-04-11T01:03:50.757238,0,0,580.3273879999999,0
2026-04-11T01:03:51.764197,0,0,590.9117,0
2026-04-11T01:03:52.770059,0,0,579.4453619999999,0
2026-04-11T01:03:53.777149,0,0,579.4453619999999,0
2026-04-11T01:03:54.783137,0,0,579.4453619999999,0
2026-04-11T01:03:55.790104,0,0,580.3273879999999,0
2026-04-11T01:03:56.797125,0,0,579.4453619999999,0
2026-04-11T01:03:57.803099,0,0,579.4453619999999,0
2026-04-11T01:03:58.810042,0,0,580.3273879999999,0
2026-04-11T01:03:59.816008,0,0,580.3273879999999,0
2026-04-11T01:04:00.823997,0,0,580.3273879999999,0
2026-04-11T01:04:01.829995,0,0,579.4453619999999,0
2026-04-11T01:04:02.836933,0,0,579.4453619999999,0
2026-04-11T01:04:03.843912,0,0,578.5633359999999,0
2026-04-11T01:04:04.849873,0,0,580.3273879999999,0
2026-04-11T01:04:05.856845,0,0,579.4453619999999,0
2026-04-11T01:04:06.862824,0,0,580.3273879999999,0
2026-04-11T01:04:07.869781,0,0,580.3273879999999,0
2026-04-11T01:04:08.875817,0,0,580.3273879999999,0
2026-04-11T01:04:09.882763,0,0,579.4453619999999,0
2026-04-11T01:04:10.889709,0,0,580.3273879999999,0
2026-04-11T01:04:11.896744,0,0,579.4453619999999,0
2026-04-11T01:04:12.903726,0,0,580.3273879999999,0
2026-04-11T01:04:13.909681,0,0,579.4453619999999,0
2026-04-11T01:04:14.916645,0,0,578.5633359999999,0
2026-04-11T01:04:15.922674,0,0,580.3273879999999,0
2026-04-11T01:04:16.929600,0,0,579.4453619999999,0
2026-04-11T01:04:17.935582,0,0,579.4453619999999,0
2026-04-11T01:04:28.393865,0,0,579.4453619999999,0
2026-04-11T01:04:30.876261,0,0,582.0914399999999,0
2026-04-11T01:04:31.882159,0,0,580.3273879999999,0
2026-04-11T01:04:32.889166,0,0,579.4453619999999,0
2026-04-11T01:04:33.896189,0,0,580.3273879999999,0
2026-04-11T01:04:34.902140,0,0,580.3273879999999,0
2026-04-11T01:04:35.909133,0,0,579.4453619999999,0
2026-04-11T01:04:36.915107,0,0,581.2094139999999,0
2026-04-11T01:04:37.922036,0,0,580.3273879999999,0
2026-04-11T01:04:38.930056,0,0,580.3273879999999,0
2026-04-11T01:04:39.936014,0,0,580.3273879999999,0
2026-04-11T01:04:40.942989,0,0,580.3273879999999,0
2026-04-11T01:04:41.948969,0,0,580.3273879999999,0
2026-04-11T01:04:42.955909,0,0,579.4453619999999,0
2026-04-11T01:04:43.961897,0,0,579.4453619999999,0
2026-04-11T01:04:44.968860,0,0,579.4453619999999,0
2026-04-11T01:04:45.974876,0,0,580.3273879999999,0
2026-04-11T01:04:46.981803,0,0,580.3273879999999,0
2026-04-11T01:04:47.989770,0,0,579.4453619999999,0
2026-04-11T01:04:48.995778,0,0,579.4453619999999,0
2026-04-11T01:04:50.002794,0,0,581.2094139999999,0
2026-04-11T01:04:51.008687,0,0,580.3273879999999,0
2026-04-11T01:04:52.015729,0,0,580.3273879999999,0
2026-04-11T01:04:53.021708,0,0,580.3273879999999,0
2026-04-11T01:04:54.028665,0,0,578.5633359999999,0
2026-04-11T01:04:55.035655,0,0,581.2094139999999,0
2026-04-11T01:04:56.041621,0,0,580.3273879999999,0
2026-04-11T01:04:57.048600,0,0,579.4453619999999,0
2026-04-11T01:04:58.054654,0,0,581.2094139999999,0
2026-04-11T01:04:59.062573,0,0,579.4453619999999,0
2026-04-11T01:05:00.068514,0,0,580.3273879999999,0
2026-04-11T01:05:01.075472,0,0,580.3273879999999,0
2026-04-11T01:05:02.081487,0,0,580.3273879999999,0
2026-04-11T01:05:03.088412,0,0,579.4453619999999,0
2026-04-11T01:05:04.095422,0,0,580.3273879999999,0
2026-04-11T01:05:05.101390,0,0,579.4453619999999,0
2026-04-11T01:05:06.108380,0,0,580.3273879999999,0
2026-04-11T01:05:07.114365,0,0,580.3273879999999,0
2026-04-11T01:05:08.122389,0,0,579.4453619999999,0
2026-04-11T01:05:09.128295,0,0,581.2094139999999,0
2026-04-11T01:05:10.135291,0,0,579.4453619999999,0
2026-04-11T01:05:11.142317,0,0,579.4453619999999,0
2026-04-11T01:05:12.148219,0,0,581.2094139999999,0
2026-04-11T01:05:13.155195,0,0,579.4453619999999,0
2026-04-11T01:05:14.161161,0,0,580.3273879999999,0
2026-04-11T01:05:15.168122,0,0,580.3273879999999,0
2026-04-11T01:05:16.174134,0,0,580.3273879999999,0
2026-04-11T01:05:17.181084,0,0,579.4453619999999,0
2026-04-11T01:05:18.187070,0,0,580.3273879999999,0
2026-04-11T01:05:19.194993,0,0,580.3273879999999,0
2026-04-11T01:05:20.202003,0,0,580.3273879999999,0
2026-04-11T01:05:21.207985,0,0,580.3273879999999,0
2026-04-11T01:05:22.214953,0,0,580.3273879999999,0
2026-04-11T01:05:23.220912,0,0,578.5633359999999,0
2026-04-11T01:05:24.227863,0,0,580.3273879999999,0
2026-04-11T01:05:25.233848,0,0,580.3273879999999,0
2026-04-11T01:05:37.907279,0,0,580.3273879999999,0
2026-04-11T01:05:38.913559,0,0,579.4453619999999,0
2026-04-11T01:05:39.919537,0,0,580.3273879999999,0
2026-04-11T01:05:40.926546,0,0,580.3273879999999,0
2026-04-11T01:05:41.932481,0,0,578.5633359999999,0
2026-04-11T01:05:42.939457,0,0,580.3273879999999,0
2026-04-11T01:05:43.945430,0,0,578.5633359999999,0
2026-04-11T01:05:44.953406,0,0,580.3273879999999,0
2026-04-11T01:05:45.960338,0,0,578.5633359999999,0
2026-04-11T01:05:46.966410,0,0,579.4453619999999,0
2026-04-11T01:05:47.973303,0,0,579.4453619999999,0
2026-04-11T01:05:48.979246,0,0,580.3273879999999,0
2026-04-11T01:05:49.986341,0,0,580.3273879999999,0
2026-04-11T01:05:50.992230,0,0,580.3273879999999,0
2026-04-11T01:05:51.999175,0,0,580.3273879999999,0
2026-04-11T01:05:53.005207,0,0,579.4453619999999,0
2026-04-11T01:05:54.012144,0,0,580.3273879999999,0
2026-04-11T01:05:55.020139,0,0,579.4453619999999,0
2026-04-11T01:05:56.026121,0,0,579.4453619999999,0
2026-04-11T01:05:57.033088,0,0,580.3273879999999,0
2026-04-11T01:05:58.039083,0,0,579.4453619999999,0
2026-04-11T01:05:59.046001,0,0,580.3273879999999,0
2026-04-11T01:06:00.051976,0,0,580.3273879999999,0
2026-04-11T01:06:01.058965,0,0,579.4453619999999,0
2026-04-11T01:06:02.065918,0,0,580.3273879999999,0
2026-04-11T01:06:03.071923,0,0,580.3273879999999,0
2026-04-11T01:06:04.078920,0,0,580.3273879999999,0
2026-04-11T01:06:05.085845,0,0,580.3273879999999,0
2026-04-11T01:06:06.092826,0,0,579.4453619999999,0
2026-04-11T01:06:07.098791,0,0,579.4453619999999,0
2026-04-11T01:06:08.105788,0,0,578.5633359999999,0
2026-04-11T01:06:09.111759,0,0,580.3273879999999,0
2026-04-11T01:06:10.118731,0,0,579.4453619999999,0
2026-04-11T01:06:11.125711,0,0,579.4453619999999,0
2026-04-11T01:06:12.131667,0,0,579.4453619999999,0
2026-04-11T01:06:13.138707,0,0,580.3273879999999,0
2026-04-11T01:06:14.144629,0,0,580.3273879999999,0
2026-04-11T01:06:15.152605,0,0,580.3273879999999,0
2026-04-11T01:06:16.158662,0,0,579.4453619999999,0
2026-04-11T01:06:17.165567,0,0,580.3273879999999,0
2026-04-11T01:06:18.172505,0,0,580.3273879999999,0
2026-04-11T01:06:19.178646,0,0,581.2094139999999,0
2026-04-11T01:06:20.185463,0,0,579.4453619999999,0
2026-04-11T01:06:21.191445,0,0,579.4453619999999,0
2026-04-11T01:06:22.198539,0,0,580.3273879999999,0
2026-04-11T01:06:23.203386,0,0,579.4453619999999,0
2026-04-11T01:06:24.211382,0,0,579.4453619999999,0
2026-04-11T01:06:25.218584,0,0,580.3273879999999,0
2026-04-11T01:06:26.225362,0,0,579.4453619999999,0
2026-04-11T01:06:27.232338,0,0,580.3273879999999,0
2026-04-11T01:06:28.238373,0,0,580.3273879999999,0
2026-04-11T01:06:29.245235,0,0,580.3273879999999,0
2026-04-11T01:06:30.251262,0,0,580.3273879999999,0
2026-04-11T01:06:31.258322,0,0,580.3273879999999,0
2026-04-11T01:06:32.264197,0,0,579.4453619999999,0
2026-04-11T01:06:33.271193,0,0,580.3273879999999,0
2026-04-11T01:06:44.160449,0,0,580.3273879999999,0
2026-04-11T01:06:46.642856,0,0,580.3273879999999,0
2026-04-11T01:06:47.649773,0,0,580.3273879999999,0
2026-04-11T01:06:48.655765,0,0,580.3273879999999,0
2026-04-11T01:06:49.662760,0,0,579.4453619999999,0
2026-04-11T01:06:50.668726,0,0,579.4453619999999,0
2026-04-11T01:06:51.675703,0,0,581.2094139999999,0
2026-04-11T01:06:52.681664,0,0,579.4453619999999,0
2026-04-11T01:06:53.688677,0,0,580.3273879999999,0
2026-04-11T01:06:54.696638,0,0,579.4453619999999,0
2026-04-11T01:06:55.702660,0,0,578.5633359999999,0
2026-04-11T01:06:56.709594,0,0,580.3273879999999,0
2026-04-11T01:06:57.715589,0,0,579.4453619999999,0
2026-04-11T01:06:58.722572,0,0,579.4453619999999,0
2026-04-11T01:06:59.728523,0,0,580.3273879999999,0
2026-04-11T01:07:00.735450,0,0,580.3273879999999,0
2026-04-11T01:07:01.741454,0,0,578.5633359999999,0
2026-04-11T01:07:02.748464,0,0,579.4453619999999,0
2026-04-11T01:07:03.756437,0,0,580.3273879999999,0
2026-04-11T01:07:04.762448,0,0,579.4453619999999,0
2026-04-11T01:07:05.769368,0,0,579.4453619999999,0
2026-04-11T01:07:06.775308,0,0,579.4453619999999,0
2026-04-11T01:07:16.827593,0,0,579.4453619999999,0
2026-04-11T01:07:19.310001,0,0,579.4453619999999,0
2026-04-11T01:07:20.316983,0,0,580.3273879999999,0
2026-04-11T01:07:21.322951,0,0,580.3273879999999,0
2026-04-11T01:07:22.329946,0,0,579.4453619999999,0
2026-04-11T01:07:23.335886,0,0,580.3273879999999,0
2026-04-11T01:07:24.342835,0,0,579.4453619999999,0
2026-04-11T01:07:25.347842,0,0,579.4453619999999,0
2026-04-11T01:07:26.356832,0,0,579.4453619999999,0
2026-04-11T01:07:27.363869,0,0,579.4453619999999,0
2026-04-11T01:07:28.369767,0,0,579.4453619999999,0
2026-04-11T01:07:29.376733,0,0,578.5633359999999,0
2026-04-11T01:07:30.382748,0,0,580.3273879999999,0
2026-04-11T01:07:31.389697,0,0,580.3273879999999,0
2026-04-11T01:07:32.395647,0,0,579.4453619999999,0
2026-04-11T01:07:33.402720,0,0,579.4453619999999,0
2026-04-11T01:07:34.408614,0,0,579.4453619999999,0
2026-04-11T01:07:35.415595,0,0,579.4453619999999,0
2026-04-11T01:07:36.422656,0,0,580.3273879999999,0
2026-04-11T01:07:37.429619,0,0,580.3273879999999,0
2026-04-11T01:07:38.436527,0,0,579.4453619999999,0
2026-04-11T01:07:39.442560,0,0,579.4453619999999,0
2026-04-11T01:07:40.449474,0,0,580.3273879999999,0
2026-04-11T01:07:41.455427,0,0,579.4453619999999,0
2026-04-11T01:07:42.462467,0,0,578.5633359999999,0
2026-04-11T01:07:43.469383,0,0,579.4453619999999,0
2026-04-11T01:07:44.475383,0,0,579.4453619999999,0
2026-04-11T01:07:45.482461,0,0,580.3273879999999,0
2026-04-11T01:07:46.488316,0,0,581.2094139999999,0
2026-04-11T01:07:47.496319,0,0,579.4453619999999,0
2026-04-11T01:07:48.502376,0,0,579.4453619999999,0
2026-04-11T01:07:49.509264,0,0,580.3273879999999,0
2026-04-11T01:07:50.515232,0,0,579.4453619999999,0
2026-04-11T01:07:51.522300,0,0,580.3273879999999,0
2026-04-11T01:07:52.529205,0,0,581.2094139999999,0
2026-04-11T01:07:53.535165,0,0,579.4453619999999,0
2026-04-11T01:07:54.542131,0,0,580.3273879999999,0
2026-04-11T01:07:55.548128,0,0,579.4453619999999,0
2026-04-11T01:07:56.555114,0,0,579.4453619999999,0
2026-04-11T01:07:57.562022,0,0,578.5633359999999,0
2026-04-11T01:07:58.569028,0,0,579.4453619999999,0
2026-04-11T01:07:59.575983,0,0,580.3273879999999,0
2026-04-11T01:08:00.579957,0,0,580.3273879999999,0
2026-04-11T01:08:01.588988,0,0,579.4453619999999,0
2026-04-11T01:08:02.594884,0,0,580.3273879999999,0
2026-04-11T01:08:03.601934,0,0,579.4453619999999,0
2026-04-11T01:08:04.607885,0,0,579.4453619999999,0
2026-04-11T01:08:05.614898,0,0,579.4453619999999,0
2026-04-11T01:08:06.620830,0,0,579.4453619999999,0
2026-04-11T01:08:07.628803,0,0,579.4453619999999,0
2026-04-11T01:08:08.635783,0,0,579.4453619999999,0
2026-04-11T01:08:09.641759,0,0,580.3273879999999,0
2026-04-11T01:08:10.648729,0,0,579.4453619999999,0
2026-04-11T01:08:11.654712,0,0,578.5633359999999,0
2026-04-11T01:08:12.661675,0,0,580.3273879999999,0
2026-04-11T01:08:13.667607,0,0,579.4453619999999,0
2026-04-11T01:08:14.674713,0,0,580.3273879999999,0
2026-04-11T01:08:15.681604,0,0,580.3273879999999,0
2026-04-11T01:08:16.687607,0,0,580.3273879999999,0
2026-04-11T01:08:17.693612,0,0,580.3273879999999,0
2026-04-11T01:08:18.701515,0,0,580.3273879999999,0
2026-04-11T01:08:19.708438,0,0,580.3273879999999,0
2026-04-11T01:08:20.714539,0,0,579.4453619999999,0
2026-04-11T01:08:21.721452,0,0,579.4453619999999,0
2026-04-11T01:08:22.727401,0,0,579.4453619999999,0
2026-04-11T01:08:23.734554,0,0,579.4453619999999,0
2026-04-11T01:08:24.741555,0,0,580.3273879999999,0
2026-04-11T01:08:25.747351,0,0,580.3273879999999,0
2026-04-11T01:08:26.754375,0,0,579.4453619999999,0
2026-04-11T01:08:27.761348,0,0,579.4453619999999,0
2026-04-11T01:08:28.768213,0,0,579.4453619999999,0
2026-04-11T01:08:29.774409,0,0,579.4453619999999,0
2026-04-11T01:08:30.781232,0,0,580.3273879999999,0
2026-04-11T01:08:31.788247,0,0,579.4453619999999,0
2026-04-11T01:08:32.794288,0,0,579.4453619999999,0
2026-04-11T01:08:33.801188,0,0,580.3273879999999,0
2026-04-11T01:08:34.807160,0,0,580.3273879999999,0
2026-04-11T01:08:35.814143,0,0,580.3273879999999,0
2026-04-11T01:08:36.820083,0,0,581.2094139999999,0
2026-04-11T01:08:37.828053,0,0,579.4453619999999,0
2026-04-11T01:08:38.834032,0,0,578.5633359999999,0
2026-04-11T01:08:39.841011,0,0,580.3273879999999,0
2026-04-11T01:08:40.847999,0,0,579.4453619999999,0
2026-04-11T01:08:41.853958,0,0,577.6813099999999,0
2026-04-11T01:08:42.860923,0,0,581.2094139999999,0
2026-04-11T01:08:43.866911,0,0,580.3273879999999,0
2026-04-11T01:08:44.873875,0,0,590.9117,0
2026-04-11T01:08:45.879855,0,0,580.3273879999999,0
2026-04-11T01:08:46.887812,0,0,579.4453619999999,0
2026-04-11T01:08:47.894845,0,0,580.3273879999999,0
2026-04-11T01:08:48.900822,0,0,579.4453619999999,0
2026-04-11T01:08:49.907789,0,0,579.4453619999999,0
2026-04-11T01:08:50.913760,0,0,580.3273879999999,0
2026-04-11T01:08:51.920709,0,0,579.4453619999999,0
2026-04-11T01:08:52.926738,0,0,579.4453619999999,0
2026-04-11T01:08:53.932633,0,0,582.0914399999999,0
2026-04-11T01:08:54.939628,0,0,580.3273879999999,0
2026-04-11T01:08:55.946657,0,0,580.3273879999999,0
2026-04-11T01:08:56.954650,0,0,579.4453619999999,0
2026-04-11T01:08:57.960596,0,0,580.3273879999999,0
2026-04-11T01:08:58.967572,0,0,580.3273879999999,0
2026-04-11T01:08:59.973517,0,0,579.4453619999999,0
2026-04-11T01:09:00.980525,0,0,580.3273879999999,0
2026-04-11T01:09:01.986603,0,0,580.3273879999999,0
2026-04-11T01:09:02.993467,0,0,579.4453619999999,0
2026-04-11T01:09:04.000442,0,0,580.3273879999999,0
2026-04-11T01:09:05.006456,0,0,580.3273879999999,0
2026-04-11T01:09:06.013352,0,0,579.4453619999999,0
2026-04-11T01:09:07.020320,0,0,579.4453619999999,0
2026-04-11T01:09:08.027315,0,0,579.4453619999999,0
2026-04-11T01:09:09.033281,0,0,579.4453619999999,0
2026-04-11T01:09:10.040252,0,0,580.3273879999999,0
2026-04-11T01:09:11.046300,0,0,580.3273879999999,0
2026-04-11T01:09:12.053188,0,0,580.3273879999999,0
2026-04-11T01:09:13.060187,0,0,580.3273879999999,0
2026-04-11T01:09:14.066142,0,0,580.3273879999999,0
2026-04-11T01:09:15.073128,0,0,580.3273879999999,0
2026-04-11T01:09:16.079121,0,0,580.3273879999999,0
2026-04-11T01:09:17.087098,0,0,579.4453619999999,0
2026-04-11T01:09:18.093069,0,0,579.4453619999999,0
2026-04-11T01:09:19.100065,0,0,580.3273879999999,0
2026-04-11T01:09:20.107036,0,0,579.4453619999999,0
2026-04-11T01:09:21.112998,0,0,580.3273879999999,0
2026-04-11T01:09:22.119978,0,0,579.4453619999999,0
2026-04-11T01:09:23.125950,0,0,580.3273879999999,0
2026-04-11T01:09:24.132911,0,0,580.3273879999999,0
2026-04-11T01:09:25.138901,0,0,580.3273879999999,0
2026-04-11T01:09:26.145849,0,0,579.4453619999999,0
2026-04-11T01:09:27.152810,0,0,580.3273879999999,0
2026-04-11T01:09:28.159799,0,0,580.3273879999999,0
2026-04-11T01:09:29.166804,0,0,581.2094139999999,0
2026-04-11T01:09:30.172719,0,0,580.3273879999999,0
2026-04-11T01:09:31.179716,0,0,579.4453619999999,0
2026-04-11T01:09:32.185707,0,0,577.6813099999999,0
2026-04-11T01:09:33.192640,0,0,579.4453619999999,0
2026-04-11T01:09:34.198703,0,0,579.4453619999999,0
2026-04-11T01:09:35.205615,0,0,580.3273879999999,0
2026-04-11T01:09:36.212585,0,0,579.4453619999999,0
2026-04-11T01:09:37.219561,0,0,579.4453619999999,0
2026-04-11T01:09:38.226628,0,0,580.3273879999999,0
2026-04-11T01:09:39.232507,0,0,580.3273879999999,0
2026-04-11T01:09:40.239491,0,0,580.3273879999999,0
2026-04-11T01:09:41.245485,0,0,579.4453619999999,0
2026-04-11T01:09:42.252460,0,0,581.2094139999999,0
2026-04-11T01:09:43.258549,0,0,579.4453619999999,0
2026-04-11T01:09:44.265456,0,0,585.6195439999999,0
2026-04-11T01:09:45.271377,0,0,579.4453619999999,0
2026-04-11T01:09:46.278466,0,0,579.4453619999999,0
2026-04-11T01:09:47.286389,0,0,580.3273879999999,0
2026-04-11T01:09:48.292301,0,0,580.3273879999999,0
2026-04-11T01:09:49.299329,0,0,578.5633359999999,0
2026-04-11T01:09:50.305261,0,0,580.3273879999999,0
2026-04-11T01:09:51.312275,0,0,580.3273879999999,0
2026-04-11T01:09:52.319184,0,0,580.3273879999999,0
2026-04-11T01:09:53.325183,0,0,579.4453619999999,0
2026-04-11T01:09:54.332158,0,0,579.4453619999999,0
2026-04-11T01:09:55.338124,0,0,580.3273879999999,0
2026-04-11T01:09:56.346106,0,0,579.4453619999999,0
2026-04-11T01:09:57.352198,0,0,579.4453619999999,0
2026-04-11T01:09:58.358968,0,0,580.3273879999999,0
2026-04-11T01:09:59.365087,0,0,580.3273879999999,0
2026-04-11T01:10:00.372060,0,0,579.4453619999999,0
2026-04-11T01:10:01.379074,0,0,579.4453619999999,0
2026-04-11T01:10:02.385007,0,0,579.4453619999999,0
2026-04-11T01:10:03.392007,0,0,580.3273879999999,0
2026-04-11T01:10:04.397987,0,0,580.3273879999999,0
2026-04-11T01:10:05.404928,0,0,579.4453619999999,0
2026-04-11T01:10:06.411904,0,0,579.4453619999999,0
2026-04-11T01:10:07.418891,0,0,580.3273879999999,0
2026-04-11T01:10:08.425895,0,0,580.3273879999999,0
2026-04-11T01:10:09.431830,0,0,580.3273879999999,0
2026-04-11T01:10:10.438813,0,0,580.3273879999999,0
2026-04-11T01:10:11.444777,0,0,580.3273879999999,0
2026-04-11T01:10:12.451737,0,0,580.3273879999999,0
2026-04-11T01:10:13.457732,0,0,579.4453619999999,0
2026-04-11T01:10:14.464697,0,0,580.3273879999999,0
2026-04-11T01:10:15.470758,0,0,580.3273879999999,0
2026-04-11T01:10:16.478695,0,0,580.3273879999999,0
2026-04-11T01:10:17.485625,0,0,580.3273879999999,0
2026-04-11T01:10:18.491654,0,0,580.3273879999999,0
2026-04-11T01:10:19.496570,0,0,580.3273879999999,0
2026-04-11T01:10:20.504553,0,0,580.3273879999999,0
2026-04-11T01:10:21.511565,0,0,579.4453619999999,0
2026-04-11T01:10:22.517501,0,0,579.4453619999999,0
2026-04-11T01:10:23.524467,0,0,579.4453619999999,0
2026-04-11T01:10:24.531459,0,0,581.2094139999999,0
2026-04-11T01:10:25.536433,0,0,580.3273879999999,0
2026-04-11T01:10:26.545404,0,0,580.3273879999999,0
2026-04-11T01:10:27.551382,0,0,578.5633359999999,0
2026-04-11T01:10:28.558444,0,0,580.3273879999999,0
2026-04-11T01:10:29.564331,0,0,580.3273879999999,0
2026-04-11T01:10:30.571306,0,0,580.3273879999999,0
2026-04-11T01:10:31.577284,0,0,580.3273879999999,0
2026-04-11T01:10:32.584254,0,0,579.4453619999999,0
2026-04-11T01:10:33.591239,0,0,580.3273879999999,0
2026-04-11T01:10:34.597168,0,0,580.3273879999999,0
2026-04-11T01:10:35.604157,0,0,578.5633359999999,0
2026-04-11T01:10:36.609122,0,0,579.4453619999999,0
2026-04-11T01:10:37.618104,0,0,580.3273879999999,0
2026-04-11T01:10:38.624076,0,0,581.2094139999999,0
2026-04-11T01:10:39.631067,0,0,580.3273879999999,0
2026-04-11T01:10:40.638035,0,0,578.5633359999999,0
2026-04-11T01:10:41.644009,0,0,579.4453619999999,0
2026-04-11T01:10:42.650994,0,0,580.3273879999999,0
2026-04-11T01:10:43.656961,0,0,581.2094139999999,0
2026-04-11T01:10:44.663904,0,0,580.3273879999999,0
2026-04-11T01:10:45.669906,0,0,579.4453619999999,0
2026-04-11T01:10:46.677916,0,0,579.4453619999999,0
2026-04-11T01:10:47.683839,0,0,579.4453619999999,0
2026-04-11T01:10:48.690839,0,0,580.3273879999999,0
2026-04-11T01:10:49.697774,0,0,579.4453619999999,0
2026-04-11T01:10:50.703792,0,0,580.3273879999999,0
2026-04-11T01:10:51.710806,0,0,581.2094139999999,0
2026-04-11T01:10:52.716712,0,0,580.3273879999999,0
2026-04-11T01:10:53.723722,0,0,580.3273879999999,0
2026-04-11T01:10:54.729705,0,0,578.5633359999999,0
2026-04-11T01:10:55.737689,0,0,580.3273879999999,0
2026-04-11T01:10:56.744670,0,0,580.3273879999999,0
2026-04-11T01:10:57.750681,0,0,580.3273879999999,0
2026-04-11T01:10:58.757605,0,0,580.3273879999999,0
2026-04-11T01:10:59.763594,0,0,579.4453619999999,0
2026-04-11T01:11:00.770607,0,0,579.4453619999999,0
2026-04-11T01:11:01.776547,0,0,580.3273879999999,0
2026-04-11T01:11:02.783514,0,0,578.5633359999999,0
2026-04-11T01:11:03.789497,0,0,580.3273879999999,0
2026-04-11T01:11:04.796411,0,0,579.4453619999999,0
2026-04-11T01:11:05.804407,0,0,580.3273879999999,0
2026-04-11T01:11:06.810506,0,0,580.3273879999999,0
2026-04-11T01:11:07.817356,0,0,580.3273879999999,0
2026-04-11T01:11:08.823360,0,0,580.3273879999999,0
2026-04-11T01:11:09.830403,0,0,580.3273879999999,0
2026-04-11T01:11:10.835293,0,0,580.3273879999999,0
2026-04-11T01:11:11.842348,0,0,580.3273879999999,0
2026-04-11T01:11:12.850331,0,0,579.4453619999999,0
2026-04-11T01:11:13.856218,0,0,580.3273879999999,0
2026-04-11T01:11:14.863235,0,0,579.4453619999999,0
2026-04-11T01:11:15.870154,0,0,580.3273879999999,0
2026-04-11T01:11:16.877092,0,0,579.4453619999999,0
2026-04-11T01:11:17.883114,0,0,580.3273879999999,0
2026-04-11T01:11:18.890084,0,0,580.3273879999999,0
2026-04-11T01:11:19.896041,0,0,582.9734659999999,0
2026-04-11T01:11:20.903037,0,0,579.4453619999999,0
2026-04-11T01:11:21.910009,0,0,580.3273879999999,0
2026-04-11T01:11:22.915933,0,0,580.3273879999999,0
2026-04-11T01:11:23.922961,0,0,579.4453619999999,0
2026-04-11T01:11:24.928931,0,0,580.3273879999999,0
2026-04-11T01:11:25.936920,0,0,578.5633359999999,0
2026-04-11T01:11:26.942883,0,0,579.4453619999999,0
2026-04-11T01:11:27.949851,0,0,580.3273879999999,0
2026-04-11T01:11:28.956948,0,0,579.4453619999999,0
2026-04-11T01:11:29.962791,0,0,580.3273879999999,0
2026-04-11T01:11:30.969737,0,0,579.4453619999999,0
2026-04-11T01:11:31.975766,0,0,577.6813099999999,0
2026-04-11T01:11:32.982777,0,0,580.3273879999999,0
2026-04-11T01:11:33.988676,0,0,580.3273879999999,0
2026-04-11T01:11:34.996674,0,0,576.799284,0
2026-04-11T01:11:36.002712,0,0,579.4453619999999,0
2026-04-11T01:11:37.009642,0,0,582.0914399999999,0
2026-04-11T01:11:38.016614,0,0,580.3273879999999,0
2026-04-11T01:11:39.022621,0,0,580.3273879999999,0
2026-04-11T01:11:40.029548,0,0,578.5633359999999,0
2026-04-11T01:11:41.035536,0,0,579.4453619999999,0
2026-04-11T01:11:42.042592,0,0,580.3273879999999,0
2026-04-11T01:11:43.048466,0,0,581.2094139999999,0
2026-04-11T01:11:44.055444,0,0,579.4453619999999,0
2026-04-11T01:11:45.063420,0,0,580.3273879999999,0
2026-04-11T01:11:46.069396,0,0,579.4453619999999,0
2026-04-11T01:11:47.076380,0,0,581.2094139999999,0
2026-04-11T01:11:48.082441,0,0,580.3273879999999,0
2026-04-11T01:11:49.089325,0,0,579.4453619999999,0
2026-04-11T01:11:50.095301,0,0,580.3273879999999,0
2026-04-11T01:11:51.102368,0,0,580.3273879999999,0
2026-04-11T01:11:52.108220,0,0,579.4453619999999,0
2026-04-11T01:11:53.115236,0,0,580.3273879999999,0
2026-04-11T01:11:54.122301,0,0,581.2094139999999,0
2026-04-11T01:11:55.129190,0,0,580.3273879999999,0
2026-04-11T01:11:56.136159,0,0,579.4453619999999,0
2026-04-11T01:11:57.142132,0,0,579.4453619999999,0
2026-04-11T01:11:58.149075,0,0,580.3273879999999,0
2026-04-11T01:11:59.155097,0,0,578.5633359999999,0
2026-04-11T01:12:00.162013,0,0,581.2094139999999,0
2026-04-11T01:12:01.169043,0,0,579.4453619999999,0
2026-04-11T01:12:02.174970,0,0,581.2094139999999,0
2026-04-11T01:12:03.181879,0,0,579.4453619999999,0
2026-04-11T01:12:04.187938,0,0,580.3273879999999,0
2026-04-11T01:12:05.195872,0,0,580.3273879999999,0
2026-04-11T01:12:06.201894,0,0,580.3273879999999,0
2026-04-11T01:12:07.208887,0,0,580.3273879999999,0
2026-04-11T01:12:08.214871,0,0,580.3273879999999,0
2026-04-11T01:12:09.221796,0,0,579.4453619999999,0
2026-04-11T01:12:10.228787,0,0,579.4453619999999,0
2026-04-11T01:12:11.234777,0,0,579.4453619999999,0
2026-04-11T01:12:12.241746,0,0,580.3273879999999,0
2026-04-11T01:12:13.247706,0,0,580.3273879999999,0
2026-04-11T01:12:14.255703,0,0,579.4453619999999,0
2026-04-11T01:12:15.261676,0,0,580.3273879999999,0
2026-04-11T01:12:16.268663,0,0,578.5633359999999,0
2026-04-11T01:12:17.275661,0,0,580.3273879999999,0
2026-04-11T01:12:18.281678,0,0,580.3273879999999,0
2026-04-11T01:12:19.288677,0,0,579.4453619999999,0
2026-04-11T01:12:20.293649,0,0,579.4453619999999,0
2026-04-11T01:12:21.301627,0,0,580.3273879999999,0
2026-04-11T01:12:22.307624,0,0,580.3273879999999,0
2026-04-11T01:12:23.314715,0,0,580.3273879999999,0
2026-04-11T01:12:24.321615,0,0,579.4453619999999,0
2026-04-11T01:12:25.328614,0,0,579.4453619999999,0
2026-04-11T01:12:26.335585,0,0,580.3273879999999,0
2026-04-11T01:12:27.341584,0,0,580.3273879999999,0
2026-04-11T01:12:28.348567,0,0,579.4453619999999,0
2026-04-11T01:12:29.354620,0,0,579.4453619999999,0
2026-04-11T01:12:30.361540,0,0,579.4453619999999,0
2026-04-11T01:12:31.367484,0,0,578.5633359999999,0
2026-04-11T01:12:32.374608,0,0,580.3273879999999,0
2026-04-11T01:12:33.381514,0,0,579.4453619999999,0
2026-04-11T01:12:34.388491,0,0,580.3273879999999,0
2026-04-11T01:12:35.394946,0,0,579.4453619999999,0
2026-04-11T01:12:36.401501,0,0,580.3273879999999,0
2026-04-11T01:12:37.408505,0,0,580.3273879999999,0
2026-04-11T01:12:38.414552,0,0,580.3273879999999,0
2026-04-11T01:12:39.421416,0,0,579.4453619999999,0
2026-04-11T01:12:40.427417,0,0,580.3273879999999,0
2026-04-11T01:12:41.434510,0,0,579.4453619999999,0
2026-04-11T01:12:42.441402,0,0,581.2094139999999,0
2026-04-11T01:12:43.448368,0,0,580.3273879999999,0
2026-04-11T01:12:44.455370,0,0,578.5633359999999,0
2026-04-11T01:12:45.461355,0,0,579.4453619999999,0
2026-04-11T01:12:46.468343,0,0,578.5633359999999,0
2026-04-11T01:12:47.474290,0,0,579.4453619999999,0
2026-04-11T01:12:48.481357,0,0,580.3273879999999,0
2026-04-11T01:12:49.488341,0,0,579.4453619999999,0
2026-04-11T01:12:50.494471,0,0,579.4453619999999,0
2026-04-11T01:12:51.501292,0,0,580.3273879999999,0
2026-04-11T01:12:52.507301,0,0,580.3273879999999,0
2026-04-11T01:12:53.515258,0,0,579.4453619999999,0
2026-04-11T01:12:54.521266,0,0,580.3273879999999,0
2026-04-11T01:12:55.528244,0,0,579.4453619999999,0
2026-04-11T01:12:56.534304,0,0,579.4453619999999,0
2026-04-11T01:12:57.541227,0,0,579.4453619999999,0
2026-04-11T01:12:58.548212,0,0,580.3273879999999,0
2026-04-11T01:12:59.554262,0,0,580.3273879999999,0
2026-04-11T01:13:00.561163,0,0,579.4453619999999,0
2026-04-11T01:13:01.567177,0,0,579.4453619999999,0
2026-04-11T01:13:02.574157,0,0,580.3273879999999,0
2026-04-11T01:13:03.581147,0,0,579.4453619999999,0
2026-04-11T01:13:04.588129,0,0,578.5633359999999,0
2026-04-11T01:13:05.595100,0,0,579.4453619999999,0
2026-04-11T01:13:06.601101,0,0,580.3273879999999,0
2026-04-11T01:13:07.608088,0,0,578.5633359999999,0
2026-04-11T01:13:08.614066,0,0,579.4453619999999,0
2026-04-11T01:13:09.619078,0,0,579.4453619999999,0
2026-04-11T01:13:10.627098,0,0,579.4453619999999,0
2026-04-11T01:13:11.634052,0,0,580.3273879999999,0
2026-04-11T01:13:12.639015,0,0,580.3273879999999,0
2026-04-11T01:13:13.648029,0,0,577.6813099999999,0
2026-04-11T01:13:14.655022,0,0,579.4453619999999,0
2026-04-11T01:13:15.660984,0,0,579.4453619999999,0
2026-04-11T01:13:16.667943,0,0,580.3273879999999,0
2026-04-11T01:13:17.673928,0,0,580.3273879999999,0
2026-04-11T01:13:18.680915,0,0,579.4453619999999,0
2026-04-11T01:13:19.686908,0,0,579.4453619999999,0
2026-04-11T01:13:30.148353,0,0,579.4453619999999,0
2026-04-11T01:13:32.630834,0,0,580.3273879999999,0
2026-04-11T01:13:33.637760,0,0,579.4453619999999,0
2026-04-11T01:13:34.643754,0,0,579.4453619999999,0
2026-04-11T01:13:35.648687,0,0,580.3273879999999,0
2026-04-11T01:13:36.656621,0,0,580.3273879999999,0
2026-04-11T01:13:37.663670,0,0,579.4453619999999,0
2026-04-11T01:13:38.669659,0,0,580.3273879999999,0
2026-04-11T01:13:39.677661,0,0,581.2094139999999,0
2026-04-11T01:13:40.684650,0,0,580.3273879999999,0
2026-04-11T01:13:41.690685,0,0,580.3273879999999,0
2026-04-11T01:13:42.697619,0,0,579.4453619999999,0
2026-04-11T01:13:43.703611,0,0,580.3273879999999,0
2026-04-11T01:13:44.710659,0,0,581.2094139999999,0
2026-04-11T01:13:45.716585,0,0,580.3273879999999,0
2026-04-11T01:13:46.721568,0,0,580.3273879999999,0
2026-04-11T01:13:47.729516,0,0,578.5633359999999,0
2026-04-11T01:13:48.736484,0,0,579.4453619999999,0
2026-04-11T01:13:49.744492,0,0,580.3273879999999,0
2026-04-11T01:13:50.750606,0,0,580.3273879999999,0
2026-04-11T01:13:51.757455,0,0,578.5633359999999,0
2026-04-11T01:13:52.763447,0,0,580.3273879999999,0
2026-04-11T01:13:53.769421,0,0,579.4453619999999,0
2026-04-11T01:14:03.917023,0,0,580.3273879999999,0
2026-04-11T01:14:06.399334,0,0,579.4453619999999,0
2026-04-11T01:14:07.406429,0,0,579.4453619999999,0
2026-04-11T01:14:08.412282,0,0,580.3273879999999,0
2026-04-11T01:14:09.419329,0,0,580.3273879999999,0
2026-04-11T01:14:10.425275,0,0,579.4453619999999,0
2026-04-11T01:14:11.432244,0,0,580.3273879999999,0
2026-04-11T01:14:12.438332,0,0,580.3273879999999,0
2026-04-11T01:14:13.445092,0,0,580.3273879999999,0
2026-04-11T01:14:14.453203,0,0,580.3273879999999,0
2026-04-11T01:14:15.459201,0,0,580.3273879999999,0
2026-04-11T01:14:16.466270,0,0,580.3273879999999,0
2026-04-11T01:14:17.472162,0,0,580.3273879999999,0
2026-04-11T01:14:18.479154,0,0,579.4453619999999,0
2026-04-11T01:14:19.485134,0,0,580.3273879999999,0
2026-04-11T01:14:20.492118,0,0,580.3273879999999,0
2026-04-11T01:14:21.498117,0,0,582.0914399999999,0
2026-04-11T01:14:22.505092,0,0,580.3273879999999,0
2026-04-11T01:14:23.513069,0,0,579.4453619999999,0
2026-04-11T01:14:24.518952,0,0,579.4453619999999,0
2026-04-11T01:14:25.526065,0,0,580.3273879999999,0
2026-04-11T01:14:26.532034,0,0,578.5633359999999,0
2026-04-11T01:14:27.539022,0,0,580.3273879999999,0
2026-04-11T01:14:28.544997,0,0,579.4453619999999,0
2026-04-11T01:14:29.552051,0,0,579.4453619999999,0
2026-04-11T01:14:30.558996,0,0,580.3273879999999,0
2026-04-11T01:14:31.564967,0,0,580.3273879999999,0
2026-04-11T01:14:32.571953,0,0,579.4453619999999,0
2026-04-11T01:14:33.578950,0,0,580.3273879999999,0
2026-04-11T01:14:34.585932,0,0,579.4453619999999,0
2026-04-11T01:14:35.591884,0,0,579.4453619999999,0
2026-04-11T01:14:36.597902,0,0,580.3273879999999,0
2026-04-11T01:14:37.604886,0,0,580.3273879999999,0
2026-04-11T01:14:38.611868,0,0,579.4453619999999,0
2026-04-11T01:14:39.618889,0,0,580.3273879999999,0
2026-04-11T01:14:40.624887,0,0,580.3273879999999,0
2026-04-11T01:14:41.630857,0,0,580.3273879999999,0
2026-04-11T01:14:42.637849,0,0,580.3273879999999,0
2026-04-11T01:14:43.645823,0,0,579.4453619999999,0
2026-04-11T01:14:44.651782,0,0,579.4453619999999,0
2026-04-11T01:14:45.658813,0,0,578.5633359999999,0
2026-04-11T01:14:46.665775,0,0,580.3273879999999,0
2026-04-11T01:14:47.671773,0,0,580.3273879999999,0
2026-04-11T01:14:48.678796,0,0,579.4453619999999,0
2026-04-11T01:14:49.684725,0,0,579.4453619999999,0
2026-04-11T01:14:50.691703,0,0,580.3273879999999,0
2026-04-11T01:14:51.697726,0,0,579.4453619999999,0
2026-04-11T01:14:52.704703,0,0,579.4453619999999,0
2026-04-11T01:14:53.711692,0,0,579.4453619999999,0
2026-04-11T01:14:54.718756,0,0,580.3273879999999,0
2026-04-11T01:14:55.725654,0,0,580.3273879999999,0
2026-04-11T01:14:56.731598,0,0,579.4453619999999,0
2026-04-11T01:14:57.738685,0,0,577.6813099999999,0
2026-04-11T01:14:58.744585,0,0,580.3273879999999,0
2026-04-11T01:14:59.750674,0,0,581.2094139999999,0
2026-04-11T01:15:00.757555,0,0,580.3273879999999,0
2026-04-11T01:15:01.764533,0,0,582.0914399999999,0
2026-04-11T01:15:11.839129,0,0,579.4453619999999,0
2026-04-11T01:15:14.321373,0,0,580.3273879999999,0
2026-04-11T01:15:15.328377,0,0,579.4453619999999,0
2026-04-11T01:15:16.334414,0,0,579.4453619999999,0
2026-04-11T01:15:17.341307,0,0,579.4453619999999,0
2026-04-11T01:15:18.347250,0,0,579.4453619999999,0
2026-04-11T01:15:19.354368,0,0,580.3273879999999,0
2026-04-11T01:15:20.360283,0,0,580.3273879999999,0
2026-04-11T01:15:21.367254,0,0,580.3273879999999,0
2026-04-11T01:15:22.375216,0,0,580.3273879999999,0
2026-04-11T01:15:23.381221,0,0,578.5633359999999,0
2026-04-11T01:15:24.387202,0,0,579.4453619999999,0
2026-04-11T01:15:25.394119,0,0,580.3273879999999,0
2026-04-11T01:15:26.401181,0,0,579.4453619999999,0
2026-04-11T01:15:27.407165,0,0,581.2094139999999,0
2026-04-11T01:15:28.414263,0,0,579.4453619999999,0
2026-04-11T01:15:29.420122,0,0,580.3273879999999,0
2026-04-11T01:15:30.427132,0,0,580.3273879999999,0
2026-04-11T01:15:31.435095,0,0,579.4453619999999,0
2026-04-11T01:15:32.441075,0,0,580.3273879999999,0
2026-04-11T01:15:33.448092,0,0,579.4453619999999,0
2026-04-11T01:15:34.454038,0,0,580.3273879999999,0
2026-04-11T01:15:35.461049,0,0,578.5633359999999,0
2026-04-11T01:15:36.467047,0,0,580.3273879999999,0
2026-04-11T01:15:37.474053,0,0,579.4453619999999,0
2026-04-11T01:15:38.481028,0,0,579.4453619999999,0
2026-04-11T01:15:39.487025,0,0,580.3273879999999,0
2026-04-11T01:15:40.493956,0,0,579.4453619999999,0
2026-04-11T01:15:41.499999,0,0,580.3273879999999,0
2026-04-11T01:15:42.507947,0,0,581.2094139999999,0
2026-04-11T01:15:43.513906,0,0,579.4453619999999,0
2026-04-11T01:15:44.520950,0,0,580.3273879999999,0
2026-04-11T01:15:45.526919,0,0,580.3273879999999,0
2026-04-11T01:15:46.533892,0,0,580.3273879999999,0
2026-04-11T01:15:47.540893,0,0,580.3273879999999,0
2026-04-11T01:15:48.546842,0,0,579.4453619999999,0
2026-04-11T01:15:49.553812,0,0,580.3273879999999,0
2026-04-11T01:15:50.559786,0,0,580.3273879999999,0
2026-04-11T01:15:51.566784,0,0,579.4453619999999,0
2026-04-11T01:15:52.573745,0,0,581.2094139999999,0
2026-04-11T01:15:53.580738,0,0,575.917258,0
2026-04-11T01:15:54.587691,0,0,579.4453619999999,0
2026-04-11T01:15:55.593684,0,0,580.3273879999999,0
2026-04-11T01:15:56.600666,0,0,579.4453619999999,0
2026-04-11T01:15:57.606683,0,0,579.4453619999999,0
2026-04-11T01:15:58.613659,0,0,580.3273879999999,0
2026-04-11T01:15:59.619645,0,0,578.5633359999999,0
2026-04-11T01:16:00.626672,0,0,581.2094139999999,0
2026-04-11T01:16:01.632610,0,0,580.3273879999999,0
2026-04-11T01:16:02.640618,0,0,579.4453619999999,0
2026-04-11T01:16:03.647556,0,0,580.3273879999999,0
2026-04-11T01:16:04.653547,0,0,580.3273879999999,0
2026-04-11T01:16:05.660564,0,0,580.3273879999999,0
2026-04-11T01:16:06.666617,0,0,580.3273879999999,0
2026-04-11T01:16:07.673534,0,0,579.4453619999999,0
2026-04-11T01:16:08.678972,0,0,580.3273879999999,0
2026-04-11T01:16:09.686570,0,0,582.0914399999999,0
2026-04-11T01:16:10.693460,0,0,579.4453619999999,0
2026-04-11T01:16:11.700424,0,0,580.3273879999999,0
2026-04-11T01:16:12.707412,0,0,575.917258,0
2026-04-11T01:16:13.713406,0,0,580.3273879999999,0
2026-04-11T01:16:14.720393,0,0,579.4453619999999,0
2026-04-11T01:16:15.726455,0,0,579.4453619999999,0
2026-04-11T01:16:16.733376,0,0,579.4453619999999,0
2026-04-11T01:16:17.739347,0,0,580.3273879999999,0
2026-04-11T01:16:18.746440,0,0,580.3273879999999,0
2026-04-11T01:16:19.753336,0,0,580.3273879999999,0
2026-04-11T01:16:20.759322,0,0,580.3273879999999,0
2026-04-11T01:16:21.767321,0,0,579.4453619999999,0
2026-04-11T01:16:22.773296,0,0,579.4453619999999,0
2026-04-11T01:16:23.780250,0,0,580.3273879999999,0
2026-04-11T01:16:24.786343,0,0,580.3273879999999,0
2026-04-11T01:16:25.791207,0,0,580.3273879999999,0
2026-04-11T01:16:26.800203,0,0,581.2094139999999,0
2026-04-11T01:16:27.806149,0,0,579.4453619999999,0
2026-04-11T01:16:28.813146,0,0,580.3273879999999,0
2026-04-11T01:16:29.819139,0,0,579.4453619999999,0
2026-04-11T01:16:30.826131,0,0,580.3273879999999,0
2026-04-11T01:16:31.833112,0,0,580.3273879999999,0
2026-04-11T01:16:32.840102,0,0,579.4453619999999,0
2026-04-11T01:16:33.846108,0,0,579.4453619999999,0
2026-04-11T01:16:34.853087,0,0,580.3273879999999,0
2026-04-11T01:16:35.860055,0,0,580.3273879999999,0
2026-04-11T01:16:36.866054,0,0,580.3273879999999,0
2026-04-11T01:16:37.873043,0,0,580.3273879999999,0
2026-04-11T01:16:38.877993,0,0,580.3273879999999,0
2026-04-11T01:16:39.886023,0,0,579.4453619999999,0
2026-04-11T01:16:40.891978,0,0,580.3273879999999,0
2026-04-11T01:16:41.899939,0,0,579.4453619999999,0
2026-04-11T01:16:42.906942,0,0,581.2094139999999,0
2026-04-11T01:16:53.780485,0,0,579.4453619999999,0
2026-04-11T01:16:56.262857,0,0,582.0914399999999,0
2026-04-11T01:16:57.269797,0,0,579.4453619999999,0
2026-04-11T01:16:58.274857,0,0,578.5633359999999,0
2026-04-11T01:16:59.282778,0,0,580.3273879999999,0
2026-04-11T01:17:00.288747,0,0,579.4453619999999,0
2026-04-11T01:17:01.295705,0,0,580.3273879999999,0
2026-04-11T01:17:02.301707,0,0,580.3273879999999,0
2026-04-11T01:17:03.309696,0,0,577.6813099999999,0
2026-04-11T01:17:04.316646,0,0,580.3273879999999,0
2026-04-11T01:17:05.322710,0,0,580.3273879999999,0
2026-04-11T01:17:06.329603,0,0,580.3273879999999,0
2026-04-11T01:17:07.334666,0,0,580.3273879999999,0
2026-04-11T01:17:08.342639,0,0,578.5633359999999,0
2026-04-11T01:17:09.348548,0,0,579.4453619999999,0
2026-04-11T01:17:10.355514,0,0,580.3273879999999,0
2026-04-11T01:17:11.361550,0,0,579.4453619999999,0
2026-04-11T01:17:12.369518,0,0,579.4453619999999,0
2026-04-11T01:17:13.376542,0,0,578.5633359999999,0
2026-04-11T01:17:14.382594,0,0,580.3273879999999,0
2026-04-11T01:17:15.389460,0,0,579.4453619999999,0
2026-04-11T01:17:16.395485,0,0,579.4453619999999,0
2026-04-11T01:17:27.375796,0,0,580.3273879999999,0
2026-04-11T01:17:29.858374,0,0,579.4453619999999,0
2026-04-11T01:17:30.865195,0,0,579.4453619999999,0
2026-04-11T01:17:31.871140,0,0,581.2094139999999,0
2026-04-11T01:17:32.878160,0,0,579.4453619999999,0
2026-04-11T01:17:33.884161,0,0,579.4453619999999,0
2026-04-11T01:17:34.891124,0,0,581.2094139999999,0
2026-04-11T01:17:35.896980,0,0,580.3273879999999,0
2026-04-11T01:17:36.905096,0,0,579.4453619999999,0
2026-04-11T01:17:37.912046,0,0,580.3273879999999,0
2026-04-11T01:17:38.917009,0,0,580.3273879999999,0
2026-04-11T01:17:39.925013,0,0,580.3273879999999,0
2026-04-11T01:17:40.931009,0,0,579.4453619999999,0
2026-04-11T01:17:41.937984,0,0,580.3273879999999,0
2026-04-11T01:17:42.943953,0,0,579.4453619999999,0
2026-04-11T01:17:43.950940,0,0,580.3273879999999,0
2026-04-11T01:17:44.956926,0,0,581.2094139999999,0
2026-04-11T01:17:45.963908,0,0,578.5633359999999,0
2026-04-11T01:17:46.971885,0,0,579.4453619999999,0
2026-04-11T01:17:47.977760,0,0,581.2094139999999,0
2026-04-11T01:17:48.984854,0,0,581.2094139999999,0
2026-04-11T01:18:01.913227,0,0,579.4453619999999,0
2026-04-11T01:18:02.919621,0,0,580.3273879999999,0
2026-04-11T01:18:03.925601,0,0,579.4453619999999,0
2026-04-11T01:18:04.932574,0,0,579.4453619999999,0
2026-04-11T01:18:05.938627,0,0,579.4453619999999,0
2026-04-11T01:18:06.945449,0,0,580.3273879999999,0
2026-04-11T01:18:07.951521,0,0,580.3273879999999,0
2026-04-11T01:18:08.958587,0,0,580.3273879999999,0
2026-04-11T01:18:09.966554,0,0,579.4453619999999,0
2026-04-11T01:18:10.972493,0,0,579.4453619999999,0
2026-04-11T01:18:11.979462,0,0,580.3273879999999,0
2026-04-11T01:18:12.985475,0,0,579.4453619999999,0
2026-04-11T01:18:13.992436,0,0,580.3273879999999,0
2026-04-11T01:18:14.998548,0,0,579.4453619999999,0
2026-04-11T01:18:16.005380,0,0,580.3273879999999,0
2026-04-11T01:18:17.011414,0,0,579.4453619999999,0
2026-04-11T01:18:18.018456,0,0,579.4453619999999,0
2026-04-11T01:18:19.026441,0,0,580.3273879999999,0
2026-04-11T01:18:20.032335,0,0,580.3273879999999,0
2026-04-11T01:18:21.039340,0,0,579.4453619999999,0
2026-04-11T01:18:22.045288,0,0,579.4453619999999,0
2026-04-11T01:18:23.052274,0,0,580.3273879999999,0
2026-04-11T01:18:33.277544,0,0,579.4453619999999,0
2026-04-11T01:18:35.760050,0,0,581.2094139999999,0
2026-04-11T01:18:36.767066,0,0,579.4453619999999,0
2026-04-11T01:18:37.773048,0,0,580.3273879999999,0
2026-04-11T01:18:38.780050,0,0,579.4453619999999,0
2026-04-11T01:18:39.786009,0,0,579.4453619999999,0
2026-04-11T01:18:40.792968,0,0,580.3273879999999,0
2026-04-11T01:18:41.798911,0,0,580.3273879999999,0
2026-04-11T01:18:42.806892,0,0,579.4453619999999,0
2026-04-11T01:18:43.813940,0,0,580.3273879999999,0
2026-04-11T01:18:44.819905,0,0,579.4453619999999,0
2026-04-11T01:18:45.826883,0,0,579.4453619999999,0
2026-04-11T01:18:46.832857,0,0,580.3273879999999,0
2026-04-11T01:18:47.839866,0,0,581.2094139999999,0
2026-04-11T01:18:48.845840,0,0,579.4453619999999,0
2026-04-11T01:18:49.852832,0,0,580.3273879999999,0
2026-04-11T01:18:50.858836,0,0,579.4453619999999,0
2026-04-11T01:18:51.865767,0,0,580.3273879999999,0
2026-04-11T01:18:52.873763,0,0,579.4453619999999,0
2026-04-11T01:18:53.879764,0,0,578.5633359999999,0
2026-04-11T01:18:54.886750,0,0,581.2094139999999,0
2026-04-11T01:18:55.892726,0,0,582.0914399999999,0
2026-04-11T01:18:56.899666,0,0,579.4453619999999,0
2026-04-11T01:18:57.905609,0,0,580.3273879999999,0
2026-04-11T01:19:08.013927,0,0,580.3273879999999,0
2026-04-11T01:19:10.496486,0,0,581.2094139999999,0
2026-04-11T01:19:11.503457,0,0,579.4453619999999,0
2026-04-11T01:19:12.509431,0,0,579.4453619999999,0
2026-04-11T01:19:13.516382,0,0,580.3273879999999,0
2026-04-11T01:19:14.522436,0,0,580.3273879999999,0
2026-04-11T01:19:15.529332,0,0,578.5633359999999,0
2026-04-11T01:19:16.535318,0,0,573.27118,0
2026-04-11T01:19:17.543313,0,0,579.4453619999999,0
2026-04-11T01:19:18.550423,0,0,579.4453619999999,0
2026-04-11T01:19:19.556310,0,0,580.3273879999999,0
2026-04-11T01:19:20.563300,0,0,580.3273879999999,0
2026-04-11T01:19:21.569264,0,0,580.3273879999999,0
2026-04-11T01:19:22.576209,0,0,580.3273879999999,0
2026-04-11T01:19:23.582321,0,0,579.4453619999999,0
2026-04-11T01:19:24.589221,0,0,580.3273879999999,0
2026-04-11T01:19:25.594156,0,0,580.3273879999999,0
2026-04-11T01:19:26.602141,0,0,580.3273879999999,0
2026-04-11T01:19:27.610114,0,0,580.3273879999999,0
2026-04-11T01:19:28.616131,0,0,579.4453619999999,0
2026-04-11T01:19:29.623139,0,0,580.3273879999999,0
2026-04-11T01:19:30.629066,0,0,580.3273879999999,0
2026-04-11T01:19:31.636086,0,0,579.4453619999999,0
2026-04-11T01:19:32.642055,0,0,579.4453619999999,0
2026-04-11T01:19:33.649043,0,0,580.3273879999999,0
2026-04-11T01:19:34.656005,0,0,580.3273879999999,0
2026-04-11T01:19:35.661982,0,0,580.3273879999999,0
2026-04-11T01:19:36.668958,0,0,579.4453619999999,0
2026-04-11T01:19:37.675943,0,0,581.2094139999999,0
2026-04-11T01:19:38.682944,0,0,580.3273879999999,0
2026-04-11T01:19:39.688903,0,0,580.3273879999999,0
2026-04-11T01:19:40.695891,0,0,580.3273879999999,0
2026-04-11T01:19:41.701890,0,0,580.3273879999999,0
2026-04-11T01:19:42.707832,0,0,579.4453619999999,0
2026-04-11T01:19:43.715839,0,0,580.3273879999999,0
2026-04-11T01:19:44.721813,0,0,580.3273879999999,0
2026-04-11T01:19:45.728785,0,0,580.3273879999999,0
2026-04-11T01:19:46.734783,0,0,580.3273879999999,0
2026-04-11T01:19:47.742784,0,0,581.2094139999999,0
2026-04-11T01:19:48.748783,0,0,580.3273879999999,0
2026-04-11T01:19:49.755762,0,0,578.5633359999999,0
2026-04-11T01:19:50.762783,0,0,580.3273879999999,0
2026-04-11T01:19:51.768749,0,0,579.4453619999999,0
2026-04-11T01:19:52.775671,0,0,581.2094139999999,0
2026-04-11T01:19:53.781683,0,0,579.4453619999999,0
2026-04-11T01:19:54.788650,0,0,578.5633359999999,0
2026-04-11T01:19:55.794689,0,0,580.3273879999999,0
2026-04-11T01:19:56.802667,0,0,579.4453619999999,0
2026-04-11T01:19:57.808586,0,0,579.4453619999999,0
2026-04-11T01:19:58.815554,0,0,580.3273879999999,0
2026-04-11T01:19:59.822586,0,0,580.3273879999999,0
2026-04-11T01:20:00.828566,0,0,580.3273879999999,0
2026-04-11T01:20:01.835526,0,0,579.4453619999999,0
2026-04-11T01:20:02.841510,0,0,580.3273879999999,0
2026-04-11T01:20:03.848458,0,0,579.4453619999999,0
2026-04-11T01:20:04.854514,0,0,580.3273879999999,0
2026-04-11T01:20:05.861442,0,0,581.2094139999999,0
2026-04-11T01:20:16.604750,0,0,579.4453619999999,0
2026-04-11T01:20:19.087197,0,0,580.3273879999999,0
2026-04-11T01:20:20.094157,0,0,579.4453619999999,0
2026-04-11T01:20:21.100151,0,0,580.3273879999999,0
2026-04-11T01:20:22.107142,0,0,580.3273879999999,0
2026-04-11T01:20:23.113107,0,0,580.3273879999999,0
2026-04-11T01:20:24.120085,0,0,580.3273879999999,0
2026-04-11T01:20:25.126081,0,0,580.3273879999999,0
2026-04-11T01:20:26.134061,0,0,581.2094139999999,0
2026-04-11T01:20:27.141037,0,0,580.3273879999999,0
2026-04-11T01:20:28.147049,0,0,580.3273879999999,0
2026-04-11T01:20:29.154019,0,0,577.6813099999999,0
2026-04-11T01:20:30.159997,0,0,580.3273879999999,0
2026-04-11T01:20:31.166982,0,0,580.3273879999999,0
2026-04-11T01:20:32.173005,0,0,580.3273879999999,0
2026-04-11T01:20:33.179970,0,0,580.3273879999999,0
2026-04-11T01:20:34.185937,0,0,580.3273879999999,0
2026-04-11T01:20:35.192914,0,0,580.3273879999999,0
2026-04-11T01:20:36.200889,0,0,580.3273879999999,0
2026-04-11T01:20:37.206881,0,0,581.2094139999999,0
2026-04-11T01:20:38.213839,0,0,580.3273879999999,0
2026-04-11T01:20:39.219850,0,0,580.3273879999999,0
2026-04-11T01:20:40.226794,0,0,579.4453619999999,0
2026-04-11T01:20:41.231820,0,0,580.3273879999999,0
2026-04-11T01:20:42.239769,0,0,580.3273879999999,0
2026-04-11T01:20:43.246741,0,0,580.3273879999999,0
2026-04-11T01:20:44.252724,0,0,580.3273879999999,0
2026-04-11T01:20:45.259711,0,0,580.3273879999999,0
2026-04-11T01:20:46.266729,0,0,580.3273879999999,0
2026-04-11T01:20:47.273670,0,0,582.0914399999999,0
2026-04-11T01:20:48.279614,0,0,580.3273879999999,0
2026-04-11T01:20:49.286726,0,0,580.3273879999999,0
2026-04-11T01:20:50.292608,0,0,580.3273879999999,0
2026-04-11T01:20:51.299592,0,0,579.4453619999999,0
2026-04-11T01:20:52.306641,0,0,581.2094139999999,0
2026-04-11T01:20:53.312558,0,0,580.3273879999999,0
2026-04-11T01:20:54.319516,0,0,580.3273879999999,0
2026-04-11T01:20:55.325513,0,0,578.5633359999999,0
2026-04-11T01:20:56.333502,0,0,580.3273879999999,0
2026-04-11T01:20:57.339500,0,0,579.4453619999999,0
2026-04-11T01:20:58.345447,0,0,581.2094139999999,0
2026-04-11T01:20:59.353473,0,0,580.3273879999999,0
2026-04-11T01:21:00.359420,0,0,579.4453619999999,0
2026-04-11T01:21:01.366508,0,0,579.4453619999999,0
2026-04-11T01:21:02.372380,0,0,580.3273879999999,0
2026-04-11T01:21:03.379395,0,0,580.3273879999999,0
2026-04-11T01:21:04.385391,0,0,580.3273879999999,0
2026-04-11T01:21:05.393330,0,0,579.4453619999999,0
2026-04-11T01:21:06.399260,0,0,579.4453619999999,0
2026-04-11T01:21:07.406448,0,0,578.5633359999999,0
2026-04-11T01:21:08.413300,0,0,580.3273879999999,0
2026-04-11T01:21:09.419274,0,0,580.3273879999999,0
2026-04-11T01:21:10.426361,0,0,579.4453619999999,0
2026-04-11T01:21:11.432267,0,0,579.4453619999999,0
2026-04-11T01:21:12.439273,0,0,579.4453619999999,0
2026-04-11T01:21:13.445216,0,0,580.3273879999999,0
2026-04-11T01:21:14.452168,0,0,580.3273879999999,0
2026-04-11T01:21:15.459121,0,0,579.4453619999999,0
2026-04-11T01:21:16.466135,0,0,579.4453619999999,0
2026-04-11T01:21:17.473097,0,0,580.3273879999999,0
2026-04-11T01:21:18.479097,0,0,580.3273879999999,0
2026-04-11T01:21:19.486062,0,0,580.3273879999999,0
2026-04-11T01:21:20.492044,0,0,581.2094139999999,0
2026-04-11T01:21:21.499027,0,0,579.4453619999999,0
2026-04-11T01:21:22.505010,0,0,579.4453619999999,0
2026-04-11T01:21:23.511991,0,0,580.3273879999999,0
2026-04-11T01:21:24.519977,0,0,579.4453619999999,0
2026-04-11T01:21:25.525945,0,0,580.3273879999999,0
2026-04-11T01:21:26.532933,0,0,580.3273879999999,0
2026-04-11T01:21:27.538900,0,0,580.3273879999999,0
2026-04-11T01:21:28.545903,0,0,579.4453619999999,0
2026-04-11T01:21:29.551883,0,0,580.3273879999999,0
2026-04-11T01:21:30.558882,0,0,579.4453619999999,0
2026-04-11T01:21:31.565888,0,0,580.3273879999999,0
2026-04-11T01:21:32.571853,0,0,582.9734659999999,0
2026-04-11T01:21:33.578801,0,0,581.2094139999999,0
2026-04-11T01:21:34.584788,0,0,580.3273879999999,0
2026-04-11T01:21:35.592756,0,0,580.3273879999999,0
2026-04-11T01:21:36.598663,0,0,576.799284,0
2026-04-11T01:21:37.605695,0,0,580.3273879999999,0
2026-04-11T01:21:38.611748,0,0,579.4453619999999,0
2026-04-11T01:21:39.618749,0,0,580.3273879999999,0
2026-04-11T01:21:40.625704,0,0,580.3273879999999,0
2026-04-11T01:21:41.631615,0,0,579.4453619999999,0
2026-04-11T01:21:42.638713,0,0,580.3273879999999,0
2026-04-11T01:21:43.644634,0,0,579.4453619999999,0
2026-04-11T01:21:44.652591,0,0,580.3273879999999,0
2026-04-11T01:21:45.658622,0,0,580.3273879999999,0
2026-04-11T01:21:46.665531,0,0,580.3273879999999,0
2026-04-11T01:21:47.672501,0,0,580.3273879999999,0
2026-04-11T01:21:48.678631,0,0,580.3273879999999,0
2026-04-11T01:21:49.685471,0,0,580.3273879999999,0
2026-04-11T01:21:50.691437,0,0,580.3273879999999,0
2026-04-11T01:21:51.698556,0,0,580.3273879999999,0
2026-04-11T01:21:52.704413,0,0,580.3273879999999,0
2026-04-11T01:21:53.711428,0,0,581.2094139999999,0
2026-04-11T01:21:54.717397,0,0,580.3273879999999,0
2026-04-11T01:21:55.725384,0,0,579.4453619999999,0
2026-04-11T01:21:56.732390,0,0,581.2094139999999,0
2026-04-11T01:21:57.738444,0,0,580.3273879999999,0
2026-04-11T01:21:58.745364,0,0,580.3273879999999,0
2026-04-11T01:21:59.751258,0,0,579.4453619999999,0
2026-04-11T01:22:00.758385,0,0,579.4453619999999,0
2026-04-11T01:22:01.764264,0,0,578.5633359999999,0
2026-04-11T01:22:02.771237,0,0,580.3273879999999,0
2026-04-11T01:22:03.778359,0,0,579.4453619999999,0
2026-04-11T01:22:04.785194,0,0,579.4453619999999,0
2026-04-11T01:22:05.792131,0,0,580.3273879999999,0
2026-04-11T01:22:06.798164,0,0,579.4453619999999,0
2026-04-11T01:22:07.805135,0,0,580.3273879999999,0
2026-04-11T01:22:08.811129,0,0,580.3273879999999,0
2026-04-11T01:22:09.818093,0,0,578.5633359999999,0
2026-04-11T01:22:10.824086,0,0,579.4453619999999,0
2026-04-11T01:22:11.831072,0,0,580.3273879999999,0
2026-04-11T01:22:12.838066,0,0,580.3273879999999,0
2026-04-11T01:22:13.844012,0,0,581.2094139999999,0
2026-04-11T01:22:14.852004,0,0,579.4453619999999,0
2026-04-11T01:22:15.857993,0,0,579.4453619999999,0
2026-04-11T01:22:16.864977,0,0,580.3273879999999,0
2026-04-11T01:22:17.870957,0,0,580.3273879999999,0
2026-04-11T01:22:18.877944,0,0,580.3273879999999,0
2026-04-11T01:22:19.884907,0,0,579.4453619999999,0
2026-04-11T01:22:20.890927,0,0,579.4453619999999,0
2026-04-11T01:22:21.897891,0,0,580.3273879999999,0
2026-04-11T01:22:22.903847,0,0,578.5633359999999,0
2026-04-11T01:22:23.911820,0,0,580.3273879999999,0
2026-04-11T01:22:24.917829,0,0,580.3273879999999,0
2026-04-11T01:22:25.924801,0,0,579.4453619999999,0
2026-04-11T01:22:26.930807,0,0,580.3273879999999,0
2026-04-11T01:22:27.937754,0,0,580.3273879999999,0
2026-04-11T01:22:28.944722,0,0,579.4453619999999,0
2026-04-11T01:22:29.950746,0,0,579.4453619999999,0
2026-04-11T01:22:30.957697,0,0,580.3273879999999,0
2026-04-11T01:22:31.963668,0,0,580.3273879999999,0
2026-04-11T01:22:32.970718,0,0,580.3273879999999,0
2026-04-11T01:22:33.977622,0,0,580.3273879999999,0
2026-04-11T01:22:34.984572,0,0,579.4453619999999,0
2026-04-11T01:22:35.991586,0,0,580.3273879999999,0
2026-04-11T01:22:36.997542,0,0,580.3273879999999,0
2026-04-11T01:22:38.004560,0,0,580.3273879999999,0
2026-04-11T01:22:39.010651,0,0,581.2094139999999,0
2026-04-11T01:22:40.017513,0,0,580.3273879999999,0
2026-04-11T01:22:41.023485,0,0,580.3273879999999,0
2026-04-11T01:22:42.030537,0,0,580.3273879999999,0
2026-04-11T01:22:43.036457,0,0,580.3273879999999,0
2026-04-11T01:22:44.044436,0,0,578.5633359999999,0
2026-04-11T01:22:45.051449,0,0,580.3273879999999,0
2026-04-11T01:22:46.057411,0,0,578.5633359999999,0
2026-04-11T01:22:47.064379,0,0,581.2094139999999,0
2026-04-11T01:22:48.070449,0,0,580.3273879999999,0
2026-04-11T01:22:49.077372,0,0,579.4453619999999,0
2026-04-11T01:22:50.083327,0,0,578.5633359999999,0
2026-04-11T01:22:51.090445,0,0,580.3273879999999,0
2026-04-11T01:22:52.097283,0,0,580.3273879999999,0
2026-04-11T01:22:53.103255,0,0,582.9734659999999,0
2026-04-11T01:22:54.111261,0,0,579.4453619999999,0
2026-04-11T01:23:07.573753,0,0,580.3273879999999,0
2026-04-11T01:23:08.580034,0,0,580.3273879999999,0
2026-04-11T01:23:09.586012,0,0,582.0914399999999,0
2026-04-11T01:23:10.593023,0,0,580.3273879999999,0
2026-04-11T01:23:11.598974,0,0,579.4453619999999,0
2026-04-11T01:23:12.605968,0,0,581.2094139999999,0
2026-04-11T01:23:13.611951,0,0,580.3273879999999,0
2026-04-11T01:23:14.619918,0,0,579.4453619999999,0
2026-04-11T01:23:15.626847,0,0,580.3273879999999,0
2026-04-11T01:23:16.632864,0,0,581.2094139999999,0
2026-04-11T01:23:17.639809,0,0,580.3273879999999,0
2026-04-11T01:23:18.645793,0,0,580.3273879999999,0
2026-04-11T01:23:19.652775,0,0,579.4453619999999,0
2026-04-11T01:23:20.658829,0,0,579.4453619999999,0
2026-04-11T01:23:21.665735,0,0,579.4453619999999,0
2026-04-11T01:23:22.671727,0,0,578.5633359999999,0
2026-04-11T01:23:23.678722,0,0,580.3273879999999,0
2026-04-11T01:23:24.686799,0,0,579.4453619999999,0
2026-04-11T01:23:25.692654,0,0,580.3273879999999,0
2026-04-11T01:23:26.699641,0,0,580.3273879999999,0
2026-04-11T01:23:27.705621,0,0,581.2094139999999,0
2026-04-11T01:23:28.712604,0,0,579.4453619999999,0
2026-04-11T01:23:29.718710,0,0,579.4453619999999,0
2026-04-11T01:23:30.725579,0,0,581.2094139999999,0
2026-04-11T01:23:31.732544,0,0,580.3273879999999,0
2026-04-11T01:23:32.738699,0,0,580.3273879999999,0
2026-04-11T01:23:33.745505,0,0,581.2094139999999,0
2026-04-11T01:23:34.752492,0,0,581.2094139999999,0
2026-04-11T01:23:35.759459,0,0,580.3273879999999,0
2026-04-11T01:23:36.765441,0,0,577.6813099999999,0
2026-04-11T01:23:37.772417,0,0,581.2094139999999,0
2026-04-11T01:23:38.778534,0,0,581.2094139999999,0
2026-04-11T01:23:39.785437,0,0,579.4453619999999,0
2026-04-11T01:23:40.792372,0,0,582.0914399999999,0
2026-04-11T01:23:41.798549,0,0,580.3273879999999,0
2026-04-11T01:23:42.805367,0,0,580.3273879999999,0
2026-04-11T01:23:43.811335,0,0,578.5633359999999,0
2026-04-11T01:23:44.819308,0,0,579.4453619999999,0
2026-04-11T01:23:45.825279,0,0,580.3273879999999,0
2026-04-11T01:23:46.832238,0,0,580.3273879999999,0
2026-04-11T01:23:47.839235,0,0,580.3273879999999,0
2026-04-11T01:23:48.845202,0,0,583.8554919999999,0
2026-04-11T01:23:49.852179,0,0,580.3273879999999,0
2026-04-11T01:23:50.858129,0,0,573.27118,0
2026-04-11T01:23:51.865145,0,0,580.3273879999999,0
2026-04-11T01:23:52.871083,0,0,579.4453619999999,0
2026-04-11T01:23:53.878105,0,0,580.3273879999999,0
2026-04-11T01:23:54.885087,0,0,580.3273879999999,0
2026-04-11T01:23:55.892050,0,0,580.3273879999999,0
2026-04-11T01:23:56.898858,0,0,580.3273879999999,0
2026-04-11T01:23:57.905019,0,0,580.3273879999999,0
2026-04-11T01:23:58.911965,0,0,579.4453619999999,0
2026-04-11T01:23:59.917970,0,0,579.4453619999999,0
2026-04-11T01:24:00.924962,0,0,579.4453619999999,0
2026-04-11T01:24:01.930936,0,0,580.3273879999999,0
2026-04-11T01:24:12.178329,0,0,581.2094139999999,0
2026-04-11T01:24:14.660631,0,0,580.3273879999999,0
2026-04-11T01:24:15.667620,0,0,579.4453619999999,0
2026-04-11T01:24:16.673622,0,0,579.4453619999999,0
2026-04-11T01:24:17.680612,0,0,579.4453619999999,0
2026-04-11T01:24:18.686668,0,0,579.4453619999999,0
2026-04-11T01:24:19.693549,0,0,580.3273879999999,0
2026-04-11T01:24:20.699567,0,0,576.799284,0
2026-04-11T01:24:21.707482,0,0,579.4453619999999,0
2026-04-11T01:24:22.714571,0,0,581.2094139999999,0
2026-04-11T01:24:23.720474,0,0,582.0914399999999,0
2026-04-11T01:24:24.727445,0,0,580.3273879999999,0
2026-04-11T01:24:25.733454,0,0,580.3273879999999,0
2026-04-11T01:24:26.740415,0,0,579.4453619999999,0
2026-04-11T01:24:27.746465,0,0,579.4453619999999,0
2026-04-11T01:24:28.753342,0,0,580.3273879999999,0
2026-04-11T01:24:29.759361,0,0,580.3273879999999,0
2026-04-11T01:24:30.766427,0,0,578.5633359999999,0
2026-04-11T01:24:31.774437,0,0,580.3273879999999,0
2026-04-11T01:24:32.780245,0,0,579.4453619999999,0
2026-04-11T01:24:33.787243,0,0,580.3273879999999,0
2026-04-11T01:24:34.793205,0,0,580.3273879999999,0
2026-04-11T01:24:35.800210,0,0,579.4453619999999,0
2026-04-11T01:24:36.806169,0,0,580.3273879999999,0
2026-04-11T01:24:37.813168,0,0,579.4453619999999,0
2026-04-11T01:24:47.884511,0,0,581.2094139999999,0
2026-04-11T01:24:50.366960,0,0,579.4453619999999,0
2026-04-11T01:24:51.373968,0,0,580.3273879999999,0
2026-04-11T01:24:52.379922,0,0,580.3273879999999,0
2026-04-11T01:24:53.386894,0,0,579.4453619999999,0
2026-04-11T01:24:54.392841,0,0,579.4453619999999,0
2026-04-11T01:24:55.399863,0,0,579.4453619999999,0
2026-04-11T01:24:56.405840,0,0,579.4453619999999,0
2026-04-11T01:24:57.412789,0,0,579.4453619999999,0
2026-04-11T01:24:58.420747,0,0,580.3273879999999,0
2026-04-11T01:24:59.426737,0,0,580.3273879999999,0
2026-04-11T01:25:00.433705,0,0,579.4453619999999,0
2026-04-11T01:25:01.439737,0,0,580.3273879999999,0
2026-04-11T01:25:02.446688,0,0,580.3273879999999,0
2026-04-11T01:25:03.451653,0,0,580.3273879999999,0
2026-04-11T01:25:04.459611,0,0,580.3273879999999,0
2026-04-11T01:25:05.465603,0,0,581.2094139999999,0
2026-04-11T01:25:06.472618,0,0,580.3273879999999,0
2026-04-11T01:25:07.480594,0,0,579.4453619999999,0
2026-04-11T01:25:08.486632,0,0,580.3273879999999,0
2026-04-11T01:25:09.493412,0,0,580.3273879999999,0
2026-04-11T01:25:10.499539,0,0,579.4453619999999,0
2026-04-11T01:25:20.852057,0,0,580.3273879999999,0
2026-04-11T01:25:23.334412,0,0,579.4453619999999,0
2026-04-11T01:25:24.341281,0,0,580.3273879999999,0
2026-04-11T01:25:25.347269,0,0,580.3273879999999,0
2026-04-11T01:25:26.354323,0,0,578.5633359999999,0
2026-04-11T01:25:27.360226,0,0,580.3273879999999,0
2026-04-11T01:25:28.367206,0,0,579.4453619999999,0
2026-04-11T01:25:29.373158,0,0,580.3273879999999,0
2026-04-11T01:25:30.381179,0,0,580.3273879999999,0
2026-04-11T01:25:31.388119,0,0,579.4453619999999,0
2026-04-11T01:25:32.394085,0,0,580.3273879999999,0
2026-04-11T01:25:33.401077,0,0,579.4453619999999,0
2026-04-11T01:25:34.407049,0,0,579.4453619999999,0
2026-04-11T01:25:35.414031,0,0,580.3273879999999,0
2026-04-11T01:25:36.420009,0,0,579.4453619999999,0
2026-04-11T01:25:37.427031,0,0,579.4453619999999,0
2026-04-11T01:25:38.432981,0,0,579.4453619999999,0
2026-04-11T01:25:39.439951,0,0,580.3273879999999,0
2026-04-11T01:25:40.447939,0,0,579.4453619999999,0
2026-04-11T01:25:41.453911,0,0,581.2094139999999,0
2026-04-11T01:25:42.460923,0,0,580.3273879999999,0
2026-04-11T01:25:43.466897,0,0,578.5633359999999,0
2026-04-11T01:25:44.473865,0,0,580.3273879999999,0
2026-04-11T01:25:57.086324,0,0,578.5633359999999,0
2026-04-11T01:25:58.092531,0,0,580.3273879999999,0
2026-04-11T01:25:59.098576,0,0,579.4453619999999,0
2026-04-11T01:26:00.105466,0,0,579.4453619999999,0
2026-04-11T01:26:01.111458,0,0,579.4453619999999,0
2026-04-11T01:26:02.118525,0,0,580.3273879999999,0
2026-04-11T01:26:03.124450,0,0,579.4453619999999,0
2026-04-11T01:26:04.131385,0,0,579.4453619999999,0
2026-04-11T01:26:05.139414,0,0,579.4453619999999,0
2026-04-11T01:26:06.145381,0,0,580.3273879999999,0
2026-04-11T01:26:07.152307,0,0,580.3273879999999,0
2026-04-11T01:26:08.158441,0,0,580.3273879999999,0
2026-04-11T01:26:09.165317,0,0,580.3273879999999,0
2026-04-11T01:26:10.171316,0,0,579.4453619999999,0
2026-04-11T01:26:11.178318,0,0,579.4453619999999,0
2026-04-11T01:26:12.184253,0,0,578.5633359999999,0
2026-04-11T01:26:13.191210,0,0,580.3273879999999,0
2026-04-11T01:26:14.199186,0,0,579.4453619999999,0
2026-04-11T01:26:15.205157,0,0,579.4453619999999,0
2026-04-11T01:26:16.212138,0,0,580.3273879999999,0
2026-04-11T01:26:17.218258,0,0,577.6813099999999,0
2026-04-11T01:26:18.225132,0,0,580.3273879999999,0
2026-04-11T01:26:19.231114,0,0,580.3273879999999,0
2026-04-11T01:26:20.237080,0,0,580.3273879999999,0
2026-04-11T01:26:21.245019,0,0,579.4453619999999,0
2026-04-11T01:26:22.251047,0,0,581.2094139999999,0
2026-04-11T01:26:23.259028,0,0,580.3273879999999,0
2026-04-11T01:26:24.265004,0,0,580.3273879999999,0
2026-04-11T01:26:25.271982,0,0,579.4453619999999,0
2026-04-11T01:26:26.277970,0,0,579.4453619999999,0
2026-04-11T01:26:27.284976,0,0,581.2094139999999,0
2026-04-11T01:26:28.290998,0,0,579.4453619999999,0
2026-04-11T01:26:29.296870,0,0,580.3273879999999,0
2026-04-11T01:26:30.304851,0,0,580.3273879999999,0
2026-04-11T01:26:31.310828,0,0,579.4453619999999,0
2026-04-11T01:26:32.317815,0,0,580.3273879999999,0
2026-04-11T01:26:33.324784,0,0,579.4453619999999,0
2026-04-11T01:26:34.331774,0,0,580.3273879999999,0
2026-04-11T01:26:35.337746,0,0,579.4453619999999,0
2026-04-11T01:26:36.344716,0,0,578.5633359999999,0
2026-04-11T01:26:37.351695,0,0,580.3273879999999,0
2026-04-11T01:26:38.357671,0,0,579.4453619999999,0
2026-04-11T01:26:39.364663,0,0,580.3273879999999,0
2026-04-11T01:26:40.370720,0,0,580.3273879999999,0
2026-04-11T01:26:41.377613,0,0,579.4453619999999,0
2026-04-11T01:26:42.383603,0,0,579.4453619999999,0
2026-04-11T01:26:43.391604,0,0,580.3273879999999,0
2026-04-11T01:26:44.397580,0,0,580.3273879999999,0
2026-04-11T01:26:45.404570,0,0,578.5633359999999,0
2026-04-11T01:26:46.411565,0,0,580.3273879999999,0
2026-04-11T01:26:47.417533,0,0,579.4453619999999,0
2026-04-11T01:26:48.424476,0,0,581.2094139999999,0
2026-04-11T01:26:49.430569,0,0,581.2094139999999,0
2026-04-11T01:26:50.437478,0,0,580.3273879999999,0
2026-04-11T01:26:51.443457,0,0,579.4453619999999,0
2026-04-11T01:26:52.450530,0,0,579.4453619999999,0
2026-04-11T01:26:53.458475,0,0,580.3273879999999,0
2026-04-11T01:26:54.464330,0,0,580.3273879999999,0
2026-04-11T01:26:55.471332,0,0,578.5633359999999,0
2026-04-11T01:26:56.477324,0,0,580.3273879999999,0
2026-04-11T01:26:57.484329,0,0,580.3273879999999,0
2026-04-11T01:26:58.490401,0,0,580.3273879999999,0
2026-04-11T01:26:59.497266,0,0,581.2094139999999,0
2026-04-11T01:27:00.503230,0,0,580.3273879999999,0
2026-04-11T01:27:01.510326,0,0,581.2094139999999,0
2026-04-11T01:27:02.518278,0,0,580.3273879999999,0
2026-04-11T01:27:03.524167,0,0,580.3273879999999,0
2026-04-11T01:27:04.531137,0,0,580.3273879999999,0
2026-04-11T01:27:05.537111,0,0,580.3273879999999,0
2026-04-11T01:27:06.544105,0,0,579.4453619999999,0
2026-04-11T01:27:07.550101,0,0,579.4453619999999,0
2026-04-11T01:27:08.557099,0,0,580.3273879999999,0
2026-04-11T01:27:09.564070,0,0,579.4453619999999,0
2026-04-11T01:27:10.570049,0,0,579.4453619999999,0
2026-04-11T01:27:11.576974,0,0,582.0914399999999,0
2026-04-11T01:27:12.584009,0,0,579.4453619999999,0
2026-04-11T01:27:13.590974,0,0,580.3273879999999,0
2026-04-11T01:27:14.596968,0,0,580.3273879999999,0
2026-04-11T01:27:15.603945,0,0,579.4453619999999,0
2026-04-11T01:27:16.609926,0,0,582.0914399999999,0
2026-04-11T01:27:17.616864,0,0,579.4453619999999,0
2026-04-11T01:27:18.623873,0,0,578.5633359999999,0
2026-04-11T01:27:19.629819,0,0,580.3273879999999,0
2026-04-11T01:27:20.636773,0,0,578.5633359999999,0
2026-04-11T01:27:21.642813,0,0,579.4453619999999,0
2026-04-11T01:27:22.650761,0,0,579.4453619999999,0
2026-04-11T01:27:23.656718,0,0,580.3273879999999,0
2026-04-11T01:27:24.663718,0,0,579.4453619999999,0
2026-04-11T01:27:25.670708,0,0,579.4453619999999,0
2026-04-11T01:27:26.676657,0,0,579.4453619999999,0
2026-04-11T01:27:27.683659,0,0,580.3273879999999,0
2026-04-11T01:27:28.689591,0,0,571.507128,0
2026-04-11T01:27:29.696600,0,0,580.3273879999999,0
2026-04-11T01:27:30.702665,0,0,579.4453619999999,0
2026-04-11T01:27:31.710640,0,0,580.3273879999999,0
2026-04-11T01:27:32.716548,0,0,579.4453619999999,0
2026-04-11T01:27:33.723533,0,0,580.3273879999999,0
2026-04-11T01:27:34.730601,0,0,580.3273879999999,0
2026-04-11T01:27:35.736477,0,0,579.4453619999999,0
2026-04-11T01:27:36.743438,0,0,580.3273879999999,0
2026-04-11T01:27:37.749441,0,0,579.4453619999999,0
2026-04-11T01:27:38.756466,0,0,579.4453619999999,0
2026-04-11T01:27:39.762502,0,0,580.3273879999999,0
2026-04-11T01:27:40.769354,0,0,578.5633359999999,0
2026-04-11T01:27:41.777346,0,0,579.4453619999999,0
2026-04-11T01:27:42.783322,0,0,583.8554919999999,0
2026-04-11T01:27:43.790426,0,0,579.4453619999999,0
2026-04-11T01:27:44.796276,0,0,580.3273879999999,0
2026-04-11T01:27:45.803234,0,0,579.4453619999999,0
2026-04-11T01:27:46.809231,0,0,579.4453619999999,0
2026-04-11T01:27:47.816225,0,0,580.3273879999999,0
2026-04-11T01:27:48.822305,0,0,578.5633359999999,0
2026-04-11T01:27:49.829216,0,0,579.4453619999999,0
2026-04-11T01:27:50.837194,0,0,579.4453619999999,0
2026-04-11T01:27:51.843184,0,0,579.4453619999999,0
2026-04-11T01:27:52.850154,0,0,580.3273879999999,0
2026-04-11T01:27:53.856093,0,0,579.4453619999999,0
2026-04-11T01:27:54.863114,0,0,579.4453619999999,0
2026-04-11T01:27:55.869052,0,0,579.4453619999999,0
2026-04-11T01:27:56.876070,0,0,579.4453619999999,0
2026-04-11T01:27:57.883055,0,0,580.3273879999999,0
2026-04-11T01:27:58.889018,0,0,579.4453619999999,0
2026-04-11T01:27:59.895967,0,0,579.4453619999999,0
2026-04-11T01:28:10.144307,0,0,580.3273879999999,0
2026-04-11T01:28:12.626743,0,0,580.3273879999999,0
2026-04-11T01:28:13.633721,0,0,579.4453619999999,0
2026-04-11T01:28:14.639655,0,0,579.4453619999999,0
2026-04-11T01:28:15.646713,0,0,579.4453619999999,0
2026-04-11T01:28:16.652643,0,0,580.3273879999999,0
2026-04-11T01:28:17.659627,0,0,579.4453619999999,0
2026-04-11T01:28:18.665570,0,0,579.4453619999999,0
2026-04-11T01:28:19.673547,0,0,580.3273879999999,0
2026-04-11T01:28:20.680556,0,0,580.3273879999999,0
2026-04-11T01:28:21.686637,0,0,581.2094139999999,0
2026-04-11T01:28:22.693493,0,0,581.2094139999999,0
2026-04-11T01:28:23.699503,0,0,579.4453619999999,0
2026-04-11T01:28:24.706578,0,0,581.2094139999999,0
2026-04-11T01:28:25.712414,0,0,579.4453619999999,0
2026-04-11T01:28:26.719430,0,0,581.2094139999999,0
2026-04-11T01:28:27.725379,0,0,580.3273879999999,0
2026-04-11T01:28:28.733386,0,0,579.4453619999999,0
2026-04-11T01:28:29.740374,0,0,582.0914399999999,0
2026-04-11T01:28:30.746434,0,0,580.3273879999999,0
2026-04-11T01:28:31.753325,0,0,580.3273879999999,0
2026-04-11T01:28:32.759309,0,0,580.3273879999999,0
2026-04-11T01:28:33.766367,0,0,578.5633359999999,0
2026-04-11T01:28:34.772290,0,0,580.3273879999999,0
2026-04-11T01:28:35.779242,0,0,579.4453619999999,0
2026-04-11T01:28:36.786284,0,0,579.4453619999999,0
2026-04-11T01:28:37.792189,0,0,580.3273879999999,0
2026-04-11T01:28:38.800161,0,0,578.5633359999999,0
2026-04-11T01:28:39.806147,0,0,579.4453619999999,0
2026-04-11T01:28:40.813119,0,0,581.2094139999999,0
2026-04-11T01:28:41.819122,0,0,580.3273879999999,0
2026-04-11T01:28:42.826098,0,0,578.5633359999999,0
2026-04-11T01:28:43.832052,0,0,579.4453619999999,0
2026-04-11T01:28:44.839036,0,0,578.5633359999999,0
2026-04-11T01:28:45.846033,0,0,580.3273879999999,0
2026-04-11T01:28:46.852002,0,0,579.4453619999999,0
2026-04-11T01:28:47.859975,0,0,580.3273879999999,0
2026-04-11T01:28:48.865960,0,0,580.3273879999999,0
2026-04-11T01:28:49.872909,0,0,580.3273879999999,0
2026-04-11T01:28:50.878898,0,0,580.3273879999999,0
2026-04-11T01:28:51.885877,0,0,579.4453619999999,0
2026-04-11T01:28:52.892866,0,0,580.3273879999999,0
2026-04-11T01:28:53.898836,0,0,579.4453619999999,0
2026-04-11T01:28:54.905819,0,0,580.3273879999999,0
2026-04-11T01:28:55.911780,0,0,580.3273879999999,0
2026-04-11T01:28:56.918784,0,0,579.4453619999999,0
2026-04-11T01:28:57.925740,0,0,578.5633359999999,0
2026-04-11T01:28:58.932731,0,0,579.4453619999999,0
2026-04-11T01:28:59.938735,0,0,577.6813099999999,0
2026-04-11T01:29:00.945674,0,0,581.2094139999999,0
2026-04-11T01:29:01.952654,0,0,580.3273879999999,0
2026-04-11T01:29:02.958690,0,0,581.2094139999999,0
2026-04-11T01:29:03.965617,0,0,580.3273879999999,0
2026-04-11T01:29:04.971579,0,0,581.2094139999999,0
2026-04-11T01:29:05.978658,0,0,580.3273879999999,0
2026-04-11T01:29:06.984537,0,0,579.4453619999999,0
2026-04-11T01:29:07.992510,0,0,579.4453619999999,0
2026-04-11T01:29:08.999499,0,0,580.3273879999999,0
2026-04-11T01:29:10.005483,0,0,579.4453619999999,0
2026-04-11T01:29:11.012454,0,0,579.4453619999999,0
2026-04-11T01:29:12.018550,0,0,580.3273879999999,0
2026-04-11T01:29:13.025400,0,0,579.4453619999999,0
2026-04-11T01:29:14.031398,0,0,579.4453619999999,0
2026-04-11T01:29:15.038479,0,0,578.5633359999999,0
2026-04-11T01:29:16.044342,0,0,580.3273879999999,0
2026-04-11T01:29:17.052323,0,0,579.4453619999999,0
2026-04-11T01:29:18.058885,0,0,579.4453619999999,0
2026-04-11T01:29:19.065276,0,0,579.4453619999999,0
2026-04-11T01:29:20.072259,0,0,580.3273879999999,0
2026-04-11T01:29:21.078333,0,0,580.3273879999999,0
2026-04-11T01:29:22.085213,0,0,579.4453619999999,0
2026-04-11T01:29:23.091199,0,0,579.4453619999999,0
2026-04-11T01:29:24.098263,0,0,580.3273879999999,0
2026-04-11T01:29:25.105153,0,0,582.0914399999999,0
2026-04-11T01:29:26.111127,0,0,580.3273879999999,0
2026-04-11T01:29:27.119133,0,0,581.2094139999999,0
2026-04-11T01:29:28.125103,0,0,579.4453619999999,0
2026-04-11T01:29:29.132042,0,0,581.2094139999999,0
2026-04-11T01:29:30.138040,0,0,580.3273879999999,0
2026-04-11T01:29:31.145012,0,0,579.4453619999999,0
2026-04-11T01:29:32.151007,0,0,580.3273879999999,0
2026-04-11T01:29:33.158019,0,0,580.3273879999999,0
2026-04-11T01:29:34.164944,0,0,580.3273879999999,0
2026-04-11T01:29:35.170938,0,0,580.3273879999999,0
2026-04-11T01:29:36.178967,0,0,581.2094139999999,0
2026-04-11T01:29:37.184891,0,0,575.035232,0
2026-04-11T01:29:38.191911,0,0,579.4453619999999,0
2026-04-11T01:29:39.197877,0,0,579.4453619999999,0
2026-04-11T01:29:40.204869,0,0,580.3273879999999,0
2026-04-11T01:29:51.111400,0,0,580.3273879999999,0
2026-04-11T01:29:53.593607,0,0,575.035232,0
2026-04-11T01:29:54.600543,0,0,579.4453619999999,0
2026-04-11T01:29:55.606672,0,0,577.6813099999999,0
2026-04-11T01:29:56.613508,0,0,581.2094139999999,0
2026-04-11T01:29:57.619503,0,0,579.4453619999999,0
2026-04-11T01:29:58.626635,0,0,580.3273879999999,0
2026-04-11T01:29:59.632465,0,0,580.3273879999999,0
2026-04-11T01:30:00.640289,0,0,579.4453619999999,0
2026-04-11T01:30:01.647471,0,0,580.3273879999999,0
2026-04-11T01:30:02.653401,0,0,579.4453619999999,0
2026-04-11T01:30:03.660376,0,0,579.4453619999999,0
2026-04-11T01:30:04.666433,0,0,580.3273879999999,0
2026-04-11T01:30:05.673350,0,0,579.4453619999999,0
2026-04-11T01:30:06.679289,0,0,579.4453619999999,0
2026-04-11T01:30:07.686382,0,0,580.3273879999999,0
2026-04-11T01:30:08.692296,0,0,579.4453619999999,0
2026-04-11T01:30:09.699257,0,0,580.3273879999999,0
2026-04-11T01:30:10.707247,0,0,581.2094139999999,0
2026-04-11T01:30:11.713218,0,0,580.3273879999999,0
2026-04-11T01:30:12.720211,0,0,580.3273879999999,0
2026-04-11T01:30:13.726154,0,0,580.3273879999999,0
2026-04-11T01:30:14.733177,0,0,580.3273879999999,0
2026-04-11T01:30:15.739143,0,0,579.4453619999999,0
2026-04-11T01:30:16.746124,0,0,579.4453619999999,0
2026-04-11T01:30:17.753108,0,0,580.3273879999999,0
2026-04-11T01:30:18.759058,0,0,580.3273879999999,0
2026-04-11T01:30:19.767011,0,0,579.4453619999999,0
2026-04-11T01:30:20.772996,0,0,579.4453619999999,0
2026-04-11T01:30:21.779969,0,0,580.3273879999999,0
2026-04-11T01:30:22.785939,0,0,578.5633359999999,0
2026-04-11T01:30:23.792923,0,0,580.3273879999999,0
2026-04-11T01:30:24.798936,0,0,580.3273879999999,0
2026-04-11T01:30:25.805913,0,0,579.4453619999999,0
2026-04-11T01:30:26.812879,0,0,580.3273879999999,0
2026-04-11T01:30:27.818868,0,0,580.3273879999999,0
2026-04-11T01:30:28.825830,0,0,579.4453619999999,0
2026-04-11T01:30:29.832821,0,0,577.6813099999999,0
2026-04-11T01:30:30.839780,0,0,579.4453619999999,0
2026-04-11T01:30:31.845772,0,0,579.4453619999999,0
2026-04-11T01:30:32.852775,0,0,580.3273879999999,0
2026-04-11T01:30:33.859776,0,0,579.4453619999999,0
2026-04-11T01:30:34.865734,0,0,580.3273879999999,0
2026-04-11T01:30:35.872701,0,0,580.3273879999999,0
2026-04-11T01:30:36.878760,0,0,580.3273879999999,0
2026-04-11T01:30:37.885519,0,0,580.3273879999999,0
2026-04-11T01:30:38.891654,0,0,578.5633359999999,0
2026-04-11T01:30:39.899590,0,0,579.4453619999999,0
2026-04-11T01:30:40.905582,0,0,579.4453619999999,0
2026-04-11T01:30:41.912583,0,0,580.3273879999999,0
2026-04-11T01:30:42.919502,0,0,580.3273879999999,0
2026-04-11T01:30:43.925514,0,0,580.3273879999999,0
2026-04-11T01:30:44.932484,0,0,579.4453619999999,0
2026-04-11T01:30:45.938564,0,0,577.6813099999999,0
2026-04-11T01:30:46.945434,0,0,580.3273879999999,0
2026-04-11T01:30:47.951418,0,0,581.2094139999999,0
2026-04-11T01:30:58.149717,0,0,580.3273879999999,0
2026-04-11T01:31:00.632017,0,0,580.3273879999999,0
2026-04-11T01:31:01.639061,0,0,580.3273879999999,0
2026-04-11T01:31:02.645045,0,0,579.4453619999999,0
2026-04-11T01:31:03.652026,0,0,580.3273879999999,0
2026-04-11T01:31:04.658033,0,0,582.0914399999999,0
2026-04-11T01:31:05.664994,0,0,580.3273879999999,0
2026-04-11T01:31:06.670975,0,0,581.2094139999999,0
2026-04-11T01:31:07.678897,0,0,579.4453619999999,0
2026-04-11T01:31:08.685924,0,0,579.4453619999999,0
2026-04-11T01:31:09.691903,0,0,580.3273879999999,0
2026-04-11T01:31:10.698876,0,0,580.3273879999999,0
2026-04-11T01:31:11.704851,0,0,580.3273879999999,0
2026-04-11T01:31:12.710840,0,0,579.4453619999999,0
2026-04-11T01:31:13.717817,0,0,579.4453619999999,0
2026-04-11T01:31:14.724770,0,0,580.3273879999999,0
2026-04-11T01:31:15.730780,0,0,581.2094139999999,0
2026-04-11T01:31:16.737731,0,0,579.4453619999999,0
2026-04-11T01:31:17.745743,0,0,579.4453619999999,0
2026-04-11T01:31:18.751695,0,0,579.4453619999999,0
2026-04-11T01:31:19.758708,0,0,578.5633359999999,0
2026-04-11T01:31:20.764653,0,0,580.3273879999999,0
2026-04-11T01:31:21.771669,0,0,579.4453619999999,0
2026-04-11T01:31:32.616866,0,0,579.4453619999999,0
2026-04-11T01:31:35.099410,0,0,579.4453619999999,0
2026-04-11T01:31:36.106460,0,0,580.3273879999999,0
2026-04-11T01:31:37.112373,0,0,579.4453619999999,0
2026-04-11T01:31:38.119353,0,0,580.3273879999999,0
2026-04-11T01:31:39.125332,0,0,580.3273879999999,0
2026-04-11T01:31:40.132331,0,0,579.4453619999999,0
2026-04-11T01:31:41.138391,0,0,579.4453619999999,0
2026-04-11T01:31:42.146369,0,0,579.4453619999999,0
2026-04-11T01:31:43.153263,0,0,580.3273879999999,0
2026-04-11T01:31:44.159216,0,0,580.3273879999999,0
2026-04-11T01:31:45.166277,0,0,580.3273879999999,0
2026-04-11T01:31:46.172195,0,0,579.4453619999999,0
2026-04-11T01:31:47.179175,0,0,578.5633359999999,0
2026-04-11T01:31:48.185151,0,0,579.4453619999999,0
2026-04-11T01:31:49.192136,0,0,580.3273879999999,0
2026-04-11T01:31:50.198088,0,0,577.6813099999999,0
2026-04-11T01:31:51.205082,0,0,579.4453619999999,0
2026-04-11T01:31:52.213021,0,0,579.4453619999999,0
2026-04-11T01:31:53.219038,0,0,579.4453619999999,0
2026-04-11T01:31:54.226010,0,0,580.3273879999999,0
2026-04-11T01:31:55.231990,0,0,580.3273879999999,0
2026-04-11T01:32:06.063270,0,0,580.3273879999999,0
2026-04-11T01:32:08.545701,0,0,580.3273879999999,0
2026-04-11T01:32:09.552653,0,0,580.3273879999999,0
2026-04-11T01:32:10.558554,0,0,580.3273879999999,0
2026-04-11T01:32:11.565652,0,0,578.5633359999999,0
2026-04-11T01:32:12.571632,0,0,579.4453619999999,0
2026-04-11T01:32:13.578651,0,0,582.0914399999999,0
2026-04-11T01:32:14.584530,0,0,580.3273879999999,0
2026-04-11T01:32:15.592529,0,0,580.3273879999999,0
2026-04-11T01:32:16.599524,0,0,579.4453619999999,0
2026-04-11T01:32:17.605444,0,0,579.4453619999999,0
2026-04-11T01:32:18.611447,0,0,580.3273879999999,0
2026-04-11T01:32:19.618523,0,0,580.3273879999999,0
2026-04-11T01:32:20.625447,0,0,579.4453619999999,0
2026-04-11T01:32:21.631327,0,0,580.3273879999999,0
2026-04-11T01:32:22.638462,0,0,579.4453619999999,0
2026-04-11T01:32:23.644372,0,0,579.4453619999999,0
2026-04-11T01:32:24.651349,0,0,580.3273879999999,0
2026-04-11T01:32:25.659319,0,0,579.4453619999999,0
2026-04-11T01:32:26.665305,0,0,579.4453619999999,0
2026-04-11T01:32:27.672288,0,0,578.5633359999999,0
2026-04-11T01:32:28.678296,0,0,579.4453619999999,0
2026-04-11T01:32:29.685247,0,0,580.3273879999999,0
2026-04-11T01:32:30.691218,0,0,580.3273879999999,0
2026-04-11T01:32:31.698279,0,0,578.5633359999999,0
2026-04-11T01:32:32.705177,0,0,580.3273879999999,0
2026-04-11T01:32:33.711149,0,0,578.5633359999999,0
2026-04-11T01:32:34.719027,0,0,579.4453619999999,0
2026-04-11T01:32:35.725081,0,0,579.4453619999999,0
2026-04-11T01:32:36.732068,0,0,579.4453619999999,0
2026-04-11T01:32:37.738055,0,0,579.4453619999999,0
2026-04-11T01:32:38.745016,0,0,580.3273879999999,0
2026-04-11T01:32:39.751006,0,0,581.2094139999999,0
2026-04-11T01:32:40.757974,0,0,579.4453619999999,0
2026-04-11T01:32:41.765006,0,0,578.5633359999999,0
2026-04-11T01:32:42.770925,0,0,580.3273879999999,0
2026-04-11T01:32:43.777905,0,0,579.4453619999999,0
2026-04-11T01:32:44.784904,0,0,578.5633359999999,0
2026-04-11T01:32:45.791871,0,0,579.4453619999999,0
2026-04-11T01:32:46.797830,0,0,578.5633359999999,0
2026-04-11T01:32:47.804848,0,0,579.4453619999999,0
2026-04-11T01:32:48.811784,0,0,581.2094139999999,0
2026-04-11T01:32:49.817775,0,0,584.7375179999999,0
2026-04-11T01:32:50.824754,0,0,581.2094139999999,0
2026-04-11T01:32:51.830754,0,0,580.3273879999999,0
2026-04-11T01:32:52.837700,0,0,580.3273879999999,0
2026-04-11T01:32:53.843517,0,0,580.3273879999999,0
2026-04-11T01:32:54.851662,0,0,580.3273879999999,0
2026-04-11T01:32:55.857638,0,0,579.4453619999999,0
2026-04-11T01:32:56.864602,0,0,579.4453619999999,0
2026-04-11T01:32:57.871615,0,0,580.3273879999999,0
2026-04-11T01:32:58.877587,0,0,579.4453619999999,0
2026-04-11T01:32:59.884568,0,0,580.3273879999999,0
2026-04-11T01:33:00.890620,0,0,580.3273879999999,0
2026-04-11T01:33:01.897517,0,0,579.4453619999999,0
2026-04-11T01:33:02.903472,0,0,579.4453619999999,0
2026-04-11T01:33:03.911446,0,0,580.3273879999999,0
2026-04-11T01:33:04.918538,0,0,579.4453619999999,0
2026-04-11T01:33:05.924389,0,0,580.3273879999999,0
2026-04-11T01:33:06.931385,0,0,579.4453619999999,0
2026-04-11T01:33:07.937364,0,0,579.4453619999999,0
2026-04-11T01:33:08.944358,0,0,580.3273879999999,0
2026-04-11T01:33:09.950396,0,0,579.4453619999999,0
2026-04-11T01:33:10.957338,0,0,579.4453619999999,0
2026-04-11T01:33:11.963250,0,0,582.0914399999999,0
2026-04-11T01:33:12.970370,0,0,578.5633359999999,0
2026-04-11T01:33:13.978287,0,0,580.3273879999999,0
2026-04-11T01:33:14.984203,0,0,578.5633359999999,0
2026-04-11T01:33:15.991211,0,0,579.4453619999999,0
2026-04-11T01:33:16.997165,0,0,579.4453619999999,0
2026-04-11T01:33:18.004158,0,0,580.3273879999999,0
2026-04-11T01:33:19.010141,0,0,579.4453619999999,0
2026-04-11T01:33:20.017105,0,0,580.3273879999999,0
2026-04-11T01:33:21.024100,0,0,579.4453619999999,0
2026-04-11T01:33:22.030036,0,0,581.2094139999999,0
2026-04-11T01:33:23.038048,0,0,580.3273879999999,0
2026-04-11T01:33:24.044012,0,0,580.3273879999999,0
2026-04-11T01:33:25.050981,0,0,579.4453619999999,0
2026-04-11T01:33:26.056997,0,0,580.3273879999999,0
2026-04-11T01:33:27.063915,0,0,579.4453619999999,0
2026-04-11T01:33:28.069938,0,0,579.4453619999999,0
2026-04-11T01:33:29.076923,0,0,579.4453619999999,0
2026-04-11T01:33:30.083902,0,0,581.2094139999999,0
2026-04-11T01:33:31.089867,0,0,580.3273879999999,0
2026-04-11T01:33:32.096830,0,0,581.2094139999999,0
2026-04-11T01:33:33.103831,0,0,579.4453619999999,0
2026-04-11T01:33:34.110819,0,0,580.3273879999999,0
2026-04-11T01:33:35.116774,0,0,580.3273879999999,0
2026-04-11T01:33:36.123760,0,0,579.4453619999999,0
2026-04-11T01:33:37.130776,0,0,579.4453619999999,0
2026-04-11T01:33:38.136687,0,0,580.3273879999999,0
2026-04-11T01:33:48.343174,0,0,579.4453619999999,0
2026-04-11T01:33:50.825363,0,0,579.4453619999999,0
2026-04-11T01:33:51.832381,0,0,579.4453619999999,0
2026-04-11T01:33:52.838440,0,0,581.2094139999999,0
2026-04-11T01:33:53.845293,0,0,579.4453619999999,0
2026-04-11T01:33:54.851319,0,0,580.3273879999999,0
2026-04-11T01:33:55.858406,0,0,580.3273879999999,0
2026-04-11T01:33:56.864330,0,0,580.3273879999999,0
2026-04-11T01:33:57.872212,0,0,580.3273879999999,0
2026-04-11T01:33:58.879163,0,0,578.5633359999999,0
2026-04-11T01:33:59.885167,0,0,579.4453619999999,0
2026-04-11T01:34:00.892204,0,0,579.4453619999999,0
2026-04-11T01:34:01.898155,0,0,579.4453619999999,0
2026-04-11T01:34:02.905133,0,0,579.4453619999999,0
2026-04-11T01:34:03.911118,0,0,580.3273879999999,0
2026-04-11T01:34:04.918092,0,0,578.5633359999999,0
2026-04-11T01:34:05.924070,0,0,576.799284,0
2026-04-11T01:34:06.931040,0,0,579.4453619999999,0
2026-04-11T01:34:07.938993,0,0,579.4453619999999,0
2026-04-11T01:34:08.944956,0,0,577.6813099999999,0
2026-04-11T01:34:09.951933,0,0,580.3273879999999,0
2026-04-11T01:34:10.957917,0,0,578.5633359999999,0
2026-04-11T01:34:21.438324,0,0,580.3273879999999,0
2026-04-11T01:34:23.920666,0,0,578.5633359999999,0
2026-04-11T01:34:24.927644,0,0,579.4453619999999,0
2026-04-11T01:34:25.933609,0,0,578.5633359999999,0
2026-04-11T01:34:26.940589,0,0,580.3273879999999,0
2026-04-11T01:34:27.946613,0,0,579.4453619999999,0
2026-04-11T01:34:28.953527,0,0,579.4453619999999,0
2026-04-11T01:34:29.959520,0,0,579.4453619999999,0
2026-04-11T01:34:30.967440,0,0,580.3273879999999,0
2026-04-11T01:34:31.974599,0,0,580.3273879999999,0
2026-04-11T01:34:32.980492,0,0,580.3273879999999,0
2026-04-11T01:34:33.987454,0,0,580.3273879999999,0
2026-04-11T01:34:34.993433,0,0,580.3273879999999,0
2026-04-11T01:34:36.000383,0,0,582.0914399999999,0
2026-04-11T01:34:37.006469,0,0,580.3273879999999,0
2026-04-11T01:34:38.013362,0,0,580.3273879999999,0
2026-04-11T01:34:39.019356,0,0,578.5633359999999,0
2026-04-11T01:34:40.026309,0,0,579.4453619999999,0
2026-04-11T01:34:41.034388,0,0,580.3273879999999,0
2026-04-11T01:34:42.040267,0,0,579.4453619999999,0
2026-04-11T01:34:43.047191,0,0,580.3273879999999,0
2026-04-11T01:34:44.053232,0,0,579.4453619999999,0
2026-04-11T01:34:45.060140,0,0,581.2094139999999,0
2026-04-11T01:34:46.066263,0,0,580.3273879999999,0
2026-04-11T01:34:47.073145,0,0,580.3273879999999,0
2026-04-11T01:34:48.080136,0,0,579.4453619999999,0
2026-04-11T01:34:49.086125,0,0,580.3273879999999,0
2026-04-11T01:34:50.094067,0,0,580.3273879999999,0
2026-04-11T01:34:51.100033,0,0,579.4453619999999,0
2026-04-11T01:34:52.107019,0,0,578.5633359999999,0
2026-04-11T01:34:53.111855,0,0,580.3273879999999,0
2026-04-11T01:34:54.119974,0,0,579.4453619999999,0
2026-04-11T01:34:55.125949,0,0,579.4453619999999,0
2026-04-11T01:34:56.132929,0,0,580.3273879999999,0
2026-04-11T01:34:57.139904,0,0,582.9734659999999,0
2026-04-11T01:34:58.145868,0,0,582.0914399999999,0
2026-04-11T01:34:59.152872,0,0,579.4453619999999,0
2026-04-11T01:35:00.158850,0,0,581.2094139999999,0
2026-04-11T01:35:01.166829,0,0,580.3273879999999,0
2026-04-11T01:35:02.172805,0,0,580.3273879999999,0
2026-04-11T01:35:03.179764,0,0,579.4453619999999,0
2026-04-11T01:35:04.186755,0,0,580.3273879999999,0
2026-04-11T01:35:05.192743,0,0,579.4453619999999,0
2026-04-11T01:35:06.199703,0,0,580.3273879999999,0
2026-04-11T01:35:07.205701,0,0,580.3273879999999,0
2026-04-11T01:35:08.212768,0,0,579.4453619999999,0
2026-04-11T01:35:09.218702,0,0,580.3273879999999,0
2026-04-11T01:35:10.226676,0,0,580.3273879999999,0
2026-04-11T01:35:11.232589,0,0,580.3273879999999,0
2026-04-11T01:35:12.239561,0,0,580.3273879999999,0
2026-04-11T01:35:13.246696,0,0,580.3273879999999,0
2026-04-11T01:35:14.252546,0,0,580.3273879999999,0
2026-04-11T01:35:15.259550,0,0,580.3273879999999,0
2026-04-11T01:35:16.265475,0,0,580.3273879999999,0
2026-04-11T01:35:17.272368,0,0,578.5633359999999,0
2026-04-11T01:35:18.278531,0,0,581.2094139999999,0
2026-04-11T01:35:19.286544,0,0,584.7375179999999,0
2026-04-11T01:35:20.293417,0,0,580.3273879999999,0
2026-04-11T01:35:21.299395,0,0,580.3273879999999,0
2026-04-11T01:35:22.306468,0,0,579.4453619999999,0
2026-04-11T01:35:23.312338,0,0,581.2094139999999,0
2026-04-11T01:35:24.319286,0,0,580.3273879999999,0
2026-04-11T01:35:25.325211,0,0,580.3273879999999,0
2026-04-11T01:35:26.332297,0,0,580.3273879999999,0
2026-04-11T01:35:27.337221,0,0,580.3273879999999,0
2026-04-11T01:35:28.344205,0,0,579.4453619999999,0
2026-04-11T01:35:29.353245,0,0,580.3273879999999,0
2026-04-11T01:35:30.359169,0,0,581.2094139999999,0
2026-04-11T01:35:31.366164,0,0,580.3273879999999,0
2026-04-11T01:35:32.372142,0,0,580.3273879999999,0
2026-04-11T01:35:33.379114,0,0,579.4453619999999,0
2026-04-11T01:35:34.385113,0,0,581.2094139999999,0
2026-04-11T01:35:35.392076,0,0,581.2094139999999,0
2026-04-11T01:35:36.399026,0,0,580.3273879999999,0
2026-04-11T01:35:37.405020,0,0,580.3273879999999,0
2026-04-11T01:35:38.412000,0,0,580.3273879999999,0
2026-04-11T01:35:39.419000,0,0,578.5633359999999,0
2026-04-11T01:35:40.425999,0,0,580.3273879999999,0
2026-04-11T01:35:41.431947,0,0,580.3273879999999,0
2026-04-11T01:35:42.438926,0,0,579.4453619999999,0
2026-04-11T01:35:43.444854,0,0,579.4453619999999,0
2026-04-11T01:35:44.450857,0,0,580.3273879999999,0
2026-04-11T01:35:45.458848,0,0,580.3273879999999,0
2026-04-11T01:35:46.464785,0,0,578.5633359999999,0
2026-04-11T01:35:47.471783,0,0,579.4453619999999,0
2026-04-11T01:35:48.477769,0,0,579.4453619999999,0
2026-04-11T01:35:49.485770,0,0,580.3273879999999,0
2026-04-11T01:35:50.491751,0,0,580.3273879999999,0
2026-04-11T01:35:51.498774,0,0,579.4453619999999,0
2026-04-11T01:35:52.505713,0,0,579.4453619999999,0
2026-04-11T01:35:53.511664,0,0,579.4453619999999,0
2026-04-11T01:36:06.403236,0,0,580.3273879999999,0
2026-04-11T01:36:07.409423,0,0,580.3273879999999,0
2026-04-11T01:36:08.415395,0,0,579.4453619999999,0
2026-04-11T01:36:09.422438,0,0,580.3273879999999,0
2026-04-11T01:36:10.428313,0,0,580.3273879999999,0
2026-04-11T01:36:11.435292,0,0,580.3273879999999,0
2026-04-11T01:36:12.441262,0,0,579.4453619999999,0
2026-04-11T01:36:13.449284,0,0,579.4453619999999,0
2026-04-11T01:36:14.455199,0,0,580.3273879999999,0
2026-04-11T01:36:15.462332,0,0,580.3273879999999,0
2026-04-11T01:36:16.469210,0,0,581.2094139999999,0
2026-04-11T01:36:17.475188,0,0,579.4453619999999,0
2026-04-11T01:36:18.482158,0,0,580.3273879999999,0
2026-04-11T01:36:19.488120,0,0,578.5633359999999,0
2026-04-11T01:36:20.495092,0,0,580.3273879999999,0
2026-04-11T01:36:21.501076,0,0,579.4453619999999,0
2026-04-11T01:36:22.508047,0,0,579.4453619999999,0
2026-04-11T01:36:23.516018,0,0,580.3273879999999,0
2026-04-11T01:36:24.522020,0,0,576.799284,0
2026-04-11T01:36:25.529024,0,0,580.3273879999999,0
2026-04-11T01:36:26.534977,0,0,580.3273879999999,0
2026-04-11T01:36:36.968325,0,0,580.3273879999999,0
2026-04-11T01:36:39.450767,0,0,582.0914399999999,0
2026-04-11T01:36:40.457677,0,0,579.4453619999999,0
2026-04-11T01:36:41.463651,0,0,580.3273879999999,0
2026-04-11T01:36:42.470675,0,0,595.32183,0
2026-04-11T01:36:43.476572,0,0,580.3273879999999,0
2026-04-11T01:36:44.483582,0,0,579.4453619999999,0
2026-04-11T01:36:45.489556,0,0,580.3273879999999,0
2026-04-11T01:36:46.497527,0,0,580.3273879999999,0
2026-04-11T01:36:47.504505,0,0,579.4453619999999,0
2026-04-11T01:36:48.510601,0,0,579.4453619999999,0
2026-04-11T01:36:49.517488,0,0,580.3273879999999,0
2026-04-11T01:36:50.523445,0,0,579.4453619999999,0
2026-04-11T01:36:51.530507,0,0,577.6813099999999,0
2026-04-11T01:36:52.536398,0,0,580.3273879999999,0
2026-04-11T01:36:53.543378,0,0,579.4453619999999,0
2026-04-11T01:36:54.549379,0,0,579.4453619999999,0
2026-04-11T01:36:55.556325,0,0,579.4453619999999,0
2026-04-11T01:36:56.564341,0,0,580.3273879999999,0
2026-04-11T01:36:57.570410,0,0,580.3273879999999,0
2026-04-11T01:36:58.577293,0,0,579.4453619999999,0
2026-04-11T01:36:59.583274,0,0,579.4453619999999,0
2026-04-11T01:37:00.590335,0,0,580.3273879999999,0
2026-04-11T01:37:01.596223,0,0,582.0914399999999,0
2026-04-11T01:37:02.603208,0,0,579.4453619999999,0
2026-04-11T01:37:03.610267,0,0,579.4453619999999,0
2026-04-11T01:37:04.616124,0,0,580.3273879999999,0
2026-04-11T01:37:05.623137,0,0,580.3273879999999,0
2026-04-11T01:37:06.630112,0,0,582.0914399999999,0
2026-04-11T01:37:07.637096,0,0,578.5633359999999,0
2026-04-11T01:37:08.643073,0,0,579.4453619999999,0
2026-04-11T01:37:09.650007,0,0,580.3273879999999,0
2026-04-11T01:37:10.655990,0,0,580.3273879999999,0
2026-04-11T01:37:11.662970,0,0,580.3273879999999,0
2026-04-11T01:37:12.669939,0,0,581.2094139999999,0
2026-04-11T01:37:13.675927,0,0,579.4453619999999,0
2026-04-11T01:37:14.682910,0,0,580.3273879999999,0
2026-04-11T01:37:15.688892,0,0,580.3273879999999,0
2026-04-11T01:37:16.696888,0,0,579.4453619999999,0
2026-04-11T01:37:17.702904,0,0,578.5633359999999,0
2026-04-11T01:37:18.709840,0,0,580.3273879999999,0
2026-04-11T01:37:19.716787,0,0,580.3273879999999,0
2026-04-11T01:37:20.722801,0,0,580.3273879999999,0
2026-04-11T01:37:21.729724,0,0,579.4453619999999,0
2026-04-11T01:37:22.735764,0,0,581.2094139999999,0
2026-04-11T01:37:23.742797,0,0,580.3273879999999,0
2026-04-11T01:37:24.748681,0,0,579.4453619999999,0
2026-04-11T01:37:25.756564,0,0,580.3273879999999,0
2026-04-11T01:37:26.762700,0,0,579.4453619999999,0
2026-04-11T01:37:27.769626,0,0,579.4453619999999,0
2026-04-11T01:37:28.776600,0,0,580.3273879999999,0
2026-04-11T01:37:29.782651,0,0,579.4453619999999,0
2026-04-11T01:37:30.789544,0,0,580.3273879999999,0
2026-04-11T01:37:31.795544,0,0,580.3273879999999,0
2026-04-11T01:37:32.802616,0,0,579.4453619999999,0
2026-04-11T01:37:33.808493,0,0,579.4453619999999,0
2026-04-11T01:37:34.815446,0,0,579.4453619999999,0
2026-04-11T01:37:35.823460,0,0,580.3273879999999,0
2026-04-11T01:37:45.870943,0,0,580.3273879999999,0
2026-04-11T01:37:48.353191,0,0,579.4453619999999,0
2026-04-11T01:37:49.360130,0,0,580.3273879999999,0
2026-04-11T01:37:50.366090,0,0,580.3273879999999,0
2026-04-11T01:37:51.373101,0,0,580.3273879999999,0
2026-04-11T01:37:52.379066,0,0,580.3273879999999,0
2026-04-11T01:37:53.386050,0,0,579.4453619999999,0
2026-04-11T01:37:54.392040,0,0,579.4453619999999,0
2026-04-11T01:37:55.399963,0,0,580.3273879999999,0
2026-04-11T01:37:56.406978,0,0,579.4453619999999,0
2026-04-11T01:37:57.412940,0,0,579.4453619999999,0
2026-04-11T01:37:58.419936,0,0,580.3273879999999,0
2026-04-11T01:37:59.425907,0,0,579.4453619999999,0
2026-04-11T01:38:00.432900,0,0,579.4453619999999,0
2026-04-11T01:38:01.438887,0,0,579.4453619999999,0
2026-04-11T01:38:02.445858,0,0,579.4453619999999,0
2026-04-11T01:38:03.451808,0,0,581.2094139999999,0
2026-04-11T01:38:04.458825,0,0,580.3273879999999,0
2026-04-11T01:38:05.466838,0,0,580.3273879999999,0
2026-04-11T01:38:06.472743,0,0,579.4453619999999,0
2026-04-11T01:38:07.479724,0,0,581.2094139999999,0
2026-04-11T01:38:08.485704,0,0,579.4453619999999,0
2026-04-11T01:38:09.492673,0,0,580.3273879999999,0
2026-04-11T01:38:10.498705,0,0,578.5633359999999,0
2026-04-11T01:38:11.505641,0,0,580.3273879999999,0
2026-04-11T01:38:12.512587,0,0,580.3273879999999,0
2026-04-11T01:38:13.518671,0,0,579.4453619999999,0
2026-04-11T01:38:14.525577,0,0,580.3273879999999,0
2026-04-11T01:38:15.532532,0,0,580.3273879999999,0
2026-04-11T01:38:16.539474,0,0,580.3273879999999,0
2026-04-11T01:38:17.545505,0,0,579.4453619999999,0
2026-04-11T01:38:18.552489,0,0,579.4453619999999,0
2026-04-11T01:38:19.558558,0,0,579.4453619999999,0
2026-04-11T01:38:20.565436,0,0,580.3273879999999,0
2026-04-11T01:38:21.572396,0,0,580.3273879999999,0
2026-04-11T01:38:22.578492,0,0,579.4453619999999,0
2026-04-11T01:38:23.585371,0,0,582.0914399999999,0
2026-04-11T01:38:24.591345,0,0,579.4453619999999,0
2026-04-11T01:38:25.599315,0,0,580.3273879999999,0
2026-04-11T01:38:26.605296,0,0,579.4453619999999,0
2026-04-11T01:38:27.612286,0,0,579.4453619999999,0
2026-04-11T01:38:28.619251,0,0,580.3273879999999,0
2026-04-11T01:38:29.625226,0,0,580.3273879999999,0
2026-04-11T01:38:30.632215,0,0,581.2094139999999,0
2026-04-11T01:38:31.638262,0,0,579.4453619999999,0
2026-04-11T01:38:32.645168,0,0,579.4453619999999,0
2026-04-11T01:38:33.651122,0,0,579.4453619999999,0
2026-04-11T01:38:34.659062,0,0,580.3273879999999,0
2026-04-11T01:38:35.665095,0,0,578.5633359999999,0
2026-04-11T01:38:36.672056,0,0,580.3273879999999,0
2026-04-11T01:38:37.679065,0,0,580.3273879999999,0
2026-04-11T01:38:38.685016,0,0,579.4453619999999,0
2026-04-11T01:38:39.691992,0,0,576.799284,0
2026-04-11T01:38:40.698009,0,0,580.3273879999999,0
2026-04-11T01:38:41.704964,0,0,580.3273879999999,0
2026-04-11T01:38:42.710943,0,0,579.4453619999999,0
2026-04-11T01:38:43.717882,0,0,579.4453619999999,0
2026-04-11T01:38:53.907244,0,0,579.4453619999999,0
2026-04-11T01:38:56.389554,0,0,580.3273879999999,0
2026-04-11T01:38:57.396567,0,0,580.3273879999999,0
2026-04-11T01:38:58.402593,0,0,579.4453619999999,0
2026-04-11T01:38:59.409565,0,0,580.3273879999999,0
2026-04-11T01:39:00.415510,0,0,580.3273879999999,0
2026-04-11T01:39:01.422490,0,0,576.799284,0
2026-04-11T01:39:02.428469,0,0,579.4453619999999,0
2026-04-11T01:39:03.436446,0,0,580.3273879999999,0
2026-04-11T01:39:04.443410,0,0,579.4453619999999,0
2026-04-11T01:39:05.449364,0,0,579.4453619999999,0
2026-04-11T01:39:06.456363,0,0,579.4453619999999,0
2026-04-11T01:39:07.462398,0,0,579.4453619999999,0
2026-04-11T01:39:08.469298,0,0,580.3273879999999,0
2026-04-11T01:39:09.475296,0,0,581.2094139999999,0
2026-04-11T01:39:10.482348,0,0,579.4453619999999,0
2026-04-11T01:39:11.488230,0,0,580.3273879999999,0
2026-04-11T01:39:12.495230,0,0,579.4453619999999,0
2026-04-11T01:39:13.503183,0,0,580.3273879999999,0
2026-04-11T01:39:14.509144,0,0,580.3273879999999,0
2026-04-11T01:39:15.516151,0,0,579.4453619999999,0
2026-04-11T01:39:26.382526,0,0,580.3273879999999,0
2026-04-11T01:39:28.864824,0,0,582.0914399999999,0
2026-04-11T01:39:29.871887,0,0,580.3273879999999,0
2026-04-11T01:39:30.877767,0,0,580.3273879999999,0
2026-04-11T01:39:31.884786,0,0,579.4453619999999,0
2026-04-11T01:39:32.890770,0,0,580.3273879999999,0
2026-04-11T01:39:33.897729,0,0,579.4453619999999,0
2026-04-11T01:39:34.903704,0,0,579.4453619999999,0
2026-04-11T01:39:35.911679,0,0,579.4453619999999,0
2026-04-11T01:39:36.918702,0,0,579.4453619999999,0
2026-04-11T01:39:37.924609,0,0,580.3273879999999,0
2026-04-11T01:39:38.931595,0,0,575.917258,0
2026-04-11T01:39:39.937611,0,0,580.3273879999999,0
2026-04-11T01:39:40.944577,0,0,579.4453619999999,0
2026-04-11T01:39:41.950609,0,0,580.3273879999999,0
2026-04-11T01:39:42.957519,0,0,579.4453619999999,0
2026-04-11T01:39:43.963554,0,0,580.3273879999999,0
2026-04-11T01:39:44.970520,0,0,580.3273879999999,0
2026-04-11T01:39:45.978507,0,0,578.5633359999999,0
2026-04-11T01:39:46.984374,0,0,580.3273879999999,0
2026-04-11T01:39:47.991359,0,0,580.3273879999999,0
2026-04-11T01:39:48.997339,0,0,580.3273879999999,0
2026-04-11T01:39:50.004310,0,0,581.2094139999999,0
2026-04-11T01:39:51.010407,0,0,580.3273879999999,0
2026-04-11T01:39:52.017276,0,0,580.3273879999999,0
2026-04-11T01:39:53.024250,0,0,580.3273879999999,0
2026-04-11T01:39:54.030356,0,0,580.3273879999999,0
2026-04-11T01:39:55.036207,0,0,579.4453619999999,0
2026-04-11T01:39:56.044181,0,0,580.3273879999999,0
2026-04-11T01:39:57.051203,0,0,580.3273879999999,0
2026-04-11T01:39:58.057192,0,0,580.3273879999999,0
2026-04-11T01:39:59.064117,0,0,580.3273879999999,0
2026-04-11T01:40:00.070094,0,0,579.4453619999999,0
2026-04-11T01:40:01.077136,0,0,579.4453619999999,0
2026-04-11T01:40:02.084095,0,0,580.3273879999999,0
2026-04-11T01:40:03.090069,0,0,578.5633359999999,0
2026-04-11T01:40:04.097025,0,0,575.035232,0
2026-04-11T01:40:05.102976,0,0,579.4453619999999,0
2026-04-11T01:40:06.110963,0,0,578.5633359999999,0
2026-04-11T01:40:07.116974,0,0,579.4453619999999,0
2026-04-11T01:40:08.123950,0,0,580.3273879999999,0
2026-04-11T01:40:09.130937,0,0,580.3273879999999,0
2026-04-11T01:40:10.136911,0,0,579.4453619999999,0
2026-04-11T01:40:11.143848,0,0,577.6813099999999,0
2026-04-11T01:40:12.149829,0,0,579.4453619999999,0
2026-04-11T01:40:13.156850,0,0,580.3273879999999,0
2026-04-11T01:40:14.162826,0,0,580.3273879999999,0
2026-04-11T01:40:15.170801,0,0,579.4453619999999,0
2026-04-11T01:40:16.176756,0,0,581.2094139999999,0
2026-04-11T01:40:17.183729,0,0,579.4453619999999,0
2026-04-11T01:40:18.190737,0,0,577.6813099999999,0
2026-04-11T01:40:19.196712,0,0,580.3273879999999,0
2026-04-11T01:40:20.203697,0,0,579.4453619999999,0
2026-04-11T01:40:21.209672,0,0,579.4453619999999,0
2026-04-11T01:40:22.216611,0,0,580.3273879999999,0
2026-04-11T01:40:23.222680,0,0,580.3273879999999,0
2026-04-11T01:40:24.229601,0,0,580.3273879999999,0
2026-04-11T01:40:25.237590,0,0,579.4453619999999,0
2026-04-11T01:40:26.243564,0,0,579.4453619999999,0
2026-04-11T01:40:27.250642,0,0,580.3273879999999,0
2026-04-11T01:40:28.256504,0,0,580.3273879999999,0
2026-04-11T01:40:29.263488,0,0,578.5633359999999,0
2026-04-11T01:40:30.269468,0,0,580.3273879999999,0
2026-04-11T01:40:31.276439,0,0,580.3273879999999,0
2026-04-11T01:40:32.282505,0,0,580.3273879999999,0
2026-04-11T01:40:33.289389,0,0,582.0914399999999,0
2026-04-11T01:40:34.296372,0,0,579.4453619999999,0
2026-04-11T01:40:35.303317,0,0,580.3273879999999,0
2026-04-11T01:40:36.310461,0,0,579.4453619999999,0
2026-04-11T01:40:37.316268,0,0,580.3273879999999,0
2026-04-11T01:40:38.323258,0,0,582.0914399999999,0
2026-04-11T01:40:39.329261,0,0,580.3273879999999,0
2026-04-11T01:40:40.336204,0,0,579.4453619999999,0
2026-04-11T01:40:41.343219,0,0,580.3273879999999,0
2026-04-11T01:40:42.349184,0,0,580.3273879999999,0
2026-04-11T01:40:43.356221,0,0,580.3273879999999,0
2026-04-11T01:40:44.362145,0,0,579.4453619999999,0
2026-04-11T01:40:45.370138,0,0,580.3273879999999,0
2026-04-11T01:40:46.376067,0,0,580.3273879999999,0
2026-04-11T01:40:47.383085,0,0,580.3273879999999,0
2026-04-11T01:40:48.389056,0,0,579.4453619999999,0
2026-04-11T01:40:49.396027,0,0,580.3273879999999,0
2026-04-11T01:40:50.403013,0,0,581.2094139999999,0
2026-04-11T01:40:51.408998,0,0,579.4453619999999,0
2026-04-11T01:40:52.415927,0,0,580.3273879999999,0
2026-04-11T01:40:53.421942,0,0,579.4453619999999,0
2026-04-11T01:40:54.429919,0,0,579.4453619999999,0
2026-04-11T01:40:55.435868,0,0,578.5633359999999,0
2026-04-11T01:40:56.442885,0,0,579.4453619999999,0
2026-04-11T01:40:57.449825,0,0,581.2094139999999,0
2026-04-11T01:40:58.455792,0,0,580.3273879999999,0
2026-04-11T01:41:08.579372,0,0,580.3273879999999,0
2026-04-11T01:41:11.061524,0,0,578.5633359999999,0
2026-04-11T01:41:12.069485,0,0,580.3273879999999,0
2026-04-11T01:41:13.075478,0,0,578.5633359999999,0
2026-04-11T01:41:14.081446,0,0,580.3273879999999,0
2026-04-11T01:41:15.088471,0,0,579.4453619999999,0
2026-04-11T01:41:16.095451,0,0,580.3273879999999,0
2026-04-11T01:41:17.101418,0,0,582.0914399999999,0
2026-04-11T01:41:18.109397,0,0,580.3273879999999,0
2026-04-11T01:41:19.116359,0,0,580.3273879999999,0
2026-04-11T01:41:20.122426,0,0,579.4453619999999,0
2026-04-11T01:41:21.129336,0,0,579.4453619999999,0
2026-04-11T01:41:22.135289,0,0,579.4453619999999,0
2026-04-11T01:41:23.142373,0,0,579.4453619999999,0
2026-04-11T01:41:24.148268,0,0,579.4453619999999,0
2026-04-11T01:41:25.155197,0,0,580.3273879999999,0
2026-04-11T01:41:26.161185,0,0,580.3273879999999,0
2026-04-11T01:41:27.168155,0,0,579.4453619999999,0
2026-04-11T01:41:28.175135,0,0,580.3273879999999,0
2026-04-11T01:41:29.182151,0,0,580.3273879999999,0
2026-04-11T01:41:30.189107,0,0,580.3273879999999,0
2026-04-11T01:41:31.195087,0,0,580.3273879999999,0
2026-04-11T01:41:42.093272,0,0,579.4453619999999,0
2026-04-11T01:41:44.575807,0,0,580.3273879999999,0
2026-04-11T01:41:45.582792,0,0,580.3273879999999,0
2026-04-11T01:41:46.588736,0,0,579.4453619999999,0
2026-04-11T01:41:47.595743,0,0,580.3273879999999,0
2026-04-11T01:41:48.601697,0,0,582.0914399999999,0
2026-04-11T01:41:49.608674,0,0,582.0914399999999,0
2026-04-11T01:41:50.614722,0,0,580.3273879999999,0
2026-04-11T01:41:51.622686,0,0,580.3273879999999,0
2026-04-11T01:41:52.629606,0,0,580.3273879999999,0
2026-04-11T01:41:53.635570,0,0,580.3273879999999,0
2026-04-11T01:41:54.642648,0,0,581.2094139999999,0
2026-04-11T01:41:55.648533,0,0,580.3273879999999,0
2026-04-11T01:41:56.655519,0,0,579.4453619999999,0
2026-04-11T01:41:57.661480,0,0,580.3273879999999,0
2026-04-11T01:41:58.668473,0,0,581.2094139999999,0
2026-04-11T01:41:59.674514,0,0,580.3273879999999,0
2026-04-11T01:42:00.681455,0,0,580.3273879999999,0
2026-04-11T01:42:01.689445,0,0,579.4453619999999,0
2026-04-11T01:42:02.695421,0,0,579.4453619999999,0
2026-04-11T01:42:03.702478,0,0,580.3273879999999,0
2026-04-11T01:42:04.708333,0,0,580.3273879999999,0
2026-04-11T01:42:05.715302,0,0,580.3273879999999,0
2026-04-11T01:42:06.721296,0,0,579.4453619999999,0
2026-04-11T01:42:07.728275,0,0,580.3273879999999,0
2026-04-11T01:42:08.735233,0,0,580.3273879999999,0
2026-04-11T01:42:09.741226,0,0,578.5633359999999,0
2026-04-11T01:42:10.749201,0,0,581.2094139999999,0
2026-04-11T01:42:11.755201,0,0,580.3273879999999,0
2026-04-11T01:42:12.762284,0,0,580.3273879999999,0
2026-04-11T01:42:13.768135,0,0,580.3273879999999,0
2026-04-11T01:42:14.775108,0,0,580.3273879999999,0
2026-04-11T01:42:15.781085,0,0,579.4453619999999,0
2026-04-11T01:42:16.787044,0,0,579.4453619999999,0
2026-04-11T01:42:17.795044,0,0,580.3273879999999,0
2026-04-11T01:42:18.800999,0,0,580.3273879999999,0
2026-04-11T01:42:19.808040,0,0,580.3273879999999,0
2026-04-11T01:42:20.814963,0,0,578.5633359999999,0
2026-04-11T01:42:21.821979,0,0,579.4453619999999,0
2026-04-11T01:42:22.827951,0,0,579.4453619999999,0
2026-04-11T01:42:23.834937,0,0,580.3273879999999,0
2026-04-11T01:42:24.841887,0,0,579.4453619999999,0
2026-04-11T01:42:25.847884,0,0,581.2094139999999,0
2026-04-11T01:42:26.854835,0,0,579.4453619999999,0
2026-04-11T01:42:27.860838,0,0,579.4453619999999,0
2026-04-11T01:42:28.867790,0,0,579.4453619999999,0
2026-04-11T01:42:29.873795,0,0,579.4453619999999,0
2026-04-11T01:42:30.881639,0,0,580.3273879999999,0
2026-04-11T01:42:31.887755,0,0,579.4453619999999,0
2026-04-11T01:42:32.894728,0,0,578.5633359999999,0
2026-04-11T01:42:33.901688,0,0,580.3273879999999,0
2026-04-11T01:42:34.907686,0,0,580.3273879999999,0
2026-04-11T01:42:35.914688,0,0,579.4453619999999,0
2026-04-11T01:42:36.920652,0,0,578.5633359999999,0
2026-04-11T01:42:37.927622,0,0,580.3273879999999,0
2026-04-11T01:42:38.933489,0,0,579.4453619999999,0
2026-04-11T01:42:39.940571,0,0,580.3273879999999,0
2026-04-11T01:42:50.466964,0,0,579.4453619999999,0
2026-04-11T01:42:52.949241,0,0,579.4453619999999,0
2026-04-11T01:42:53.956220,0,0,580.3273879999999,0
2026-04-11T01:42:54.962227,0,0,580.3273879999999,0
2026-04-11T01:42:55.967125,0,0,579.4453619999999,0
2026-04-11T01:42:56.975137,0,0,580.3273879999999,0
2026-04-11T01:42:57.982140,0,0,579.4453619999999,0
2026-04-11T01:42:58.988060,0,0,579.4453619999999,0
2026-04-11T01:42:59.996046,0,0,580.3273879999999,0
2026-04-11T01:43:01.003102,0,0,579.4453619999999,0
2026-04-11T01:43:02.009035,0,0,579.4453619999999,0
2026-04-11T01:43:03.016001,0,0,580.3273879999999,0
2026-04-11T01:43:04.021988,0,0,579.4453619999999,0
2026-04-11T01:43:05.028959,0,0,580.3273879999999,0
2026-04-11T01:43:06.034943,0,0,580.3273879999999,0
2026-04-11T01:43:07.041912,0,0,579.4453619999999,0
2026-04-11T01:43:08.047888,0,0,579.4453619999999,0
2026-04-11T01:43:09.054882,0,0,580.3273879999999,0
2026-04-11T01:43:10.062855,0,0,579.4453619999999,0
2026-04-11T01:43:11.068815,0,0,581.2094139999999,0
2026-04-11T01:43:12.075802,0,0,581.2094139999999,0
2026-04-11T01:43:13.081750,0,0,580.3273879999999,0
2026-04-11T01:43:23.134382,0,0,580.3273879999999,0
2026-04-11T01:43:25.616538,0,0,580.3273879999999,0
2026-04-11T01:43:26.623450,0,0,580.3273879999999,0
2026-04-11T01:43:27.629493,0,0,579.4453619999999,0
2026-04-11T01:43:28.636481,0,0,580.3273879999999,0
2026-04-11T01:43:29.642513,0,0,577.6813099999999,0
2026-04-11T01:43:30.649422,0,0,580.3273879999999,0
2026-04-11T01:43:31.655394,0,0,579.4453619999999,0
2026-04-11T01:43:32.663348,0,0,580.3273879999999,0
2026-04-11T01:43:33.670382,0,0,579.4453619999999,0
2026-04-11T01:43:34.676299,0,0,579.4453619999999,0
2026-04-11T01:43:35.683264,0,0,582.0914399999999,0
2026-04-11T01:43:36.689238,0,0,579.4453619999999,0
2026-04-11T01:43:37.696222,0,0,580.3273879999999,0
2026-04-11T01:43:38.702295,0,0,579.4453619999999,0
2026-04-11T01:43:39.709229,0,0,579.4453619999999,0
2026-04-11T01:43:40.715195,0,0,579.4453619999999,0
2026-04-11T01:43:41.722166,0,0,579.4453619999999,0
2026-04-11T01:43:42.730138,0,0,579.4453619999999,0
2026-04-11T01:43:43.736070,0,0,580.3273879999999,0
2026-04-11T01:43:44.743027,0,0,579.4453619999999,0
2026-04-11T01:43:45.749033,0,0,579.4453619999999,0
2026-04-11T01:43:46.756019,0,0,580.3273879999999,0
2026-04-11T01:43:47.761959,0,0,578.5633359999999,0
2026-04-11T01:43:48.768984,0,0,580.3273879999999,0
2026-04-11T01:43:49.775956,0,0,580.3273879999999,0
2026-04-11T01:43:50.781872,0,0,579.4453619999999,0
2026-04-11T01:43:51.789911,0,0,581.2094139999999,0
2026-04-11T01:43:52.795867,0,0,580.3273879999999,0
2026-04-11T01:43:53.802840,0,0,579.4453619999999,0
2026-04-11T01:43:54.808823,0,0,579.4453619999999,0
2026-04-11T01:43:55.815775,0,0,580.3273879999999,0
2026-04-11T01:43:56.821743,0,0,579.4453619999999,0
2026-04-11T01:43:57.828759,0,0,580.3273879999999,0
2026-04-11T01:43:58.835733,0,0,579.4453619999999,0
2026-04-11T01:43:59.841674,0,0,579.4453619999999,0
2026-04-11T01:44:00.848704,0,0,580.3273879999999,0
2026-04-11T01:44:01.855639,0,0,580.3273879999999,0
2026-04-11T01:44:02.862683,0,0,582.9734659999999,0
2026-04-11T01:44:03.868637,0,0,580.3273879999999,0
2026-04-11T01:44:04.875600,0,0,579.4453619999999,0
2026-04-11T01:44:05.882646,0,0,580.3273879999999,0
2026-04-11T01:44:06.887510,0,0,580.3273879999999,0
2026-04-11T01:44:07.895480,0,0,579.4453619999999,0
2026-04-11T01:44:08.901504,0,0,581.2094139999999,0
2026-04-11T01:44:09.908488,0,0,579.4453619999999,0
2026-04-11T01:44:10.914524,0,0,579.4453619999999,0
2026-04-11T01:44:11.922540,0,0,580.3273879999999,0
2026-04-11T01:44:12.928396,0,0,580.3273879999999,0
2026-04-11T01:44:13.935348,0,0,580.3273879999999,0
2026-04-11T01:44:14.942513,0,0,580.3273879999999,0
2026-04-11T01:44:15.948346,0,0,580.3273879999999,0
2026-04-11T01:44:16.955326,0,0,579.4453619999999,0
2026-04-11T01:44:17.961305,0,0,580.3273879999999,0
2026-04-11T01:44:18.968278,0,0,579.4453619999999,0
2026-04-11T01:44:19.974367,0,0,579.4453619999999,0
2026-04-11T01:44:20.981246,0,0,579.4453619999999,0
2026-04-11T01:44:21.988179,0,0,579.4453619999999,0
2026-04-11T01:44:32.150869,0,0,581.2094139999999,0
2026-04-11T01:44:34.632951,0,0,580.3273879999999,0
2026-04-11T01:44:35.639933,0,0,580.3273879999999,0
2026-04-11T01:44:36.645891,0,0,579.4453619999999,0
2026-04-11T01:44:37.652882,0,0,579.4453619999999,0
2026-04-11T01:44:38.658862,0,0,580.3273879999999,0
2026-04-11T01:44:39.665825,0,0,579.4453619999999,0
2026-04-11T01:44:40.671772,0,0,580.3273879999999,0
2026-04-11T01:44:41.678777,0,0,581.2094139999999,0
2026-04-11T01:44:42.686797,0,0,581.2094139999999,0
2026-04-11T01:44:43.692777,0,0,580.3273879999999,0
2026-04-11T01:44:44.699720,0,0,580.3273879999999,0
2026-04-11T01:44:45.705696,0,0,579.4453619999999,0
2026-04-11T01:44:46.712647,0,0,579.4453619999999,0
2026-04-11T01:44:47.718727,0,0,580.3273879999999,0
2026-04-11T01:44:48.725634,0,0,580.3273879999999,0
2026-04-11T01:44:49.731624,0,0,580.3273879999999,0
2026-04-11T01:44:50.738644,0,0,580.3273879999999,0
2026-04-11T01:44:51.746587,0,0,580.3273879999999,0
2026-04-11T01:44:52.752561,0,0,576.799284,0
2026-04-11T01:44:53.759532,0,0,580.3273879999999,0
2026-04-11T01:44:54.765524,0,0,580.3273879999999,0
2026-04-11T01:44:55.772490,0,0,580.3273879999999,0
2026-04-11T01:44:56.778527,0,0,580.3273879999999,0
2026-04-11T01:44:57.785426,0,0,579.4453619999999,0
2026-04-11T01:44:58.792399,0,0,581.2094139999999,0
2026-04-11T01:44:59.798352,0,0,579.4453619999999,0
2026-04-11T01:45:00.805387,0,0,579.4453619999999,0
2026-04-11T01:45:01.812347,0,0,579.4453619999999,0
2026-04-11T01:45:02.819327,0,0,580.3273879999999,0
2026-04-11T01:45:03.825280,0,0,580.3273879999999,0
2026-04-11T01:45:04.832244,0,0,580.3273879999999,0
2026-04-11T01:45:05.838333,0,0,580.3273879999999,0
2026-04-11T01:45:06.845202,0,0,577.6813099999999,0
2026-04-11T01:45:07.852173,0,0,580.3273879999999,0
2026-04-11T01:45:08.858153,0,0,580.3273879999999,0
2026-04-11T01:45:09.865123,0,0,579.4453619999999,0
2026-04-11T01:45:10.871093,0,0,581.2094139999999,0
2026-04-11T01:45:11.879081,0,0,578.5633359999999,0
2026-04-11T01:45:12.884931,0,0,580.3273879999999,0
2026-04-11T01:45:13.892039,0,0,580.3273879999999,0
2026-04-11T01:45:14.899059,0,0,580.3273879999999,0
2026-04-11T01:45:15.904990,0,0,580.3273879999999,0
2026-04-11T01:45:16.910992,0,0,579.4453619999999,0
2026-04-11T01:45:17.917961,0,0,580.3273879999999,0
2026-04-11T01:45:18.924950,0,0,579.4453619999999,0
2026-04-11T01:45:19.930956,0,0,579.4453619999999,0
2026-04-11T01:45:20.937924,0,0,579.4453619999999,0
2026-04-11T01:45:21.944903,0,0,580.3273879999999,0
2026-04-11T01:45:22.951841,0,0,578.5633359999999,0
2026-04-11T01:45:23.958863,0,0,579.4453619999999,0
2026-04-11T01:45:24.964831,0,0,579.4453619999999,0
2026-04-11T01:45:25.971811,0,0,580.3273879999999,0
2026-04-11T01:45:26.977782,0,0,580.3273879999999,0
2026-04-11T01:45:27.984767,0,0,579.4453619999999,0
2026-04-11T01:45:28.990744,0,0,584.7375179999999,0
2026-04-11T01:45:29.997709,0,0,580.3273879999999,0
2026-04-11T01:45:40.121854,0,0,577.6813099999999,0
2026-04-11T01:45:42.603352,0,0,577.6813099999999,0
2026-04-11T01:45:43.610386,0,0,580.3273879999999,0
2026-04-11T01:45:44.617322,0,0,580.3273879999999,0
2026-04-11T01:45:45.624305,0,0,580.3273879999999,0
2026-04-11T01:45:46.630348,0,0,579.4453619999999,0
2026-04-11T01:45:47.637224,0,0,578.5633359999999,0
2026-04-11T01:45:48.643255,0,0,579.4453619999999,0
2026-04-11T01:45:49.651224,0,0,580.3273879999999,0
2026-04-11T01:45:50.658156,0,0,580.3273879999999,0
2026-04-11T01:45:51.664156,0,0,580.3273879999999,0
2026-04-11T01:45:52.671119,0,0,580.3273879999999,0
2026-04-11T01:45:53.677085,0,0,580.3273879999999,0
2026-04-11T01:45:54.684070,0,0,580.3273879999999,0
2026-04-11T01:45:55.690049,0,0,580.3273879999999,0
2026-04-11T01:45:56.697050,0,0,579.4453619999999,0
2026-04-11T01:45:57.703023,0,0,579.4453619999999,0
2026-04-11T01:45:58.709975,0,0,580.3273879999999,0
2026-04-11T01:45:59.717943,0,0,580.3273879999999,0
2026-04-11T01:46:00.723921,0,0,580.3273879999999,0
2026-04-11T01:46:01.730973,0,0,579.4453619999999,0
2026-04-11T01:46:02.736923,0,0,579.4453619999999,0
2026-04-11T01:46:13.181150,0,0,580.3273879999999,0
2026-04-11T01:46:15.663646,0,0,579.4453619999999,0
2026-04-11T01:46:16.670661,0,0,580.3273879999999,0
2026-04-11T01:46:17.676593,0,0,580.3273879999999,0
2026-04-11T01:46:18.683532,0,0,580.3273879999999,0
2026-04-11T01:46:19.689498,0,0,579.4453619999999,0
2026-04-11T01:46:20.696491,0,0,580.3273879999999,0
2026-04-11T01:46:21.702542,0,0,579.4453619999999,0
2026-04-11T01:46:22.710502,0,0,580.3273879999999,0
2026-04-11T01:46:23.717453,0,0,580.3273879999999,0
2026-04-11T01:46:24.723418,0,0,579.4453619999999,0
2026-04-11T01:46:25.730432,0,0,579.4453619999999,0
2026-04-11T01:46:26.736383,0,0,580.3273879999999,0
2026-04-11T01:46:27.743376,0,0,580.3273879999999,0
2026-04-11T01:46:28.749344,0,0,582.9734659999999,0
2026-04-11T01:46:29.756305,0,0,579.4453619999999,0
2026-04-11T01:46:30.762372,0,0,579.4453619999999,0
2026-04-11T01:46:31.769236,0,0,580.3273879999999,0
2026-04-11T01:46:32.777207,0,0,580.3273879999999,0
2026-04-11T01:46:33.783217,0,0,578.5633359999999,0
2026-04-11T01:46:34.790145,0,0,580.3273879999999,0
2026-04-11T01:46:35.796132,0,0,577.6813099999999,0
2026-04-11T01:46:36.803053,0,0,579.4453619999999,0
2026-04-11T01:46:37.809067,0,0,580.3273879999999,0
2026-04-11T01:46:38.816066,0,0,579.4453619999999,0
2026-04-11T01:46:39.822993,0,0,579.4453619999999,0
2026-04-11T01:46:40.828976,0,0,579.4453619999999,0
2026-04-11T01:46:41.835914,0,0,580.3273879999999,0
2026-04-11T01:46:42.842914,0,0,580.3273879999999,0
2026-04-11T01:46:43.849851,0,0,579.4453619999999,0
2026-04-11T01:46:44.855840,0,0,575.035232,0
2026-04-11T01:46:45.862847,0,0,579.4453619999999,0
2026-04-11T01:46:46.868805,0,0,581.2094139999999,0
2026-04-11T01:46:47.875746,0,0,580.3273879999999,0
2026-04-11T01:46:48.882796,0,0,579.4453619999999,0
2026-04-11T01:46:49.888714,0,0,581.2094139999999,0
2026-04-11T01:46:50.895673,0,0,580.3273879999999,0
2026-04-11T01:46:51.901660,0,0,580.3273879999999,0
2026-04-11T01:46:52.909627,0,0,581.2094139999999,0
2026-04-11T01:46:53.915544,0,0,580.3273879999999,0
2026-04-11T01:46:54.922618,0,0,579.4453619999999,0
2026-04-11T01:46:55.929547,0,0,580.3273879999999,0
2026-04-11T01:46:56.935476,0,0,580.3273879999999,0
2026-04-11T01:46:57.942626,0,0,580.3273879999999,0
2026-04-11T01:46:58.948426,0,0,578.5633359999999,0
2026-04-11T01:46:59.955447,0,0,579.4453619999999,0
2026-04-11T01:47:00.961406,0,0,579.4453619999999,0
2026-04-11T01:47:01.968404,0,0,580.3273879999999,0
2026-04-11T01:47:02.974941,0,0,580.3273879999999,0
2026-04-11T01:47:03.982425,0,0,580.3273879999999,0
2026-04-11T01:47:04.989313,0,0,580.3273879999999,0
2026-04-11T01:47:05.995288,0,0,579.4453619999999,0
2026-04-11T01:47:07.002321,0,0,579.4453619999999,0
2026-04-11T01:47:08.008229,0,0,580.3273879999999,0
2026-04-11T01:47:09.015208,0,0,580.3273879999999,0
2026-04-11T01:47:10.021175,0,0,579.4453619999999,0
2026-04-11T01:47:20.436235,0,0,579.4453619999999,0
2026-04-11T01:47:22.918775,0,0,580.3273879999999,0
2026-04-11T01:47:23.925697,0,0,580.3273879999999,0
2026-04-11T01:47:24.931688,0,0,580.3273879999999,0
2026-04-11T01:47:25.938654,0,0,580.3273879999999,0
2026-04-11T01:47:26.944605,0,0,578.5633359999999,0
2026-04-11T01:47:27.951583,0,0,580.3273879999999,0
2026-04-11T01:47:28.957579,0,0,580.3273879999999,0
2026-04-11T01:47:29.965497,0,0,579.4453619999999,0
2026-04-11T01:47:30.972497,0,0,579.4453619999999,0
2026-04-11T01:47:31.977419,0,0,579.4453619999999,0
2026-04-11T01:47:32.984419,0,0,580.3273879999999,0
2026-04-11T01:47:33.991429,0,0,580.3273879999999,0
2026-04-11T01:47:34.998467,0,0,577.6813099999999,0
2026-04-11T01:47:36.004316,0,0,579.4453619999999,0
2026-04-11T01:47:37.011341,0,0,579.4453619999999,0
2026-04-11T01:47:38.017307,0,0,579.4453619999999,0
2026-04-11T01:47:39.024288,0,0,580.3273879999999,0
2026-04-11T01:47:40.032240,0,0,579.4453619999999,0
2026-04-11T01:47:41.038301,0,0,579.4453619999999,0
2026-04-11T01:47:42.045188,0,0,580.3273879999999,0
2026-04-11T01:47:43.051143,0,0,580.3273879999999,0
2026-04-11T01:47:44.058066,0,0,580.3273879999999,0
2026-04-11T01:47:45.064069,0,0,581.2094139999999,0
2026-04-11T01:47:46.071095,0,0,579.4453619999999,0
2026-04-11T01:47:47.078032,0,0,580.3273879999999,0
2026-04-11T01:47:48.084026,0,0,581.2094139999999,0
2026-04-11T01:47:49.091938,0,0,579.4453619999999,0
2026-04-11T01:47:50.097917,0,0,580.3273879999999,0
2026-04-11T01:47:51.104926,0,0,579.4453619999999,0
2026-04-11T01:47:52.110886,0,0,580.3273879999999,0
2026-04-11T01:47:53.117855,0,0,580.3273879999999,0
2026-04-11T01:47:54.123809,0,0,580.3273879999999,0
2026-04-11T01:47:55.130801,0,0,580.3273879999999,0
2026-04-11T01:47:56.137771,0,0,579.4453619999999,0
2026-04-11T01:47:57.143774,0,0,580.3273879999999,0
2026-04-11T01:47:58.150780,0,0,579.4453619999999,0
2026-04-11T01:47:59.157729,0,0,580.3273879999999,0
2026-04-11T01:48:00.164689,0,0,580.3273879999999,0
2026-04-11T01:48:01.170728,0,0,579.4453619999999,0
2026-04-11T01:48:02.177611,0,0,579.4453619999999,0
2026-04-11T01:48:03.184575,0,0,579.4453619999999,0
2026-04-11T01:48:04.190609,0,0,580.3273879999999,0
2026-04-11T01:48:05.197552,0,0,580.3273879999999,0
2026-04-11T01:48:06.203528,0,0,579.4453619999999,0
2026-04-11T01:48:07.209467,0,0,580.3273879999999,0
2026-04-11T01:48:08.216432,0,0,577.6813099999999,0
2026-04-11T01:48:09.224378,0,0,579.4453619999999,0
2026-04-11T01:48:10.230498,0,0,579.4453619999999,0
2026-04-11T01:48:11.237379,0,0,579.4453619999999,0
2026-04-11T01:48:12.244344,0,0,580.3273879999999,0
2026-04-11T01:48:13.250400,0,0,579.4453619999999,0
2026-04-11T01:48:14.257296,0,0,579.4453619999999,0
2026-04-11T01:48:15.263282,0,0,582.0914399999999,0
2026-04-11T01:48:16.270332,0,0,579.4453619999999,0
2026-04-11T01:48:17.276269,0,0,579.4453619999999,0
2026-04-11T01:48:18.283224,0,0,580.3273879999999,0
2026-04-11T01:48:19.291178,0,0,579.4453619999999,0
2026-04-11T01:48:20.297183,0,0,579.4453619999999,0
2026-04-11T01:48:21.304153,0,0,580.3273879999999,0
2026-04-11T01:48:22.310125,0,0,579.4453619999999,0
2026-04-11T01:48:23.317094,0,0,580.3273879999999,0
2026-04-11T01:48:24.323032,0,0,580.3273879999999,0
2026-04-11T01:48:25.330000,0,0,579.4453619999999,0
2026-04-11T01:48:26.336005,0,0,580.3273879999999,0
2026-04-11T01:48:27.341969,0,0,579.4453619999999,0
2026-04-11T01:48:28.350917,0,0,579.4453619999999,0
2026-04-11T01:48:29.356879,0,0,579.4453619999999,0
2026-04-11T01:48:30.363832,0,0,579.4453619999999,0
2026-04-11T01:48:31.369790,0,0,577.6813099999999,0
2026-04-11T01:48:32.376779,0,0,580.3273879999999,0
2026-04-11T01:48:33.382848,0,0,580.3273879999999,0
2026-04-11T01:48:34.389749,0,0,578.5633359999999,0
2026-04-11T01:48:35.396724,0,0,580.3273879999999,0
2026-04-11T01:48:36.402725,0,0,579.4453619999999,0
2026-04-11T01:48:37.409654,0,0,580.3273879999999,0
2026-04-11T01:48:38.416642,0,0,580.3273879999999,0
2026-04-11T01:48:39.423612,0,0,579.4453619999999,0
2026-04-11T01:48:40.429586,0,0,579.4453619999999,0
2026-04-11T01:48:41.436555,0,0,577.6813099999999,0
2026-04-11T01:48:42.442584,0,0,579.4453619999999,0
2026-04-11T01:48:43.449498,0,0,579.4453619999999,0
2026-04-11T01:48:44.456467,0,0,579.4453619999999,0
2026-04-11T01:48:45.462538,0,0,579.4453619999999,0
2026-04-11T01:48:46.469382,0,0,580.3273879999999,0
2026-04-11T01:48:47.475406,0,0,580.3273879999999,0
2026-04-11T01:48:48.483357,0,0,580.3273879999999,0
2026-04-11T01:48:49.489367,0,0,580.3273879999999,0
2026-04-11T01:48:50.496314,0,0,579.4453619999999,0
2026-04-11T01:48:51.503317,0,0,579.4453619999999,0
2026-04-11T01:48:52.509283,0,0,580.3273879999999,0
2026-04-11T01:48:53.516248,0,0,579.4453619999999,0
2026-04-11T01:49:03.295373,0,0,580.3273879999999,0
2026-04-11T01:49:05.777830,0,0,579.4453619999999,0
2026-04-11T01:49:06.784821,0,0,580.3273879999999,0
2026-04-11T01:49:07.790786,0,0,579.4453619999999,0
2026-04-11T01:49:08.797750,0,0,580.3273879999999,0
2026-04-11T01:49:09.803749,0,0,580.3273879999999,0
2026-04-11T01:49:10.810747,0,0,579.4453619999999,0
2026-04-11T01:49:11.816668,0,0,579.4453619999999,0
2026-04-11T01:49:12.824636,0,0,579.4453619999999,0
2026-04-11T01:49:13.831630,0,0,580.3273879999999,0
2026-04-11T01:49:14.837593,0,0,580.3273879999999,0
2026-04-11T01:49:15.844545,0,0,582.0914399999999,0
2026-04-11T01:49:16.850596,0,0,579.4453619999999,0
2026-04-11T01:49:17.857494,0,0,579.4453619999999,0
2026-04-11T01:49:18.863458,0,0,580.3273879999999,0
2026-04-11T01:49:19.870557,1,0,580.3273879999999,0
2026-04-11T01:49:20.876431,0,0,580.3273879999999,0
2026-04-11T01:49:21.883405,0,0,580.3273879999999,0
2026-04-11T01:49:22.891328,0,0,580.3273879999999,0
2026-04-11T01:49:23.897341,0,0,580.3273879999999,0
2026-04-11T01:49:24.904283,0,0,579.4453619999999,0
2026-04-11T01:49:25.910351,0,0,579.4453619999999,0
2026-04-11T01:49:36.859604,0,0,580.3273879999999,0
2026-04-11T01:49:39.341908,0,0,579.4453619999999,0
2026-04-11T01:49:40.348849,0,0,579.4453619999999,0
2026-04-11T01:49:41.354827,0,0,580.3273879999999,0
2026-04-11T01:49:42.361781,0,0,579.4453619999999,0
2026-04-11T01:49:43.367751,0,0,579.4453619999999,0
2026-04-11T01:49:44.374709,0,0,579.4453619999999,0
2026-04-11T01:49:45.380705,0,0,580.3273879999999,0
2026-04-11T01:49:46.388664,0,0,580.3273879999999,0
2026-04-11T01:49:47.394819,0,0,581.2094139999999,0
2026-04-11T01:49:48.401626,0,0,579.4453619999999,0
2026-04-11T01:49:49.408609,0,0,580.3273879999999,0
2026-04-11T01:49:50.414627,0,0,580.3273879999999,0
2026-04-11T01:49:51.421571,0,0,580.3273879999999,0
2026-04-11T01:49:52.427555,0,0,579.4453619999999,0
2026-04-11T01:49:53.434629,0,0,582.0914399999999,0
2026-04-11T01:49:54.440470,0,0,581.2094139999999,0
2026-04-11T01:49:55.447431,0,0,578.5633359999999,0
2026-04-11T01:49:56.455452,0,0,580.3273879999999,0
2026-04-11T01:49:57.461303,0,0,580.3273879999999,0
2026-04-11T01:49:58.468369,0,0,579.4453619999999,0
2026-04-11T01:49:59.474393,0,0,579.4453619999999,0
2026-04-11T01:50:00.481311,0,0,580.3273879999999,0
2026-04-11T01:50:01.486377,0,0,580.3273879999999,0
2026-04-11T01:50:02.494345,0,0,580.3273879999999,0
2026-04-11T01:50:03.501229,0,0,572.389154,0
2026-04-11T01:50:04.506816,0,0,580.3273879999999,0
2026-04-11T01:50:05.515196,0,0,580.3273879999999,0
2026-04-11T01:50:06.521153,0,0,580.3273879999999,0
2026-04-11T01:50:07.528131,0,0,579.4453619999999,0
2026-04-11T01:50:08.534159,0,0,580.3273879999999,0
2026-04-11T01:50:09.541086,0,0,580.3273879999999,0
2026-04-11T01:50:10.547090,0,0,579.4453619999999,0
2026-04-11T01:50:11.554062,0,0,580.3273879999999,0
2026-04-11T01:50:12.561066,0,0,579.4453619999999,0
2026-04-11T01:50:13.567022,0,0,579.4453619999999,0
2026-04-11T01:50:14.574021,0,0,580.3273879999999,0
2026-04-11T01:50:15.580989,0,0,579.4453619999999,0
2026-04-11T01:50:16.587963,0,0,577.6813099999999,0
2026-04-11T01:50:17.592884,0,0,578.5633359999999,0
2026-04-11T01:50:18.600864,0,0,579.4453619999999,0
2026-04-11T01:50:19.607828,0,0,580.3273879999999,0
2026-04-11T01:50:20.613814,0,0,579.4453619999999,0
2026-04-11T01:50:21.619778,0,0,580.3273879999999,0
2026-04-11T01:50:22.626764,0,0,580.3273879999999,0
2026-04-11T01:50:23.633738,0,0,580.3273879999999,0
2026-04-11T01:50:24.639701,0,0,579.4453619999999,0
2026-04-11T01:50:25.647665,0,0,580.3273879999999,0
2026-04-11T01:50:26.653665,0,0,580.3273879999999,0
2026-04-11T01:50:27.660628,0,0,580.3273879999999,0
2026-04-11T01:50:28.667590,0,0,579.4453619999999,0
2026-04-11T01:50:29.673566,0,0,579.4453619999999,0
2026-04-11T01:50:30.680539,0,0,580.3273879999999,0
2026-04-11T01:50:31.686580,0,0,576.799284,0
2026-04-11T01:50:32.693493,0,0,579.4453619999999,0
2026-04-11T01:50:33.699451,0,0,579.4453619999999,0
2026-04-11T01:50:43.917848,0,0,579.4453619999999,0
2026-04-11T01:50:46.400152,0,0,580.3273879999999,0
2026-04-11T01:50:47.407113,0,0,582.0914399999999,0
2026-04-11T01:50:48.413067,0,0,580.3273879999999,0
2026-04-11T01:50:49.420031,0,0,580.3273879999999,0
2026-04-11T01:50:50.426107,0,0,580.3273879999999,0
2026-04-11T01:50:51.433006,0,0,580.3273879999999,0
2026-04-11T01:50:52.438977,0,0,579.4453619999999,0
2026-04-11T01:50:53.446902,0,0,579.4453619999999,0
2026-04-11T01:50:54.453923,0,0,579.4453619999999,0
2026-04-11T01:50:55.459867,0,0,579.4453619999999,0
2026-04-11T01:50:56.466876,0,0,580.3273879999999,0
2026-04-11T01:50:57.472832,0,0,580.3273879999999,0
2026-04-11T01:50:58.479817,0,0,578.5633359999999,0
2026-04-11T01:50:59.485764,0,0,579.4453619999999,0
2026-04-11T01:51:00.492762,0,0,579.4453619999999,0
2026-04-11T01:51:01.498755,0,0,580.3273879999999,0
2026-04-11T01:51:02.505704,0,0,579.4453619999999,0
2026-04-11T01:51:03.513672,0,0,579.4453619999999,0
2026-04-11T01:51:04.519613,0,0,578.5633359999999,0
2026-04-11T01:51:05.526637,0,0,580.3273879999999,0
2026-04-11T01:51:06.532586,0,0,578.5633359999999,0
2026-04-11T01:51:07.539557,0,0,580.3273879999999,0
2026-04-11T01:51:08.545529,0,0,580.3273879999999,0
2026-04-11T01:51:09.552488,0,0,581.2094139999999,0
2026-04-11T01:51:10.559511,0,0,580.3273879999999,0
2026-04-11T01:51:11.565443,0,0,580.3273879999999,0
2026-04-11T01:51:12.572384,0,0,580.3273879999999,0
2026-04-11T01:51:13.579363,0,0,580.3273879999999,0
2026-04-11T01:51:14.586395,0,0,582.0914399999999,0
2026-04-11T01:51:15.592314,0,0,579.4453619999999,0
2026-04-11T01:51:16.599306,0,0,580.3273879999999,0
2026-04-11T01:51:17.605247,0,0,580.3273879999999,0
2026-04-11T01:51:18.612226,0,0,580.3273879999999,0
2026-04-11T01:51:19.619213,0,0,579.4453619999999,0
2026-04-11T01:51:20.625199,0,0,580.3273879999999,0
2026-04-11T01:51:21.632148,0,0,580.3273879999999,0
2026-04-11T01:51:22.638102,0,0,580.3273879999999,0
2026-04-11T01:51:23.646102,0,0,580.3273879999999,0
2026-04-11T01:51:24.652089,0,0,580.3273879999999,0
2026-04-11T01:51:25.658988,0,0,580.3273879999999,0
2026-04-11T01:51:26.666032,0,0,581.2094139999999,0
2026-04-11T01:51:27.672000,0,0,580.3273879999999,0
2026-04-11T01:51:28.677970,0,0,581.2094139999999,0
2026-04-11T01:51:29.684932,0,0,580.3273879999999,0
2026-04-11T01:51:30.691915,0,0,580.3273879999999,0
2026-04-11T01:51:31.697846,0,0,582.0914399999999,0
2026-04-11T01:51:32.705842,0,0,580.3273879999999,0
2026-04-11T01:51:33.711812,0,0,578.5633359999999,0
2026-04-11T01:51:34.718884,0,0,579.4453619999999,0
2026-04-11T01:51:35.725759,0,0,582.0914399999999,0
2026-04-11T01:51:36.731741,0,0,580.3273879999999,0
2026-04-11T01:51:37.738771,0,0,580.3273879999999,0
2026-04-11T01:51:38.744701,0,0,579.4453619999999,0
2026-04-11T01:51:39.751679,0,0,580.3273879999999,0
2026-04-11T01:51:40.757688,0,0,579.4453619999999,0
2026-04-11T01:51:51.016766,0,0,580.3273879999999,0
2026-04-11T01:51:53.499278,0,0,580.3273879999999,0
2026-04-11T01:51:54.506276,0,0,577.6813099999999,0
2026-04-11T01:51:55.512147,0,0,579.4453619999999,0
2026-04-11T01:51:56.519147,0,0,579.4453619999999,0
2026-04-11T01:51:57.525154,0,0,580.3273879999999,0
2026-04-11T01:51:58.532122,0,0,579.4453619999999,0
2026-04-11T01:51:59.538052,0,0,581.2094139999999,0
2026-04-11T01:52:00.546060,0,0,579.4453619999999,0
2026-04-11T01:52:01.553002,0,0,580.3273879999999,0
2026-04-11T01:52:02.558844,0,0,580.3273879999999,0
2026-04-11T01:52:03.565961,0,0,578.5633359999999,0
2026-04-11T01:52:04.571938,0,0,579.4453619999999,0
2026-04-11T01:52:05.578875,0,0,579.4453619999999,0
2026-04-11T01:52:06.584892,0,0,581.2094139999999,0
2026-04-11T01:52:07.591835,0,0,580.3273879999999,0
2026-04-11T01:52:08.597843,0,0,580.3273879999999,0
2026-04-11T01:52:09.604777,0,0,580.3273879999999,0
2026-04-11T01:52:10.612760,0,0,579.4453619999999,0
2026-04-11T01:52:11.618727,0,0,579.4453619999999,0
2026-04-11T01:52:12.625727,0,0,580.3273879999999,0
2026-04-11T01:52:13.631680,0,0,580.3273879999999,0
2026-04-11T01:52:14.636636,0,0,580.3273879999999,0
2026-04-11T01:52:15.644599,0,0,579.4453619999999,0
2026-04-11T01:52:16.651589,0,0,580.3273879999999,0
2026-04-11T01:52:17.658640,0,0,580.3273879999999,0
2026-04-11T01:52:18.664572,0,0,580.3273879999999,0
2026-04-11T01:52:19.671499,0,0,579.4453619999999,0
2026-04-11T01:52:20.678620,0,0,580.3273879999999,0
2026-04-11T01:52:21.685459,0,0,580.3273879999999,0
2026-04-11T01:52:22.691451,0,0,579.4453619999999,0
2026-04-11T01:52:23.698559,0,0,577.6813099999999,0
2026-04-11T01:52:24.704403,0,0,579.4453619999999,0
2026-04-11T01:52:25.711368,0,0,579.4453619999999,0
2026-04-11T01:52:26.718406,0,0,580.3273879999999,0
2026-04-11T01:52:27.724294,0,0,580.3273879999999,0
2026-04-11T01:52:28.731312,0,0,579.4453619999999,0
2026-04-11T01:52:29.738402,0,0,580.3273879999999,0
2026-04-11T01:52:30.745237,0,0,579.4453619999999,0
2026-04-11T01:52:31.751195,0,0,579.4453619999999,0
2026-04-11T01:52:32.758285,0,0,580.3273879999999,0
2026-04-11T01:52:33.765214,0,0,579.4453619999999,0
2026-04-11T01:52:34.771137,0,0,579.4453619999999,0
2026-04-11T01:52:35.777082,0,0,579.4453619999999,0
2026-04-11T01:52:36.783081,0,0,578.5633359999999,0
2026-04-11T01:52:37.791131,0,0,580.3273879999999,0
2026-04-11T01:52:38.797107,0,0,580.3273879999999,0
2026-04-11T01:52:39.805081,0,0,579.4453619999999,0
2026-04-11T01:52:40.811051,0,0,579.4453619999999,0
2026-04-11T01:52:41.818028,0,0,580.3273879999999,0
2026-04-11T01:52:42.824996,0,0,579.4453619999999,0
2026-04-11T01:52:43.830969,0,0,578.5633359999999,0
2026-04-11T01:52:44.837946,0,0,579.4453619999999,0
2026-04-11T01:52:45.843912,0,0,579.4453619999999,0
2026-04-11T01:52:46.850903,0,0,580.3273879999999,0
2026-04-11T01:52:47.856865,0,0,579.4453619999999,0
2026-04-11T01:52:48.864874,0,0,579.4453619999999,0
2026-04-11T01:52:49.871769,0,0,579.4453619999999,0
2026-04-11T01:53:00.068117,0,0,579.4453619999999,0
2026-04-11T01:53:02.550626,0,0,579.4453619999999,0
2026-04-11T01:53:03.557442,0,0,580.3273879999999,0
2026-04-11T01:53:04.562494,0,0,579.4453619999999,0
2026-04-11T01:53:05.570508,0,0,580.3273879999999,0
2026-04-11T01:53:06.576374,0,0,580.3273879999999,0
2026-04-11T01:53:07.583343,0,0,580.3273879999999,0
2026-04-11T01:53:08.589290,0,0,579.4453619999999,0
2026-04-11T01:53:09.597269,0,0,577.6813099999999,0
2026-04-11T01:53:10.604241,0,0,579.4453619999999,0
2026-04-11T01:53:11.610387,0,0,579.4453619999999,0
2026-04-11T01:53:12.617197,0,0,580.3273879999999,0
2026-04-11T01:53:13.623189,0,0,580.3273879999999,0
2026-04-11T01:53:14.630159,0,0,580.3273879999999,0
2026-04-11T01:53:15.636107,0,0,580.3273879999999,0
2026-04-11T01:53:16.643088,0,0,579.4453619999999,0
2026-04-11T01:53:17.649083,0,0,579.4453619999999,0
2026-04-11T01:53:18.656060,0,0,579.4453619999999,0
2026-04-11T01:53:19.664035,0,0,580.3273879999999,0
2026-04-11T01:53:20.670005,0,0,580.3273879999999,0
2026-04-11T01:53:21.676958,0,0,576.799284,0
2026-04-11T01:53:22.682942,0,0,580.3273879999999,0
2026-04-11T01:53:23.689937,0,0,578.5633359999999,0
2026-04-11T01:53:24.695891,0,0,579.4453619999999,0
2026-04-11T01:53:25.702864,0,0,580.3273879999999,0
2026-04-11T01:53:26.709833,0,0,579.4453619999999,0
2026-04-11T01:53:27.715778,0,0,579.4453619999999,0
2026-04-11T01:53:28.723782,0,0,579.4453619999999,0
2026-04-11T01:53:29.729753,0,0,580.3273879999999,0
2026-04-11T01:53:30.736722,0,0,580.3273879999999,0
2026-04-11T01:53:31.742810,0,0,580.3273879999999,0
2026-04-11T01:53:32.749669,0,0,579.4453619999999,0
2026-04-11T01:53:33.755612,0,0,579.4453619999999,0
2026-04-11T01:53:34.762743,0,0,580.3273879999999,0
2026-04-11T01:53:35.769590,0,0,580.3273879999999,0
2026-04-11T01:53:36.775569,0,0,579.4453619999999,0
2026-04-11T01:53:37.782611,0,0,580.3273879999999,0
2026-04-11T01:53:38.789504,0,0,580.3273879999999,0
2026-04-11T01:53:39.796514,0,0,580.3273879999999,0
2026-04-11T01:53:40.802581,0,0,580.3273879999999,0
2026-04-11T01:53:41.809461,0,0,579.4453619999999,0
2026-04-11T01:53:42.816413,0,0,579.4453619999999,0
2026-04-11T01:53:43.822409,0,0,580.3273879999999,0
2026-04-11T01:53:44.829302,0,0,580.3273879999999,0
2026-04-11T01:53:45.835327,0,0,579.4453619999999,0
2026-04-11T01:53:46.842343,0,0,579.4453619999999,0
2026-04-11T01:53:47.848220,0,0,579.4453619999999,0
2026-04-11T01:53:48.856233,0,0,578.5633359999999,0
2026-04-11T01:53:49.862262,0,0,579.4453619999999,0
2026-04-11T01:53:50.869162,0,0,579.4453619999999,0
2026-04-11T01:53:51.876123,0,0,579.4453619999999,0
2026-04-11T01:53:52.882090,0,0,579.4453619999999,0
2026-04-11T01:53:53.889049,0,0,580.3273879999999,0
2026-04-11T01:53:54.895026,0,0,580.3273879999999,0
2026-04-11T01:53:55.902011,0,0,578.5633359999999,0
2026-04-11T01:53:56.907981,0,0,579.4453619999999,0
2026-04-11T01:53:57.915964,0,0,579.4453619999999,0
2026-04-11T01:54:08.134283,0,0,579.4453619999999,0
2026-04-11T01:54:10.616657,0,0,575.917258,0
2026-04-11T01:54:11.623593,0,0,580.3273879999999,0
2026-04-11T01:54:12.629570,0,0,580.3273879999999,0
2026-04-11T01:54:13.636562,0,0,579.4453619999999,0
2026-04-11T01:54:14.642608,0,0,579.4453619999999,0
2026-04-11T01:54:15.649504,0,0,580.3273879999999,0
2026-04-11T01:54:16.655467,0,0,581.2094139999999,0
2026-04-11T01:54:17.663443,0,0,579.4453619999999,0
2026-04-11T01:54:18.670550,0,0,580.3273879999999,0
2026-04-11T01:54:19.676406,0,0,579.4453619999999,0
2026-04-11T01:54:20.683408,0,0,579.4453619999999,0
2026-04-11T01:54:21.689405,0,0,577.6813099999999,0
2026-04-11T01:54:22.696335,0,0,580.3273879999999,0
2026-04-11T01:54:23.702408,0,0,580.3273879999999,0
2026-04-11T01:54:24.709251,0,0,578.5633359999999,0
2026-04-11T01:54:25.715212,0,0,579.4453619999999,0
2026-04-11T01:54:26.721232,0,0,580.3273879999999,0
2026-04-11T01:54:27.730265,0,0,579.4453619999999,0
2026-04-11T01:54:28.736120,0,0,579.4453619999999,0
2026-04-11T01:54:29.743174,0,0,579.4453619999999,0
2026-04-11T01:54:30.749118,0,0,579.4453619999999,0
2026-04-11T01:54:41.607358,0,0,580.3273879999999,0
2026-04-11T01:54:44.089758,0,0,580.3273879999999,0
2026-04-11T01:54:45.096748,0,0,576.799284,0
2026-04-11T01:54:46.102775,0,0,578.5633359999999,0
2026-04-11T01:54:47.109685,0,0,580.3273879999999,0
2026-04-11T01:54:48.115692,0,0,579.4453619999999,0
2026-04-11T01:54:49.122691,0,0,580.3273879999999,0
2026-04-11T01:54:50.128554,0,0,580.3273879999999,0
2026-04-11T01:54:51.136591,0,0,581.2094139999999,0
2026-04-11T01:54:52.143558,0,0,580.3273879999999,0
2026-04-11T01:54:53.149549,0,0,580.3273879999999,0
2026-04-11T01:54:54.156518,0,0,579.4453619999999,0
2026-04-11T01:54:55.162552,0,0,580.3273879999999,0
2026-04-11T01:54:56.169481,0,0,580.3273879999999,0
2026-04-11T01:54:57.175443,0,0,576.799284,0
2026-04-11T01:54:58.182400,0,0,581.2094139999999,0
2026-04-11T01:54:59.188408,0,0,580.3273879999999,0
2026-04-11T01:55:00.195353,0,0,579.4453619999999,0
2026-04-11T01:55:01.203371,0,0,580.3273879999999,0
2026-04-11T01:55:02.209328,0,0,580.3273879999999,0
2026-04-11T01:55:03.216305,0,0,580.3273879999999,0
2026-04-11T01:55:04.222400,0,0,580.3273879999999,0
2026-04-11T01:55:05.229246,0,0,579.4453619999999,0
2026-04-11T01:55:06.235177,0,0,579.4453619999999,0
2026-04-11T01:55:07.242161,0,0,581.2094139999999,0
2026-04-11T01:55:08.249133,0,0,580.3273879999999,0
2026-04-11T01:55:09.255112,0,0,580.3273879999999,0
2026-04-11T01:55:10.263112,0,0,579.4453619999999,0
2026-04-11T01:55:11.269029,0,0,579.4453619999999,0
2026-04-11T01:55:12.276022,0,0,580.3273879999999,0
2026-04-11T01:55:13.282011,0,0,580.3273879999999,0
2026-04-11T01:55:14.288879,0,0,580.3273879999999,0
2026-04-11T01:55:15.294941,0,0,580.3273879999999,0
2026-04-11T01:55:16.301949,0,0,580.3273879999999,0
2026-04-11T01:55:17.308902,0,0,580.3273879999999,0
2026-04-11T01:55:18.314897,0,0,580.3273879999999,0
2026-04-11T01:55:19.321856,0,0,579.4453619999999,0
2026-04-11T01:55:20.328845,0,0,580.3273879999999,0
2026-04-11T01:55:21.335794,0,0,580.3273879999999,0
2026-04-11T01:55:22.341777,0,0,579.4453619999999,0
2026-04-11T01:55:23.348772,0,0,580.3273879999999,0
2026-04-11T01:55:24.355706,0,0,580.3273879999999,0
2026-04-11T01:55:25.361690,0,0,580.3273879999999,0
2026-04-11T01:55:26.368670,0,0,580.3273879999999,0
2026-04-11T01:55:27.374720,0,0,580.3273879999999,0
2026-04-11T01:55:28.381632,0,0,580.3273879999999,0
2026-04-11T01:55:29.386784,0,0,580.3273879999999,0
2026-04-11T01:55:30.395580,0,0,580.3273879999999,0
2026-04-11T01:55:31.401532,0,0,580.3273879999999,0
2026-04-11T01:55:32.408514,0,0,580.3273879999999,0
2026-04-11T01:55:33.415523,0,0,580.3273879999999,0
2026-04-11T01:55:34.421498,0,0,580.3273879999999,0
2026-04-11T01:55:35.428308,0,0,580.3273879999999,0
2026-04-11T01:55:36.434504,0,0,579.4453619999999,0
2026-04-11T01:55:37.441378,0,0,580.3273879999999,0
2026-04-11T01:55:38.447368,0,0,580.3273879999999,0
2026-04-11T01:55:39.455346,0,0,581.2094139999999,0
2026-04-11T01:55:52.108812,0,0,579.4453619999999,0
2026-04-11T01:55:53.115037,0,0,578.5633359999999,0
2026-04-11T01:55:54.120997,0,0,580.3273879999999,0
2026-04-11T01:55:55.127967,0,0,579.4453619999999,0
2026-04-11T01:55:56.133943,0,0,579.4453619999999,0
2026-04-11T01:55:57.140919,0,0,580.3273879999999,0
2026-04-11T01:55:58.146563,0,0,579.4453619999999,0
2026-04-11T01:55:59.153851,0,0,580.3273879999999,0
2026-04-11T01:56:00.161840,0,0,579.4453619999999,0
2026-04-11T01:56:01.167848,0,0,580.3273879999999,0
2026-04-11T01:56:02.174821,0,0,580.3273879999999,0
2026-04-11T01:56:03.180787,0,0,579.4453619999999,0
2026-04-11T01:56:04.186742,0,0,580.3273879999999,0
2026-04-11T01:56:05.193759,0,0,580.3273879999999,0
2026-04-11T01:56:06.200723,0,0,579.4453619999999,0
2026-04-11T01:56:07.206737,0,0,580.3273879999999,0
2026-04-11T01:56:08.213667,0,0,580.3273879999999,0
2026-04-11T01:56:09.221638,0,0,580.3273879999999,0
2026-04-11T01:56:10.227589,0,0,581.2094139999999,0
2026-04-11T01:56:11.234640,0,0,579.4453619999999,0
2026-04-11T01:56:12.240578,0,0,579.4453619999999,0
2026-04-11T01:56:13.247521,0,0,577.6813099999999,0
2026-04-11T01:56:14.253524,0,0,580.3273879999999,0
2026-04-11T01:56:15.260480,0,0,579.4453619999999,0
2026-04-11T01:56:16.266469,0,0,580.3273879999999,0
2026-04-11T01:56:17.273449,0,0,579.4453619999999,0
2026-04-11T01:56:18.281420,0,0,580.3273879999999,0
2026-04-11T01:56:19.287358,0,0,580.3273879999999,0
2026-04-11T01:56:20.294386,0,0,579.4453619999999,0
2026-04-11T01:56:21.300300,0,0,579.4453619999999,0
2026-04-11T01:56:22.306343,0,0,578.5633359999999,0
2026-04-11T01:56:23.313238,0,0,579.4453619999999,0
2026-04-11T01:56:24.320217,0,0,579.4453619999999,0
2026-04-11T01:56:25.327198,0,0,579.4453619999999,0
2026-04-11T01:56:26.333166,0,0,579.4453619999999,0
2026-04-11T01:56:27.340141,0,0,580.3273879999999,0
2026-04-11T01:56:28.347118,0,0,580.3273879999999,0
2026-04-11T01:56:29.354090,0,0,580.3273879999999,0
2026-04-11T01:56:30.360073,0,0,580.3273879999999,0
2026-04-11T01:56:31.367040,0,0,580.3273879999999,0
2026-04-11T01:56:32.374012,0,0,580.3273879999999,0
2026-04-11T01:56:33.379997,0,0,578.5633359999999,0
2026-04-11T01:56:34.386964,0,0,580.3273879999999,0
2026-04-11T01:56:35.392981,0,0,579.4453619999999,0
2026-04-11T01:56:36.399907,0,0,579.4453619999999,0
2026-04-11T01:56:37.405930,0,0,579.4453619999999,0
2026-04-11T01:56:38.413906,0,0,580.3273879999999,0
2026-04-11T01:56:39.419893,0,0,580.3273879999999,0
2026-04-11T01:56:40.426863,0,0,580.3273879999999,0
2026-04-11T01:56:41.433834,0,0,580.3273879999999,0
2026-04-11T01:56:42.439836,0,0,580.3273879999999,0
2026-04-11T01:56:43.446824,0,0,579.4453619999999,0
2026-04-11T01:56:44.452752,0,0,580.3273879999999,0
2026-04-11T01:56:45.458750,0,0,581.2094139999999,0
2026-04-11T01:56:46.465704,0,0,579.4453619999999,0
2026-04-11T01:56:56.601841,0,0,580.3273879999999,0
2026-04-11T01:56:59.083348,0,0,579.4453619999999,0
2026-04-11T01:57:00.091471,0,0,581.2094139999999,0
2026-04-11T01:57:01.097339,0,0,578.5633359999999,0
2026-04-11T01:57:02.104298,0,0,581.2094139999999,0
2026-04-11T01:57:03.110340,0,0,580.3273879999999,0
2026-04-11T01:57:04.117221,0,0,580.3273879999999,0
2026-04-11T01:57:05.122168,0,0,580.3273879999999,0
2026-04-11T01:57:06.131840,0,0,580.3273879999999,0
2026-04-11T01:57:07.138130,0,0,579.4453619999999,0
2026-04-11T01:57:08.144118,0,0,580.3273879999999,0
2026-04-11T01:57:09.151064,0,0,580.3273879999999,0
2026-04-11T01:57:10.157058,0,0,580.3273879999999,0
2026-04-11T01:57:11.164029,0,0,579.4453619999999,0
2026-04-11T01:57:12.169997,0,0,580.3273879999999,0
2026-04-11T01:57:13.176980,0,0,580.3273879999999,0
2026-04-11T01:57:14.182951,0,0,580.3273879999999,0
2026-04-11T01:57:15.189924,0,0,580.3273879999999,0
2026-04-11T01:57:16.197895,0,0,579.4453619999999,0
2026-04-11T01:57:17.203851,0,0,579.4453619999999,0
2026-04-11T01:57:18.210755,0,0,580.3273879999999,0
2026-04-11T01:57:19.216834,0,0,580.3273879999999,0
2026-04-11T01:57:20.223777,0,0,580.3273879999999,0
2026-04-11T01:57:21.229769,0,0,580.3273879999999,0
2026-04-11T01:57:22.236784,0,0,581.2094139999999,0
2026-04-11T01:57:23.243729,0,0,580.3273879999999,0
2026-04-11T01:57:24.249687,0,0,580.3273879999999,0
2026-04-11T01:57:25.257692,0,0,579.4453619999999,0
2026-04-11T01:57:26.263709,0,0,580.3273879999999,0
2026-04-11T01:57:27.270709,0,0,579.4453619999999,0
2026-04-11T01:57:28.276635,0,0,579.4453619999999,0
2026-04-11T01:57:29.282625,0,0,580.3273879999999,0
2026-04-11T01:57:30.289599,0,0,579.4453619999999,0
2026-04-11T01:57:31.296539,0,0,579.4453619999999,0
2026-04-11T01:57:32.303542,0,0,579.4453619999999,0
2026-04-11T01:57:33.309523,0,0,579.4453619999999,0
2026-04-11T01:57:34.316487,0,0,580.3273879999999,0
2026-04-11T01:57:35.323439,0,0,580.3273879999999,0
2026-04-11T01:57:36.330532,0,0,579.4453619999999,0
2026-04-11T01:57:37.336392,0,0,580.3273879999999,0
2026-04-11T01:57:38.343373,0,0,579.4453619999999,0
2026-04-11T01:57:39.351904,0,0,580.3273879999999,0
2026-04-11T01:57:40.356345,0,0,580.3273879999999,0
2026-04-11T01:57:41.363289,0,0,579.4453619999999,0
2026-04-11T01:57:42.369251,0,0,579.4453619999999,0
2026-04-11T01:57:43.376276,0,0,580.3273879999999,0
2026-04-11T01:57:44.382258,0,0,580.3273879999999,0
2026-04-11T01:57:45.390315,0,0,580.3273879999999,0
2026-04-11T01:57:46.396196,0,0,580.3273879999999,0
2026-04-11T01:57:47.403135,0,0,579.4453619999999,0
2026-04-11T01:57:48.410145,0,0,578.5633359999999,0
2026-04-11T01:57:49.416117,0,0,580.3273879999999,0
2026-04-11T01:57:50.423073,0,0,579.4453619999999,0
2026-04-11T01:57:51.429086,0,0,579.4453619999999,0
2026-04-11T01:57:52.436023,0,0,580.3273879999999,0
2026-04-11T01:57:53.442099,0,0,579.4453619999999,0
2026-04-11T01:57:54.448967,0,0,582.0914399999999,0
2026-04-11T01:58:04.872090,0,0,580.3273879999999,0
2026-04-11T01:58:07.354734,0,0,579.4453619999999,0
2026-04-11T01:58:08.361581,0,0,580.3273879999999,0
2026-04-11T01:58:09.367562,0,0,580.3273879999999,0
2026-04-11T01:58:10.374640,0,0,578.5633359999999,0
2026-04-11T01:58:11.380515,0,0,579.4453619999999,0
2026-04-11T01:58:12.387477,0,0,579.4453619999999,0
2026-04-11T01:58:13.393452,0,0,580.3273879999999,0
2026-04-11T01:58:14.401446,0,0,580.3273879999999,0
2026-04-11T01:58:15.408433,0,0,580.3273879999999,0
2026-04-11T01:58:16.414502,0,0,579.4453619999999,0
2026-04-11T01:58:17.421392,0,0,580.3273879999999,0
2026-04-11T01:58:18.427369,0,0,580.3273879999999,0
2026-04-11T01:58:19.434447,0,0,580.3273879999999,0
2026-04-11T01:58:20.440323,0,0,580.3273879999999,0
2026-04-11T01:58:21.447300,0,0,579.4453619999999,0
2026-04-11T01:58:22.453251,0,0,579.4453619999999,0
2026-04-11T01:58:23.460235,0,0,580.3273879999999,0
2026-04-11T01:58:24.468210,0,0,579.4453619999999,0
2026-04-11T01:58:25.473138,0,0,578.5633359999999,0
2026-04-11T01:58:26.481145,0,0,580.3273879999999,0
2026-04-11T01:58:27.485097,0,0,578.5633359999999,0
2026-04-11T01:58:38.629346,0,0,579.4453619999999,0
2026-04-11T01:58:41.111754,0,0,579.4453619999999,0
2026-04-11T01:58:42.118747,0,0,580.3273879999999,0
2026-04-11T01:58:43.124699,0,0,579.4453619999999,0
2026-04-11T01:58:44.131605,0,0,579.4453619999999,0
2026-04-11T01:58:45.137657,0,0,580.3273879999999,0
2026-04-11T01:58:46.144563,0,0,580.3273879999999,0
2026-04-11T01:58:47.150657,0,0,579.4453619999999,0
2026-04-11T01:58:48.158659,0,0,579.4453619999999,0
2026-04-11T01:58:49.165552,0,0,580.3273879999999,0
2026-04-11T01:58:50.171517,0,0,579.4453619999999,0
2026-04-11T01:58:51.178580,0,0,580.3273879999999,0
2026-04-11T01:58:52.184484,0,0,579.4453619999999,0
2026-04-11T01:58:53.191415,0,0,580.3273879999999,0
2026-04-11T01:58:54.197420,0,0,576.799284,0
2026-04-11T01:58:55.204395,0,0,580.3273879999999,0
2026-04-11T01:58:56.210478,0,0,578.5633359999999,0
2026-04-11T01:58:57.216313,0,0,580.3273879999999,0
2026-04-11T01:58:58.225323,0,0,579.4453619999999,0
2026-04-11T01:58:59.231292,0,0,579.4453619999999,0
2026-04-11T01:59:00.238368,0,0,579.4453619999999,0
2026-04-11T01:59:01.244211,0,0,579.4453619999999,0
2026-04-11T01:59:12.186929,0,0,581.2094139999999,0
2026-04-11T01:59:14.668872,0,0,580.3273879999999,0
2026-04-11T01:59:15.674914,0,0,579.4453619999999,0
2026-04-11T01:59:16.680868,0,0,579.4453619999999,0
2026-04-11T01:59:17.687744,0,0,580.3273879999999,0
2026-04-11T01:59:18.694770,0,0,579.4453619999999,0
2026-04-11T01:59:19.701725,0,0,580.3273879999999,0
2026-04-11T01:59:20.707696,0,0,580.3273879999999,0
2026-04-11T01:59:21.715644,0,0,579.4453619999999,0
2026-04-11T01:59:22.722719,0,0,580.3273879999999,0
2026-04-11T01:59:23.728639,0,0,579.4453619999999,0
2026-04-11T01:59:24.735562,0,0,579.4453619999999,0
2026-04-11T01:59:25.741545,0,0,579.4453619999999,0
2026-04-11T01:59:26.748547,0,0,581.2094139999999,0
2026-04-11T01:59:27.754549,0,0,579.4453619999999,0
2026-04-11T01:59:28.761482,0,0,579.4453619999999,0
2026-04-11T01:59:29.767464,0,0,582.0914399999999,0
2026-04-11T01:59:30.775444,0,0,579.4453619999999,0
2026-04-11T01:59:31.782552,0,0,579.4453619999999,0
2026-04-11T01:59:32.788454,0,0,580.3273879999999,0
2026-04-11T01:59:33.793443,0,0,578.5633359999999,0
2026-04-11T01:59:34.801413,0,0,580.3273879999999,0
2026-04-11T01:59:35.808405,0,0,581.2094139999999,0
2026-04-11T01:59:49.107536,0,0,580.3273879999999,0
2026-04-11T01:59:50.114026,0,0,575.917258,0
2026-04-11T01:59:51.120015,0,0,580.3273879999999,0
2026-04-11T01:59:52.126917,0,0,580.3273879999999,0
2026-04-11T01:59:53.132899,0,0,580.3273879999999,0
2026-04-11T01:59:54.139859,0,0,579.4453619999999,0
2026-04-11T01:59:55.145882,0,0,579.4453619999999,0
2026-04-11T01:59:56.153833,0,0,580.3273879999999,0
2026-04-11T01:59:57.158827,0,0,579.4453619999999,0
2026-04-11T01:59:58.166775,0,0,579.4453619999999,0
2026-04-11T01:59:59.173769,0,0,579.4453619999999,0
2026-04-11T02:00:00.178757,0,0,579.4453619999999,0
2026-04-11T02:00:01.186759,0,0,580.3273879999999,0
2026-04-11T02:00:02.192896,0,0,580.3273879999999,0
