timestamp,edb_drain_state,edb_effluent_state,tank_level,flow_rate
2026-04-06T00:00:00.222959,0,0,663.237832,0
2026-04-06T00:00:01.228940,0,0,661.47378,0
2026-04-06T00:00:02.234994,0,0,662.355806,0
2026-04-06T00:00:03.243039,0,0,662.355806,0
2026-04-06T00:00:04.249913,0,0,662.355806,0
2026-04-06T00:00:05.255874,0,0,662.355806,0
2026-04-06T00:00:06.262973,0,0,662.355806,0
2026-04-06T00:00:07.268860,0,0,662.355806,0
2026-04-06T00:00:08.274945,0,0,662.355806,0
2026-04-06T00:00:18.422409,0,0,663.237832,0
2026-04-06T00:00:20.904847,0,0,662.355806,0
2026-04-06T00:00:21.911851,0,0,662.355806,0
2026-04-06T00:00:22.917839,0,0,662.355806,0
2026-04-06T00:00:23.924808,0,0,663.237832,0
2026-04-06T00:00:24.930811,0,0,661.47378,0
2026-04-06T00:00:25.936784,0,0,661.47378,0
2026-04-06T00:00:26.944804,0,0,662.355806,0
2026-04-06T00:00:27.951828,0,0,662.355806,0
2026-04-06T00:00:28.958804,0,0,663.237832,0
2026-04-06T00:00:29.964784,0,0,663.237832,0
2026-04-06T00:00:30.971798,0,0,662.355806,0
2026-04-06T00:00:31.977798,0,0,664.119858,0
2026-04-06T00:00:32.984781,0,0,662.355806,0
2026-04-06T00:00:33.990784,0,0,662.355806,0
2026-04-06T00:00:34.998783,0,0,662.355806,0
2026-04-06T00:00:36.004758,0,0,662.355806,0
2026-04-06T00:00:37.011802,0,0,664.119858,0
2026-04-06T00:00:38.018773,0,0,662.355806,0
2026-04-06T00:00:39.024802,0,0,663.237832,0
2026-04-06T00:00:40.031784,0,0,662.355806,0
2026-04-06T00:00:41.037747,0,0,663.237832,0
2026-04-06T00:00:42.043746,0,0,664.119858,0
2026-04-06T00:00:52.549312,0,0,663.237832,0
2026-04-06T00:00:55.031725,0,0,662.355806,0
2026-04-06T00:00:56.038685,0,0,662.355806,0
2026-04-06T00:00:57.044692,0,0,662.355806,0
2026-04-06T00:00:58.051690,0,0,662.355806,0
2026-04-06T00:00:59.057687,0,0,660.591754,0
2026-04-06T00:01:00.063683,0,0,662.355806,0
2026-04-06T00:01:01.071731,0,0,662.355806,0
2026-04-06T00:01:02.078675,0,0,662.355806,0
2026-04-06T00:01:03.085682,0,0,662.355806,0
2026-04-06T00:01:04.091686,0,0,663.237832,0
2026-04-06T00:01:05.098626,0,0,663.237832,0
2026-04-06T00:01:06.104781,0,0,663.237832,0
2026-04-06T00:01:07.111650,0,0,663.237832,0
2026-04-06T00:01:08.116660,0,0,663.237832,0
2026-04-06T00:01:09.125642,0,0,662.355806,0
2026-04-06T00:01:10.131652,0,0,662.355806,0
2026-04-06T00:01:11.138647,0,0,663.237832,0
2026-04-06T00:01:12.145623,0,0,663.237832,0
2026-04-06T00:01:13.151617,0,0,662.355806,0
2026-04-06T00:01:14.158521,0,0,662.355806,0
2026-04-06T00:01:15.164421,0,0,661.47378,0
2026-04-06T00:01:16.171388,0,0,663.237832,0
2026-04-06T00:01:26.928092,0,0,662.355806,0
2026-04-06T00:01:29.410354,0,0,662.355806,0
2026-04-06T00:01:30.417264,0,0,662.355806,0
2026-04-06T00:01:31.423239,0,0,663.237832,0
2026-04-06T00:01:32.430108,0,0,662.355806,0
2026-04-06T00:01:33.436045,0,0,662.355806,0
2026-04-06T00:01:34.441935,0,0,663.237832,0
2026-04-06T00:01:35.449842,0,0,662.355806,0
2026-04-06T00:01:36.456767,0,0,662.355806,0
2026-04-06T00:01:37.463702,0,0,663.237832,0
2026-04-06T00:01:38.469618,0,0,662.355806,0
2026-04-06T00:01:39.476518,0,0,663.237832,0
2026-04-06T00:01:40.482460,0,0,663.237832,0
2026-04-06T00:01:41.489369,0,0,662.355806,0
2026-04-06T00:01:42.495327,0,0,662.355806,0
2026-04-06T00:01:43.503304,0,0,661.47378,0
2026-04-06T00:01:44.509143,0,0,662.355806,0
2026-04-06T00:01:45.516073,0,0,663.237832,0
2026-04-06T00:01:46.523113,0,0,661.47378,0
2026-04-06T00:01:47.528906,0,0,661.47378,0
2026-04-06T00:01:48.535844,0,0,664.119858,0
2026-04-06T00:01:49.541752,0,0,662.355806,0
2026-04-06T00:01:50.548699,0,0,663.237832,0
2026-04-06T00:01:51.555631,0,0,663.237832,0
2026-04-06T00:01:52.562544,0,0,662.355806,0
2026-04-06T00:01:53.569518,0,0,663.237832,0
2026-04-06T00:01:54.575429,0,0,664.119858,0
2026-04-06T00:01:55.582346,0,0,662.355806,0
2026-04-06T00:01:56.588244,0,0,662.355806,0
2026-04-06T00:01:57.595253,0,0,662.355806,0
2026-04-06T00:01:58.601129,0,0,663.237832,0
2026-04-06T00:01:59.609049,0,0,663.237832,0
2026-04-06T00:02:00.613979,0,0,661.47378,0
2026-04-06T00:02:01.620900,0,0,663.237832,0
2026-04-06T00:02:02.627816,0,0,665.001884,0
2026-04-06T00:02:03.634753,0,0,662.355806,0
2026-04-06T00:02:04.641675,0,0,663.237832,0
2026-04-06T00:02:05.647618,0,0,663.237832,0
2026-04-06T00:02:06.654521,0,0,663.237832,0
2026-04-06T00:02:07.659409,0,0,662.355806,0
2026-04-06T00:02:08.667361,0,0,662.355806,0
2026-04-06T00:02:09.675377,0,0,663.237832,0
2026-04-06T00:02:10.681235,0,0,662.355806,0
2026-04-06T00:02:11.688158,0,0,663.237832,0
2026-04-06T00:02:12.694093,0,0,662.355806,0
2026-04-06T00:02:13.701014,0,0,661.47378,0
2026-04-06T00:02:14.707048,0,0,662.355806,0
2026-04-06T00:02:15.713864,0,0,663.237832,0
2026-04-06T00:02:16.720771,0,0,663.237832,0
2026-04-06T00:02:17.727692,0,0,663.237832,0
2026-04-06T00:02:18.734611,0,0,662.355806,0
2026-04-06T00:02:19.740519,0,0,664.119858,0
2026-04-06T00:02:20.746462,0,0,663.237832,0
2026-04-06T00:02:21.753407,0,0,663.237832,0
2026-04-06T00:02:22.760341,0,0,662.355806,0
2026-04-06T00:02:23.766258,0,0,662.355806,0
2026-04-06T00:02:24.774231,0,0,663.237832,0
2026-04-06T00:02:25.780114,0,0,663.237832,0
2026-04-06T00:02:26.787176,0,0,663.237832,0
2026-04-06T00:02:27.792982,0,0,662.355806,0
2026-04-06T00:02:28.799947,0,0,663.237832,0
2026-04-06T00:02:29.806952,0,0,662.355806,0
2026-04-06T00:02:30.812796,0,0,661.47378,0
2026-04-06T00:02:31.819694,0,0,663.237832,0
2026-04-06T00:02:32.825653,0,0,663.237832,0
2026-04-06T00:02:33.833588,0,0,665.88391,0
2026-04-06T00:02:34.840503,0,0,663.237832,0
2026-04-06T00:02:35.846440,0,0,662.355806,0
2026-04-06T00:02:36.852347,0,0,664.119858,0
2026-04-06T00:02:37.858298,0,0,663.237832,0
2026-04-06T00:02:38.866247,0,0,662.355806,0
2026-04-06T00:02:39.872160,0,0,662.355806,0
2026-04-06T00:02:40.878095,0,0,663.237832,0
2026-04-06T00:02:41.887122,0,0,662.355806,0
2026-04-06T00:02:42.891957,0,0,663.237832,0
2026-04-06T00:02:43.899850,0,0,663.237832,0
2026-04-06T00:02:44.905801,0,0,662.355806,0
2026-04-06T00:02:45.912748,0,0,663.237832,0
2026-04-06T00:02:46.918673,0,0,662.355806,0
2026-04-06T00:02:47.925599,0,0,662.355806,0
2026-04-06T00:02:48.931539,0,0,663.237832,0
2026-04-06T00:02:49.939416,0,0,662.355806,0
2026-04-06T00:02:50.945365,0,0,663.237832,0
2026-04-06T00:02:51.952354,0,0,662.355806,0
2026-04-06T00:02:52.959309,0,0,662.355806,0
2026-04-06T00:02:53.965171,0,0,663.237832,0
2026-04-06T00:02:54.972119,0,0,662.355806,0
2026-04-06T00:02:55.978038,0,0,662.355806,0
2026-04-06T00:03:09.101661,0,0,663.237832,0
2026-04-06T00:03:10.108115,0,0,662.355806,0
2026-04-06T00:03:11.114068,0,0,663.237832,0
2026-04-06T00:03:12.120995,0,0,662.355806,0
2026-04-06T00:03:13.127004,0,0,663.237832,0
2026-04-06T00:03:14.133858,0,0,663.237832,0
2026-04-06T00:03:15.139813,0,0,663.237832,0
2026-04-06T00:03:16.147702,0,0,662.355806,0
2026-04-06T00:03:17.153637,0,0,662.355806,0
2026-04-06T00:03:18.160557,0,0,662.355806,0
2026-04-06T00:03:19.167501,0,0,661.47378,0
2026-04-06T00:03:20.173422,0,0,663.237832,0
2026-04-06T00:03:21.180350,0,0,663.237832,0
2026-04-06T00:03:22.186270,0,0,663.237832,0
2026-04-06T00:03:23.194223,0,0,662.355806,0
2026-04-06T00:03:24.200143,0,0,662.355806,0
2026-04-06T00:03:25.207151,0,0,663.237832,0
2026-04-06T00:03:26.214009,0,0,662.355806,0
2026-04-06T00:03:27.219932,0,0,662.355806,0
2026-04-06T00:03:28.226982,0,0,663.237832,0
2026-04-06T00:03:29.232799,0,0,663.237832,0
2026-04-06T00:03:30.239766,0,0,662.355806,0
2026-04-06T00:03:31.246707,0,0,663.237832,0
2026-04-06T00:03:32.253625,0,0,662.355806,0
2026-04-06T00:03:33.259544,0,0,663.237832,0
2026-04-06T00:03:34.266503,0,0,662.355806,0
2026-04-06T00:03:35.273414,0,0,662.355806,0
2026-04-06T00:03:36.279478,0,0,662.355806,0
2026-04-06T00:03:37.286366,0,0,662.355806,0
2026-04-06T00:03:38.292303,0,0,662.355806,0
2026-04-06T00:03:39.300246,0,0,663.237832,0
2026-04-06T00:03:40.306147,0,0,663.237832,0
2026-04-06T00:03:41.313127,0,0,662.355806,0
2026-04-06T00:03:42.320024,0,0,662.355806,0
2026-04-06T00:03:43.324958,0,0,660.591754,0
2026-04-06T00:03:44.332911,0,0,662.355806,0
2026-04-06T00:03:45.338928,0,0,663.237832,0
2026-04-06T00:03:46.345782,0,0,662.355806,0
2026-04-06T00:03:47.351743,0,0,660.591754,0
2026-04-06T00:03:48.359648,0,0,663.237832,0
2026-04-06T00:03:49.366578,0,0,663.237832,0
2026-04-06T00:03:50.371503,0,0,663.237832,0
2026-04-06T00:03:51.379471,0,0,665.001884,0
2026-04-06T00:03:52.385390,0,0,662.355806,0
2026-04-06T00:03:53.392344,0,0,663.237832,0
2026-04-06T00:03:54.398257,0,0,662.355806,0
2026-04-06T00:03:55.405189,0,0,662.355806,0
2026-04-06T00:03:56.412137,0,0,662.355806,0
2026-04-06T00:03:57.418088,0,0,662.355806,0
2026-04-06T00:03:58.425012,0,0,662.355806,0
2026-04-06T00:03:59.431037,0,0,662.355806,0
2026-04-06T00:04:00.437895,0,0,663.237832,0
2026-04-06T00:04:01.444832,0,0,663.237832,0
2026-04-06T00:04:02.451778,0,0,662.355806,0
2026-04-06T00:04:03.457694,0,0,662.355806,0
2026-04-06T00:04:04.465674,0,0,662.355806,0
2026-04-06T00:04:05.471612,0,0,663.237832,0
2026-04-06T00:04:06.478557,0,0,662.355806,0
2026-04-06T00:04:07.484484,0,0,662.355806,0
2026-04-06T00:04:08.491409,0,0,662.355806,0
2026-04-06T00:04:09.498372,0,0,663.237832,0
2026-04-06T00:04:10.504301,0,0,662.355806,0
2026-04-06T00:04:11.511333,0,0,662.355806,0
2026-04-06T00:04:12.517178,0,0,663.237832,0
2026-04-06T00:04:13.525129,0,0,662.355806,0
2026-04-06T00:04:14.532060,0,0,663.237832,0
2026-04-06T00:04:15.538106,0,0,662.355806,0
2026-04-06T00:04:16.543936,0,0,663.237832,0
2026-04-06T00:04:17.549860,0,0,663.237832,0
2026-04-06T00:04:18.557809,0,0,662.355806,0
2026-04-06T00:04:19.563771,0,0,662.355806,0
2026-04-06T00:04:20.570685,0,0,662.355806,0
2026-04-06T00:04:21.578663,0,0,662.355806,0
2026-04-06T00:04:22.584547,0,0,661.47378,0
2026-04-06T00:04:23.591545,0,0,662.355806,0
2026-04-06T00:04:24.597437,0,0,662.355806,0
2026-04-06T00:04:25.604606,0,0,661.47378,0
2026-04-06T00:04:26.609342,0,0,662.355806,0
2026-04-06T00:04:27.617304,0,0,662.355806,0
2026-04-06T00:04:28.623254,0,0,664.119858,0
2026-04-06T00:04:29.631245,0,0,662.355806,0
2026-04-06T00:04:30.638102,0,0,663.237832,0
2026-04-06T00:04:31.644074,0,0,664.119858,0
2026-04-06T00:04:32.651066,0,0,662.355806,0
2026-04-06T00:04:33.656927,0,0,663.237832,0
2026-04-06T00:04:34.663844,0,0,662.355806,0
2026-04-06T00:04:35.669817,0,0,662.355806,0
2026-04-06T00:04:36.676733,0,0,663.237832,0
2026-04-06T00:04:37.684659,0,0,662.355806,0
2026-04-06T00:04:38.690600,0,0,662.355806,0
2026-04-06T00:04:39.696545,0,0,662.355806,0
2026-04-06T00:04:40.703477,0,0,663.237832,0
2026-04-06T00:04:41.710441,0,0,662.355806,0
2026-04-06T00:04:42.715433,0,0,662.355806,0
2026-04-06T00:04:43.723383,0,0,662.355806,0
2026-04-06T00:04:44.729251,0,0,661.47378,0
2026-04-06T00:04:45.736193,0,0,663.237832,0
2026-04-06T00:04:46.744147,0,0,661.47378,0
2026-04-06T00:04:47.750069,0,0,662.355806,0
2026-04-06T00:04:48.756458,0,0,662.355806,0
2026-04-06T00:04:49.763037,0,0,662.355806,0
2026-04-06T00:04:50.768877,0,0,662.355806,0
2026-04-06T00:04:51.775841,0,0,663.237832,0
2026-04-06T00:04:52.782808,0,0,659.709728,0
2026-04-06T00:04:53.789737,0,0,662.355806,0
2026-04-06T00:04:54.796683,0,0,663.237832,0
2026-04-06T00:04:55.803622,0,0,663.237832,0
2026-04-06T00:04:56.808552,0,0,663.237832,0
2026-04-06T00:04:57.815522,0,0,664.119858,0
2026-04-06T00:04:58.822444,0,0,662.355806,0
2026-04-06T00:04:59.828414,0,0,662.355806,0
2026-04-06T00:05:00.835406,0,0,662.355806,0
2026-04-06T00:05:01.842296,0,0,662.355806,0
2026-04-06T00:05:02.849224,0,0,662.355806,0
2026-04-06T00:05:03.855220,0,0,662.355806,0
2026-04-06T00:05:04.863229,0,0,662.355806,0
2026-04-06T00:05:05.867123,0,0,662.355806,0
2026-04-06T00:05:06.876017,0,0,662.355806,0
2026-04-06T00:05:07.881934,0,0,662.355806,0
2026-04-06T00:05:08.888900,0,0,662.355806,0
2026-04-06T00:05:09.896118,0,0,662.355806,0
2026-04-06T00:05:10.901796,0,0,662.355806,0
2026-04-06T00:05:11.908715,0,0,664.119858,0
2026-04-06T00:05:12.914705,0,0,664.119858,0
2026-04-06T00:05:13.922616,0,0,662.355806,0
2026-04-06T00:05:14.927552,0,0,662.355806,0
2026-04-06T00:05:15.934511,0,0,662.355806,0
2026-04-06T00:05:16.941465,0,0,666.765936,0
2026-04-06T00:05:17.947417,0,0,663.237832,0
2026-04-06T00:05:18.956370,0,0,662.355806,0
2026-04-06T00:05:19.962136,0,0,662.355806,0
2026-04-06T00:05:20.969265,0,0,662.355806,0
2026-04-06T00:05:21.975218,0,0,663.237832,0
2026-04-06T00:05:22.982155,0,0,661.47378,0
2026-04-06T00:05:23.988070,0,0,662.355806,0
2026-04-06T00:05:24.995149,0,0,663.237832,0
2026-04-06T00:05:26.000961,0,0,663.237832,0
2026-04-06T00:05:27.006987,0,0,662.355806,0
2026-04-06T00:05:28.015850,0,0,661.47378,0
2026-04-06T00:05:29.021827,0,0,662.355806,0
2026-04-06T00:05:30.028758,0,0,662.355806,0
2026-04-06T00:05:31.034693,0,0,662.355806,0
2026-04-06T00:05:32.040635,0,0,662.355806,0
2026-04-06T00:05:33.047576,0,0,662.355806,0
2026-04-06T00:05:34.054553,0,0,662.355806,0
2026-04-06T00:05:35.061486,0,0,662.355806,0
2026-04-06T00:05:36.068414,0,0,662.355806,0
2026-04-06T00:05:37.075431,0,0,662.355806,0
2026-04-06T00:05:38.080314,0,0,663.237832,0
2026-04-06T00:05:39.088279,0,0,660.591754,0
2026-04-06T00:05:40.093230,0,0,662.355806,0
2026-04-06T00:05:41.100031,0,0,662.355806,0
2026-04-06T00:05:42.107573,0,0,660.591754,0
2026-04-06T00:05:43.114038,0,0,663.237832,0
2026-04-06T00:05:44.120988,0,0,662.355806,0
2026-04-06T00:05:45.127038,0,0,663.237832,0
2026-04-06T00:05:46.134958,0,0,660.591754,0
2026-04-06T00:05:47.139862,0,0,662.355806,0
2026-04-06T00:05:48.146803,0,0,663.237832,0
2026-04-06T00:05:49.152737,0,0,663.237832,0
2026-04-06T00:05:50.160680,0,0,662.355806,0
2026-04-06T00:05:51.167634,0,0,663.237832,0
2026-04-06T00:05:52.173608,0,0,662.355806,0
2026-04-06T00:05:53.181553,0,0,662.355806,0
2026-04-06T00:05:54.186498,0,0,663.237832,0
2026-04-06T00:05:55.193437,0,0,662.355806,0
2026-04-06T00:05:56.199412,0,0,662.355806,0
2026-04-06T00:05:57.206318,0,0,663.237832,0
2026-04-06T00:05:58.214264,0,0,663.237832,0
2026-04-06T00:05:59.220242,0,0,663.237832,0
2026-04-06T00:06:00.227226,0,0,662.355806,0
2026-04-06T00:06:01.234124,0,0,661.47378,0
2026-04-06T00:06:02.240066,0,0,662.355806,0
2026-04-06T00:06:03.246051,0,0,664.119858,0
2026-04-06T00:06:04.252984,0,0,663.237832,0
2026-04-06T00:06:05.259932,0,0,662.355806,0
2026-04-06T00:06:06.265930,0,0,663.237832,0
2026-04-06T00:06:07.271819,0,0,664.119858,0
2026-04-06T00:06:08.279676,0,0,665.001884,0
2026-04-06T00:06:09.287616,0,0,663.237832,0
2026-04-06T00:06:10.292588,0,0,663.237832,0
2026-04-06T00:06:11.300495,0,0,663.237832,0
2026-04-06T00:06:12.306485,0,0,663.237832,0
2026-04-06T00:06:13.313471,0,0,663.237832,0
2026-04-06T00:06:14.319538,0,0,663.237832,0
2026-04-06T00:06:15.326287,0,0,662.355806,0
2026-04-06T00:06:16.332204,0,0,662.355806,0
2026-04-06T00:06:17.339178,0,0,665.88391,0
2026-04-06T00:06:18.347282,0,0,664.119858,0
2026-04-06T00:06:19.352034,0,0,663.237832,0
2026-04-06T00:06:20.359071,0,0,663.237832,0
2026-04-06T00:06:21.366040,0,0,663.237832,0
2026-04-06T00:06:22.372056,0,0,664.119858,0
2026-04-06T00:06:23.379122,0,0,664.119858,0
2026-04-06T00:06:24.384907,0,0,664.119858,0
2026-04-06T00:06:25.391873,0,0,664.119858,0
2026-04-06T00:06:26.399717,0,0,663.237832,0
2026-04-06T00:06:27.404704,0,0,663.237832,0
2026-04-06T00:06:28.412738,0,0,664.119858,0
2026-04-06T00:06:29.418687,0,0,665.001884,0
2026-04-06T00:06:30.426664,0,0,662.355806,0
2026-04-06T00:06:31.432562,0,0,662.355806,0
2026-04-06T00:06:32.439546,0,0,663.237832,0
2026-04-06T00:06:33.444464,0,0,662.355806,0
2026-04-06T00:06:34.453406,0,0,663.237832,0
2026-04-06T00:06:35.459387,0,0,661.47378,0
2026-04-06T00:06:36.466336,0,0,662.355806,0
2026-04-06T00:06:37.472277,0,0,662.355806,0
2026-04-06T00:06:38.478239,0,0,660.591754,0
2026-04-06T00:06:39.486187,0,0,662.355806,0
2026-04-06T00:06:40.492130,0,0,663.237832,0
2026-04-06T00:06:41.499145,0,0,661.47378,0
2026-04-06T00:06:42.506053,0,0,662.355806,0
2026-04-06T00:06:43.513002,0,0,662.355806,0
2026-04-06T00:06:44.517938,0,0,663.237832,0
2026-04-06T00:06:45.525901,0,0,663.237832,0
2026-04-06T00:06:46.532851,0,0,662.355806,0
2026-04-06T00:06:47.537819,0,0,662.355806,0
2026-04-06T00:06:48.544756,0,0,663.237832,0
2026-04-06T00:06:49.551684,0,0,663.237832,0
2026-04-06T00:06:50.558667,0,0,664.119858,0
2026-04-06T00:06:51.565626,0,0,663.237832,0
2026-04-06T00:06:52.572584,0,0,662.355806,0
2026-04-06T00:06:53.577475,0,0,661.47378,0
2026-04-06T00:06:54.584479,0,0,663.237832,0
2026-04-06T00:06:55.592414,0,0,662.355806,0
2026-04-06T00:06:56.598379,0,0,663.237832,0
2026-04-06T00:06:57.605328,0,0,662.355806,0
2026-04-06T00:06:58.611323,0,0,662.355806,0
2026-04-06T00:06:59.619174,0,0,663.237832,0
2026-04-06T00:07:00.624205,0,0,661.47378,0
2026-04-06T00:07:01.632114,0,0,664.119858,0
2026-04-06T00:07:02.639195,0,0,663.237832,0
2026-04-06T00:07:03.645018,0,0,663.237832,0
2026-04-06T00:07:04.652034,0,0,662.355806,0
2026-04-06T00:07:05.656962,0,0,662.355806,0
2026-04-06T00:07:06.664849,0,0,662.355806,0
2026-04-06T00:07:07.671628,0,0,662.355806,0
2026-04-06T00:07:08.677815,0,0,663.237832,0
2026-04-06T00:07:09.684769,0,0,662.355806,0
2026-04-06T00:07:10.691728,0,0,663.237832,0
2026-04-06T00:07:11.698674,0,0,662.355806,0
2026-04-06T00:07:12.704633,0,0,664.119858,0
2026-04-06T00:07:13.711536,0,0,662.355806,0
2026-04-06T00:07:14.717504,0,0,662.355806,0
2026-04-06T00:07:15.724465,0,0,663.237832,0
2026-04-06T00:07:16.731416,0,0,662.355806,0
2026-04-06T00:07:17.738361,0,0,662.355806,0
2026-04-06T00:07:18.745312,0,0,663.237832,0
2026-04-06T00:07:19.751379,0,0,663.237832,0
2026-04-06T00:07:20.757126,0,0,663.237832,0
2026-04-06T00:07:21.764184,0,0,663.237832,0
2026-04-06T00:07:22.771225,0,0,663.237832,0
2026-04-06T00:07:23.776145,0,0,663.237832,0
2026-04-06T00:07:24.782073,0,0,665.001884,0
2026-04-06T00:07:25.790984,0,0,663.237832,0
2026-04-06T00:07:26.797847,0,0,663.237832,0
2026-04-06T00:07:27.804811,0,0,663.237832,0
2026-04-06T00:07:28.810760,0,0,662.355806,0
2026-04-06T00:07:29.817916,0,0,663.237832,0
2026-04-06T00:07:30.823897,0,0,663.237832,0
2026-04-06T00:07:31.829736,0,0,662.355806,0
2026-04-06T00:07:32.837679,0,0,662.355806,0
2026-04-06T00:07:33.844642,0,0,662.355806,0
2026-04-06T00:07:34.851616,0,0,662.355806,0
2026-04-06T00:07:35.857553,0,0,662.355806,0
2026-04-06T00:07:36.863544,0,0,663.237832,0
2026-04-06T00:07:37.870455,0,0,662.355806,0
2026-04-06T00:07:38.876405,0,0,663.237832,0
2026-04-06T00:07:39.882348,0,0,662.355806,0
2026-04-06T00:07:40.890336,0,0,663.237832,0
2026-04-06T00:07:41.896265,0,0,664.119858,0
2026-04-06T00:07:42.904252,0,0,662.355806,0
2026-04-06T00:07:43.910203,0,0,663.237832,0
2026-04-06T00:07:44.917148,0,0,663.237832,0
2026-04-06T00:07:45.922148,0,0,663.237832,0
2026-04-06T00:07:46.929910,0,0,662.355806,0
2026-04-06T00:07:47.937015,0,0,664.119858,0
2026-04-06T00:07:48.943025,0,0,662.355806,0
2026-04-06T00:07:49.951029,0,0,663.237832,0
2026-04-06T00:07:50.956872,0,0,664.119858,0
2026-04-06T00:07:51.963872,0,0,663.237832,0
2026-04-06T00:07:52.970807,0,0,662.355806,0
2026-04-06T00:07:53.976744,0,0,662.355806,0
2026-04-06T00:07:54.983692,0,0,663.237832,0
2026-04-06T00:07:55.989670,0,0,662.355806,0
2026-04-06T00:07:56.995622,0,0,662.355806,0
2026-04-06T00:07:58.003597,0,0,663.237832,0
2026-04-06T00:07:59.009483,0,0,661.47378,0
2026-04-06T00:08:00.017474,0,0,663.237832,0
2026-04-06T00:08:01.023423,0,0,663.237832,0
2026-04-06T00:08:02.030402,0,0,663.237832,0
2026-04-06T00:08:03.036368,0,0,663.237832,0
2026-04-06T00:08:04.043385,0,0,659.709728,0
2026-04-06T00:08:05.048270,0,0,662.355806,0
2026-04-06T00:08:06.057241,0,0,663.237832,0
2026-04-06T00:08:07.064152,0,0,662.355806,0
2026-04-06T00:08:08.070151,0,0,663.237832,0
2026-04-06T00:08:09.077081,0,0,662.355806,0
2026-04-06T00:08:10.083167,0,0,662.355806,0
2026-04-06T00:08:11.090052,0,0,663.237832,0
2026-04-06T00:08:12.095102,0,0,662.355806,0
2026-04-06T00:08:13.103071,0,0,663.237832,0
2026-04-06T00:08:14.108876,0,0,662.355806,0
2026-04-06T00:08:15.115819,0,0,662.355806,0
2026-04-06T00:08:16.121760,0,0,662.355806,0
2026-04-06T00:08:17.129727,0,0,665.001884,0
2026-04-06T00:08:18.136655,0,0,662.355806,0
2026-04-06T00:08:19.142776,0,0,661.47378,0
2026-04-06T00:08:20.149636,0,0,663.237832,0
2026-04-06T00:08:21.155444,0,0,663.237832,0
2026-04-06T00:08:22.162533,0,0,663.237832,0
2026-04-06T00:08:23.170483,0,0,662.355806,0
2026-04-06T00:08:24.176476,0,0,663.237832,0
2026-04-06T00:08:25.183408,0,0,662.355806,0
2026-04-06T00:08:26.188327,0,0,662.355806,0
2026-04-06T00:08:27.196343,0,0,665.001884,0
2026-04-06T00:08:28.201243,0,0,663.237832,0
2026-04-06T00:08:29.209245,0,0,662.355806,0
2026-04-06T00:08:30.214205,0,0,662.355806,0
2026-04-06T00:08:31.223199,0,0,661.47378,0
2026-04-06T00:08:32.230084,0,0,663.237832,0
2026-04-06T00:08:43.216057,0,0,662.355806,0
2026-04-06T00:08:45.698544,0,0,662.355806,0
2026-04-06T00:08:46.705500,0,0,662.355806,0
2026-04-06T00:08:47.711483,0,0,664.119858,0
2026-04-06T00:08:48.718377,0,0,663.237832,0
2026-04-06T00:08:49.724393,0,0,664.119858,0
2026-04-06T00:08:50.731379,0,0,663.237832,0
2026-04-06T00:08:51.738315,0,0,664.119858,0
2026-04-06T00:08:52.745237,0,0,663.237832,0
2026-04-06T00:08:53.752228,0,0,663.237832,0
2026-04-06T00:08:54.758158,0,0,665.001884,0
2026-04-06T00:08:55.765106,0,0,662.355806,0
2026-04-06T00:08:56.771148,0,0,662.355806,0
2026-04-06T00:08:57.778024,0,0,665.001884,0
2026-04-06T00:08:58.783998,0,0,663.237832,0
2026-04-06T00:08:59.791025,0,0,662.355806,0
2026-04-06T00:09:00.797795,0,0,663.237832,0
2026-04-06T00:09:01.804865,0,0,662.355806,0
2026-04-06T00:09:02.811825,0,0,663.237832,0
2026-04-06T00:09:03.817776,0,0,662.355806,0
2026-04-06T00:09:04.824738,0,0,663.237832,0
2026-04-06T00:09:05.830700,0,0,662.355806,0
2026-04-06T00:09:06.837671,0,0,662.355806,0
2026-04-06T00:09:16.871802,0,0,663.237832,0
2026-04-06T00:09:19.354186,0,0,662.355806,0
2026-04-06T00:09:20.361139,0,0,662.355806,0
2026-04-06T00:09:21.367209,0,0,663.237832,0
2026-04-06T00:09:22.374065,0,0,662.355806,0
2026-04-06T00:09:23.380026,0,0,663.237832,0
2026-04-06T00:09:24.385985,0,0,662.355806,0
2026-04-06T00:09:25.393947,0,0,662.355806,0
2026-04-06T00:09:26.400921,0,0,663.237832,0
2026-04-06T00:09:27.407890,0,0,661.47378,0
2026-04-06T00:09:28.413837,0,0,662.355806,0
2026-04-06T00:09:29.420794,0,0,663.237832,0
2026-04-06T00:09:30.426750,0,0,662.355806,0
2026-04-06T00:09:31.433711,0,0,663.237832,0
2026-04-06T00:09:32.439696,0,0,662.355806,0
2026-04-06T00:09:33.447640,0,0,663.237832,0
2026-04-06T00:09:34.452577,0,0,662.355806,0
2026-04-06T00:09:35.459568,0,0,663.237832,0
2026-04-06T00:09:36.467592,0,0,662.355806,0
2026-04-06T00:09:37.473471,0,0,656.181624,0
2026-04-06T00:09:38.480438,0,0,662.355806,0
2026-04-06T00:09:39.486387,0,0,662.355806,0
2026-04-06T00:09:40.493369,0,0,660.591754,0
2026-04-06T00:09:41.498323,0,0,662.355806,0
2026-04-06T00:09:42.507356,0,0,663.237832,0
2026-04-06T00:09:43.514251,0,0,662.355806,0
2026-04-06T00:09:44.519306,0,0,662.355806,0
2026-04-06T00:09:45.527266,0,0,662.355806,0
2026-04-06T00:09:46.533142,0,0,663.237832,0
2026-04-06T00:09:47.540076,0,0,662.355806,0
2026-04-06T00:09:48.546057,0,0,662.355806,0
2026-04-06T00:09:49.553052,0,0,662.355806,0
2026-04-06T00:09:50.560018,0,0,662.355806,0
2026-04-06T00:09:51.567054,0,0,662.355806,0
2026-04-06T00:09:52.572900,0,0,662.355806,0
2026-04-06T00:09:53.579865,0,0,662.355806,0
2026-04-06T00:09:54.586911,0,0,662.355806,0
2026-04-06T00:09:55.592806,0,0,662.355806,0
2026-04-06T00:09:56.599784,0,0,662.355806,0
2026-04-06T00:09:57.605759,0,0,663.237832,0
2026-04-06T00:09:58.612667,0,0,662.355806,0
2026-04-06T00:09:59.619683,0,0,662.355806,0
2026-04-06T00:10:00.626654,0,0,662.355806,0
2026-04-06T00:10:01.633569,0,0,662.355806,0
2026-04-06T00:10:02.638547,0,0,663.237832,0
2026-04-06T00:10:03.646490,0,0,662.355806,0
2026-04-06T00:10:04.651510,0,0,662.355806,0
2026-04-06T00:10:05.659451,0,0,661.47378,0
2026-04-06T00:10:06.666380,0,0,662.355806,0
2026-04-06T00:10:07.673361,0,0,663.237832,0
2026-04-06T00:10:08.680335,0,0,661.47378,0
2026-04-06T00:10:09.686304,0,0,662.355806,0
2026-04-06T00:10:10.693249,0,0,663.237832,0
2026-04-06T00:10:11.699244,0,0,662.355806,0
2026-04-06T00:10:12.706158,0,0,663.237832,0
2026-04-06T00:10:13.712111,0,0,662.355806,0
2026-04-06T00:10:14.720041,0,0,662.355806,0
2026-04-06T00:10:15.727107,0,0,662.355806,0
2026-04-06T00:10:16.732882,0,0,663.237832,0
2026-04-06T00:10:17.739970,0,0,662.355806,0
2026-04-06T00:10:18.745934,0,0,663.237832,0
2026-04-06T00:10:19.751903,0,0,662.355806,0
2026-04-06T00:10:20.757876,0,0,660.591754,0
2026-04-06T00:10:21.765835,0,0,663.237832,0
2026-04-06T00:10:22.771789,0,0,662.355806,0
2026-04-06T00:10:23.779774,0,0,662.355806,0
2026-04-06T00:10:24.786683,0,0,662.355806,0
2026-04-06T00:10:25.792686,0,0,662.355806,0
2026-04-06T00:10:26.799642,0,0,663.237832,0
2026-04-06T00:10:27.804617,0,0,662.355806,0
2026-04-06T00:10:28.812530,0,0,662.355806,0
2026-04-06T00:10:29.818474,0,0,662.355806,0
2026-04-06T00:10:30.824462,0,0,662.355806,0
2026-04-06T00:10:31.832408,0,0,661.47378,0
2026-04-06T00:10:32.839459,0,0,663.237832,0
2026-04-06T00:10:33.846328,0,0,662.355806,0
2026-04-06T00:10:34.852298,0,0,662.355806,0
2026-04-06T00:10:35.859342,0,0,662.355806,0
2026-04-06T00:10:36.864252,0,0,663.237832,0
2026-04-06T00:10:37.872183,0,0,662.355806,0
2026-04-06T00:10:38.877184,0,0,663.237832,0
2026-04-06T00:10:39.886144,0,0,662.355806,0
2026-04-06T00:10:40.893102,0,0,660.591754,0
2026-04-06T00:10:41.899159,0,0,662.355806,0
2026-04-06T00:10:42.906023,0,0,662.355806,0
2026-04-06T00:10:43.912013,0,0,663.237832,0
2026-04-06T00:10:44.919060,0,0,663.237832,0
2026-04-06T00:10:45.924921,0,0,662.355806,0
2026-04-06T00:10:46.931900,0,0,663.237832,0
2026-04-06T00:10:47.938945,0,0,664.119858,0
2026-04-06T00:10:48.945832,0,0,663.237832,0
2026-04-06T00:10:49.952781,0,0,664.119858,0
2026-04-06T00:10:50.958721,0,0,662.355806,0
2026-04-06T00:10:51.965710,0,0,662.355806,0
2026-04-06T00:10:52.970663,0,0,662.355806,0
2026-04-06T00:10:53.977635,0,0,662.355806,0
2026-04-06T00:10:54.984647,0,0,663.237832,0
2026-04-06T00:10:55.990594,0,0,662.355806,0
2026-04-06T00:10:56.999570,0,0,663.237832,0
2026-04-06T00:10:58.005530,0,0,661.47378,0
2026-04-06T00:10:59.011543,0,0,662.355806,0
2026-04-06T00:11:00.018486,0,0,663.237832,0
2026-04-06T00:11:01.024460,0,0,662.355806,0
2026-04-06T00:11:02.030366,0,0,662.355806,0
2026-04-06T00:11:03.038361,0,0,663.237832,0
2026-04-06T00:11:04.045335,0,0,662.355806,0
2026-04-06T00:11:05.052298,0,0,663.237832,0
2026-04-06T00:11:06.058224,0,0,662.355806,0
2026-04-06T00:11:07.065212,0,0,662.355806,0
2026-04-06T00:11:08.072178,0,0,661.47378,0
2026-04-06T00:11:09.078129,0,0,663.237832,0
2026-04-06T00:11:10.084120,0,0,662.355806,0
2026-04-06T00:11:11.091173,0,0,664.119858,0
2026-04-06T00:11:12.098045,0,0,661.47378,0
2026-04-06T00:11:13.106019,0,0,663.237832,0
2026-04-06T00:11:14.111070,0,0,665.001884,0
2026-04-06T00:11:15.118001,0,0,662.355806,0
2026-04-06T00:11:16.124930,0,0,662.355806,0
2026-04-06T00:11:17.131914,0,0,662.355806,0
2026-04-06T00:11:18.137847,0,0,662.355806,0
2026-04-06T00:11:19.143765,0,0,661.47378,0
2026-04-06T00:11:20.151768,0,0,662.355806,0
2026-04-06T00:11:21.157777,0,0,662.355806,0
2026-04-06T00:11:22.165729,0,0,662.355806,0
2026-04-06T00:11:23.171715,0,0,663.237832,0
2026-04-06T00:11:24.178630,0,0,662.355806,0
2026-04-06T00:11:25.183645,0,0,663.237832,0
2026-04-06T00:11:26.191577,0,0,662.355806,0
2026-04-06T00:11:27.199658,0,0,662.355806,0
2026-04-06T00:11:28.204467,0,0,663.237832,0
2026-04-06T00:11:29.211435,0,0,663.237832,0
2026-04-06T00:11:30.217408,0,0,663.237832,0
2026-04-06T00:11:31.225373,0,0,662.355806,0
2026-04-06T00:11:32.230340,0,0,662.355806,0
2026-04-06T00:11:33.238300,0,0,662.355806,0
2026-04-06T00:11:34.243334,0,0,662.355806,0
2026-04-06T00:11:35.251288,0,0,662.355806,0
2026-04-06T00:11:36.258197,0,0,663.237832,0
2026-04-06T00:11:37.264191,0,0,662.355806,0
2026-04-06T00:11:38.272145,0,0,663.237832,0
2026-04-06T00:11:39.277106,0,0,662.355806,0
2026-04-06T00:11:40.284097,0,0,662.355806,0
2026-04-06T00:11:41.291135,0,0,663.237832,0
2026-04-06T00:11:42.297974,0,0,661.47378,0
2026-04-06T00:11:43.303041,0,0,660.591754,0
2026-04-06T00:11:44.311038,0,0,663.237832,0
2026-04-06T00:11:45.317879,0,0,661.47378,0
2026-04-06T00:11:46.324842,0,0,663.237832,0
2026-04-06T00:11:47.331813,0,0,662.355806,0
2026-04-06T00:11:48.337780,0,0,661.47378,0
2026-04-06T00:11:49.344715,0,0,663.237832,0
2026-04-06T00:11:50.350720,0,0,663.237832,0
2026-04-06T00:11:51.356663,0,0,662.355806,0
2026-04-06T00:11:52.364644,0,0,662.355806,0
2026-04-06T00:11:53.369599,0,0,663.237832,0
2026-04-06T00:11:54.377564,0,0,663.237832,0
2026-04-06T00:11:55.383565,0,0,659.709728,0
2026-04-06T00:11:56.391505,0,0,662.355806,0
2026-04-06T00:11:57.397490,0,0,662.355806,0
2026-04-06T00:11:58.404443,0,0,662.355806,0
2026-04-06T00:11:59.410395,0,0,663.237832,0
2026-04-06T00:12:00.417373,0,0,663.237832,0
2026-04-06T00:12:01.424376,0,0,662.355806,0
2026-04-06T00:12:02.430349,0,0,662.355806,0
2026-04-06T00:12:03.438311,0,0,662.355806,0
2026-04-06T00:12:04.443310,0,0,661.47378,0
2026-04-06T00:12:05.451315,0,0,663.237832,0
2026-04-06T00:12:06.457220,0,0,663.237832,0
2026-04-06T00:12:07.463146,0,0,662.355806,0
2026-04-06T00:12:08.471225,0,0,663.237832,0
2026-04-06T00:12:09.477114,0,0,662.355806,0
2026-04-06T00:12:10.484092,0,0,665.001884,0
2026-04-06T00:12:11.491119,0,0,662.355806,0
2026-04-06T00:12:12.497997,0,0,663.237832,0
2026-04-06T00:12:13.503087,0,0,662.355806,0
2026-04-06T00:12:14.511031,0,0,662.355806,0
2026-04-06T00:12:15.516904,0,0,662.355806,0
2026-04-06T00:12:16.523892,0,0,663.237832,0
2026-04-06T00:12:17.530902,0,0,662.355806,0
2026-04-06T00:12:18.536810,0,0,662.355806,0
2026-04-06T00:12:19.543791,0,0,662.355806,0
2026-04-06T00:12:20.550727,0,0,663.237832,0
2026-04-06T00:12:21.557720,0,0,663.237832,0
2026-04-06T00:12:22.562672,0,0,664.119858,0
2026-04-06T00:12:23.570652,0,0,662.355806,0
2026-04-06T00:12:24.577625,0,0,663.237832,0
2026-04-06T00:12:25.583532,0,0,664.119858,0
2026-04-06T00:12:26.590578,0,0,663.237832,0
2026-04-06T00:12:27.594508,0,0,663.237832,0
2026-04-06T00:12:40.474744,0,0,659.709728,0
2026-04-06T00:12:41.480091,0,0,663.237832,0
2026-04-06T00:12:42.487176,0,0,662.355806,0
2026-04-06T00:12:43.494036,0,0,663.237832,0
2026-04-06T00:12:44.499993,0,0,663.237832,0
2026-04-06T00:12:45.505952,0,0,662.355806,0
2026-04-06T00:12:46.513926,0,0,662.355806,0
2026-04-06T00:12:47.520893,0,0,663.237832,0
2026-04-06T00:12:48.527874,0,0,665.001884,0
2026-04-06T00:12:49.533846,0,0,662.355806,0
2026-04-06T00:12:50.540805,0,0,662.355806,0
2026-04-06T00:12:51.546780,0,0,663.237832,0
2026-04-06T00:12:52.553731,0,0,663.237832,0
2026-04-06T00:12:53.559710,0,0,661.47378,0
2026-04-06T00:12:54.567676,0,0,665.88391,0
2026-04-06T00:12:55.573641,0,0,663.237832,0
2026-04-06T00:12:56.580620,0,0,662.355806,0
2026-04-06T00:12:57.586593,0,0,663.237832,0
2026-04-06T00:12:58.593528,0,0,662.355806,0
2026-04-06T00:12:59.600493,0,0,662.355806,0
2026-04-06T00:13:00.606502,0,0,662.355806,0
2026-04-06T00:13:01.613446,0,0,663.237832,0
2026-04-06T00:13:02.620429,0,0,662.355806,0
2026-04-06T00:13:03.627412,0,0,662.355806,0
2026-04-06T00:13:04.634401,0,0,662.355806,0
2026-04-06T00:13:05.640397,0,0,662.355806,0
2026-04-06T00:13:06.646358,0,0,662.355806,0
2026-04-06T00:13:07.653304,0,0,659.709728,0
2026-04-06T00:13:08.660277,0,0,663.237832,0
2026-04-06T00:13:09.666261,0,0,663.237832,0
2026-04-06T00:13:10.673216,0,0,662.355806,0
2026-04-06T00:13:11.680157,0,0,662.355806,0
2026-04-06T00:13:12.687231,0,0,663.237832,0
2026-04-06T00:13:13.694109,0,0,662.355806,0
2026-04-06T00:13:14.699148,0,0,663.237832,0
2026-04-06T00:13:15.705035,0,0,662.355806,0
2026-04-06T00:13:16.713019,0,0,661.47378,0
2026-04-06T00:13:17.720011,0,0,663.237832,0
2026-04-06T00:13:18.725953,0,0,663.237832,0
2026-04-06T00:13:19.733930,0,0,662.355806,0
2026-04-06T00:13:20.740924,0,0,662.355806,0
2026-04-06T00:13:21.746992,0,0,663.237832,0
2026-04-06T00:13:22.753864,0,0,663.237832,0
2026-04-06T00:13:23.759815,0,0,662.355806,0
2026-04-06T00:13:24.766788,0,0,662.355806,0
2026-04-06T00:13:25.771774,0,0,662.355806,0
2026-04-06T00:13:26.779755,0,0,662.355806,0
2026-04-06T00:13:27.785722,0,0,662.355806,0
2026-04-06T00:13:28.793681,0,0,663.237832,0
2026-04-06T00:13:29.800656,0,0,662.355806,0
2026-04-06T00:13:30.806632,0,0,663.237832,0
2026-04-06T00:13:31.812584,0,0,661.47378,0
2026-04-06T00:13:32.819568,0,0,664.119858,0
2026-04-06T00:13:33.826512,0,0,663.237832,0
2026-04-06T00:13:34.832508,0,0,663.237832,0
2026-04-06T00:13:35.840463,0,0,662.355806,0
2026-04-06T00:13:36.847453,0,0,662.355806,0
2026-04-06T00:13:37.853415,0,0,663.237832,0
2026-04-06T00:13:38.860399,0,0,664.119858,0
2026-04-06T00:13:39.866328,0,0,662.355806,0
2026-04-06T00:13:40.873330,0,0,662.355806,0
2026-04-06T00:13:41.879350,0,0,662.355806,0
2026-04-06T00:13:42.886316,0,0,663.237832,0
2026-04-06T00:13:43.892250,0,0,663.237832,0
2026-04-06T00:13:44.900219,0,0,661.47378,0
2026-04-06T00:13:45.906159,0,0,662.355806,0
2026-04-06T00:13:46.913162,0,0,661.47378,0
2026-04-06T00:13:47.920146,0,0,663.237832,0
2026-04-06T00:13:48.926121,0,0,663.237832,0
2026-04-06T00:13:49.932066,0,0,662.355806,0
2026-04-06T00:13:50.939161,0,0,662.355806,0
2026-04-06T00:13:51.944979,0,0,661.47378,0
2026-04-06T00:13:52.953982,0,0,663.237832,0
2026-04-06T00:13:53.959959,0,0,662.355806,0
2026-04-06T00:13:54.965929,0,0,663.237832,0
2026-04-06T00:13:55.972887,0,0,663.237832,0
2026-04-06T00:13:56.979840,0,0,662.355806,0
2026-04-06T00:13:57.984815,0,0,662.355806,0
2026-04-06T00:13:58.992776,0,0,664.119858,0
2026-04-06T00:13:59.998741,0,0,662.355806,0
2026-04-06T00:14:01.005683,0,0,664.119858,0
2026-04-06T00:14:02.013663,0,0,662.355806,0
2026-04-06T00:14:03.019630,0,0,662.355806,0
2026-04-06T00:14:04.026600,0,0,663.237832,0
2026-04-06T00:14:05.032624,0,0,662.355806,0
2026-04-06T00:14:06.039595,0,0,662.355806,0
2026-04-06T00:14:07.045532,0,0,663.237832,0
2026-04-06T00:14:08.052543,0,0,662.355806,0
2026-04-06T00:14:21.028727,0,0,663.237832,0
2026-04-06T00:14:22.035241,0,0,662.355806,0
2026-04-06T00:14:23.042096,0,0,662.355806,0
2026-04-06T00:14:24.049084,0,0,662.355806,0
2026-04-06T00:14:25.055156,0,0,662.355806,0
2026-04-06T00:14:26.062065,0,0,663.237832,0
2026-04-06T00:14:27.068009,0,0,664.119858,0
2026-04-06T00:14:28.076012,0,0,663.237832,0
2026-04-06T00:14:29.083036,0,0,661.47378,0
2026-04-06T00:14:30.088956,0,0,664.119858,0
2026-04-06T00:14:31.095598,0,0,663.237832,0
2026-04-06T00:14:32.101906,0,0,663.237832,0
2026-04-06T00:14:33.108832,0,0,663.237832,0
2026-04-06T00:14:34.114919,0,0,663.237832,0
2026-04-06T00:14:35.122884,0,0,662.355806,0
2026-04-06T00:14:36.128781,0,0,662.355806,0
2026-04-06T00:14:37.135743,0,0,662.355806,0
2026-04-06T00:14:38.142730,0,0,663.237832,0
2026-04-06T00:14:39.148658,0,0,663.237832,0
2026-04-06T00:14:40.155572,0,0,662.355806,0
2026-04-06T00:14:41.161651,0,0,662.355806,0
2026-04-06T00:14:42.168628,0,0,663.237832,0
2026-04-06T00:14:43.175600,0,0,663.237832,0
2026-04-06T00:14:55.617934,0,0,662.355806,0
2026-04-06T00:14:56.624247,0,0,664.119858,0
2026-04-06T00:14:57.630210,0,0,666.765936,0
2026-04-06T00:14:58.637187,0,0,662.355806,0
2026-04-06T00:14:59.642165,0,0,662.355806,0
2026-04-06T00:15:00.650117,0,0,662.355806,0
2026-04-06T00:15:01.657095,0,0,665.001884,0
2026-04-06T00:15:02.664077,0,0,662.355806,0
2026-04-06T00:15:03.671106,0,0,662.355806,0
2026-04-06T00:15:04.675955,0,0,662.355806,0
2026-04-06T00:15:05.683915,0,0,662.355806,0
2026-04-06T00:15:06.689892,0,0,661.47378,0
2026-04-06T00:15:07.696855,0,0,662.355806,0
2026-04-06T00:15:08.701852,0,0,662.355806,0
2026-04-06T00:15:09.710802,0,0,662.355806,0
2026-04-06T00:15:10.716835,0,0,663.237832,0
2026-04-06T00:15:11.723752,0,0,663.237832,0
2026-04-06T00:15:12.730763,0,0,662.355806,0
2026-04-06T00:15:13.736728,0,0,662.355806,0
2026-04-06T00:15:14.743547,0,0,662.355806,0
2026-04-06T00:15:15.748685,0,0,663.237832,0
2026-04-06T00:15:16.756667,0,0,663.237832,0
2026-04-06T00:15:17.763601,0,0,663.237832,0
2026-04-06T00:15:18.770616,0,0,662.355806,0
2026-04-06T00:15:19.777584,0,0,662.355806,0
2026-04-06T00:15:20.782550,0,0,662.355806,0
2026-04-06T00:15:21.790535,0,0,662.355806,0
2026-04-06T00:15:22.796463,0,0,663.237832,0
2026-04-06T00:15:23.803441,0,0,662.355806,0
2026-04-06T00:15:24.808412,0,0,662.355806,0
2026-04-06T00:15:25.815401,0,0,663.237832,0
2026-04-06T00:15:26.823429,0,0,663.237832,0
2026-04-06T00:15:27.830346,0,0,662.355806,0
2026-04-06T00:15:28.836312,0,0,662.355806,0
2026-04-06T00:15:29.843330,0,0,662.355806,0
2026-04-06T00:15:30.850255,0,0,665.001884,0
2026-04-06T00:15:31.855508,0,0,663.237832,0
2026-04-06T00:15:32.863279,0,0,662.355806,0
2026-04-06T00:15:33.869147,0,0,662.355806,0
2026-04-06T00:15:34.877152,0,0,662.355806,0
2026-04-06T00:15:35.884119,0,0,665.001884,0
2026-04-06T00:15:36.890090,0,0,663.237832,0
2026-04-06T00:15:37.897064,0,0,662.355806,0
2026-04-06T00:15:38.903140,0,0,662.355806,0
2026-04-06T00:15:39.910024,0,0,663.237832,0
2026-04-06T00:15:40.915994,0,0,662.355806,0
2026-04-06T00:15:41.923040,0,0,662.355806,0
2026-04-06T00:15:42.929932,0,0,662.355806,0
2026-04-06T00:15:43.936898,0,0,662.355806,0
2026-04-06T00:15:44.943902,0,0,661.47378,0
2026-04-06T00:15:45.949898,0,0,662.355806,0
2026-04-06T00:15:46.956828,0,0,663.237832,0
2026-04-06T00:15:47.961831,0,0,662.355806,0
2026-04-06T00:15:48.968805,0,0,662.355806,0
2026-04-06T00:15:49.975754,0,0,664.119858,0
2026-04-06T00:15:50.983725,0,0,663.237832,0
2026-04-06T00:15:51.990703,0,0,662.355806,0
2026-04-06T00:15:52.996664,0,0,664.119858,0
2026-04-06T00:15:54.002648,0,0,662.355806,0
2026-04-06T00:15:55.008628,0,0,662.355806,0
2026-04-06T00:15:56.016588,0,0,664.119858,0
2026-04-06T00:15:57.022562,0,0,663.237832,0
2026-04-06T00:15:58.029535,0,0,662.355806,0
2026-04-06T00:15:59.035515,0,0,662.355806,0
2026-04-06T00:16:00.042402,0,0,662.355806,0
2026-04-06T00:16:01.050497,0,0,659.709728,0
2026-04-06T00:16:02.055428,0,0,663.237832,0
2026-04-06T00:16:03.063420,0,0,663.237832,0
2026-04-06T00:16:04.068446,0,0,662.355806,0
2026-04-06T00:16:05.076359,0,0,662.355806,0
2026-04-06T00:16:06.082334,0,0,662.355806,0
2026-04-06T00:16:07.088353,0,0,662.355806,0
2026-04-06T00:16:08.096332,0,0,661.47378,0
2026-04-06T00:16:09.103340,0,0,661.47378,0
2026-04-06T00:16:10.110292,0,0,662.355806,0
2026-04-06T00:16:11.115325,0,0,662.355806,0
2026-04-06T00:16:12.122235,0,0,663.237832,0
2026-04-06T00:16:13.128211,0,0,665.001884,0
2026-04-06T00:16:14.135243,0,0,662.355806,0
2026-04-06T00:16:15.142128,0,0,662.355806,0
2026-04-06T00:16:16.150095,0,0,663.237832,0
2026-04-06T00:16:17.156069,0,0,662.355806,0
2026-04-06T00:16:18.163140,0,0,662.355806,0
2026-04-06T00:16:19.170017,0,0,662.355806,0
2026-04-06T00:16:20.176003,0,0,662.355806,0
2026-04-06T00:16:21.183072,0,0,662.355806,0
2026-04-06T00:16:22.187947,0,0,662.355806,0
2026-04-06T00:16:23.194978,0,0,663.237832,0
2026-04-06T00:16:24.203879,0,0,662.355806,0
2026-04-06T00:16:25.209739,0,0,662.355806,0
2026-04-06T00:16:26.216832,0,0,662.355806,0
2026-04-06T00:16:27.222920,0,0,662.355806,0
2026-04-06T00:16:28.228766,0,0,662.355806,0
2026-04-06T00:16:29.235761,0,0,662.355806,0
2026-04-06T00:16:30.242725,0,0,662.355806,0
2026-04-06T00:16:31.248707,0,0,662.355806,0
2026-04-06T00:16:32.255672,0,0,663.237832,0
2026-04-06T00:16:33.263651,0,0,662.355806,0
2026-04-06T00:16:34.269680,0,0,662.355806,0
2026-04-06T00:16:35.276607,0,0,662.355806,0
2026-04-06T00:16:36.281620,0,0,662.355806,0
2026-04-06T00:16:37.289539,0,0,662.355806,0
2026-04-06T00:16:38.295521,0,0,656.181624,0
2026-04-06T00:16:39.302499,0,0,662.355806,0
2026-04-06T00:16:40.308484,0,0,662.355806,0
2026-04-06T00:16:41.316451,0,0,662.355806,0
2026-04-06T00:16:42.323477,0,0,664.119858,0
2026-04-06T00:16:43.329410,0,0,663.237832,0
2026-04-06T00:16:44.335385,0,0,662.355806,0
2026-04-06T00:16:45.342390,0,0,662.355806,0
2026-04-06T00:16:46.348348,0,0,662.355806,0
2026-04-06T00:16:47.355312,0,0,662.355806,0
2026-04-06T00:16:48.362271,0,0,663.237832,0
2026-04-06T00:16:49.370246,0,0,662.355806,0
2026-04-06T00:16:50.375308,0,0,660.591754,0
2026-04-06T00:16:51.383306,0,0,662.355806,0
2026-04-06T00:16:52.387310,0,0,662.355806,0
2026-04-06T00:16:53.396165,0,0,662.355806,0
2026-04-06T00:16:54.402130,0,0,663.237832,0
2026-04-06T00:16:55.409070,0,0,662.355806,0
2026-04-06T00:16:56.416097,0,0,661.47378,0
2026-04-06T00:16:57.422046,0,0,663.237832,0
2026-04-06T00:16:58.429039,0,0,662.355806,0
2026-04-06T00:16:59.436072,0,0,663.237832,0
2026-04-06T00:17:00.443094,0,0,662.355806,0
2026-04-06T00:17:01.448014,0,0,662.355806,0
2026-04-06T00:17:02.455956,0,0,663.237832,0
2026-04-06T00:17:03.461921,0,0,662.355806,0
2026-04-06T00:17:04.468891,0,0,663.237832,0
2026-04-06T00:17:05.475892,0,0,662.355806,0
2026-04-06T00:17:06.482964,0,0,662.355806,0
2026-04-06T00:17:07.489822,0,0,663.237832,0
2026-04-06T00:17:08.495796,0,0,663.237832,0
2026-04-06T00:17:09.501783,0,0,662.355806,0
2026-04-06T00:17:10.508749,0,0,663.237832,0
2026-04-06T00:17:11.515726,0,0,662.355806,0
2026-04-06T00:17:12.522698,0,0,663.237832,0
2026-04-06T00:17:13.528674,0,0,662.355806,0
2026-04-06T00:17:14.536525,0,0,661.47378,0
2026-04-06T00:17:15.542661,0,0,662.355806,0
2026-04-06T00:17:16.548623,0,0,662.355806,0
2026-04-06T00:17:17.555619,0,0,661.47378,0
2026-04-06T00:17:18.561586,0,0,663.237832,0
2026-04-06T00:17:19.568576,0,0,663.237832,0
2026-04-06T00:17:20.575543,0,0,662.355806,0
2026-04-06T00:17:21.582529,0,0,662.355806,0
2026-04-06T00:17:22.587482,0,0,665.001884,0
2026-04-06T00:17:23.596467,0,0,662.355806,0
2026-04-06T00:17:24.602436,0,0,663.237832,0
2026-04-06T00:17:25.609425,0,0,661.47378,0
2026-04-06T00:17:26.615412,0,0,662.355806,0
2026-04-06T00:17:27.622249,0,0,663.237832,0
2026-04-06T00:17:28.629321,0,0,661.47378,0
2026-04-06T00:17:29.635356,0,0,663.237832,0
2026-04-06T00:17:30.642317,0,0,662.355806,0
2026-04-06T00:17:40.575569,0,0,662.355806,0
2026-04-06T00:17:43.055915,0,0,662.355806,0
2026-04-06T00:17:44.065001,0,0,661.47378,0
2026-04-06T00:17:45.071069,0,0,663.237832,0
2026-04-06T00:17:46.077951,0,0,662.355806,0
2026-04-06T00:17:47.083957,0,0,662.355806,0
2026-04-06T00:17:48.091000,0,0,662.355806,0
2026-04-06T00:17:49.097910,0,0,664.119858,0
2026-04-06T00:17:50.104843,0,0,663.237832,0
2026-04-06T00:17:51.111822,0,0,663.237832,0
2026-04-06T00:17:52.117793,0,0,664.119858,0
2026-04-06T00:17:53.123780,0,0,663.237832,0
2026-04-06T00:17:54.130757,0,0,663.237832,0
2026-04-06T00:17:55.136723,0,0,665.001884,0
2026-04-06T00:17:56.143715,0,0,663.237832,0
2026-04-06T00:17:57.151703,0,0,662.355806,0
2026-04-06T00:17:58.157660,0,0,661.47378,0
2026-04-06T00:17:59.164632,0,0,663.237832,0
2026-04-06T00:18:00.170605,0,0,662.355806,0
2026-04-06T00:18:01.177626,0,0,661.47378,0
2026-04-06T00:18:02.184583,0,0,663.237832,0
2026-04-06T00:18:03.190556,0,0,663.237832,0
2026-04-06T00:18:04.196522,0,0,662.355806,0
2026-04-06T00:18:05.204516,0,0,662.355806,0
2026-04-06T00:18:06.210453,0,0,662.355806,0
2026-04-06T00:18:07.217425,0,0,662.355806,0
2026-04-06T00:18:08.224387,0,0,663.237832,0
2026-04-06T00:18:09.231407,0,0,662.355806,0
2026-04-06T00:18:10.237351,0,0,663.237832,0
2026-04-06T00:18:11.244337,0,0,662.355806,0
2026-04-06T00:18:12.250304,0,0,662.355806,0
2026-04-06T00:18:13.258272,0,0,662.355806,0
2026-04-06T00:18:14.264277,0,0,664.119858,0
2026-04-06T00:18:15.271308,0,0,663.237832,0
2026-04-06T00:18:16.278237,0,0,662.355806,0
2026-04-06T00:18:17.284187,0,0,663.237832,0
2026-04-06T00:18:18.291259,0,0,662.355806,0
2026-04-06T00:18:19.296076,0,0,663.237832,0
2026-04-06T00:18:20.304141,0,0,672.940118,0
2026-04-06T00:18:21.310115,0,0,663.237832,0
2026-04-06T00:18:22.318076,0,0,662.355806,0
2026-04-06T00:18:23.325088,0,0,662.355806,0
2026-04-06T00:18:24.328944,0,0,663.237832,0
2026-04-06T00:18:25.338061,0,0,661.47378,0
2026-04-06T00:18:26.344042,0,0,664.119858,0
2026-04-06T00:18:27.351069,0,0,663.237832,0
2026-04-06T00:18:28.357014,0,0,662.355806,0
2026-04-06T00:18:29.363964,0,0,665.001884,0
2026-04-06T00:18:30.371015,0,0,662.355806,0
2026-04-06T00:18:31.377890,0,0,663.237832,0
2026-04-06T00:18:32.384860,0,0,662.355806,0
2026-04-06T00:18:33.390920,0,0,662.355806,0
2026-04-06T00:18:34.397811,0,0,664.119858,0
2026-04-06T00:18:35.403841,0,0,669.412014,0
2026-04-06T00:18:36.410800,0,0,663.237832,0
2026-04-06T00:18:37.416789,0,0,662.355806,0
2026-04-06T00:18:47.584987,0,0,662.355806,0
2026-04-06T00:18:50.067490,0,0,663.237832,0
2026-04-06T00:18:51.074454,0,0,663.237832,0
2026-04-06T00:18:52.080454,0,0,662.355806,0
2026-04-06T00:18:53.087414,0,0,663.237832,0
2026-04-06T00:18:54.093390,0,0,663.237832,0
2026-04-06T00:18:55.100351,0,0,662.355806,0
2026-04-06T00:18:56.107369,0,0,662.355806,0
2026-04-06T00:18:57.114334,0,0,662.355806,0
2026-04-06T00:18:58.121394,0,0,663.237832,0
2026-04-06T00:18:59.127311,0,0,663.237832,0
2026-04-06T00:19:00.134245,0,0,664.119858,0
2026-04-06T00:19:01.140296,0,0,662.355806,0
2026-04-06T00:19:02.147285,0,0,662.355806,0
2026-04-06T00:19:03.153166,0,0,662.355806,0
2026-04-06T00:19:04.161176,0,0,663.237832,0
2026-04-06T00:19:05.167199,0,0,662.355806,0
2026-04-06T00:19:06.174140,0,0,660.591754,0
2026-04-06T00:19:07.181119,0,0,656.181624,0
2026-04-06T00:19:08.187108,0,0,662.355806,0
2026-04-06T00:19:09.193063,0,0,662.355806,0
2026-04-06T00:19:10.200014,0,0,663.237832,0
2026-04-06T00:19:11.207081,0,0,662.355806,0
2026-04-06T00:19:12.213977,0,0,662.355806,0
2026-04-06T00:19:13.220947,0,0,663.237832,0
2026-04-06T00:19:14.227932,0,0,663.237832,0
2026-04-06T00:19:15.233933,0,0,663.237832,0
2026-04-06T00:19:16.239902,0,0,662.355806,0
2026-04-06T00:19:17.246979,0,0,662.355806,0
2026-04-06T00:19:18.253863,0,0,662.355806,0
2026-04-06T00:19:19.259849,0,0,661.47378,0
2026-04-06T00:19:20.264824,0,0,663.237832,0
2026-04-06T00:19:21.273792,0,0,663.237832,0
2026-04-06T00:19:22.280772,0,0,662.355806,0
2026-04-06T00:19:23.287764,0,0,661.47378,0
2026-04-06T00:19:24.293729,0,0,662.355806,0
2026-04-06T00:19:25.300710,0,0,663.237832,0
2026-04-06T00:19:26.306705,0,0,663.237832,0
2026-04-06T00:19:27.313684,0,0,662.355806,0
2026-04-06T00:19:28.318657,0,0,662.355806,0
2026-04-06T00:19:29.327637,0,0,662.355806,0
2026-04-06T00:19:30.334605,0,0,662.355806,0
2026-04-06T00:19:31.340557,0,0,663.237832,0
2026-04-06T00:19:32.347588,0,0,662.355806,0
2026-04-06T00:19:33.353557,0,0,662.355806,0
2026-04-06T00:19:34.360507,0,0,663.237832,0
2026-04-06T00:19:35.366533,0,0,662.355806,0
2026-04-06T00:19:36.373521,0,0,662.355806,0
2026-04-06T00:19:37.379459,0,0,663.237832,0
2026-04-06T00:19:38.387468,0,0,662.355806,0
2026-04-06T00:19:39.394441,0,0,661.47378,0
2026-04-06T00:19:40.400413,0,0,663.237832,0
2026-04-06T00:19:41.407410,0,0,663.237832,0
2026-04-06T00:19:42.412372,0,0,662.355806,0
2026-04-06T00:19:43.420375,0,0,665.001884,0
2026-04-06T00:19:44.425337,0,0,662.355806,0
2026-04-06T00:19:45.432285,0,0,663.237832,0
2026-04-06T00:19:46.440308,0,0,663.237832,0
2026-04-06T00:19:47.447309,0,0,662.355806,0
2026-04-06T00:19:48.454261,0,0,664.119858,0
2026-04-06T00:19:49.460233,0,0,662.355806,0
2026-04-06T00:19:50.467271,0,0,663.237832,0
2026-04-06T00:19:51.472154,0,0,665.001884,0
2026-04-06T00:19:52.480173,0,0,662.355806,0
2026-04-06T00:19:53.486152,0,0,662.355806,0
2026-04-06T00:19:54.493075,0,0,665.001884,0
2026-04-06T00:19:55.501120,0,0,662.355806,0
2026-04-06T00:19:56.505093,0,0,663.237832,0
2026-04-06T00:19:57.513010,0,0,662.355806,0
2026-04-06T00:19:58.519993,0,0,662.355806,0
2026-04-06T00:19:59.527142,0,0,663.237832,0
2026-04-06T00:20:00.532982,0,0,662.355806,0
2026-04-06T00:20:01.539058,0,0,663.237832,0
2026-04-06T00:20:02.547954,0,0,660.591754,0
2026-04-06T00:20:03.553901,0,0,662.355806,0
2026-04-06T00:20:04.560870,0,0,662.355806,0
2026-04-06T00:20:05.565838,0,0,662.355806,0
2026-04-06T00:20:06.572837,0,0,663.237832,0
2026-04-06T00:20:07.579806,0,0,661.47378,0
2026-04-06T00:20:08.586775,0,0,662.355806,0
2026-04-06T00:20:09.591769,0,0,662.355806,0
2026-04-06T00:20:10.599736,0,0,661.47378,0
2026-04-06T00:20:11.607725,0,0,663.237832,0
2026-04-06T00:20:12.612702,0,0,663.237832,0
2026-04-06T00:20:13.620634,0,0,661.47378,0
2026-04-06T00:20:14.626664,0,0,664.119858,0
2026-04-06T00:20:15.633613,0,0,663.237832,0
2026-04-06T00:20:16.638644,0,0,662.355806,0
2026-04-06T00:20:17.646596,0,0,663.237832,0
2026-04-06T00:20:18.653613,0,0,662.355806,0
2026-04-06T00:20:19.660558,0,0,664.119858,0
2026-04-06T00:20:20.667548,0,0,663.237832,0
2026-04-06T00:20:21.673507,0,0,662.355806,0
2026-04-06T00:20:22.679500,0,0,662.355806,0
2026-04-06T00:20:23.686473,0,0,662.355806,0
2026-04-06T00:20:24.693458,0,0,664.119858,0
2026-04-06T00:20:25.699456,0,0,662.355806,0
2026-04-06T00:20:26.706411,0,0,663.237832,0
2026-04-06T00:20:27.713354,0,0,663.237832,0
2026-04-06T00:20:28.720361,0,0,662.355806,0
2026-04-06T00:20:29.726352,0,0,664.119858,0
2026-04-06T00:20:30.733331,0,0,662.355806,0
2026-04-06T00:20:31.739369,0,0,663.237832,0
2026-04-06T00:20:32.746291,0,0,662.355806,0
2026-04-06T00:20:33.753261,0,0,663.237832,0
2026-04-06T00:20:34.760246,0,0,664.119858,0
2026-04-06T00:20:35.767284,0,0,662.355806,0
2026-04-06T00:20:36.774222,0,0,662.355806,0
2026-04-06T00:20:37.780125,0,0,663.237832,0
2026-04-06T00:20:38.787224,0,0,662.355806,0
2026-04-06T00:20:39.793138,0,0,662.355806,0
2026-04-06T00:20:40.799179,0,0,665.001884,0
2026-04-06T00:20:41.806095,0,0,663.237832,0
2026-04-06T00:20:42.812079,0,0,663.237832,0
2026-04-06T00:20:43.820047,0,0,662.355806,0
2026-04-06T00:20:44.826023,0,0,662.355806,0
2026-04-06T00:20:45.833982,0,0,665.001884,0
2026-04-06T00:20:46.839075,0,0,662.355806,0
2026-04-06T00:20:47.847048,0,0,663.237832,0
2026-04-06T00:20:48.851988,0,0,662.355806,0
2026-04-06T00:20:49.859026,0,0,662.355806,0
2026-04-06T00:20:50.864913,0,0,665.001884,0
2026-04-06T00:20:51.872937,0,0,663.237832,0
2026-04-06T00:20:52.879893,0,0,662.355806,0
2026-04-06T00:20:53.886917,0,0,662.355806,0
2026-04-06T00:20:54.892853,0,0,662.355806,0
2026-04-06T00:20:55.898905,0,0,662.355806,0
2026-04-06T00:20:56.905804,0,0,660.591754,0
2026-04-06T00:20:57.910782,0,0,661.47378,0
2026-04-06T00:20:58.919775,0,0,663.237832,0
2026-04-06T00:20:59.926757,0,0,662.355806,0
2026-04-06T00:21:00.932748,0,0,662.355806,0
2026-04-06T00:21:01.940694,0,0,662.355806,0
2026-04-06T00:21:02.946689,0,0,663.237832,0
2026-04-06T00:21:03.953639,0,0,662.355806,0
2026-04-06T00:21:04.959639,0,0,661.47378,0
2026-04-06T00:21:05.966618,0,0,663.237832,0
2026-04-06T00:21:06.973597,0,0,663.237832,0
2026-04-06T00:21:07.979564,0,0,663.237832,0
2026-04-06T00:21:08.986529,0,0,662.355806,0
2026-04-06T00:21:09.993542,0,0,662.355806,0
2026-04-06T00:21:10.999511,0,0,662.355806,0
2026-04-06T00:21:12.006390,0,0,661.47378,0
2026-04-06T00:21:13.013464,0,0,663.237832,0
2026-04-06T00:21:14.019435,0,0,663.237832,0
2026-04-06T00:21:15.026442,0,0,662.355806,0
2026-04-06T00:21:16.033406,0,0,663.237832,0
2026-04-06T00:21:17.038399,0,0,661.47378,0
2026-04-06T00:21:18.046409,0,0,663.237832,0
2026-04-06T00:21:19.052331,0,0,662.355806,0
2026-04-06T00:21:20.060369,0,0,663.237832,0
2026-04-06T00:21:21.066345,0,0,662.355806,0
2026-04-06T00:21:22.073316,0,0,662.355806,0
2026-04-06T00:21:23.080316,0,0,662.355806,0
2026-04-06T00:21:24.086274,0,0,663.237832,0
2026-04-06T00:21:25.093219,0,0,662.355806,0
2026-04-06T00:21:35.341466,0,0,663.237832,0
2026-04-06T00:21:37.823994,0,0,661.47378,0
2026-04-06T00:21:38.831080,0,0,665.001884,0
2026-04-06T00:21:39.836984,0,0,662.355806,0
2026-04-06T00:21:40.843942,0,0,664.119858,0
2026-04-06T00:21:41.849934,0,0,662.355806,0
2026-04-06T00:21:42.855881,0,0,662.355806,0
2026-04-06T00:21:43.862936,0,0,662.355806,0
2026-04-06T00:21:44.870941,0,0,663.237832,0
2026-04-06T00:21:45.877849,0,0,663.237832,0
2026-04-06T00:21:46.883820,0,0,662.355806,0
2026-04-06T00:21:47.889784,0,0,662.355806,0
2026-04-06T00:21:48.896777,0,0,665.001884,0
2026-04-06T00:21:49.902734,0,0,662.355806,0
2026-04-06T00:21:50.909717,0,0,663.237832,0
2026-04-06T00:21:51.916695,0,0,663.237832,0
2026-04-06T00:21:52.923699,0,0,661.47378,0
2026-04-06T00:21:53.930665,0,0,662.355806,0
2026-04-06T00:21:54.937644,0,0,663.237832,0
2026-04-06T00:21:55.942615,0,0,663.237832,0
2026-04-06T00:21:56.950600,0,0,662.355806,0
2026-04-06T00:21:57.956593,0,0,661.47378,0
2026-04-06T00:21:58.962557,0,0,665.001884,0
2026-04-06T00:21:59.969556,0,0,662.355806,0
2026-04-06T00:22:00.977516,0,0,663.237832,0
2026-04-06T00:22:01.984507,0,0,662.355806,0
2026-04-06T00:22:02.989475,0,0,662.355806,0
2026-04-06T00:22:03.997490,0,0,663.237832,0
2026-04-06T00:22:05.003469,0,0,661.47378,0
2026-04-06T00:22:06.010455,0,0,663.237832,0
2026-04-06T00:22:07.016403,0,0,663.237832,0
2026-04-06T00:22:08.023429,0,0,662.355806,0
2026-04-06T00:22:09.030399,0,0,663.237832,0
2026-04-06T00:22:10.037360,0,0,662.355806,0
2026-04-06T00:22:11.044358,0,0,661.47378,0
2026-04-06T00:22:12.049332,0,0,664.119858,0
2026-04-06T00:22:13.057327,0,0,662.355806,0
2026-04-06T00:22:14.063341,0,0,662.355806,0
2026-04-06T00:22:15.070269,0,0,662.355806,0
2026-04-06T00:22:16.076276,0,0,663.237832,0
2026-04-06T00:22:17.084191,0,0,662.355806,0
2026-04-06T00:22:18.091277,0,0,662.355806,0
2026-04-06T00:22:19.097150,0,0,659.709728,0
2026-04-06T00:22:20.104171,0,0,663.237832,0
2026-04-06T00:22:21.110138,0,0,663.237832,0
2026-04-06T00:22:22.117116,0,0,663.237832,0
2026-04-06T00:22:23.123184,0,0,663.237832,0
2026-04-06T00:22:24.130135,0,0,662.355806,0
2026-04-06T00:22:25.137120,0,0,662.355806,0
2026-04-06T00:22:26.144088,0,0,662.355806,0
2026-04-06T00:22:27.151138,0,0,662.355806,0
2026-04-06T00:22:28.157045,0,0,662.355806,0
2026-04-06T00:22:29.164005,0,0,662.355806,0
2026-04-06T00:22:30.170003,0,0,662.355806,0
2026-04-06T00:22:31.176977,0,0,663.237832,0
2026-04-06T00:22:32.181969,0,0,661.47378,0
2026-04-06T00:22:33.189934,0,0,662.355806,0
2026-04-06T00:22:34.196883,0,0,662.355806,0
2026-04-06T00:22:35.203899,0,0,662.355806,0
2026-04-06T00:22:36.210919,0,0,663.237832,0
2026-04-06T00:22:37.216845,0,0,663.237832,0
2026-04-06T00:22:38.223813,0,0,662.355806,0
2026-04-06T00:22:39.229826,0,0,663.237832,0
2026-04-06T00:22:40.235758,0,0,662.355806,0
2026-04-06T00:22:41.242770,0,0,663.237832,0
2026-04-06T00:22:42.249696,0,0,663.237832,0
2026-04-06T00:22:43.257658,0,0,663.237832,0
2026-04-06T00:22:44.263731,0,0,663.237832,0
2026-04-06T00:22:45.270718,0,0,662.355806,0
2026-04-06T00:22:46.276665,0,0,662.355806,0
2026-04-06T00:22:47.283668,0,0,664.119858,0
2026-04-06T00:22:48.289638,0,0,663.237832,0
2026-04-06T00:22:49.296614,0,0,662.355806,0
2026-04-06T00:22:50.304593,0,0,663.237832,0
2026-04-06T00:22:51.310575,0,0,662.355806,0
2026-04-06T00:22:52.317538,0,0,662.355806,0
2026-04-06T00:22:53.323542,0,0,664.119858,0
2026-04-06T00:22:54.330503,0,0,662.355806,0
2026-04-06T00:22:55.336482,0,0,663.237832,0
2026-04-06T00:22:56.343467,0,0,663.237832,0
2026-04-06T00:22:57.349443,0,0,662.355806,0
2026-04-06T00:22:58.357402,0,0,663.237832,0
2026-04-06T00:22:59.364385,0,0,662.355806,0
2026-04-06T00:23:00.370366,0,0,662.355806,0
2026-04-06T00:23:01.377351,0,0,663.237832,0
2026-04-06T00:23:02.383386,0,0,662.355806,0
2026-04-06T00:23:03.390321,0,0,656.181624,0
2026-04-06T00:23:04.396278,0,0,662.355806,0
2026-04-06T00:23:05.403355,0,0,661.47378,0
2026-04-06T00:23:15.805563,0,0,662.355806,0
2026-04-06T00:23:18.288105,0,0,662.355806,0
2026-04-06T00:23:19.295144,0,0,663.237832,0
2026-04-06T00:23:20.301062,0,0,661.47378,0
2026-04-06T00:23:21.308057,0,0,663.237832,0
2026-04-06T00:23:22.313078,0,0,663.237832,0
2026-04-06T00:23:23.319973,0,0,662.355806,0
2026-04-06T00:23:24.327975,0,0,662.355806,0
2026-04-06T00:23:25.335035,0,0,660.591754,0
2026-04-06T00:23:26.341938,0,0,662.355806,0
2026-04-06T00:23:27.347935,0,0,663.237832,0
2026-04-06T00:23:28.355067,0,0,662.355806,0
2026-04-06T00:23:29.360865,0,0,662.355806,0
2026-04-06T00:23:30.367869,0,0,660.591754,0
2026-04-06T00:23:31.372835,0,0,663.237832,0
2026-04-06T00:23:32.381843,0,0,663.237832,0
2026-04-06T00:23:33.387796,0,0,663.237832,0
2026-04-06T00:23:34.393802,0,0,662.355806,0
2026-04-06T00:23:35.401735,0,0,661.47378,0
2026-04-06T00:23:36.407737,0,0,661.47378,0
2026-04-06T00:23:37.414704,0,0,665.88391,0
2026-04-06T00:23:38.420671,0,0,663.237832,0
2026-04-06T00:23:39.426698,0,0,662.355806,0
2026-04-06T00:23:50.178150,0,0,663.237832,0
2026-04-06T00:23:52.660458,0,0,663.237832,0
2026-04-06T00:23:53.667470,0,0,661.47378,0
2026-04-06T00:23:54.673285,0,0,663.237832,0
2026-04-06T00:23:55.679400,0,0,663.237832,0
2026-04-06T00:23:56.686371,0,0,662.355806,0
2026-04-06T00:23:57.693376,0,0,663.237832,0
2026-04-06T00:23:58.700335,0,0,663.237832,0
2026-04-06T00:23:59.707368,0,0,653.5355460000001,0
2026-04-06T00:24:00.714303,0,0,662.355806,0
2026-04-06T00:24:01.720290,0,0,663.237832,0
2026-04-06T00:24:02.727332,0,0,663.237832,0
2026-04-06T00:24:03.732212,0,0,663.237832,0
2026-04-06T00:24:04.740234,0,0,662.355806,0
2026-04-06T00:24:05.746185,0,0,662.355806,0
2026-04-06T00:24:06.754179,0,0,662.355806,0
2026-04-06T00:24:07.760179,0,0,662.355806,0
2026-04-06T00:24:08.767210,0,0,661.47378,0
2026-04-06T00:24:09.774129,0,0,662.355806,0
2026-04-06T00:24:10.780108,0,0,662.355806,0
2026-04-06T00:24:11.787160,0,0,664.119858,0
2026-04-06T00:24:12.793067,0,0,662.355806,0
2026-04-06T00:24:13.800070,0,0,663.237832,0
2026-04-06T00:24:14.807109,0,0,663.237832,0
2026-04-06T00:24:15.814019,0,0,662.355806,0
2026-04-06T00:24:16.821024,0,0,665.001884,0
2026-04-06T00:24:17.827064,0,0,662.355806,0
2026-04-06T00:24:18.833955,0,0,663.237832,0
2026-04-06T00:24:19.839920,0,0,662.355806,0
2026-04-06T00:24:20.846973,0,0,662.355806,0
2026-04-06T00:24:21.852874,0,0,661.47378,0
2026-04-06T00:24:22.859848,0,0,663.237832,0
2026-04-06T00:24:23.866926,0,0,661.47378,0
2026-04-06T00:24:24.873865,0,0,662.355806,0
2026-04-06T00:24:25.880854,0,0,662.355806,0
2026-04-06T00:24:26.886880,0,0,662.355806,0
2026-04-06T00:24:27.893794,0,0,663.237832,0
2026-04-06T00:24:28.899796,0,0,663.237832,0
2026-04-06T00:24:29.906735,0,0,661.47378,0
2026-04-06T00:24:30.912734,0,0,662.355806,0
2026-04-06T00:24:31.920812,0,0,662.355806,0
2026-04-06T00:24:32.926734,0,0,662.355806,0
2026-04-06T00:24:33.933665,0,0,663.237832,0
2026-04-06T00:24:34.940639,0,0,661.47378,0
2026-04-06T00:24:35.946626,0,0,662.355806,0
2026-04-06T00:24:36.953582,0,0,663.237832,0
2026-04-06T00:24:37.959627,0,0,662.355806,0
2026-04-06T00:24:38.966564,0,0,663.237832,0
2026-04-06T00:24:39.973561,0,0,662.355806,0
2026-04-06T00:24:40.980537,0,0,662.355806,0
2026-04-06T00:24:41.987492,0,0,662.355806,0
2026-04-06T00:24:42.993509,0,0,662.355806,0
2026-04-06T00:24:44.000498,0,0,662.355806,0
2026-04-06T00:24:45.006459,0,0,663.237832,0
2026-04-06T00:24:46.012464,0,0,662.355806,0
2026-04-06T00:24:47.019447,0,0,662.355806,0
2026-04-06T00:24:48.026417,0,0,662.355806,0
2026-04-06T00:24:49.034397,0,0,662.355806,0
2026-04-06T00:24:50.040377,0,0,663.237832,0
2026-04-06T00:24:51.047400,0,0,665.001884,0
2026-04-06T00:24:52.053370,0,0,662.355806,0
2026-04-06T00:24:53.060326,0,0,663.237832,0
2026-04-06T00:24:54.066316,0,0,662.355806,0
2026-04-06T00:24:55.073274,0,0,663.237832,0
2026-04-06T00:24:56.079328,0,0,657.06365,0
2026-04-06T00:24:57.087305,0,0,662.355806,0
2026-04-06T00:24:58.094231,0,0,665.001884,0
2026-04-06T00:24:59.100224,0,0,662.355806,0
2026-04-06T00:25:00.107126,0,0,663.237832,0
2026-04-06T00:25:01.113186,0,0,662.355806,0
2026-04-06T00:25:02.120186,0,0,662.355806,0
2026-04-06T00:25:03.126156,0,0,662.355806,0
2026-04-06T00:25:04.133139,0,0,662.355806,0
2026-04-06T00:25:05.141109,0,0,664.119858,0
2026-04-06T00:25:06.147158,0,0,660.591754,0
2026-04-06T00:25:07.154069,0,0,662.355806,0
2026-04-06T00:25:08.160075,0,0,662.355806,0
2026-04-06T00:25:09.167116,0,0,656.181624,0
2026-04-06T00:25:10.173030,0,0,662.355806,0
2026-04-06T00:25:11.179984,0,0,662.355806,0
2026-04-06T00:25:12.185995,0,0,662.355806,0
2026-04-06T00:25:13.191969,0,0,662.355806,0
2026-04-06T00:25:14.200940,0,0,662.355806,0
2026-04-06T00:25:15.207037,0,0,663.237832,0
2026-04-06T00:25:16.213868,0,0,662.355806,0
2026-04-06T00:25:17.219905,0,0,662.355806,0
2026-04-06T00:25:18.226952,0,0,663.237832,0
2026-04-06T00:25:19.231862,0,0,663.237832,0
2026-04-06T00:25:20.239832,0,0,663.237832,0
2026-04-06T00:25:21.245840,0,0,662.355806,0
2026-04-06T00:25:22.252807,0,0,662.355806,0
2026-04-06T00:25:23.259798,0,0,663.237832,0
2026-04-06T00:25:24.266767,0,0,662.355806,0
2026-04-06T00:25:25.273756,0,0,662.355806,0
2026-04-06T00:25:26.279738,0,0,663.237832,0
2026-04-06T00:25:27.286745,0,0,663.237832,0
2026-04-06T00:25:28.292693,0,0,662.355806,0
2026-04-06T00:25:29.299670,0,0,660.591754,0
2026-04-06T00:25:30.306671,0,0,663.237832,0
2026-04-06T00:25:31.313662,0,0,663.237832,0
2026-04-06T00:25:32.320650,0,0,662.355806,0
2026-04-06T00:25:33.325621,0,0,663.237832,0
2026-04-06T00:25:34.333582,0,0,663.237832,0
2026-04-06T00:25:35.339596,0,0,660.591754,0
2026-04-06T00:25:36.346548,0,0,663.237832,0
2026-04-06T00:25:37.352536,0,0,661.47378,0
2026-04-06T00:25:38.359536,0,0,660.591754,0
2026-04-06T00:25:39.367507,0,0,663.237832,0
2026-04-06T00:25:40.373482,0,0,663.237832,0
2026-04-06T00:25:41.380458,0,0,661.47378,0
2026-04-06T00:25:42.386444,0,0,662.355806,0
2026-04-06T00:25:43.392440,0,0,663.237832,0
2026-04-06T00:25:44.398411,0,0,658.827702,0
2026-04-06T00:25:45.405387,0,0,663.237832,0
2026-04-06T00:25:46.413392,0,0,662.355806,0
2026-04-06T00:25:47.420357,0,0,664.119858,0
2026-04-06T00:25:48.426339,0,0,662.355806,0
2026-04-06T00:25:49.433344,0,0,662.355806,0
2026-04-06T00:25:50.440327,0,0,663.237832,0
2026-04-06T00:25:51.446303,0,0,663.237832,0
2026-04-06T00:25:52.453274,0,0,662.355806,0
2026-04-06T00:25:53.459309,0,0,661.47378,0
2026-04-06T00:25:54.465239,0,0,662.355806,0
2026-04-06T00:26:04.679834,0,0,662.355806,0
2026-04-06T00:26:07.161022,0,0,662.355806,0
2026-04-06T00:26:08.169006,0,0,663.237832,0
2026-04-06T00:26:09.175074,0,0,663.237832,0
2026-04-06T00:26:10.181967,0,0,662.355806,0
2026-04-06T00:26:11.187947,0,0,662.355806,0
2026-04-06T00:26:12.192877,0,0,662.355806,0
2026-04-06T00:26:13.201908,0,0,664.119858,0
2026-04-06T00:26:14.208909,0,0,663.237832,0
2026-04-06T00:26:15.215923,0,0,662.355806,0
2026-04-06T00:26:16.220816,0,0,663.237832,0
2026-04-06T00:26:17.228861,0,0,662.355806,0
2026-04-06T00:26:18.234906,0,0,662.355806,0
2026-04-06T00:26:19.241832,0,0,662.355806,0
2026-04-06T00:26:20.247815,0,0,662.355806,0
2026-04-06T00:26:21.255804,0,0,664.119858,0
2026-04-06T00:26:22.261765,0,0,662.355806,0
2026-04-06T00:26:23.268776,0,0,662.355806,0
2026-04-06T00:26:24.274739,0,0,662.355806,0
2026-04-06T00:26:25.281738,0,0,662.355806,0
2026-04-06T00:26:26.288717,0,0,662.355806,0
2026-04-06T00:26:27.294698,0,0,662.355806,0
2026-04-06T00:26:28.300665,0,0,663.237832,0
2026-04-06T00:26:29.308634,0,0,662.355806,0
2026-04-06T00:26:30.315643,0,0,662.355806,0
2026-04-06T00:26:31.322628,0,0,662.355806,0
2026-04-06T00:26:32.328597,0,0,662.355806,0
2026-04-06T00:26:33.334596,0,0,662.355806,0
2026-04-06T00:26:34.341562,0,0,661.47378,0
2026-04-06T00:26:35.348537,0,0,664.119858,0
2026-04-06T00:26:36.354538,0,0,663.237832,0
2026-04-06T00:26:37.361498,0,0,662.355806,0
2026-04-06T00:26:38.368486,0,0,662.355806,0
2026-04-06T00:26:39.375467,0,0,662.355806,0
2026-04-06T00:26:40.382462,0,0,663.237832,0
2026-04-06T00:26:41.388435,0,0,662.355806,0
2026-04-06T00:26:42.395463,0,0,661.47378,0
2026-04-06T00:26:43.401412,0,0,662.355806,0
2026-04-06T00:26:44.408418,0,0,663.237832,0
2026-04-06T00:26:45.414383,0,0,662.355806,0
2026-04-06T00:26:46.422371,0,0,663.237832,0
2026-04-06T00:26:47.429306,0,0,662.355806,0
2026-04-06T00:26:48.435335,0,0,662.355806,0
2026-04-06T00:26:49.442313,0,0,663.237832,0
2026-04-06T00:26:50.448282,0,0,665.001884,0
2026-04-06T00:26:51.454299,0,0,662.355806,0
2026-04-06T00:26:52.461258,0,0,663.237832,0
2026-04-06T00:26:53.468218,0,0,663.237832,0
2026-04-06T00:26:54.474231,0,0,662.355806,0
2026-04-06T00:26:55.482203,0,0,664.119858,0
2026-04-06T00:26:56.489174,0,0,662.355806,0
2026-04-06T00:26:57.495249,0,0,662.355806,0
2026-04-06T00:26:58.502131,0,0,664.119858,0
2026-04-06T00:26:59.508116,0,0,663.237832,0
2026-04-06T00:27:00.515175,0,0,663.237832,0
2026-04-06T00:27:01.521081,0,0,663.237832,0
2026-04-06T00:27:02.528038,0,0,662.355806,0
2026-04-06T00:27:03.535121,0,0,662.355806,0
2026-04-06T00:27:04.542063,0,0,662.355806,0
2026-04-06T00:27:05.549031,0,0,663.237832,0
2026-04-06T00:27:06.555109,0,0,661.47378,0
2026-04-06T00:27:07.562003,0,0,662.355806,0
2026-04-06T00:27:08.567995,0,0,662.355806,0
2026-04-06T00:27:09.575056,0,0,662.355806,0
2026-04-06T00:27:10.580960,0,0,662.355806,0
2026-04-06T00:27:11.588927,0,0,661.47378,0
2026-04-06T00:27:12.595860,0,0,662.355806,0
2026-04-06T00:27:13.601922,0,0,663.237832,0
2026-04-06T00:27:14.608881,0,0,663.237832,0
2026-04-06T00:27:15.615000,0,0,662.355806,0
2026-04-06T00:27:16.621823,0,0,663.237832,0
2026-04-06T00:27:17.627836,0,0,662.355806,0
2026-04-06T00:27:18.633812,0,0,662.355806,0
2026-04-06T00:27:19.642799,0,0,663.237832,0
2026-04-06T00:27:20.647740,0,0,663.237832,0
2026-04-06T00:27:21.655761,0,0,662.355806,0
2026-04-06T00:27:22.660713,0,0,662.355806,0
2026-04-06T00:27:23.668720,0,0,661.47378,0
2026-04-06T00:27:24.674714,0,0,662.355806,0
2026-04-06T00:27:25.681695,0,0,663.237832,0
2026-04-06T00:27:26.686672,0,0,663.237832,0
2026-04-06T00:27:27.695674,0,0,662.355806,0
2026-04-06T00:27:28.702639,0,0,662.355806,0
2026-04-06T00:27:29.708629,0,0,662.355806,0
2026-04-06T00:27:30.714608,0,0,663.237832,0
2026-04-06T00:27:31.721570,0,0,663.237832,0
2026-04-06T00:27:32.728533,0,0,661.47378,0
2026-04-06T00:27:33.734544,0,0,662.355806,0
2026-04-06T00:27:34.741520,0,0,662.355806,0
2026-04-06T00:27:35.748489,0,0,663.237832,0
2026-04-06T00:27:36.755459,0,0,662.355806,0
2026-04-06T00:27:37.762441,0,0,663.237832,0
2026-04-06T00:27:38.766420,0,0,662.355806,0
2026-04-06T00:27:39.775453,0,0,662.355806,0
2026-04-06T00:27:40.781402,0,0,663.237832,0
2026-04-06T00:27:41.788382,0,0,663.237832,0
2026-04-06T00:27:42.794380,0,0,663.237832,0
2026-04-06T00:27:43.801360,0,0,661.47378,0
2026-04-06T00:27:44.809338,0,0,663.237832,0
2026-04-06T00:27:45.815391,0,0,663.237832,0
2026-04-06T00:27:46.822304,0,0,662.355806,0
2026-04-06T00:27:47.828307,0,0,663.237832,0
2026-04-06T00:27:48.835339,0,0,663.237832,0
2026-04-06T00:27:49.841236,0,0,662.355806,0
2026-04-06T00:27:50.848257,0,0,663.237832,0
2026-04-06T00:27:51.855281,0,0,662.355806,0
2026-04-06T00:27:52.860194,0,0,663.237832,0
2026-04-06T00:27:53.869179,0,0,663.237832,0
2026-04-06T00:27:54.875247,0,0,662.355806,0
2026-04-06T00:27:55.882158,0,0,663.237832,0
2026-04-06T00:27:56.888141,0,0,663.237832,0
2026-04-06T00:27:57.895045,0,0,662.355806,0
2026-04-06T00:27:58.901099,0,0,663.237832,0
2026-04-06T00:27:59.908067,0,0,662.355806,0
2026-04-06T00:28:00.915177,0,0,663.237832,0
2026-04-06T00:28:01.922053,0,0,663.237832,0
2026-04-06T00:28:02.929035,0,0,663.237832,0
2026-04-06T00:28:03.935116,0,0,662.355806,0
2026-04-06T00:28:04.942006,0,0,666.765936,0
2026-04-06T00:28:05.948022,0,0,662.355806,0
2026-04-06T00:28:06.955115,0,0,664.119858,0
2026-04-06T00:28:07.961996,0,0,662.355806,0
2026-04-06T00:28:08.967988,0,0,662.355806,0
2026-04-06T00:28:09.975958,0,0,662.355806,0
2026-04-06T00:28:10.980876,0,0,662.355806,0
2026-04-06T00:28:11.988898,0,0,662.355806,0
2026-04-06T00:28:12.994967,0,0,663.237832,0
2026-04-06T00:28:14.001718,0,0,660.591754,0
2026-04-06T00:28:15.006924,0,0,663.237832,0
2026-04-06T00:28:16.014805,0,0,662.355806,0
2026-04-06T00:28:17.021806,0,0,661.47378,0
2026-04-06T00:28:18.027801,0,0,662.355806,0
2026-04-06T00:28:19.035824,0,0,662.355806,0
2026-04-06T00:28:20.041777,0,0,662.355806,0
2026-04-06T00:28:21.048757,0,0,662.355806,0
2026-04-06T00:28:22.054757,0,0,662.355806,0
2026-04-06T00:28:23.061743,0,0,662.355806,0
2026-04-06T00:28:24.068683,0,0,662.355806,0
2026-04-06T00:28:25.074680,0,0,662.355806,0
2026-04-06T00:28:26.081673,0,0,662.355806,0
2026-04-06T00:28:27.088633,0,0,663.237832,0
2026-04-06T00:28:28.093598,0,0,662.355806,0
2026-04-06T00:28:29.101584,0,0,663.237832,0
2026-04-06T00:28:30.108589,0,0,664.119858,0
2026-04-06T00:28:31.114580,0,0,662.355806,0
2026-04-06T00:28:32.121538,0,0,663.237832,0
2026-04-06T00:28:33.128538,0,0,662.355806,0
2026-04-06T00:28:34.134519,0,0,662.355806,0
2026-04-06T00:28:35.142499,0,0,663.237832,0
2026-04-06T00:28:36.147490,0,0,663.237832,0
2026-04-06T00:28:37.155468,0,0,662.355806,0
2026-04-06T00:28:38.161463,0,0,662.355806,0
2026-04-06T00:28:39.168446,0,0,662.355806,0
2026-04-06T00:28:40.175411,0,0,663.237832,0
2026-04-06T00:28:41.181412,0,0,665.88391,0
2026-04-06T00:28:42.188389,0,0,663.237832,0
2026-04-06T00:28:43.195389,0,0,663.237832,0
2026-04-06T00:28:53.542915,0,0,662.355806,0
2026-04-06T00:28:56.025222,0,0,661.47378,0
2026-04-06T00:28:57.032193,0,0,662.355806,0
2026-04-06T00:28:58.037192,0,0,662.355806,0
2026-04-06T00:28:59.045169,0,0,664.119858,0
2026-04-06T00:29:00.051225,0,0,663.237832,0
2026-04-06T00:29:01.058140,0,0,663.237832,0
2026-04-06T00:29:02.065132,0,0,662.355806,0
2026-04-06T00:29:03.072093,0,0,662.355806,0
2026-04-06T00:29:04.079131,0,0,662.355806,0
2026-04-06T00:29:05.085067,0,0,663.237832,0
2026-04-06T00:29:06.092016,0,0,660.591754,0
2026-04-06T00:29:07.097995,0,0,662.355806,0
2026-04-06T00:29:08.104969,0,0,662.355806,0
2026-04-06T00:29:09.111060,0,0,661.47378,0
2026-04-06T00:29:10.119083,0,0,663.237832,0
2026-04-06T00:29:11.124919,0,0,663.237832,0
2026-04-06T00:29:12.131917,0,0,662.355806,0
2026-04-06T00:29:13.137901,0,0,663.237832,0
2026-04-06T00:29:14.144882,0,0,661.47378,0
2026-04-06T00:29:15.151873,0,0,662.355806,0
2026-04-06T00:29:16.157851,0,0,662.355806,0
2026-04-06T00:29:26.362257,0,0,662.355806,0
2026-04-06T00:29:28.844655,0,0,663.237832,0
2026-04-06T00:29:29.851622,0,0,672.940118,0
2026-04-06T00:29:30.857599,0,0,662.355806,0
2026-04-06T00:29:31.864607,0,0,662.355806,0
2026-04-06T00:29:32.870586,0,0,662.355806,0
2026-04-06T00:29:33.878606,0,0,663.237832,0
2026-04-06T00:29:34.884585,0,0,663.237832,0
2026-04-06T00:29:35.891580,0,0,661.47378,0
2026-04-06T00:29:36.898544,0,0,663.237832,0
2026-04-06T00:29:37.904541,0,0,663.237832,0
2026-04-06T00:29:38.911530,0,0,661.47378,0
2026-04-06T00:29:39.917466,0,0,662.355806,0
2026-04-06T00:29:40.924453,0,0,662.355806,0
2026-04-06T00:29:41.930435,0,0,662.355806,0
2026-04-06T00:29:42.938423,0,0,661.47378,0
2026-04-06T00:29:43.944431,0,0,662.355806,0
2026-04-06T00:29:44.951407,0,0,662.355806,0
2026-04-06T00:29:45.958373,0,0,662.355806,0
2026-04-06T00:29:46.963403,0,0,662.355806,0
2026-04-06T00:29:47.971383,0,0,662.355806,0
2026-04-06T00:29:48.976339,0,0,663.237832,0
2026-04-06T00:29:49.984315,0,0,661.47378,0
2026-04-06T00:29:50.991346,0,0,663.237832,0
2026-04-06T00:29:51.998271,0,0,659.709728,0
2026-04-06T00:29:53.005270,0,0,663.237832,0
2026-04-06T00:29:54.011309,0,0,663.237832,0
2026-04-06T00:29:55.018266,0,0,662.355806,0
2026-04-06T00:29:56.024261,0,0,662.355806,0
2026-04-06T00:29:57.031300,0,0,662.355806,0
2026-04-06T00:29:58.037216,0,0,662.355806,0
2026-04-06T00:29:59.044198,0,0,662.355806,0
2026-04-06T00:30:00.051213,0,0,662.355806,0
2026-04-06T00:30:01.058155,0,0,662.355806,0
2026-04-06T00:30:02.064141,0,0,662.355806,0
2026-04-06T00:30:03.071233,0,0,664.119858,0
2026-04-06T00:30:04.078091,0,0,662.355806,0
2026-04-06T00:30:05.084114,0,0,663.237832,0
2026-04-06T00:30:06.091089,0,0,662.355806,0
2026-04-06T00:30:07.097033,0,0,662.355806,0
2026-04-06T00:30:08.105050,0,0,662.355806,0
2026-04-06T00:30:09.111120,0,0,662.355806,0
2026-04-06T00:30:10.117987,0,0,662.355806,0
2026-04-06T00:30:11.124968,0,0,662.355806,0
2026-04-06T00:30:12.131025,0,0,663.237832,0
2026-04-06T00:30:13.136949,0,0,662.355806,0
2026-04-06T00:30:14.143928,0,0,665.001884,0
2026-04-06T00:30:15.151017,0,0,662.355806,0
2026-04-06T00:30:16.156886,0,0,663.237832,0
2026-04-06T00:30:17.163877,0,0,664.119858,0
2026-04-06T00:30:18.171854,0,0,663.237832,0
2026-04-06T00:30:19.176839,0,0,662.355806,0
2026-04-06T00:30:20.184828,0,0,662.355806,0
2026-04-06T00:30:21.190805,0,0,662.355806,0
2026-04-06T00:30:22.196889,0,0,665.001884,0
2026-04-06T00:30:23.202784,0,0,662.355806,0
2026-04-06T00:30:24.210748,0,0,662.355806,0
2026-04-06T00:30:25.217739,0,0,663.237832,0
2026-04-06T00:30:26.224697,0,0,662.355806,0
2026-04-06T00:30:27.231730,0,0,661.47378,0
2026-04-06T00:30:28.237665,0,0,662.355806,0
2026-04-06T00:30:29.243690,0,0,663.237832,0
2026-04-06T00:30:30.250643,0,0,662.355806,0
2026-04-06T00:30:31.257651,0,0,662.355806,0
2026-04-06T00:30:32.263643,0,0,659.709728,0
2026-04-06T00:30:33.271664,0,0,662.355806,0
2026-04-06T00:30:34.278642,0,0,666.765936,0
2026-04-06T00:30:35.283593,0,0,663.237832,0
2026-04-06T00:30:36.291567,0,0,662.355806,0
2026-04-06T00:30:37.296541,0,0,661.47378,0
2026-04-06T00:30:38.303551,0,0,668.529988,0
2026-04-06T00:30:39.310528,0,0,662.355806,0
2026-04-06T00:30:40.317501,0,0,661.47378,0
2026-04-06T00:30:41.325508,0,0,662.355806,0
2026-04-06T00:30:42.331504,0,0,662.355806,0
2026-04-06T00:30:43.338450,0,0,662.355806,0
2026-04-06T00:30:44.344471,0,0,663.237832,0
2026-04-06T00:30:45.351453,0,0,662.355806,0
2026-04-06T00:30:46.357433,0,0,662.355806,0
2026-04-06T00:30:47.363460,0,0,662.355806,0
2026-04-06T00:30:48.369381,0,0,664.119858,0
2026-04-06T00:30:49.377387,0,0,663.237832,0
2026-04-06T00:30:50.384395,0,0,662.355806,0
2026-04-06T00:30:51.391411,0,0,662.355806,0
2026-04-06T00:30:52.398310,0,0,663.237832,0
2026-04-06T00:30:53.404282,0,0,662.355806,0
2026-04-06T00:30:54.411350,0,0,662.355806,0
2026-04-06T00:30:55.417257,0,0,663.237832,0
2026-04-06T00:30:56.424250,0,0,662.355806,0
2026-04-06T00:30:57.431297,0,0,662.355806,0
2026-04-06T00:30:58.438200,0,0,662.355806,0
2026-04-06T00:30:59.445196,0,0,663.237832,0
2026-04-06T00:31:00.451297,0,0,662.355806,0
2026-04-06T00:31:01.458185,0,0,662.355806,0
2026-04-06T00:31:02.463204,0,0,662.355806,0
2026-04-06T00:31:03.471207,0,0,662.355806,0
2026-04-06T00:31:04.476124,0,0,661.47378,0
2026-04-06T00:31:05.484105,0,0,663.237832,0
2026-04-06T00:31:06.492095,0,0,662.355806,0
2026-04-06T00:31:07.498075,0,0,661.47378,0
2026-04-06T00:31:08.505062,0,0,662.355806,0
2026-04-06T00:31:09.511125,0,0,662.355806,0
2026-04-06T00:31:10.518018,0,0,663.237832,0
2026-04-06T00:31:11.523556,0,0,662.355806,0
2026-04-06T00:31:12.529979,0,0,662.355806,0
2026-04-06T00:31:13.537991,0,0,663.237832,0
2026-04-06T00:31:14.544952,0,0,661.47378,0
2026-04-06T00:31:15.551969,0,0,655.2995980000001,0
2026-04-06T00:31:16.557930,0,0,662.355806,0
2026-04-06T00:31:17.563927,0,0,662.355806,0
2026-04-06T00:31:18.569894,0,0,662.355806,0
2026-04-06T00:31:19.577873,0,0,662.355806,0
2026-04-06T00:31:20.583868,0,0,662.355806,0
2026-04-06T00:31:21.590913,0,0,662.355806,0
2026-04-06T00:31:22.598897,0,0,663.237832,0
2026-04-06T00:31:23.603801,0,0,662.355806,0
2026-04-06T00:31:24.611810,0,0,665.88391,0
2026-04-06T00:31:25.616788,0,0,662.355806,0
2026-04-06T00:31:26.624800,0,0,662.355806,0
2026-04-06T00:31:27.630743,0,0,662.355806,0
2026-04-06T00:31:28.636726,0,0,662.355806,0
2026-04-06T00:31:29.644692,0,0,663.237832,0
2026-04-06T00:31:30.650745,0,0,663.237832,0
2026-04-06T00:31:31.658713,0,0,662.355806,0
2026-04-06T00:31:32.664665,0,0,662.355806,0
2026-04-06T00:31:33.671706,0,0,663.237832,0
2026-04-06T00:31:34.677677,0,0,662.355806,0
2026-04-06T00:31:35.684628,0,0,663.237832,0
2026-04-06T00:31:36.689649,0,0,664.119858,0
2026-04-06T00:31:37.697598,0,0,662.355806,0
2026-04-06T00:31:38.704616,0,0,663.237832,0
2026-04-06T00:31:39.711598,0,0,662.355806,0
2026-04-06T00:31:40.717578,0,0,663.237832,0
2026-04-06T00:31:41.723533,0,0,660.591754,0
2026-04-06T00:31:42.730516,0,0,662.355806,0
2026-04-06T00:31:43.737499,0,0,663.237832,0
2026-04-06T00:31:44.744487,0,0,661.47378,0
2026-04-06T00:31:45.750466,0,0,663.237832,0
2026-04-06T00:31:46.757480,0,0,662.355806,0
2026-04-06T00:31:47.764469,0,0,662.355806,0
2026-04-06T00:31:48.771458,0,0,661.47378,0
2026-04-06T00:31:49.778420,0,0,663.237832,0
2026-04-06T00:31:50.784417,0,0,661.47378,0
2026-04-06T00:31:51.791406,0,0,662.355806,0
2026-04-06T00:31:52.797371,0,0,663.237832,0
2026-04-06T00:31:53.804366,0,0,659.709728,0
2026-04-06T00:31:54.811408,0,0,663.237832,0
2026-04-06T00:31:55.817356,0,0,663.237832,0
2026-04-06T00:31:56.825302,0,0,662.355806,0
2026-04-06T00:31:57.830279,0,0,664.119858,0
2026-04-06T00:31:58.837265,0,0,662.355806,0
2026-04-06T00:31:59.844258,0,0,662.355806,0
2026-04-06T00:32:00.851291,0,0,663.237832,0
2026-04-06T00:32:01.857220,0,0,662.355806,0
2026-04-06T00:32:02.863601,0,0,662.355806,0
2026-04-06T00:32:03.871291,0,0,662.355806,0
2026-04-06T00:32:04.878188,0,0,662.355806,0
2026-04-06T00:32:05.884205,0,0,663.237832,0
2026-04-06T00:32:06.890183,0,0,662.355806,0
2026-04-06T00:32:07.897157,0,0,662.355806,0
2026-04-06T00:32:08.904163,0,0,663.237832,0
2026-04-06T00:32:09.911162,0,0,662.355806,0
2026-04-06T00:32:10.918082,0,0,664.119858,0
2026-04-06T00:32:11.923155,0,0,662.355806,0
2026-04-06T00:32:12.931163,0,0,662.355806,0
2026-04-06T00:32:13.937045,0,0,662.355806,0
2026-04-06T00:32:14.945036,0,0,663.237832,0
2026-04-06T00:32:15.950021,0,0,662.355806,0
2026-04-06T00:32:16.958002,0,0,664.119858,0
2026-04-06T00:32:17.965001,0,0,663.237832,0
2026-04-06T00:32:18.971065,0,0,663.237832,0
2026-04-06T00:32:19.976928,0,0,662.355806,0
2026-04-06T00:32:20.983969,0,0,663.237832,0
2026-04-06T00:32:21.990292,0,0,662.355806,0
2026-04-06T00:32:22.996881,0,0,663.237832,0
2026-04-06T00:32:24.004873,0,0,662.355806,0
2026-04-06T00:32:25.009874,0,0,662.355806,0
2026-04-06T00:32:26.017849,0,0,663.237832,0
2026-04-06T00:32:27.024827,0,0,662.355806,0
2026-04-06T00:32:28.030812,0,0,663.237832,0
2026-04-06T00:32:29.037801,0,0,662.355806,0
2026-04-06T00:32:30.043782,0,0,662.355806,0
2026-04-06T00:32:31.051779,0,0,660.591754,0
2026-04-06T00:32:32.057752,0,0,662.355806,0
2026-04-06T00:32:33.063733,0,0,663.237832,0
2026-04-06T00:32:34.071723,0,0,662.355806,0
2026-04-06T00:32:35.077692,0,0,663.237832,0
2026-04-06T00:32:36.084687,0,0,663.237832,0
2026-04-06T00:32:37.089672,0,0,662.355806,0
2026-04-06T00:32:38.097626,0,0,662.355806,0
2026-04-06T00:32:39.104604,0,0,665.001884,0
2026-04-06T00:32:40.111629,0,0,662.355806,0
2026-04-06T00:32:41.117608,0,0,662.355806,0
2026-04-06T00:32:42.124580,0,0,663.237832,0
2026-04-06T00:32:43.131553,0,0,662.355806,0
2026-04-06T00:32:44.137560,0,0,662.355806,0
2026-04-06T00:32:45.144520,0,0,663.237832,0
2026-04-06T00:32:46.150481,0,0,663.237832,0
2026-04-06T00:32:47.158507,0,0,663.237832,0
2026-04-06T00:32:48.163475,0,0,663.237832,0
2026-04-06T00:32:49.171475,0,0,662.355806,0
2026-04-06T00:32:50.178457,0,0,662.355806,0
2026-04-06T00:32:51.184437,0,0,663.237832,0
2026-04-06T00:32:52.191475,0,0,662.355806,0
2026-04-06T00:32:53.197400,0,0,665.001884,0
2026-04-06T00:32:54.204409,0,0,663.237832,0
2026-04-06T00:32:55.210337,0,0,663.237832,0
2026-04-06T00:32:56.218332,0,0,663.237832,0
2026-04-06T00:32:57.224352,0,0,662.355806,0
2026-04-06T00:32:58.231377,0,0,663.237832,0
2026-04-06T00:32:59.238314,0,0,662.355806,0
2026-04-06T00:33:00.244317,0,0,662.355806,0
2026-04-06T00:33:01.251336,0,0,664.119858,0
2026-04-06T00:33:02.257285,0,0,663.237832,0
2026-04-06T00:33:03.264277,0,0,663.237832,0
2026-04-06T00:33:04.271333,0,0,662.355806,0
2026-04-06T00:33:05.277259,0,0,660.591754,0
2026-04-06T00:33:06.285238,0,0,663.237832,0
2026-04-06T00:33:07.291299,0,0,663.237832,0
2026-04-06T00:33:08.298210,0,0,662.355806,0
2026-04-06T00:33:09.303169,0,0,663.237832,0
2026-04-06T00:33:10.311212,0,0,662.355806,0
2026-04-06T00:33:11.317109,0,0,662.355806,0
2026-04-06T00:33:12.324088,0,0,661.47378,0
2026-04-06T00:33:13.331203,0,0,662.355806,0
2026-04-06T00:33:14.338073,0,0,661.47378,0
2026-04-06T00:33:15.345050,0,0,662.355806,0
2026-04-06T00:33:16.350021,0,0,662.355806,0
2026-04-06T00:33:17.358023,0,0,663.237832,0
2026-04-06T00:33:18.363110,0,0,663.237832,0
2026-04-06T00:33:19.371100,0,0,663.237832,0
2026-04-06T00:33:20.376991,0,0,662.355806,0
2026-04-06T00:33:21.384959,0,0,662.355806,0
2026-04-06T00:33:22.391945,0,0,663.237832,0
2026-04-06T00:33:23.397935,0,0,663.237832,0
2026-04-06T00:33:24.404909,0,0,660.591754,0
2026-04-06T00:33:25.411024,0,0,662.355806,0
2026-04-06T00:33:26.417888,0,0,663.237832,0
2026-04-06T00:33:27.423873,0,0,662.355806,0
2026-04-06T00:33:28.430950,0,0,662.355806,0
2026-04-06T00:33:29.437840,0,0,663.237832,0
2026-04-06T00:33:30.444802,0,0,662.355806,0
2026-04-06T00:33:31.450810,0,0,662.355806,0
2026-04-06T00:33:32.457794,0,0,663.237832,0
2026-04-06T00:33:33.464784,0,0,662.355806,0
2026-04-06T00:33:34.470777,0,0,664.119858,0
2026-04-06T00:33:35.476761,0,0,662.355806,0
2026-04-06T00:33:36.483750,0,0,659.709728,0
2026-04-06T00:33:37.491736,0,0,663.237832,0
2026-04-06T00:33:38.498695,0,0,662.355806,0
2026-04-06T00:33:39.504708,0,0,663.237832,0
2026-04-06T00:33:40.511686,0,0,663.237832,0
2026-04-06T00:33:41.516672,0,0,662.355806,0
2026-04-06T00:33:42.524658,0,0,662.355806,0
2026-04-06T00:33:43.530657,0,0,662.355806,0
2026-04-06T00:33:44.537658,0,0,663.237832,0
2026-04-06T00:33:45.543646,0,0,663.237832,0
2026-04-06T00:33:46.551612,0,0,662.355806,0
2026-04-06T00:33:47.558609,0,0,663.237832,0
2026-04-06T00:33:48.563563,0,0,663.237832,0
2026-04-06T00:33:49.570579,0,0,662.355806,0
2026-04-06T00:33:50.577550,0,0,662.355806,0
2026-04-06T00:33:51.584531,0,0,662.355806,0
2026-04-06T00:33:52.590500,0,0,661.47378,0
2026-04-06T00:33:53.597513,0,0,663.237832,0
2026-04-06T00:33:54.604484,0,0,662.355806,0
2026-04-06T00:33:55.611484,0,0,662.355806,0
2026-04-06T00:33:56.617455,0,0,661.47378,0
2026-04-06T00:33:57.623471,0,0,662.355806,0
2026-04-06T00:33:58.631443,0,0,664.119858,0
2026-04-06T00:33:59.637410,0,0,663.237832,0
2026-04-06T00:34:00.644306,0,0,662.355806,0
2026-04-06T00:34:01.650376,0,0,663.237832,0
2026-04-06T00:34:02.657377,0,0,655.2995980000001,0
2026-04-06T00:34:03.665311,0,0,663.237832,0
2026-04-06T00:34:04.671360,0,0,662.355806,0
2026-04-06T00:34:05.677292,0,0,663.237832,0
2026-04-06T00:34:06.684300,0,0,660.591754,0
2026-04-06T00:34:07.690265,0,0,665.88391,0
2026-04-06T00:34:08.697272,0,0,663.237832,0
2026-04-06T00:34:09.704210,0,0,662.355806,0
2026-04-06T00:34:10.711307,0,0,662.355806,0
2026-04-06T00:34:11.718187,0,0,660.591754,0
2026-04-06T00:34:12.725225,0,0,663.237832,0
2026-04-06T00:34:13.731269,0,0,662.355806,0
2026-04-06T00:34:14.738154,0,0,662.355806,0
2026-04-06T00:34:15.744140,0,0,663.237832,0
2026-04-06T00:34:16.751189,0,0,661.47378,0
2026-04-06T00:34:17.756129,0,0,664.119858,0
2026-04-06T00:34:18.764103,0,0,663.237832,0
2026-04-06T00:34:19.772069,0,0,663.237832,0
2026-04-06T00:34:20.778051,0,0,662.355806,0
2026-04-06T00:34:21.785055,0,0,663.237832,0
2026-04-06T00:34:22.790041,0,0,662.355806,0
2026-04-06T00:34:23.797024,0,0,663.237832,0
2026-04-06T00:34:24.804019,0,0,663.237832,0
2026-04-06T00:34:25.811077,0,0,662.355806,0
2026-04-06T00:34:26.817992,0,0,662.355806,0
2026-04-06T00:34:27.823002,0,0,663.237832,0
2026-04-06T00:34:28.831925,0,0,663.237832,0
2026-04-06T00:34:29.837875,0,0,663.237832,0
2026-04-06T00:34:30.843887,0,0,662.355806,0
2026-04-06T00:34:31.850932,0,0,662.355806,0
2026-04-06T00:34:32.856853,0,0,664.119858,0
2026-04-06T00:34:33.863812,0,0,662.355806,0
2026-04-06T00:34:34.870883,0,0,663.237832,0
2026-04-06T00:34:35.877779,0,0,662.355806,0
2026-04-06T00:34:36.884785,0,0,662.355806,0
2026-04-06T00:34:37.891775,0,0,663.237832,0
2026-04-06T00:34:38.896715,0,0,662.355806,0
2026-04-06T00:34:39.904726,0,0,663.237832,0
2026-04-06T00:34:40.910718,0,0,663.237832,0
2026-04-06T00:34:41.917709,0,0,662.355806,0
2026-04-06T00:34:42.924704,0,0,665.001884,0
2026-04-06T00:34:43.930543,0,0,662.355806,0
2026-04-06T00:34:44.937637,0,0,663.237832,0
2026-04-06T00:34:45.944638,0,0,662.355806,0
2026-04-06T00:34:46.951664,0,0,662.355806,0
2026-04-06T00:34:47.957626,0,0,666.765936,0
2026-04-06T00:34:48.964585,0,0,663.237832,0
2026-04-06T00:34:49.969564,0,0,663.237832,0
2026-04-06T00:34:50.977552,0,0,664.119858,0
2026-04-06T00:34:51.984396,0,0,662.355806,0
2026-04-06T00:34:52.990498,0,0,662.355806,0
2026-04-06T00:34:53.998486,0,0,663.237832,0
2026-04-06T00:34:55.003505,0,0,663.237832,0
2026-04-06T00:34:56.010478,0,0,662.355806,0
2026-04-06T00:34:57.017456,0,0,662.355806,0
2026-04-06T00:34:58.023445,0,0,662.355806,0
2026-04-06T00:34:59.030453,0,0,662.355806,0
2026-04-06T00:35:00.036414,0,0,662.355806,0
2026-04-06T00:35:01.044404,0,0,662.355806,0
2026-04-06T00:35:02.051398,0,0,662.355806,0
2026-04-06T00:35:03.058399,0,0,663.237832,0
2026-04-06T00:35:04.064395,0,0,662.355806,0
2026-04-06T00:35:05.071379,0,0,663.237832,0
2026-04-06T00:35:06.076334,0,0,663.237832,0
2026-04-06T00:35:07.083318,0,0,662.355806,0
2026-04-06T00:35:08.091350,0,0,663.237832,0
2026-04-06T00:35:09.097258,0,0,662.355806,0
2026-04-06T00:35:10.104270,0,0,663.237832,0
2026-04-06T00:35:11.111316,0,0,664.119858,0
2026-04-06T00:35:12.118244,0,0,662.355806,0
2026-04-06T00:35:13.124204,0,0,663.237832,0
2026-04-06T00:35:14.130228,0,0,662.355806,0
2026-04-06T00:35:15.137174,0,0,663.237832,0
2026-04-06T00:35:16.144219,0,0,663.237832,0
2026-04-06T00:35:17.150198,0,0,662.355806,0
2026-04-06T00:35:18.157178,0,0,664.119858,0
2026-04-06T00:35:19.164175,0,0,663.237832,0
2026-04-06T00:35:20.171297,0,0,664.119858,0
2026-04-06T00:35:21.178095,0,0,668.529988,0
2026-04-06T00:35:22.184094,0,0,663.237832,0
2026-04-06T00:35:23.191026,0,0,662.355806,0
2026-04-06T00:35:24.197780,0,0,663.237832,0
2026-04-06T00:35:25.203636,0,0,663.237832,0
2026-04-06T00:35:26.209478,0,0,662.355806,0
2026-04-06T00:35:36.872630,0,0,662.355806,0
2026-04-06T00:35:39.353714,0,0,663.237832,0
2026-04-06T00:35:40.360515,0,0,662.355806,0
2026-04-06T00:35:41.367432,0,0,662.355806,0
2026-04-06T00:35:42.374228,0,0,653.5355460000001,0
2026-04-06T00:35:43.380141,0,0,662.355806,0
2026-04-06T00:35:44.387067,0,0,663.237832,0
2026-04-06T00:35:45.393794,0,0,663.237832,0
2026-04-06T00:35:46.400653,0,0,662.355806,0
2026-04-06T00:35:47.407536,0,0,662.355806,0
2026-04-06T00:35:48.413348,0,0,663.237832,0
2026-04-06T00:35:49.420233,0,0,663.237832,0
2026-04-06T00:35:50.426110,0,0,663.237832,0
2026-04-06T00:35:51.432951,0,0,664.119858,0
2026-04-06T00:35:52.438923,0,0,662.355806,0
2026-04-06T00:35:53.446676,0,0,663.237832,0
2026-04-06T00:35:54.452511,0,0,663.237832,0
2026-04-06T00:35:55.459472,0,0,662.355806,0
2026-04-06T00:35:56.466251,0,0,662.355806,0
2026-04-06T00:35:57.471541,0,0,663.237832,0
2026-04-06T00:35:58.479093,0,0,663.237832,0
2026-04-06T00:35:59.484859,0,0,662.355806,0
2026-04-06T00:36:00.490710,0,0,663.237832,0
2026-04-06T00:36:01.497569,0,0,662.355806,0
2026-04-06T00:36:02.505435,0,0,664.119858,0
2026-04-06T00:36:03.512307,0,0,665.001884,0
2026-04-06T00:36:04.518169,0,0,662.355806,0
2026-04-06T00:36:05.525031,0,0,662.355806,0
2026-04-06T00:36:06.531016,0,0,662.355806,0
2026-04-06T00:36:07.537754,0,0,662.355806,0
2026-04-06T00:36:08.543634,0,0,662.355806,0
2026-04-06T00:36:09.550486,0,0,664.119858,0
2026-04-06T00:36:10.557361,0,0,662.355806,0
2026-04-06T00:36:11.564268,0,0,662.355806,0
2026-04-06T00:36:12.571209,0,0,662.355806,0
2026-04-06T00:36:13.576983,0,0,662.355806,0
2026-04-06T00:36:14.582803,0,0,663.237832,0
2026-04-06T00:36:15.589661,0,0,662.355806,0
2026-04-06T00:36:16.596518,0,0,663.237832,0
2026-04-06T00:36:17.602359,0,0,662.355806,0
2026-04-06T00:36:18.610254,0,0,663.237832,0
2026-04-06T00:36:19.617139,0,0,663.237832,0
2026-04-06T00:36:20.623138,0,0,663.237832,0
2026-04-06T00:36:21.629881,0,0,662.355806,0
2026-04-06T00:36:22.635732,0,0,662.355806,0
2026-04-06T00:36:23.642604,0,0,664.119858,0
2026-04-06T00:36:24.648444,0,0,662.355806,0
2026-04-06T00:36:25.655375,0,0,663.237832,0
2026-04-06T00:36:26.661226,0,0,663.237832,0
2026-04-06T00:36:27.669076,0,0,661.47378,0
2026-04-06T00:36:28.675946,0,0,663.237832,0
2026-04-06T00:36:29.681836,0,0,663.237832,0
2026-04-06T00:36:30.688700,0,0,662.355806,0
2026-04-06T00:36:31.693537,0,0,663.237832,0
2026-04-06T00:36:32.701428,0,0,663.237832,0
2026-04-06T00:36:33.707334,0,0,661.47378,0
2026-04-06T00:36:34.714161,0,0,664.119858,0
2026-04-06T00:36:44.706381,0,0,662.355806,0
2026-04-06T00:36:47.188349,0,0,659.709728,0
2026-04-06T00:36:48.195391,0,0,662.355806,0
2026-04-06T00:36:49.201202,0,0,663.237832,0
2026-04-06T00:36:50.208097,0,0,662.355806,0
2026-04-06T00:36:51.213978,0,0,662.355806,0
2026-04-06T00:36:52.220825,0,0,663.237832,0
2026-04-06T00:36:53.227708,0,0,663.237832,0
2026-04-06T00:36:54.234567,0,0,662.355806,0
2026-04-06T00:36:55.241450,0,0,663.237832,0
2026-04-06T00:36:56.246299,0,0,662.355806,0
2026-04-06T00:36:57.254196,0,0,662.355806,0
2026-04-06T00:36:58.260066,0,0,662.355806,0
2026-04-06T00:36:59.267046,0,0,662.355806,0
2026-04-06T00:37:00.272839,0,0,664.119858,0
2026-04-06T00:37:01.280705,0,0,662.355806,0
2026-04-06T00:37:02.285564,0,0,662.355806,0
2026-04-06T00:37:03.293453,0,0,663.237832,0
2026-04-06T00:37:04.299322,0,0,661.47378,0
2026-04-06T00:37:05.304194,0,0,662.355806,0
2026-04-06T00:37:06.313086,0,0,661.47378,0
2026-04-06T00:37:07.319047,0,0,662.355806,0
2026-04-06T00:37:08.325855,0,0,663.237832,0
2026-04-06T00:37:09.330731,0,0,663.237832,0
2026-04-06T00:37:10.339592,0,0,662.355806,0
2026-04-06T00:37:11.345439,0,0,662.355806,0
2026-04-06T00:37:12.352355,0,0,662.355806,0
2026-04-06T00:37:13.357173,0,0,662.355806,0
2026-04-06T00:37:14.365092,0,0,663.237832,0
2026-04-06T00:37:15.371077,0,0,661.47378,0
2026-04-06T00:37:16.377822,0,0,662.355806,0
2026-04-06T00:37:17.384680,0,0,661.47378,0
2026-04-06T00:37:18.391439,0,0,662.355806,0
2026-04-06T00:37:19.398449,0,0,661.47378,0
2026-04-06T00:37:20.405310,0,0,657.945676,0
2026-04-06T00:37:21.411290,0,0,661.47378,0
2026-04-06T00:37:22.418071,0,0,663.237832,0
2026-04-06T00:37:23.423994,0,0,661.47378,0
2026-04-06T00:37:24.430931,0,0,662.355806,0
2026-04-06T00:37:25.436719,0,0,661.47378,0
2026-04-06T00:37:26.444591,0,0,662.355806,0
2026-04-06T00:37:27.451487,0,0,663.237832,0
2026-04-06T00:37:28.457330,0,0,663.237832,0
2026-04-06T00:37:29.464226,0,0,662.355806,0
2026-04-06T00:37:30.469073,0,0,662.355806,0
2026-04-06T00:37:31.476996,0,0,662.355806,0
2026-04-06T00:37:32.482957,0,0,662.355806,0
2026-04-06T00:37:33.489736,0,0,656.181624,0
2026-04-06T00:37:34.495624,0,0,662.355806,0
2026-04-06T00:37:35.503508,0,0,662.355806,0
2026-04-06T00:37:36.510399,0,0,663.237832,0
2026-04-06T00:37:37.516266,0,0,664.119858,0
2026-04-06T00:37:38.523246,0,0,663.237832,0
2026-04-06T00:37:39.529034,0,0,663.237832,0
2026-04-06T00:37:40.535920,0,0,662.355806,0
2026-04-06T00:37:41.541794,0,0,662.355806,0
2026-04-06T00:37:42.548673,0,0,663.237832,0
2026-04-06T00:37:43.556557,0,0,662.355806,0
2026-04-06T00:37:44.562303,0,0,663.237832,0
2026-04-06T00:37:45.569357,0,0,662.355806,0
2026-04-06T00:37:46.575238,0,0,662.355806,0
2026-04-06T00:37:47.582088,0,0,663.237832,0
2026-04-06T00:37:48.587995,0,0,662.355806,0
2026-04-06T00:37:49.594920,0,0,663.237832,0
2026-04-06T00:37:50.600759,0,0,663.237832,0
2026-04-06T00:37:51.607648,0,0,663.237832,0
2026-04-06T00:37:52.614482,0,0,662.355806,0
2026-04-06T00:37:53.620357,0,0,663.237832,0
2026-04-06T00:37:54.628288,0,0,662.355806,0
2026-04-06T00:37:55.634192,0,0,663.237832,0
2026-04-06T00:37:56.640992,0,0,671.176066,0
2026-04-06T00:37:57.646888,0,0,662.355806,0
2026-04-06T00:37:58.653793,0,0,662.355806,0
2026-04-06T00:37:59.660656,0,0,662.355806,0
2026-04-06T00:38:00.667558,0,0,662.355806,0
2026-04-06T00:38:01.673456,0,0,662.355806,0
2026-04-06T00:38:02.680354,0,0,661.47378,0
2026-04-06T00:38:03.687319,0,0,663.237832,0
2026-04-06T00:38:04.693097,0,0,662.355806,0
2026-04-06T00:38:05.699994,0,0,663.237832,0
2026-04-06T00:38:06.705879,0,0,661.47378,0
2026-04-06T00:38:07.712762,0,0,663.237832,0
2026-04-06T00:38:08.720641,0,0,663.237832,0
2026-04-06T00:38:09.726548,0,0,663.237832,0
2026-04-06T00:38:10.733395,0,0,662.355806,0
2026-04-06T00:38:11.739329,0,0,662.355806,0
2026-04-06T00:38:12.746166,0,0,663.237832,0
2026-04-06T00:38:13.752075,0,0,662.355806,0
2026-04-06T00:38:14.759048,0,0,668.529988,0
2026-04-06T00:38:15.764872,0,0,662.355806,0
2026-04-06T00:38:26.461334,0,0,663.237832,0
2026-04-06T00:38:28.943410,0,0,662.355806,0
2026-04-06T00:38:29.950323,0,0,662.355806,0
2026-04-06T00:38:30.956216,0,0,662.355806,0
2026-04-06T00:38:31.963155,0,0,662.355806,0
2026-04-06T00:38:32.967947,0,0,662.355806,0
2026-04-06T00:38:33.975854,0,0,663.237832,0
2026-04-06T00:38:34.982776,0,0,663.237832,0
2026-04-06T00:38:35.989662,0,0,662.355806,0
2026-04-06T00:38:36.996552,0,0,663.237832,0
2026-04-06T00:38:38.001445,0,0,662.355806,0
2026-04-06T00:38:39.009329,0,0,662.355806,0
2026-04-06T00:38:40.014169,0,0,662.355806,0
2026-04-06T00:38:41.022109,0,0,662.355806,0
2026-04-06T00:38:42.028001,0,0,662.355806,0
2026-04-06T00:38:43.035890,0,0,663.237832,0
2026-04-06T00:38:44.040782,0,0,662.355806,0
2026-04-06T00:38:45.048673,0,0,662.355806,0
2026-04-06T00:38:46.055550,0,0,662.355806,0
2026-04-06T00:38:47.061443,0,0,662.355806,0
2026-04-06T00:38:48.068353,0,0,663.237832,0
2026-04-06T00:38:58.832563,0,0,662.355806,0
2026-04-06T00:39:01.314772,0,0,662.355806,0
2026-04-06T00:39:02.321752,0,0,663.237832,0
2026-04-06T00:39:03.327641,0,0,662.355806,0
2026-04-06T00:39:04.334540,0,0,662.355806,0
2026-04-06T00:39:05.340413,0,0,662.355806,0
2026-04-06T00:39:06.347381,0,0,663.237832,0
2026-04-06T00:39:07.354198,0,0,663.237832,0
2026-04-06T00:39:08.361076,0,0,663.237832,0
2026-04-06T00:39:09.368016,0,0,663.237832,0
2026-04-06T00:39:10.373905,0,0,662.355806,0
2026-04-06T00:39:11.379675,0,0,661.47378,0
2026-04-06T00:39:12.386679,0,0,663.237832,0
2026-04-06T00:39:13.393523,0,0,662.355806,0
2026-04-06T00:39:14.399474,0,0,662.355806,0
2026-04-06T00:39:15.407437,0,0,662.355806,0
2026-04-06T00:39:16.413202,0,0,662.355806,0
2026-04-06T00:39:17.420176,0,0,663.237832,0
2026-04-06T00:39:18.427149,0,0,661.47378,0
2026-04-06T00:39:19.432959,0,0,662.355806,0
2026-04-06T00:39:20.439850,0,0,662.355806,0
2026-04-06T00:39:21.443612,0,0,662.355806,0
2026-04-06T00:39:22.452641,0,0,663.237832,0
2026-04-06T00:39:23.459512,0,0,663.237832,0
2026-04-06T00:39:33.356952,0,0,663.237832,0
2026-04-06T00:39:35.838317,0,0,662.355806,0
2026-04-06T00:39:36.846181,0,0,662.355806,0
2026-04-06T00:39:37.852102,0,0,663.237832,0
2026-04-06T00:39:38.859075,0,0,662.355806,0
2026-04-06T00:39:39.864901,0,0,662.355806,0
2026-04-06T00:39:40.871769,0,0,662.355806,0
2026-04-06T00:39:41.878669,0,0,662.355806,0
2026-04-06T00:39:42.885574,0,0,663.237832,0
2026-04-06T00:39:43.892482,0,0,662.355806,0
2026-04-06T00:39:44.898366,0,0,664.119858,0
2026-04-06T00:39:45.905277,0,0,663.237832,0
2026-04-06T00:39:46.911263,0,0,663.237832,0
2026-04-06T00:39:47.917983,0,0,662.355806,0
2026-04-06T00:39:48.923996,0,0,662.355806,0
2026-04-06T00:39:49.931892,0,0,662.355806,0
2026-04-06T00:39:50.937799,0,0,662.355806,0
2026-04-06T00:39:51.944706,0,0,664.119858,0
2026-04-06T00:39:52.951595,0,0,662.355806,0
2026-04-06T00:39:53.957485,0,0,663.237832,0
2026-04-06T00:39:54.964473,0,0,663.237832,0
2026-04-06T00:39:55.970329,0,0,662.355806,0
2026-04-06T00:39:56.977188,0,0,664.119858,0
2026-04-06T00:40:07.171938,0,0,660.591754,0
2026-04-06T00:40:09.653973,0,0,662.355806,0
2026-04-06T00:40:10.660867,0,0,662.355806,0
2026-04-06T00:40:11.666737,0,0,663.237832,0
2026-04-06T00:40:12.673674,0,0,662.355806,0
2026-04-06T00:40:13.679556,0,0,662.355806,0
2026-04-06T00:40:14.685479,0,0,663.237832,0
2026-04-06T00:40:15.693386,0,0,663.237832,0
2026-04-06T00:40:16.700287,0,0,661.47378,0
2026-04-06T00:40:17.707254,0,0,664.119858,0
2026-04-06T00:40:18.713090,0,0,662.355806,0
2026-04-06T00:40:19.719962,0,0,663.237832,0
2026-04-06T00:40:20.725892,0,0,663.237832,0
2026-04-06T00:40:21.732779,0,0,663.237832,0
2026-04-06T00:40:22.737692,0,0,662.355806,0
2026-04-06T00:40:23.746593,0,0,663.237832,0
2026-04-06T00:40:24.752507,0,0,662.355806,0
2026-04-06T00:40:25.758409,0,0,663.237832,0
2026-04-06T00:40:26.766329,0,0,662.355806,0
2026-04-06T00:40:27.772192,0,0,661.47378,0
2026-04-06T00:40:28.777121,0,0,662.355806,0
2026-04-06T00:40:29.784989,0,0,661.47378,0
2026-04-06T00:40:30.791948,0,0,663.237832,0
2026-04-06T00:40:40.938521,0,0,662.355806,0
2026-04-06T00:40:43.417648,0,0,662.355806,0
2026-04-06T00:40:44.427583,0,0,662.355806,0
2026-04-06T00:40:45.433516,0,0,662.355806,0
2026-04-06T00:40:46.440398,0,0,662.355806,0
2026-04-06T00:40:47.445277,0,0,663.237832,0
2026-04-06T00:40:48.453194,0,0,662.355806,0
2026-04-06T00:40:49.460085,0,0,662.355806,0
2026-04-06T00:40:50.467133,0,0,660.591754,0
2026-04-06T00:40:51.473918,0,0,663.237832,0
2026-04-06T00:40:52.479817,0,0,662.355806,0
2026-04-06T00:40:53.486724,0,0,663.237832,0
2026-04-06T00:40:54.492636,0,0,662.355806,0
2026-04-06T00:40:55.499472,0,0,662.355806,0
2026-04-06T00:40:56.505456,0,0,659.709728,0
2026-04-06T00:40:57.513345,0,0,661.47378,0
2026-04-06T00:40:58.519335,0,0,660.591754,0
2026-04-06T00:40:59.526194,0,0,662.355806,0
2026-04-06T00:41:00.532084,0,0,663.237832,0
2026-04-06T00:41:01.538000,0,0,662.355806,0
2026-04-06T00:41:02.544883,0,0,663.237832,0
2026-04-06T00:41:03.551816,0,0,663.237832,0
2026-04-06T00:41:04.558719,0,0,662.355806,0
2026-04-06T00:41:14.711662,0,0,651.771494,0
2026-04-06T00:41:17.193645,0,0,662.355806,0
2026-04-06T00:41:18.199513,0,0,662.355806,0
2026-04-06T00:41:19.206421,0,0,662.355806,0
2026-04-06T00:41:20.213281,0,0,661.47378,0
2026-04-06T00:41:21.219275,0,0,663.237832,0
2026-04-06T00:41:22.226144,0,0,661.47378,0
2026-04-06T00:41:23.232029,0,0,662.355806,0
2026-04-06T00:41:24.239963,0,0,654.4175720000001,0
2026-04-06T00:41:25.246959,0,0,661.47378,0
2026-04-06T00:41:26.252783,0,0,660.591754,0
2026-04-06T00:41:27.259707,0,0,662.355806,0
2026-04-06T00:41:28.265602,0,0,661.47378,0
2026-04-06T00:41:29.272490,0,0,663.237832,0
2026-04-06T00:41:30.278431,0,0,661.47378,0
2026-04-06T00:41:31.286338,0,0,662.355806,0
2026-04-06T00:41:32.292263,0,0,662.355806,0
2026-04-06T00:41:33.299237,0,0,662.355806,0
2026-04-06T00:41:34.306072,0,0,663.237832,0
2026-04-06T00:41:35.311965,0,0,662.355806,0
2026-04-06T00:41:36.319024,0,0,662.355806,0
2026-04-06T00:41:37.324832,0,0,662.355806,0
2026-04-06T00:41:38.331732,0,0,662.355806,0
2026-04-06T00:41:39.337619,0,0,662.355806,0
2026-04-06T00:41:40.344541,0,0,663.237832,0
2026-04-06T00:41:41.351414,0,0,662.355806,0
2026-04-06T00:41:42.358393,0,0,662.355806,0
2026-04-06T00:41:43.365292,0,0,662.355806,0
2026-04-06T00:41:44.371265,0,0,664.119858,0
2026-04-06T00:41:45.378124,0,0,662.355806,0
2026-04-06T00:41:46.384062,0,0,662.355806,0
2026-04-06T00:41:47.391001,0,0,662.355806,0
2026-04-06T00:41:48.397850,0,0,662.355806,0
2026-04-06T00:41:49.404758,0,0,662.355806,0
2026-04-06T00:41:50.411675,0,0,663.237832,0
2026-04-06T00:41:51.417599,0,0,662.355806,0
2026-04-06T00:41:52.423482,0,0,660.591754,0
2026-04-06T00:41:53.430452,0,0,663.237832,0
2026-04-06T00:41:54.437353,0,0,663.237832,0
2026-04-06T00:41:55.442256,0,0,664.119858,0
2026-04-06T00:41:56.450199,0,0,662.355806,0
2026-04-06T00:41:57.458097,0,0,663.237832,0
2026-04-06T00:41:58.463979,0,0,662.355806,0
2026-04-06T00:41:59.471029,0,0,662.355806,0
2026-04-06T00:42:00.476830,0,0,662.355806,0
2026-04-06T00:42:01.483694,0,0,663.237832,0
2026-04-06T00:42:02.489636,0,0,664.119858,0
2026-04-06T00:42:03.496583,0,0,662.355806,0
2026-04-06T00:42:04.502446,0,0,662.355806,0
2026-04-06T00:42:05.509352,0,0,663.237832,0
2026-04-06T00:42:06.517342,0,0,661.47378,0
2026-04-06T00:42:07.523251,0,0,663.237832,0
2026-04-06T00:42:08.530143,0,0,661.47378,0
2026-04-06T00:42:09.536027,0,0,662.355806,0
2026-04-06T00:42:10.543060,0,0,661.47378,0
2026-04-06T00:42:20.801560,0,0,663.237832,0
2026-04-06T00:42:23.283943,0,0,662.355806,0
2026-04-06T00:42:24.290914,0,0,664.119858,0
2026-04-06T00:42:25.296785,0,0,662.355806,0
2026-04-06T00:42:26.303654,0,0,662.355806,0
2026-04-06T00:42:27.309610,0,0,663.237832,0
2026-04-06T00:42:28.315534,0,0,661.47378,0
2026-04-06T00:42:29.323406,0,0,662.355806,0
2026-04-06T00:42:30.330355,0,0,661.47378,0
2026-04-06T00:42:31.336277,0,0,663.237832,0
2026-04-06T00:42:32.343251,0,0,660.591754,0
2026-04-06T00:42:33.350099,0,0,662.355806,0
2026-04-06T00:42:34.356025,0,0,662.355806,0
2026-04-06T00:42:35.363026,0,0,662.355806,0
2026-04-06T00:42:36.368871,0,0,662.355806,0
2026-04-06T00:42:37.376729,0,0,663.237832,0
2026-04-06T00:42:38.382650,0,0,664.119858,0
2026-04-06T00:42:39.389615,0,0,662.355806,0
2026-04-06T00:42:40.396522,0,0,662.355806,0
2026-04-06T00:42:41.402430,0,0,660.591754,0
2026-04-06T00:42:42.409360,0,0,663.237832,0
2026-04-06T00:42:43.414291,0,0,664.119858,0
2026-04-06T00:42:44.422173,0,0,661.47378,0
2026-04-06T00:42:54.613781,0,0,662.355806,0
2026-04-06T00:42:57.096158,0,0,662.355806,0
2026-04-06T00:42:58.103110,0,0,662.355806,0
2026-04-06T00:42:59.108985,0,0,661.47378,0
2026-04-06T00:43:00.115883,0,0,662.355806,0
2026-04-06T00:43:01.121839,0,0,660.591754,0
2026-04-06T00:43:02.128772,0,0,662.355806,0
2026-04-06T00:43:03.135687,0,0,662.355806,0
2026-04-06T00:43:04.142615,0,0,663.237832,0
2026-04-06T00:43:05.149520,0,0,665.001884,0
2026-04-06T00:43:06.155431,0,0,662.355806,0
2026-04-06T00:43:07.161352,0,0,665.001884,0
2026-04-06T00:43:08.167332,0,0,662.355806,0
2026-04-06T00:43:09.175296,0,0,664.119858,0
2026-04-06T00:43:10.181135,0,0,661.47378,0
2026-04-06T00:43:11.188973,0,0,662.355806,0
2026-04-06T00:43:12.195052,0,0,662.355806,0
2026-04-06T00:43:13.201835,0,0,664.119858,0
2026-04-06T00:43:14.208824,0,0,662.355806,0
2026-04-06T00:43:15.214740,0,0,663.237832,0
2026-04-06T00:43:16.221674,0,0,662.355806,0
2026-04-06T00:43:17.227556,0,0,663.237832,0
2026-04-06T00:43:18.234465,0,0,663.237832,0
2026-04-06T00:43:19.240413,0,0,662.355806,0
2026-04-06T00:43:20.248342,0,0,663.237832,0
2026-04-06T00:43:21.255290,0,0,661.47378,0
2026-04-06T00:43:22.261160,0,0,662.355806,0
2026-04-06T00:43:23.268079,0,0,661.47378,0
2026-04-06T00:43:24.274005,0,0,663.237832,0
2026-04-06T00:43:25.280924,0,0,660.591754,0
2026-04-06T00:43:26.285870,0,0,663.237832,0
2026-04-06T00:43:27.293771,0,0,661.47378,0
2026-04-06T00:43:28.300692,0,0,662.355806,0
2026-04-06T00:43:29.307606,0,0,662.355806,0
2026-04-06T00:43:30.313530,0,0,662.355806,0
2026-04-06T00:43:31.320456,0,0,659.709728,0
2026-04-06T00:43:32.327387,0,0,662.355806,0
2026-04-06T00:43:33.333365,0,0,662.355806,0
2026-04-06T00:43:34.340287,0,0,664.119858,0
2026-04-06T00:43:35.346189,0,0,663.237832,0
2026-04-06T00:43:36.354125,0,0,662.355806,0
2026-04-06T00:43:37.361036,0,0,663.237832,0
2026-04-06T00:43:38.367056,0,0,663.237832,0
2026-04-06T00:43:39.372886,0,0,663.237832,0
2026-04-06T00:43:40.379810,0,0,665.001884,0
2026-04-06T00:43:41.386731,0,0,662.355806,0
2026-04-06T00:43:42.392614,0,0,664.119858,0
2026-04-06T00:43:43.399577,0,0,662.355806,0
2026-04-06T00:43:44.405504,0,0,662.355806,0
2026-04-06T00:43:45.413411,0,0,663.237832,0
2026-04-06T00:43:46.420373,0,0,662.355806,0
2026-04-06T00:43:47.426273,0,0,663.237832,0
2026-04-06T00:43:48.431244,0,0,662.355806,0
2026-04-06T00:43:49.439197,0,0,661.47378,0
2026-04-06T00:43:50.446045,0,0,663.237832,0
2026-04-06T00:43:51.450940,0,0,662.355806,0
2026-04-06T00:43:52.458996,0,0,662.355806,0
2026-04-06T00:44:05.583538,0,0,662.355806,0
2026-04-06T00:44:06.589778,0,0,662.355806,0
2026-04-06T00:44:07.595704,0,0,663.237832,0
2026-04-06T00:44:08.602636,0,0,664.119858,0
2026-04-06T00:44:09.608595,0,0,662.355806,0
2026-04-06T00:44:10.615506,0,0,662.355806,0
2026-04-06T00:44:11.622424,0,0,662.355806,0
2026-04-06T00:44:12.629367,0,0,662.355806,0
2026-04-06T00:44:13.636289,0,0,662.355806,0
2026-04-06T00:44:14.642211,0,0,663.237832,0
2026-04-06T00:44:15.649131,0,0,662.355806,0
2026-04-06T00:44:16.655009,0,0,662.355806,0
2026-04-06T00:44:17.661981,0,0,662.355806,0
2026-04-06T00:44:18.667937,0,0,662.355806,0
2026-04-06T00:44:19.675848,0,0,663.237832,0
2026-04-06T00:44:20.680762,0,0,663.237832,0
2026-04-06T00:44:21.688731,0,0,662.355806,0
2026-04-06T00:44:22.695726,0,0,663.237832,0
2026-04-06T00:44:23.701644,0,0,663.237832,0
2026-04-06T00:44:24.708544,0,0,663.237832,0
2026-04-06T00:44:25.714491,0,0,662.355806,0
2026-04-06T00:44:26.721367,0,0,664.119858,0
2026-04-06T00:44:27.726352,0,0,663.237832,0
2026-04-06T00:44:28.735326,0,0,663.237832,0
2026-04-06T00:44:29.742073,0,0,662.355806,0
2026-04-06T00:44:30.748136,0,0,662.355806,0
2026-04-06T00:44:31.755102,0,0,662.355806,0
2026-04-06T00:44:32.760920,0,0,660.591754,0
2026-04-06T00:44:33.767876,0,0,660.591754,0
2026-04-06T00:44:34.772765,0,0,663.237832,0
2026-04-06T00:44:35.780713,0,0,662.355806,0
2026-04-06T00:44:36.787636,0,0,662.355806,0
2026-04-06T00:44:37.794566,0,0,662.355806,0
2026-04-06T00:44:38.801471,0,0,662.355806,0
2026-04-06T00:44:39.807441,0,0,663.237832,0
2026-04-06T00:44:40.814357,0,0,662.355806,0
2026-04-06T00:44:41.820293,0,0,662.355806,0
2026-04-06T00:44:42.827286,0,0,662.355806,0
2026-04-06T00:44:43.832252,0,0,662.355806,0
2026-04-06T00:44:44.840060,0,0,662.355806,0
2026-04-06T00:44:45.848000,0,0,663.237832,0
2026-04-06T00:44:46.853911,0,0,662.355806,0
2026-04-06T00:44:47.860847,0,0,661.47378,0
2026-04-06T00:44:48.866774,0,0,666.765936,0
2026-04-06T00:44:49.873755,0,0,663.237832,0
2026-04-06T00:44:50.879699,0,0,663.237832,0
2026-04-06T00:44:51.886614,0,0,662.355806,0
2026-04-06T00:44:52.892549,0,0,662.355806,0
2026-04-06T00:44:53.899445,0,0,664.119858,0
2026-04-06T00:44:54.907407,0,0,663.237832,0
2026-04-06T00:44:55.913303,0,0,662.355806,0
2026-04-06T00:44:56.919317,0,0,663.237832,0
2026-04-06T00:44:57.926196,0,0,662.355806,0
2026-04-06T00:44:58.933125,0,0,657.945676,0
2026-04-06T00:44:59.939145,0,0,663.237832,0
2026-04-06T00:45:00.945942,0,0,660.591754,0
2026-04-06T00:45:01.952846,0,0,664.119858,0
2026-04-06T00:45:02.959810,0,0,663.237832,0
2026-04-06T00:45:03.966706,0,0,663.237832,0
2026-04-06T00:45:04.972664,0,0,663.237832,0
2026-04-06T00:45:05.979596,0,0,661.47378,0
2026-04-06T00:45:06.985523,0,0,663.237832,0
2026-04-06T00:45:07.992455,0,0,662.355806,0
2026-04-06T00:45:08.998391,0,0,662.355806,0
2026-04-06T00:45:10.005302,0,0,663.237832,0
2026-04-06T00:45:11.011289,0,0,660.591754,0
2026-04-06T00:45:12.019241,0,0,663.237832,0
2026-04-06T00:45:13.026101,0,0,657.945676,0
2026-04-06T00:45:14.031121,0,0,662.355806,0
2026-04-06T00:45:15.039066,0,0,664.119858,0
2026-04-06T00:45:16.043901,0,0,663.237832,0
2026-04-06T00:45:17.051826,0,0,662.355806,0
2026-04-06T00:45:18.058748,0,0,664.119858,0
2026-04-06T00:45:19.064675,0,0,662.355806,0
2026-04-06T00:45:20.071615,0,0,663.237832,0
2026-04-06T00:45:21.078584,0,0,663.237832,0
2026-04-06T00:45:22.085526,0,0,662.355806,0
2026-04-06T00:45:23.091451,0,0,662.355806,0
2026-04-06T00:45:24.098342,0,0,663.237832,0
2026-04-06T00:45:25.104320,0,0,663.237832,0
2026-04-06T00:45:26.110197,0,0,664.119858,0
2026-04-06T00:45:27.118127,0,0,663.237832,0
2026-04-06T00:45:28.123120,0,0,662.355806,0
2026-04-06T00:45:29.131072,0,0,663.237832,0
2026-04-06T00:45:30.137929,0,0,663.237832,0
2026-04-06T00:45:31.144869,0,0,663.237832,0
2026-04-06T00:45:32.150798,0,0,662.355806,0
2026-04-06T00:45:33.157726,0,0,662.355806,0
2026-04-06T00:45:34.164653,0,0,658.827702,0
2026-04-06T00:45:35.169577,0,0,663.237832,0
2026-04-06T00:45:36.178501,0,0,661.47378,0
2026-04-06T00:45:37.184436,0,0,664.119858,0
2026-04-06T00:45:38.191438,0,0,662.355806,0
2026-04-06T00:45:39.196356,0,0,663.237832,0
2026-04-06T00:45:40.203289,0,0,661.47378,0
2026-04-06T00:45:41.210221,0,0,664.119858,0
2026-04-06T00:45:42.217146,0,0,662.355806,0
2026-04-06T00:45:43.223152,0,0,661.47378,0
2026-04-06T00:45:44.229975,0,0,664.119858,0
2026-04-06T00:45:45.236915,0,0,662.355806,0
2026-04-06T00:45:46.243851,0,0,663.237832,0
2026-04-06T00:45:47.249777,0,0,662.355806,0
2026-04-06T00:45:48.256679,0,0,662.355806,0
2026-04-06T00:45:49.263610,0,0,662.355806,0
2026-04-06T00:45:50.270571,0,0,663.237832,0
2026-04-06T00:45:51.276511,0,0,662.355806,0
2026-04-06T00:45:52.282441,0,0,662.355806,0
2026-04-06T00:45:53.289331,0,0,662.355806,0
2026-04-06T00:45:54.296309,0,0,663.237832,0
2026-04-06T00:45:55.302240,0,0,663.237832,0
2026-04-06T00:45:56.310193,0,0,664.119858,0
2026-04-06T00:45:57.316099,0,0,663.237832,0
2026-04-06T00:45:58.320994,0,0,662.355806,0
2026-04-06T00:45:59.328956,0,0,663.237832,0
2026-04-06T00:46:00.335022,0,0,663.237832,0
2026-04-06T00:46:01.342910,0,0,663.237832,0
2026-04-06T00:46:02.349762,0,0,663.237832,0
2026-04-06T00:46:03.355703,0,0,662.355806,0
2026-04-06T00:46:04.361629,0,0,662.355806,0
2026-04-06T00:46:05.369598,0,0,663.237832,0
2026-04-06T00:46:06.376473,0,0,662.355806,0
2026-04-06T00:46:07.381400,0,0,662.355806,0
2026-04-06T00:46:08.387364,0,0,662.355806,0
2026-04-06T00:46:09.395330,0,0,662.355806,0
2026-04-06T00:46:10.403315,0,0,664.119858,0
2026-04-06T00:46:11.409157,0,0,663.237832,0
2026-04-06T00:46:12.416114,0,0,663.237832,0
2026-04-06T00:46:13.422036,0,0,663.237832,0
2026-04-06T00:46:14.428974,0,0,662.355806,0
2026-04-06T00:46:15.435925,0,0,665.001884,0
2026-04-06T00:46:16.441838,0,0,663.237832,0
2026-04-06T00:46:17.448768,0,0,662.355806,0
2026-04-06T00:46:18.454684,0,0,662.355806,0
2026-04-06T00:46:19.461634,0,0,664.119858,0
2026-04-06T00:46:20.467574,0,0,662.355806,0
2026-04-06T00:46:21.475510,0,0,663.237832,0
2026-04-06T00:46:22.482481,0,0,662.355806,0
2026-04-06T00:46:23.488418,0,0,662.355806,0
2026-04-06T00:46:24.495365,0,0,662.355806,0
2026-04-06T00:46:25.500251,0,0,662.355806,0
2026-04-06T00:46:26.507261,0,0,664.119858,0
2026-04-06T00:46:27.515212,0,0,662.355806,0
2026-04-06T00:46:28.521109,0,0,661.47378,0
2026-04-06T00:46:29.527126,0,0,661.47378,0
2026-04-06T00:46:30.535046,0,0,662.355806,0
2026-04-06T00:46:31.541896,0,0,664.119858,0
2026-04-06T00:46:32.547859,0,0,663.237832,0
2026-04-06T00:46:33.553785,0,0,661.47378,0
2026-04-06T00:46:34.560669,0,0,662.355806,0
2026-04-06T00:46:35.566616,0,0,663.237832,0
2026-04-06T00:46:36.574564,0,0,662.355806,0
2026-04-06T00:46:37.581516,0,0,662.355806,0
2026-04-06T00:46:38.588434,0,0,663.237832,0
2026-04-06T00:46:39.594373,0,0,662.355806,0
2026-04-06T00:46:40.601307,0,0,664.119858,0
2026-04-06T00:46:41.607322,0,0,663.237832,0
2026-04-06T00:46:42.613182,0,0,662.355806,0
2026-04-06T00:46:43.620139,0,0,662.355806,0
2026-04-06T00:46:44.627128,0,0,662.355806,0
2026-04-06T00:46:45.633996,0,0,662.355806,0
2026-04-06T00:46:46.640934,0,0,663.237832,0
2026-04-06T00:46:47.647876,0,0,662.355806,0
2026-04-06T00:46:48.653790,0,0,662.355806,0
2026-04-06T00:46:49.660740,0,0,662.355806,0
2026-04-06T00:46:50.666658,0,0,662.355806,0
2026-04-06T00:46:51.673593,0,0,662.355806,0
2026-04-06T00:46:52.679362,0,0,663.237832,0
2026-04-06T00:46:53.687407,0,0,662.355806,0
2026-04-06T00:46:54.694323,0,0,663.237832,0
2026-04-06T00:46:55.699327,0,0,662.355806,0
2026-04-06T00:46:56.707269,0,0,662.355806,0
2026-04-06T00:46:57.713152,0,0,663.237832,0
2026-04-06T00:46:58.719154,0,0,662.355806,0
2026-04-06T00:46:59.726018,0,0,662.355806,0
2026-04-06T00:47:00.731955,0,0,662.355806,0
2026-04-06T00:47:01.738961,0,0,662.355806,0
2026-04-06T00:47:02.745846,0,0,662.355806,0
2026-04-06T00:47:03.752778,0,0,662.355806,0
2026-04-06T00:47:04.759711,0,0,662.355806,0
2026-04-06T00:47:05.765633,0,0,662.355806,0
2026-04-06T00:47:06.772564,0,0,662.355806,0
2026-04-06T00:47:07.779473,0,0,663.237832,0
2026-04-06T00:47:08.785438,0,0,662.355806,0
2026-04-06T00:47:09.793381,0,0,662.355806,0
2026-04-06T00:47:10.800319,0,0,664.119858,0
2026-04-06T00:47:11.805254,0,0,663.237832,0
2026-04-06T00:47:12.813188,0,0,665.001884,0
2026-04-06T00:47:13.819236,0,0,662.355806,0
2026-04-06T00:47:14.826104,0,0,662.355806,0
2026-04-06T00:47:15.832006,0,0,662.355806,0
2026-04-06T00:47:16.839063,0,0,663.237832,0
2026-04-06T00:47:17.844882,0,0,663.237832,0
2026-04-06T00:47:18.852809,0,0,662.355806,0
2026-04-06T00:47:19.859807,0,0,662.355806,0
2026-04-06T00:47:20.864731,0,0,662.355806,0
2026-04-06T00:47:21.872661,0,0,663.237832,0
2026-04-06T00:47:22.878606,0,0,662.355806,0
2026-04-06T00:47:23.885544,0,0,662.355806,0
2026-04-06T00:47:24.891490,0,0,666.765936,0
2026-04-06T00:47:25.897416,0,0,662.355806,0
2026-04-06T00:47:26.906318,0,0,662.355806,0
2026-04-06T00:47:27.912269,0,0,662.355806,0
2026-04-06T00:47:28.919280,0,0,662.355806,0
2026-04-06T00:47:29.924148,0,0,662.355806,0
2026-04-06T00:47:30.932073,0,0,663.237832,0
2026-04-06T00:47:31.938039,0,0,662.355806,0
2026-04-06T00:47:32.944959,0,0,662.355806,0
2026-04-06T00:47:33.950976,0,0,663.237832,0
2026-04-06T00:47:34.957838,0,0,662.355806,0
2026-04-06T00:47:35.965767,0,0,663.237832,0
2026-04-06T00:47:36.971706,0,0,663.237832,0
2026-04-06T00:47:37.978652,0,0,663.237832,0
2026-04-06T00:47:38.983605,0,0,662.355806,0
2026-04-06T00:47:39.990531,0,0,662.355806,0
2026-04-06T00:47:40.997475,0,0,662.355806,0
2026-04-06T00:47:42.004440,0,0,662.355806,0
2026-04-06T00:47:43.011393,0,0,662.355806,0
2026-04-06T00:47:44.016316,0,0,663.237832,0
2026-04-06T00:47:45.025272,0,0,661.47378,0
2026-04-06T00:47:46.031256,0,0,662.355806,0
2026-04-06T00:47:47.038147,0,0,663.237832,0
2026-04-06T00:47:48.044086,0,0,663.237832,0
2026-04-06T00:47:49.050026,0,0,663.237832,0
2026-04-06T00:47:50.056953,0,0,663.237832,0
2026-04-06T00:47:51.063914,0,0,662.355806,0
2026-04-06T00:47:52.070898,0,0,663.237832,0
2026-04-06T00:47:53.077775,0,0,660.591754,0
2026-04-06T00:47:54.084687,0,0,662.355806,0
2026-04-06T00:47:55.090661,0,0,662.355806,0
2026-04-06T00:47:56.097604,0,0,662.355806,0
2026-04-06T00:47:57.102536,0,0,661.47378,0
2026-04-06T00:47:58.109477,0,0,663.237832,0
2026-04-06T00:47:59.117416,0,0,664.119858,0
2026-04-06T00:48:00.123328,0,0,662.355806,0
2026-04-06T00:48:01.131394,0,0,664.119858,0
2026-04-06T00:48:02.137202,0,0,662.355806,0
2026-04-06T00:48:03.144189,0,0,664.119858,0
2026-04-06T00:48:04.149121,0,0,663.237832,0
2026-04-06T00:48:05.157027,0,0,663.237832,0
2026-04-06T00:48:06.163105,0,0,662.355806,0
2026-04-06T00:48:07.168906,0,0,663.237832,0
2026-04-06T00:48:08.176849,0,0,663.237832,0
2026-04-06T00:48:09.181787,0,0,663.237832,0
2026-04-06T00:48:10.190739,0,0,646.479338,0
2026-04-06T00:48:11.195674,0,0,663.237832,0
2026-04-06T00:48:12.203611,0,0,662.355806,0
2026-04-06T00:48:13.209549,0,0,662.355806,0
2026-04-06T00:48:14.216493,0,0,662.355806,0
2026-04-06T00:48:15.221443,0,0,662.355806,0
2026-04-06T00:48:16.229358,0,0,662.355806,0
2026-04-06T00:48:17.236311,0,0,663.237832,0
2026-04-06T00:48:18.243357,0,0,663.237832,0
2026-04-06T00:48:19.250189,0,0,663.237832,0
2026-04-06T00:48:20.256133,0,0,663.237832,0
2026-04-06T00:48:21.263203,0,0,662.355806,0
2026-04-06T00:48:22.269019,0,0,662.355806,0
2026-04-06T00:48:23.275965,0,0,662.355806,0
2026-04-06T00:48:24.283005,0,0,662.355806,0
2026-04-06T00:48:25.288843,0,0,662.355806,0
2026-04-06T00:48:26.296822,0,0,662.355806,0
2026-04-06T00:48:27.302747,0,0,662.355806,0
2026-04-06T00:48:28.309675,0,0,662.355806,0
2026-04-06T00:48:29.315594,0,0,663.237832,0
2026-04-06T00:48:30.322536,0,0,662.355806,0
2026-04-06T00:48:31.329532,0,0,662.355806,0
2026-04-06T00:48:32.335479,0,0,663.237832,0
2026-04-06T00:48:33.342427,0,0,663.237832,0
2026-04-06T00:48:34.347385,0,0,663.237832,0
2026-04-06T00:48:35.355355,0,0,663.237832,0
2026-04-06T00:48:36.362208,0,0,662.355806,0
2026-04-06T00:48:37.369168,0,0,662.355806,0
2026-04-06T00:48:38.375055,0,0,662.355806,0
2026-04-06T00:48:39.382057,0,0,663.237832,0
2026-04-06T00:48:40.388977,0,0,662.355806,0
2026-04-06T00:48:41.395053,0,0,663.237832,0
2026-04-06T00:48:42.401872,0,0,662.355806,0
2026-04-06T00:48:43.407832,0,0,662.355806,0
2026-04-06T00:48:44.415772,0,0,663.237832,0
2026-04-06T00:48:45.421703,0,0,663.237832,0
2026-04-06T00:48:46.427661,0,0,662.355806,0
2026-04-06T00:48:47.434595,0,0,662.355806,0
2026-04-06T00:48:48.441539,0,0,660.591754,0
2026-04-06T00:48:49.447482,0,0,663.237832,0
2026-04-06T00:48:50.453422,0,0,662.355806,0
2026-04-06T00:48:51.461372,0,0,661.47378,0
2026-04-06T00:48:52.467355,0,0,662.355806,0
2026-04-06T00:48:53.474221,0,0,663.237832,0
2026-04-06T00:48:54.481187,0,0,663.237832,0
2026-04-06T00:48:55.487192,0,0,662.355806,0
2026-04-06T00:48:56.495146,0,0,662.355806,0
2026-04-06T00:48:57.501023,0,0,663.237832,0
2026-04-06T00:48:58.507041,0,0,663.237832,0
2026-04-06T00:48:59.513876,0,0,664.119858,0
2026-04-06T00:49:00.521837,0,0,662.355806,0
2026-04-06T00:49:01.527787,0,0,664.119858,0
2026-04-06T00:49:02.533720,0,0,662.355806,0
2026-04-06T00:49:03.541650,0,0,661.47378,0
2026-04-06T00:49:04.547604,0,0,663.237832,0
2026-04-06T00:49:05.554550,0,0,662.355806,0
2026-04-06T00:49:06.560495,0,0,663.237832,0
2026-04-06T00:49:07.566492,0,0,662.355806,0
2026-04-06T00:49:08.573441,0,0,662.355806,0
2026-04-06T00:49:09.580369,0,0,664.119858,0
2026-04-06T00:49:10.587354,0,0,661.47378,0
2026-04-06T00:49:11.594264,0,0,663.237832,0
2026-04-06T00:49:12.601195,0,0,664.119858,0
2026-04-06T00:49:13.606161,0,0,663.237832,0
2026-04-06T00:49:14.614124,0,0,665.001884,0
2026-04-06T00:49:15.620061,0,0,663.237832,0
2026-04-06T00:49:16.627011,0,0,664.119858,0
2026-04-06T00:49:17.632916,0,0,662.355806,0
2026-04-06T00:49:18.640854,0,0,668.529988,0
2026-04-06T00:49:19.647840,0,0,662.355806,0
2026-04-06T00:49:20.653772,0,0,665.001884,0
2026-04-06T00:49:21.660712,0,0,662.355806,0
2026-04-06T00:49:22.666638,0,0,663.237832,0
2026-04-06T00:49:23.673578,0,0,663.237832,0
2026-04-06T00:49:24.679567,0,0,663.237832,0
2026-04-06T00:49:25.686492,0,0,662.355806,0
2026-04-06T00:49:26.692423,0,0,664.119858,0
2026-04-06T00:49:27.699394,0,0,662.355806,0
2026-04-06T00:49:28.707380,0,0,663.237832,0
2026-04-06T00:49:29.712218,0,0,663.237832,0
2026-04-06T00:49:40.350262,0,0,662.355806,0
2026-04-06T00:49:42.832535,0,0,663.237832,0
2026-04-06T00:49:43.838439,0,0,662.355806,0
2026-04-06T00:49:44.845384,0,0,663.237832,0
2026-04-06T00:49:45.851390,0,0,662.355806,0
2026-04-06T00:49:46.858292,0,0,662.355806,0
2026-04-06T00:49:47.865238,0,0,663.237832,0
2026-04-06T00:49:48.872180,0,0,663.237832,0
2026-04-06T00:49:49.879224,0,0,662.355806,0
2026-04-06T00:49:50.886050,0,0,662.355806,0
2026-04-06T00:49:51.892038,0,0,662.355806,0
2026-04-06T00:49:52.899058,0,0,662.355806,0
2026-04-06T00:49:53.904912,0,0,663.237832,0
2026-04-06T00:49:54.911866,0,0,662.355806,0
2026-04-06T00:49:55.917816,0,0,661.47378,0
2026-04-06T00:49:56.925753,0,0,663.237832,0
2026-04-06T00:49:57.931711,0,0,661.47378,0
2026-04-06T00:49:58.938630,0,0,662.355806,0
2026-04-06T00:49:59.945604,0,0,664.119858,0
2026-04-06T00:50:00.951522,0,0,662.355806,0
2026-04-06T00:50:01.958531,0,0,664.119858,0
2026-04-06T00:50:02.964427,0,0,663.237832,0
2026-04-06T00:50:03.971430,0,0,663.237832,0
2026-04-06T00:50:04.977294,0,0,663.237832,0
2026-04-06T00:50:05.985247,0,0,662.355806,0
2026-04-06T00:50:06.991264,0,0,663.237832,0
2026-04-06T00:50:07.998194,0,0,663.237832,0
2026-04-06T00:50:09.005111,0,0,662.355806,0
2026-04-06T00:50:10.011163,0,0,663.237832,0
2026-04-06T00:50:11.018019,0,0,662.355806,0
2026-04-06T00:50:12.024029,0,0,662.355806,0
2026-04-06T00:50:13.030984,0,0,662.355806,0
2026-04-06T00:50:14.037758,0,0,663.237832,0
2026-04-06T00:50:15.044763,0,0,660.591754,0
2026-04-06T00:50:16.050700,0,0,661.47378,0
2026-04-06T00:50:17.057634,0,0,661.47378,0
2026-04-06T00:50:18.064581,0,0,663.237832,0
2026-04-06T00:50:19.070508,0,0,663.237832,0
2026-04-06T00:50:20.077458,0,0,662.355806,0
2026-04-06T00:50:21.083428,0,0,662.355806,0
2026-04-06T00:50:22.091449,0,0,662.355806,0
2026-04-06T00:50:23.098356,0,0,664.119858,0
2026-04-06T00:50:24.104327,0,0,662.355806,0
2026-04-06T00:50:25.111343,0,0,661.47378,0
2026-04-06T00:50:26.117229,0,0,662.355806,0
2026-04-06T00:50:27.124141,0,0,664.119858,0
2026-04-06T00:50:28.129994,0,0,663.237832,0
2026-04-06T00:50:29.137040,0,0,665.001884,0
2026-04-06T00:50:30.143024,0,0,663.237832,0
2026-04-06T00:50:31.150970,0,0,663.237832,0
2026-04-06T00:50:32.157874,0,0,663.237832,0
2026-04-06T00:50:33.160774,0,0,664.119858,0
2026-04-06T00:50:34.170785,0,0,663.237832,0
2026-04-06T00:50:35.176665,0,0,661.47378,0
2026-04-06T00:50:36.183629,0,0,662.355806,0
2026-04-06T00:50:46.415581,0,0,662.355806,0
2026-04-06T00:50:48.897954,0,0,663.237832,0
2026-04-06T00:50:49.902931,0,0,662.355806,0
2026-04-06T00:50:50.910803,0,0,662.355806,0
2026-04-06T00:50:51.917796,0,0,662.355806,0
2026-04-06T00:50:52.923674,0,0,662.355806,0
2026-04-06T00:50:53.930615,0,0,663.237832,0
2026-04-06T00:50:54.937618,0,0,663.237832,0
2026-04-06T00:50:55.944492,0,0,663.237832,0
2026-04-06T00:50:56.951505,0,0,662.355806,0
2026-04-06T00:50:57.956433,0,0,663.237832,0
2026-04-06T00:50:58.964386,0,0,663.237832,0
2026-04-06T00:50:59.970347,0,0,662.355806,0
2026-04-06T00:51:00.977272,0,0,662.355806,0
2026-04-06T00:51:01.983298,0,0,662.355806,0
2026-04-06T00:51:02.990178,0,0,661.47378,0
2026-04-06T00:51:03.997143,0,0,663.237832,0
2026-04-06T00:51:05.004102,0,0,661.47378,0
2026-04-06T00:51:06.011137,0,0,662.355806,0
2026-04-06T00:51:07.016993,0,0,661.47378,0
2026-04-06T00:51:08.023917,0,0,662.355806,0
2026-04-06T00:51:09.029851,0,0,661.47378,0
2026-04-06T00:51:10.036805,0,0,663.237832,0
2026-04-06T00:51:11.042768,0,0,661.47378,0
2026-04-06T00:51:12.050697,0,0,662.355806,0
2026-04-06T00:51:13.057646,0,0,662.355806,0
2026-04-06T00:51:14.062567,0,0,659.709728,0
2026-04-06T00:51:15.070532,0,0,663.237832,0
2026-04-06T00:51:16.075486,0,0,662.355806,0
2026-04-06T00:51:17.083470,0,0,662.355806,0
2026-04-06T00:51:18.089389,0,0,662.355806,0
2026-04-06T00:51:19.096326,0,0,662.355806,0
2026-04-06T00:51:20.103302,0,0,662.355806,0
2026-04-06T00:51:21.110242,0,0,662.355806,0
2026-04-06T00:51:22.116186,0,0,663.237832,0
2026-04-06T00:51:23.123241,0,0,662.355806,0
2026-04-06T00:51:24.130095,0,0,665.001884,0
2026-04-06T00:51:25.136042,0,0,663.237832,0
2026-04-06T00:51:26.143096,0,0,662.355806,0
2026-04-06T00:51:27.148952,0,0,662.355806,0
2026-04-06T00:51:28.156893,0,0,662.355806,0
2026-04-06T00:51:29.163848,0,0,663.237832,0
2026-04-06T00:51:30.169778,0,0,662.355806,0
2026-04-06T00:51:31.176739,0,0,663.237832,0
2026-04-06T00:51:32.180661,0,0,662.355806,0
2026-04-06T00:51:33.189625,0,0,662.355806,0
2026-04-06T00:51:34.194591,0,0,662.355806,0
2026-04-06T00:51:35.202522,0,0,663.237832,0
2026-04-06T00:51:36.208462,0,0,663.237832,0
2026-04-06T00:51:37.216436,0,0,662.355806,0
2026-04-06T00:51:38.223345,0,0,662.355806,0
2026-04-06T00:51:39.229338,0,0,662.355806,0
2026-04-06T00:51:40.236263,0,0,662.355806,0
2026-04-06T00:51:41.242198,0,0,663.237832,0
2026-04-06T00:51:42.249179,0,0,661.47378,0
2026-04-06T00:51:43.255193,0,0,662.355806,0
2026-04-06T00:51:44.261080,0,0,662.355806,0
2026-04-06T00:51:45.270060,0,0,662.355806,0
2026-04-06T00:51:46.275962,0,0,663.237832,0
2026-04-06T00:51:47.283008,0,0,663.237832,0
2026-04-06T00:51:48.288870,0,0,662.355806,0
2026-04-06T00:51:49.295469,0,0,663.237832,0
2026-04-06T00:51:50.301763,0,0,662.355806,0
2026-04-06T00:51:51.307731,0,0,662.355806,0
2026-04-06T00:51:52.313637,0,0,662.355806,0
2026-04-06T00:51:53.321527,0,0,662.355806,0
2026-04-06T00:51:54.329651,0,0,657.06365,0
2026-04-06T00:51:55.335594,0,0,663.237832,0
2026-04-06T00:51:56.341457,0,0,662.355806,0
2026-04-06T00:51:57.348406,0,0,662.355806,0
2026-04-06T00:51:58.355403,0,0,663.237832,0
2026-04-06T00:51:59.360300,0,0,664.119858,0
2026-04-06T00:52:00.368257,0,0,663.237832,0
2026-04-06T00:52:01.375275,0,0,660.591754,0
2026-04-06T00:52:02.382155,0,0,662.355806,0
2026-04-06T00:52:03.389079,0,0,661.47378,0
2026-04-06T00:52:04.395107,0,0,666.765936,0
2026-04-06T00:52:05.402008,0,0,662.355806,0
2026-04-06T00:52:06.407464,0,0,662.355806,0
2026-04-06T00:52:07.414990,0,0,662.355806,0
2026-04-06T00:52:08.420836,0,0,662.355806,0
2026-04-06T00:52:09.427786,0,0,661.47378,0
2026-04-06T00:52:10.435752,0,0,662.355806,0
2026-04-06T00:52:11.441646,0,0,660.591754,0
2026-04-06T00:52:12.448665,0,0,662.355806,0
2026-04-06T00:52:13.454551,0,0,662.355806,0
2026-04-06T00:52:14.461547,0,0,662.355806,0
2026-04-06T00:52:15.467485,0,0,662.355806,0
2026-04-06T00:52:16.474464,0,0,662.355806,0
2026-04-06T00:52:17.481384,0,0,662.355806,0
2026-04-06T00:52:18.487388,0,0,662.355806,0
2026-04-06T00:52:19.495317,0,0,663.237832,0
2026-04-06T00:52:20.501251,0,0,662.355806,0
2026-04-06T00:52:21.507241,0,0,662.355806,0
2026-04-06T00:52:22.514140,0,0,662.355806,0
2026-04-06T00:52:23.520098,0,0,662.355806,0
2026-04-06T00:52:24.527102,0,0,660.591754,0
2026-04-06T00:52:25.532969,0,0,662.355806,0
2026-04-06T00:52:26.539969,0,0,662.355806,0
2026-04-06T00:52:27.546784,0,0,662.355806,0
2026-04-06T00:52:28.554898,0,0,662.355806,0
2026-04-06T00:52:29.560765,0,0,663.237832,0
2026-04-06T00:52:30.567719,0,0,663.237832,0
2026-04-06T00:52:31.572679,0,0,673.822144,0
2026-04-06T00:52:32.580631,0,0,662.355806,0
2026-04-06T00:52:33.587598,0,0,662.355806,0
2026-04-06T00:52:34.593519,0,0,662.355806,0
2026-04-06T00:52:35.600497,0,0,663.237832,0
2026-04-06T00:52:36.606462,0,0,663.237832,0
2026-04-06T00:52:37.614383,0,0,661.47378,0
2026-04-06T00:52:38.620351,0,0,662.355806,0
2026-04-06T00:52:39.627355,0,0,663.237832,0
2026-04-06T00:52:40.631495,0,0,662.355806,0
2026-04-06T00:52:41.640204,0,0,662.355806,0
2026-04-06T00:52:42.647241,0,0,664.119858,0
2026-04-06T00:52:43.653072,0,0,662.355806,0
2026-04-06T00:52:44.661062,0,0,664.119858,0
2026-04-06T00:52:45.667091,0,0,662.355806,0
2026-04-06T00:52:46.673973,0,0,665.88391,0
2026-04-06T00:52:47.679902,0,0,663.237832,0
2026-04-06T00:52:48.686981,0,0,662.355806,0
2026-04-06T00:52:49.693801,0,0,662.355806,0
2026-04-06T00:52:50.698785,0,0,663.237832,0
2026-04-06T00:52:51.706743,0,0,663.237832,0
2026-04-06T00:52:52.712685,0,0,663.237832,0
2026-04-06T00:52:53.719650,0,0,662.355806,0
2026-04-06T00:52:54.726571,0,0,662.355806,0
2026-04-06T00:52:55.733486,0,0,663.237832,0
2026-04-06T00:52:56.739480,0,0,663.237832,0
2026-04-06T00:52:57.746393,0,0,664.119858,0
2026-04-06T00:52:58.753366,0,0,661.47378,0
2026-04-06T00:52:59.759323,0,0,662.355806,0
2026-04-06T00:53:00.766270,0,0,663.237832,0
2026-04-06T00:53:01.773222,0,0,663.237832,0
2026-04-06T00:53:02.780195,0,0,662.355806,0
2026-04-06T00:53:03.786133,0,0,663.237832,0
2026-04-06T00:53:04.793071,0,0,662.355806,0
2026-04-06T00:53:05.800051,0,0,662.355806,0
2026-04-06T00:53:06.805971,0,0,663.237832,0
2026-04-06T00:53:07.812923,0,0,662.355806,0
2026-04-06T00:53:08.818938,0,0,662.355806,0
2026-04-06T00:53:09.826960,0,0,662.355806,0
2026-04-06T00:53:10.832781,0,0,662.355806,0
2026-04-06T00:53:11.839717,0,0,663.237832,0
2026-04-06T00:53:12.845684,0,0,663.237832,0
2026-04-06T00:53:13.852670,0,0,662.355806,0
2026-04-06T00:53:14.859582,0,0,662.355806,0
2026-04-06T00:53:15.865556,0,0,662.355806,0
2026-04-06T00:53:16.872506,0,0,663.237832,0
2026-04-06T00:53:17.877466,0,0,663.237832,0
2026-04-06T00:53:18.886377,0,0,662.355806,0
2026-04-06T00:53:19.891359,0,0,662.355806,0
2026-04-06T00:53:20.899335,0,0,662.355806,0
2026-04-06T00:53:21.906274,0,0,663.237832,0
2026-04-06T00:53:22.912234,0,0,663.237832,0
2026-04-06T00:53:23.919240,0,0,662.355806,0
2026-04-06T00:53:24.924997,0,0,662.355806,0
2026-04-06T00:53:25.932087,0,0,663.237832,0
2026-04-06T00:53:26.939112,0,0,662.355806,0
2026-04-06T00:53:27.945981,0,0,662.355806,0
2026-04-06T00:53:28.951927,0,0,663.237832,0
2026-04-06T00:53:29.958931,0,0,662.355806,0
2026-04-06T00:53:30.965803,0,0,662.355806,0
2026-04-06T00:53:31.969739,0,0,665.001884,0
2026-04-06T00:53:32.978712,0,0,662.355806,0
2026-04-06T00:53:33.984666,0,0,664.119858,0
2026-04-06T00:53:34.991600,0,0,663.237832,0
2026-04-06T00:53:35.998576,0,0,662.355806,0
2026-04-06T00:53:37.004543,0,0,663.237832,0
2026-04-06T00:53:38.012458,0,0,663.237832,0
2026-04-06T00:53:39.018428,0,0,663.237832,0
2026-04-06T00:53:40.025373,0,0,664.119858,0
2026-04-06T00:53:41.031390,0,0,663.237832,0
2026-04-06T00:53:42.038281,0,0,664.119858,0
2026-04-06T00:53:43.044241,0,0,657.945676,0
2026-04-06T00:53:44.052206,0,0,662.355806,0
2026-04-06T00:53:45.058144,0,0,662.355806,0
2026-04-06T00:53:46.065094,0,0,662.355806,0
2026-04-06T00:53:47.072074,0,0,665.88391,0
2026-04-06T00:53:48.077978,0,0,661.47378,0
2026-04-06T00:53:49.083943,0,0,662.355806,0
2026-04-06T00:53:50.091012,0,0,661.47378,0
2026-04-06T00:53:51.097865,0,0,665.88391,0
2026-04-06T00:53:52.101824,0,0,662.355806,0
2026-04-06T00:53:53.110771,0,0,663.237832,0
2026-04-06T00:53:54.118619,0,0,662.355806,0
2026-04-06T00:53:55.124665,0,0,662.355806,0
2026-04-06T00:53:56.131654,0,0,663.237832,0
2026-04-06T00:53:57.136567,0,0,661.47378,0
2026-04-06T00:53:58.143554,0,0,663.237832,0
2026-04-06T00:53:59.148481,0,0,665.001884,0
2026-04-06T00:54:00.157400,0,0,661.47378,0
2026-04-06T00:54:01.163411,0,0,662.355806,0
2026-04-06T00:54:02.171450,0,0,663.237832,0
2026-04-06T00:54:03.178327,0,0,662.355806,0
2026-04-06T00:54:04.184338,0,0,663.237832,0
2026-04-06T00:54:05.191364,0,0,663.237832,0
2026-04-06T00:54:06.197206,0,0,662.355806,0
2026-04-06T00:54:07.204146,0,0,663.237832,0
2026-04-06T00:54:08.210118,0,0,661.47378,0
2026-04-06T00:54:09.217062,0,0,662.355806,0
2026-04-06T00:54:10.225021,0,0,664.119858,0
2026-04-06T00:54:11.231073,0,0,662.355806,0
2026-04-06T00:54:12.237947,0,0,663.237832,0
2026-04-06T00:54:13.242983,0,0,663.237832,0
2026-04-06T00:54:14.249862,0,0,665.001884,0
2026-04-06T00:54:15.256813,0,0,663.237832,0
2026-04-06T00:54:16.263777,0,0,662.355806,0
2026-04-06T00:54:17.268679,0,0,662.355806,0
2026-04-06T00:54:18.277639,0,0,663.237832,0
2026-04-06T00:54:19.284628,0,0,660.591754,0
2026-04-06T00:54:20.290571,0,0,663.237832,0
2026-04-06T00:54:21.297544,0,0,663.237832,0
2026-04-06T00:54:22.303491,0,0,662.355806,0
2026-04-06T00:54:23.310432,0,0,663.237832,0
2026-04-06T00:54:24.316366,0,0,663.237832,0
2026-04-06T00:54:25.323369,0,0,662.355806,0
2026-04-06T00:54:26.331352,0,0,662.355806,0
2026-04-06T00:54:27.337217,0,0,662.355806,0
2026-04-06T00:54:28.344176,0,0,665.001884,0
2026-04-06T00:54:29.350123,0,0,663.237832,0
2026-04-06T00:54:30.357076,0,0,662.355806,0
2026-04-06T00:54:31.363132,0,0,662.355806,0
2026-04-06T00:54:32.369026,0,0,663.237832,0
2026-04-06T00:54:33.375972,0,0,662.355806,0
2026-04-06T00:54:34.383020,0,0,663.237832,0
2026-04-06T00:54:35.390946,0,0,666.765936,0
2026-04-06T00:54:36.396799,0,0,662.355806,0
2026-04-06T00:54:37.403781,0,0,663.237832,0
2026-04-06T00:54:38.408743,0,0,663.237832,0
2026-04-06T00:54:39.416688,0,0,659.709728,0
2026-04-06T00:54:40.422622,0,0,662.355806,0
2026-04-06T00:54:41.429581,0,0,662.355806,0
2026-04-06T00:54:42.435571,0,0,662.355806,0
2026-04-06T00:54:43.443520,0,0,662.355806,0
2026-04-06T00:54:44.450459,0,0,663.237832,0
2026-04-06T00:54:45.456430,0,0,663.237832,0
2026-04-06T00:54:46.463393,0,0,662.355806,0
2026-04-06T00:54:47.469323,0,0,662.355806,0
2026-04-06T00:54:48.475455,0,0,663.237832,0
2026-04-06T00:54:49.482221,0,0,665.001884,0
2026-04-06T00:54:50.489198,0,0,662.355806,0
2026-04-06T00:54:51.497148,0,0,664.119858,0
2026-04-06T00:54:52.503237,0,0,664.119858,0
2026-04-06T00:54:53.510008,0,0,662.355806,0
2026-04-06T00:54:54.515987,0,0,663.237832,0
2026-04-06T00:54:55.523092,0,0,664.119858,0
2026-04-06T00:54:56.528917,0,0,663.237832,0
2026-04-06T00:54:57.535884,0,0,663.237832,0
2026-04-06T00:54:58.542805,0,0,663.237832,0
2026-04-06T00:54:59.548776,0,0,663.237832,0
2026-04-06T00:55:00.556722,0,0,663.237832,0
2026-04-06T00:55:01.561682,0,0,663.237832,0
2026-04-06T00:55:02.569627,0,0,663.237832,0
2026-04-06T00:55:03.575605,0,0,662.355806,0
2026-04-06T00:55:04.582537,0,0,663.237832,0
2026-04-06T00:55:05.588459,0,0,663.237832,0
2026-04-06T00:55:06.594466,0,0,662.355806,0
2026-04-06T00:55:17.100496,0,0,661.47378,0
2026-04-06T00:55:19.581816,0,0,665.001884,0
2026-04-06T00:55:20.589719,0,0,662.355806,0
2026-04-06T00:55:21.595737,0,0,662.355806,0
2026-04-06T00:55:22.602661,0,0,662.355806,0
2026-04-06T00:55:23.608653,0,0,662.355806,0
2026-04-06T00:55:24.615615,0,0,662.355806,0
2026-04-06T00:55:25.622561,0,0,661.47378,0
2026-04-06T00:55:26.629522,0,0,661.47378,0
2026-04-06T00:55:27.636502,0,0,663.237832,0
2026-04-06T00:55:28.642403,0,0,663.237832,0
2026-04-06T00:55:29.649375,0,0,664.119858,0
2026-04-06T00:55:30.655380,0,0,663.237832,0
2026-04-06T00:55:31.662288,0,0,662.355806,0
2026-04-06T00:55:32.667287,0,0,666.765936,0
2026-04-06T00:55:33.676218,0,0,662.355806,0
2026-04-06T00:55:34.682157,0,0,662.355806,0
2026-04-06T00:55:35.689106,0,0,663.237832,0
2026-04-06T00:55:36.696070,0,0,662.355806,0
2026-04-06T00:55:37.702034,0,0,662.355806,0
2026-04-06T00:55:38.708985,0,0,663.237832,0
2026-04-06T00:55:39.715024,0,0,661.47378,0
2026-04-06T00:55:40.721884,0,0,662.355806,0
2026-04-06T00:55:41.726946,0,0,663.237832,0
2026-04-06T00:55:42.735848,0,0,664.119858,0
2026-04-06T00:55:43.741796,0,0,662.355806,0
2026-04-06T00:55:44.748763,0,0,663.237832,0
2026-04-06T00:55:45.755715,0,0,664.119858,0
2026-04-06T00:55:46.761619,0,0,663.237832,0
2026-04-06T00:55:47.768576,0,0,664.119858,0
2026-04-06T00:55:48.774580,0,0,662.355806,0
2026-04-06T00:55:49.781543,0,0,663.237832,0
2026-04-06T00:55:50.788482,0,0,662.355806,0
2026-04-06T00:55:51.795438,0,0,663.237832,0
2026-04-06T00:55:52.802342,0,0,663.237832,0
2026-04-06T00:55:53.807403,0,0,663.237832,0
2026-04-06T00:55:54.815346,0,0,662.355806,0
2026-04-06T00:55:55.821252,0,0,661.47378,0
2026-04-06T00:55:56.827263,0,0,664.119858,0
2026-04-06T00:55:57.834154,0,0,662.355806,0
2026-04-06T00:55:58.841088,0,0,664.119858,0
2026-04-06T00:55:59.849022,0,0,662.355806,0
2026-04-06T00:56:00.855083,0,0,664.119858,0
2026-04-06T00:56:01.860960,0,0,662.355806,0
2026-04-06T00:56:02.867929,0,0,661.47378,0
2026-04-06T00:56:03.875016,0,0,662.355806,0
2026-04-06T00:56:04.880812,0,0,662.355806,0
2026-04-06T00:56:05.887792,0,0,663.237832,0
2026-04-06T00:56:06.893736,0,0,663.237832,0
2026-04-06T00:56:07.901689,0,0,662.355806,0
2026-04-06T00:56:08.908648,0,0,662.355806,0
2026-04-06T00:56:09.913610,0,0,662.355806,0
2026-04-06T00:56:10.921595,0,0,663.237832,0
2026-04-06T00:56:11.925514,0,0,663.237832,0
2026-04-06T00:56:12.934436,0,0,662.355806,0
2026-04-06T00:56:13.940427,0,0,662.355806,0
2026-04-06T00:56:14.947383,0,0,662.355806,0
2026-04-06T00:56:15.955363,0,0,663.237832,0
2026-04-06T00:56:16.961293,0,0,663.237832,0
2026-04-06T00:56:17.968251,0,0,665.001884,0
2026-04-06T00:56:18.974212,0,0,662.355806,0
2026-04-06T00:56:19.981160,0,0,663.237832,0
2026-04-06T00:56:20.986128,0,0,662.355806,0
2026-04-06T00:56:21.994069,0,0,663.237832,0
2026-04-06T00:56:23.000017,0,0,662.355806,0
2026-04-06T00:56:24.007070,0,0,662.355806,0
2026-04-06T00:56:25.013939,0,0,662.355806,0
2026-04-06T00:56:26.019918,0,0,663.237832,0
2026-04-06T00:56:27.027864,0,0,662.355806,0
2026-04-06T00:56:28.033805,0,0,662.355806,0
2026-04-06T00:56:29.039532,0,0,663.237832,0
2026-04-06T00:56:30.046715,0,0,663.237832,0
2026-04-06T00:56:31.052677,0,0,661.47378,0
2026-04-06T00:56:32.060678,0,0,662.355806,0
2026-04-06T00:56:33.066622,0,0,662.355806,0
2026-04-06T00:56:34.074579,0,0,662.355806,0
2026-04-06T00:56:35.080500,0,0,662.355806,0
2026-04-06T00:56:36.086492,0,0,663.237832,0
2026-04-06T00:56:37.093452,0,0,663.237832,0
2026-04-06T00:56:38.100394,0,0,662.355806,0
2026-04-06T00:56:39.104673,0,0,665.001884,0
2026-04-06T00:56:40.113308,0,0,662.355806,0
2026-04-06T00:56:41.120247,0,0,660.591754,0
2026-04-06T00:56:42.127269,0,0,663.237832,0
2026-04-06T00:56:43.133148,0,0,661.47378,0
2026-04-06T00:56:44.140107,0,0,662.355806,0
2026-04-06T00:56:45.147120,0,0,663.237832,0
2026-04-06T00:56:46.153005,0,0,662.355806,0
2026-04-06T00:56:47.159051,0,0,662.355806,0
2026-04-06T00:56:48.167014,0,0,663.237832,0
2026-04-06T00:56:49.172888,0,0,662.355806,0
2026-04-06T00:56:50.180822,0,0,662.355806,0
2026-04-06T00:56:51.186798,0,0,663.237832,0
2026-04-06T00:56:52.193744,0,0,662.355806,0
2026-04-06T00:56:53.198705,0,0,660.591754,0
2026-04-06T00:56:54.206666,0,0,662.355806,0
2026-04-06T00:56:55.212642,0,0,660.591754,0
2026-04-06T00:56:56.219630,0,0,662.355806,0
2026-04-06T00:56:57.226539,0,0,663.237832,0
2026-04-06T00:56:58.231510,0,0,662.355806,0
2026-04-06T00:56:59.240442,0,0,662.355806,0
2026-04-06T00:57:00.246414,0,0,662.355806,0
2026-04-06T00:57:01.253346,0,0,663.237832,0
2026-04-06T00:57:02.259349,0,0,662.355806,0
2026-04-06T00:57:03.266251,0,0,663.237832,0
2026-04-06T00:57:04.273197,0,0,662.355806,0
2026-04-06T00:57:05.279252,0,0,662.355806,0
2026-04-06T00:57:06.286149,0,0,663.237832,0
2026-04-06T00:57:07.292107,0,0,662.355806,0
2026-04-06T00:57:08.300077,0,0,662.355806,0
2026-04-06T00:57:09.306016,0,0,663.237832,0
2026-04-06T00:57:10.313005,0,0,663.237832,0
2026-04-06T00:57:11.319031,0,0,664.119858,0
2026-04-06T00:57:12.324929,0,0,663.237832,0
2026-04-06T00:57:13.332878,0,0,662.355806,0
2026-04-06T00:57:14.338919,0,0,662.355806,0
2026-04-06T00:57:15.345730,0,0,662.355806,0
2026-04-06T00:57:16.352705,0,0,662.355806,0
2026-04-06T00:57:17.359690,0,0,665.001884,0
2026-04-06T00:57:18.364642,0,0,663.237832,0
2026-04-06T00:57:19.371601,0,0,662.355806,0
2026-04-06T00:57:20.377511,0,0,662.355806,0
2026-04-06T00:57:21.384525,0,0,661.47378,0
2026-04-06T00:57:22.392478,0,0,662.355806,0
2026-04-06T00:57:23.398428,0,0,663.237832,0
2026-04-06T00:57:24.406395,0,0,662.355806,0
2026-04-06T00:57:25.412344,0,0,662.355806,0
2026-04-06T00:57:26.419374,0,0,661.47378,0
2026-04-06T00:57:27.425210,0,0,662.355806,0
2026-04-06T00:57:28.431239,0,0,663.237832,0
2026-04-06T00:57:29.438168,0,0,662.355806,0
2026-04-06T00:57:30.444096,0,0,662.355806,0
2026-04-06T00:57:31.452040,0,0,663.237832,0
2026-04-06T00:57:32.456993,0,0,661.47378,0
2026-04-06T00:57:33.465952,0,0,662.355806,0
2026-04-06T00:57:34.471896,0,0,661.47378,0
2026-04-06T00:57:35.478984,0,0,662.355806,0
2026-04-06T00:57:36.485800,0,0,663.237832,0
2026-04-06T00:57:37.489747,0,0,662.355806,0
2026-04-06T00:57:38.498745,0,0,663.237832,0
2026-04-06T00:57:39.503693,0,0,663.237832,0
2026-04-06T00:57:40.511629,0,0,662.355806,0
2026-04-06T00:57:41.518586,0,0,662.355806,0
2026-04-06T00:57:42.525542,0,0,663.237832,0
2026-04-06T00:57:43.530493,0,0,663.237832,0
2026-04-06T00:57:44.538459,0,0,662.355806,0
2026-04-06T00:57:45.545413,0,0,665.001884,0
2026-04-06T00:57:46.550355,0,0,662.355806,0
2026-04-06T00:57:47.558321,0,0,663.237832,0
2026-04-06T00:57:48.563354,0,0,662.355806,0
2026-04-06T00:57:49.572232,0,0,662.355806,0
2026-04-06T00:57:50.578103,0,0,662.355806,0
2026-04-06T00:57:51.585159,0,0,663.237832,0
2026-04-06T00:57:52.592100,0,0,663.237832,0
2026-04-06T00:57:53.598078,0,0,662.355806,0
2026-04-06T00:57:54.605006,0,0,662.355806,0
2026-04-06T00:57:55.611084,0,0,662.355806,0
2026-04-06T00:57:56.617939,0,0,662.355806,0
2026-04-06T00:57:57.623872,0,0,662.355806,0
2026-04-06T00:57:58.631862,0,0,662.355806,0
2026-04-06T00:57:59.637790,0,0,664.119858,0
2026-04-06T00:58:00.644771,0,0,662.355806,0
2026-04-06T00:58:01.650775,0,0,662.355806,0
2026-04-06T00:58:02.657721,0,0,663.237832,0
2026-04-06T00:58:03.664658,0,0,662.355806,0
2026-04-06T00:58:04.669600,0,0,663.237832,0
2026-04-06T00:58:05.677562,0,0,662.355806,0
2026-04-06T00:58:06.683534,0,0,662.355806,0
2026-04-06T00:58:07.691470,0,0,663.237832,0
2026-04-06T00:58:08.698434,0,0,663.237832,0
2026-04-06T00:58:09.704405,0,0,662.355806,0
2026-04-06T00:58:10.711381,0,0,662.355806,0
2026-04-06T00:58:11.717310,0,0,662.355806,0
2026-04-06T00:58:12.724284,0,0,663.237832,0
2026-04-06T00:58:13.730208,0,0,663.237832,0
2026-04-06T00:58:14.737176,0,0,664.119858,0
2026-04-06T00:58:15.744133,0,0,663.237832,0
2026-04-06T00:58:16.751193,0,0,663.237832,0
2026-04-06T00:58:17.758052,0,0,663.237832,0
2026-04-06T00:58:18.764006,0,0,663.237832,0
2026-04-06T00:58:19.769966,0,0,662.355806,0
2026-04-06T00:58:20.776961,0,0,662.355806,0
2026-04-06T00:58:21.783928,0,0,662.355806,0
2026-04-06T00:58:22.789881,0,0,662.355806,0
2026-04-06T00:58:23.797825,0,0,662.355806,0
2026-04-06T00:58:24.804789,0,0,662.355806,0
2026-04-06T00:58:25.810753,0,0,663.237832,0
2026-04-06T00:58:26.817704,0,0,663.237832,0
2026-04-06T00:58:27.823628,0,0,663.237832,0
2026-04-06T00:58:28.830569,0,0,662.355806,0
2026-04-06T00:58:29.836547,0,0,663.237832,0
2026-04-06T00:58:30.843520,0,0,662.355806,0
2026-04-06T00:58:31.849344,0,0,663.237832,0
2026-04-06T00:58:32.857423,0,0,663.237832,0
2026-04-06T00:58:33.864360,0,0,661.47378,0
2026-04-06T00:58:34.869323,0,0,663.237832,0
2026-04-06T00:58:35.877294,0,0,660.591754,0
2026-04-06T00:58:36.881235,0,0,662.355806,0
2026-04-06T00:58:37.890252,0,0,662.355806,0
2026-04-06T00:58:38.896216,0,0,662.355806,0
2026-04-06T00:58:39.903190,0,0,661.47378,0
2026-04-06T00:58:40.911209,0,0,662.355806,0
2026-04-06T00:58:41.917080,0,0,661.47378,0
2026-04-06T00:58:42.923106,0,0,663.237832,0
2026-04-06T00:58:43.929966,0,0,660.591754,0
2026-04-06T00:58:44.936894,0,0,662.355806,0
2026-04-06T00:58:45.942929,0,0,661.47378,0
2026-04-06T00:58:46.949835,0,0,662.355806,0
2026-04-06T00:58:47.953787,0,0,661.47378,0
2026-04-06T00:58:48.963758,0,0,663.237832,0
2026-04-06T00:58:49.969704,0,0,662.355806,0
2026-04-06T00:58:50.975666,0,0,663.237832,0
2026-04-06T00:58:51.983629,0,0,662.355806,0
2026-04-06T00:58:52.988571,0,0,662.355806,0
2026-04-06T00:58:53.996552,0,0,663.237832,0
2026-04-06T00:58:55.002513,0,0,662.355806,0
2026-04-06T00:58:56.009452,0,0,662.355806,0
2026-04-06T00:58:57.016419,0,0,662.355806,0
2026-04-06T00:58:58.022362,0,0,662.355806,0
2026-04-06T00:58:59.029325,0,0,663.237832,0
2026-04-06T00:59:00.036298,0,0,663.237832,0
2026-04-06T00:59:01.042244,0,0,662.355806,0
2026-04-06T00:59:02.048216,0,0,662.355806,0
2026-04-06T00:59:03.056174,0,0,662.355806,0
2026-04-06T00:59:04.062296,0,0,662.355806,0
2026-04-06T00:59:05.069124,0,0,663.237832,0
2026-04-06T00:59:06.076088,0,0,662.355806,0
2026-04-06T00:59:07.083124,0,0,661.47378,0
2026-04-06T00:59:08.089003,0,0,661.47378,0
2026-04-06T00:59:09.095033,0,0,663.237832,0
2026-04-06T00:59:10.101915,0,0,663.237832,0
2026-04-06T00:59:11.108872,0,0,663.237832,0
2026-04-06T00:59:12.114908,0,0,662.355806,0
2026-04-06T00:59:13.122787,0,0,663.237832,0
2026-04-06T00:59:14.128718,0,0,662.355806,0
2026-04-06T00:59:15.136687,0,0,665.88391,0
2026-04-06T00:59:16.142651,0,0,662.355806,0
2026-04-06T00:59:17.148616,0,0,663.237832,0
2026-04-06T00:59:18.155565,0,0,662.355806,0
2026-04-06T00:59:19.162494,0,0,663.237832,0
2026-04-06T00:59:20.168451,0,0,662.355806,0
2026-04-06T00:59:21.175419,0,0,662.355806,0
2026-04-06T00:59:22.182366,0,0,662.355806,0
2026-04-06T00:59:23.189383,0,0,661.47378,0
2026-04-06T00:59:24.195399,0,0,663.237832,0
2026-04-06T00:59:25.202250,0,0,663.237832,0
2026-04-06T00:59:26.209203,0,0,663.237832,0
2026-04-06T00:59:27.214169,0,0,662.355806,0
2026-04-06T00:59:28.222168,0,0,662.355806,0
2026-04-06T00:59:29.229077,0,0,663.237832,0
2026-04-06T00:59:30.235152,0,0,662.355806,0
2026-04-06T00:59:31.242029,0,0,662.355806,0
2026-04-06T00:59:32.248988,0,0,663.237832,0
2026-04-06T00:59:33.255935,0,0,662.355806,0
2026-04-06T00:59:34.260919,0,0,662.355806,0
2026-04-06T00:59:35.267885,0,0,663.237832,0
2026-04-06T00:59:36.274982,0,0,662.355806,0
2026-04-06T00:59:37.281740,0,0,662.355806,0
2026-04-06T00:59:38.288719,0,0,663.237832,0
2026-04-06T00:59:39.294673,0,0,662.355806,0
2026-04-06T00:59:40.302631,0,0,662.355806,0
2026-04-06T00:59:41.308585,0,0,663.237832,0
2026-04-06T00:59:42.315553,0,0,663.237832,0
2026-04-06T00:59:43.321510,0,0,662.355806,0
2026-04-06T00:59:44.328474,0,0,662.355806,0
2026-04-06T00:59:45.333401,0,0,664.119858,0
2026-04-06T00:59:46.340399,0,0,663.237832,0
2026-04-06T00:59:47.348361,0,0,665.001884,0
2026-04-06T00:59:48.353368,0,0,663.237832,0
2026-04-06T00:59:49.362275,0,0,663.237832,0
2026-04-06T00:59:50.367279,0,0,661.47378,0
2026-04-06T00:59:51.375266,0,0,665.001884,0
2026-04-06T00:59:52.379252,0,0,662.355806,0
2026-04-06T00:59:53.388112,0,0,662.355806,0
2026-04-06T00:59:54.394092,0,0,663.237832,0
2026-04-06T00:59:55.401026,0,0,662.355806,0
2026-04-06T00:59:56.407979,0,0,663.237832,0
2026-04-06T00:59:57.413948,0,0,663.237832,0
2026-04-06T00:59:58.420909,0,0,662.355806,0
2026-04-06T00:59:59.427881,0,0,662.355806,0
2026-04-06T01:00:00.434960,0,0,663.237832,0
2026-04-06T01:00:01.441778,0,0,662.355806,0
2026-04-06T01:00:02.447782,0,0,663.237832,0
2026-04-06T01:00:03.454703,0,0,662.355806,0
2026-04-06T01:00:04.460636,0,0,662.355806,0
2026-04-06T01:00:05.467653,0,0,663.237832,0
2026-04-06T01:00:06.474589,0,0,662.355806,0
2026-04-06T01:00:07.481568,0,0,662.355806,0
2026-04-06T01:00:08.487531,0,0,664.119858,0
2026-04-06T01:00:09.494311,0,0,661.47378,0
2026-04-06T01:00:10.500395,0,0,663.237832,0
2026-04-06T01:00:23.530595,0,0,663.237832,0
2026-04-06T01:00:24.537885,0,0,662.355806,0
2026-04-06T01:00:25.543844,0,0,663.237832,0
2026-04-06T01:00:26.550807,0,0,663.237832,0
2026-04-06T01:00:27.556759,0,0,658.827702,0
2026-04-06T01:00:28.563692,0,0,663.237832,0
2026-04-06T01:00:29.569644,0,0,663.237832,0
2026-04-06T01:00:30.576619,0,0,662.355806,0
2026-04-06T01:00:31.584538,0,0,661.47378,0
2026-04-06T01:00:32.589516,0,0,662.355806,0
2026-04-06T01:00:33.597478,0,0,662.355806,0
2026-04-06T01:00:34.603458,0,0,662.355806,0
2026-04-06T01:00:35.609389,0,0,662.355806,0
2026-04-06T01:00:36.616403,0,0,659.709728,0
2026-04-06T01:00:37.624363,0,0,663.237832,0
2026-04-06T01:00:38.630314,0,0,661.47378,0
2026-04-06T01:00:39.637267,0,0,661.47378,0
2026-04-06T01:00:40.644181,0,0,664.119858,0
2026-04-06T01:00:41.650176,0,0,662.355806,0
2026-04-06T01:00:42.657143,0,0,663.237832,0
2026-04-06T01:00:43.663181,0,0,663.237832,0
2026-04-06T01:00:44.670054,0,0,662.355806,0
2026-04-06T01:00:45.676031,0,0,665.88391,0
2026-04-06T01:00:46.684004,0,0,663.237832,0
2026-04-06T01:00:47.691029,0,0,663.237832,0
2026-04-06T01:00:48.695859,0,0,663.237832,0
2026-04-06T01:00:49.703852,0,0,662.355806,0
2026-04-06T01:00:50.709811,0,0,663.237832,0
2026-04-06T01:00:51.716768,0,0,662.355806,0
2026-04-06T01:00:52.721735,0,0,663.237832,0
2026-04-06T01:00:53.729703,0,0,663.237832,0
2026-04-06T01:00:54.736650,0,0,665.001884,0
2026-04-06T01:00:55.742611,0,0,662.355806,0
2026-04-06T01:00:56.749572,0,0,662.355806,0
2026-04-06T01:00:57.756531,0,0,662.355806,0
2026-04-06T01:00:58.763503,0,0,662.355806,0
2026-04-06T01:00:59.768466,0,0,663.237832,0
2026-04-06T01:01:00.776320,0,0,662.355806,0
2026-04-06T01:01:01.781394,0,0,663.237832,0
2026-04-06T01:01:02.790355,0,0,662.355806,0
2026-04-06T01:01:03.797309,0,0,662.355806,0
2026-04-06T01:01:04.803317,0,0,663.237832,0
2026-04-06T01:01:05.809195,0,0,662.355806,0
2026-04-06T01:01:06.815211,0,0,660.591754,0
2026-04-06T01:01:07.823194,0,0,663.237832,0
2026-04-06T01:01:08.829088,0,0,661.47378,0
2026-04-06T01:01:09.836075,0,0,664.119858,0
2026-04-06T01:01:10.842012,0,0,663.237832,0
2026-04-06T01:01:11.849988,0,0,661.47378,0
2026-04-06T01:01:12.856940,0,0,662.355806,0
2026-04-06T01:01:13.862951,0,0,662.355806,0
2026-04-06T01:01:14.868862,0,0,662.355806,0
2026-04-06T01:01:15.875837,0,0,662.355806,0
2026-04-06T01:01:16.882771,0,0,662.355806,0
2026-04-06T01:01:17.888748,0,0,662.355806,0
2026-04-06T01:01:18.895716,0,0,663.237832,0
2026-04-06T01:01:29.137888,0,0,661.47378,0
2026-04-06T01:01:31.619280,0,0,664.119858,0
2026-04-06T01:01:32.627179,0,0,663.237832,0
2026-04-06T01:01:33.632125,0,0,662.355806,0
2026-04-06T01:01:34.640081,0,0,662.355806,0
2026-04-06T01:01:35.646033,0,0,662.355806,0
2026-04-06T01:01:36.653010,0,0,663.237832,0
2026-04-06T01:01:37.659966,0,0,661.47378,0
2026-04-06T01:01:38.666983,0,0,662.355806,0
2026-04-06T01:01:39.673861,0,0,664.119858,0
2026-04-06T01:01:40.679837,0,0,662.355806,0
2026-04-06T01:01:41.686796,0,0,662.355806,0
2026-04-06T01:01:42.692754,0,0,663.237832,0
2026-04-06T01:01:43.699723,0,0,663.237832,0
2026-04-06T01:01:44.705688,0,0,662.355806,0
2026-04-06T01:01:45.713640,0,0,662.355806,0
2026-04-06T01:01:46.719630,0,0,662.355806,0
2026-04-06T01:01:47.725535,0,0,662.355806,0
2026-04-06T01:01:48.733509,0,0,662.355806,0
2026-04-06T01:01:49.739411,0,0,663.237832,0
2026-04-06T01:01:50.746437,0,0,662.355806,0
2026-04-06T01:01:51.752483,0,0,662.355806,0
2026-04-06T01:01:52.759357,0,0,663.237832,0
2026-04-06T01:01:53.764334,0,0,663.237832,0
2026-04-06T01:01:54.773282,0,0,662.355806,0
2026-04-06T01:01:55.779328,0,0,662.355806,0
2026-04-06T01:01:56.786206,0,0,662.355806,0
2026-04-06T01:01:57.793152,0,0,663.237832,0
2026-04-06T01:01:58.799190,0,0,663.237832,0
2026-04-06T01:01:59.806088,0,0,663.237832,0
2026-04-06T01:02:00.812019,0,0,664.119858,0
2026-04-06T01:02:01.819122,0,0,662.355806,0
2026-04-06T01:02:02.825932,0,0,660.591754,0
2026-04-06T01:02:03.832971,0,0,663.237832,0
2026-04-06T01:02:04.839892,0,0,660.591754,0
2026-04-06T01:02:05.845850,0,0,663.237832,0
2026-04-06T01:02:06.852771,0,0,662.355806,0
2026-04-06T01:02:07.858778,0,0,662.355806,0
2026-04-06T01:02:08.865720,0,0,662.355806,0
2026-04-06T01:02:09.871692,0,0,663.237832,0
2026-04-06T01:02:10.879680,0,0,663.237832,0
2026-04-06T01:02:11.886598,0,0,662.355806,0
2026-04-06T01:02:12.892535,0,0,663.237832,0
2026-04-06T01:02:13.899528,0,0,662.355806,0
2026-04-06T01:02:14.905527,0,0,663.237832,0
2026-04-06T01:02:15.912467,0,0,661.47378,0
2026-04-06T01:02:16.917413,0,0,662.355806,0
2026-04-06T01:02:17.925368,0,0,663.237832,0
2026-04-06T01:02:18.930317,0,0,662.355806,0
2026-04-06T01:02:19.939337,0,0,663.237832,0
2026-04-06T01:02:20.946268,0,0,662.355806,0
2026-04-06T01:02:21.952191,0,0,662.355806,0
2026-04-06T01:02:22.959240,0,0,663.237832,0
2026-04-06T01:02:23.965095,0,0,660.591754,0
2026-04-06T01:02:24.972075,0,0,659.709728,0
2026-04-06T01:02:25.978020,0,0,662.355806,0
2026-04-06T01:02:26.984991,0,0,662.355806,0
2026-04-06T01:02:27.992948,0,0,662.355806,0
2026-04-06T01:02:28.997886,0,0,663.237832,0
2026-04-06T01:02:30.005869,0,0,662.355806,0
2026-04-06T01:02:31.011841,0,0,662.355806,0
2026-04-06T01:02:32.018783,0,0,663.237832,0
2026-04-06T01:02:33.024743,0,0,662.355806,0
2026-04-06T01:02:34.031699,0,0,663.237832,0
2026-04-06T01:02:35.037668,0,0,663.237832,0
2026-04-06T01:02:36.044622,0,0,662.355806,0
2026-04-06T01:02:37.052616,0,0,662.355806,0
2026-04-06T01:02:38.058564,0,0,662.355806,0
2026-04-06T01:02:39.065519,0,0,664.119858,0
2026-04-06T01:02:40.071487,0,0,663.237832,0
2026-04-06T01:02:41.078430,0,0,661.47378,0
2026-04-06T01:02:42.084388,0,0,663.237832,0
2026-04-06T01:02:43.091403,0,0,662.355806,0
2026-04-06T01:02:44.098373,0,0,661.47378,0
2026-04-06T01:02:45.105279,0,0,663.237832,0
2026-04-06T01:02:46.112245,0,0,663.237832,0
2026-04-06T01:02:47.118216,0,0,662.355806,0
2026-04-06T01:02:48.125154,0,0,664.119858,0
2026-04-06T01:02:49.131257,0,0,661.47378,0
2026-04-06T01:02:50.138073,0,0,662.355806,0
2026-04-06T01:02:51.143129,0,0,661.47378,0
2026-04-06T01:02:52.151157,0,0,662.355806,0
2026-04-06T01:02:53.159108,0,0,663.237832,0
2026-04-06T01:02:54.164914,0,0,665.001884,0
2026-04-06T01:02:55.171870,0,0,663.237832,0
2026-04-06T01:02:56.177840,0,0,663.237832,0
2026-04-06T01:02:57.184794,0,0,663.237832,0
2026-04-06T01:02:58.190769,0,0,663.237832,0
2026-04-06T01:02:59.197725,0,0,662.355806,0
2026-04-06T01:03:00.204684,0,0,662.355806,0
2026-04-06T01:03:01.210652,0,0,662.355806,0
2026-04-06T01:03:02.218605,0,0,662.355806,0
2026-04-06T01:03:03.224568,0,0,662.355806,0
2026-04-06T01:03:04.231526,0,0,663.237832,0
2026-04-06T01:03:05.237492,0,0,663.237832,0
2026-04-06T01:03:06.244453,0,0,663.237832,0
2026-04-06T01:03:07.250413,0,0,663.237832,0
2026-04-06T01:03:08.257376,0,0,662.355806,0
2026-04-06T01:03:09.264340,0,0,663.237832,0
2026-04-06T01:03:10.271391,0,0,663.237832,0
2026-04-06T01:03:11.278256,0,0,663.237832,0
2026-04-06T01:03:12.283269,0,0,663.237832,0
2026-04-06T01:03:13.291270,0,0,662.355806,0
2026-04-06T01:03:14.297175,0,0,662.355806,0
2026-04-06T01:03:15.304169,0,0,663.237832,0
2026-04-06T01:03:16.310097,0,0,662.355806,0
2026-04-06T01:03:17.317062,0,0,662.355806,0
2026-04-06T01:03:18.323132,0,0,662.355806,0
2026-04-06T01:03:19.331067,0,0,663.237832,0
2026-04-06T01:03:20.337925,0,0,665.001884,0
2026-04-06T01:03:21.343920,0,0,663.237832,0
2026-04-06T01:03:22.350981,0,0,662.355806,0
2026-04-06T01:03:23.355832,0,0,662.355806,0
2026-04-06T01:03:24.362771,0,0,663.237832,0
2026-04-06T01:03:25.370740,0,0,662.355806,0
2026-04-06T01:03:26.376706,0,0,662.355806,0
2026-04-06T01:03:27.384673,0,0,663.237832,0
2026-04-06T01:03:28.390622,0,0,662.355806,0
2026-04-06T01:03:29.397538,0,0,662.355806,0
2026-04-06T01:03:30.403520,0,0,664.119858,0
2026-04-06T01:03:31.410474,0,0,663.237832,0
2026-04-06T01:03:32.416445,0,0,663.237832,0
2026-04-06T01:03:33.423418,0,0,662.355806,0
2026-04-06T01:03:34.430358,0,0,663.237832,0
2026-04-06T01:03:35.436333,0,0,662.355806,0
2026-04-06T01:03:36.444269,0,0,661.47378,0
2026-04-06T01:03:37.450239,0,0,662.355806,0
2026-04-06T01:03:38.457226,0,0,661.47378,0
2026-04-06T01:03:39.463270,0,0,663.237832,0
2026-04-06T01:03:40.470125,0,0,662.355806,0
2026-04-06T01:03:41.477088,0,0,663.237832,0
2026-04-06T01:03:42.483127,0,0,662.355806,0
2026-04-06T01:03:43.490020,0,0,662.355806,0
2026-04-06T01:03:44.496960,0,0,662.355806,0
2026-04-06T01:03:45.503941,0,0,663.237832,0
2026-04-06T01:03:46.509890,0,0,663.237832,0
2026-04-06T01:03:47.516853,0,0,662.355806,0
2026-04-06T01:03:48.523821,0,0,662.355806,0
2026-04-06T01:03:49.529778,0,0,662.355806,0
2026-04-06T01:03:50.536735,0,0,663.237832,0
2026-04-06T01:03:51.542706,0,0,663.237832,0
2026-04-06T01:03:52.550662,0,0,663.237832,0
2026-04-06T01:03:53.556627,0,0,663.237832,0
2026-04-06T01:03:54.563592,0,0,661.47378,0
2026-04-06T01:03:55.568546,0,0,662.355806,0
2026-04-06T01:03:56.576512,0,0,662.355806,0
2026-04-06T01:03:57.583464,0,0,663.237832,0
2026-04-06T01:03:58.589437,0,0,662.355806,0
2026-04-06T01:03:59.596398,0,0,662.355806,0
2026-04-06T01:04:00.602390,0,0,662.355806,0
2026-04-06T01:04:01.610330,0,0,663.237832,0
2026-04-06T01:04:02.616295,0,0,663.237832,0
2026-04-06T01:04:03.623359,0,0,662.355806,0
2026-04-06T01:04:04.630235,0,0,663.237832,0
2026-04-06T01:04:05.634307,0,0,663.237832,0
2026-04-06T01:04:06.643280,0,0,662.355806,0
2026-04-06T01:04:07.649131,0,0,663.237832,0
2026-04-06T01:04:18.047304,0,0,662.355806,0
2026-04-06T01:04:20.529598,0,0,662.355806,0
2026-04-06T01:04:21.536605,0,0,663.237832,0
2026-04-06T01:04:22.542502,0,0,664.119858,0
2026-04-06T01:04:23.549487,0,0,664.119858,0
2026-04-06T01:04:24.555448,0,0,662.355806,0
2026-04-06T01:04:25.562378,0,0,663.237832,0
2026-04-06T01:04:26.569366,0,0,662.355806,0
2026-04-06T01:04:27.576341,0,0,662.355806,0
2026-04-06T01:04:28.582294,0,0,662.355806,0
2026-04-06T01:04:29.589163,0,0,662.355806,0
2026-04-06T01:04:30.596223,0,0,663.237832,0
2026-04-06T01:04:31.602186,0,0,662.355806,0
2026-04-06T01:04:32.609115,0,0,662.355806,0
2026-04-06T01:04:33.615204,0,0,662.355806,0
2026-04-06T01:04:34.622048,0,0,659.709728,0
2026-04-06T01:04:35.628998,0,0,663.237832,0
2026-04-06T01:04:36.635967,0,0,661.47378,0
2026-04-06T01:04:37.643074,0,0,663.237832,0
2026-04-06T01:04:38.648899,0,0,662.355806,0
2026-04-06T01:04:39.655892,0,0,664.119858,0
2026-04-06T01:04:40.660818,0,0,662.355806,0
2026-04-06T01:04:41.667799,0,0,665.001884,0
2026-04-06T01:04:42.674791,0,0,660.591754,0
2026-04-06T01:04:43.682716,0,0,662.355806,0
2026-04-06T01:04:44.689699,0,0,662.355806,0
2026-04-06T01:04:45.695621,0,0,662.355806,0
2026-04-06T01:04:46.702635,0,0,663.237832,0
2026-04-06T01:04:47.708604,0,0,662.355806,0
2026-04-06T01:04:48.715540,0,0,662.355806,0
2026-04-06T01:04:49.719461,0,0,662.355806,0
2026-04-06T01:04:50.728440,0,0,662.355806,0
2026-04-06T01:04:51.733385,0,0,662.355806,0
2026-04-06T01:04:52.742374,0,0,662.355806,0
2026-04-06T01:04:53.749341,0,0,662.355806,0
2026-04-06T01:04:54.755318,0,0,662.355806,0
2026-04-06T01:04:55.762275,0,0,663.237832,0
2026-04-06T01:04:56.768276,0,0,663.237832,0
2026-04-06T01:04:57.775293,0,0,663.237832,0
2026-04-06T01:04:58.780135,0,0,661.47378,0
2026-04-06T01:04:59.788090,0,0,662.355806,0
2026-04-06T01:05:00.796094,0,0,663.237832,0
2026-04-06T01:05:01.802090,0,0,663.237832,0
2026-04-06T01:05:02.809158,0,0,664.119858,0
2026-04-06T01:05:03.815023,0,0,663.237832,0
2026-04-06T01:05:04.821906,0,0,663.237832,0
2026-04-06T01:05:05.827897,0,0,662.355806,0
2026-04-06T01:05:06.834931,0,0,663.237832,0
2026-04-06T01:05:07.840820,0,0,665.88391,0
2026-04-06T01:05:08.847736,0,0,663.237832,0
2026-04-06T01:05:09.855718,0,0,663.237832,0
2026-04-06T01:05:10.861674,0,0,661.47378,0
2026-04-06T01:05:11.868678,0,0,663.237832,0
2026-04-06T01:05:12.874589,0,0,663.237832,0
2026-04-06T01:05:13.881561,0,0,662.355806,0
2026-04-06T01:05:14.887509,0,0,663.237832,0
2026-04-06T01:05:15.894485,0,0,662.355806,0
2026-04-06T01:05:16.902457,0,0,662.355806,0
2026-04-06T01:05:17.908361,0,0,662.355806,0
2026-04-06T01:05:18.915374,0,0,662.355806,0
2026-04-06T01:05:19.921320,0,0,661.47378,0
2026-04-06T01:05:20.928302,0,0,662.355806,0
2026-04-06T01:05:21.934247,0,0,660.591754,0
2026-04-06T01:05:22.941213,0,0,663.237832,0
2026-04-06T01:05:23.947245,0,0,662.355806,0
2026-04-06T01:05:24.954137,0,0,662.355806,0
2026-04-06T01:05:25.961099,0,0,663.237832,0
2026-04-06T01:05:26.968069,0,0,662.355806,0
2026-04-06T01:05:27.975098,0,0,663.237832,0
2026-04-06T01:05:28.981001,0,0,663.237832,0
2026-04-06T01:05:29.987942,0,0,662.355806,0
2026-04-06T01:05:30.993921,0,0,662.355806,0
2026-04-06T01:05:32.000870,0,0,662.355806,0
2026-04-06T01:05:33.007807,0,0,664.119858,0
2026-04-06T01:05:34.014804,0,0,664.119858,0
2026-04-06T01:05:35.021735,0,0,664.119858,0
2026-04-06T01:05:36.027757,0,0,662.355806,0
2026-04-06T01:05:37.034749,0,0,664.119858,0
2026-04-06T01:05:38.039690,0,0,663.237832,0
2026-04-06T01:05:39.047695,0,0,664.119858,0
2026-04-06T01:05:40.053605,0,0,661.47378,0
2026-04-06T01:05:41.060578,0,0,663.237832,0
2026-04-06T01:05:42.067531,0,0,662.355806,0
2026-04-06T01:05:43.072468,0,0,663.237832,0
2026-04-06T01:05:44.081431,0,0,663.237832,0
2026-04-06T01:05:45.087420,0,0,662.355806,0
2026-04-06T01:05:46.094392,0,0,661.47378,0
2026-04-06T01:05:47.100370,0,0,662.355806,0
2026-04-06T01:05:48.107352,0,0,663.237832,0
2026-04-06T01:05:58.935637,0,0,661.47378,0
2026-04-06T01:06:01.417800,0,0,656.181624,0
2026-04-06T01:06:02.423744,0,0,662.355806,0
2026-04-06T01:06:03.430709,0,0,662.355806,0
2026-04-06T01:06:04.437661,0,0,663.237832,0
2026-04-06T01:06:05.443618,0,0,660.591754,0
2026-04-06T01:06:06.450605,0,0,663.237832,0
2026-04-06T01:06:07.457557,0,0,662.355806,0
2026-04-06T01:06:08.464493,0,0,661.47378,0
2026-04-06T01:06:09.471493,0,0,665.001884,0
2026-04-06T01:06:10.477427,0,0,662.355806,0
2026-04-06T01:06:11.483410,0,0,664.119858,0
2026-04-06T01:06:12.490400,0,0,662.355806,0
2026-04-06T01:06:13.497345,0,0,663.237832,0
2026-04-06T01:06:14.503353,0,0,662.355806,0
2026-04-06T01:06:15.511272,0,0,664.119858,0
2026-04-06T01:06:16.517238,0,0,662.355806,0
2026-04-06T01:06:17.524172,0,0,665.88391,0
2026-04-06T01:06:18.530050,0,0,662.355806,0
2026-04-06T01:06:19.536109,0,0,664.119858,0
2026-04-06T01:06:20.544064,0,0,663.237832,0
2026-04-06T01:06:21.549042,0,0,662.355806,0
2026-04-06T01:06:22.556986,0,0,662.355806,0
2026-04-06T01:06:23.563065,0,0,662.355806,0
2026-04-06T01:06:24.571060,0,0,663.237832,0
2026-04-06T01:06:25.577877,0,0,663.237832,0
2026-04-06T01:06:26.583836,0,0,663.237832,0
2026-04-06T01:06:27.590798,0,0,662.355806,0
2026-04-06T01:06:28.596747,0,0,662.355806,0
2026-04-06T01:06:29.603740,0,0,663.237832,0
2026-04-06T01:06:30.609724,0,0,662.355806,0
2026-04-06T01:06:31.616656,0,0,663.237832,0
2026-04-06T01:06:32.623636,0,0,663.237832,0
2026-04-06T01:06:33.630571,0,0,662.355806,0
2026-04-06T01:06:34.637547,0,0,663.237832,0
2026-04-06T01:06:35.643512,0,0,662.355806,0
2026-04-06T01:06:36.649448,0,0,662.355806,0
2026-04-06T01:06:37.656440,0,0,663.237832,0
2026-04-06T01:06:38.663403,0,0,662.355806,0
2026-04-06T01:06:39.669359,0,0,662.355806,0
2026-04-06T01:06:40.676354,0,0,662.355806,0
2026-04-06T01:06:41.684261,0,0,663.237832,0
2026-04-06T01:06:42.690294,0,0,662.355806,0
2026-04-06T01:06:43.697242,0,0,662.355806,0
2026-04-06T01:06:44.703258,0,0,660.591754,0
2026-04-06T01:06:45.710165,0,0,663.237832,0
2026-04-06T01:06:46.716141,0,0,660.591754,0
2026-04-06T01:06:47.723065,0,0,663.237832,0
2026-04-06T01:06:48.729051,0,0,663.237832,0
2026-04-06T01:06:49.736983,0,0,662.355806,0
2026-04-06T01:06:50.743989,0,0,663.237832,0
2026-04-06T01:06:51.749937,0,0,662.355806,0
2026-04-06T01:06:52.755856,0,0,662.355806,0
2026-04-06T01:06:53.763030,0,0,663.237832,0
2026-04-06T01:06:54.769821,0,0,662.355806,0
2026-04-06T01:06:55.774702,0,0,661.47378,0
2026-04-06T01:06:56.782757,0,0,663.237832,0
2026-04-06T01:06:57.790706,0,0,661.47378,0
2026-04-06T01:06:58.796689,0,0,662.355806,0
2026-04-06T01:06:59.803638,0,0,662.355806,0
2026-04-06T01:07:00.809564,0,0,662.355806,0
2026-04-06T01:07:01.816582,0,0,663.237832,0
2026-04-06T01:07:02.822499,0,0,664.119858,0
2026-04-06T01:07:03.829460,0,0,663.237832,0
2026-04-06T01:07:04.835412,0,0,662.355806,0
2026-04-06T01:07:05.842413,0,0,662.355806,0
2026-04-06T01:07:06.850368,0,0,662.355806,0
2026-04-06T01:07:07.856326,0,0,663.237832,0
2026-04-06T01:07:08.863338,0,0,662.355806,0
2026-04-06T01:07:09.868230,0,0,662.355806,0
2026-04-06T01:07:10.876195,0,0,662.355806,0
2026-04-06T01:07:11.882079,0,0,662.355806,0
2026-04-06T01:07:12.889135,0,0,663.237832,0
2026-04-06T01:07:13.896099,0,0,662.355806,0
2026-04-06T01:07:14.903140,0,0,662.355806,0
2026-04-06T01:07:15.910019,0,0,663.237832,0
2026-04-06T01:07:16.915935,0,0,662.355806,0
2026-04-06T01:07:17.923052,0,0,663.237832,0
2026-04-06T01:07:18.928911,0,0,662.355806,0
2026-04-06T01:07:19.935884,0,0,664.119858,0
2026-04-06T01:07:20.940832,0,0,662.355806,0
2026-04-06T01:07:21.948799,0,0,661.47378,0
2026-04-06T01:07:22.956754,0,0,662.355806,0
2026-04-06T01:07:23.962739,0,0,662.355806,0
2026-04-06T01:07:24.969707,0,0,662.355806,0
2026-04-06T01:07:25.975688,0,0,664.119858,0
2026-04-06T01:07:26.982604,0,0,663.237832,0
2026-04-06T01:07:27.988602,0,0,662.355806,0
2026-04-06T01:07:28.994552,0,0,663.237832,0
2026-04-06T01:07:30.002410,0,0,662.355806,0
2026-04-06T01:07:31.008451,0,0,662.355806,0
2026-04-06T01:07:32.016432,0,0,663.237832,0
2026-04-06T01:07:33.022379,0,0,663.237832,0
2026-04-06T01:07:34.029336,0,0,662.355806,0
2026-04-06T01:07:35.035345,0,0,662.355806,0
2026-04-06T01:07:36.042262,0,0,660.591754,0
2026-04-06T01:07:37.048202,0,0,662.355806,0
2026-04-06T01:07:38.055157,0,0,663.237832,0
2026-04-06T01:07:39.062079,0,0,664.119858,0
2026-04-06T01:07:40.068079,0,0,664.119858,0
