timestamp,edb_drain_state,edb_effluent_state,tank_level,flow_rate
2026-03-12T00:00:00.154150,0,0,0,0
2026-03-12T00:00:01.159119,0,0,0,0
2026-03-12T00:00:02.166130,0,0,0,0
2026-03-12T00:00:03.173107,0,0,0,0
2026-03-12T00:00:04.179154,0,0,0,0
2026-03-12T00:00:05.186088,0,0,0,0
2026-03-12T00:00:06.192073,0,0,0,0
2026-03-12T00:00:07.199093,0,0,0,0
2026-03-12T00:00:08.206047,0,0,0,0
2026-03-12T00:00:09.213078,0,0,0,0
2026-03-12T00:00:10.219036,0,0,0,0
2026-03-12T00:00:11.226159,0,0,0,0
2026-03-12T00:00:12.233040,0,0,0,0
2026-03-12T00:00:13.239033,0,0,0,0
2026-03-12T00:00:14.245998,0,0,0,0
2026-03-12T00:00:15.251974,0,0,0,0
2026-03-12T00:00:16.260035,0,0,0,0
2026-03-12T00:00:17.264986,0,0,0,0
2026-03-12T00:00:18.272979,0,0,0,0
2026-03-12T00:00:19.279956,0,0,0,0
2026-03-12T00:00:20.285967,0,0,0,0
2026-03-12T00:00:21.292905,0,0,0,0
2026-03-12T00:00:22.297933,0,0,0,0
2026-03-12T00:00:23.306847,0,0,0,0
2026-03-12T00:00:24.311894,0,0,0,0
2026-03-12T00:00:25.319905,0,0,0,0
2026-03-12T00:00:26.325884,0,0,0,0
2026-03-12T00:00:27.332835,0,0,0,0
2026-03-12T00:00:28.338810,0,0,0,0
2026-03-12T00:00:29.345765,0,0,0,0
2026-03-12T00:00:30.351845,0,0,194.882026,0
2026-03-12T00:00:31.358796,0,0,0,0
2026-03-12T00:00:32.366760,0,0,0,0
2026-03-12T00:00:33.372750,0,0,0,0
2026-03-12T00:00:34.379646,0,0,0,0
2026-03-12T00:00:45.103112,0,0,0,0
2026-03-12T00:00:47.585600,0,0,0,0
2026-03-12T00:00:48.592504,0,0,0,0
2026-03-12T00:00:49.598505,0,0,0,0
2026-03-12T00:00:50.605583,0,0,0,0
2026-03-12T00:00:51.611467,0,0,0,0
2026-03-12T00:00:52.619442,0,0,0,0
2026-03-12T00:00:53.625509,0,0,0,0
2026-03-12T00:00:54.632428,0,0,0,0
2026-03-12T00:00:55.639397,0,0,0,0
2026-03-12T00:00:56.645502,0,0,0,0
2026-03-12T00:00:57.652382,0,0,0,0
2026-03-12T00:00:58.658359,0,0,0,0
2026-03-12T00:00:59.665425,0,0,0,0
2026-03-12T00:01:00.671334,0,0,0,0
2026-03-12T00:01:01.679291,0,0,0,0
2026-03-12T00:01:02.685457,0,0,0,0
2026-03-12T00:01:03.692329,0,0,0,0
2026-03-12T00:01:04.699343,0,0,0,0
2026-03-12T00:01:05.705349,0,0,0,0
2026-03-12T00:01:06.712305,0,0,0,0
2026-03-12T00:01:07.718288,0,0,0,0
2026-03-12T00:01:08.726297,0,0,0,0
2026-03-12T00:01:09.732266,0,0,0,0
2026-03-12T00:01:10.739217,0,0,0,0
2026-03-12T00:01:11.746190,0,0,0,0
2026-03-12T00:01:12.752189,0,0,0,0
2026-03-12T00:01:13.759168,0,0,0,0
2026-03-12T00:01:14.765319,0,0,0,0
2026-03-12T00:01:15.772184,0,0,0,0
2026-03-12T00:01:16.779173,0,0,0,0
2026-03-12T00:01:17.786161,0,0,0,0
2026-03-12T00:01:18.792142,0,0,0,0
2026-03-12T00:01:19.799138,0,0,0,0
2026-03-12T00:01:20.806119,0,0,0,0
2026-03-12T00:01:21.812107,0,0,0,0
2026-03-12T00:01:22.819077,0,0,0,0
2026-03-12T00:01:23.825084,0,0,0,0
2026-03-12T00:01:24.833058,0,0,0,0
2026-03-12T00:01:25.839036,0,0,0,0
2026-03-12T00:01:26.846046,0,0,0,0
2026-03-12T00:01:27.853015,0,0,0,0
2026-03-12T00:01:28.858996,0,0,0,0
2026-03-12T00:01:29.866000,0,0,0,0
2026-03-12T00:01:30.871945,0,0,0,0
2026-03-12T00:01:31.877898,0,0,0,0
2026-03-12T00:01:32.885914,0,0,0,0
2026-03-12T00:01:33.892883,0,0,0,0
2026-03-12T00:01:34.898872,0,0,0,0
2026-03-12T00:01:35.905871,0,0,0,0
2026-03-12T00:01:36.912857,0,0,0,0
2026-03-12T00:01:37.918838,0,0,0,0
2026-03-12T00:01:38.925843,0,0,0,0
2026-03-12T00:01:39.931785,0,0,0,0
2026-03-12T00:01:40.939792,0,0,0,0
2026-03-12T00:01:41.945786,0,0,0,0
2026-03-12T00:01:42.952749,0,0,0,0
2026-03-12T00:01:43.959750,0,0,0,0
2026-03-12T00:01:44.965739,0,0,0,0
2026-03-12T00:01:45.972695,0,0,0,0
2026-03-12T00:01:46.978717,0,0,0,0
2026-03-12T00:01:47.985745,0,0,0,0
2026-03-12T00:01:48.992681,0,0,0,0
2026-03-12T00:01:49.999698,0,0,0,0
2026-03-12T00:01:51.005702,0,0,0,0
2026-03-12T00:01:52.012668,0,0,0,0
2026-03-12T00:01:53.019632,0,0,0,0
2026-03-12T00:01:54.025677,0,0,0,0
2026-03-12T00:01:55.032640,0,0,0,0
2026-03-12T00:01:56.038623,0,0,0,0
2026-03-12T00:01:57.046561,0,0,0,0
2026-03-12T00:01:58.052544,0,0,0,0
2026-03-12T00:01:59.059529,0,0,0,0
2026-03-12T00:02:00.066507,0,0,0,0
2026-03-12T00:02:01.072548,0,0,0,0
2026-03-12T00:02:02.079516,0,0,0,0
2026-03-12T00:02:03.085527,0,0,0,0
2026-03-12T00:02:04.092458,0,0,0,0
2026-03-12T00:02:05.099419,0,0,0,0
2026-03-12T00:02:06.104413,0,0,0,0
2026-03-12T00:02:07.112426,0,0,0,0
2026-03-12T00:02:08.119391,0,0,0,0
2026-03-12T00:02:09.126399,0,0,0,0
2026-03-12T00:02:10.132367,0,0,0,0
2026-03-12T00:02:11.139348,0,0,0,0
2026-03-12T00:02:12.145478,0,0,0,0
2026-03-12T00:02:13.153433,0,0,0,0
2026-03-12T00:02:14.159308,0,0,0,0
2026-03-12T00:02:15.166305,0,0,0,0
2026-03-12T00:02:16.173408,0,0,0,0
2026-03-12T00:02:17.179309,0,0,0,0
2026-03-12T00:02:27.320815,0,0,0,0
2026-03-12T00:02:29.803187,0,0,0,0
2026-03-12T00:02:30.810159,0,0,0,0
2026-03-12T00:02:31.816124,0,0,0,0
2026-03-12T00:02:32.823124,0,0,0,0
2026-03-12T00:02:33.829092,0,0,0,0
2026-03-12T00:02:34.836995,0,0,0,0
2026-03-12T00:02:35.842078,0,0,0,0
2026-03-12T00:02:36.849862,0,0,0,0
2026-03-12T00:02:37.857050,0,0,0,0
2026-03-12T00:02:38.863029,0,0,0,0
2026-03-12T00:02:39.870007,0,0,0,0
2026-03-12T00:02:40.876014,0,0,0,0
2026-03-12T00:02:41.882985,0,0,0,0
2026-03-12T00:02:42.889932,0,0,0,0
2026-03-12T00:02:43.896922,0,0,0,0
2026-03-12T00:02:44.902900,0,0,0,0
2026-03-12T00:02:45.909881,0,0,0,0
2026-03-12T00:02:46.916872,0,0,0,0
2026-03-12T00:02:47.922854,0,0,0,0
2026-03-12T00:02:48.928832,0,0,0,0
2026-03-12T00:02:49.935828,0,0,0,0
2026-03-12T00:02:50.943804,0,0,0,0
2026-03-12T00:03:01.594207,0,0,0,0
2026-03-12T00:03:04.076611,0,0,0,0
2026-03-12T00:03:05.083582,0,0,0,0
2026-03-12T00:03:06.089630,0,0,0,0
2026-03-12T00:03:07.096524,0,0,0,0
2026-03-12T00:03:08.101799,0,0,0,0
2026-03-12T00:03:09.110528,0,0,0,0
2026-03-12T00:03:10.116491,0,0,0,0
2026-03-12T00:03:11.123477,0,0,0,0
2026-03-12T00:03:12.130485,0,0,0,0
2026-03-12T00:03:13.136425,0,0,0,0
2026-03-12T00:03:14.143422,0,0,0,0
2026-03-12T00:03:15.149465,0,0,0,0
2026-03-12T00:03:16.156361,0,0,0,0
2026-03-12T00:03:17.162372,0,0,0,0
2026-03-12T00:03:18.170342,0,0,0,0
2026-03-12T00:03:19.176333,0,0,0,0
2026-03-12T00:03:20.183307,0,0,0,0
2026-03-12T00:03:21.190297,0,0,0,0
2026-03-12T00:03:22.196320,0,0,0,0
2026-03-12T00:03:23.203316,0,0,0,0
2026-03-12T00:03:24.209408,0,0,0,0
2026-03-12T00:03:25.217354,0,0,0,0
2026-03-12T00:03:26.223252,0,0,0,0
2026-03-12T00:03:27.230215,0,0,0,0
2026-03-12T00:03:28.236166,0,0,0,0
2026-03-12T00:03:29.243201,0,0,0,0
2026-03-12T00:03:30.250141,0,0,0,0
2026-03-12T00:03:31.256180,0,0,0,0
2026-03-12T00:03:32.263141,0,0,0,0
2026-03-12T00:03:33.269109,0,0,0,0
2026-03-12T00:03:34.277114,0,0,0,0
2026-03-12T00:03:35.283105,0,0,0,0
2026-03-12T00:03:36.289097,0,0,0,0
2026-03-12T00:03:37.297076,0,0,0,0
2026-03-12T00:03:38.303046,0,0,0,0
2026-03-12T00:03:39.310009,0,0,0,0
2026-03-12T00:03:40.316023,0,0,0,0
2026-03-12T00:03:41.324019,0,0,0,0
2026-03-12T00:03:42.327956,0,0,0,0
2026-03-12T00:03:43.336986,0,0,0,0
2026-03-12T00:03:44.343959,0,0,0,0
2026-03-12T00:03:45.349932,0,0,0,0
2026-03-12T00:03:46.356934,0,0,0,0
2026-03-12T00:03:47.362954,0,0,194.882026,0
2026-03-12T00:03:48.369890,0,0,0,0
2026-03-12T00:03:49.376883,0,0,0,0
2026-03-12T00:03:50.383853,0,0,0,0
2026-03-12T00:03:51.389936,0,0,0,0
2026-03-12T00:03:52.396828,0,0,0,0
2026-03-12T00:03:53.403814,0,0,0,0
2026-03-12T00:03:54.409790,0,0,0,0
2026-03-12T00:03:55.416780,0,0,0,0
2026-03-12T00:03:56.422753,0,0,0,0
2026-03-12T00:03:57.430749,0,0,0,0
2026-03-12T00:03:58.436728,0,0,0,0
2026-03-12T00:03:59.443659,0,0,0,0
2026-03-12T00:04:00.450703,0,0,0,0
2026-03-12T00:04:01.456684,0,0,0,0
2026-03-12T00:04:02.463654,0,0,0,0
2026-03-12T00:04:03.469625,0,0,0,0
2026-03-12T00:04:04.477620,0,0,0,0
2026-03-12T00:04:05.483584,0,0,0,0
2026-03-12T00:04:06.490604,0,0,0,0
2026-03-12T00:04:07.496552,0,0,0,0
2026-03-12T00:04:08.503558,0,0,0,0
2026-03-12T00:04:09.510560,0,0,0,0
2026-03-12T00:04:10.516518,0,0,0,0
2026-03-12T00:04:11.523515,0,0,0,0
2026-03-12T00:04:12.530501,0,0,0,0
2026-03-12T00:04:13.537534,0,0,0,0
2026-03-12T00:04:14.543427,0,0,0,0
2026-03-12T00:04:15.550389,0,0,0,0
2026-03-12T00:04:16.556393,0,0,0,0
2026-03-12T00:04:17.563409,0,0,0,0
2026-03-12T00:04:18.570395,0,0,0,0
2026-03-12T00:04:19.576383,0,0,0,0
2026-03-12T00:04:20.584311,0,0,0,0
2026-03-12T00:04:21.590357,0,0,0,0
2026-03-12T00:04:22.597380,0,0,0,0
2026-03-12T00:04:23.602267,0,0,0,0
2026-03-12T00:04:24.609393,0,0,0,0
2026-03-12T00:04:25.617367,0,0,0,0
2026-03-12T00:04:26.623219,0,0,0,0
2026-03-12T00:04:27.630210,0,0,0,0
2026-03-12T00:04:28.637352,0,0,0,0
2026-03-12T00:04:29.644204,0,0,0,0
2026-03-12T00:04:30.650244,0,0,0,0
2026-03-12T00:04:31.657239,0,0,0,0
2026-03-12T00:04:32.663168,0,0,0,0
2026-03-12T00:04:33.669238,0,0,0,0
2026-03-12T00:04:34.677127,0,0,0,0
2026-03-12T00:04:35.683167,0,0,0,0
2026-03-12T00:04:36.691104,0,0,0,0
2026-03-12T00:04:37.697202,0,0,0,0
2026-03-12T00:04:38.704086,0,0,0,0
2026-03-12T00:04:39.709042,0,0,0,0
2026-03-12T00:04:40.717073,0,0,0,0
2026-03-12T00:04:41.724037,0,0,0,0
2026-03-12T00:04:42.730050,0,0,0,0
2026-03-12T00:04:43.737027,0,0,0,0
2026-03-12T00:04:44.743963,0,0,0,0
2026-03-12T00:04:45.750984,0,0,0,0
2026-03-12T00:04:46.756925,0,0,0,0
2026-03-12T00:04:47.763884,0,0,0,0
2026-03-12T00:04:48.770890,0,0,0,0
2026-03-12T00:04:49.776742,0,0,0,0
2026-03-12T00:04:50.783748,0,0,0,0
2026-03-12T00:04:51.790764,0,0,0,0
2026-03-12T00:04:52.797849,0,0,0,0
2026-03-12T00:04:53.803792,0,0,0,0
2026-03-12T00:04:54.808820,0,0,0,0
2026-03-12T00:04:55.816760,0,0,0,0
2026-03-12T00:04:56.823739,0,0,0,0
2026-03-12T00:04:57.829738,0,0,0,0
2026-03-12T00:04:58.836716,0,0,0,0
2026-03-12T00:04:59.844654,0,0,0,0
2026-03-12T00:05:00.850659,0,0,0,0
2026-03-12T00:05:01.857671,0,0,0,0
2026-03-12T00:05:02.863605,0,0,0,0
2026-03-12T00:05:03.870569,0,0,0,0
2026-03-12T00:05:04.877645,0,0,0,0
2026-03-12T00:05:05.883573,0,0,0,0
2026-03-12T00:05:06.890542,0,0,0,0
2026-03-12T00:05:07.897585,0,0,0,0
2026-03-12T00:05:08.904509,0,0,0,0
2026-03-12T00:05:09.910514,0,0,0,0
2026-03-12T00:05:10.917534,0,0,0,0
2026-03-12T00:05:11.923464,0,0,0,0
2026-03-12T00:05:12.930449,0,0,0,0
2026-03-12T00:05:13.937497,0,0,0,0
2026-03-12T00:05:14.943421,0,0,0,0
2026-03-12T00:05:15.951382,0,0,0,0
2026-03-12T00:05:16.957461,0,0,0,0
2026-03-12T00:05:17.964332,0,0,0,0
2026-03-12T00:05:18.970366,0,0,0,0
2026-03-12T00:05:19.977413,0,0,0,0
2026-03-12T00:05:20.984310,0,0,0,0
2026-03-12T00:05:21.990321,0,0,0,0
2026-03-12T00:05:22.997355,0,0,0,0
2026-03-12T00:05:24.004251,0,0,0,0
2026-03-12T00:05:25.011257,0,0,0,0
2026-03-12T00:05:26.017274,0,0,0,0
2026-03-12T00:05:27.024223,0,0,0,0
2026-03-12T00:05:28.029343,0,0,0,0
2026-03-12T00:05:29.037299,0,0,0,0
2026-03-12T00:05:30.044196,0,0,0,0
2026-03-12T00:05:31.050206,0,0,0,0
2026-03-12T00:05:32.058145,0,0,0,0
2026-03-12T00:05:33.063142,0,0,0,0
2026-03-12T00:05:34.071145,0,0,0,0
2026-03-12T00:05:35.076116,0,0,0,0
2026-03-12T00:05:36.084066,0,0,0,0
2026-03-12T00:05:37.090087,0,0,0,0
2026-03-12T00:05:38.097038,0,0,0,0
2026-03-12T00:05:39.103038,0,0,0,0
2026-03-12T00:05:52.036368,0,0,0,0
2026-03-12T00:05:53.042801,0,0,0,0
2026-03-12T00:05:54.048739,0,0,0,0
2026-03-12T00:05:55.055707,0,0,0,0
2026-03-12T00:05:56.061718,0,0,0,0
2026-03-12T00:05:57.069695,0,0,0,0
2026-03-12T00:05:58.075658,0,0,0,0
2026-03-12T00:05:59.081693,0,0,0,0
2026-03-12T00:06:00.089663,0,0,0,0
2026-03-12T00:06:01.095611,0,0,0,0
2026-03-12T00:06:02.102610,0,0,0,0
2026-03-12T00:06:03.108565,0,0,0,0
2026-03-12T00:06:04.115525,0,0,0,0
2026-03-12T00:06:05.122547,0,0,0,0
2026-03-12T00:06:06.128516,0,0,0,0
2026-03-12T00:06:07.135465,0,0,0,0
2026-03-12T00:06:08.142456,0,0,0,0
2026-03-12T00:06:09.149532,0,0,0,0
2026-03-12T00:06:10.155421,0,0,0,0
2026-03-12T00:06:11.162404,0,0,0,0
2026-03-12T00:06:12.168374,0,0,0,0
2026-03-12T00:06:13.176352,0,0,0,0
2026-03-12T00:06:14.182373,0,0,0,0
2026-03-12T00:06:24.345637,0,0,0,0
2026-03-12T00:06:26.828154,0,0,0,0
2026-03-12T00:06:27.835131,0,0,0,0
2026-03-12T00:06:28.841117,0,0,0,0
2026-03-12T00:06:29.848093,0,0,0,0
2026-03-12T00:06:30.854083,0,0,0,0
2026-03-12T00:06:31.862037,0,0,0,0
2026-03-12T00:06:32.867004,0,0,0,0
2026-03-12T00:06:33.875001,0,0,0,0
2026-03-12T00:06:34.881944,0,0,0,0
2026-03-12T00:06:35.887932,0,0,0,0
2026-03-12T00:06:36.894924,0,0,0,0
2026-03-12T00:06:37.900866,0,0,0,0
2026-03-12T00:06:38.906878,0,0,0,0
2026-03-12T00:06:39.914857,0,0,0,0
2026-03-12T00:06:40.921834,0,0,0,0
2026-03-12T00:06:41.927831,0,0,0,0
2026-03-12T00:06:42.934793,0,0,0,0
2026-03-12T00:06:43.941802,0,0,0,0
2026-03-12T00:06:44.947771,0,0,0,0
2026-03-12T00:06:45.954743,0,0,0,0
2026-03-12T00:06:46.960739,0,0,0,0
2026-03-12T00:06:47.968710,0,0,0,0
2026-03-12T00:06:48.974687,0,0,0,0
2026-03-12T00:06:49.981701,0,0,0,0
2026-03-12T00:06:50.988656,0,0,0,0
2026-03-12T00:06:51.994652,0,0,0,0
2026-03-12T00:06:53.001658,0,0,0,0
2026-03-12T00:06:54.007584,0,0,0,0
2026-03-12T00:06:55.014582,0,0,0,0
2026-03-12T00:06:56.021613,0,0,0,0
2026-03-12T00:06:57.028577,0,0,0,0
2026-03-12T00:06:58.034541,0,0,0,0
2026-03-12T00:06:59.041580,0,0,0,0
2026-03-12T00:07:00.048506,0,0,0,0
2026-03-12T00:07:01.053596,0,0,0,0
2026-03-12T00:07:02.061538,0,0,0,0
2026-03-12T00:07:03.067470,0,0,0,0
2026-03-12T00:07:04.075457,0,0,0,0
2026-03-12T00:07:05.081474,0,0,0,0
2026-03-12T00:07:06.088410,0,0,0,0
2026-03-12T00:07:07.095410,0,0,0,0
2026-03-12T00:07:08.101430,0,0,0,0
2026-03-12T00:07:09.108358,0,0,0,0
2026-03-12T00:07:10.114342,0,0,0,0
2026-03-12T00:07:11.121391,0,0,0,0
2026-03-12T00:07:12.128310,0,0,0,0
2026-03-12T00:07:13.134254,0,0,0,0
2026-03-12T00:07:14.141325,0,0,0,0
2026-03-12T00:07:15.148238,0,0,0,0
2026-03-12T00:07:16.155226,0,0,0,0
2026-03-12T00:07:17.160199,0,0,0,0
2026-03-12T00:07:18.168194,0,0,0,0
2026-03-12T00:07:19.174177,0,0,0,0
2026-03-12T00:07:20.182155,0,0,0,0
2026-03-12T00:07:21.188127,0,0,0,0
2026-03-12T00:07:22.195103,0,0,0,0
2026-03-12T00:07:23.202109,0,0,0,0
2026-03-12T00:07:24.208064,0,0,0,0
2026-03-12T00:07:25.215061,0,0,0,0
2026-03-12T00:07:26.221011,0,0,0,0
2026-03-12T00:07:27.228995,0,0,0,0
2026-03-12T00:07:28.234977,0,0,0,0
2026-03-12T00:07:29.241988,0,0,0,0
2026-03-12T00:07:30.247927,0,0,0,0
2026-03-12T00:07:31.254932,0,0,0,0
2026-03-12T00:07:32.260917,0,0,0,0
2026-03-12T00:07:33.267893,0,0,0,0
2026-03-12T00:07:34.274876,0,0,0,0
2026-03-12T00:07:35.281882,0,0,0,0
2026-03-12T00:07:36.288854,0,0,0,0
2026-03-12T00:07:37.294792,0,0,0,0
2026-03-12T00:07:38.301787,0,0,0,0
2026-03-12T00:07:39.307750,0,0,0,0
2026-03-12T00:07:40.314792,0,0,0,0
2026-03-12T00:07:41.321756,0,0,0,0
2026-03-12T00:07:42.327699,0,0,0,0
2026-03-12T00:07:43.335685,0,0,0,0
2026-03-12T00:07:44.341684,0,0,0,0
2026-03-12T00:07:45.348664,0,0,0,0
2026-03-12T00:07:46.353728,0,0,0,0
2026-03-12T00:07:47.361633,0,0,0,0
2026-03-12T00:07:48.368588,0,0,0,0
2026-03-12T00:07:49.373610,0,0,0,0
2026-03-12T00:07:50.381594,0,0,0,0
2026-03-12T00:07:51.388528,0,0,0,0
2026-03-12T00:07:52.395522,0,0,0,0
2026-03-12T00:07:53.401550,0,0,0,0
2026-03-12T00:07:54.408445,0,0,0,0
2026-03-12T00:08:05.091702,0,0,0,0
2026-03-12T00:08:07.574301,0,0,0,0
2026-03-12T00:08:08.581434,0,0,0,0
2026-03-12T00:08:09.587250,0,0,0,0
2026-03-12T00:08:10.594229,0,0,0,0
2026-03-12T00:08:11.600185,0,0,0,0
2026-03-12T00:08:12.608182,0,0,0,0
2026-03-12T00:08:13.613113,0,0,0,0
2026-03-12T00:08:14.621269,0,0,0,0
2026-03-12T00:08:15.628089,0,0,0,0
2026-03-12T00:08:16.634128,0,0,0,0
2026-03-12T00:08:17.641057,0,0,0,0
2026-03-12T00:08:18.647062,0,0,0,0
2026-03-12T00:08:19.654071,0,0,0,0
2026-03-12T00:08:20.661039,0,0,0,0
2026-03-12T00:08:21.668001,0,0,0,0
2026-03-12T00:08:22.674008,0,0,0,0
2026-03-12T00:08:23.680961,0,0,0,0
2026-03-12T00:08:24.687960,0,0,0,0
2026-03-12T00:08:25.692943,0,0,0,0
2026-03-12T00:08:26.699922,0,0,0,0
2026-03-12T00:08:27.706887,0,0,0,0
2026-03-12T00:08:28.714841,0,0,0,0
2026-03-12T00:08:29.720815,0,0,0,0
2026-03-12T00:08:39.870195,0,0,0,0
2026-03-12T00:08:42.351580,0,0,0,0
2026-03-12T00:08:43.359566,0,0,0,0
2026-03-12T00:08:44.364506,0,0,0,0
2026-03-12T00:08:45.372515,0,0,0,0
2026-03-12T00:08:46.376440,0,0,0,0
2026-03-12T00:08:47.386467,0,0,0,0
2026-03-12T00:08:48.391432,0,0,0,0
2026-03-12T00:08:49.398449,0,0,0,0
2026-03-12T00:08:50.405463,0,0,0,0
2026-03-12T00:08:51.412402,0,0,0,0
2026-03-12T00:08:52.419375,0,0,0,0
2026-03-12T00:08:53.424360,0,0,0,0
2026-03-12T00:08:54.432340,0,0,0,0
2026-03-12T00:08:55.439327,0,0,0,0
2026-03-12T00:08:56.446277,0,0,0,0
2026-03-12T00:08:57.451284,0,0,0,0
2026-03-12T00:08:58.459256,0,0,0,0
2026-03-12T00:08:59.466192,0,0,0,0
2026-03-12T00:09:00.472215,0,0,0,0
2026-03-12T00:09:01.479196,0,0,0,0
2026-03-12T00:09:11.766477,0,0,0,0
2026-03-12T00:09:14.247920,0,0,0,0
2026-03-12T00:09:15.255911,0,0,0,0
2026-03-12T00:09:16.261896,0,0,0,0
2026-03-12T00:09:17.268861,0,0,0,0
2026-03-12T00:09:18.274832,0,0,0,0
2026-03-12T00:09:19.281789,0,0,0,0
2026-03-12T00:09:20.288789,0,0,0,0
2026-03-12T00:09:21.295778,0,0,0,0
2026-03-12T00:09:22.302760,0,0,0,0
2026-03-12T00:09:23.308742,0,0,0,0
2026-03-12T00:09:24.314692,0,0,0,0
2026-03-12T00:09:25.321678,0,0,0,0
2026-03-12T00:09:26.328653,0,0,0,0
2026-03-12T00:09:27.335600,0,0,0,0
2026-03-12T00:09:28.342633,0,0,0,0
2026-03-12T00:09:29.348539,0,0,0,0
2026-03-12T00:09:30.355620,0,0,0,0
2026-03-12T00:09:31.362595,0,0,0,0
2026-03-12T00:09:32.367579,0,0,0,0
2026-03-12T00:09:33.375542,0,0,0,0
2026-03-12T00:09:34.381672,0,0,0,0
2026-03-12T00:09:35.389625,0,0,0,0
2026-03-12T00:09:36.395441,0,0,0,0
2026-03-12T00:09:46.594847,0,0,0,0
2026-03-12T00:09:49.076282,0,0,0,0
2026-03-12T00:09:50.084238,0,0,0,0
2026-03-12T00:09:51.090215,0,0,0,0
2026-03-12T00:09:52.096168,0,0,0,0
2026-03-12T00:09:53.103163,0,0,0,0
2026-03-12T00:09:54.111144,0,0,0,0
2026-03-12T00:09:55.117127,0,0,0,0
2026-03-12T00:09:56.124097,0,0,0,0
2026-03-12T00:09:57.131143,0,0,0,0
2026-03-12T00:09:58.137106,0,0,0,0
2026-03-12T00:09:59.144089,0,0,0,0
2026-03-12T00:10:00.149986,0,0,0,0
2026-03-12T00:10:01.157014,0,0,0,0
2026-03-12T00:10:02.164008,0,0,0,0
2026-03-12T00:10:03.171028,0,0,0,0
2026-03-12T00:10:04.176986,0,0,0,0
2026-03-12T00:10:05.183965,0,0,0,0
2026-03-12T00:10:06.190946,0,0,0,0
2026-03-12T00:10:07.195933,0,0,0,0
2026-03-12T00:10:08.203889,0,0,0,0
2026-03-12T00:10:09.209838,0,0,0,0
2026-03-12T00:10:10.217858,0,0,0,0
2026-03-12T00:10:11.223859,0,0,0,0
2026-03-12T00:10:12.230814,0,0,0,0
2026-03-12T00:10:13.236769,0,0,0,0
2026-03-12T00:10:14.243792,0,0,0,0
2026-03-12T00:10:15.250771,0,0,0,0
2026-03-12T00:10:16.256710,0,0,0,0
2026-03-12T00:10:17.263675,0,0,0,0
2026-03-12T00:10:18.270686,0,0,0,0
2026-03-12T00:10:19.277719,0,0,0,0
2026-03-12T00:10:20.283651,0,0,0,0
2026-03-12T00:10:21.290631,0,0,0,0
2026-03-12T00:10:22.297656,0,0,0,0
2026-03-12T00:10:23.303615,0,0,0,0
2026-03-12T00:10:24.310527,0,0,0,0
2026-03-12T00:10:25.316546,0,0,0,0
2026-03-12T00:10:26.324496,0,0,0,0
2026-03-12T00:10:27.330512,0,0,0,0
2026-03-12T00:10:28.337556,0,0,0,0
2026-03-12T00:10:29.344469,0,0,0,0
2026-03-12T00:10:30.350421,0,0,0,0
2026-03-12T00:10:31.357518,0,0,0,0
2026-03-12T00:10:32.363407,0,0,0,0
2026-03-12T00:10:33.370387,0,0,0,0
2026-03-12T00:10:34.377463,0,0,0,0
2026-03-12T00:10:35.384339,0,0,0,0
2026-03-12T00:10:36.389410,0,0,0,0
2026-03-12T00:10:37.397389,0,0,0,0
2026-03-12T00:10:38.404253,0,0,0,0
2026-03-12T00:10:39.410244,0,0,0,0
2026-03-12T00:10:40.416199,0,0,0,0
2026-03-12T00:10:41.423176,0,0,0,0
2026-03-12T00:10:42.430157,0,0,0,0
2026-03-12T00:10:43.437202,0,0,0,0
2026-03-12T00:10:44.443130,0,0,0,0
2026-03-12T00:10:45.450103,0,0,0,0
2026-03-12T00:10:46.456067,0,0,0,0
2026-03-12T00:10:47.463047,0,0,0,0
2026-03-12T00:10:48.469038,0,0,0,0
2026-03-12T00:10:49.477028,0,0,0,0
2026-03-12T00:10:50.483993,0,0,0,0
2026-03-12T00:10:51.490964,0,0,0,0
2026-03-12T00:10:52.495977,0,0,0,0
2026-03-12T00:10:53.503953,0,0,0,0
2026-03-12T00:10:54.510934,0,0,0,0
2026-03-12T00:10:55.516916,0,0,0,0
2026-03-12T00:10:56.523890,0,0,0,0
2026-03-12T00:10:57.529890,0,0,0,0
2026-03-12T00:10:58.537849,0,0,0,0
2026-03-12T00:10:59.543829,0,0,0,0
2026-03-12T00:11:00.550789,0,0,0,0
2026-03-12T00:11:01.557700,0,0,0,0
2026-03-12T00:11:02.563749,0,0,0,0
2026-03-12T00:11:03.570705,0,0,0,0
2026-03-12T00:11:04.576733,0,0,0,0
2026-03-12T00:11:05.583716,0,0,0,0
2026-03-12T00:11:06.590695,0,0,0,0
2026-03-12T00:11:07.596666,0,0,0,0
2026-03-12T00:11:08.603658,0,0,0,0
2026-03-12T00:11:09.610647,0,0,0,0
2026-03-12T00:11:10.616621,0,0,0,0
2026-03-12T00:11:11.622574,0,0,0,0
2026-03-12T00:11:12.630575,0,0,0,0
2026-03-12T00:11:13.636545,0,0,0,0
2026-03-12T00:11:14.644574,0,0,0,0
2026-03-12T00:11:15.650404,0,0,0,0
2026-03-12T00:11:16.657603,0,0,0,0
2026-03-12T00:11:17.664446,0,0,0,0
2026-03-12T00:11:18.670444,0,0,0,0
2026-03-12T00:11:19.677478,0,0,0,0
2026-03-12T00:11:20.683406,0,0,0,0
2026-03-12T00:11:21.690387,0,0,0,0
2026-03-12T00:11:22.697419,0,0,0,0
2026-03-12T00:11:23.703322,0,0,0,0
2026-03-12T00:11:24.709369,0,0,0,0
2026-03-12T00:11:25.717360,0,0,0,0
2026-03-12T00:11:26.724280,0,0,0,0
2026-03-12T00:11:27.730265,0,0,0,0
2026-03-12T00:11:28.736227,0,0,0,0
2026-03-12T00:11:29.743204,0,0,0,0
2026-03-12T00:11:30.751219,0,0,0,0
2026-03-12T00:11:31.756183,0,0,0,0
2026-03-12T00:11:32.763155,0,0,0,0
2026-03-12T00:11:33.770130,0,0,0,0
2026-03-12T00:11:34.777129,0,0,0,0
2026-03-12T00:11:35.784078,0,0,0,0
2026-03-12T00:11:36.790056,0,0,0,0
2026-03-12T00:11:37.797059,0,0,0,0
2026-03-12T00:11:38.804048,0,0,0,0
2026-03-12T00:11:39.810023,0,0,0,0
2026-03-12T00:11:40.817006,0,0,0,0
2026-03-12T00:11:41.823961,0,0,0,0
2026-03-12T00:11:42.830969,0,0,0,0
2026-03-12T00:11:43.835926,0,0,0,0
2026-03-12T00:11:44.842913,0,0,0,0
2026-03-12T00:11:45.850872,0,0,0,0
2026-03-12T00:11:46.856888,0,0,0,0
2026-03-12T00:11:47.862817,0,0,0,0
2026-03-12T00:11:48.870834,0,0,0,0
2026-03-12T00:11:49.877865,0,0,0,0
2026-03-12T00:11:50.882785,0,0,0,0
2026-03-12T00:11:51.890740,0,0,0,0
2026-03-12T00:11:52.896751,0,0,0,0
2026-03-12T00:11:53.904703,0,0,0,0
2026-03-12T00:11:54.910719,0,0,0,0
2026-03-12T00:11:55.917686,0,0,0,0
2026-03-12T00:11:56.923664,0,0,0,0
2026-03-12T00:11:57.929649,0,0,0,0
2026-03-12T00:11:58.936618,0,0,0,0
2026-03-12T00:11:59.943585,0,0,0,0
2026-03-12T00:12:00.950584,0,0,0,0
2026-03-12T00:12:01.957623,0,0,0,0
2026-03-12T00:12:02.963542,0,0,0,0
2026-03-12T00:12:03.970489,0,0,0,0
2026-03-12T00:12:04.976444,0,0,0,0
2026-03-12T00:12:05.983434,0,0,0,0
2026-03-12T00:12:06.990412,0,0,0,0
2026-03-12T00:12:07.997527,0,0,0,0
2026-03-12T00:12:09.003374,0,0,0,0
2026-03-12T00:12:10.010346,0,0,0,0
2026-03-12T00:12:11.016326,0,0,0,0
2026-03-12T00:12:12.023299,0,0,0,0
2026-03-12T00:12:13.029380,0,0,0,0
2026-03-12T00:12:14.037376,0,0,0,0
2026-03-12T00:12:15.044284,0,0,0,0
2026-03-12T00:12:16.049338,0,0,0,0
2026-03-12T00:12:17.057301,0,0,0,0
2026-03-12T00:12:18.064210,0,0,0,0
2026-03-12T00:12:19.071195,0,0,0,0
2026-03-12T00:12:20.077241,0,0,0,0
2026-03-12T00:12:21.084151,0,0,0,0
2026-03-12T00:12:22.091117,0,0,0,0
2026-03-12T00:12:23.097107,0,0,0,0
2026-03-12T00:12:24.103088,0,0,0,0
2026-03-12T00:12:25.109058,0,0,0,0
2026-03-12T00:12:26.118047,0,0,0,0
2026-03-12T00:12:27.124015,0,0,0,0
2026-03-12T00:12:28.131012,0,0,0,0
2026-03-12T00:12:29.136943,0,0,0,0
2026-03-12T00:12:30.143959,0,0,0,0
2026-03-12T00:12:31.150912,0,0,0,0
2026-03-12T00:12:32.155908,0,0,0,0
2026-03-12T00:12:33.163835,0,0,0,0
2026-03-12T00:12:34.170849,0,0,0,0
2026-03-12T00:12:35.177783,0,0,0,0
2026-03-12T00:12:36.182803,0,0,0,0
2026-03-12T00:12:37.190204,0,0,0,0
2026-03-12T00:12:38.197819,0,0,0,0
2026-03-12T00:12:39.203784,0,0,0,0
2026-03-12T00:12:40.209732,0,0,0,0
2026-03-12T00:12:41.216675,0,0,0,0
2026-03-12T00:12:42.224688,0,0,0,0
2026-03-12T00:12:43.230676,0,0,0,0
2026-03-12T00:12:44.236636,0,0,0,0
2026-03-12T00:12:45.243988,0,0,0,0
2026-03-12T00:12:46.250561,0,0,0,0
2026-03-12T00:12:47.256582,0,0,0,0
2026-03-12T00:12:48.263553,0,0,0,0
2026-03-12T00:12:49.270543,0,0,0,0
2026-03-12T00:12:50.277543,0,0,0,0
2026-03-12T00:12:51.284487,0,0,0,0
2026-03-12T00:12:52.290455,0,0,0,0
2026-03-12T00:12:53.296467,0,0,0,0
2026-03-12T00:12:54.304435,0,0,0,0
2026-03-12T00:12:55.310383,0,0,0,0
2026-03-12T00:12:56.316402,0,0,0,0
2026-03-12T00:12:57.323369,0,0,0,0
2026-03-12T00:12:58.331318,0,0,0,0
2026-03-12T00:12:59.337371,0,0,0,0
2026-03-12T00:13:00.344294,0,0,0,0
2026-03-12T00:13:10.332611,0,0,0,0
2026-03-12T00:13:12.815025,0,0,0,0
2026-03-12T00:13:13.822010,0,0,0,0
2026-03-12T00:13:14.827969,0,0,0,0
2026-03-12T00:13:15.834959,0,0,0,0
2026-03-12T00:13:16.840940,0,0,0,0
2026-03-12T00:13:17.848925,0,0,0,0
2026-03-12T00:13:18.854882,0,0,0,0
2026-03-12T00:13:19.861882,0,0,0,0
2026-03-12T00:13:20.868840,0,0,0,0
2026-03-12T00:13:21.874825,0,0,0,0
2026-03-12T00:13:22.881775,0,0,0,0
2026-03-12T00:13:23.886745,0,0,0,0
2026-03-12T00:13:24.894769,0,0,0,0
2026-03-12T00:13:25.901760,0,0,0,0
2026-03-12T00:13:26.908732,0,0,0,0
2026-03-12T00:13:27.914660,0,0,0,0
2026-03-12T00:13:28.921734,0,0,0,0
2026-03-12T00:13:29.928672,0,0,0,0
2026-03-12T00:13:30.934623,0,0,0,0
2026-03-12T00:13:31.941669,0,0,0,0
2026-03-12T00:13:32.947603,0,0,0,0
2026-03-12T00:13:33.955562,0,0,0,0
2026-03-12T00:13:34.961632,0,0,0,0
2026-03-12T00:13:35.968536,0,0,0,0
2026-03-12T00:13:36.975510,0,0,0,0
2026-03-12T00:13:37.981562,0,0,0,0
2026-03-12T00:13:38.988447,0,0,0,0
2026-03-12T00:13:39.994440,0,0,0,0
2026-03-12T00:13:40.999406,0,0,0,0
2026-03-12T00:13:42.008375,0,0,0,0
2026-03-12T00:13:43.015385,0,0,0,0
2026-03-12T00:13:44.021435,0,0,0,0
2026-03-12T00:13:45.028270,0,0,0,0
2026-03-12T00:13:46.035336,0,0,0,0
2026-03-12T00:13:47.041361,0,0,0,0
2026-03-12T00:13:48.048304,0,0,0,0
2026-03-12T00:13:49.054305,0,0,0,0
2026-03-12T00:13:50.062215,0,0,0,0
2026-03-12T00:13:51.068258,0,0,0,0
2026-03-12T00:13:52.074178,0,0,0,0
2026-03-12T00:13:53.082204,0,0,0,0
2026-03-12T00:13:54.088193,0,0,0,0
2026-03-12T00:13:55.095139,0,0,0,0
2026-03-12T00:13:56.101209,0,0,0,0
2026-03-12T00:13:57.108092,0,0,0,0
2026-03-12T00:13:58.113043,0,0,0,0
2026-03-12T00:13:59.122078,0,0,0,0
2026-03-12T00:14:00.128060,0,0,0,0
2026-03-12T00:14:01.134019,0,0,0,0
2026-03-12T00:14:02.142012,0,0,0,0
2026-03-12T00:14:03.146972,0,0,0,0
2026-03-12T00:14:04.153859,0,0,0,0
2026-03-12T00:14:05.160959,0,0,0,0
2026-03-12T00:14:06.168874,0,0,0,0
2026-03-12T00:14:16.352071,0,0,0,0
2026-03-12T00:14:18.834642,0,0,0,0
2026-03-12T00:14:19.841637,0,0,0,0
2026-03-12T00:14:20.847581,0,0,0,0
2026-03-12T00:14:21.854563,0,0,0,0
2026-03-12T00:14:22.860504,0,0,0,0
2026-03-12T00:14:23.868527,0,0,0,0
2026-03-12T00:14:24.874498,0,0,0,0
2026-03-12T00:14:25.881550,0,0,0,0
2026-03-12T00:14:26.888450,0,0,0,0
2026-03-12T00:14:27.893457,0,0,0,0
2026-03-12T00:14:28.901463,0,0,0,0
2026-03-12T00:14:29.907404,0,0,0,0
2026-03-12T00:14:30.914369,0,0,0,0
2026-03-12T00:14:31.921408,0,0,0,0
2026-03-12T00:14:32.928335,0,0,0,0
2026-03-12T00:14:33.934401,0,0,0,0
2026-03-12T00:14:34.941336,0,0,0,0
2026-03-12T00:14:35.948266,0,0,0,0
2026-03-12T00:14:36.953312,0,0,0,0
2026-03-12T00:14:37.961282,0,0,0,0
2026-03-12T00:14:38.967194,0,0,0,0
2026-03-12T00:14:39.975158,0,0,0,0
2026-03-12T00:14:50.491312,0,0,0,0
2026-03-12T00:14:52.973878,0,0,0,0
2026-03-12T00:14:53.980824,0,0,0,0
2026-03-12T00:14:54.986809,0,0,0,0
2026-03-12T00:14:55.993801,0,0,0,0
2026-03-12T00:14:56.998735,0,0,0,0
2026-03-12T00:14:58.007738,0,0,0,0
2026-03-12T00:14:59.013689,0,0,0,0
2026-03-12T00:15:00.020687,0,0,0,0
2026-03-12T00:15:01.027705,0,0,0,0
2026-03-12T00:15:02.033696,0,0,0,0
2026-03-12T00:15:03.040681,0,0,0,0
2026-03-12T00:15:04.046678,0,0,0,0
2026-03-12T00:15:05.053696,0,0,0,0
2026-03-12T00:15:06.060619,0,0,0,0
2026-03-12T00:15:07.067624,0,0,0,0
2026-03-12T00:15:08.073621,0,0,0,0
2026-03-12T00:15:09.080589,0,0,0,0
2026-03-12T00:15:10.087508,0,0,0,0
2026-03-12T00:15:11.092517,0,0,0,0
2026-03-12T00:15:12.100467,0,0,0,0
2026-03-12T00:15:13.106440,0,0,0,0
2026-03-12T00:15:14.114415,0,0,0,0
2026-03-12T00:15:15.120390,0,0,0,0
2026-03-12T00:15:16.127407,0,0,0,0
2026-03-12T00:15:17.134395,0,0,0,0
2026-03-12T00:15:18.140326,0,0,0,0
2026-03-12T00:15:19.147306,0,0,0,0
2026-03-12T00:15:20.153456,0,0,0,0
2026-03-12T00:15:21.160239,0,0,0,0
2026-03-12T00:15:22.167233,0,0,0,0
2026-03-12T00:15:23.173332,0,0,0,0
2026-03-12T00:15:24.180191,0,0,0,0
2026-03-12T00:15:25.187180,0,0,0,0
2026-03-12T00:15:26.194156,0,0,0,0
2026-03-12T00:15:27.200124,0,0,0,0
2026-03-12T00:15:28.207097,0,0,0,0
2026-03-12T00:15:29.213078,0,0,0,0
2026-03-12T00:15:30.221056,0,0,0,0
2026-03-12T00:15:31.227046,0,0,0,0
2026-03-12T00:15:32.234010,0,0,0,0
2026-03-12T00:15:33.240988,0,0,0,0
2026-03-12T00:15:34.246974,0,0,0,0
2026-03-12T00:15:35.253951,0,0,0,0
2026-03-12T00:15:36.259932,0,0,0,0
2026-03-12T00:15:37.266901,0,0,0,0
2026-03-12T00:15:38.273884,0,0,0,0
2026-03-12T00:15:39.280856,0,0,0,0
2026-03-12T00:15:40.286869,0,0,0,0
2026-03-12T00:15:41.293814,0,0,0,0
2026-03-12T00:15:42.300798,0,0,0,0
2026-03-12T00:15:43.305776,0,0,0,0
2026-03-12T00:15:44.312739,0,0,0,0
2026-03-12T00:15:45.319712,0,0,0,0
2026-03-12T00:15:46.326716,0,0,0,0
2026-03-12T00:15:47.333745,0,0,0,0
2026-03-12T00:15:48.340651,0,0,0,0
2026-03-12T00:15:49.346640,0,0,0,0
2026-03-12T00:15:50.353655,0,0,0,0
2026-03-12T00:15:51.360618,0,0,0,0
2026-03-12T00:15:52.366573,0,0,0,0
2026-03-12T00:15:53.372551,0,0,0,0
2026-03-12T00:15:54.380532,0,0,0,0
2026-03-12T00:15:55.387509,0,0,0,0
2026-03-12T00:15:56.393536,0,0,0,0
2026-03-12T00:15:57.399453,0,0,0,0
2026-03-12T00:15:58.406441,0,0,0,0
2026-03-12T00:15:59.413488,0,0,0,0
2026-03-12T00:16:00.419386,0,0,0,0
2026-03-12T00:16:01.426362,0,0,0,0
2026-03-12T00:16:02.433417,0,0,0,0
2026-03-12T00:16:03.439318,0,0,0,0
2026-03-12T00:16:04.446306,0,0,0,0
2026-03-12T00:16:05.453406,0,0,0,0
2026-03-12T00:16:06.460253,0,0,0,0
2026-03-12T00:16:07.467240,0,0,0,0
2026-03-12T00:16:08.473288,0,0,0,0
2026-03-12T00:16:09.481272,0,0,0,0
2026-03-12T00:16:10.487174,0,0,0,0
2026-03-12T00:16:11.494155,0,0,0,0
2026-03-12T00:16:12.500120,0,0,0,0
2026-03-12T00:16:13.507105,0,0,0,0
2026-03-12T00:16:14.513066,0,0,0,0
2026-03-12T00:16:15.519298,0,0,0,0
2026-03-12T00:16:16.527002,0,0,0,0
2026-03-12T00:16:17.534060,0,0,0,0
2026-03-12T00:16:18.539988,0,0,0,0
2026-03-12T00:16:19.545976,0,0,0,0
2026-03-12T00:16:20.552951,0,0,0,0
2026-03-12T00:16:21.560924,0,0,0,0
2026-03-12T00:16:22.566897,0,0,0,0
2026-03-12T00:16:23.572887,0,0,0,0
2026-03-12T00:16:24.578852,0,0,0,0
2026-03-12T00:16:25.587836,0,0,0,0
2026-03-12T00:16:26.592805,0,0,0,0
2026-03-12T00:16:27.600795,0,0,0,0
2026-03-12T00:16:28.605778,0,0,0,0
2026-03-12T00:16:29.613756,0,0,0,0
2026-03-12T00:16:30.620729,0,0,0,0
2026-03-12T00:16:31.626728,0,0,0,0
2026-03-12T00:16:32.632732,0,0,0,0
2026-03-12T00:16:33.639685,0,0,0,0
2026-03-12T00:16:34.646698,0,0,0,0
2026-03-12T00:16:35.652660,0,0,0,0
2026-03-12T00:16:36.659640,0,0,0,0
2026-03-12T00:16:37.667574,0,0,0,0
2026-03-12T00:16:38.672581,0,0,0,0
2026-03-12T00:16:39.680541,0,0,0,0
2026-03-12T00:16:40.686505,0,0,0,0
2026-03-12T00:16:41.693591,0,0,0,0
2026-03-12T00:16:42.700447,0,0,0,0
2026-03-12T00:16:43.707420,0,0,0,0
2026-03-12T00:16:44.712417,0,0,0,0
2026-03-12T00:16:45.719432,0,0,0,0
2026-03-12T00:16:46.727364,0,0,0,0
2026-03-12T00:16:47.732338,0,0,0,0
2026-03-12T00:16:48.740321,0,0,0,0
2026-03-12T00:16:49.747277,0,0,0,0
2026-03-12T00:16:50.754287,0,0,0,0
2026-03-12T00:16:51.760233,0,0,0,0
2026-03-12T00:16:52.767241,0,0,0,0
2026-03-12T00:16:53.774216,0,0,0,0
2026-03-12T00:16:54.780188,0,0,0,0
2026-03-12T00:16:55.787157,0,0,0,0
2026-03-12T00:16:56.793228,0,0,0,0
2026-03-12T00:16:57.801113,0,0,0,0
2026-03-12T00:16:58.806105,0,0,0,0
2026-03-12T00:16:59.814089,0,0,0,0
2026-03-12T00:17:00.820032,0,0,0,0
2026-03-12T00:17:01.827033,0,0,0,0
2026-03-12T00:17:02.834017,0,0,0,0
2026-03-12T00:17:03.839990,0,0,0,0
2026-03-12T00:17:04.845972,0,0,0,0
2026-03-12T00:17:05.853946,0,0,0,0
2026-03-12T00:17:06.859912,0,0,0,0
2026-03-12T00:17:07.866890,0,0,0,0
2026-03-12T00:17:08.873890,0,0,0,0
2026-03-12T00:17:09.880852,0,0,0,0
2026-03-12T00:17:10.886835,0,0,0,0
2026-03-12T00:17:11.892808,0,0,0,0
2026-03-12T00:17:12.899788,0,0,0,0
2026-03-12T00:17:13.907734,0,0,0,0
2026-03-12T00:17:14.912716,0,0,0,0
2026-03-12T00:17:15.920715,0,0,0,0
2026-03-12T00:17:16.926710,0,0,0,0
2026-03-12T00:17:17.933700,0,0,0,0
2026-03-12T00:17:18.940651,0,0,0,0
2026-03-12T00:17:19.946642,0,0,0,0
2026-03-12T00:17:20.953660,0,0,0,0
2026-03-12T00:17:21.960578,0,0,0,0
2026-03-12T00:17:22.967529,0,0,0,0
2026-03-12T00:17:23.972536,0,0,0,0
2026-03-12T00:17:24.979504,0,0,0,0
2026-03-12T00:17:25.986603,0,0,0,0
2026-03-12T00:17:26.992479,0,0,0,0
2026-03-12T00:17:28.000449,0,0,0,0
2026-03-12T00:17:29.005512,0,0,0,0
2026-03-12T00:17:30.013474,0,0,0,0
2026-03-12T00:17:31.019375,0,0,0,0
2026-03-12T00:17:32.026375,0,0,0,0
2026-03-12T00:17:33.033411,0,0,0,0
2026-03-12T00:17:34.040317,0,0,0,0
2026-03-12T00:17:35.046312,0,0,0,0
2026-03-12T00:17:36.052272,0,0,0,0
2026-03-12T00:17:37.060240,0,0,0,0
2026-03-12T00:17:38.067228,0,0,0,0
2026-03-12T00:17:39.073833,0,0,0,0
2026-03-12T00:17:40.080169,0,0,0,0
2026-03-12T00:17:41.086216,0,0,0,0
2026-03-12T00:17:42.093246,0,0,0,0
2026-03-12T00:17:43.099081,0,0,0,0
2026-03-12T00:17:44.106097,0,0,0,0
2026-03-12T00:17:45.113056,0,0,0,0
2026-03-12T00:17:46.120040,0,0,0,0
2026-03-12T00:17:47.127014,0,0,0,0
2026-03-12T00:17:48.133987,0,0,0,0
2026-03-12T00:17:49.139983,0,0,0,0
2026-03-12T00:17:50.146943,0,0,0,0
2026-03-12T00:17:51.153933,0,0,0,0
2026-03-12T00:17:52.159950,0,0,0,0
2026-03-12T00:17:53.166921,0,0,0,0
2026-03-12T00:17:54.173861,0,0,0,0
2026-03-12T00:17:55.179779,0,0,0,0
2026-03-12T00:17:56.186755,0,0,0,0
2026-03-12T00:17:57.193816,0,0,0,0
2026-03-12T00:17:58.200749,0,0,0,0
2026-03-12T00:17:59.206692,0,0,0,0
2026-03-12T00:18:00.212664,0,0,0,0
2026-03-12T00:18:01.219645,0,0,0,0
2026-03-12T00:18:02.226615,0,0,0,0
2026-03-12T00:18:03.232597,0,0,0,0
2026-03-12T00:18:04.240571,0,0,0,0
2026-03-12T00:18:05.245644,0,0,0,0
2026-03-12T00:18:06.253626,0,0,0,0
2026-03-12T00:18:07.260534,0,0,0,0
2026-03-12T00:18:08.265595,0,0,0,0
2026-03-12T00:18:09.273553,0,0,0,0
2026-03-12T00:18:10.280485,0,0,0,0
2026-03-12T00:18:11.286459,0,0,0,0
2026-03-12T00:18:12.292429,0,0,0,0
2026-03-12T00:18:13.300369,0,0,0,0
2026-03-12T00:18:14.306389,0,0,0,0
2026-03-12T00:18:15.313412,0,0,0,0
2026-03-12T00:18:16.320355,0,0,0,0
2026-03-12T00:18:17.326323,0,0,0,0
2026-03-12T00:18:18.334291,0,0,0,0
2026-03-12T00:18:19.340277,0,0,0,0
2026-03-12T00:18:20.346244,0,0,0,0
2026-03-12T00:18:21.353334,0,0,0,0
2026-03-12T00:18:22.359199,0,0,0,0
2026-03-12T00:18:23.367173,0,0,0,0
2026-03-12T00:18:24.373249,0,0,0,0
2026-03-12T00:18:25.379110,0,0,0,0
2026-03-12T00:18:26.387077,0,0,0,0
2026-03-12T00:18:27.394060,0,0,0,0
2026-03-12T00:18:28.400032,0,0,0,0
2026-03-12T00:18:29.406995,0,0,0,0
2026-03-12T00:18:30.413822,0,0,0,0
2026-03-12T00:18:31.419950,0,0,0,0
2026-03-12T00:18:32.425947,0,0,0,0
2026-03-12T00:18:33.432953,0,0,0,0
2026-03-12T00:18:34.440932,0,0,0,0
2026-03-12T00:18:35.446917,0,0,0,0
2026-03-12T00:18:36.452863,0,0,0,0
2026-03-12T00:18:37.459876,0,0,0,0
2026-03-12T00:18:38.465848,0,0,0,0
2026-03-12T00:18:39.472816,0,0,0,0
2026-03-12T00:18:40.479674,0,0,0,0
2026-03-12T00:18:41.486778,0,0,0,0
2026-03-12T00:18:42.493725,0,0,0,0
2026-03-12T00:18:43.499738,0,0,0,0
2026-03-12T00:18:44.506702,0,0,0,0
2026-03-12T00:18:45.513692,0,0,0,0
2026-03-12T00:18:46.519669,0,0,0,0
2026-03-12T00:18:47.525617,0,0,0,0
2026-03-12T00:18:48.533588,0,0,0,0
2026-03-12T00:18:49.538609,0,0,0,0
2026-03-12T00:18:50.546566,0,0,0,0
2026-03-12T00:18:51.553604,0,0,0,0
2026-03-12T00:18:52.560487,0,0,0,0
2026-03-12T00:18:53.566521,0,0,0,0
2026-03-12T00:18:54.573514,0,0,0,0
2026-03-12T00:18:55.579453,0,0,0,0
2026-03-12T00:18:56.586386,0,0,0,0
2026-03-12T00:18:57.592413,0,0,0,0
2026-03-12T00:18:58.600377,0,0,0,0
2026-03-12T00:18:59.606379,0,0,0,0
2026-03-12T00:19:00.613413,0,0,0,0
2026-03-12T00:19:01.620320,0,0,0,0
2026-03-12T00:19:02.627293,0,0,0,0
2026-03-12T00:19:03.632268,0,0,0,0
2026-03-12T00:19:04.639218,0,0,0,0
2026-03-12T00:19:05.645265,0,0,0,0
2026-03-12T00:19:06.653290,0,0,0,0
2026-03-12T00:19:07.660194,0,0,0,0
2026-03-12T00:19:08.667157,0,0,0,0
2026-03-12T00:19:09.673205,0,0,0,0
2026-03-12T00:19:10.679110,0,0,0,0
2026-03-12T00:19:11.687063,0,0,0,0
2026-03-12T00:19:12.693060,0,0,0,0
2026-03-12T00:19:13.700061,0,0,0,0
2026-03-12T00:19:14.707013,0,0,0,0
2026-03-12T00:19:15.713012,0,0,0,0
2026-03-12T00:19:16.719984,0,0,0,0
2026-03-12T00:19:17.725970,0,0,0,0
2026-03-12T00:19:18.733896,0,0,0,0
2026-03-12T00:19:19.738915,0,0,0,0
2026-03-12T00:19:20.746904,0,0,0,0
2026-03-12T00:19:21.752863,0,0,0,0
2026-03-12T00:19:22.760832,0,0,0,0
2026-03-12T00:19:23.765818,0,0,0,0
2026-03-12T00:19:24.773789,0,0,0,0
2026-03-12T00:19:25.779779,0,0,0,0
2026-03-12T00:19:26.786757,0,0,0,0
2026-03-12T00:19:27.792738,0,0,0,0
2026-03-12T00:19:28.799685,0,0,0,0
2026-03-12T00:19:29.805688,0,0,0,0
2026-03-12T00:19:30.812644,0,0,0,0
2026-03-12T00:19:31.820641,0,0,0,0
2026-03-12T00:19:32.825657,0,0,0,0
2026-03-12T00:19:33.833594,0,0,0,0
2026-03-12T00:19:34.839562,0,0,0,0
2026-03-12T00:19:35.846511,0,0,0,0
2026-03-12T00:19:36.853534,0,0,0,0
2026-03-12T00:19:37.859434,0,0,0,0
2026-03-12T00:19:38.867406,0,0,0,0
2026-03-12T00:19:39.872398,0,0,0,0
2026-03-12T00:19:40.880372,0,0,0,0
2026-03-12T00:19:41.886357,0,0,0,0
2026-03-12T00:19:42.893437,0,0,0,0
2026-03-12T00:19:43.900311,0,0,0,0
2026-03-12T00:19:44.906290,0,0,0,0
2026-03-12T00:19:45.913375,0,0,0,0
2026-03-12T00:19:46.919250,0,0,0,0
2026-03-12T00:19:47.927222,0,0,0,0
2026-03-12T00:19:48.933299,0,0,0,0
2026-03-12T00:19:49.940178,0,0,0,0
2026-03-12T00:19:50.946160,0,0,0,0
2026-03-12T00:19:51.953281,0,0,0,0
2026-03-12T00:19:52.960112,0,0,0,0
2026-03-12T00:19:53.966085,0,0,0,0
2026-03-12T00:19:54.974063,0,0,0,0
2026-03-12T00:19:55.980043,0,0,0,0
2026-03-12T00:19:56.986016,0,0,0,0
2026-03-12T00:19:57.992993,0,0,0,0
2026-03-12T00:19:58.999969,0,0,0,0
2026-03-12T00:20:00.006962,0,0,0,0
2026-03-12T00:20:01.012934,0,0,0,0
2026-03-12T00:20:02.019910,0,0,0,0
2026-03-12T00:20:03.026868,0,0,0,0
2026-03-12T00:20:04.032864,0,0,0,0
2026-03-12T00:20:05.039848,0,0,0,0
2026-03-12T00:20:06.046818,0,0,0,0
2026-03-12T00:20:07.052786,0,0,0,0
2026-03-12T00:20:08.058823,0,0,0,0
2026-03-12T00:20:09.065793,0,0,0,0
2026-03-12T00:20:10.071759,0,0,0,0
2026-03-12T00:20:11.080741,0,0,0,0
2026-03-12T00:20:12.085693,0,0,0,0
2026-03-12T00:20:13.093658,0,0,0,0
2026-03-12T00:20:14.098673,0,0,0,0
2026-03-12T00:20:15.105671,0,0,0,0
2026-03-12T00:20:16.112632,0,0,0,0
2026-03-12T00:20:17.118607,0,0,0,0
2026-03-12T00:20:18.126550,0,0,0,0
2026-03-12T00:20:19.133607,0,0,0,0
2026-03-12T00:20:20.140524,0,0,0,0
2026-03-12T00:20:21.145545,0,0,0,0
2026-03-12T00:20:22.153562,0,0,0,0
2026-03-12T00:20:23.160334,0,0,0,0
2026-03-12T00:20:24.166441,0,0,0,0
2026-03-12T00:20:25.173474,0,0,0,0
2026-03-12T00:20:26.179408,0,0,0,0
2026-03-12T00:20:27.186370,0,0,0,0
2026-03-12T00:20:28.193375,0,0,0,0
2026-03-12T00:20:29.200288,0,0,0,0
2026-03-12T00:20:30.206299,0,0,0,0
2026-03-12T00:20:31.213365,0,0,0,0
2026-03-12T00:20:32.220261,0,0,0,0
2026-03-12T00:20:33.226221,0,0,0,0
2026-03-12T00:20:34.233263,0,0,0,0
2026-03-12T00:20:35.240201,0,0,0,0
2026-03-12T00:20:36.247180,0,0,0,0
2026-03-12T00:20:37.252157,0,0,0,0
2026-03-12T00:20:38.260131,0,0,0,0
2026-03-12T00:20:39.266118,0,0,0,0
2026-03-12T00:20:40.273073,0,0,0,0
2026-03-12T00:20:41.280044,0,0,0,0
2026-03-12T00:20:42.286019,0,0,0,0
2026-03-12T00:20:43.293019,0,0,0,0
2026-03-12T00:20:44.299979,0,0,0,0
2026-03-12T00:20:45.306943,0,0,0,0
2026-03-12T00:20:46.312951,0,0,0,0
2026-03-12T00:20:47.319931,0,0,0,0
2026-03-12T00:20:48.325877,0,0,0,0
2026-03-12T00:20:49.331882,0,0,0,0
2026-03-12T00:20:50.339864,0,0,0,0
2026-03-12T00:20:51.346835,0,0,0,0
2026-03-12T00:21:02.055191,0,0,0,0
2026-03-12T00:21:04.537598,0,0,0,0
2026-03-12T00:21:05.544490,0,0,0,0
2026-03-12T00:21:06.550486,0,0,0,0
2026-03-12T00:21:07.557582,0,0,0,0
2026-03-12T00:21:08.563446,0,0,0,0
2026-03-12T00:21:09.570430,0,0,0,0
2026-03-12T00:21:10.577542,0,0,0,0
2026-03-12T00:21:11.584350,0,0,0,0
2026-03-12T00:21:12.591363,0,0,0,0
2026-03-12T00:21:13.597482,0,0,0,0
2026-03-12T00:21:14.604328,0,0,0,0
2026-03-12T00:21:15.610284,0,0,0,0
2026-03-12T00:21:16.617430,0,0,0,0
2026-03-12T00:21:17.623221,0,0,0,0
2026-03-12T00:21:18.631223,0,0,0,0
2026-03-12T00:21:19.637294,0,0,0,0
2026-03-12T00:21:20.644224,0,0,0,0
2026-03-12T00:21:21.651188,0,0,0,0
2026-03-12T00:21:22.657251,0,0,0,0
2026-03-12T00:21:23.664139,0,0,0,0
2026-03-12T00:21:24.670094,0,0,0,0
2026-03-12T00:21:25.678124,0,0,0,0
2026-03-12T00:21:26.684085,0,0,0,0
2026-03-12T00:21:27.691065,0,0,0,0
2026-03-12T00:21:28.698047,0,0,0,0
2026-03-12T00:21:29.704021,0,0,0,0
2026-03-12T00:21:30.709913,0,0,0,0
2026-03-12T00:21:31.716965,0,0,0,0
2026-03-12T00:21:32.723947,0,0,0,0
2026-03-12T00:21:33.730923,0,0,0,0
2026-03-12T00:21:34.737904,0,0,0,0
2026-03-12T00:21:35.743880,0,0,0,0
2026-03-12T00:21:36.750862,0,0,0,0
2026-03-12T00:21:37.757802,0,0,0,0
2026-03-12T00:21:38.763765,0,0,0,0
2026-03-12T00:21:39.770737,0,0,0,0
2026-03-12T00:21:40.776713,0,0,0,0
2026-03-12T00:21:41.784665,0,0,0,0
2026-03-12T00:21:42.790721,0,0,0,0
2026-03-12T00:21:43.797728,0,0,0,0
2026-03-12T00:21:44.804677,0,0,0,0
2026-03-12T00:21:45.810628,0,0,0,0
2026-03-12T00:21:46.817662,0,0,0,0
2026-03-12T00:21:47.822573,0,0,0,0
2026-03-12T00:21:48.830585,0,0,0,0
2026-03-12T00:21:49.836532,0,0,0,0
2026-03-12T00:21:50.844533,0,0,0,0
2026-03-12T00:21:51.850517,0,0,0,0
2026-03-12T00:21:52.857558,0,0,0,0
2026-03-12T00:21:53.864455,0,0,0,0
2026-03-12T00:21:54.870445,0,0,0,0
2026-03-12T00:21:55.877547,0,0,0,0
2026-03-12T00:21:56.883403,0,0,0,0
2026-03-12T00:21:57.891370,0,0,0,0
2026-03-12T00:21:58.897393,0,0,0,0
2026-03-12T00:21:59.904336,0,0,0,0
2026-03-12T00:22:00.911305,0,0,0,0
2026-03-12T00:22:01.917359,0,0,0,0
2026-03-12T00:22:02.924248,0,0,0,0
2026-03-12T00:22:03.930235,0,0,0,0
2026-03-12T00:22:04.935130,0,0,0,0
2026-03-12T00:22:05.944126,0,0,0,0
2026-03-12T00:22:06.951126,0,0,0,0
2026-03-12T00:22:07.956081,0,0,0,0
2026-03-12T00:22:08.964050,0,0,0,0
2026-03-12T00:22:09.971050,0,0,0,0
2026-03-12T00:22:10.975996,0,0,0,0
2026-03-12T00:22:11.983018,0,0,0,0
2026-03-12T00:22:12.989987,0,0,0,0
2026-03-12T00:22:13.997968,0,0,0,0
2026-03-12T00:22:15.003932,0,0,0,0
2026-03-12T00:22:16.010909,0,0,0,0
2026-03-12T00:22:17.017851,0,0,0,0
2026-03-12T00:22:18.023859,0,0,0,0
2026-03-12T00:22:19.030821,0,0,0,0
2026-03-12T00:22:20.036820,0,0,0,0
2026-03-12T00:22:21.043791,0,0,0,0
2026-03-12T00:22:22.049755,0,0,0,0
2026-03-12T00:22:23.057756,0,0,0,0
2026-03-12T00:22:24.062724,0,0,0,0
2026-03-12T00:22:25.070741,0,0,0,0
2026-03-12T00:22:26.077713,0,0,0,0
2026-03-12T00:22:27.083686,0,0,0,0
2026-03-12T00:22:28.090669,0,0,0,0
2026-03-12T00:22:29.096669,0,0,0,0
2026-03-12T00:22:30.104598,0,0,0,0
2026-03-12T00:22:31.110612,0,0,0,0
2026-03-12T00:22:32.117591,0,0,0,0
2026-03-12T00:22:33.124519,0,0,0,0
2026-03-12T00:22:34.130496,0,0,0,0
2026-03-12T00:22:35.137503,0,0,0,0
2026-03-12T00:22:36.143450,0,0,0,0
2026-03-12T00:22:37.150434,0,0,0,0
2026-03-12T00:22:38.157480,0,0,0,0
2026-03-12T00:22:39.164362,0,0,0,0
2026-03-12T00:22:40.170359,0,0,0,0
2026-03-12T00:22:41.177395,0,0,0,0
2026-03-12T00:22:42.184305,0,0,0,0
2026-03-12T00:22:43.190322,0,0,0,0
2026-03-12T00:22:44.197376,0,0,0,0
2026-03-12T00:22:45.203211,0,0,0,0
2026-03-12T00:22:46.211190,0,0,0,0
2026-03-12T00:22:47.217254,0,0,0,0
2026-03-12T00:22:48.224216,0,0,0,0
2026-03-12T00:22:49.231189,0,0,0,0
2026-03-12T00:22:50.237239,0,0,0,0
2026-03-12T00:22:51.244139,0,0,0,0
2026-03-12T00:22:52.250099,0,0,0,0
2026-03-12T00:22:53.257053,0,0,0,0
2026-03-12T00:22:54.264064,0,0,0,0
2026-03-12T00:22:55.271012,0,0,0,0
2026-03-12T00:22:56.276984,0,0,0,0
2026-03-12T00:22:57.283995,0,0,0,0
2026-03-12T00:22:58.290961,0,0,0,0
2026-03-12T00:22:59.296959,0,0,0,0
2026-03-12T00:23:00.303944,0,0,0,0
2026-03-12T00:23:01.309919,0,0,0,0
2026-03-12T00:23:02.317891,0,0,0,0
2026-03-12T00:23:03.323844,0,0,0,0
2026-03-12T00:23:04.330776,0,0,0,0
2026-03-12T00:23:05.337777,0,0,0,0
2026-03-12T00:23:06.343749,0,0,0,0
2026-03-12T00:23:16.788170,0,0,0,0
2026-03-12T00:23:19.269565,0,0,0,0
2026-03-12T00:23:20.277536,0,0,0,0
2026-03-12T00:23:21.283392,0,0,0,0
2026-03-12T00:23:22.290375,0,0,0,0
2026-03-12T00:23:23.296336,0,0,0,0
2026-03-12T00:23:24.304317,0,0,0,0
2026-03-12T00:23:25.310302,0,0,0,0
2026-03-12T00:23:26.317348,0,0,0,0
2026-03-12T00:23:27.324242,0,0,0,0
2026-03-12T00:23:28.330230,0,0,0,0
2026-03-12T00:23:29.337291,0,0,0,0
2026-03-12T00:23:30.343171,0,0,0,0
2026-03-12T00:23:31.350161,0,0,0,0
2026-03-12T00:23:32.357223,0,0,0,0
2026-03-12T00:23:33.364089,0,0,0,0
2026-03-12T00:23:34.370088,0,0,0,0
2026-03-12T00:23:35.377059,0,0,0,0
2026-03-12T00:23:36.384020,0,0,0,0
2026-03-12T00:23:37.390024,0,0,0,0
2026-03-12T00:23:38.396994,0,0,0,0
2026-03-12T00:23:39.402957,0,0,0,0
2026-03-12T00:23:40.410937,0,0,0,0
2026-03-12T00:23:41.416919,0,0,0,0
2026-03-12T00:23:42.423879,0,0,0,0
2026-03-12T00:23:43.430863,0,0,0,0
2026-03-12T00:23:44.436860,0,0,0,0
2026-03-12T00:23:45.443824,0,0,0,0
2026-03-12T00:23:46.449810,0,0,0,0
2026-03-12T00:23:47.456782,0,0,0,0
2026-03-12T00:23:48.463761,0,0,0,0
2026-03-12T00:23:49.470744,0,0,0,0
2026-03-12T00:23:50.476702,0,0,0,0
2026-03-12T00:23:51.483693,0,0,0,0
2026-03-12T00:23:52.490676,0,0,0,0
2026-03-12T00:23:53.496628,0,0,0,0
2026-03-12T00:23:54.503617,0,0,0,0
2026-03-12T00:23:55.509669,0,0,0,0
2026-03-12T00:23:56.516571,0,0,0,0
2026-03-12T00:23:57.523541,0,0,0,0
2026-03-12T00:23:58.530514,0,0,0,0
2026-03-12T00:23:59.537590,0,0,0,0
2026-03-12T00:24:00.543484,0,0,0,0
2026-03-12T00:24:01.550458,0,0,0,0
2026-03-12T00:24:02.556435,0,0,0,0
2026-03-12T00:24:03.563450,0,0,0,0
2026-03-12T00:24:04.570393,0,0,0,0
2026-03-12T00:24:05.577455,0,0,0,0
2026-03-12T00:24:06.583340,0,0,0,0
2026-03-12T00:24:07.590322,0,0,0,0
2026-03-12T00:24:08.597376,0,0,0,0
2026-03-12T00:24:09.602274,0,0,0,0
2026-03-12T00:24:10.610249,0,0,0,0
2026-03-12T00:24:11.616219,0,0,0,0
2026-03-12T00:24:12.624183,0,0,0,0
2026-03-12T00:24:13.629333,0,0,0,0
2026-03-12T00:24:14.637245,0,0,0,0
2026-03-12T00:24:15.644174,0,0,0,0
2026-03-12T00:24:16.649127,0,0,0,0
2026-03-12T00:24:17.657115,0,0,0,0
2026-03-12T00:24:18.663079,0,0,0,0
2026-03-12T00:24:19.670076,0,0,0,0
2026-03-12T00:24:20.677041,0,0,0,0
2026-03-12T00:24:21.683981,0,0,0,0
2026-03-12T00:24:22.689974,0,0,0,0
2026-03-12T00:24:23.696920,0,0,0,0
2026-03-12T00:24:24.703949,0,0,0,0
2026-03-12T00:24:25.709946,0,0,0,0
2026-03-12T00:24:26.716900,0,0,0,0
2026-03-12T00:24:27.722885,0,0,0,0
2026-03-12T00:24:28.730848,0,0,0,0
2026-03-12T00:24:29.740743,0,0,0,0
2026-03-12T00:24:30.743820,0,0,0,0
2026-03-12T00:24:31.749800,0,0,0,0
2026-03-12T00:24:32.756731,0,0,0,0
2026-03-12T00:24:33.763733,0,0,0,0
2026-03-12T00:24:34.769722,0,0,0,0
2026-03-12T00:24:35.776664,0,0,0,0
2026-03-12T00:24:36.783691,0,0,0,0
2026-03-12T00:24:37.790654,0,0,0,0
2026-03-12T00:24:38.796644,0,0,0,0
2026-03-12T00:24:39.803609,0,0,0,0
2026-03-12T00:24:40.810600,0,0,0,0
2026-03-12T00:24:41.816570,0,0,0,0
2026-03-12T00:24:42.823507,0,0,0,0
2026-03-12T00:24:43.829576,0,0,0,0
2026-03-12T00:24:44.837549,0,0,0,0
2026-03-12T00:24:45.843425,0,0,0,0
2026-03-12T00:24:46.850415,0,0,0,0
2026-03-12T00:24:47.857446,0,0,0,0
2026-03-12T00:24:48.862334,0,0,0,0
2026-03-12T00:24:49.870338,0,0,0,0
2026-03-12T00:24:50.876305,0,0,0,0
2026-03-12T00:24:51.883290,0,0,0,0
2026-03-12T00:24:52.890265,0,0,0,0
2026-03-12T00:24:53.897334,0,0,0,0
2026-03-12T00:24:54.903220,0,0,0,0
2026-03-12T00:24:55.910196,0,0,0,0
2026-03-12T00:24:56.917252,0,0,0,0
2026-03-12T00:24:57.923152,0,0,0,0
2026-03-12T00:24:58.930124,0,0,0,0
2026-03-12T00:24:59.936102,0,0,0,0
2026-03-12T00:25:00.944061,0,0,0,0
2026-03-12T00:25:01.950057,0,0,0,0
2026-03-12T00:25:02.957038,0,0,0,0
2026-03-12T00:25:03.964043,0,0,0,0
2026-03-12T00:25:04.969992,0,0,0,0
2026-03-12T00:25:05.974958,0,0,0,0
2026-03-12T00:25:06.982927,0,0,0,0
2026-03-12T00:25:07.989930,0,0,0,0
2026-03-12T00:25:08.996866,0,0,0,0
2026-03-12T00:25:10.003860,0,0,0,0
2026-03-12T00:25:11.009843,0,0,0,0
2026-03-12T00:25:12.015808,0,0,0,0
2026-03-12T00:25:13.023858,0,0,0,0
2026-03-12T00:25:14.029822,0,0,0,0
2026-03-12T00:25:15.036792,0,0,0,0
2026-03-12T00:25:16.042768,0,0,0,0
2026-03-12T00:25:17.050721,0,0,0,0
2026-03-12T00:25:18.056705,0,0,0,0
2026-03-12T00:25:19.063672,0,0,0,0
2026-03-12T00:25:20.070637,0,0,0,0
2026-03-12T00:25:21.076652,0,0,0,0
2026-03-12T00:25:31.795775,0,0,0,0
2026-03-12T00:25:34.278254,0,0,0,0
2026-03-12T00:25:35.285355,0,0,0,0
2026-03-12T00:25:36.291223,0,0,0,0
2026-03-12T00:25:37.298271,0,0,0,0
2026-03-12T00:25:38.304228,0,0,0,0
2026-03-12T00:25:39.312243,0,0,0,0
2026-03-12T00:25:40.318234,0,0,0,0
2026-03-12T00:25:41.325269,0,0,0,0
2026-03-12T00:25:42.332164,0,0,0,0
2026-03-12T00:25:43.338163,0,0,0,0
2026-03-12T00:25:44.345112,0,0,0,0
2026-03-12T00:25:45.351095,0,0,0,0
2026-03-12T00:25:46.358095,0,0,0,0
2026-03-12T00:25:47.365040,0,0,0,0
2026-03-12T00:25:48.372014,0,0,0,0
2026-03-12T00:25:49.377979,0,0,0,0
2026-03-12T00:25:50.384983,0,0,0,0
2026-03-12T00:25:51.391955,0,0,0,0
2026-03-12T00:25:52.397943,0,0,0,0
2026-03-12T00:25:53.404911,0,0,0,0
2026-03-12T00:25:54.410837,0,0,0,0
2026-03-12T00:25:55.418877,0,0,0,0
2026-03-12T00:26:05.558181,0,0,0,0
2026-03-12T00:26:08.040473,0,0,0,0
2026-03-12T00:26:09.047444,0,0,0,0
2026-03-12T00:26:10.053545,0,0,0,0
2026-03-12T00:26:11.060389,0,0,0,0
2026-03-12T00:26:12.066381,0,0,0,0
2026-03-12T00:26:13.074351,0,0,0,0
2026-03-12T00:26:14.080324,0,0,0,0
2026-03-12T00:26:15.087298,0,0,0,0
2026-03-12T00:26:16.094287,0,0,0,0
2026-03-12T00:26:17.100243,0,0,0,0
2026-03-12T00:26:18.107251,0,0,0,0
2026-03-12T00:26:19.113328,0,0,0,0
2026-03-12T00:26:20.120213,0,0,0,0
2026-03-12T00:26:21.127162,0,0,0,0
2026-03-12T00:26:22.134143,0,0,0,0
2026-03-12T00:26:23.140121,0,0,0,0
2026-03-12T00:26:24.147092,0,0,0,0
2026-03-12T00:26:25.154072,0,0,0,0
2026-03-12T00:26:26.159068,0,0,0,0
2026-03-12T00:26:27.167026,0,0,0,0
2026-03-12T00:26:28.173042,0,0,0,0
2026-03-12T00:26:29.180982,0,0,0,0
2026-03-12T00:26:30.186953,0,0,0,0
2026-03-12T00:26:31.193952,0,0,0,0
2026-03-12T00:26:32.200908,0,0,0,0
2026-03-12T00:26:33.205874,0,0,0,0
2026-03-12T00:26:34.213915,0,0,0,0
2026-03-12T00:26:35.219889,0,0,0,0
2026-03-12T00:26:36.226854,0,0,0,0
2026-03-12T00:26:37.233837,0,0,0,0
2026-03-12T00:26:38.240781,0,0,0,0
2026-03-12T00:26:39.246792,0,0,0,0
2026-03-12T00:26:40.253743,0,0,0,0
2026-03-12T00:26:41.260738,0,0,0,0
2026-03-12T00:26:42.266717,0,0,0,0
2026-03-12T00:26:43.273696,0,0,0,0
2026-03-12T00:26:44.279642,0,0,0,0
2026-03-12T00:26:45.287659,0,0,0,0
2026-03-12T00:26:46.293652,0,0,0,0
2026-03-12T00:26:47.300603,0,0,0,0
2026-03-12T00:26:48.307541,0,0,0,0
2026-03-12T00:26:49.313591,0,0,0,0
2026-03-12T00:26:50.320518,0,0,0,0
2026-03-12T00:26:51.326511,0,0,0,0
2026-03-12T00:26:52.333520,0,0,0,0
2026-03-12T00:26:53.340454,0,0,0,0
2026-03-12T00:26:54.347429,0,0,0,0
2026-03-12T00:26:55.352386,0,0,0,0
2026-03-12T00:26:56.360357,0,0,0,0
2026-03-12T00:26:57.367305,0,0,0,0
2026-03-12T00:26:58.373434,0,0,0,0
2026-03-12T00:26:59.378296,0,0,0,0
2026-03-12T00:27:00.386311,0,0,0,0
2026-03-12T00:27:01.394279,0,0,0,0
2026-03-12T00:27:02.400250,0,0,0,0
2026-03-12T00:27:03.407228,0,0,0,0
2026-03-12T00:27:04.414246,0,0,0,0
2026-03-12T00:27:05.420208,0,0,0,0
2026-03-12T00:27:06.427146,0,0,0,0
2026-03-12T00:27:07.433213,0,0,0,0
2026-03-12T00:27:08.439107,0,0,0,0
2026-03-12T00:27:09.447084,0,0,0,0
2026-03-12T00:27:10.454058,0,0,0,0
2026-03-12T00:27:11.459028,0,0,0,0
2026-03-12T00:27:12.467015,0,0,0,0
2026-03-12T00:27:13.473984,0,0,0,0
2026-03-12T00:27:14.479963,0,0,0,0
2026-03-12T00:27:15.486944,0,0,0,0
2026-03-12T00:27:16.492913,0,0,0,0
2026-03-12T00:27:17.499891,0,0,0,0
2026-03-12T00:27:18.506865,0,0,0,0
2026-03-12T00:27:19.513852,0,0,0,0
2026-03-12T00:27:20.520814,0,0,0,0
2026-03-12T00:27:21.526788,0,0,0,0
2026-03-12T00:27:22.533787,0,0,0,0
2026-03-12T00:27:23.538745,0,0,0,0
2026-03-12T00:27:24.546730,0,0,0,0
2026-03-12T00:27:25.553708,0,0,0,0
2026-03-12T00:27:26.560683,0,0,0,0
2026-03-12T00:27:27.566666,0,0,0,0
2026-03-12T00:27:28.571625,0,0,0,0
2026-03-12T00:27:29.580610,0,0,0,0
2026-03-12T00:27:30.586588,0,0,0,0
2026-03-12T00:27:31.593649,0,0,0,0
2026-03-12T00:27:32.599569,0,0,0,0
2026-03-12T00:27:33.606552,0,0,0,0
2026-03-12T00:27:34.613595,0,0,0,0
2026-03-12T00:27:35.620509,0,0,0,0
2026-03-12T00:27:36.627481,0,0,0,0
2026-03-12T00:27:37.632459,0,0,0,0
2026-03-12T00:27:38.640401,0,0,0,0
2026-03-12T00:27:39.645459,0,0,0,0
2026-03-12T00:27:40.653460,0,0,0,0
2026-03-12T00:27:41.660307,0,0,0,0
2026-03-12T00:27:42.667292,0,0,0,0
2026-03-12T00:27:43.672230,0,0,0,0
2026-03-12T00:27:44.680283,0,0,0,0
2026-03-12T00:27:45.685879,0,0,0,0
2026-03-12T00:27:46.693295,0,0,0,0
2026-03-12T00:27:47.700214,0,0,0,0
2026-03-12T00:27:48.704198,0,0,0,0
2026-03-12T00:27:49.714151,0,0,0,0
2026-03-12T00:27:50.720094,0,0,0,0
2026-03-12T00:27:51.727069,0,0,0,0
2026-03-12T00:27:52.734060,0,0,0,0
2026-03-12T00:27:53.740022,0,0,0,0
2026-03-12T00:27:54.746999,0,0,0,0
2026-03-12T00:27:55.752981,0,0,0,0
2026-03-12T00:27:56.759000,0,0,0,0
2026-03-12T00:27:57.766988,0,0,0,0
2026-03-12T00:27:58.773932,0,0,0,0
2026-03-12T00:27:59.779886,0,0,0,0
2026-03-12T00:28:00.786912,0,0,0,0
2026-03-12T00:28:01.793893,0,0,0,0
2026-03-12T00:28:02.799818,0,0,0,0
2026-03-12T00:28:03.806786,0,0,0,0
2026-03-12T00:28:04.812768,0,0,0,0
2026-03-12T00:28:05.819744,0,0,0,0
2026-03-12T00:28:06.826735,0,0,0,0
2026-03-12T00:28:07.833703,0,0,0,0
2026-03-12T00:28:08.840726,0,0,0,0
2026-03-12T00:28:21.538090,0,0,0,0
2026-03-12T00:28:22.544374,0,0,0,0
2026-03-12T00:28:23.550354,0,0,0,0
2026-03-12T00:28:24.557447,0,0,0,0
2026-03-12T00:28:25.563279,0,0,0,0
2026-03-12T00:28:26.571278,0,0,0,0
2026-03-12T00:28:27.575280,0,0,0,0
2026-03-12T00:28:28.584227,0,0,0,0
2026-03-12T00:28:29.591176,0,0,0,0
2026-03-12T00:28:30.597256,0,0,0,0
2026-03-12T00:28:31.604142,0,0,0,0
2026-03-12T00:28:32.610133,0,0,0,0
2026-03-12T00:28:33.616084,0,0,0,0
2026-03-12T00:28:34.624090,0,0,0,0
2026-03-12T00:28:35.631076,0,0,0,0
2026-03-12T00:28:36.637032,0,0,0,0
2026-03-12T00:28:37.642984,0,0,0,0
2026-03-12T00:28:38.650994,0,0,0,0
2026-03-12T00:28:39.656984,0,0,0,0
2026-03-12T00:28:40.663951,0,0,0,0
2026-03-12T00:28:41.669934,0,0,0,0
2026-03-12T00:28:42.677904,0,0,0,0
2026-03-12T00:28:43.683855,0,0,0,0
2026-03-12T00:28:44.690736,0,0,0,0
2026-03-12T00:28:45.697808,0,0,0,0
2026-03-12T00:28:46.703774,0,0,0,0
2026-03-12T00:28:47.710786,0,0,0,0
2026-03-12T00:28:48.716744,0,0,0,0
2026-03-12T00:28:49.722705,0,0,0,0
2026-03-12T00:28:50.730725,0,0,0,0
2026-03-12T00:28:51.737711,0,0,0,0
2026-03-12T00:28:52.743661,0,0,0,0
2026-03-12T00:28:53.750652,0,0,0,0
2026-03-12T00:28:54.757639,0,0,0,0
2026-03-12T00:28:55.763559,0,0,0,0
2026-03-12T00:28:56.769580,0,0,0,0
2026-03-12T00:28:57.776510,0,0,0,0
2026-03-12T00:28:58.784483,0,0,0,0
2026-03-12T00:28:59.790502,0,0,0,0
2026-03-12T00:29:00.796449,0,0,0,0
2026-03-12T00:29:01.804415,0,0,0,0
2026-03-12T00:29:02.810388,0,0,0,0
2026-03-12T00:29:03.817474,0,0,0,0
2026-03-12T00:29:04.823338,0,0,0,0
2026-03-12T00:29:05.830335,0,0,0,0
2026-03-12T00:29:06.837396,0,0,0,0
2026-03-12T00:29:07.843273,0,0,0,0
2026-03-12T00:29:08.849434,0,0,194.882026,0
2026-03-12T00:29:09.857338,0,0,0,0
2026-03-12T00:29:10.864199,0,0,0,0
2026-03-12T00:29:11.870181,0,0,0,0
2026-03-12T00:29:12.877291,0,0,0,0
2026-03-12T00:29:13.883133,0,0,0,0
2026-03-12T00:29:14.891105,0,0,0,0
2026-03-12T00:29:15.897083,0,0,0,0
2026-03-12T00:29:16.904064,0,0,0,0
2026-03-12T00:29:27.036487,0,0,0,0
2026-03-12T00:29:29.518788,0,0,0,0
2026-03-12T00:29:30.525800,0,0,0,0
2026-03-12T00:29:31.531777,0,0,0,0
2026-03-12T00:29:32.538725,0,0,0,0
2026-03-12T00:29:33.544702,0,0,0,0
2026-03-12T00:29:34.552703,0,0,0,0
2026-03-12T00:29:35.558652,0,0,0,0
2026-03-12T00:29:36.565659,0,0,0,0
2026-03-12T00:29:37.572633,0,0,0,0
2026-03-12T00:29:38.578590,0,0,0,0
2026-03-12T00:29:39.585642,0,0,0,0
2026-03-12T00:29:40.591564,0,0,0,0
2026-03-12T00:29:41.598527,0,0,0,0
2026-03-12T00:29:42.605611,0,0,0,0
2026-03-12T00:29:43.612454,0,0,0,0
2026-03-12T00:29:44.618456,0,0,0,0
2026-03-12T00:29:45.625503,0,0,0,0
2026-03-12T00:29:46.632399,0,0,0,0
2026-03-12T00:29:47.638389,0,0,0,0
2026-03-12T00:29:48.645450,0,0,0,0
2026-03-12T00:29:49.651336,0,0,0,0
2026-03-12T00:29:50.659298,0,0,0,0
2026-03-12T00:29:51.665354,0,0,0,0
2026-03-12T00:29:52.672266,0,0,0,0
2026-03-12T00:29:53.678254,0,0,0,0
2026-03-12T00:29:54.685323,0,0,0,0
2026-03-12T00:29:55.692200,0,0,0,0
2026-03-12T00:29:56.698213,0,0,0,0
2026-03-12T00:29:57.705279,0,0,0,0
2026-03-12T00:29:58.712183,0,0,0,0
2026-03-12T00:29:59.719096,0,0,0,0
2026-03-12T00:30:00.725029,0,0,0,0
2026-03-12T00:30:01.732110,0,0,0,0
2026-03-12T00:30:02.739037,0,0,0,0
2026-03-12T00:30:03.744954,0,0,0,0
2026-03-12T00:30:04.751984,0,0,0,0
2026-03-12T00:30:05.757831,0,0,0,0
2026-03-12T00:30:06.765956,0,0,0,0
2026-03-12T00:30:07.771894,0,0,0,0
2026-03-12T00:30:08.778873,0,0,0,0
2026-03-12T00:30:09.785867,0,0,0,0
2026-03-12T00:30:10.791833,0,0,0,0
2026-03-12T00:30:11.798846,0,0,0,0
2026-03-12T00:30:12.804820,0,0,0,0
2026-03-12T00:30:13.811810,0,0,0,0
2026-03-12T00:30:14.817813,0,0,0,0
2026-03-12T00:30:15.825740,0,0,0,0
2026-03-12T00:30:16.831762,0,0,0,0
2026-03-12T00:30:17.838721,0,0,0,0
2026-03-12T00:30:18.845725,0,0,0,0
2026-03-12T00:30:19.851637,0,0,0,0
2026-03-12T00:30:20.858623,0,0,0,0
2026-03-12T00:30:21.864638,0,0,194.882026,0
2026-03-12T00:30:22.872569,0,0,0,0
2026-03-12T00:30:23.878528,0,0,0,0
2026-03-12T00:30:33.774807,0,0,0,0
2026-03-12T00:30:36.257317,0,0,0,0
2026-03-12T00:30:37.264171,0,0,0,0
2026-03-12T00:30:38.270145,0,0,0,0
2026-03-12T00:30:39.277126,0,0,0,0
2026-03-12T00:30:40.282108,0,0,0,0
2026-03-12T00:30:41.291080,0,0,0,0
2026-03-12T00:30:42.297034,0,0,0,0
2026-03-12T00:30:43.304026,0,0,0,0
2026-03-12T00:30:44.310991,0,0,0,0
2026-03-12T00:30:45.316949,0,0,0,0
2026-03-12T00:30:46.323945,0,0,0,0
2026-03-12T00:30:47.329926,0,0,0,0
2026-03-12T00:30:48.336898,0,0,0,0
2026-03-12T00:30:49.343887,0,0,0,0
2026-03-12T00:30:50.350846,0,0,0,0
2026-03-12T00:30:51.356824,0,0,0,0
2026-03-12T00:30:52.363799,0,0,0,0
2026-03-12T00:30:53.370770,0,0,0,0
2026-03-12T00:30:54.376760,0,0,0,0
2026-03-12T00:30:55.383740,0,0,0,0
2026-03-12T00:30:56.389760,0,0,0,0
2026-03-12T00:31:09.232085,0,0,0,0
2026-03-12T00:31:10.239460,0,0,0,0
2026-03-12T00:31:11.245496,0,0,0,0
2026-03-12T00:31:12.252405,0,0,0,0
2026-03-12T00:31:13.258376,0,0,0,0
2026-03-12T00:31:14.266365,0,0,0,0
2026-03-12T00:31:15.272371,0,0,0,0
2026-03-12T00:31:16.278365,0,0,0,0
2026-03-12T00:31:17.286283,0,0,0,0
2026-03-12T00:31:18.292257,0,0,0,0
2026-03-12T00:31:19.299233,0,0,0,0
2026-03-12T00:31:20.305301,0,0,0,0
2026-03-12T00:31:21.312185,0,0,0,0
2026-03-12T00:31:22.319158,0,0,0,0
2026-03-12T00:31:23.326148,0,0,0,0
2026-03-12T00:31:24.331125,0,0,0,0
2026-03-12T00:31:25.339090,0,0,0,0
2026-03-12T00:31:26.346055,0,0,0,0
2026-03-12T00:31:27.352048,0,0,0,0
2026-03-12T00:31:28.359001,0,0,0,0
2026-03-12T00:31:29.364985,0,0,0,0
2026-03-12T00:31:30.372963,0,0,0,0
2026-03-12T00:31:31.378953,0,0,0,0
2026-03-12T00:31:32.385933,0,0,0,0
2026-03-12T00:31:33.392898,0,0,0,0
2026-03-12T00:31:34.398885,0,0,0,0
2026-03-12T00:31:35.405860,0,0,0,0
2026-03-12T00:31:36.411837,0,0,0,0
2026-03-12T00:31:37.418812,0,0,0,0
2026-03-12T00:31:38.425799,0,0,0,0
2026-03-12T00:31:39.432773,0,0,0,0
2026-03-12T00:31:40.438737,0,0,0,0
2026-03-12T00:31:41.445726,0,0,0,0
2026-03-12T00:31:42.452703,0,0,0,0
2026-03-12T00:31:43.458681,0,0,0,0
2026-03-12T00:31:44.465680,0,0,0,0
2026-03-12T00:31:45.471612,0,0,0,0
2026-03-12T00:31:46.479600,0,0,0,0
2026-03-12T00:31:47.485628,0,0,0,0
2026-03-12T00:31:48.492549,0,0,0,0
2026-03-12T00:31:49.499518,0,0,0,0
2026-03-12T00:31:50.505560,0,0,0,0
2026-03-12T00:31:51.512478,0,0,0,0
2026-03-12T00:31:52.518464,0,0,0,0
2026-03-12T00:31:53.525582,0,0,0,0
2026-03-12T00:31:54.530417,0,0,0,0
2026-03-12T00:31:55.539381,0,0,0,0
2026-03-12T00:31:56.545483,0,0,0,0
2026-03-12T00:31:57.552211,0,0,0,0
2026-03-12T00:31:58.559319,0,0,0,0
2026-03-12T00:31:59.565469,0,0,0,0
2026-03-12T00:32:00.572264,0,0,0,0
2026-03-12T00:32:01.578252,0,0,0,0
2026-03-12T00:32:02.586224,0,0,0,0
2026-03-12T00:32:03.592184,0,0,0,0
2026-03-12T00:32:04.598190,0,0,0,0
2026-03-12T00:32:05.606193,0,0,0,0
2026-03-12T00:32:06.612165,0,0,0,0
2026-03-12T00:32:07.619150,0,0,0,0
2026-03-12T00:32:08.625120,0,0,0,0
2026-03-12T00:32:09.632099,0,0,0,0
2026-03-12T00:32:10.639038,0,0,0,0
2026-03-12T00:32:11.646051,0,0,0,0
2026-03-12T00:32:12.652015,0,0,0,0
2026-03-12T00:32:13.658917,0,0,0,0
2026-03-12T00:32:14.665912,0,0,0,0
2026-03-12T00:32:15.671882,0,0,0,0
2026-03-12T00:32:16.678818,0,0,0,0
2026-03-12T00:32:17.684839,0,0,0,0
2026-03-12T00:32:18.692816,0,0,0,0
2026-03-12T00:32:19.697761,0,0,0,0
2026-03-12T00:32:20.705721,0,0,0,0
2026-03-12T00:32:21.712730,0,0,0,0
2026-03-12T00:32:22.717732,0,0,0,0
2026-03-12T00:32:23.725703,0,0,0,0
2026-03-12T00:32:24.731670,0,0,0,0
2026-03-12T00:32:25.738665,0,0,0,0
2026-03-12T00:32:26.745657,0,0,0,0
2026-03-12T00:32:27.752601,0,0,0,0
2026-03-12T00:32:28.757614,0,0,0,0
2026-03-12T00:32:29.765674,0,0,0,0
2026-03-12T00:32:30.772510,0,0,0,0
2026-03-12T00:32:31.778499,0,0,0,0
2026-03-12T00:32:32.785539,0,0,0,0
2026-03-12T00:32:33.791443,0,0,0,0
2026-03-12T00:32:34.799390,0,0,0,0
2026-03-12T00:32:35.805481,0,0,0,0
2026-03-12T00:32:36.812380,0,0,0,0
2026-03-12T00:32:37.818369,0,0,0,0
2026-03-12T00:32:38.824286,0,0,0,0
2026-03-12T00:32:39.832306,0,0,0,0
2026-03-12T00:32:40.838414,0,0,0,0
2026-03-12T00:32:41.844260,0,0,0,0
2026-03-12T00:32:42.852148,0,0,0,0
2026-03-12T00:32:43.859221,0,0,0,0
2026-03-12T00:32:44.865255,0,0,0,0
2026-03-12T00:32:45.872171,0,0,0,0
2026-03-12T00:32:46.879135,0,0,0,0
2026-03-12T00:32:47.885118,0,0,0,0
2026-03-12T00:32:48.892099,0,0,0,0
2026-03-12T00:32:49.898076,0,0,0,0
2026-03-12T00:32:50.906062,0,0,0,0
2026-03-12T00:32:51.912021,0,0,0,0
2026-03-12T00:32:52.917954,0,0,0,0
2026-03-12T00:32:53.925930,0,0,0,0
2026-03-12T00:32:54.931956,0,0,0,0
2026-03-12T00:32:55.937898,0,0,0,0
2026-03-12T00:32:56.944959,0,0,0,0
2026-03-12T00:32:57.951843,0,0,0,0
2026-03-12T00:32:58.957854,0,0,0,0
2026-03-12T00:32:59.965809,0,0,0,0
2026-03-12T00:33:00.971755,0,0,0,0
2026-03-12T00:33:01.978747,0,0,0,0
2026-03-12T00:33:02.985725,0,0,0,0
2026-03-12T00:33:03.991710,0,0,0,0
2026-03-12T00:33:04.998723,0,0,0,0
2026-03-12T00:33:06.004660,0,0,0,0
2026-03-12T00:33:07.011630,0,0,0,0
2026-03-12T00:33:08.018606,0,0,0,0
2026-03-12T00:33:09.024578,0,0,0,0
2026-03-12T00:33:10.032547,0,0,0,0
2026-03-12T00:33:11.038535,0,0,0,0
2026-03-12T00:33:12.045588,0,0,0,0
2026-03-12T00:33:13.051477,0,0,0,0
2026-03-12T00:33:14.058465,0,0,0,0
2026-03-12T00:33:15.065568,0,0,0,0
2026-03-12T00:33:16.072424,0,0,0,0
2026-03-12T00:33:17.078431,0,0,0,0
2026-03-12T00:33:18.085490,0,0,0,0
2026-03-12T00:33:19.092344,0,0,0,0
2026-03-12T00:33:20.098325,0,0,0,0
2026-03-12T00:33:21.105407,0,0,0,0
2026-03-12T00:33:22.111265,0,0,0,0
2026-03-12T00:33:23.119241,0,0,0,0
2026-03-12T00:33:24.125368,0,0,0,0
2026-03-12T00:33:25.132184,0,0,0,0
2026-03-12T00:33:26.139174,0,0,0,0
2026-03-12T00:33:27.145301,0,0,0,0
2026-03-12T00:33:28.152120,0,0,0,0
2026-03-12T00:33:29.158117,0,0,0,0
2026-03-12T00:33:30.164064,0,0,0,0
2026-03-12T00:33:31.172064,0,0,0,0
2026-03-12T00:33:32.179045,0,0,0,0
2026-03-12T00:33:33.185005,0,0,0,0
2026-03-12T00:33:34.191972,0,0,0,0
2026-03-12T00:33:35.197971,0,0,0,0
2026-03-12T00:33:36.204942,0,0,0,0
2026-03-12T00:33:37.211928,0,0,0,0
2026-03-12T00:33:38.217786,0,0,0,0
2026-03-12T00:33:39.225882,0,0,0,0
2026-03-12T00:33:40.231837,0,0,0,0
2026-03-12T00:33:41.238823,0,0,0,0
2026-03-12T00:33:42.245808,0,0,0,0
2026-03-12T00:33:43.251785,0,0,0,0
2026-03-12T00:33:44.258751,0,0,0,0
2026-03-12T00:33:45.264736,0,0,0,0
2026-03-12T00:33:46.272784,0,0,0,0
2026-03-12T00:33:58.798167,0,0,0,0
2026-03-12T00:33:59.804446,0,0,0,0
2026-03-12T00:34:00.809482,0,0,0,0
2026-03-12T00:34:01.817464,0,0,0,0
2026-03-12T00:34:02.823333,0,0,0,0
2026-03-12T00:34:03.831313,0,0,0,0
2026-03-12T00:34:04.837417,0,0,0,0
2026-03-12T00:34:05.844278,0,0,0,0
2026-03-12T00:34:06.851248,0,0,0,0
2026-03-12T00:34:07.857366,0,0,0,0
2026-03-12T00:34:08.864190,0,0,0,0
2026-03-12T00:34:09.870179,0,0,0,0
2026-03-12T00:34:10.877261,0,0,0,0
2026-03-12T00:34:11.883142,0,0,0,0
2026-03-12T00:34:12.891156,0,0,0,0
2026-03-12T00:34:13.896060,0,0,0,0
2026-03-12T00:34:14.904037,0,0,0,0
2026-03-12T00:34:15.911011,0,0,0,0
2026-03-12T00:34:16.916985,0,0,0,0
2026-03-12T00:34:17.924000,0,0,0,0
2026-03-12T00:34:18.929997,0,0,0,0
2026-03-12T00:34:29.283193,0,0,0,0
2026-03-12T00:34:31.765718,0,0,0,0
2026-03-12T00:34:32.772670,0,0,0,0
2026-03-12T00:34:33.778687,0,0,0,0
2026-03-12T00:34:34.785687,0,0,0,0
2026-03-12T00:34:35.791648,0,0,0,0
2026-03-12T00:34:36.799579,0,0,0,0
2026-03-12T00:34:37.805629,0,0,0,0
2026-03-12T00:34:38.812492,0,0,0,0
2026-03-12T00:34:39.818471,0,0,0,0
2026-03-12T00:34:40.825544,0,0,0,0
2026-03-12T00:34:41.831466,0,0,0,0
2026-03-12T00:34:42.838444,0,0,0,0
2026-03-12T00:34:43.845522,0,0,0,0
2026-03-12T00:34:44.852381,0,0,0,0
2026-03-12T00:34:45.857483,0,0,0,0
2026-03-12T00:34:46.864328,0,0,0,0
2026-03-12T00:34:47.872312,0,0,0,0
2026-03-12T00:34:48.879294,0,0,0,0
2026-03-12T00:34:49.885411,0,0,0,0
2026-03-12T00:34:50.891215,0,0,0,0
2026-03-12T00:34:51.898249,0,0,0,0
2026-03-12T00:34:52.906208,0,0,0,0
2026-03-12T00:35:03.280521,0,0,0,0
2026-03-12T00:35:05.762892,0,0,0,0
2026-03-12T00:35:06.768862,0,0,0,0
2026-03-12T00:35:07.775864,0,0,0,0
2026-03-12T00:35:08.782830,0,0,0,0
2026-03-12T00:35:09.788793,0,0,0,0
2026-03-12T00:35:10.796790,0,0,0,0
2026-03-12T00:35:11.801758,0,0,0,0
2026-03-12T00:35:12.808722,0,0,0,0
2026-03-12T00:35:13.816702,0,0,0,0
2026-03-12T00:35:14.822685,0,0,0,0
2026-03-12T00:35:15.829735,0,0,0,0
2026-03-12T00:35:16.834641,0,0,0,0
2026-03-12T00:35:17.842617,0,0,0,0
2026-03-12T00:35:18.848610,0,0,0,0
2026-03-12T00:35:19.856570,0,0,0,0
2026-03-12T00:35:20.862551,0,0,0,0
2026-03-12T00:35:21.869613,0,0,0,0
2026-03-12T00:35:22.876495,0,0,0,0
2026-03-12T00:35:23.882488,0,0,0,0
2026-03-12T00:35:24.889545,0,0,0,0
2026-03-12T00:35:25.895465,0,0,0,0
2026-03-12T00:35:36.271651,0,0,0,0
2026-03-12T00:35:38.754240,0,0,0,0
2026-03-12T00:35:39.761290,0,0,0,0
2026-03-12T00:35:40.767135,0,0,0,0
2026-03-12T00:35:41.774112,0,0,0,0
2026-03-12T00:35:42.780116,0,0,0,0
2026-03-12T00:35:43.788098,0,0,0,0
2026-03-12T00:35:44.794089,0,0,0,0
2026-03-12T00:35:45.801045,0,0,0,0
2026-03-12T00:35:46.806968,0,0,0,0
2026-03-12T00:35:47.814008,0,0,0,0
2026-03-12T00:35:48.820962,0,0,0,0
2026-03-12T00:35:49.826963,0,0,0,0
2026-03-12T00:35:50.833938,0,0,0,0
2026-03-12T00:35:51.840904,0,0,0,0
2026-03-12T00:35:52.847882,0,0,0,0
2026-03-12T00:35:53.853867,0,0,0,0
2026-03-12T00:35:54.860841,0,0,0,0
2026-03-12T00:35:55.867816,0,0,0,0
2026-03-12T00:35:56.873790,0,0,0,0
2026-03-12T00:35:57.880772,0,0,0,0
2026-03-12T00:35:58.885743,0,0,0,0
2026-03-12T00:35:59.894700,0,0,0,0
2026-03-12T00:36:00.900664,0,0,0,0
2026-03-12T00:36:01.907680,0,0,0,0
2026-03-12T00:36:02.914682,0,0,0,0
2026-03-12T00:36:03.920621,0,0,0,0
2026-03-12T00:36:04.927583,0,0,0,0
2026-03-12T00:36:05.933628,0,0,0,0
2026-03-12T00:36:06.940569,0,0,0,0
2026-03-12T00:36:07.946643,0,0,0,0
2026-03-12T00:36:08.953581,0,0,0,0
2026-03-12T00:36:09.959485,0,0,0,0
2026-03-12T00:36:10.966460,0,0,0,0
2026-03-12T00:36:11.973527,0,0,0,0
2026-03-12T00:36:12.980422,0,0,0,0
2026-03-12T00:36:13.987397,0,0,0,0
2026-03-12T00:36:14.992405,0,0,0,0
2026-03-12T00:36:16.001395,0,0,0,0
2026-03-12T00:36:17.007334,0,0,0,0
2026-03-12T00:36:18.013405,0,0,0,0
2026-03-12T00:36:19.020291,0,0,0,0
2026-03-12T00:36:20.026297,0,0,0,0
2026-03-12T00:36:21.033273,0,0,0,0
2026-03-12T00:36:22.040211,0,0,0,0
2026-03-12T00:36:23.047201,0,0,0,0
2026-03-12T00:36:24.054179,0,0,0,0
2026-03-12T00:36:25.060153,0,0,0,0
2026-03-12T00:36:26.066131,0,0,0,0
2026-03-12T00:36:27.074097,0,0,0,0
2026-03-12T00:36:28.081079,0,0,0,0
2026-03-12T00:36:29.086055,0,0,0,0
2026-03-12T00:36:30.093025,0,0,0,0
2026-03-12T00:36:31.099016,0,0,0,0
2026-03-12T00:36:32.107883,0,0,0,0
2026-03-12T00:36:33.112961,0,0,0,0
2026-03-12T00:36:34.120928,0,0,0,0
2026-03-12T00:36:35.127886,0,0,0,0
2026-03-12T00:36:36.133882,0,0,0,0
2026-03-12T00:36:37.140866,0,0,0,0
2026-03-12T00:36:38.145835,0,0,0,0
2026-03-12T00:36:39.152834,0,0,0,0
2026-03-12T00:36:40.160785,0,0,0,0
2026-03-12T00:36:41.167789,0,0,0,0
2026-03-12T00:36:42.173698,0,0,0,0
2026-03-12T00:36:43.180673,0,0,0,0
2026-03-12T00:36:44.187630,0,0,0,0
2026-03-12T00:36:45.193628,0,0,0,0
2026-03-12T00:36:46.200557,0,0,0,0
2026-03-12T00:36:47.206584,0,0,0,0
2026-03-12T00:36:48.213619,0,0,0,0
2026-03-12T00:36:49.220499,0,0,0,0
2026-03-12T00:36:50.226488,0,0,0,0
2026-03-12T00:36:51.234492,0,0,0,0
2026-03-12T00:36:52.240425,0,0,0,0
2026-03-12T00:36:53.247424,0,0,0,0
2026-03-12T00:36:54.253479,0,0,0,0
2026-03-12T00:36:55.260367,0,0,0,0
2026-03-12T00:36:56.267334,0,0,0,0
2026-03-12T00:36:57.273413,0,0,0,0
2026-03-12T00:36:58.280271,0,0,0,0
2026-03-12T00:36:59.287296,0,0,0,0
2026-03-12T00:37:00.294288,0,0,0,0
2026-03-12T00:37:01.300288,0,0,0,0
2026-03-12T00:37:02.307220,0,0,0,0
2026-03-12T00:37:03.313257,0,0,0,0
2026-03-12T00:37:04.320179,0,0,0,0
2026-03-12T00:37:05.327148,0,0,0,0
2026-03-12T00:37:06.333237,0,0,0,0
2026-03-12T00:37:07.341120,0,0,0,0
2026-03-12T00:37:08.347081,0,0,0,0
2026-03-12T00:37:09.354068,0,0,0,0
2026-03-12T00:37:10.359018,0,0,0,0
2026-03-12T00:37:11.366988,0,0,0,0
2026-03-12T00:37:12.373999,0,0,0,0
2026-03-12T00:37:13.380969,0,0,0,0
2026-03-12T00:37:14.386934,0,0,0,0
2026-03-12T00:37:15.393904,0,0,0,0
2026-03-12T00:37:16.399892,0,0,0,0
2026-03-12T00:37:17.405876,0,0,0,0
2026-03-12T00:37:18.412857,0,0,0,0
2026-03-12T00:37:19.420806,0,0,0,0
2026-03-12T00:37:20.427812,0,0,0,0
2026-03-12T00:37:21.433793,0,0,0,0
2026-03-12T00:37:22.440746,0,0,0,0
2026-03-12T00:37:23.447738,0,0,0,0
2026-03-12T00:37:24.453714,0,0,0,0
2026-03-12T00:37:25.460695,0,0,0,0
2026-03-12T00:37:26.465677,0,0,0,0
2026-03-12T00:37:27.474642,0,0,0,0
2026-03-12T00:37:28.479629,0,0,0,0
2026-03-12T00:37:29.487589,0,0,0,0
2026-03-12T00:37:30.493621,0,0,0,0
2026-03-12T00:37:31.499551,0,0,0,0
2026-03-12T00:37:32.506535,0,0,0,0
2026-03-12T00:37:33.513590,0,0,0,0
2026-03-12T00:37:34.519481,0,0,0,0
2026-03-12T00:37:35.527430,0,0,0,0
2026-03-12T00:37:36.534444,0,0,0,0
2026-03-12T00:37:37.539409,0,0,0,0
2026-03-12T00:37:38.547361,0,0,0,0
2026-03-12T00:37:39.554378,0,0,0,0
2026-03-12T00:37:40.560341,0,0,0,0
2026-03-12T00:37:41.567210,0,0,0,0
2026-03-12T00:37:51.798275,0,0,0,0
2026-03-12T00:37:54.280032,0,0,0,0
2026-03-12T00:37:55.288044,0,0,0,0
2026-03-12T00:37:56.294034,0,0,0,0
2026-03-12T00:37:57.300995,0,0,0,0
2026-03-12T00:37:58.306964,0,0,0,0
2026-03-12T00:37:59.314919,0,0,0,0
2026-03-12T00:38:00.319860,0,0,0,0
2026-03-12T00:38:01.327912,0,0,0,0
2026-03-12T00:38:02.334868,0,0,0,0
2026-03-12T00:38:03.340818,0,0,0,0
2026-03-12T00:38:04.347782,0,0,0,0
2026-03-12T00:38:05.353749,0,0,0,0
2026-03-12T00:38:06.360800,0,0,0,0
2026-03-12T00:38:07.367758,0,0,0,0
2026-03-12T00:38:08.374723,0,0,0,0
2026-03-12T00:38:09.380664,0,0,0,0
2026-03-12T00:38:10.387687,0,0,0,0
2026-03-12T00:38:11.393677,0,0,0,0
2026-03-12T00:38:12.400633,0,0,0,0
2026-03-12T00:38:13.407620,0,0,0,0
2026-03-12T00:38:14.412598,0,0,0,0
2026-03-12T00:38:15.421622,0,0,0,0
2026-03-12T00:38:16.426438,0,0,0,0
2026-03-12T00:38:17.434496,0,0,0,0
2026-03-12T00:38:18.441549,0,0,0,0
2026-03-12T00:38:19.447480,0,0,0,0
2026-03-12T00:38:20.454459,0,0,0,0
2026-03-12T00:38:21.460424,0,0,0,0
2026-03-12T00:38:22.467411,0,0,0,0
2026-03-12T00:38:23.474350,0,0,0,0
2026-03-12T00:38:24.481406,0,0,0,0
2026-03-12T00:38:25.487328,0,0,0,0
2026-03-12T00:38:26.494280,0,0,0,0
2026-03-12T00:38:27.501371,0,0,0,0
2026-03-12T00:38:28.507258,0,0,0,0
2026-03-12T00:38:29.514214,0,0,0,0
2026-03-12T00:38:30.520224,0,0,0,0
2026-03-12T00:38:31.528198,0,0,0,0
2026-03-12T00:38:32.534180,0,0,0,0
2026-03-12T00:38:33.541280,0,0,0,0
2026-03-12T00:38:34.548101,0,0,0,0
2026-03-12T00:38:35.553115,0,0,0,0
2026-03-12T00:38:36.561043,0,0,0,0
2026-03-12T00:38:37.567035,0,0,0,0
2026-03-12T00:38:38.574044,0,0,0,0
2026-03-12T00:38:39.580958,0,0,0,0
2026-03-12T00:38:40.587936,0,0,0,0
2026-03-12T00:38:41.593921,0,0,0,0
2026-03-12T00:38:42.600881,0,0,0,0
2026-03-12T00:38:43.607873,0,0,0,0
2026-03-12T00:38:44.613844,0,0,0,0
2026-03-12T00:38:45.619781,0,0,0,0
2026-03-12T00:38:46.626806,0,0,0,0
2026-03-12T00:38:47.634766,0,0,0,0
2026-03-12T00:38:48.640768,0,0,0,0
2026-03-12T00:38:49.646752,0,0,0,0
2026-03-12T00:38:50.654736,0,0,0,0
2026-03-12T00:38:51.660732,0,0,0,0
2026-03-12T00:38:52.666681,0,0,0,0
2026-03-12T00:38:53.672556,0,0,0,0
2026-03-12T00:38:54.680660,0,0,0,0
2026-03-12T00:38:55.687549,0,0,0,0
2026-03-12T00:38:56.694589,0,0,0,0
2026-03-12T00:38:57.700548,0,0,0,0
2026-03-12T00:38:58.706404,0,0,0,0
2026-03-12T00:38:59.714505,0,0,0,0
2026-03-12T00:39:00.720459,0,0,0,0
2026-03-12T00:39:01.726425,0,0,0,0
2026-03-12T00:39:02.733484,0,0,0,0
2026-03-12T00:39:03.741491,0,0,0,0
2026-03-12T00:39:04.746306,0,0,0,0
2026-03-12T00:39:05.754407,0,0,0,0
2026-03-12T00:39:06.761440,0,0,0,0
2026-03-12T00:39:07.767261,0,0,0,0
2026-03-12T00:39:08.774337,0,0,0,0
2026-03-12T00:39:09.779189,0,0,0,0
2026-03-12T00:39:10.786264,0,0,0,0
2026-03-12T00:39:11.794258,0,0,0,0
2026-03-12T00:39:12.800149,0,0,0,0
2026-03-12T00:39:13.806238,0,0,0,0
2026-03-12T00:39:14.814179,0,0,0,0
2026-03-12T00:39:15.821213,0,0,0,0
2026-03-12T00:39:16.827131,0,0,0,0
2026-03-12T00:39:17.834118,0,0,0,0
2026-03-12T00:39:18.840110,0,0,0,0
2026-03-12T00:39:19.848046,0,0,0,0
2026-03-12T00:39:20.854092,0,0,194.882026,0
2026-03-12T00:39:21.861031,0,0,0,0
2026-03-12T00:39:22.866963,0,0,0,0
2026-03-12T00:39:23.873955,0,0,0,0
2026-03-12T00:39:24.880915,0,0,0,0
2026-03-12T00:39:25.886894,0,0,0,0
2026-03-12T00:39:26.894872,0,0,0,0
2026-03-12T00:39:27.900841,0,0,0,0
2026-03-12T00:39:28.907824,0,0,0,0
2026-03-12T00:39:29.913809,0,0,0,0
2026-03-12T00:39:30.920782,0,0,0,0
2026-03-12T00:39:31.927753,0,0,0,0
2026-03-12T00:39:32.932725,0,0,0,0
2026-03-12T00:39:33.940748,0,0,0,0
2026-03-12T00:39:34.947697,0,0,0,0
2026-03-12T00:39:35.953703,0,0,0,0
2026-03-12T00:39:36.960638,0,0,0,0
2026-03-12T00:39:37.967629,0,0,0,0
2026-03-12T00:39:38.974567,0,0,0,0
2026-03-12T00:39:39.980574,0,0,0,0
2026-03-12T00:39:40.987538,0,0,0,0
2026-03-12T00:39:41.993579,0,0,0,0
2026-03-12T00:39:43.000509,0,0,0,0
2026-03-12T00:39:44.007493,0,0,0,0
2026-03-12T00:39:45.014489,0,0,0,0
2026-03-12T00:39:46.020430,0,0,0,0
2026-03-12T00:39:47.027393,0,0,0,0
2026-03-12T00:39:48.034408,0,0,0,0
2026-03-12T00:39:49.040379,0,0,0,0
2026-03-12T00:39:50.047367,0,0,0,0
2026-03-12T00:39:51.054368,0,0,0,0
2026-03-12T00:39:52.061387,0,0,0,0
2026-03-12T00:39:53.067301,0,0,0,0
2026-03-12T00:39:54.074294,0,0,0,0
2026-03-12T00:39:55.081331,0,0,0,0
2026-03-12T00:39:56.087242,0,0,0,0
2026-03-12T00:39:57.093291,0,0,0,0
2026-03-12T00:39:58.100165,0,0,0,0
2026-03-12T00:39:59.108168,0,0,0,0
2026-03-12T00:40:00.114098,0,0,0,0
2026-03-12T00:40:01.121106,0,0,0,0
2026-03-12T00:40:02.127056,0,0,0,0
2026-03-12T00:40:03.134018,0,0,0,0
2026-03-12T00:40:04.141028,0,0,0,0
2026-03-12T00:40:05.147025,0,0,0,0
2026-03-12T00:40:06.152984,0,0,0,0
2026-03-12T00:40:07.160987,0,0,0,0
2026-03-12T00:40:08.166930,0,0,0,0
2026-03-12T00:40:09.173938,0,0,0,0
2026-03-12T00:40:10.179875,0,0,0,0
2026-03-12T00:40:11.187877,0,0,0,0
2026-03-12T00:40:12.193873,0,0,0,0
2026-03-12T00:40:13.200805,0,0,0,0
2026-03-12T00:40:14.206777,0,0,0,0
2026-03-12T00:40:15.214791,0,0,0,0
2026-03-12T00:40:16.220763,0,0,0,0
2026-03-12T00:40:17.227717,0,0,0,0
2026-03-12T00:40:18.233712,0,0,0,0
2026-03-12T00:40:19.240668,0,0,0,0
2026-03-12T00:40:20.246610,0,0,0,0
2026-03-12T00:40:21.253711,0,0,194.882026,0
2026-03-12T00:40:22.260585,0,0,0,0
2026-03-12T00:40:23.267565,0,0,0,0
2026-03-12T00:40:24.274524,0,0,0,0
2026-03-12T00:40:25.280507,0,0,0,0
2026-03-12T00:40:26.287491,0,0,0,0
2026-03-12T00:40:27.293760,0,0,0,0
2026-03-12T00:40:28.300407,0,0,0,0
2026-03-12T00:40:29.307405,0,0,0,0
2026-03-12T00:40:30.313437,0,0,0,0
2026-03-12T00:40:31.321432,0,0,0,0
2026-03-12T00:40:32.327316,0,0,0,0
2026-03-12T00:40:33.334329,0,0,0,0
2026-03-12T00:40:34.340303,0,0,0,0
2026-03-12T00:40:35.347266,0,0,0,0
2026-03-12T00:40:36.354263,0,0,0,0
2026-03-12T00:40:37.360224,0,0,0,0
2026-03-12T00:40:38.368205,0,0,0,0
2026-03-12T00:40:39.374183,0,0,0,0
2026-03-12T00:40:40.381246,0,0,0,0
2026-03-12T00:40:41.387130,0,0,0,0
2026-03-12T00:40:42.394118,0,0,0,0
2026-03-12T00:40:43.401107,0,0,0,0
2026-03-12T00:40:44.406050,0,0,0,0
2026-03-12T00:40:45.414045,0,0,0,0
2026-03-12T00:40:46.421021,0,0,0,0
2026-03-12T00:40:47.427992,0,0,0,0
2026-03-12T00:40:48.433974,0,0,0,0
2026-03-12T00:40:49.440937,0,0,0,0
2026-03-12T00:40:50.446932,0,0,0,0
2026-03-12T00:40:51.453918,0,0,0,0
2026-03-12T00:40:52.460881,0,0,0,0
2026-03-12T00:40:53.466942,0,0,0,0
2026-03-12T00:40:54.474816,0,0,0,0
2026-03-12T00:40:55.480817,0,0,0,0
2026-03-12T00:40:56.487806,0,0,0,0
2026-03-12T00:40:57.493769,0,0,0,0
2026-03-12T00:40:58.500741,0,0,0,0
2026-03-12T00:40:59.507729,0,0,0,0
2026-03-12T00:41:00.513622,0,0,0,0
2026-03-12T00:41:01.519681,0,0,0,0
2026-03-12T00:41:02.527658,0,0,0,0
2026-03-12T00:41:03.534632,0,0,0,0
2026-03-12T00:41:04.539719,0,0,0,0
2026-03-12T00:41:05.547638,0,0,0,0
2026-03-12T00:41:06.553644,0,0,0,0
2026-03-12T00:41:07.560588,0,0,0,0
2026-03-12T00:41:08.567555,0,0,0,0
2026-03-12T00:41:09.572510,0,0,0,0
2026-03-12T00:41:10.581573,0,0,0,0
2026-03-12T00:41:11.587522,0,0,0,0
2026-03-12T00:41:12.594497,0,0,0,0
2026-03-12T00:41:13.599458,0,0,0,0
2026-03-12T00:41:14.607458,0,0,0,0
2026-03-12T00:41:15.614393,0,0,0,0
2026-03-12T00:41:16.620370,0,0,0,0
2026-03-12T00:41:17.627373,0,0,0,0
2026-03-12T00:41:18.632313,0,0,0,0
2026-03-12T00:41:19.641412,0,0,0,0
2026-03-12T00:41:20.647206,0,0,0,0
2026-03-12T00:41:21.654261,0,0,0,0
2026-03-12T00:41:22.659227,0,0,0,0
2026-03-12T00:41:23.667232,0,0,0,0
2026-03-12T00:41:24.674226,0,0,0,0
2026-03-12T00:41:25.680177,0,0,0,0
2026-03-12T00:41:26.688161,0,0,0,0
2026-03-12T00:41:27.694119,0,0,0,0
2026-03-12T00:41:28.701117,0,0,0,0
2026-03-12T00:41:29.707111,0,0,0,0
2026-03-12T00:41:30.713110,0,0,0,0
2026-03-12T00:41:31.721045,0,0,0,0
2026-03-12T00:41:32.727029,0,0,0,0
2026-03-12T00:41:33.734952,0,0,0,0
2026-03-12T00:41:34.739970,0,0,0,0
2026-03-12T00:41:35.747928,0,0,0,0
2026-03-12T00:41:36.753906,0,0,0,0
2026-03-12T00:41:37.759906,0,0,0,0
2026-03-12T00:41:38.766886,0,0,0,0
2026-03-12T00:41:39.772857,0,0,0,0
2026-03-12T00:41:40.779853,0,0,0,0
2026-03-12T00:41:41.787806,0,0,0,0
2026-03-12T00:41:42.794794,0,0,0,0
2026-03-12T00:41:43.800739,0,0,0,0
2026-03-12T00:41:44.806746,0,0,0,0
2026-03-12T00:41:45.813745,0,0,0,0
2026-03-12T00:41:46.820669,0,0,0,0
2026-03-12T00:41:47.826670,0,0,0,0
2026-03-12T00:41:48.833687,0,0,0,0
2026-03-12T00:41:49.841669,0,0,0,0
2026-03-12T00:41:50.847596,0,0,0,0
2026-03-12T00:41:51.854578,0,0,0,0
2026-03-12T00:41:52.860521,0,0,0,0
2026-03-12T00:41:53.867525,0,0,0,0
2026-03-12T00:41:54.872504,0,0,0,0
2026-03-12T00:41:55.880457,0,0,0,0
2026-03-12T00:41:56.887438,0,0,0,0
2026-03-12T00:41:57.893502,0,0,0,0
2026-03-12T00:41:58.901386,0,0,0,0
2026-03-12T00:41:59.906402,0,0,0,0
2026-03-12T00:42:00.914362,0,0,0,0
2026-03-12T00:42:01.920293,0,0,0,0
2026-03-12T00:42:02.926265,0,0,0,0
2026-03-12T00:42:03.934256,0,0,0,0
2026-03-12T00:42:04.940232,0,0,0,0
2026-03-12T00:42:05.948176,0,0,0,0
2026-03-12T00:42:06.953269,0,0,0,0
2026-03-12T00:42:07.961261,0,0,0,0
2026-03-12T00:42:08.967086,0,0,0,0
2026-03-12T00:42:09.974117,0,0,0,0
2026-03-12T00:42:10.979075,0,0,0,0
2026-03-12T00:42:21.328349,0,0,0,0
2026-03-12T00:42:23.810732,0,0,0,0
2026-03-12T00:42:24.817726,0,0,0,0
2026-03-12T00:42:25.822701,0,0,0,0
2026-03-12T00:42:26.828671,0,0,0,0
2026-03-12T00:42:27.835604,0,0,0,0
2026-03-12T00:42:28.844610,0,0,0,0
2026-03-12T00:42:29.850612,0,0,0,0
2026-03-12T00:42:30.856593,0,0,0,0
2026-03-12T00:42:31.864558,0,0,0,0
2026-03-12T00:42:32.870527,0,0,0,0
2026-03-12T00:42:33.877573,0,0,0,0
2026-03-12T00:42:34.883472,0,0,0,0
2026-03-12T00:42:35.890462,0,0,0,0
2026-03-12T00:42:36.897537,0,0,0,0
2026-03-12T00:42:37.904454,0,0,0,0
2026-03-12T00:42:38.910419,0,0,0,0
2026-03-12T00:42:39.917496,0,0,0,0
2026-03-12T00:42:40.924368,0,0,0,0
2026-03-12T00:42:41.930349,0,0,0,0
2026-03-12T00:42:42.937398,0,0,0,0
2026-03-12T00:42:43.942300,0,0,0,0
2026-03-12T00:42:44.951285,0,0,0,0
2026-03-12T00:42:55.047550,0,0,0,0
2026-03-12T00:42:57.529988,0,0,0,0
2026-03-12T00:42:58.536959,0,0,0,0
2026-03-12T00:42:59.541938,0,0,0,0
2026-03-12T00:43:00.549856,0,0,0,0
2026-03-12T00:43:01.555855,0,0,0,0
2026-03-12T00:43:02.563865,0,0,0,0
2026-03-12T00:43:03.569846,0,0,0,0
2026-03-12T00:43:04.576772,0,0,0,0
2026-03-12T00:43:05.583784,0,0,0,0
2026-03-12T00:43:06.589770,0,0,0,0
2026-03-12T00:43:07.596753,0,0,0,0
2026-03-12T00:43:08.602681,0,0,0,0
2026-03-12T00:43:09.609701,0,0,0,0
2026-03-12T00:43:10.616668,0,0,0,0
2026-03-12T00:43:11.623647,0,0,0,0
2026-03-12T00:43:12.629663,0,0,0,0
2026-03-12T00:43:13.636606,0,0,0,0
2026-03-12T00:43:14.642586,0,0,0,0
2026-03-12T00:43:15.649522,0,0,0,0
2026-03-12T00:43:16.655538,0,0,0,0
2026-03-12T00:43:17.661549,0,0,0,0
2026-03-12T00:43:18.670452,0,0,0,0
2026-03-12T00:43:19.676421,0,0,0,0
2026-03-12T00:43:20.682445,0,0,0,0
2026-03-12T00:43:21.690410,0,0,0,0
2026-03-12T00:43:22.695353,0,0,0,0
2026-03-12T00:43:23.703339,0,0,0,0
2026-03-12T00:43:24.709419,0,0,0,0
2026-03-12T00:43:25.716291,0,0,0,0
2026-03-12T00:43:26.723281,0,0,0,0
2026-03-12T00:43:27.730234,0,0,0,0
2026-03-12T00:43:28.736217,0,0,0,0
2026-03-12T00:43:29.743172,0,0,0,0
2026-03-12T00:43:30.750177,0,0,0,0
2026-03-12T00:43:31.756145,0,0,0,0
2026-03-12T00:43:32.763113,0,0,0,0
2026-03-12T00:43:33.769097,0,0,0,0
2026-03-12T00:43:34.777067,0,0,0,0
2026-03-12T00:43:35.783039,0,0,0,0
2026-03-12T00:43:36.790041,0,0,0,0
2026-03-12T00:43:37.796990,0,0,0,0
2026-03-12T00:43:38.802970,0,0,0,0
2026-03-12T00:43:39.809962,0,0,0,0
2026-03-12T00:43:40.815913,0,0,0,0
2026-03-12T00:43:41.823904,0,0,0,0
2026-03-12T00:43:42.829892,0,0,0,0
2026-03-12T00:43:43.836849,0,0,0,0
2026-03-12T00:43:44.842845,0,0,0,0
2026-03-12T00:43:45.848814,0,0,0,0
2026-03-12T00:43:46.855786,0,0,0,0
2026-03-12T00:43:47.861776,0,0,0,0
2026-03-12T00:43:48.869746,0,0,0,0
2026-03-12T00:43:49.876722,0,0,0,0
2026-03-12T00:43:50.883700,0,0,0,0
2026-03-12T00:43:51.889768,0,0,0,0
2026-03-12T00:43:52.896650,0,0,0,0
2026-03-12T00:43:53.903628,0,0,0,0
2026-03-12T00:43:54.909705,0,0,0,0
2026-03-12T00:43:55.916624,0,0,0,0
2026-03-12T00:43:56.922607,0,0,0,0
2026-03-12T00:43:57.929636,0,0,0,0
2026-03-12T00:43:58.936558,0,0,0,0
2026-03-12T00:43:59.942506,0,0,0,0
2026-03-12T00:44:00.949563,0,0,0,0
2026-03-12T00:44:01.956450,0,0,0,0
2026-03-12T00:44:02.963416,0,0,0,0
2026-03-12T00:44:03.969495,0,0,0,0
2026-03-12T00:44:04.976369,0,0,0,0
2026-03-12T00:44:05.983342,0,0,0,0
2026-03-12T00:44:06.990329,0,0,0,0
2026-03-12T00:44:07.996285,0,0,0,0
2026-03-12T00:44:09.003258,0,0,0,0
2026-03-12T00:44:10.010247,0,0,0,0
2026-03-12T00:44:11.014236,0,0,0,0
2026-03-12T00:44:12.023206,0,0,0,0
2026-03-12T00:44:13.029231,0,0,0,0
2026-03-12T00:44:14.037227,0,0,0,0
2026-03-12T00:44:15.043137,0,0,0,0
2026-03-12T00:44:16.050091,0,0,0,0
2026-03-12T00:44:17.056085,0,0,0,0
2026-03-12T00:44:18.062067,0,0,0,0
2026-03-12T00:44:19.069033,0,0,0,0
2026-03-12T00:44:20.076017,0,0,0,0
2026-03-12T00:44:21.082985,0,0,0,0
2026-03-12T00:44:22.088957,0,0,0,0
2026-03-12T00:44:23.096946,0,0,0,0
2026-03-12T00:44:24.101912,0,0,0,0
2026-03-12T00:44:25.109957,0,0,0,0
2026-03-12T00:44:26.116892,0,0,0,0
2026-03-12T00:44:27.121930,0,0,0,0
2026-03-12T00:44:28.129851,0,0,0,0
2026-03-12T00:44:29.135794,0,0,0,0
2026-03-12T00:44:30.142845,0,0,0,0
2026-03-12T00:44:31.149769,0,0,0,0
2026-03-12T00:44:32.156807,0,0,0,0
2026-03-12T00:44:33.160757,0,0,0,0
2026-03-12T00:44:34.168709,0,0,0,0
2026-03-12T00:44:35.175674,0,0,0,0
2026-03-12T00:44:36.182670,0,0,0,0
2026-03-12T00:44:37.188599,0,0,0,0
2026-03-12T00:44:38.196610,0,0,0,0
2026-03-12T00:44:39.203574,0,0,0,0
2026-03-12T00:44:40.209602,0,0,0,0
2026-03-12T00:44:41.216535,0,0,0,0
2026-03-12T00:44:42.223503,0,0,0,0
2026-03-12T00:44:43.228474,0,0,0,0
2026-03-12T00:44:44.236466,0,0,0,0
2026-03-12T00:44:45.242452,0,0,0,0
2026-03-12T00:44:46.250402,0,0,0,0
2026-03-12T00:44:47.256387,0,0,0,0
2026-03-12T00:44:48.263371,0,0,0,0
2026-03-12T00:44:49.269438,0,0,0,0
2026-03-12T00:44:50.276323,0,0,0,0
2026-03-12T00:44:51.283298,0,0,0,0
2026-03-12T00:44:52.288266,0,0,0,0
2026-03-12T00:44:53.296257,0,0,0,0
2026-03-12T00:44:54.303231,0,0,0,0
2026-03-12T00:44:55.309303,0,0,0,0
2026-03-12T00:44:56.316185,0,0,0,0
2026-03-12T00:44:57.323140,0,0,0,0
2026-03-12T00:44:58.330122,0,0,0,0
2026-03-12T00:44:59.336113,0,0,0,0
2026-03-12T00:45:00.342056,0,0,0,0
2026-03-12T00:45:01.349066,0,0,0,0
2026-03-12T00:45:02.357057,0,0,0,0
2026-03-12T00:45:03.363034,0,0,0,0
2026-03-12T00:45:04.370133,0,0,0,0
2026-03-12T00:45:05.375945,0,0,0,0
2026-03-12T00:45:06.382928,0,0,0,0
2026-03-12T00:45:07.388899,0,0,0,0
2026-03-12T00:45:08.395870,0,0,0,0
2026-03-12T00:45:09.402858,0,0,0,0
2026-03-12T00:45:10.409870,0,0,0,0
2026-03-12T00:45:11.416850,0,0,0,0
2026-03-12T00:45:12.422814,0,0,0,0
2026-03-12T00:45:13.429808,0,0,0,0
2026-03-12T00:45:14.436774,0,0,0,0
2026-03-12T00:45:15.442716,0,0,0,0
2026-03-12T00:45:16.449727,0,0,0,0
2026-03-12T00:45:17.454652,0,0,0,0
2026-03-12T00:45:18.463681,0,0,0,0
2026-03-12T00:45:19.469651,0,0,0,0
2026-03-12T00:45:20.476624,0,0,0,0
2026-03-12T00:45:21.482692,0,0,0,0
2026-03-12T00:45:22.489609,0,0,0,0
2026-03-12T00:45:23.496526,0,0,0,0
2026-03-12T00:45:24.502495,0,0,0,0
2026-03-12T00:45:25.510475,0,0,0,0
2026-03-12T00:45:26.516448,0,0,0,0
2026-03-12T00:45:27.523442,0,0,0,0
2026-03-12T00:45:28.529526,0,0,0,0
2026-03-12T00:45:29.536378,0,0,0,0
2026-03-12T00:45:30.543356,0,0,0,0
2026-03-12T00:45:31.549432,0,0,0,0
2026-03-12T00:45:32.555301,0,0,0,0
2026-03-12T00:45:33.562286,0,0,0,0
2026-03-12T00:45:44.054797,0,0,0,0
2026-03-12T00:45:46.537091,0,0,0,0
2026-03-12T00:45:47.544051,0,0,0,0
2026-03-12T00:45:48.550038,0,0,0,0
2026-03-12T00:45:49.556961,0,0,0,0
2026-03-12T00:45:50.562933,0,0,0,0
2026-03-12T00:45:51.570919,0,0,0,0
2026-03-12T00:45:52.576891,0,0,0,0
2026-03-12T00:45:53.583905,0,0,0,0
2026-03-12T00:45:54.590875,0,0,0,0
2026-03-12T00:45:55.596848,0,0,0,0
2026-03-12T00:45:56.603808,0,0,0,0
2026-03-12T00:45:57.609802,0,0,0,0
2026-03-12T00:45:58.616788,0,0,0,0
2026-03-12T00:45:59.622801,0,0,0,0
2026-03-12T00:46:00.629715,0,0,0,0
2026-03-12T00:46:01.636673,0,0,0,0
2026-03-12T00:46:02.643651,0,0,0,0
2026-03-12T00:46:03.650636,0,0,0,0
2026-03-12T00:46:04.656646,0,0,0,0
2026-03-12T00:46:05.663596,0,0,0,0
2026-03-12T00:46:06.669659,0,0,0,0
2026-03-12T00:46:07.676576,0,0,0,0
2026-03-12T00:46:08.682518,0,0,0,0
2026-03-12T00:46:09.690541,0,0,0,0
2026-03-12T00:46:10.697581,0,0,0,0
2026-03-12T00:46:11.703483,0,0,0,0
2026-03-12T00:46:12.710454,0,0,0,0
2026-03-12T00:46:13.716427,0,0,0,0
2026-03-12T00:46:14.722367,0,0,0,0
2026-03-12T00:46:15.730368,0,0,0,0
2026-03-12T00:46:16.737415,0,0,0,0
2026-03-12T00:46:17.743345,0,0,0,0
2026-03-12T00:46:18.750313,0,0,0,0
2026-03-12T00:46:19.757302,0,0,0,0
2026-03-12T00:46:20.763217,0,0,0,0
2026-03-12T00:46:21.770094,0,0,0,0
2026-03-12T00:46:22.776203,0,0,0,0
2026-03-12T00:46:23.784186,0,0,0,0
2026-03-12T00:46:24.790161,0,0,0,0
2026-03-12T00:46:25.796135,0,0,0,0
2026-03-12T00:46:26.804062,0,0,0,0
2026-03-12T00:46:27.810093,0,0,0,0
2026-03-12T00:46:28.816065,0,0,0,0
2026-03-12T00:46:29.822044,0,0,0,0
2026-03-12T00:46:30.830020,0,0,0,0
2026-03-12T00:46:31.837025,0,0,0,0
2026-03-12T00:46:32.843924,0,0,0,0
2026-03-12T00:46:33.849926,0,0,0,0
2026-03-12T00:46:34.856922,0,0,0,0
2026-03-12T00:46:35.863885,0,0,0,0
2026-03-12T00:46:36.868857,0,0,0,0
2026-03-12T00:46:37.876837,0,0,0,0
2026-03-12T00:46:38.881822,0,0,0,0
2026-03-12T00:46:39.890787,0,0,0,0
2026-03-12T00:46:40.896765,0,0,0,0
2026-03-12T00:46:41.903736,0,0,0,0
2026-03-12T00:46:42.910722,0,0,0,0
2026-03-12T00:46:43.916696,0,0,0,0
2026-03-12T00:46:44.922697,0,0,0,0
2026-03-12T00:46:45.929687,0,0,0,0
2026-03-12T00:46:46.935611,0,0,0,0
2026-03-12T00:46:47.943572,0,0,0,0
2026-03-12T00:46:48.950599,0,0,0,0
2026-03-12T00:46:49.955525,0,0,0,0
2026-03-12T00:46:50.963550,0,0,0,0
2026-03-12T00:46:51.970532,0,0,0,0
2026-03-12T00:46:52.975528,0,0,0,0
2026-03-12T00:46:53.983479,0,0,0,0
2026-03-12T00:46:54.989512,0,0,0,0
2026-03-12T00:46:55.997474,0,0,0,0
2026-03-12T00:46:57.003414,0,0,0,0
2026-03-12T00:46:58.010401,0,0,0,0
2026-03-12T00:46:59.017415,0,0,0,0
2026-03-12T00:47:00.023344,0,0,0,0
2026-03-12T00:47:01.030275,0,0,0,0
2026-03-12T00:47:02.036276,0,0,0,0
2026-03-12T00:47:03.043260,0,0,0,0
2026-03-12T00:47:04.050253,0,0,0,0
2026-03-12T00:47:05.057282,0,0,0,0
2026-03-12T00:47:06.063192,0,0,0,0
2026-03-12T00:47:07.069200,0,0,0,0
2026-03-12T00:47:08.077198,0,0,0,0
2026-03-12T00:47:09.082131,0,0,0,0
2026-03-12T00:47:10.090112,0,0,0,0
2026-03-12T00:47:11.096075,0,0,0,0
2026-03-12T00:47:12.103053,0,0,0,0
2026-03-12T00:47:13.110028,0,0,0,0
2026-03-12T00:47:14.115991,0,0,0,0
2026-03-12T00:47:24.805244,0,0,0,0
2026-03-12T00:47:27.286654,0,0,0,0
2026-03-12T00:47:28.294595,0,0,0,0
2026-03-12T00:47:29.300588,0,0,0,0
2026-03-12T00:47:30.307555,0,0,0,0
2026-03-12T00:47:31.313598,0,0,0,0
2026-03-12T00:47:32.321603,0,0,0,0
2026-03-12T00:47:33.327506,0,0,0,0
2026-03-12T00:47:34.334478,0,0,0,0
2026-03-12T00:47:35.340431,0,0,0,0
2026-03-12T00:47:36.347434,0,0,0,0
2026-03-12T00:47:37.354406,0,0,0,0
2026-03-12T00:47:38.360363,0,0,0,0
2026-03-12T00:47:39.367352,0,0,0,0
2026-03-12T00:47:40.374327,0,0,0,0
2026-03-12T00:47:41.381392,0,0,0,0
2026-03-12T00:47:42.386283,0,0,0,0
2026-03-12T00:47:43.394250,0,0,0,0
2026-03-12T00:47:44.400139,0,0,0,0
2026-03-12T00:47:45.407221,0,0,0,0
2026-03-12T00:47:46.414193,0,0,0,0
2026-03-12T00:47:47.420134,0,0,0,0
2026-03-12T00:47:48.428134,0,0,0,0
2026-03-12T00:47:49.434125,0,0,0,0
2026-03-12T00:47:50.441089,0,0,0,0
2026-03-12T00:47:51.448066,0,0,0,0
2026-03-12T00:47:52.453786,0,0,0,0
2026-03-12T00:47:53.461004,0,0,0,0
2026-03-12T00:47:54.466982,0,0,0,0
2026-03-12T00:47:55.473949,0,0,0,0
2026-03-12T00:47:56.480950,0,0,0,0
2026-03-12T00:47:57.487907,0,0,0,0
2026-03-12T00:47:58.493907,0,0,0,0
2026-03-12T00:47:59.500876,0,0,0,0
2026-03-12T00:48:00.507829,0,0,0,0
2026-03-12T00:48:01.513842,0,0,0,0
2026-03-12T00:48:02.520807,0,0,0,0
2026-03-12T00:48:03.526798,0,0,0,0
2026-03-12T00:48:04.534757,0,0,0,0
2026-03-12T00:48:05.540726,0,0,0,0
2026-03-12T00:48:06.547686,0,0,0,0
2026-03-12T00:48:07.554694,0,0,0,0
2026-03-12T00:48:08.560662,0,0,0,0
2026-03-12T00:48:09.566651,0,0,0,0
2026-03-12T00:48:10.573657,0,0,0,0
2026-03-12T00:48:11.580605,0,0,0,0
2026-03-12T00:48:12.587542,0,0,0,0
2026-03-12T00:48:13.594543,0,0,0,0
2026-03-12T00:48:14.600518,0,0,0,0
2026-03-12T00:48:15.607498,0,0,0,0
2026-03-12T00:48:16.614504,0,0,0,0
2026-03-12T00:48:17.620480,0,0,0,0
2026-03-12T00:48:18.626461,0,0,0,0
2026-03-12T00:48:19.633518,0,0,0,0
2026-03-12T00:48:20.641525,0,0,0,0
2026-03-12T00:48:21.647405,0,0,0,0
2026-03-12T00:48:22.654402,0,0,0,0
2026-03-12T00:48:23.661448,0,0,0,0
2026-03-12T00:48:24.667328,0,0,0,0
2026-03-12T00:48:25.674299,0,0,0,0
2026-03-12T00:48:26.679259,0,0,0,0
2026-03-12T00:48:27.687263,0,0,0,0
2026-03-12T00:48:28.694255,0,0,0,0
2026-03-12T00:48:29.701316,0,0,0,0
2026-03-12T00:48:30.707200,0,0,0,0
2026-03-12T00:48:31.714199,0,0,0,0
2026-03-12T00:48:32.721233,0,0,0,0
2026-03-12T00:48:33.727125,0,0,0,0
2026-03-12T00:48:34.734125,0,0,0,0
2026-03-12T00:48:35.740084,0,0,0,0
2026-03-12T00:48:36.748067,0,0,0,0
2026-03-12T00:48:37.754017,0,0,0,0
2026-03-12T00:48:38.759028,0,0,0,0
2026-03-12T00:48:39.768014,0,0,0,0
2026-03-12T00:48:40.773924,0,0,0,0
2026-03-12T00:48:41.780896,0,0,0,0
2026-03-12T00:48:42.786891,0,0,0,0
2026-03-12T00:48:43.793844,0,0,0,0
2026-03-12T00:48:44.800863,0,0,0,0
2026-03-12T00:48:45.807840,0,0,0,0
2026-03-12T00:48:46.813801,0,0,0,0
2026-03-12T00:48:47.820812,0,0,0,0
2026-03-12T00:48:48.826766,0,0,0,0
2026-03-12T00:48:49.833771,0,0,0,0
2026-03-12T00:48:50.840734,0,0,0,0
2026-03-12T00:48:51.846700,0,0,0,0
2026-03-12T00:48:52.853729,0,0,0,0
2026-03-12T00:48:53.860632,0,0,0,0
2026-03-12T00:48:54.867597,0,0,0,0
2026-03-12T00:48:55.874590,0,0,0,0
2026-03-12T00:48:56.880557,0,0,0,0
2026-03-12T00:48:57.887584,0,0,0,0
2026-03-12T00:48:58.893607,0,0,0,0
2026-03-12T00:48:59.900468,0,0,0,0
2026-03-12T00:49:00.907462,0,0,0,0
2026-03-12T00:49:01.914418,0,0,0,0
2026-03-12T00:49:02.919390,0,0,0,0
2026-03-12T00:49:03.927363,0,0,0,0
2026-03-12T00:49:04.934347,0,0,0,0
2026-03-12T00:49:05.940311,0,0,0,0
2026-03-12T00:49:06.947285,0,0,0,0
2026-03-12T00:49:07.953351,0,0,0,0
2026-03-12T00:49:08.961331,0,0,0,0
2026-03-12T00:49:09.967225,0,0,0,0
2026-03-12T00:49:10.974198,0,0,0,0
2026-03-12T00:49:11.981364,0,0,194.882026,0
2026-03-12T00:49:12.987153,0,0,0,0
2026-03-12T00:49:13.994145,0,0,0,0
2026-03-12T00:49:15.000152,0,0,0,0
2026-03-12T00:49:16.008131,0,0,0,0
2026-03-12T00:49:17.014102,0,0,0,0
2026-03-12T00:49:18.020047,0,0,0,0
2026-03-12T00:49:19.027058,0,0,0,0
2026-03-12T00:49:20.034039,0,0,0,0
2026-03-12T00:49:21.040002,0,0,0,0
2026-03-12T00:49:22.046883,0,0,0,0
2026-03-12T00:49:23.053935,0,0,0,0
2026-03-12T00:49:24.060888,0,0,0,0
2026-03-12T00:49:25.067874,0,0,0,0
2026-03-12T00:49:26.073856,0,0,0,0
2026-03-12T00:49:27.080823,0,0,0,0
2026-03-12T00:49:28.087801,0,0,0,0
2026-03-12T00:49:29.093793,0,0,0,0
2026-03-12T00:49:30.100759,0,0,0,0
2026-03-12T00:49:31.106743,0,0,0,0
2026-03-12T00:49:32.114753,0,0,0,0
2026-03-12T00:49:33.120720,0,0,0,0
2026-03-12T00:49:34.127697,0,0,0,0
2026-03-12T00:49:35.133673,0,0,0,0
2026-03-12T00:49:36.140626,0,0,0,0
2026-03-12T00:49:37.147651,0,0,0,0
2026-03-12T00:49:38.153653,0,0,0,0
2026-03-12T00:49:39.160587,0,0,0,0
2026-03-12T00:49:40.167561,0,0,0,0
2026-03-12T00:49:41.174549,0,0,0,0
2026-03-12T00:49:42.180515,0,0,0,0
2026-03-12T00:49:43.187451,0,0,0,0
2026-03-12T00:49:44.194443,0,0,0,0
2026-03-12T00:49:45.200400,0,0,0,0
2026-03-12T00:49:46.207395,0,0,0,0
2026-03-12T00:49:47.213480,0,0,0,0
2026-03-12T00:49:48.221451,0,0,0,0
2026-03-12T00:49:49.227333,0,0,0,0
2026-03-12T00:49:50.234288,0,0,0,0
2026-03-12T00:49:51.240266,0,0,0,0
2026-03-12T00:49:52.247238,0,0,0,0
2026-03-12T00:49:53.254226,0,0,0,0
2026-03-12T00:49:54.260193,0,0,0,0
2026-03-12T00:49:55.267179,0,0,0,0
2026-03-12T00:49:56.274174,0,0,0,0
2026-03-12T00:49:57.280159,0,0,0,0
2026-03-12T00:49:58.287127,0,0,0,0
2026-03-12T00:49:59.294094,0,0,0,0
2026-03-12T00:50:00.300978,0,0,0,0
2026-03-12T00:50:01.307059,0,0,0,0
2026-03-12T00:50:02.313983,0,0,0,0
2026-03-12T00:50:03.319967,0,0,0,0
2026-03-12T00:50:13.531953,0,0,0,0
2026-03-12T00:50:16.014699,0,0,0,0
2026-03-12T00:50:17.021655,0,0,0,0
2026-03-12T00:50:18.025740,0,0,0,0
2026-03-12T00:50:19.034609,0,0,0,0
2026-03-12T00:50:20.040585,0,0,0,0
2026-03-12T00:50:21.048569,0,0,0,0
2026-03-12T00:50:22.054541,0,0,0,0
2026-03-12T00:50:23.061583,0,0,0,0
2026-03-12T00:50:24.067455,0,0,0,0
2026-03-12T00:50:25.074490,0,0,0,0
2026-03-12T00:50:26.081523,0,0,0,0
2026-03-12T00:50:27.087423,0,0,0,0
2026-03-12T00:50:28.094401,0,0,0,0
2026-03-12T00:50:29.100376,0,0,0,0
2026-03-12T00:50:30.108336,0,0,0,0
2026-03-12T00:50:31.114290,0,0,0,0
2026-03-12T00:50:32.121411,0,0,0,0
2026-03-12T00:50:33.128261,0,0,0,0
2026-03-12T00:50:34.134264,0,0,0,0
2026-03-12T00:50:35.140203,0,0,0,0
2026-03-12T00:50:36.147168,0,0,0,0
2026-03-12T00:50:46.536665,0,0,0,0
2026-03-12T00:50:49.018952,0,0,0,0
2026-03-12T00:50:50.024905,0,0,0,0
2026-03-12T00:50:51.031913,0,0,0,0
2026-03-12T00:50:52.038862,0,0,0,0
2026-03-12T00:50:53.044884,0,0,0,0
2026-03-12T00:50:54.052824,0,0,0,0
2026-03-12T00:50:55.058813,0,0,0,0
2026-03-12T00:50:56.065799,0,0,0,0
2026-03-12T00:50:57.072654,0,0,0,0
2026-03-12T00:50:58.078705,0,0,0,0
2026-03-12T00:50:59.085741,0,0,0,0
2026-03-12T00:51:00.091680,0,0,0,0
2026-03-12T00:51:01.098696,0,0,0,0
2026-03-12T00:51:02.105671,0,0,0,0
2026-03-12T00:51:03.112615,0,0,0,0
2026-03-12T00:51:04.118613,0,0,0,0
2026-03-12T00:51:05.125620,0,0,0,0
2026-03-12T00:51:06.132556,0,0,0,0
2026-03-12T00:51:07.136482,0,0,0,0
2026-03-12T00:51:08.145552,0,0,0,0
2026-03-12T00:51:09.151478,0,0,0,0
2026-03-12T00:51:10.159443,0,0,0,0
2026-03-12T00:51:20.873842,0,0,0,0
2026-03-12T00:51:23.355199,0,0,0,0
2026-03-12T00:51:24.363065,0,0,0,0
2026-03-12T00:51:25.369018,0,0,0,0
2026-03-12T00:51:26.375993,0,0,0,0
2026-03-12T00:51:27.380964,0,0,0,0
2026-03-12T00:51:28.389947,0,0,0,0
2026-03-12T00:51:29.394923,0,0,0,0
2026-03-12T00:51:30.401900,0,0,0,0
2026-03-12T00:51:31.408871,0,0,0,0
2026-03-12T00:51:32.414895,0,0,0,0
2026-03-12T00:51:33.422830,0,0,0,0
2026-03-12T00:51:34.428845,0,0,0,0
2026-03-12T00:51:35.435822,0,0,0,0
2026-03-12T00:51:36.442796,0,0,0,0
2026-03-12T00:51:37.448718,0,0,0,0
2026-03-12T00:51:38.455703,0,0,0,0
2026-03-12T00:51:39.462687,0,0,0,0
2026-03-12T00:51:40.469652,0,0,0,0
2026-03-12T00:51:41.474633,0,0,0,0
2026-03-12T00:51:42.482615,0,0,0,0
2026-03-12T00:51:43.488580,0,0,0,0
2026-03-12T00:51:44.495562,0,0,0,0
2026-03-12T00:51:45.502539,0,0,0,0
2026-03-12T00:51:46.509604,0,0,0,0
2026-03-12T00:51:47.515488,0,0,0,0
2026-03-12T00:51:48.522472,0,0,0,0
2026-03-12T00:51:49.529515,0,0,0,0
2026-03-12T00:51:50.534415,0,0,0,0
2026-03-12T00:51:51.542389,0,0,0,0
2026-03-12T00:51:52.548375,0,0,0,0
2026-03-12T00:51:53.556333,0,0,0,0
2026-03-12T00:51:54.562328,0,0,0,0
2026-03-12T00:51:55.568308,0,0,0,0
2026-03-12T00:51:56.575280,0,0,0,0
2026-03-12T00:51:57.582251,0,0,0,0
2026-03-12T00:51:58.588229,0,0,0,0
2026-03-12T00:51:59.595207,0,0,0,0
2026-03-12T00:52:00.603208,0,0,0,0
2026-03-12T00:52:01.609254,0,0,0,0
2026-03-12T00:52:02.616138,0,0,0,0
2026-03-12T00:52:03.623147,0,0,0,0
2026-03-12T00:52:04.629106,0,0,0,0
2026-03-12T00:52:05.635095,0,0,0,0
2026-03-12T00:52:06.641079,0,0,0,0
2026-03-12T00:52:07.648033,0,0,0,0
2026-03-12T00:52:08.656043,0,0,0,0
2026-03-12T00:52:09.661975,0,0,0,0
2026-03-12T00:52:10.668965,0,0,0,0
2026-03-12T00:52:11.675970,0,0,0,0
2026-03-12T00:52:12.681957,0,0,0,0
2026-03-12T00:52:13.688905,0,0,0,0
2026-03-12T00:52:14.694897,0,0,0,0
2026-03-12T00:52:15.701880,0,0,0,0
2026-03-12T00:52:16.708820,0,0,0,0
2026-03-12T00:52:17.715789,0,0,0,0
2026-03-12T00:52:18.721810,0,0,0,0
2026-03-12T00:52:28.850188,0,0,0,0
2026-03-12T00:52:31.330481,0,0,0,0
2026-03-12T00:52:32.339449,0,0,0,0
2026-03-12T00:52:33.345496,0,0,0,0
2026-03-12T00:52:34.352434,0,0,0,0
2026-03-12T00:52:35.358409,0,0,0,0
2026-03-12T00:52:36.366371,0,0,0,0
2026-03-12T00:52:37.372368,0,0,0,0
2026-03-12T00:52:38.379339,0,0,0,0
2026-03-12T00:52:39.385675,0,0,0,0
2026-03-12T00:52:40.392282,0,0,0,0
2026-03-12T00:52:41.399229,0,0,0,0
2026-03-12T00:52:42.405355,0,0,0,0
2026-03-12T00:52:43.410217,0,0,0,0
2026-03-12T00:52:44.418178,0,0,0,0
2026-03-12T00:52:45.426161,0,0,0,0
2026-03-12T00:52:46.432148,0,0,0,0
2026-03-12T00:52:47.439119,0,0,0,0
2026-03-12T00:52:48.446078,0,0,0,0
2026-03-12T00:52:49.452079,0,0,0,0
2026-03-12T00:52:50.459035,0,0,0,0
2026-03-12T00:52:51.465024,0,0,0,0
2026-03-12T00:53:01.568313,0,0,0,0
2026-03-12T00:53:04.049721,0,0,0,0
2026-03-12T00:53:05.057673,0,0,0,0
2026-03-12T00:53:06.063604,0,0,0,0
2026-03-12T00:53:07.070644,0,0,0,0
2026-03-12T00:53:08.076614,0,0,0,0
2026-03-12T00:53:09.084586,0,0,0,0
2026-03-12T00:53:10.090583,0,0,0,0
2026-03-12T00:53:11.097596,0,0,0,0
2026-03-12T00:53:12.104508,0,0,0,0
2026-03-12T00:53:13.110527,0,0,0,0
2026-03-12T00:53:14.117507,0,0,0,0
2026-03-12T00:53:15.123449,0,0,0,0
2026-03-12T00:53:16.130432,0,0,0,0
2026-03-12T00:53:17.136388,0,0,0,0
2026-03-12T00:53:18.144380,0,0,0,0
2026-03-12T00:53:19.150363,0,0,0,0
2026-03-12T00:53:20.157406,0,0,0,0
2026-03-12T00:53:21.164314,0,0,0,0
2026-03-12T00:53:22.170291,0,0,0,0
2026-03-12T00:53:23.177325,0,0,0,0
2026-03-12T00:53:24.183218,0,0,0,0
2026-03-12T00:53:25.190352,0,0,0,0
2026-03-12T00:53:26.197238,0,0,0,0
2026-03-12T00:53:27.203168,0,0,0,0
2026-03-12T00:53:28.211124,0,0,0,0
2026-03-12T00:53:29.217123,0,0,0,0
2026-03-12T00:53:30.224103,0,0,0,0
2026-03-12T00:53:31.230083,0,0,0,0
2026-03-12T00:53:32.237052,0,0,0,0
2026-03-12T00:53:33.243037,0,0,0,0
2026-03-12T00:53:34.250982,0,0,0,0
2026-03-12T00:53:35.256963,0,0,0,0
2026-03-12T00:53:36.263954,0,0,0,0
2026-03-12T00:53:37.270939,0,0,0,0
2026-03-12T00:53:38.276907,0,0,0,0
2026-03-12T00:53:39.283925,0,0,0,0
2026-03-12T00:53:40.289882,0,0,0,0
2026-03-12T00:53:41.297829,0,0,0,0
2026-03-12T00:53:42.303803,0,0,0,0
2026-03-12T00:53:43.310821,0,0,0,0
2026-03-12T00:53:44.317780,0,0,0,0
2026-03-12T00:53:45.323743,0,0,0,0
2026-03-12T00:53:46.330714,0,0,0,0
2026-03-12T00:53:47.336682,0,0,0,0
2026-03-12T00:53:48.342643,0,0,0,0
2026-03-12T00:53:49.350675,0,0,0,0
2026-03-12T00:53:50.357626,0,0,0,0
2026-03-12T00:53:51.363466,0,0,0,0
2026-03-12T00:53:52.370587,0,0,0,0
2026-03-12T00:53:53.375534,0,0,0,0
2026-03-12T00:53:54.382508,0,0,0,0
2026-03-12T00:53:55.390532,0,0,0,0
2026-03-12T00:53:56.396477,0,0,0,0
2026-03-12T00:53:57.404441,0,0,0,0
2026-03-12T00:53:58.410438,0,0,0,0
2026-03-12T00:53:59.417515,0,0,0,0
2026-03-12T00:54:10.085879,0,0,0,0
2026-03-12T00:54:12.567960,0,0,0,0
2026-03-12T00:54:13.575042,0,0,0,0
2026-03-12T00:54:14.581003,0,0,0,0
2026-03-12T00:54:15.587996,0,0,0,0
2026-03-12T00:54:16.593983,0,0,0,0
2026-03-12T00:54:17.601952,0,0,0,0
2026-03-12T00:54:18.607929,0,0,0,0
2026-03-12T00:54:19.614902,0,0,0,0
2026-03-12T00:54:20.621873,0,0,0,0
2026-03-12T00:54:21.626847,0,0,0,0
2026-03-12T00:54:22.634825,0,0,0,0
2026-03-12T00:54:23.640804,0,0,0,0
2026-03-12T00:54:24.647778,0,0,0,0
2026-03-12T00:54:25.654759,0,0,0,0
2026-03-12T00:54:26.661729,0,0,0,0
2026-03-12T00:54:27.667701,0,0,0,0
2026-03-12T00:54:28.673686,0,0,0,0
2026-03-12T00:54:29.681664,0,0,0,0
2026-03-12T00:54:30.687626,0,0,0,0
2026-03-12T00:54:31.694612,0,0,0,0
2026-03-12T00:54:32.700594,0,0,0,0
2026-03-12T00:54:33.708621,0,0,0,0
2026-03-12T00:54:34.713576,0,0,0,0
2026-03-12T00:54:35.721599,0,0,0,0
2026-03-12T00:54:36.728500,0,0,0,0
2026-03-12T00:54:37.734525,0,0,0,0
2026-03-12T00:54:38.741526,0,0,0,0
2026-03-12T00:54:39.747461,0,0,0,0
2026-03-12T00:54:40.754411,0,0,0,0
2026-03-12T00:54:41.761518,0,0,0,0
2026-03-12T00:54:42.768388,0,0,0,0
2026-03-12T00:54:43.774331,0,0,0,0
2026-03-12T00:54:44.781393,0,0,0,0
2026-03-12T00:54:45.788282,0,0,0,0
2026-03-12T00:54:46.794249,0,0,0,0
2026-03-12T00:54:47.801330,0,0,0,0
2026-03-12T00:54:48.807201,0,0,0,0
2026-03-12T00:54:49.815189,0,0,0,0
2026-03-12T00:54:50.821232,0,0,0,0
2026-03-12T00:54:51.828130,0,0,0,0
2026-03-12T00:54:52.835107,0,0,0,0
2026-03-12T00:54:53.841090,0,0,0,0
2026-03-12T00:54:54.848048,0,0,0,0
2026-03-12T00:54:55.854049,0,0,0,0
2026-03-12T00:54:56.861098,0,0,0,0
2026-03-12T00:54:57.868000,0,0,0,0
2026-03-12T00:54:58.874964,0,0,0,0
2026-03-12T00:54:59.880947,0,0,0,0
2026-03-12T00:55:00.887929,0,0,0,0
2026-03-12T00:55:01.894954,0,0,0,0
2026-03-12T00:55:02.900905,0,0,0,0
2026-03-12T00:55:03.907846,0,0,0,0
2026-03-12T00:55:04.913883,0,0,0,0
2026-03-12T00:55:05.921815,0,0,0,0
2026-03-12T00:55:06.927768,0,0,0,0
2026-03-12T00:55:07.934747,0,0,0,0
2026-03-12T00:55:08.941734,0,0,0,0
2026-03-12T00:55:09.946710,0,0,0,0
2026-03-12T00:55:10.954712,0,0,0,0
2026-03-12T00:55:11.960700,0,0,0,0
2026-03-12T00:55:12.967667,0,0,0,0
2026-03-12T00:55:13.974683,0,0,0,0
2026-03-12T00:55:14.981665,0,0,0,0
2026-03-12T00:55:15.986574,0,0,0,0
2026-03-12T00:55:16.994577,0,0,0,0
2026-03-12T00:55:18.001624,0,0,0,0
2026-03-12T00:55:19.007525,0,0,0,0
2026-03-12T00:55:20.014482,0,0,0,0
2026-03-12T00:55:21.020478,0,0,0,0
2026-03-12T00:55:22.028450,0,0,0,0
2026-03-12T00:55:23.034444,0,0,0,0
2026-03-12T00:55:24.041492,0,0,0,0
2026-03-12T00:55:25.048251,0,0,0,0
2026-03-12T00:55:26.054380,0,0,0,0
2026-03-12T00:55:27.060325,0,0,0,0
2026-03-12T00:55:28.067322,0,0,0,0
2026-03-12T00:55:29.074321,0,0,0,0
2026-03-12T00:55:30.081378,0,0,0,0
2026-03-12T00:55:31.088241,0,0,0,0
2026-03-12T00:55:32.094180,0,0,0,0
2026-03-12T00:55:33.101258,0,0,0,0
2026-03-12T00:55:34.108175,0,0,0,0
2026-03-12T00:55:35.114220,0,0,0,0
2026-03-12T00:55:36.121120,0,0,0,0
2026-03-12T00:55:37.127093,0,0,0,0
2026-03-12T00:55:38.135079,0,0,0,0
2026-03-12T00:55:39.141056,0,0,0,0
2026-03-12T00:55:40.148026,0,0,0,0
2026-03-12T00:55:41.154996,0,0,0,0
2026-03-12T00:55:42.160989,0,0,0,0
2026-03-12T00:55:43.167947,0,0,0,0
2026-03-12T00:55:44.172928,0,0,0,0
2026-03-12T00:55:45.181911,0,0,0,0
2026-03-12T00:55:46.187876,0,0,0,0
2026-03-12T00:55:47.194872,0,0,0,0
2026-03-12T00:55:48.200838,0,0,0,0
2026-03-12T00:55:49.207816,0,0,0,0
2026-03-12T00:55:50.214771,0,0,0,0
2026-03-12T00:55:51.220755,0,0,0,0
2026-03-12T00:55:52.227753,0,0,0,0
2026-03-12T00:55:53.234724,0,0,0,0
2026-03-12T00:55:54.241698,0,0,0,0
2026-03-12T00:55:55.247678,0,0,0,0
2026-03-12T00:55:56.254602,0,0,0,0
2026-03-12T00:55:57.261669,0,0,0,0
2026-03-12T00:55:58.267542,0,0,0,0
2026-03-12T00:55:59.280180,0,0,0,0
2026-03-12T00:56:00.280637,0,0,0,0
2026-03-12T00:56:01.288545,0,0,0,0
2026-03-12T00:56:02.294598,0,0,0,0
2026-03-12T00:56:03.301601,0,0,0,0
2026-03-12T00:56:04.307528,0,0,0,0
2026-03-12T00:56:05.314461,0,0,0,0
2026-03-12T00:56:06.321500,0,0,0,0
2026-03-12T00:56:07.326444,0,0,0,0
2026-03-12T00:56:08.334448,0,0,0,0
2026-03-12T00:56:09.341496,0,0,0,0
2026-03-12T00:56:10.348389,0,0,0,0
2026-03-12T00:56:11.354373,0,0,0,0
2026-03-12T00:56:12.361404,0,0,0,0
2026-03-12T00:56:13.368279,0,0,0,0
2026-03-12T00:56:14.374258,0,0,0,0
2026-03-12T00:56:24.322764,0,0,0,0
2026-03-12T00:56:26.805854,0,0,0,0
2026-03-12T00:56:27.812901,0,0,0,0
2026-03-12T00:56:28.818878,0,0,0,0
2026-03-12T00:56:29.825867,0,0,0,0
2026-03-12T00:56:30.831832,0,0,0,0
2026-03-12T00:56:31.839791,0,0,0,0
2026-03-12T00:56:32.845762,0,0,0,0
2026-03-12T00:56:33.852764,0,0,0,0
2026-03-12T00:56:34.859736,0,0,0,0
2026-03-12T00:56:35.864697,0,0,0,0
2026-03-12T00:56:36.872648,0,0,0,0
2026-03-12T00:56:37.877706,0,0,0,0
2026-03-12T00:56:38.885615,0,0,0,0
2026-03-12T00:56:39.891615,0,0,0,0
2026-03-12T00:56:40.899606,0,0,0,0
2026-03-12T00:56:41.904550,0,0,0,0
2026-03-12T00:56:42.912517,0,0,0,0
2026-03-12T00:56:43.918488,0,0,0,0
2026-03-12T00:56:44.925531,0,0,0,0
2026-03-12T00:56:45.932478,0,0,0,0
2026-03-12T00:56:46.938486,0,0,0,0
2026-03-12T00:56:47.946405,0,0,0,0
2026-03-12T00:56:48.952429,0,0,0,0
2026-03-12T00:56:59.038750,0,0,0,0
2026-03-12T00:57:01.520149,0,0,0,0
2026-03-12T00:57:02.528110,0,0,0,0
2026-03-12T00:57:03.534075,0,0,0,0
2026-03-12T00:57:04.541049,0,0,0,0
2026-03-12T00:57:05.547029,0,0,0,0
2026-03-12T00:57:06.555010,0,0,0,0
2026-03-12T00:57:07.560974,0,0,0,0
2026-03-12T00:57:08.567953,0,0,0,0
2026-03-12T00:57:09.574907,0,0,0,0
2026-03-12T00:57:10.580919,0,0,0,0
2026-03-12T00:57:11.587892,0,0,0,0
2026-03-12T00:57:12.593872,0,0,0,0
2026-03-12T00:57:13.599815,0,0,0,0
2026-03-12T00:57:14.607822,0,0,0,0
2026-03-12T00:57:15.614767,0,0,0,0
2026-03-12T00:57:16.620755,0,0,0,0
2026-03-12T00:57:17.627709,0,0,0,0
2026-03-12T00:57:18.634745,0,0,0,0
2026-03-12T00:57:19.640702,0,0,0,0
2026-03-12T00:57:20.647667,0,0,0,0
2026-03-12T00:57:21.653646,0,0,0,0
2026-03-12T00:57:22.661648,0,0,0,0
2026-03-12T00:57:23.667581,0,0,0,0
2026-03-12T00:57:24.674578,0,0,0,0
2026-03-12T00:57:25.681618,0,0,0,0
2026-03-12T00:57:26.687541,0,0,0,0
2026-03-12T00:57:27.694505,0,0,0,0
2026-03-12T00:57:28.700494,0,0,0,0
2026-03-12T00:57:29.707456,0,0,0,0
2026-03-12T00:57:30.714447,0,0,0,0
2026-03-12T00:57:31.721555,0,0,0,0
2026-03-12T00:57:32.727384,0,0,0,0
2026-03-12T00:57:33.734367,0,0,0,0
2026-03-12T00:57:34.741423,0,0,0,0
2026-03-12T00:57:35.747321,0,0,0,0
2026-03-12T00:57:36.754307,0,0,0,0
2026-03-12T00:57:37.760263,0,0,0,0
2026-03-12T00:57:38.768252,0,0,0,0
2026-03-12T00:57:39.774231,0,0,0,0
2026-03-12T00:57:40.781362,0,0,0,0
2026-03-12T00:57:41.788186,0,0,0,0
2026-03-12T00:57:42.794133,0,0,0,0
2026-03-12T00:57:43.801225,0,0,0,0
2026-03-12T00:57:44.807097,0,0,0,0
2026-03-12T00:57:45.814059,0,0,0,0
2026-03-12T00:57:46.821017,0,0,0,0
2026-03-12T00:57:47.827972,0,0,0,0
2026-03-12T00:57:48.833947,0,0,0,0
2026-03-12T00:57:49.840959,0,0,0,0
2026-03-12T00:57:50.847886,0,0,0,0
2026-03-12T00:57:51.853895,0,0,0,0
2026-03-12T00:57:52.860858,0,0,0,0
2026-03-12T00:57:53.866844,0,0,0,0
2026-03-12T00:57:54.874831,0,0,0,0
2026-03-12T00:57:55.880757,0,0,0,0
2026-03-12T00:57:56.887786,0,0,0,0
2026-03-12T00:58:07.118165,0,0,0,0
2026-03-12T00:58:09.600514,0,0,0,0
2026-03-12T00:58:10.607478,0,0,0,0
2026-03-12T00:58:11.613610,0,0,0,0
2026-03-12T00:58:12.620460,0,0,0,0
2026-03-12T00:58:13.626396,0,0,0,0
2026-03-12T00:58:14.634413,0,0,0,0
2026-03-12T00:58:15.638337,0,0,0,0
2026-03-12T00:58:16.647349,0,0,0,0
2026-03-12T00:58:17.654332,0,0,0,0
2026-03-12T00:58:18.660308,0,0,0,0
2026-03-12T00:58:19.667282,0,0,0,0
2026-03-12T00:58:20.673384,0,0,0,0
2026-03-12T00:58:21.680240,0,0,0,0
2026-03-12T00:58:22.687183,0,0,0,0
2026-03-12T00:58:23.694199,0,0,0,0
2026-03-12T00:58:24.700156,0,0,0,0
2026-03-12T00:58:25.707124,0,0,0,0
2026-03-12T00:58:26.714127,0,0,0,0
2026-03-12T00:58:27.720095,0,0,0,0
2026-03-12T00:58:28.727072,0,0,0,0
2026-03-12T00:58:29.733063,0,0,0,0
2026-03-12T00:58:30.741021,0,0,0,0
2026-03-12T00:58:31.747002,0,0,0,0
2026-03-12T00:58:32.752972,0,0,0,0
2026-03-12T00:58:33.760953,0,0,0,0
2026-03-12T00:58:34.766915,0,0,0,0
2026-03-12T00:58:35.773913,0,0,0,0
2026-03-12T00:58:36.779900,0,0,0,0
2026-03-12T00:58:37.786854,0,0,0,0
2026-03-12T00:58:38.793828,0,0,0,0
2026-03-12T00:58:39.800813,0,0,0,0
2026-03-12T00:58:40.806778,0,0,0,0
2026-03-12T00:58:41.813775,0,0,0,0
2026-03-12T00:58:42.820747,0,0,0,0
2026-03-12T00:58:43.826718,0,0,0,0
2026-03-12T00:58:44.833739,0,0,0,0
2026-03-12T00:58:45.839655,0,0,0,0
2026-03-12T00:58:46.847645,0,0,0,0
2026-03-12T00:58:47.853709,0,0,0,0
2026-03-12T00:58:48.860585,0,0,0,0
2026-03-12T00:58:49.867565,0,0,0,0
2026-03-12T00:58:50.873643,0,0,0,0
2026-03-12T00:58:51.880491,0,0,0,0
2026-03-12T00:58:52.886484,0,0,0,0
2026-03-12T00:58:53.893578,0,0,0,0
2026-03-12T00:58:54.900446,0,0,0,0
2026-03-12T00:58:55.907437,0,0,0,0
2026-03-12T00:58:56.913536,0,0,0,0
2026-03-12T00:58:57.920356,0,0,0,0
2026-03-12T00:58:58.927361,0,0,0,0
2026-03-12T00:58:59.933468,0,0,0,0
2026-03-12T00:59:00.939338,0,0,0,0
2026-03-12T00:59:01.946296,0,0,0,0
2026-03-12T00:59:02.954273,0,0,0,0
2026-03-12T00:59:03.960210,0,0,0,0
2026-03-12T00:59:04.967211,0,0,0,0
2026-03-12T00:59:05.974190,0,0,0,0
2026-03-12T00:59:06.980154,0,0,0,0
2026-03-12T00:59:07.987136,0,0,0,0
2026-03-12T00:59:08.993103,0,0,0,0
2026-03-12T00:59:10.000070,0,0,0,0
2026-03-12T00:59:11.007079,0,0,0,0
2026-03-12T00:59:12.014055,0,0,0,0
2026-03-12T00:59:13.020024,0,0,0,0
2026-03-12T00:59:14.026993,0,0,0,0
2026-03-12T00:59:15.033987,0,0,0,0
2026-03-12T00:59:16.039918,0,0,0,0
2026-03-12T00:59:17.046918,0,0,0,0
2026-03-12T00:59:18.053917,0,0,0,0
2026-03-12T00:59:19.061007,0,0,0,0
2026-03-12T00:59:20.066888,0,0,0,0
2026-03-12T00:59:21.073863,0,0,0,0
2026-03-12T00:59:22.079832,0,0,0,0
2026-03-12T00:59:23.086826,0,0,0,0
2026-03-12T00:59:24.093796,0,0,0,0
2026-03-12T00:59:25.098773,0,0,0,0
2026-03-12T00:59:26.106718,0,0,0,0
2026-03-12T00:59:27.113722,0,0,0,0
2026-03-12T00:59:28.120672,0,0,0,0
2026-03-12T00:59:29.126679,0,0,0,0
2026-03-12T00:59:30.133677,0,0,0,0
2026-03-12T00:59:31.140575,0,0,0,0
2026-03-12T00:59:32.146508,0,0,0,0
2026-03-12T00:59:33.152464,0,0,0,0
2026-03-12T00:59:34.160441,0,0,0,0
2026-03-12T00:59:35.167424,0,0,0,0
2026-03-12T00:59:36.173494,0,0,0,0
2026-03-12T00:59:37.180367,0,0,0,0
2026-03-12T00:59:38.187345,0,0,0,0
2026-03-12T00:59:39.193448,0,0,0,0
2026-03-12T00:59:40.200292,0,0,0,0
2026-03-12T00:59:41.206285,0,0,0,0
2026-03-12T00:59:42.214262,0,0,0,0
2026-03-12T00:59:43.220238,0,0,0,0
2026-03-12T00:59:44.227203,0,0,0,0
2026-03-12T00:59:45.233303,0,0,0,0
2026-03-12T00:59:46.240159,0,0,0,0
2026-03-12T00:59:47.247149,0,0,0,0
2026-03-12T00:59:48.253112,0,0,0,0
2026-03-12T00:59:49.260098,0,0,0,0
2026-03-12T00:59:50.267068,0,0,0,0
2026-03-12T00:59:51.273033,0,0,0,0
2026-03-12T00:59:52.280067,0,0,0,0
2026-03-12T00:59:53.287025,0,0,0,0
2026-03-12T00:59:54.294025,0,0,0,0
2026-03-12T00:59:55.300022,0,0,0,0
2026-03-12T00:59:56.306966,0,0,0,0
2026-03-12T00:59:57.312913,0,0,0,0
2026-03-12T00:59:58.320926,0,0,0,0
2026-03-12T00:59:59.326891,0,0,0,0
2026-03-12T01:00:00.333796,0,0,0,0
2026-03-12T01:00:01.339872,0,0,0,0
2026-03-12T01:00:02.346828,0,0,0,0
2026-03-12T01:00:03.352774,0,0,0,0
2026-03-12T01:00:04.359781,0,0,0,0
2026-03-12T01:00:05.366761,0,0,0,0
2026-03-12T01:00:06.373749,0,0,0,0
2026-03-12T01:00:07.380721,0,0,0,0
2026-03-12T01:00:08.386692,0,0,0,0
2026-03-12T01:00:09.392626,0,0,0,0
2026-03-12T01:00:10.400629,0,0,0,0
2026-03-12T01:00:11.406634,0,0,0,0
2026-03-12T01:00:12.413618,0,0,0,0
2026-03-12T01:00:13.419561,0,0,0,0
2026-03-12T01:00:14.426549,0,0,0,0
2026-03-12T01:00:15.433537,0,0,0,0
2026-03-12T01:00:16.440501,0,0,0,0
2026-03-12T01:00:17.445782,0,0,0,0
2026-03-12T01:00:18.453502,0,0,0,0
2026-03-12T01:00:19.460336,0,0,0,0
2026-03-12T01:00:20.466370,0,0,0,0
2026-03-12T01:00:21.473415,0,0,0,0
2026-03-12T01:00:22.480303,0,0,0,0
2026-03-12T01:00:23.487326,0,0,0,0
2026-03-12T01:00:24.493375,0,0,0,0
2026-03-12T01:00:25.500271,0,0,0,0
2026-03-12T01:00:26.507267,0,0,0,0
2026-03-12T01:00:27.513265,0,0,0,0
2026-03-12T01:00:28.520205,0,0,0,0
2026-03-12T01:00:29.526201,0,0,0,0
2026-03-12T01:00:30.534165,0,0,0,0
2026-03-12T01:00:31.540129,0,0,0,0
2026-03-12T01:00:32.547128,0,0,0,0
2026-03-12T01:00:33.553094,0,0,0,0
2026-03-12T01:00:34.559025,0,0,0,0
2026-03-12T01:00:35.567058,0,0,0,0
2026-03-12T01:00:36.572913,0,0,0,0
2026-03-12T01:00:37.581010,0,0,0,0
2026-03-12T01:00:38.586962,0,0,0,0
2026-03-12T01:00:39.593942,0,0,0,0
2026-03-12T01:00:40.599924,0,0,0,0
2026-03-12T01:00:41.606904,0,0,0,0
2026-03-12T01:00:42.613886,0,0,0,0
2026-03-12T01:00:43.619858,0,0,0,0
2026-03-12T01:00:44.626841,0,0,0,0
2026-03-12T01:00:45.633778,0,0,0,0
2026-03-12T01:00:46.640752,0,0,0,0
2026-03-12T01:00:47.646669,0,0,0,0
2026-03-12T01:00:48.653721,0,0,0,0
2026-03-12T01:00:49.659672,0,0,0,0
2026-03-12T01:00:50.665706,0,0,0,0
2026-03-12T01:00:51.673655,0,0,0,0
2026-03-12T01:00:52.679608,0,0,0,0
2026-03-12T01:00:53.687615,0,0,0,0
2026-03-12T01:00:54.693636,0,0,0,0
2026-03-12T01:00:55.700544,0,0,0,0
2026-03-12T01:00:56.706540,0,0,0,0
2026-03-12T01:00:57.713587,0,0,0,0
2026-03-12T01:00:58.720488,0,0,0,0
2026-03-12T01:00:59.726489,0,0,0,0
2026-03-12T01:01:00.733526,0,0,0,0
2026-03-12T01:01:01.740432,0,0,0,0
2026-03-12T01:01:02.747386,0,0,0,0
2026-03-12T01:01:03.753428,0,0,0,0
2026-03-12T01:01:04.760352,0,0,0,0
2026-03-12T01:01:05.766325,0,0,0,0
2026-03-12T01:01:06.773380,0,0,0,0
2026-03-12T01:01:07.780278,0,0,0,0
2026-03-12T01:01:08.785120,0,0,0,0
2026-03-12T01:01:09.794260,0,0,0,0
2026-03-12T01:01:10.800200,0,0,0,0
2026-03-12T01:01:11.806184,0,0,0,0
2026-03-12T01:01:12.813211,0,0,0,0
2026-03-12T01:01:13.819143,0,0,0,0
2026-03-12T01:01:14.827066,0,0,0,0
2026-03-12T01:01:15.833098,0,0,0,0
2026-03-12T01:01:16.839071,0,0,0,0
2026-03-12T01:01:17.847077,0,0,0,0
2026-03-12T01:01:28.347309,0,0,0,0
2026-03-12T01:01:30.829724,0,0,0,0
2026-03-12T01:01:31.836684,0,0,0,0
2026-03-12T01:01:32.842641,0,0,0,0
2026-03-12T01:01:33.849546,0,0,0,0
2026-03-12T01:01:34.855607,0,0,0,0
2026-03-12T01:01:35.863635,0,0,0,0
2026-03-12T01:01:36.869619,0,0,0,0
2026-03-12T01:01:37.876581,0,0,0,0
2026-03-12T01:01:38.883547,0,0,0,0
2026-03-12T01:01:39.889602,0,0,0,0
2026-03-12T01:01:40.896475,0,0,0,0
2026-03-12T01:01:41.902431,0,0,0,0
2026-03-12T01:01:42.909538,0,0,0,0
2026-03-12T01:01:43.915403,0,0,0,0
2026-03-12T01:01:44.923375,0,0,0,0
2026-03-12T01:01:45.929514,0,0,0,0
2026-03-12T01:01:46.935310,0,0,0,0
2026-03-12T01:01:47.942305,0,0,0,0
2026-03-12T01:01:48.949411,0,0,0,0
2026-03-12T01:01:49.955298,0,0,0,0
2026-03-12T01:01:50.962274,0,0,0,0
2026-03-12T01:02:01.792428,0,0,0,0
2026-03-12T01:02:04.274948,0,0,0,0
2026-03-12T01:02:05.281923,0,0,0,0
2026-03-12T01:02:06.286901,0,0,0,0
2026-03-12T01:02:07.294881,0,0,0,0
2026-03-12T01:02:08.299836,0,0,0,0
2026-03-12T01:02:09.308829,0,0,0,0
2026-03-12T01:02:10.313797,0,0,0,0
2026-03-12T01:02:11.321765,0,0,0,0
2026-03-12T01:02:12.328737,0,0,0,0
2026-03-12T01:02:13.333698,0,0,0,0
2026-03-12T01:02:14.341729,0,0,0,0
2026-03-12T01:02:15.347627,0,0,0,0
2026-03-12T01:02:16.354656,0,0,0,0
2026-03-12T01:02:17.361670,0,0,0,0
2026-03-12T01:02:18.368563,0,0,0,0
2026-03-12T01:02:19.374544,0,0,0,0
2026-03-12T01:02:20.379523,0,0,0,0
2026-03-12T01:02:21.388473,0,0,0,0
2026-03-12T01:02:22.394502,0,0,0,0
2026-03-12T01:02:23.401566,0,0,0,0
2026-03-12T01:02:24.407444,0,0,0,0
2026-03-12T01:02:25.414420,0,0,0,0
2026-03-12T01:02:26.421473,0,0,0,0
2026-03-12T01:02:27.428343,0,0,0,0
2026-03-12T01:02:28.435349,0,0,0,0
2026-03-12T01:02:29.441389,0,0,0,0
2026-03-12T01:02:30.448293,0,0,0,0
2026-03-12T01:02:31.454263,0,0,0,0
2026-03-12T01:02:32.461340,0,0,0,0
2026-03-12T01:02:33.468182,0,0,0,0
2026-03-12T01:02:34.475156,0,0,0,0
2026-03-12T01:02:35.481250,0,0,0,0
2026-03-12T01:02:36.488158,0,0,0,0
2026-03-12T01:02:37.495154,0,0,0,0
2026-03-12T01:02:38.501109,0,0,0,0
2026-03-12T01:02:39.508079,0,0,194.882026,0
2026-03-12T01:02:40.514094,0,0,0,0
2026-03-12T01:02:41.522049,0,0,0,0
2026-03-12T01:02:42.528044,0,0,0,0
2026-03-12T01:02:43.534993,0,0,0,0
2026-03-12T01:02:44.541953,0,0,0,0
2026-03-12T01:02:45.547968,0,0,0,0
2026-03-12T01:02:46.554933,0,0,0,0
2026-03-12T01:02:47.560909,0,0,194.882026,0
2026-03-12T01:02:48.567876,0,0,0,0
2026-03-12T01:02:49.574864,0,0,0,0
2026-03-12T01:02:50.581850,0,0,0,0
2026-03-12T01:02:51.587803,0,0,0,0
2026-03-12T01:02:52.594768,0,0,0,0
2026-03-12T01:02:53.601767,0,0,0,0
2026-03-12T01:02:54.607722,0,0,0,0
2026-03-12T01:02:55.614690,0,0,0,0
2026-03-12T01:02:56.620693,0,0,0,0
2026-03-12T01:02:57.628670,0,0,0,0
2026-03-12T01:02:58.634613,0,0,0,0
2026-03-12T01:02:59.641621,0,0,0,0
2026-03-12T01:03:12.481931,0,0,0,0
2026-03-12T01:03:13.488278,0,0,0,0
2026-03-12T01:03:14.494256,0,0,0,0
2026-03-12T01:03:15.501387,0,0,0,0
2026-03-12T01:03:16.507198,0,0,0,0
2026-03-12T01:03:17.515192,0,0,0,0
2026-03-12T01:03:18.521294,0,0,0,0
2026-03-12T01:03:19.528139,0,0,0,0
2026-03-12T01:03:20.535121,0,0,0,0
2026-03-12T01:03:21.541076,0,0,0,0
2026-03-12T01:03:22.548028,0,0,0,0
2026-03-12T01:03:23.554051,0,0,0,0
2026-03-12T01:03:24.560987,0,0,0,0
2026-03-12T01:03:25.567978,0,0,0,0
2026-03-12T01:03:26.573995,0,0,0,0
2026-03-12T01:03:27.580982,0,0,0,0
2026-03-12T01:03:28.587959,0,0,0,0
2026-03-12T01:03:29.594875,0,0,0,0
2026-03-12T01:03:30.600867,0,0,0,0
2026-03-12T01:03:31.607851,0,0,0,0
2026-03-12T01:03:32.613863,0,0,220.46078,0
2026-03-12T01:03:33.621782,0,0,0,0
2026-03-12T01:03:34.627760,0,0,0,0
2026-03-12T01:03:35.634751,0,0,0,0
2026-03-12T01:03:36.640636,0,0,0,0
2026-03-12T01:03:37.647661,0,0,0,0
2026-03-12T01:03:38.654645,0,0,0,0
2026-03-12T01:03:39.660650,0,0,0,0
2026-03-12T01:03:40.667601,0,0,0,0
2026-03-12T01:03:41.674584,0,0,0,0
2026-03-12T01:03:42.681648,0,0,0,0
2026-03-12T01:03:43.687586,0,0,0,0
2026-03-12T01:03:44.694580,0,0,0,0
2026-03-12T01:03:45.701618,0,0,0,0
2026-03-12T01:03:46.706543,0,0,0,0
2026-03-12T01:03:47.714485,0,0,0,0
2026-03-12T01:03:48.719490,0,0,0,0
2026-03-12T01:03:49.728450,0,0,0,0
2026-03-12T01:03:50.734424,0,0,0,0
2026-03-12T01:03:51.740410,0,0,0,0
2026-03-12T01:03:52.748369,0,0,0,0
2026-03-12T01:03:53.753419,0,0,0,0
2026-03-12T01:03:54.761415,0,0,0,0
2026-03-12T01:03:55.767291,0,0,0,0
2026-03-12T01:03:56.774313,0,0,0,0
2026-03-12T01:03:57.781335,0,0,0,0
2026-03-12T01:03:58.788217,0,0,0,0
2026-03-12T01:03:59.794167,0,0,0,0
2026-03-12T01:04:00.801220,0,0,0,0
2026-03-12T01:04:01.808146,0,0,0,0
2026-03-12T01:04:02.814160,0,0,0,0
2026-03-12T01:04:03.821091,0,0,0,0
2026-03-12T01:04:04.827066,0,0,0,0
2026-03-12T01:04:05.835042,0,0,0,0
2026-03-12T01:04:06.841005,0,0,0,0
2026-03-12T01:04:07.847995,0,0,0,0
2026-03-12T01:04:08.854953,0,0,0,0
2026-03-12T01:04:09.860938,0,0,0,0
2026-03-12T01:04:10.867916,0,0,0,0
2026-03-12T01:04:11.873875,0,0,0,0
2026-03-12T01:04:12.880872,0,0,0,0
2026-03-12T01:04:13.887834,0,0,0,0
2026-03-12T01:04:14.894810,0,0,0,0
2026-03-12T01:04:15.900810,0,0,0,0
2026-03-12T01:04:16.907772,0,0,0,0
2026-03-12T01:04:17.914758,0,0,0,0
2026-03-12T01:04:18.920758,0,0,0,0
2026-03-12T01:04:19.927718,0,0,0,0
2026-03-12T01:04:20.933686,0,0,0,0
2026-03-12T01:04:21.941646,0,0,0,0
2026-03-12T01:04:22.947615,0,0,0,0
2026-03-12T01:04:23.953766,0,0,0,0
2026-03-12T01:04:24.961655,0,0,0,0
2026-03-12T01:04:25.967583,0,0,0,0
2026-03-12T01:04:26.974572,0,0,0,0
2026-03-12T01:04:27.980536,0,0,0,0
2026-03-12T01:04:28.987519,0,0,0,0
2026-03-12T01:04:29.994502,0,0,0,0
2026-03-12T01:04:31.000508,0,0,0,0
2026-03-12T01:04:32.007453,0,0,0,0
2026-03-12T01:04:33.014425,0,0,0,0
2026-03-12T01:04:34.021499,0,0,0,0
2026-03-12T01:04:35.027368,0,0,0,0
2026-03-12T01:04:36.034401,0,0,0,0
2026-03-12T01:04:37.040346,0,0,0,0
2026-03-12T01:04:38.048307,0,0,0,0
2026-03-12T01:04:39.054319,0,0,0,0
2026-03-12T01:04:40.061342,0,0,0,0
2026-03-12T01:04:50.523700,0,0,0,0
2026-03-12T01:04:53.005952,0,0,0,0
2026-03-12T01:04:54.012929,0,0,0,0
2026-03-12T01:04:55.017916,0,0,0,0
2026-03-12T01:04:56.025881,0,0,0,0
2026-03-12T01:04:57.031862,0,0,0,0
2026-03-12T01:04:58.039834,0,0,0,0
2026-03-12T01:04:59.045811,0,0,0,0
2026-03-12T01:05:00.052821,0,0,0,0
2026-03-12T01:05:01.059652,0,0,0,0
2026-03-12T01:05:02.065678,0,0,0,0
2026-03-12T01:05:03.072680,0,0,0,0
2026-03-12T01:05:04.078667,0,0,0,0
2026-03-12T01:05:05.085666,0,0,0,0
2026-03-12T01:05:06.092609,0,0,0,0
2026-03-12T01:05:07.099576,0,0,0,0
2026-03-12T01:05:08.105633,0,0,0,0
2026-03-12T01:05:09.112534,0,0,0,0
2026-03-12T01:05:10.119506,0,0,0,0
2026-03-12T01:05:11.125557,0,0,0,0
2026-03-12T01:05:12.132458,0,0,0,0
2026-03-12T01:05:13.138440,0,0,0,0
2026-03-12T01:05:14.146411,0,0,0,0
2026-03-12T01:05:15.152380,0,0,0,0
2026-03-12T01:05:16.159361,0,0,0,0
2026-03-12T01:05:17.166339,0,0,0,0
2026-03-12T01:05:18.172311,0,0,0,0
2026-03-12T01:05:19.179282,0,0,0,0
2026-03-12T01:05:20.185399,0,0,0,0
2026-03-12T01:05:21.192240,0,0,0,0
2026-03-12T01:05:22.199217,0,0,0,0
2026-03-12T01:05:23.206182,0,0,0,0
2026-03-12T01:05:24.212161,0,0,0,0
2026-03-12T01:05:25.218163,0,0,0,0
2026-03-12T01:05:26.225285,0,0,0,0
2026-03-12T01:05:27.232100,0,0,0,0
2026-03-12T01:05:28.238079,0,0,0,0
2026-03-12T01:05:29.245049,0,0,0,0
2026-03-12T01:05:30.253029,0,0,0,0
2026-03-12T01:05:31.259008,0,0,0,0
2026-03-12T01:05:32.265978,0,0,0,0
2026-03-12T01:05:33.272945,0,0,0,0
2026-03-12T01:05:34.278924,0,0,0,0
2026-03-12T01:05:35.285907,0,0,0,0
2026-03-12T01:05:36.291786,0,0,0,0
2026-03-12T01:05:37.298852,0,0,0,0
2026-03-12T01:05:38.305839,0,0,0,0
2026-03-12T01:05:39.312815,0,0,0,0
2026-03-12T01:05:40.318783,0,0,0,0
2026-03-12T01:05:41.325761,0,0,0,0
2026-03-12T01:05:42.332758,0,0,0,0
2026-03-12T01:05:43.338765,0,0,0,0
2026-03-12T01:05:44.345751,0,0,0,0
2026-03-12T01:05:45.351680,0,0,0,0
2026-03-12T01:05:46.359685,0,0,0,0
2026-03-12T01:05:47.365673,0,0,0,0
2026-03-12T01:05:48.372652,0,0,0,0
2026-03-12T01:06:01.244846,0,0,0,0
2026-03-12T01:06:02.251303,0,0,0,0
2026-03-12T01:06:03.257382,0,0,0,0
2026-03-12T01:06:04.263281,0,0,0,0
2026-03-12T01:06:05.270223,0,0,0,0
2026-03-12T01:06:06.278248,0,0,0,0
2026-03-12T01:06:07.284192,0,0,0,0
2026-03-12T01:06:08.291194,0,0,0,0
2026-03-12T01:06:09.298172,0,0,0,0
2026-03-12T01:06:10.304136,0,0,0,0
2026-03-12T01:06:11.311090,0,0,0,0
2026-03-12T01:06:12.317086,0,0,0,0
2026-03-12T01:06:13.322029,0,0,0,0
2026-03-12T01:06:14.331042,0,0,0,0
2026-03-12T01:06:15.337992,0,0,0,0
2026-03-12T01:06:16.344006,0,0,0,0
2026-03-12T01:06:17.350960,0,0,0,0
2026-03-12T01:06:18.357951,0,0,0,0
2026-03-12T01:06:19.363925,0,0,0,0
2026-03-12T01:06:20.369836,0,0,0,0
2026-03-12T01:06:21.376856,0,0,0,0
2026-03-12T01:06:22.384811,0,0,0,0
2026-03-12T01:06:23.390843,0,0,0,0
2026-03-12T01:06:24.397811,0,0,0,0
2026-03-12T01:06:25.404755,0,0,0,0
2026-03-12T01:06:26.410772,0,0,0,0
2026-03-12T01:06:27.417735,0,0,0,0
2026-03-12T01:06:28.423699,0,0,0,0
2026-03-12T01:06:29.430690,0,0,0,0
2026-03-12T01:06:30.435621,0,0,0,0
2026-03-12T01:06:31.444674,0,0,0,0
2026-03-12T01:06:32.450674,0,0,0,0
2026-03-12T01:06:33.457690,0,0,0,0
2026-03-12T01:06:34.464617,0,0,0,0
2026-03-12T01:06:35.470599,0,0,0,0
2026-03-12T01:06:36.477619,0,0,0,0
2026-03-12T01:06:37.483548,0,0,0,0
2026-03-12T01:06:38.491528,0,0,0,0
2026-03-12T01:06:39.497594,0,0,0,0
2026-03-12T01:06:40.504474,0,0,0,0
2026-03-12T01:06:41.511428,0,0,0,0
2026-03-12T01:06:42.517487,0,0,0,0
2026-03-12T01:06:43.524379,0,0,0,0
2026-03-12T01:06:44.530364,0,0,0,0
2026-03-12T01:06:45.537384,0,0,0,0
2026-03-12T01:06:46.544319,0,0,0,0
2026-03-12T01:06:47.550209,0,0,0,0
2026-03-12T01:06:48.556226,0,0,0,0
2026-03-12T01:06:49.564189,0,0,0,0
2026-03-12T01:06:50.570178,0,0,0,0
2026-03-12T01:06:51.576140,0,0,0,0
2026-03-12T01:06:52.583123,0,0,0,0
2026-03-12T01:06:53.589106,0,0,0,0
2026-03-12T01:06:54.598037,0,0,0,0
2026-03-12T01:06:55.604054,0,0,0,0
2026-03-12T01:06:56.611031,0,0,0,0
2026-03-12T01:06:57.617893,0,0,0,0
2026-03-12T01:06:58.623984,0,0,0,0
2026-03-12T01:06:59.630942,0,0,0,0
2026-03-12T01:07:00.636902,0,0,0,0
2026-03-12T01:07:01.643907,0,0,0,0
2026-03-12T01:07:02.650891,0,0,0,0
2026-03-12T01:07:03.657880,0,0,194.882026,0
2026-03-12T01:07:04.663802,0,0,0,0
2026-03-12T01:07:05.669804,0,0,0,0
2026-03-12T01:07:06.677777,0,0,0,0
2026-03-12T01:07:07.683756,0,0,0,0
2026-03-12T01:07:08.689733,0,0,0,0
2026-03-12T01:07:09.696709,0,0,0,0
2026-03-12T01:07:10.703690,0,0,0,0
2026-03-12T01:07:11.710682,0,0,0,0
2026-03-12T01:07:12.717627,0,0,0,0
2026-03-12T01:07:13.723602,0,0,0,0
2026-03-12T01:07:14.730595,0,0,0,0
2026-03-12T01:07:15.737624,0,0,0,0
2026-03-12T01:07:16.742535,0,0,0,0
2026-03-12T01:07:17.750542,0,0,0,0
2026-03-12T01:07:18.756480,0,0,0,0
2026-03-12T01:07:19.763474,0,0,0,0
2026-03-12T01:07:20.769522,0,0,0,0
2026-03-12T01:07:21.775392,0,0,0,0
2026-03-12T01:07:22.784394,0,0,0,0
2026-03-12T01:07:23.789437,0,0,0,0
2026-03-12T01:07:24.797446,0,0,0,0
2026-03-12T01:07:25.803339,0,0,0,0
2026-03-12T01:07:26.811311,0,0,0,0
2026-03-12T01:07:27.817391,0,0,0,0
2026-03-12T01:07:28.823268,0,0,0,0
2026-03-12T01:07:29.830203,0,0,0,0
2026-03-12T01:07:30.837411,0,0,0,0
2026-03-12T01:07:31.843186,0,0,0,0
2026-03-12T01:07:32.849274,0,0,0,0
2026-03-12T01:07:33.858155,0,0,0,0
2026-03-12T01:07:34.864116,0,0,0,0
2026-03-12T01:07:35.871100,0,0,0,0
2026-03-12T01:07:36.876073,0,0,0,0
2026-03-12T01:07:37.884013,0,0,0,0
2026-03-12T01:07:38.890992,0,0,0,0
2026-03-12T01:07:39.897010,0,0,0,0
2026-03-12T01:07:40.903986,0,0,0,0
2026-03-12T01:07:41.909964,0,0,0,0
2026-03-12T01:07:42.917905,0,0,0,0
2026-03-12T01:07:43.923871,0,0,0,0
2026-03-12T01:07:44.930857,0,0,0,0
2026-03-12T01:07:45.937869,0,0,0,0
2026-03-12T01:07:46.943817,0,0,0,0
2026-03-12T01:07:47.950754,0,0,0,0
2026-03-12T01:07:48.956760,0,0,0,0
2026-03-12T01:07:49.964703,0,0,194.882026,0
2026-03-12T01:07:50.970690,0,0,0,0
2026-03-12T01:07:51.977680,0,0,0,0
2026-03-12T01:07:52.982575,0,0,0,0
2026-03-12T01:07:53.990568,0,0,0,0
2026-03-12T01:07:54.997590,0,0,0,0
2026-03-12T01:07:56.003495,0,0,0,0
2026-03-12T01:07:57.010463,0,0,0,0
2026-03-12T01:07:58.017525,0,0,0,0
2026-03-12T01:07:59.023433,0,0,0,0
2026-03-12T01:08:00.029457,0,0,0,0
2026-03-12T01:08:01.036385,0,0,0,0
2026-03-12T01:08:02.044341,0,0,0,0
2026-03-12T01:08:13.083512,0,0,0,0
2026-03-12T01:08:15.565858,0,0,0,0
2026-03-12T01:08:16.572840,0,0,0,0
2026-03-12T01:08:17.577794,0,0,0,0
2026-03-12T01:08:18.585789,0,0,0,0
2026-03-12T01:08:19.591743,0,0,0,0
2026-03-12T01:08:20.599706,0,0,0,0
2026-03-12T01:08:21.605752,0,0,0,0
2026-03-12T01:08:22.612631,0,0,0,0
2026-03-12T01:08:23.619595,0,0,0,0
2026-03-12T01:08:24.625644,0,0,0,0
2026-03-12T01:08:25.631525,0,0,0,0
2026-03-12T01:08:26.638529,0,0,0,0
2026-03-12T01:08:27.645561,0,0,0,0
2026-03-12T01:08:28.652445,0,0,0,0
2026-03-12T01:08:29.659421,0,0,0,0
2026-03-12T01:08:30.665456,0,0,0,0
2026-03-12T01:08:31.672344,0,0,0,0
2026-03-12T01:08:32.679336,0,0,0,0
2026-03-12T01:08:33.685357,0,0,0,0
2026-03-12T01:08:34.692268,0,0,0,0
2026-03-12T01:08:35.698268,0,0,0,0
2026-03-12T01:08:48.533686,0,0,0,0
2026-03-12T01:08:49.539860,0,0,0,0
2026-03-12T01:08:50.545818,0,0,0,0
2026-03-12T01:08:51.552762,0,0,0,0
2026-03-12T01:08:52.557735,0,0,0,0
2026-03-12T01:08:53.566678,0,0,0,0
2026-03-12T01:08:54.571675,0,0,0,0
2026-03-12T01:08:55.579662,0,0,0,0
2026-03-12T01:08:56.586623,0,0,0,0
2026-03-12T01:08:57.592456,0,0,0,0
2026-03-12T01:08:58.599541,0,0,0,0
2026-03-12T01:08:59.604521,0,0,0,0
2026-03-12T01:09:00.612431,0,0,0,0
2026-03-12T01:09:01.618471,0,0,0,0
2026-03-12T01:09:02.626407,0,0,0,0
2026-03-12T01:09:03.632373,0,0,0,0
2026-03-12T01:09:04.639369,0,0,0,0
2026-03-12T01:09:05.646307,0,0,0,0
2026-03-12T01:09:06.652292,0,0,0,0
2026-03-12T01:09:07.659285,0,0,0,0
2026-03-12T01:09:08.663196,0,0,0,0
2026-03-12T01:09:09.673251,0,0,0,0
2026-03-12T01:09:10.679129,0,0,0,0
2026-03-12T01:09:11.686116,0,0,0,0
2026-03-12T01:09:12.693079,0,0,0,0
2026-03-12T01:09:13.699056,0,0,0,0
2026-03-12T01:09:14.706017,0,0,0,0
2026-03-12T01:09:15.711985,0,0,0,0
2026-03-12T01:09:16.719075,0,0,0,0
2026-03-12T01:09:17.725918,0,0,0,0
2026-03-12T01:09:18.731883,0,0,0,0
2026-03-12T01:09:19.738866,0,0,0,0
2026-03-12T01:09:20.745846,0,0,0,0
2026-03-12T01:09:21.752798,0,0,0,0
2026-03-12T01:09:22.758771,0,0,0,0
2026-03-12T01:09:23.765778,0,0,0,0
2026-03-12T01:09:24.771746,0,0,0,0
2026-03-12T01:09:25.779689,0,0,0,0
2026-03-12T01:09:26.785694,0,0,0,0
2026-03-12T01:09:27.792630,0,0,0,0
2026-03-12T01:09:28.799635,0,0,0,0
2026-03-12T01:09:29.805625,0,0,0,0
2026-03-12T01:09:30.812562,0,0,0,0
2026-03-12T01:09:31.817585,0,0,0,0
2026-03-12T01:09:32.825571,0,0,0,0
2026-03-12T01:09:33.832470,0,0,0,0
2026-03-12T01:09:34.839446,0,0,0,0
2026-03-12T01:09:35.845504,0,0,0,0
2026-03-12T01:09:36.852382,0,0,0,0
2026-03-12T01:09:37.859335,0,0,0,0
2026-03-12T01:09:38.864321,0,0,0,0
2026-03-12T01:09:39.872259,0,0,0,0
2026-03-12T01:09:40.878263,0,0,0,0
2026-03-12T01:09:41.886182,0,0,0,0
2026-03-12T01:09:42.892164,0,0,0,0
2026-03-12T01:09:43.899170,0,0,0,0
2026-03-12T01:09:44.906134,0,0,0,0
2026-03-12T01:09:57.773395,0,0,0,0
2026-03-12T01:09:58.779696,0,0,0,0
2026-03-12T01:09:59.784645,0,0,0,0
2026-03-12T01:10:00.791677,0,0,0,0
2026-03-12T01:10:01.798596,0,0,0,0
2026-03-12T01:10:02.806555,0,0,0,0
2026-03-12T01:10:03.812525,0,0,0,0
2026-03-12T01:10:04.819551,0,0,0,0
2026-03-12T01:10:05.826516,0,0,0,0
2026-03-12T01:10:06.832435,0,0,0,0
2026-03-12T01:10:07.839405,0,0,0,0
2026-03-12T01:10:08.844383,0,0,0,0
2026-03-12T01:10:09.852381,0,0,0,0
2026-03-12T01:10:10.859308,0,0,0,0
2026-03-12T01:10:11.866325,0,0,0,0
2026-03-12T01:10:12.872307,0,0,0,0
2026-03-12T01:10:13.879227,0,0,0,0
2026-03-12T01:10:14.885291,0,0,0,0
2026-03-12T01:10:15.892197,0,0,0,0
2026-03-12T01:10:16.899167,0,0,0,0
2026-03-12T01:10:17.905210,0,0,0,0
2026-03-12T01:10:18.913105,0,0,0,0
2026-03-12T01:10:19.918999,0,0,0,0
2026-03-12T01:10:20.926016,0,0,0,0
2026-03-12T01:10:21.933013,0,0,0,0
2026-03-12T01:10:22.938991,0,0,0,0
2026-03-12T01:10:23.945917,0,0,0,0
2026-03-12T01:10:24.951920,0,0,0,0
2026-03-12T01:10:25.958858,0,0,0,0
2026-03-12T01:10:26.965831,0,0,0,0
2026-03-12T01:10:27.972852,0,0,0,0
2026-03-12T01:10:28.978800,0,0,0,0
2026-03-12T01:10:29.985782,0,0,0,0
2026-03-12T01:10:30.992740,0,0,0,0
2026-03-12T01:10:31.998723,0,0,0,0
2026-03-12T01:10:33.005674,0,0,0,0
2026-03-12T01:10:34.011653,0,0,0,0
2026-03-12T01:10:35.019625,0,0,0,0
2026-03-12T01:10:36.025603,0,0,0,0
2026-03-12T01:10:37.032552,0,0,0,0
2026-03-12T01:10:38.039541,0,0,0,0
2026-03-12T01:10:39.045559,0,0,0,0
2026-03-12T01:10:40.052474,0,0,0,0
2026-03-12T01:10:41.058415,0,0,0,0
2026-03-12T01:10:42.065478,0,0,0,0
2026-03-12T01:10:43.072380,0,0,0,0
2026-03-12T01:10:44.078331,0,0,0,0
2026-03-12T01:10:45.085450,0,0,0,0
2026-03-12T01:10:46.092166,0,0,0,0
2026-03-12T01:10:47.099259,0,0,0,0
2026-03-12T01:10:48.105435,0,0,0,0
2026-03-12T01:10:49.112193,0,0,0,0
2026-03-12T01:10:50.118160,0,0,0,0
2026-03-12T01:10:51.126153,0,0,0,0
2026-03-12T01:10:52.132119,0,0,0,0
2026-03-12T01:10:53.139131,0,0,0,0
2026-03-12T01:10:54.146112,0,0,0,0
2026-03-12T01:10:55.152076,0,0,0,0
2026-03-12T01:10:56.159012,0,0,0,0
2026-03-12T01:10:57.165008,0,0,0,0
2026-03-12T01:10:58.171980,0,0,0,0
2026-03-12T01:10:59.178955,0,0,0,0
2026-03-12T01:11:00.184917,0,0,0,0
2026-03-12T01:11:01.191963,0,0,0,0
2026-03-12T01:11:02.198829,0,0,0,0
2026-03-12T01:11:03.205745,0,0,0,0
2026-03-12T01:11:04.211715,0,0,0,0
2026-03-12T01:11:05.218670,0,0,0,0
2026-03-12T01:11:06.222709,0,0,0,0
2026-03-12T01:11:07.232648,0,0,0,0
2026-03-12T01:11:08.236547,0,0,0,0
2026-03-12T01:11:09.245597,0,0,0,0
2026-03-12T01:11:10.252541,0,0,0,0
2026-03-12T01:11:11.258524,0,0,0,0
2026-03-12T01:11:12.265554,0,0,0,0
2026-03-12T01:11:13.271473,0,0,0,0
2026-03-12T01:11:14.278396,0,0,0,0
2026-03-12T01:11:15.285502,0,0,0,0
2026-03-12T01:11:16.292371,0,0,0,0
2026-03-12T01:11:17.298343,0,0,0,0
2026-03-12T01:11:18.305398,0,0,0,0
2026-03-12T01:11:19.312289,0,0,0,0
2026-03-12T01:11:20.318213,0,0,0,0
2026-03-12T01:11:21.325294,0,0,0,0
2026-03-12T01:11:22.331173,0,0,0,0
2026-03-12T01:11:23.339167,0,0,0,0
2026-03-12T01:11:24.344122,0,0,0,0
2026-03-12T01:11:25.351085,0,0,0,0
2026-03-12T01:11:26.359050,0,0,0,0
2026-03-12T01:11:27.365048,0,0,0,0
2026-03-12T01:11:28.372028,0,0,0,0
2026-03-12T01:11:29.377990,0,0,0,0
2026-03-12T01:11:30.384939,0,0,0,0
2026-03-12T01:11:31.390907,0,0,0,0
2026-03-12T01:11:32.398913,0,0,0,0
2026-03-12T01:11:33.403857,0,0,0,0
2026-03-12T01:11:34.411811,0,0,0,0
2026-03-12T01:11:35.418802,0,0,0,0
2026-03-12T01:11:36.424754,0,0,0,0
2026-03-12T01:11:37.431757,0,0,0,0
2026-03-12T01:11:38.437734,0,0,0,0
2026-03-12T01:11:39.443671,0,0,0,0
2026-03-12T01:11:40.451655,0,0,0,0
2026-03-12T01:11:41.458625,0,0,0,0
2026-03-12T01:11:42.465619,0,0,0,0
2026-03-12T01:11:43.471572,0,0,0,0
2026-03-12T01:11:44.478525,0,0,0,0
2026-03-12T01:11:45.484508,0,0,0,0
2026-03-12T01:11:46.491493,0,0,0,0
2026-03-12T01:11:47.498479,0,0,0,0
2026-03-12T01:11:48.505526,0,0,0,0
2026-03-12T01:11:49.511422,0,0,0,0
2026-03-12T01:11:50.518375,0,0,0,0
2026-03-12T01:11:51.525450,0,0,0,0
2026-03-12T01:11:52.531299,0,0,0,0
2026-03-12T01:11:53.538308,0,0,0,0
2026-03-12T01:11:54.544272,0,0,0,0
2026-03-12T01:11:55.552257,0,0,0,0
2026-03-12T01:11:56.557775,0,0,0,0
2026-03-12T01:11:57.565249,0,0,0,0
2026-03-12T01:11:58.572091,0,0,0,0
2026-03-12T01:12:08.536384,0,0,0,0
2026-03-12T01:12:11.018774,0,0,0,0
2026-03-12T01:12:12.025744,0,0,0,0
2026-03-12T01:12:13.031748,0,0,0,0
2026-03-12T01:12:14.038718,0,0,0,0
2026-03-12T01:12:15.044656,0,0,0,0
2026-03-12T01:12:16.051617,0,0,0,0
2026-03-12T01:12:17.058612,0,0,0,0
2026-03-12T01:12:18.065631,0,0,0,0
2026-03-12T01:12:19.072566,0,0,0,0
2026-03-12T01:12:20.078499,0,0,0,0
2026-03-12T01:12:21.085535,0,0,0,0
2026-03-12T01:12:22.091444,0,0,0,0
2026-03-12T01:12:23.097479,0,0,0,0
2026-03-12T01:12:24.104375,0,0,0,0
2026-03-12T01:12:25.111332,0,0,0,0
2026-03-12T01:12:26.118349,0,0,0,0
2026-03-12T01:12:27.125376,0,0,0,0
2026-03-12T01:12:28.132300,0,0,0,0
2026-03-12T01:12:29.138226,0,0,0,0
2026-03-12T01:12:30.145295,0,0,0,0
2026-03-12T01:12:31.151212,0,0,0,0
2026-03-12T01:12:32.159176,0,0,0,0
2026-03-12T01:12:33.165113,0,0,0,0
2026-03-12T01:12:34.172030,0,0,0,0
2026-03-12T01:12:35.179078,0,0,0,0
2026-03-12T01:12:36.184032,0,0,0,0
2026-03-12T01:12:37.190978,0,0,0,0
2026-03-12T01:12:38.198010,0,0,0,0
2026-03-12T01:12:39.204916,0,0,0,0
2026-03-12T01:12:40.211946,0,0,0,0
2026-03-12T01:12:41.218888,0,0,0,0
2026-03-12T01:12:42.224876,0,0,0,0
2026-03-12T01:12:43.231867,0,0,0,0
2026-03-12T01:12:44.237785,0,0,0,0
2026-03-12T01:12:45.244796,0,0,0,0
2026-03-12T01:12:46.251742,0,0,0,0
2026-03-12T01:12:47.257709,0,0,0,0
2026-03-12T01:12:48.264673,0,0,0,0
2026-03-12T01:12:49.271668,0,0,0,0
2026-03-12T01:12:50.278612,0,0,0,0
2026-03-12T01:12:51.285661,0,0,0,0
2026-03-12T01:12:52.291584,0,0,0,0
2026-03-12T01:12:53.297596,0,0,0,0
2026-03-12T01:12:54.304538,0,0,0,0
2026-03-12T01:12:55.311505,0,0,0,0
2026-03-12T01:12:56.318448,0,0,0,0
2026-03-12T01:12:57.325480,0,0,0,0
2026-03-12T01:12:58.331412,0,0,0,0
2026-03-12T01:12:59.338349,0,0,0,0
2026-03-12T01:13:00.345437,0,0,0,0
2026-03-12T01:13:01.351347,0,0,0,0
2026-03-12T01:13:02.358316,0,0,0,0
2026-03-12T01:13:03.364279,0,0,0,0
2026-03-12T01:13:04.372219,0,0,0,0
2026-03-12T01:13:05.378319,0,0,0,0
2026-03-12T01:13:06.385293,0,0,0,0
2026-03-12T01:13:07.392177,0,0,0,0
2026-03-12T01:13:08.398159,0,0,0,0
2026-03-12T01:13:09.405112,0,0,0,0
2026-03-12T01:13:10.411087,0,0,0,0
2026-03-12T01:13:11.418062,0,0,0,0
2026-03-12T01:13:12.425024,0,0,0,0
2026-03-12T01:13:13.431985,0,0,0,0
2026-03-12T01:13:14.437938,0,0,0,0
2026-03-12T01:13:15.444939,0,0,0,0
2026-03-12T01:13:16.451906,0,0,0,0
2026-03-12T01:13:17.457846,0,0,0,0
2026-03-12T01:13:18.464855,0,0,0,0
2026-03-12T01:13:19.470821,0,0,0,0
2026-03-12T01:13:20.478807,0,0,0,0
2026-03-12T01:13:21.484771,0,0,0,0
2026-03-12T01:13:22.491696,0,0,0,0
2026-03-12T01:13:23.497701,0,0,0,0
2026-03-12T01:13:24.504662,0,0,0,0
2026-03-12T01:13:25.511624,0,0,0,0
2026-03-12T01:13:26.517670,0,0,0,0
2026-03-12T01:13:27.524592,0,0,0,0
2026-03-12T01:13:28.531538,0,0,0,0
2026-03-12T01:13:29.538533,0,0,0,0
2026-03-12T01:13:30.544504,0,0,0,0
2026-03-12T01:13:31.551441,0,0,0,0
2026-03-12T01:13:32.558451,0,0,0,0
2026-03-12T01:13:33.564422,0,0,0,0
2026-03-12T01:13:34.570400,0,0,0,0
2026-03-12T01:13:35.577442,0,0,0,0
2026-03-12T01:13:36.585514,0,0,0,0
2026-03-12T01:13:37.591314,0,0,0,0
2026-03-12T01:13:38.598287,0,0,0,0
2026-03-12T01:13:39.605311,0,0,0,0
2026-03-12T01:13:40.611080,0,0,0,0
2026-03-12T01:13:41.617272,0,0,0,0
2026-03-12T01:13:42.624160,0,0,0,0
2026-03-12T01:13:43.631142,0,0,0,0
2026-03-12T01:13:44.638075,0,0,0,0
2026-03-12T01:13:45.644079,0,0,0,0
2026-03-12T01:13:46.650998,0,0,0,0
2026-03-12T01:13:47.658014,0,0,0,0
2026-03-12T01:13:48.664952,0,0,0,0
2026-03-12T01:13:49.670979,0,0,0,0
2026-03-12T01:13:50.677942,0,0,0,0
2026-03-12T01:13:51.682873,0,0,0,0
2026-03-12T01:13:52.691835,0,0,0,0
2026-03-12T01:13:53.697799,0,0,0,0
2026-03-12T01:13:54.704788,0,0,0,0
2026-03-12T01:13:55.711727,0,0,0,0
2026-03-12T01:13:56.717761,0,0,0,0
2026-03-12T01:13:57.724664,0,0,0,0
2026-03-12T01:13:58.730665,0,0,0,0
2026-03-12T01:13:59.738672,0,0,0,0
2026-03-12T01:14:00.744624,0,0,0,0
2026-03-12T01:14:01.751575,0,0,0,0
2026-03-12T01:14:02.757619,0,0,0,0
2026-03-12T01:14:03.764509,0,0,0,0
2026-03-12T01:14:04.770575,0,0,0,0
2026-03-12T01:14:05.777533,0,0,0,0
2026-03-12T01:14:06.784470,0,0,0,0
2026-03-12T01:14:07.791450,0,0,0,0
2026-03-12T01:14:08.798411,0,0,0,0
2026-03-12T01:14:09.804358,0,0,0,0
2026-03-12T01:14:10.810323,0,0,0,0
2026-03-12T01:14:11.818317,0,0,0,0
2026-03-12T01:14:12.824285,0,0,0,0
2026-03-12T01:14:13.831266,0,0,0,0
2026-03-12T01:14:14.837336,0,0,0,0
2026-03-12T01:14:15.845333,0,0,0,0
2026-03-12T01:14:16.851186,0,0,0,0
2026-03-12T01:14:17.858152,0,0,0,0
2026-03-12T01:14:18.864127,0,0,0,0
2026-03-12T01:14:19.870070,0,0,0,0
2026-03-12T01:14:20.878069,0,0,0,0
2026-03-12T01:14:21.883005,0,0,0,0
2026-03-12T01:14:22.891013,0,0,0,0
2026-03-12T01:14:23.897980,0,0,0,0
2026-03-12T01:14:24.904960,0,0,0,0
2026-03-12T01:14:25.910931,0,0,0,0
2026-03-12T01:14:26.917907,0,0,0,0
2026-03-12T01:14:27.924882,0,0,0,0
2026-03-12T01:14:28.930852,0,0,0,0
2026-03-12T01:14:29.937836,0,0,0,0
2026-03-12T01:14:30.943794,0,0,0,0
2026-03-12T01:14:31.951753,0,0,0,0
2026-03-12T01:14:32.957744,0,0,0,0
2026-03-12T01:14:33.964700,0,0,0,0
2026-03-12T01:14:34.970641,0,0,0,0
2026-03-12T01:14:35.998230,0,0,0,0
2026-03-12T01:14:36.984593,0,0,0,0
2026-03-12T01:14:37.990573,0,0,0,0
2026-03-12T01:14:38.995529,0,0,0,0
2026-03-12T01:14:40.004491,0,0,0,0
2026-03-12T01:14:41.011478,0,0,0,0
2026-03-12T01:14:42.017455,0,0,0,0
2026-03-12T01:14:43.023415,0,0,0,0
2026-03-12T01:14:44.030401,0,0,0,0
2026-03-12T01:14:45.037464,0,0,0,0
2026-03-12T01:14:46.044321,0,0,0,0
2026-03-12T01:14:47.050319,0,0,0,0
2026-03-12T01:14:48.058278,0,0,0,0
2026-03-12T01:14:49.064253,0,0,0,0
2026-03-12T01:14:50.071225,0,0,0,0
2026-03-12T01:14:51.077268,0,0,0,0
2026-03-12T01:14:52.084156,0,0,0,0
2026-03-12T01:14:53.091139,0,0,0,0
2026-03-12T01:14:54.097078,0,0,0,0
2026-03-12T01:14:55.104070,0,0,0,0
2026-03-12T01:14:56.110047,0,0,0,0
2026-03-12T01:14:57.118022,0,0,0,0
2026-03-12T01:14:58.123013,0,0,0,0
2026-03-12T01:14:59.131001,0,0,0,0
2026-03-12T01:15:00.137958,0,0,0,0
2026-03-12T01:15:01.143917,0,0,0,0
2026-03-12T01:15:02.150882,0,0,0,0
2026-03-12T01:15:03.156892,0,0,0,0
2026-03-12T01:15:04.164823,0,0,0,0
2026-03-12T01:15:05.170796,0,0,0,0
2026-03-12T01:15:06.177782,0,0,0,0
2026-03-12T01:15:07.183742,0,0,0,0
2026-03-12T01:15:08.190723,0,0,0,0
2026-03-12T01:15:09.196681,0,0,0,0
2026-03-12T01:15:10.203659,0,0,0,0
2026-03-12T01:15:11.210638,0,0,0,0
2026-03-12T01:15:12.217630,0,0,0,0
2026-03-12T01:15:13.224580,0,0,0,0
2026-03-12T01:15:14.230565,0,0,0,0
2026-03-12T01:15:15.237602,0,0,0,0
2026-03-12T01:15:16.244481,0,0,0,0
2026-03-12T01:15:17.250480,0,0,0,0
2026-03-12T01:15:18.257504,0,0,0,0
2026-03-12T01:15:19.263426,0,0,0,0
2026-03-12T01:15:20.271398,0,0,0,0
2026-03-12T01:15:21.277476,0,0,0,0
2026-03-12T01:15:22.284339,0,0,0,0
2026-03-12T01:15:23.290309,0,0,0,0
2026-03-12T01:15:24.297384,0,0,0,0
2026-03-12T01:15:25.304249,0,0,0,0
2026-03-12T01:15:26.309285,0,0,0,0
2026-03-12T01:15:27.317304,0,0,0,0
2026-03-12T01:15:28.324177,0,0,0,0
2026-03-12T01:15:29.330138,0,0,0,0
2026-03-12T01:15:30.336098,0,0,0,0
2026-03-12T01:15:31.344081,0,0,0,0
2026-03-12T01:15:32.351055,0,0,0,0
2026-03-12T01:15:33.357029,0,0,0,0
2026-03-12T01:15:34.363999,0,0,0,0
2026-03-12T01:15:35.368956,0,0,0,0
2026-03-12T01:15:36.377946,0,0,0,0
2026-03-12T01:15:37.383926,0,0,0,0
2026-03-12T01:15:38.390874,0,0,0,0
2026-03-12T01:15:39.396844,0,0,0,0
2026-03-12T01:15:40.402827,0,0,0,0
2026-03-12T01:15:41.410798,0,0,0,0
2026-03-12T01:15:42.416777,0,0,0,0
2026-03-12T01:15:43.424743,0,0,0,0
2026-03-12T01:15:44.430730,0,0,0,0
2026-03-12T01:15:45.437713,0,0,0,0
2026-03-12T01:15:46.442655,0,0,0,0
2026-03-12T01:15:47.450643,0,0,0,0
2026-03-12T01:15:48.457496,0,0,0,0
2026-03-12T01:15:49.462599,0,0,0,0
2026-03-12T01:15:50.470550,0,0,0,0
2026-03-12T01:15:51.477596,0,0,0,0
2026-03-12T01:15:52.484497,0,0,0,0
2026-03-12T01:15:53.490471,0,0,0,0
2026-03-12T01:15:54.497525,0,0,0,0
2026-03-12T01:15:55.503411,0,0,0,0
2026-03-12T01:15:56.510403,0,0,0,0
2026-03-12T01:15:57.517458,0,0,0,0
2026-03-12T01:15:58.523365,0,0,0,0
2026-03-12T01:15:59.531340,0,0,0,0
2026-03-12T01:16:00.537394,0,0,0,0
2026-03-12T01:16:01.543282,0,0,0,0
2026-03-12T01:16:02.550259,0,0,0,0
2026-03-12T01:16:03.557283,0,0,0,0
2026-03-12T01:16:04.564157,0,0,0,0
2026-03-12T01:16:05.570141,0,0,0,0
2026-03-12T01:16:06.577104,0,0,0,0
2026-03-12T01:16:07.584085,0,0,0,0
2026-03-12T01:16:08.590049,0,0,0,0
2026-03-12T01:16:09.596047,0,0,0,0
2026-03-12T01:16:10.604002,0,0,0,0
2026-03-12T01:16:11.609954,0,0,0,0
2026-03-12T01:16:12.616933,0,0,0,0
2026-03-12T01:16:13.623917,0,0,0,0
2026-03-12T01:16:14.629901,0,0,0,0
2026-03-12T01:16:15.637924,0,0,0,0
2026-03-12T01:16:16.643842,0,0,0,0
2026-03-12T01:16:17.650787,0,0,0,0
2026-03-12T01:16:18.656782,0,0,0,0
2026-03-12T01:16:19.662727,0,0,0,0
2026-03-12T01:16:20.670731,0,0,0,0
2026-03-12T01:16:21.676686,0,0,0,0
2026-03-12T01:16:22.681719,0,0,0,0
2026-03-12T01:16:23.690659,0,0,0,0
2026-03-12T01:16:24.697630,0,0,0,0
2026-03-12T01:16:25.702586,0,0,0,0
2026-03-12T01:16:26.709638,0,0,0,0
2026-03-12T01:16:27.716565,0,0,0,0
2026-03-12T01:16:28.723502,0,0,0,0
2026-03-12T01:16:29.730524,0,0,0,0
2026-03-12T01:16:30.736448,0,0,0,0
2026-03-12T01:16:31.744424,0,0,0,0
2026-03-12T01:16:32.750416,0,0,0,0
2026-03-12T01:16:33.757486,0,0,0,0
2026-03-12T01:16:34.763354,0,0,0,0
2026-03-12T01:16:35.770338,0,0,0,0
2026-03-12T01:16:36.777393,0,0,0,0
2026-03-12T01:16:37.783301,0,0,0,0
2026-03-12T01:16:38.790249,0,0,0,0
2026-03-12T01:16:39.797330,0,0,0,0
2026-03-12T01:16:40.804214,0,0,0,0
2026-03-12T01:16:41.810178,0,0,0,0
2026-03-12T01:16:42.816176,0,0,0,0
2026-03-12T01:16:43.823125,0,0,0,0
2026-03-12T01:16:44.829081,0,0,0,0
2026-03-12T01:16:45.837082,0,0,0,0
2026-03-12T01:16:46.843025,0,0,0,0
2026-03-12T01:16:47.851025,0,0,0,0
2026-03-12T01:16:48.856987,0,0,0,0
2026-03-12T01:16:49.863963,0,0,0,0
2026-03-12T01:16:50.869928,0,0,0,0
2026-03-12T01:16:51.876897,0,0,0,0
2026-03-12T01:16:52.883892,0,0,0,0
2026-03-12T01:16:53.889868,0,0,0,0
2026-03-12T01:16:54.897768,0,0,0,0
2026-03-12T01:16:55.903794,0,0,0,0
2026-03-12T01:16:56.910746,0,0,0,0
2026-03-12T01:16:57.916716,0,0,0,0
2026-03-12T01:16:58.923702,0,0,0,0
2026-03-12T01:16:59.929676,0,0,0,0
2026-03-12T01:17:00.935660,0,0,0,0
2026-03-12T01:17:01.942619,0,0,0,0
2026-03-12T01:17:02.950593,0,0,0,0
2026-03-12T01:17:03.957628,0,0,0,0
2026-03-12T01:17:04.963551,0,0,0,0
2026-03-12T01:17:05.970523,0,0,0,0
2026-03-12T01:17:06.976495,0,0,0,0
2026-03-12T01:17:07.983467,0,0,0,0
2026-03-12T01:17:08.990419,0,0,0,0
2026-03-12T01:17:09.996425,0,0,0,0
2026-03-12T01:17:11.004396,0,0,0,0
2026-03-12T01:17:12.009841,0,0,0,0
2026-03-12T01:17:13.017368,0,0,0,0
2026-03-12T01:17:14.022315,0,0,0,0
2026-03-12T01:17:15.030313,0,0,0,0
2026-03-12T01:17:16.036267,0,0,0,0
2026-03-12T01:17:17.043215,0,0,0,0
2026-03-12T01:17:18.050157,0,0,0,0
2026-03-12T01:17:19.057211,0,0,0,0
2026-03-12T01:17:20.064138,0,0,0,0
2026-03-12T01:17:21.070065,0,0,0,0
2026-03-12T01:17:22.077068,0,0,0,0
2026-03-12T01:17:23.083038,0,0,0,0
2026-03-12T01:17:24.090011,0,0,0,0
2026-03-12T01:17:25.097005,0,0,0,0
2026-03-12T01:17:26.102973,0,0,0,0
2026-03-12T01:17:27.110907,0,0,0,0
2026-03-12T01:17:28.115914,0,0,0,0
2026-03-12T01:17:29.122887,0,0,0,0
2026-03-12T01:17:30.129840,0,0,0,0
2026-03-12T01:17:31.135816,0,0,0,0
2026-03-12T01:17:32.141805,0,0,0,0
2026-03-12T01:17:33.148784,0,0,0,0
2026-03-12T01:17:34.156724,0,0,0,0
2026-03-12T01:17:35.162712,0,0,0,0
2026-03-12T01:17:36.170656,0,0,0,0
2026-03-12T01:17:37.176648,0,0,0,0
2026-03-12T01:17:38.183632,0,0,0,0
2026-03-12T01:17:39.189640,0,0,0,0
2026-03-12T01:17:40.196572,0,0,0,0
2026-03-12T01:17:41.203536,0,0,0,0
2026-03-12T01:17:42.209569,0,0,0,0
2026-03-12T01:17:43.217554,0,0,0,0
2026-03-12T01:17:44.223444,0,0,0,0
2026-03-12T01:17:45.230427,0,0,0,0
2026-03-12T01:17:46.236381,0,0,0,0
2026-03-12T01:17:47.243370,0,0,0,0
2026-03-12T01:17:48.249443,0,0,0,0
2026-03-12T01:17:49.256311,0,0,0,0
2026-03-12T01:17:50.263290,0,0,0,0
2026-03-12T01:17:51.270266,0,0,0,0
2026-03-12T01:17:52.277332,0,0,0,0
2026-03-12T01:17:53.283204,0,0,0,0
2026-03-12T01:17:54.290184,0,0,0,0
2026-03-12T01:17:55.296160,0,0,0,0
2026-03-12T01:17:56.303134,0,0,0,0
2026-03-12T01:17:57.310077,0,0,0,0
2026-03-12T01:17:58.316121,0,0,0,0
2026-03-12T01:17:59.324095,0,0,0,0
2026-03-12T01:18:00.330073,0,0,0,0
2026-03-12T01:18:01.337051,0,0,0,0
2026-03-12T01:18:02.342987,0,0,0,0
2026-03-12T01:18:03.349831,0,0,0,0
2026-03-12T01:18:04.355945,0,0,0,0
2026-03-12T01:18:05.362912,0,0,0,0
2026-03-12T01:18:06.369867,0,0,0,0
2026-03-12T01:18:07.376867,0,0,0,0
2026-03-12T01:18:08.382816,0,0,0,0
2026-03-12T01:18:19.098159,0,0,0,0
2026-03-12T01:18:21.580488,0,0,0,0
2026-03-12T01:18:22.587479,0,0,0,0
2026-03-12T01:18:23.593509,0,0,0,0
2026-03-12T01:18:24.600416,0,0,0,0
2026-03-12T01:18:25.605428,0,0,0,0
2026-03-12T01:18:26.613428,0,0,0,0
2026-03-12T01:18:27.620340,0,0,0,0
2026-03-12T01:18:28.627266,0,0,0,0
2026-03-12T01:18:29.633429,0,0,0,0
2026-03-12T01:18:30.640217,0,0,0,0
2026-03-12T01:18:31.647194,0,0,0,0
2026-03-12T01:18:32.653295,0,0,0,0
2026-03-12T01:18:33.660134,0,0,0,0
2026-03-12T01:18:34.667139,0,0,0,0
2026-03-12T01:18:35.674138,0,0,0,0
2026-03-12T01:18:36.680103,0,0,0,0
2026-03-12T01:18:37.687075,0,0,0,0
2026-03-12T01:18:38.694017,0,0,0,0
2026-03-12T01:18:39.700024,0,0,0,0
2026-03-12T01:18:40.705971,0,0,0,0
2026-03-12T01:18:41.712965,0,0,0,0
2026-03-12T01:18:42.720909,0,0,0,0
2026-03-12T01:18:43.726903,0,0,0,0
2026-03-12T01:18:44.733838,0,0,0,0
2026-03-12T01:18:45.740839,0,0,0,0
2026-03-12T01:18:46.746801,0,0,0,0
2026-03-12T01:18:47.753802,0,0,0,0
2026-03-12T01:18:48.759757,0,0,0,0
2026-03-12T01:18:49.766734,0,0,0,0
2026-03-12T01:18:50.773721,0,0,0,0
2026-03-12T01:18:51.780645,0,0,0,0
2026-03-12T01:18:52.786622,0,0,0,0
2026-03-12T01:18:53.792574,0,0,0,0
2026-03-12T01:18:54.800458,0,0,0,0
2026-03-12T01:18:55.806553,0,0,0,0
2026-03-12T01:18:56.813590,0,0,0,0
2026-03-12T01:18:57.819537,0,0,0,0
2026-03-12T01:18:58.827497,0,0,0,0
2026-03-12T01:18:59.833537,0,0,0,0
2026-03-12T01:19:00.840423,0,0,0,0
2026-03-12T01:19:01.847375,0,0,0,0
2026-03-12T01:19:02.853458,0,0,0,0
2026-03-12T01:19:03.860314,0,0,0,0
2026-03-12T01:19:04.866295,0,0,0,0
2026-03-12T01:19:05.873384,0,0,0,0
2026-03-12T01:19:06.880245,0,0,0,0
2026-03-12T01:19:07.885283,0,0,0,0
2026-03-12T01:19:08.892189,0,0,0,0
2026-03-12T01:19:09.900150,0,0,0,0
2026-03-12T01:19:10.907139,0,0,0,0
2026-03-12T01:19:11.913119,0,0,0,0
2026-03-12T01:19:12.920080,0,0,0,0
2026-03-12T01:19:13.926063,0,0,0,0
2026-03-12T01:19:14.934041,0,0,0,0
2026-03-12T01:19:15.939999,0,0,0,0
2026-03-12T01:19:16.945996,0,0,0,0
2026-03-12T01:19:17.953960,0,0,0,0
2026-03-12T01:19:18.959915,0,0,0,0
2026-03-12T01:19:19.966898,0,0,0,0
2026-03-12T01:19:20.972878,0,0,0,0
2026-03-12T01:19:21.979886,0,0,0,0
2026-03-12T01:19:22.986864,0,0,0,0
2026-03-12T01:19:23.992824,0,0,0,0
2026-03-12T01:19:24.999803,0,0,0,0
2026-03-12T01:19:26.005773,0,0,0,0
2026-03-12T01:19:27.013766,0,0,0,0
2026-03-12T01:19:28.019721,0,0,0,0
2026-03-12T01:19:29.026712,0,0,0,0
2026-03-12T01:19:30.032687,0,0,0,0
2026-03-12T01:19:31.040651,0,0,0,0
2026-03-12T01:19:32.046615,0,0,0,0
2026-03-12T01:19:33.053598,0,0,0,0
2026-03-12T01:19:34.060569,0,0,0,0
2026-03-12T01:19:35.066534,0,0,0,0
2026-03-12T01:19:36.073582,0,0,0,0
2026-03-12T01:19:37.079486,0,0,0,0
2026-03-12T01:19:38.085545,0,0,0,0
2026-03-12T01:19:39.093506,0,0,0,0
2026-03-12T01:19:40.100402,0,0,0,0
2026-03-12T01:19:41.106360,0,0,0,0
2026-03-12T01:19:42.113412,0,0,0,0
2026-03-12T01:19:43.120309,0,0,0,0
2026-03-12T01:19:44.126283,0,0,0,0
2026-03-12T01:19:45.132206,0,0,0,0
2026-03-12T01:19:46.139209,0,0,0,0
2026-03-12T01:19:47.147171,0,0,0,0
2026-03-12T01:19:48.153229,0,0,0,0
2026-03-12T01:19:49.160124,0,0,0,0
2026-03-12T01:19:50.167105,0,0,0,0
2026-03-12T01:19:51.173074,0,0,0,0
2026-03-12T01:19:52.180043,0,0,0,0
2026-03-12T01:19:53.186027,0,0,0,0
2026-03-12T01:19:54.192990,0,0,0,0
2026-03-12T01:19:55.198959,0,0,0,0
2026-03-12T01:19:56.206935,0,0,0,0
2026-03-12T01:19:57.212907,0,0,0,0
2026-03-12T01:19:58.218888,0,0,0,0
2026-03-12T01:19:59.226847,0,0,0,0
2026-03-12T01:20:00.232833,0,0,0,0
2026-03-12T01:20:01.238863,0,0,0,0
2026-03-12T01:20:02.245794,0,0,0,0
2026-03-12T01:20:03.253795,0,0,0,0
2026-03-12T01:20:04.259754,0,0,0,0
2026-03-12T01:20:05.266716,0,0,0,0
2026-03-12T01:20:06.273703,0,0,0,0
2026-03-12T01:20:07.279680,0,0,0,0
2026-03-12T01:20:08.286654,0,0,0,0
2026-03-12T01:20:09.292597,0,0,0,0
2026-03-12T01:20:10.299506,0,0,0,0
2026-03-12T01:20:11.306574,0,0,0,0
2026-03-12T01:20:12.311501,0,0,0,0
2026-03-12T01:20:13.319515,0,0,0,0
2026-03-12T01:20:14.325536,0,0,0,0
2026-03-12T01:20:15.332448,0,0,0,0
2026-03-12T01:20:16.339449,0,0,0,0
2026-03-12T01:20:17.346411,0,0,0,0
2026-03-12T01:20:18.352397,0,0,0,0
2026-03-12T01:20:19.360366,0,0,0,0
2026-03-12T01:20:20.366338,0,0,0,0
2026-03-12T01:20:21.373276,0,0,0,0
2026-03-12T01:20:22.379298,0,0,0,0
2026-03-12T01:20:23.386278,0,0,0,0
2026-03-12T01:20:24.393334,0,0,0,0
2026-03-12T01:20:25.399203,0,0,0,0
2026-03-12T01:20:26.407189,0,0,0,0
2026-03-12T01:20:27.413220,0,0,0,0
2026-03-12T01:20:28.419116,0,0,0,0
2026-03-12T01:20:29.424051,0,0,0,0
2026-03-12T01:20:30.433092,0,0,0,0
2026-03-12T01:20:31.439029,0,0,0,0
2026-03-12T01:20:32.446042,0,0,0,0
2026-03-12T01:20:33.453008,0,0,0,0
2026-03-12T01:20:34.459983,0,0,0,0
2026-03-12T01:20:35.466935,0,0,0,0
2026-03-12T01:20:36.472914,0,0,0,0
2026-03-12T01:20:37.479885,0,0,0,0
2026-03-12T01:20:38.486874,0,0,0,0
2026-03-12T01:20:39.492831,0,0,0,0
2026-03-12T01:20:40.499776,0,0,0,0
2026-03-12T01:20:41.505760,0,0,0,0
2026-03-12T01:20:42.513734,0,0,0,0
2026-03-12T01:20:43.519697,0,0,0,0
2026-03-12T01:20:44.525648,0,0,0,0
2026-03-12T01:20:45.532654,0,0,0,0
2026-03-12T01:20:46.539640,0,0,0,0
2026-03-12T01:20:47.546630,0,0,0,0
2026-03-12T01:20:48.551595,0,0,0,0
2026-03-12T01:20:49.559542,0,0,0,0
2026-03-12T01:20:50.566546,0,0,0,0
2026-03-12T01:20:51.573570,0,0,0,0
2026-03-12T01:20:52.579501,0,0,0,0
2026-03-12T01:20:53.586457,0,0,0,0
2026-03-12T01:20:54.593524,0,0,0,0
2026-03-12T01:20:55.599414,0,0,0,0
2026-03-12T01:20:56.606375,0,0,0,0
2026-03-12T01:20:57.612396,0,0,0,0
2026-03-12T01:21:07.801722,0,0,0,0
2026-03-12T01:21:10.284059,0,0,0,0
2026-03-12T01:21:11.291017,0,0,0,0
2026-03-12T01:21:12.296975,0,0,0,0
2026-03-12T01:21:13.303972,0,0,0,0
2026-03-12T01:21:14.309822,0,0,0,0
2026-03-12T01:21:15.317917,0,0,0,0
2026-03-12T01:21:16.323880,0,0,0,0
2026-03-12T01:21:17.330812,0,0,0,0
2026-03-12T01:21:18.337805,0,0,0,0
2026-03-12T01:21:19.342765,0,0,0,0
2026-03-12T01:21:20.350769,0,0,0,0
2026-03-12T01:21:21.355729,0,0,0,0
2026-03-12T01:21:22.363738,0,0,0,0
2026-03-12T01:21:23.370713,0,0,0,0
2026-03-12T01:21:24.377694,0,0,0,0
2026-03-12T01:21:25.383628,0,0,0,0
2026-03-12T01:21:26.390638,0,0,0,0
2026-03-12T01:21:27.397618,0,0,0,0
2026-03-12T01:21:28.402574,0,0,0,0
2026-03-12T01:21:29.410553,0,0,0,0
2026-03-12T01:21:30.416542,0,0,0,0
2026-03-12T01:21:31.422458,0,0,0,0
2026-03-12T01:21:32.430475,0,0,0,0
2026-03-12T01:21:33.437465,0,0,0,0
2026-03-12T01:21:34.444412,0,0,0,0
2026-03-12T01:21:35.450384,0,0,0,0
2026-03-12T01:21:36.457411,0,0,0,0
2026-03-12T01:21:37.463335,0,0,0,0
2026-03-12T01:21:38.470271,0,0,0,0
2026-03-12T01:21:39.477336,0,0,0,0
2026-03-12T01:21:40.484226,0,0,0,0
2026-03-12T01:21:41.490221,0,0,0,0
2026-03-12T01:21:42.497258,0,0,0,0
2026-03-12T01:21:43.504144,0,0,0,0
2026-03-12T01:21:44.510139,0,0,0,0
2026-03-12T01:21:45.517106,0,0,0,0
2026-03-12T01:21:46.523067,0,0,0,0
2026-03-12T01:21:47.531060,0,0,0,0
2026-03-12T01:21:48.535972,0,0,0,0
2026-03-12T01:21:49.543870,0,0,0,0
2026-03-12T01:21:50.550948,0,0,0,0
2026-03-12T01:21:51.556914,0,0,0,0
2026-03-12T01:21:52.563896,0,0,0,0
2026-03-12T01:21:53.569866,0,0,0,0
2026-03-12T01:21:54.576826,0,0,0,0
2026-03-12T01:21:55.582874,0,0,0,0
2026-03-12T01:21:56.590835,0,0,0,0
2026-03-12T01:21:57.596793,0,0,0,0
2026-03-12T01:21:58.603772,0,0,0,0
2026-03-12T01:21:59.610731,0,0,0,0
2026-03-12T01:22:00.616721,0,0,0,0
2026-03-12T01:22:01.623700,0,0,0,0
2026-03-12T01:22:02.629731,0,0,0,0
2026-03-12T01:22:03.636672,0,0,0,0
2026-03-12T01:22:04.642646,0,0,0,0
2026-03-12T01:22:15.327884,0,0,0,0
2026-03-12T01:22:17.810292,0,0,0,0
2026-03-12T01:22:18.817319,0,0,0,0
2026-03-12T01:22:19.823232,0,0,0,0
2026-03-12T01:22:20.830218,0,0,0,0
2026-03-12T01:22:21.836183,0,0,0,0
2026-03-12T01:22:22.844153,0,0,0,0
2026-03-12T01:22:23.850131,0,0,0,0
2026-03-12T01:22:24.857111,0,0,0,0
2026-03-12T01:22:25.864079,0,0,0,0
2026-03-12T01:22:26.870052,0,0,0,0
2026-03-12T01:22:27.876995,0,0,0,0
2026-03-12T01:22:28.883009,0,0,0,0
2026-03-12T01:22:29.889962,0,0,0,0
2026-03-12T01:22:30.896947,0,0,0,0
2026-03-12T01:22:31.903927,0,0,0,0
2026-03-12T01:22:32.909890,0,0,0,0
2026-03-12T01:22:33.916855,0,0,0,0
2026-03-12T01:22:34.923830,0,0,0,0
2026-03-12T01:22:35.929817,0,0,0,0
2026-03-12T01:22:36.936793,0,0,0,0
2026-03-12T01:22:37.942748,0,0,0,0
2026-03-12T01:22:38.950700,0,0,0,0
2026-03-12T01:22:39.956677,0,0,0,0
2026-03-12T01:22:40.963640,0,0,0,0
2026-03-12T01:22:41.970657,0,0,0,0
2026-03-12T01:22:42.976633,0,0,0,0
2026-03-12T01:22:43.983609,0,0,0,0
2026-03-12T01:22:44.989613,0,0,0,0
2026-03-12T01:22:45.996527,0,0,0,0
2026-03-12T01:22:47.003524,0,0,0,0
2026-03-12T01:22:48.010498,0,0,0,0
2026-03-12T01:22:49.016476,0,0,0,0
2026-03-12T01:22:50.023444,0,0,0,0
2026-03-12T01:22:51.029565,0,0,0,0
2026-03-12T01:22:52.036369,0,0,0,0
2026-03-12T01:22:53.043370,0,0,0,0
2026-03-12T01:22:54.049387,0,0,0,0
2026-03-12T01:22:55.057387,0,0,0,0
2026-03-12T01:22:56.063286,0,0,0,0
2026-03-12T01:22:57.070254,0,0,0,0
2026-03-12T01:22:58.077288,0,0,0,0
2026-03-12T01:22:59.083216,0,0,0,0
2026-03-12T01:23:00.090192,0,0,0,0
2026-03-12T01:23:01.096173,0,0,0,0
2026-03-12T01:23:02.103073,0,0,0,0
2026-03-12T01:23:03.110118,0,0,0,0
2026-03-12T01:23:04.117061,0,0,0,0
2026-03-12T01:23:05.123047,0,0,0,0
2026-03-12T01:23:06.130031,0,0,0,0
2026-03-12T01:23:07.136985,0,0,0,0
2026-03-12T01:23:08.141928,0,0,0,0
2026-03-12T01:23:09.149958,0,0,0,0
2026-03-12T01:23:10.155905,0,0,0,0
2026-03-12T01:23:11.163889,0,0,0,0
2026-03-12T01:23:12.169848,0,0,0,0
2026-03-12T01:23:13.176851,0,0,0,0
2026-03-12T01:23:14.183864,0,0,0,0
2026-03-12T01:23:15.189844,0,0,0,0
2026-03-12T01:23:16.196786,0,0,0,0
2026-03-12T01:23:17.202759,0,0,0,0
2026-03-12T01:23:18.209756,0,0,0,0
2026-03-12T01:23:19.216742,0,0,0,0
2026-03-12T01:23:20.223686,0,0,0,0
2026-03-12T01:23:21.229680,0,0,0,0
2026-03-12T01:23:22.236661,0,0,0,0
2026-03-12T01:23:23.243622,0,0,0,0
2026-03-12T01:23:24.249646,0,0,0,0
2026-03-12T01:23:25.255548,0,0,0,0
2026-03-12T01:23:26.262557,0,0,0,0
2026-03-12T01:23:27.270530,0,0,0,0
2026-03-12T01:23:28.275445,0,0,0,0
2026-03-12T01:23:29.283476,0,0,0,0
2026-03-12T01:23:30.290452,0,0,0,0
2026-03-12T01:23:31.296403,0,0,0,0
2026-03-12T01:23:32.303372,0,0,0,0
2026-03-12T01:23:33.309426,0,0,0,0
2026-03-12T01:23:34.316338,0,0,0,0
2026-03-12T01:23:35.323312,0,0,0,0
2026-03-12T01:23:36.330298,0,0,0,0
2026-03-12T01:23:37.336271,0,0,0,0
2026-03-12T01:23:38.343230,0,0,0,0
2026-03-12T01:23:39.350220,0,0,0,0
2026-03-12T01:23:40.356185,0,0,0,0
2026-03-12T01:23:41.363166,0,0,0,0
2026-03-12T01:23:42.367101,0,0,0,0
2026-03-12T01:23:43.376119,0,0,0,0
2026-03-12T01:23:44.383075,0,0,0,0
2026-03-12T01:23:45.389036,0,0,0,0
2026-03-12T01:23:46.397036,0,0,0,0
2026-03-12T01:23:47.403010,0,0,0,0
2026-03-12T01:23:48.409984,0,0,0,0
2026-03-12T01:23:49.414890,0,0,0,0
2026-03-12T01:23:50.422875,0,0,0,0
2026-03-12T01:23:51.429859,0,0,0,0
2026-03-12T01:23:52.436826,0,0,0,0
2026-03-12T01:23:53.442814,0,0,0,0
2026-03-12T01:23:54.449829,0,0,0,0
2026-03-12T01:23:55.456735,0,0,0,0
2026-03-12T01:23:56.462719,0,0,0,0
2026-03-12T01:23:57.469730,0,0,0,0
2026-03-12T01:23:58.474680,0,0,0,0
2026-03-12T01:23:59.483658,0,0,0,0
2026-03-12T01:24:00.489711,0,0,0,0
2026-03-12T01:24:01.496641,0,0,0,0
2026-03-12T01:24:02.503611,0,0,0,0
2026-03-12T01:24:03.509639,0,0,0,0
2026-03-12T01:24:04.516523,0,0,0,0
2026-03-12T01:24:05.522519,0,0,0,0
2026-03-12T01:24:06.529569,0,0,0,0
2026-03-12T01:24:07.536480,0,0,0,0
2026-03-12T01:24:08.543450,0,0,0,0
2026-03-12T01:24:09.548401,0,0,0,0
2026-03-12T01:24:10.556400,0,0,0,0
2026-03-12T01:24:11.563366,0,0,0,0
2026-03-12T01:24:12.569409,0,0,0,0
2026-03-12T01:24:13.576314,0,0,0,0
2026-03-12T01:24:14.582301,0,0,0,0
2026-03-12T01:24:15.590257,0,0,0,0
2026-03-12T01:24:16.596215,0,0,0,0
2026-03-12T01:24:17.603214,0,0,0,0
2026-03-12T01:24:18.610199,0,0,0,0
2026-03-12T01:24:19.615183,0,0,0,0
2026-03-12T01:24:20.623156,0,0,0,0
2026-03-12T01:24:21.629113,0,0,0,0
2026-03-12T01:24:22.637107,0,0,0,0
2026-03-12T01:24:23.643072,0,0,0,0
2026-03-12T01:24:24.649043,0,0,0,0
2026-03-12T01:24:25.655993,0,0,0,0
2026-03-12T01:24:26.662998,0,0,0,0
2026-03-12T01:24:27.668965,0,0,0,0
2026-03-12T01:24:28.675947,0,0,0,0
2026-03-12T01:24:29.682897,0,0,0,0
2026-03-12T01:24:30.688899,0,0,0,0
2026-03-12T01:24:31.696871,0,0,0,0
2026-03-12T01:24:32.702851,0,0,0,0
2026-03-12T01:24:33.709805,0,0,0,0
2026-03-12T01:24:34.716788,0,0,0,0
2026-03-12T01:24:35.722776,0,0,0,0
2026-03-12T01:24:36.729748,0,0,0,0
2026-03-12T01:24:37.735669,0,0,0,0
2026-03-12T01:24:38.743651,0,0,0,0
2026-03-12T01:24:39.749706,0,0,0,0
2026-03-12T01:24:40.756630,0,0,0,0
2026-03-12T01:24:41.761646,0,0,0,0
2026-03-12T01:24:42.769651,0,0,0,0
2026-03-12T01:24:43.776561,0,0,0,0
2026-03-12T01:24:44.782499,0,0,0,0
2026-03-12T01:24:45.789573,0,0,0,0
2026-03-12T01:24:46.796456,0,0,0,0
2026-03-12T01:24:47.803459,0,0,0,0
2026-03-12T01:24:48.809529,0,0,0,0
2026-03-12T01:24:49.816372,0,0,0,0
2026-03-12T01:24:50.823339,0,0,0,0
2026-03-12T01:24:51.829387,0,0,0,0
2026-03-12T01:24:52.836302,0,0,0,0
2026-03-12T01:24:53.842287,0,0,0,0
2026-03-12T01:25:04.045844,0,0,0,0
2026-03-12T01:25:06.527932,0,0,0,0
2026-03-12T01:25:07.534892,0,0,0,0
2026-03-12T01:25:08.540883,0,0,0,0
2026-03-12T01:25:09.547846,0,0,0,0
2026-03-12T01:25:10.553816,0,0,0,0
2026-03-12T01:25:11.561853,0,0,0,0
2026-03-12T01:25:12.567815,0,0,0,0
2026-03-12T01:25:13.574790,0,0,0,0
2026-03-12T01:25:14.581753,0,0,0,0
2026-03-12T01:25:15.587739,0,0,0,0
2026-03-12T01:25:16.594730,0,0,0,0
2026-03-12T01:25:17.600649,0,0,0,0
2026-03-12T01:25:18.607687,0,0,0,0
2026-03-12T01:25:19.614637,0,0,0,0
2026-03-12T01:25:20.621642,0,0,0,0
2026-03-12T01:25:21.627572,0,0,0,0
2026-03-12T01:25:22.634570,0,0,0,0
2026-03-12T01:25:23.640532,0,0,0,0
2026-03-12T01:25:24.647505,0,0,0,0
2026-03-12T01:25:25.654357,0,0,0,0
2026-03-12T01:25:26.660424,0,0,0,0
2026-03-12T01:25:27.668397,0,0,0,0
2026-03-12T01:25:28.674369,0,0,0,0
2026-03-12T01:25:29.681436,0,0,0,0
2026-03-12T01:25:30.688308,0,0,0,0
2026-03-12T01:25:31.694291,0,0,0,0
2026-03-12T01:25:32.701331,0,0,0,0
2026-03-12T01:25:33.707229,0,0,0,0
2026-03-12T01:25:34.711174,0,0,0,0
2026-03-12T01:25:35.721264,0,0,0,0
2026-03-12T01:25:36.728202,0,0,197.528104,0
2026-03-12T01:25:37.734123,0,0,0,0
2026-03-12T01:25:38.741089,0,0,0,0
2026-03-12T01:25:39.748077,0,0,0,0
2026-03-12T01:25:40.754050,0,0,0,0
2026-03-12T01:25:41.760037,0,0,0,0
2026-03-12T01:25:42.766996,0,0,0,0
2026-03-12T01:25:43.774964,0,0,0,0
2026-03-12T01:25:44.780942,0,0,0,0
2026-03-12T01:25:45.787915,0,0,0,0
2026-03-12T01:25:46.794907,0,0,0,0
2026-03-12T01:25:47.800869,0,0,0,0
2026-03-12T01:25:48.807888,0,0,0,0
2026-03-12T01:25:49.813863,0,0,0,0
2026-03-12T01:25:50.820946,0,0,0,0
2026-03-12T01:25:51.826778,0,0,0,0
2026-03-12T01:25:52.834787,0,0,0,0
2026-03-12T01:25:53.839725,0,0,0,0
2026-03-12T01:25:54.847688,0,0,0,0
2026-03-12T01:25:55.854670,0,0,0,0
2026-03-12T01:25:56.860641,0,0,0,0
2026-03-12T01:25:57.867659,0,0,0,0
2026-03-12T01:25:58.873661,0,0,0,0
2026-03-12T01:25:59.880535,0,0,0,0
2026-03-12T01:26:00.887524,0,0,0,0
2026-03-12T01:26:01.894530,0,0,0,0
2026-03-12T01:26:02.901558,0,0,0,0
2026-03-12T01:26:03.907446,0,0,0,0
2026-03-12T01:26:04.914420,0,0,0,0
2026-03-12T01:26:05.920390,0,0,0,0
2026-03-12T01:26:06.927374,0,0,0,0
2026-03-12T01:26:07.934347,0,0,0,0
2026-03-12T01:26:08.941424,0,0,0,0
2026-03-12T01:26:09.947286,0,0,0,0
2026-03-12T01:26:10.954280,0,0,0,0
2026-03-12T01:26:11.961341,0,0,0,0
2026-03-12T01:26:12.967253,0,0,0,0
2026-03-12T01:26:13.974226,0,0,0,0
2026-03-12T01:26:14.980196,0,0,0,0
2026-03-12T01:26:15.988172,0,0,0,0
2026-03-12T01:26:16.994174,0,0,0,0
2026-03-12T01:26:18.001116,0,0,0,0
2026-03-12T01:26:19.008118,0,0,0,0
2026-03-12T01:26:20.014053,0,0,0,0
2026-03-12T01:26:21.021072,0,0,0,0
2026-03-12T01:26:22.026004,0,0,0,0
2026-03-12T01:26:23.033868,0,0,0,0
2026-03-12T01:26:24.040977,0,0,0,0
2026-03-12T01:26:25.047925,0,0,0,0
2026-03-12T01:26:26.053910,0,0,0,0
2026-03-12T01:26:27.060905,0,0,0,0
2026-03-12T01:26:28.066845,0,0,0,0
2026-03-12T01:26:29.072826,0,0,0,0
2026-03-12T01:26:30.080813,0,0,0,0
2026-03-12T01:26:31.086781,0,0,0,0
2026-03-12T01:26:32.093749,0,0,0,0
2026-03-12T01:26:33.100715,0,0,0,0
2026-03-12T01:26:34.107722,0,0,0,0
2026-03-12T01:26:35.114680,0,0,0,0
2026-03-12T01:26:45.806929,0,0,0,0
2026-03-12T01:26:48.289408,0,0,0,0
2026-03-12T01:26:49.296282,0,0,0,0
2026-03-12T01:26:50.302275,0,0,0,0
2026-03-12T01:26:51.309329,0,0,0,0
2026-03-12T01:26:52.315226,0,0,0,0
2026-03-12T01:26:53.323194,0,0,0,0
2026-03-12T01:26:54.329231,0,0,0,0
2026-03-12T01:26:55.336111,0,0,0,0
2026-03-12T01:26:56.343125,0,0,0,0
2026-03-12T01:26:57.349101,0,0,0,0
2026-03-12T01:26:58.356082,0,0,0,0
2026-03-12T01:26:59.362053,0,0,0,0
2026-03-12T01:27:00.369032,0,0,0,0
2026-03-12T01:27:01.375112,0,0,0,0
2026-03-12T01:27:02.382979,0,0,0,0
2026-03-12T01:27:03.387970,0,0,0,0
2026-03-12T01:27:04.395908,0,0,0,0
2026-03-12T01:27:05.402886,0,0,0,0
2026-03-12T01:27:06.408865,0,0,0,0
2026-03-12T01:27:07.414840,0,0,0,0
2026-03-12T01:27:08.421810,0,0,0,0
2026-03-12T01:27:09.428758,0,0,0,0
2026-03-12T01:27:10.435739,0,0,0,0
2026-03-12T01:27:11.442710,0,0,0,0
2026-03-12T01:27:12.449703,0,0,0,0
2026-03-12T01:27:13.455687,0,0,0,0
2026-03-12T01:27:14.461681,0,0,0,0
2026-03-12T01:27:15.467626,0,0,0,0
2026-03-12T01:27:16.475608,0,0,0,0
2026-03-12T01:27:17.482581,0,0,0,0
2026-03-12T01:27:18.489606,0,0,0,0
2026-03-12T01:27:19.494544,0,0,0,0
2026-03-12T01:27:20.501575,0,0,0,0
2026-03-12T01:27:21.508501,0,0,0,0
2026-03-12T01:27:22.515459,0,0,0,0
2026-03-12T01:27:23.521496,0,0,0,0
2026-03-12T01:27:24.528394,0,0,0,0
2026-03-12T01:27:25.536336,0,0,0,0
2026-03-12T01:27:26.542378,0,0,0,0
2026-03-12T01:27:27.549471,0,0,0,0
2026-03-12T01:27:28.556291,0,0,0,0
2026-03-12T01:27:29.561353,0,0,0,0
2026-03-12T01:27:30.569246,0,0,0,0
2026-03-12T01:27:31.575240,0,0,0,0
2026-03-12T01:27:32.581271,0,0,0,0
2026-03-12T01:27:33.588169,0,0,0,0
2026-03-12T01:27:34.596154,0,0,0,0
2026-03-12T01:27:35.602132,0,0,0,0
2026-03-12T01:27:36.608077,0,0,0,0
2026-03-12T01:27:37.616084,0,0,0,0
2026-03-12T01:27:38.622051,0,0,0,0
2026-03-12T01:27:39.629025,0,0,0,0
2026-03-12T01:27:40.633998,0,0,0,0
2026-03-12T01:27:41.642964,0,0,0,0
2026-03-12T01:27:42.648930,0,0,0,0
2026-03-12T01:27:43.655898,0,0,0,0
2026-03-12T01:27:44.661847,0,0,0,0
2026-03-12T01:27:45.667881,0,0,0,0
2026-03-12T01:27:46.674847,0,0,0,0
2026-03-12T01:27:47.680816,0,0,0,0
2026-03-12T01:27:48.688771,0,0,0,0
2026-03-12T01:27:49.695770,0,0,0,0
2026-03-12T01:27:50.702745,0,0,0,0
2026-03-12T01:27:51.708700,0,0,0,0
2026-03-12T01:27:52.715677,0,0,0,0
2026-03-12T01:27:53.721707,0,0,0,0
2026-03-12T01:27:54.728618,0,0,0,0
2026-03-12T01:27:55.734626,0,0,0,0
2026-03-12T01:27:56.741698,0,0,0,0
2026-03-12T01:27:57.749613,0,0,0,0
2026-03-12T01:27:58.755554,0,0,0,0
2026-03-12T01:27:59.761526,0,0,0,0
2026-03-12T01:28:00.768472,0,0,0,0
2026-03-12T01:28:01.774433,0,0,0,0
2026-03-12T01:28:02.782389,0,0,0,0
2026-03-12T01:28:03.787380,0,0,0,0
2026-03-12T01:28:04.795317,0,0,0,0
2026-03-12T01:28:05.802314,0,0,0,0
2026-03-12T01:28:06.809470,0,0,0,0
2026-03-12T01:28:07.814259,0,0,0,0
2026-03-12T01:28:08.821335,0,0,0,0
2026-03-12T01:28:09.829303,0,0,0,0
2026-03-12T01:28:10.835195,0,0,0,0
2026-03-12T01:28:11.841249,0,0,0,0
2026-03-12T01:28:12.847122,0,0,0,0
2026-03-12T01:28:13.855158,0,0,0,0
2026-03-12T01:28:14.862126,0,0,0,0
2026-03-12T01:28:15.868962,0,0,0,0
2026-03-12T01:28:16.875067,0,0,0,0
2026-03-12T01:28:17.882005,0,0,0,0
2026-03-12T01:28:18.887974,0,0,0,0
2026-03-12T01:28:19.893969,0,0,0,0
2026-03-12T01:28:20.901934,0,0,0,0
2026-03-12T01:28:21.908909,0,0,0,0
2026-03-12T01:28:22.914880,0,0,0,0
2026-03-12T01:28:23.921857,0,0,0,0
2026-03-12T01:28:24.927833,0,0,0,0
2026-03-12T01:28:25.934821,0,0,0,0
2026-03-12T01:28:26.940778,0,0,0,0
2026-03-12T01:28:27.948749,0,0,0,0
2026-03-12T01:28:28.953738,0,0,0,0
2026-03-12T01:28:29.962703,0,0,0,0
2026-03-12T01:28:30.968688,0,0,0,0
2026-03-12T01:28:31.975643,0,0,0,0
2026-03-12T01:28:32.982635,0,0,0,0
2026-03-12T01:28:33.988608,0,0,0,0
2026-03-12T01:28:34.995433,0,0,0,0
2026-03-12T01:28:36.001616,0,0,0,0
2026-03-12T01:28:37.008523,0,0,0,0
2026-03-12T01:28:38.015502,0,0,0,0
2026-03-12T01:28:39.021588,0,0,0,0
2026-03-12T01:28:40.028489,0,0,0,0
2026-03-12T01:28:41.035454,0,0,0,0
2026-03-12T01:28:42.042423,0,0,0,0
2026-03-12T01:28:43.048368,0,0,0,0
2026-03-12T01:28:44.054402,0,0,0,0
2026-03-12T01:28:45.060359,0,0,0,0
2026-03-12T01:28:46.069412,0,0,0,0
2026-03-12T01:28:47.075316,0,0,0,0
2026-03-12T01:28:48.082275,0,0,0,0
2026-03-12T01:28:49.088282,0,0,0,0
2026-03-12T01:28:50.095238,0,0,0,0
2026-03-12T01:28:51.102222,0,0,0,0
2026-03-12T01:28:52.108190,0,0,0,0
2026-03-12T01:28:53.115120,0,0,0,0
2026-03-12T01:28:54.122105,0,0,0,0
2026-03-12T01:28:55.128105,0,0,0,0
2026-03-12T01:28:56.134078,0,0,0,0
2026-03-12T01:28:57.142072,0,0,0,0
2026-03-12T01:28:58.149033,0,0,0,0
2026-03-12T01:28:59.154970,0,0,0,0
2026-03-12T01:29:00.161955,0,0,0,0
2026-03-12T01:29:01.166930,0,0,0,0
2026-03-12T01:29:02.175937,0,0,0,0
2026-03-12T01:29:03.180907,0,0,0,0
2026-03-12T01:29:04.188884,0,0,0,0
2026-03-12T01:29:05.195861,0,0,0,0
2026-03-12T01:29:06.201794,0,0,0,0
2026-03-12T01:29:07.208829,0,0,0,0
2026-03-12T01:29:08.214786,0,0,0,0
2026-03-12T01:29:09.221774,0,0,0,0
2026-03-12T01:29:10.228710,0,0,0,0
2026-03-12T01:29:11.235704,0,0,0,0
2026-03-12T01:29:12.240647,0,0,0,0
2026-03-12T01:29:13.247626,0,0,0,0
2026-03-12T01:29:14.255588,0,0,0,0
2026-03-12T01:29:15.260595,0,0,0,0
2026-03-12T01:29:16.267581,0,0,0,0
2026-03-12T01:29:17.273591,0,0,0,0
2026-03-12T01:29:18.282548,0,0,0,0
2026-03-12T01:29:19.287524,0,0,0,0
2026-03-12T01:29:20.295321,0,0,0,0
2026-03-12T01:29:21.301548,0,0,0,0
2026-03-12T01:29:22.308409,0,0,0,0
2026-03-12T01:29:23.315369,0,0,0,0
2026-03-12T01:29:24.320378,0,0,0,0
2026-03-12T01:29:34.318850,0,0,0,0
2026-03-12T01:29:36.801200,0,0,0,0
2026-03-12T01:29:37.807106,0,0,0,0
2026-03-12T01:29:38.814051,0,0,0,0
2026-03-12T01:29:39.820051,0,0,0,0
2026-03-12T01:29:40.827015,0,0,0,0
2026-03-12T01:29:41.834018,0,0,0,0
2026-03-12T01:29:42.840964,0,0,0,0
2026-03-12T01:29:43.846915,0,0,0,0
2026-03-12T01:29:44.854908,0,0,0,0
2026-03-12T01:29:45.860892,0,0,0,0
2026-03-12T01:29:46.867854,0,0,0,0
2026-03-12T01:29:47.873845,0,0,0,0
2026-03-12T01:29:48.880806,0,0,0,0
2026-03-12T01:29:49.886790,0,0,0,0
2026-03-12T01:29:50.892722,0,0,0,0
2026-03-12T01:29:51.900703,0,0,0,0
2026-03-12T01:29:52.907718,0,0,0,0
2026-03-12T01:29:53.914690,0,0,0,0
2026-03-12T01:29:54.920662,0,0,0,0
2026-03-12T01:29:55.927635,0,0,0,0
2026-03-12T01:30:06.831845,0,0,0,0
2026-03-12T01:30:09.314275,0,0,0,0
2026-03-12T01:30:10.321264,0,0,0,0
2026-03-12T01:30:11.327204,0,0,0,0
2026-03-12T01:30:12.334143,0,0,0,0
2026-03-12T01:30:13.340151,0,0,0,0
2026-03-12T01:30:14.347097,0,0,0,0
2026-03-12T01:30:15.354092,0,0,0,0
2026-03-12T01:30:16.361074,0,0,0,0
2026-03-12T01:30:17.368051,0,0,0,0
2026-03-12T01:30:18.373973,0,0,0,0
2026-03-12T01:30:19.380955,0,0,0,0
2026-03-12T01:30:20.386916,0,0,0,0
2026-03-12T01:30:21.393879,0,0,0,0
2026-03-12T01:30:22.399884,0,0,0,0
2026-03-12T01:30:23.407827,0,0,0,0
2026-03-12T01:30:24.412826,0,0,0,0
2026-03-12T01:30:25.420804,0,0,0,0
2026-03-12T01:30:26.427776,0,0,0,0
2026-03-12T01:30:27.433749,0,0,0,0
2026-03-12T01:30:28.440723,0,0,0,0
2026-03-12T01:30:29.446711,0,0,0,0
2026-03-12T01:30:30.454677,0,0,0,0
2026-03-12T01:30:31.460687,0,0,0,0
2026-03-12T01:30:32.467659,0,0,0,0
2026-03-12T01:30:33.474648,0,0,0,0
2026-03-12T01:30:34.478606,0,0,0,0
2026-03-12T01:30:35.487591,0,0,0,0
2026-03-12T01:30:36.493581,0,0,0,0
2026-03-12T01:30:37.500549,0,0,0,0
2026-03-12T01:30:38.505787,0,0,0,0
2026-03-12T01:30:39.514456,0,0,0,0
2026-03-12T01:30:40.520425,0,0,0,0
2026-03-12T01:30:41.527383,0,0,0,0
2026-03-12T01:30:42.533539,0,0,0,0
2026-03-12T01:30:43.540343,0,0,0,0
2026-03-12T01:30:44.547301,0,0,0,0
2026-03-12T01:30:45.553446,0,0,0,0
2026-03-12T01:30:46.561383,0,0,0,0
2026-03-12T01:30:47.567234,0,0,0,0
2026-03-12T01:30:48.573387,0,0,0,0
2026-03-12T01:30:49.581355,0,0,0,0
2026-03-12T01:30:50.587084,0,0,0,0
2026-03-12T01:30:51.593305,0,0,0,0
2026-03-12T01:30:52.600127,0,0,0,0
2026-03-12T01:30:53.607128,0,0,0,0
2026-03-12T01:30:54.613111,0,0,0,0
2026-03-12T01:30:55.621077,0,0,0,0
2026-03-12T01:30:56.627051,0,0,0,0
2026-03-12T01:30:57.634031,0,0,0,0
2026-03-12T01:30:58.640963,0,0,0,0
2026-03-12T01:30:59.646974,0,0,0,0
2026-03-12T01:31:00.653927,0,0,0,0
2026-03-12T01:31:01.659890,0,0,0,0
2026-03-12T01:31:02.666897,0,0,0,0
2026-03-12T01:31:03.673861,0,0,0,0
2026-03-12T01:31:04.680823,0,0,0,0
2026-03-12T01:31:05.687787,0,0,0,0
2026-03-12T01:31:06.693772,0,0,0,0
2026-03-12T01:31:07.700742,0,0,0,0
2026-03-12T01:31:08.706712,0,0,0,0
2026-03-12T01:31:09.713711,0,0,0,0
2026-03-12T01:31:10.719646,0,0,0,0
2026-03-12T01:31:11.727623,0,0,0,0
2026-03-12T01:31:12.732611,0,0,0,0
2026-03-12T01:31:13.740589,0,0,0,0
2026-03-12T01:31:14.747563,0,0,0,0
2026-03-12T01:31:15.753606,0,0,0,0
2026-03-12T01:31:16.760523,0,0,0,0
2026-03-12T01:31:17.766497,0,0,0,0
2026-03-12T01:31:18.774474,0,0,0,0
2026-03-12T01:31:19.780448,0,0,0,0
2026-03-12T01:31:20.787422,0,0,0,0
2026-03-12T01:31:21.794399,0,0,0,0
2026-03-12T01:31:22.800374,0,0,0,0
2026-03-12T01:31:23.807336,0,0,0,0
2026-03-12T01:31:24.813429,0,0,0,0
2026-03-12T01:31:25.820288,0,0,0,0
2026-03-12T01:31:26.826272,0,0,0,0
2026-03-12T01:31:27.834250,0,0,0,0
2026-03-12T01:31:28.839206,0,0,0,0
2026-03-12T01:31:29.846185,0,0,0,0
2026-03-12T01:31:30.854168,0,0,0,0
2026-03-12T01:31:31.859128,0,0,0,0
2026-03-12T01:31:32.867159,0,0,0,0
2026-03-12T01:31:33.873096,0,0,0,0
2026-03-12T01:31:34.881098,0,0,0,0
2026-03-12T01:31:35.886039,0,0,0,0
2026-03-12T01:31:36.894053,0,0,0,0
2026-03-12T01:31:37.900028,0,0,0,0
2026-03-12T01:31:38.906994,0,0,0,0
2026-03-12T01:31:39.913942,0,0,0,0
2026-03-12T01:31:40.919912,0,0,0,0
2026-03-12T01:31:41.926884,0,0,0,0
2026-03-12T01:31:42.933870,0,0,0,0
2026-03-12T01:31:43.940849,0,0,0,0
2026-03-12T01:31:44.946807,0,0,0,0
2026-03-12T01:31:45.953767,0,0,0,0
2026-03-12T01:31:46.960762,0,0,0,0
2026-03-12T01:31:47.965789,0,0,0,0
2026-03-12T01:31:48.973717,0,0,0,0
2026-03-12T01:31:49.979666,0,0,0,0
2026-03-12T01:31:50.987645,0,0,0,0
2026-03-12T01:31:51.993696,0,0,0,0
2026-03-12T01:31:53.000652,0,0,0,0
2026-03-12T01:31:54.007627,0,0,0,0
2026-03-12T01:31:55.013605,0,0,0,0
2026-03-12T01:31:56.020569,0,0,0,0
2026-03-12T01:31:57.026528,0,0,0,0
2026-03-12T01:31:58.032479,0,0,0,0
2026-03-12T01:31:59.038451,0,0,0,0
2026-03-12T01:32:00.047437,0,0,0,0
2026-03-12T01:32:01.053494,0,0,0,0
2026-03-12T01:32:02.059378,0,0,0,0
2026-03-12T01:32:03.067392,0,0,0,0
2026-03-12T01:32:04.072329,0,0,0,0
2026-03-12T01:32:05.079310,0,0,0,0
2026-03-12T01:32:06.086286,0,0,0,0
2026-03-12T01:32:07.094254,0,0,0,0
2026-03-12T01:32:08.100222,0,0,0,0
2026-03-12T01:32:09.106238,0,0,0,0
2026-03-12T01:32:10.114192,0,0,0,0
2026-03-12T01:32:11.120173,0,0,0,0
2026-03-12T01:32:12.127149,0,0,0,0
2026-03-12T01:32:13.133109,0,0,0,0
2026-03-12T01:32:14.140110,0,0,0,0
2026-03-12T01:32:15.147079,0,0,0,0
2026-03-12T01:32:16.154141,0,0,0,0
2026-03-12T01:32:17.160045,0,0,0,0
2026-03-12T01:32:18.167002,0,0,0,0
2026-03-12T01:32:19.173983,0,0,0,0
2026-03-12T01:32:20.179948,0,0,0,0
2026-03-12T01:32:21.185937,0,0,0,0
2026-03-12T01:32:22.191902,0,0,0,0
2026-03-12T01:32:23.200863,0,0,0,0
2026-03-12T01:32:24.206847,0,0,0,0
2026-03-12T01:32:25.213827,0,0,0,0
2026-03-12T01:32:26.220805,0,0,0,0
2026-03-12T01:32:27.226788,0,0,0,0
2026-03-12T01:32:28.233829,0,0,0,0
2026-03-12T01:32:29.239727,0,0,0,0
2026-03-12T01:32:30.246693,0,0,0,0
2026-03-12T01:32:31.253703,0,0,0,0
2026-03-12T01:32:32.259649,0,0,0,0
2026-03-12T01:32:33.265654,0,0,0,0
2026-03-12T01:32:34.273730,0,0,0,0
2026-03-12T01:32:35.279600,0,0,0,0
2026-03-12T01:32:36.285637,0,0,0,0
2026-03-12T01:32:37.293640,0,0,0,0
2026-03-12T01:32:38.299565,0,0,0,0
2026-03-12T01:32:39.307480,0,0,0,0
2026-03-12T01:32:40.313576,0,0,0,0
2026-03-12T01:32:41.320469,0,0,0,0
2026-03-12T01:32:42.327420,0,0,0,0
2026-03-12T01:32:43.333518,0,0,0,0
2026-03-12T01:32:44.340387,0,0,0,0
2026-03-12T01:32:45.346348,0,0,0,0
2026-03-12T01:32:46.353413,0,0,0,0
2026-03-12T01:32:47.360315,0,0,0,0
2026-03-12T01:32:48.367298,0,0,0,0
2026-03-12T01:32:49.373327,0,0,0,0
2026-03-12T01:32:50.380217,0,0,0,0
2026-03-12T01:32:51.387183,0,0,0,0
2026-03-12T01:32:52.393238,0,0,0,0
2026-03-12T01:32:53.400124,0,0,0,0
2026-03-12T01:32:54.406089,0,0,0,0
2026-03-12T01:32:55.414091,0,0,0,0
2026-03-12T01:32:56.420044,0,0,0,0
2026-03-12T01:32:57.427010,0,0,0,0
2026-03-12T01:32:58.433995,0,0,0,0
2026-03-12T01:32:59.439970,0,0,0,0
2026-03-12T01:33:00.445960,0,0,0,0
2026-03-12T01:33:01.452974,0,0,0,0
2026-03-12T01:33:02.459922,0,0,0,0
2026-03-12T01:33:03.464904,0,0,0,0
2026-03-12T01:33:04.472838,0,0,0,0
2026-03-12T01:33:05.479855,0,0,0,0
2026-03-12T01:33:06.486826,0,0,0,0
2026-03-12T01:33:07.492830,0,0,0,0
2026-03-12T01:33:08.499780,0,0,0,0
2026-03-12T01:33:09.506730,0,0,0,0
2026-03-12T01:33:10.512696,0,0,0,0
2026-03-12T01:33:11.520670,0,0,0,0
2026-03-12T01:33:12.525691,0,0,0,0
2026-03-12T01:33:13.532641,0,0,0,0
2026-03-12T01:33:14.540605,0,0,0,0
2026-03-12T01:33:15.546744,0,0,0,0
2026-03-12T01:33:16.553630,0,0,0,0
2026-03-12T01:33:17.559566,0,0,0,0
2026-03-12T01:33:18.566553,0,0,0,0
2026-03-12T01:33:19.572562,0,0,194.882026,0
2026-03-12T01:33:20.580481,0,0,0,0
2026-03-12T01:33:21.586454,0,0,0,0
2026-03-12T01:33:22.593509,0,0,0,0
2026-03-12T01:33:23.600413,0,0,0,0
2026-03-12T01:33:24.605535,0,0,0,0
2026-03-12T01:33:25.613432,0,0,0,0
2026-03-12T01:33:26.619304,0,0,0,0
2026-03-12T01:33:27.626318,0,0,0,0
2026-03-12T01:33:28.633422,0,0,0,0
2026-03-12T01:33:29.640254,0,0,0,0
2026-03-12T01:33:30.647230,0,0,0,0
2026-03-12T01:33:31.653271,0,0,0,0
2026-03-12T01:33:32.659141,0,0,0,0
2026-03-12T01:33:33.666127,0,0,0,0
2026-03-12T01:33:34.673212,0,0,0,0
2026-03-12T01:33:35.680074,0,0,0,0
2026-03-12T01:33:36.686103,0,0,0,0
2026-03-12T01:33:37.693074,0,0,0,0
2026-03-12T01:33:38.700021,0,0,0,0
2026-03-12T01:33:39.707015,0,0,0,0
2026-03-12T01:33:40.712984,0,0,0,0
2026-03-12T01:33:41.719966,0,0,0,0
2026-03-12T01:33:42.725949,0,0,0,0
2026-03-12T01:33:43.733916,0,0,0,0
2026-03-12T01:33:44.739852,0,0,0,0
2026-03-12T01:33:45.746846,0,0,0,0
2026-03-12T01:33:46.753818,0,0,0,0
2026-03-12T01:33:47.758822,0,0,0,0
2026-03-12T01:33:48.766773,0,0,0,0
2026-03-12T01:33:49.771760,0,0,0,0
2026-03-12T01:33:50.779702,0,0,0,0
2026-03-12T01:33:51.785716,0,0,0,0
2026-03-12T01:33:52.792678,0,0,0,0
2026-03-12T01:33:53.799666,0,0,0,0
2026-03-12T01:33:54.806661,0,0,0,0
2026-03-12T01:33:55.812616,0,0,0,0
2026-03-12T01:33:56.819543,0,0,0,0
2026-03-12T01:33:57.826574,0,0,0,0
2026-03-12T01:33:58.832530,0,0,0,0
2026-03-12T01:33:59.840511,0,0,0,0
2026-03-12T01:34:00.846342,0,0,0,0
2026-03-12T01:34:01.853539,0,0,0,0
2026-03-12T01:34:02.859393,0,0,0,0
2026-03-12T01:34:03.866428,0,0,0,0
2026-03-12T01:34:04.872338,0,0,0,0
2026-03-12T01:34:05.879321,0,0,0,0
2026-03-12T01:34:06.885397,0,0,0,0
2026-03-12T01:34:07.893363,0,0,0,0
2026-03-12T01:34:08.900236,0,0,0,0
2026-03-12T01:34:09.905345,0,0,0,0
2026-03-12T01:34:10.913291,0,0,0,0
2026-03-12T01:34:11.919184,0,0,0,0
2026-03-12T01:34:12.926141,0,0,0,0
2026-03-12T01:34:13.933126,0,0,0,0
2026-03-12T01:34:14.939221,0,0,0,0
2026-03-12T01:34:15.946095,0,0,0,0
2026-03-12T01:34:16.953055,0,0,0,0
2026-03-12T01:34:17.959061,0,0,0,0
2026-03-12T01:34:18.967024,0,0,0,0
2026-03-12T01:34:19.971970,0,0,0,0
2026-03-12T01:34:20.979950,0,0,0,0
2026-03-12T01:34:21.985968,0,0,0,0
2026-03-12T01:34:22.992927,0,0,0,0
2026-03-12T01:34:23.999901,0,0,0,0
2026-03-12T01:34:25.006847,0,0,0,0
2026-03-12T01:34:26.012846,0,0,0,0
2026-03-12T01:34:27.019820,0,0,0,0
2026-03-12T01:34:28.026776,0,0,0,0
2026-03-12T01:34:29.032746,0,0,0,0
2026-03-12T01:34:30.039719,0,0,0,0
2026-03-12T01:34:31.045751,0,0,0,0
2026-03-12T01:34:32.053716,0,0,0,0
2026-03-12T01:34:33.059675,0,0,0,0
2026-03-12T01:34:34.066655,0,0,0,0
2026-03-12T01:34:35.073644,0,0,0,0
2026-03-12T01:34:36.079608,0,0,0,0
2026-03-12T01:34:37.085817,0,0,0,0
2026-03-12T01:34:38.092520,0,0,0,0
2026-03-12T01:34:39.099498,0,0,0,0
2026-03-12T01:34:40.105562,0,0,0,0
2026-03-12T01:34:41.113546,0,0,0,0
2026-03-12T01:34:42.119415,0,0,0,0
2026-03-12T01:34:43.126390,0,0,0,0
2026-03-12T01:34:44.133337,0,0,0,0
2026-03-12T01:34:45.139345,0,0,0,0
2026-03-12T01:34:46.146333,0,0,0,0
2026-03-12T01:34:47.152332,0,0,0,0
2026-03-12T01:34:48.160302,0,0,0,0
2026-03-12T01:34:49.166275,0,0,0,0
2026-03-12T01:34:50.173288,0,0,0,0
2026-03-12T01:34:51.180099,0,0,0,0
2026-03-12T01:34:52.186211,0,0,0,0
2026-03-12T01:34:53.193328,0,0,0,0
2026-03-12T01:34:54.198112,0,0,0,0
2026-03-12T01:34:55.206117,0,0,0,0
2026-03-12T01:34:56.213108,0,0,0,0
2026-03-12T01:34:57.220081,0,0,0,0
2026-03-12T01:34:58.226060,0,0,0,0
2026-03-12T01:34:59.233036,0,0,0,0
2026-03-12T01:35:00.240001,0,0,0,0
2026-03-12T01:35:01.245964,0,0,0,0
2026-03-12T01:35:11.111226,0,0,0,0
2026-03-12T01:35:13.593637,0,0,0,0
2026-03-12T01:35:14.600600,0,0,0,0
2026-03-12T01:35:15.606583,0,0,0,0
2026-03-12T01:35:16.613617,0,0,0,0
2026-03-12T01:35:17.618497,0,0,0,0
2026-03-12T01:35:18.627472,0,0,0,0
2026-03-12T01:35:19.632443,0,0,0,0
2026-03-12T01:35:20.640416,0,0,0,0
2026-03-12T01:35:21.646435,0,0,0,0
2026-03-12T01:35:22.653503,0,0,0,0
2026-03-12T01:35:23.660329,0,0,0,0
2026-03-12T01:35:24.666313,0,0,0,0
2026-03-12T01:35:25.673407,0,0,0,0
2026-03-12T01:35:26.680253,0,0,0,0
2026-03-12T01:35:27.687239,0,0,0,0
2026-03-12T01:35:28.693331,0,0,0,0
2026-03-12T01:35:29.700179,0,0,0,0
2026-03-12T01:35:30.707175,0,0,0,0
2026-03-12T01:35:31.713126,0,0,0,0
2026-03-12T01:35:32.720107,0,0,201.056208,0
2026-03-12T01:35:33.726103,0,0,0,0
2026-03-12T01:35:34.732033,0,0,0,0
2026-03-12T01:35:35.740039,0,0,0,0
2026-03-12T01:35:36.747001,0,0,0,0
2026-03-12T01:35:37.753985,0,0,0,0
2026-03-12T01:35:38.759964,0,0,0,0
2026-03-12T01:35:39.766935,0,0,0,0
2026-03-12T01:35:40.772922,0,0,0,0
2026-03-12T01:35:41.779905,0,0,0,0
2026-03-12T01:35:42.786870,0,0,0,0
2026-03-12T01:35:43.793836,0,0,0,0
2026-03-12T01:35:44.799805,0,0,0,0
2026-03-12T01:35:45.806788,0,0,0,0
2026-03-12T01:35:46.813771,0,0,0,0
2026-03-12T01:35:47.819722,0,0,0,0
2026-03-12T01:35:48.826698,0,0,0,0
2026-03-12T01:35:49.832674,0,0,0,0
2026-03-12T01:35:50.840659,0,0,0,0
2026-03-12T01:35:51.846646,0,0,0,0
2026-03-12T01:35:52.853617,0,0,0,0
2026-03-12T01:35:53.860572,0,0,0,0
2026-03-12T01:35:54.866576,0,0,0,0
2026-03-12T01:35:55.873620,0,0,0,0
2026-03-12T01:35:56.879559,0,0,0,0
2026-03-12T01:35:57.886534,0,0,0,0
2026-03-12T01:35:58.893556,0,0,0,0
2026-03-12T01:35:59.900438,0,0,0,0
2026-03-12T01:36:00.904433,0,0,0,0
2026-03-12T01:36:01.913500,0,0,0,0
2026-03-12T01:36:02.920390,0,0,0,0
2026-03-12T01:36:03.926384,0,0,0,0
2026-03-12T01:36:04.933420,0,0,0,0
2026-03-12T01:36:05.939321,0,0,0,0
2026-03-12T01:36:06.947308,0,0,0,0
2026-03-12T01:36:07.953354,0,0,0,0
2026-03-12T01:36:18.209671,0,0,0,0
2026-03-12T01:36:20.690922,0,0,0,0
2026-03-12T01:36:21.698936,0,0,0,0
2026-03-12T01:36:22.704930,0,0,0,0
2026-03-12T01:36:23.711903,0,0,0,0
2026-03-12T01:36:24.717793,0,0,0,0
2026-03-12T01:36:25.725857,0,0,0,0
2026-03-12T01:36:26.731789,0,0,0,0
2026-03-12T01:36:27.736777,0,0,0,0
2026-03-12T01:36:28.745747,0,0,0,0
2026-03-12T01:36:29.751749,0,0,0,0
2026-03-12T01:36:30.758712,0,0,0,0
2026-03-12T01:36:31.763687,0,0,0,0
2026-03-12T01:36:32.771626,0,0,0,0
2026-03-12T01:36:33.778606,0,0,0,0
2026-03-12T01:36:34.785638,0,0,0,0
2026-03-12T01:36:35.791523,0,0,0,0
2026-03-12T01:36:36.798520,0,0,0,0
2026-03-12T01:36:37.805585,0,0,0,0
2026-03-12T01:36:38.810504,0,0,0,0
2026-03-12T01:36:39.818373,0,0,0,0
2026-03-12T01:36:40.824408,0,0,0,0
2026-03-12T01:36:41.831365,0,0,0,0
2026-03-12T01:36:42.838376,0,0,0,0
2026-03-12T01:36:43.845454,0,0,0,0
2026-03-12T01:36:44.852354,0,0,0,0
2026-03-12T01:36:45.858349,0,0,0,0
2026-03-12T01:36:46.864383,0,0,0,0
2026-03-12T01:36:47.871292,0,0,0,0
2026-03-12T01:36:48.878253,0,0,0,0
2026-03-12T01:36:49.885334,0,0,0,0
2026-03-12T01:36:50.892213,0,0,0,0
2026-03-12T01:36:51.898188,0,0,0,0
2026-03-12T01:36:52.905260,0,0,0,0
2026-03-12T01:36:53.912138,0,0,0,0
2026-03-12T01:36:54.917089,0,0,0,0
2026-03-12T01:36:55.925088,0,0,0,0
2026-03-12T01:36:56.931063,0,0,0,0
2026-03-12T01:36:57.938999,0,0,0,0
2026-03-12T01:36:58.942949,0,0,0,0
2026-03-12T01:36:59.951933,0,0,0,0
2026-03-12T01:37:00.958935,0,0,0,0
2026-03-12T01:37:01.964916,0,0,0,0
2026-03-12T01:37:02.971901,0,0,0,0
2026-03-12T01:37:03.977891,0,0,0,0
2026-03-12T01:37:04.984868,0,0,0,0
2026-03-12T01:37:05.991840,0,0,0,0
2026-03-12T01:37:06.998816,0,0,0,0
2026-03-12T01:37:08.004760,0,0,0,0
2026-03-12T01:37:09.011767,0,0,0,0
2026-03-12T01:37:10.018745,0,0,0,0
2026-03-12T01:37:11.024723,0,0,0,0
2026-03-12T01:37:12.031696,0,0,0,0
2026-03-12T01:37:13.037662,0,0,0,0
2026-03-12T01:37:14.045617,0,0,0,0
2026-03-12T01:37:15.051614,0,0,0,0
2026-03-12T01:37:16.058571,0,0,0,0
2026-03-12T01:37:17.065604,0,0,0,0
2026-03-12T01:37:18.071538,0,0,0,0
2026-03-12T01:37:19.078503,0,0,0,0
2026-03-12T01:37:20.084456,0,0,0,0
2026-03-12T01:37:21.091463,0,0,0,0
2026-03-12T01:37:22.098446,0,0,0,0
2026-03-12T01:37:23.105498,0,0,0,0
2026-03-12T01:37:24.110351,0,0,0,0
2026-03-12T01:37:25.117454,0,0,0,0
2026-03-12T01:37:26.125415,0,0,0,0
2026-03-12T01:37:27.130275,0,0,0,0
2026-03-12T01:37:28.138251,0,0,0,0
2026-03-12T01:37:29.144256,0,0,0,0
2026-03-12T01:37:30.152238,0,0,0,0
2026-03-12T01:37:31.157319,0,0,0,0
2026-03-12T01:37:32.165259,0,0,0,0
2026-03-12T01:37:33.172128,0,0,0,0
2026-03-12T01:37:34.178149,0,0,0,0
2026-03-12T01:37:35.185102,0,0,0,0
2026-03-12T01:37:36.191041,0,0,0,0
2026-03-12T01:37:37.198029,0,0,0,0
2026-03-12T01:37:38.204997,0,0,0,0
2026-03-12T01:37:39.211963,0,0,0,0
2026-03-12T01:37:40.216941,0,0,0,0
2026-03-12T01:37:41.224917,0,0,0,0
2026-03-12T01:37:42.231896,0,0,0,0
2026-03-12T01:37:43.237871,0,0,0,0
2026-03-12T01:37:44.244843,0,0,0,0
2026-03-12T01:37:45.249821,0,0,0,0
2026-03-12T01:37:46.258781,0,0,0,0
2026-03-12T01:37:47.263771,0,0,0,0
2026-03-12T01:37:48.271745,0,0,0,0
2026-03-12T01:37:49.278699,0,0,0,0
2026-03-12T01:37:50.284728,0,0,0,0
2026-03-12T01:37:51.291657,0,0,0,0
2026-03-12T01:37:52.297688,0,0,0,0
2026-03-12T01:37:53.304662,0,0,0,0
2026-03-12T01:37:54.310634,0,0,0,0
2026-03-12T01:37:55.318623,0,0,0,0
2026-03-12T01:37:56.323585,0,0,0,0
2026-03-12T01:37:57.331523,0,0,0,0
2026-03-12T01:37:58.338544,0,0,0,0
2026-03-12T01:37:59.344512,0,0,0,0
2026-03-12T01:38:00.351499,0,0,0,0
2026-03-12T01:38:01.356436,0,0,0,0
2026-03-12T01:38:02.364433,0,0,0,0
2026-03-12T01:38:03.370417,0,0,0,0
2026-03-12T01:38:04.378356,0,0,0,0
2026-03-12T01:38:05.385418,0,0,0,0
2026-03-12T01:38:06.390301,0,0,0,0
2026-03-12T01:38:07.398267,0,0,0,0
2026-03-12T01:38:08.404239,0,0,0,0
2026-03-12T01:38:09.411207,0,0,0,0
2026-03-12T01:38:10.417280,0,0,0,0
2026-03-12T01:38:11.425265,0,0,0,0
2026-03-12T01:38:12.431143,0,0,0,0
2026-03-12T01:38:13.438098,0,0,0,0
2026-03-12T01:38:14.445092,0,0,0,0
2026-03-12T01:38:15.450060,0,0,0,0
2026-03-12T01:38:16.457040,0,0,0,0
2026-03-12T01:38:17.463025,0,0,0,0
2026-03-12T01:38:18.470988,0,0,0,0
2026-03-12T01:38:19.477977,0,0,0,0
2026-03-12T01:38:20.484949,0,0,0,0
2026-03-12T01:38:21.491795,0,0,0,0
2026-03-12T01:38:22.497883,0,0,0,0
2026-03-12T01:38:23.503862,0,0,0,0
2026-03-12T01:38:24.510840,0,0,0,0
2026-03-12T01:38:25.517823,0,0,0,0
2026-03-12T01:38:26.524780,0,0,0,0
2026-03-12T01:38:27.531777,0,0,0,0
2026-03-12T01:38:28.537753,0,0,0,0
2026-03-12T01:38:29.544714,0,0,0,0
2026-03-12T01:38:30.551685,0,0,0,0
2026-03-12T01:38:31.557684,0,0,0,0
2026-03-12T01:38:32.564605,0,0,0,0
2026-03-12T01:38:33.569596,0,0,0,0
2026-03-12T01:38:34.578457,0,0,0,0
2026-03-12T01:38:35.583539,0,0,0,0
2026-03-12T01:38:36.591524,0,0,0,0
2026-03-12T01:38:37.598513,0,0,0,0
2026-03-12T01:38:38.603520,0,0,0,0
2026-03-12T01:38:39.611495,0,0,0,0
2026-03-12T01:38:40.617565,0,0,0,0
2026-03-12T01:38:41.624444,0,0,0,0
2026-03-12T01:38:42.631431,0,0,0,0
2026-03-12T01:38:43.637469,0,0,0,0
2026-03-12T01:38:44.644378,0,0,0,0
2026-03-12T01:38:45.651352,0,0,0,0
2026-03-12T01:38:46.657398,0,0,0,0
2026-03-12T01:38:47.663301,0,0,0,0
2026-03-12T01:38:48.670281,0,0,0,0
2026-03-12T01:38:49.677325,0,0,0,0
2026-03-12T01:38:50.685324,0,0,0,0
2026-03-12T01:38:51.691199,0,0,0,0
2026-03-12T01:38:52.697233,0,0,0,0
2026-03-12T01:38:53.705121,0,0,0,0
2026-03-12T01:38:54.711129,0,0,0,0
2026-03-12T01:38:55.718117,0,0,0,0
2026-03-12T01:38:56.723071,0,0,0,0
2026-03-12T01:38:57.730031,0,0,0,0
2026-03-12T01:38:58.738038,0,0,0,0
2026-03-12T01:38:59.745018,0,0,0,0
2026-03-12T01:39:00.750973,0,0,0,0
2026-03-12T01:39:01.757965,0,0,0,0
2026-03-12T01:39:02.764931,0,0,0,0
2026-03-12T01:39:03.769907,0,0,0,0
2026-03-12T01:39:04.776886,0,0,0,0
2026-03-12T01:39:05.782854,0,0,0,0
2026-03-12T01:39:06.791815,0,0,0,0
2026-03-12T01:39:07.796786,0,0,0,0
2026-03-12T01:39:08.803782,0,0,0,0
2026-03-12T01:39:09.811753,0,0,0,0
2026-03-12T01:39:10.816690,0,0,0,0
2026-03-12T01:39:11.824704,0,0,0,0
2026-03-12T01:39:12.830640,0,0,0,0
2026-03-12T01:39:13.837660,0,0,0,0
2026-03-12T01:39:14.843572,0,0,0,0
2026-03-12T01:39:15.851586,0,0,0,0
2026-03-12T01:39:16.856571,0,0,0,0
2026-03-12T01:39:17.864561,0,0,0,0
2026-03-12T01:39:18.871506,0,0,0,0
2026-03-12T01:39:19.876498,0,0,0,0
2026-03-12T01:39:20.884486,0,0,0,0
2026-03-12T01:39:21.890465,0,0,0,0
2026-03-12T01:39:22.898435,0,0,0,0
2026-03-12T01:39:23.904415,0,0,0,0
2026-03-12T01:39:24.911337,0,0,0,0
2026-03-12T01:39:25.918226,0,0,0,0
2026-03-12T01:39:26.924301,0,0,0,0
2026-03-12T01:39:27.930309,0,0,0,0
2026-03-12T01:39:28.936288,0,0,0,0
2026-03-12T01:39:29.944259,0,0,0,0
2026-03-12T01:39:30.951193,0,0,0,0
2026-03-12T01:39:41.065783,0,0,0,0
2026-03-12T01:39:43.546920,0,0,0,0
2026-03-12T01:39:44.554913,0,0,0,0
2026-03-12T01:39:45.560890,0,0,0,0
2026-03-12T01:39:46.567871,0,0,0,0
2026-03-12T01:39:47.573836,0,0,0,0
2026-03-12T01:39:48.580825,0,0,0,0
2026-03-12T01:39:49.587786,0,0,0,0
2026-03-12T01:39:50.594761,0,0,0,0
2026-03-12T01:39:51.601747,0,0,0,0
2026-03-12T01:39:52.607719,0,0,0,0
2026-03-12T01:39:53.614643,0,0,0,0
2026-03-12T01:39:54.620606,0,0,0,0
2026-03-12T01:39:55.627603,0,0,0,0
2026-03-12T01:39:56.634595,0,0,0,0
2026-03-12T01:39:57.641737,0,0,0,0
2026-03-12T01:39:58.647538,0,0,0,0
2026-03-12T01:39:59.654502,0,0,0,0
2026-03-12T01:40:00.661573,0,0,0,0
2026-03-12T01:40:01.667469,0,0,0,0
2026-03-12T01:40:02.674397,0,0,0,0
2026-03-12T01:40:13.215603,0,0,0,0
2026-03-12T01:40:15.698115,0,0,0,0
2026-03-12T01:40:16.705087,0,0,0,0
2026-03-12T01:40:17.710986,0,0,0,0
2026-03-12T01:40:18.718019,0,0,0,0
2026-03-12T01:40:19.723983,0,0,0,0
2026-03-12T01:40:20.731956,0,0,0,0
2026-03-12T01:40:21.737950,0,0,0,0
2026-03-12T01:40:22.744890,0,0,0,0
2026-03-12T01:40:23.751881,0,0,0,0
2026-03-12T01:40:24.757870,0,0,0,0
2026-03-12T01:40:25.764859,0,0,0,0
2026-03-12T01:40:26.770843,0,0,0,0
2026-03-12T01:40:27.777822,0,0,0,0
2026-03-12T01:40:28.784765,0,0,0,0
2026-03-12T01:40:29.791754,0,0,0,0
2026-03-12T01:40:30.797691,0,0,0,0
2026-03-12T01:40:31.804700,0,0,0,0
2026-03-12T01:40:32.811650,0,0,0,0
2026-03-12T01:40:33.817674,0,0,0,0
2026-03-12T01:40:34.824613,0,0,0,0
2026-03-12T01:40:35.830581,0,0,0,0
2026-03-12T01:40:36.838560,0,0,0,0
2026-03-12T01:40:37.844540,0,0,0,0
2026-03-12T01:40:38.851498,0,0,0,0
2026-03-12T01:40:39.858500,0,0,0,0
2026-03-12T01:40:40.864461,0,0,0,0
2026-03-12T01:40:41.871423,0,0,0,0
2026-03-12T01:40:42.877483,0,0,0,0
2026-03-12T01:40:43.884345,0,0,0,0
2026-03-12T01:40:44.891349,0,0,0,0
2026-03-12T01:40:45.898395,0,0,0,0
2026-03-12T01:40:46.904309,0,0,0,0
2026-03-12T01:40:47.911291,0,0,0,0
2026-03-12T01:40:48.918273,0,0,0,0
2026-03-12T01:40:49.923240,0,0,0,0
2026-03-12T01:40:50.931214,0,0,0,0
2026-03-12T01:40:51.937292,0,0,0,0
2026-03-12T01:40:52.945251,0,0,0,0
2026-03-12T01:40:53.951135,0,0,0,0
2026-03-12T01:40:54.958089,0,0,0,0
2026-03-12T01:40:55.965083,0,0,0,0
2026-03-12T01:40:56.971077,0,0,0,0
2026-03-12T01:40:57.978046,0,0,0,0
2026-03-12T01:40:58.984012,0,0,0,0
2026-03-12T01:40:59.990998,0,0,0,0
2026-03-12T01:41:00.997954,0,0,0,0
2026-03-12T01:41:02.004958,0,0,0,0
2026-03-12T01:41:03.010903,0,0,0,0
2026-03-12T01:41:04.017937,0,0,0,0
2026-03-12T01:41:05.024866,0,0,0,0
2026-03-12T01:41:06.030846,0,0,0,0
2026-03-12T01:41:07.037839,0,0,0,0
2026-03-12T01:41:08.043779,0,0,0,0
2026-03-12T01:41:09.050744,0,0,0,0
2026-03-12T01:41:10.057759,0,0,0,0
2026-03-12T01:41:11.064708,0,0,0,0
2026-03-12T01:41:12.071707,0,0,0,0
2026-03-12T01:41:13.077681,0,0,0,0
2026-03-12T01:41:14.084644,0,0,0,0
2026-03-12T01:41:15.090605,0,0,0,0
2026-03-12T01:41:16.097596,0,0,0,0
2026-03-12T01:41:17.103574,0,0,0,0
2026-03-12T01:41:18.111551,0,0,0,0
2026-03-12T01:41:19.117582,0,0,0,0
2026-03-12T01:41:20.124501,0,0,0,0
2026-03-12T01:41:21.131442,0,0,0,0
2026-03-12T01:41:22.137544,0,0,0,0
2026-03-12T01:41:23.144432,0,0,0,0
2026-03-12T01:41:24.150380,0,0,0,0
2026-03-12T01:41:25.158383,0,0,0,0
2026-03-12T01:41:26.164335,0,0,0,0
2026-03-12T01:41:27.171335,0,0,0,0
2026-03-12T01:41:28.178336,0,0,0,0
2026-03-12T01:41:29.183264,0,0,0,0
2026-03-12T01:41:30.190264,0,0,0,0
2026-03-12T01:41:31.197327,0,0,0,0
2026-03-12T01:41:32.204202,0,0,0,0
2026-03-12T01:41:33.211160,0,0,0,0
2026-03-12T01:41:34.218140,0,0,0,0
2026-03-12T01:41:35.224126,0,0,0,0
2026-03-12T01:41:36.231113,0,0,0,0
2026-03-12T01:41:37.238076,0,0,0,0
2026-03-12T01:41:38.244053,0,0,0,0
2026-03-12T01:41:39.251040,0,0,0,0
2026-03-12T01:41:40.256911,0,0,0,0
2026-03-12T01:41:41.264972,0,0,0,0
2026-03-12T01:41:42.270941,0,0,0,0
2026-03-12T01:41:43.277951,0,0,0,0
2026-03-12T01:41:44.283899,0,0,0,0
2026-03-12T01:41:45.290874,0,0,0,0
2026-03-12T01:41:46.297874,0,0,0,0
2026-03-12T01:41:47.303834,0,0,0,0
2026-03-12T01:41:48.310792,0,0,0,0
2026-03-12T01:41:49.316741,0,0,0,0
2026-03-12T01:41:50.324756,0,0,0,0
2026-03-12T01:41:51.330749,0,0,0,0
2026-03-12T01:41:52.337711,0,0,0,0
2026-03-12T01:41:53.344679,0,0,0,0
2026-03-12T01:41:54.350676,0,0,0,0
2026-03-12T01:41:55.356670,0,0,0,0
2026-03-12T01:41:56.363695,0,0,0,0
2026-03-12T01:41:57.371688,0,0,0,0
2026-03-12T01:41:58.377688,0,0,0,0
2026-03-12T01:41:59.384677,0,0,0,0
2026-03-12T01:42:00.390629,0,0,0,0
2026-03-12T01:42:01.397669,0,0,0,0
2026-03-12T01:42:02.403626,0,0,0,0
2026-03-12T01:42:03.409645,0,0,0,0
2026-03-12T01:42:04.416582,0,0,0,0
2026-03-12T01:42:05.423580,0,0,0,0
2026-03-12T01:42:06.431574,0,0,0,0
2026-03-12T01:42:07.437659,0,0,0,0
2026-03-12T01:42:08.443593,0,0,0,0
2026-03-12T01:42:09.451589,0,0,0,0
2026-03-12T01:42:10.457599,0,0,0,0
2026-03-12T01:42:11.464574,0,0,0,0
2026-03-12T01:42:12.470588,0,0,0,0
2026-03-12T01:42:13.477620,0,0,0,0
2026-03-12T01:42:14.484531,0,0,0,0
2026-03-12T01:42:15.491570,0,0,0,0
2026-03-12T01:42:16.498576,0,0,0,0
2026-03-12T01:42:17.504569,0,0,0,0
2026-03-12T01:42:18.510552,0,0,0,0
2026-03-12T01:42:19.517614,0,0,0,0
2026-03-12T01:42:20.524531,0,0,0,0
2026-03-12T01:42:21.530557,0,0,0,0
2026-03-12T01:42:22.536461,0,0,0,0
2026-03-12T01:42:23.544542,0,0,0,0
2026-03-12T01:42:24.551577,0,0,194.882026,0
2026-03-12T01:42:25.557598,0,0,0,0
2026-03-12T01:42:26.564530,0,0,0,0
2026-03-12T01:42:27.571521,0,0,0,0
2026-03-12T01:42:28.577601,0,0,0,0
2026-03-12T01:42:29.584539,0,0,0,0
2026-03-12T01:42:30.590525,0,0,0,0
2026-03-12T01:42:31.598522,0,0,0,0
2026-03-12T01:42:32.604488,0,0,0,0
2026-03-12T01:42:33.611496,0,0,0,0
2026-03-12T01:42:34.617576,0,0,0,0
2026-03-12T01:42:35.624477,0,0,0,0
2026-03-12T01:42:36.631490,0,0,0,0
2026-03-12T01:42:37.636482,0,0,0,0
2026-03-12T01:42:38.644465,0,0,0,0
2026-03-12T01:42:39.650485,0,0,0,0
2026-03-12T01:42:40.657551,0,0,0,0
2026-03-12T01:42:41.665586,0,0,0,0
2026-03-12T01:42:42.670456,0,0,0,0
2026-03-12T01:42:43.678462,0,0,0,0
2026-03-12T01:42:44.684413,0,0,0,0
2026-03-12T01:42:45.690453,0,0,0,0
2026-03-12T01:42:46.698450,0,0,0,0
2026-03-12T01:42:47.705588,0,0,0,0
2026-03-12T01:42:48.712424,0,0,0,0
2026-03-12T01:42:49.718430,0,0,0,0
2026-03-12T01:42:50.724428,0,0,0,0
2026-03-12T01:42:51.731414,0,0,0,0
2026-03-12T01:42:52.738390,0,0,0,0
2026-03-12T01:42:53.743395,0,0,0,0
2026-03-12T01:42:54.752374,0,0,0,0
2026-03-12T01:42:55.758365,0,0,0,0
2026-03-12T01:42:56.765521,0,0,0,0
2026-03-12T01:42:57.772374,0,0,0,0
2026-03-12T01:42:58.777471,0,0,0,0
2026-03-12T01:42:59.783365,0,0,0,0
2026-03-12T01:43:00.790370,0,0,0,0
2026-03-12T01:43:01.798336,0,0,0,0
2026-03-12T01:43:02.804336,0,0,0,0
2026-03-12T01:43:03.812335,0,0,0,0
2026-03-12T01:43:04.819317,0,0,0,0
2026-03-12T01:43:05.824312,0,0,0,0
2026-03-12T01:43:06.831324,0,0,0,0
2026-03-12T01:43:07.838333,0,0,0,0
2026-03-12T01:43:08.844292,0,0,0,0
2026-03-12T01:43:09.851295,0,0,0,0
2026-03-12T01:43:10.858277,0,0,0,0
2026-03-12T01:43:11.865383,0,0,0,0
2026-03-12T01:43:12.871277,0,0,0,0
2026-03-12T01:43:13.879253,0,0,0,0
2026-03-12T01:43:14.885373,0,0,0,0
2026-03-12T01:43:15.891266,0,0,0,0
2026-03-12T01:43:16.896167,0,0,0,0
2026-03-12T01:43:17.906264,0,0,0,0
2026-03-12T01:43:18.911232,0,0,0,0
2026-03-12T01:43:19.918278,0,0,0,0
2026-03-12T01:43:20.926266,0,0,0,0
2026-03-12T01:43:21.932242,0,0,0,0
2026-03-12T01:43:22.939255,0,0,0,0
2026-03-12T01:43:23.945289,0,0,0,0
2026-03-12T01:43:24.952239,0,0,0,0
2026-03-12T01:43:25.957330,0,0,0,0
2026-03-12T01:43:26.965315,0,0,0,0
2026-03-12T01:43:27.971245,0,0,0,0
2026-03-12T01:43:28.979209,0,0,0,0
2026-03-12T01:43:29.986221,0,0,0,0
2026-03-12T01:43:30.992202,0,0,0,0
2026-03-12T01:43:31.999201,0,0,0,0
2026-03-12T01:43:33.005212,0,0,0,0
2026-03-12T01:43:34.012143,0,0,0,0
2026-03-12T01:43:35.018162,0,0,0,0
2026-03-12T01:43:36.025220,0,0,0,0
2026-03-12T01:43:37.033197,0,0,0,0
2026-03-12T01:43:38.039108,0,0,0,0
2026-03-12T01:43:39.045120,0,0,0,0
2026-03-12T01:43:40.052099,0,0,0,0
2026-03-12T01:43:41.059080,0,0,0,0
2026-03-12T01:43:42.065086,0,0,0,0
2026-03-12T01:43:43.073054,0,0,0,0
2026-03-12T01:43:44.079082,0,0,0,0
2026-03-12T01:43:45.086109,0,0,0,0
2026-03-12T01:43:46.093093,0,0,0,0
2026-03-12T01:43:47.099110,0,0,0,0
2026-03-12T01:43:48.106040,0,0,0,0
2026-03-12T01:43:49.112042,0,0,0,0
2026-03-12T01:43:50.119026,0,0,0,0
2026-03-12T01:43:51.126008,0,0,0,0
2026-03-12T01:43:52.133010,0,0,0,0
2026-03-12T01:43:53.140028,0,0,0,0
2026-03-12T01:43:54.146031,0,0,0,0
2026-03-12T01:43:55.153022,0,0,0,0
2026-03-12T01:43:56.158029,0,0,0,0
2026-03-12T01:43:57.165033,0,0,0,0
2026-03-12T01:43:58.171020,0,0,0,0
2026-03-12T01:43:59.179002,0,0,0,0
2026-03-12T01:44:00.186000,0,0,0,0
2026-03-12T01:44:01.193020,0,0,0,0
2026-03-12T01:44:02.198952,0,0,0,0
2026-03-12T01:44:03.205979,0,0,0,0
2026-03-12T01:44:04.211995,0,0,0,0
2026-03-12T01:44:05.217961,0,0,0,0
2026-03-12T01:44:06.226972,0,0,0,0
2026-03-12T01:44:07.232951,0,0,0,0
2026-03-12T01:44:08.239963,0,0,0,0
2026-03-12T01:44:09.246947,0,0,0,0
2026-03-12T01:44:10.252913,0,0,0,0
2026-03-12T01:44:11.258931,0,0,0,0
2026-03-12T01:44:12.265925,0,0,0,0
2026-03-12T01:44:13.272918,0,0,0,0
2026-03-12T01:44:14.278904,0,0,0,0
2026-03-12T01:44:15.286898,0,0,0,0
2026-03-12T01:44:16.292838,0,0,0,0
2026-03-12T01:44:17.299824,0,0,0,0
2026-03-12T01:44:18.305825,0,0,0,0
2026-03-12T01:44:19.312778,0,0,0,0
2026-03-12T01:44:20.319799,0,0,0,0
2026-03-12T01:44:21.325786,0,0,0,0
2026-03-12T01:44:22.331804,0,0,0,0
2026-03-12T01:44:23.338779,0,0,0,0
2026-03-12T01:44:24.346783,0,0,0,0
2026-03-12T01:44:25.353748,0,0,0,0
2026-03-12T01:44:26.359757,0,0,0,0
2026-03-12T01:44:27.365767,0,0,0,0
2026-03-12T01:44:28.371741,0,0,0,0
2026-03-12T01:44:29.378716,0,0,0,0
2026-03-12T01:44:30.385736,0,0,0,0
2026-03-12T01:44:31.392723,0,0,0,0
2026-03-12T01:44:32.399722,0,0,0,0
2026-03-12T01:44:33.406695,0,0,0,0
2026-03-12T01:44:34.412690,0,0,0,0
2026-03-12T01:44:35.419685,0,0,0,0
2026-03-12T01:44:36.425693,0,0,0,0
2026-03-12T01:44:37.432583,0,0,0,0
2026-03-12T01:44:38.439669,0,0,0,0
2026-03-12T01:44:39.446670,0,0,0,0
2026-03-12T01:44:40.453718,0,0,0,0
2026-03-12T01:44:41.459631,0,0,0,0
2026-03-12T01:44:42.466632,0,0,0,0
2026-03-12T01:44:43.472653,0,0,0,0
2026-03-12T01:44:44.479661,0,0,0,0
2026-03-12T01:44:45.486654,0,0,0,0
2026-03-12T01:44:46.492639,0,0,0,0
2026-03-12T01:44:47.500618,0,0,0,0
2026-03-12T01:44:48.506631,0,0,0,0
2026-03-12T01:44:49.512614,0,0,0,0
2026-03-12T01:44:50.520601,0,0,0,0
2026-03-12T01:44:51.525781,0,0,0,0
2026-03-12T01:44:52.533707,0,0,0,0
2026-03-12T01:44:53.539576,0,0,0,0
2026-03-12T01:44:54.546553,0,0,0,0
2026-03-12T01:44:55.553686,0,0,0,0
2026-03-12T01:44:56.559557,0,0,0,0
2026-03-12T01:44:57.566545,0,0,0,0
2026-03-12T01:44:58.572501,0,0,0,0
2026-03-12T01:44:59.580515,0,0,0,0
2026-03-12T01:45:00.586539,0,0,0,0
2026-03-12T01:45:01.593580,0,0,0,0
2026-03-12T01:45:02.598503,0,0,0,0
2026-03-12T01:45:03.607492,0,0,0,0
2026-03-12T01:45:04.612475,0,0,0,0
2026-03-12T01:45:05.620462,0,0,0,0
2026-03-12T01:45:06.627412,0,0,0,0
2026-03-12T01:45:07.632455,0,0,0,0
2026-03-12T01:45:08.640443,0,0,0,0
2026-03-12T01:45:09.646434,0,0,0,0
2026-03-12T01:45:10.653502,0,0,0,0
2026-03-12T01:45:11.660400,0,0,0,0
2026-03-12T01:45:12.667371,0,0,0,0
2026-03-12T01:45:13.673454,0,0,0,0
2026-03-12T01:45:14.680390,0,0,0,0
2026-03-12T01:45:15.686377,0,0,0,0
2026-03-12T01:45:16.693442,0,0,0,0
2026-03-12T01:45:17.699332,0,0,0,0
2026-03-12T01:45:18.706361,0,0,0,0
2026-03-12T01:45:19.713425,0,0,0,0
2026-03-12T01:45:20.720327,0,0,0,0
2026-03-12T01:45:21.727325,0,0,0,0
2026-03-12T01:45:22.734293,0,0,0,0
2026-03-12T01:45:23.740306,0,0,0,0
2026-03-12T01:45:24.747256,0,0,0,0
2026-03-12T01:45:25.753363,0,0,0,0
2026-03-12T01:45:26.760241,0,0,0,0
2026-03-12T01:45:27.766269,0,0,0,0
2026-03-12T01:45:28.774211,0,0,0,0
2026-03-12T01:45:29.781326,0,0,0,0
2026-03-12T01:45:30.786222,0,0,0,0
2026-03-12T01:45:31.794233,0,0,0,0
2026-03-12T01:45:32.799208,0,0,0,0
2026-03-12T01:45:33.806213,0,0,0,0
2026-03-12T01:45:34.813287,0,0,0,0
2026-03-12T01:45:35.821218,0,0,0,0
2026-03-12T01:45:36.826174,0,0,0,0
2026-03-12T01:45:37.834177,0,0,0,0
2026-03-12T01:45:38.841251,0,0,0,0
2026-03-12T01:45:39.847144,0,0,0,0
2026-03-12T01:45:40.853229,0,0,0,0
2026-03-12T01:45:41.860118,0,0,0,0
2026-03-12T01:45:42.866092,0,0,0,0
2026-03-12T01:45:43.874092,0,0,0,0
2026-03-12T01:45:44.880090,0,0,0,0
2026-03-12T01:45:45.887067,0,0,0,0
2026-03-12T01:45:46.893060,0,0,0,0
2026-03-12T01:45:47.901061,0,0,0,0
2026-03-12T01:45:48.907056,0,0,0,0
2026-03-12T01:45:49.914004,0,0,0,0
2026-03-12T01:45:50.920032,0,0,0,0
2026-03-12T01:45:51.928006,0,0,0,0
2026-03-12T01:45:52.932985,0,0,0,0
2026-03-12T01:45:53.941000,0,0,0,0
2026-03-12T01:45:54.946990,0,0,0,0
2026-03-12T01:45:55.953988,0,0,0,0
2026-03-12T01:45:56.960973,0,0,0,0
2026-03-12T01:45:57.966954,0,0,0,0
2026-03-12T01:45:58.973954,0,0,0,0
2026-03-12T01:45:59.979913,0,0,0,0
2026-03-12T01:46:00.987918,0,0,0,0
2026-03-12T01:46:01.994980,0,0,0,0
2026-03-12T01:46:02.999905,0,0,0,0
2026-03-12T01:46:04.007889,0,0,0,0
2026-03-12T01:46:05.013889,0,0,0,0
2026-03-12T01:46:06.020829,0,0,0,0
2026-03-12T01:46:07.026840,0,0,0,0
2026-03-12T01:46:08.034851,0,0,0,0
2026-03-12T01:46:09.040831,0,0,0,0
2026-03-12T01:46:10.047825,0,0,0,0
2026-03-12T01:46:11.054812,0,0,0,0
2026-03-12T01:46:12.060785,0,0,0,0
2026-03-12T01:46:13.067794,0,0,0,0
2026-03-12T01:46:14.072767,0,0,0,0
2026-03-12T01:46:15.080771,0,0,0,0
2026-03-12T01:46:16.086753,0,0,0,0
2026-03-12T01:46:17.093750,0,0,0,0
2026-03-12T01:46:18.101732,0,0,0,0
2026-03-12T01:46:19.107741,0,0,0,0
2026-03-12T01:46:20.113735,0,0,0,0
2026-03-12T01:46:21.120711,0,0,0,0
2026-03-12T01:46:22.127673,0,0,0,0
2026-03-12T01:46:23.133744,0,0,0,0
2026-03-12T01:46:24.141686,0,0,0,0
2026-03-12T01:46:25.147576,0,0,0,0
2026-03-12T01:46:26.154672,0,0,0,0
2026-03-12T01:46:27.161704,0,0,0,0
2026-03-12T01:46:28.166650,0,0,0,0
2026-03-12T01:46:29.173635,0,0,0,0
2026-03-12T01:46:30.180578,0,0,0,0
2026-03-12T01:46:31.187613,0,0,0,0
2026-03-12T01:46:32.194612,0,0,0,0
2026-03-12T01:46:33.201628,0,0,0,0
2026-03-12T01:46:34.208578,0,0,0,0
2026-03-12T01:46:35.214553,0,0,0,0
2026-03-12T01:46:36.221644,0,0,0,0
2026-03-12T01:46:37.227549,0,0,0,0
2026-03-12T01:46:38.234618,0,0,0,0
2026-03-12T01:46:39.239528,0,0,0,0
2026-03-12T01:46:40.248511,0,0,0,0
2026-03-12T01:46:41.254503,0,0,0,0
2026-03-12T01:46:42.260498,0,0,0,0
2026-03-12T01:46:43.268489,0,0,0,0
2026-03-12T01:46:44.274438,0,0,0,0
2026-03-12T01:46:45.281520,0,0,0,0
2026-03-12T01:46:46.287418,0,0,0,0
2026-03-12T01:46:47.293525,0,0,0,0
2026-03-12T01:46:57.749986,0,0,0,0
2026-03-12T01:47:00.231304,0,0,0,0
2026-03-12T01:47:01.239282,0,0,0,0
2026-03-12T01:47:02.245379,0,0,0,0
2026-03-12T01:47:03.252267,0,0,0,0
2026-03-12T01:47:04.258237,0,0,0,0
2026-03-12T01:47:05.266289,0,0,0,0
2026-03-12T01:47:06.272269,0,0,0,0
2026-03-12T01:47:07.279248,0,0,0,0
2026-03-12T01:47:08.286222,0,0,0,0
2026-03-12T01:47:09.292207,0,0,0,0
2026-03-12T01:47:10.299211,0,0,0,0
2026-03-12T01:47:11.305301,0,0,0,0
2026-03-12T01:47:12.312200,0,0,0,0
2026-03-12T01:47:13.319183,0,0,0,0
2026-03-12T01:47:14.326135,0,0,0,0
2026-03-12T01:47:15.332113,0,0,0,0
2026-03-12T01:47:16.339100,0,0,0,0
2026-03-12T01:47:17.346097,0,0,0,0
2026-03-12T01:47:18.352076,0,0,0,0
2026-03-12T01:47:19.359066,0,0,0,0
2026-03-12T01:47:20.365056,0,0,0,0
2026-03-12T01:47:21.373042,0,0,0,0
2026-03-12T01:47:22.379024,0,0,0,0
2026-03-12T01:47:23.385987,0,0,0,0
2026-03-12T01:47:24.392989,0,0,0,0
2026-03-12T01:47:25.399000,0,0,0,0
2026-03-12T01:47:26.405994,0,0,0,0
2026-03-12T01:47:27.411964,0,0,0,0
2026-03-12T01:47:28.418964,0,0,0,0
2026-03-12T01:47:29.425934,0,0,0,0
2026-03-12T01:47:30.432935,0,0,0,0
2026-03-12T01:47:31.438909,0,0,0,0
2026-03-12T01:47:32.445895,0,0,0,0
2026-03-12T01:47:33.452904,0,0,0,0
2026-03-12T01:47:34.458880,0,0,0,0
2026-03-12T01:47:35.465880,0,0,0,0
2026-03-12T01:47:36.470865,0,0,0,0
2026-03-12T01:47:37.479849,0,0,0,0
2026-03-12T01:47:38.484809,0,0,0,0
2026-03-12T01:47:39.492815,0,0,0,0
2026-03-12T01:47:40.499811,0,0,0,0
2026-03-12T01:47:41.505822,0,0,0,0
2026-03-12T01:47:42.512775,0,0,0,0
2026-03-12T01:47:43.518766,0,0,0,0
2026-03-12T01:47:44.525789,0,0,0,0
2026-03-12T01:47:45.532732,0,0,0,0
2026-03-12T01:47:46.539717,0,0,0,0
2026-03-12T01:47:47.545767,0,0,0,0
2026-03-12T01:47:48.552703,0,0,0,0
2026-03-12T01:47:49.558729,0,0,0,0
2026-03-12T01:47:50.565752,0,0,0,0
2026-03-12T01:47:51.571718,0,0,0,0
2026-03-12T01:47:52.578678,0,0,0,0
2026-03-12T01:47:53.586653,0,0,0,0
2026-03-12T01:47:54.592635,0,0,0,0
2026-03-12T01:47:55.599624,0,0,0,0
2026-03-12T01:47:56.606623,0,0,0,0
2026-03-12T01:47:57.611548,0,0,0,0
2026-03-12T01:47:58.617772,0,0,0,0
2026-03-12T01:47:59.625589,0,0,0,0
2026-03-12T01:48:00.632518,0,0,0,0
2026-03-12T01:48:01.639497,0,0,0,0
2026-03-12T01:48:02.645545,0,0,0,0
2026-03-12T01:48:03.651464,0,0,0,0
2026-03-12T01:48:04.658488,0,0,0,0
2026-03-12T01:48:05.665532,0,0,0,0
2026-03-12T01:48:06.672442,0,0,0,0
2026-03-12T01:48:07.679429,0,0,0,0
2026-03-12T01:48:08.685458,0,0,0,0
2026-03-12T01:48:09.692420,0,0,0,0
2026-03-12T01:48:10.699391,0,0,0,0
2026-03-12T01:48:11.705468,0,0,0,0
2026-03-12T01:48:12.712368,0,0,0,0
2026-03-12T01:48:13.719361,0,0,0,0
2026-03-12T01:48:14.726349,0,0,0,0
2026-03-12T01:48:15.731328,0,0,0,0
2026-03-12T01:48:16.739320,0,0,0,0
2026-03-12T01:48:17.746315,0,0,0,0
2026-03-12T01:48:18.753383,0,0,0,0
2026-03-12T01:48:19.759245,0,0,0,0
2026-03-12T01:48:20.766264,0,0,0,0
2026-03-12T01:48:21.773360,0,0,0,0
2026-03-12T01:48:22.779222,0,0,0,0
2026-03-12T01:48:23.786229,0,0,0,0
2026-03-12T01:48:24.792209,0,0,0,0
2026-03-12T01:48:25.800180,0,0,0,0
2026-03-12T01:48:26.806194,0,0,0,0
2026-03-12T01:48:27.812168,0,0,0,0
2026-03-12T01:48:28.820158,0,0,0,0
2026-03-12T01:48:29.826162,0,0,0,0
2026-03-12T01:48:30.833125,0,0,0,0
2026-03-12T01:48:31.839088,0,0,0,0
2026-03-12T01:48:32.845726,0,0,0,0
2026-03-12T01:48:33.853062,0,0,0,0
2026-03-12T01:48:34.860043,0,0,0,0
2026-03-12T01:48:35.866078,0,0,0,0
2026-03-12T01:48:36.873039,0,0,0,0
2026-03-12T01:48:37.880008,0,0,0,0
2026-03-12T01:48:38.885014,0,0,0,0
2026-03-12T01:48:39.893011,0,0,0,0
2026-03-12T01:48:40.898997,0,0,0,0
2026-03-12T01:48:41.906988,0,0,0,0
2026-03-12T01:48:42.912972,0,0,0,0
2026-03-12T01:48:43.919922,0,0,0,0
2026-03-12T01:48:44.925952,0,0,0,0
2026-03-12T01:48:45.932931,0,0,0,0
2026-03-12T01:48:46.939919,0,0,0,0
2026-03-12T01:48:47.945883,0,0,0,0
2026-03-12T01:48:48.951872,0,0,0,0
2026-03-12T01:48:49.958844,0,0,0,0
2026-03-12T01:48:50.966868,0,0,0,0
2026-03-12T01:48:51.972856,0,0,0,0
2026-03-12T01:48:52.979830,0,0,0,0
2026-03-12T01:48:53.986817,0,0,0,0
2026-03-12T01:48:54.992803,0,0,0,0
2026-03-12T01:48:55.999785,0,0,0,0
2026-03-12T01:48:57.003803,0,0,0,0
2026-03-12T01:48:58.013829,0,0,0,0
2026-03-12T01:48:59.019742,0,0,0,0
2026-03-12T01:49:00.026767,0,0,0,0
2026-03-12T01:49:01.033762,0,0,0,0
2026-03-12T01:49:02.039704,0,0,0,0
2026-03-12T01:49:03.046749,0,0,0,0
2026-03-12T01:49:04.052734,0,0,0,0
2026-03-12T01:49:05.059713,0,0,0,0
2026-03-12T01:49:06.066713,0,0,0,0
2026-03-12T01:49:07.073709,0,0,0,0
2026-03-12T01:49:08.079673,0,0,0,0
2026-03-12T01:49:09.085671,0,0,0,0
2026-03-12T01:49:10.092661,0,0,0,0
2026-03-12T01:49:11.099632,0,0,0,0
2026-03-12T01:49:12.105675,0,0,0,0
2026-03-12T01:49:13.112624,0,0,0,0
2026-03-12T01:49:14.120616,0,0,0,0
2026-03-12T01:49:15.126466,0,0,0,0
2026-03-12T01:49:16.133634,0,0,0,0
2026-03-12T01:49:17.140554,0,0,0,0
2026-03-12T01:49:18.145594,0,0,0,0
2026-03-12T01:49:19.152529,0,0,0,0
2026-03-12T01:49:20.159524,0,0,0,0
2026-03-12T01:49:21.165512,0,0,0,0
2026-03-12T01:49:22.172429,0,0,0,0
2026-03-12T01:49:23.180413,0,0,0,0
2026-03-12T01:49:24.185548,0,0,0,0
2026-03-12T01:49:25.192404,0,0,0,0
2026-03-12T01:49:26.200273,0,0,0,0
2026-03-12T01:49:27.206372,0,0,0,0
2026-03-12T01:49:28.212331,0,0,0,0
2026-03-12T01:49:29.219337,0,0,0,0
2026-03-12T01:49:30.227328,0,0,0,0
2026-03-12T01:49:31.233372,0,0,0,0
2026-03-12T01:49:32.240294,0,0,0,0
2026-03-12T01:49:33.247291,0,0,0,0
2026-03-12T01:49:34.253368,0,0,0,0
2026-03-12T01:49:35.260250,0,0,0,0
2026-03-12T01:49:36.266247,0,0,0,0
2026-03-12T01:49:37.274202,0,0,0,0
2026-03-12T01:49:38.280225,0,0,194.882026,0
2026-03-12T01:49:39.287196,0,0,0,0
2026-03-12T01:49:40.293285,0,0,0,0
2026-03-12T01:49:41.300158,0,0,0,0
2026-03-12T01:49:42.307157,0,0,0,0
2026-03-12T01:49:43.313220,0,0,0,0
2026-03-12T01:49:44.319999,0,0,0,0
2026-03-12T01:49:45.326089,0,0,0,0
2026-03-12T01:49:46.334111,0,0,0,0
2026-03-12T01:49:47.340090,0,0,0,0
2026-03-12T01:49:48.347069,0,0,0,0
2026-03-12T01:49:49.354029,0,0,0,0
2026-03-12T01:49:50.360037,0,0,0,0
2026-03-12T01:49:51.367024,0,0,0,0
2026-03-12T01:49:52.372011,0,0,0,0
2026-03-12T01:49:53.380987,0,0,0,0
2026-03-12T01:49:54.385985,0,0,0,0
2026-03-12T01:49:55.392970,0,0,0,0
2026-03-12T01:49:56.399950,0,0,0,0
2026-03-12T01:49:57.406941,0,0,0,0
2026-03-12T01:49:58.413929,0,0,0,0
2026-03-12T01:49:59.419900,0,0,0,0
2026-03-12T01:50:00.426887,0,0,0,0
2026-03-12T01:50:01.432880,0,0,0,0
2026-03-12T01:50:02.440863,0,0,0,0
2026-03-12T01:50:03.445852,0,0,0,0
2026-03-12T01:50:04.453840,0,0,0,0
2026-03-12T01:50:05.459823,0,0,0,0
2026-03-12T01:50:06.466818,0,0,0,0
2026-03-12T01:50:07.473812,0,0,0,0
2026-03-12T01:50:08.479777,0,0,0,0
2026-03-12T01:50:09.487758,0,0,0,0
2026-03-12T01:50:10.493751,0,0,0,0
2026-03-12T01:50:11.500734,0,0,0,0
2026-03-12T01:50:12.505769,0,0,0,0
2026-03-12T01:50:13.513709,0,0,0,0
2026-03-12T01:50:14.520676,0,0,0,0
2026-03-12T01:50:15.525656,0,0,0,0
2026-03-12T01:50:16.533709,0,0,0,0
2026-03-12T01:50:17.538639,0,0,0,0
2026-03-12T01:50:18.547624,0,0,0,0
2026-03-12T01:50:19.552614,0,0,0,0
2026-03-12T01:50:20.560603,0,0,0,0
2026-03-12T01:50:21.567598,0,0,0,0
2026-03-12T01:50:22.573633,0,0,0,0
2026-03-12T01:50:23.580555,0,0,0,0
2026-03-12T01:50:24.586553,0,0,0,0
2026-03-12T01:50:25.594534,0,0,0,0
2026-03-12T01:50:26.600514,0,0,0,0
2026-03-12T01:50:27.606499,0,0,0,0
2026-03-12T01:50:28.613649,0,0,0,0
2026-03-12T01:50:29.620465,0,0,0,0
2026-03-12T01:50:30.627430,0,0,0,0
2026-03-12T01:50:31.633572,0,0,0,0
2026-03-12T01:50:32.640423,0,0,0,0
2026-03-12T01:50:33.647410,0,0,0,0
2026-03-12T01:50:34.654376,0,0,0,0
2026-03-12T01:50:35.660378,0,0,0,0
2026-03-12T01:50:36.667361,0,0,0,0
2026-03-12T01:50:37.674414,0,0,0,0
2026-03-12T01:50:38.680317,0,0,0,0
2026-03-12T01:50:39.686308,0,0,0,0
2026-03-12T01:50:40.693389,0,0,0,0
2026-03-12T01:50:41.701374,0,0,0,0
2026-03-12T01:50:42.707228,0,0,0,0
2026-03-12T01:50:43.714243,0,0,0,0
2026-03-12T01:50:53.632657,0,0,0,0
2026-03-12T01:50:56.115104,0,0,0,0
2026-03-12T01:50:57.122085,0,0,0,0
2026-03-12T01:50:58.128062,0,0,0,0
2026-03-12T01:50:59.135068,0,0,0,0
2026-03-12T01:51:00.140937,0,0,0,0
2026-03-12T01:51:01.149023,0,0,0,0
2026-03-12T01:51:02.154996,0,0,0,0
2026-03-12T01:51:03.162009,0,0,0,0
2026-03-12T01:51:04.168944,0,0,0,0
2026-03-12T01:51:05.174954,0,0,0,0
2026-03-12T01:51:06.181926,0,0,0,0
2026-03-12T01:51:07.188053,0,0,0,0
2026-03-12T01:51:08.194878,0,0,0,0
2026-03-12T01:51:09.201882,0,0,0,0
2026-03-12T01:51:10.208878,0,0,0,0
2026-03-12T01:51:11.214867,0,0,0,0
2026-03-12T01:51:12.221850,0,0,0,0
2026-03-12T01:51:13.228851,0,0,0,0
2026-03-12T01:51:14.234793,0,0,0,0
2026-03-12T01:51:15.240793,0,0,0,0
2026-03-12T01:51:16.247785,0,0,0,0
2026-03-12T01:51:17.255768,0,0,0,0
2026-03-12T01:51:18.261763,0,0,0,0
2026-03-12T01:51:19.268731,0,0,0,0
2026-03-12T01:51:20.275723,0,0,0,0
2026-03-12T01:51:21.281739,0,0,0,0
2026-03-12T01:51:22.288695,0,0,0,0
2026-03-12T01:51:23.294707,0,0,0,0
2026-03-12T01:51:24.301696,0,0,0,0
2026-03-12T01:51:25.308630,0,0,0,0
2026-03-12T01:51:26.315634,0,0,0,0
2026-03-12T01:51:27.321640,0,0,0,0
2026-03-12T01:51:28.328628,0,0,0,0
2026-03-12T01:51:29.335592,0,0,0,0
2026-03-12T01:51:30.341633,0,0,0,0
2026-03-12T01:51:31.347557,0,0,0,0
2026-03-12T01:51:32.354551,0,0,0,0
2026-03-12T01:51:33.362557,0,0,0,0
2026-03-12T01:51:34.368524,0,0,0,0
2026-03-12T01:51:35.374507,0,0,0,0
2026-03-12T01:51:36.382390,0,0,0,0
2026-03-12T01:51:37.388447,0,0,0,0
2026-03-12T01:51:38.395451,0,0,0,0
2026-03-12T01:51:39.399400,0,0,0,0
2026-03-12T01:51:40.408423,0,0,0,0
2026-03-12T01:51:41.415426,0,0,0,0
2026-03-12T01:51:42.421526,0,0,0,0
2026-03-12T01:51:43.428348,0,0,0,0
2026-03-12T01:51:44.435373,0,0,0,0
2026-03-12T01:51:45.442351,0,0,0,0
2026-03-12T01:51:46.448335,0,0,0,0
2026-03-12T01:51:47.455315,0,0,0,0
2026-03-12T01:51:48.461453,0,0,0,0
2026-03-12T01:51:49.469406,0,0,0,0
2026-03-12T01:51:50.475268,0,0,0,0
2026-03-12T01:51:51.482271,0,0,0,0
2026-03-12T01:51:52.487208,0,0,0,0
2026-03-12T01:51:53.495228,0,0,0,0
2026-03-12T01:51:54.502201,0,0,0,0
2026-03-12T01:51:55.508225,0,0,194.882026,0
2026-03-12T01:51:56.515179,0,0,0,0
2026-03-12T01:51:57.522157,0,0,0,0
2026-03-12T01:51:58.529225,0,0,0,0
2026-03-12T01:51:59.535127,0,0,0,0
2026-03-12T01:52:00.542142,0,0,194.882026,0
2026-03-12T01:52:01.549106,0,0,0,0
2026-03-12T01:52:02.555086,0,0,0,0
2026-03-12T01:52:03.562058,0,0,0,0
2026-03-12T01:52:04.568043,0,0,0,0
2026-03-12T01:52:05.576027,0,0,0,0
2026-03-12T01:52:06.581018,0,0,0,0
2026-03-12T01:52:07.588990,0,0,0,0
2026-03-12T01:52:08.595928,0,0,0,0
2026-03-12T01:52:09.600927,0,0,0,0
2026-03-12T01:52:10.608924,0,0,0,0
2026-03-12T01:52:11.614899,0,0,0,0
2026-03-12T01:52:12.621903,0,0,0,0
2026-03-12T01:52:13.628858,0,0,0,0
2026-03-12T01:52:14.635866,0,0,0,0
2026-03-12T01:52:15.641844,0,0,0,0
2026-03-12T01:52:16.648832,0,0,0,0
2026-03-12T01:52:17.655843,0,0,0,0
2026-03-12T01:52:18.661781,0,0,0,0
2026-03-12T01:52:19.668767,0,0,0,0
2026-03-12T01:52:20.674769,0,0,0,0
2026-03-12T01:52:21.681717,0,0,0,0
2026-03-12T01:52:22.688737,0,0,0,0
2026-03-12T01:52:23.694687,0,0,0,0
2026-03-12T01:52:24.702677,0,0,0,0
2026-03-12T01:52:35.294113,0,0,0,0
2026-03-12T01:52:37.776490,0,0,0,0
2026-03-12T01:52:38.783451,0,0,0,0
2026-03-12T01:52:39.789565,0,0,0,0
2026-03-12T01:52:40.796417,0,0,0,0
2026-03-12T01:52:41.800375,0,0,0,0
2026-03-12T01:52:42.809472,0,0,0,0
2026-03-12T01:52:43.816300,0,0,0,0
2026-03-12T01:52:44.823351,0,0,0,0
2026-03-12T01:52:45.830339,0,0,0,0
2026-03-12T01:52:46.836313,0,0,0,0
2026-03-12T01:52:47.842268,0,0,0,0
2026-03-12T01:52:48.849459,0,0,0,0
2026-03-12T01:52:49.856263,0,0,0,0
2026-03-12T01:52:50.863281,0,0,194.882026,0
2026-03-12T01:52:51.870161,0,0,0,0
2026-03-12T01:52:52.876212,0,0,0,0
2026-03-12T01:52:53.882169,0,0,0,0
2026-03-12T01:52:54.889246,0,0,0,0
2026-03-12T01:52:55.896152,0,0,0,0
2026-03-12T01:52:56.902128,0,0,0,0
2026-03-12T01:52:57.909117,0,0,0,0
2026-03-12T01:52:58.916089,0,0,0,0
2026-03-12T01:52:59.923068,0,0,0,0
2026-03-12T01:53:10.090369,0,0,0,0
2026-03-12T01:53:12.572937,0,0,0,0
2026-03-12T01:53:13.579894,0,0,0,0
2026-03-12T01:53:14.585890,0,0,0,0
2026-03-12T01:53:15.592740,0,0,0,0
2026-03-12T01:53:16.598865,0,0,0,0
2026-03-12T01:53:17.606834,0,0,0,0
2026-03-12T01:53:18.612775,0,0,0,0
2026-03-12T01:53:19.619753,0,0,0,0
2026-03-12T01:53:20.626733,0,0,0,0
2026-03-12T01:53:21.632701,0,0,0,0
2026-03-12T01:53:22.639697,0,0,0,0
2026-03-12T01:53:23.645690,0,0,0,0
2026-03-12T01:53:24.652669,0,0,0,0
2026-03-12T01:53:25.658672,0,0,0,0
2026-03-12T01:53:26.666656,0,0,0,0
2026-03-12T01:53:27.672605,0,0,0,0
2026-03-12T01:53:28.679587,0,0,0,0
2026-03-12T01:53:29.685581,0,0,0,0
2026-03-12T01:53:30.691568,0,0,0,0
2026-03-12T01:53:31.699569,0,0,0,0
2026-03-12T01:53:32.705625,0,0,0,0
2026-03-12T01:53:45.527962,0,0,0,0
2026-03-12T01:53:46.534323,0,0,0,0
2026-03-12T01:53:47.539319,0,0,0,0
2026-03-12T01:53:48.547295,0,0,0,0
2026-03-12T01:53:49.553379,0,0,0,0
2026-03-12T01:53:50.561346,0,0,0,0
2026-03-12T01:53:51.567272,0,0,0,0
2026-03-12T01:53:52.574247,0,0,0,0
2026-03-12T01:53:53.581311,0,0,0,0
2026-03-12T01:53:54.587222,0,0,0,0
2026-03-12T01:53:55.594207,0,0,0,0
2026-03-12T01:53:56.600178,0,0,0,0
2026-03-12T01:53:57.607158,0,0,0,0
2026-03-12T01:53:58.614143,0,0,0,0
2026-03-12T01:53:59.621115,0,0,0,0
2026-03-12T01:54:00.627088,0,0,0,0
2026-03-12T01:54:01.634045,0,0,0,0
2026-03-12T01:54:02.641046,0,0,0,0
2026-03-12T01:54:03.647029,0,0,0,0
2026-03-12T01:54:04.654001,0,0,0,0
2026-03-12T01:54:05.658978,0,0,0,0
2026-03-12T01:54:06.667968,0,0,0,0
2026-03-12T01:54:17.315360,0,0,0,0
2026-03-12T01:54:19.797815,0,0,0,0
2026-03-12T01:54:20.804704,0,0,0,0
2026-03-12T01:54:21.810731,0,0,0,0
2026-03-12T01:54:22.817744,0,0,0,0
2026-03-12T01:54:23.823725,0,0,0,0
2026-03-12T01:54:24.831709,0,0,0,0
2026-03-12T01:54:25.837666,0,0,0,0
2026-03-12T01:54:26.844666,0,0,0,0
2026-03-12T01:54:27.851646,0,0,0,0
2026-03-12T01:54:28.857629,0,0,0,0
2026-03-12T01:54:29.864616,0,0,0,0
2026-03-12T01:54:30.870592,0,0,0,0
2026-03-12T01:54:31.877604,0,0,0,0
2026-03-12T01:54:32.884562,0,0,0,0
2026-03-12T01:54:33.891509,0,0,0,0
2026-03-12T01:54:34.897586,0,0,0,0
2026-03-12T01:54:35.904503,0,0,0,0
2026-03-12T01:54:36.909776,0,0,0,0
2026-03-12T01:54:37.916479,0,0,0,0
2026-03-12T01:54:38.924452,0,0,0,0
2026-03-12T01:54:39.930450,0,0,0,0
2026-03-12T01:54:40.938443,0,0,0,0
2026-03-12T01:54:51.104942,0,0,0,0
2026-03-12T01:54:53.586282,0,0,0,0
2026-03-12T01:54:54.594245,0,0,0,0
2026-03-12T01:54:55.599227,0,0,0,0
2026-03-12T01:54:56.607198,0,0,0,0
2026-03-12T01:54:57.613210,0,0,0,0
2026-03-12T01:54:58.621226,0,0,0,0
2026-03-12T01:54:59.627117,0,0,0,0
2026-03-12T01:55:00.634041,0,0,0,0
2026-03-12T01:55:01.640106,0,0,0,0
2026-03-12T01:55:02.647096,0,0,0,0
2026-03-12T01:55:03.654076,0,0,0,0
2026-03-12T01:55:04.660069,0,0,0,0
2026-03-12T01:55:05.667006,0,0,0,0
2026-03-12T01:55:06.671985,0,0,0,0
2026-03-12T01:55:07.681007,0,0,0,0
2026-03-12T01:55:08.686988,0,0,0,0
2026-03-12T01:55:09.693905,0,0,0,0
2026-03-12T01:55:10.700942,0,0,0,0
2026-03-12T01:55:11.706938,0,0,0,0
2026-03-12T01:55:12.713927,0,0,0,0
2026-03-12T01:55:13.719894,0,0,0,0
2026-03-12T01:55:14.727856,0,0,0,0
2026-03-12T01:55:24.816198,0,0,0,0
2026-03-12T01:55:27.298639,0,0,0,0
2026-03-12T01:55:28.305616,0,0,0,0
2026-03-12T01:55:29.311574,0,0,0,0
2026-03-12T01:55:30.318548,0,0,0,0
2026-03-12T01:55:31.324563,0,0,0,0
2026-03-12T01:55:32.332502,0,0,0,0
2026-03-12T01:55:33.338493,0,0,0,0
2026-03-12T01:55:34.345561,0,0,0,0
2026-03-12T01:55:35.352454,0,0,0,0
2026-03-12T01:55:36.358461,0,0,0,0
2026-03-12T01:55:37.365516,0,0,0,0
2026-03-12T01:55:38.371415,0,0,0,0
2026-03-12T01:55:39.377497,0,0,0,0
2026-03-12T01:55:40.385477,0,0,0,0
2026-03-12T01:55:41.390379,0,0,0,0
2026-03-12T01:55:42.398344,0,0,0,0
2026-03-12T01:55:43.405440,0,0,0,0
2026-03-12T01:55:44.412293,0,0,0,0
2026-03-12T01:55:45.418280,0,0,0,0
2026-03-12T01:55:46.425487,0,0,0,0
2026-03-12T01:55:47.431240,0,0,0,0
2026-03-12T01:55:48.439227,0,0,0,0
2026-03-12T01:55:49.445339,0,0,0,0
2026-03-12T01:55:50.452187,0,0,0,0
2026-03-12T01:55:51.459166,0,0,0,0
2026-03-12T01:55:52.465237,0,0,0,0
2026-03-12T01:55:53.472134,0,0,0,0
2026-03-12T01:55:54.478118,0,0,0,0
2026-03-12T01:55:55.484122,0,0,0,0
2026-03-12T01:55:56.492081,0,0,0,0
2026-03-12T01:55:57.499045,0,0,0,0
2026-03-12T01:55:58.505012,0,0,0,0
2026-03-12T01:55:59.512034,0,0,0,0
2026-03-12T01:56:00.517997,0,0,0,0
2026-03-12T01:56:01.525018,0,0,0,0
2026-03-12T01:56:02.531986,0,0,0,0
2026-03-12T01:56:03.537957,0,0,0,0
2026-03-12T01:56:04.545953,0,0,0,0
2026-03-12T01:56:05.551926,0,0,0,0
2026-03-12T01:56:06.558910,0,0,0,0
2026-03-12T01:56:07.565904,0,0,0,0
2026-03-12T01:56:08.570890,0,0,0,0
2026-03-12T01:56:09.578823,0,0,0,0
2026-03-12T01:56:10.584790,0,0,0,0
2026-03-12T01:56:11.591773,0,0,0,0
2026-03-12T01:56:12.598768,0,0,0,0
2026-03-12T01:56:13.605833,0,0,0,0
2026-03-12T01:56:14.611732,0,0,0,0
2026-03-12T01:56:15.617706,0,0,0,0
2026-03-12T01:56:16.625693,0,0,0,0
2026-03-12T01:56:17.631646,0,0,0,0
2026-03-12T01:56:18.638664,0,0,0,0
2026-03-12T01:56:19.644685,0,0,0,0
2026-03-12T01:56:20.652611,0,0,0,0
2026-03-12T01:56:21.658605,0,0,0,0
2026-03-12T01:56:34.527181,0,0,0,0
2026-03-12T01:56:35.533481,0,0,0,0
2026-03-12T01:56:36.539424,0,0,0,0
2026-03-12T01:56:37.546413,0,0,0,0
2026-03-12T01:56:38.552365,0,0,0,0
2026-03-12T01:56:39.560377,0,0,0,0
2026-03-12T01:56:40.566353,0,0,0,0
2026-03-12T01:56:41.573387,0,0,0,0
2026-03-12T01:56:42.580311,0,0,0,0
2026-03-12T01:56:43.586304,0,0,0,0
2026-03-12T01:56:44.593355,0,0,0,0
2026-03-12T01:56:45.599253,0,0,0,0
2026-03-12T01:56:46.606250,0,0,0,0
2026-03-12T01:56:47.613265,0,0,0,0
2026-03-12T01:56:48.620196,0,0,0,0
2026-03-12T01:56:49.626178,0,0,0,0
2026-03-12T01:56:50.633199,0,0,0,0
2026-03-12T01:56:51.640151,0,0,0,0
2026-03-12T01:56:52.646163,0,0,0,0
2026-03-12T01:56:53.653097,0,0,0,0
2026-03-12T01:56:54.659088,0,0,0,0
2026-03-12T01:56:55.667034,0,0,0,0
2026-03-12T01:56:56.673039,0,0,0,0
2026-03-12T01:56:57.679989,0,0,0,0
2026-03-12T01:56:58.686973,0,0,0,0
2026-03-12T01:56:59.692940,0,0,0,0
2026-03-12T01:57:00.698955,0,0,0,0
2026-03-12T01:57:01.705934,0,0,0,0
2026-03-12T01:57:02.711898,0,0,0,0
2026-03-12T01:57:03.718884,0,0,0,0
2026-03-12T01:57:04.726859,0,0,0,0
2026-03-12T01:57:05.732845,0,0,0,0
2026-03-12T01:57:06.739825,0,0,0,0
2026-03-12T01:57:07.746800,0,0,0,0
2026-03-12T01:57:08.752787,0,0,0,0
2026-03-12T01:57:09.759810,0,0,0,0
2026-03-12T01:57:10.764793,0,0,0,0
2026-03-12T01:57:11.773671,0,0,0,0
2026-03-12T01:57:12.779723,0,0,0,0
2026-03-12T01:57:13.786726,0,0,0,0
2026-03-12T01:57:14.793716,0,0,0,0
2026-03-12T01:57:15.799699,0,0,0,0
2026-03-12T01:57:16.806687,0,0,0,0
2026-03-12T01:57:17.812665,0,0,0,0
2026-03-12T01:57:18.819640,0,0,0,0
2026-03-12T01:57:19.824595,0,0,0,0
2026-03-12T01:57:20.833727,0,0,0,0
2026-03-12T01:57:21.839560,0,0,0,0
2026-03-12T01:57:22.846576,0,0,0,0
2026-03-12T01:57:23.853604,0,0,0,0
2026-03-12T01:57:24.859519,0,0,0,0
2026-03-12T01:57:25.866497,0,0,0,0
2026-03-12T01:57:26.872488,0,0,0,0
2026-03-12T01:57:27.879469,0,0,0,0
2026-03-12T01:57:28.886467,0,0,0,0
2026-03-12T01:57:29.893596,0,0,0,0
2026-03-12T01:57:30.900418,0,0,0,0
2026-03-12T01:57:31.905480,0,0,0,0
2026-03-12T01:57:32.913505,0,0,0,0
2026-03-12T01:57:33.919357,0,0,0,0
2026-03-12T01:57:34.926326,0,0,0,0
2026-03-12T01:57:35.932286,0,0,0,0
2026-03-12T01:57:36.940270,0,0,0,0
2026-03-12T01:57:37.946237,0,0,0,0
2026-03-12T01:57:38.953307,0,0,0,0
2026-03-12T01:57:39.960214,0,0,0,0
2026-03-12T01:57:40.966201,0,0,0,0
2026-03-12T01:57:41.973289,0,0,0,0
2026-03-12T01:57:42.979159,0,0,0,0
2026-03-12T01:57:43.987133,0,0,0,0
2026-03-12T01:57:44.993122,0,0,0,0
2026-03-12T01:57:46.000104,0,0,0,0
2026-03-12T01:57:47.006087,0,0,0,0
2026-03-12T01:57:48.013067,0,0,0,0
2026-03-12T01:57:49.019044,0,0,0,0
2026-03-12T01:57:50.026039,0,0,0,0
2026-03-12T01:57:51.033010,0,0,0,0
2026-03-12T01:57:52.039003,0,0,0,0
2026-03-12T01:57:53.046973,0,0,0,0
2026-03-12T01:57:54.051949,0,0,0,0
2026-03-12T01:57:55.059918,0,0,0,0
2026-03-12T01:57:56.065917,0,0,0,0
2026-03-12T01:57:57.071886,0,0,0,0
2026-03-12T01:57:58.078876,0,0,0,0
2026-03-12T01:57:59.085868,0,0,0,0
2026-03-12T01:58:00.092842,0,0,0,0
2026-03-12T01:58:01.099863,0,0,0,0
2026-03-12T01:58:02.105819,0,0,0,0
2026-03-12T01:58:03.113840,0,0,0,0
2026-03-12T01:58:04.119767,0,0,0,0
2026-03-12T01:58:05.126738,0,0,0,0
2026-03-12T01:58:06.131762,0,0,0,0
2026-03-12T01:58:07.139733,0,0,0,0
2026-03-12T01:58:08.145724,0,0,0,0
2026-03-12T01:58:09.153733,0,0,0,0
2026-03-12T01:58:10.158693,0,0,0,0
2026-03-12T01:58:11.166666,0,0,0,0
2026-03-12T01:58:12.172612,0,0,0,0
2026-03-12T01:58:13.179636,0,0,0,0
2026-03-12T01:58:14.186607,0,0,0,0
2026-03-12T01:58:15.192560,0,0,0,0
2026-03-12T01:58:16.199531,0,0,0,0
2026-03-12T01:58:17.206550,0,0,0,0
2026-03-12T01:58:18.213637,0,0,0,0
2026-03-12T01:58:19.219493,0,0,0,0
2026-03-12T01:58:20.226518,0,0,0,0
2026-03-12T01:58:21.233555,0,0,0,0
2026-03-12T01:58:22.238461,0,0,0,0
2026-03-12T01:58:23.246455,0,0,0,0
2026-03-12T01:58:24.252273,0,0,0,0
2026-03-12T01:58:25.260388,0,0,0,0
2026-03-12T01:58:26.265520,0,0,0,0
2026-03-12T01:58:27.273496,0,0,0,0
2026-03-12T01:58:28.279352,0,0,0,0
2026-03-12T01:58:29.285930,0,0,0,0
2026-03-12T01:58:30.293371,0,0,0,0
2026-03-12T01:58:31.299289,0,0,0,0
2026-03-12T01:58:32.306287,0,0,0,0
2026-03-12T01:58:33.312266,0,0,0,0
2026-03-12T01:58:34.320254,0,0,0,0
2026-03-12T01:58:35.326232,0,0,0,0
2026-03-12T01:58:36.332209,0,0,0,0
2026-03-12T01:58:37.339172,0,0,0,0
2026-03-12T01:58:48.008379,0,0,0,0
2026-03-12T01:58:50.490897,0,0,0,0
2026-03-12T01:58:51.497857,0,0,0,0
2026-03-12T01:58:52.503864,0,0,0,0
2026-03-12T01:58:53.510846,0,0,0,0
2026-03-12T01:58:54.516776,0,0,0,0
2026-03-12T01:58:55.524769,0,0,0,0
2026-03-12T01:58:56.530763,0,0,0,0
2026-03-12T01:58:57.537736,0,0,0,0
2026-03-12T01:58:58.544707,0,0,0,0
2026-03-12T01:58:59.550692,0,0,0,0
2026-03-12T01:59:00.557693,0,0,0,0
2026-03-12T01:59:01.563712,0,0,0,0
2026-03-12T01:59:02.570632,0,0,0,0
2026-03-12T01:59:03.577614,0,0,0,0
2026-03-12T01:59:04.584588,0,0,0,0
2026-03-12T01:59:05.590580,0,0,0,0
2026-03-12T01:59:06.597655,0,0,0,0
2026-03-12T01:59:07.604544,0,0,0,0
2026-03-12T01:59:08.610529,0,0,0,0
2026-03-12T01:59:09.617571,0,0,0,0
2026-03-12T01:59:10.622531,0,0,0,0
2026-03-12T01:59:11.630479,0,0,0,0
2026-03-12T01:59:12.637542,0,0,0,0
2026-03-12T01:59:13.644435,0,0,0,0
2026-03-12T01:59:14.651400,0,0,0,0
2026-03-12T01:59:15.657442,0,0,0,0
2026-03-12T01:59:16.664358,0,0,0,0
2026-03-12T01:59:17.670366,0,0,0,0
2026-03-12T01:59:18.677455,0,0,0,0
2026-03-12T01:59:19.684308,0,0,0,0
2026-03-12T01:59:20.691282,0,0,0,0
2026-03-12T01:59:21.697334,0,0,0,0
2026-03-12T01:59:22.704222,0,0,0,0
2026-03-12T01:59:23.711212,0,0,0,0
2026-03-12T01:59:24.717343,0,0,0,0
2026-03-12T01:59:25.724190,0,0,0,0
2026-03-12T01:59:26.730203,0,0,0,0
2026-03-12T01:59:27.738174,0,0,0,0
2026-03-12T01:59:28.743128,0,0,0,0
2026-03-12T01:59:29.751126,0,0,0,0
2026-03-12T01:59:30.758104,0,0,0,0
2026-03-12T01:59:31.764079,0,0,0,0
2026-03-12T01:59:32.771081,0,0,0,0
2026-03-12T01:59:33.777052,0,0,0,0
2026-03-12T01:59:34.783992,0,0,0,0
2026-03-12T01:59:35.791021,0,0,0,0
2026-03-12T01:59:36.798018,0,0,0,0
2026-03-12T01:59:37.803955,0,0,0,0
2026-03-12T01:59:38.810931,0,0,0,0
2026-03-12T01:59:39.817927,0,0,0,0
2026-03-12T01:59:40.823886,0,0,0,0
2026-03-12T01:59:41.830892,0,0,0,0
2026-03-12T01:59:42.836861,0,0,0,0
2026-03-12T01:59:43.844849,0,0,0,0
2026-03-12T01:59:56.529425,0,0,0,0
2026-03-12T01:59:57.535613,0,0,0,0
2026-03-12T01:59:58.541692,0,0,0,0
2026-03-12T01:59:59.548608,0,0,0,0
2026-03-12T02:00:00.553588,0,0,0,0
