timestamp,lj_valve_state,lj_pump_state,temp0,temp1
2026-03-21T00:00:06.326883,0,0,17.44,17.25
2026-03-21T00:00:20.269236,0,0,17.44,17.25
2026-03-21T00:00:37.358569,0,0,17.5,17.25
2026-03-21T00:00:51.589769,0,0,17.44,17.25
2026-03-21T00:01:13.949078,0,0,17.44,17.25
2026-03-21T00:01:26.939494,0,0,17.5,17.25
2026-03-21T00:01:42.232939,0,0,17.44,17.25
2026-03-21T00:01:56.603068,0,0,17.5,17.37
2026-03-21T00:02:11.089745,0,0,17.5,17.25
2026-03-21T00:02:23.199775,0,0,17.5,17.37
2026-03-21T00:02:37.179997,0,0,17.5,17.25
2026-03-21T00:03:31.700087,0,0,17.56,17.25
2026-03-21T00:03:46.428662,0,0,17.5,17.25
2026-03-21T00:05:09.369764,0,0,17.5,17.37
2026-03-21T00:05:23.011724,0,0,17.5,17.37
2026-03-21T00:05:43.651073,0,0,17.5,17.37
2026-03-21T00:06:29.112016,0,0,17.44,17.25
2026-03-21T00:06:42.380654,0,0,17.44,17.25
2026-03-21T00:06:54.855126,0,0,17.5,17.25
2026-03-21T00:07:06.463376,0,0,17.44,17.25
2026-03-21T00:07:20.552135,0,0,17.44,17.25
2026-03-21T00:07:35.182067,0,0,17.56,17.25
2026-03-21T00:07:47.892213,0,0,17.44,17.25
2026-03-21T00:09:10.623563,0,0,17.44,17.25
2026-03-21T00:09:23.108315,0,0,17.5,17.25
2026-03-21T00:09:37.242770,0,0,17.44,17.25
2026-03-21T00:10:10.713041,0,0,17.44,17.25
2026-03-21T00:10:34.073574,0,0,17.44,17.25
2026-03-21T00:10:58.247918,0,0,17.37,17.25
2026-03-21T00:11:12.374020,0,0,17.44,17.25
2026-03-21T00:11:26.394113,0,0,17.44,17.25
2026-03-21T00:11:37.964128,0,0,17.44,17.25
2026-03-21T00:11:59.833364,0,0,17.37,17.25
2026-03-21T00:12:14.404355,0,0,17.37,17.25
2026-03-21T00:12:49.133790,0,0,17.44,17.25
2026-03-21T00:13:03.354952,0,0,17.44,17.25
2026-03-21T00:13:17.341813,0,0,17.37,17.25
2026-03-21T00:14:04.906782,0,0,17.5,17.25
2026-03-21T00:14:18.905811,0,0,17.44,17.25
2026-03-21T00:14:33.358975,0,0,17.44,17.25
2026-03-21T00:14:47.284502,0,0,17.44,17.25
2026-03-21T00:14:58.885692,0,0,17.44,17.25
2026-03-21T00:15:10.375322,0,0,17.5,17.37
2026-03-21T00:15:24.546189,0,0,17.5,17.25
2026-03-21T00:15:38.995604,0,0,17.5,17.37
2026-03-21T00:16:02.779885,0,0,17.56,17.37
2026-03-21T00:16:17.101969,0,0,17.5,17.37
2026-03-21T00:16:31.376602,0,0,17.56,17.37
2026-03-21T00:16:45.559812,0,0,17.56,17.37
2026-03-21T00:16:59.877237,0,0,17.5,17.37
2026-03-21T00:17:21.546453,0,0,17.62,17.37
2026-03-21T00:17:35.627325,0,0,17.5,17.37
2026-03-21T00:18:12.100884,0,0,17.56,17.37
2026-03-21T00:18:26.135974,0,0,17.56,17.37
2026-03-21T00:18:40.757547,0,0,17.5,17.5
2026-03-21T00:19:04.677667,0,0,17.56,17.25
2026-03-21T00:19:18.718063,0,0,17.5,17.25
2026-03-21T00:19:32.627170,0,0,17.5,17.37
2026-03-21T00:19:44.208198,0,0,17.5,17.37
2026-03-21T00:20:20.608364,0,0,17.5,17.37
2026-03-21T00:20:37.117919,0,0,17.5,17.25
2026-03-21T00:20:50.998696,0,0,17.5,17.37
2026-03-21T00:21:04.818332,0,0,17.5,17.37
2026-03-21T00:21:16.978322,0,0,17.56,17.37
2026-03-21T00:21:31.302731,0,0,17.5,17.37
2026-03-21T00:22:16.399035,0,0,17.56,17.37
2026-03-21T00:22:53.759152,0,0,17.56,17.37
2026-03-21T00:23:09.035951,0,0,17.56,17.37
2026-03-21T00:23:23.369216,0,0,17.56,17.37
2026-03-21T00:23:46.713440,0,0,17.56,17.37
2026-03-21T00:24:00.559515,0,0,17.56,17.37
2026-03-21T00:24:17.400094,0,0,17.56,17.37
2026-03-21T00:24:31.779923,0,0,17.56,17.37
2026-03-21T00:24:46.474467,0,0,17.62,17.37
2026-03-21T00:25:16.552083,0,0,17.62,17.5
2026-03-21T00:25:33.468429,0,0,17.62,17.37
2026-03-21T00:25:47.470517,0,0,17.62,17.5
2026-03-21T00:26:01.451203,0,0,17.62,17.37
2026-03-21T00:26:14.844088,0,0,17.62,17.37
2026-03-21T00:26:39.157051,0,0,17.69,17.5
2026-03-21T00:26:53.250701,0,0,17.62,17.5
2026-03-21T00:27:07.451538,0,0,17.69,17.5
2026-03-21T00:27:21.211038,0,0,17.75,17.5
2026-03-21T00:27:56.731276,0,0,17.69,17.5
2026-03-21T00:28:09.074212,0,0,17.69,17.5
2026-03-21T00:28:23.521920,0,0,17.69,17.5
2026-03-21T00:28:36.469018,0,0,17.69,17.5
2026-03-21T00:29:09.991873,0,0,17.69,17.5
2026-03-21T00:29:35.742164,0,0,17.69,17.5
2026-03-21T00:29:49.968198,0,0,17.69,17.5
2026-03-21T00:30:04.382217,0,0,17.69,17.5
2026-03-21T00:30:18.002830,0,0,17.69,17.5
2026-03-21T00:31:15.146491,0,0,17.75,17.62
2026-03-21T00:31:27.263708,0,0,17.69,17.5
2026-03-21T00:31:44.313228,0,0,17.75,17.62
2026-03-21T00:31:58.374094,0,0,17.69,17.5
2026-03-21T00:32:15.142448,0,0,17.75,17.5
2026-03-21T00:32:27.323133,0,0,17.75,17.62
2026-03-21T00:32:39.054436,0,0,17.75,17.62
2026-03-21T00:32:53.676929,0,0,17.81,17.5
2026-03-21T00:33:07.936754,0,0,17.75,17.5
2026-03-21T00:33:31.293717,0,0,17.75,17.62
2026-03-21T00:33:45.544160,0,0,17.75,17.62
2026-03-21T00:34:00.063903,0,0,17.81,17.62
2026-03-21T00:34:13.084598,0,0,17.69,17.5
2026-03-21T00:34:55.184749,0,0,17.75,17.5
2026-03-21T00:35:07.944516,0,0,17.69,17.5
2026-03-21T00:35:22.175306,0,0,17.69,17.5
2026-03-21T00:35:36.325240,0,0,17.69,17.5
2026-03-21T00:35:49.703571,0,0,17.69,17.5
2026-03-21T00:36:05.222245,0,0,17.69,17.5
2026-03-21T00:36:19.535206,0,0,17.62,17.5
2026-03-21T00:36:34.298351,0,0,17.62,17.5
2026-03-21T00:36:48.325735,0,0,17.62,17.5
2026-03-21T00:37:03.245998,0,0,17.69,17.5
2026-03-21T00:37:14.619852,0,0,17.62,17.5
2026-03-21T00:37:28.565654,0,0,17.62,17.5
2026-03-21T00:37:51.925943,0,0,17.69,17.5
2026-03-21T00:38:55.906457,0,0,17.81,17.5
2026-03-21T00:39:08.586251,0,0,17.69,17.5
2026-03-21T00:39:23.812655,0,0,17.69,17.5
2026-03-21T00:39:37.136763,0,0,17.62,17.5
2026-03-21T00:39:51.157057,0,0,17.69,17.5
2026-03-21T00:40:11.296740,0,0,17.62,17.5
2026-03-21T00:40:47.201997,0,0,17.69,17.5
2026-03-21T00:41:10.627677,0,0,17.69,17.5
2026-03-21T00:41:24.647586,0,0,17.69,17.5
2026-03-21T00:41:41.137456,0,0,17.69,17.5
2026-03-21T00:41:55.087466,0,0,17.69,17.5
2026-03-21T00:42:11.647823,0,0,17.69,17.5
2026-03-21T00:42:25.766017,0,0,17.69,17.5
2026-03-21T00:42:39.948376,0,0,17.69,17.5
2026-03-21T00:42:55.482152,0,0,17.69,17.5
2026-03-21T00:43:09.922554,0,0,17.69,17.5
2026-03-21T00:43:28.668534,0,0,17.62,17.5
2026-03-21T00:44:04.392174,0,0,17.62,17.5
2026-03-21T00:44:18.549034,0,0,17.62,17.5
2026-03-21T00:45:05.109118,0,0,17.69,17.5
2026-03-21T00:46:08.909826,0,0,17.62,17.5
2026-03-21T00:46:23.439467,0,0,17.69,17.5
2026-03-21T00:46:37.380258,0,0,17.62,17.5
2026-03-21T00:47:11.929262,0,0,17.69,17.5
2026-03-21T00:47:27.149228,0,0,17.62,17.5
2026-03-21T00:47:40.321994,0,0,17.69,17.5
2026-03-21T00:47:54.590838,0,0,17.62,17.37
2026-03-21T00:48:06.151736,0,0,17.62,17.5
2026-03-21T00:48:20.111209,0,0,17.62,17.5
2026-03-21T00:48:52.691175,0,0,17.69,17.5
2026-03-21T00:49:58.861616,0,0,17.69,17.5
2026-03-21T00:50:10.911370,0,0,17.62,17.5
2026-03-21T00:50:24.892190,0,0,17.69,17.5
2026-03-21T00:50:38.951634,0,0,17.69,17.5
2026-03-21T00:50:53.312173,0,0,17.75,17.5
2026-03-21T00:51:07.432693,0,0,17.62,17.5
2026-03-21T00:51:23.198593,0,0,17.75,17.5
2026-03-21T00:51:35.142932,0,0,17.69,17.5
2026-03-21T00:51:49.785047,0,0,17.81,17.5
2026-03-21T00:52:13.752558,0,0,17.69,17.5
2026-03-21T00:52:27.652828,0,0,17.69,17.5
2026-03-21T00:52:42.112171,0,0,17.75,17.5
2026-03-21T00:52:56.212624,0,0,17.69,17.5
2026-03-21T00:53:10.373259,0,0,17.75,17.5
2026-03-21T00:53:24.443539,0,0,17.75,17.5
2026-03-21T00:53:38.582128,0,0,17.75,17.5
2026-03-21T00:53:52.853177,0,0,17.69,17.5
2026-03-21T00:54:07.393845,0,0,17.75,17.5
2026-03-21T00:54:21.854038,0,0,17.81,17.62
2026-03-21T00:54:36.567449,0,0,17.75,17.5
2026-03-21T00:55:22.187214,0,0,17.75,17.62
2026-03-21T00:55:34.194333,0,0,17.69,17.5
2026-03-21T00:55:46.407717,0,0,17.81,17.5
2026-03-21T00:55:58.274948,0,0,17.75,17.5
2026-03-21T00:56:15.354139,0,0,17.75,17.5
2026-03-21T00:56:29.244706,0,0,17.75,17.5
2026-03-21T00:56:51.864433,0,0,17.75,17.62
2026-03-21T00:57:32.374464,0,0,17.69,17.62
2026-03-21T00:57:45.955500,0,0,17.75,17.62
2026-03-21T00:57:58.255036,0,0,17.75,17.5
2026-03-21T00:58:13.955226,0,0,17.75,17.62
2026-03-21T00:58:28.158893,0,0,17.75,17.5
2026-03-21T00:59:04.005213,0,0,17.75,17.5
2026-03-21T00:59:18.201102,0,0,17.69,17.62
2026-03-21T00:59:29.676152,0,0,17.75,17.62
2026-03-21T00:59:46.784374,0,0,17.75,17.5
2026-03-21T01:00:00.835937,0,0,17.75,17.5
2026-03-21T01:00:15.215011,0,0,17.75,17.5
2026-03-21T01:00:30.136847,0,0,17.75,17.62
2026-03-21T01:00:43.426156,0,0,17.75,17.5
2026-03-21T01:00:57.377146,0,0,17.75,17.5
2026-03-21T01:01:32.927148,0,0,17.69,17.5
2026-03-21T01:01:47.696980,0,0,17.62,17.5
2026-03-21T01:02:01.877665,0,0,17.62,17.5
2026-03-21T01:02:17.791076,0,0,17.69,17.5
2026-03-21T01:02:31.909300,0,0,17.62,17.5
2026-03-21T01:02:46.057916,0,0,17.69,17.5
2026-03-21T01:03:00.417266,0,0,17.69,17.62
2026-03-21T01:03:14.397557,0,0,17.69,17.5
2026-03-21T01:03:30.917748,0,0,17.69,17.5
2026-03-21T01:03:44.908583,0,0,17.62,17.5
2026-03-21T01:03:59.732509,0,0,17.62,17.5
2026-03-21T01:04:13.606435,0,0,17.62,17.5
2026-03-21T01:04:27.993761,0,0,17.62,17.5
2026-03-21T01:04:42.486747,0,0,17.69,17.37
2026-03-21T01:04:55.462251,0,0,17.56,17.37
2026-03-21T01:05:09.638605,0,0,17.69,17.37
2026-03-21T01:05:23.908986,0,0,17.62,17.5
2026-03-21T01:05:38.628658,0,0,17.69,17.5
2026-03-21T01:05:53.018558,0,0,17.56,17.5
2026-03-21T01:06:16.499166,0,0,17.56,17.5
2026-03-21T01:06:31.469576,0,0,17.62,17.37
2026-03-21T01:06:56.727308,0,0,17.69,17.37
2026-03-21T01:07:10.608267,0,0,17.62,17.5
2026-03-21T01:07:22.049260,0,0,17.56,17.37
2026-03-21T01:08:12.789871,0,0,17.62,17.37
2026-03-21T01:08:27.239538,0,0,17.69,17.5
2026-03-21T01:08:41.098928,0,0,17.62,17.5
2026-03-21T01:09:15.599921,0,0,17.62,17.5
2026-03-21T01:09:46.869945,0,0,17.62,17.5
2026-03-21T01:10:08.669677,0,0,17.56,17.37
2026-03-21T01:10:23.643843,0,0,17.56,17.37
2026-03-21T01:10:37.068342,0,0,17.56,17.5
2026-03-21T01:10:51.618896,0,0,17.62,17.37
2026-03-21T01:11:06.221328,0,0,17.62,17.37
2026-03-21T01:12:07.582020,0,0,17.56,17.37
2026-03-21T01:12:21.877333,0,0,17.56,17.37
2026-03-21T01:12:36.251291,0,0,17.56,17.37
2026-03-21T01:13:02.361677,0,0,17.69,17.37
2026-03-21T01:13:16.782329,0,0,17.62,17.37
2026-03-21T01:13:30.832004,0,0,17.56,17.37
2026-03-21T01:13:44.705670,0,0,17.62,17.37
2026-03-21T01:14:07.932185,0,0,17.56,17.37
2026-03-21T01:14:22.422802,0,0,17.56,17.37
2026-03-21T01:14:36.458669,0,0,17.56,17.37
2026-03-21T01:14:50.799090,0,0,17.69,17.37
2026-03-21T01:15:13.682889,0,0,17.56,17.37
2026-03-21T01:15:27.673678,0,0,17.56,17.37
2026-03-21T01:15:41.163173,0,0,17.56,17.37
2026-03-21T01:16:04.683667,0,0,17.56,17.37
2026-03-21T01:16:18.823452,0,0,17.56,17.37
2026-03-21T01:16:54.533445,0,0,17.62,17.37
2026-03-21T01:17:23.744006,0,0,17.62,17.5
2026-03-21T01:17:39.647195,0,0,17.62,17.37
2026-03-21T01:17:54.163931,0,0,17.62,17.5
2026-03-21T01:18:08.173841,0,0,17.62,17.5
2026-03-21T01:18:33.660964,0,0,17.62,17.5
2026-03-21T01:19:05.444666,0,0,17.62,17.37
2026-03-21T01:19:19.955712,0,0,17.62,17.37
2026-03-21T01:19:33.865013,0,0,17.62,17.5
2026-03-21T01:19:48.264698,0,0,17.62,17.37
2026-03-21T01:20:02.425062,0,0,17.62,17.37
2026-03-21T01:20:16.915209,0,0,17.62,17.37
2026-03-21T01:20:37.365317,0,0,17.62,17.37
2026-03-21T01:20:52.405228,0,0,17.69,17.5
2026-03-21T01:21:06.395956,0,0,17.62,17.5
2026-03-21T01:21:20.780401,0,0,17.62,17.5
2026-03-21T01:21:54.815957,0,0,17.62,17.37
2026-03-21T01:22:29.126020,0,0,17.62,17.37
2026-03-21T01:22:50.453212,0,0,17.69,17.5
2026-03-21T01:23:55.827150,0,0,17.69,17.5
2026-03-21T01:24:08.225989,0,0,17.69,17.5
2026-03-21T01:24:20.074692,0,0,17.69,17.5
2026-03-21T01:24:42.575100,0,0,17.69,17.5
2026-03-21T01:24:57.127883,0,0,17.75,17.5
2026-03-21T01:25:11.617326,0,0,17.81,17.5
2026-03-21T01:26:02.528316,0,0,17.75,17.62
2026-03-21T01:26:15.827705,0,0,17.75,17.5
2026-03-21T01:26:56.531638,0,0,17.75,17.62
2026-03-21T01:27:10.488974,0,0,17.81,17.62
2026-03-21T01:27:25.009104,0,0,17.81,17.62
2026-03-21T01:27:41.688967,0,0,17.87,17.62
2026-03-21T01:27:56.158606,0,0,17.87,17.62
2026-03-21T01:28:13.189331,0,0,17.87,17.62
2026-03-21T01:28:25.289296,0,0,18.0,17.75
2026-03-21T01:28:37.471371,0,0,17.94,17.62
2026-03-21T01:28:51.958364,0,0,17.94,17.75
2026-03-21T01:29:05.359137,0,0,17.87,17.75
2026-03-21T01:29:28.709853,0,0,17.87,17.75
2026-03-21T01:29:40.749691,0,0,17.87,17.62
2026-03-21T01:29:52.471500,0,0,17.87,17.62
2026-03-21T01:30:16.139664,0,0,17.87,17.62
2026-03-21T01:30:30.132856,0,0,17.87,17.75
2026-03-21T01:30:44.730223,0,0,17.94,17.75
2026-03-21T01:30:59.246931,0,0,17.94,17.62
2026-03-21T01:31:21.240364,0,0,17.87,17.75
2026-03-21T01:31:35.080849,0,0,17.94,17.62
2026-03-21T01:31:49.845667,0,0,17.94,17.75
2026-03-21T01:32:03.120811,0,0,18.0,17.75
2026-03-21T01:32:31.650319,0,0,17.94,17.75
2026-03-21T01:33:07.084796,0,0,18.0,17.75
2026-03-21T01:33:21.071400,0,0,18.0,17.75
2026-03-21T01:33:33.120976,0,0,18.06,17.75
2026-03-21T01:33:52.088921,0,0,18.0,17.75
2026-03-21T01:34:26.495258,0,0,18.06,18.0
2026-03-21T01:34:41.569824,0,0,18.06,17.87
2026-03-21T01:34:54.322419,0,0,18.06,17.87
2026-03-21T01:35:08.654651,0,0,18.06,17.87
2026-03-21T01:35:23.339946,0,0,18.19,17.87
2026-03-21T01:35:35.672476,0,0,18.12,17.87
2026-03-21T01:35:52.582145,0,0,18.12,17.87
2026-03-21T01:36:06.812771,0,0,18.06,17.87
2026-03-21T01:36:24.287626,0,0,18.12,17.87
2026-03-21T01:36:38.363016,0,0,18.06,17.87
2026-03-21T01:37:39.763474,0,0,18.06,17.87
2026-03-21T01:37:53.863547,0,0,18.06,17.87
2026-03-21T01:38:08.166061,0,0,18.06,17.87
2026-03-21T01:38:22.343834,0,0,18.06,17.87
2026-03-21T01:38:36.834490,0,0,18.12,17.87
2026-03-21T01:39:00.303643,0,0,18.06,17.87
2026-03-21T01:40:08.054388,0,0,18.06,17.87
2026-03-21T01:40:22.235380,0,0,18.0,17.87
2026-03-21T01:40:36.592787,0,0,18.06,17.87
2026-03-21T01:40:50.522445,0,0,18.0,17.75
2026-03-21T01:41:05.115860,0,0,18.06,17.75
2026-03-21T01:41:36.725316,0,0,17.87,17.75
2026-03-21T01:41:49.895210,0,0,17.94,17.75
2026-03-21T01:42:04.216393,0,0,17.94,17.75
2026-03-21T01:42:18.185176,0,0,17.87,17.75
2026-03-21T01:42:32.231915,0,0,17.94,17.62
2026-03-21T01:42:55.995953,0,0,17.94,17.75
2026-03-21T01:43:10.166549,0,0,17.87,17.62
2026-03-21T01:43:31.245640,0,0,17.87,17.62
2026-03-21T01:43:45.534843,0,0,17.94,17.62
2026-03-21T01:44:01.975917,0,0,17.81,17.62
2026-03-21T01:44:16.367175,0,0,17.94,17.62
2026-03-21T01:44:42.389844,0,0,17.87,17.75
2026-03-21T01:44:56.680585,0,0,17.87,17.62
2026-03-21T01:45:46.078660,0,0,17.87,17.62
2026-03-21T01:45:59.337821,0,0,17.81,17.62
2026-03-21T01:46:14.707586,0,0,17.87,17.62
2026-03-21T01:46:28.878290,0,0,17.87,17.62
2026-03-21T01:46:42.887952,0,0,17.87,17.75
2026-03-21T01:47:26.277746,0,0,17.87,17.62
2026-03-21T01:47:40.701835,0,0,17.81,17.62
2026-03-21T01:47:54.617949,0,0,17.87,17.75
2026-03-21T01:48:10.101214,0,0,17.94,17.75
2026-03-21T01:48:24.418795,0,0,17.94,17.75
2026-03-21T01:48:58.398536,0,0,17.87,17.62
2026-03-21T01:49:32.903717,0,0,17.87,17.62
2026-03-21T01:49:57.212772,0,0,17.81,17.62
2026-03-21T01:50:11.848916,0,0,17.87,17.62
2026-03-21T01:50:26.399445,0,0,17.87,17.62
2026-03-21T01:51:00.368612,0,0,17.87,17.62
2026-03-21T01:52:55.920391,0,0,18.0,17.75
2026-03-21T01:53:08.941104,0,0,17.94,17.75
2026-03-21T01:53:21.010959,0,0,18.0,17.75
2026-03-21T01:53:35.750169,0,0,18.06,17.75
2026-03-21T01:53:52.986722,0,0,18.0,17.87
2026-03-21T01:54:07.669980,0,0,18.06,17.75
2026-03-21T01:54:30.790996,0,0,18.0,17.75
2026-03-21T01:54:43.961008,0,0,17.94,17.75
2026-03-21T01:55:15.780257,0,0,18.0,17.75
2026-03-21T01:55:30.061572,0,0,17.94,17.75
2026-03-21T01:55:44.109245,0,0,17.87,17.75
2026-03-21T01:55:58.342161,0,0,17.94,17.75
2026-03-21T01:56:13.541991,0,0,17.94,17.75
2026-03-21T01:56:27.822434,0,0,17.94,17.75
2026-03-21T01:56:59.939799,0,0,17.94,17.75
2026-03-21T01:57:13.072233,0,0,17.94,17.75
2026-03-21T01:58:07.143425,0,0,17.94,17.75
2026-03-21T01:58:21.044629,0,0,17.87,17.75
2026-03-21T01:58:35.204263,0,0,17.87,17.75
2026-03-21T01:59:14.163136,0,0,17.87,17.62
2026-03-21T01:59:28.083696,0,0,17.81,17.62
2026-03-21T01:59:43.764188,0,0,17.81,17.62
2026-03-21T01:59:55.822608,0,0,17.94,17.62
2026-03-21T02:01:12.138407,0,0,17.75,17.62
2026-03-21T02:01:26.487229,0,0,17.81,17.62
2026-03-21T02:01:40.489229,0,0,17.75,17.62
2026-03-21T02:01:52.366866,0,0,17.75,17.5
2026-03-21T02:02:03.931259,0,0,17.75,17.5
2026-03-21T02:02:17.915643,0,0,17.69,17.5
2026-03-21T02:02:31.332256,0,0,17.69,17.5
2026-03-21T02:02:45.022153,0,0,17.69,17.5
2026-03-21T02:02:56.743676,0,0,17.69,17.5
2026-03-21T02:03:10.143431,0,0,17.69,17.5
2026-03-21T02:03:23.744491,0,0,17.69,17.5
2026-03-21T02:03:46.424163,0,0,17.81,17.62
2026-03-21T02:03:58.095416,0,0,17.75,17.62
2026-03-21T02:04:10.114155,0,0,17.75,17.5
2026-03-21T02:04:23.885008,0,0,17.75,17.62
2026-03-21T02:04:44.446321,0,0,17.75,17.5
2026-03-21T02:04:57.936909,0,0,17.69,17.62
2026-03-21T02:05:09.136881,0,0,17.75,17.62
2026-03-21T02:05:23.107031,0,0,17.81,17.5
2026-03-21T02:05:37.011890,0,0,17.69,17.5
2026-03-21T02:05:49.268264,0,0,17.69,17.5
2026-03-21T02:06:04.370078,0,0,17.69,17.5
2026-03-21T02:06:15.389546,0,0,17.69,17.5
2026-03-21T02:06:33.277306,0,0,17.69,17.5
2026-03-21T02:06:47.360244,0,0,17.75,17.5
2026-03-21T02:07:08.069826,0,0,17.75,17.62
2026-03-21T02:07:19.819760,0,0,17.81,17.62
2026-03-21T02:07:32.941233,0,0,17.75,17.5
2026-03-21T02:07:47.593818,0,0,17.75,17.62
2026-03-21T02:08:01.461156,0,0,17.75,17.62
2026-03-21T02:08:15.081053,0,0,17.81,17.5
2026-03-21T02:08:28.683179,0,0,17.75,17.5
2026-03-21T02:08:40.263388,0,0,17.75,17.62
2026-03-21T02:09:23.554479,0,0,17.81,17.62
2026-03-21T02:10:05.785316,0,0,17.81,17.5
2026-03-21T02:10:17.565855,0,0,17.69,17.5
2026-03-21T02:10:40.527211,0,0,17.69,17.5
2026-03-21T02:10:54.419549,0,0,17.75,17.5
2026-03-21T02:11:07.757135,0,0,17.75,17.5
2026-03-21T02:11:21.358170,0,0,17.75,17.62
2026-03-21T02:11:41.528041,0,0,17.75,17.62
2026-03-21T02:12:23.090073,0,0,17.87,17.62
2026-03-21T02:12:41.379971,0,0,17.81,17.62
2026-03-21T02:13:04.440929,0,0,17.87,17.62
2026-03-21T02:13:34.481667,0,0,17.87,17.75
2026-03-21T02:13:48.205698,0,0,17.87,17.62
2026-03-21T02:13:59.455772,0,0,17.87,17.75
2026-03-21T02:14:15.363664,0,0,17.87,17.62
2026-03-21T02:14:29.033316,0,0,17.94,17.75
2026-03-21T02:14:43.477906,0,0,18.0,17.75
2026-03-21T02:15:05.925307,0,0,17.87,17.75
2026-03-21T02:15:20.095230,0,0,17.94,17.75
2026-03-21T02:15:34.263943,0,0,17.94,17.75
2026-03-21T02:15:56.486322,0,0,17.87,17.62
2026-03-21T02:16:10.116261,0,0,17.94,17.62
2026-03-21T02:16:46.528185,0,0,17.87,17.75
2026-03-21T02:17:04.128363,0,0,17.87,17.75
2026-03-21T02:17:18.108261,0,0,18.0,17.75
2026-03-21T02:17:37.928104,0,0,17.94,17.75
2026-03-21T02:18:03.330426,0,0,17.94,17.75
2026-03-21T02:18:17.119501,0,0,17.94,17.75
2026-03-21T02:18:31.131281,0,0,18.0,17.75
2026-03-21T02:18:43.871383,0,0,17.94,17.75
2026-03-21T02:19:21.932460,0,0,17.94,17.75
2026-03-21T02:19:34.593396,0,0,17.94,17.87
2026-03-21T02:19:49.607102,0,0,18.0,17.75
2026-03-21T02:20:18.404397,0,0,17.94,17.75
2026-03-21T02:20:32.344444,0,0,18.0,17.75
2026-03-21T02:20:44.945496,0,0,18.0,17.75
2026-03-21T02:21:48.877369,0,0,18.0,17.87
2026-03-21T02:22:00.497682,0,0,18.0,17.75
2026-03-21T02:22:13.817405,0,0,18.06,17.75
2026-03-21T02:22:26.742287,0,0,18.06,17.87
2026-03-21T02:23:33.400069,0,0,18.12,17.87
2026-03-21T02:23:45.815572,0,0,18.12,17.87
2026-03-21T02:24:00.379346,0,0,18.06,17.87
2026-03-21T02:24:14.193822,0,0,18.06,17.87
2026-03-21T02:24:45.500313,0,0,18.25,17.87
2026-03-21T02:25:01.982433,0,0,18.19,17.87
2026-03-21T02:25:48.444040,0,0,18.12,17.87
2026-03-21T02:26:02.873833,0,0,18.12,17.87
2026-03-21T02:26:16.375278,0,0,18.12,17.87
2026-03-21T02:26:30.102264,0,0,18.12,17.87
2026-03-21T02:27:16.476061,0,0,18.12,18.0
2026-03-21T02:27:32.526400,0,0,18.12,18.0
2026-03-21T02:27:46.327400,0,0,18.12,17.87
2026-03-21T02:28:00.037541,0,0,18.19,18.0
2026-03-21T02:28:14.376086,0,0,18.25,17.87
2026-03-21T02:28:27.958111,0,0,18.19,17.87
2026-03-21T02:28:49.959625,0,0,18.31,18.0
2026-03-21T02:29:03.470040,0,0,18.19,18.0
2026-03-21T02:29:22.270614,0,0,18.12,18.0
2026-03-21T02:29:36.251536,0,0,18.19,18.0
2026-03-21T02:29:49.631516,0,0,18.19,18.0
2026-03-21T02:30:19.972662,0,0,18.19,18.0
2026-03-21T02:30:32.986222,0,0,18.25,18.0
2026-03-21T02:31:18.714409,0,0,18.25,18.0
2026-03-21T02:31:30.754590,0,0,18.12,18.0
2026-03-21T02:31:45.941812,0,0,18.31,18.0
2026-03-21T02:31:59.992158,0,0,18.25,18.0
2026-03-21T02:32:13.535437,0,0,18.12,17.87
2026-03-21T02:32:33.426264,0,0,18.12,18.0
2026-03-21T02:32:50.876695,0,0,18.12,17.87
2026-03-21T02:33:04.387514,0,0,18.12,18.0
2026-03-21T02:33:17.956946,0,0,18.12,18.0
2026-03-21T02:33:40.428310,0,0,18.12,18.0
2026-03-21T02:33:52.548581,0,0,18.12,17.87
2026-03-21T02:34:01.788793,0,0,18.12,17.87
2026-03-21T02:34:20.879226,0,0,18.19,17.87
2026-03-21T02:34:34.428012,0,0,18.12,17.87
2026-03-21T02:34:48.619543,0,0,18.25,18.0
2026-03-21T02:34:59.690421,0,0,18.12,17.87
2026-03-21T02:35:11.094066,0,0,18.12,18.0
2026-03-21T02:35:24.571431,0,0,18.12,17.87
2026-03-21T02:35:38.221423,0,0,18.25,17.87
2026-03-21T02:35:52.842823,0,0,18.12,17.87
2026-03-21T02:36:06.362160,0,0,18.12,17.87
2026-03-21T02:36:20.123680,0,0,18.12,17.87
2026-03-21T02:36:33.843300,0,0,18.19,18.0
2026-03-21T02:36:48.037539,0,0,18.25,17.87
2026-03-21T02:37:10.464419,0,0,18.12,17.87
2026-03-21T02:37:22.004744,0,0,18.12,18.0
2026-03-21T02:37:45.165470,0,0,18.12,18.0
2026-03-21T02:37:56.865637,0,0,18.12,18.0
2026-03-21T02:38:07.966002,0,0,18.12,18.0
2026-03-21T02:38:21.866603,0,0,18.31,17.87
2026-03-21T02:38:35.197648,0,0,18.19,18.0
2026-03-21T02:38:49.207198,0,0,18.19,18.0
2026-03-21T02:39:10.907948,0,0,18.19,17.87
2026-03-21T02:39:30.878193,0,0,18.12,18.0
2026-03-21T02:39:47.379389,0,0,18.19,18.0
2026-03-21T02:39:58.349944,0,0,18.12,18.0
2026-03-21T02:40:12.232999,0,0,18.19,18.0
2026-03-21T02:40:51.021683,0,0,18.31,18.0
2026-03-21T02:41:07.011746,0,0,18.12,17.87
2026-03-21T02:41:18.611469,0,0,18.06,17.87
2026-03-21T02:41:39.202058,0,0,18.06,17.87
2026-03-21T02:41:53.191517,0,0,18.12,17.87
2026-03-21T02:42:06.823847,0,0,18.0,17.87
2026-03-21T02:42:20.910594,0,0,18.06,17.87
2026-03-21T02:42:37.073735,0,0,18.0,17.75
2026-03-21T02:42:50.958192,0,0,18.0,17.75
2026-03-21T02:43:07.667209,0,0,18.06,17.87
2026-03-21T02:43:21.669115,0,0,18.06,17.87
2026-03-21T02:43:35.096502,0,0,18.0,17.87
2026-03-21T02:43:48.586262,0,0,18.06,17.87
2026-03-21T02:44:02.266781,0,0,18.06,17.87
2026-03-21T02:44:15.557478,0,0,18.06,17.87
2026-03-21T02:44:29.327629,0,0,18.19,17.87
2026-03-21T02:44:42.878363,0,0,18.12,17.87
2026-03-21T02:44:56.358432,0,0,18.12,17.87
2026-03-21T02:45:12.882420,0,0,18.12,17.87
2026-03-21T02:45:24.853323,0,0,18.12,17.87
2026-03-21T02:45:51.176348,0,0,18.31,17.87
2026-03-21T02:46:05.214345,0,0,18.31,17.87
2026-03-21T02:46:20.661451,0,0,18.12,17.87
2026-03-21T02:46:42.362027,0,0,18.12,17.87
2026-03-21T02:47:05.422265,0,0,18.19,17.87
2026-03-21T02:47:47.731457,0,0,18.25,17.87
2026-03-21T02:48:01.174047,0,0,18.06,17.87
2026-03-21T02:48:22.964682,0,0,18.12,17.87
2026-03-21T02:48:36.754445,0,0,18.19,17.87
2026-03-21T02:48:50.469332,0,0,18.06,17.87
2026-03-21T02:49:05.425944,0,0,18.25,17.87
2026-03-21T02:49:16.626405,0,0,18.12,17.87
2026-03-21T02:49:30.616619,0,0,18.25,18.0
2026-03-21T02:49:44.647332,0,0,18.31,18.0
2026-03-21T02:49:56.677389,0,0,18.25,18.0
2026-03-21T02:50:10.648079,0,0,18.31,18.0
2026-03-21T02:51:12.903094,0,0,18.25,18.0
2026-03-21T02:51:28.182077,0,0,18.25,17.87
2026-03-21T02:51:44.654493,0,0,18.06,17.87
2026-03-21T02:51:58.541959,0,0,18.06,17.87
2026-03-21T02:52:32.605174,0,0,18.12,17.87
2026-03-21T02:52:44.372772,0,0,18.19,17.87
2026-03-21T02:53:18.513641,0,0,18.19,17.87
2026-03-21T02:53:41.624761,0,0,18.12,18.0
2026-03-21T02:53:53.355098,0,0,18.06,17.87
2026-03-21T02:54:07.348895,0,0,18.06,17.87
2026-03-21T02:54:21.155495,0,0,18.06,17.87
2026-03-21T02:54:34.675441,0,0,18.06,17.87
2026-03-21T02:55:07.131538,0,0,18.12,17.87
2026-03-21T02:55:21.179582,0,0,18.06,17.87
2026-03-21T02:55:35.406470,0,0,18.19,17.87
2026-03-21T02:56:42.649609,0,0,18.06,17.87
2026-03-21T02:56:57.257612,0,0,18.06,17.87
2026-03-21T02:57:11.010040,0,0,18.0,17.75
2026-03-21T02:57:25.269991,0,0,18.12,17.87
2026-03-21T02:57:39.655254,0,0,18.12,17.87
2026-03-21T02:58:16.632552,0,0,18.06,17.87
2026-03-21T02:58:32.612699,0,0,18.06,17.87
2026-03-21T02:58:44.273817,0,0,18.06,17.87
2026-03-21T02:58:57.924095,0,0,18.06,17.87
2026-03-21T02:59:12.777590,0,0,18.06,17.87
2026-03-21T02:59:31.144757,0,0,18.06,17.87
2026-03-21T02:59:54.324830,0,0,18.19,17.87
2026-03-21T03:00:08.056079,0,0,18.12,17.87
2026-03-21T03:00:21.643533,0,0,18.06,17.87
2026-03-21T03:00:39.594881,0,0,18.12,18.0
2026-03-21T03:00:53.206849,0,0,18.12,18.0
2026-03-21T03:01:14.619232,0,0,81.0,80.0
2026-03-21T03:01:48.638862,0,0,18.37,18.0
2026-03-21T03:02:02.239002,0,0,18.19,18.0
2026-03-21T03:02:35.410654,0,0,18.25,18.0
2026-03-21T03:03:07.491966,0,0,18.31,18.0
2026-03-21T03:03:23.080715,0,0,18.19,18.0
2026-03-21T03:03:36.650233,0,0,18.19,18.0
2026-03-21T03:03:59.771815,0,0,18.25,18.12
2026-03-21T03:04:13.641653,0,0,18.25,18.0
2026-03-21T03:04:27.272664,0,0,18.25,18.0
2026-03-21T03:04:39.333714,0,0,18.19,18.0
2026-03-21T03:04:53.893270,0,0,18.19,18.0
2026-03-21T03:05:06.702568,0,0,18.19,18.0
2026-03-21T03:05:20.740472,0,0,18.31,18.12
2026-03-21T03:05:34.275903,0,0,18.19,18.12
2026-03-21T03:05:49.106083,0,0,18.19,18.12
2026-03-21T03:06:02.756877,0,0,18.19,18.0
2026-03-21T03:06:25.155852,0,0,18.19,18.0
2026-03-21T03:06:36.827942,0,0,18.31,18.0
2026-03-21T03:06:50.437686,0,0,18.12,18.0
2026-03-21T03:07:03.308886,0,0,18.19,18.0
2026-03-21T03:07:16.939128,0,0,18.19,18.0
2026-03-21T03:07:33.572662,0,0,18.12,18.0
2026-03-21T03:08:03.680573,0,0,18.31,18.0
2026-03-21T03:08:17.180916,0,0,18.19,18.0
2026-03-21T03:08:31.404556,0,0,18.25,18.0
2026-03-21T03:08:43.511910,0,0,18.19,18.25
2026-03-21T03:09:16.545516,0,0,18.19,18.12
2026-03-21T03:09:29.352615,0,0,18.19,18.12
2026-03-21T03:10:09.130004,0,0,18.31,18.0
2026-03-21T03:10:21.296351,0,0,18.19,18.0
2026-03-21T03:10:43.694985,0,0,18.25,18.12
2026-03-21T03:11:27.866071,0,0,18.25,18.0
2026-03-21T03:11:56.986909,0,0,18.25,18.12
2026-03-21T03:13:03.199068,0,0,18.19,18.12
2026-03-21T03:13:17.109400,0,0,18.19,17.87
2026-03-21T03:13:36.929962,0,0,18.12,18.0
2026-03-21T03:14:33.261727,0,0,18.06,17.87
2026-03-21T03:14:44.801790,0,0,18.06,17.87
2026-03-21T03:14:58.352906,0,0,18.06,17.87
2026-03-21T03:15:12.881852,0,0,18.06,17.87
2026-03-21T03:15:26.443753,0,0,18.06,17.87
2026-03-21T03:15:43.904406,0,0,18.12,17.87
2026-03-21T03:15:57.442839,0,0,18.06,17.87
2026-03-21T03:16:15.305222,0,0,18.06,17.87
2026-03-21T03:16:33.245770,0,0,18.06,17.87
2026-03-21T03:17:24.747006,0,0,18.12,17.87
2026-03-21T03:17:43.747739,0,0,18.12,17.87
2026-03-21T03:17:55.187957,0,0,18.12,18.0
2026-03-21T03:18:10.370318,0,0,18.19,17.87
2026-03-21T03:18:24.058318,0,0,18.25,18.0
2026-03-21T03:18:37.809223,0,0,18.31,18.0
2026-03-21T03:18:51.089700,0,0,18.25,18.12
2026-03-21T03:19:04.587535,0,0,18.31,18.25
2026-03-21T03:19:18.151186,0,0,18.25,18.12
2026-03-21T03:19:31.690996,0,0,18.31,18.12
2026-03-21T03:19:45.180814,0,0,18.37,18.12
2026-03-21T03:19:59.752101,0,0,18.37,18.25
2026-03-21T03:20:45.089948,0,0,18.44,18.25
2026-03-21T03:21:02.033933,0,0,18.44,18.37
2026-03-21T03:21:27.433924,0,0,18.5,18.37
2026-03-21T03:21:49.845112,0,0,18.56,18.37
2026-03-21T03:22:03.396004,0,0,18.5,18.25
2026-03-21T03:22:14.355866,0,0,18.5,18.37
2026-03-21T03:22:25.666265,0,0,18.5,18.37
2026-03-21T03:22:36.596831,0,0,18.5,18.37
2026-03-21T03:23:12.337929,0,0,18.5,18.37
2026-03-21T03:23:26.038033,0,0,18.5,18.37
2026-03-21T03:23:59.339530,0,0,18.5,18.37
2026-03-21T03:24:15.514508,0,0,18.5,18.37
2026-03-21T03:24:36.019867,0,0,18.5,18.37
2026-03-21T03:24:49.579676,0,0,18.56,18.37
2026-03-21T03:25:09.447080,0,0,18.5,18.37
2026-03-21T03:25:32.601956,0,0,18.5,18.37
2026-03-21T03:25:46.112136,0,0,18.44,18.37
2026-03-21T03:26:16.472958,0,0,18.44,18.25
2026-03-21T03:26:30.186660,0,0,18.5,18.25
2026-03-21T03:26:49.222941,0,0,18.44,18.25
2026-03-21T03:27:23.515344,0,0,18.5,18.37
2026-03-21T03:27:37.925853,0,0,18.44,18.37
2026-03-21T03:27:51.455827,0,0,18.44,18.25
2026-03-21T03:28:04.855955,0,0,18.44,18.25
2026-03-21T03:28:33.377115,0,0,18.37,18.25
2026-03-21T03:28:50.616164,0,0,18.31,18.25
2026-03-21T03:29:04.097831,0,0,18.31,18.25
2026-03-21T03:29:37.252493,0,0,18.31,18.12
2026-03-21T03:29:58.339857,0,0,18.31,18.25
2026-03-21T03:30:11.990377,0,0,18.31,18.12
2026-03-21T03:30:25.400770,0,0,18.31,18.12
2026-03-21T03:30:39.021299,0,0,18.31,18.12
2026-03-21T03:30:55.091306,0,0,18.31,18.12
2026-03-21T03:31:08.662026,0,0,18.31,18.12
2026-03-21T03:31:22.272031,0,0,18.25,18.12
2026-03-21T03:31:41.582903,0,0,18.25,18.12
2026-03-21T03:32:13.517676,0,0,18.19,18.0
2026-03-21T03:32:26.623182,0,0,18.19,18.0
2026-03-21T03:32:40.275078,0,0,18.12,18.0
2026-03-21T03:32:54.208540,0,0,18.12,18.0
2026-03-21T03:33:23.576102,0,0,18.06,17.87
2026-03-21T03:33:36.306031,0,0,18.0,17.87
2026-03-21T03:33:50.056991,0,0,17.94,17.87
2026-03-21T03:34:04.724921,0,0,17.94,17.87
2026-03-21T03:34:17.218331,0,0,17.94,17.87
2026-03-21T03:34:30.577966,0,0,17.94,17.75
2026-03-21T03:34:44.158288,0,0,17.87,17.75
2026-03-21T03:35:09.009023,0,0,17.87,17.75
2026-03-21T03:35:22.500311,0,0,17.87,17.75
2026-03-21T03:35:36.020353,0,0,17.87,17.75
2026-03-21T03:35:50.499936,0,0,17.87,17.75
2026-03-21T03:36:02.691406,0,0,17.81,17.75
2026-03-21T03:36:16.151430,0,0,17.81,17.75
2026-03-21T03:36:32.190310,0,0,17.81,17.75
2026-03-21T03:36:53.580203,0,0,17.81,17.62
2026-03-21T03:37:05.292461,0,0,17.81,17.75
2026-03-21T03:37:18.853168,0,0,17.75,17.62
2026-03-21T03:37:32.353348,0,0,17.75,17.75
2026-03-21T03:37:59.443095,0,0,17.75,17.62
2026-03-21T03:38:23.938962,0,0,17.75,17.62
2026-03-21T03:38:46.578325,0,0,17.75,17.62
2026-03-21T03:38:59.716390,0,0,17.69,17.62
2026-03-21T03:39:13.116022,0,0,17.69,17.62
2026-03-21T03:39:52.557946,0,0,17.69,17.5
2026-03-21T03:40:05.228353,0,0,17.69,17.62
2026-03-21T03:40:16.837478,0,0,17.75,17.62
2026-03-21T03:40:58.130202,0,0,17.69,17.5
2026-03-21T03:41:14.160095,0,0,17.75,17.62
2026-03-21T03:41:27.641118,0,0,17.69,17.5
2026-03-21T03:41:41.151540,0,0,17.69,17.5
2026-03-21T03:42:17.022442,0,0,17.75,17.62
2026-03-21T03:42:30.622579,0,0,17.69,17.62
2026-03-21T03:42:54.476691,0,0,17.75,17.5
2026-03-21T03:43:08.207000,0,0,17.69,17.5
2026-03-21T03:43:27.793799,0,0,17.62,17.5
2026-03-21T03:43:41.575273,0,0,17.69,17.62
2026-03-21T03:43:58.025149,0,0,17.69,17.62
2026-03-21T03:44:09.857079,0,0,17.69,17.5
2026-03-21T03:44:32.916220,0,0,17.69,17.5
2026-03-21T03:44:46.406089,0,0,17.69,17.5
2026-03-21T03:45:07.187482,0,0,17.75,17.62
2026-03-21T03:45:42.428141,0,0,17.69,17.5
2026-03-21T03:46:04.769754,0,0,17.69,17.62
2026-03-21T03:46:18.609741,0,0,17.75,17.62
2026-03-21T03:46:32.140450,0,0,17.69,17.62
2026-03-21T03:46:51.680429,0,0,17.69,17.62
2026-03-21T03:47:04.231303,0,0,17.75,17.62
2026-03-21T03:47:26.631424,0,0,17.75,17.62
2026-03-21T03:47:40.182508,0,0,17.69,17.62
2026-03-21T03:47:57.620048,0,0,17.69,17.62
2026-03-21T03:48:11.183377,0,0,17.69,17.62
2026-03-21T03:48:24.493221,0,0,17.69,17.62
2026-03-21T03:48:38.903909,0,0,17.69,17.62
2026-03-21T03:49:01.623277,0,0,17.69,17.62
2026-03-21T03:49:15.325213,0,0,17.69,17.62
2026-03-21T03:49:29.025244,0,0,17.75,17.62
2026-03-21T03:49:46.015215,0,0,17.75,17.62
2026-03-21T03:49:59.526291,0,0,17.69,17.62
2026-03-21T03:50:42.307419,0,0,17.75,17.62
2026-03-21T03:50:54.008410,0,0,17.75,17.62
2026-03-21T03:51:07.358249,0,0,17.75,17.62
2026-03-21T03:51:22.594287,0,0,17.75,17.62
2026-03-21T03:52:02.823992,0,0,17.75,17.62
2026-03-21T03:52:16.400080,0,0,17.69,17.62
2026-03-21T03:52:32.461568,0,0,17.69,17.62
2026-03-21T03:52:44.041322,0,0,17.69,17.62
2026-03-21T03:52:54.961080,0,0,17.69,17.5
2026-03-21T03:53:08.462113,0,0,17.69,17.62
2026-03-21T03:53:24.922434,0,0,17.69,17.62
2026-03-21T03:53:38.356431,0,0,17.69,17.62
2026-03-21T03:53:51.913621,0,0,17.69,17.62
2026-03-21T03:54:40.494550,0,0,17.69,17.5
2026-03-21T03:54:54.012683,0,0,17.69,17.5
2026-03-21T03:55:07.515298,0,0,17.69,17.62
2026-03-21T03:55:20.976498,0,0,17.69,17.5
2026-03-21T03:55:32.534538,0,0,17.69,17.62
2026-03-21T03:55:46.346612,0,0,17.69,17.5
2026-03-21T03:56:00.270236,0,0,17.69,17.62
2026-03-21T03:56:11.711253,0,0,17.69,17.5
2026-03-21T03:56:25.228634,0,0,17.69,17.5
2026-03-21T03:56:44.876408,0,0,17.75,17.62
2026-03-21T03:56:58.397673,0,0,17.75,17.62
2026-03-21T03:57:12.119436,0,0,17.75,17.62
2026-03-21T03:57:25.597630,0,0,17.69,17.62
2026-03-21T03:57:39.120238,0,0,17.69,17.5
2026-03-21T03:57:53.718225,0,0,17.75,17.62
2026-03-21T03:58:07.192029,0,0,17.75,17.62
2026-03-21T03:58:27.098671,0,0,17.69,17.62
2026-03-21T03:58:39.685324,0,0,17.69,17.62
2026-03-21T03:58:53.652794,0,0,17.75,17.62
2026-03-21T03:59:23.413825,0,0,17.75,17.62
2026-03-21T03:59:36.933801,0,0,17.75,17.62
2026-03-21T03:59:50.384458,0,0,17.75,17.62
2026-03-21T04:00:06.614415,0,0,17.75,17.62
2026-03-21T04:00:20.545467,0,0,17.75,17.5
2026-03-21T04:00:34.105739,0,0,17.75,17.62
2026-03-21T04:00:52.656384,0,0,17.75,17.62
2026-03-21T04:01:12.736283,0,0,17.69,17.62
2026-03-21T04:01:25.077648,0,0,17.69,17.62
2026-03-21T04:01:38.717196,0,0,17.75,17.62
2026-03-21T04:02:14.848393,0,0,17.75,17.62
2026-03-21T04:02:37.509433,0,0,17.75,17.62
2026-03-21T04:02:50.876433,0,0,17.75,17.62
2026-03-21T04:03:04.713123,0,0,17.69,17.62
2026-03-21T04:03:17.380819,0,0,17.75,17.62
2026-03-21T04:03:29.040804,0,0,17.75,17.62
2026-03-21T04:03:40.089241,0,0,17.69,17.62
2026-03-21T04:03:53.631812,0,0,17.69,17.62
2026-03-21T04:04:09.871735,0,0,17.69,17.5
2026-03-21T04:04:32.352728,0,0,17.75,17.62
2026-03-21T04:04:46.315590,0,0,17.75,17.62
2026-03-21T04:05:00.083492,0,0,17.75,17.62
2026-03-21T04:05:13.303724,0,0,17.75,17.62
2026-03-21T04:05:26.964557,0,0,17.75,17.62
2026-03-21T04:05:41.428837,0,0,17.75,17.62
2026-03-21T04:05:55.298063,0,0,17.75,17.62
2026-03-21T04:06:27.946401,0,0,17.69,17.62
2026-03-21T04:06:40.636737,0,0,17.75,17.62
2026-03-21T04:06:54.216721,0,0,17.75,17.62
2026-03-21T04:07:07.637471,0,0,17.75,17.5
2026-03-21T04:07:37.398961,0,0,17.75,17.62
2026-03-21T04:07:52.878566,0,0,17.75,17.62
2026-03-21T04:08:06.489222,0,0,17.75,17.62
2026-03-21T04:08:19.879466,0,0,17.75,17.62
2026-03-21T04:08:39.680641,0,0,17.75,17.5
2026-03-21T04:08:50.698597,0,0,17.75,17.5
2026-03-21T04:09:04.080385,0,0,17.69,17.62
2026-03-21T04:09:17.751802,0,0,17.69,17.62
2026-03-21T04:09:32.201435,0,0,17.69,17.5
2026-03-21T04:09:45.722453,0,0,17.75,17.62
2026-03-21T04:10:01.822357,0,0,17.69,17.62
2026-03-21T04:10:15.581698,0,0,17.69,17.5
2026-03-21T04:10:29.133673,0,0,17.69,17.62
2026-03-21T04:10:42.633794,0,0,17.75,17.5
2026-03-21T04:10:56.204580,0,0,17.69,17.5
2026-03-21T04:11:18.524657,0,0,17.75,17.62
2026-03-21T04:11:32.305692,0,0,17.69,17.62
2026-03-21T04:11:45.944655,0,0,17.69,17.5
2026-03-21T04:11:58.036271,0,0,17.69,17.5
2026-03-21T04:12:51.997487,0,0,17.75,17.62
2026-03-21T04:13:04.408599,0,0,17.75,17.62
2026-03-21T04:13:17.928779,0,0,17.75,17.62
2026-03-21T04:13:31.822162,0,0,17.75,17.62
2026-03-21T04:13:45.511187,0,0,17.75,17.62
2026-03-21T04:13:59.229500,0,0,17.81,17.62
2026-03-21T04:14:10.829809,0,0,17.81,17.62
2026-03-21T04:14:24.500558,0,0,17.81,17.62
2026-03-21T04:14:36.950979,0,0,17.81,17.75
2026-03-21T04:14:50.431530,0,0,17.81,17.75
2026-03-21T04:15:03.931860,0,0,17.81,17.75
2026-03-21T04:15:17.694663,0,0,17.81,17.62
2026-03-21T04:15:31.203029,0,0,17.81,17.62
2026-03-21T04:15:44.573022,0,0,17.81,17.62
2026-03-21T04:16:06.903525,0,0,17.81,17.62
2026-03-21T04:17:15.815818,0,0,17.75,17.62
2026-03-21T04:18:06.927586,0,0,17.75,17.5
2026-03-21T04:18:18.484772,0,0,17.75,17.62
2026-03-21T04:18:32.317548,0,0,17.69,17.62
2026-03-21T04:18:52.098937,0,0,17.69,17.5
2026-03-21T04:19:06.058450,0,0,17.69,17.5
2026-03-21T04:19:35.459875,0,0,17.69,17.62
2026-03-21T04:20:37.039819,0,0,17.69,17.5
2026-03-21T04:20:49.282311,0,0,17.75,17.5
2026-03-21T04:21:02.982358,0,0,17.69,17.62
2026-03-21T04:21:16.492863,0,0,17.69,17.5
2026-03-21T04:21:28.823541,0,0,17.75,17.62
2026-03-21T04:21:39.983882,0,0,17.69,17.5
2026-03-21T04:21:53.454503,0,0,17.69,17.5
2026-03-21T04:22:13.884665,0,0,17.69,17.62
2026-03-21T04:22:29.855750,0,0,17.69,17.62
2026-03-21T04:22:43.442458,0,0,17.69,17.62
2026-03-21T04:22:56.845854,0,0,17.69,17.5
2026-03-21T04:23:10.296682,0,0,17.69,17.5
2026-03-21T04:23:22.146794,0,0,17.69,17.5
2026-03-21T04:23:33.166279,0,0,17.69,17.5
2026-03-21T04:23:44.168087,0,0,17.69,17.5
2026-03-21T04:23:57.607903,0,0,17.69,17.62
2026-03-21T04:24:11.078812,0,0,17.69,17.62
2026-03-21T04:24:50.039759,0,0,17.75,17.5
2026-03-21T04:25:08.849956,0,0,17.75,17.62
2026-03-21T04:25:24.030859,0,0,17.69,17.62
2026-03-21T04:25:37.590522,0,0,17.69,17.62
2026-03-21T04:26:11.369542,0,0,17.69,17.5
2026-03-21T04:26:24.903179,0,0,17.69,17.5
2026-03-21T04:26:38.411980,0,0,17.69,17.5
2026-03-21T04:26:51.932469,0,0,17.69,17.5
2026-03-21T04:27:14.793755,0,0,17.69,17.5
2026-03-21T04:27:28.394964,0,0,17.69,17.5
2026-03-21T04:27:46.344932,0,0,17.69,17.62
2026-03-21T04:28:06.245678,0,0,17.69,17.5
2026-03-21T04:28:25.384816,0,0,17.75,17.5
2026-03-21T04:28:37.966589,0,0,17.75,17.62
2026-03-21T04:28:52.916452,0,0,17.69,17.62
2026-03-21T04:29:06.515985,0,0,17.69,17.62
2026-03-21T04:29:20.077916,0,0,17.69,17.5
2026-03-21T04:29:33.747772,0,0,17.69,17.5
2026-03-21T04:29:53.538754,0,0,17.69,17.5
2026-03-21T04:30:10.269064,0,0,17.75,17.62
2026-03-21T04:30:50.610991,0,0,17.75,17.62
2026-03-21T04:31:03.590690,0,0,17.75,17.62
2026-03-21T04:31:14.760721,0,0,17.81,17.62
2026-03-21T04:31:27.587824,0,0,17.81,17.62
2026-03-21T04:31:41.459986,0,0,17.81,17.75
2026-03-21T04:31:55.032639,0,0,17.81,17.62
2026-03-21T04:32:08.672624,0,0,17.81,17.62
2026-03-21T04:32:22.243019,0,0,17.81,17.62
2026-03-21T04:32:42.114020,0,0,17.87,17.62
2026-03-21T04:32:55.611604,0,0,17.87,17.62
2026-03-21T04:33:13.515125,0,0,17.87,17.62
2026-03-21T04:33:26.974763,0,0,17.87,17.75
2026-03-21T04:33:41.738310,0,0,17.81,17.62
2026-03-21T04:33:55.539880,0,0,17.87,17.75
2026-03-21T04:34:09.136841,0,0,17.81,17.75
2026-03-21T04:34:29.015723,0,0,17.81,17.62
2026-03-21T04:34:44.471669,0,0,17.81,17.75
2026-03-21T04:34:58.017685,0,0,17.81,17.62
2026-03-21T04:35:11.516715,0,0,17.81,17.62
2026-03-21T04:35:50.759638,0,0,17.81,17.62
2026-03-21T04:36:01.780261,0,0,17.81,17.75
2026-03-21T04:36:15.520763,0,0,17.75,17.62
2026-03-21T04:36:28.950588,0,0,17.75,17.62
2026-03-21T04:36:42.409700,0,0,17.75,17.62
2026-03-21T04:37:12.765642,0,0,17.75,17.62
2026-03-21T04:37:28.082996,0,0,17.75,17.62
2026-03-21T04:37:41.682609,0,0,17.81,17.62
2026-03-21T04:37:55.383313,0,0,17.81,17.62
2026-03-21T04:38:09.222906,0,0,17.81,17.62
2026-03-21T04:38:23.863854,0,0,17.75,17.62
2026-03-21T04:38:57.430527,0,0,17.69,17.5
2026-03-21T04:40:09.287960,0,0,17.75,17.62
2026-03-21T04:40:22.867742,0,0,17.75,17.5
2026-03-21T04:40:36.267999,0,0,17.75,17.62
2026-03-21T04:40:48.240719,0,0,17.69,17.5
2026-03-21T04:41:00.615994,0,0,17.69,17.5
2026-03-21T04:41:14.210116,0,0,17.69,17.62
2026-03-21T04:41:34.160239,0,0,17.75,17.5
2026-03-21T04:41:48.791255,0,0,17.75,17.62
2026-03-21T04:42:02.454336,0,0,17.75,17.62
2026-03-21T04:42:16.343437,0,0,17.75,17.62
2026-03-21T04:42:32.791897,0,0,17.75,17.62
2026-03-21T04:42:46.252335,0,0,17.75,17.62
2026-03-21T04:43:03.006156,0,0,17.81,17.62
2026-03-21T04:43:16.721249,0,0,17.75,17.62
2026-03-21T04:43:30.504024,0,0,17.87,17.62
2026-03-21T04:43:44.093948,0,0,17.81,17.62
2026-03-21T04:43:57.977675,0,0,17.81,17.62
2026-03-21T04:44:24.714958,0,0,17.81,17.62
2026-03-21T04:44:37.105954,0,0,17.81,17.62
2026-03-21T04:44:50.825834,0,0,17.81,17.62
2026-03-21T04:45:04.425975,0,0,17.81,17.62
2026-03-21T04:45:18.097156,0,0,17.81,17.62
2026-03-21T04:45:31.596616,0,0,17.75,17.62
2026-03-21T04:45:45.217303,0,0,17.75,17.62
2026-03-21T04:45:56.208122,0,0,17.75,17.62
2026-03-21T04:46:10.407838,0,0,17.81,17.62
2026-03-21T04:46:24.038898,0,0,17.75,17.62
2026-03-21T04:46:37.769336,0,0,17.75,17.62
2026-03-21T04:46:52.300349,0,0,17.69,17.5
2026-03-21T04:47:06.069979,0,0,17.69,17.62
2026-03-21T04:47:19.821277,0,0,17.69,17.5
2026-03-21T04:48:28.952954,0,0,17.69,17.5
2026-03-21T04:48:42.372046,0,0,17.69,17.5
2026-03-21T04:48:56.430876,0,0,17.75,17.5
2026-03-21T04:49:18.343933,0,0,17.69,17.5
2026-03-21T04:49:31.845141,0,0,17.69,17.5
2026-03-21T04:50:13.386436,0,0,17.75,17.62
2026-03-21T04:50:43.627089,0,0,17.69,17.5
2026-03-21T04:51:00.437643,0,0,17.75,17.62
2026-03-21T04:51:14.018329,0,0,17.69,17.5
2026-03-21T04:51:27.428128,0,0,17.69,17.5
2026-03-21T04:51:50.508934,0,0,17.75,17.5
2026-03-21T04:52:04.372839,0,0,17.69,17.62
2026-03-21T04:52:18.502274,0,0,17.75,17.62
2026-03-21T04:52:34.580009,0,0,17.69,17.5
2026-03-21T04:52:48.443580,0,0,17.75,17.5
2026-03-21T04:53:11.500421,0,0,17.81,17.62
2026-03-21T04:53:33.932310,0,0,17.69,17.5
2026-03-21T04:53:47.562305,0,0,17.75,17.62
2026-03-21T04:54:40.271896,0,0,17.69,17.5
2026-03-21T04:54:57.324260,0,0,17.69,17.5
2026-03-21T04:55:11.325166,0,0,17.75,17.5
2026-03-21T04:55:52.684356,0,0,17.69,17.5
2026-03-21T04:56:04.725253,0,0,17.69,17.5
2026-03-21T04:56:18.107320,0,0,17.62,17.5
2026-03-21T04:56:31.616883,0,0,17.69,17.5
2026-03-21T04:56:51.438038,0,0,17.69,17.5
2026-03-21T04:57:04.208167,0,0,17.69,17.5
2026-03-21T04:57:19.041434,0,0,17.69,17.5
2026-03-21T04:57:30.149265,0,0,17.69,17.5
2026-03-21T04:57:43.609067,0,0,17.69,17.5
2026-03-21T04:57:57.290147,0,0,17.69,17.62
2026-03-21T04:58:10.990018,0,0,17.69,17.5
2026-03-21T04:58:24.431404,0,0,17.69,17.5
2026-03-21T04:58:40.831067,0,0,17.62,17.37
2026-03-21T04:58:54.442450,0,0,17.62,17.5
2026-03-21T04:59:27.583308,0,0,17.69,17.5
2026-03-21T05:00:07.484273,0,0,17.69,17.5
2026-03-21T05:00:20.104210,0,0,17.69,17.5
2026-03-21T05:00:34.844783,0,0,17.69,17.5
2026-03-21T05:00:48.485043,0,0,17.75,17.5
2026-03-21T05:01:01.875332,0,0,17.69,17.5
2026-03-21T05:01:15.485899,0,0,17.69,17.5
2026-03-21T05:01:27.046417,0,0,17.69,17.5
2026-03-21T05:01:40.656995,0,0,17.69,17.62
2026-03-21T05:01:54.166367,0,0,17.75,17.62
2026-03-21T05:02:08.817443,0,0,17.75,17.5
2026-03-21T05:02:21.067993,0,0,17.75,17.5
2026-03-21T05:02:34.687925,0,0,17.75,17.62
2026-03-21T05:02:48.189330,0,0,17.75,17.62
2026-03-21T05:03:20.199275,0,0,17.75,17.62
2026-03-21T05:03:42.610222,0,0,17.75,17.62
2026-03-21T05:03:56.581388,0,0,17.81,17.62
2026-03-21T05:04:10.211421,0,0,17.75,17.62
2026-03-21T05:04:24.360318,0,0,17.75,17.62
2026-03-21T05:05:00.803113,0,0,17.75,17.5
2026-03-21T05:05:34.253321,0,0,17.75,17.75
2026-03-21T05:05:47.994042,0,0,17.69,17.62
2026-03-21T05:05:58.984621,0,0,17.75,17.62
2026-03-21T05:06:12.605695,0,0,17.75,17.62
2026-03-21T05:06:29.175428,0,0,17.75,17.62
2026-03-21T05:06:40.826539,0,0,17.75,17.62
2026-03-21T05:06:52.016599,0,0,17.75,17.5
2026-03-21T05:07:05.546276,0,0,17.75,17.62
2026-03-21T05:07:28.157296,0,0,17.75,17.62
2026-03-21T05:07:39.767333,0,0,17.81,17.62
2026-03-21T05:07:53.156420,0,0,17.69,17.62
2026-03-21T05:08:05.578306,0,0,17.75,17.62
2026-03-21T05:08:19.668966,0,0,17.75,17.62
2026-03-21T05:08:31.008740,0,0,17.81,17.62
2026-03-21T05:08:41.979508,0,0,17.75,17.5
2026-03-21T05:09:31.968933,0,0,17.75,17.62
2026-03-21T05:09:44.780608,0,0,17.75,17.62
2026-03-21T05:09:58.391169,0,0,17.75,17.5
2026-03-21T05:10:11.842183,0,0,17.69,17.62
2026-03-21T05:11:27.084479,0,0,17.62,17.5
2026-03-21T05:11:39.965256,0,0,17.62,17.5
2026-03-21T05:11:59.666902,0,0,17.56,17.5
2026-03-21T05:12:24.468124,0,0,17.56,17.5
2026-03-21T05:12:37.866565,0,0,17.56,17.37
2026-03-21T05:12:51.527626,0,0,17.56,17.37
2026-03-21T05:13:02.927317,0,0,17.5,17.37
2026-03-21T05:13:16.348579,0,0,17.56,17.37
2026-03-21T05:13:29.868198,0,0,17.56,17.37
2026-03-21T05:13:44.387822,0,0,17.56,17.37
2026-03-21T05:13:57.999469,0,0,17.62,17.5
2026-03-21T05:14:09.692800,0,0,17.56,17.37
2026-03-21T05:14:44.510219,0,0,17.56,17.37
2026-03-21T05:14:57.920523,0,0,17.62,17.5
2026-03-21T05:15:11.410436,0,0,17.62,17.5
2026-03-21T05:16:03.163351,0,0,17.56,17.37
2026-03-21T05:16:15.963269,0,0,17.62,17.5
2026-03-21T05:16:30.552471,0,0,17.56,17.37
2026-03-21T05:16:44.194026,0,0,17.62,17.37
2026-03-21T05:17:14.195676,0,0,17.62,17.37
2026-03-21T05:17:26.845712,0,0,17.62,17.5
2026-03-21T05:17:37.975772,0,0,17.62,17.5
2026-03-21T05:17:51.486328,0,0,17.62,17.5
2026-03-21T05:18:05.146235,0,0,17.62,17.5
2026-03-21T05:18:18.737276,0,0,17.62,17.5
2026-03-21T05:18:33.115367,0,0,17.62,17.5
2026-03-21T05:18:46.827362,0,0,17.62,17.37
2026-03-21T05:19:07.958410,0,0,17.62,17.37
2026-03-21T05:19:22.449248,0,0,17.62,17.5
2026-03-21T05:19:35.978678,0,0,17.62,17.5
2026-03-21T05:19:52.509381,0,0,17.62,17.5
2026-03-21T05:20:14.020553,0,0,17.69,17.5
2026-03-21T05:20:24.940751,0,0,17.69,17.5
2026-03-21T05:20:36.051368,0,0,17.69,17.5
2026-03-21T05:20:52.311387,0,0,17.69,17.5
2026-03-21T05:21:05.912407,0,0,17.69,17.5
2026-03-21T05:21:38.273757,0,0,17.62,17.5
2026-03-21T05:21:51.812689,0,0,17.62,17.5
2026-03-21T05:22:05.403753,0,0,17.62,17.5
2026-03-21T05:22:27.474794,0,0,17.62,17.5
2026-03-21T05:22:38.401714,0,0,17.62,17.5
2026-03-21T05:23:01.204303,0,0,17.62,17.5
2026-03-21T05:23:30.426432,0,0,17.62,17.5
2026-03-21T05:23:44.924207,0,0,17.62,17.5
2026-03-21T05:23:58.377413,0,0,17.62,17.5
2026-03-21T05:24:18.237392,0,0,17.56,17.5
2026-03-21T05:24:39.928525,0,0,17.62,17.5
2026-03-21T05:25:41.910480,0,0,17.56,17.37
2026-03-21T05:25:56.408160,0,0,17.56,17.5
2026-03-21T05:26:18.618178,0,0,17.56,17.5
2026-03-21T05:26:32.102596,0,0,17.56,17.37
2026-03-21T05:26:45.652364,0,0,17.56,17.37
2026-03-21T05:27:00.150886,0,0,17.56,17.37
2026-03-21T05:27:13.773580,0,0,17.56,17.37
2026-03-21T05:27:25.223684,0,0,17.5,17.37
2026-03-21T05:27:36.773856,0,0,17.56,17.37
2026-03-21T05:27:57.864213,0,0,17.5,17.37
2026-03-21T05:28:11.834289,0,0,17.5,17.37
2026-03-21T05:28:22.895272,0,0,17.5,17.25
2026-03-21T05:28:36.445346,0,0,17.44,17.25
2026-03-21T05:28:51.196701,0,0,17.44,17.37
2026-03-21T05:29:02.766601,0,0,17.5,17.25
2026-03-21T05:29:13.867850,0,0,17.44,17.37
2026-03-21T05:29:26.027572,0,0,17.44,17.25
2026-03-21T05:29:39.348010,0,0,17.44,17.25
2026-03-21T05:29:53.038106,0,0,17.44,17.37
2026-03-21T05:30:06.718878,0,0,17.44,17.25
2026-03-21T05:30:22.928198,0,0,17.44,17.25
2026-03-21T05:30:36.389475,0,0,17.44,17.25
2026-03-21T05:30:49.849418,0,0,17.37,17.25
2026-03-21T05:31:07.291093,0,0,17.37,17.25
2026-03-21T05:31:18.460450,0,0,17.37,17.25
2026-03-21T05:31:34.701551,0,0,17.37,17.25
2026-03-21T05:31:46.320951,0,0,17.37,17.25
2026-03-21T05:31:59.861279,0,0,17.37,17.25
2026-03-21T05:32:19.732810,0,0,17.44,17.25
2026-03-21T05:32:35.272190,0,0,17.44,17.25
2026-03-21T05:32:48.622509,0,0,17.44,17.25
2026-03-21T05:33:06.503553,0,0,17.37,17.25
2026-03-21T05:33:37.854189,0,0,17.31,17.12
2026-03-21T05:33:51.405398,0,0,17.25,17.12
2026-03-21T05:34:04.735937,0,0,17.31,17.12
2026-03-21T05:34:18.225325,0,0,17.37,17.12
2026-03-21T05:34:38.886636,0,0,17.37,17.25
2026-03-21T05:34:53.740720,0,0,17.37,17.25
2026-03-21T05:35:07.117270,0,0,17.37,17.25
2026-03-21T05:35:20.357302,0,0,17.37,17.25
2026-03-21T05:35:34.078480,0,0,17.37,17.25
2026-03-21T05:35:56.469298,0,0,17.37,17.25
2026-03-21T05:36:33.600381,0,0,17.37,17.25
2026-03-21T05:36:45.390169,0,0,17.31,17.25
2026-03-21T05:37:05.761536,0,0,17.37,17.12
2026-03-21T05:37:20.141661,0,0,17.31,17.25
2026-03-21T05:37:37.752358,0,0,17.37,17.25
2026-03-21T05:37:57.962448,0,0,17.31,17.25
2026-03-21T05:38:08.992740,0,0,17.37,17.12
2026-03-21T05:38:22.422563,0,0,17.37,17.25
2026-03-21T05:38:41.863479,0,0,17.31,17.25
2026-03-21T05:38:58.064291,0,0,17.37,17.25
2026-03-21T05:39:12.068097,0,0,17.37,17.25
2026-03-21T05:39:25.705265,0,0,17.37,17.25
2026-03-21T05:39:47.225542,0,0,17.44,17.25
2026-03-21T05:40:11.846522,0,0,17.37,17.25
2026-03-21T05:40:29.107993,0,0,17.37,17.25
2026-03-21T05:40:42.847689,0,0,17.37,17.25
2026-03-21T05:40:57.137174,0,0,17.37,17.25
2026-03-21T05:41:10.952445,0,0,17.37,17.25
2026-03-21T05:41:47.276583,0,0,17.31,17.12
2026-03-21T05:42:01.313433,0,0,17.31,17.12
2026-03-21T05:42:39.901905,0,0,17.31,17.12
2026-03-21T05:42:53.865071,0,0,17.37,17.25
2026-03-21T05:43:16.652448,0,0,17.37,17.25
2026-03-21T05:43:30.382641,0,0,17.44,17.25
2026-03-21T05:43:44.436641,0,0,17.44,17.25
2026-03-21T05:44:10.117264,0,0,17.44,17.25
2026-03-21T05:44:23.624801,0,0,17.44,17.25
2026-03-21T05:44:45.454903,0,0,17.5,17.25
2026-03-21T05:44:58.915582,0,0,17.44,17.25
2026-03-21T05:45:12.335707,0,0,17.5,17.25
2026-03-21T05:45:27.714133,0,0,17.44,17.25
2026-03-21T05:45:41.176801,0,0,17.44,17.25
2026-03-21T05:45:54.977160,0,0,17.44,17.25
2026-03-21T05:46:08.498113,0,0,17.37,17.25
2026-03-21T05:46:21.877789,0,0,17.44,17.25
2026-03-21T05:46:37.979060,0,0,17.37,17.25
2026-03-21T05:46:51.598842,0,0,17.37,17.25
2026-03-21T05:47:05.299850,0,0,17.37,17.25
2026-03-21T05:47:21.219993,0,0,17.31,17.25
2026-03-21T05:47:32.760022,0,0,17.37,17.25
2026-03-21T05:48:10.991370,0,0,17.31,17.12
2026-03-21T05:48:24.322125,0,0,17.31,17.12
2026-03-21T05:48:36.041444,0,0,17.37,17.25
2026-03-21T05:49:41.893740,0,0,17.31,17.12
2026-03-21T05:49:53.524094,0,0,17.25,17.12
2026-03-21T05:50:07.094437,0,0,17.25,17.12
2026-03-21T05:50:19.688888,0,0,17.25,17.12
2026-03-21T05:50:33.262362,0,0,17.25,17.12
2026-03-21T05:50:46.646054,0,0,17.25,17.12
2026-03-21T05:50:59.896863,0,0,17.25,17.12
2026-03-21T05:51:11.547113,0,0,17.31,17.12
2026-03-21T05:51:25.278181,0,0,17.31,17.12
2026-03-21T05:51:36.327391,0,0,17.31,17.12
2026-03-21T05:51:49.847046,0,0,17.31,17.12
2026-03-21T05:52:03.559005,0,0,17.25,17.12
2026-03-21T05:52:17.102453,0,0,17.25,17.12
2026-03-21T05:52:30.969339,0,0,17.25,17.12
2026-03-21T05:52:44.640034,0,0,17.19,17.0
2026-03-21T05:53:05.232383,0,0,17.12,17.0
2026-03-21T05:53:20.381166,0,0,17.12,17.0
2026-03-21T05:53:32.620590,0,0,17.12,17.0
2026-03-21T05:53:46.202232,0,0,17.12,17.0
2026-03-21T05:53:57.331869,0,0,17.12,17.0
2026-03-21T05:54:10.932575,0,0,17.19,17.0
2026-03-21T05:55:13.515224,0,0,71.0,70.0
2026-03-21T05:55:33.844566,0,0,17.12,17.0
2026-03-21T05:55:53.485712,0,0,17.19,17.0
2026-03-21T05:56:38.136518,0,0,17.19,17.0
2026-03-21T05:56:51.696542,0,0,17.19,17.0
2026-03-21T05:57:15.636594,0,0,17.19,17.0
2026-03-21T05:57:30.148524,0,0,17.12,17.0
2026-03-21T05:57:43.738594,0,0,17.12,17.0
2026-03-21T05:57:57.319011,0,0,17.12,17.0
2026-03-21T05:58:10.489549,0,0,17.06,17.0
2026-03-21T05:58:24.059906,0,0,17.12,16.87
2026-03-21T05:58:40.199116,0,0,17.06,17.0
2026-03-21T05:58:53.601120,0,0,17.12,17.0
2026-03-21T05:59:07.180662,0,0,17.06,16.87
2026-03-21T05:59:20.352069,0,0,17.12,17.0
2026-03-21T05:59:33.940604,0,0,17.06,16.87
2026-03-21T05:59:59.503180,0,0,17.12,17.0
2026-03-21T06:00:11.153109,0,0,17.12,17.0
2026-03-21T06:00:22.163889,0,0,17.12,16.87
2026-03-21T06:00:35.633557,0,0,17.12,17.0
2026-03-21T06:00:53.554028,0,0,17.12,17.0
2026-03-21T06:01:07.144616,0,0,17.12,17.0
2026-03-21T06:01:30.855635,0,0,17.06,17.0
2026-03-21T06:01:44.828051,0,0,17.06,17.0
2026-03-21T06:01:58.447102,0,0,17.12,17.0
2026-03-21T06:02:11.597202,0,0,17.12,17.0
2026-03-21T06:02:25.017610,0,0,17.12,17.0
2026-03-21T06:02:35.936425,0,0,17.12,17.0
2026-03-21T06:02:49.347809,0,0,17.12,17.0
2026-03-21T06:03:10.959208,0,0,17.19,17.0
2026-03-21T06:03:22.609216,0,0,17.19,17.12
2026-03-21T06:03:33.610304,0,0,17.19,17.12
2026-03-21T06:03:45.069648,0,0,17.19,17.12
2026-03-21T06:04:20.480882,0,0,17.25,17.12
2026-03-21T06:05:02.181620,0,0,17.31,17.25
2026-03-21T06:05:26.190084,0,0,17.31,17.12
2026-03-21T06:05:39.563031,0,0,17.37,17.25
2026-03-21T06:05:53.485631,0,0,17.37,17.25
2026-03-21T06:06:07.297364,0,0,17.37,17.25
2026-03-21T06:06:19.854779,0,0,17.44,17.25
2026-03-21T06:06:34.439805,0,0,17.44,17.25
2026-03-21T06:06:48.015144,0,0,17.37,17.25
2026-03-21T06:07:09.475706,0,0,17.44,17.25
2026-03-21T06:07:48.556735,0,0,17.44,17.25
2026-03-21T06:08:01.197856,0,0,17.37,17.25
2026-03-21T06:08:59.339030,0,0,17.44,17.25
2026-03-21T06:09:21.659794,0,0,17.44,17.25
2026-03-21T06:09:35.338787,0,0,17.44,17.25
2026-03-21T06:10:08.382110,0,0,17.5,17.37
2026-03-21T06:10:23.232407,0,0,17.44,17.25
2026-03-21T06:10:35.107989,0,0,17.44,17.25
2026-03-21T06:10:49.025636,0,0,17.5,17.25
2026-03-21T06:11:02.403090,0,0,17.44,17.37
2026-03-21T06:11:15.944161,0,0,17.44,17.37
2026-03-21T06:11:33.524197,0,0,17.5,17.37
2026-03-21T06:11:47.195285,0,0,17.44,17.37
2026-03-21T06:12:38.095998,0,0,17.44,17.25
2026-03-21T06:12:51.707279,0,0,17.44,17.37
2026-03-21T06:13:05.167002,0,0,17.44,17.37
2026-03-21T06:13:19.595268,0,0,17.44,17.25
2026-03-21T06:13:41.886575,0,0,17.44,17.37
2026-03-21T06:13:55.729076,0,0,17.5,17.25
2026-03-21T06:14:25.729009,0,0,17.5,17.37
2026-03-21T06:15:00.604243,0,0,17.56,17.37
2026-03-21T06:15:14.494432,0,0,17.56,17.37
2026-03-21T06:15:43.392080,0,0,17.5,17.37
2026-03-21T06:16:16.253234,0,0,17.5,17.37
2026-03-21T06:16:27.173338,0,0,17.56,17.37
2026-03-21T06:16:40.723856,0,0,17.56,17.37
2026-03-21T06:16:53.353443,0,0,17.5,17.37
2026-03-21T06:17:06.754289,0,0,17.5,17.37
2026-03-21T06:17:20.135064,0,0,17.56,17.37
2026-03-21T06:17:33.645150,0,0,17.56,17.37
2026-03-21T06:18:14.336080,0,0,17.56,17.37
2026-03-21T06:18:28.915634,0,0,17.56,17.37
2026-03-21T06:18:42.496863,0,0,17.56,17.37
2026-03-21T06:18:58.408398,0,0,17.56,17.37
2026-03-21T06:19:12.028192,0,0,17.56,17.37
2026-03-21T06:19:25.962668,0,0,17.5,17.37
2026-03-21T06:19:38.509128,0,0,17.56,17.37
2026-03-21T06:19:52.248990,0,0,17.62,17.37
2026-03-21T06:20:30.324773,0,0,17.62,17.5
2026-03-21T06:20:43.921356,0,0,17.62,17.5
2026-03-21T06:21:08.242233,0,0,17.62,17.5
2026-03-21T06:21:38.613394,0,0,17.62,17.5
2026-03-21T06:21:52.271219,0,0,17.62,17.5
2026-03-21T06:22:12.384340,0,0,17.62,17.5
2026-03-21T06:22:23.433755,0,0,17.62,17.5
2026-03-21T06:22:37.154758,0,0,17.56,17.5
2026-03-21T06:22:50.744852,0,0,17.62,17.5
2026-03-21T06:23:04.145306,0,0,17.62,17.5
2026-03-21T06:23:15.744331,0,0,17.56,17.5
2026-03-21T06:23:48.116959,0,0,17.62,17.5
2026-03-21T06:24:01.867091,0,0,17.62,17.5
2026-03-21T06:24:31.971913,0,0,17.62,17.5
2026-03-21T06:24:46.998140,0,0,17.69,17.5
2026-03-21T06:25:04.928851,0,0,17.69,17.5
2026-03-21T06:25:18.418959,0,0,17.69,17.5
2026-03-21T06:25:31.910190,0,0,17.69,17.5
2026-03-21T06:25:45.430010,0,0,17.75,17.5
2026-03-21T06:26:01.571072,0,0,17.69,17.62
2026-03-21T06:26:15.231574,0,0,17.75,17.62
2026-03-21T06:26:28.752707,0,0,17.75,17.62
2026-03-21T06:26:42.201835,0,0,17.69,17.62
2026-03-21T06:27:04.732000,0,0,17.69,17.62
2026-03-21T06:27:18.292924,0,0,17.75,17.62
2026-03-21T06:27:32.093841,0,0,17.75,17.62
2026-03-21T06:27:47.213107,0,0,17.69,17.62
2026-03-21T06:27:58.814195,0,0,17.69,17.62
2026-03-21T06:28:09.995219,0,0,17.69,17.62
2026-03-21T06:28:23.422280,0,0,17.75,17.62
2026-03-21T06:28:37.945965,0,0,17.69,17.62
2026-03-21T06:28:51.376424,0,0,17.69,17.5
2026-03-21T06:29:30.077487,0,0,17.69,17.5
2026-03-21T06:29:43.737440,0,0,17.69,17.5
2026-03-21T06:29:54.657971,0,0,17.69,17.62
2026-03-21T06:30:08.318493,0,0,17.69,17.62
2026-03-21T06:30:22.209382,0,0,17.69,17.62
2026-03-21T06:30:47.759235,0,0,17.69,17.62
2026-03-21T06:31:01.483810,0,0,17.69,17.62
2026-03-21T06:31:14.859023,0,0,17.69,17.62
2026-03-21T06:31:28.481385,0,0,17.69,17.62
2026-03-21T06:31:43.120962,0,0,17.69,17.62
2026-03-21T06:31:56.572024,0,0,17.75,17.62
2026-03-21T06:32:13.182113,0,0,17.75,17.62
2026-03-21T06:32:26.862222,0,0,17.75,17.62
2026-03-21T06:32:48.743508,0,0,17.75,17.62
2026-03-21T06:33:02.243379,0,0,17.75,17.62
2026-03-21T06:33:13.426028,0,0,17.75,17.62
2026-03-21T06:33:27.024380,0,0,17.75,17.62
2026-03-21T06:33:39.966971,0,0,17.75,17.62
2026-03-21T06:33:53.345164,0,0,17.75,17.62
2026-03-21T06:34:07.198770,0,0,17.75,17.62
2026-03-21T06:34:16.608906,0,0,17.81,17.62
2026-03-21T06:34:30.216229,0,0,17.81,17.75
2026-03-21T06:34:43.857109,0,0,17.87,17.75
2026-03-21T06:35:01.027546,0,0,17.87,17.62
2026-03-21T06:35:20.888017,0,0,17.87,17.75
2026-03-21T06:36:28.000382,0,0,17.87,17.75
2026-03-21T06:36:38.850762,0,0,17.87,17.75
2026-03-21T06:36:50.040261,0,0,17.87,17.75
2026-03-21T06:37:09.921001,0,0,17.94,17.75
2026-03-21T06:37:29.002386,0,0,17.94,17.75
2026-03-21T06:37:47.612324,0,0,17.94,17.75
2026-03-21T06:38:08.271314,0,0,17.94,17.75
2026-03-21T06:38:21.663327,0,0,17.94,17.75
2026-03-21T06:38:37.954404,0,0,17.94,17.75
2026-03-21T06:38:51.464636,0,0,17.94,17.87
2026-03-21T06:39:04.995290,0,0,17.94,17.75
2026-03-21T06:39:19.533251,0,0,17.94,17.75
2026-03-21T06:39:33.345198,0,0,17.87,17.75
2026-03-21T06:40:15.697192,0,0,17.87,17.75
2026-03-21T06:40:29.217142,0,0,17.87,17.75
2026-03-21T06:41:02.438246,0,0,17.87,17.75
2026-03-21T06:41:15.099337,0,0,17.87,17.75
2026-03-21T06:41:29.652352,0,0,17.94,17.75
2026-03-21T06:41:43.159735,0,0,17.94,17.87
2026-03-21T06:41:56.680157,0,0,17.94,17.75
2026-03-21T06:42:11.360194,0,0,17.94,17.87
2026-03-21T06:42:24.811647,0,0,17.94,17.87
2026-03-21T06:42:40.811283,0,0,17.94,17.87
2026-03-21T06:42:54.512709,0,0,17.94,17.75
2026-03-21T06:43:08.102637,0,0,17.94,17.75
2026-03-21T06:43:42.403133,0,0,18.0,17.75
2026-03-21T06:43:55.863477,0,0,17.94,17.87
2026-03-21T06:44:16.702795,0,0,17.94,17.87
2026-03-21T06:44:31.547163,0,0,18.0,17.87
2026-03-21T06:44:45.305748,0,0,18.0,17.87
2026-03-21T06:44:58.885256,0,0,18.0,17.87
2026-03-21T06:45:25.766349,0,0,18.0,17.87
2026-03-21T06:45:43.497869,0,0,18.06,17.87
2026-03-21T06:45:54.475027,0,0,18.06,17.87
2026-03-21T06:46:27.478402,0,0,18.06,17.87
2026-03-21T06:46:41.108289,0,0,18.12,17.87
2026-03-21T06:47:01.889560,0,0,18.12,18.0
2026-03-21T06:47:33.140725,0,0,18.12,18.12
2026-03-21T06:47:47.651538,0,0,18.19,18.0
2026-03-21T06:47:59.931423,0,0,18.19,18.0
2026-03-21T06:48:13.731403,0,0,18.19,18.0
2026-03-21T06:48:41.372363,0,0,18.19,18.0
2026-03-21T06:48:54.953229,0,0,18.12,18.0
2026-03-21T06:49:08.550787,0,0,18.19,18.0
2026-03-21T06:49:23.476859,0,0,18.12,18.12
2026-03-21T06:49:36.944904,0,0,18.19,18.0
2026-03-21T06:50:09.485329,0,0,18.19,18.0
2026-03-21T06:50:22.995347,0,0,18.19,18.12
2026-03-21T06:50:39.006292,0,0,18.19,18.12
2026-03-21T06:50:50.526984,0,0,18.19,18.12
2026-03-21T06:51:04.167429,0,0,18.19,18.12
2026-03-21T06:51:57.208344,0,0,18.19,18.0
2026-03-21T06:52:08.778834,0,0,18.19,18.0
2026-03-21T06:52:29.487650,0,0,18.19,18.0
2026-03-21T06:52:42.039313,0,0,18.19,18.0
2026-03-21T06:52:55.637575,0,0,18.19,18.12
2026-03-21T06:53:09.480475,0,0,18.19,18.12
2026-03-21T06:53:22.900770,0,0,18.25,18.12
2026-03-21T06:53:33.801473,0,0,18.25,18.12
2026-03-21T06:53:47.725146,0,0,18.25,18.12
2026-03-21T06:54:01.434577,0,0,18.31,18.12
2026-03-21T06:54:15.256111,0,0,18.31,18.25
2026-03-21T06:54:34.923561,0,0,18.37,18.25
2026-03-21T06:54:48.757401,0,0,18.37,18.25
2026-03-21T06:55:02.104581,0,0,18.37,18.25
2026-03-21T06:55:16.762147,0,0,18.37,18.25
2026-03-21T06:55:30.485834,0,0,18.37,18.25
2026-03-21T06:55:46.485280,0,0,18.37,18.25
2026-03-21T06:56:00.479046,0,0,18.37,18.25
2026-03-21T06:56:14.236477,0,0,18.37,18.25
2026-03-21T06:56:26.346804,0,0,18.37,18.25
2026-03-21T06:56:48.687347,0,0,18.37,18.25
2026-03-21T06:57:20.928547,0,0,18.44,18.25
2026-03-21T06:57:33.758163,0,0,18.44,18.37
2026-03-21T06:57:48.079989,0,0,18.37,18.25
2026-03-21T06:58:01.629848,0,0,18.44,18.37
2026-03-21T06:58:18.173939,0,0,18.44,18.25
2026-03-21T06:58:31.630214,0,0,18.37,18.25
2026-03-21T06:58:45.599468,0,0,18.5,18.25
2026-03-21T06:58:58.951804,0,0,18.5,18.37
2026-03-21T06:59:13.418541,0,0,18.5,18.37
2026-03-21T06:59:27.022835,0,0,18.5,18.5
2026-03-21T06:59:40.612668,0,0,18.5,18.37
2026-03-21T06:59:54.273581,0,0,18.5,18.37
2026-03-21T07:00:15.903533,0,0,18.56,18.37
2026-03-21T07:00:38.384266,0,0,18.56,18.5
2026-03-21T07:00:52.074333,0,0,18.56,18.37
2026-03-21T07:01:05.675685,0,0,18.56,18.37
2026-03-21T07:01:19.204345,0,0,18.56,18.5
2026-03-21T07:01:35.316304,0,0,18.56,18.5
2026-03-21T07:01:48.957068,0,0,18.56,18.62
2026-03-21T07:02:25.087503,0,0,18.62,18.5
2026-03-21T07:02:38.628286,0,0,18.62,18.5
2026-03-21T07:02:52.158394,0,0,18.62,18.5
2026-03-21T07:03:26.649324,0,0,18.87,18.62
2026-03-21T07:03:40.923856,0,0,18.87,18.75
2026-03-21T07:04:01.068562,0,0,18.94,18.75
2026-03-21T07:04:14.964072,0,0,19.0,18.87
2026-03-21T07:04:29.441576,0,0,19.0,18.87
2026-03-21T07:04:43.205439,0,0,18.94,18.75
2026-03-21T07:04:56.782891,0,0,18.94,18.75
2026-03-21T07:05:10.462356,0,0,18.94,18.87
2026-03-21T07:05:28.323639,0,0,18.94,18.75
2026-03-21T07:05:41.933879,0,0,18.87,18.75
2026-03-21T07:05:56.540719,0,0,18.81,18.75
2026-03-21T07:06:10.214517,0,0,18.81,18.75
2026-03-21T07:06:22.363606,0,0,18.81,18.75
2026-03-21T07:06:52.488343,0,0,18.75,18.62
2026-03-21T07:07:16.425915,0,0,18.81,18.62
2026-03-21T07:07:47.747547,0,0,18.75,18.62
2026-03-21T07:08:28.988543,0,0,18.75,18.62
2026-03-21T07:08:40.570070,0,0,18.81,18.62
2026-03-21T07:08:54.319674,0,0,18.75,18.75
2026-03-21T07:09:07.999446,0,0,18.81,18.75
2026-03-21T07:09:19.570360,0,0,18.81,18.75
2026-03-21T07:09:30.490217,0,0,18.81,18.75
2026-03-21T07:09:44.274565,0,0,18.81,18.75
2026-03-21T07:09:54.851539,0,0,18.81,18.75
2026-03-21T07:10:14.990376,0,0,18.81,18.75
2026-03-21T07:10:39.412589,0,0,18.81,18.75
2026-03-21T07:10:52.875403,0,0,18.81,18.75
2026-03-21T07:11:06.633604,0,0,18.81,18.62
2026-03-21T07:11:19.753580,0,0,18.87,18.75
2026-03-21T07:11:31.363915,0,0,18.94,18.75
2026-03-21T07:11:45.014563,0,0,18.94,18.87
2026-03-21T07:12:06.135419,0,0,18.87,18.87
2026-03-21T07:12:19.675750,0,0,18.94,18.75
2026-03-21T07:13:00.887331,0,0,19.0,18.87
2026-03-21T07:13:28.347523,0,0,19.06,18.87
2026-03-21T07:13:42.019240,0,0,19.06,19.0
2026-03-21T07:13:58.468931,0,0,19.06,18.87
2026-03-21T07:14:11.899727,0,0,19.06,19.0
2026-03-21T07:14:28.099574,0,0,19.12,19.0
2026-03-21T07:14:39.759009,0,0,19.12,19.0
2026-03-21T07:15:05.089717,0,0,19.19,19.0
2026-03-21T07:15:18.650400,0,0,19.19,19.0
2026-03-21T07:16:22.983881,0,0,19.37,19.12
2026-03-21T07:16:36.363460,0,0,19.31,19.12
2026-03-21T07:16:49.903454,0,0,19.31,19.25
2026-03-21T07:17:03.294989,0,0,19.31,19.12
2026-03-21T07:17:14.484860,0,0,19.31,19.12
2026-03-21T07:18:14.236725,0,0,19.31,19.25
2026-03-21T07:18:28.686525,0,0,19.31,19.25
2026-03-21T07:18:42.146862,0,0,19.31,19.25
2026-03-21T07:18:55.687822,0,0,19.31,19.12
2026-03-21T07:19:26.232636,0,0,19.31,19.25
2026-03-21T07:19:40.118939,0,0,19.37,19.25
2026-03-21T07:19:53.579653,0,0,19.31,19.25
2026-03-21T07:20:07.109871,0,0,19.31,19.25
2026-03-21T07:20:20.750824,0,0,19.37,19.25
2026-03-21T07:20:32.480589,0,0,19.37,19.25
2026-03-21T07:20:45.881057,0,0,19.31,19.25
2026-03-21T07:22:19.493971,0,0,19.31,19.25
2026-03-21T07:22:31.356870,0,0,19.25,19.12
2026-03-21T07:22:51.153771,0,0,19.31,19.25
2026-03-21T07:23:03.636187,0,0,19.31,19.25
2026-03-21T07:23:17.095550,0,0,19.37,19.25
2026-03-21T07:23:29.233116,0,0,19.44,19.25
2026-03-21T07:23:42.976140,0,0,19.37,19.25
2026-03-21T07:23:56.387187,0,0,19.5,19.25
2026-03-21T07:24:37.664884,0,0,19.56,19.37
2026-03-21T07:24:50.428101,0,0,19.62,19.37
2026-03-21T07:25:33.209703,0,0,19.69,19.5
2026-03-21T07:25:46.951023,0,0,19.87,19.5
2026-03-21T07:26:19.861957,0,0,19.69,19.5
2026-03-21T07:26:35.302062,0,0,19.94,19.62
2026-03-21T07:26:47.082092,0,0,19.87,19.62
2026-03-21T07:27:09.123022,0,0,19.81,19.62
2026-03-21T07:27:22.602960,0,0,19.94,19.75
2026-03-21T07:27:50.173833,0,0,19.75,19.62
2026-03-21T07:28:03.824953,0,0,19.81,19.62
2026-03-21T07:28:17.332029,0,0,19.75,19.62
2026-03-21T07:28:38.655898,0,0,19.87,19.62
2026-03-21T07:28:52.296099,0,0,19.81,19.62
2026-03-21T07:29:04.047159,0,0,19.75,19.62
2026-03-21T07:29:15.187303,0,0,19.81,19.62
2026-03-21T07:29:31.584778,0,0,19.87,19.62
2026-03-21T07:30:15.068735,0,0,20.19,19.75
2026-03-21T07:30:27.658046,0,0,20.0,19.75
2026-03-21T07:31:01.439062,0,0,20.0,19.75
2026-03-21T07:31:15.261272,0,0,20.06,19.75
2026-03-21T07:31:32.999175,0,0,20.12,19.75
2026-03-21T07:31:46.774370,0,0,20.0,19.75
2026-03-21T07:32:12.589739,0,0,20.0,19.75
2026-03-21T07:32:26.123396,0,0,19.94,19.75
2026-03-21T07:32:39.896350,0,0,20.0,19.75
2026-03-21T07:32:53.442561,0,0,19.94,19.75
2026-03-21T07:33:13.854173,0,0,20.19,19.75
2026-03-21T07:33:27.404851,0,0,20.0,19.75
2026-03-21T07:33:41.094967,0,0,19.94,19.75
2026-03-21T07:33:54.755024,0,0,20.0,19.75
2026-03-21T07:34:48.516444,0,0,20.12,19.75
2026-03-21T07:35:03.747267,0,0,19.94,19.75
2026-03-21T07:35:15.238322,0,0,19.87,19.75
2026-03-21T07:35:28.637815,0,0,20.0,19.75
2026-03-21T07:35:41.439118,0,0,19.87,19.75
2026-03-21T07:35:54.869027,0,0,20.0,19.75
2026-03-21T07:36:08.588872,0,0,20.19,19.87
2026-03-21T07:36:32.849670,0,0,20.06,19.75
2026-03-21T07:36:47.380639,0,0,19.94,19.75
2026-03-21T07:37:00.980897,0,0,20.19,19.75
2026-03-21T07:37:14.401202,0,0,20.06,19.75
2026-03-21T07:37:53.505807,0,0,19.94,19.75
2026-03-21T07:38:04.422470,0,0,20.06,19.75
2026-03-21T07:38:18.622870,0,0,20.0,19.87
2026-03-21T07:38:32.103860,0,0,20.37,19.87
2026-03-21T07:38:54.844340,0,0,20.19,19.87
2026-03-21T07:39:06.523019,0,0,20.19,20.0
2026-03-21T07:39:20.145116,0,0,20.19,19.87
2026-03-21T07:39:32.345298,0,0,20.12,19.87
2026-03-21T07:39:47.033792,0,0,20.31,19.87
2026-03-21T07:40:00.646389,0,0,20.12,19.87
2026-03-21T07:40:24.907010,0,0,20.25,20.0
2026-03-21T07:41:04.169498,0,0,20.37,20.12
2026-03-21T07:41:16.379331,0,0,20.37,20.12
2026-03-21T07:41:48.869944,0,0,20.37,20.12
2026-03-21T07:42:04.389906,0,0,20.37,20.12
2026-03-21T07:42:17.850184,0,0,20.37,20.12
2026-03-21T07:42:31.715209,0,0,20.37,20.12
2026-03-21T07:42:46.991055,0,0,20.37,20.12
2026-03-21T07:43:00.693732,0,0,20.37,20.12
2026-03-21T07:43:14.252022,0,0,20.5,20.12
2026-03-21T07:43:48.372995,0,0,20.25,20.0
2026-03-21T07:44:09.613857,0,0,20.19,20.0
2026-03-21T07:44:23.213871,0,0,20.31,20.0
2026-03-21T07:44:36.908519,0,0,20.19,20.0
2026-03-21T07:44:50.345114,0,0,20.19,20.0
2026-03-21T07:45:03.709175,0,0,20.25,20.0
2026-03-21T07:46:50.976830,0,0,20.5,20.25
2026-03-21T07:47:06.339178,0,0,20.5,20.25
2026-03-21T07:47:17.999355,0,0,20.5,20.25
2026-03-21T07:47:40.400263,0,0,20.5,20.25
2026-03-21T07:48:10.139822,0,0,21.0,20.25
2026-03-21T07:48:23.711380,0,0,20.62,20.37
2026-03-21T07:48:38.280447,0,0,20.56,20.37
2026-03-21T07:48:51.912062,0,0,20.56,20.25
2026-03-21T07:49:17.263345,0,0,20.5,20.12
2026-03-21T07:49:30.612868,0,0,20.44,20.12
2026-03-21T07:50:02.294021,0,0,20.5,20.25
2026-03-21T07:50:14.865202,0,0,20.56,20.25
2026-03-21T07:50:29.445076,0,0,20.56,20.25
2026-03-21T07:50:42.866451,0,0,20.56,20.25
2026-03-21T07:50:56.415937,0,0,20.5,20.25
2026-03-21T07:51:10.885920,0,0,20.56,20.37
2026-03-21T07:51:24.437691,0,0,20.69,20.37
2026-03-21T07:51:48.909906,0,0,20.87,20.62
2026-03-21T07:52:02.368568,0,0,20.94,20.62
2026-03-21T07:52:18.841881,0,0,20.94,20.62
2026-03-21T07:52:32.713047,0,0,21.0,20.75
2026-03-21T07:52:48.759191,0,0,21.06,20.75
2026-03-21T07:53:00.280626,0,0,21.06,20.87
2026-03-21T07:53:13.920460,0,0,21.06,20.75
2026-03-21T07:53:27.440060,0,0,21.06,20.87
2026-03-21T07:54:06.152003,0,0,21.19,20.87
2026-03-21T07:54:19.196177,0,0,21.12,20.87
2026-03-21T07:54:32.642359,0,0,21.12,20.75
2026-03-21T07:54:44.606783,0,0,21.06,20.87
2026-03-21T07:55:00.963252,0,0,21.0,20.75
2026-03-21T07:55:14.514001,0,0,21.0,20.75
2026-03-21T07:55:28.113211,0,0,21.0,20.75
2026-03-21T07:55:40.874313,0,0,21.0,20.75
2026-03-21T07:55:54.215187,0,0,21.06,20.75
2026-03-21T07:56:05.745216,0,0,21.06,20.75
2026-03-21T07:56:19.095349,0,0,21.12,20.87
2026-03-21T07:56:30.407780,0,0,21.19,20.87
2026-03-21T07:56:43.866180,0,0,21.19,20.87
2026-03-21T07:57:36.700765,0,0,21.12,20.87
2026-03-21T07:57:49.197905,0,0,21.06,20.87
2026-03-21T07:58:03.638820,0,0,21.12,20.87
2026-03-21T07:58:17.179187,0,0,21.19,20.87
2026-03-21T07:58:30.629141,0,0,21.19,20.87
2026-03-21T07:58:52.960201,0,0,21.19,21.0
2026-03-21T07:59:06.390603,0,0,21.19,20.87
2026-03-21T07:59:20.192877,0,0,21.25,21.0
2026-03-21T08:00:08.972254,0,0,21.25,21.0
2026-03-21T08:00:21.733420,0,0,21.12,20.87
2026-03-21T08:00:44.203048,0,0,21.0,21.0
2026-03-21T08:00:57.684135,0,0,21.12,20.87
2026-03-21T08:01:13.864023,0,0,21.19,21.0
2026-03-21T08:01:27.685090,0,0,21.19,21.0
2026-03-21T08:01:41.105400,0,0,21.25,21.0
2026-03-21T08:02:00.496458,0,0,21.44,21.0
2026-03-21T08:02:12.634263,0,0,21.25,21.0
2026-03-21T08:02:35.257251,0,0,21.25,21.0
2026-03-21T08:02:48.737268,0,0,21.19,21.0
2026-03-21T08:03:02.225203,0,0,21.19,21.0
2026-03-21T08:03:15.268339,0,0,21.12,20.87
2026-03-21T08:03:28.628289,0,0,21.19,20.87
2026-03-21T08:03:42.179270,0,0,21.25,21.0
2026-03-21T08:03:55.489567,0,0,21.25,21.0
2026-03-21T08:04:07.029650,0,0,21.31,21.0
2026-03-21T08:04:18.520587,0,0,21.37,21.12
2026-03-21T08:04:31.860130,0,0,21.37,21.12
2026-03-21T08:04:45.440234,0,0,21.37,21.12
2026-03-21T08:04:56.754064,0,0,21.44,21.12
2026-03-21T08:05:07.731677,0,0,21.5,21.25
2026-03-21T08:05:21.475067,0,0,21.62,21.37
2026-03-21T08:05:36.112456,0,0,21.69,21.5
2026-03-21T08:05:49.962254,0,0,21.87,21.37
2026-03-21T08:06:03.263352,0,0,21.56,21.25
2026-03-21T08:06:16.813331,0,0,21.37,21.12
2026-03-21T08:06:48.304752,0,0,21.56,21.25
2026-03-21T08:07:02.136192,0,0,21.69,21.37
2026-03-21T08:07:13.003467,0,0,21.69,21.37
2026-03-21T08:07:26.535501,0,0,21.69,21.37
2026-03-21T08:08:04.573346,0,0,21.62,21.37
2026-03-21T08:08:25.717249,0,0,21.62,21.37
2026-03-21T08:08:42.497700,0,0,21.56,21.25
2026-03-21T08:09:03.438517,0,0,21.69,21.37
2026-03-21T08:09:16.938009,0,0,21.62,21.37
2026-03-21T08:09:37.903014,0,0,21.69,21.37
2026-03-21T08:10:02.040407,0,0,21.87,21.5
2026-03-21T08:10:15.774280,0,0,21.87,21.5
2026-03-21T08:10:29.211751,0,0,21.81,21.5
2026-03-21T08:11:38.793452,0,0,21.75,21.5
2026-03-21T08:12:24.684687,0,0,21.69,21.5
2026-03-21T08:12:38.114199,0,0,21.81,21.5
2026-03-21T08:13:20.986798,0,0,21.94,21.62
2026-03-21T08:13:32.546810,0,0,21.94,21.62
2026-03-21T08:13:43.646581,0,0,21.87,21.62
2026-03-21T08:13:57.147204,0,0,21.87,21.62
2026-03-21T08:14:08.257534,0,0,21.87,21.62
2026-03-21T08:14:30.126405,0,0,21.87,21.62
2026-03-21T08:14:44.137877,0,0,22.0,21.62
2026-03-21T08:14:57.799522,0,0,21.81,21.5
2026-03-21T08:15:19.629781,0,0,21.87,21.62
2026-03-21T08:15:34.108615,0,0,21.87,21.62
2026-03-21T08:15:47.600871,0,0,21.87,21.62
2026-03-21T08:16:01.530309,0,0,21.87,21.5
2026-03-21T08:16:15.251576,0,0,21.94,21.62
2026-03-21T08:16:26.131242,0,0,21.87,21.62
2026-03-21T08:16:40.142029,0,0,22.06,21.62
2026-03-21T08:16:51.132407,0,0,21.94,21.62
2026-03-21T08:17:04.682410,0,0,22.0,21.62
2026-03-21T08:17:17.063385,0,0,21.94,21.62
2026-03-21T08:17:50.214346,0,0,22.0,21.62
2026-03-21T08:18:03.694508,0,0,22.0,21.75
2026-03-21T08:18:16.384540,0,0,21.94,21.62
2026-03-21T08:18:45.308254,0,0,21.94,21.62
2026-03-21T08:18:57.375410,0,0,21.94,21.62
2026-03-21T08:19:10.936408,0,0,22.0,21.75
2026-03-21T08:19:24.436490,0,0,22.0,21.75
2026-03-21T08:19:57.187532,0,0,22.06,21.75
2026-03-21T08:20:08.878452,0,0,22.06,21.75
2026-03-21T08:20:22.408544,0,0,22.06,21.75
2026-03-21T08:20:37.328371,0,0,21.94,21.62
2026-03-21T08:20:51.448709,0,0,21.81,21.62
2026-03-21T08:21:05.029474,0,0,21.81,21.5
2026-03-21T08:21:18.650404,0,0,21.81,21.5
2026-03-21T08:21:32.274149,0,0,21.75,21.5
2026-03-21T08:21:45.981052,0,0,21.75,21.5
2026-03-21T08:21:59.885023,0,0,21.75,21.5
2026-03-21T08:22:32.714918,0,0,21.94,21.5
2026-03-21T08:22:46.112259,0,0,21.75,21.5
2026-03-21T08:22:59.862359,0,0,21.75,21.5
2026-03-21T08:23:16.143362,0,0,21.75,21.5
2026-03-21T08:23:27.783399,0,0,21.81,21.5
2026-03-21T08:23:48.383640,0,0,21.81,21.5
2026-03-21T08:24:02.033626,0,0,21.81,21.62
2026-03-21T08:24:18.325372,0,0,21.81,21.62
2026-03-21T08:24:32.025437,0,0,21.94,21.62
2026-03-21T08:24:45.756503,0,0,21.94,21.62
2026-03-21T08:24:59.476379,0,0,22.25,21.75
2026-03-21T08:25:12.947434,0,0,22.06,21.75
2026-03-21T08:25:26.817547,0,0,22.19,21.87
2026-03-21T08:25:41.427529,0,0,22.19,21.87
2026-03-21T08:25:54.838198,0,0,22.25,21.87
2026-03-21T08:26:14.778266,0,0,22.19,21.87
2026-03-21T08:26:28.003197,0,0,22.12,21.87
2026-03-21T08:26:42.379391,0,0,22.12,21.87
2026-03-21T08:26:55.590071,0,0,22.31,22.0
2026-03-21T08:27:06.691067,0,0,22.25,21.87
2026-03-21T08:27:26.630323,0,0,22.25,21.87
2026-03-21T08:27:38.971987,0,0,22.19,21.87
2026-03-21T08:28:38.633486,0,0,22.06,21.75
2026-03-21T08:29:21.275245,0,0,22.19,21.75
2026-03-21T08:29:34.853864,0,0,22.12,21.75
2026-03-21T08:29:50.944457,0,0,22.12,21.87
2026-03-21T08:30:12.405621,0,0,22.06,21.75
2026-03-21T08:30:25.946398,0,0,22.06,21.75
2026-03-21T08:30:39.720583,0,0,22.06,21.75
2026-03-21T08:31:59.722459,0,0,22.12,21.87
2026-03-21T08:32:14.879479,0,0,22.12,21.87
2026-03-21T08:32:26.509996,0,0,22.19,21.87
2026-03-21T08:32:37.460938,0,0,22.19,21.87
2026-03-21T08:32:50.850503,0,0,22.19,21.87
2026-03-21T08:33:14.021932,0,0,22.25,22.0
2026-03-21T08:33:27.671259,0,0,22.31,22.0
2026-03-21T08:33:39.911179,0,0,22.37,22.12
2026-03-21T08:33:59.842866,0,0,22.5,22.12
2026-03-21T08:34:35.543548,0,0,22.56,22.25
2026-03-21T08:34:55.454477,0,0,22.62,22.25
2026-03-21T08:35:07.904790,0,0,22.62,22.37
2026-03-21T08:35:22.392520,0,0,22.62,22.25
2026-03-21T08:35:45.629402,0,0,22.69,22.37
2026-03-21T08:35:59.147150,0,0,22.75,22.37
2026-03-21T08:36:15.196447,0,0,22.69,22.37
2026-03-21T08:36:28.917410,0,0,22.62,22.37
2026-03-21T08:36:45.067442,0,0,22.69,22.37
2026-03-21T08:36:59.051166,0,0,22.69,22.37
2026-03-21T08:37:12.588530,0,0,22.56,22.25
2026-03-21T08:37:31.692483,0,0,22.5,22.25
2026-03-21T08:37:49.879876,0,0,22.44,22.25
2026-03-21T08:38:23.494393,0,0,22.56,22.25
2026-03-21T08:38:37.890670,0,0,22.56,22.25
2026-03-21T08:38:50.531761,0,0,22.62,22.25
2026-03-21T08:39:04.301658,0,0,22.69,22.37
2026-03-21T08:39:47.212608,0,0,22.81,22.5
2026-03-21T08:40:00.853391,0,0,22.87,22.5
2026-03-21T08:40:17.033659,0,0,22.87,22.62
2026-03-21T08:40:30.603898,0,0,22.87,22.62
2026-03-21T08:40:50.674580,0,0,22.94,22.62
2026-03-21T08:41:03.434617,0,0,22.94,22.62
2026-03-21T08:41:18.315523,0,0,22.94,22.62
2026-03-21T08:41:31.936063,0,0,22.81,22.5
2026-03-21T08:41:48.073781,0,0,22.87,22.5
2026-03-21T08:42:01.465377,0,0,22.81,22.5
2026-03-21T08:42:14.837944,0,0,22.94,22.62
2026-03-21T08:42:34.577932,0,0,23.0,22.62
2026-03-21T08:42:47.327618,0,0,23.0,22.75
2026-03-21T08:43:17.716689,0,0,23.06,22.75
2026-03-21T08:43:29.308936,0,0,23.06,22.75
2026-03-21T08:43:42.869911,0,0,23.0,22.75
2026-03-21T08:44:06.070786,0,0,22.94,22.62
2026-03-21T08:44:17.730655,0,0,22.94,22.62
2026-03-21T08:44:28.809342,0,0,22.87,22.62
2026-03-21T08:44:41.070664,0,0,22.87,22.62
2026-03-21T08:44:54.640561,0,0,22.87,22.62
2026-03-21T08:45:11.342686,0,0,22.87,22.62
2026-03-21T08:45:25.243404,0,0,22.87,22.62
2026-03-21T08:45:39.003421,0,0,23.0,22.62
2026-03-21T08:45:58.647753,0,0,23.0,22.75
2026-03-21T08:46:14.614502,0,0,22.87,22.62
2026-03-21T08:46:28.284834,0,0,22.81,22.62
2026-03-21T08:46:44.778227,0,0,22.75,22.5
2026-03-21T08:46:58.515598,0,0,22.81,22.5
2026-03-21T08:47:12.105488,0,0,22.87,22.62
2026-03-21T08:47:34.627164,0,0,23.0,22.75
2026-03-21T08:48:02.450839,0,0,22.94,22.62
2026-03-21T08:48:14.417669,0,0,23.0,22.62
2026-03-21T08:48:28.978257,0,0,22.94,22.62
2026-03-21T08:49:44.238879,0,0,23.0,22.75
2026-03-21T08:49:57.390996,0,0,23.0,22.75
2026-03-21T08:50:10.962186,0,0,23.0,22.62
2026-03-21T08:50:30.612179,0,0,23.0,22.75
2026-03-21T08:50:44.311802,0,0,23.06,22.75
2026-03-21T08:50:56.036908,0,0,23.12,22.75
2026-03-21T08:51:09.702619,0,0,23.12,22.87
2026-03-21T08:51:20.659991,0,0,23.25,22.87
2026-03-21T08:51:31.644298,0,0,23.31,22.87
2026-03-21T08:51:42.803094,0,0,23.31,23.0
2026-03-21T08:51:53.995132,0,0,23.31,23.0
2026-03-21T08:52:07.454880,0,0,23.25,22.87
2026-03-21T08:52:20.683822,0,0,23.19,22.87
2026-03-21T08:52:32.276050,0,0,23.12,22.75
2026-03-21T08:52:45.955904,0,0,23.12,22.75
2026-03-21T08:53:00.405869,0,0,23.06,22.87
2026-03-21T08:53:11.494411,0,0,23.0,22.75
2026-03-21T08:53:25.097266,0,0,22.94,22.62
2026-03-21T08:53:39.075784,0,0,22.94,22.62
2026-03-21T08:53:56.057755,0,0,22.94,22.62
2026-03-21T08:54:09.658981,0,0,22.81,22.62
2026-03-21T08:54:23.079175,0,0,22.87,22.62
2026-03-21T08:54:42.919676,0,0,22.94,22.62
2026-03-21T08:54:55.579796,0,0,23.0,22.75
2026-03-21T08:55:33.093627,0,0,23.12,22.75
2026-03-21T08:55:47.338572,0,0,23.12,22.87
2026-03-21T08:56:28.321091,0,0,23.25,22.87
2026-03-21T08:56:41.852782,0,0,23.12,22.75
2026-03-21T08:56:55.476379,0,0,23.06,22.75
2026-03-21T08:57:08.943758,0,0,23.06,22.75
2026-03-21T08:57:22.443759,0,0,23.0,22.75
2026-03-21T08:57:44.675072,0,0,23.12,22.75
2026-03-21T08:57:59.125157,0,0,23.19,22.87
2026-03-21T08:58:10.265692,0,0,23.25,22.87
2026-03-21T08:58:31.115663,0,0,23.25,22.87
2026-03-21T08:58:53.491083,0,0,23.25,23.0
2026-03-21T08:59:35.737820,0,0,23.19,22.87
2026-03-21T08:59:49.508760,0,0,23.31,23.0
2026-03-21T09:00:04.235725,0,0,23.37,23.0
2026-03-21T09:00:16.219635,0,0,23.37,23.0
2026-03-21T09:00:34.373702,0,0,23.44,23.12
2026-03-21T09:00:48.010099,0,0,23.5,23.12
2026-03-21T09:01:01.369282,0,0,23.5,23.25
2026-03-21T09:01:22.721282,0,0,23.44,23.12
2026-03-21T09:01:36.098994,0,0,23.44,23.12
2026-03-21T09:01:50.741518,0,0,23.44,23.12
2026-03-21T09:02:11.092745,0,0,23.25,22.87
2026-03-21T09:02:24.993173,0,0,23.19,22.75
2026-03-21T09:02:40.914038,0,0,23.25,23.0
2026-03-21T09:02:52.514299,0,0,23.19,22.87
2026-03-21T09:03:06.024832,0,0,23.25,23.0
2026-03-21T09:03:25.298498,0,0,23.25,22.87
2026-03-21T09:03:37.415858,0,0,23.25,23.0
2026-03-21T09:04:00.135965,0,0,23.06,22.75
2026-03-21T09:04:26.196921,0,0,22.94,22.75
2026-03-21T09:04:40.960525,0,0,22.94,22.62
2026-03-21T09:04:57.017955,0,0,22.94,22.75
2026-03-21T09:05:10.398325,0,0,22.94,22.62
2026-03-21T09:05:21.489200,0,0,22.94,22.62
2026-03-21T09:05:37.128958,0,0,22.87,22.62
2026-03-21T09:05:50.720045,0,0,22.81,22.62
2026-03-21T09:06:03.690060,0,0,22.69,22.5
2026-03-21T09:06:18.251278,0,0,22.62,22.37
2026-03-21T09:06:31.799929,0,0,22.56,22.37
2026-03-21T09:06:45.471047,0,0,22.5,22.25
2026-03-21T09:06:59.881525,0,0,22.5,22.25
2026-03-21T09:07:22.441910,0,0,22.44,22.25
2026-03-21T09:07:43.443344,0,0,22.62,22.37
2026-03-21T09:07:57.207191,0,0,22.5,22.25
2026-03-21T09:08:08.244089,0,0,22.56,22.37
2026-03-21T09:08:20.945776,0,0,22.56,22.37
2026-03-21T09:08:43.413847,0,0,22.75,22.5
2026-03-21T09:08:56.824860,0,0,22.75,22.5
2026-03-21T09:09:13.629822,0,0,22.75,22.5
2026-03-21T09:09:27.447034,0,0,22.75,22.5
2026-03-21T09:09:40.945923,0,0,22.81,22.62
2026-03-21T09:09:55.427340,0,0,22.75,22.5
2026-03-21T09:10:08.876980,0,0,22.81,22.5
2026-03-21T09:10:28.947935,0,0,22.81,22.5
2026-03-21T09:10:43.399243,0,0,22.69,22.5
2026-03-21T09:10:57.243121,0,0,22.69,22.5
2026-03-21T09:11:21.580277,0,0,22.56,22.37
2026-03-21T09:11:34.916101,0,0,22.62,22.37
2026-03-21T09:11:46.909736,0,0,22.5,22.37
2026-03-21T09:12:08.940818,0,0,22.56,22.37
2026-03-21T09:12:22.351150,0,0,22.5,22.37
2026-03-21T09:12:33.351951,0,0,22.56,22.37
2026-03-21T09:12:47.351798,0,0,22.5,22.37
2026-03-21T09:13:01.023358,0,0,22.56,22.37
2026-03-21T09:13:14.862920,0,0,22.56,22.37
2026-03-21T09:13:28.343436,0,0,22.56,22.37
2026-03-21T09:13:39.444011,0,0,22.69,22.5
2026-03-21T09:14:20.755179,0,0,22.75,22.62
2026-03-21T09:14:34.346059,0,0,22.81,22.62
2026-03-21T09:14:45.456040,0,0,22.87,22.62
2026-03-21T09:15:01.475243,0,0,22.94,22.62
2026-03-21T09:15:14.936942,0,0,22.87,22.62
2026-03-21T09:15:27.437281,0,0,22.75,22.5
2026-03-21T09:16:09.848149,0,0,22.69,22.5
2026-03-21T09:16:23.369455,0,0,22.69,22.5
2026-03-21T09:16:35.339532,0,0,22.56,22.5
2026-03-21T09:16:49.282649,0,0,22.69,22.5
2026-03-21T09:17:09.210283,0,0,22.69,22.5
2026-03-21T09:17:21.980320,0,0,22.75,22.5
2026-03-21T09:17:35.580812,0,0,22.69,22.5
2026-03-21T09:17:55.402289,0,0,22.81,22.62
2026-03-21T09:18:10.841359,0,0,22.75,22.62
2026-03-21T09:18:24.562020,0,0,22.81,22.62
2026-03-21T09:18:52.803408,0,0,22.94,22.75
2026-03-21T09:19:06.483886,0,0,22.94,22.75
2026-03-21T09:19:20.187107,0,0,23.0,22.75
2026-03-21T09:19:54.095234,0,0,23.06,22.87
2026-03-21T09:20:07.726448,0,0,23.06,22.75
2026-03-21T09:20:25.206288,0,0,22.94,22.75
2026-03-21T09:20:39.605897,0,0,22.81,22.62
2026-03-21T09:20:50.767164,0,0,22.81,22.75
2026-03-21T09:21:04.567040,0,0,22.87,22.62
2026-03-21T09:21:27.068270,0,0,22.81,22.62
2026-03-21T09:21:39.387966,0,0,22.81,22.62
2026-03-21T09:21:53.272862,0,0,22.94,22.75
2026-03-21T09:22:08.059106,0,0,22.94,22.75
2026-03-21T09:22:19.750350,0,0,23.0,22.87
2026-03-21T09:22:55.765273,0,0,23.12,22.87
2026-03-21T09:23:07.661263,0,0,23.19,23.0
2026-03-21T09:23:21.595602,0,0,23.19,23.0
2026-03-21T09:23:35.002101,0,0,23.12,22.87
2026-03-21T09:23:48.398361,0,0,23.12,22.87
2026-03-21T09:24:01.953132,0,0,23.0,22.75
2026-03-21T09:24:26.273389,0,0,22.94,22.75
2026-03-21T09:24:39.754288,0,0,22.94,22.75
2026-03-21T09:24:51.874071,0,0,22.87,22.75
2026-03-21T09:25:06.007863,0,0,22.81,22.75
2026-03-21T09:25:22.055442,0,0,22.69,22.5
2026-03-21T09:25:34.215627,0,0,22.62,22.5
2026-03-21T09:25:50.096049,0,0,22.69,22.5
2026-03-21T09:26:01.786268,0,0,22.62,22.5
2026-03-21T09:26:15.497204,0,0,22.69,22.5
2026-03-21T09:26:46.630052,0,0,22.44,22.25
2026-03-21T09:27:00.194650,0,0,22.37,22.12
2026-03-21T09:27:39.239726,0,0,22.37,22.25
2026-03-21T09:27:52.649634,0,0,22.37,22.25
2026-03-21T09:28:10.320298,0,0,22.25,22.12
2026-03-21T09:28:24.001326,0,0,22.25,22.12
2026-03-21T09:28:37.731752,0,0,22.19,22.12
2026-03-21T09:28:53.911368,0,0,22.25,22.0
2026-03-21T09:29:33.843734,0,0,22.19,22.0
2026-03-21T09:29:55.123184,0,0,22.25,22.12
2026-03-21T09:30:08.803382,0,0,22.31,22.12
2026-03-21T09:30:29.994316,0,0,22.44,22.25
2026-03-21T09:30:41.528006,0,0,22.5,22.37
2026-03-21T09:31:06.158228,0,0,22.69,22.5
2026-03-21T09:31:19.806582,0,0,22.75,22.5
2026-03-21T09:31:33.736319,0,0,22.75,22.5
2026-03-21T09:31:47.457191,0,0,22.69,22.62
2026-03-21T09:32:01.137085,0,0,22.81,22.62
2026-03-21T09:32:32.232205,0,0,22.75,22.5
2026-03-21T09:33:22.910286,0,0,22.94,22.75
2026-03-21T09:33:36.213212,0,0,23.0,22.75
2026-03-21T09:33:50.698436,0,0,23.12,22.87
2026-03-21T09:34:07.341294,0,0,23.25,23.0
2026-03-21T09:34:20.921108,0,0,23.31,23.12
2026-03-21T09:34:57.022271,0,0,23.44,23.12
2026-03-21T09:35:08.493670,0,0,23.5,23.25
2026-03-21T09:35:21.873395,0,0,23.56,23.25
2026-03-21T09:35:44.974281,0,0,23.69,23.5
2026-03-21T09:35:58.464384,0,0,23.69,23.5
2026-03-21T09:36:16.285895,0,0,23.75,23.5
2026-03-21T09:36:29.855734,0,0,23.75,23.5
2026-03-21T09:36:40.943007,0,0,23.75,23.5
2026-03-21T09:36:52.056664,0,0,23.69,23.5
2026-03-21T09:37:06.206557,0,0,23.56,23.37
2026-03-21T09:37:25.553454,0,0,23.62,23.37
2026-03-21T09:37:39.157303,0,0,23.62,23.5
2026-03-21T09:39:12.720502,0,0,23.5,23.25
2026-03-21T09:39:50.621363,0,0,23.19,23.12
2026-03-21T09:40:14.222296,0,0,22.94,22.87
2026-03-21T09:40:25.734979,0,0,22.94,22.87
2026-03-21T09:40:36.543624,0,0,22.94,22.87
2026-03-21T09:40:52.783304,0,0,22.94,22.75
2026-03-21T09:41:06.084326,0,0,23.0,22.87
2026-03-21T09:41:17.617633,0,0,23.06,22.87
2026-03-21T09:41:31.194798,0,0,23.25,23.0
2026-03-21T09:42:16.176827,0,0,23.44,23.25
2026-03-21T09:42:40.569207,0,0,23.25,23.12
2026-03-21T09:42:56.877259,0,0,23.37,23.12
2026-03-21T09:43:10.910177,0,0,23.37,23.25
2026-03-21T09:43:24.449580,0,0,23.37,23.25
2026-03-21T09:43:37.438501,0,0,23.44,23.25
2026-03-21T09:43:59.830241,0,0,23.5,23.25
2026-03-21T09:44:13.376928,0,0,23.56,23.37
2026-03-21T09:44:26.880440,0,0,23.56,23.37
2026-03-21T09:44:40.350406,0,0,23.56,23.37
2026-03-21T09:44:53.861059,0,0,23.5,23.37
2026-03-21T09:45:37.372346,0,0,23.44,23.25
2026-03-21T09:45:51.012347,0,0,23.37,23.25
2026-03-21T09:46:22.473337,0,0,23.44,23.37
2026-03-21T09:46:35.273424,0,0,23.5,23.37
2026-03-21T09:46:59.354605,0,0,23.69,23.5
2026-03-21T09:47:13.253973,0,0,23.75,23.62
2026-03-21T09:47:45.586560,0,0,23.56,23.5
2026-03-21T09:48:01.436410,0,0,23.5,23.25
2026-03-21T09:48:14.847603,0,0,23.44,23.37
2026-03-21T09:48:58.498453,0,0,23.31,23.25
2026-03-21T09:49:11.858345,0,0,23.37,23.25
2026-03-21T09:50:09.524211,0,0,23.5,23.37
2026-03-21T09:50:23.234322,0,0,23.56,23.5
2026-03-21T09:50:37.031611,0,0,23.62,23.5
2026-03-21T09:50:51.148304,0,0,23.62,23.5
2026-03-21T09:51:04.782892,0,0,23.62,23.5
2026-03-21T09:51:16.892649,0,0,23.56,23.5
2026-03-21T09:51:53.173414,0,0,23.56,23.5
2026-03-21T09:52:15.404844,0,0,23.56,23.5
2026-03-21T09:52:28.905119,0,0,23.5,23.37
2026-03-21T09:52:48.805538,0,0,23.31,23.25
2026-03-21T09:53:02.385637,0,0,23.25,23.25
2026-03-21T09:53:15.706826,0,0,23.19,23.12
2026-03-21T09:53:29.176518,0,0,23.31,23.12
2026-03-21T09:53:42.706381,0,0,23.31,23.25
2026-03-21T09:54:04.466921,0,0,23.44,23.5
2026-03-21T09:54:24.564713,0,0,23.56,23.62
2026-03-21T09:54:38.158589,0,0,23.62,23.62
2026-03-21T09:55:09.709748,0,0,23.81,23.87
2026-03-21T09:55:23.219702,0,0,23.81,23.87
2026-03-21T09:55:43.870617,0,0,23.75,23.75
2026-03-21T09:55:57.350346,0,0,23.56,23.62
2026-03-21T09:56:19.971701,0,0,23.37,23.37
2026-03-21T09:56:33.432742,0,0,23.31,23.25
2026-03-21T09:56:46.893150,0,0,23.31,23.25
2026-03-21T09:57:00.352620,0,0,23.25,23.25
2026-03-21T09:57:14.237925,0,0,23.25,23.25
2026-03-21T09:57:27.683593,0,0,23.25,23.25
2026-03-21T09:57:43.844938,0,0,23.31,23.37
2026-03-21T09:57:57.384984,0,0,23.37,23.37
2026-03-21T09:58:13.435455,0,0,23.44,23.5
2026-03-21T09:58:27.335516,0,0,23.5,23.62
2026-03-21T09:58:40.995888,0,0,23.56,23.75
2026-03-21T09:59:21.117616,0,0,23.69,23.87
2026-03-21T09:59:40.814786,0,0,23.69,23.87
2026-03-21T10:00:10.016589,0,0,23.69,23.87
2026-03-21T10:00:23.139955,0,0,23.69,23.87
2026-03-21T10:00:43.499419,0,0,23.69,23.87
2026-03-21T10:00:54.999845,0,0,23.75,24.0
2026-03-21T10:01:05.930997,0,0,23.75,24.0
2026-03-21T10:01:19.400795,0,0,23.75,24.0
2026-03-21T10:01:41.841917,0,0,23.81,24.12
2026-03-21T10:01:55.319879,0,0,23.94,24.25
2026-03-21T10:02:09.163140,0,0,24.0,24.25
2026-03-21T10:02:20.181619,0,0,24.0,24.25
2026-03-21T10:02:39.393830,0,0,23.87,24.12
2026-03-21T10:02:53.143579,0,0,23.81,24.12
2026-03-21T10:03:06.743990,0,0,23.81,24.12
2026-03-21T10:03:26.591550,0,0,23.87,24.12
2026-03-21T10:03:40.204591,0,0,23.81,24.0
2026-03-21T10:04:14.586580,0,0,23.75,23.87
2026-03-21T10:04:37.970396,0,0,23.87,24.0
2026-03-21T10:04:51.447704,0,0,23.94,24.0
2026-03-21T10:05:04.987809,0,0,23.94,24.12
2026-03-21T10:05:18.347598,0,0,23.94,24.0
2026-03-21T10:05:40.518934,0,0,23.94,24.0
2026-03-21T10:06:02.999840,0,0,24.06,24.12
2026-03-21T10:06:16.650032,0,0,24.0,24.25
2026-03-21T10:06:30.109679,0,0,24.0,24.25
2026-03-21T10:06:43.830820,0,0,24.06,24.37
2026-03-21T10:07:04.891616,0,0,24.06,24.37
2026-03-21T10:07:18.591928,0,0,24.12,24.5
2026-03-21T10:07:32.231166,0,0,24.19,24.5
2026-03-21T10:07:54.350793,0,0,24.19,24.5
2026-03-21T10:08:05.373196,0,0,24.12,24.5
2026-03-21T10:08:49.544719,0,0,24.19,24.62
2026-03-21T10:09:03.434013,0,0,24.12,24.62
2026-03-21T10:09:16.604636,0,0,24.12,24.62
2026-03-21T10:09:31.243713,0,0,24.12,24.5
2026-03-21T10:09:44.634584,0,0,24.0,24.5
2026-03-21T10:10:05.486926,0,0,24.0,24.37
2026-03-21T10:10:41.397566,0,0,24.06,24.37
2026-03-21T10:10:54.918932,0,0,24.12,24.5
2026-03-21T10:11:08.388873,0,0,24.12,24.5
2026-03-21T10:11:21.701596,0,0,24.12,24.5
2026-03-21T10:11:44.170155,0,0,24.12,24.5
2026-03-21T10:11:58.670491,0,0,24.19,24.5
2026-03-21T10:12:12.270610,0,0,24.12,24.5
2026-03-21T10:12:47.551597,0,0,24.06,24.37
2026-03-21T10:13:02.192121,0,0,24.0,24.25
2026-03-21T10:13:26.283213,0,0,24.0,24.12
2026-03-21T10:13:39.943641,0,0,23.94,24.25
2026-03-21T10:14:02.604028,0,0,23.87,24.12
2026-03-21T10:14:15.724969,0,0,23.87,24.12
2026-03-21T10:14:29.708762,0,0,23.87,24.25
2026-03-21T10:14:43.305007,0,0,24.0,24.37
2026-03-21T10:15:04.739671,0,0,24.12,24.37
2026-03-21T10:15:18.126764,0,0,24.19,24.37
2026-03-21T10:15:34.387188,0,0,24.25,24.5
2026-03-21T10:15:48.036732,0,0,24.25,24.37
2026-03-21T10:16:01.807968,0,0,24.19,24.5
2026-03-21T10:16:15.447894,0,0,24.19,24.37
2026-03-21T10:16:28.948112,0,0,24.25,24.37
2026-03-21T10:16:42.566680,0,0,24.25,24.37
2026-03-21T10:16:54.182987,0,0,24.19,24.37
2026-03-21T10:17:05.089137,0,0,24.19,24.37
2026-03-21T10:17:18.599763,0,0,24.12,24.25
2026-03-21T10:17:31.520743,0,0,24.06,24.25
2026-03-21T10:17:44.971042,0,0,24.12,24.25
2026-03-21T10:18:02.781888,0,0,24.06,24.12
2026-03-21T10:18:58.072985,0,0,23.81,23.75
2026-03-21T10:19:11.634779,0,0,23.81,23.87
2026-03-21T10:19:25.224014,0,0,23.94,23.87
2026-03-21T10:19:38.563973,0,0,24.0,24.0
2026-03-21T10:20:03.354829,0,0,23.94,23.87
2026-03-21T10:20:14.995468,0,0,23.94,23.87
2026-03-21T10:20:25.854850,0,0,24.0,23.87
2026-03-21T10:20:38.244968,0,0,24.0,23.87
2026-03-21T10:20:51.857117,0,0,23.94,23.75
2026-03-21T10:21:05.636948,0,0,23.87,23.87
2026-03-21T10:21:19.106799,0,0,23.94,23.75
2026-03-21T10:21:40.458011,0,0,24.0,23.87
2026-03-21T10:21:54.017972,0,0,24.0,23.87
2026-03-21T10:22:04.848072,0,0,24.06,23.87
2026-03-21T10:22:18.386016,0,0,24.0,23.87
2026-03-21T10:22:34.882465,0,0,24.0,24.0
2026-03-21T10:22:48.819914,0,0,24.0,23.87
2026-03-21T10:23:02.360914,0,0,23.94,23.75
2026-03-21T10:23:36.052247,0,0,23.94,23.75
2026-03-21T10:23:49.592429,0,0,23.87,23.75
2026-03-21T10:24:03.132269,0,0,23.81,23.75
2026-03-21T10:24:19.392915,0,0,23.75,23.62
2026-03-21T10:24:33.266440,0,0,23.69,23.5
2026-03-21T10:24:46.997569,0,0,23.62,23.5
2026-03-21T10:24:59.604460,0,0,23.62,23.5
2026-03-21T10:25:43.568618,0,0,23.87,23.75
2026-03-21T10:26:20.467011,0,0,24.12,24.0
2026-03-21T10:26:34.231179,0,0,24.12,24.0
2026-03-21T10:26:47.687076,0,0,24.12,24.0
2026-03-21T10:27:01.408012,0,0,24.12,24.0
2026-03-21T10:27:15.251803,0,0,24.25,24.0
2026-03-21T10:27:29.638499,0,0,24.31,24.12
2026-03-21T10:28:06.133787,0,0,24.31,24.12
2026-03-21T10:28:19.629277,0,0,24.31,24.12
2026-03-21T10:28:33.211455,0,0,24.31,24.12
2026-03-21T10:28:46.731097,0,0,24.37,24.12
2026-03-21T10:29:00.522791,0,0,24.37,24.25
2026-03-21T10:29:13.832040,0,0,24.44,24.25
2026-03-21T10:29:27.372329,0,0,24.56,24.37
2026-03-21T10:29:40.903047,0,0,24.5,24.37
2026-03-21T10:29:54.463357,0,0,24.56,24.37
2026-03-21T10:30:14.303897,0,0,24.37,24.25
2026-03-21T10:30:26.814318,0,0,24.37,24.25
2026-03-21T10:30:55.625166,0,0,24.5,24.25
2026-03-21T10:31:09.658491,0,0,24.5,24.37
2026-03-21T10:31:24.745953,0,0,24.5,24.25
2026-03-21T10:31:38.083342,0,0,24.56,24.37
2026-03-21T10:31:54.177089,0,0,24.56,24.37
2026-03-21T10:32:07.614314,0,0,24.5,24.37
2026-03-21T10:32:21.257356,0,0,24.62,24.5
2026-03-21T10:32:34.518244,0,0,24.62,24.5
2026-03-21T10:32:48.322368,0,0,24.75,24.5
2026-03-21T10:33:01.958987,0,0,24.75,24.5
2026-03-21T10:33:16.456969,0,0,24.69,24.5
2026-03-21T10:33:30.295324,0,0,24.69,24.5
2026-03-21T10:33:46.673734,0,0,24.75,24.62
2026-03-21T10:34:00.090077,0,0,24.81,24.5
2026-03-21T10:34:22.181220,0,0,24.81,24.62
2026-03-21T10:34:35.631227,0,0,24.75,24.5
2026-03-21T10:34:46.831469,0,0,24.62,24.5
2026-03-21T10:35:00.442180,0,0,24.56,24.37
2026-03-21T10:35:12.923139,0,0,24.5,24.37
2026-03-21T10:35:27.361447,0,0,24.56,24.37
2026-03-21T10:35:41.003219,0,0,24.75,24.5
2026-03-21T10:36:02.853231,0,0,24.87,24.62
2026-03-21T10:36:25.255230,0,0,24.87,24.75
2026-03-21T10:36:39.045168,0,0,24.87,24.75
2026-03-21T10:36:52.685817,0,0,24.87,24.75
2026-03-21T10:37:08.696164,0,0,24.94,24.75
2026-03-21T10:37:34.613310,0,0,24.69,24.62
2026-03-21T10:37:37.203106,0,0,24.69,24.5
2026-03-21T10:37:39.812900,0,0,24.69,24.5
2026-03-21T10:37:42.359899,0,0,24.62,24.5
2026-03-21T10:37:45.243005,0,0,24.62,24.5
2026-03-21T10:37:47.843197,0,0,24.62,24.5
2026-03-21T10:37:50.453357,0,0,24.69,24.62
2026-03-21T10:37:53.000446,0,0,24.69,24.62
2026-03-21T10:37:55.643445,0,0,24.69,24.5
2026-03-21T10:37:58.244655,0,0,24.69,24.62
2026-03-21T10:38:00.824741,0,0,24.69,24.62
2026-03-21T10:38:03.424607,0,0,24.62,24.62
2026-03-21T10:38:06.023727,0,0,24.69,24.62
2026-03-21T10:38:08.624829,0,0,24.69,24.62
2026-03-21T10:38:11.173838,0,0,24.69,24.62
2026-03-21T10:38:13.719948,0,0,24.69,24.62
2026-03-21T10:38:16.274871,0,0,24.69,24.62
2026-03-21T10:38:18.875084,0,0,24.69,24.62
2026-03-21T10:38:21.421980,0,0,24.69,24.62
2026-03-21T10:38:23.995060,0,0,24.75,24.62
2026-03-21T10:38:26.542055,0,0,24.69,24.62
2026-03-21T10:38:29.335082,0,0,24.75,24.62
2026-03-21T10:38:32.024044,0,0,24.75,24.62
2026-03-21T10:38:34.605827,0,0,24.81,24.62
2026-03-21T10:38:37.216055,0,0,24.81,24.75
2026-03-21T10:38:39.825083,0,0,24.81,24.75
2026-03-21T10:38:42.426491,0,0,24.87,24.75
2026-03-21T10:38:45.036188,0,0,24.81,24.75
2026-03-21T10:38:47.815162,0,0,24.87,24.75
2026-03-21T10:38:50.363162,0,0,24.87,24.75
2026-03-21T10:38:53.066229,0,0,24.87,24.75
2026-03-21T10:38:55.666249,0,0,24.87,24.75
2026-03-21T10:38:58.406270,0,0,24.87,24.75
2026-03-21T10:39:00.986314,0,0,24.87,24.75
2026-03-21T10:39:03.537285,0,0,24.87,24.75
2026-03-21T10:39:06.083299,0,0,24.87,24.75
2026-03-21T10:39:08.657254,0,0,24.81,24.75
2026-03-21T10:39:11.257343,0,0,24.87,24.75
2026-03-21T10:39:13.803337,0,0,24.87,24.75
2026-03-21T10:39:16.366370,0,0,24.87,24.75
2026-03-21T10:39:18.967488,0,0,24.87,24.75
2026-03-21T10:39:21.547581,0,0,24.81,24.75
2026-03-21T10:39:24.257573,0,0,24.81,24.75
2026-03-21T10:39:26.847638,0,0,24.87,24.75
2026-03-21T10:39:29.446573,0,0,24.87,24.87
2026-03-21T10:39:32.057664,0,0,24.87,24.87
2026-03-21T10:39:34.658597,0,0,24.87,24.75
2026-03-21T10:39:37.204685,0,0,24.94,24.87
2026-03-21T10:39:39.788495,0,0,24.94,24.75
2026-03-21T10:39:42.478461,0,0,24.87,24.87
2026-03-21T10:39:45.046657,0,0,24.94,24.87
2026-03-21T10:39:47.648635,0,0,24.87,24.87
2026-03-21T10:39:50.238760,0,0,24.87,24.87
2026-03-21T10:39:52.828866,0,0,24.94,24.87
2026-03-21T10:39:55.428891,0,0,24.94,24.75
2026-03-21T10:39:58.038835,0,0,24.94,24.87
2026-03-21T10:40:00.938787,0,0,24.94,24.87
2026-03-21T10:40:03.537916,0,0,24.94,24.87
2026-03-21T10:40:06.128817,0,0,24.94,24.87
2026-03-21T10:40:08.729804,0,0,24.94,24.87
2026-03-21T10:40:11.328764,0,0,24.94,24.87
2026-03-21T10:40:13.939869,0,0,24.94,24.87
2026-03-21T10:40:16.609627,0,0,24.94,24.87
2026-03-21T10:40:19.209233,0,0,24.94,24.87
2026-03-21T10:40:21.789930,0,0,24.94,24.87
2026-03-21T10:40:24.339886,0,0,24.94,24.87
2026-03-21T10:40:26.887044,0,0,24.94,24.75
2026-03-21T10:40:29.449939,0,0,24.94,24.87
2026-03-21T10:40:32.027866,0,0,24.94,24.87
2026-03-21T10:40:34.769939,0,0,24.94,24.87
2026-03-21T10:40:37.369938,0,0,25.0,24.87
2026-03-21T10:40:40.190972,0,0,24.94,24.87
2026-03-21T10:40:42.780944,0,0,24.94,24.87
2026-03-21T10:40:45.326811,0,0,24.94,24.87
2026-03-21T10:40:47.980975,0,0,24.94,24.87
2026-03-21T10:40:50.601132,0,0,24.94,24.75
2026-03-21T10:40:53.147107,0,0,24.87,24.87
2026-03-21T10:40:55.721084,0,0,24.87,24.75
2026-03-21T10:40:58.265024,0,0,24.87,24.75
2026-03-21T10:41:00.830072,0,0,24.87,24.75
2026-03-21T10:41:03.431194,0,0,24.81,24.75
2026-03-21T10:41:06.041241,0,0,24.81,24.75
2026-03-21T10:41:08.651246,0,0,24.81,24.75
2026-03-21T10:41:11.381251,0,0,24.75,24.75
2026-03-21T10:41:13.971392,0,0,24.75,24.75
2026-03-21T10:41:16.582282,0,0,24.75,24.75
2026-03-21T10:41:19.126292,0,0,24.75,24.62
2026-03-21T10:41:21.681323,0,0,24.75,24.62
2026-03-21T10:41:24.282382,0,0,24.75,24.62
2026-03-21T10:41:26.872427,0,0,24.69,24.62
2026-03-21T10:41:29.490351,0,0,24.69,24.62
2026-03-21T10:41:32.092442,0,0,24.69,24.62
2026-03-21T10:41:34.889420,0,0,24.69,24.62
2026-03-21T10:41:37.492539,0,0,24.69,24.62
2026-03-21T10:41:40.101444,0,0,24.69,24.62
2026-03-21T10:41:42.649536,0,0,24.69,24.62
2026-03-21T10:41:45.203553,0,0,24.62,24.62
2026-03-21T10:41:47.803546,0,0,24.69,24.62
2026-03-21T10:41:50.473339,0,0,24.69,24.62
2026-03-21T10:41:53.073365,0,0,24.69,24.62
2026-03-21T10:41:55.683234,0,0,24.69,24.62
2026-03-21T10:41:58.229127,0,0,24.69,24.62
2026-03-21T10:42:00.792430,0,0,24.62,24.5
2026-03-21T10:42:03.403324,0,0,24.62,24.62
2026-03-21T10:42:05.993237,0,0,24.69,24.5
2026-03-21T10:42:08.593251,0,0,24.62,24.62
2026-03-21T10:42:11.193345,0,0,24.69,24.62
2026-03-21T10:42:13.773437,0,0,24.62,24.62
2026-03-21T10:42:16.321460,0,0,24.69,24.62
2026-03-21T10:42:18.870375,0,0,24.62,24.62
2026-03-21T10:42:21.424399,0,0,24.62,24.5
2026-03-21T10:42:24.214430,0,0,24.62,24.5
2026-03-21T10:42:26.824421,0,0,24.62,24.62
2026-03-21T10:42:29.414317,0,0,24.62,24.5
2026-03-21T10:42:32.044064,0,0,24.62,24.5
2026-03-21T10:42:34.590326,0,0,24.56,24.5
2026-03-21T10:42:37.211536,0,0,24.62,24.5
2026-03-21T10:42:40.005012,0,0,24.56,24.5
2026-03-21T10:42:43.034865,0,0,24.56,24.5
2026-03-21T10:42:45.644112,0,0,24.5,24.5
2026-03-21T10:42:48.191998,0,0,24.5,24.5
2026-03-21T10:42:50.745894,0,0,24.44,24.37
2026-03-21T10:42:53.291926,0,0,24.44,24.37
2026-03-21T10:42:55.865940,0,0,24.44,24.37
2026-03-21T10:42:58.455767,0,0,24.37,24.25
2026-03-21T10:43:01.056005,0,0,24.37,24.25
2026-03-21T10:43:03.655031,0,0,24.31,24.25
2026-03-21T10:43:06.200389,0,0,24.31,24.25
2026-03-21T10:43:08.793896,0,0,24.31,24.25
2026-03-21T10:43:11.415439,0,0,24.25,24.25
2026-03-21T10:43:13.962037,0,0,24.25,24.25
2026-03-21T10:43:16.533905,0,0,24.25,24.12
2026-03-21T10:43:19.226072,0,0,24.25,24.12
2026-03-21T10:43:21.773162,0,0,24.25,24.25
2026-03-21T10:43:24.357243,0,0,24.25,24.12
2026-03-21T10:43:26.967193,0,0,24.25,24.12
2026-03-21T10:43:29.577272,0,0,24.25,24.12
2026-03-21T10:43:32.386882,0,0,24.19,24.12
2026-03-21T10:43:34.996400,0,0,24.19,24.12
2026-03-21T10:43:37.584365,0,0,24.19,24.12
2026-03-21T10:43:40.196786,0,0,24.19,24.12
2026-03-21T10:43:42.895808,0,0,24.19,24.12
2026-03-21T10:43:45.566728,0,0,24.12,24.25
2026-03-21T10:43:48.176859,0,0,24.19,24.0
2026-03-21T10:43:50.776887,0,0,24.12,24.12
2026-03-21T10:43:53.366840,0,0,24.12,24.0
2026-03-21T10:43:55.967849,0,0,24.12,24.0
2026-03-21T10:43:58.557858,0,0,24.12,24.0
2026-03-21T10:44:01.145273,0,0,24.12,24.0
2026-03-21T10:44:03.738011,0,0,24.06,24.0
2026-03-21T10:44:06.395770,0,0,24.12,24.0
2026-03-21T10:44:09.007167,0,0,24.12,24.0
2026-03-21T10:44:11.554220,0,0,24.12,24.0
2026-03-21T10:44:14.188339,0,0,24.12,24.0
2026-03-21T10:44:16.758271,0,0,24.12,24.0
2026-03-21T10:44:19.357279,0,0,24.12,24.0
2026-03-21T10:44:21.948396,0,0,24.12,24.0
2026-03-21T10:44:24.548325,0,0,24.12,24.0
2026-03-21T10:44:27.095384,0,0,24.12,24.12
2026-03-21T10:44:29.719380,0,0,24.19,24.0
2026-03-21T10:44:32.319341,0,0,24.12,24.0
2026-03-21T10:44:34.898253,0,0,24.12,24.0
2026-03-21T10:44:37.489166,0,0,24.12,24.0
2026-03-21T10:44:40.158405,0,0,24.12,24.0
2026-03-21T10:44:42.839491,0,0,24.12,24.0
2026-03-21T10:44:45.429460,0,0,24.12,24.0
2026-03-21T10:44:48.039478,0,0,24.12,24.0
2026-03-21T10:44:50.780125,0,0,24.12,24.0
2026-03-21T10:44:53.369465,0,0,24.12,24.12
2026-03-21T10:44:56.039515,0,0,24.12,24.0
2026-03-21T10:44:58.639512,0,0,24.12,24.12
2026-03-21T10:45:01.439484,0,0,24.12,24.12
2026-03-21T10:45:04.040569,0,0,24.12,24.12
2026-03-21T10:45:06.650453,0,0,24.19,24.12
2026-03-21T10:45:09.299364,0,0,24.19,24.12
2026-03-21T10:45:11.860350,0,0,24.19,24.12
2026-03-21T10:45:14.467857,0,0,24.19,24.12
2026-03-21T10:45:17.060517,0,0,24.19,24.12
2026-03-21T10:45:19.660682,0,0,24.19,24.0
2026-03-21T10:45:22.260534,0,0,24.19,24.12
2026-03-21T10:45:24.860573,0,0,24.19,24.0
2026-03-21T10:45:27.459550,0,0,24.19,24.12
2026-03-21T10:45:30.080487,0,0,24.19,24.12
2026-03-21T10:45:32.808578,0,0,24.19,24.12
2026-03-21T10:45:35.421433,0,0,24.19,24.12
2026-03-21T10:45:38.100498,0,0,24.19,24.0
2026-03-21T10:45:40.701315,0,0,24.25,24.12
2026-03-21T10:45:43.246271,0,0,24.19,24.12
2026-03-21T10:45:45.921576,0,0,24.25,24.12
2026-03-21T10:45:48.530452,0,0,24.25,24.12
2026-03-21T10:45:51.141620,0,0,24.19,24.12
2026-03-21T10:45:53.950621,0,0,24.19,24.12
2026-03-21T10:45:56.501614,0,0,24.12,24.12
2026-03-21T10:45:59.090558,0,0,24.12,24.0
2026-03-21T10:46:01.681601,0,0,24.12,24.0
2026-03-21T10:46:04.281643,0,0,24.12,24.0
2026-03-21T10:46:07.162660,0,0,24.12,24.0
2026-03-21T10:46:09.762606,0,0,24.12,24.0
2026-03-21T10:46:12.360964,0,0,24.12,24.0
2026-03-21T10:46:15.042266,0,0,24.12,24.0
2026-03-21T10:46:17.632322,0,0,24.12,24.12
2026-03-21T10:46:20.441927,0,0,24.12,24.0
2026-03-21T10:46:23.042364,0,0,24.12,24.0
2026-03-21T10:46:25.652448,0,0,24.12,24.0
2026-03-21T10:46:28.199390,0,0,24.12,24.0
2026-03-21T10:46:30.832474,0,0,24.12,24.0
2026-03-21T10:46:33.432403,0,0,24.06,24.0
2026-03-21T10:46:35.979509,0,0,24.12,24.0
2026-03-21T10:46:38.582433,0,0,24.12,24.0
2026-03-21T10:46:41.183519,0,0,24.12,24.0
2026-03-21T10:46:43.913495,0,0,24.12,24.0
2026-03-21T10:46:46.513418,0,0,24.19,24.12
2026-03-21T10:46:49.103499,0,0,24.19,24.12
2026-03-21T10:46:51.703539,0,0,24.19,24.12
2026-03-21T10:46:54.323515,0,0,24.19,24.0
2026-03-21T10:46:56.921634,0,0,24.25,24.12
2026-03-21T10:46:59.612533,0,0,24.25,24.12
2026-03-21T10:47:02.159099,0,0,24.25,24.12
2026-03-21T10:47:04.723536,0,0,24.25,24.12
2026-03-21T10:47:07.311651,0,0,24.25,24.12
2026-03-21T10:47:09.923525,0,0,24.25,24.12
2026-03-21T10:47:12.534540,0,0,24.25,24.12
2026-03-21T10:47:15.124607,0,0,24.25,24.12
2026-03-21T10:47:17.734605,0,0,24.25,24.12
2026-03-21T10:47:20.343394,0,0,24.25,24.12
2026-03-21T10:47:22.890581,0,0,24.25,24.12
2026-03-21T10:47:25.484586,0,0,24.25,24.12
2026-03-21T10:47:28.103551,0,0,24.31,24.12
2026-03-21T10:47:30.682566,0,0,24.31,24.12
2026-03-21T10:47:33.503613,0,0,24.31,24.12
2026-03-21T10:47:36.103659,0,0,24.31,24.25
2026-03-21T10:47:38.694632,0,0,24.31,24.12
2026-03-21T10:47:41.305137,0,0,24.31,24.25
2026-03-21T10:47:43.926087,0,0,24.31,24.25
2026-03-21T10:47:46.526076,0,0,24.37,24.25
2026-03-21T10:47:49.072075,0,0,24.37,24.25
2026-03-21T10:47:51.745959,0,0,24.37,24.25
2026-03-21T10:47:54.336012,0,0,24.31,24.25
2026-03-21T10:47:56.881894,0,0,24.31,24.12
2026-03-21T10:47:59.505962,0,0,24.25,24.12
2026-03-21T10:48:02.052086,0,0,24.25,24.12
2026-03-21T10:48:04.655110,0,0,24.25,24.12
2026-03-21T10:48:07.266118,0,0,24.19,24.12
2026-03-21T10:48:09.864168,0,0,24.19,24.0
2026-03-21T10:48:12.456182,0,0,24.19,24.0
2026-03-21T10:48:15.046160,0,0,24.19,24.0
2026-03-21T10:48:17.647170,0,0,24.12,24.12
2026-03-21T10:48:20.193315,0,0,24.19,24.0
2026-03-21T10:48:22.755202,0,0,24.19,24.0
2026-03-21T10:48:25.365297,0,0,24.12,24.0
2026-03-21T10:48:27.945050,0,0,24.19,24.0
2026-03-21T10:48:30.547229,0,0,24.19,24.0
2026-03-21T10:48:33.136990,0,0,24.19,24.12
2026-03-21T10:48:35.682863,0,0,24.25,24.12
2026-03-21T10:48:38.265924,0,0,24.25,24.12
2026-03-21T10:48:40.816022,0,0,24.25,24.12
2026-03-21T10:48:43.415923,0,0,24.31,24.25
2026-03-21T10:48:46.005949,0,0,24.31,24.12
2026-03-21T10:48:48.626851,0,0,24.37,24.25
2026-03-21T10:48:51.173835,0,0,24.37,24.25
2026-03-21T10:48:53.777849,0,0,24.44,24.25
2026-03-21T10:48:56.324068,0,0,24.44,24.37
2026-03-21T10:48:58.907046,0,0,24.5,24.37
2026-03-21T10:49:01.516059,0,0,24.5,24.37
2026-03-21T10:49:04.108053,0,0,24.56,24.37
2026-03-21T10:49:06.728030,0,0,24.5,24.37
2026-03-21T10:49:09.328048,0,0,24.5,24.37
2026-03-21T10:49:12.126971,0,0,24.5,24.37
2026-03-21T10:49:14.728051,0,0,24.5,24.37
2026-03-21T10:49:17.328047,0,0,24.5,24.37
2026-03-21T10:49:20.068049,0,0,24.5,24.37
2026-03-21T10:49:22.668068,0,0,24.5,24.37
2026-03-21T10:49:25.349095,0,0,24.44,24.37
2026-03-21T10:49:27.959146,0,0,24.44,24.37
2026-03-21T10:49:30.549151,0,0,24.44,24.37
2026-03-21T10:49:33.219109,0,0,24.44,24.25
2026-03-21T10:49:35.829185,0,0,24.5,24.25
2026-03-21T10:49:38.409122,0,0,24.5,24.37
2026-03-21T10:49:41.029184,0,0,24.5,24.37
2026-03-21T10:49:43.629423,0,0,24.5,24.37
2026-03-21T10:49:46.219496,0,0,24.5,24.37
2026-03-21T10:49:48.819406,0,0,24.56,24.37
2026-03-21T10:49:51.429412,0,0,24.56,24.37
2026-03-21T10:49:54.009426,0,0,24.5,24.37
2026-03-21T10:49:56.560558,0,0,24.56,24.37
2026-03-21T10:49:59.106457,0,0,24.56,24.37
2026-03-21T10:50:01.670519,0,0,24.56,24.37
2026-03-21T10:50:04.350363,0,0,24.56,24.37
2026-03-21T10:50:06.959354,0,0,24.56,24.5
2026-03-21T10:50:09.580432,0,0,24.56,24.5
2026-03-21T10:50:12.370607,0,0,24.56,24.5
2026-03-21T10:50:14.990643,0,0,24.62,24.5
2026-03-21T10:50:17.537546,0,0,24.62,24.5
2026-03-21T10:50:20.110645,0,0,24.62,24.5
2026-03-21T10:50:22.720649,0,0,24.62,24.5
2026-03-21T10:50:25.320652,0,0,24.62,24.5
2026-03-21T10:50:27.899689,0,0,24.56,24.37
2026-03-21T10:50:30.511701,0,0,24.56,24.5
2026-03-21T10:50:33.109677,0,0,24.56,24.5
2026-03-21T10:50:35.711500,0,0,24.56,24.37
2026-03-21T10:50:38.321483,0,0,24.56,24.5
2026-03-21T10:50:40.920882,0,0,24.5,24.37
2026-03-21T10:50:43.519503,0,0,24.44,24.37
2026-03-21T10:50:46.130649,0,0,24.44,24.25
2026-03-21T10:50:48.731788,0,0,24.44,24.25
2026-03-21T10:50:51.531790,0,0,24.37,24.25
2026-03-21T10:50:54.151818,0,0,24.37,24.25
2026-03-21T10:50:56.696748,0,0,24.31,24.25
2026-03-21T10:50:59.271799,0,0,24.31,24.12
2026-03-21T10:51:01.892924,0,0,24.25,24.12
2026-03-21T10:51:04.438727,0,0,24.25,24.25
2026-03-21T10:51:07.010801,0,0,24.25,24.12
2026-03-21T10:51:09.632695,0,0,24.19,24.12
2026-03-21T10:51:12.178625,0,0,24.19,24.12
2026-03-21T10:51:14.731716,0,0,24.19,24.0
2026-03-21T10:51:17.312847,0,0,24.12,24.0
2026-03-21T10:51:19.912959,0,0,24.12,24.0
2026-03-21T10:51:22.512938,0,0,24.12,24.0
2026-03-21T10:51:25.190756,0,0,24.12,24.0
2026-03-21T10:51:27.782954,0,0,24.12,24.12
2026-03-21T10:51:30.470832,0,0,24.12,24.12
2026-03-21T10:51:33.083002,0,0,24.19,24.12
2026-03-21T10:51:35.701638,0,0,24.19,24.12
2026-03-21T10:51:38.373882,0,0,24.25,24.12
2026-03-21T10:51:40.919741,0,0,24.25,24.12
2026-03-21T10:51:43.513770,0,0,24.31,24.12
2026-03-21T10:51:46.059162,0,0,24.31,24.25
2026-03-21T10:51:48.653756,0,0,24.37,24.25
2026-03-21T10:51:51.263668,0,0,24.44,24.25
2026-03-21T10:51:53.873906,0,0,24.44,24.37
2026-03-21T10:51:56.482836,0,0,24.44,24.25
2026-03-21T10:51:59.030994,0,0,24.44,24.37
2026-03-21T10:52:01.603919,0,0,24.44,24.37
2026-03-21T10:52:04.413975,0,0,24.5,24.37
2026-03-21T10:52:07.024018,0,0,24.5,24.37
2026-03-21T10:52:09.694945,0,0,24.56,24.37
2026-03-21T10:52:12.241171,0,0,24.56,24.5
2026-03-21T10:52:14.834874,0,0,24.62,24.5
2026-03-21T10:52:17.445325,0,0,24.62,24.5
2026-03-21T10:52:19.990700,0,0,24.62,24.5
2026-03-21T10:52:22.573657,0,0,24.62,24.5
2026-03-21T10:52:25.184693,0,0,24.69,24.5
2026-03-21T10:52:27.774697,0,0,24.69,24.5
2026-03-21T10:52:30.384766,0,0,24.69,24.5
2026-03-21T10:52:32.993793,0,0,24.69,24.62
2026-03-21T10:52:35.594767,0,0,24.75,24.62
2026-03-21T10:52:38.214765,0,0,24.69,24.62
2026-03-21T10:52:40.825807,0,0,24.75,24.62
2026-03-21T10:52:43.446140,0,0,24.75,24.62
2026-03-21T10:52:45.991944,0,0,24.75,24.62
2026-03-21T10:52:48.565915,0,0,24.75,24.62
2026-03-21T10:52:51.185982,0,0,24.75,24.62
2026-03-21T10:52:53.732195,0,0,24.81,24.75
2026-03-21T10:52:56.376206,0,0,24.81,24.62
2026-03-21T10:52:58.922127,0,0,24.81,24.62
2026-03-21T10:53:01.505244,0,0,24.81,24.62
2026-03-21T10:53:04.216334,0,0,24.81,24.75
2026-03-21T10:53:06.796319,0,0,24.81,24.75
2026-03-21T10:53:09.406248,0,0,24.81,24.75
2026-03-21T10:53:12.027335,0,0,24.81,24.75
2026-03-21T10:53:14.647396,0,0,24.81,24.75
2026-03-21T10:53:17.193103,0,0,24.81,24.75
2026-03-21T10:53:19.787169,0,0,24.81,24.75
2026-03-21T10:53:22.415520,0,0,24.81,24.75
2026-03-21T10:53:24.962220,0,0,24.81,24.75
2026-03-21T10:53:27.556226,0,0,24.81,24.62
2026-03-21T10:53:30.103342,0,0,24.81,24.75
2026-03-21T10:53:32.917313,0,0,24.87,24.75
2026-03-21T10:53:35.527366,0,0,24.87,24.75
2026-03-21T10:53:38.074324,0,0,24.87,24.75
2026-03-21T10:53:40.677325,0,0,24.94,24.75
2026-03-21T10:53:43.286292,0,0,24.94,24.87
2026-03-21T10:53:45.898251,0,0,24.94,24.87
2026-03-21T10:53:48.443908,0,0,24.94,24.87
2026-03-21T10:53:51.027452,0,0,25.0,24.87
2026-03-21T10:53:53.627217,0,0,25.0,24.87
2026-03-21T10:53:56.216830,0,0,25.0,24.87
2026-03-21T10:53:58.796607,0,0,25.0,24.87
2026-03-21T10:54:01.396131,0,0,25.0,24.87
2026-03-21T10:54:03.985657,0,0,25.06,24.87
2026-03-21T10:54:06.655425,0,0,25.06,24.87
2026-03-21T10:54:09.245246,0,0,25.06,24.87
2026-03-21T10:54:11.854709,0,0,25.06,25.0
2026-03-21T10:54:14.434331,0,0,25.06,25.0
2026-03-21T10:54:17.014722,0,0,25.06,24.87
2026-03-21T10:54:19.561027,0,0,25.06,25.0
2026-03-21T10:54:22.353995,0,0,25.06,24.87
2026-03-21T10:54:24.973755,0,0,25.06,24.87
2026-03-21T10:54:27.553461,0,0,25.06,24.87
2026-03-21T10:54:30.173281,0,0,25.06,25.0
2026-03-21T10:54:32.772877,0,0,25.06,24.87
2026-03-21T10:54:35.372564,0,0,25.06,25.0
2026-03-21T10:54:37.952303,0,0,25.06,25.0
2026-03-21T10:54:40.551924,0,0,25.06,25.0
2026-03-21T10:54:43.141641,0,0,25.06,24.87
2026-03-21T10:54:45.688332,0,0,25.0,24.87
2026-03-21T10:54:48.241064,0,0,25.0,24.87
2026-03-21T10:54:50.831811,0,0,25.0,24.87
2026-03-21T10:54:53.641428,0,0,25.0,24.87
2026-03-21T10:54:56.237581,0,0,25.0,24.87
2026-03-21T10:54:58.970839,0,0,25.0,24.87
2026-03-21T10:55:01.569543,0,0,25.0,24.87
2026-03-21T10:55:04.259593,0,0,25.0,24.87
2026-03-21T10:55:06.806347,0,0,25.0,24.87
2026-03-21T10:55:09.430084,0,0,24.94,24.87
2026-03-21T10:55:12.029819,0,0,24.94,24.87
2026-03-21T10:55:14.618425,0,0,24.94,24.87
2026-03-21T10:55:17.229256,0,0,24.94,24.87
2026-03-21T10:55:19.776099,0,0,25.0,24.87
2026-03-21T10:55:22.327989,0,0,25.0,24.87
2026-03-21T10:55:25.069459,0,0,25.0,24.87
2026-03-21T10:55:27.667213,0,0,25.0,24.87
2026-03-21T10:55:30.247863,0,0,25.06,25.0
2026-03-21T10:55:32.846509,0,0,25.06,25.0
2026-03-21T10:55:35.438399,0,0,25.06,24.87
2026-03-21T10:55:38.028479,0,0,25.06,25.0
2026-03-21T10:55:40.607969,0,0,25.06,24.87
2026-03-21T10:55:43.205753,0,0,25.06,25.0
2026-03-21T10:55:45.797238,0,0,25.12,25.0
2026-03-21T10:55:48.385917,0,0,25.06,25.0
2026-03-21T10:55:50.986708,0,0,25.06,25.0
2026-03-21T10:55:53.576474,0,0,25.06,25.0
2026-03-21T10:55:56.147258,0,0,25.06,24.87
2026-03-21T10:55:58.746987,0,0,25.0,24.87
2026-03-21T10:56:01.346816,0,0,25.0,24.87
2026-03-21T10:56:04.016550,0,0,25.0,24.87
2026-03-21T10:56:06.561995,0,0,24.94,24.87
2026-03-21T10:56:09.126088,0,0,24.94,24.87
2026-03-21T10:56:11.672229,0,0,24.87,24.87
2026-03-21T10:56:14.376060,0,0,24.87,24.87
2026-03-21T10:56:17.055800,0,0,24.87,24.87
2026-03-21T10:56:19.795456,0,0,24.94,24.75
2026-03-21T10:56:22.405317,0,0,24.94,24.87
2026-03-21T10:56:25.134119,0,0,24.94,24.87
2026-03-21T10:56:27.735941,0,0,24.94,24.87
2026-03-21T10:56:30.345716,0,0,24.94,24.87
2026-03-21T10:56:33.074360,0,0,24.94,24.87
2026-03-21T10:56:35.685272,0,0,24.94,24.87
2026-03-21T10:56:38.264096,0,0,24.94,24.87
2026-03-21T10:56:40.814866,0,0,24.87,24.75
2026-03-21T10:56:43.360691,0,0,24.87,24.87
2026-03-21T10:56:45.924590,0,0,24.87,24.75
2026-03-21T10:56:48.534307,0,0,24.87,24.75
2026-03-21T10:56:51.080114,0,0,24.81,24.87
2026-03-21T10:56:53.673869,0,0,24.87,24.75
2026-03-21T10:56:56.403691,0,0,24.81,24.75
2026-03-21T10:56:58.950556,0,0,24.75,24.75
2026-03-21T10:57:01.564413,0,0,24.75,24.75
2026-03-21T10:57:04.173172,0,0,24.81,24.75
2026-03-21T10:57:06.720084,0,0,24.75,24.75
2026-03-21T10:57:09.293800,0,0,24.81,24.75
2026-03-21T10:57:11.911608,0,0,24.75,24.75
2026-03-21T10:57:14.458609,0,0,24.69,24.75
2026-03-21T10:57:17.133206,0,0,24.75,24.62
2026-03-21T10:57:19.733064,0,0,24.69,24.75
2026-03-21T10:57:22.322955,0,0,24.69,24.62
2026-03-21T10:57:24.942696,0,0,24.69,24.62
2026-03-21T10:57:27.551456,0,0,24.75,24.75
2026-03-21T10:57:30.142350,0,0,24.75,24.62
2026-03-21T10:57:32.743299,0,0,24.75,24.75
2026-03-21T10:57:35.433046,0,0,24.75,24.75
2026-03-21T10:57:38.033014,0,0,24.75,24.75
2026-03-21T10:57:40.632523,0,0,24.87,24.75
2026-03-21T10:57:43.240301,0,0,24.87,24.75
2026-03-21T10:57:45.841695,0,0,24.87,24.75
2026-03-21T10:57:48.391485,0,0,24.87,24.87
2026-03-21T10:57:50.981958,0,0,24.94,24.87
2026-03-21T10:57:53.781840,0,0,24.94,24.87
2026-03-21T10:57:56.401698,0,0,24.94,24.87
2026-03-21T10:57:58.948535,0,0,25.0,24.87
2026-03-21T10:58:01.521496,0,0,25.0,24.87
2026-03-21T10:58:04.121246,0,0,25.0,25.0
2026-03-21T10:58:06.702109,0,0,25.0,24.87
2026-03-21T10:58:09.292044,0,0,25.0,25.0
2026-03-21T10:58:11.837765,0,0,25.0,24.87
2026-03-21T10:58:14.441470,0,0,25.0,25.0
2026-03-21T10:58:17.181422,0,0,25.06,25.0
2026-03-21T10:58:19.761212,0,0,25.06,24.87
2026-03-21T10:58:22.381324,0,0,25.06,25.0
2026-03-21T10:58:24.950725,0,0,25.06,25.0
2026-03-21T10:58:27.550617,0,0,25.12,25.0
2026-03-21T10:58:30.150500,0,0,25.12,25.0
2026-03-21T10:58:32.940385,0,0,25.12,25.0
2026-03-21T10:58:35.540215,0,0,25.12,25.0
2026-03-21T10:58:38.501020,0,0,25.12,25.12
2026-03-21T10:58:41.046835,0,0,25.19,25.25
2026-03-21T10:58:43.650788,0,0,25.12,25.12
2026-03-21T10:58:46.196598,0,0,25.19,25.0
2026-03-21T10:58:48.770500,0,0,25.12,25.12
2026-03-21T10:58:51.359885,0,0,25.12,25.12
2026-03-21T10:58:53.960225,0,0,25.12,25.12
2026-03-21T10:58:56.580134,0,0,25.12,25.12
2026-03-21T10:58:59.189903,0,0,25.12,25.0
2026-03-21T10:59:01.735800,0,0,25.12,25.12
2026-03-21T10:59:04.289654,0,0,25.12,25.12
2026-03-21T10:59:06.899578,0,0,25.12,25.12
2026-03-21T10:59:09.699454,0,0,25.19,25.0
2026-03-21T10:59:12.300281,0,0,25.12,25.12
2026-03-21T10:59:14.880154,0,0,25.19,25.12
2026-03-21T10:59:17.579140,0,0,25.19,25.12
2026-03-21T10:59:20.189858,0,0,25.19,25.0
2026-03-21T10:59:22.979858,0,0,25.19,25.12
2026-03-21T10:59:25.599719,0,0,25.19,25.12
2026-03-21T10:59:28.145195,0,0,25.19,25.12
2026-03-21T10:59:30.729378,0,0,25.12,25.12
2026-03-21T10:59:33.328288,0,0,25.12,25.12
2026-03-21T10:59:35.919184,0,0,25.06,25.0
2026-03-21T10:59:38.588027,0,0,25.06,25.0
2026-03-21T10:59:41.178976,0,0,25.06,24.87
2026-03-21T10:59:43.778794,0,0,25.06,25.0
2026-03-21T10:59:46.459717,0,0,25.06,25.0
2026-03-21T10:59:49.059563,0,0,25.06,24.87
2026-03-21T10:59:51.639480,0,0,25.06,25.0
2026-03-21T10:59:54.229325,0,0,25.0,25.0
2026-03-21T10:59:56.809268,0,0,25.0,25.0
2026-03-21T10:59:59.389139,0,0,25.0,25.0
2026-03-21T11:00:01.935111,0,0,25.0,25.0
2026-03-21T11:00:04.548952,0,0,25.0,24.87
2026-03-21T11:00:07.138768,0,0,25.0,25.0
2026-03-21T11:00:09.698714,0,0,25.0,25.0
2026-03-21T11:00:12.278590,0,0,25.0,24.87
2026-03-21T11:00:14.868576,0,0,24.94,24.87
2026-03-21T11:00:17.479428,0,0,24.94,24.87
2026-03-21T11:00:20.139394,0,0,24.87,24.87
2026-03-21T11:00:22.749235,0,0,24.87,24.75
2026-03-21T11:00:25.339189,0,0,24.81,24.75
2026-03-21T11:00:27.959139,0,0,24.81,24.75
2026-03-21T11:00:30.569024,0,0,24.81,24.75
2026-03-21T11:00:33.157058,0,0,24.81,24.75
2026-03-21T11:00:35.908843,0,0,24.75,24.75
2026-03-21T11:00:38.588784,0,0,24.75,24.62
2026-03-21T11:00:41.135659,0,0,24.75,24.62
2026-03-21T11:00:43.728523,0,0,24.69,24.62
2026-03-21T11:00:46.348455,0,0,24.69,24.62
2026-03-21T11:00:48.938211,0,0,24.69,24.62
2026-03-21T11:00:51.549156,0,0,24.62,24.62
2026-03-21T11:00:54.147833,0,0,24.62,24.62
2026-03-21T11:00:56.749046,0,0,24.62,24.62
2026-03-21T11:00:59.294801,0,0,24.62,24.62
2026-03-21T11:01:01.848784,0,0,24.62,24.62
2026-03-21T11:01:04.559117,0,0,24.62,24.5
2026-03-21T11:01:07.158973,0,0,24.62,24.62
2026-03-21T11:01:09.758833,0,0,24.62,24.62
2026-03-21T11:01:12.567760,0,0,24.62,24.5
2026-03-21T11:01:15.258786,0,0,24.62,24.62
2026-03-21T11:01:17.838552,0,0,24.62,24.62
2026-03-21T11:01:20.448491,0,0,24.69,24.62
2026-03-21T11:01:23.059467,0,0,24.62,24.62
2026-03-21T11:01:25.649351,0,0,24.62,24.62
2026-03-21T11:01:28.259271,0,0,24.69,24.62
2026-03-21T11:01:30.879055,0,0,24.69,24.62
2026-03-21T11:01:33.459204,0,0,24.62,24.5
2026-03-21T11:01:36.068488,0,0,24.62,24.62
2026-03-21T11:01:38.668511,0,0,24.62,24.5
2026-03-21T11:01:41.257409,0,0,24.56,24.5
2026-03-21T11:01:43.868351,0,0,24.56,24.5
2026-03-21T11:01:46.468227,0,0,24.56,24.5
2026-03-21T11:01:49.058086,0,0,24.56,24.5
2026-03-21T11:01:51.658082,0,0,24.56,24.5
2026-03-21T11:01:54.269200,0,0,24.62,24.5
2026-03-21T11:01:56.937931,0,0,24.56,24.5
2026-03-21T11:01:59.549000,0,0,24.56,24.62
2026-03-21T11:02:02.287343,0,0,24.56,24.5
2026-03-21T11:02:04.958348,0,0,24.56,24.5
2026-03-21T11:02:07.558080,0,0,24.56,24.5
2026-03-21T11:02:10.168629,0,0,24.56,24.5
2026-03-21T11:02:12.711579,0,0,24.56,24.5
2026-03-21T11:02:15.278312,0,0,24.56,24.5
2026-03-21T11:02:17.956440,0,0,24.62,24.5
2026-03-21T11:02:20.557147,0,0,24.62,24.62
2026-03-21T11:02:23.178209,0,0,24.62,24.62
