timestamp,lj_valve_state,lj_pump_state,temp0,temp1
2026-03-22T00:00:00.143998,0,0,19.19,19.0
2026-03-22T00:00:02.713097,0,0,19.12,19.0
2026-03-22T00:00:05.262763,0,0,19.19,19.0
2026-03-22T00:00:07.841702,0,0,19.12,19.0
2026-03-22T00:00:10.412396,0,0,19.19,19.0
2026-03-22T00:00:12.961284,0,0,19.19,19.0
2026-03-22T00:00:15.623261,0,0,19.12,19.0
2026-03-22T00:00:18.183232,0,0,19.19,19.0
2026-03-22T00:00:20.923001,0,0,19.19,19.0
2026-03-22T00:00:23.502968,0,0,19.12,19.0
2026-03-22T00:00:26.065394,0,0,19.19,19.0
2026-03-22T00:00:28.624938,0,0,19.12,19.0
2026-03-22T00:00:31.202573,0,0,19.12,19.0
2026-03-22T00:00:33.762468,0,0,19.12,19.0
2026-03-22T00:00:36.342363,0,0,19.19,19.0
2026-03-22T00:00:38.982288,0,0,19.19,19.0
2026-03-22T00:00:41.992212,0,0,19.12,19.0
2026-03-22T00:00:44.562109,0,0,19.12,19.0
2026-03-22T00:00:47.123094,0,0,19.12,19.0
2026-03-22T00:00:49.762975,0,0,19.06,19.0
2026-03-22T00:00:52.322849,0,0,19.12,19.0
2026-03-22T00:00:54.883503,0,0,19.12,18.87
2026-03-22T00:00:57.462978,0,0,19.12,18.87
2026-03-22T00:01:00.044208,0,0,19.12,18.87
2026-03-22T00:01:02.624817,0,0,19.06,18.87
2026-03-22T00:01:05.212946,0,0,19.12,18.87
2026-03-22T00:01:07.932715,0,0,19.06,19.0
2026-03-22T00:01:10.502498,0,0,19.12,18.87
2026-03-22T00:01:13.062486,0,0,19.12,19.0
2026-03-22T00:01:15.722365,0,0,19.06,18.87
2026-03-22T00:01:18.292308,0,0,19.06,18.87
2026-03-22T00:01:20.863252,0,0,19.06,18.87
2026-03-22T00:01:23.423114,0,0,19.06,18.87
2026-03-22T00:01:25.983096,0,0,19.06,18.87
2026-03-22T00:01:28.563245,0,0,19.06,18.87
2026-03-22T00:01:31.130829,0,0,19.06,18.87
2026-03-22T00:01:33.762758,0,0,19.06,18.87
2026-03-22T00:01:36.342681,0,0,19.06,18.87
2026-03-22T00:01:39.002644,0,0,19.06,18.87
2026-03-22T00:01:41.632528,0,0,19.06,18.87
2026-03-22T00:01:44.202421,0,0,19.06,18.87
2026-03-22T00:01:46.762350,0,0,19.06,18.87
2026-03-22T00:01:49.422262,0,0,19.06,18.87
2026-03-22T00:01:51.992194,0,0,19.06,18.87
2026-03-22T00:01:54.573108,0,0,19.06,18.87
2026-03-22T00:01:57.513164,0,0,19.06,18.87
2026-03-22T00:02:00.061944,0,0,19.12,18.87
2026-03-22T00:02:02.643002,0,0,19.06,18.87
2026-03-22T00:02:05.312865,0,0,19.06,18.87
2026-03-22T00:02:07.892857,0,0,19.06,18.87
2026-03-22T00:02:10.438636,0,0,19.06,18.87
2026-03-22T00:02:13.092618,0,0,19.0,18.87
2026-03-22T00:02:15.662529,0,0,19.06,18.87
2026-03-22T00:02:18.322416,0,0,19.06,18.87
2026-03-22T00:02:20.902363,0,0,19.06,18.87
2026-03-22T00:02:23.472848,0,0,19.06,18.87
2026-03-22T00:02:26.053232,0,0,19.06,18.87
2026-03-22T00:02:28.603160,0,0,19.06,18.87
2026-03-22T00:02:31.181939,0,0,19.0,18.87
2026-03-22T00:02:33.752902,0,0,19.0,18.87
2026-03-22T00:02:36.302809,0,0,19.0,18.87
2026-03-22T00:02:38.882604,0,0,19.06,18.87
2026-03-22T00:02:41.452552,0,0,19.0,18.87
2026-03-22T00:02:44.021629,0,0,19.06,18.87
2026-03-22T00:02:46.582567,0,0,19.0,18.87
2026-03-22T00:02:49.152470,0,0,19.0,18.87
2026-03-22T00:02:51.722417,0,0,19.0,18.87
2026-03-22T00:02:54.281324,0,0,19.0,18.87
2026-03-22T00:02:56.862258,0,0,19.0,18.87
2026-03-22T00:02:59.445687,0,0,19.0,18.87
2026-03-22T00:03:02.001142,0,0,19.0,18.87
2026-03-22T00:03:04.761923,0,0,19.0,18.87
2026-03-22T00:03:07.333009,0,0,19.06,18.75
2026-03-22T00:03:09.902846,0,0,19.0,18.87
2026-03-22T00:03:12.462731,0,0,19.0,18.87
2026-03-22T00:03:15.041883,0,0,18.94,18.87
2026-03-22T00:03:17.621613,0,0,19.0,18.87
2026-03-22T00:03:20.192521,0,0,18.94,18.87
2026-03-22T00:03:22.742430,0,0,19.0,18.75
2026-03-22T00:03:25.322358,0,0,18.94,18.87
2026-03-22T00:03:27.902222,0,0,19.0,18.87
2026-03-22T00:03:30.461218,0,0,19.0,18.87
2026-03-22T00:03:33.093113,0,0,18.94,18.75
2026-03-22T00:03:35.663039,0,0,19.0,18.75
2026-03-22T00:03:38.233038,0,0,19.0,18.87
2026-03-22T00:03:40.778978,0,0,18.94,18.75
2026-03-22T00:03:43.362973,0,0,19.0,18.75
2026-03-22T00:03:45.932753,0,0,18.94,18.75
2026-03-22T00:03:48.582729,0,0,18.94,18.75
2026-03-22T00:03:51.242557,0,0,19.0,18.75
2026-03-22T00:03:53.802504,0,0,18.94,18.87
2026-03-22T00:03:56.462288,0,0,18.94,18.75
2026-03-22T00:03:59.040264,0,0,18.94,18.75
2026-03-22T00:04:01.621277,0,0,19.0,18.87
2026-03-22T00:04:04.183119,0,0,18.94,18.87
2026-03-22T00:04:06.753047,0,0,18.94,18.87
2026-03-22T00:04:09.322858,0,0,18.94,18.87
2026-03-22T00:04:11.902788,0,0,18.94,18.75
2026-03-22T00:04:14.622744,0,0,19.0,18.87
2026-03-22T00:04:17.202622,0,0,18.94,18.87
2026-03-22T00:04:19.782620,0,0,18.94,18.75
2026-03-22T00:04:22.342437,0,0,18.94,18.75
2026-03-22T00:04:24.922416,0,0,18.94,18.75
2026-03-22T00:04:27.501321,0,0,18.94,18.87
2026-03-22T00:04:30.082277,0,0,18.94,18.87
2026-03-22T00:04:32.642171,0,0,18.94,18.75
2026-03-22T00:04:35.222058,0,0,18.94,18.75
2026-03-22T00:04:37.803085,0,0,18.94,18.75
2026-03-22T00:04:40.383003,0,0,18.94,18.75
2026-03-22T00:04:42.962865,0,0,18.94,18.75
2026-03-22T00:04:45.622884,0,0,18.94,18.75
2026-03-22T00:04:48.262733,0,0,18.94,18.75
2026-03-22T00:04:50.842818,0,0,18.94,18.75
2026-03-22T00:04:53.422552,0,0,18.94,18.87
2026-03-22T00:04:56.212596,0,0,18.94,18.75
2026-03-22T00:04:58.862461,0,0,19.0,18.75
2026-03-22T00:05:01.522348,0,0,18.94,18.75
2026-03-22T00:05:04.101222,0,0,18.94,18.75
2026-03-22T00:05:06.682193,0,0,18.94,18.75
2026-03-22T00:05:09.242066,0,0,18.87,18.75
2026-03-22T00:05:11.821115,0,0,18.87,18.75
2026-03-22T00:05:14.384736,0,0,18.87,18.75
2026-03-22T00:05:16.964657,0,0,18.87,18.75
2026-03-22T00:05:19.521774,0,0,18.87,18.75
2026-03-22T00:05:22.102675,0,0,18.87,18.75
2026-03-22T00:05:24.752701,0,0,18.87,18.75
2026-03-22T00:05:27.412531,0,0,18.87,18.75
2026-03-22T00:05:29.992523,0,0,18.87,18.75
2026-03-22T00:05:32.572384,0,0,18.87,18.75
2026-03-22T00:05:35.152334,0,0,18.87,18.75
2026-03-22T00:05:37.699271,0,0,18.87,18.75
2026-03-22T00:05:40.302189,0,0,18.87,18.75
2026-03-22T00:05:42.882107,0,0,18.94,18.75
2026-03-22T00:05:45.443051,0,0,18.87,18.75
2026-03-22T00:05:48.022989,0,0,18.87,18.75
2026-03-22T00:05:50.682803,0,0,18.87,18.75
2026-03-22T00:05:53.322801,0,0,18.87,18.75
2026-03-22T00:05:55.902730,0,0,18.87,18.62
2026-03-22T00:05:58.482636,0,0,18.87,18.75
2026-03-22T00:06:01.042579,0,0,18.87,18.75
2026-03-22T00:06:03.622471,0,0,18.87,18.75
2026-03-22T00:06:06.202363,0,0,18.87,18.75
2026-03-22T00:06:08.792393,0,0,18.94,18.75
2026-03-22T00:06:11.339233,0,0,18.87,18.75
2026-03-22T00:06:13.952302,0,0,18.87,18.75
2026-03-22T00:06:16.533147,0,0,18.87,18.75
2026-03-22T00:06:19.113210,0,0,18.87,18.75
2026-03-22T00:06:21.658865,0,0,18.87,18.75
2026-03-22T00:06:24.242957,0,0,18.87,18.75
2026-03-22T00:06:26.822722,0,0,18.87,18.75
2026-03-22T00:06:29.383345,0,0,18.87,18.75
2026-03-22T00:06:31.962527,0,0,18.87,18.75
2026-03-22T00:06:34.540326,0,0,18.87,18.75
2026-03-22T00:06:37.282190,0,0,18.94,18.75
2026-03-22T00:06:39.862151,0,0,18.94,18.62
2026-03-22T00:06:42.522014,0,0,18.94,18.75
2026-03-22T00:06:45.101967,0,0,18.94,18.75
2026-03-22T00:06:47.681309,0,0,18.94,18.87
2026-03-22T00:06:50.262864,0,0,18.94,18.75
2026-03-22T00:06:52.860796,0,0,18.94,18.75
2026-03-22T00:06:55.408790,0,0,18.94,18.75
2026-03-22T00:06:58.022636,0,0,18.94,18.75
2026-03-22T00:07:00.587261,0,0,18.94,18.75
2026-03-22T00:07:03.192811,0,0,18.87,18.75
2026-03-22T00:07:05.738719,0,0,18.94,18.75
2026-03-22T00:07:08.342593,0,0,18.94,18.75
2026-03-22T00:07:10.902556,0,0,18.94,18.75
2026-03-22T00:07:13.502451,0,0,18.94,18.75
2026-03-22T00:07:16.081388,0,0,18.94,18.75
2026-03-22T00:07:18.662266,0,0,18.94,18.75
2026-03-22T00:07:21.222250,0,0,18.94,18.75
2026-03-22T00:07:23.803220,0,0,18.94,18.75
2026-03-22T00:07:26.383210,0,0,18.94,18.75
2026-03-22T00:07:28.983133,0,0,18.94,18.75
2026-03-22T00:07:31.553016,0,0,18.94,18.75
2026-03-22T00:07:34.142984,0,0,18.94,18.75
2026-03-22T00:07:36.721768,0,0,18.87,18.75
2026-03-22T00:07:39.312855,0,0,18.87,18.75
2026-03-22T00:07:41.861667,0,0,18.94,18.75
2026-03-22T00:07:44.442602,0,0,18.94,18.75
2026-03-22T00:07:47.032592,0,0,18.87,18.75
2026-03-22T00:07:49.680384,0,0,18.87,18.75
2026-03-22T00:07:52.242409,0,0,18.94,18.75
2026-03-22T00:07:54.982263,0,0,18.87,18.75
2026-03-22T00:07:57.563255,0,0,18.94,18.75
2026-03-22T00:08:00.142119,0,0,18.94,18.75
2026-03-22T00:08:02.702834,0,0,18.94,18.75
2026-03-22T00:08:05.282731,0,0,18.87,18.75
2026-03-22T00:08:07.872944,0,0,18.87,18.75
2026-03-22T00:08:10.442681,0,0,18.87,18.75
2026-03-22T00:08:13.002766,0,0,18.94,18.75
2026-03-22T00:08:15.581687,0,0,18.94,18.75
2026-03-22T00:08:18.242662,0,0,18.94,18.75
2026-03-22T00:08:20.801543,0,0,18.94,18.75
2026-03-22T00:08:23.381460,0,0,18.94,18.75
2026-03-22T00:08:26.042364,0,0,18.94,18.75
2026-03-22T00:08:28.632301,0,0,18.94,18.75
2026-03-22T00:08:31.193331,0,0,18.94,18.75
2026-03-22T00:08:33.863257,0,0,18.94,18.75
2026-03-22T00:08:36.502871,0,0,18.94,18.75
2026-03-22T00:08:39.162865,0,0,18.94,18.75
2026-03-22T00:08:41.742225,0,0,18.94,18.75
2026-03-22T00:08:44.382801,0,0,18.87,18.75
2026-03-22T00:08:46.962976,0,0,18.94,18.75
2026-03-22T00:08:49.542671,0,0,18.94,18.75
2026-03-22T00:08:52.181645,0,0,18.87,18.75
2026-03-22T00:08:54.840892,0,0,18.94,18.75
2026-03-22T00:08:57.412545,0,0,18.94,18.75
2026-03-22T00:08:59.991965,0,0,18.94,18.75
2026-03-22T00:09:02.537573,0,0,18.94,18.75
2026-03-22T00:09:05.278095,0,0,18.94,18.75
2026-03-22T00:09:07.693231,0,0,18.94,18.87
2026-03-22T00:09:10.243200,0,0,18.94,18.75
2026-03-22T00:09:12.823630,0,0,18.94,18.75
2026-03-22T00:09:15.405103,0,0,18.94,18.75
2026-03-22T00:09:18.043088,0,0,18.94,18.75
2026-03-22T00:09:20.623044,0,0,18.94,18.75
2026-03-22T00:09:23.201892,0,0,18.87,18.75
2026-03-22T00:09:25.762834,0,0,18.87,18.75
2026-03-22T00:09:28.342783,0,0,18.94,18.75
2026-03-22T00:09:30.922720,0,0,18.94,18.75
2026-03-22T00:09:33.582601,0,0,18.94,18.75
2026-03-22T00:09:36.153629,0,0,18.94,18.75
2026-03-22T00:09:38.698515,0,0,18.94,18.75
2026-03-22T00:09:41.283704,0,0,18.94,18.75
2026-03-22T00:09:43.843103,0,0,18.94,18.75
2026-03-22T00:09:46.421126,0,0,18.87,18.75
2026-03-22T00:09:49.000999,0,0,18.94,18.75
2026-03-22T00:09:51.582768,0,0,18.94,18.75
2026-03-22T00:09:54.162670,0,0,18.94,18.75
2026-03-22T00:09:56.722576,0,0,18.94,18.75
2026-03-22T00:09:59.392583,0,0,18.94,18.75
2026-03-22T00:10:01.962421,0,0,18.94,18.75
2026-03-22T00:10:04.542501,0,0,19.0,18.75
2026-03-22T00:10:07.102269,0,0,18.94,18.75
2026-03-22T00:10:09.683269,0,0,18.94,18.75
2026-03-22T00:10:12.323296,0,0,18.94,18.75
2026-03-22T00:10:14.906143,0,0,18.94,18.75
2026-03-22T00:10:17.483368,0,0,18.94,18.75
2026-03-22T00:10:20.155355,0,0,18.94,18.87
2026-03-22T00:10:22.701125,0,0,18.94,18.75
2026-03-22T00:10:25.282740,0,0,18.94,18.75
2026-03-22T00:10:27.942713,0,0,18.94,18.75
2026-03-22T00:10:30.522615,0,0,18.94,18.87
2026-03-22T00:10:33.102516,0,0,18.94,18.87
2026-03-22T00:10:35.862555,0,0,18.94,18.75
2026-03-22T00:10:38.442456,0,0,19.0,18.75
2026-03-22T00:10:41.002339,0,0,18.94,18.75
2026-03-22T00:10:43.643297,0,0,18.94,18.75
2026-03-22T00:10:46.223298,0,0,18.94,18.75
2026-03-22T00:10:48.803262,0,0,18.94,18.75
2026-03-22T00:10:51.462082,0,0,18.94,18.75
2026-03-22T00:10:54.045256,0,0,18.94,18.75
2026-03-22T00:10:56.621928,0,0,18.94,18.75
2026-03-22T00:10:59.180847,0,0,18.94,18.75
2026-03-22T00:11:01.762817,0,0,18.94,18.75
2026-03-22T00:11:04.342712,0,0,18.94,18.75
2026-03-22T00:11:06.922644,0,0,18.94,18.87
2026-03-22T00:11:09.482587,0,0,18.94,18.87
2026-03-22T00:11:12.082586,0,0,18.94,18.75
2026-03-22T00:11:14.673455,0,0,18.94,18.75
2026-03-22T00:11:17.253223,0,0,18.94,18.75
2026-03-22T00:11:19.823411,0,0,18.94,18.75
2026-03-22T00:11:22.403246,0,0,18.94,18.75
2026-03-22T00:11:24.983248,0,0,18.94,18.75
2026-03-22T00:11:27.543228,0,0,18.87,18.75
2026-03-22T00:11:30.133112,0,0,18.94,18.75
2026-03-22T00:11:32.679081,0,0,18.87,18.75
2026-03-22T00:11:35.303013,0,0,18.87,18.75
2026-03-22T00:11:37.859906,0,0,18.87,18.75
2026-03-22T00:11:40.441763,0,0,18.87,18.75
2026-03-22T00:11:43.032744,0,0,18.87,18.75
2026-03-22T00:11:45.582616,0,0,18.87,18.75
2026-03-22T00:11:48.253588,0,0,18.87,18.75
2026-03-22T00:11:50.843562,0,0,18.87,18.75
2026-03-22T00:11:53.403498,0,0,18.87,18.75
2026-03-22T00:11:55.963476,0,0,18.87,18.75
2026-03-22T00:11:58.543429,0,0,18.87,18.75
2026-03-22T00:12:01.123372,0,0,18.87,18.75
2026-03-22T00:12:03.763324,0,0,18.87,18.75
2026-03-22T00:12:06.362166,0,0,18.81,18.62
2026-03-22T00:12:08.943089,0,0,18.87,18.75
2026-03-22T00:12:11.503317,0,0,18.87,18.75
2026-03-22T00:12:14.083011,0,0,18.87,18.75
2026-03-22T00:12:16.662944,0,0,18.87,18.75
2026-03-22T00:12:19.232889,0,0,18.87,18.75
2026-03-22T00:12:21.863779,0,0,18.87,18.75
2026-03-22T00:12:24.442641,0,0,18.87,18.75
2026-03-22T00:12:27.093649,0,0,18.87,18.75
2026-03-22T00:12:29.663577,0,0,18.87,18.75
2026-03-22T00:12:32.233365,0,0,18.87,18.62
2026-03-22T00:12:34.802374,0,0,18.87,18.75
2026-03-22T00:12:37.383318,0,0,18.87,18.62
2026-03-22T00:12:39.943261,0,0,18.81,18.75
2026-03-22T00:12:42.523220,0,0,18.87,18.75
2026-03-22T00:12:45.103123,0,0,18.87,18.75
2026-03-22T00:12:47.662075,0,0,18.94,18.75
2026-03-22T00:12:50.253006,0,0,18.87,18.75
2026-03-22T00:12:52.823936,0,0,18.94,18.87
2026-03-22T00:12:55.543867,0,0,18.94,18.75
2026-03-22T00:12:58.123752,0,0,19.0,18.75
2026-03-22T00:13:00.688076,0,0,19.0,18.87
2026-03-22T00:13:03.263694,0,0,18.94,18.75
2026-03-22T00:13:05.838695,0,0,19.0,18.75
2026-03-22T00:13:08.380247,0,0,19.0,18.87
2026-03-22T00:13:10.933710,0,0,19.0,18.87
2026-03-22T00:13:13.492759,0,0,19.0,18.87
2026-03-22T00:13:16.043656,0,0,19.0,18.87
2026-03-22T00:13:18.603508,0,0,19.0,18.87
2026-03-22T00:13:21.163466,0,0,19.0,18.87
2026-03-22T00:13:24.012396,0,0,19.0,18.87
2026-03-22T00:13:26.573019,0,0,19.06,18.87
2026-03-22T00:13:29.154087,0,0,19.0,18.87
2026-03-22T00:13:31.774012,0,0,19.0,18.87
2026-03-22T00:13:34.422804,0,0,19.06,18.87
2026-03-22T00:13:36.983880,0,0,19.0,18.87
2026-03-22T00:13:39.743770,0,0,19.0,18.87
2026-03-22T00:13:42.303704,0,0,19.12,18.87
2026-03-22T00:13:44.943658,0,0,19.0,18.87
2026-03-22T00:13:47.503563,0,0,19.06,18.87
2026-03-22T00:13:50.063513,0,0,19.06,18.87
2026-03-22T00:13:52.643486,0,0,19.0,18.87
2026-03-22T00:13:55.343377,0,0,19.0,18.87
2026-03-22T00:13:58.554265,0,0,19.0,18.87
2026-03-22T00:14:01.104292,0,0,19.0,18.87
2026-03-22T00:14:03.654102,0,0,19.0,18.87
2026-03-22T00:14:06.227209,0,0,19.0,18.75
2026-03-22T00:14:08.803940,0,0,19.06,18.87
2026-03-22T00:14:11.367984,0,0,19.0,18.87
2026-03-22T00:14:13.933785,0,0,19.0,18.87
2026-03-22T00:14:16.483837,0,0,19.0,18.87
2026-03-22T00:14:19.042667,0,0,19.0,18.87
2026-03-22T00:14:21.613635,0,0,19.0,18.87
2026-03-22T00:14:24.160596,0,0,19.0,18.75
2026-03-22T00:14:26.722460,0,0,19.0,18.87
2026-03-22T00:14:29.283497,0,0,19.0,18.87
2026-03-22T00:14:31.973303,0,0,19.0,18.87
2026-03-22T00:14:34.523399,0,0,19.0,18.87
2026-03-22T00:14:37.084384,0,0,19.0,18.87
2026-03-22T00:14:39.644256,0,0,19.0,18.87
2026-03-22T00:14:42.194133,0,0,19.0,18.87
2026-03-22T00:14:44.754040,0,0,19.0,18.87
2026-03-22T00:14:47.324082,0,0,19.0,18.87
2026-03-22T00:14:49.883946,0,0,19.0,18.87
2026-03-22T00:14:52.443939,0,0,19.0,18.87
2026-03-22T00:14:55.103841,0,0,19.0,18.87
2026-03-22T00:14:57.663771,0,0,19.0,18.75
2026-03-22T00:15:00.373650,0,0,19.0,18.87
2026-03-22T00:15:02.943629,0,0,19.06,18.75
2026-03-22T00:15:05.564529,0,0,19.0,18.87
2026-03-22T00:15:08.143468,0,0,19.0,18.87
2026-03-22T00:15:10.704407,0,0,19.0,18.75
2026-03-22T00:15:13.274284,0,0,19.0,18.75
2026-03-22T00:15:15.823242,0,0,19.0,18.87
2026-03-22T00:15:18.383229,0,0,19.0,18.87
2026-03-22T00:15:20.944072,0,0,18.94,18.87
2026-03-22T00:15:23.544174,0,0,19.0,18.87
2026-03-22T00:15:26.232997,0,0,19.0,18.75
2026-03-22T00:15:28.801885,0,0,19.0,18.87
2026-03-22T00:15:31.362803,0,0,19.0,18.87
2026-03-22T00:15:33.983830,0,0,19.0,18.75
2026-03-22T00:15:36.643739,0,0,19.0,18.75
2026-03-22T00:15:39.344784,0,0,19.0,18.87
2026-03-22T00:15:41.984633,0,0,18.94,18.75
2026-03-22T00:15:44.544552,0,0,19.0,18.87
2026-03-22T00:15:47.104442,0,0,18.94,18.75
2026-03-22T00:15:49.684430,0,0,18.94,18.75
2026-03-22T00:15:52.263330,0,0,18.94,18.87
2026-03-22T00:15:54.924297,0,0,18.94,18.75
2026-03-22T00:15:57.493158,0,0,18.94,18.75
2026-03-22T00:16:00.054194,0,0,18.94,18.75
2026-03-22T00:16:02.724200,0,0,18.94,18.75
2026-03-22T00:16:05.283992,0,0,18.94,18.75
2026-03-22T00:16:07.863908,0,0,18.94,18.75
2026-03-22T00:16:10.444833,0,0,18.94,18.75
2026-03-22T00:16:13.024807,0,0,18.94,18.75
2026-03-22T00:16:15.584737,0,0,18.94,18.75
2026-03-22T00:16:18.164715,0,0,18.94,18.75
2026-03-22T00:16:20.754612,0,0,18.94,18.75
2026-03-22T00:16:23.334568,0,0,18.94,18.75
2026-03-22T00:16:25.879924,0,0,18.94,18.75
2026-03-22T00:16:28.474462,0,0,18.94,18.75
2026-03-22T00:16:31.124353,0,0,18.94,18.75
2026-03-22T00:16:33.702155,0,0,18.94,18.87
2026-03-22T00:16:36.364184,0,0,18.94,18.87
2026-03-22T00:16:38.934021,0,0,18.94,18.75
2026-03-22T00:16:41.484069,0,0,18.94,18.75
2026-03-22T00:16:44.064989,0,0,18.94,18.75
2026-03-22T00:16:46.644915,0,0,18.94,18.75
2026-03-22T00:16:49.284843,0,0,18.94,18.75
2026-03-22T00:16:51.946262,0,0,18.94,18.75
2026-03-22T00:16:54.704858,0,0,18.94,18.75
2026-03-22T00:16:57.295007,0,0,19.0,18.75
2026-03-22T00:16:59.844946,0,0,18.94,18.75
2026-03-22T00:17:02.424914,0,0,18.87,18.75
2026-03-22T00:17:04.993627,0,0,18.94,18.75
2026-03-22T00:17:07.564685,0,0,18.94,18.75
2026-03-22T00:17:10.143571,0,0,18.94,18.75
2026-03-22T00:17:12.704570,0,0,18.94,18.75
2026-03-22T00:17:15.364589,0,0,18.87,18.75
2026-03-22T00:17:17.934383,0,0,18.94,18.75
2026-03-22T00:17:20.505395,0,0,18.87,18.75
2026-03-22T00:17:23.065299,0,0,18.87,18.75
2026-03-22T00:17:25.645119,0,0,18.87,18.75
2026-03-22T00:17:28.205189,0,0,18.94,18.75
2026-03-22T00:17:30.864216,0,0,18.87,18.75
2026-03-22T00:17:33.525082,0,0,18.94,18.75
2026-03-22T00:17:36.185174,0,0,18.94,18.75
2026-03-22T00:17:38.753833,0,0,18.94,18.75
2026-03-22T00:17:41.301880,0,0,18.87,18.75
2026-03-22T00:17:43.884791,0,0,18.94,18.75
2026-03-22T00:17:46.444635,0,0,18.87,18.75
2026-03-22T00:17:49.034588,0,0,18.87,18.75
2026-03-22T00:17:51.605518,0,0,18.94,18.75
2026-03-22T00:17:54.185561,0,0,18.87,18.75
2026-03-22T00:17:56.905339,0,0,18.87,18.75
2026-03-22T00:17:59.465202,0,0,18.94,18.75
2026-03-22T00:18:02.047381,0,0,18.94,18.75
2026-03-22T00:18:04.607118,0,0,18.94,18.75
2026-03-22T00:18:07.184823,0,0,18.94,18.75
2026-03-22T00:18:09.764725,0,0,18.94,18.75
2026-03-22T00:18:12.403740,0,0,18.94,18.75
2026-03-22T00:18:15.004717,0,0,18.94,18.87
2026-03-22T00:18:17.584567,0,0,18.94,18.75
2026-03-22T00:18:20.164548,0,0,18.94,18.75
2026-03-22T00:18:22.714353,0,0,19.0,18.75
2026-03-22T00:18:25.285364,0,0,18.94,18.75
2026-03-22T00:18:27.865260,0,0,18.94,18.87
2026-03-22T00:18:30.426160,0,0,19.0,18.87
2026-03-22T00:18:32.985201,0,0,19.0,18.75
2026-03-22T00:18:35.559245,0,0,19.0,18.75
2026-03-22T00:18:38.215329,0,0,18.94,18.87
2026-03-22T00:18:40.765445,0,0,19.0,18.87
2026-03-22T00:18:43.335369,0,0,19.0,18.75
2026-03-22T00:18:45.905289,0,0,19.0,18.75
2026-03-22T00:18:48.665275,0,0,19.0,18.75
2026-03-22T00:18:51.325224,0,0,19.12,18.75
2026-03-22T00:18:53.894042,0,0,19.0,18.87
2026-03-22T00:18:56.605124,0,0,19.0,18.75
2026-03-22T00:18:59.155982,0,0,19.0,18.87
2026-03-22T00:19:01.784987,0,0,19.0,18.87
2026-03-22T00:19:04.356141,0,0,19.0,18.87
2026-03-22T00:19:06.925495,0,0,19.0,18.87
2026-03-22T00:19:09.495847,0,0,19.0,18.87
2026-03-22T00:19:12.045387,0,0,19.0,18.87
2026-03-22T00:19:14.605465,0,0,19.0,18.75
2026-03-22T00:19:17.164405,0,0,19.0,18.87
2026-03-22T00:19:19.735339,0,0,19.0,18.87
2026-03-22T00:19:22.285297,0,0,19.0,18.87
2026-03-22T00:19:24.845235,0,0,19.0,18.87
2026-03-22T00:19:27.404143,0,0,19.0,18.87
2026-03-22T00:19:30.045084,0,0,19.0,18.87
2026-03-22T00:19:32.616057,0,0,19.0,18.87
2026-03-22T00:19:35.267182,0,0,19.0,18.87
2026-03-22T00:19:37.825805,0,0,19.0,18.87
2026-03-22T00:19:40.526719,0,0,19.0,18.87
2026-03-22T00:19:43.104945,0,0,19.0,18.87
2026-03-22T00:19:45.724734,0,0,19.0,18.87
2026-03-22T00:19:48.295652,0,0,19.0,18.87
2026-03-22T00:19:50.946354,0,0,19.0,18.87
2026-03-22T00:19:53.505568,0,0,19.06,18.87
2026-03-22T00:19:56.145529,0,0,19.0,18.87
2026-03-22T00:19:58.705365,0,0,19.06,18.87
2026-03-22T00:20:01.275467,0,0,19.06,18.87
2026-03-22T00:20:03.856331,0,0,19.0,18.87
2026-03-22T00:20:06.566176,0,0,19.0,18.87
2026-03-22T00:20:09.116194,0,0,19.06,18.87
2026-03-22T00:20:11.666073,0,0,19.06,18.87
2026-03-22T00:20:14.226015,0,0,19.06,18.87
2026-03-22T00:20:16.796001,0,0,19.06,18.87
2026-03-22T00:20:19.355960,0,0,19.06,18.87
2026-03-22T00:20:21.905828,0,0,19.06,18.87
2026-03-22T00:20:24.465813,0,0,19.06,18.87
2026-03-22T00:20:27.045691,0,0,19.06,18.87
2026-03-22T00:20:29.605608,0,0,19.06,18.87
2026-03-22T00:20:32.175629,0,0,19.06,18.87
2026-03-22T00:20:34.724560,0,0,19.06,18.87
2026-03-22T00:20:37.285449,0,0,19.06,18.87
2026-03-22T00:20:39.856451,0,0,19.06,18.87
2026-03-22T00:20:42.416395,0,0,19.06,18.87
2026-03-22T00:20:45.116263,0,0,19.06,18.87
2026-03-22T00:20:47.686183,0,0,19.12,18.87
2026-03-22T00:20:50.245159,0,0,19.06,18.87
2026-03-22T00:20:52.816122,0,0,19.06,18.87
2026-03-22T00:20:55.386062,0,0,19.06,18.87
2026-03-22T00:20:57.945904,0,0,19.06,18.87
2026-03-22T00:21:00.535892,0,0,19.06,18.87
2026-03-22T00:21:03.082771,0,0,19.06,18.87
2026-03-22T00:21:05.645716,0,0,19.06,18.87
2026-03-22T00:21:08.206619,0,0,19.12,18.87
2026-03-22T00:21:10.846610,0,0,19.06,18.87
2026-03-22T00:21:13.406494,0,0,19.12,18.87
2026-03-22T00:21:16.086438,0,0,19.06,18.87
2026-03-22T00:21:18.636448,0,0,19.12,18.87
2026-03-22T00:21:21.216335,0,0,19.06,18.87
2026-03-22T00:21:23.776319,0,0,19.12,19.0
2026-03-22T00:21:26.426214,0,0,19.06,18.87
2026-03-22T00:21:28.986122,0,0,19.12,18.87
2026-03-22T00:21:31.646040,0,0,19.12,19.0
2026-03-22T00:21:34.235112,0,0,19.12,19.0
2026-03-22T00:21:36.785944,0,0,19.06,19.0
2026-03-22T00:21:39.355018,0,0,19.12,18.87
2026-03-22T00:21:41.936972,0,0,19.12,19.0
2026-03-22T00:21:44.486829,0,0,19.12,18.87
2026-03-22T00:21:47.066793,0,0,19.12,19.0
2026-03-22T00:21:49.646635,0,0,19.12,19.0
2026-03-22T00:21:52.206639,0,0,19.12,19.0
2026-03-22T00:21:54.767808,0,0,19.12,18.87
2026-03-22T00:21:57.476569,0,0,19.12,19.0
2026-03-22T00:22:00.046416,0,0,19.12,18.87
2026-03-22T00:22:02.626420,0,0,19.12,18.87
2026-03-22T00:22:05.196384,0,0,19.12,18.87
2026-03-22T00:22:07.764248,0,0,19.12,19.0
2026-03-22T00:22:10.406186,0,0,19.06,19.0
2026-03-22T00:22:12.956199,0,0,19.12,19.0
2026-03-22T00:22:15.527133,0,0,19.12,18.87
2026-03-22T00:22:18.437004,0,0,19.12,19.0
2026-03-22T00:22:21.006716,0,0,19.25,19.0
2026-03-22T00:22:23.576667,0,0,19.12,19.0
2026-03-22T00:22:26.127282,0,0,19.12,18.87
2026-03-22T00:22:28.788625,0,0,19.12,19.0
2026-03-22T00:22:31.406661,0,0,19.12,19.0
2026-03-22T00:22:33.986514,0,0,19.12,19.0
2026-03-22T00:22:36.546492,0,0,19.12,19.0
2026-03-22T00:22:39.126433,0,0,19.12,19.0
2026-03-22T00:22:41.696411,0,0,19.12,19.0
2026-03-22T00:22:44.243317,0,0,19.12,18.87
2026-03-22T00:22:46.807269,0,0,19.12,19.0
2026-03-22T00:22:49.377270,0,0,19.12,19.0
2026-03-22T00:22:51.937094,0,0,19.12,19.0
2026-03-22T00:22:54.482864,0,0,19.12,19.0
2026-03-22T00:22:57.045828,0,0,19.12,19.0
2026-03-22T00:22:59.606851,0,0,19.12,19.0
2026-03-22T00:23:02.324732,0,0,19.19,19.0
2026-03-22T00:23:04.886809,0,0,19.19,19.0
2026-03-22T00:23:07.446857,0,0,19.12,19.0
2026-03-22T00:23:10.014490,0,0,19.12,19.0
2026-03-22T00:23:12.563596,0,0,19.12,19.0
2026-03-22T00:23:15.126733,0,0,19.19,19.0
2026-03-22T00:23:17.685477,0,0,19.19,19.0
2026-03-22T00:23:20.257422,0,0,19.19,19.0
2026-03-22T00:23:22.803420,0,0,19.19,19.0
2026-03-22T00:23:25.367501,0,0,19.19,19.0
2026-03-22T00:23:27.928261,0,0,19.12,19.0
2026-03-22T00:23:30.487208,0,0,19.19,19.0
2026-03-22T00:23:33.071339,0,0,19.19,19.0
2026-03-22T00:23:35.624858,0,0,19.19,19.0
2026-03-22T00:23:38.206709,0,0,19.19,19.0
2026-03-22T00:23:40.836901,0,0,19.19,19.0
2026-03-22T00:23:43.406770,0,0,19.19,19.0
2026-03-22T00:23:45.986786,0,0,19.19,19.0
2026-03-22T00:23:48.626641,0,0,19.19,19.12
2026-03-22T00:23:51.286688,0,0,19.19,19.0
2026-03-22T00:23:54.127689,0,0,19.19,19.0
2026-03-22T00:23:56.707554,0,0,19.19,19.0
2026-03-22T00:23:59.267281,0,0,19.19,19.0
2026-03-22T00:24:01.887325,0,0,19.19,19.0
2026-03-22T00:24:04.467339,0,0,19.19,19.0
2026-03-22T00:24:07.035604,0,0,19.19,19.0
2026-03-22T00:24:09.767387,0,0,19.19,19.0
2026-03-22T00:24:12.347214,0,0,19.25,19.0
2026-03-22T00:24:14.907230,0,0,19.19,19.0
2026-03-22T00:24:17.465977,0,0,19.19,19.0
2026-03-22T00:24:20.037079,0,0,19.19,19.0
2026-03-22T00:24:22.607036,0,0,19.19,19.0
2026-03-22T00:24:25.166861,0,0,19.19,19.0
2026-03-22T00:24:27.827911,0,0,19.19,19.0
2026-03-22T00:24:30.389424,0,0,19.19,19.0
2026-03-22T00:24:32.957584,0,0,19.19,19.0
2026-03-22T00:24:35.507375,0,0,19.19,19.0
2026-03-22T00:24:38.077394,0,0,19.19,19.0
2026-03-22T00:24:40.647744,0,0,19.19,19.0
2026-03-22T00:24:43.286194,0,0,19.19,19.0
2026-03-22T00:24:45.867325,0,0,19.19,19.12
2026-03-22T00:24:48.457368,0,0,19.19,19.0
2026-03-22T00:24:51.117269,0,0,19.19,19.0
2026-03-22T00:24:53.867173,0,0,19.25,19.0
2026-03-22T00:24:56.437050,0,0,19.25,19.0
2026-03-22T00:24:59.017973,0,0,19.19,19.0
2026-03-22T00:25:01.567957,0,0,19.19,19.0
2026-03-22T00:25:04.227923,0,0,19.19,19.0
2026-03-22T00:25:06.786589,0,0,19.19,19.0
2026-03-22T00:25:09.427668,0,0,19.19,19.0
2026-03-22T00:25:11.991219,0,0,19.19,19.0
2026-03-22T00:25:14.567346,0,0,19.19,19.0
2026-03-22T00:25:17.187271,0,0,19.19,19.0
2026-03-22T00:25:19.767264,0,0,19.19,19.0
2026-03-22T00:25:22.327183,0,0,19.19,19.0
2026-03-22T00:25:24.887056,0,0,19.19,19.0
2026-03-22T00:25:27.457056,0,0,19.19,19.0
2026-03-22T00:25:30.026960,0,0,19.19,19.0
2026-03-22T00:25:32.597872,0,0,19.19,19.0
2026-03-22T00:25:35.143877,0,0,19.19,19.0
2026-03-22T00:25:37.727756,0,0,19.19,19.0
2026-03-22T00:25:40.288279,0,0,19.19,19.0
2026-03-22T00:25:42.847724,0,0,19.19,19.0
2026-03-22T00:25:45.405454,0,0,19.12,19.0
2026-03-22T00:25:48.064630,0,0,19.19,19.0
2026-03-22T00:25:50.627577,0,0,19.19,19.0
2026-03-22T00:25:53.195565,0,0,19.19,19.0
2026-03-22T00:25:55.906268,0,0,19.19,19.0
2026-03-22T00:25:58.467498,0,0,19.19,19.12
2026-03-22T00:26:01.036307,0,0,19.12,19.0
2026-03-22T00:26:03.584125,0,0,19.12,19.0
2026-03-22T00:26:06.148083,0,0,19.19,19.0
2026-03-22T00:26:08.708021,0,0,19.19,19.0
2026-03-22T00:26:11.277945,0,0,19.19,19.0
2026-03-22T00:26:13.822793,0,0,19.19,19.0
2026-03-22T00:26:16.387723,0,0,19.19,19.0
2026-03-22T00:26:18.949800,0,0,19.19,19.0
2026-03-22T00:26:21.507607,0,0,19.19,19.0
2026-03-22T00:26:24.087597,0,0,19.19,19.0
2026-03-22T00:26:26.647542,0,0,19.19,19.0
2026-03-22T00:26:29.216399,0,0,19.12,19.0
2026-03-22T00:26:31.767403,0,0,19.19,19.0
2026-03-22T00:26:34.337310,0,0,19.12,19.0
2026-03-22T00:26:36.897214,0,0,19.12,19.0
2026-03-22T00:26:39.456184,0,0,19.12,19.0
2026-03-22T00:26:42.007146,0,0,19.12,19.0
2026-03-22T00:26:44.568106,0,0,19.12,19.0
2026-03-22T00:26:47.128048,0,0,19.19,19.0
2026-03-22T00:26:49.717931,0,0,19.19,19.0
2026-03-22T00:26:52.347891,0,0,19.19,19.0
2026-03-22T00:26:54.987848,0,0,19.19,19.0
2026-03-22T00:26:57.548188,0,0,19.19,19.0
2026-03-22T00:27:00.168091,0,0,19.12,19.0
2026-03-22T00:27:02.737988,0,0,19.19,19.0
2026-03-22T00:27:05.308014,0,0,19.19,19.0
2026-03-22T00:27:08.077939,0,0,19.19,19.0
2026-03-22T00:27:10.647958,0,0,19.25,19.0
2026-03-22T00:27:13.208873,0,0,19.19,19.0
2026-03-22T00:27:15.848731,0,0,19.19,19.0
2026-03-22T00:27:18.408725,0,0,19.19,19.0
2026-03-22T00:27:20.967559,0,0,19.19,19.0
2026-03-22T00:27:23.538553,0,0,19.19,19.0
2026-03-22T00:27:26.088553,0,0,19.19,19.0
2026-03-22T00:27:28.647596,0,0,19.12,19.0
2026-03-22T00:27:31.208368,0,0,19.19,19.12
2026-03-22T00:27:33.788408,0,0,19.19,19.0
2026-03-22T00:27:36.347214,0,0,19.19,19.0
2026-03-22T00:27:38.908221,0,0,19.19,19.0
2026-03-22T00:27:41.488080,0,0,19.19,19.0
2026-03-22T00:27:44.139036,0,0,19.19,19.0
2026-03-22T00:27:46.869001,0,0,19.19,19.0
2026-03-22T00:27:49.488926,0,0,19.19,19.0
2026-03-22T00:27:52.058640,0,0,19.19,19.0
2026-03-22T00:27:54.628592,0,0,19.19,19.0
2026-03-22T00:27:57.200811,0,0,19.19,19.0
2026-03-22T00:27:59.750638,0,0,19.19,19.0
2026-03-22T00:28:02.308593,0,0,19.19,19.0
2026-03-22T00:28:04.877541,0,0,19.19,19.0
2026-03-22T00:28:07.428499,0,0,19.19,19.0
2026-03-22T00:28:09.988416,0,0,19.19,19.0
2026-03-22T00:28:12.548343,0,0,19.19,19.0
2026-03-22T00:28:15.118244,0,0,19.19,19.0
2026-03-22T00:28:17.678203,0,0,19.19,19.0
2026-03-22T00:28:20.229193,0,0,19.19,19.0
2026-03-22T00:28:22.789242,0,0,19.19,19.0
2026-03-22T00:28:25.348976,0,0,19.19,19.0
2026-03-22T00:28:28.058772,0,0,19.19,19.0
2026-03-22T00:28:30.606771,0,0,19.19,19.0
2026-03-22T00:28:33.277621,0,0,19.12,19.0
2026-03-22T00:28:35.838744,0,0,19.19,19.0
2026-03-22T00:28:38.388681,0,0,19.19,19.0
2026-03-22T00:28:40.958599,0,0,19.19,19.0
2026-03-22T00:28:43.508579,0,0,19.19,19.0
2026-03-22T00:28:46.177508,0,0,19.12,19.0
2026-03-22T00:28:48.728410,0,0,19.19,19.0
2026-03-22T00:28:51.289333,0,0,19.19,19.0
2026-03-22T00:28:53.859367,0,0,19.12,19.0
2026-03-22T00:28:56.479218,0,0,19.12,19.0
2026-03-22T00:28:59.059230,0,0,19.19,19.0
2026-03-22T00:29:01.619129,0,0,19.12,19.0
2026-03-22T00:29:04.169071,0,0,19.19,19.0
2026-03-22T00:29:06.728965,0,0,19.12,19.0
2026-03-22T00:29:09.288944,0,0,19.12,19.0
2026-03-22T00:29:11.858864,0,0,19.12,19.0
2026-03-22T00:29:14.408889,0,0,19.12,19.0
2026-03-22T00:29:17.098745,0,0,19.12,19.0
2026-03-22T00:29:19.678617,0,0,19.19,19.0
2026-03-22T00:29:22.228627,0,0,19.12,19.0
2026-03-22T00:29:24.809536,0,0,19.12,19.0
2026-03-22T00:29:27.369516,0,0,19.19,19.0
2026-03-22T00:29:29.948434,0,0,19.12,19.0
2026-03-22T00:29:32.589415,0,0,19.12,19.0
2026-03-22T00:29:35.148393,0,0,19.19,19.0
2026-03-22T00:29:37.729301,0,0,19.12,19.0
2026-03-22T00:29:40.349355,0,0,19.19,19.0
2026-03-22T00:29:42.929255,0,0,19.19,19.0
2026-03-22T00:29:45.489184,0,0,19.12,19.0
2026-03-22T00:29:48.048136,0,0,19.19,19.0
2026-03-22T00:29:50.618005,0,0,19.12,19.0
2026-03-22T00:29:53.208992,0,0,19.12,19.0
2026-03-22T00:29:55.769874,0,0,19.12,19.0
2026-03-22T00:29:58.479899,0,0,19.12,19.0
2026-03-22T00:30:01.038618,0,0,19.12,19.0
2026-03-22T00:30:03.609644,0,0,19.12,19.0
2026-03-22T00:30:06.369674,0,0,19.12,19.0
2026-03-22T00:30:08.949610,0,0,19.25,18.87
2026-03-22T00:30:11.539500,0,0,19.12,19.0
2026-03-22T00:30:14.087374,0,0,19.19,19.0
2026-03-22T00:30:16.649381,0,0,19.12,19.0
2026-03-22T00:30:19.229389,0,0,19.12,19.0
2026-03-22T00:30:21.989256,0,0,19.12,19.0
2026-03-22T00:30:24.559198,0,0,19.25,19.0
2026-03-22T00:30:27.129165,0,0,19.12,19.0
2026-03-22T00:30:29.689108,0,0,19.19,19.0
2026-03-22T00:30:32.249986,0,0,19.19,19.0
2026-03-22T00:30:34.809953,0,0,19.19,19.0
2026-03-22T00:30:37.389793,0,0,19.12,19.0
2026-03-22T00:30:40.009757,0,0,19.19,19.0
2026-03-22T00:30:42.578671,0,0,19.19,19.0
2026-03-22T00:30:45.229649,0,0,19.19,19.0
2026-03-22T00:30:47.789597,0,0,19.19,19.0
2026-03-22T00:30:50.339527,0,0,19.19,19.0
2026-03-22T00:30:52.909517,0,0,19.19,19.0
2026-03-22T00:30:55.469385,0,0,19.19,19.0
2026-03-22T00:30:58.229486,0,0,19.19,19.0
2026-03-22T00:31:00.789363,0,0,19.31,19.0
2026-03-22T00:31:03.430212,0,0,19.19,19.0
2026-03-22T00:31:06.010204,0,0,19.25,19.0
2026-03-22T00:31:08.649640,0,0,19.19,19.0
2026-03-22T00:31:11.270070,0,0,19.25,19.12
2026-03-22T00:31:13.940027,0,0,19.19,19.0
2026-03-22T00:31:16.509938,0,0,19.25,19.12
2026-03-22T00:31:19.249822,0,0,19.19,19.0
2026-03-22T00:31:21.827803,0,0,19.31,19.0
2026-03-22T00:31:24.389749,0,0,19.19,19.0
2026-03-22T00:31:26.959886,0,0,19.19,19.0
2026-03-22T00:31:29.505487,0,0,19.25,19.12
2026-03-22T00:31:32.248526,0,0,19.19,19.0
2026-03-22T00:31:34.809432,0,0,19.31,19.0
2026-03-22T00:31:37.370388,0,0,19.19,19.0
2026-03-22T00:31:39.930305,0,0,19.25,19.0
2026-03-22T00:31:42.510025,0,0,19.19,19.0
2026-03-22T00:31:45.130026,0,0,19.19,19.0
2026-03-22T00:31:47.710188,0,0,19.25,19.12
2026-03-22T00:31:50.292277,0,0,19.19,19.0
2026-03-22T00:31:53.048973,0,0,19.19,19.0
2026-03-22T00:31:55.619916,0,0,19.31,19.0
2026-03-22T00:31:58.179850,0,0,19.19,19.0
2026-03-22T00:32:00.739787,0,0,19.12,19.0
2026-03-22T00:32:03.309789,0,0,19.12,19.0
2026-03-22T00:32:05.878673,0,0,19.19,19.0
2026-03-22T00:32:08.508641,0,0,19.12,19.0
2026-03-22T00:32:11.069476,0,0,19.12,19.0
2026-03-22T00:32:13.629420,0,0,19.12,19.0
2026-03-22T00:32:16.200491,0,0,19.12,19.0
2026-03-22T00:32:18.830321,0,0,19.12,19.0
2026-03-22T00:32:21.420341,0,0,19.12,19.0
2026-03-22T00:32:23.970218,0,0,19.12,19.0
2026-03-22T00:32:26.560115,0,0,19.06,19.0
2026-03-22T00:32:29.248140,0,0,19.06,19.0
2026-03-22T00:32:31.810106,0,0,19.12,18.87
2026-03-22T00:32:34.589061,0,0,19.06,19.0
2026-03-22T00:32:37.149948,0,0,19.12,18.87
2026-03-22T00:32:39.729866,0,0,19.0,18.87
2026-03-22T00:32:42.300879,0,0,19.06,18.87
2026-03-22T00:32:44.850678,0,0,19.06,18.87
2026-03-22T00:32:47.420697,0,0,19.06,18.87
2026-03-22T00:32:49.970601,0,0,19.06,18.87
2026-03-22T00:32:52.530503,0,0,19.0,18.87
2026-03-22T00:32:55.100513,0,0,19.0,18.87
2026-03-22T00:32:57.670445,0,0,19.06,18.87
2026-03-22T00:33:00.230371,0,0,19.06,18.87
2026-03-22T00:33:02.880374,0,0,19.06,18.87
2026-03-22T00:33:05.440287,0,0,19.06,18.87
2026-03-22T00:33:08.090232,0,0,19.06,18.87
2026-03-22T00:33:10.650111,0,0,19.06,18.87
2026-03-22T00:33:13.220090,0,0,19.06,18.87
2026-03-22T00:33:15.791037,0,0,19.06,18.87
2026-03-22T00:33:18.360892,0,0,19.06,18.87
2026-03-22T00:33:20.906851,0,0,19.06,18.87
2026-03-22T00:33:23.470615,0,0,19.06,18.87
2026-03-22T00:33:26.030640,0,0,19.06,18.87
2026-03-22T00:33:28.592690,0,0,19.06,18.87
2026-03-22T00:33:31.169499,0,0,19.0,18.87
2026-03-22T00:33:33.728592,0,0,19.0,18.87
2026-03-22T00:33:36.300498,0,0,19.0,18.87
2026-03-22T00:33:38.850511,0,0,19.06,18.87
2026-03-22T00:33:41.410523,0,0,19.0,18.87
2026-03-22T00:33:43.970362,0,0,19.0,18.87
2026-03-22T00:33:46.550283,0,0,19.0,18.87
2026-03-22T00:33:49.171202,0,0,19.0,18.87
2026-03-22T00:33:51.731104,0,0,19.0,18.87
2026-03-22T00:33:54.291110,0,0,19.0,18.87
2026-03-22T00:33:56.851017,0,0,19.0,18.87
2026-03-22T00:33:59.400980,0,0,19.0,18.87
2026-03-22T00:34:01.960946,0,0,19.0,18.87
2026-03-22T00:34:04.519832,0,0,19.0,18.87
2026-03-22T00:34:07.100767,0,0,19.0,18.87
2026-03-22T00:34:09.810687,0,0,19.0,18.87
2026-03-22T00:34:12.450593,0,0,19.0,18.87
2026-03-22T00:34:15.000569,0,0,19.0,18.87
2026-03-22T00:34:17.560583,0,0,19.0,18.87
2026-03-22T00:34:20.120512,0,0,19.06,18.87
2026-03-22T00:34:22.681399,0,0,19.0,18.87
2026-03-22T00:34:25.231317,0,0,19.0,18.87
2026-03-22T00:34:27.790316,0,0,19.0,18.87
2026-03-22T00:34:30.431211,0,0,19.0,18.87
2026-03-22T00:34:33.051150,0,0,19.0,18.87
2026-03-22T00:34:35.611074,0,0,19.06,18.87
2026-03-22T00:34:38.191027,0,0,19.0,18.87
2026-03-22T00:34:40.759968,0,0,19.0,18.87
2026-03-22T00:34:43.310853,0,0,19.0,18.87
2026-03-22T00:34:45.870826,0,0,19.0,18.87
2026-03-22T00:34:48.430727,0,0,19.0,18.87
2026-03-22T00:34:50.990713,0,0,19.0,18.87
2026-03-22T00:34:53.649620,0,0,19.0,18.87
2026-03-22T00:34:56.211613,0,0,19.0,18.87
2026-03-22T00:34:58.851527,0,0,19.0,18.87
2026-03-22T00:35:01.471448,0,0,19.0,18.87
2026-03-22T00:35:04.041317,0,0,19.0,18.87
2026-03-22T00:35:06.621433,0,0,19.0,18.87
2026-03-22T00:35:09.180355,0,0,19.0,18.87
2026-03-22T00:35:11.731354,0,0,19.0,18.87
2026-03-22T00:35:14.291267,0,0,19.0,18.87
2026-03-22T00:35:16.851191,0,0,19.0,18.87
2026-03-22T00:35:19.411139,0,0,19.06,18.87
2026-03-22T00:35:21.980011,0,0,19.0,18.87
2026-03-22T00:35:24.551000,0,0,19.0,18.87
2026-03-22T00:35:27.111979,0,0,19.0,18.87
2026-03-22T00:35:29.871823,0,0,19.0,18.87
2026-03-22T00:35:32.441796,0,0,19.12,18.87
2026-03-22T00:35:34.990511,0,0,19.06,18.87
2026-03-22T00:35:37.551473,0,0,19.0,18.87
2026-03-22T00:35:40.111586,0,0,19.0,18.87
2026-03-22T00:35:42.681354,0,0,19.0,18.87
2026-03-22T00:35:45.231459,0,0,19.0,18.87
2026-03-22T00:35:47.791499,0,0,19.0,18.87
2026-03-22T00:35:50.351386,0,0,19.0,18.87
2026-03-22T00:35:52.991305,0,0,19.0,18.87
2026-03-22T00:35:55.561225,0,0,19.06,18.87
2026-03-22T00:35:58.111110,0,0,19.0,18.87
2026-03-22T00:36:00.681115,0,0,19.0,18.87
2026-03-22T00:36:03.252076,0,0,19.06,18.87
2026-03-22T00:36:05.811958,0,0,19.06,18.87
2026-03-22T00:36:08.371686,0,0,19.0,18.87
2026-03-22T00:36:10.931621,0,0,19.0,18.87
2026-03-22T00:36:13.503617,0,0,19.06,18.87
2026-03-22T00:36:16.081471,0,0,19.06,18.87
2026-03-22T00:36:18.627530,0,0,19.0,18.87
2026-03-22T00:36:21.181483,0,0,19.06,18.87
2026-03-22T00:36:23.741408,0,0,19.0,18.87
2026-03-22T00:36:26.291516,0,0,19.0,18.87
2026-03-22T00:36:28.851421,0,0,19.0,18.87
2026-03-22T00:36:31.411390,0,0,19.0,18.87
2026-03-22T00:36:33.982269,0,0,19.06,18.87
2026-03-22T00:36:36.632237,0,0,19.06,18.87
2026-03-22T00:36:39.192096,0,0,19.06,18.87
2026-03-22T00:36:41.771872,0,0,19.06,18.87
2026-03-22T00:36:44.535249,0,0,19.0,18.87
2026-03-22T00:36:47.101486,0,0,19.12,18.87
2026-03-22T00:36:49.751596,0,0,19.06,18.87
2026-03-22T00:36:52.301447,0,0,19.06,18.87
2026-03-22T00:36:54.871477,0,0,19.06,18.87
2026-03-22T00:36:57.441373,0,0,19.0,18.87
2026-03-22T00:36:59.991330,0,0,19.06,18.87
2026-03-22T00:37:02.550157,0,0,19.0,18.87
2026-03-22T00:37:05.111192,0,0,19.06,18.87
2026-03-22T00:37:07.692129,0,0,19.0,18.87
2026-03-22T00:37:10.312017,0,0,19.06,18.87
2026-03-22T00:37:12.891969,0,0,19.06,18.87
2026-03-22T00:37:15.471882,0,0,19.0,18.87
2026-03-22T00:37:18.090722,0,0,19.06,18.87
2026-03-22T00:37:20.661756,0,0,19.0,18.87
2026-03-22T00:37:23.230636,0,0,19.0,18.87
2026-03-22T00:37:25.791843,0,0,19.0,18.87
2026-03-22T00:37:28.451619,0,0,19.06,18.87
2026-03-22T00:37:31.010482,0,0,19.0,18.87
2026-03-22T00:37:33.571460,0,0,19.0,18.87
2026-03-22T00:37:36.130406,0,0,19.0,18.87
2026-03-22T00:37:38.691349,0,0,19.0,18.87
2026-03-22T00:37:41.252258,0,0,19.0,18.87
2026-03-22T00:37:43.812230,0,0,19.0,18.87
2026-03-22T00:37:46.502178,0,0,19.0,18.87
2026-03-22T00:37:49.052267,0,0,19.0,18.87
2026-03-22T00:37:51.621081,0,0,19.0,18.87
2026-03-22T00:37:54.390991,0,0,19.0,18.87
2026-03-22T00:37:56.951982,0,0,19.12,18.87
2026-03-22T00:37:59.531949,0,0,19.0,18.87
2026-03-22T00:38:02.100945,0,0,19.0,18.87
2026-03-22T00:38:04.651900,0,0,19.0,18.87
2026-03-22T00:38:07.201715,0,0,19.0,18.87
2026-03-22T00:38:09.910604,0,0,19.0,18.87
2026-03-22T00:38:12.471575,0,0,19.06,18.87
2026-03-22T00:38:15.052516,0,0,19.0,18.87
2026-03-22T00:38:17.892562,0,0,19.0,18.87
2026-03-22T00:38:20.532530,0,0,19.06,18.87
2026-03-22T00:38:23.092368,0,0,19.0,18.87
2026-03-22T00:38:25.642874,0,0,19.06,18.87
2026-03-22T00:38:28.199246,0,0,19.0,18.87
2026-03-22T00:38:30.762162,0,0,19.0,18.87
2026-03-22T00:38:33.612141,0,0,19.0,18.87
2026-03-22T00:38:36.172077,0,0,19.06,18.87
2026-03-22T00:38:38.741956,0,0,19.06,18.87
2026-03-22T00:38:41.291047,0,0,19.0,18.87
2026-03-22T00:38:43.851884,0,0,19.0,18.87
2026-03-22T00:38:46.411803,0,0,19.06,18.87
2026-03-22T00:38:48.982672,0,0,19.0,18.87
2026-03-22T00:38:51.534866,0,0,19.0,18.87
2026-03-22T00:38:54.182702,0,0,19.0,18.87
2026-03-22T00:38:56.812017,0,0,19.06,18.87
2026-03-22T00:38:59.392685,0,0,19.06,18.87
2026-03-22T00:39:01.962701,0,0,19.06,18.87
2026-03-22T00:39:04.611635,0,0,19.06,18.87
2026-03-22T00:39:07.231642,0,0,19.06,18.87
2026-03-22T00:39:09.812804,0,0,19.06,18.87
2026-03-22T00:39:12.372842,0,0,19.06,18.87
2026-03-22T00:39:14.932645,0,0,19.06,18.87
2026-03-22T00:39:17.522315,0,0,19.06,18.87
2026-03-22T00:39:20.093419,0,0,19.06,18.87
2026-03-22T00:39:22.653349,0,0,19.06,18.87
2026-03-22T00:39:25.273181,0,0,19.06,18.87
2026-03-22T00:39:27.853004,0,0,19.06,18.87
2026-03-22T00:39:30.432098,0,0,19.06,18.87
2026-03-22T00:39:32.992910,0,0,19.06,18.87
2026-03-22T00:39:35.621870,0,0,19.06,18.87
2026-03-22T00:39:38.212971,0,0,19.06,18.87
2026-03-22T00:39:40.782804,0,0,19.06,18.87
2026-03-22T00:39:43.332756,0,0,19.06,18.87
2026-03-22T00:39:45.892747,0,0,19.06,18.87
2026-03-22T00:39:48.471639,0,0,19.06,18.87
2026-03-22T00:39:51.182570,0,0,19.06,18.87
2026-03-22T00:39:53.743875,0,0,19.06,18.87
2026-03-22T00:39:56.313506,0,0,19.06,18.87
2026-03-22T00:39:58.933466,0,0,19.06,18.87
2026-03-22T00:40:01.513351,0,0,19.06,18.87
2026-03-22T00:40:04.081480,0,0,19.06,18.87
2026-03-22T00:40:06.733229,0,0,19.06,18.87
2026-03-22T00:40:09.353145,0,0,19.12,18.87
2026-03-22T00:40:11.943105,0,0,19.06,18.87
2026-03-22T00:40:14.512034,0,0,19.06,19.0
2026-03-22T00:40:17.063043,0,0,19.06,18.87
2026-03-22T00:40:19.612042,0,0,19.06,18.87
2026-03-22T00:40:22.182821,0,0,19.06,18.87
2026-03-22T00:40:24.893802,0,0,19.12,18.87
2026-03-22T00:40:27.473659,0,0,19.12,18.87
2026-03-22T00:40:30.053640,0,0,19.06,19.0
2026-03-22T00:40:32.673570,0,0,19.12,18.87
2026-03-22T00:40:35.253506,0,0,19.12,18.87
2026-03-22T00:40:37.833397,0,0,19.12,19.0
2026-03-22T00:40:40.393321,0,0,19.12,18.87
2026-03-22T00:40:43.033318,0,0,19.12,18.87
2026-03-22T00:40:45.603222,0,0,19.12,19.0
2026-03-22T00:40:48.173156,0,0,19.12,19.0
2026-03-22T00:40:50.793201,0,0,19.12,19.0
2026-03-22T00:40:53.442089,0,0,19.12,19.0
2026-03-22T00:40:56.012982,0,0,19.12,19.0
2026-03-22T00:40:58.632926,0,0,19.12,19.0
2026-03-22T00:41:01.203855,0,0,19.12,19.0
2026-03-22T00:41:03.773660,0,0,19.12,18.87
2026-03-22T00:41:06.331717,0,0,19.12,19.0
2026-03-22T00:41:08.916022,0,0,19.12,18.87
2026-03-22T00:41:11.492651,0,0,19.06,18.87
2026-03-22T00:41:14.053555,0,0,19.12,19.0
2026-03-22T00:41:16.623533,0,0,19.12,19.0
2026-03-22T00:41:19.170424,0,0,19.12,19.0
2026-03-22T00:41:21.733541,0,0,19.06,18.87
2026-03-22T00:41:24.293314,0,0,19.12,18.87
2026-03-22T00:41:26.862248,0,0,19.06,19.0
2026-03-22T00:41:29.410164,0,0,19.12,18.87
2026-03-22T00:41:31.974138,0,0,19.06,18.87
2026-03-22T00:41:34.534054,0,0,19.12,18.87
2026-03-22T00:41:37.093893,0,0,19.06,18.87
2026-03-22T00:41:39.663830,0,0,19.06,18.87
2026-03-22T00:41:42.233667,0,0,19.12,18.87
2026-03-22T00:41:44.813809,0,0,19.12,18.87
2026-03-22T00:41:47.373720,0,0,19.06,18.87
2026-03-22T00:41:49.943780,0,0,19.06,18.87
2026-03-22T00:41:52.513631,0,0,19.06,18.87
2026-03-22T00:41:55.233535,0,0,19.12,18.87
2026-03-22T00:41:57.813515,0,0,19.12,18.87
2026-03-22T00:42:00.383566,0,0,19.12,19.0
2026-03-22T00:42:03.133593,0,0,19.12,19.0
2026-03-22T00:42:05.694252,0,0,19.19,19.0
2026-03-22T00:42:08.274240,0,0,19.06,18.87
2026-03-22T00:42:10.894223,0,0,19.06,18.87
2026-03-22T00:42:13.474133,0,0,19.06,19.0
2026-03-22T00:42:16.114053,0,0,19.06,18.87
2026-03-22T00:42:18.874043,0,0,19.06,18.87
2026-03-22T00:42:21.453938,0,0,19.12,18.87
2026-03-22T00:42:24.013109,0,0,19.06,18.87
2026-03-22T00:42:26.573794,0,0,19.12,18.87
2026-03-22T00:42:29.153769,0,0,19.12,18.87
2026-03-22T00:42:31.733719,0,0,19.06,18.87
2026-03-22T00:42:34.353584,0,0,19.12,19.0
2026-03-22T00:42:36.933516,0,0,19.06,19.0
2026-03-22T00:42:39.564564,0,0,19.06,18.87
2026-03-22T00:42:42.194419,0,0,19.12,19.0
2026-03-22T00:42:44.764306,0,0,19.12,18.87
2026-03-22T00:42:47.344228,0,0,19.12,18.87
2026-03-22T00:42:49.914177,0,0,19.12,18.87
2026-03-22T00:42:52.473522,0,0,19.12,18.87
2026-03-22T00:42:55.054204,0,0,19.19,19.0
2026-03-22T00:42:57.614072,0,0,19.12,19.0
2026-03-22T00:43:00.233999,0,0,19.12,19.0
2026-03-22T00:43:02.893952,0,0,19.12,18.87
2026-03-22T00:43:05.453913,0,0,19.12,18.87
2026-03-22T00:43:08.012871,0,0,19.12,19.0
2026-03-22T00:43:10.584783,0,0,19.12,19.0
2026-03-22T00:43:13.154722,0,0,19.12,19.0
2026-03-22T00:43:15.724673,0,0,19.12,19.0
2026-03-22T00:43:18.274465,0,0,19.12,18.87
2026-03-22T00:43:20.853735,0,0,19.06,19.0
2026-03-22T00:43:23.414325,0,0,19.12,18.87
2026-03-22T00:43:25.995428,0,0,19.12,19.0
2026-03-22T00:43:28.683338,0,0,19.12,19.0
2026-03-22T00:43:31.244401,0,0,19.12,19.0
2026-03-22T00:43:33.804255,0,0,19.12,19.0
2026-03-22T00:43:36.354241,0,0,19.12,18.87
2026-03-22T00:43:38.934117,0,0,19.12,19.0
2026-03-22T00:43:41.504102,0,0,19.12,19.0
2026-03-22T00:43:44.075050,0,0,19.12,19.0
2026-03-22T00:43:46.635026,0,0,19.12,19.0
2026-03-22T00:43:49.194937,0,0,19.12,19.0
2026-03-22T00:43:51.753872,0,0,19.12,19.0
2026-03-22T00:43:54.324792,0,0,19.12,19.0
2026-03-22T00:43:56.870728,0,0,19.12,19.0
2026-03-22T00:43:59.454623,0,0,19.12,19.0
2026-03-22T00:44:02.034519,0,0,19.12,19.0
2026-03-22T00:44:04.604434,0,0,19.12,19.0
2026-03-22T00:44:07.154367,0,0,19.12,19.0
2026-03-22T00:44:09.814277,0,0,19.12,19.0
2026-03-22T00:44:12.374259,0,0,19.12,19.0
2026-03-22T00:44:15.215226,0,0,19.12,19.0
2026-03-22T00:44:17.795111,0,0,19.12,19.0
2026-03-22T00:44:20.415089,0,0,19.12,19.0
2026-03-22T00:44:23.074665,0,0,19.19,19.0
2026-03-22T00:44:25.634621,0,0,19.12,19.0
2026-03-22T00:44:28.205038,0,0,19.19,19.0
2026-03-22T00:44:30.756650,0,0,19.19,19.0
2026-03-22T00:44:33.324585,0,0,19.12,19.0
2026-03-22T00:44:35.893283,0,0,19.19,19.0
2026-03-22T00:44:38.454206,0,0,19.19,19.0
2026-03-22T00:44:41.104167,0,0,19.12,19.0
2026-03-22T00:44:43.674043,0,0,19.19,19.0
2026-03-22T00:44:46.234060,0,0,19.19,19.0
2026-03-22T00:44:48.795000,0,0,19.19,19.0
2026-03-22T00:44:51.364963,0,0,19.19,19.0
2026-03-22T00:44:53.935086,0,0,19.19,19.0
2026-03-22T00:44:56.504885,0,0,19.19,19.0
2026-03-22T00:44:59.051977,0,0,19.19,19.0
2026-03-22T00:45:01.614781,0,0,19.19,19.0
2026-03-22T00:45:04.184838,0,0,19.19,19.0
2026-03-22T00:45:06.754685,0,0,19.19,19.0
2026-03-22T00:45:09.314649,0,0,19.19,19.0
2026-03-22T00:45:11.894572,0,0,19.19,19.0
2026-03-22T00:45:14.474435,0,0,19.19,19.0
2026-03-22T00:45:17.094371,0,0,19.19,19.0
2026-03-22T00:45:19.674266,0,0,19.19,19.0
2026-03-22T00:45:22.235587,0,0,19.19,19.0
2026-03-22T00:45:24.825578,0,0,19.19,19.12
2026-03-22T00:45:27.395548,0,0,19.19,19.0
2026-03-22T00:45:29.954347,0,0,19.19,19.0
2026-03-22T00:45:32.515436,0,0,19.19,19.0
2026-03-22T00:45:35.155417,0,0,19.19,19.0
2026-03-22T00:45:37.715298,0,0,19.19,19.0
2026-03-22T00:45:40.285231,0,0,19.25,19.0
2026-03-22T00:45:42.854124,0,0,19.25,19.0
2026-03-22T00:45:45.405081,0,0,19.25,19.0
2026-03-22T00:45:47.955031,0,0,19.19,19.0
2026-03-22T00:45:50.533644,0,0,19.25,19.0
2026-03-22T00:45:53.294869,0,0,19.25,19.0
2026-03-22T00:45:55.865857,0,0,19.31,19.0
2026-03-22T00:45:58.564784,0,0,19.25,19.12
2026-03-22T00:46:01.134706,0,0,19.25,19.0
2026-03-22T00:46:03.705564,0,0,19.19,19.0
2026-03-22T00:46:06.335580,0,0,19.19,19.0
2026-03-22T00:46:08.975566,0,0,19.25,19.0
2026-03-22T00:46:11.555507,0,0,19.19,19.0
2026-03-22T00:46:14.115437,0,0,19.25,19.0
2026-03-22T00:46:16.675349,0,0,19.19,19.0
2026-03-22T00:46:19.254247,0,0,19.19,19.0
2026-03-22T00:46:21.815209,0,0,19.19,19.0
2026-03-22T00:46:24.395279,0,0,19.19,19.0
2026-03-22T00:46:26.944094,0,0,19.19,19.0
2026-03-22T00:46:29.505984,0,0,19.19,19.0
2026-03-22T00:46:32.065942,0,0,19.19,19.0
2026-03-22T00:46:34.625246,0,0,19.19,19.0
2026-03-22T00:46:37.275835,0,0,19.19,19.0
2026-03-22T00:46:39.835836,0,0,19.19,19.0
2026-03-22T00:46:42.395601,0,0,19.19,19.0
2026-03-22T00:46:44.975707,0,0,19.19,19.0
2026-03-22T00:46:47.535646,0,0,19.19,19.0
2026-03-22T00:46:50.105570,0,0,19.19,19.0
2026-03-22T00:46:52.685499,0,0,19.12,19.0
2026-03-22T00:46:55.231453,0,0,19.19,19.0
2026-03-22T00:46:57.795418,0,0,19.19,19.0
2026-03-22T00:47:00.355369,0,0,19.19,19.0
2026-03-22T00:47:02.976251,0,0,19.19,19.0
2026-03-22T00:47:05.636196,0,0,19.19,19.0
2026-03-22T00:47:08.196120,0,0,19.19,19.0
2026-03-22T00:47:10.766054,0,0,19.19,19.0
2026-03-22T00:47:13.315989,0,0,19.19,19.0
2026-03-22T00:47:15.865945,0,0,19.19,19.0
2026-03-22T00:47:18.435916,0,0,19.19,19.0
2026-03-22T00:47:21.005870,0,0,19.19,19.0
2026-03-22T00:47:23.565722,0,0,19.19,19.0
2026-03-22T00:47:26.135727,0,0,19.19,19.0
2026-03-22T00:47:28.714567,0,0,19.19,19.0
2026-03-22T00:47:31.335561,0,0,19.19,19.0
2026-03-22T00:47:33.906516,0,0,19.25,19.0
2026-03-22T00:47:36.486505,0,0,19.25,19.0
2026-03-22T00:47:39.216398,0,0,19.19,19.0
2026-03-22T00:47:41.786119,0,0,19.25,19.0
2026-03-22T00:47:44.356171,0,0,19.19,19.0
2026-03-22T00:47:46.913826,0,0,19.19,19.0
2026-03-22T00:47:49.485767,0,0,19.25,19.0
2026-03-22T00:47:52.055824,0,0,19.25,19.12
2026-03-22T00:47:54.635727,0,0,19.25,19.0
2026-03-22T00:47:57.195606,0,0,19.25,19.12
2026-03-22T00:47:59.795661,0,0,19.19,19.0
2026-03-22T00:48:02.455476,0,0,19.25,19.0
2026-03-22T00:48:05.005483,0,0,19.25,19.0
2026-03-22T00:48:07.776488,0,0,19.25,19.0
2026-03-22T00:48:10.336353,0,0,19.31,19.12
2026-03-22T00:48:12.895219,0,0,19.25,19.0
2026-03-22T00:48:15.456235,0,0,19.19,19.0
2026-03-22T00:48:18.016111,0,0,19.25,19.0
2026-03-22T00:48:20.616870,0,0,19.19,19.0
2026-03-22T00:48:23.335947,0,0,19.25,19.0
2026-03-22T00:48:25.895917,0,0,19.25,19.12
2026-03-22T00:48:28.555849,0,0,19.25,19.0
2026-03-22T00:48:31.115767,0,0,19.25,19.12
2026-03-22T00:48:33.705666,0,0,19.25,19.0
2026-03-22T00:48:36.275661,0,0,19.25,19.0
2026-03-22T00:48:38.825567,0,0,19.25,19.12
2026-03-22T00:48:41.405284,0,0,19.25,19.0
2026-03-22T00:48:44.056451,0,0,19.25,19.12
2026-03-22T00:48:46.696413,0,0,19.25,19.12
2026-03-22T00:48:49.276376,0,0,19.25,19.12
2026-03-22T00:48:51.858651,0,0,19.25,19.0
2026-03-22T00:48:54.496256,0,0,19.19,19.0
2026-03-22T00:48:57.056106,0,0,19.25,19.12
2026-03-22T00:48:59.636005,0,0,19.19,19.0
2026-03-22T00:49:02.196077,0,0,19.25,19.0
2026-03-22T00:49:04.755930,0,0,19.19,19.12
2026-03-22T00:49:07.345990,0,0,19.25,19.0
2026-03-22T00:49:09.905876,0,0,19.25,19.0
2026-03-22T00:49:12.456227,0,0,19.19,19.0
2026-03-22T00:49:15.017127,0,0,19.19,19.0
2026-03-22T00:49:17.577050,0,0,19.19,19.0
2026-03-22T00:49:20.145736,0,0,19.19,19.0
2026-03-22T00:49:22.726681,0,0,19.19,19.12
2026-03-22T00:49:25.276684,0,0,19.19,19.0
2026-03-22T00:49:27.856665,0,0,19.19,19.0
2026-03-22T00:49:30.425696,0,0,19.19,19.0
2026-03-22T00:49:32.976639,0,0,19.19,19.0
2026-03-22T00:49:35.545531,0,0,19.12,19.0
2026-03-22T00:49:38.116602,0,0,19.25,19.0
2026-03-22T00:49:40.696502,0,0,19.19,19.0
2026-03-22T00:49:43.266322,0,0,19.19,19.0
2026-03-22T00:49:45.812395,0,0,19.19,19.0
2026-03-22T00:49:48.377289,0,0,19.19,19.0
2026-03-22T00:49:50.937321,0,0,19.19,19.0
2026-03-22T00:49:53.576161,0,0,19.19,19.0
2026-03-22T00:49:56.216956,0,0,19.19,19.0
2026-03-22T00:49:58.779262,0,0,19.19,19.0
2026-03-22T00:50:01.336748,0,0,19.19,19.0
2026-03-22T00:50:03.906448,0,0,19.19,19.0
2026-03-22T00:50:06.496441,0,0,19.19,19.0
2026-03-22T00:50:09.056358,0,0,19.12,19.0
2026-03-22T00:50:11.626294,0,0,19.19,19.0
2026-03-22T00:50:14.246230,0,0,19.19,19.0
2026-03-22T00:50:16.816251,0,0,19.19,19.0
2026-03-22T00:50:19.377124,0,0,19.19,19.0
2026-03-22T00:50:21.937106,0,0,19.19,19.0
2026-03-22T00:50:24.496944,0,0,19.19,19.0
2026-03-22T00:50:27.065946,0,0,19.19,19.0
2026-03-22T00:50:29.646877,0,0,19.19,19.0
2026-03-22T00:50:32.192931,0,0,19.19,19.0
2026-03-22T00:50:34.745223,0,0,19.19,19.0
2026-03-22T00:50:37.316852,0,0,19.19,19.0
2026-03-22T00:50:39.936688,0,0,19.19,19.0
2026-03-22T00:50:42.516673,0,0,19.19,19.12
2026-03-22T00:50:45.096608,0,0,19.19,19.0
2026-03-22T00:50:47.716551,0,0,19.19,19.0
2026-03-22T00:50:50.286358,0,0,19.19,19.0
2026-03-22T00:50:52.856334,0,0,19.19,19.0
2026-03-22T00:50:55.697173,0,0,19.12,19.0
2026-03-22T00:50:58.257187,0,0,19.19,19.0
2026-03-22T00:51:00.827206,0,0,19.19,19.0
2026-03-22T00:51:03.377065,0,0,19.19,19.0
2026-03-22T00:51:05.937073,0,0,19.19,19.0
2026-03-22T00:51:08.605918,0,0,19.19,19.0
2026-03-22T00:51:11.187006,0,0,19.19,19.0
2026-03-22T00:51:13.875862,0,0,19.19,19.0
2026-03-22T00:51:16.456741,0,0,19.25,19.0
2026-03-22T00:51:19.076722,0,0,19.19,19.0
2026-03-22T00:51:21.646566,0,0,19.19,19.0
2026-03-22T00:51:24.217583,0,0,19.19,19.0
2026-03-22T00:51:26.777559,0,0,19.19,19.0
2026-03-22T00:51:29.337457,0,0,19.19,19.0
2026-03-22T00:51:31.897469,0,0,19.19,19.0
2026-03-22T00:51:34.467319,0,0,19.19,19.0
2026-03-22T00:51:37.019442,0,0,19.19,19.0
2026-03-22T00:51:39.579435,0,0,19.19,19.0
2026-03-22T00:51:42.147163,0,0,19.19,19.0
2026-03-22T00:51:44.707206,0,0,19.19,19.0
2026-03-22T00:51:47.267101,0,0,19.19,19.0
2026-03-22T00:51:49.905964,0,0,19.19,19.0
2026-03-22T00:51:52.476892,0,0,19.19,19.0
2026-03-22T00:51:55.116835,0,0,19.19,19.0
2026-03-22T00:51:57.676800,0,0,19.19,19.0
2026-03-22T00:52:00.247790,0,0,19.19,19.0
2026-03-22T00:52:02.817735,0,0,19.19,19.0
2026-03-22T00:52:05.377605,0,0,19.19,19.0
2026-03-22T00:52:07.947604,0,0,19.19,19.0
2026-03-22T00:52:10.527481,0,0,19.19,19.0
2026-03-22T00:52:13.077344,0,0,19.19,19.0
2026-03-22T00:52:15.637364,0,0,19.19,19.0
2026-03-22T00:52:18.197201,0,0,19.19,19.0
2026-03-22T00:52:20.767280,0,0,19.19,19.0
2026-03-22T00:52:23.397113,0,0,19.19,19.0
2026-03-22T00:52:26.037144,0,0,19.19,19.0
2026-03-22T00:52:28.617157,0,0,19.19,19.0
2026-03-22T00:52:31.177988,0,0,19.19,19.0
2026-03-22T00:52:33.737932,0,0,19.19,19.0
2026-03-22T00:52:36.307865,0,0,19.19,19.0
2026-03-22T00:52:38.877855,0,0,19.12,19.0
2026-03-22T00:52:41.657798,0,0,19.19,19.0
2026-03-22T00:52:44.217732,0,0,19.25,19.0
2026-03-22T00:52:46.787704,0,0,19.19,19.0
2026-03-22T00:52:49.336574,0,0,19.19,19.0
2026-03-22T00:52:51.896581,0,0,19.19,19.0
2026-03-22T00:52:54.477512,0,0,19.19,19.0
2026-03-22T00:52:57.037436,0,0,19.19,19.0
2026-03-22T00:52:59.667420,0,0,19.19,19.0
2026-03-22T00:53:02.237301,0,0,19.19,19.0
2026-03-22T00:53:04.808232,0,0,19.19,19.0
2026-03-22T00:53:07.388290,0,0,19.19,19.0
2026-03-22T00:53:10.078649,0,0,19.19,19.0
2026-03-22T00:53:12.657975,0,0,19.19,19.0
2026-03-22T00:53:15.230519,0,0,19.19,19.0
2026-03-22T00:53:18.140071,0,0,19.12,19.0
2026-03-22T00:53:20.697826,0,0,19.25,19.0
2026-03-22T00:53:23.266744,0,0,19.19,19.0
2026-03-22T00:53:25.827756,0,0,19.19,19.0
2026-03-22T00:53:28.407580,0,0,19.19,19.0
2026-03-22T00:53:30.957513,0,0,19.19,19.0
2026-03-22T00:53:33.615535,0,0,19.19,19.0
2026-03-22T00:53:36.177374,0,0,19.19,19.0
2026-03-22T00:53:38.938486,0,0,19.25,19.0
2026-03-22T00:53:41.498268,0,0,19.31,19.0
2026-03-22T00:53:44.058351,0,0,19.19,19.0
2026-03-22T00:53:46.628358,0,0,19.19,19.0
2026-03-22T00:53:49.177772,0,0,19.19,19.0
2026-03-22T00:53:51.738307,0,0,19.25,19.0
2026-03-22T00:53:54.307215,0,0,19.19,19.0
2026-03-22T00:53:56.854323,0,0,19.25,19.0
2026-03-22T00:53:59.408310,0,0,19.19,19.0
2026-03-22T00:54:01.958209,0,0,19.19,19.0
2026-03-22T00:54:04.538192,0,0,19.25,19.0
2026-03-22T00:54:07.088214,0,0,19.25,19.0
2026-03-22T00:54:09.658075,0,0,19.25,19.0
2026-03-22T00:54:12.219097,0,0,19.25,19.0
2026-03-22T00:54:14.777982,0,0,19.25,19.0
2026-03-22T00:54:17.398862,0,0,19.25,19.0
2026-03-22T00:54:19.968844,0,0,19.25,19.0
2026-03-22T00:54:22.548839,0,0,19.25,19.0
2026-03-22T00:54:25.097663,0,0,19.19,19.0
2026-03-22T00:54:27.658643,0,0,19.19,19.0
2026-03-22T00:54:30.218635,0,0,19.19,19.0
2026-03-22T00:54:32.798486,0,0,19.19,19.0
2026-03-22T00:54:35.417420,0,0,19.19,19.0
2026-03-22T00:54:37.998424,0,0,19.25,19.0
2026-03-22T00:54:40.558347,0,0,19.25,19.0
2026-03-22T00:54:43.129335,0,0,19.19,19.0
2026-03-22T00:54:45.679222,0,0,19.25,19.0
2026-03-22T00:54:48.238107,0,0,19.19,19.0
2026-03-22T00:54:50.799114,0,0,19.19,19.0
2026-03-22T00:54:53.369063,0,0,19.25,19.0
2026-03-22T00:54:55.919055,0,0,19.19,18.87
2026-03-22T00:54:58.578488,0,0,19.19,19.0
2026-03-22T00:55:01.138494,0,0,19.19,18.87
2026-03-22T00:55:03.718349,0,0,19.19,18.87
2026-03-22T00:55:06.278191,0,0,19.19,18.87
2026-03-22T00:55:08.958182,0,0,19.19,18.87
2026-03-22T00:55:11.528194,0,0,19.19,18.87
2026-03-22T00:55:14.158034,0,0,19.19,18.87
2026-03-22T00:55:16.749022,0,0,19.12,18.87
2026-03-22T00:55:19.328931,0,0,19.12,18.87
2026-03-22T00:55:21.874858,0,0,19.12,18.87
2026-03-22T00:55:24.468824,0,0,19.12,18.87
2026-03-22T00:55:27.048820,0,0,19.12,18.87
2026-03-22T00:55:29.598695,0,0,19.12,18.87
2026-03-22T00:55:32.188661,0,0,19.12,18.87
2026-03-22T00:55:34.758590,0,0,19.12,18.87
2026-03-22T00:55:37.398453,0,0,19.12,18.87
2026-03-22T00:55:39.978474,0,0,19.12,18.87
2026-03-22T00:55:42.558435,0,0,19.12,18.87
2026-03-22T00:55:45.138404,0,0,19.12,18.87
2026-03-22T00:55:47.698380,0,0,19.12,18.75
2026-03-22T00:55:50.279326,0,0,19.12,18.75
2026-03-22T00:55:52.879234,0,0,19.12,18.75
2026-03-22T00:55:55.529091,0,0,19.12,18.87
2026-03-22T00:55:58.075198,0,0,19.12,18.75
2026-03-22T00:56:00.668997,0,0,19.06,18.75
2026-03-22T00:56:03.228138,0,0,19.12,18.75
2026-03-22T00:56:05.878840,0,0,19.12,18.75
2026-03-22T00:56:08.448797,0,0,19.12,18.75
2026-03-22T00:56:11.018752,0,0,19.12,18.75
2026-03-22T00:56:13.578708,0,0,19.12,18.75
2026-03-22T00:56:16.318633,0,0,19.12,18.75
2026-03-22T00:56:18.888562,0,0,19.12,18.75
2026-03-22T00:56:21.469469,0,0,19.12,18.75
2026-03-22T00:56:24.015446,0,0,19.12,18.75
2026-03-22T00:56:26.599430,0,0,19.06,18.75
2026-03-22T00:56:29.159476,0,0,19.06,18.75
2026-03-22T00:56:31.803259,0,0,19.06,18.75
2026-03-22T00:56:34.358578,0,0,19.06,18.75
2026-03-22T00:56:36.938380,0,0,19.06,18.62
2026-03-22T00:56:39.558426,0,0,19.06,18.62
2026-03-22T00:56:42.148485,0,0,19.06,18.75
2026-03-22T00:56:44.968423,0,0,19.06,18.62
2026-03-22T00:56:47.539331,0,0,19.12,18.62
2026-03-22T00:56:50.209320,0,0,19.06,18.75
2026-03-22T00:56:52.789242,0,0,19.06,18.62
2026-03-22T00:56:55.336121,0,0,19.06,18.75
2026-03-22T00:56:57.899075,0,0,19.0,18.62
2026-03-22T00:57:00.660065,0,0,19.0,18.62
2026-03-22T00:57:03.219824,0,0,19.12,18.62
2026-03-22T00:57:05.959665,0,0,19.06,18.62
2026-03-22T00:57:08.619789,0,0,19.12,18.62
2026-03-22T00:57:11.279713,0,0,19.06,18.62
2026-03-22T00:57:14.039613,0,0,19.06,18.62
2026-03-22T00:57:16.609541,0,0,19.0,18.62
2026-03-22T00:57:19.319516,0,0,19.0,18.62
2026-03-22T00:57:21.959551,0,0,19.0,18.62
2026-03-22T00:57:24.519344,0,0,19.0,18.62
2026-03-22T00:57:27.167425,0,0,19.0,18.62
2026-03-22T00:57:29.870239,0,0,19.0,18.62
2026-03-22T00:57:32.430162,0,0,19.0,18.5
2026-03-22T00:57:35.140853,0,0,19.0,18.5
2026-03-22T00:57:37.919894,0,0,19.0,18.62
2026-03-22T00:57:40.477699,0,0,19.06,18.62
2026-03-22T00:57:43.055715,0,0,19.0,18.5
2026-03-22T00:57:45.599711,0,0,18.94,18.5
2026-03-22T00:57:48.399900,0,0,18.94,18.5
2026-03-22T00:57:51.148803,0,0,19.06,18.5
2026-03-22T00:57:53.699750,0,0,19.0,18.5
2026-03-22T00:57:56.419770,0,0,18.94,18.5
2026-03-22T00:57:58.979661,0,0,19.0,18.5
2026-03-22T00:58:01.539677,0,0,18.94,18.5
2026-03-22T00:58:04.110433,0,0,18.94,18.5
2026-03-22T00:58:06.760338,0,0,18.94,18.5
2026-03-22T00:58:09.320233,0,0,18.94,18.62
2026-03-22T00:58:12.117059,0,0,18.94,18.5
2026-03-22T00:58:14.689815,0,0,19.0,18.5
2026-03-22T00:58:17.240077,0,0,18.94,18.5
2026-03-22T00:58:19.829809,0,0,18.94,18.37
2026-03-22T00:58:22.618686,0,0,18.94,18.5
2026-03-22T00:58:25.198683,0,0,19.0,18.37
2026-03-22T00:58:27.759683,0,0,18.94,18.37
2026-03-22T00:58:30.319628,0,0,18.94,18.5
2026-03-22T00:58:32.889334,0,0,18.87,18.5
2026-03-22T00:58:35.460493,0,0,18.94,18.37
2026-03-22T00:58:38.099374,0,0,18.87,18.5
2026-03-22T00:58:40.670149,0,0,18.87,18.5
2026-03-22T00:58:43.240195,0,0,18.87,18.5
2026-03-22T00:58:45.980109,0,0,18.87,18.37
2026-03-22T00:58:48.702242,0,0,18.94,18.37
2026-03-22T00:58:51.280088,0,0,18.94,18.5
2026-03-22T00:58:54.089953,0,0,18.87,18.37
2026-03-22T00:58:56.659777,0,0,18.94,18.5
2026-03-22T00:58:59.289775,0,0,18.87,18.37
2026-03-22T00:59:02.068821,0,0,18.87,18.37
2026-03-22T00:59:04.619599,0,0,18.87,18.37
2026-03-22T00:59:07.279631,0,0,18.81,18.37
2026-03-22T00:59:09.839482,0,0,18.87,18.37
2026-03-22T00:59:12.430456,0,0,18.81,18.37
2026-03-22T00:59:14.990599,0,0,18.87,18.37
2026-03-22T00:59:17.550535,0,0,18.81,18.37
2026-03-22T00:59:20.120751,0,0,18.81,18.37
2026-03-22T00:59:22.690477,0,0,18.81,18.37
2026-03-22T00:59:25.240580,0,0,18.81,18.37
2026-03-22T00:59:27.820630,0,0,18.81,18.37
2026-03-22T00:59:30.400461,0,0,18.81,18.37
2026-03-22T00:59:32.970432,0,0,18.81,18.37
2026-03-22T00:59:35.520384,0,0,18.81,18.37
2026-03-22T00:59:38.110249,0,0,18.81,18.37
2026-03-22T00:59:40.681235,0,0,18.75,18.25
2026-03-22T00:59:43.321243,0,0,18.75,18.25
2026-03-22T00:59:45.981162,0,0,18.75,18.37
2026-03-22T00:59:48.620888,0,0,18.75,18.25
2026-03-22T00:59:51.269767,0,0,18.75,18.37
2026-03-22T00:59:53.871193,0,0,18.75,18.37
2026-03-22T00:59:56.588527,0,0,18.75,18.37
2026-03-22T00:59:59.160450,0,0,18.75,18.37
2026-03-22T01:00:01.740424,0,0,18.75,18.37
2026-03-22T01:00:04.360370,0,0,18.69,18.25
2026-03-22T01:00:06.929188,0,0,18.69,18.25
2026-03-22T01:00:09.500256,0,0,18.75,18.37
2026-03-22T01:00:12.220170,0,0,18.69,18.25
2026-03-22T01:00:14.881038,0,0,18.69,18.5
2026-03-22T01:00:17.451015,0,0,18.69,18.37
2026-03-22T01:00:19.999956,0,0,18.69,18.37
2026-03-22T01:00:22.570816,0,0,18.69,18.25
2026-03-22T01:00:25.160929,0,0,18.69,18.37
2026-03-22T01:00:27.730712,0,0,18.69,18.37
2026-03-22T01:00:30.280691,0,0,18.69,18.25
2026-03-22T01:00:32.860727,0,0,18.62,18.25
2026-03-22T01:00:35.440602,0,0,18.62,18.25
2026-03-22T01:00:38.000514,0,0,18.69,18.25
2026-03-22T01:00:40.570448,0,0,18.62,18.37
2026-03-22T01:00:43.140381,0,0,18.69,18.25
2026-03-22T01:00:45.710248,0,0,18.62,18.25
2026-03-22T01:00:48.271252,0,0,18.62,18.25
2026-03-22T01:00:50.911171,0,0,18.62,18.37
2026-03-22T01:00:53.480207,0,0,18.62,18.37
2026-03-22T01:00:56.051097,0,0,18.62,18.25
2026-03-22T01:00:58.603370,0,0,18.62,18.25
2026-03-22T01:01:01.183169,0,0,18.62,18.25
2026-03-22T01:01:03.750872,0,0,18.62,18.25
2026-03-22T01:01:06.330770,0,0,18.56,18.25
2026-03-22T01:01:09.090640,0,0,18.56,18.25
2026-03-22T01:01:11.660683,0,0,18.62,18.25
2026-03-22T01:01:14.299620,0,0,18.56,18.25
2026-03-22T01:01:16.870474,0,0,18.56,18.25
2026-03-22T01:01:19.440490,0,0,18.56,18.25
2026-03-22T01:01:22.011400,0,0,18.56,18.25
2026-03-22T01:01:24.561324,0,0,18.56,18.25
2026-03-22T01:01:27.148714,0,0,18.56,18.25
2026-03-22T01:01:29.721161,0,0,18.5,18.25
2026-03-22T01:01:32.658353,0,0,18.5,18.25
2026-03-22T01:01:35.228189,0,0,18.56,18.25
2026-03-22T01:01:37.779126,0,0,18.5,18.25
2026-03-22T01:01:40.350977,0,0,18.56,18.25
2026-03-22T01:01:42.920988,0,0,18.56,18.25
2026-03-22T01:01:45.490864,0,0,18.56,18.25
2026-03-22T01:01:48.040845,0,0,18.5,18.25
2026-03-22T01:01:50.610759,0,0,18.5,18.25
2026-03-22T01:01:53.320765,0,0,18.56,18.25
2026-03-22T01:01:55.912022,0,0,18.5,18.25
2026-03-22T01:01:58.461806,0,0,18.5,18.25
2026-03-22T01:02:01.023263,0,0,18.56,18.25
2026-03-22T01:02:03.600593,0,0,18.56,18.25
2026-03-22T01:02:06.172506,0,0,18.5,18.37
2026-03-22T01:02:08.755416,0,0,18.5,18.25
2026-03-22T01:02:11.311244,0,0,18.5,18.25
2026-03-22T01:02:13.951261,0,0,18.5,18.25
2026-03-22T01:02:16.511036,0,0,18.5,18.25
2026-03-22T01:02:19.081010,0,0,18.5,18.25
2026-03-22T01:02:21.841155,0,0,18.5,18.25
2026-03-22T01:02:24.400934,0,0,18.5,18.25
2026-03-22T01:02:26.971876,0,0,18.5,18.25
2026-03-22T01:02:29.531717,0,0,18.44,18.25
2026-03-22T01:02:32.090691,0,0,18.44,18.25
2026-03-22T01:02:34.671704,0,0,18.44,18.25
2026-03-22T01:02:37.441607,0,0,18.44,18.25
2026-03-22T01:02:40.009554,0,0,18.5,18.25
2026-03-22T01:02:43.051505,0,0,18.44,18.25
2026-03-22T01:02:45.621383,0,0,18.44,18.25
2026-03-22T01:02:48.181308,0,0,18.44,18.25
2026-03-22T01:02:50.761237,0,0,18.44,18.12
2026-03-22T01:02:53.331294,0,0,18.44,18.25
2026-03-22T01:02:55.881194,0,0,18.44,18.25
2026-03-22T01:02:58.461163,0,0,18.44,18.25
2026-03-22T01:03:01.131552,0,0,18.44,18.12
2026-03-22T01:03:03.711023,0,0,18.44,18.25
2026-03-22T01:03:06.256986,0,0,18.37,18.25
2026-03-22T01:03:08.831918,0,0,18.37,18.25
2026-03-22T01:03:11.421879,0,0,18.37,18.25
2026-03-22T01:03:14.180749,0,0,18.37,18.25
2026-03-22T01:03:16.751668,0,0,18.44,18.12
2026-03-22T01:03:19.340806,0,0,18.37,18.25
2026-03-22T01:03:21.901593,0,0,18.44,18.12
2026-03-22T01:03:24.471582,0,0,18.37,18.12
2026-03-22T01:03:27.031491,0,0,18.37,18.25
2026-03-22T01:03:29.661403,0,0,18.44,18.12
2026-03-22T01:03:32.241343,0,0,18.44,18.12
2026-03-22T01:03:34.812336,0,0,18.37,18.12
2026-03-22T01:03:37.392195,0,0,18.37,18.12
2026-03-22T01:03:39.942132,0,0,18.44,18.25
2026-03-22T01:03:42.512211,0,0,18.44,18.25
2026-03-22T01:03:45.084405,0,0,18.44,18.25
2026-03-22T01:03:47.654863,0,0,18.37,18.25
2026-03-22T01:03:50.292245,0,0,18.37,18.12
2026-03-22T01:03:52.862157,0,0,18.44,18.12
2026-03-22T01:03:55.432123,0,0,18.44,18.25
2026-03-22T01:03:57.977959,0,0,18.37,18.25
2026-03-22T01:04:00.541985,0,0,18.44,18.25
2026-03-22T01:04:03.121997,0,0,18.37,18.25
2026-03-22T01:04:05.692808,0,0,18.44,18.25
2026-03-22T01:04:08.272799,0,0,18.44,18.25
2026-03-22T01:04:10.822733,0,0,18.37,18.12
2026-03-22T01:04:13.401606,0,0,18.37,18.12
2026-03-22T01:04:15.972598,0,0,18.37,18.25
2026-03-22T01:04:18.522444,0,0,18.37,18.12
2026-03-22T01:04:21.182385,0,0,18.37,18.25
2026-03-22T01:04:23.742346,0,0,18.37,18.25
2026-03-22T01:04:26.332362,0,0,18.37,18.12
2026-03-22T01:04:28.878297,0,0,18.37,18.12
2026-03-22T01:04:31.462175,0,0,18.31,18.12
2026-03-22T01:04:34.042177,0,0,18.37,18.25
2026-03-22T01:04:36.672095,0,0,18.37,18.12
2026-03-22T01:04:39.241065,0,0,18.37,18.12
2026-03-22T01:04:41.812953,0,0,18.31,18.12
2026-03-22T01:04:44.392934,0,0,18.31,18.12
2026-03-22T01:04:47.132850,0,0,18.31,18.12
2026-03-22T01:04:49.702700,0,0,18.37,18.12
2026-03-22T01:04:52.262662,0,0,18.31,18.12
2026-03-22T01:04:54.852675,0,0,18.31,18.12
2026-03-22T01:04:57.432645,0,0,18.31,18.12
2026-03-22T01:05:00.002500,0,0,18.31,18.12
2026-03-22T01:05:02.572468,0,0,18.31,18.12
2026-03-22T01:05:05.172572,0,0,18.31,18.12
2026-03-22T01:05:07.741308,0,0,18.31,18.12
2026-03-22T01:05:10.342200,0,0,18.31,18.12
2026-03-22T01:05:12.923227,0,0,18.31,18.12
2026-03-22T01:05:15.492274,0,0,18.31,18.12
2026-03-22T01:05:18.063188,0,0,18.31,18.12
2026-03-22T01:05:20.643082,0,0,18.31,18.12
2026-03-22T01:05:23.221998,0,0,18.31,18.12
2026-03-22T01:05:25.813036,0,0,18.31,18.12
2026-03-22T01:05:28.442603,0,0,18.25,18.12
2026-03-22T01:05:31.014578,0,0,18.31,18.12
2026-03-22T01:05:33.593961,0,0,18.31,18.12
2026-03-22T01:05:36.142622,0,0,18.31,18.12
2026-03-22T01:05:38.731510,0,0,18.31,18.12
2026-03-22T01:05:41.312468,0,0,18.31,18.12
2026-03-22T01:05:43.902435,0,0,18.25,18.12
2026-03-22T01:05:46.473364,0,0,18.25,18.0
2026-03-22T01:05:49.018471,0,0,18.31,18.12
2026-03-22T01:05:51.613293,0,0,18.31,18.12
2026-03-22T01:05:54.182058,0,0,18.31,18.12
2026-03-22T01:05:56.773240,0,0,18.31,18.12
2026-03-22T01:05:59.347959,0,0,18.31,18.12
2026-03-22T01:06:01.922695,0,0,18.31,18.0
2026-03-22T01:06:04.492613,0,0,18.31,18.12
2026-03-22T01:06:07.052599,0,0,18.31,18.12
2026-03-22T01:06:09.622481,0,0,18.31,18.12
2026-03-22T01:06:12.262411,0,0,18.31,18.12
2026-03-22T01:06:14.842380,0,0,18.31,18.12
2026-03-22T01:06:17.421277,0,0,18.31,18.12
2026-03-22T01:06:19.993223,0,0,18.31,18.0
2026-03-22T01:06:22.553181,0,0,18.31,18.12
2026-03-22T01:06:25.097542,0,0,18.31,18.12
2026-03-22T01:06:27.703111,0,0,18.31,18.12
2026-03-22T01:06:30.268847,0,0,18.31,18.12
2026-03-22T01:06:32.842991,0,0,18.25,18.12
2026-03-22T01:06:35.632913,0,0,18.31,18.0
2026-03-22T01:06:38.181768,0,0,18.31,18.0
2026-03-22T01:06:40.812779,0,0,18.25,18.12
2026-03-22T01:06:43.392622,0,0,18.31,18.12
2026-03-22T01:06:46.052656,0,0,18.31,18.12
2026-03-22T01:06:48.599521,0,0,18.25,18.12
2026-03-22T01:06:51.172513,0,0,18.25,18.12
2026-03-22T01:06:53.763387,0,0,18.25,18.12
2026-03-22T01:06:56.523396,0,0,18.31,18.12
2026-03-22T01:06:59.093280,0,0,18.31,18.12
2026-03-22T01:07:01.663237,0,0,18.31,18.12
2026-03-22T01:07:04.291245,0,0,18.25,18.12
2026-03-22T01:07:06.880199,0,0,18.31,18.12
2026-03-22T01:07:09.523147,0,0,18.25,18.12
2026-03-22T01:07:12.182106,0,0,18.31,18.12
2026-03-22T01:07:14.752994,0,0,18.31,18.12
2026-03-22T01:07:17.302937,0,0,18.31,18.0
2026-03-22T01:07:19.941992,0,0,18.31,18.12
2026-03-22T01:07:22.522213,0,0,18.31,18.12
2026-03-22T01:07:25.094293,0,0,18.31,18.12
2026-03-22T01:07:27.794357,0,0,18.25,18.12
2026-03-22T01:07:30.354429,0,0,18.25,18.0
2026-03-22T01:07:32.924646,0,0,18.25,18.12
2026-03-22T01:07:35.484703,0,0,18.25,18.12
2026-03-22T01:07:38.146948,0,0,18.25,18.12
2026-03-22T01:07:40.723946,0,0,18.25,18.0
2026-03-22T01:07:43.415018,0,0,18.25,18.0
2026-03-22T01:07:45.965135,0,0,18.25,18.0
2026-03-22T01:07:48.535175,0,0,18.25,18.12
2026-03-22T01:07:51.115274,0,0,18.25,18.12
2026-03-22T01:07:53.665305,0,0,18.25,18.0
2026-03-22T01:07:56.225458,0,0,18.25,18.12
2026-03-22T01:07:58.806602,0,0,18.25,18.12
2026-03-22T01:08:01.366613,0,0,18.25,18.0
2026-03-22T01:08:03.929384,0,0,18.25,18.12
2026-03-22T01:08:06.496837,0,0,18.25,18.0
2026-03-22T01:08:09.057314,0,0,18.25,18.12
2026-03-22T01:08:11.637504,0,0,18.31,18.12
2026-03-22T01:08:14.183604,0,0,18.25,18.0
2026-03-22T01:08:16.757564,0,0,18.31,18.12
2026-03-22T01:08:19.307671,0,0,18.25,18.12
2026-03-22T01:08:22.036785,0,0,18.25,18.12
2026-03-22T01:08:24.627857,0,0,18.25,18.12
2026-03-22T01:08:27.197917,0,0,18.25,18.0
2026-03-22T01:08:29.745041,0,0,18.25,18.0
2026-03-22T01:08:32.369145,0,0,18.25,18.0
2026-03-22T01:08:34.929207,0,0,18.31,18.12
2026-03-22T01:08:37.499399,0,0,18.25,18.12
2026-03-22T01:08:40.059516,0,0,18.25,18.12
2026-03-22T01:08:42.639270,0,0,18.31,18.12
2026-03-22T01:08:45.419392,0,0,18.25,18.12
2026-03-22T01:08:47.999694,0,0,18.31,18.12
2026-03-22T01:08:50.588775,0,0,18.31,18.12
2026-03-22T01:08:53.359868,0,0,18.25,18.12
2026-03-22T01:08:55.930277,0,0,18.31,18.12
2026-03-22T01:08:58.499006,0,0,18.25,18.0
2026-03-22T01:09:01.130103,0,0,18.25,18.12
2026-03-22T01:09:03.700163,0,0,18.25,18.12
2026-03-22T01:09:06.271327,0,0,18.25,18.0
2026-03-22T01:09:08.821324,0,0,18.25,18.0
2026-03-22T01:09:11.370411,0,0,18.25,18.0
2026-03-22T01:09:14.011289,0,0,18.25,18.0
2026-03-22T01:09:16.741994,0,0,18.25,18.0
2026-03-22T01:09:19.279792,0,0,18.25,18.0
2026-03-22T01:09:21.831727,0,0,18.25,18.12
2026-03-22T01:09:24.541761,0,0,18.19,18.0
2026-03-22T01:09:27.088888,0,0,18.19,18.12
2026-03-22T01:09:29.881946,0,0,18.19,18.0
2026-03-22T01:09:32.430485,0,0,18.19,18.0
2026-03-22T01:09:34.992084,0,0,18.19,18.0
2026-03-22T01:09:37.553215,0,0,18.19,18.0
2026-03-22T01:09:40.123196,0,0,18.19,18.0
2026-03-22T01:09:42.673254,0,0,18.19,18.0
2026-03-22T01:09:45.233499,0,0,18.19,18.0
2026-03-22T01:09:47.793242,0,0,18.19,18.0
2026-03-22T01:09:50.363465,0,0,18.19,18.0
2026-03-22T01:09:52.913318,0,0,18.19,18.0
2026-03-22T01:09:55.463601,0,0,18.12,18.0
2026-03-22T01:09:58.143328,0,0,18.19,18.0
2026-03-22T01:10:00.690967,0,0,18.19,18.0
2026-03-22T01:10:03.263704,0,0,18.12,17.87
2026-03-22T01:10:05.834028,0,0,18.12,18.0
2026-03-22T01:10:08.382957,0,0,18.19,18.0
2026-03-22T01:10:10.931062,0,0,18.12,18.0
2026-03-22T01:10:13.492255,0,0,18.19,18.0
2026-03-22T01:10:16.135181,0,0,18.19,17.87
2026-03-22T01:10:18.704977,0,0,18.19,17.87
2026-03-22T01:10:21.251029,0,0,18.19,17.87
2026-03-22T01:10:23.827452,0,0,18.19,18.0
2026-03-22T01:10:26.505173,0,0,18.19,18.0
2026-03-22T01:10:29.064484,0,0,18.19,18.0
2026-03-22T01:10:31.625419,0,0,18.19,18.0
2026-03-22T01:10:34.185475,0,0,18.19,18.0
2026-03-22T01:10:36.745478,0,0,18.19,18.0
2026-03-22T01:10:39.305607,0,0,18.19,18.0
2026-03-22T01:10:41.865626,0,0,18.19,18.0
2026-03-22T01:10:44.416728,0,0,18.12,18.0
2026-03-22T01:10:46.976790,0,0,18.19,18.0
2026-03-22T01:10:49.546783,0,0,18.19,18.0
2026-03-22T01:10:52.126650,0,0,18.19,18.0
2026-03-22T01:10:54.766837,0,0,18.19,18.0
2026-03-22T01:10:57.313093,0,0,18.19,18.0
2026-03-22T01:10:59.865808,0,0,18.19,18.0
2026-03-22T01:11:02.427206,0,0,18.25,18.0
2026-03-22T01:11:04.997291,0,0,18.19,18.0
2026-03-22T01:11:07.637316,0,0,18.19,18.0
2026-03-22T01:11:10.207377,0,0,18.25,18.12
2026-03-22T01:11:12.797442,0,0,18.25,18.0
2026-03-22T01:11:15.417470,0,0,18.25,18.0
2026-03-22T01:11:17.978519,0,0,18.25,18.0
2026-03-22T01:11:20.618483,0,0,18.25,18.0
2026-03-22T01:11:23.177609,0,0,18.25,18.0
2026-03-22T01:11:25.738482,0,0,18.25,18.0
2026-03-22T01:11:28.297573,0,0,18.25,18.0
2026-03-22T01:11:30.858636,0,0,18.25,18.0
2026-03-22T01:11:33.428759,0,0,18.25,18.12
2026-03-22T01:11:35.974955,0,0,18.25,18.12
2026-03-22T01:11:38.579003,0,0,18.19,18.0
2026-03-22T01:11:41.139047,0,0,18.25,18.0
2026-03-22T01:11:43.709090,0,0,18.25,18.0
2026-03-22T01:11:46.259127,0,0,18.25,18.0
2026-03-22T01:11:48.809214,0,0,18.19,18.0
2026-03-22T01:11:51.440300,0,0,18.25,18.0
2026-03-22T01:11:54.020284,0,0,18.19,18.0
2026-03-22T01:11:56.578183,0,0,18.19,18.0
2026-03-22T01:11:59.230342,0,0,18.19,18.0
2026-03-22T01:12:01.930450,0,0,18.25,18.0
2026-03-22T01:12:04.490379,0,0,18.25,18.0
2026-03-22T01:12:07.060531,0,0,18.19,18.0
2026-03-22T01:12:09.620569,0,0,18.19,18.12
2026-03-22T01:12:12.279549,0,0,18.25,18.0
2026-03-22T01:12:14.840577,0,0,18.25,18.0
2026-03-22T01:12:17.387646,0,0,18.25,18.0
2026-03-22T01:12:20.020766,0,0,18.25,18.0
2026-03-22T01:12:22.580744,0,0,18.25,18.0
2026-03-22T01:12:25.281791,0,0,18.25,18.0
2026-03-22T01:12:27.851845,0,0,18.25,18.12
2026-03-22T01:12:30.430858,0,0,18.25,18.0
2026-03-22T01:12:32.991739,0,0,18.25,18.0
2026-03-22T01:12:35.538153,0,0,18.25,18.0
2026-03-22T01:12:38.192117,0,0,18.25,18.0
2026-03-22T01:12:40.821972,0,0,18.19,18.12
2026-03-22T01:12:43.422011,0,0,18.19,18.0
2026-03-22T01:12:45.982040,0,0,18.19,18.0
2026-03-22T01:12:48.532086,0,0,18.19,18.0
2026-03-22T01:12:51.079118,0,0,18.19,18.0
2026-03-22T01:12:53.652178,0,0,18.19,18.0
2026-03-22T01:12:56.212265,0,0,18.19,17.87
2026-03-22T01:12:58.783224,0,0,18.12,18.0
2026-03-22T01:13:01.353365,0,0,18.12,17.87
2026-03-22T01:13:03.903173,0,0,18.12,18.0
2026-03-22T01:13:06.462195,0,0,18.12,17.87
2026-03-22T01:13:09.033456,0,0,18.06,17.87
2026-03-22T01:13:11.583317,0,0,18.12,17.87
2026-03-22T01:13:14.153590,0,0,18.12,17.87
2026-03-22T01:13:16.733524,0,0,18.12,18.0
2026-03-22T01:13:19.292550,0,0,18.06,18.0
2026-03-22T01:13:21.973628,0,0,18.06,17.87
2026-03-22T01:13:24.533605,0,0,18.12,17.87
2026-03-22T01:13:27.103700,0,0,18.12,17.87
2026-03-22T01:13:29.694714,0,0,18.12,18.0
2026-03-22T01:13:32.304769,0,0,18.12,17.87
2026-03-22T01:13:34.894761,0,0,18.12,18.0
2026-03-22T01:13:37.454550,0,0,18.06,17.87
2026-03-22T01:13:40.000686,0,0,18.12,18.0
2026-03-22T01:13:42.687186,0,0,18.12,17.87
2026-03-22T01:13:45.279242,0,0,18.12,18.0
2026-03-22T01:13:47.884552,0,0,18.12,17.87
2026-03-22T01:13:50.464551,0,0,18.06,17.87
2026-03-22T01:13:53.024599,0,0,18.12,17.87
2026-03-22T01:13:55.614604,0,0,18.12,17.87
2026-03-22T01:13:58.161607,0,0,18.12,17.87
2026-03-22T01:14:00.724694,0,0,18.06,17.87
2026-03-22T01:14:03.415661,0,0,18.12,18.0
2026-03-22T01:14:06.035865,0,0,18.06,18.0
2026-03-22T01:14:08.594721,0,0,18.12,17.87
2026-03-22T01:14:11.225769,0,0,18.12,17.87
2026-03-22T01:14:13.794772,0,0,18.12,17.87
2026-03-22T01:14:16.355895,0,0,18.06,18.0
2026-03-22T01:14:18.916215,0,0,18.06,18.0
2026-03-22T01:14:21.462213,0,0,18.12,18.0
2026-03-22T01:14:24.026162,0,0,18.12,17.87
2026-03-22T01:14:26.606258,0,0,18.12,17.87
2026-03-22T01:14:29.176420,0,0,18.12,18.0
2026-03-22T01:14:31.736329,0,0,18.12,18.0
2026-03-22T01:14:34.356446,0,0,18.12,18.0
2026-03-22T01:14:36.917397,0,0,18.12,17.87
2026-03-22T01:14:39.487491,0,0,18.12,18.0
2026-03-22T01:14:42.107272,0,0,18.12,18.0
2026-03-22T01:14:44.677310,0,0,18.12,17.87
2026-03-22T01:14:47.257655,0,0,18.12,18.0
2026-03-22T01:14:49.809413,0,0,18.12,18.0
2026-03-22T01:14:52.367363,0,0,18.12,18.0
2026-03-22T01:14:55.006369,0,0,18.12,18.0
2026-03-22T01:14:57.557488,0,0,18.12,18.0
2026-03-22T01:15:00.107478,0,0,18.12,18.0
2026-03-22T01:15:02.737500,0,0,18.12,18.0
2026-03-22T01:15:05.297476,0,0,18.12,18.0
2026-03-22T01:15:07.844591,0,0,18.12,18.0
2026-03-22T01:15:10.418700,0,0,18.19,18.0
2026-03-22T01:15:13.058569,0,0,18.12,18.0
2026-03-22T01:15:15.698480,0,0,18.12,18.0
2026-03-22T01:15:18.244640,0,0,18.19,18.0
2026-03-22T01:15:20.868644,0,0,18.19,18.0
2026-03-22T01:15:23.428662,0,0,18.19,18.0
2026-03-22T01:15:26.048835,0,0,18.19,18.0
2026-03-22T01:15:28.608788,0,0,18.19,18.0
2026-03-22T01:15:31.158727,0,0,18.19,18.0
2026-03-22T01:15:33.788715,0,0,18.19,18.0
2026-03-22T01:15:36.358668,0,0,18.19,18.0
2026-03-22T01:15:38.928868,0,0,18.12,18.0
2026-03-22T01:15:41.578774,0,0,18.12,18.0
2026-03-22T01:15:44.125785,0,0,18.12,18.0
2026-03-22T01:15:46.749840,0,0,18.12,18.0
2026-03-22T01:15:49.400074,0,0,18.12,18.0
2026-03-22T01:15:52.019887,0,0,18.12,17.87
2026-03-22T01:15:54.659948,0,0,18.06,17.87
2026-03-22T01:15:57.209970,0,0,18.12,17.87
2026-03-22T01:15:59.799974,0,0,18.06,17.87
2026-03-22T01:16:02.349949,0,0,18.06,17.87
2026-03-22T01:16:04.900006,0,0,18.06,17.87
2026-03-22T01:16:07.449968,0,0,18.06,17.87
2026-03-22T01:16:10.000043,0,0,18.06,17.87
2026-03-22T01:16:12.570012,0,0,18.06,17.87
2026-03-22T01:16:15.141092,0,0,18.12,17.87
2026-03-22T01:16:17.721077,0,0,18.12,17.87
2026-03-22T01:16:20.341087,0,0,18.12,17.87
2026-03-22T01:16:22.909882,0,0,18.12,17.87
2026-03-22T01:16:25.481003,0,0,18.12,18.0
2026-03-22T01:16:28.121047,0,0,18.12,18.0
2026-03-22T01:16:30.749925,0,0,18.12,18.0
2026-03-22T01:16:33.321030,0,0,18.12,18.0
2026-03-22T01:16:35.871129,0,0,18.12,18.0
2026-03-22T01:16:38.431069,0,0,18.12,18.0
2026-03-22T01:16:40.991138,0,0,18.12,18.0
2026-03-22T01:16:43.561117,0,0,18.12,18.0
2026-03-22T01:16:46.121121,0,0,18.12,18.0
2026-03-22T01:16:48.742101,0,0,18.12,18.0
2026-03-22T01:16:51.302135,0,0,18.12,18.0
2026-03-22T01:16:53.861169,0,0,18.12,18.0
2026-03-22T01:16:56.412034,0,0,18.12,18.0
2026-03-22T01:16:59.062041,0,0,18.12,18.0
2026-03-22T01:17:01.612079,0,0,18.12,18.0
2026-03-22T01:17:04.162053,0,0,18.12,18.0
2026-03-22T01:17:06.712365,0,0,18.12,18.0
2026-03-22T01:17:09.372292,0,0,18.12,18.0
2026-03-22T01:17:11.922267,0,0,18.12,18.0
2026-03-22T01:17:14.468864,0,0,18.12,18.0
2026-03-22T01:17:17.030997,0,0,18.12,18.0
2026-03-22T01:17:19.601856,0,0,18.12,18.0
2026-03-22T01:17:22.242801,0,0,18.12,18.0
2026-03-22T01:17:24.788934,0,0,18.12,18.0
2026-03-22T01:17:27.413360,0,0,18.06,18.0
2026-03-22T01:17:30.033198,0,0,18.12,18.0
2026-03-22T01:17:32.593242,0,0,18.12,18.0
2026-03-22T01:17:35.153354,0,0,18.12,18.0
2026-03-22T01:17:37.713301,0,0,18.12,18.0
2026-03-22T01:17:40.343333,0,0,18.06,18.0
2026-03-22T01:17:42.893348,0,0,18.06,17.87
2026-03-22T01:17:45.453330,0,0,18.06,18.0
2026-03-22T01:17:48.003418,0,0,18.06,18.0
2026-03-22T01:17:50.550324,0,0,18.12,17.87
2026-03-22T01:17:53.103531,0,0,18.06,17.87
2026-03-22T01:17:55.664551,0,0,18.06,17.87
2026-03-22T01:17:58.294346,0,0,18.06,17.87
2026-03-22T01:18:00.874394,0,0,18.12,17.87
2026-03-22T01:18:03.443381,0,0,18.06,17.87
2026-03-22T01:18:06.004358,0,0,18.06,17.87
2026-03-22T01:18:08.554268,0,0,18.06,17.87
2026-03-22T01:18:11.114179,0,0,18.06,17.87
2026-03-22T01:18:13.754317,0,0,18.12,17.87
2026-03-22T01:18:16.324416,0,0,18.06,17.87
2026-03-22T01:18:18.871440,0,0,18.06,17.87
2026-03-22T01:18:21.424423,0,0,18.06,18.0
2026-03-22T01:18:23.984452,0,0,18.06,17.87
2026-03-22T01:18:26.614437,0,0,18.06,17.87
2026-03-22T01:18:29.165403,0,0,18.06,17.87
2026-03-22T01:18:31.815405,0,0,18.06,17.87
2026-03-22T01:18:34.435439,0,0,18.06,17.87
2026-03-22T01:18:36.995351,0,0,18.06,17.87
2026-03-22T01:18:39.565353,0,0,18.06,17.87
2026-03-22T01:18:42.125388,0,0,18.06,17.87
2026-03-22T01:18:44.945329,0,0,18.0,17.87
2026-03-22T01:18:47.585401,0,0,18.06,17.87
2026-03-22T01:18:50.135334,0,0,18.06,17.87
2026-03-22T01:18:52.699506,0,0,18.06,17.87
2026-03-22T01:18:55.335319,0,0,18.06,17.87
2026-03-22T01:18:57.954366,0,0,18.0,17.87
2026-03-22T01:19:00.515431,0,0,18.0,17.87
2026-03-22T01:19:03.066376,0,0,18.06,17.87
2026-03-22T01:19:05.696413,0,0,18.06,17.87
2026-03-22T01:19:08.266436,0,0,18.06,17.87
2026-03-22T01:19:10.836373,0,0,18.06,17.87
2026-03-22T01:19:13.416381,0,0,18.06,17.87
2026-03-22T01:19:16.036376,0,0,18.06,17.87
2026-03-22T01:19:18.606339,0,0,18.06,17.87
2026-03-22T01:19:21.166345,0,0,18.06,17.87
2026-03-22T01:19:23.726316,0,0,18.06,17.87
2026-03-22T01:19:26.346307,0,0,18.12,17.87
2026-03-22T01:19:29.206306,0,0,18.06,17.87
2026-03-22T01:19:31.826312,0,0,18.06,17.87
2026-03-22T01:19:34.397317,0,0,18.06,17.87
2026-03-22T01:19:36.967348,0,0,18.12,17.87
2026-03-22T01:19:39.617295,0,0,18.06,17.87
2026-03-22T01:19:42.257335,0,0,18.12,18.0
2026-03-22T01:19:44.807322,0,0,18.06,18.0
2026-03-22T01:19:47.357502,0,0,18.12,18.0
2026-03-22T01:19:49.907340,0,0,18.12,17.87
2026-03-22T01:19:52.567411,0,0,18.12,18.0
2026-03-22T01:19:55.127369,0,0,18.12,18.0
2026-03-22T01:19:57.747324,0,0,18.12,18.0
2026-03-22T01:20:00.307256,0,0,18.12,18.0
2026-03-22T01:20:02.947301,0,0,18.06,18.0
2026-03-22T01:20:05.557224,0,0,18.12,17.87
2026-03-22T01:20:08.217219,0,0,18.12,18.0
2026-03-22T01:20:10.838261,0,0,18.12,17.87
2026-03-22T01:20:13.408028,0,0,18.06,17.87
2026-03-22T01:20:15.978009,0,0,18.06,18.0
2026-03-22T01:20:18.528494,0,0,18.06,18.0
2026-03-22T01:20:21.076287,0,0,18.06,17.87
2026-03-22T01:20:23.628152,0,0,18.06,18.0
2026-03-22T01:20:26.178077,0,0,18.06,18.0
2026-03-22T01:20:28.728134,0,0,18.06,18.0
2026-03-22T01:20:31.368106,0,0,18.06,17.87
2026-03-22T01:20:33.985977,0,0,18.12,18.0
2026-03-22T01:20:36.548036,0,0,18.06,17.87
2026-03-22T01:20:39.108087,0,0,18.06,17.87
2026-03-22T01:20:41.719094,0,0,18.06,17.87
2026-03-22T01:20:44.269025,0,0,18.06,17.87
2026-03-22T01:20:46.919524,0,0,18.0,17.87
2026-03-22T01:20:49.539049,0,0,18.06,17.87
2026-03-22T01:20:52.108981,0,0,18.06,17.87
2026-03-22T01:20:54.688988,0,0,18.06,18.0
2026-03-22T01:20:57.308012,0,0,18.06,17.87
2026-03-22T01:20:59.855087,0,0,18.06,17.87
2026-03-22T01:21:02.419061,0,0,18.06,18.0
2026-03-22T01:21:04.979225,0,0,18.06,18.0
2026-03-22T01:21:07.529084,0,0,18.06,18.0
2026-03-22T01:21:10.074965,0,0,18.06,17.87
2026-03-22T01:21:12.639039,0,0,18.06,18.0
2026-03-22T01:21:15.190007,0,0,18.06,18.0
2026-03-22T01:21:17.889976,0,0,18.12,18.0
2026-03-22T01:21:20.451112,0,0,18.06,17.87
2026-03-22T01:21:23.079856,0,0,18.06,18.0
2026-03-22T01:21:25.629799,0,0,18.06,18.0
2026-03-22T01:21:28.259846,0,0,18.06,17.87
2026-03-22T01:21:30.900028,0,0,18.06,18.0
2026-03-22T01:21:33.450002,0,0,18.06,17.87
2026-03-22T01:21:35.995996,0,0,18.06,17.87
2026-03-22T01:21:38.560011,0,0,18.06,17.87
2026-03-22T01:21:41.129929,0,0,18.06,17.87
2026-03-22T01:21:43.674796,0,0,18.06,17.87
2026-03-22T01:21:46.238773,0,0,18.06,17.87
2026-03-22T01:21:48.800946,0,0,18.06,17.87
2026-03-22T01:21:51.449834,0,0,18.06,17.87
2026-03-22T01:21:53.996941,0,0,18.06,18.0
2026-03-22T01:21:56.610720,0,0,18.06,17.87
2026-03-22T01:21:59.320923,0,0,18.06,17.87
2026-03-22T01:22:01.959730,0,0,18.06,17.87
2026-03-22T01:22:04.520805,0,0,18.0,17.87
2026-03-22T01:22:07.080807,0,0,18.0,17.87
2026-03-22T01:22:09.630709,0,0,18.0,17.87
2026-03-22T01:22:12.177740,0,0,18.0,17.87
2026-03-22T01:22:14.800744,0,0,18.0,17.87
2026-03-22T01:22:17.419782,0,0,18.0,17.87
2026-03-22T01:22:19.981702,0,0,18.0,17.87
2026-03-22T01:22:22.531695,0,0,18.0,17.87
2026-03-22T01:22:25.090544,0,0,18.0,17.87
2026-03-22T01:22:27.780640,0,0,18.0,17.87
2026-03-22T01:22:30.419603,0,0,18.0,17.87
2026-03-22T01:22:32.971770,0,0,18.0,17.87
2026-03-22T01:22:35.580688,0,0,18.0,17.87
2026-03-22T01:22:38.221586,0,0,18.0,17.87
2026-03-22T01:22:40.871557,0,0,18.0,17.87
2026-03-22T01:22:43.480515,0,0,18.0,17.87
2026-03-22T01:22:46.111544,0,0,17.94,17.87
2026-03-22T01:22:48.671527,0,0,18.0,17.87
2026-03-22T01:22:51.281623,0,0,18.0,17.87
2026-03-22T01:22:53.832543,0,0,18.0,17.87
2026-03-22T01:22:56.402435,0,0,18.0,17.87
2026-03-22T01:22:59.172518,0,0,18.0,17.87
2026-03-22T01:23:01.722388,0,0,18.0,17.87
2026-03-22T01:23:04.272310,0,0,18.0,17.87
2026-03-22T01:23:06.892715,0,0,18.0,17.87
2026-03-22T01:23:09.522234,0,0,18.0,17.87
2026-03-22T01:23:12.102411,0,0,18.0,17.87
2026-03-22T01:23:14.652315,0,0,18.06,17.87
2026-03-22T01:23:17.272368,0,0,18.0,17.87
2026-03-22T01:23:19.822311,0,0,18.0,17.87
2026-03-22T01:23:22.392394,0,0,18.0,17.87
2026-03-22T01:23:24.939303,0,0,18.0,17.87
2026-03-22T01:23:27.563258,0,0,18.0,17.87
2026-03-22T01:23:30.183302,0,0,18.06,17.87
2026-03-22T01:23:32.743288,0,0,18.06,17.87
2026-03-22T01:23:35.293131,0,0,18.06,17.87
2026-03-22T01:23:37.854753,0,0,18.06,17.87
2026-03-22T01:23:40.402739,0,0,18.06,18.0
2026-03-22T01:23:43.022789,0,0,18.06,17.87
2026-03-22T01:23:45.592810,0,0,18.06,17.87
2026-03-22T01:23:48.152837,0,0,18.06,17.87
2026-03-22T01:23:50.712901,0,0,18.0,17.87
2026-03-22T01:23:53.342686,0,0,18.0,17.87
2026-03-22T01:23:56.062736,0,0,18.0,17.87
2026-03-22T01:23:58.692736,0,0,18.06,17.87
2026-03-22T01:24:01.243725,0,0,18.06,17.87
2026-03-22T01:24:03.804263,0,0,18.06,17.87
2026-03-22T01:24:06.371823,0,0,18.06,17.87
2026-03-22T01:24:08.919714,0,0,18.06,17.87
2026-03-22T01:24:11.495376,0,0,18.0,17.87
2026-03-22T01:24:14.041964,0,0,18.06,17.87
2026-03-22T01:24:16.664038,0,0,18.0,17.87
2026-03-22T01:24:19.293897,0,0,18.06,17.87
2026-03-22T01:24:22.109886,0,0,18.0,17.87
2026-03-22T01:24:24.484079,0,0,18.0,17.87
2026-03-22T01:24:27.103865,0,0,18.0,17.87
2026-03-22T01:24:29.663811,0,0,18.06,17.87
2026-03-22T01:24:32.303942,0,0,18.0,17.87
2026-03-22T01:24:34.864858,0,0,18.0,17.87
2026-03-22T01:24:37.414797,0,0,18.0,17.87
2026-03-22T01:24:39.972570,0,0,18.0,17.87
2026-03-22T01:24:42.724425,0,0,18.0,17.87
2026-03-22T01:24:45.275384,0,0,18.0,17.87
2026-03-22T01:24:47.824514,0,0,18.0,17.87
2026-03-22T01:24:50.474591,0,0,18.0,17.87
2026-03-22T01:24:53.084737,0,0,18.0,17.87
2026-03-22T01:24:55.703655,0,0,18.0,17.87
2026-03-22T01:24:58.274683,0,0,18.0,17.87
2026-03-22T01:25:00.884644,0,0,18.0,17.87
2026-03-22T01:25:03.434612,0,0,18.06,17.87
2026-03-22T01:25:06.235631,0,0,18.06,17.87
2026-03-22T01:25:08.805454,0,0,18.06,17.87
2026-03-22T01:25:11.373498,0,0,18.06,17.87
2026-03-22T01:25:13.985411,0,0,18.06,17.87
2026-03-22T01:25:16.556412,0,0,18.06,17.87
2026-03-22T01:25:19.125455,0,0,18.0,17.87
2026-03-22T01:25:21.744449,0,0,18.0,17.87
2026-03-22T01:25:24.294389,0,0,18.0,17.87
2026-03-22T01:25:26.854291,0,0,18.0,17.87
2026-03-22T01:25:29.405412,0,0,18.0,17.87
2026-03-22T01:25:32.145389,0,0,18.0,17.87
2026-03-22T01:25:34.695394,0,0,18.0,17.87
2026-03-22T01:25:37.525373,0,0,18.0,17.87
2026-03-22T01:25:40.076339,0,0,18.06,17.87
2026-03-22T01:25:42.926428,0,0,18.0,17.87
2026-03-22T01:25:45.475077,0,0,18.06,17.87
2026-03-22T01:25:48.026067,0,0,18.0,17.87
2026-03-22T01:25:50.645981,0,0,18.0,17.87
2026-03-22T01:25:53.196012,0,0,18.0,17.87
2026-03-22T01:25:55.756124,0,0,18.0,17.87
2026-03-22T01:25:58.385131,0,0,18.0,17.87
2026-03-22T01:26:00.936086,0,0,18.0,17.87
2026-03-22T01:26:03.496007,0,0,18.0,17.87
2026-03-22T01:26:06.046038,0,0,18.0,17.87
2026-03-22T01:26:08.615976,0,0,18.0,17.87
2026-03-22T01:26:11.225946,0,0,18.0,17.87
2026-03-22T01:26:13.866979,0,0,18.0,17.87
2026-03-22T01:26:16.415957,0,0,18.0,17.87
2026-03-22T01:26:18.965927,0,0,18.0,17.87
2026-03-22T01:26:21.516797,0,0,18.06,17.87
2026-03-22T01:26:24.177929,0,0,18.0,17.87
2026-03-22T01:26:26.817027,0,0,18.06,17.87
2026-03-22T01:26:29.516922,0,0,18.0,17.87
2026-03-22T01:26:32.126817,0,0,18.0,17.87
2026-03-22T01:26:34.685802,0,0,18.0,17.87
2026-03-22T01:26:37.236800,0,0,18.0,17.87
2026-03-22T01:26:39.795856,0,0,18.0,17.87
2026-03-22T01:26:42.406705,0,0,18.0,17.87
2026-03-22T01:26:44.976745,0,0,18.0,17.87
2026-03-22T01:26:47.617635,0,0,17.94,17.87
2026-03-22T01:26:50.167725,0,0,18.0,17.87
2026-03-22T01:26:52.717928,0,0,18.0,17.87
2026-03-22T01:26:55.357357,0,0,18.0,17.87
2026-03-22T01:26:57.997593,0,0,18.0,17.75
2026-03-22T01:27:00.747438,0,0,18.0,17.87
2026-03-22T01:27:03.377554,0,0,18.0,17.87
2026-03-22T01:27:06.076586,0,0,18.0,17.87
2026-03-22T01:27:08.627483,0,0,18.0,17.87
2026-03-22T01:27:11.177402,0,0,17.94,17.87
2026-03-22T01:27:13.897439,0,0,18.0,17.87
2026-03-22T01:27:16.447424,0,0,18.0,17.87
2026-03-22T01:27:19.018304,0,0,17.94,17.87
2026-03-22T01:27:21.658334,0,0,18.0,17.87
2026-03-22T01:27:24.220414,0,0,18.0,17.87
2026-03-22T01:27:26.777267,0,0,18.0,17.87
2026-03-22T01:27:29.387177,0,0,18.0,17.87
2026-03-22T01:27:32.028545,0,0,18.0,17.87
2026-03-22T01:27:34.578022,0,0,18.0,17.75
2026-03-22T01:27:37.218075,0,0,17.94,17.87
2026-03-22T01:27:39.764264,0,0,17.94,17.87
2026-03-22T01:27:42.317184,0,0,17.94,17.75
2026-03-22T01:27:44.958045,0,0,17.94,17.87
2026-03-22T01:27:47.505056,0,0,18.0,17.87
2026-03-22T01:27:50.128104,0,0,17.94,17.87
2026-03-22T01:27:52.689146,0,0,17.94,17.75
2026-03-22T01:27:55.249005,0,0,18.0,17.87
2026-03-22T01:27:57.888977,0,0,18.0,17.87
2026-03-22T01:28:00.448708,0,0,18.0,17.75
2026-03-22T01:28:03.048950,0,0,17.94,17.87
2026-03-22T01:28:05.618996,0,0,18.0,17.87
2026-03-22T01:28:08.248898,0,0,18.0,17.87
2026-03-22T01:28:10.799023,0,0,18.0,17.87
2026-03-22T01:28:13.358875,0,0,18.0,17.87
2026-03-22T01:28:15.967848,0,0,18.0,17.87
2026-03-22T01:28:18.518830,0,0,18.0,17.87
2026-03-22T01:28:21.078755,0,0,18.0,17.87
2026-03-22T01:28:23.818722,0,0,18.0,17.87
2026-03-22T01:28:26.459902,0,0,18.0,17.87
2026-03-22T01:28:29.009696,0,0,18.0,17.87
2026-03-22T01:28:31.559548,0,0,18.0,17.75
2026-03-22T01:28:34.119517,0,0,17.94,17.87
2026-03-22T01:28:36.676644,0,0,18.0,17.87
2026-03-22T01:28:39.369525,0,0,17.94,17.87
2026-03-22T01:28:41.939582,0,0,18.0,17.75
2026-03-22T01:28:44.498614,0,0,18.0,17.87
2026-03-22T01:28:47.289587,0,0,17.94,17.87
2026-03-22T01:28:49.849520,0,0,18.0,17.87
2026-03-22T01:28:52.499521,0,0,17.94,17.87
2026-03-22T01:28:55.119493,0,0,18.0,17.87
2026-03-22T01:28:57.679395,0,0,17.94,17.75
2026-03-22T01:29:00.240438,0,0,17.94,17.87
2026-03-22T01:29:02.786394,0,0,18.0,17.75
2026-03-22T01:29:05.420505,0,0,17.94,17.87
2026-03-22T01:29:07.980178,0,0,17.94,17.87
2026-03-22T01:29:10.620266,0,0,18.0,17.75
2026-03-22T01:29:13.229042,0,0,18.0,17.87
2026-03-22T01:29:15.860210,0,0,17.94,17.87
2026-03-22T01:29:18.406105,0,0,18.0,17.75
2026-03-22T01:29:21.029100,0,0,18.0,17.87
2026-03-22T01:29:23.650100,0,0,17.94,17.75
2026-03-22T01:29:26.290028,0,0,18.0,17.87
2026-03-22T01:29:28.840072,0,0,18.0,17.87
2026-03-22T01:29:31.481029,0,0,18.0,17.87
2026-03-22T01:29:34.091017,0,0,18.0,17.87
2026-03-22T01:29:36.641041,0,0,18.0,17.75
2026-03-22T01:29:39.201007,0,0,18.0,17.87
2026-03-22T01:29:41.760989,0,0,18.0,17.87
2026-03-22T01:29:44.370849,0,0,18.0,17.87
2026-03-22T01:29:46.930974,0,0,18.0,17.87
2026-03-22T01:29:49.480902,0,0,18.0,17.87
2026-03-22T01:29:52.110746,0,0,18.0,17.87
2026-03-22T01:29:54.660797,0,0,18.0,17.87
2026-03-22T01:29:57.209683,0,0,18.0,17.87
2026-03-22T01:29:59.758671,0,0,18.0,17.87
2026-03-22T01:30:02.319720,0,0,18.0,17.87
2026-03-22T01:30:04.931718,0,0,18.0,17.87
2026-03-22T01:30:07.491688,0,0,18.0,17.87
2026-03-22T01:30:10.130633,0,0,18.0,17.87
2026-03-22T01:30:12.820531,0,0,18.0,17.87
2026-03-22T01:30:15.371512,0,0,18.0,17.87
2026-03-22T01:30:17.941515,0,0,18.0,17.87
2026-03-22T01:30:20.691535,0,0,18.0,17.87
2026-03-22T01:30:23.241436,0,0,18.0,17.87
2026-03-22T01:30:25.791451,0,0,18.0,17.87
2026-03-22T01:30:28.411408,0,0,18.0,17.87
2026-03-22T01:30:31.400337,0,0,18.0,17.87
2026-03-22T01:30:34.021343,0,0,18.0,17.87
2026-03-22T01:30:36.630221,0,0,18.0,17.75
2026-03-22T01:30:39.191967,0,0,18.0,17.87
2026-03-22T01:30:41.811985,0,0,18.0,17.87
2026-03-22T01:30:44.372001,0,0,18.0,17.87
2026-03-22T01:30:46.931821,0,0,18.0,17.87
2026-03-22T01:30:49.620035,0,0,18.0,17.87
2026-03-22T01:30:52.178771,0,0,18.0,17.75
2026-03-22T01:30:54.730733,0,0,18.0,17.87
2026-03-22T01:30:57.351771,0,0,18.0,17.87
2026-03-22T01:30:59.901727,0,0,18.0,17.87
2026-03-22T01:31:02.451740,0,0,18.0,17.87
2026-03-22T01:31:05.131716,0,0,18.0,17.87
2026-03-22T01:31:07.691765,0,0,18.0,17.87
2026-03-22T01:31:10.242784,0,0,18.0,17.87
2026-03-22T01:31:12.792771,0,0,18.06,17.87
2026-03-22T01:31:15.491851,0,0,18.0,17.87
2026-03-22T01:31:18.040890,0,0,18.0,17.87
2026-03-22T01:31:20.792723,0,0,18.0,17.87
2026-03-22T01:31:23.343993,0,0,18.0,17.87
2026-03-22T01:31:25.892652,0,0,18.0,17.87
2026-03-22T01:31:28.452763,0,0,18.0,17.87
2026-03-22T01:31:31.272748,0,0,18.0,17.87
2026-03-22T01:31:33.972743,0,0,18.0,17.87
2026-03-22T01:31:36.532613,0,0,18.06,17.87
2026-03-22T01:31:39.092602,0,0,18.0,17.87
2026-03-22T01:31:41.722559,0,0,18.0,17.87
2026-03-22T01:31:44.332498,0,0,18.0,17.75
2026-03-22T01:31:46.953547,0,0,18.0,17.75
2026-03-22T01:31:49.513429,0,0,18.0,17.87
2026-03-22T01:31:52.063516,0,0,18.0,17.87
2026-03-22T01:31:54.609374,0,0,18.0,17.87
2026-03-22T01:31:57.313370,0,0,18.0,17.87
2026-03-22T01:32:00.003428,0,0,18.0,17.87
2026-03-22T01:32:02.553340,0,0,18.0,17.87
2026-03-22T01:32:05.183384,0,0,18.0,17.87
2026-03-22T01:32:07.793250,0,0,18.0,17.87
2026-03-22T01:32:10.413369,0,0,18.0,17.87
2026-03-22T01:32:12.973367,0,0,18.0,17.87
2026-03-22T01:32:15.733131,0,0,18.0,17.87
2026-03-22T01:32:18.283100,0,0,18.0,17.87
2026-03-22T01:32:20.833070,0,0,18.0,17.87
2026-03-22T01:32:23.454013,0,0,18.0,17.87
2026-03-22T01:32:26.013054,0,0,18.0,17.75
2026-03-22T01:32:28.633958,0,0,18.0,17.87
2026-03-22T01:32:31.253968,0,0,18.0,17.87
2026-03-22T01:32:33.883961,0,0,18.0,17.75
2026-03-22T01:32:36.433898,0,0,18.0,17.87
2026-03-22T01:32:38.992853,0,0,18.0,17.87
2026-03-22T01:32:41.773783,0,0,18.0,17.87
2026-03-22T01:32:44.333791,0,0,18.0,17.75
2026-03-22T01:32:47.023786,0,0,18.0,17.87
2026-03-22T01:32:49.574698,0,0,18.0,17.87
2026-03-22T01:32:52.124719,0,0,18.0,17.87
2026-03-22T01:32:54.873658,0,0,18.0,17.87
2026-03-22T01:32:57.504689,0,0,18.0,17.87
2026-03-22T01:33:00.064680,0,0,18.0,17.87
2026-03-22T01:33:02.610518,0,0,18.0,17.87
2026-03-22T01:33:05.243686,0,0,18.0,17.75
2026-03-22T01:33:07.804601,0,0,18.0,17.87
2026-03-22T01:33:10.350547,0,0,18.0,17.75
2026-03-22T01:33:12.904488,0,0,18.0,17.75
2026-03-22T01:33:15.454411,0,0,18.0,17.75
2026-03-22T01:33:18.013334,0,0,18.0,17.75
2026-03-22T01:33:20.633362,0,0,17.94,17.87
2026-03-22T01:33:23.275420,0,0,18.0,17.75
2026-03-22T01:33:25.894283,0,0,18.0,17.87
2026-03-22T01:33:28.515297,0,0,18.0,17.75
2026-03-22T01:33:31.145301,0,0,18.06,17.87
2026-03-22T01:33:33.695205,0,0,18.0,17.87
2026-03-22T01:33:36.245172,0,0,18.0,17.87
2026-03-22T01:33:38.945191,0,0,18.0,17.87
2026-03-22T01:33:41.494213,0,0,18.0,17.87
2026-03-22T01:33:44.245160,0,0,18.0,17.87
2026-03-22T01:33:46.805139,0,0,18.06,17.75
2026-03-22T01:33:49.495058,0,0,18.06,17.87
2026-03-22T01:33:52.144965,0,0,18.06,17.87
2026-03-22T01:33:54.694978,0,0,18.06,17.87
2026-03-22T01:33:57.315953,0,0,18.0,17.87
2026-03-22T01:33:59.935907,0,0,18.06,17.87
2026-03-22T01:34:02.585851,0,0,18.06,17.87
2026-03-22T01:34:05.194772,0,0,18.06,17.87
2026-03-22T01:34:07.745734,0,0,18.06,17.87
2026-03-22T01:34:10.394803,0,0,18.06,17.87
2026-03-22T01:34:12.945748,0,0,18.06,17.87
2026-03-22T01:34:15.491727,0,0,18.0,17.87
2026-03-22T01:34:18.045668,0,0,18.0,17.87
2026-03-22T01:34:20.675623,0,0,18.0,17.87
2026-03-22T01:34:23.275660,0,0,18.0,17.87
2026-03-22T01:34:25.825535,0,0,18.0,17.75
2026-03-22T01:34:28.395491,0,0,18.0,17.87
2026-03-22T01:34:31.206434,0,0,18.0,17.87
2026-03-22T01:34:33.776500,0,0,18.0,17.87
2026-03-22T01:34:36.336520,0,0,18.0,17.75
2026-03-22T01:34:38.956430,0,0,18.0,17.75
2026-03-22T01:34:41.506246,0,0,18.0,17.87
2026-03-22T01:34:44.056351,0,0,18.0,17.75
2026-03-22T01:34:46.616227,0,0,18.0,17.75
2026-03-22T01:34:49.236349,0,0,18.0,17.75
2026-03-22T01:34:51.876253,0,0,18.0,17.87
2026-03-22T01:34:54.766215,0,0,18.0,17.75
2026-03-22T01:34:57.326212,0,0,18.0,17.75
2026-03-22T01:35:00.096422,0,0,17.94,17.75
2026-03-22T01:35:02.657251,0,0,18.0,17.75
2026-03-22T01:35:05.287060,0,0,18.0,17.75
2026-03-22T01:35:08.037047,0,0,18.0,17.75
2026-03-22T01:35:10.665875,0,0,18.0,17.75
2026-03-22T01:35:13.276988,0,0,18.0,17.75
2026-03-22T01:35:15.896928,0,0,18.0,17.75
2026-03-22T01:35:18.546854,0,0,18.0,17.75
2026-03-22T01:35:21.156808,0,0,18.06,17.75
2026-03-22T01:35:23.786809,0,0,18.0,17.87
2026-03-22T01:35:26.336871,0,0,18.0,17.75
2026-03-22T01:35:28.956798,0,0,18.0,17.87
2026-03-22T01:35:31.505655,0,0,18.0,17.87
2026-03-22T01:35:34.056734,0,0,18.0,17.87
2026-03-22T01:35:36.677547,0,0,18.0,17.87
2026-03-22T01:35:39.297558,0,0,18.0,17.87
2026-03-22T01:35:41.926406,0,0,18.0,17.75
2026-03-22T01:35:44.477506,0,0,18.06,17.87
2026-03-22T01:35:47.177498,0,0,18.0,17.75
2026-03-22T01:35:49.726391,0,0,18.06,17.87
2026-03-22T01:35:52.337364,0,0,18.06,17.87
2026-03-22T01:35:54.897345,0,0,18.06,17.87
2026-03-22T01:35:57.457310,0,0,18.0,17.87
2026-03-22T01:36:00.079936,0,0,18.06,17.87
2026-03-22T01:36:02.697223,0,0,18.06,17.87
2026-03-22T01:36:05.327451,0,0,18.0,17.87
2026-03-22T01:36:07.877273,0,0,18.06,17.87
2026-03-22T01:36:10.508260,0,0,18.06,17.87
2026-03-22T01:36:13.198220,0,0,18.06,17.87
2026-03-22T01:36:15.848147,0,0,18.0,17.87
2026-03-22T01:36:18.457934,0,0,18.06,17.87
2026-03-22T01:36:21.009048,0,0,18.06,17.87
2026-03-22T01:36:23.566242,0,0,18.06,17.87
2026-03-22T01:36:26.116104,0,0,18.06,17.87
2026-03-22T01:36:28.667988,0,0,18.06,17.87
2026-03-22T01:36:31.217975,0,0,18.06,17.87
2026-03-22T01:36:33.787953,0,0,18.06,17.87
2026-03-22T01:36:36.337876,0,0,18.06,17.87
2026-03-22T01:36:39.037847,0,0,18.06,17.87
2026-03-22T01:36:41.667883,0,0,18.06,17.87
2026-03-22T01:36:44.278882,0,0,18.06,17.87
2026-03-22T01:36:46.828794,0,0,18.06,17.87
2026-03-22T01:36:49.468732,0,0,18.06,17.87
2026-03-22T01:36:52.014642,0,0,18.12,17.87
2026-03-22T01:36:54.707642,0,0,18.12,17.87
2026-03-22T01:36:57.358518,0,0,18.06,17.87
2026-03-22T01:36:59.908631,0,0,18.12,17.87
2026-03-22T01:37:02.454488,0,0,18.06,17.87
2026-03-22T01:37:05.018391,0,0,18.06,17.87
2026-03-22T01:37:07.588611,0,0,18.06,17.87
2026-03-22T01:37:10.207464,0,0,18.12,17.87
2026-03-22T01:37:12.758370,0,0,18.12,17.87
2026-03-22T01:37:15.398296,0,0,18.12,17.87
2026-03-22T01:37:17.959339,0,0,18.12,17.87
2026-03-22T01:37:20.538116,0,0,18.12,17.87
2026-03-22T01:37:23.109108,0,0,18.12,17.87
2026-03-22T01:37:25.669217,0,0,18.06,17.87
2026-03-22T01:37:28.219289,0,0,18.06,17.87
2026-03-22T01:37:30.769192,0,0,18.06,17.87
2026-03-22T01:37:33.319237,0,0,18.12,17.87
2026-03-22T01:37:35.879158,0,0,18.12,17.87
2026-03-22T01:37:38.439123,0,0,18.12,17.87
2026-03-22T01:37:41.009078,0,0,18.12,17.87
2026-03-22T01:37:43.569039,0,0,18.06,17.87
2026-03-22T01:37:46.119068,0,0,18.12,18.0
2026-03-22T01:37:48.739993,0,0,18.12,17.87
2026-03-22T01:37:51.299925,0,0,18.12,17.87
2026-03-22T01:37:53.939906,0,0,18.12,17.87
2026-03-22T01:37:56.499696,0,0,18.06,17.87
2026-03-22T01:37:59.058768,0,0,18.06,17.87
2026-03-22T01:38:01.680902,0,0,18.06,17.87
2026-03-22T01:38:04.379968,0,0,18.06,17.87
2026-03-22T01:38:07.019704,0,0,18.06,18.0
2026-03-22T01:38:09.579662,0,0,18.12,17.87
2026-03-22T01:38:12.138507,0,0,18.06,17.87
2026-03-22T01:38:14.689495,0,0,18.06,17.87
2026-03-22T01:38:17.329556,0,0,18.06,17.87
2026-03-22T01:38:19.969479,0,0,18.06,17.87
2026-03-22T01:38:22.580473,0,0,18.12,17.87
2026-03-22T01:38:25.140581,0,0,18.06,17.87
2026-03-22T01:38:27.700366,0,0,18.06,17.87
2026-03-22T01:38:30.249388,0,0,18.06,17.87
2026-03-22T01:38:32.880319,0,0,18.06,17.87
2026-03-22T01:38:35.440310,0,0,18.06,17.87
2026-03-22T01:38:38.010249,0,0,18.06,17.87
2026-03-22T01:38:40.620212,0,0,18.06,17.87
2026-03-22T01:38:43.190175,0,0,18.06,17.87
2026-03-22T01:38:45.740170,0,0,18.06,17.87
2026-03-22T01:38:48.290085,0,0,18.06,17.87
2026-03-22T01:38:50.837095,0,0,18.06,17.87
2026-03-22T01:38:53.390010,0,0,18.06,17.87
2026-03-22T01:38:55.961048,0,0,18.06,17.87
2026-03-22T01:38:58.531027,0,0,18.06,17.87
2026-03-22T01:39:01.076981,0,0,18.06,17.87
2026-03-22T01:39:03.638866,0,0,18.06,17.87
2026-03-22T01:39:06.200939,0,0,18.06,17.87
2026-03-22T01:39:08.820838,0,0,18.06,17.87
2026-03-22T01:39:11.448802,0,0,18.06,17.87
2026-03-22T01:39:14.090717,0,0,18.12,17.87
2026-03-22T01:39:16.880763,0,0,18.06,17.87
2026-03-22T01:39:19.520674,0,0,18.06,17.87
2026-03-22T01:39:22.070622,0,0,18.06,17.87
2026-03-22T01:39:24.680633,0,0,18.06,17.87
2026-03-22T01:39:27.230522,0,0,18.06,17.87
2026-03-22T01:39:29.791534,0,0,18.06,17.87
2026-03-22T01:39:32.401526,0,0,18.06,17.87
2026-03-22T01:39:35.121306,0,0,18.12,17.87
2026-03-22T01:39:37.741348,0,0,18.06,17.87
2026-03-22T01:39:40.302482,0,0,18.06,17.87
2026-03-22T01:39:42.921218,0,0,18.06,17.87
2026-03-22T01:39:45.491718,0,0,18.06,17.87
2026-03-22T01:39:48.100280,0,0,18.06,17.87
2026-03-22T01:39:50.659213,0,0,18.06,17.87
2026-03-22T01:39:53.221244,0,0,18.06,17.87
2026-03-22T01:39:55.839195,0,0,18.06,17.87
2026-03-22T01:39:58.391642,0,0,18.06,17.87
2026-03-22T01:40:01.022066,0,0,18.06,17.87
2026-03-22T01:40:03.571170,0,0,18.06,17.87
2026-03-22T01:40:06.362062,0,0,18.06,17.87
2026-03-22T01:40:08.912063,0,0,18.06,17.87
2026-03-22T01:40:11.541914,0,0,18.06,17.87
2026-03-22T01:40:14.091934,0,0,18.06,17.87
2026-03-22T01:40:16.741930,0,0,18.06,17.87
2026-03-22T01:40:19.431883,0,0,18.06,17.87
2026-03-22T01:40:22.071875,0,0,18.06,17.87
2026-03-22T01:40:24.621758,0,0,18.06,17.87
2026-03-22T01:40:27.251861,0,0,18.06,17.87
2026-03-22T01:40:29.801747,0,0,18.06,17.87
2026-03-22T01:40:32.371725,0,0,18.06,17.87
2026-03-22T01:40:34.918657,0,0,18.06,17.87
2026-03-22T01:40:37.482471,0,0,18.06,17.87
2026-03-22T01:40:40.042459,0,0,18.06,17.87
2026-03-22T01:40:42.602537,0,0,18.06,17.87
2026-03-22T01:40:45.152544,0,0,18.06,17.87
2026-03-22T01:40:47.696457,0,0,18.06,17.87
2026-03-22T01:40:50.262413,0,0,18.06,17.87
2026-03-22T01:40:52.812461,0,0,18.06,17.87
2026-03-22T01:40:55.422375,0,0,18.06,17.87
2026-03-22T01:40:57.982363,0,0,18.06,17.87
2026-03-22T01:41:00.532373,0,0,18.06,17.87
2026-03-22T01:41:03.082291,0,0,18.06,17.87
2026-03-22T01:41:05.712241,0,0,18.06,17.87
2026-03-22T01:41:08.363163,0,0,18.06,17.87
2026-03-22T01:41:10.913132,0,0,18.06,17.87
2026-03-22T01:41:13.473166,0,0,18.06,17.87
2026-03-22T01:41:16.083275,0,0,18.06,17.87
2026-03-22T01:41:18.647223,0,0,18.06,17.87
2026-03-22T01:41:21.192694,0,0,18.06,17.87
2026-03-22T01:41:23.822537,0,0,18.06,17.87
2026-03-22T01:41:26.382478,0,0,18.06,17.87
2026-03-22T01:41:28.932455,0,0,18.06,17.87
2026-03-22T01:41:31.482441,0,0,18.06,17.87
2026-03-22T01:41:34.052394,0,0,18.06,17.87
2026-03-22T01:41:36.662329,0,0,18.06,17.87
2026-03-22T01:41:39.222269,0,0,18.06,17.87
2026-03-22T01:41:41.773266,0,0,18.06,17.87
2026-03-22T01:41:44.319261,0,0,18.06,17.87
2026-03-22T01:41:47.063372,0,0,18.06,17.87
2026-03-22T01:41:49.682143,0,0,18.06,17.87
2026-03-22T01:41:52.243172,0,0,18.06,17.87
2026-03-22T01:41:54.793130,0,0,18.06,17.87
2026-03-22T01:41:57.353152,0,0,18.06,17.87
2026-03-22T01:41:59.899163,0,0,18.06,17.87
2026-03-22T01:42:02.453129,0,0,18.06,17.87
2026-03-22T01:42:05.002999,0,0,18.06,17.87
2026-03-22T01:42:07.563137,0,0,18.06,17.87
2026-03-22T01:42:10.112923,0,0,18.06,17.87
2026-03-22T01:42:12.722859,0,0,18.06,17.87
2026-03-22T01:42:15.273782,0,0,18.06,17.87
2026-03-22T01:42:17.903859,0,0,18.06,17.87
2026-03-22T01:42:20.464386,0,0,18.06,17.87
2026-03-22T01:42:23.013759,0,0,18.06,17.87
2026-03-22T01:42:25.584098,0,0,18.06,17.87
2026-03-22T01:42:28.159413,0,0,18.06,17.87
2026-03-22T01:42:30.699733,0,0,18.06,17.87
2026-03-22T01:42:33.263667,0,0,18.0,17.87
2026-03-22T01:42:35.883722,0,0,18.06,17.87
2026-03-22T01:42:38.643661,0,0,18.06,17.87
2026-03-22T01:42:41.193549,0,0,18.06,17.87
2026-03-22T01:42:43.803592,0,0,18.06,17.87
2026-03-22T01:42:46.363518,0,0,18.0,17.87
2026-03-22T01:42:48.914405,0,0,18.06,17.87
2026-03-22T01:42:51.624496,0,0,18.0,17.87
2026-03-22T01:42:54.324430,0,0,18.0,17.75
2026-03-22T01:42:56.884355,0,0,18.0,17.87
2026-03-22T01:42:59.504759,0,0,18.0,17.87
2026-03-22T01:43:02.139498,0,0,18.0,17.87
2026-03-22T01:43:04.684610,0,0,18.0,17.87
2026-03-22T01:43:07.564606,0,0,18.0,17.87
2026-03-22T01:43:10.124522,0,0,18.0,17.87
2026-03-22T01:43:12.674404,0,0,18.0,17.87
2026-03-22T01:43:15.221364,0,0,18.0,17.87
2026-03-22T01:43:17.784416,0,0,18.0,17.87
2026-03-22T01:43:20.345348,0,0,18.0,17.87
2026-03-22T01:43:23.085315,0,0,18.0,17.87
2026-03-22T01:43:25.655475,0,0,18.06,17.87
2026-03-22T01:43:28.284506,0,0,18.0,17.87
2026-03-22T01:43:31.085043,0,0,18.0,17.87
2026-03-22T01:43:33.795244,0,0,18.06,17.87
2026-03-22T01:43:36.483862,0,0,18.06,17.87
2026-03-22T01:43:39.114988,0,0,18.0,17.75
2026-03-22T01:43:41.723982,0,0,18.0,17.87
2026-03-22T01:43:44.273849,0,0,18.0,17.87
2026-03-22T01:43:46.824891,0,0,18.0,17.87
2026-03-22T01:43:49.564833,0,0,18.0,17.75
2026-03-22T01:43:52.114815,0,0,18.0,17.87
2026-03-22T01:43:54.735919,0,0,18.0,17.75
2026-03-22T01:43:57.485741,0,0,18.0,17.87
2026-03-22T01:44:00.105547,0,0,18.0,17.87
2026-03-22T01:44:02.665449,0,0,18.06,17.87
2026-03-22T01:44:05.285495,0,0,18.0,17.75
2026-03-22T01:44:08.003418,0,0,18.06,17.87
2026-03-22T01:44:10.695382,0,0,18.06,17.87
2026-03-22T01:44:13.244321,0,0,18.0,17.75
2026-03-22T01:44:15.805162,0,0,18.0,17.87
2026-03-22T01:44:18.405211,0,0,18.0,17.87
2026-03-22T01:44:20.955155,0,0,18.0,17.75
2026-03-22T01:44:23.505158,0,0,18.0,17.87
2026-03-22T01:44:26.055054,0,0,18.0,17.75
2026-03-22T01:44:28.646332,0,0,18.0,17.75
2026-03-22T01:44:31.276326,0,0,18.0,17.87
2026-03-22T01:44:33.826254,0,0,18.0,17.87
2026-03-22T01:44:36.376253,0,0,18.0,17.87
2026-03-22T01:44:38.922191,0,0,18.0,17.75
2026-03-22T01:44:41.566050,0,0,18.0,17.87
2026-03-22T01:44:44.116171,0,0,18.06,17.87
2026-03-22T01:44:46.865086,0,0,18.0,17.87
2026-03-22T01:44:49.416302,0,0,18.0,17.87
2026-03-22T01:44:52.045990,0,0,18.0,17.87
2026-03-22T01:44:54.645909,0,0,18.0,17.87
2026-03-22T01:44:57.195964,0,0,18.0,17.87
2026-03-22T01:44:59.746951,0,0,18.0,17.87
2026-03-22T01:45:02.296972,0,0,18.0,17.87
2026-03-22T01:45:04.976958,0,0,18.06,17.87
2026-03-22T01:45:07.526531,0,0,18.0,17.75
2026-03-22T01:45:10.154620,0,0,18.0,17.87
2026-03-22T01:45:12.766452,0,0,18.06,17.87
2026-03-22T01:45:15.406374,0,0,18.0,17.87
2026-03-22T01:45:18.176368,0,0,18.0,17.87
2026-03-22T01:45:20.796352,0,0,18.06,17.87
2026-03-22T01:45:23.426220,0,0,18.0,17.87
2026-03-22T01:45:26.046202,0,0,18.06,17.87
2026-03-22T01:45:28.686244,0,0,18.0,17.87
2026-03-22T01:45:31.236242,0,0,18.06,17.87
2026-03-22T01:45:33.783160,0,0,18.0,17.87
2026-03-22T01:45:36.407097,0,0,18.0,17.75
2026-03-22T01:45:38.956992,0,0,18.0,17.75
2026-03-22T01:45:41.707045,0,0,18.0,17.87
2026-03-22T01:45:44.256899,0,0,18.0,17.75
2026-03-22T01:45:46.806855,0,0,18.0,17.87
2026-03-22T01:45:49.556860,0,0,18.0,17.87
2026-03-22T01:45:52.106743,0,0,18.0,17.87
2026-03-22T01:45:54.665708,0,0,18.0,17.87
2026-03-22T01:45:57.436816,0,0,18.0,17.75
2026-03-22T01:45:59.986663,0,0,18.0,17.87
2026-03-22T01:46:02.606675,0,0,18.0,17.75
2026-03-22T01:46:05.156682,0,0,18.0,17.75
2026-03-22T01:46:07.707579,0,0,18.0,17.87
2026-03-22T01:46:10.257576,0,0,18.0,17.75
2026-03-22T01:46:12.807621,0,0,18.0,17.87
2026-03-22T01:46:15.407394,0,0,18.0,17.75
2026-03-22T01:46:17.959908,0,0,18.0,17.75
2026-03-22T01:46:20.511266,0,0,18.0,17.87
2026-03-22T01:46:23.177377,0,0,18.0,17.87
2026-03-22T01:46:25.877367,0,0,18.0,17.87
2026-03-22T01:46:28.436354,0,0,18.06,17.87
2026-03-22T01:46:30.984323,0,0,18.0,17.87
2026-03-22T01:46:33.627120,0,0,18.0,17.87
2026-03-22T01:46:36.177185,0,0,18.0,17.75
2026-03-22T01:46:38.927164,0,0,18.0,17.87
2026-03-22T01:46:41.478106,0,0,18.0,17.75
2026-03-22T01:46:44.288185,0,0,18.0,17.87
2026-03-22T01:46:46.848082,0,0,18.0,17.75
2026-03-22T01:46:49.468082,0,0,18.0,17.87
2026-03-22T01:46:52.088096,0,0,18.0,17.75
2026-03-22T01:46:54.707924,0,0,18.0,17.87
2026-03-22T01:46:57.267900,0,0,18.0,17.87
2026-03-22T01:46:59.817784,0,0,18.0,17.87
2026-03-22T01:47:02.426727,0,0,18.0,17.87
2026-03-22T01:47:05.058132,0,0,18.0,17.75
2026-03-22T01:47:07.667625,0,0,18.0,17.87
2026-03-22T01:47:10.287652,0,0,18.0,17.87
2026-03-22T01:47:12.858562,0,0,18.06,17.87
2026-03-22T01:47:15.408591,0,0,18.06,17.87
2026-03-22T01:47:18.048658,0,0,18.0,17.87
2026-03-22T01:47:20.668562,0,0,18.0,17.87
2026-03-22T01:47:23.316746,0,0,18.0,17.87
2026-03-22T01:47:25.928494,0,0,18.0,17.87
2026-03-22T01:47:28.478449,0,0,18.06,17.87
2026-03-22T01:47:31.108609,0,0,18.0,17.87
2026-03-22T01:47:33.668438,0,0,18.0,17.87
2026-03-22T01:47:36.288395,0,0,18.0,17.87
2026-03-22T01:47:38.848368,0,0,18.0,17.87
2026-03-22T01:47:41.398260,0,0,18.06,17.87
2026-03-22T01:47:43.945254,0,0,18.06,17.87
2026-03-22T01:47:46.649195,0,0,18.0,17.87
2026-03-22T01:47:49.249158,0,0,18.06,17.87
2026-03-22T01:47:51.808181,0,0,18.06,17.87
2026-03-22T01:47:54.439164,0,0,18.0,17.87
2026-03-22T01:47:57.199132,0,0,18.0,17.87
2026-03-22T01:47:59.818994,0,0,18.0,17.75
2026-03-22T01:48:02.659009,0,0,18.0,17.87
2026-03-22T01:48:05.209022,0,0,18.06,17.87
2026-03-22T01:48:07.768952,0,0,18.0,17.87
2026-03-22T01:48:10.508933,0,0,18.0,17.87
2026-03-22T01:48:13.138841,0,0,18.0,17.87
2026-03-22T01:48:15.698822,0,0,18.0,17.87
2026-03-22T01:48:18.245922,0,0,18.0,17.87
2026-03-22T01:48:20.799739,0,0,18.0,17.75
2026-03-22T01:48:23.429704,0,0,18.0,17.87
2026-03-22T01:48:26.029603,0,0,18.0,17.87
2026-03-22T01:48:28.579570,0,0,18.0,17.75
2026-03-22T01:48:31.309541,0,0,18.0,17.87
2026-03-22T01:48:33.979562,0,0,18.0,17.87
2026-03-22T01:48:36.599540,0,0,18.0,17.87
2026-03-22T01:48:39.349484,0,0,18.0,17.87
2026-03-22T01:48:41.899473,0,0,18.0,17.75
2026-03-22T01:48:44.448398,0,0,18.0,17.75
2026-03-22T01:48:47.149387,0,0,18.0,17.75
2026-03-22T01:48:49.699310,0,0,18.0,17.75
2026-03-22T01:48:52.330198,0,0,18.0,17.87
2026-03-22T01:48:54.929190,0,0,18.06,17.87
2026-03-22T01:48:57.480186,0,0,18.0,17.87
2026-03-22T01:49:00.050045,0,0,18.0,17.87
2026-03-22T01:49:02.600073,0,0,18.06,17.87
2026-03-22T01:49:05.210011,0,0,18.0,17.75
2026-03-22T01:49:07.759941,0,0,18.06,17.87
2026-03-22T01:49:10.399938,0,0,18.0,17.87
2026-03-22T01:49:13.029952,0,0,18.0,17.87
2026-03-22T01:49:15.589874,0,0,18.06,17.75
2026-03-22T01:49:18.139802,0,0,18.06,17.87
2026-03-22T01:49:20.899810,0,0,18.0,17.87
2026-03-22T01:49:23.609832,0,0,18.0,17.75
2026-03-22T01:49:26.240786,0,0,18.06,17.87
2026-03-22T01:49:28.851073,0,0,18.06,17.87
2026-03-22T01:49:31.411270,0,0,18.0,17.87
2026-03-22T01:49:34.010884,0,0,18.06,17.87
2026-03-22T01:49:36.560880,0,0,18.06,17.87
2026-03-22T01:49:39.129815,0,0,18.0,17.87
2026-03-22T01:49:41.678700,0,0,18.0,17.87
2026-03-22T01:49:44.290682,0,0,18.0,17.87
2026-03-22T01:49:46.910743,0,0,18.06,17.87
2026-03-22T01:49:49.470589,0,0,18.06,17.87
2026-03-22T01:49:52.019689,0,0,18.06,17.75
2026-03-22T01:49:54.630582,0,0,18.0,17.87
2026-03-22T01:49:57.180509,0,0,18.06,17.87
2026-03-22T01:49:59.751524,0,0,18.06,17.87
2026-03-22T01:50:02.371531,0,0,18.06,17.87
2026-03-22T01:50:04.921405,0,0,18.06,17.75
2026-03-22T01:50:07.491400,0,0,18.0,17.87
2026-03-22T01:50:10.041326,0,0,18.06,17.87
2026-03-22T01:50:12.587279,0,0,18.0,17.87
2026-03-22T01:50:15.191263,0,0,18.06,17.87
2026-03-22T01:50:17.741336,0,0,18.0,17.87
2026-03-22T01:50:20.291321,0,0,18.0,17.87
2026-03-22T01:50:22.961296,0,0,18.0,17.87
2026-03-22T01:50:25.591245,0,0,18.06,17.87
2026-03-22T01:50:28.221179,0,0,18.06,17.87
2026-03-22T01:50:30.768181,0,0,18.0,17.75
2026-03-22T01:50:33.392166,0,0,18.0,17.87
2026-03-22T01:50:35.942157,0,0,18.06,17.75
2026-03-22T01:50:38.552236,0,0,18.0,17.87
2026-03-22T01:50:41.102022,0,0,18.0,17.87
2026-03-22T01:50:43.652026,0,0,18.0,17.87
2026-03-22T01:50:46.251163,0,0,18.0,17.87
2026-03-22T01:50:48.881845,0,0,18.06,17.87
2026-03-22T01:50:51.431872,0,0,18.06,17.87
2026-03-22T01:50:53.991857,0,0,18.0,17.87
2026-03-22T01:50:56.540713,0,0,18.06,17.87
2026-03-22T01:50:59.088928,0,0,18.0,17.87
2026-03-22T01:51:01.651693,0,0,18.06,17.87
2026-03-22T01:51:04.212670,0,0,18.06,17.87
2026-03-22T01:51:06.832621,0,0,18.06,17.87
2026-03-22T01:51:09.382520,0,0,18.06,17.87
2026-03-22T01:51:11.932635,0,0,18.06,17.87
2026-03-22T01:51:14.492692,0,0,18.0,17.87
2026-03-22T01:51:17.112692,0,0,18.06,17.87
2026-03-22T01:51:19.672604,0,0,18.06,17.87
2026-03-22T01:51:22.232505,0,0,18.06,17.87
2026-03-22T01:51:24.801401,0,0,18.06,17.87
2026-03-22T01:51:27.349399,0,0,18.06,17.87
2026-03-22T01:51:29.912332,0,0,18.06,17.87
2026-03-22T01:51:32.472326,0,0,18.06,17.87
2026-03-22T01:51:35.092191,0,0,18.0,17.87
2026-03-22T01:51:37.722102,0,0,18.0,17.87
2026-03-22T01:51:40.273221,0,0,18.06,17.87
2026-03-22T01:51:42.833107,0,0,18.06,17.87
2026-03-22T01:51:45.573097,0,0,18.0,17.87
2026-03-22T01:51:48.122000,0,0,18.06,17.87
2026-03-22T01:51:50.732992,0,0,18.06,17.87
2026-03-22T01:51:53.452956,0,0,18.06,17.87
2026-03-22T01:51:56.002871,0,0,18.06,17.87
2026-03-22T01:51:58.752870,0,0,18.06,17.87
2026-03-22T01:52:01.302734,0,0,18.06,17.87
2026-03-22T01:52:03.851798,0,0,18.06,17.87
2026-03-22T01:52:06.472747,0,0,18.0,17.87
2026-03-22T01:52:09.092716,0,0,18.06,17.87
2026-03-22T01:52:11.653688,0,0,18.06,17.87
2026-03-22T01:52:14.273593,0,0,18.06,17.87
2026-03-22T01:52:16.902537,0,0,18.06,17.87
2026-03-22T01:52:19.453569,0,0,18.06,17.87
2026-03-22T01:52:22.083550,0,0,18.06,17.87
2026-03-22T01:52:24.693548,0,0,18.06,17.87
2026-03-22T01:52:27.243474,0,0,18.0,17.87
2026-03-22T01:52:29.792488,0,0,18.06,17.87
2026-03-22T01:52:32.413422,0,0,18.06,17.87
2026-03-22T01:52:34.973413,0,0,18.06,17.87
2026-03-22T01:52:37.523343,0,0,18.06,17.87
2026-03-22T01:52:40.153294,0,0,18.06,17.87
2026-03-22T01:52:42.713340,0,0,18.06,17.87
2026-03-22T01:52:45.264194,0,0,18.06,17.87
2026-03-22T01:52:47.893072,0,0,18.06,17.87
2026-03-22T01:52:50.454074,0,0,18.06,17.87
2026-03-22T01:52:53.004071,0,0,18.06,17.87
2026-03-22T01:52:55.564081,0,0,18.06,17.87
2026-03-22T01:52:58.114006,0,0,18.06,17.87
2026-03-22T01:53:00.683991,0,0,18.06,17.87
2026-03-22T01:53:03.304042,0,0,18.06,17.87
2026-03-22T01:53:05.853845,0,0,18.06,17.75
2026-03-22T01:53:08.473670,0,0,18.06,17.87
2026-03-22T01:53:11.023830,0,0,18.06,17.87
2026-03-22T01:53:13.673761,0,0,18.06,17.87
2026-03-22T01:53:16.223678,0,0,18.06,17.87
2026-03-22T01:53:18.769681,0,0,18.06,17.87
2026-03-22T01:53:21.324855,0,0,18.0,17.87
2026-03-22T01:53:23.953643,0,0,18.06,17.87
2026-03-22T01:53:26.504599,0,0,18.06,17.87
2026-03-22T01:53:29.050517,0,0,18.06,17.87
2026-03-22T01:53:31.604553,0,0,18.06,17.87
2026-03-22T01:53:34.164497,0,0,18.06,17.87
2026-03-22T01:53:36.854402,0,0,18.06,17.87
2026-03-22T01:53:39.494546,0,0,18.06,17.87
2026-03-22T01:53:42.055009,0,0,18.06,17.87
2026-03-22T01:53:44.673385,0,0,18.06,17.87
2026-03-22T01:53:47.224321,0,0,18.06,17.87
2026-03-22T01:53:49.874227,0,0,18.06,17.87
2026-03-22T01:53:52.495619,0,0,18.06,17.87
2026-03-22T01:53:55.055116,0,0,18.06,17.87
2026-03-22T01:53:57.605017,0,0,18.12,17.87
2026-03-22T01:54:00.154830,0,0,18.06,17.87
2026-03-22T01:54:02.703612,0,0,18.06,17.87
2026-03-22T01:54:05.264879,0,0,18.06,17.87
2026-03-22T01:54:07.815086,0,0,18.06,17.87
2026-03-22T01:54:10.375021,0,0,18.06,17.87
2026-03-22T01:54:12.994863,0,0,18.06,17.87
2026-03-22T01:54:15.544821,0,0,18.06,17.87
2026-03-22T01:54:18.094754,0,0,18.06,17.87
2026-03-22T01:54:20.654683,0,0,18.06,17.87
2026-03-22T01:54:23.205607,0,0,18.06,17.87
2026-03-22T01:54:25.815726,0,0,18.06,17.87
2026-03-22T01:54:28.364661,0,0,18.06,17.87
2026-03-22T01:54:30.915616,0,0,18.06,17.87
2026-03-22T01:54:33.465509,0,0,18.06,17.87
2026-03-22T01:54:36.014421,0,0,18.06,17.87
2026-03-22T01:54:38.654411,0,0,18.06,17.87
2026-03-22T01:54:41.205440,0,0,18.06,17.87
2026-03-22T01:54:43.751383,0,0,18.06,17.87
2026-03-22T01:54:46.375336,0,0,18.06,17.87
2026-03-22T01:54:48.935301,0,0,18.06,17.87
2026-03-22T01:54:51.565277,0,0,18.06,17.87
2026-03-22T01:54:54.295225,0,0,18.06,17.87
2026-03-22T01:54:56.865239,0,0,18.06,17.87
2026-03-22T01:54:59.412155,0,0,18.06,17.87
2026-03-22T01:55:01.966102,0,0,18.06,17.87
2026-03-22T01:55:04.536021,0,0,18.06,17.87
2026-03-22T01:55:07.185870,0,0,18.06,17.87
2026-03-22T01:55:09.795965,0,0,18.06,17.87
2026-03-22T01:55:12.345837,0,0,18.06,17.87
2026-03-22T01:55:14.986033,0,0,18.06,17.87
2026-03-22T01:55:17.615996,0,0,18.06,17.87
2026-03-22T01:55:20.175932,0,0,18.06,17.87
2026-03-22T01:55:22.805856,0,0,18.06,17.87
2026-03-22T01:55:25.415835,0,0,18.06,17.87
2026-03-22T01:55:27.964801,0,0,18.06,17.87
2026-03-22T01:55:30.595749,0,0,18.06,17.87
2026-03-22T01:55:33.156629,0,0,18.06,17.87
2026-03-22T01:55:35.706594,0,0,18.06,17.87
2026-03-22T01:55:38.346292,0,0,18.06,17.87
2026-03-22T01:55:40.966325,0,0,18.06,17.87
2026-03-22T01:55:43.515226,0,0,18.06,17.87
2026-03-22T01:55:46.076304,0,0,18.06,17.87
2026-03-22T01:55:48.626075,0,0,18.06,17.87
2026-03-22T01:55:51.235110,0,0,18.12,17.87
2026-03-22T01:55:53.876035,0,0,18.06,17.87
2026-03-22T01:55:56.425922,0,0,18.06,17.87
2026-03-22T01:55:58.972983,0,0,18.06,17.87
2026-03-22T01:56:01.595932,0,0,18.06,17.87
2026-03-22T01:56:04.166868,0,0,18.06,17.87
2026-03-22T01:56:06.796900,0,0,18.06,17.87
2026-03-22T01:56:09.346794,0,0,18.06,18.0
2026-03-22T01:56:11.893970,0,0,18.06,17.87
2026-03-22T01:56:14.446720,0,0,18.06,17.87
2026-03-22T01:56:17.011310,0,0,18.06,17.87
2026-03-22T01:56:19.552880,0,0,18.06,17.87
2026-03-22T01:56:22.175853,0,0,18.06,17.87
2026-03-22T01:56:24.727017,0,0,18.06,17.87
2026-03-22T01:56:27.356800,0,0,18.06,17.87
2026-03-22T01:56:29.916729,0,0,18.06,17.87
2026-03-22T01:56:32.466690,0,0,18.06,17.87
2026-03-22T01:56:35.096671,0,0,18.06,17.87
2026-03-22T01:56:37.657578,0,0,18.06,17.87
2026-03-22T01:56:40.297636,0,0,18.06,17.87
2026-03-22T01:56:42.847796,0,0,18.06,17.87
2026-03-22T01:56:45.467478,0,0,18.06,17.87
2026-03-22T01:56:48.016653,0,0,18.06,17.87
2026-03-22T01:56:50.579387,0,0,18.06,17.87
2026-03-22T01:56:53.197265,0,0,18.06,17.87
2026-03-22T01:56:55.746271,0,0,18.06,17.87
2026-03-22T01:56:58.297296,0,0,18.06,17.87
2026-03-22T01:57:00.846332,0,0,18.06,18.0
2026-03-22T01:57:03.437235,0,0,18.12,17.87
2026-03-22T01:57:05.997220,0,0,18.12,17.87
2026-03-22T01:57:08.566156,0,0,18.12,17.87
2026-03-22T01:57:11.138095,0,0,18.12,17.87
2026-03-22T01:57:13.697109,0,0,18.12,17.87
2026-03-22T01:57:16.338618,0,0,18.12,18.0
2026-03-22T01:57:18.888021,0,0,18.12,17.87
2026-03-22T01:57:21.719327,0,0,18.12,17.87
2026-03-22T01:57:24.288227,0,0,18.19,17.87
2026-03-22T01:57:26.838243,0,0,18.12,18.0
2026-03-22T01:57:29.476992,0,0,18.12,18.0
2026-03-22T01:57:32.097596,0,0,18.12,18.0
2026-03-22T01:57:34.657883,0,0,18.19,18.0
2026-03-22T01:57:37.267903,0,0,18.12,18.0
2026-03-22T01:57:39.917801,0,0,18.19,17.87
2026-03-22T01:57:42.536696,0,0,18.19,18.0
2026-03-22T01:57:45.098578,0,0,18.19,18.0
2026-03-22T01:57:47.718634,0,0,18.12,18.0
2026-03-22T01:57:50.369595,0,0,18.19,18.0
2026-03-22T01:57:52.982697,0,0,18.19,18.0
2026-03-22T01:57:55.529239,0,0,18.19,18.0
2026-03-22T01:57:58.083400,0,0,18.19,18.0
2026-03-22T01:58:00.767345,0,0,18.19,18.0
2026-03-22T01:58:03.318233,0,0,18.19,18.0
2026-03-22T01:58:05.943397,0,0,18.19,18.0
2026-03-22T01:58:08.558434,0,0,18.19,18.0
2026-03-22T01:58:11.178324,0,0,18.25,18.0
2026-03-22T01:58:13.828370,0,0,18.19,18.0
2026-03-22T01:58:16.599332,0,0,18.19,18.0
2026-03-22T01:58:19.149281,0,0,18.19,18.0
2026-03-22T01:58:21.759269,0,0,18.25,18.0
2026-03-22T01:58:24.318877,0,0,18.25,18.0
2026-03-22T01:58:26.869055,0,0,18.25,18.0
2026-03-22T01:58:29.431074,0,0,18.19,18.0
2026-03-22T01:58:31.974789,0,0,18.19,18.0
2026-03-22T01:58:34.609036,0,0,18.19,18.0
2026-03-22T01:58:37.159015,0,0,18.19,18.0
2026-03-22T01:58:39.919387,0,0,18.19,18.0
2026-03-22T01:58:42.559209,0,0,18.25,18.0
2026-03-22T01:58:45.159010,0,0,18.25,18.0
2026-03-22T01:58:47.708934,0,0,18.19,18.0
2026-03-22T01:58:50.329760,0,0,18.25,18.0
2026-03-22T01:58:52.879785,0,0,18.25,18.12
2026-03-22T01:58:55.628551,0,0,18.25,18.0
2026-03-22T01:58:58.178298,0,0,18.19,18.12
2026-03-22T01:59:01.019415,0,0,18.25,18.0
2026-03-22T01:59:03.569245,0,0,18.25,18.12
2026-03-22T01:59:06.138136,0,0,18.25,18.0
2026-03-22T01:59:08.689149,0,0,18.25,18.0
2026-03-22T01:59:11.298095,0,0,18.25,18.0
2026-03-22T01:59:13.855175,0,0,18.25,18.12
2026-03-22T01:59:16.629068,0,0,18.19,18.12
2026-03-22T01:59:19.176052,0,0,18.19,18.0
2026-03-22T01:59:21.727934,0,0,18.25,18.0
2026-03-22T01:59:24.359965,0,0,18.25,18.12
2026-03-22T01:59:26.918866,0,0,18.25,18.12
2026-03-22T01:59:29.499895,0,0,18.25,18.12
2026-03-22T01:59:32.399509,0,0,18.25,18.0
2026-03-22T01:59:34.769796,0,0,18.25,18.12
2026-03-22T01:59:37.337645,0,0,18.19,18.12
2026-03-22T01:59:39.979711,0,0,18.19,18.0
2026-03-22T01:59:42.539580,0,0,18.25,18.0
2026-03-22T01:59:45.159685,0,0,18.25,18.12
2026-03-22T01:59:47.729400,0,0,18.25,18.0
2026-03-22T01:59:50.489409,0,0,18.19,18.0
2026-03-22T01:59:53.039481,0,0,18.19,18.0
2026-03-22T01:59:55.590412,0,0,18.19,18.12
2026-03-22T01:59:58.150395,0,0,18.19,18.12
2026-03-22T02:00:00.696397,0,0,18.25,18.0
