timestamp,lj_valve_state,lj_pump_state,temp0,temp1
2026-03-23T00:00:00.586875,0,0,17.62,17.75
2026-03-23T00:00:03.195680,0,0,17.62,17.87
2026-03-23T00:00:05.805700,0,0,17.62,17.87
2026-03-23T00:00:08.465722,0,0,17.62,17.87
2026-03-23T00:00:11.075604,0,0,17.62,17.87
2026-03-23T00:00:13.735703,0,0,17.62,17.75
2026-03-23T00:00:16.355536,0,0,17.62,17.75
2026-03-23T00:00:18.954635,0,0,17.62,17.75
2026-03-23T00:00:21.566618,0,0,17.62,17.87
2026-03-23T00:00:24.316499,0,0,17.62,17.75
2026-03-23T00:00:26.916528,0,0,17.69,17.75
2026-03-23T00:00:29.606493,0,0,17.62,17.87
2026-03-23T00:00:32.205546,0,0,17.62,17.75
2026-03-23T00:00:35.136515,0,0,17.62,17.87
2026-03-23T00:00:37.746574,0,0,17.69,17.75
2026-03-23T00:00:40.436440,0,0,17.62,17.87
2026-03-23T00:00:43.046458,0,0,17.62,17.75
2026-03-23T00:00:45.716438,0,0,17.62,17.87
2026-03-23T00:00:48.316498,0,0,17.62,17.75
2026-03-23T00:00:50.926486,0,0,17.62,17.87
2026-03-23T00:00:53.516367,0,0,17.62,17.75
2026-03-23T00:00:56.117432,0,0,17.62,17.87
2026-03-23T00:00:58.737403,0,0,17.62,17.75
2026-03-23T00:01:01.326345,0,0,17.62,17.87
2026-03-23T00:01:03.927367,0,0,17.69,17.75
2026-03-23T00:01:06.737282,0,0,17.62,17.87
2026-03-23T00:01:09.347363,0,0,17.62,17.87
2026-03-23T00:01:11.947170,0,0,17.62,17.87
2026-03-23T00:01:14.617238,0,0,17.62,17.75
2026-03-23T00:01:17.227211,0,0,17.62,17.75
2026-03-23T00:01:19.897305,0,0,17.69,17.87
2026-03-23T00:01:22.497263,0,0,17.69,17.75
2026-03-23T00:01:25.107165,0,0,17.69,17.87
2026-03-23T00:01:27.697304,0,0,17.69,17.87
2026-03-23T00:01:30.308136,0,0,17.62,17.87
2026-03-23T00:01:32.998206,0,0,17.62,17.75
2026-03-23T00:01:35.668073,0,0,17.62,17.87
2026-03-23T00:01:38.278102,0,0,17.69,17.75
2026-03-23T00:01:40.828064,0,0,17.62,17.87
2026-03-23T00:01:43.427978,0,0,17.69,17.75
2026-03-23T00:01:46.098099,0,0,17.62,17.75
2026-03-23T00:01:48.887968,0,0,17.62,17.75
2026-03-23T00:01:51.558013,0,0,17.62,17.75
2026-03-23T00:01:54.527979,0,0,17.62,17.75
2026-03-23T00:01:57.137966,0,0,17.69,17.75
2026-03-23T00:01:59.718004,0,0,17.69,17.87
2026-03-23T00:02:02.338967,0,0,17.69,17.87
2026-03-23T00:02:04.939037,0,0,17.69,17.87
2026-03-23T00:02:07.548997,0,0,17.62,17.75
2026-03-23T00:02:10.138995,0,0,17.69,17.75
2026-03-23T00:02:12.838980,0,0,17.69,17.87
2026-03-23T00:02:15.518947,0,0,17.62,17.75
2026-03-23T00:02:18.118916,0,0,17.62,17.75
2026-03-23T00:02:20.718913,0,0,17.69,17.75
2026-03-23T00:02:23.338932,0,0,17.69,17.75
2026-03-23T00:02:26.028914,0,0,17.69,17.75
2026-03-23T00:02:28.649112,0,0,17.69,17.87
2026-03-23T00:02:31.398842,0,0,17.62,17.75
2026-03-23T00:02:33.998889,0,0,17.62,17.75
2026-03-23T00:02:36.689871,0,0,17.62,17.75
2026-03-23T00:02:39.299786,0,0,17.62,17.87
2026-03-23T00:02:41.909868,0,0,17.69,17.87
2026-03-23T00:02:44.569958,0,0,17.69,17.87
2026-03-23T00:02:47.169755,0,0,17.69,17.75
2026-03-23T00:02:49.769808,0,0,17.69,17.87
2026-03-23T00:02:52.379637,0,0,17.62,17.75
2026-03-23T00:02:54.979721,0,0,17.69,17.75
2026-03-23T00:02:57.659680,0,0,17.69,17.75
2026-03-23T00:03:00.269653,0,0,17.69,17.75
2026-03-23T00:03:02.879655,0,0,17.69,17.75
2026-03-23T00:03:05.469701,0,0,17.69,17.75
2026-03-23T00:03:08.069672,0,0,17.62,17.87
2026-03-23T00:03:10.690694,0,0,17.69,17.87
2026-03-23T00:03:13.270593,0,0,17.69,17.87
2026-03-23T00:03:15.850635,0,0,17.69,17.75
2026-03-23T00:03:18.490571,0,0,17.69,17.75
2026-03-23T00:03:21.160498,0,0,17.69,17.75
2026-03-23T00:03:23.770576,0,0,17.69,17.87
2026-03-23T00:03:26.441146,0,0,17.69,17.87
2026-03-23T00:03:29.050607,0,0,17.69,17.75
2026-03-23T00:03:31.660486,0,0,17.69,17.75
2026-03-23T00:03:34.260416,0,0,17.69,17.75
2026-03-23T00:03:36.950521,0,0,17.69,17.75
2026-03-23T00:03:39.560405,0,0,17.69,18.0
2026-03-23T00:03:42.290518,0,0,17.69,17.75
2026-03-23T00:03:44.911403,0,0,17.69,17.62
2026-03-23T00:03:47.821305,0,0,17.69,17.75
2026-03-23T00:03:50.431480,0,0,17.69,17.75
2026-03-23T00:03:53.030400,0,0,17.69,17.87
2026-03-23T00:03:55.721383,0,0,17.69,17.75
2026-03-23T00:03:58.331385,0,0,17.69,17.87
2026-03-23T00:04:00.990358,0,0,17.75,17.87
2026-03-23T00:04:03.601280,0,0,17.75,17.87
2026-03-23T00:04:06.521301,0,0,17.69,17.75
2026-03-23T00:04:09.131193,0,0,17.69,17.75
2026-03-23T00:04:11.811233,0,0,17.69,17.87
2026-03-23T00:04:14.431188,0,0,17.69,17.75
2026-03-23T00:04:17.032121,0,0,17.69,17.75
2026-03-23T00:04:19.702270,0,0,17.69,17.87
2026-03-23T00:04:22.312169,0,0,17.69,17.75
2026-03-23T00:04:24.902293,0,0,17.69,17.75
2026-03-23T00:04:27.512152,0,0,17.69,17.75
2026-03-23T00:04:30.122156,0,0,17.69,17.75
2026-03-23T00:04:32.732506,0,0,17.69,17.87
2026-03-23T00:04:35.331989,0,0,17.69,17.87
2026-03-23T00:04:38.052111,0,0,17.69,17.87
2026-03-23T00:04:40.722042,0,0,17.75,17.87
2026-03-23T00:04:43.342067,0,0,17.69,17.87
2026-03-23T00:04:45.952002,0,0,17.69,17.87
2026-03-23T00:04:48.532004,0,0,17.69,17.75
2026-03-23T00:04:51.462131,0,0,17.69,17.87
2026-03-23T00:04:54.063026,0,0,17.75,17.75
2026-03-23T00:04:56.663051,0,0,17.69,17.75
2026-03-23T00:04:59.332971,0,0,17.69,17.75
2026-03-23T00:05:01.942963,0,0,17.75,17.75
2026-03-23T00:05:04.551865,0,0,17.69,17.75
2026-03-23T00:05:07.153031,0,0,17.69,17.75
2026-03-23T00:05:09.763007,0,0,17.69,17.75
2026-03-23T00:05:12.362959,0,0,17.69,17.75
2026-03-23T00:05:15.062934,0,0,17.69,17.87
2026-03-23T00:05:17.752975,0,0,17.75,17.87
2026-03-23T00:05:20.352826,0,0,17.75,17.75
2026-03-23T00:05:22.972881,0,0,17.69,17.87
2026-03-23T00:05:25.583793,0,0,17.75,17.87
2026-03-23T00:05:28.393816,0,0,17.75,17.87
2026-03-23T00:05:31.063760,0,0,17.69,17.87
2026-03-23T00:05:33.753883,0,0,17.75,17.87
2026-03-23T00:05:36.363707,0,0,17.75,17.87
2026-03-23T00:05:39.023693,0,0,17.69,17.87
2026-03-23T00:05:41.643884,0,0,17.69,17.75
2026-03-23T00:05:44.303885,0,0,17.75,17.87
2026-03-23T00:05:46.851608,0,0,17.69,17.75
2026-03-23T00:05:49.443567,0,0,17.69,17.75
2026-03-23T00:05:52.053792,0,0,17.75,17.75
2026-03-23T00:05:54.653583,0,0,17.75,17.75
2026-03-23T00:05:57.404563,0,0,17.75,17.75
2026-03-23T00:05:59.984274,0,0,17.69,17.75
2026-03-23T00:06:02.784302,0,0,17.75,17.75
2026-03-23T00:06:05.444728,0,0,17.75,17.75
2026-03-23T00:06:08.043499,0,0,17.75,18.0
2026-03-23T00:06:10.643601,0,0,17.69,17.87
2026-03-23T00:06:13.254282,0,0,17.75,17.87
2026-03-23T00:06:15.845137,0,0,17.75,17.87
2026-03-23T00:06:18.394591,0,0,17.75,17.87
2026-03-23T00:06:20.994475,0,0,17.75,17.75
2026-03-23T00:06:23.584399,0,0,17.75,17.75
2026-03-23T00:06:26.264364,0,0,17.75,17.75
2026-03-23T00:06:28.874420,0,0,17.75,17.87
2026-03-23T00:06:31.465488,0,0,17.75,17.75
2026-03-23T00:06:34.164331,0,0,17.69,17.87
2026-03-23T00:06:36.965400,0,0,17.75,17.75
2026-03-23T00:06:39.645380,0,0,17.75,17.87
2026-03-23T00:06:42.485358,0,0,17.75,17.87
2026-03-23T00:06:45.175481,0,0,17.75,17.75
2026-03-23T00:06:47.845326,0,0,17.75,17.87
2026-03-23T00:06:50.444270,0,0,17.75,17.75
2026-03-23T00:06:53.045303,0,0,17.75,17.87
2026-03-23T00:06:55.675279,0,0,17.75,17.87
2026-03-23T00:06:58.345381,0,0,17.75,17.75
2026-03-23T00:07:00.943184,0,0,17.75,17.75
2026-03-23T00:07:03.546277,0,0,17.75,17.87
2026-03-23T00:07:06.144183,0,0,17.75,17.87
2026-03-23T00:07:08.805252,0,0,17.75,17.87
2026-03-23T00:07:11.416221,0,0,17.75,17.75
2026-03-23T00:07:14.016239,0,0,17.75,17.87
2026-03-23T00:07:16.694202,0,0,17.75,17.87
2026-03-23T00:07:19.295177,0,0,17.75,17.75
2026-03-23T00:07:21.896361,0,0,17.75,17.87
2026-03-23T00:07:24.564103,0,0,17.75,17.87
2026-03-23T00:07:27.176169,0,0,17.75,17.75
2026-03-23T00:07:29.846215,0,0,17.75,17.87
2026-03-23T00:07:32.445185,0,0,17.75,17.75
2026-03-23T00:07:35.046152,0,0,17.75,17.75
2026-03-23T00:07:37.727144,0,0,17.75,17.87
2026-03-23T00:07:40.337045,0,0,17.75,17.87
2026-03-23T00:07:43.007120,0,0,17.75,17.87
2026-03-23T00:07:45.618161,0,0,17.75,17.87
2026-03-23T00:07:48.227054,0,0,17.75,17.87
2026-03-23T00:07:50.917028,0,0,17.75,17.87
2026-03-23T00:07:53.584901,0,0,17.75,17.75
2026-03-23T00:07:56.693000,0,0,17.81,17.87
2026-03-23T00:07:59.556956,0,0,17.81,17.87
2026-03-23T00:08:02.306895,0,0,17.75,17.87
2026-03-23T00:08:04.927025,0,0,17.75,17.75
2026-03-23T00:08:07.536923,0,0,17.75,17.87
2026-03-23T00:08:10.127170,0,0,17.75,17.87
2026-03-23T00:08:12.877934,0,0,17.75,17.87
2026-03-23T00:08:15.666871,0,0,17.75,17.75
2026-03-23T00:08:18.347843,0,0,17.75,17.75
2026-03-23T00:08:20.957886,0,0,17.81,17.75
2026-03-23T00:08:23.537915,0,0,17.81,17.87
2026-03-23T00:08:26.087836,0,0,17.75,17.75
2026-03-23T00:08:28.687792,0,0,17.75,17.87
2026-03-23T00:08:31.297825,0,0,17.75,17.75
2026-03-23T00:08:34.047780,0,0,17.75,17.75
2026-03-23T00:08:36.717720,0,0,17.75,17.75
2026-03-23T00:08:39.407660,0,0,17.75,17.75
2026-03-23T00:08:42.007598,0,0,17.81,17.87
2026-03-23T00:08:44.768642,0,0,17.75,17.75
2026-03-23T00:08:47.458651,0,0,17.75,17.75
2026-03-23T00:08:50.127495,0,0,17.81,17.87
2026-03-23T00:08:52.728715,0,0,17.75,17.87
2026-03-23T00:08:55.408543,0,0,17.81,17.75
2026-03-23T00:08:58.008562,0,0,17.75,17.75
2026-03-23T00:09:00.618571,0,0,17.81,17.87
2026-03-23T00:09:03.288561,0,0,17.75,17.87
2026-03-23T00:09:05.898607,0,0,17.75,17.87
2026-03-23T00:09:08.568565,0,0,17.81,17.87
2026-03-23T00:09:11.178716,0,0,17.81,17.75
2026-03-23T00:09:13.868542,0,0,17.75,17.87
2026-03-23T00:09:16.538535,0,0,17.75,17.87
2026-03-23T00:09:19.229470,0,0,17.81,17.87
2026-03-23T00:09:21.839465,0,0,17.81,17.87
2026-03-23T00:09:24.519464,0,0,17.81,17.87
2026-03-23T00:09:27.119402,0,0,17.81,17.75
2026-03-23T00:09:29.719463,0,0,17.81,17.87
2026-03-23T00:09:32.649446,0,0,17.81,17.87
2026-03-23T00:09:35.249391,0,0,17.75,17.75
2026-03-23T00:09:37.859384,0,0,17.75,17.87
2026-03-23T00:09:40.529396,0,0,17.75,17.87
2026-03-23T00:09:43.129375,0,0,17.81,17.75
2026-03-23T00:09:45.739347,0,0,17.75,17.87
2026-03-23T00:09:48.408204,0,0,17.81,17.75
2026-03-23T00:09:51.098414,0,0,17.81,17.87
2026-03-23T00:09:53.770229,0,0,17.81,17.75
2026-03-23T00:09:56.380175,0,0,17.81,17.87
2026-03-23T00:09:59.290396,0,0,17.81,17.87
2026-03-23T00:10:01.900122,0,0,17.81,17.75
2026-03-23T00:10:04.510344,0,0,17.81,17.87
2026-03-23T00:10:07.260098,0,0,17.75,17.87
2026-03-23T00:10:10.000169,0,0,17.75,17.75
2026-03-23T00:10:12.680177,0,0,17.81,17.87
2026-03-23T00:10:15.280112,0,0,17.75,17.87
2026-03-23T00:10:17.880121,0,0,17.75,17.87
2026-03-23T00:10:20.560022,0,0,17.81,17.87
2026-03-23T00:10:23.170045,0,0,17.75,17.75
2026-03-23T00:10:25.831101,0,0,17.81,17.87
2026-03-23T00:10:28.751129,0,0,17.75,17.75
2026-03-23T00:10:31.350979,0,0,17.75,17.87
2026-03-23T00:10:33.961131,0,0,17.81,17.87
2026-03-23T00:10:36.561154,0,0,17.81,17.87
2026-03-23T00:10:39.230033,0,0,17.75,17.87
2026-03-23T00:10:41.840983,0,0,17.81,17.87
2026-03-23T00:10:44.510962,0,0,17.75,17.87
2026-03-23T00:10:47.120902,0,0,17.75,17.87
2026-03-23T00:10:49.711100,0,0,17.75,17.87
2026-03-23T00:10:52.310850,0,0,17.75,17.87
2026-03-23T00:10:54.920953,0,0,17.75,17.75
2026-03-23T00:10:57.520955,0,0,17.81,17.87
2026-03-23T00:11:00.366048,0,0,17.75,17.87
2026-03-23T00:11:02.791727,0,0,17.81,17.87
2026-03-23T00:11:05.401764,0,0,17.75,17.87
2026-03-23T00:11:08.070682,0,0,17.75,17.87
2026-03-23T00:11:10.751687,0,0,17.81,17.87
2026-03-23T00:11:13.421759,0,0,17.81,17.75
2026-03-23T00:11:16.251676,0,0,17.75,17.75
2026-03-23T00:11:18.851775,0,0,17.81,17.87
2026-03-23T00:11:21.471719,0,0,17.75,17.87
2026-03-23T00:11:24.080622,0,0,17.81,17.87
2026-03-23T00:11:26.671539,0,0,17.75,17.87
2026-03-23T00:11:29.281595,0,0,17.75,17.87
2026-03-23T00:11:31.892538,0,0,17.75,17.87
2026-03-23T00:11:34.482615,0,0,17.81,17.87
2026-03-23T00:11:37.091439,0,0,17.75,17.87
2026-03-23T00:11:39.702601,0,0,17.75,17.87
2026-03-23T00:11:42.282582,0,0,17.75,17.75
2026-03-23T00:11:44.892525,0,0,17.75,17.87
2026-03-23T00:11:47.502549,0,0,17.81,17.87
2026-03-23T00:11:50.092420,0,0,17.81,17.87
2026-03-23T00:11:52.712446,0,0,17.81,17.75
2026-03-23T00:11:55.322477,0,0,17.75,17.87
2026-03-23T00:11:58.232352,0,0,17.81,17.75
2026-03-23T00:12:00.812334,0,0,17.81,17.87
2026-03-23T00:12:03.512373,0,0,17.75,17.87
2026-03-23T00:12:06.123295,0,0,17.75,17.75
2026-03-23T00:12:08.713369,0,0,17.75,17.87
2026-03-23T00:12:11.323301,0,0,17.75,17.75
2026-03-23T00:12:14.153508,0,0,17.75,17.75
2026-03-23T00:12:16.753337,0,0,17.81,17.75
2026-03-23T00:12:19.673321,0,0,17.75,17.87
2026-03-23T00:12:22.283275,0,0,17.75,17.87
2026-03-23T00:12:24.873022,0,0,17.81,17.87
2026-03-23T00:12:27.422937,0,0,17.81,17.87
2026-03-23T00:12:30.012904,0,0,17.81,17.87
2026-03-23T00:12:32.702790,0,0,17.81,17.87
2026-03-23T00:12:35.382815,0,0,17.75,17.87
2026-03-23T00:12:37.992824,0,0,17.81,17.87
2026-03-23T00:12:40.653911,0,0,17.81,17.87
2026-03-23T00:12:43.264038,0,0,17.81,17.87
2026-03-23T00:12:45.864070,0,0,17.75,17.87
2026-03-23T00:12:48.664205,0,0,17.75,17.87
2026-03-23T00:12:51.283958,0,0,17.75,17.87
2026-03-23T00:12:53.884258,0,0,17.75,17.87
2026-03-23T00:12:56.554057,0,0,17.75,17.75
2026-03-23T00:12:59.164013,0,0,17.81,17.87
2026-03-23T00:13:01.913982,0,0,17.75,17.87
2026-03-23T00:13:04.953091,0,0,17.75,17.87
2026-03-23T00:13:07.562309,0,0,17.81,18.0
2026-03-23T00:13:10.231545,0,0,17.75,17.87
2026-03-23T00:13:12.921801,0,0,17.75,17.87
2026-03-23T00:13:15.521033,0,0,17.81,17.75
2026-03-23T00:13:18.190301,0,0,17.81,17.75
2026-03-23T00:13:20.799576,0,0,17.75,17.87
2026-03-23T00:13:23.398824,0,0,17.75,17.87
2026-03-23T00:13:26.068105,0,0,17.75,17.87
2026-03-23T00:13:28.677415,0,0,17.75,17.87
2026-03-23T00:13:31.266830,0,0,17.75,17.87
2026-03-23T00:13:33.875986,0,0,17.75,17.87
2026-03-23T00:13:36.495270,0,0,17.75,17.75
2026-03-23T00:13:39.164632,0,0,17.75,17.87
2026-03-23T00:13:41.772915,0,0,17.81,17.75
2026-03-23T00:13:44.593201,0,0,17.75,17.75
2026-03-23T00:13:47.181532,0,0,17.75,17.87
2026-03-23T00:13:49.872850,0,0,17.75,17.87
2026-03-23T00:13:52.622156,0,0,17.75,17.87
2026-03-23T00:13:55.231523,0,0,17.81,17.87
2026-03-23T00:13:57.830918,0,0,17.81,17.87
2026-03-23T00:14:00.520157,0,0,17.75,17.87
2026-03-23T00:14:03.129584,0,0,17.75,17.87
2026-03-23T00:14:05.878929,0,0,17.75,17.87
2026-03-23T00:14:08.488271,0,0,17.75,17.75
2026-03-23T00:14:11.167634,0,0,17.81,17.75
2026-03-23T00:14:13.777115,0,0,17.75,17.87
2026-03-23T00:14:16.386474,0,0,17.81,17.87
2026-03-23T00:14:19.045897,0,0,17.75,17.87
2026-03-23T00:14:21.654208,0,0,17.75,17.87
2026-03-23T00:14:24.444599,0,0,17.75,17.87
2026-03-23T00:14:27.074953,0,0,17.75,17.87
2026-03-23T00:14:29.654405,0,0,17.75,17.87
2026-03-23T00:14:32.263828,0,0,17.75,17.87
2026-03-23T00:14:34.953275,0,0,17.75,17.75
2026-03-23T00:14:37.542739,0,0,17.75,17.75
2026-03-23T00:14:40.142137,0,0,17.75,17.87
2026-03-23T00:14:42.741637,0,0,17.75,17.87
2026-03-23T00:14:45.630896,0,0,17.75,17.87
2026-03-23T00:14:48.240368,0,0,17.75,17.87
2026-03-23T00:14:50.829866,0,0,17.75,17.75
2026-03-23T00:14:53.430378,0,0,17.75,17.87
2026-03-23T00:14:56.029875,0,0,17.75,17.87
2026-03-23T00:14:58.628239,0,0,17.81,17.87
2026-03-23T00:15:01.248724,0,0,17.75,17.75
2026-03-23T00:15:03.858217,0,0,17.75,17.87
2026-03-23T00:15:06.437622,0,0,17.75,17.75
2026-03-23T00:15:09.047058,0,0,17.75,17.87
2026-03-23T00:15:11.886659,0,0,17.75,17.75
2026-03-23T00:15:14.496090,0,0,17.81,17.75
2026-03-23T00:15:17.105659,0,0,17.75,17.75
2026-03-23T00:15:19.685211,0,0,17.75,17.75
2026-03-23T00:15:22.364732,0,0,17.75,17.87
2026-03-23T00:15:24.964132,0,0,17.75,17.75
2026-03-23T00:15:27.664506,0,0,17.75,17.75
2026-03-23T00:15:30.274328,0,0,17.75,17.87
2026-03-23T00:15:32.893826,0,0,17.75,17.75
2026-03-23T00:15:35.473174,0,0,17.75,17.87
2026-03-23T00:15:38.162751,0,0,17.75,17.87
2026-03-23T00:15:40.912184,0,0,17.75,17.75
2026-03-23T00:15:43.511691,0,0,17.75,17.87
2026-03-23T00:15:46.111235,0,0,17.75,17.87
2026-03-23T00:15:48.781578,0,0,17.75,17.87
2026-03-23T00:15:51.380281,0,0,17.75,17.75
2026-03-23T00:15:54.049970,0,0,17.75,17.75
2026-03-23T00:15:56.739525,0,0,17.75,17.75
2026-03-23T00:15:59.318958,0,0,17.75,17.75
2026-03-23T00:16:02.145866,0,0,17.75,17.87
2026-03-23T00:16:04.608752,0,0,17.75,17.75
2026-03-23T00:16:07.198398,0,0,17.75,17.87
2026-03-23T00:16:09.897977,0,0,17.75,17.87
2026-03-23T00:16:12.587432,0,0,17.75,17.75
2026-03-23T00:16:15.167056,0,0,17.75,17.87
2026-03-23T00:16:17.846546,0,0,17.75,17.87
2026-03-23T00:16:20.536169,0,0,17.75,17.75
2026-03-23T00:16:23.125732,0,0,17.75,17.75
2026-03-23T00:16:25.735318,0,0,17.75,17.87
2026-03-23T00:16:28.345085,0,0,17.75,17.87
2026-03-23T00:16:30.924452,0,0,17.75,17.75
2026-03-23T00:16:33.604108,0,0,17.75,17.75
2026-03-23T00:16:36.274663,0,0,17.75,17.75
2026-03-23T00:16:38.894289,0,0,17.81,17.87
2026-03-23T00:16:41.553959,0,0,17.75,17.87
2026-03-23T00:16:44.173541,0,0,17.75,17.75
2026-03-23T00:16:46.773138,0,0,17.75,17.87
2026-03-23T00:16:49.452737,0,0,17.75,17.87
2026-03-23T00:16:52.142328,0,0,17.75,17.75
2026-03-23T00:16:54.711970,0,0,17.75,17.87
2026-03-23T00:16:57.321609,0,0,17.75,17.75
2026-03-23T00:17:00.231064,0,0,17.75,17.75
2026-03-23T00:17:02.830757,0,0,17.75,17.62
2026-03-23T00:17:05.431861,0,0,17.75,17.75
2026-03-23T00:17:08.010056,0,0,17.75,17.87
2026-03-23T00:17:10.620654,0,0,17.75,17.75
2026-03-23T00:17:13.450397,0,0,17.75,17.75
2026-03-23T00:17:16.129966,0,0,17.81,17.75
2026-03-23T00:17:18.739624,0,0,17.75,17.75
2026-03-23T00:17:21.499285,0,0,17.75,17.75
2026-03-23T00:17:24.048879,0,0,17.75,17.87
2026-03-23T00:17:26.738517,0,0,17.75,17.75
2026-03-23T00:17:29.308070,0,0,17.75,17.75
2026-03-23T00:17:31.907734,0,0,17.75,17.75
2026-03-23T00:17:34.567380,0,0,17.75,17.75
2026-03-23T00:17:37.187035,0,0,17.75,17.75
2026-03-23T00:17:39.776712,0,0,17.75,17.75
2026-03-23T00:17:42.457475,0,0,17.75,17.75
2026-03-23T00:17:45.137109,0,0,17.75,17.87
2026-03-23T00:17:47.736879,0,0,17.75,17.87
2026-03-23T00:17:50.326453,0,0,17.75,17.87
2026-03-23T00:17:53.026082,0,0,17.75,17.87
2026-03-23T00:17:55.613736,0,0,17.75,17.75
2026-03-23T00:17:58.205415,0,0,17.75,17.75
2026-03-23T00:18:00.965171,0,0,17.75,17.75
2026-03-23T00:18:03.564749,0,0,17.75,17.75
2026-03-23T00:18:06.164468,0,0,17.81,17.75
2026-03-23T00:18:08.774262,0,0,17.75,17.87
2026-03-23T00:18:11.684826,0,0,17.75,17.87
2026-03-23T00:18:14.343443,0,0,17.75,17.75
2026-03-23T00:18:16.944271,0,0,17.75,17.75
2026-03-23T00:18:19.553950,0,0,17.75,17.87
2026-03-23T00:18:22.293659,0,0,17.75,17.87
2026-03-23T00:18:24.893568,0,0,17.75,17.75
2026-03-23T00:18:27.713229,0,0,17.75,17.75
2026-03-23T00:18:30.732575,0,0,17.75,17.75
2026-03-23T00:18:33.352335,0,0,17.75,17.87
2026-03-23T00:18:36.092029,0,0,17.75,17.75
2026-03-23T00:18:38.681782,0,0,17.75,17.75
2026-03-23T00:18:41.421578,0,0,17.75,17.87
2026-03-23T00:18:44.031229,0,0,17.81,17.75
2026-03-23T00:18:46.630956,0,0,17.75,17.87
2026-03-23T00:18:49.300687,0,0,17.75,17.75
2026-03-23T00:18:51.911401,0,0,17.75,17.75
2026-03-23T00:18:54.591036,0,0,17.81,17.87
2026-03-23T00:18:57.250841,0,0,17.75,17.62
2026-03-23T00:19:00.160431,0,0,17.81,17.75
2026-03-23T00:19:02.760179,0,0,17.75,17.75
2026-03-23T00:19:05.441527,0,0,17.81,17.87
2026-03-23T00:19:08.099692,0,0,17.75,17.75
2026-03-23T00:19:10.709496,0,0,17.75,17.75
2026-03-23T00:19:13.369189,0,0,17.75,17.75
2026-03-23T00:19:16.058815,0,0,17.75,17.75
2026-03-23T00:19:18.728557,0,0,17.81,17.75
2026-03-23T00:19:21.478335,0,0,17.75,17.75
2026-03-23T00:19:24.139007,0,0,17.75,17.62
2026-03-23T00:19:26.738853,0,0,17.75,17.75
2026-03-23T00:19:29.348517,0,0,17.75,17.75
2026-03-23T00:19:32.296395,0,0,17.75,17.75
2026-03-23T00:19:34.888021,0,0,17.75,17.87
2026-03-23T00:19:37.477807,0,0,17.75,17.75
2026-03-23T00:19:40.077741,0,0,17.75,17.75
2026-03-23T00:19:42.677518,0,0,17.81,17.75
2026-03-23T00:19:45.347299,0,0,17.81,17.87
2026-03-23T00:19:47.947010,0,0,17.81,17.75
2026-03-23T00:19:50.546873,0,0,17.75,17.87
2026-03-23T00:19:53.266465,0,0,17.75,17.87
2026-03-23T00:19:55.815326,0,0,17.81,17.75
2026-03-23T00:19:58.496015,0,0,17.81,17.75
2026-03-23T00:20:01.095711,0,0,17.81,17.75
2026-03-23T00:20:03.706509,0,0,17.81,17.87
2026-03-23T00:20:06.376232,0,0,17.75,17.87
2026-03-23T00:20:08.966044,0,0,17.81,17.75
2026-03-23T00:20:11.595721,0,0,17.81,17.87
2026-03-23T00:20:14.175514,0,0,17.75,17.75
2026-03-23T00:20:16.785451,0,0,17.81,17.75
2026-03-23T00:20:19.455076,0,0,17.81,17.75
2026-03-23T00:20:22.074846,0,0,17.81,17.75
2026-03-23T00:20:24.674651,0,0,17.81,17.75
2026-03-23T00:20:27.334424,0,0,17.81,17.87
2026-03-23T00:20:29.954156,0,0,17.81,17.75
2026-03-23T00:20:32.554989,0,0,17.81,17.87
2026-03-23T00:20:35.304618,0,0,17.81,17.87
2026-03-23T00:20:37.994485,0,0,17.81,17.75
2026-03-23T00:20:40.654251,0,0,17.75,17.75
2026-03-23T00:20:43.354103,0,0,17.81,17.75
2026-03-23T00:20:46.043761,0,0,17.81,17.75
2026-03-23T00:20:48.623597,0,0,17.81,17.75
2026-03-23T00:20:51.303353,0,0,17.81,17.87
2026-03-23T00:20:53.853181,0,0,17.81,17.75
2026-03-23T00:20:56.513024,0,0,17.81,17.75
2026-03-23T00:20:59.212636,0,0,17.81,17.75
2026-03-23T00:21:01.802520,0,0,17.81,17.87
2026-03-23T00:21:04.402891,0,0,17.81,17.75
2026-03-23T00:21:07.012750,0,0,17.81,17.75
2026-03-23T00:21:09.592504,0,0,17.87,17.87
2026-03-23T00:21:12.192278,0,0,17.81,17.87
2026-03-23T00:21:14.792034,0,0,17.81,17.87
2026-03-23T00:21:17.402243,0,0,17.81,17.75
2026-03-23T00:21:19.982069,0,0,17.81,17.75
2026-03-23T00:21:22.591826,0,0,17.81,17.87
2026-03-23T00:21:25.201730,0,0,17.81,17.87
2026-03-23T00:21:27.951471,0,0,17.81,17.87
2026-03-23T00:21:30.781310,0,0,17.81,17.75
2026-03-23T00:21:33.381105,0,0,17.81,17.62
2026-03-23T00:21:36.052080,0,0,17.81,17.87
2026-03-23T00:21:38.651686,0,0,17.81,17.75
2026-03-23T00:21:41.271406,0,0,17.81,17.75
2026-03-23T00:21:43.881345,0,0,17.81,17.75
2026-03-23T00:21:46.481092,0,0,17.81,17.75
2026-03-23T00:21:49.080887,0,0,17.81,17.75
2026-03-23T00:21:51.750707,0,0,17.81,17.87
2026-03-23T00:21:54.350535,0,0,17.81,17.75
2026-03-23T00:21:56.960164,0,0,17.81,17.87
2026-03-23T00:21:59.700259,0,0,17.81,17.75
2026-03-23T00:22:02.309888,0,0,17.81,17.87
2026-03-23T00:22:04.999670,0,0,17.81,17.75
2026-03-23T00:22:07.669534,0,0,17.81,17.75
2026-03-23T00:22:10.280682,0,0,17.81,17.75
2026-03-23T00:22:12.880055,0,0,17.87,17.87
2026-03-23T00:22:15.459904,0,0,17.81,17.75
2026-03-23T00:22:18.069791,0,0,17.81,17.75
2026-03-23T00:22:20.669583,0,0,17.81,17.87
2026-03-23T00:22:23.439324,0,0,17.87,17.75
2026-03-23T00:22:26.039117,0,0,17.81,17.75
2026-03-23T00:22:28.699145,0,0,17.81,17.75
2026-03-23T00:22:31.318721,0,0,17.81,17.75
2026-03-23T00:22:33.987483,0,0,17.81,17.87
2026-03-23T00:22:36.588406,0,0,17.87,17.75
2026-03-23T00:22:39.469372,0,0,17.87,17.75
2026-03-23T00:22:42.068034,0,0,17.81,17.75
2026-03-23T00:22:44.798892,0,0,17.87,17.87
2026-03-23T00:22:47.378566,0,0,17.87,17.87
2026-03-23T00:22:49.968481,0,0,17.81,17.87
2026-03-23T00:22:52.578322,0,0,17.81,17.87
2026-03-23T00:22:55.238088,0,0,17.87,17.87
2026-03-23T00:22:57.917954,0,0,17.87,17.75
2026-03-23T00:23:00.587696,0,0,17.87,17.75
2026-03-23T00:23:03.197712,0,0,17.87,17.75
2026-03-23T00:23:05.876354,0,0,17.81,17.87
2026-03-23T00:23:08.547160,0,0,17.81,17.75
2026-03-23T00:23:11.157050,0,0,17.87,17.87
2026-03-23T00:23:13.726896,0,0,17.87,17.75
2026-03-23T00:23:16.326580,0,0,17.87,17.75
2026-03-23T00:23:19.127449,0,0,17.87,17.75
2026-03-23T00:23:21.727279,0,0,17.87,17.87
2026-03-23T00:23:24.467105,0,0,17.81,17.87
2026-03-23T00:23:27.066884,0,0,17.87,17.75
2026-03-23T00:23:29.746759,0,0,17.87,17.75
2026-03-23T00:23:32.406574,0,0,17.87,17.87
2026-03-23T00:23:35.006416,0,0,17.87,17.75
2026-03-23T00:23:37.616186,0,0,17.81,17.75
2026-03-23T00:23:40.296038,0,0,17.87,17.87
2026-03-23T00:23:42.965914,0,0,17.87,17.75
2026-03-23T00:23:45.625756,0,0,17.87,17.75
2026-03-23T00:23:48.485545,0,0,17.87,17.75
2026-03-23T00:23:51.145303,0,0,17.87,17.75
2026-03-23T00:23:53.746167,0,0,17.87,17.87
2026-03-23T00:23:56.575983,0,0,17.87,17.87
2026-03-23T00:23:59.175801,0,0,17.87,17.75
2026-03-23T00:24:01.845791,0,0,17.87,17.75
2026-03-23T00:24:04.685481,0,0,17.87,17.87
2026-03-23T00:24:07.275262,0,0,17.87,17.75
2026-03-23T00:24:10.325236,0,0,17.87,17.87
2026-03-23T00:24:13.005101,0,0,17.87,17.75
2026-03-23T00:24:15.663742,0,0,17.81,17.87
2026-03-23T00:24:18.263650,0,0,17.87,17.87
2026-03-23T00:24:20.864582,0,0,17.87,17.87
2026-03-23T00:24:23.604282,0,0,17.87,17.87
2026-03-23T00:24:26.285172,0,0,17.87,17.87
2026-03-23T00:24:28.875001,0,0,17.87,17.87
2026-03-23T00:24:31.474846,0,0,17.87,17.87
2026-03-23T00:24:34.154732,0,0,17.87,17.87
2026-03-23T00:24:36.742533,0,0,17.87,17.87
2026-03-23T00:24:39.344366,0,0,17.87,17.87
2026-03-23T00:24:41.934220,0,0,17.87,17.87
2026-03-23T00:24:44.534202,0,0,17.87,17.75
2026-03-23T00:24:47.204074,0,0,17.87,17.87
2026-03-23T00:24:49.893869,0,0,17.87,17.75
2026-03-23T00:24:52.493700,0,0,17.87,17.87
2026-03-23T00:24:55.073561,0,0,17.87,17.87
2026-03-23T00:24:57.823332,0,0,17.87,17.75
2026-03-23T00:25:00.684088,0,0,17.87,17.87
2026-03-23T00:25:03.274117,0,0,17.94,17.87
2026-03-23T00:25:05.943872,0,0,17.87,17.87
2026-03-23T00:25:08.553763,0,0,17.87,17.75
2026-03-23T00:25:11.153602,0,0,17.87,17.87
2026-03-23T00:25:13.733447,0,0,17.87,17.75
2026-03-23T00:25:16.333287,0,0,17.87,17.87
2026-03-23T00:25:19.153031,0,0,17.87,17.87
2026-03-23T00:25:21.750868,0,0,17.87,17.75
2026-03-23T00:25:24.829844,0,0,17.94,17.87
2026-03-23T00:25:27.392512,0,0,17.94,17.87
2026-03-23T00:25:30.052387,0,0,17.94,17.87
2026-03-23T00:25:32.792237,0,0,17.87,17.87
2026-03-23T00:25:35.373064,0,0,17.87,17.87
2026-03-23T00:25:37.942969,0,0,17.87,17.87
2026-03-23T00:25:40.792764,0,0,17.94,17.87
2026-03-23T00:25:43.622659,0,0,17.87,17.75
2026-03-23T00:25:46.222526,0,0,17.87,17.87
2026-03-23T00:25:49.032357,0,0,17.87,17.87
2026-03-23T00:25:51.852168,0,0,17.87,17.75
2026-03-23T00:25:54.442131,0,0,17.94,17.75
2026-03-23T00:25:57.051932,0,0,17.87,17.87
2026-03-23T00:25:59.641872,0,0,17.94,17.87
2026-03-23T00:26:02.251580,0,0,17.94,17.75
2026-03-23T00:26:04.911434,0,0,17.87,17.87
2026-03-23T00:26:07.592266,0,0,17.87,17.87
2026-03-23T00:26:10.262138,0,0,17.87,17.75
2026-03-23T00:26:12.872485,0,0,17.87,17.75
2026-03-23T00:26:15.471837,0,0,17.87,17.87
2026-03-23T00:26:18.211680,0,0,17.87,17.87
2026-03-23T00:26:20.811589,0,0,17.94,17.75
2026-03-23T00:26:23.401531,0,0,17.87,17.87
2026-03-23T00:26:26.081349,0,0,17.87,17.87
2026-03-23T00:26:28.771207,0,0,17.94,17.87
2026-03-23T00:26:31.441122,0,0,17.94,17.87
2026-03-23T00:26:34.040881,0,0,17.94,17.87
2026-03-23T00:26:36.700878,0,0,17.94,17.87
2026-03-23T00:26:39.320574,0,0,17.87,17.75
2026-03-23T00:26:41.921480,0,0,17.94,17.87
2026-03-23T00:26:44.998303,0,0,17.94,17.87
2026-03-23T00:26:47.631106,0,0,17.94,17.87
2026-03-23T00:26:50.231014,0,0,17.94,17.87
2026-03-23T00:26:52.970881,0,0,17.87,17.87
2026-03-23T00:26:55.550757,0,0,17.87,17.87
2026-03-23T00:26:58.140524,0,0,17.94,17.87
2026-03-23T00:27:00.750512,0,0,17.87,17.87
2026-03-23T00:27:03.330278,0,0,17.87,17.87
2026-03-23T00:27:05.920119,0,0,17.94,17.87
2026-03-23T00:27:08.530064,0,0,17.87,17.87
2026-03-23T00:27:11.099886,0,0,17.87,17.87
2026-03-23T00:27:13.860726,0,0,17.94,17.87
2026-03-23T00:27:16.450734,0,0,17.87,17.87
2026-03-23T00:27:19.120409,0,0,17.87,17.87
2026-03-23T00:27:21.710352,0,0,17.94,17.87
2026-03-23T00:27:24.380155,0,0,17.87,17.87
2026-03-23T00:27:27.070064,0,0,17.94,17.87
2026-03-23T00:27:29.819937,0,0,17.94,17.75
2026-03-23T00:27:32.508861,0,0,17.94,17.87
2026-03-23T00:27:35.249704,0,0,17.94,17.87
2026-03-23T00:27:37.849587,0,0,17.94,17.87
2026-03-23T00:27:40.449987,0,0,17.94,17.87
2026-03-23T00:27:43.119254,0,0,17.94,17.87
2026-03-23T00:27:45.729178,0,0,17.94,17.87
2026-03-23T00:27:48.330055,0,0,17.94,17.87
2026-03-23T00:27:50.918889,0,0,17.94,17.75
2026-03-23T00:27:53.609745,0,0,17.94,17.87
2026-03-23T00:27:56.279595,0,0,17.94,17.87
2026-03-23T00:27:58.879481,0,0,17.87,17.87
2026-03-23T00:28:01.619312,0,0,17.94,17.87
2026-03-23T00:28:04.539237,0,0,17.94,17.87
2026-03-23T00:28:07.138975,0,0,17.94,17.87
2026-03-23T00:28:09.748928,0,0,17.94,17.87
2026-03-23T00:28:12.428722,0,0,17.94,17.87
2026-03-23T00:28:15.098683,0,0,17.94,17.87
2026-03-23T00:28:17.707452,0,0,17.94,17.87
2026-03-23T00:28:20.308341,0,0,17.94,17.87
2026-03-23T00:28:23.079177,0,0,17.94,17.87
2026-03-23T00:28:25.659057,0,0,17.94,17.87
2026-03-23T00:28:28.268989,0,0,17.94,17.87
2026-03-23T00:28:30.948917,0,0,17.94,17.87
2026-03-23T00:28:33.698692,0,0,17.94,17.87
2026-03-23T00:28:36.378640,0,0,17.94,17.87
2026-03-23T00:28:39.058429,0,0,17.94,17.87
2026-03-23T00:28:41.658246,0,0,17.94,17.87
2026-03-23T00:28:44.268085,0,0,17.94,17.87
2026-03-23T00:28:47.017784,0,0,17.94,17.87
2026-03-23T00:28:49.627523,0,0,17.94,17.87
2026-03-23T00:28:52.297512,0,0,17.94,17.87
2026-03-23T00:28:54.988305,0,0,17.94,17.87
2026-03-23T00:28:57.648142,0,0,17.94,17.75
2026-03-23T00:29:00.258156,0,0,17.94,17.87
2026-03-23T00:29:02.867924,0,0,17.94,17.87
2026-03-23T00:29:05.607722,0,0,17.94,17.87
2026-03-23T00:29:08.207658,0,0,17.94,17.87
2026-03-23T00:29:10.807540,0,0,17.94,17.87
2026-03-23T00:29:13.487375,0,0,17.94,17.75
2026-03-23T00:29:16.086305,0,0,17.94,17.87
2026-03-23T00:29:18.757211,0,0,17.94,17.87
2026-03-23T00:29:21.357037,0,0,17.94,17.87
2026-03-23T00:29:23.966845,0,0,17.94,17.87
2026-03-23T00:29:26.567732,0,0,17.94,17.87
2026-03-23T00:29:29.168972,0,0,17.94,17.87
2026-03-23T00:29:31.917424,0,0,17.94,17.87
2026-03-23T00:29:34.527273,0,0,17.94,17.75
2026-03-23T00:29:37.127088,0,0,17.94,17.87
2026-03-23T00:29:39.727043,0,0,17.94,17.87
2026-03-23T00:29:42.386969,0,0,17.94,17.87
2026-03-23T00:29:45.136762,0,0,17.94,17.87
2026-03-23T00:29:47.736655,0,0,17.94,17.87
2026-03-23T00:29:50.636568,0,0,17.94,17.87
2026-03-23T00:29:53.246413,0,0,17.94,17.87
2026-03-23T00:29:55.856291,0,0,17.94,17.87
2026-03-23T00:29:58.516104,0,0,18.0,17.87
2026-03-23T00:30:01.196980,0,0,18.0,17.87
2026-03-23T00:30:03.866866,0,0,17.94,17.87
2026-03-23T00:30:06.456887,0,0,17.94,17.87
2026-03-23T00:30:09.346758,0,0,18.0,17.87
2026-03-23T00:30:11.926791,0,0,18.0,17.87
2026-03-23T00:30:14.586715,0,0,17.94,17.87
2026-03-23T00:30:17.176622,0,0,17.94,17.75
2026-03-23T00:30:19.866853,0,0,18.0,17.87
2026-03-23T00:30:22.436658,0,0,17.94,17.87
2026-03-23T00:30:25.036642,0,0,18.0,17.87
2026-03-23T00:30:27.706677,0,0,17.94,17.87
2026-03-23T00:30:30.296605,0,0,18.0,17.87
2026-03-23T00:30:33.136579,0,0,17.94,17.87
2026-03-23T00:30:35.717574,0,0,18.0,17.87
2026-03-23T00:30:38.477593,0,0,17.94,17.87
2026-03-23T00:30:41.077566,0,0,18.0,17.75
2026-03-23T00:30:43.667582,0,0,18.0,17.87
2026-03-23T00:30:46.497567,0,0,18.0,17.87
2026-03-23T00:30:49.236466,0,0,18.0,17.87
2026-03-23T00:30:51.817601,0,0,17.94,17.87
2026-03-23T00:30:54.577456,0,0,17.94,17.87
2026-03-23T00:30:57.477545,0,0,18.0,17.87
2026-03-23T00:31:00.147049,0,0,18.0,17.87
2026-03-23T00:31:02.816296,0,0,17.94,17.87
2026-03-23T00:31:05.647364,0,0,17.94,17.87
2026-03-23T00:31:08.098253,0,0,17.94,17.75
2026-03-23T00:31:10.828251,0,0,18.0,17.87
2026-03-23T00:31:13.408272,0,0,18.0,17.87
2026-03-23T00:31:15.998290,0,0,18.0,17.87
2026-03-23T00:31:18.578168,0,0,17.94,17.87
2026-03-23T00:31:21.178239,0,0,18.0,17.87
2026-03-23T00:31:23.848081,0,0,17.94,17.87
2026-03-23T00:31:26.437088,0,0,17.94,17.87
2026-03-23T00:31:29.047990,0,0,18.0,17.87
2026-03-23T00:31:31.728151,0,0,17.94,17.87
2026-03-23T00:31:34.466964,0,0,17.94,17.87
2026-03-23T00:31:37.157973,0,0,17.94,17.87
2026-03-23T00:31:39.747911,0,0,18.0,17.87
2026-03-23T00:31:42.418895,0,0,18.0,17.87
2026-03-23T00:31:45.088947,0,0,18.0,17.87
2026-03-23T00:31:47.658827,0,0,18.0,17.87
2026-03-23T00:31:50.478815,0,0,17.94,17.87
2026-03-23T00:31:53.167739,0,0,18.0,17.87
2026-03-23T00:31:55.838703,0,0,18.0,17.87
2026-03-23T00:31:58.427659,0,0,18.0,17.87
2026-03-23T00:32:01.108577,0,0,18.0,17.87
2026-03-23T00:32:03.938670,0,0,18.0,17.87
2026-03-23T00:32:06.538632,0,0,18.0,17.87
2026-03-23T00:32:09.128435,0,0,18.0,17.87
2026-03-23T00:32:11.718615,0,0,17.94,17.87
2026-03-23T00:32:14.408503,0,0,18.0,17.87
2026-03-23T00:32:17.229389,0,0,18.0,17.87
2026-03-23T00:32:19.829523,0,0,18.0,17.87
2026-03-23T00:32:22.399425,0,0,18.0,17.87
2026-03-23T00:32:24.989328,0,0,18.0,17.87
2026-03-23T00:32:27.579296,0,0,17.94,17.87
2026-03-23T00:32:30.159197,0,0,18.0,17.87
2026-03-23T00:32:32.839239,0,0,18.0,17.87
2026-03-23T00:32:35.509219,0,0,18.0,17.87
2026-03-23T00:32:38.079025,0,0,18.0,17.87
2026-03-23T00:32:40.749173,0,0,18.0,17.87
2026-03-23T00:32:43.338932,0,0,18.0,17.87
2026-03-23T00:32:45.918944,0,0,18.0,17.87
2026-03-23T00:32:48.518978,0,0,18.0,17.87
2026-03-23T00:32:51.189887,0,0,18.0,17.87
2026-03-23T00:32:53.789961,0,0,18.0,17.87
2026-03-23T00:32:56.389775,0,0,18.06,17.87
2026-03-23T00:32:58.989716,0,0,18.0,17.87
2026-03-23T00:33:01.799781,0,0,18.0,17.87
2026-03-23T00:33:04.389632,0,0,18.0,17.87
2026-03-23T00:33:07.119653,0,0,18.0,17.87
2026-03-23T00:33:09.879561,0,0,18.0,17.87
2026-03-23T00:33:12.819598,0,0,18.0,17.87
2026-03-23T00:33:15.549459,0,0,18.0,17.87
2026-03-23T00:33:18.219390,0,0,18.06,17.87
2026-03-23T00:33:20.799430,0,0,18.0,17.87
2026-03-23T00:33:23.390381,0,0,18.0,17.87
2026-03-23T00:33:26.150411,0,0,18.0,17.87
2026-03-23T00:33:28.750371,0,0,18.06,17.87
2026-03-23T00:33:31.610318,0,0,18.0,17.87
2026-03-23T00:33:34.200286,0,0,18.06,17.87
2026-03-23T00:33:36.800171,0,0,18.0,17.87
2026-03-23T00:33:39.390103,0,0,18.0,17.87
2026-03-23T00:33:41.960020,0,0,18.0,17.87
2026-03-23T00:33:44.630070,0,0,18.0,17.87
2026-03-23T00:33:47.299891,0,0,18.0,17.87
2026-03-23T00:33:49.889867,0,0,18.0,17.87
2026-03-23T00:33:52.479796,0,0,18.0,17.87
2026-03-23T00:33:55.299758,0,0,18.0,17.87
2026-03-23T00:33:57.900688,0,0,18.0,17.87
2026-03-23T00:34:00.490714,0,0,18.0,17.87
2026-03-23T00:34:03.539641,0,0,18.06,17.87
2026-03-23T00:34:06.130679,0,0,18.06,17.87
2026-03-23T00:34:08.820541,0,0,18.0,17.87
2026-03-23T00:34:11.400459,0,0,18.0,17.87
2026-03-23T00:34:14.000476,0,0,18.06,17.87
2026-03-23T00:34:16.680341,0,0,18.0,17.87
2026-03-23T00:34:19.431656,0,0,18.06,17.87
2026-03-23T00:34:22.100286,0,0,18.0,17.87
2026-03-23T00:34:25.160203,0,0,18.0,17.87
2026-03-23T00:34:27.750120,0,0,18.06,17.87
2026-03-23T00:34:30.331110,0,0,18.06,17.87
2026-03-23T00:34:32.901111,0,0,18.06,17.87
2026-03-23T00:34:35.511065,0,0,18.0,17.87
2026-03-23T00:34:38.110986,0,0,18.06,17.87
2026-03-23T00:34:40.701009,0,0,18.0,17.87
2026-03-23T00:34:43.520934,0,0,18.06,17.87
2026-03-23T00:34:46.120757,0,0,18.06,17.87
2026-03-23T00:34:48.710698,0,0,18.06,17.87
2026-03-23T00:34:51.300533,0,0,18.06,17.87
2026-03-23T00:34:54.140586,0,0,18.06,17.87
2026-03-23T00:34:56.730500,0,0,18.06,17.87
2026-03-23T00:34:59.310475,0,0,18.06,17.87
2026-03-23T00:35:01.990514,0,0,18.06,17.87
2026-03-23T00:35:04.661410,0,0,18.06,17.87
2026-03-23T00:35:07.261298,0,0,18.06,17.87
2026-03-23T00:35:09.831171,0,0,18.06,17.87
2026-03-23T00:35:12.591242,0,0,18.06,17.87
2026-03-23T00:35:15.411113,0,0,18.06,17.87
2026-03-23T00:35:18.211026,0,0,18.06,17.87
2026-03-23T00:35:20.790035,0,0,18.12,17.87
2026-03-23T00:35:23.490887,0,0,18.06,17.87
2026-03-23T00:35:26.140915,0,0,18.0,17.87
2026-03-23T00:35:28.820832,0,0,18.06,17.87
2026-03-23T00:35:31.420686,0,0,18.06,17.87
2026-03-23T00:35:34.250745,0,0,18.06,17.87
2026-03-23T00:35:36.841663,0,0,18.06,17.87
2026-03-23T00:35:39.881615,0,0,18.06,17.87
2026-03-23T00:35:42.561487,0,0,18.12,17.87
2026-03-23T00:35:45.161504,0,0,18.06,18.0
2026-03-23T00:35:47.971429,0,0,18.06,17.87
2026-03-23T00:35:50.560242,0,0,18.06,17.87
2026-03-23T00:35:53.241354,0,0,18.06,18.0
2026-03-23T00:35:55.991295,0,0,18.06,17.87
2026-03-23T00:35:58.671175,0,0,18.06,17.87
2026-03-23T00:36:01.251113,0,0,18.06,17.87
2026-03-23T00:36:03.941103,0,0,18.06,17.87
2026-03-23T00:36:06.786760,0,0,18.06,17.87
2026-03-23T00:36:09.191248,0,0,18.06,17.87
2026-03-23T00:36:11.940114,0,0,18.06,17.87
2026-03-23T00:36:14.622336,0,0,18.06,18.0
2026-03-23T00:36:17.352107,0,0,18.06,17.87
2026-03-23T00:36:20.022042,0,0,18.06,17.87
2026-03-23T00:36:22.761980,0,0,18.06,17.87
2026-03-23T00:36:25.441957,0,0,18.06,17.87
2026-03-23T00:36:28.021854,0,0,18.06,17.87
2026-03-23T00:36:30.711714,0,0,18.06,17.87
2026-03-23T00:36:33.381783,0,0,18.12,17.87
2026-03-23T00:36:36.041655,0,0,18.06,18.0
2026-03-23T00:36:38.721569,0,0,18.12,17.87
2026-03-23T00:36:41.331487,0,0,18.06,17.87
2026-03-23T00:36:43.911425,0,0,18.06,17.87
2026-03-23T00:36:47.022361,0,0,18.12,18.0
2026-03-23T00:36:49.612246,0,0,18.12,18.0
2026-03-23T00:36:52.292231,0,0,18.06,18.0
2026-03-23T00:36:54.852168,0,0,18.06,18.0
2026-03-23T00:36:57.452091,0,0,18.06,17.87
2026-03-23T00:37:00.122061,0,0,18.06,17.87
2026-03-23T00:37:02.730949,0,0,18.12,18.0
2026-03-23T00:37:05.681990,0,0,18.12,18.0
2026-03-23T00:37:08.361847,0,0,18.06,17.87
2026-03-23T00:37:11.021813,0,0,18.12,18.0
2026-03-23T00:37:13.611688,0,0,18.06,17.87
2026-03-23T00:37:16.231588,0,0,18.06,17.87
2026-03-23T00:37:19.052692,0,0,18.12,18.0
2026-03-23T00:37:21.652471,0,0,18.06,18.0
2026-03-23T00:37:24.372370,0,0,18.06,17.87
2026-03-23T00:37:27.052294,0,0,18.12,18.0
2026-03-23T00:37:29.632289,0,0,18.12,18.0
2026-03-23T00:37:32.222233,0,0,18.12,18.0
2026-03-23T00:37:34.901734,0,0,18.12,17.87
2026-03-23T00:37:37.652034,0,0,18.12,17.87
2026-03-23T00:37:40.261987,0,0,18.12,17.87
2026-03-23T00:37:42.951908,0,0,18.12,18.0
2026-03-23T00:37:45.529852,0,0,18.12,18.0
2026-03-23T00:37:48.461892,0,0,18.12,18.0
2026-03-23T00:37:51.142672,0,0,18.12,18.0
2026-03-23T00:37:53.812667,0,0,18.12,18.0
2026-03-23T00:37:56.412581,0,0,18.12,18.0
2026-03-23T00:37:59.062550,0,0,18.12,18.0
2026-03-23T00:38:01.751405,0,0,18.12,18.0
2026-03-23T00:38:04.342358,0,0,18.12,17.87
2026-03-23T00:38:07.012292,0,0,18.12,18.0
2026-03-23T00:38:09.692174,0,0,18.12,18.0
2026-03-23T00:38:12.372111,0,0,18.12,18.0
2026-03-23T00:38:14.942089,0,0,18.12,18.0
2026-03-23T00:38:17.621009,0,0,18.12,18.0
2026-03-23T00:38:20.291557,0,0,18.12,18.0
2026-03-23T00:38:22.891929,0,0,18.12,18.0
2026-03-23T00:38:25.482866,0,0,18.12,18.0
2026-03-23T00:38:28.062819,0,0,18.12,18.0
2026-03-23T00:38:30.742634,0,0,18.12,18.0
2026-03-23T00:38:33.342600,0,0,18.12,18.0
2026-03-23T00:38:36.002558,0,0,18.12,18.0
2026-03-23T00:38:38.682500,0,0,18.12,18.0
2026-03-23T00:38:41.272322,0,0,18.12,18.0
2026-03-23T00:38:43.851017,0,0,18.12,18.0
2026-03-23T00:38:46.442219,0,0,18.12,18.0
2026-03-23T00:38:49.022159,0,0,18.12,18.0
2026-03-23T00:38:51.612014,0,0,18.12,18.0
2026-03-23T00:38:54.230034,0,0,18.19,18.0
2026-03-23T00:38:56.911988,0,0,18.12,18.0
2026-03-23T00:38:59.572999,0,0,18.12,18.0
2026-03-23T00:39:02.302835,0,0,18.12,18.0
2026-03-23T00:39:04.912769,0,0,18.12,18.0
2026-03-23T00:39:07.592627,0,0,18.12,18.0
2026-03-23T00:39:10.162595,0,0,18.12,18.0
2026-03-23T00:39:12.752436,0,0,18.12,18.0
2026-03-23T00:39:15.352390,0,0,18.12,18.0
2026-03-23T00:39:17.962331,0,0,18.19,18.0
2026-03-23T00:39:20.540248,0,0,18.12,18.0
2026-03-23T00:39:23.132232,0,0,18.12,18.0
2026-03-23T00:39:25.882191,0,0,18.19,18.0
2026-03-23T00:39:28.550952,0,0,18.12,18.0
2026-03-23T00:39:31.229928,0,0,18.19,18.0
2026-03-23T00:39:33.802878,0,0,18.19,18.0
2026-03-23T00:39:36.402870,0,0,18.19,18.0
2026-03-23T00:39:39.072705,0,0,18.19,18.0
2026-03-23T00:39:41.642755,0,0,18.12,18.0
2026-03-23T00:39:44.322691,0,0,18.12,18.0
2026-03-23T00:39:46.912514,0,0,18.12,18.0
2026-03-23T00:39:49.492447,0,0,18.19,18.0
2026-03-23T00:39:52.092374,0,0,18.12,18.0
2026-03-23T00:39:54.682360,0,0,18.19,18.0
2026-03-23T00:39:57.682184,0,0,18.19,18.0
2026-03-23T00:40:00.341114,0,0,18.25,18.0
2026-03-23T00:40:03.012003,0,0,18.19,18.0
2026-03-23T00:40:05.831878,0,0,18.19,18.0
2026-03-23T00:40:08.421843,0,0,18.19,18.0
2026-03-23T00:40:11.092682,0,0,18.19,18.0
2026-03-23T00:40:13.682826,0,0,18.19,18.0
2026-03-23T00:40:16.362612,0,0,18.12,18.0
2026-03-23T00:40:19.192499,0,0,18.19,18.0
2026-03-23T00:40:21.792488,0,0,18.19,18.0
2026-03-23T00:40:24.362389,0,0,18.12,18.0
2026-03-23T00:40:27.262384,0,0,18.19,18.0
2026-03-23T00:40:29.942265,0,0,18.19,18.0
2026-03-23T00:40:32.531279,0,0,18.19,18.0
2026-03-23T00:40:35.260016,0,0,18.12,18.0
2026-03-23T00:40:37.951981,0,0,18.19,18.0
2026-03-23T00:40:40.614292,0,0,18.19,18.0
2026-03-23T00:40:43.292844,0,0,18.19,18.0
2026-03-23T00:40:46.022779,0,0,18.19,18.12
2026-03-23T00:40:48.642699,0,0,18.19,18.0
2026-03-23T00:40:51.302633,0,0,18.19,18.0
2026-03-23T00:40:53.912527,0,0,18.19,18.0
2026-03-23T00:40:56.482549,0,0,18.19,18.0
2026-03-23T00:40:59.072338,0,0,18.19,18.0
2026-03-23T00:41:01.732282,0,0,18.19,18.0
2026-03-23T00:41:04.332316,0,0,18.19,18.0
2026-03-23T00:41:07.173505,0,0,18.19,18.0
2026-03-23T00:41:09.582086,0,0,18.19,18.0
2026-03-23T00:41:12.181998,0,0,18.19,18.0
2026-03-23T00:41:14.782936,0,0,18.12,18.0
2026-03-23T00:41:17.522794,0,0,18.19,18.0
2026-03-23T00:41:20.112681,0,0,18.19,18.0
2026-03-23T00:41:22.932562,0,0,18.19,18.0
2026-03-23T00:41:25.601662,0,0,18.19,18.0
2026-03-23T00:41:28.192581,0,0,18.12,18.0
2026-03-23T00:41:31.022471,0,0,18.19,18.0
2026-03-23T00:41:33.922318,0,0,18.25,18.0
2026-03-23T00:41:36.512218,0,0,18.19,18.0
2026-03-23T00:41:39.090093,0,0,18.19,18.0
2026-03-23T00:41:41.682051,0,0,18.19,18.0
2026-03-23T00:41:44.509969,0,0,18.19,18.0
2026-03-23T00:41:47.102955,0,0,18.19,18.0
2026-03-23T00:41:49.922867,0,0,18.19,18.0
2026-03-23T00:41:52.522761,0,0,18.25,18.0
2026-03-23T00:41:55.110659,0,0,18.19,18.0
2026-03-23T00:41:58.102539,0,0,18.19,18.0
2026-03-23T00:42:00.752477,0,0,18.25,18.0
2026-03-23T00:42:03.352315,0,0,18.19,18.0
2026-03-23T00:42:05.952221,0,0,18.19,18.0
2026-03-23T00:42:08.552148,0,0,18.19,18.0
2026-03-23T00:42:11.122012,0,0,18.19,18.0
2026-03-23T00:42:13.862099,0,0,18.19,18.0
2026-03-23T00:42:16.701974,0,0,18.19,18.0
2026-03-23T00:42:19.291107,0,0,18.19,18.0
2026-03-23T00:42:21.872717,0,0,18.19,18.0
2026-03-23T00:42:24.462758,0,0,18.19,18.0
2026-03-23T00:42:27.062699,0,0,18.19,18.12
2026-03-23T00:42:29.752571,0,0,18.19,18.0
2026-03-23T00:42:32.342452,0,0,18.19,18.12
2026-03-23T00:42:34.972332,0,0,18.19,18.0
2026-03-23T00:42:37.552224,0,0,18.19,18.0
2026-03-23T00:42:40.152118,0,0,18.19,18.0
2026-03-23T00:42:42.772032,0,0,18.19,18.0
2026-03-23T00:42:45.351983,0,0,18.19,18.0
2026-03-23T00:42:47.951904,0,0,18.19,18.0
2026-03-23T00:42:50.551838,0,0,18.19,18.0
2026-03-23T00:42:53.211760,0,0,18.19,18.12
2026-03-23T00:42:55.902682,0,0,18.19,18.12
2026-03-23T00:42:58.512627,0,0,18.19,18.12
2026-03-23T00:43:01.422521,0,0,18.19,18.12
2026-03-23T00:43:04.042499,0,0,18.25,18.0
2026-03-23T00:43:06.642547,0,0,18.19,18.12
2026-03-23T00:43:09.242167,0,0,18.19,18.0
2026-03-23T00:43:11.822337,0,0,18.19,18.0
2026-03-23T00:43:14.411974,0,0,18.19,18.0
2026-03-23T00:43:17.011978,0,0,18.19,18.12
2026-03-23T00:43:19.611806,0,0,18.19,18.0
2026-03-23T00:43:22.231859,0,0,18.19,18.0
2026-03-23T00:43:24.901848,0,0,18.19,18.0
2026-03-23T00:43:27.481762,0,0,18.19,18.0
2026-03-23T00:43:30.322716,0,0,18.19,18.0
2026-03-23T00:43:32.972563,0,0,18.19,18.12
2026-03-23T00:43:35.902531,0,0,18.19,18.12
2026-03-23T00:43:38.512308,0,0,18.25,18.0
2026-03-23T00:43:41.112198,0,0,18.19,18.0
2026-03-23T00:43:43.682130,0,0,18.19,18.0
2026-03-23T00:43:46.282123,0,0,18.12,18.0
2026-03-23T00:43:48.882051,0,0,18.19,18.0
2026-03-23T00:43:51.470934,0,0,18.19,18.0
2026-03-23T00:43:54.211821,0,0,18.19,18.0
2026-03-23T00:43:56.891690,0,0,18.19,18.12
2026-03-23T00:43:59.561725,0,0,18.19,18.12
2026-03-23T00:44:02.172535,0,0,18.12,18.0
2026-03-23T00:44:04.741434,0,0,18.19,18.0
2026-03-23T00:44:07.331344,0,0,18.19,18.12
2026-03-23T00:44:09.952250,0,0,18.19,18.12
2026-03-23T00:44:12.542196,0,0,18.19,18.12
2026-03-23T00:44:15.162105,0,0,18.19,18.12
2026-03-23T00:44:17.771940,0,0,18.19,18.12
2026-03-23T00:44:20.361952,0,0,18.19,18.12
2026-03-23T00:44:22.971804,0,0,18.19,18.12
2026-03-23T00:44:25.581799,0,0,18.19,18.12
2026-03-23T00:44:28.191646,0,0,18.19,18.12
2026-03-23T00:44:30.791607,0,0,18.19,18.0
2026-03-23T00:44:33.391471,0,0,18.19,18.12
2026-03-23T00:44:36.302635,0,0,18.19,18.0
2026-03-23T00:44:38.892293,0,0,18.25,18.12
2026-03-23T00:44:41.492215,0,0,18.19,18.12
2026-03-23T00:44:44.162171,0,0,18.19,18.12
2026-03-23T00:44:46.782142,0,0,18.19,18.12
2026-03-23T00:44:49.462092,0,0,18.19,18.12
2026-03-23T00:44:52.071946,0,0,18.19,18.12
2026-03-23T00:44:54.761874,0,0,18.19,18.0
2026-03-23T00:44:57.431773,0,0,18.19,18.12
2026-03-23T00:45:00.341601,0,0,18.19,18.0
2026-03-23T00:45:02.931503,0,0,18.25,18.12
2026-03-23T00:45:05.601496,0,0,18.19,18.12
2026-03-23T00:45:08.211298,0,0,18.19,18.0
2026-03-23T00:45:10.892172,0,0,18.19,18.12
2026-03-23T00:45:13.492144,0,0,18.19,18.12
2026-03-23T00:45:16.082084,0,0,18.19,18.12
2026-03-23T00:45:18.701975,0,0,18.19,18.12
2026-03-23T00:45:21.581905,0,0,18.12,18.12
2026-03-23T00:45:24.161821,0,0,18.19,18.12
2026-03-23T00:45:26.861772,0,0,18.19,18.12
2026-03-23T00:45:29.551710,0,0,18.19,18.12
2026-03-23T00:45:32.431549,0,0,18.19,18.12
2026-03-23T00:45:35.101451,0,0,18.19,18.12
2026-03-23T00:45:37.701412,0,0,18.19,18.12
2026-03-23T00:45:40.311179,0,0,18.19,18.12
2026-03-23T00:45:43.062194,0,0,18.19,18.12
2026-03-23T00:45:45.752094,0,0,18.19,18.12
2026-03-23T00:45:48.351973,0,0,18.19,18.12
2026-03-23T00:45:51.031898,0,0,18.19,18.12
2026-03-23T00:45:53.641861,0,0,18.19,18.12
2026-03-23T00:45:56.221756,0,0,18.19,18.12
2026-03-23T00:45:58.840879,0,0,18.19,18.12
2026-03-23T00:46:01.501669,0,0,18.19,18.12
2026-03-23T00:46:04.121498,0,0,18.19,18.12
2026-03-23T00:46:06.721515,0,0,18.19,18.12
2026-03-23T00:46:09.331291,0,0,18.19,18.12
2026-03-23T00:46:12.001114,0,0,18.19,18.12
2026-03-23T00:46:14.848998,0,0,18.19,18.12
2026-03-23T00:46:17.691063,0,0,18.25,18.12
2026-03-23T00:46:20.281926,0,0,18.25,18.12
2026-03-23T00:46:22.880646,0,0,18.19,18.12
2026-03-23T00:46:25.491666,0,0,18.19,18.12
2026-03-23T00:46:28.241612,0,0,18.19,18.12
2026-03-23T00:46:30.849725,0,0,18.19,18.12
2026-03-23T00:46:33.551403,0,0,18.19,18.12
2026-03-23T00:46:36.141345,0,0,18.19,18.12
2026-03-23T00:46:38.751250,0,0,18.19,18.12
2026-03-23T00:46:41.351112,0,0,18.19,18.12
2026-03-23T00:46:44.101028,0,0,18.19,18.12
2026-03-23T00:46:46.710987,0,0,18.19,18.12
2026-03-23T00:46:49.390853,0,0,18.19,18.12
2026-03-23T00:46:51.971325,0,0,18.19,18.12
2026-03-23T00:46:54.661682,0,0,18.19,18.12
2026-03-23T00:46:57.281703,0,0,18.19,18.12
2026-03-23T00:46:59.891502,0,0,18.12,18.12
2026-03-23T00:47:02.481432,0,0,18.19,18.12
2026-03-23T00:47:05.091460,0,0,18.19,18.12
2026-03-23T00:47:07.701300,0,0,18.19,18.12
2026-03-23T00:47:10.311324,0,0,18.19,18.12
2026-03-23T00:47:12.991074,0,0,18.19,18.12
2026-03-23T00:47:15.610983,0,0,18.19,18.12
2026-03-23T00:47:18.280854,0,0,18.19,18.12
2026-03-23T00:47:20.890857,0,0,18.19,18.12
2026-03-23T00:47:23.651662,0,0,18.19,18.12
2026-03-23T00:47:26.561682,0,0,18.19,18.12
2026-03-23T00:47:29.171495,0,0,18.31,18.12
2026-03-23T00:47:31.781433,0,0,18.19,18.12
2026-03-23T00:47:34.541342,0,0,18.19,18.12
2026-03-23T00:47:37.151201,0,0,18.19,18.12
2026-03-23T00:47:39.741138,0,0,18.19,18.12
2026-03-23T00:47:42.601043,0,0,18.19,18.12
2026-03-23T00:47:45.291036,0,0,18.19,18.12
2026-03-23T00:47:47.960920,0,0,18.19,18.12
2026-03-23T00:47:50.570769,0,0,18.19,18.12
2026-03-23T00:47:53.160599,0,0,18.19,18.12
2026-03-23T00:47:55.780504,0,0,18.19,18.0
2026-03-23T00:47:58.371387,0,0,18.19,18.12
2026-03-23T00:48:00.971400,0,0,18.19,18.12
2026-03-23T00:48:03.599258,0,0,18.19,18.12
2026-03-23T00:48:06.291139,0,0,18.19,18.12
2026-03-23T00:48:08.959055,0,0,18.19,18.12
2026-03-23T00:48:11.801033,0,0,18.19,18.12
2026-03-23T00:48:14.659857,0,0,18.19,18.12
2026-03-23T00:48:17.260724,0,0,18.19,18.0
2026-03-23T00:48:19.850687,0,0,18.19,18.12
2026-03-23T00:48:22.460601,0,0,18.19,18.0
2026-03-23T00:48:25.120528,0,0,18.19,18.12
2026-03-23T00:48:27.750509,0,0,18.19,18.12
2026-03-23T00:48:30.451310,0,0,18.12,18.12
2026-03-23T00:48:33.031138,0,0,18.19,18.12
2026-03-23T00:48:35.960129,0,0,18.19,18.12
2026-03-23T00:48:38.571033,0,0,18.31,18.12
2026-03-23T00:48:41.160948,0,0,18.19,18.12
2026-03-23T00:48:43.710841,0,0,18.12,18.12
2026-03-23T00:48:46.298795,0,0,18.12,18.12
2026-03-23T00:48:48.910654,0,0,18.19,18.12
2026-03-23T00:48:51.499540,0,0,18.12,18.12
2026-03-23T00:48:54.100422,0,0,18.19,18.12
2026-03-23T00:48:56.710450,0,0,18.12,18.12
2026-03-23T00:48:59.310304,0,0,18.19,18.12
2026-03-23T00:49:01.988174,0,0,18.12,18.12
2026-03-23T00:49:04.591261,0,0,18.19,18.12
2026-03-23T00:49:07.191056,0,0,18.19,18.12
2026-03-23T00:49:09.791010,0,0,18.19,18.12
2026-03-23T00:49:12.640857,0,0,18.19,18.12
2026-03-23T00:49:15.250757,0,0,18.19,18.12
2026-03-23T00:49:18.170661,0,0,18.19,18.12
2026-03-23T00:49:20.778575,0,0,18.25,18.12
2026-03-23T00:49:23.380357,0,0,18.19,18.12
2026-03-23T00:49:25.930364,0,0,18.19,18.12
2026-03-23T00:49:28.620252,0,0,18.19,18.12
2026-03-23T00:49:31.230228,0,0,18.19,18.12
2026-03-23T00:49:33.908015,0,0,18.19,18.12
2026-03-23T00:49:36.519928,0,0,18.19,18.0
2026-03-23T00:49:39.108845,0,0,18.19,18.0
2026-03-23T00:49:41.690798,0,0,18.19,18.12
2026-03-23T00:49:44.610672,0,0,18.19,18.0
2026-03-23T00:49:47.210601,0,0,18.19,18.12
2026-03-23T00:49:49.880471,0,0,18.19,18.12
2026-03-23T00:49:52.490422,0,0,18.19,18.12
2026-03-23T00:49:55.179879,0,0,18.19,18.12
2026-03-23T00:49:57.789845,0,0,18.19,18.12
2026-03-23T00:50:00.459734,0,0,18.19,18.12
2026-03-23T00:50:03.369622,0,0,18.19,18.12
2026-03-23T00:50:05.979439,0,0,18.19,18.12
2026-03-23T00:50:08.589416,0,0,18.19,18.12
2026-03-23T00:50:11.179283,0,0,18.19,18.12
2026-03-23T00:50:13.800183,0,0,18.19,18.12
2026-03-23T00:50:16.410112,0,0,18.19,18.0
2026-03-23T00:50:18.998898,0,0,18.19,18.12
2026-03-23T00:50:21.609946,0,0,18.19,18.12
2026-03-23T00:50:24.199807,0,0,18.19,18.12
2026-03-23T00:50:26.809689,0,0,18.19,18.12
2026-03-23T00:50:29.389612,0,0,18.19,18.12
2026-03-23T00:50:31.949519,0,0,18.19,18.12
2026-03-23T00:50:34.539387,0,0,18.19,18.12
2026-03-23T00:50:37.149339,0,0,18.19,18.12
2026-03-23T00:50:39.759197,0,0,18.19,18.12
2026-03-23T00:50:42.429182,0,0,18.19,18.12
2026-03-23T00:50:45.279990,0,0,18.19,18.12
2026-03-23T00:50:47.879979,0,0,18.25,18.12
2026-03-23T00:50:50.479901,0,0,18.19,18.12
2026-03-23T00:50:53.229843,0,0,18.19,18.12
2026-03-23T00:50:55.839730,0,0,18.19,18.12
2026-03-23T00:50:58.679607,0,0,18.19,18.12
2026-03-23T00:51:01.746597,0,0,18.25,18.12
2026-03-23T00:51:04.519335,0,0,18.19,18.12
2026-03-23T00:51:07.109296,0,0,18.19,18.12
2026-03-23T00:51:09.719592,0,0,18.19,18.12
2026-03-23T00:51:12.329501,0,0,18.19,18.12
2026-03-23T00:51:14.919337,0,0,18.19,18.12
2026-03-23T00:51:17.839218,0,0,18.19,18.12
2026-03-23T00:51:20.450186,0,0,18.31,18.12
2026-03-23T00:51:23.060071,0,0,18.25,18.12
2026-03-23T00:51:25.610035,0,0,18.19,18.12
2026-03-23T00:51:28.200031,0,0,18.19,18.12
2026-03-23T00:51:30.749665,0,0,18.19,18.12
2026-03-23T00:51:33.359513,0,0,18.19,18.12
2026-03-23T00:51:36.436566,0,0,18.37,18.12
2026-03-23T00:51:39.029364,0,0,18.37,18.12
2026-03-23T00:51:41.639341,0,0,18.25,18.12
2026-03-23T00:51:44.250270,0,0,18.19,18.12
2026-03-23T00:51:46.839232,0,0,18.19,18.12
2026-03-23T00:51:49.916148,0,0,18.31,18.12
2026-03-23T00:51:52.779975,0,0,18.31,18.12
2026-03-23T00:51:55.379960,0,0,18.25,18.12
2026-03-23T00:51:58.068755,0,0,18.19,18.12
2026-03-23T00:52:00.739652,0,0,18.19,18.12
2026-03-23T00:52:03.349687,0,0,18.19,18.12
2026-03-23T00:52:05.969501,0,0,18.19,18.12
2026-03-23T00:52:08.569363,0,0,18.19,18.12
2026-03-23T00:52:11.259288,0,0,18.19,18.12
2026-03-23T00:52:13.939148,0,0,18.19,18.12
2026-03-23T00:52:16.547065,0,0,18.19,18.12
2026-03-23T00:52:19.169044,0,0,18.19,18.12
2026-03-23T00:52:21.848925,0,0,18.19,18.12
2026-03-23T00:52:24.458792,0,0,18.19,18.12
2026-03-23T00:52:27.259681,0,0,18.25,18.12
2026-03-23T00:52:29.869671,0,0,18.25,18.12
2026-03-23T00:52:32.469592,0,0,18.25,18.12
2026-03-23T00:52:35.059395,0,0,18.19,18.12
2026-03-23T00:52:38.136300,0,0,18.31,18.12
2026-03-23T00:52:40.749277,0,0,18.31,18.12
2026-03-23T00:52:43.339088,0,0,18.19,18.12
2026-03-23T00:52:45.969049,0,0,18.19,18.12
2026-03-23T00:52:48.798931,0,0,18.19,18.12
2026-03-23T00:52:51.408743,0,0,18.25,18.12
2026-03-23T00:52:54.188678,0,0,18.19,18.12
2026-03-23T00:52:56.778858,0,0,18.25,18.12
2026-03-23T00:52:59.389620,0,0,18.19,18.12
2026-03-23T00:53:01.989504,0,0,18.19,18.12
2026-03-23T00:53:04.668276,0,0,18.25,18.12
2026-03-23T00:53:07.579230,0,0,18.25,18.12
2026-03-23T00:53:10.419186,0,0,18.25,18.12
2026-03-23T00:53:13.359081,0,0,18.25,18.12
2026-03-23T00:53:16.168946,0,0,18.25,18.12
2026-03-23T00:53:18.998881,0,0,18.25,18.12
2026-03-23T00:53:21.608682,0,0,18.25,18.12
2026-03-23T00:53:24.218605,0,0,18.25,18.12
2026-03-23T00:53:26.818484,0,0,18.25,18.12
2026-03-23T00:53:29.428366,0,0,18.19,18.12
2026-03-23T00:53:32.048250,0,0,18.25,18.12
2026-03-23T00:53:34.719330,0,0,18.19,18.12
2026-03-23T00:53:37.579138,0,0,18.25,18.12
2026-03-23T00:53:40.169042,0,0,18.31,18.12
2026-03-23T00:53:42.859042,0,0,18.25,18.12
2026-03-23T00:53:45.468940,0,0,18.25,18.12
2026-03-23T00:53:48.148689,0,0,18.25,18.12
2026-03-23T00:53:50.818684,0,0,18.25,18.12
2026-03-23T00:53:53.567535,0,0,18.25,18.12
2026-03-23T00:53:56.358493,0,0,18.25,18.12
2026-03-23T00:53:58.968280,0,0,18.25,18.12
2026-03-23T00:54:01.568268,0,0,18.25,18.12
2026-03-23T00:54:04.487083,0,0,18.19,18.12
2026-03-23T00:54:07.158983,0,0,18.25,18.12
2026-03-23T00:54:09.768912,0,0,18.25,18.12
2026-03-23T00:54:12.608981,0,0,18.25,18.12
2026-03-23T00:54:15.298745,0,0,18.25,18.12
2026-03-23T00:54:18.218595,0,0,18.25,18.12
2026-03-23T00:54:20.828452,0,0,18.31,18.12
2026-03-23T00:54:23.668477,0,0,18.25,18.12
2026-03-23T00:54:26.278302,0,0,18.25,18.12
2026-03-23T00:54:28.968241,0,0,18.25,18.12
2026-03-23T00:54:31.578137,0,0,18.25,18.12
2026-03-23T00:54:34.267990,0,0,18.25,18.12
2026-03-23T00:54:36.857941,0,0,18.25,18.12
2026-03-23T00:54:39.467768,0,0,18.25,18.12
2026-03-23T00:54:42.228622,0,0,18.25,18.12
2026-03-23T00:54:44.838569,0,0,18.25,18.12
2026-03-23T00:54:47.448415,0,0,18.25,18.12
2026-03-23T00:54:50.127350,0,0,18.25,18.12
2026-03-23T00:54:52.738285,0,0,18.25,18.12
2026-03-23T00:54:55.618176,0,0,18.25,18.12
2026-03-23T00:54:58.668076,0,0,18.25,18.12
2026-03-23T00:55:01.507961,0,0,18.25,18.12
2026-03-23T00:55:04.197788,0,0,18.31,18.12
2026-03-23T00:55:07.027675,0,0,18.25,18.12
2026-03-23T00:55:09.647555,0,0,18.31,18.12
2026-03-23T00:55:12.317470,0,0,18.25,18.12
2026-03-23T00:55:14.928411,0,0,18.25,18.12
2026-03-23T00:55:17.598327,0,0,18.25,18.12
2026-03-23T00:55:20.208183,0,0,18.25,18.12
2026-03-23T00:55:22.898134,0,0,18.25,18.12
2026-03-23T00:55:25.647028,0,0,18.25,18.12
2026-03-23T00:55:28.257958,0,0,18.31,18.12
2026-03-23T00:55:31.007796,0,0,18.25,18.12
2026-03-23T00:55:33.627673,0,0,18.25,18.12
2026-03-23T00:55:36.217672,0,0,18.25,18.12
2026-03-23T00:55:38.837695,0,0,18.31,18.12
2026-03-23T00:55:41.637457,0,0,18.25,18.12
2026-03-23T00:55:44.517330,0,0,18.25,18.12
2026-03-23T00:55:47.128197,0,0,18.31,18.12
2026-03-23T00:55:49.718184,0,0,18.25,18.12
2026-03-23T00:55:52.327960,0,0,18.25,18.12
2026-03-23T00:55:54.997957,0,0,18.25,18.12
2026-03-23T00:55:57.607785,0,0,18.25,18.12
2026-03-23T00:56:00.207432,0,0,18.25,18.12
2026-03-23T00:56:02.876401,0,0,18.25,18.12
2026-03-23T00:56:05.567496,0,0,18.25,18.12
2026-03-23T00:56:08.137206,0,0,18.25,18.12
2026-03-23T00:56:10.757282,0,0,18.25,18.12
2026-03-23T00:56:13.307258,0,0,18.25,18.12
2026-03-23T00:56:15.937137,0,0,18.25,18.12
2026-03-23T00:56:18.517100,0,0,18.25,18.12
2026-03-23T00:56:21.137877,0,0,18.25,18.12
2026-03-23T00:56:23.747738,0,0,18.25,18.12
2026-03-23T00:56:26.417682,0,0,18.31,18.12
2026-03-23T00:56:29.027566,0,0,18.31,18.12
2026-03-23T00:56:31.867495,0,0,18.25,18.12
2026-03-23T00:56:34.477307,0,0,18.31,18.12
2026-03-23T00:56:37.027300,0,0,18.25,18.12
2026-03-23T00:56:39.687257,0,0,18.25,18.12
2026-03-23T00:56:42.306111,0,0,18.25,18.12
2026-03-23T00:56:44.897083,0,0,18.25,18.12
2026-03-23T00:56:47.446919,0,0,18.25,18.12
2026-03-23T00:56:50.116765,0,0,18.25,18.12
2026-03-23T00:56:52.726810,0,0,18.31,18.12
2026-03-23T00:56:55.307544,0,0,18.25,18.25
2026-03-23T00:56:57.917498,0,0,18.25,18.12
2026-03-23T00:57:00.994403,0,0,18.31,18.12
2026-03-23T00:57:03.577274,0,0,18.31,18.12
2026-03-23T00:57:06.266939,0,0,18.31,18.12
2026-03-23T00:57:08.876860,0,0,18.25,18.12
2026-03-23T00:57:11.476660,0,0,18.25,18.12
2026-03-23T00:57:14.098073,0,0,18.25,18.12
2026-03-23T00:57:17.006543,0,0,18.25,18.12
2026-03-23T00:57:19.696341,0,0,18.31,18.12
2026-03-23T00:57:22.386340,0,0,18.31,18.25
2026-03-23T00:57:24.966215,0,0,18.25,18.12
2026-03-23T00:57:27.596059,0,0,18.25,18.12
2026-03-23T00:57:30.145944,0,0,18.31,18.12
2026-03-23T00:57:32.816898,0,0,18.25,18.12
2026-03-23T00:57:35.496745,0,0,18.25,18.12
2026-03-23T00:57:38.106720,0,0,18.31,18.12
2026-03-23T00:57:40.716564,0,0,18.25,18.12
2026-03-23T00:57:43.556457,0,0,18.25,18.12
2026-03-23T00:57:46.236256,0,0,18.31,18.12
2026-03-23T00:57:49.056255,0,0,18.25,18.12
2026-03-23T00:57:51.655097,0,0,18.25,18.12
2026-03-23T00:57:54.266030,0,0,18.25,18.12
2026-03-23T00:57:56.926051,0,0,18.25,18.12
2026-03-23T00:57:59.535883,0,0,18.25,18.12
2026-03-23T00:58:02.206742,0,0,18.25,18.12
2026-03-23T00:58:04.806717,0,0,18.25,18.12
2026-03-23T00:58:07.476494,0,0,18.25,18.12
2026-03-23T00:58:10.086464,0,0,18.25,18.25
2026-03-23T00:58:12.686382,0,0,18.31,18.12
2026-03-23T00:58:15.356205,0,0,18.25,18.12
2026-03-23T00:58:17.976123,0,0,18.25,18.12
2026-03-23T00:58:20.886156,0,0,18.31,18.12
2026-03-23T00:58:23.495818,0,0,18.31,18.12
2026-03-23T00:58:26.185803,0,0,18.25,18.12
2026-03-23T00:58:28.854766,0,0,18.25,18.12
2026-03-23T00:58:31.455504,0,0,18.31,18.12
2026-03-23T00:58:34.055444,0,0,18.25,18.12
2026-03-23T00:58:36.666817,0,0,18.31,18.12
2026-03-23T00:58:39.286279,0,0,18.25,18.12
2026-03-23T00:58:42.196112,0,0,18.31,18.12
2026-03-23T00:58:44.886120,0,0,18.37,18.12
2026-03-23T00:58:47.635951,0,0,18.25,18.12
2026-03-23T00:58:50.295808,0,0,18.25,18.12
2026-03-23T00:58:52.905834,0,0,18.31,18.12
2026-03-23T00:58:55.655626,0,0,18.31,18.12
2026-03-23T00:58:58.345545,0,0,18.31,18.12
2026-03-23T00:59:01.094594,0,0,18.31,18.12
2026-03-23T00:59:03.705630,0,0,18.31,18.12
2026-03-23T00:59:06.455254,0,0,18.31,18.12
2026-03-23T00:59:09.075139,0,0,18.25,18.12
2026-03-23T00:59:11.676016,0,0,18.31,18.12
2026-03-23T00:59:14.425952,0,0,18.31,18.12
2026-03-23T00:59:17.115908,0,0,18.31,18.25
2026-03-23T00:59:19.725963,0,0,18.37,18.12
2026-03-23T00:59:22.395665,0,0,18.31,18.12
2026-03-23T00:59:24.995563,0,0,18.31,18.12
2026-03-23T00:59:27.605446,0,0,18.31,18.12
2026-03-23T00:59:30.273548,0,0,18.31,18.12
2026-03-23T00:59:32.885326,0,0,18.25,18.12
2026-03-23T00:59:35.555289,0,0,18.31,18.12
2026-03-23T00:59:38.165089,0,0,18.31,18.12
2026-03-23T00:59:40.753247,0,0,18.31,18.12
2026-03-23T00:59:43.305782,0,0,18.31,18.12
2026-03-23T00:59:45.894734,0,0,18.31,18.12
2026-03-23T00:59:48.495714,0,0,18.31,18.12
2026-03-23T00:59:51.105637,0,0,18.31,18.25
2026-03-23T00:59:53.694547,0,0,18.31,18.12
2026-03-23T00:59:56.315315,0,0,18.31,18.25
2026-03-23T00:59:58.925331,0,0,18.31,18.12
2026-03-23T01:00:02.003091,0,0,18.31,18.25
2026-03-23T01:00:05.290056,0,0,18.31,18.25
2026-03-23T01:00:10.673841,0,0,18.37,18.25
2026-03-23T01:17:39.318230,0,0,18.31,18.25
2026-03-23T01:17:41.892166,0,0,18.37,18.37
2026-03-23T01:17:44.612157,0,0,18.37,18.37
2026-03-23T01:17:47.272118,0,0,18.44,18.37
2026-03-23T01:17:49.862116,0,0,18.44,18.37
2026-03-23T01:17:52.462066,0,0,18.37,18.37
2026-03-23T01:17:55.051951,0,0,18.37,18.37
2026-03-23T01:17:57.651937,0,0,18.37,18.37
2026-03-23T01:18:00.242470,0,0,18.44,18.37
2026-03-23T01:18:02.832308,0,0,18.37,18.37
2026-03-23T01:18:05.502273,0,0,18.44,18.25
2026-03-23T01:18:08.112197,0,0,18.37,18.37
2026-03-23T01:18:10.692128,0,0,18.37,18.37
2026-03-23T01:18:13.353103,0,0,18.37,18.37
2026-03-23T01:18:15.933044,0,0,18.37,18.37
2026-03-23T01:18:18.523034,0,0,18.37,18.25
2026-03-23T01:18:21.132972,0,0,18.44,18.37
2026-03-23T01:18:23.922912,0,0,18.37,18.37
2026-03-23T01:18:26.511842,0,0,18.44,18.25
2026-03-23T01:18:29.112749,0,0,18.37,18.37
2026-03-23T01:18:31.702822,0,0,18.37,18.37
2026-03-23T01:18:34.302854,0,0,18.37,18.37
2026-03-23T01:18:36.882847,0,0,18.37,18.37
2026-03-23T01:18:39.482810,0,0,18.37,18.37
2026-03-23T01:18:42.172752,0,0,18.44,18.37
2026-03-23T01:18:44.911647,0,0,18.37,18.37
2026-03-23T01:18:47.583640,0,0,18.37,18.37
2026-03-23T01:18:50.313741,0,0,18.37,18.37
2026-03-23T01:18:52.913557,0,0,18.37,18.37
2026-03-23T01:18:55.593493,0,0,18.37,18.37
2026-03-23T01:18:58.163864,0,0,18.37,18.37
2026-03-23T01:19:00.843239,0,0,18.37,18.25
2026-03-23T01:19:03.423150,0,0,18.37,18.25
2026-03-23T01:19:06.023371,0,0,18.37,18.37
2026-03-23T01:19:08.613365,0,0,18.37,18.37
2026-03-23T01:19:11.183266,0,0,18.37,18.37
2026-03-23T01:19:13.863280,0,0,18.37,18.37
2026-03-23T01:19:16.453243,0,0,18.37,18.37
2026-03-23T01:19:19.132361,0,0,18.37,18.37
2026-03-23T01:19:21.714108,0,0,18.37,18.37
2026-03-23T01:19:24.304043,0,0,18.37,18.37
2026-03-23T01:19:27.043994,0,0,18.37,18.25
2026-03-23T01:19:29.644066,0,0,18.37,18.37
2026-03-23T01:19:32.382963,0,0,18.37,18.37
2026-03-23T01:19:34.983906,0,0,18.37,18.37
2026-03-23T01:19:37.723987,0,0,18.37,18.37
2026-03-23T01:19:40.413843,0,0,18.37,18.37
2026-03-23T01:19:43.003744,0,0,18.37,18.37
2026-03-23T01:19:45.583790,0,0,18.37,18.37
2026-03-23T01:19:48.183679,0,0,18.37,18.37
2026-03-23T01:19:50.773699,0,0,18.37,18.37
2026-03-23T01:19:53.363602,0,0,18.37,18.37
2026-03-23T01:19:55.954616,0,0,18.31,18.37
2026-03-23T01:19:58.564681,0,0,18.37,18.37
2026-03-23T01:20:01.224493,0,0,18.37,18.37
2026-03-23T01:20:03.914513,0,0,18.37,18.37
2026-03-23T01:20:06.504077,0,0,18.37,18.37
2026-03-23T01:20:09.254003,0,0,18.37,18.37
2026-03-23T01:20:11.923847,0,0,18.37,18.37
2026-03-23T01:20:14.503782,0,0,18.37,18.37
2026-03-23T01:20:17.093858,0,0,18.37,18.25
2026-03-23T01:20:19.693815,0,0,18.37,18.25
2026-03-23T01:20:22.283723,0,0,18.37,18.37
2026-03-23T01:20:24.853692,0,0,18.37,18.37
2026-03-23T01:20:27.473748,0,0,18.37,18.37
2026-03-23T01:20:30.064564,0,0,18.31,18.37
2026-03-23T01:20:32.664593,0,0,18.31,18.37
2026-03-23T01:20:35.264459,0,0,18.37,18.37
2026-03-23T01:20:37.854560,0,0,18.37,18.37
2026-03-23T01:20:40.443403,0,0,18.37,18.37
2026-03-23T01:20:43.104327,0,0,18.31,18.37
2026-03-23T01:20:45.703323,0,0,18.31,18.37
2026-03-23T01:20:48.314321,0,0,18.37,18.37
2026-03-23T01:20:50.884162,0,0,18.31,18.37
2026-03-23T01:20:53.484159,0,0,18.31,18.37
2026-03-23T01:20:56.094156,0,0,18.37,18.37
2026-03-23T01:20:58.664115,0,0,18.31,18.37
2026-03-23T01:21:01.265048,0,0,18.31,18.37
2026-03-23T01:21:03.864995,0,0,18.31,18.37
2026-03-23T01:21:06.465005,0,0,18.31,18.37
2026-03-23T01:21:09.084921,0,0,18.31,18.37
2026-03-23T01:21:11.694870,0,0,18.31,18.37
2026-03-23T01:21:14.354744,0,0,18.31,18.37
2026-03-23T01:21:16.954763,0,0,18.31,18.37
2026-03-23T01:21:19.544697,0,0,18.31,18.37
2026-03-23T01:21:22.244636,0,0,18.31,18.25
2026-03-23T01:21:24.904655,0,0,18.31,18.37
2026-03-23T01:21:27.504542,0,0,18.31,18.37
2026-03-23T01:21:30.114623,0,0,18.31,18.25
2026-03-23T01:21:32.714503,0,0,18.31,18.37
2026-03-23T01:21:35.314408,0,0,18.31,18.37
2026-03-23T01:21:38.005379,0,0,18.31,18.37
2026-03-23T01:21:40.665317,0,0,18.31,18.37
2026-03-23T01:21:43.265200,0,0,18.31,18.37
2026-03-23T01:21:45.875127,0,0,18.31,18.37
2026-03-23T01:21:48.475065,0,0,18.31,18.25
2026-03-23T01:21:51.145126,0,0,18.31,18.37
2026-03-23T01:21:53.765257,0,0,18.31,18.25
2026-03-23T01:21:56.375041,0,0,18.31,18.37
2026-03-23T01:21:58.955023,0,0,18.31,18.37
2026-03-23T01:22:01.574989,0,0,18.31,18.37
2026-03-23T01:22:04.174826,0,0,18.31,18.37
2026-03-23T01:22:06.754835,0,0,18.31,18.37
2026-03-23T01:22:09.365838,0,0,18.25,18.37
2026-03-23T01:22:11.975791,0,0,18.31,18.37
2026-03-23T01:22:14.565694,0,0,18.31,18.37
2026-03-23T01:22:17.155645,0,0,18.31,18.37
2026-03-23T01:22:19.775576,0,0,18.31,18.37
2026-03-23T01:22:22.354524,0,0,18.31,18.37
2026-03-23T01:22:24.975402,0,0,18.31,18.25
2026-03-23T01:22:27.585439,0,0,18.31,18.37
2026-03-23T01:22:30.245481,0,0,18.31,18.37
2026-03-23T01:22:32.844382,0,0,18.31,18.37
2026-03-23T01:22:35.455260,0,0,18.31,18.37
2026-03-23T01:22:38.125272,0,0,18.31,18.37
2026-03-23T01:22:40.735222,0,0,18.31,18.37
2026-03-23T01:22:43.531888,0,0,18.25,18.37
2026-03-23T01:22:45.916390,0,0,18.31,18.37
2026-03-23T01:22:48.526369,0,0,18.31,18.37
2026-03-23T01:22:51.196278,0,0,18.31,18.25
2026-03-23T01:22:53.806300,0,0,18.31,18.37
2026-03-23T01:22:56.423289,0,0,18.31,18.37
2026-03-23T01:22:59.085831,0,0,18.31,18.25
2026-03-23T01:23:01.705747,0,0,18.31,18.37
2026-03-23T01:23:04.365661,0,0,18.31,18.37
2026-03-23T01:23:06.965634,0,0,18.31,18.37
2026-03-23T01:23:09.575533,0,0,18.25,18.37
2026-03-23T01:23:12.175472,0,0,18.31,18.37
2026-03-23T01:23:14.775451,0,0,18.31,18.37
2026-03-23T01:23:17.376453,0,0,18.31,18.25
2026-03-23T01:23:19.965917,0,0,18.31,18.37
2026-03-23T01:23:22.516751,0,0,18.31,18.37
2026-03-23T01:23:25.106868,0,0,18.25,18.25
2026-03-23T01:23:27.696640,0,0,18.31,18.37
2026-03-23T01:23:30.286638,0,0,18.25,18.37
2026-03-23T01:23:32.886625,0,0,18.31,18.37
2026-03-23T01:23:35.496421,0,0,18.31,18.37
2026-03-23T01:23:38.094277,0,0,18.31,18.25
2026-03-23T01:23:40.756323,0,0,18.31,18.25
2026-03-23T01:23:43.376285,0,0,18.31,18.37
2026-03-23T01:23:45.966329,0,0,18.25,18.25
2026-03-23T01:23:48.636144,0,0,18.25,18.37
2026-03-23T01:23:51.257212,0,0,18.31,18.37
2026-03-23T01:23:53.857259,0,0,18.25,18.37
2026-03-23T01:23:56.517096,0,0,18.25,18.37
2026-03-23T01:23:59.187066,0,0,18.31,18.37
2026-03-23T01:24:01.786635,0,0,18.31,18.37
2026-03-23T01:24:04.406536,0,0,18.31,18.37
2026-03-23T01:24:07.136341,0,0,18.25,18.25
2026-03-23T01:24:09.726417,0,0,18.31,18.37
2026-03-23T01:24:12.336206,0,0,18.25,18.37
2026-03-23T01:24:14.926255,0,0,18.25,18.37
2026-03-23T01:24:17.526193,0,0,18.25,18.37
2026-03-23T01:24:20.136043,0,0,18.25,18.37
2026-03-23T01:24:22.876158,0,0,18.31,18.37
2026-03-23T01:24:25.487051,0,0,18.25,18.37
2026-03-23T01:24:28.287103,0,0,18.25,18.37
2026-03-23T01:24:30.886959,0,0,18.31,18.25
2026-03-23T01:24:33.467189,0,0,18.31,18.37
2026-03-23T01:24:36.075106,0,0,18.31,18.37
2026-03-23T01:24:38.687161,0,0,18.25,18.25
2026-03-23T01:24:41.297215,0,0,18.31,18.37
2026-03-23T01:24:43.877083,0,0,18.31,18.37
2026-03-23T01:24:46.467010,0,0,18.25,18.37
2026-03-23T01:24:49.077088,0,0,18.31,18.37
2026-03-23T01:24:51.674806,0,0,18.25,18.37
2026-03-23T01:24:54.266876,0,0,18.25,18.25
2026-03-23T01:24:56.846851,0,0,18.31,18.37
2026-03-23T01:24:59.397663,0,0,18.25,18.37
2026-03-23T01:25:01.975658,0,0,18.25,18.25
2026-03-23T01:25:04.577592,0,0,18.25,18.37
2026-03-23T01:25:07.177508,0,0,18.25,18.37
2026-03-23T01:25:09.837506,0,0,18.25,18.37
2026-03-23T01:25:12.437495,0,0,18.31,18.25
2026-03-23T01:25:15.047365,0,0,18.31,18.37
2026-03-23T01:25:17.637212,0,0,18.25,18.25
2026-03-23T01:25:20.237297,0,0,18.25,18.37
2026-03-23T01:25:23.107214,0,0,18.25,18.37
2026-03-23T01:25:25.697087,0,0,18.31,18.37
2026-03-23T01:25:28.287077,0,0,18.25,18.25
2026-03-23T01:25:30.887029,0,0,18.25,18.25
2026-03-23T01:25:33.487929,0,0,18.25,18.25
2026-03-23T01:25:36.157920,0,0,18.31,18.25
2026-03-23T01:25:38.737935,0,0,18.25,18.37
2026-03-23T01:25:41.417800,0,0,18.25,18.25
2026-03-23T01:25:44.007800,0,0,18.25,18.37
2026-03-23T01:25:46.607707,0,0,18.25,18.37
2026-03-23T01:25:49.197675,0,0,18.25,18.37
2026-03-23T01:25:51.817554,0,0,18.25,18.25
2026-03-23T01:25:54.387525,0,0,18.25,18.37
2026-03-23T01:25:56.997609,0,0,18.25,18.37
2026-03-23T01:25:59.717464,0,0,18.25,18.37
2026-03-23T01:26:02.307332,0,0,18.25,18.37
2026-03-23T01:26:04.898255,0,0,18.25,18.37
2026-03-23T01:26:07.498197,0,0,18.25,18.37
2026-03-23T01:26:10.088583,0,0,18.25,18.37
2026-03-23T01:26:12.778051,0,0,18.25,18.25
2026-03-23T01:26:15.518063,0,0,18.25,18.25
2026-03-23T01:26:18.197864,0,0,18.25,18.25
2026-03-23T01:26:20.767585,0,0,18.25,18.37
2026-03-23T01:26:23.367478,0,0,18.25,18.37
2026-03-23T01:26:25.967612,0,0,18.25,18.25
2026-03-23T01:26:28.547313,0,0,18.25,18.37
2026-03-23T01:26:31.157395,0,0,18.25,18.37
2026-03-23T01:26:33.757382,0,0,18.25,18.37
2026-03-23T01:26:36.427182,0,0,18.25,18.37
2026-03-23T01:26:39.028142,0,0,18.25,18.37
2026-03-23T01:26:41.628108,0,0,18.25,18.37
2026-03-23T01:26:44.208014,0,0,18.25,18.37
2026-03-23T01:26:46.808028,0,0,18.25,18.37
2026-03-23T01:26:49.407909,0,0,18.25,18.37
2026-03-23T01:26:52.017968,0,0,18.31,18.25
2026-03-23T01:26:54.677882,0,0,18.25,18.37
2026-03-23T01:26:57.277824,0,0,18.25,18.37
2026-03-23T01:26:59.887752,0,0,18.25,18.37
2026-03-23T01:27:02.477742,0,0,18.25,18.37
2026-03-23T01:27:05.087517,0,0,18.25,18.37
2026-03-23T01:27:07.767548,0,0,18.25,18.25
2026-03-23T01:27:10.447428,0,0,18.25,18.37
2026-03-23T01:27:13.048363,0,0,18.25,18.37
2026-03-23T01:27:15.628289,0,0,18.25,18.37
2026-03-23T01:27:18.308226,0,0,18.25,18.37
2026-03-23T01:27:20.918241,0,0,18.25,18.25
2026-03-23T01:27:23.588093,0,0,18.25,18.25
2026-03-23T01:27:26.188053,0,0,18.25,18.37
2026-03-23T01:27:28.798078,0,0,18.25,18.25
2026-03-23T01:27:31.467985,0,0,18.25,18.25
2026-03-23T01:27:34.067926,0,0,18.25,18.25
2026-03-23T01:27:36.677889,0,0,18.25,18.25
2026-03-23T01:27:39.257918,0,0,18.25,18.37
2026-03-23T01:27:41.867676,0,0,18.25,18.37
2026-03-23T01:27:44.527690,0,0,18.25,18.37
2026-03-23T01:27:47.128595,0,0,18.25,18.25
2026-03-23T01:27:49.698525,0,0,18.25,18.25
2026-03-23T01:27:52.258454,0,0,18.25,18.37
2026-03-23T01:27:54.918454,0,0,18.25,18.37
2026-03-23T01:27:57.508365,0,0,18.25,18.37
2026-03-23T01:28:00.188259,0,0,18.25,18.25
2026-03-23T01:28:02.868321,0,0,18.25,18.37
2026-03-23T01:28:05.688344,0,0,18.25,18.25
2026-03-23T01:28:08.308084,0,0,18.25,18.37
2026-03-23T01:28:10.906277,0,0,18.25,18.37
2026-03-23T01:28:13.568013,0,0,18.25,18.37
2026-03-23T01:28:16.177928,0,0,18.25,18.25
2026-03-23T01:28:18.977894,0,0,18.25,18.25
2026-03-23T01:28:21.588870,0,0,18.25,18.25
2026-03-23T01:28:24.598727,0,0,18.25,18.37
2026-03-23T01:28:27.208617,0,0,18.25,18.37
2026-03-23T01:28:29.878634,0,0,18.25,18.25
2026-03-23T01:28:32.478600,0,0,18.25,18.25
2026-03-23T01:28:35.068477,0,0,18.25,18.37
2026-03-23T01:28:37.968413,0,0,18.25,18.25
2026-03-23T01:28:40.548375,0,0,18.25,18.37
2026-03-23T01:28:43.148270,0,0,18.25,18.37
2026-03-23T01:28:45.758358,0,0,18.25,18.25
2026-03-23T01:28:48.538191,0,0,18.25,18.25
2026-03-23T01:28:51.148025,0,0,18.25,18.37
2026-03-23T01:28:53.898059,0,0,18.25,18.37
2026-03-23T01:28:56.498936,0,0,18.25,18.25
2026-03-23T01:28:59.228952,0,0,18.25,18.25
2026-03-23T01:29:01.828919,0,0,18.25,18.25
2026-03-23T01:29:04.778752,0,0,18.25,18.25
2026-03-23T01:29:07.378692,0,0,18.19,18.25
2026-03-23T01:29:09.968676,0,0,18.25,18.25
2026-03-23T01:29:12.548541,0,0,18.25,18.37
2026-03-23T01:29:15.148510,0,0,18.25,18.37
2026-03-23T01:29:17.696472,0,0,18.25,18.25
2026-03-23T01:29:20.278416,0,0,18.25,18.25
2026-03-23T01:29:22.868392,0,0,18.25,18.25
2026-03-23T01:29:25.468294,0,0,18.25,18.25
2026-03-23T01:29:28.079219,0,0,18.25,18.37
2026-03-23T01:29:30.669250,0,0,18.25,18.25
2026-03-23T01:29:33.259126,0,0,18.25,18.37
2026-03-23T01:29:35.859094,0,0,18.25,18.37
2026-03-23T01:29:38.538971,0,0,18.25,18.25
2026-03-23T01:29:41.128940,0,0,18.25,18.37
2026-03-23T01:29:43.738783,0,0,18.25,18.37
2026-03-23T01:29:46.328749,0,0,18.25,18.37
2026-03-23T01:29:48.928650,0,0,18.25,18.25
2026-03-23T01:29:51.518664,0,0,18.25,18.25
2026-03-23T01:29:54.088508,0,0,18.25,18.37
2026-03-23T01:29:56.688533,0,0,18.25,18.25
2026-03-23T01:29:59.288481,0,0,18.25,18.37
2026-03-23T01:30:01.899445,0,0,18.25,18.25
2026-03-23T01:30:04.489432,0,0,18.25,18.25
2026-03-23T01:30:07.089386,0,0,18.25,18.25
2026-03-23T01:30:09.749202,0,0,18.25,18.37
2026-03-23T01:30:12.349252,0,0,18.25,18.37
2026-03-23T01:30:15.029039,0,0,18.25,18.25
2026-03-23T01:30:17.618999,0,0,18.25,18.25
2026-03-23T01:30:20.198926,0,0,18.25,18.25
2026-03-23T01:30:23.048941,0,0,18.25,18.37
2026-03-23T01:30:25.648823,0,0,18.25,18.37
2026-03-23T01:30:28.308743,0,0,18.25,18.25
2026-03-23T01:30:30.908688,0,0,18.25,18.25
2026-03-23T01:30:33.516913,0,0,18.19,18.25
2026-03-23T01:30:36.109608,0,0,18.25,18.25
2026-03-23T01:30:38.859573,0,0,18.25,18.25
2026-03-23T01:30:41.539529,0,0,18.25,18.25
2026-03-23T01:30:44.119410,0,0,18.25,18.37
2026-03-23T01:30:46.719349,0,0,18.19,18.37
2026-03-23T01:30:49.319160,0,0,18.25,18.37
2026-03-23T01:30:51.979150,0,0,18.25,18.25
2026-03-23T01:30:54.669123,0,0,18.25,18.25
2026-03-23T01:30:57.259072,0,0,18.25,18.25
2026-03-23T01:30:59.847235,0,0,18.25,18.25
2026-03-23T01:31:02.449028,0,0,18.25,18.37
2026-03-23T01:31:05.247555,0,0,18.25,18.25
2026-03-23T01:31:07.838774,0,0,18.25,18.25
2026-03-23T01:31:10.519785,0,0,18.25,18.25
2026-03-23T01:31:13.109697,0,0,18.19,18.25
2026-03-23T01:31:15.719608,0,0,18.25,18.25
2026-03-23T01:31:18.309597,0,0,18.25,18.37
2026-03-23T01:31:20.909533,0,0,18.25,18.25
2026-03-23T01:31:23.499438,0,0,18.25,18.25
2026-03-23T01:31:26.179320,0,0,18.25,18.25
2026-03-23T01:31:28.759292,0,0,18.25,18.25
2026-03-23T01:31:31.359178,0,0,18.25,18.25
2026-03-23T01:31:33.929174,0,0,18.19,18.25
2026-03-23T01:31:36.529161,0,0,18.25,18.25
2026-03-23T01:31:39.209009,0,0,18.25,18.25
2026-03-23T01:31:41.799941,0,0,18.25,18.37
2026-03-23T01:31:44.478888,0,0,18.25,18.37
2026-03-23T01:31:47.079784,0,0,18.25,18.25
2026-03-23T01:31:49.819762,0,0,18.25,18.25
2026-03-23T01:31:52.489750,0,0,18.25,18.37
2026-03-23T01:31:55.159614,0,0,18.25,18.37
2026-03-23T01:31:57.829615,0,0,18.19,18.37
2026-03-23T01:32:00.439509,0,0,18.25,18.25
2026-03-23T01:32:03.009501,0,0,18.25,18.25
2026-03-23T01:32:05.609722,0,0,18.25,18.25
2026-03-23T01:32:08.189339,0,0,18.25,18.25
2026-03-23T01:32:10.789286,0,0,18.25,18.25
2026-03-23T01:32:13.379141,0,0,18.25,18.25
2026-03-23T01:32:15.990202,0,0,18.25,18.25
2026-03-23T01:32:18.580111,0,0,18.19,18.25
2026-03-23T01:32:21.259961,0,0,18.25,18.25
2026-03-23T01:32:23.870093,0,0,18.25,18.25
2026-03-23T01:32:26.449930,0,0,18.25,18.25
2026-03-23T01:32:29.049847,0,0,18.19,18.25
2026-03-23T01:32:31.649804,0,0,18.19,18.25
2026-03-23T01:32:34.257918,0,0,18.25,18.25
2026-03-23T01:32:36.919604,0,0,18.25,18.25
2026-03-23T01:32:39.529609,0,0,18.19,18.25
2026-03-23T01:32:42.198485,0,0,18.19,18.25
2026-03-23T01:32:44.807659,0,0,18.19,18.25
2026-03-23T01:32:47.469442,0,0,18.19,18.25
2026-03-23T01:32:50.088539,0,0,18.19,18.25
2026-03-23T01:32:52.690427,0,0,18.19,18.37
2026-03-23T01:32:55.348413,0,0,18.19,18.25
2026-03-23T01:32:57.970152,0,0,18.25,18.25
2026-03-23T01:33:00.560134,0,0,18.25,18.25
2026-03-23T01:33:03.150011,0,0,18.19,18.25
2026-03-23T01:33:05.750036,0,0,18.19,18.37
2026-03-23T01:33:08.350135,0,0,18.25,18.37
2026-03-23T01:33:11.009833,0,0,18.19,18.25
2026-03-23T01:33:13.629795,0,0,18.25,18.37
2026-03-23T01:33:16.229660,0,0,18.19,18.25
2026-03-23T01:33:19.098727,0,0,18.25,18.25
2026-03-23T01:33:21.699508,0,0,18.19,18.25
2026-03-23T01:33:24.380471,0,0,18.19,18.25
2026-03-23T01:33:26.980396,0,0,18.19,18.25
2026-03-23T01:33:29.579362,0,0,18.25,18.25
2026-03-23T01:33:32.170287,0,0,18.19,18.25
2026-03-23T01:33:34.780216,0,0,18.19,18.25
2026-03-23T01:33:37.400129,0,0,18.19,18.25
2026-03-23T01:33:39.980062,0,0,18.19,18.25
2026-03-23T01:33:42.590079,0,0,18.19,18.25
2026-03-23T01:33:45.259906,0,0,18.19,18.25
2026-03-23T01:33:47.949913,0,0,18.19,18.25
2026-03-23T01:33:50.549844,0,0,18.19,18.25
2026-03-23T01:33:53.149756,0,0,18.19,18.25
2026-03-23T01:33:55.749766,0,0,18.19,18.25
2026-03-23T01:33:58.370623,0,0,18.19,18.25
2026-03-23T01:34:00.938721,0,0,18.25,18.37
2026-03-23T01:34:03.550558,0,0,18.19,18.37
2026-03-23T01:34:06.140359,0,0,18.19,18.25
2026-03-23T01:34:08.730374,0,0,18.19,18.25
2026-03-23T01:34:11.280269,0,0,18.19,18.37
2026-03-23T01:34:13.860293,0,0,18.19,18.25
2026-03-23T01:34:16.460176,0,0,18.19,18.25
2026-03-23T01:34:19.060198,0,0,18.19,18.25
2026-03-23T01:34:21.800074,0,0,18.19,18.25
2026-03-23T01:34:24.410036,0,0,18.25,18.25
2026-03-23T01:34:26.990005,0,0,18.19,18.25
2026-03-23T01:34:29.589860,0,0,18.19,18.25
2026-03-23T01:34:32.200698,0,0,18.19,18.25
2026-03-23T01:34:34.850722,0,0,18.19,18.25
2026-03-23T01:34:37.460677,0,0,18.19,18.25
2026-03-23T01:34:40.050557,0,0,18.19,18.25
2026-03-23T01:34:42.730559,0,0,18.25,18.25
2026-03-23T01:34:45.330419,0,0,18.19,18.25
2026-03-23T01:34:48.010373,0,0,18.19,18.25
2026-03-23T01:34:50.610335,0,0,18.19,18.25
2026-03-23T01:34:53.220205,0,0,18.19,18.25
2026-03-23T01:34:55.820150,0,0,18.19,18.25
2026-03-23T01:34:58.490170,0,0,18.19,18.25
2026-03-23T01:35:01.170160,0,0,18.19,18.25
2026-03-23T01:35:03.770078,0,0,18.19,18.25
2026-03-23T01:35:06.370860,0,0,18.19,18.25
2026-03-23T01:35:08.980859,0,0,18.19,18.25
2026-03-23T01:35:11.560850,0,0,18.19,18.25
2026-03-23T01:35:14.170718,0,0,18.19,18.25
2026-03-23T01:35:16.830675,0,0,18.19,18.25
2026-03-23T01:35:19.440581,0,0,18.19,18.25
2026-03-23T01:35:22.040496,0,0,18.19,18.25
2026-03-23T01:35:24.640472,0,0,18.19,18.25
2026-03-23T01:35:27.240362,0,0,18.19,18.25
2026-03-23T01:35:29.840361,0,0,18.19,18.25
2026-03-23T01:35:32.450650,0,0,18.19,18.25
2026-03-23T01:35:35.030152,0,0,18.19,18.25
2026-03-23T01:35:37.630173,0,0,18.19,18.37
2026-03-23T01:35:40.231009,0,0,18.19,18.25
2026-03-23T01:35:42.901143,0,0,18.19,18.25
2026-03-23T01:35:45.500962,0,0,18.19,18.25
2026-03-23T01:35:48.110876,0,0,18.19,18.25
2026-03-23T01:35:50.770951,0,0,18.19,18.25
2026-03-23T01:35:53.391180,0,0,18.19,18.25
2026-03-23T01:35:56.051096,0,0,18.19,18.25
2026-03-23T01:35:58.661075,0,0,18.19,18.25
2026-03-23T01:36:01.261041,0,0,18.19,18.25
2026-03-23T01:36:03.849953,0,0,18.19,18.25
2026-03-23T01:36:06.530851,0,0,18.19,18.25
2026-03-23T01:36:09.210761,0,0,18.19,18.25
2026-03-23T01:36:11.780978,0,0,18.19,18.25
2026-03-23T01:36:14.331630,0,0,18.19,18.25
2026-03-23T01:36:16.931628,0,0,18.19,18.25
2026-03-23T01:36:19.591556,0,0,18.19,18.25
2026-03-23T01:36:22.211453,0,0,18.19,18.25
2026-03-23T01:36:24.871354,0,0,18.19,18.25
2026-03-23T01:36:27.471321,0,0,18.19,18.25
2026-03-23T01:36:30.071179,0,0,18.19,18.25
2026-03-23T01:36:32.831165,0,0,18.19,18.25
2026-03-23T01:36:35.431096,0,0,18.19,18.25
2026-03-23T01:36:38.111027,0,0,18.12,18.25
2026-03-23T01:36:40.850988,0,0,18.19,18.25
2026-03-23T01:36:43.540917,0,0,18.19,18.25
2026-03-23T01:36:46.291868,0,0,18.19,18.25
2026-03-23T01:36:48.891747,0,0,18.19,18.25
2026-03-23T01:36:51.502905,0,0,18.19,18.25
2026-03-23T01:36:54.081652,0,0,18.12,18.25
2026-03-23T01:36:56.781601,0,0,18.19,18.25
2026-03-23T01:36:59.361573,0,0,18.19,18.25
2026-03-23T01:37:01.981109,0,0,18.19,18.25
2026-03-23T01:37:04.580995,0,0,18.12,18.25
2026-03-23T01:37:07.240895,0,0,18.19,18.25
2026-03-23T01:37:09.860852,0,0,18.12,18.25
2026-03-23T01:37:12.460684,0,0,18.19,18.25
2026-03-23T01:37:15.120733,0,0,18.19,18.25
2026-03-23T01:37:17.730694,0,0,18.19,18.25
2026-03-23T01:37:20.600522,0,0,18.12,18.25
2026-03-23T01:37:23.209823,0,0,18.19,18.25
2026-03-23T01:37:25.791400,0,0,18.12,18.25
2026-03-23T01:37:28.401357,0,0,18.12,18.25
2026-03-23T01:37:31.081253,0,0,18.12,18.25
2026-03-23T01:37:33.771196,0,0,18.12,18.25
2026-03-23T01:37:36.361146,0,0,18.19,18.25
2026-03-23T01:37:38.981066,0,0,18.19,18.25
2026-03-23T01:37:41.561004,0,0,18.19,18.25
2026-03-23T01:37:44.330895,0,0,18.12,18.25
2026-03-23T01:37:46.911364,0,0,18.19,18.25
2026-03-23T01:37:49.521781,0,0,18.12,18.25
2026-03-23T01:37:52.121166,0,0,18.12,18.25
2026-03-23T01:37:54.982005,0,0,18.12,18.25
2026-03-23T01:37:57.671867,0,0,18.12,18.25
2026-03-23T01:38:00.271818,0,0,18.19,18.25
2026-03-23T01:38:02.881856,0,0,18.12,18.25
2026-03-23T01:38:05.481759,0,0,18.12,18.25
2026-03-23T01:38:08.161801,0,0,18.19,18.25
2026-03-23T01:38:10.761705,0,0,18.19,18.25
2026-03-23T01:38:13.750577,0,0,18.19,18.25
2026-03-23T01:38:16.331461,0,0,18.12,18.25
2026-03-23T01:38:18.881402,0,0,18.19,18.25
2026-03-23T01:38:21.631303,0,0,18.12,18.25
2026-03-23T01:38:24.291312,0,0,18.12,18.25
2026-03-23T01:38:26.892216,0,0,18.12,18.25
2026-03-23T01:38:29.502251,0,0,18.12,18.25
2026-03-23T01:38:32.102179,0,0,18.19,18.25
2026-03-23T01:38:34.682254,0,0,18.12,18.25
2026-03-23T01:38:37.282201,0,0,18.12,18.25
2026-03-23T01:38:39.952144,0,0,18.12,18.25
2026-03-23T01:38:42.552150,0,0,18.12,18.25
2026-03-23T01:38:45.152088,0,0,18.12,18.25
2026-03-23T01:38:47.741145,0,0,18.12,18.25
2026-03-23T01:38:50.442128,0,0,18.12,18.25
2026-03-23T01:38:53.042043,0,0,18.12,18.25
2026-03-23T01:38:55.631994,0,0,18.12,18.25
2026-03-23T01:38:58.241983,0,0,18.12,18.25
2026-03-23T01:39:00.831944,0,0,18.12,18.25
2026-03-23T01:39:03.382026,0,0,18.12,18.25
2026-03-23T01:39:05.972903,0,0,18.12,18.25
2026-03-23T01:39:08.572930,0,0,18.12,18.25
2026-03-23T01:39:11.152913,0,0,18.12,18.25
2026-03-23T01:39:13.702895,0,0,18.12,18.25
2026-03-23T01:39:16.362900,0,0,18.12,18.25
2026-03-23T01:39:18.952764,0,0,18.12,18.25
2026-03-23T01:39:21.552756,0,0,18.12,18.25
2026-03-23T01:39:24.152668,0,0,18.12,18.25
2026-03-23T01:39:26.752911,0,0,18.12,18.25
2026-03-23T01:39:29.352599,0,0,18.12,18.25
2026-03-23T01:39:31.972708,0,0,18.12,18.25
2026-03-23T01:39:34.573700,0,0,18.12,18.25
2026-03-23T01:39:37.233703,0,0,18.12,18.25
2026-03-23T01:39:39.833692,0,0,18.12,18.25
2026-03-23T01:39:42.463603,0,0,18.12,18.25
2026-03-23T01:39:45.133670,0,0,18.12,18.25
2026-03-23T01:39:47.733623,0,0,18.12,18.25
2026-03-23T01:39:50.341476,0,0,18.12,18.25
2026-03-23T01:39:53.003455,0,0,18.12,18.25
2026-03-23T01:39:55.613431,0,0,18.12,18.25
2026-03-23T01:39:58.203354,0,0,18.12,18.12
2026-03-23T01:40:00.792331,0,0,18.12,18.25
2026-03-23T01:40:03.483417,0,0,18.12,18.25
2026-03-23T01:40:06.143328,0,0,18.12,18.25
2026-03-23T01:40:08.774315,0,0,18.12,18.25
2026-03-23T01:40:11.364245,0,0,18.12,18.25
2026-03-23T01:40:14.023310,0,0,18.12,18.25
2026-03-23T01:40:16.644126,0,0,18.12,18.25
2026-03-23T01:40:19.244125,0,0,18.12,18.25
2026-03-23T01:40:21.824084,0,0,18.12,18.25
2026-03-23T01:40:24.424047,0,0,18.12,18.25
2026-03-23T01:40:27.024046,0,0,18.12,18.25
2026-03-23T01:40:29.684056,0,0,18.12,18.25
2026-03-23T01:40:32.303982,0,0,18.12,18.25
2026-03-23T01:40:34.903972,0,0,18.12,18.25
2026-03-23T01:40:37.483924,0,0,18.12,18.25
2026-03-23T01:40:40.083877,0,0,18.12,18.25
2026-03-23T01:40:42.684896,0,0,18.12,18.25
2026-03-23T01:40:45.284873,0,0,18.12,18.25
2026-03-23T01:40:47.864733,0,0,18.12,18.25
2026-03-23T01:40:50.463720,0,0,18.12,18.25
2026-03-23T01:40:53.064685,0,0,18.12,18.25
2026-03-23T01:40:55.734793,0,0,18.12,18.25
2026-03-23T01:40:58.314699,0,0,18.12,18.25
2026-03-23T01:41:01.004658,0,0,18.12,18.25
2026-03-23T01:41:03.694627,0,0,18.12,18.25
2026-03-23T01:41:06.364553,0,0,18.12,18.25
2026-03-23T01:41:08.964473,0,0,18.12,18.25
2026-03-23T01:41:11.564507,0,0,18.12,18.25
2026-03-23T01:41:14.224418,0,0,18.12,18.25
2026-03-23T01:41:16.835588,0,0,18.12,18.25
2026-03-23T01:41:19.445429,0,0,18.12,18.25
2026-03-23T01:41:22.045390,0,0,18.12,18.25
2026-03-23T01:41:24.715393,0,0,18.12,18.25
2026-03-23T01:41:27.326511,0,0,18.12,18.25
2026-03-23T01:41:29.985283,0,0,18.12,18.25
2026-03-23T01:41:32.605404,0,0,18.12,18.25
2026-03-23T01:41:35.205181,0,0,18.12,18.25
2026-03-23T01:41:37.785192,0,0,18.12,18.25
2026-03-23T01:41:40.395105,0,0,18.12,18.25
2026-03-23T01:41:43.065045,0,0,18.06,18.25
2026-03-23T01:41:45.665100,0,0,18.12,18.25
2026-03-23T01:41:48.265139,0,0,18.12,18.25
2026-03-23T01:41:50.866174,0,0,18.12,18.25
2026-03-23T01:41:53.445972,0,0,18.12,18.25
2026-03-23T01:41:56.205975,0,0,18.12,18.25
2026-03-23T01:41:58.955908,0,0,18.12,18.12
2026-03-23T01:42:01.695868,0,0,18.12,18.12
2026-03-23T01:42:04.285911,0,0,18.12,18.25
2026-03-23T01:42:06.885880,0,0,18.12,18.25
2026-03-23T01:42:09.555798,0,0,18.12,18.25
2026-03-23T01:42:12.175779,0,0,18.12,18.25
2026-03-23T01:42:14.835753,0,0,18.12,18.25
2026-03-23T01:42:17.455704,0,0,18.12,18.25
2026-03-23T01:42:20.055630,0,0,18.12,18.25
2026-03-23T01:42:22.795530,0,0,18.12,18.25
2026-03-23T01:42:25.406597,0,0,18.12,18.12
2026-03-23T01:42:28.086483,0,0,18.12,18.25
2026-03-23T01:42:30.766573,0,0,18.06,18.25
2026-03-23T01:42:33.436388,0,0,18.12,18.25
2026-03-23T01:42:36.116347,0,0,18.12,18.25
2026-03-23T01:42:38.686399,0,0,18.12,18.12
2026-03-23T01:42:41.386276,0,0,18.06,18.12
2026-03-23T01:42:44.126248,0,0,18.12,18.25
2026-03-23T01:42:46.726203,0,0,18.12,18.25
2026-03-23T01:42:49.405895,0,0,18.12,18.25
2026-03-23T01:42:51.995745,0,0,18.12,18.25
2026-03-23T01:42:54.615731,0,0,18.12,18.25
2026-03-23T01:42:57.197136,0,0,18.12,18.12
2026-03-23T01:42:59.876632,0,0,18.06,18.12
2026-03-23T01:43:02.556590,0,0,18.06,18.12
2026-03-23T01:43:05.236507,0,0,18.12,18.25
2026-03-23T01:43:07.836448,0,0,18.12,18.25
2026-03-23T01:43:10.496470,0,0,18.12,18.25
2026-03-23T01:43:13.116428,0,0,18.06,18.12
2026-03-23T01:43:15.706395,0,0,18.06,18.25
2026-03-23T01:43:18.286397,0,0,18.12,18.25
2026-03-23T01:43:20.886341,0,0,18.12,18.25
2026-03-23T01:43:23.766335,0,0,18.12,18.25
2026-03-23T01:43:26.566232,0,0,18.12,18.25
2026-03-23T01:43:29.153300,0,0,18.12,18.25
2026-03-23T01:43:31.767123,0,0,18.06,18.25
2026-03-23T01:43:34.367118,0,0,18.12,18.25
2026-03-23T01:43:36.957122,0,0,18.06,18.25
2026-03-23T01:43:39.637104,0,0,18.06,18.25
2026-03-23T01:43:42.225152,0,0,18.06,18.25
2026-03-23T01:43:44.817018,0,0,18.06,18.25
2026-03-23T01:43:47.386798,0,0,18.12,18.12
2026-03-23T01:43:50.076933,0,0,18.06,18.25
2026-03-23T01:43:52.736949,0,0,18.12,18.25
2026-03-23T01:43:55.353984,0,0,18.06,18.25
2026-03-23T01:43:57.936692,0,0,18.06,18.12
2026-03-23T01:44:00.524956,0,0,18.06,18.25
2026-03-23T01:44:03.126627,0,0,18.06,18.25
2026-03-23T01:44:05.698037,0,0,18.12,18.25
2026-03-23T01:44:08.317621,0,0,18.06,18.25
2026-03-23T01:44:10.905761,0,0,18.06,18.25
2026-03-23T01:44:13.497586,0,0,18.06,18.12
2026-03-23T01:44:16.077556,0,0,18.12,18.25
2026-03-23T01:44:18.677466,0,0,18.06,18.12
2026-03-23T01:44:21.287345,0,0,18.06,18.25
2026-03-23T01:44:24.027457,0,0,18.06,18.25
2026-03-23T01:44:26.697268,0,0,18.06,18.12
2026-03-23T01:44:29.287345,0,0,18.06,18.25
2026-03-23T01:44:31.877342,0,0,18.06,18.12
2026-03-23T01:44:34.557117,0,0,18.06,18.25
2026-03-23T01:44:37.127087,0,0,18.06,18.12
2026-03-23T01:44:39.718094,0,0,18.06,18.25
2026-03-23T01:44:42.318074,0,0,18.06,18.25
2026-03-23T01:44:44.918099,0,0,18.06,18.25
2026-03-23T01:44:47.527948,0,0,18.06,18.25
2026-03-23T01:44:50.097906,0,0,18.06,18.12
2026-03-23T01:44:52.647760,0,0,18.12,18.25
2026-03-23T01:44:55.227765,0,0,18.06,18.12
2026-03-23T01:44:57.907735,0,0,18.06,18.12
2026-03-23T01:45:00.527753,0,0,18.06,18.12
2026-03-23T01:45:03.107716,0,0,18.06,18.25
2026-03-23T01:45:05.707568,0,0,18.06,18.25
2026-03-23T01:45:08.276519,0,0,18.06,18.12
2026-03-23T01:45:10.877502,0,0,18.12,18.12
2026-03-23T01:45:13.478479,0,0,18.06,18.12
2026-03-23T01:45:16.148433,0,0,18.06,18.12
2026-03-23T01:45:18.728331,0,0,18.06,18.25
2026-03-23T01:45:21.318324,0,0,18.06,18.12
2026-03-23T01:45:23.915430,0,0,18.06,18.25
2026-03-23T01:45:26.528254,0,0,18.06,18.12
2026-03-23T01:45:29.108201,0,0,18.06,18.25
2026-03-23T01:45:31.698218,0,0,18.06,18.25
2026-03-23T01:45:34.278095,0,0,18.06,18.25
2026-03-23T01:45:36.868044,0,0,18.06,18.25
2026-03-23T01:45:39.474190,0,0,18.06,18.25
2026-03-23T01:45:42.077936,0,0,18.06,18.12
2026-03-23T01:45:44.657904,0,0,18.06,18.25
2026-03-23T01:45:47.328841,0,0,18.06,18.25
2026-03-23T01:45:49.898878,0,0,18.06,18.25
2026-03-23T01:45:52.568824,0,0,18.06,18.12
2026-03-23T01:45:55.165895,0,0,18.06,18.25
2026-03-23T01:45:57.848692,0,0,18.06,18.25
2026-03-23T01:46:00.419002,0,0,18.06,18.12
2026-03-23T01:46:03.088534,0,0,18.06,18.12
2026-03-23T01:46:05.658768,0,0,18.06,18.25
2026-03-23T01:46:08.328488,0,0,18.06,18.12
2026-03-23T01:46:10.938478,0,0,18.06,18.25
2026-03-23T01:46:13.508452,0,0,18.06,18.25
2026-03-23T01:46:16.178478,0,0,18.06,18.12
2026-03-23T01:46:18.838397,0,0,18.06,18.12
2026-03-23T01:46:21.449361,0,0,18.06,18.12
2026-03-23T01:46:24.049219,0,0,18.06,18.12
2026-03-23T01:46:26.879229,0,0,18.06,18.25
2026-03-23T01:46:29.469259,0,0,18.06,18.25
2026-03-23T01:46:32.069155,0,0,18.06,18.12
2026-03-23T01:46:34.649116,0,0,18.06,18.25
2026-03-23T01:46:37.238981,0,0,18.06,18.12
2026-03-23T01:46:39.928986,0,0,18.06,18.25
2026-03-23T01:46:42.508974,0,0,18.06,18.25
2026-03-23T01:46:45.108857,0,0,18.06,18.25
2026-03-23T01:46:47.699018,0,0,18.06,18.12
2026-03-23T01:46:50.278839,0,0,18.06,18.25
2026-03-23T01:46:52.878814,0,0,18.06,18.12
2026-03-23T01:46:55.469695,0,0,18.06,18.12
2026-03-23T01:46:58.209679,0,0,18.06,18.25
2026-03-23T01:47:00.808550,0,0,18.06,18.25
2026-03-23T01:47:03.399480,0,0,18.06,18.12
2026-03-23T01:47:05.989557,0,0,18.06,18.12
2026-03-23T01:47:08.599508,0,0,18.06,18.25
2026-03-23T01:47:11.189480,0,0,18.06,18.12
2026-03-23T01:47:13.769432,0,0,18.06,18.12
2026-03-23T01:47:16.369328,0,0,18.06,18.12
2026-03-23T01:47:19.049345,0,0,18.06,18.12
2026-03-23T01:47:21.629245,0,0,18.06,18.12
2026-03-23T01:47:24.229224,0,0,18.06,18.12
2026-03-23T01:47:26.900118,0,0,18.06,18.12
2026-03-23T01:47:29.480002,0,0,18.06,18.12
2026-03-23T01:47:32.070104,0,0,18.06,18.25
2026-03-23T01:47:34.659931,0,0,18.06,18.25
2026-03-23T01:47:37.249894,0,0,18.0,18.25
2026-03-23T01:47:39.919894,0,0,18.06,18.25
2026-03-23T01:47:42.589807,0,0,18.06,18.12
2026-03-23T01:47:45.159785,0,0,18.0,18.12
2026-03-23T01:47:47.829726,0,0,18.06,18.12
2026-03-23T01:47:50.397996,0,0,18.0,18.12
2026-03-23T01:47:52.989930,0,0,18.06,18.12
2026-03-23T01:47:55.589899,0,0,18.06,18.12
2026-03-23T01:47:58.269889,0,0,18.06,18.12
2026-03-23T01:48:00.869877,0,0,18.06,18.12
2026-03-23T01:48:03.460731,0,0,18.0,18.12
2026-03-23T01:48:06.050713,0,0,18.06,18.12
2026-03-23T01:48:08.630680,0,0,18.06,18.12
2026-03-23T01:48:11.230601,0,0,18.06,18.12
2026-03-23T01:48:13.820430,0,0,18.06,18.12
2026-03-23T01:48:16.420400,0,0,18.06,18.12
2026-03-23T01:48:19.010367,0,0,18.0,18.25
2026-03-23T01:48:21.600293,0,0,18.06,18.25
2026-03-23T01:48:24.260368,0,0,18.0,18.25
2026-03-23T01:48:26.840226,0,0,18.0,18.12
2026-03-23T01:48:29.440145,0,0,18.06,18.12
2026-03-23T01:48:32.030145,0,0,18.06,18.12
2026-03-23T01:48:34.621087,0,0,18.06,18.25
2026-03-23T01:48:37.221063,0,0,18.06,18.12
2026-03-23T01:48:39.811020,0,0,18.0,18.12
2026-03-23T01:48:42.381115,0,0,18.0,18.25
2026-03-23T01:48:44.970896,0,0,18.0,18.12
2026-03-23T01:48:47.570869,0,0,18.06,18.25
2026-03-23T01:48:50.140743,0,0,18.0,18.12
2026-03-23T01:48:52.740728,0,0,18.06,18.25
2026-03-23T01:48:55.330714,0,0,18.0,18.12
2026-03-23T01:48:57.929575,0,0,18.0,18.25
2026-03-23T01:49:00.510747,0,0,18.06,18.12
2026-03-23T01:49:03.170704,0,0,18.06,18.12
2026-03-23T01:49:05.760510,0,0,18.06,18.12
2026-03-23T01:49:08.351438,0,0,18.0,18.12
2026-03-23T01:49:10.951502,0,0,18.06,18.12
2026-03-23T01:49:13.781403,0,0,18.0,18.12
2026-03-23T01:49:16.371305,0,0,18.0,18.12
2026-03-23T01:49:18.941381,0,0,18.0,18.12
2026-03-23T01:49:21.611098,0,0,18.0,18.12
2026-03-23T01:49:24.281092,0,0,18.06,18.12
2026-03-23T01:49:26.861122,0,0,18.06,18.12
2026-03-23T01:49:29.450987,0,0,18.0,18.12
2026-03-23T01:49:32.131031,0,0,18.0,18.25
2026-03-23T01:49:34.701027,0,0,18.0,18.12
2026-03-23T01:49:37.450910,0,0,18.0,18.12
2026-03-23T01:49:40.110841,0,0,18.0,18.12
2026-03-23T01:49:42.691757,0,0,18.06,18.12
2026-03-23T01:49:45.581725,0,0,18.0,18.12
2026-03-23T01:49:48.641658,0,0,18.0,18.12
2026-03-23T01:49:51.300642,0,0,18.0,18.25
2026-03-23T01:49:53.961697,0,0,18.06,18.12
2026-03-23T01:49:56.551516,0,0,18.06,18.12
2026-03-23T01:49:59.220348,0,0,18.0,18.25
2026-03-23T01:50:01.811362,0,0,18.06,18.12
2026-03-23T01:50:04.391306,0,0,18.06,18.12
2026-03-23T01:50:07.001232,0,0,18.0,18.12
2026-03-23T01:50:09.651143,0,0,18.0,18.12
2026-03-23T01:50:12.251161,0,0,18.06,18.12
2026-03-23T01:50:14.841120,0,0,18.06,18.12
2026-03-23T01:50:17.502094,0,0,18.06,18.12
2026-03-23T01:50:20.101934,0,0,18.06,18.12
2026-03-23T01:50:22.681912,0,0,18.06,18.12
2026-03-23T01:50:25.291807,0,0,18.06,18.12
2026-03-23T01:50:27.871779,0,0,18.0,18.12
2026-03-23T01:50:30.531726,0,0,18.0,18.12
2026-03-23T01:50:33.191653,0,0,18.06,18.12
2026-03-23T01:50:35.791591,0,0,18.0,18.12
2026-03-23T01:50:38.361632,0,0,18.0,18.12
2026-03-23T01:50:41.031501,0,0,18.0,18.12
2026-03-23T01:50:43.691524,0,0,18.0,18.12
2026-03-23T01:50:46.431440,0,0,18.06,18.12
2026-03-23T01:50:49.021447,0,0,18.06,18.12
2026-03-23T01:50:51.612411,0,0,18.0,18.12
2026-03-23T01:50:54.262241,0,0,18.0,18.12
2026-03-23T01:50:56.852140,0,0,18.0,18.12
2026-03-23T01:50:59.510096,0,0,18.0,18.12
2026-03-23T01:51:02.112023,0,0,18.06,18.12
2026-03-23T01:51:04.702106,0,0,18.06,18.12
2026-03-23T01:51:07.291914,0,0,18.0,18.12
2026-03-23T01:51:10.029860,0,0,18.0,18.12
2026-03-23T01:51:12.711873,0,0,18.06,18.25
2026-03-23T01:51:15.451742,0,0,18.0,18.12
2026-03-23T01:51:18.041773,0,0,18.06,18.12
2026-03-23T01:51:20.621668,0,0,18.0,18.12
2026-03-23T01:51:23.221557,0,0,18.06,18.12
2026-03-23T01:51:25.902626,0,0,18.0,18.12
2026-03-23T01:51:28.460407,0,0,18.0,18.25
2026-03-23T01:51:31.062408,0,0,18.0,18.12
2026-03-23T01:51:33.662458,0,0,18.0,18.12
2026-03-23T01:51:36.252236,0,0,18.0,18.12
2026-03-23T01:51:38.822328,0,0,18.0,18.12
2026-03-23T01:51:41.490167,0,0,18.0,18.12
2026-03-23T01:51:44.082237,0,0,18.06,18.12
2026-03-23T01:51:46.660144,0,0,18.0,18.12
2026-03-23T01:51:49.332082,0,0,18.06,18.12
2026-03-23T01:51:51.942105,0,0,18.0,18.12
2026-03-23T01:51:54.511907,0,0,18.06,18.12
2026-03-23T01:51:57.110886,0,0,18.06,18.12
2026-03-23T01:51:59.711797,0,0,18.06,18.12
2026-03-23T01:52:02.452720,0,0,18.0,18.12
2026-03-23T01:52:05.132683,0,0,18.0,18.12
2026-03-23T01:52:07.702703,0,0,18.0,18.12
2026-03-23T01:52:10.371638,0,0,18.0,18.12
2026-03-23T01:52:12.970534,0,0,18.06,18.12
2026-03-23T01:52:15.562546,0,0,18.0,18.12
2026-03-23T01:52:18.142704,0,0,18.06,18.12
2026-03-23T01:52:20.752382,0,0,18.06,18.12
2026-03-23T01:52:23.332347,0,0,18.0,18.12
2026-03-23T01:52:26.001210,0,0,18.0,18.12
2026-03-23T01:52:28.672188,0,0,18.0,18.12
2026-03-23T01:52:31.323200,0,0,18.06,18.12
2026-03-23T01:52:33.912268,0,0,18.06,18.12
2026-03-23T01:52:36.643114,0,0,18.06,18.12
2026-03-23T01:52:39.243010,0,0,18.06,18.12
2026-03-23T01:52:41.922988,0,0,18.06,18.12
2026-03-23T01:52:44.502963,0,0,18.06,18.12
2026-03-23T01:52:47.092873,0,0,18.0,18.12
2026-03-23T01:52:49.842875,0,0,18.06,18.12
2026-03-23T01:52:52.787879,0,0,18.06,18.12
2026-03-23T01:52:55.182284,0,0,18.0,18.12
2026-03-23T01:52:57.862402,0,0,18.0,18.12
2026-03-23T01:53:00.522297,0,0,18.06,18.12
2026-03-23T01:53:03.102197,0,0,18.06,18.12
2026-03-23T01:53:05.773261,0,0,18.0,18.12
2026-03-23T01:53:08.362970,0,0,18.0,18.12
2026-03-23T01:53:10.943002,0,0,18.0,18.12
2026-03-23T01:53:13.533013,0,0,18.0,18.12
2026-03-23T01:53:16.132900,0,0,18.06,18.12
2026-03-23T01:53:18.732980,0,0,18.06,18.12
2026-03-23T01:53:21.301781,0,0,18.06,18.12
2026-03-23T01:53:23.892648,0,0,18.06,18.12
2026-03-23T01:53:26.562650,0,0,18.0,18.12
2026-03-23T01:53:29.241568,0,0,18.0,18.12
2026-03-23T01:53:31.832473,0,0,18.0,18.12
2026-03-23T01:53:34.402494,0,0,18.06,18.12
2026-03-23T01:53:37.002573,0,0,18.0,18.12
2026-03-23T01:53:39.593388,0,0,18.06,18.12
2026-03-23T01:53:42.273375,0,0,18.06,18.12
2026-03-23T01:53:44.843185,0,0,18.0,18.25
2026-03-23T01:53:47.503137,0,0,18.0,18.12
2026-03-23T01:53:50.082074,0,0,18.06,18.12
2026-03-23T01:53:52.673104,0,0,18.0,18.12
2026-03-23T01:53:55.362932,0,0,18.0,18.25
2026-03-23T01:53:57.932986,0,0,18.06,18.12
2026-03-23T01:54:00.602881,0,0,18.06,18.12
2026-03-23T01:54:03.182835,0,0,18.0,18.12
2026-03-23T01:54:05.771672,0,0,18.06,18.12
2026-03-23T01:54:08.362711,0,0,18.06,18.12
2026-03-23T01:54:11.102584,0,0,18.0,18.12
2026-03-23T01:54:13.783558,0,0,18.06,18.12
2026-03-23T01:54:16.463021,0,0,18.06,18.12
2026-03-23T01:54:19.193437,0,0,18.0,18.12
2026-03-23T01:54:21.933371,0,0,18.0,18.12
2026-03-23T01:54:24.503295,0,0,18.06,18.12
2026-03-23T01:54:27.183190,0,0,18.06,18.12
2026-03-23T01:54:29.773269,0,0,18.06,18.12
2026-03-23T01:54:32.353168,0,0,18.06,18.12
2026-03-23T01:54:35.023057,0,0,18.06,18.12
2026-03-23T01:54:37.693007,0,0,18.06,18.12
2026-03-23T01:54:40.273003,0,0,18.06,18.12
2026-03-23T01:54:42.942906,0,0,18.0,18.12
2026-03-23T01:54:45.592955,0,0,18.06,18.12
2026-03-23T01:54:48.183775,0,0,18.0,18.12
2026-03-23T01:54:50.853727,0,0,18.0,18.12
2026-03-23T01:54:53.493674,0,0,18.0,18.12
2026-03-23T01:54:56.133611,0,0,18.0,18.12
2026-03-23T01:54:58.723466,0,0,18.06,18.12
2026-03-23T01:55:01.393496,0,0,18.0,18.12
2026-03-23T01:55:04.222461,0,0,18.06,18.12
2026-03-23T01:55:06.813478,0,0,18.06,18.12
2026-03-23T01:55:09.403275,0,0,18.0,18.12
2026-03-23T01:55:11.993261,0,0,18.0,18.12
2026-03-23T01:55:14.563140,0,0,18.06,18.12
2026-03-23T01:55:17.153154,0,0,18.06,18.12
2026-03-23T01:55:19.743104,0,0,18.0,18.12
2026-03-23T01:55:22.334060,0,0,18.06,18.12
2026-03-23T01:55:25.003946,0,0,18.06,18.12
2026-03-23T01:55:27.833991,0,0,18.06,18.12
2026-03-23T01:55:30.423777,0,0,18.06,18.12
2026-03-23T01:55:33.003729,0,0,18.06,18.12
2026-03-23T01:55:35.593736,0,0,18.06,18.12
2026-03-23T01:55:38.182649,0,0,18.06,18.12
2026-03-23T01:55:40.923026,0,0,18.0,18.12
2026-03-23T01:55:43.523559,0,0,18.06,18.12
2026-03-23T01:55:46.112415,0,0,18.06,18.12
2026-03-23T01:55:48.793498,0,0,18.0,18.12
2026-03-23T01:55:51.353403,0,0,18.06,18.12
2026-03-23T01:55:53.954363,0,0,18.06,18.12
2026-03-23T01:55:56.544197,0,0,18.0,18.12
2026-03-23T01:55:59.124197,0,0,18.06,18.12
2026-03-23T01:56:01.814145,0,0,18.06,18.12
2026-03-23T01:56:04.383061,0,0,18.06,18.12
2026-03-23T01:56:06.974090,0,0,18.06,18.12
2026-03-23T01:56:09.663954,0,0,18.0,18.12
2026-03-23T01:56:12.393912,0,0,18.06,18.12
2026-03-23T01:56:15.063769,0,0,18.06,18.12
2026-03-23T01:56:17.793847,0,0,18.06,18.12
2026-03-23T01:56:20.473714,0,0,18.06,18.12
2026-03-23T01:56:23.063561,0,0,18.06,18.12
2026-03-23T01:56:25.663585,0,0,18.06,18.12
2026-03-23T01:56:28.254512,0,0,18.06,18.12
2026-03-23T01:56:30.984558,0,0,18.06,18.12
2026-03-23T01:56:33.674431,0,0,18.0,18.12
2026-03-23T01:56:36.244292,0,0,18.06,18.12
2026-03-23T01:56:38.914353,0,0,18.06,18.12
2026-03-23T01:56:41.504195,0,0,18.0,18.12
2026-03-23T01:56:44.174085,0,0,18.0,18.12
2026-03-23T01:56:46.754157,0,0,18.0,18.12
2026-03-23T01:56:49.343991,0,0,18.06,18.12
2026-03-23T01:56:51.923963,0,0,18.06,18.12
2026-03-23T01:56:54.523902,0,0,18.06,18.12
2026-03-23T01:56:57.283833,0,0,18.06,18.12
2026-03-23T01:56:59.874789,0,0,18.06,18.12
2026-03-23T01:57:02.444973,0,0,18.06,18.12
2026-03-23T01:57:05.044582,0,0,18.06,18.12
2026-03-23T01:57:07.624688,0,0,18.0,18.12
2026-03-23T01:57:10.284662,0,0,18.06,18.12
2026-03-23T01:57:12.884459,0,0,18.06,18.12
2026-03-23T01:57:15.464411,0,0,18.06,18.12
2026-03-23T01:57:18.064368,0,0,18.0,18.12
2026-03-23T01:57:20.734410,0,0,18.06,18.12
2026-03-23T01:57:23.324209,0,0,18.06,18.12
2026-03-23T01:57:25.994241,0,0,18.06,18.12
2026-03-23T01:57:28.654127,0,0,18.06,18.12
2026-03-23T01:57:31.234052,0,0,18.06,18.12
2026-03-23T01:57:33.824084,0,0,18.06,18.12
2026-03-23T01:57:36.483929,0,0,18.06,18.12
2026-03-23T01:57:39.074850,0,0,18.06,18.12
2026-03-23T01:57:41.744869,0,0,18.06,18.12
2026-03-23T01:57:44.404743,0,0,18.06,18.12
2026-03-23T01:57:47.004713,0,0,18.06,18.12
2026-03-23T01:57:49.594697,0,0,18.06,18.12
2026-03-23T01:57:52.334544,0,0,18.06,18.12
2026-03-23T01:57:54.994551,0,0,18.06,18.12
2026-03-23T01:57:57.584418,0,0,18.06,18.12
2026-03-23T01:58:00.174371,0,0,18.06,18.12
2026-03-23T01:58:02.864318,0,0,18.0,18.12
2026-03-23T01:58:05.534303,0,0,18.06,18.12
2026-03-23T01:58:08.255197,0,0,18.06,18.12
2026-03-23T01:58:10.925173,0,0,18.06,18.12
2026-03-23T01:58:13.605124,0,0,18.06,18.12
2026-03-23T01:58:16.273225,0,0,18.06,18.12
2026-03-23T01:58:18.854941,0,0,18.06,18.12
2026-03-23T01:58:21.444965,0,0,18.0,18.12
2026-03-23T01:58:24.394809,0,0,18.0,18.12
2026-03-23T01:58:26.984761,0,0,18.06,18.12
2026-03-23T01:58:29.654704,0,0,18.06,18.12
2026-03-23T01:58:32.244618,0,0,18.06,18.12
2026-03-23T01:58:34.834560,0,0,18.06,18.12
2026-03-23T01:58:37.424488,0,0,18.06,18.12
2026-03-23T01:58:40.014411,0,0,18.06,18.12
2026-03-23T01:58:42.625419,0,0,18.06,18.12
2026-03-23T01:58:45.203321,0,0,18.06,18.12
2026-03-23T01:58:47.795255,0,0,18.06,18.12
2026-03-23T01:58:50.395165,0,0,18.06,18.12
2026-03-23T01:58:53.075173,0,0,18.06,18.12
2026-03-23T01:58:55.655111,0,0,18.06,18.12
2026-03-23T01:58:58.244994,0,0,18.06,18.12
2026-03-23T01:59:00.825041,0,0,18.0,18.12
2026-03-23T01:59:03.485074,0,0,18.0,18.12
2026-03-23T01:59:06.244883,0,0,18.06,18.12
2026-03-23T01:59:08.893179,0,0,18.06,18.12
2026-03-23T01:59:11.494791,0,0,18.06,18.12
2026-03-23T01:59:14.194756,0,0,18.06,18.12
2026-03-23T01:59:16.775569,0,0,18.06,18.12
2026-03-23T01:59:19.455709,0,0,18.0,18.12
2026-03-23T01:59:22.025450,0,0,18.06,18.12
2026-03-23T01:59:24.625378,0,0,18.0,18.12
2026-03-23T01:59:27.215295,0,0,18.06,18.12
2026-03-23T01:59:29.885322,0,0,18.0,18.12
2026-03-23T01:59:32.475262,0,0,18.06,18.12
2026-03-23T01:59:35.065227,0,0,18.06,18.12
2026-03-23T01:59:37.645290,0,0,18.06,18.12
2026-03-23T01:59:40.254969,0,0,18.06,18.12
2026-03-23T01:59:42.925129,0,0,18.06,18.12
2026-03-23T01:59:45.505062,0,0,18.06,18.12
2026-03-23T01:59:48.094821,0,0,18.06,18.12
2026-03-23T01:59:50.695777,0,0,18.0,18.12
2026-03-23T01:59:53.265711,0,0,18.06,18.12
2026-03-23T01:59:55.875618,0,0,18.0,18.12
2026-03-23T01:59:58.474612,0,0,18.06,18.12
2026-03-23T02:00:01.075557,0,0,18.06,18.12
