timestamp,lj_valve_state,lj_pump_state,temp0,temp1
2026-03-29T00:00:02.492754,0,0,20.56,20.5
2026-03-29T00:00:05.261667,0,0,20.62,20.5
2026-03-29T00:00:07.971531,0,0,20.75,20.5
2026-03-29T00:00:10.911480,0,0,20.75,20.5
2026-03-29T00:00:13.531351,0,0,20.69,20.5
2026-03-29T00:00:16.471279,0,0,20.62,20.5
2026-03-29T00:00:19.090148,0,0,20.75,20.5
2026-03-29T00:00:21.771109,0,0,20.69,20.5
2026-03-29T00:00:24.331069,0,0,20.69,20.5
2026-03-29T00:00:27.020956,0,0,20.56,20.5
2026-03-29T00:00:29.651894,0,0,20.81,20.5
2026-03-29T00:00:32.660713,0,0,20.62,20.5
2026-03-29T00:00:35.441692,0,0,20.81,20.62
2026-03-29T00:00:38.070458,0,0,20.81,20.62
2026-03-29T00:00:40.801424,0,0,20.69,20.5
2026-03-29T00:00:43.351249,0,0,20.75,20.5
2026-03-29T00:00:46.351308,0,0,20.56,20.5
2026-03-29T00:00:49.361129,0,0,20.87,20.5
2026-03-29T00:00:52.081022,0,0,20.81,20.5
2026-03-29T00:00:54.791019,0,0,20.81,20.5
2026-03-29T00:00:57.390848,0,0,20.69,20.5
2026-03-29T00:01:00.010823,0,0,20.62,20.5
2026-03-29T00:01:02.561294,0,0,20.69,20.5
2026-03-29T00:01:05.161619,0,0,20.62,20.5
2026-03-29T00:01:07.711438,0,0,20.62,20.5
2026-03-29T00:01:10.571345,0,0,20.56,20.5
2026-03-29T00:01:13.591311,0,0,20.81,20.5
2026-03-29T00:01:16.667189,0,0,21.06,20.5
2026-03-29T00:01:19.301117,0,0,21.06,20.5
2026-03-29T00:01:22.061000,0,0,20.69,20.5
2026-03-29T00:01:24.611005,0,0,20.81,20.5
2026-03-29T00:01:27.380862,0,0,20.56,20.5
2026-03-29T00:01:30.090795,0,0,20.81,20.62
2026-03-29T00:01:32.650638,0,0,20.69,20.5
2026-03-29T00:01:35.251546,0,0,20.56,20.5
2026-03-29T00:01:38.021489,0,0,20.62,20.5
2026-03-29T00:01:40.798724,0,0,20.81,20.62
2026-03-29T00:01:43.291260,0,0,20.69,20.5
2026-03-29T00:01:46.311164,0,0,20.69,20.5
2026-03-29T00:01:48.931136,0,0,20.81,20.5
2026-03-29T00:01:51.550997,0,0,20.62,20.5
2026-03-29T00:01:54.170946,0,0,20.62,20.5
2026-03-29T00:01:57.245803,0,0,20.87,20.5
2026-03-29T00:01:59.880672,0,0,20.87,20.62
2026-03-29T00:02:02.440589,0,0,20.69,20.5
2026-03-29T00:02:05.060640,0,0,20.62,20.5
2026-03-29T00:02:07.691442,0,0,20.69,20.5
2026-03-29T00:02:10.701362,0,0,20.69,20.5
2026-03-29T00:02:13.786278,0,0,21.0,20.5
2026-03-29T00:02:16.561251,0,0,20.56,20.5
2026-03-29T00:02:19.111110,0,0,20.81,20.5
2026-03-29T00:02:22.051039,0,0,20.56,20.5
2026-03-29T00:02:24.900985,0,0,20.69,20.5
2026-03-29T00:02:27.680797,0,0,20.81,20.5
2026-03-29T00:02:30.300677,0,0,20.87,20.5
2026-03-29T00:02:32.850694,0,0,20.62,20.5
2026-03-29T00:02:35.550598,0,0,20.56,20.5
2026-03-29T00:02:38.110497,0,0,20.75,20.5
2026-03-29T00:02:40.881432,0,0,20.56,20.5
2026-03-29T00:02:43.431279,0,0,20.69,20.5
2026-03-29T00:02:46.201228,0,0,20.56,20.5
2026-03-29T00:02:49.277197,0,0,20.81,20.5
2026-03-29T00:02:51.860056,0,0,20.81,20.5
2026-03-29T00:02:54.481008,0,0,20.62,20.5
2026-03-29T00:02:57.100849,0,0,20.56,20.5
2026-03-29T00:02:59.800638,0,0,20.62,20.5
2026-03-29T00:03:02.351171,0,0,20.62,20.62
2026-03-29T00:03:05.120517,0,0,20.56,20.5
2026-03-29T00:03:08.110480,0,0,20.75,20.5
2026-03-29T00:03:10.970361,0,0,20.69,20.5
2026-03-29T00:03:14.047246,0,0,20.75,20.5
2026-03-29T00:03:16.601170,0,0,20.75,20.5
2026-03-29T00:03:19.151074,0,0,20.56,20.5
2026-03-29T00:03:21.770971,0,0,20.56,20.5
2026-03-29T00:03:24.370881,0,0,20.62,20.5
2026-03-29T00:03:27.000785,0,0,20.62,20.5
2026-03-29T00:03:29.548805,0,0,20.69,20.5
2026-03-29T00:03:32.150661,0,0,20.56,20.5
2026-03-29T00:03:34.700521,0,0,20.62,20.5
2026-03-29T00:03:37.300494,0,0,20.56,20.5
2026-03-29T00:03:39.870446,0,0,20.62,20.5
2026-03-29T00:03:42.470328,0,0,20.62,20.5
2026-03-29T00:03:45.490296,0,0,20.62,20.5
2026-03-29T00:03:48.111153,0,0,20.81,20.5
2026-03-29T00:03:51.187106,0,0,20.56,20.5
2026-03-29T00:03:53.901030,0,0,20.56,20.5
2026-03-29T00:03:56.520946,0,0,20.62,20.5
2026-03-29T00:03:59.140825,0,0,20.62,20.5
2026-03-29T00:04:01.760696,0,0,20.62,20.5
2026-03-29T00:04:04.380626,0,0,20.56,20.5
2026-03-29T00:04:06.990620,0,0,20.62,20.5
2026-03-29T00:04:09.690513,0,0,20.62,20.5
2026-03-29T00:04:12.390416,0,0,20.69,20.5
2026-03-29T00:04:14.990365,0,0,20.69,20.5
2026-03-29T00:04:17.690228,0,0,20.56,20.5
2026-03-29T00:04:20.551164,0,0,20.62,20.62
2026-03-29T00:04:23.491115,0,0,20.75,20.5
2026-03-29T00:04:26.431001,0,0,20.69,20.5
2026-03-29T00:04:29.052326,0,0,20.94,20.5
2026-03-29T00:04:31.660823,0,0,20.62,20.5
2026-03-29T00:04:34.210816,0,0,20.69,20.5
2026-03-29T00:04:36.829733,0,0,20.56,20.5
2026-03-29T00:04:39.589635,0,0,20.62,20.5
2026-03-29T00:04:42.150554,0,0,20.75,20.5
2026-03-29T00:04:44.770482,0,0,20.56,20.5
2026-03-29T00:04:47.460386,0,0,20.62,20.5
2026-03-29T00:04:50.010380,0,0,20.69,20.5
2026-03-29T00:04:52.700210,0,0,20.56,20.5
2026-03-29T00:04:55.331246,0,0,20.62,20.5
2026-03-29T00:04:58.031116,0,0,20.62,20.5
2026-03-29T00:05:00.630054,0,0,20.69,20.5
2026-03-29T00:05:03.251127,0,0,20.56,20.5
2026-03-29T00:05:06.189841,0,0,20.62,20.5
2026-03-29T00:05:08.810738,0,0,20.75,20.5
2026-03-29T00:05:11.500664,0,0,20.62,20.5
2026-03-29T00:05:14.050617,0,0,20.69,20.5
2026-03-29T00:05:16.750519,0,0,20.56,20.5
2026-03-29T00:05:19.370407,0,0,20.69,20.5
2026-03-29T00:05:21.990327,0,0,20.62,20.5
2026-03-29T00:05:25.067293,0,0,20.75,20.5
2026-03-29T00:05:27.781268,0,0,20.75,20.5
2026-03-29T00:05:30.481147,0,0,20.69,20.5
2026-03-29T00:05:33.031138,0,0,20.62,20.5
2026-03-29T00:05:35.631029,0,0,20.56,20.5
2026-03-29T00:05:38.250965,0,0,20.56,20.5
2026-03-29T00:05:40.810902,0,0,20.56,20.5
2026-03-29T00:05:43.410751,0,0,20.56,20.5
2026-03-29T00:05:46.110742,0,0,20.56,20.5
2026-03-29T00:05:48.810624,0,0,20.62,20.5
2026-03-29T00:05:51.640513,0,0,20.75,20.5
2026-03-29T00:05:54.190563,0,0,20.75,20.5
2026-03-29T00:05:56.890328,0,0,20.56,20.5
2026-03-29T00:05:59.651213,0,0,20.62,20.5
2026-03-29T00:06:02.211175,0,0,20.75,20.5
2026-03-29T00:06:04.830131,0,0,20.56,20.5
2026-03-29T00:06:07.691019,0,0,20.56,20.5
2026-03-29T00:06:10.460999,0,0,20.75,20.5
2026-03-29T00:06:13.080989,0,0,20.69,20.62
2026-03-29T00:06:15.720709,0,0,20.62,20.5
2026-03-29T00:06:18.270763,0,0,20.62,20.5
2026-03-29T00:06:21.110723,0,0,20.5,20.5
2026-03-29T00:06:23.690613,0,0,20.69,20.5
2026-03-29T00:06:26.240495,0,0,20.56,20.5
2026-03-29T00:06:28.790462,0,0,20.5,20.5
2026-03-29T00:06:31.411316,0,0,20.5,20.5
2026-03-29T00:06:34.088218,0,0,20.62,20.5
2026-03-29T00:06:36.790310,0,0,20.56,20.5
2026-03-29T00:06:39.390286,0,0,20.62,20.5
2026-03-29T00:06:42.199625,0,0,20.62,20.5
2026-03-29T00:06:44.700710,0,0,20.56,20.5
2026-03-29T00:06:47.410641,0,0,20.62,20.5
2026-03-29T00:06:50.100477,0,0,20.62,20.5
2026-03-29T00:06:52.710318,0,0,20.62,20.5
2026-03-29T00:06:55.498468,0,0,20.56,20.5
2026-03-29T00:06:58.109206,0,0,20.69,20.5
2026-03-29T00:07:00.660057,0,0,20.62,20.5
2026-03-29T00:07:03.361174,0,0,20.56,20.5
2026-03-29T00:07:06.101060,0,0,20.62,20.5
2026-03-29T00:07:08.699972,0,0,20.56,20.5
2026-03-29T00:07:11.399032,0,0,20.56,20.5
2026-03-29T00:07:14.029819,0,0,20.62,20.5
2026-03-29T00:07:16.590719,0,0,20.56,20.5
2026-03-29T00:07:19.270665,0,0,20.56,20.5
2026-03-29T00:07:21.830534,0,0,20.56,20.5
2026-03-29T00:07:24.450486,0,0,20.56,20.5
2026-03-29T00:07:27.060368,0,0,20.56,20.5
2026-03-29T00:07:29.610335,0,0,20.56,20.5
2026-03-29T00:07:32.228434,0,0,20.56,20.5
2026-03-29T00:07:35.250202,0,0,20.56,20.5
2026-03-29T00:07:37.931060,0,0,20.75,20.5
2026-03-29T00:07:40.481012,0,0,20.62,20.5
2026-03-29T00:07:43.190969,0,0,20.5,20.5
2026-03-29T00:07:45.860847,0,0,20.62,20.5
2026-03-29T00:07:48.410829,0,0,20.56,20.5
2026-03-29T00:07:51.030747,0,0,20.56,20.5
2026-03-29T00:07:53.629624,0,0,20.5,20.5
2026-03-29T00:07:56.230636,0,0,20.56,20.5
2026-03-29T00:07:59.000489,0,0,20.56,20.5
2026-03-29T00:08:01.800369,0,0,20.69,20.5
2026-03-29T00:08:04.410378,0,0,20.62,20.5
2026-03-29T00:08:07.430364,0,0,20.56,20.5
2026-03-29T00:08:10.131234,0,0,20.75,20.5
2026-03-29T00:08:12.871146,0,0,20.62,20.5
2026-03-29T00:08:15.491179,0,0,20.56,20.5
2026-03-29T00:08:18.111004,0,0,20.56,20.5
2026-03-29T00:08:20.710925,0,0,20.56,20.5
2026-03-29T00:08:23.330914,0,0,20.56,20.5
2026-03-29T00:08:26.029870,0,0,20.56,20.5
2026-03-29T00:08:28.630703,0,0,20.62,20.5
2026-03-29T00:08:31.330643,0,0,20.56,20.5
2026-03-29T00:08:33.930592,0,0,20.62,20.5
2026-03-29T00:08:36.540439,0,0,20.56,20.5
2026-03-29T00:08:39.090431,0,0,20.56,20.5
2026-03-29T00:08:41.770344,0,0,20.5,20.5
2026-03-29T00:08:44.631303,0,0,20.56,20.5
2026-03-29T00:08:47.221226,0,0,20.62,20.5
2026-03-29T00:08:49.921177,0,0,20.56,20.5
2026-03-29T00:08:52.471051,0,0,20.56,20.5
2026-03-29T00:08:55.061051,0,0,20.5,20.5
2026-03-29T00:08:57.761003,0,0,20.56,20.5
2026-03-29T00:09:00.310906,0,0,20.56,20.5
2026-03-29T00:09:02.910769,0,0,20.5,20.5
2026-03-29T00:09:05.831179,0,0,20.56,20.5
2026-03-29T00:09:08.450659,0,0,20.62,20.5
2026-03-29T00:09:11.150590,0,0,20.56,20.5
2026-03-29T00:09:13.760491,0,0,20.62,20.5
2026-03-29T00:09:16.461544,0,0,20.56,20.5
2026-03-29T00:09:19.071485,0,0,20.56,20.5
2026-03-29T00:09:21.771265,0,0,20.56,20.37
2026-03-29T00:09:24.631266,0,0,20.62,20.5
2026-03-29T00:09:27.571153,0,0,20.69,20.5
2026-03-29T00:09:30.189318,0,0,20.62,20.5
2026-03-29T00:09:33.080795,0,0,20.5,20.5
2026-03-29T00:09:35.849101,0,0,20.56,20.5
2026-03-29T00:09:38.740867,0,0,20.62,20.5
2026-03-29T00:09:41.370929,0,0,20.62,20.5
2026-03-29T00:09:44.219091,0,0,20.56,20.5
2026-03-29T00:09:47.080848,0,0,20.62,20.5
2026-03-29T00:09:49.771622,0,0,20.56,20.5
2026-03-29T00:09:52.381540,0,0,20.56,20.5
2026-03-29T00:09:55.151548,0,0,20.5,20.5
2026-03-29T00:09:57.751336,0,0,20.62,20.5
2026-03-29T00:10:00.369481,0,0,20.5,20.5
2026-03-29T00:10:02.971221,0,0,20.56,20.5
2026-03-29T00:10:05.901286,0,0,20.5,20.5
2026-03-29T00:10:08.501130,0,0,20.56,20.5
2026-03-29T00:10:11.201104,0,0,20.5,20.5
2026-03-29T00:10:13.810959,0,0,20.56,20.5
2026-03-29T00:10:16.411005,0,0,20.5,20.5
2026-03-29T00:10:19.248772,0,0,20.56,20.5
2026-03-29T00:10:21.871730,0,0,20.62,20.5
2026-03-29T00:10:24.491659,0,0,20.5,20.5
2026-03-29T00:10:27.081593,0,0,20.56,20.5
2026-03-29T00:10:29.632389,0,0,20.5,20.37
2026-03-29T00:10:32.250593,0,0,20.5,20.5
2026-03-29T00:10:34.841490,0,0,20.56,20.5
2026-03-29T00:10:37.461500,0,0,20.5,20.5
2026-03-29T00:10:40.081299,0,0,20.56,20.5
2026-03-29T00:10:42.631209,0,0,20.5,20.5
2026-03-29T00:10:45.221062,0,0,20.5,20.5
2026-03-29T00:10:47.830971,0,0,20.56,20.5
2026-03-29T00:10:50.451063,0,0,20.56,20.5
2026-03-29T00:10:53.140865,0,0,20.5,20.5
2026-03-29T00:10:55.832323,0,0,20.56,20.5
2026-03-29T00:10:58.431745,0,0,20.56,20.5
2026-03-29T00:11:00.991665,0,0,20.56,20.5
2026-03-29T00:11:03.611668,0,0,20.5,20.5
2026-03-29T00:11:06.281602,0,0,20.56,20.5
2026-03-29T00:11:08.831527,0,0,20.56,20.5
2026-03-29T00:11:11.521457,0,0,20.5,20.5
2026-03-29T00:11:14.111347,0,0,20.56,20.5
2026-03-29T00:11:16.661334,0,0,20.5,20.37
2026-03-29T00:11:19.211175,0,0,20.5,20.5
2026-03-29T00:11:21.881225,0,0,20.5,20.5
2026-03-29T00:11:24.891038,0,0,20.62,20.5
2026-03-29T00:11:27.511057,0,0,20.62,20.5
2026-03-29T00:11:30.131888,0,0,20.5,20.5
2026-03-29T00:11:32.882037,0,0,20.56,20.5
2026-03-29T00:11:35.611804,0,0,20.62,20.5
2026-03-29T00:11:38.381760,0,0,20.62,20.5
2026-03-29T00:11:41.001680,0,0,20.62,20.5
2026-03-29T00:11:43.771947,0,0,20.56,20.5
2026-03-29T00:11:46.311972,0,0,20.56,20.5
2026-03-29T00:11:49.012044,0,0,20.62,20.5
2026-03-29T00:11:51.621844,0,0,20.56,20.5
2026-03-29T00:11:54.301792,0,0,20.5,20.5
2026-03-29T00:11:56.911742,0,0,20.56,20.5
2026-03-29T00:11:59.531604,0,0,20.5,20.5
2026-03-29T00:12:02.282567,0,0,20.56,20.5
2026-03-29T00:12:05.432584,0,0,20.56,20.5
2026-03-29T00:12:08.052358,0,0,20.56,20.5
2026-03-29T00:12:10.983211,0,0,20.56,20.5
2026-03-29T00:12:13.532221,0,0,20.62,20.5
2026-03-29T00:12:16.382243,0,0,20.5,20.5
2026-03-29T00:12:18.992084,0,0,20.69,20.5
2026-03-29T00:12:21.672045,0,0,20.5,20.5
2026-03-29T00:12:24.291929,0,0,20.56,20.5
2026-03-29T00:12:26.911914,0,0,20.5,20.5
2026-03-29T00:12:29.511834,0,0,20.5,20.5
2026-03-29T00:12:32.129791,0,0,20.5,20.5
2026-03-29T00:12:34.732662,0,0,20.56,20.5
2026-03-29T00:12:37.322709,0,0,20.5,20.5
2026-03-29T00:12:39.932564,0,0,20.56,20.5
2026-03-29T00:12:42.552536,0,0,20.56,20.5
2026-03-29T00:12:45.152405,0,0,20.56,20.5
2026-03-29T00:12:47.772316,0,0,20.5,20.5
2026-03-29T00:12:50.362327,0,0,20.56,20.5
2026-03-29T00:12:52.912195,0,0,20.5,20.5
2026-03-29T00:12:55.602190,0,0,20.5,20.5
2026-03-29T00:12:58.182054,0,0,20.56,20.5
2026-03-29T00:13:00.732103,0,0,20.5,20.5
2026-03-29T00:13:03.333543,0,0,20.5,20.5
2026-03-29T00:13:06.081996,0,0,20.56,20.5
2026-03-29T00:13:09.158910,0,0,20.62,20.5
2026-03-29T00:13:11.792705,0,0,20.62,20.5
2026-03-29T00:13:14.632727,0,0,20.56,20.5
2026-03-29T00:13:17.332567,0,0,20.62,20.5
2026-03-29T00:13:20.092489,0,0,20.56,20.5
2026-03-29T00:13:23.102459,0,0,20.62,20.5
2026-03-29T00:13:26.132312,0,0,20.69,20.5
2026-03-29T00:13:28.832255,0,0,20.75,20.5
2026-03-29T00:13:31.502209,0,0,20.62,20.5
2026-03-29T00:13:34.452058,0,0,20.62,20.5
2026-03-29T00:13:37.132036,0,0,20.75,20.5
2026-03-29T00:13:39.693049,0,0,20.56,20.5
2026-03-29T00:13:42.373023,0,0,20.5,20.5
2026-03-29T00:13:44.992985,0,0,20.56,20.5
2026-03-29T00:13:47.612845,0,0,20.5,20.37
2026-03-29T00:13:50.472757,0,0,20.5,20.5
2026-03-29T00:13:53.072763,0,0,20.62,20.5
2026-03-29T00:13:56.148597,0,0,20.62,20.5
2026-03-29T00:13:58.762556,0,0,20.62,20.5
2026-03-29T00:14:01.382540,0,0,20.56,20.5
2026-03-29T00:14:03.932493,0,0,20.56,20.5
2026-03-29T00:14:06.532318,0,0,20.5,20.5
2026-03-29T00:14:09.522309,0,0,20.5,20.5
2026-03-29T00:14:12.153171,0,0,20.62,20.5
2026-03-29T00:14:14.923215,0,0,20.56,20.5
2026-03-29T00:14:17.553140,0,0,20.62,20.5
2026-03-29T00:14:20.233050,0,0,20.56,20.5
2026-03-29T00:14:22.851274,0,0,20.62,20.5
2026-03-29T00:14:25.873002,0,0,20.5,20.5
2026-03-29T00:14:28.948951,0,0,20.56,20.5
2026-03-29T00:14:31.572720,0,0,20.56,20.5
2026-03-29T00:14:34.172662,0,0,20.56,20.5
2026-03-29T00:14:36.872617,0,0,20.5,20.5
2026-03-29T00:14:39.949582,0,0,20.56,20.5
2026-03-29T00:14:42.572465,0,0,20.56,20.5
2026-03-29T00:14:45.192357,0,0,20.56,20.5
2026-03-29T00:14:47.813518,0,0,20.56,20.5
2026-03-29T00:14:50.412218,0,0,20.56,20.5
2026-03-29T00:14:53.033327,0,0,20.5,20.5
2026-03-29T00:14:55.703135,0,0,20.56,20.5
2026-03-29T00:14:58.673117,0,0,20.56,20.5
2026-03-29T00:15:01.353018,0,0,20.69,20.5
2026-03-29T00:15:04.062929,0,0,20.56,20.5
2026-03-29T00:15:07.093039,0,0,20.5,20.5
2026-03-29T00:15:09.682865,0,0,20.5,20.5
2026-03-29T00:15:12.292663,0,0,20.56,20.5
2026-03-29T00:15:15.052687,0,0,20.5,20.5
2026-03-29T00:15:17.652576,0,0,20.69,20.5
2026-03-29T00:15:20.503524,0,0,20.5,20.5
2026-03-29T00:15:23.113549,0,0,20.69,20.5
2026-03-29T00:15:25.793414,0,0,20.5,20.5
2026-03-29T00:15:28.643305,0,0,20.56,20.5
2026-03-29T00:15:31.193255,0,0,20.62,20.5
2026-03-29T00:15:33.793330,0,0,20.5,20.5
2026-03-29T00:15:36.703196,0,0,20.56,20.5
2026-03-29T00:15:39.483125,0,0,20.75,20.5
2026-03-29T00:15:42.113221,0,0,20.69,20.62
2026-03-29T00:15:44.712984,0,0,20.5,20.5
2026-03-29T00:15:47.412973,0,0,20.5,20.5
2026-03-29T00:15:50.012805,0,0,20.56,20.5
2026-03-29T00:15:52.613788,0,0,20.5,20.5
2026-03-29T00:15:55.283766,0,0,20.5,20.5
2026-03-29T00:15:57.903600,0,0,20.56,20.5
2026-03-29T00:16:00.601620,0,0,20.56,20.5
2026-03-29T00:16:03.283387,0,0,20.56,20.5
2026-03-29T00:16:05.903446,0,0,20.56,20.5
2026-03-29T00:16:08.523373,0,0,20.56,20.5
2026-03-29T00:16:11.213363,0,0,20.56,20.5
2026-03-29T00:16:13.833234,0,0,20.62,20.5
2026-03-29T00:16:16.909277,0,0,20.62,20.5
2026-03-29T00:16:19.603077,0,0,20.62,20.5
2026-03-29T00:16:22.283084,0,0,20.56,20.5
2026-03-29T00:16:24.853974,0,0,20.56,20.5
2026-03-29T00:16:27.454017,0,0,20.5,20.5
2026-03-29T00:16:30.063845,0,0,20.5,20.5
2026-03-29T00:16:32.663781,0,0,20.5,20.5
2026-03-29T00:16:35.273753,0,0,20.56,20.5
2026-03-29T00:16:37.833776,0,0,20.56,20.5
2026-03-29T00:16:40.453531,0,0,20.5,20.5
2026-03-29T00:16:43.133554,0,0,20.5,20.5
2026-03-29T00:16:45.911611,0,0,20.56,20.5
2026-03-29T00:16:48.473047,0,0,20.5,20.5
2026-03-29T00:16:51.073077,0,0,20.56,20.5
2026-03-29T00:16:53.772967,0,0,20.5,20.5
2026-03-29T00:16:56.372835,0,0,20.5,20.5
2026-03-29T00:16:58.994041,0,0,20.5,20.5
2026-03-29T00:17:01.594061,0,0,20.56,20.5
2026-03-29T00:17:04.194101,0,0,20.5,20.5
2026-03-29T00:17:06.883950,0,0,20.5,20.5
2026-03-29T00:17:09.564024,0,0,20.56,20.5
2026-03-29T00:17:12.113936,0,0,20.56,20.5
2026-03-29T00:17:14.733803,0,0,20.5,20.5
2026-03-29T00:17:17.411678,0,0,20.56,20.5
2026-03-29T00:17:20.034642,0,0,20.56,20.5
2026-03-29T00:17:22.803591,0,0,20.56,20.5
2026-03-29T00:17:25.423493,0,0,20.69,20.5
2026-03-29T00:17:27.973464,0,0,20.5,20.5
2026-03-29T00:17:30.553594,0,0,20.5,20.5
2026-03-29T00:17:33.174416,0,0,20.56,20.5
2026-03-29T00:17:36.292309,0,0,20.69,20.5
2026-03-29T00:17:38.984266,0,0,20.69,20.5
2026-03-29T00:17:41.604149,0,0,20.56,20.5
2026-03-29T00:17:44.221999,0,0,20.56,20.5
2026-03-29T00:17:46.774047,0,0,20.56,20.5
2026-03-29T00:17:49.372962,0,0,20.5,20.5
2026-03-29T00:17:52.450103,0,0,20.69,20.5
2026-03-29T00:17:55.153853,0,0,20.69,20.62
2026-03-29T00:17:58.003732,0,0,20.62,20.5
2026-03-29T00:18:00.553717,0,0,20.69,20.5
2026-03-29T00:18:03.243612,0,0,20.5,20.5
2026-03-29T00:18:05.864621,0,0,20.62,20.5
2026-03-29T00:18:08.544494,0,0,20.56,20.5
2026-03-29T00:18:11.244330,0,0,20.62,20.5
2026-03-29T00:18:13.954342,0,0,20.56,20.5
2026-03-29T00:18:16.704196,0,0,20.56,20.5
2026-03-29T00:18:19.404207,0,0,20.62,20.5
2026-03-29T00:18:22.024107,0,0,20.56,20.5
2026-03-29T00:18:24.704090,0,0,20.56,20.5
2026-03-29T00:18:27.563439,0,0,20.56,20.5
2026-03-29T00:18:30.113993,0,0,20.62,20.5
2026-03-29T00:18:32.783896,0,0,20.5,20.5
2026-03-29T00:18:35.474914,0,0,20.56,20.5
2026-03-29T00:18:38.334770,0,0,20.56,20.5
2026-03-29T00:18:40.954873,0,0,20.56,20.5
2026-03-29T00:18:43.554602,0,0,20.56,20.5
2026-03-29T00:18:46.104617,0,0,20.56,20.5
2026-03-29T00:18:48.954540,0,0,20.5,20.5
2026-03-29T00:18:51.643476,0,0,20.69,20.5
2026-03-29T00:18:54.244382,0,0,20.62,20.5
2026-03-29T00:18:57.024361,0,0,20.56,20.5
2026-03-29T00:18:59.624320,0,0,20.69,20.5
2026-03-29T00:19:02.324106,0,0,20.5,20.5
2026-03-29T00:19:04.933165,0,0,20.69,20.5
2026-03-29T00:19:07.612018,0,0,20.56,20.5
2026-03-29T00:19:10.235050,0,0,20.62,20.5
2026-03-29T00:19:12.854170,0,0,20.56,20.5
2026-03-29T00:19:15.454947,0,0,20.62,20.5
2026-03-29T00:19:18.072749,0,0,20.56,20.5
2026-03-29T00:19:20.924772,0,0,20.56,20.5
2026-03-29T00:19:23.934768,0,0,20.69,20.5
2026-03-29T00:19:26.634712,0,0,20.81,20.5
2026-03-29T00:19:29.253642,0,0,20.69,20.5
2026-03-29T00:19:31.853499,0,0,20.56,20.5
2026-03-29T00:19:34.474502,0,0,20.56,20.5
2026-03-29T00:19:37.074408,0,0,20.56,20.5
2026-03-29T00:19:40.094549,0,0,20.56,20.5
2026-03-29T00:19:42.785322,0,0,20.69,20.5
2026-03-29T00:19:45.655183,0,0,20.62,20.5
2026-03-29T00:19:48.595380,0,0,20.69,20.5
2026-03-29T00:19:51.215133,0,0,20.69,20.5
2026-03-29T00:19:53.835059,0,0,20.62,20.5
2026-03-29T00:19:56.434945,0,0,20.56,20.5
2026-03-29T00:19:59.123694,0,0,20.56,20.5
2026-03-29T00:20:01.814826,0,0,20.62,20.5
2026-03-29T00:20:04.434818,0,0,20.62,20.5
2026-03-29T00:20:07.284670,0,0,20.56,20.5
2026-03-29T00:20:10.124578,0,0,20.69,20.5
2026-03-29T00:20:12.744536,0,0,20.81,20.5
2026-03-29T00:20:15.295486,0,0,20.56,20.5
2026-03-29T00:20:17.904370,0,0,20.5,20.5
2026-03-29T00:20:20.495434,0,0,20.56,20.5
2026-03-29T00:20:23.115323,0,0,20.56,20.5
2026-03-29T00:20:25.965284,0,0,20.56,20.5
2026-03-29T00:20:28.515198,0,0,20.75,20.5
2026-03-29T00:20:31.205162,0,0,20.5,20.5
2026-03-29T00:20:33.815106,0,0,20.56,20.5
2026-03-29T00:20:36.515269,0,0,20.62,20.5
2026-03-29T00:20:39.075116,0,0,20.62,20.5
2026-03-29T00:20:41.674922,0,0,20.56,20.5
2026-03-29T00:20:44.364767,0,0,20.56,20.5
2026-03-29T00:20:47.064831,0,0,20.62,20.5
2026-03-29T00:20:49.615673,0,0,20.62,20.5
2026-03-29T00:20:52.235628,0,0,20.5,20.5
2026-03-29T00:20:54.835604,0,0,20.62,20.5
2026-03-29T00:20:57.385571,0,0,20.56,20.5
2026-03-29T00:20:59.985470,0,0,20.56,20.5
2026-03-29T00:21:02.685439,0,0,20.56,20.5
2026-03-29T00:21:05.385285,0,0,20.62,20.5
2026-03-29T00:21:07.935243,0,0,20.62,20.5
2026-03-29T00:21:10.535157,0,0,20.56,20.5
2026-03-29T00:21:13.555175,0,0,20.62,20.5
2026-03-29T00:21:16.405106,0,0,20.75,20.5
2026-03-29T00:21:19.375044,0,0,20.69,20.62
2026-03-29T00:21:22.146042,0,0,20.81,20.5
2026-03-29T00:21:24.775907,0,0,20.75,20.62
2026-03-29T00:21:27.375746,0,0,20.62,20.5
2026-03-29T00:21:29.995737,0,0,20.62,20.5
2026-03-29T00:21:32.555685,0,0,20.56,20.5
2026-03-29T00:21:35.233852,0,0,20.5,20.5
2026-03-29T00:21:37.845647,0,0,20.62,20.5
2026-03-29T00:21:40.395499,0,0,20.56,20.5
2026-03-29T00:21:42.995429,0,0,20.56,20.5
2026-03-29T00:21:45.695359,0,0,20.56,20.5
2026-03-29T00:21:48.486595,0,0,20.62,20.5
2026-03-29T00:21:51.004865,0,0,20.62,20.5
2026-03-29T00:21:53.774821,0,0,20.69,20.5
2026-03-29T00:21:56.385756,0,0,20.75,20.62
2026-03-29T00:21:59.015698,0,0,20.56,20.5
2026-03-29T00:22:01.695605,0,0,20.56,20.5
2026-03-29T00:22:04.385587,0,0,20.62,20.5
2026-03-29T00:22:07.325558,0,0,20.62,20.62
2026-03-29T00:22:09.875401,0,0,20.75,20.62
2026-03-29T00:22:12.951381,0,0,20.69,20.5
2026-03-29T00:22:15.565367,0,0,20.69,20.5
2026-03-29T00:22:18.115646,0,0,20.62,20.5
2026-03-29T00:22:20.735592,0,0,20.56,20.5
2026-03-29T00:22:23.335509,0,0,20.56,20.5
2026-03-29T00:22:25.955498,0,0,20.56,20.5
2026-03-29T00:22:28.726420,0,0,20.62,20.5
2026-03-29T00:22:31.276286,0,0,20.75,20.5
2026-03-29T00:22:33.896230,0,0,20.5,20.5
2026-03-29T00:22:36.906243,0,0,20.56,20.5
2026-03-29T00:22:39.456132,0,0,20.62,20.5
2026-03-29T00:22:42.056175,0,0,20.5,20.5
2026-03-29T00:22:44.656034,0,0,20.56,20.62
2026-03-29T00:22:47.215507,0,0,20.56,20.5
2026-03-29T00:22:49.905925,0,0,20.5,20.5
2026-03-29T00:22:52.515812,0,0,20.62,20.5
2026-03-29T00:22:55.265884,0,0,20.56,20.5
2026-03-29T00:22:57.815670,0,0,20.69,20.5
2026-03-29T00:23:00.516630,0,0,20.5,20.5
2026-03-29T00:23:03.186759,0,0,20.62,20.5
2026-03-29T00:23:05.806581,0,0,20.56,20.5
2026-03-29T00:23:08.486444,0,0,20.56,20.5
2026-03-29T00:23:11.286418,0,0,20.56,20.5
2026-03-29T00:23:13.836332,0,0,20.69,20.5
2026-03-29T00:23:16.516286,0,0,20.5,20.5
2026-03-29T00:23:19.592201,0,0,20.69,20.5
2026-03-29T00:23:22.186271,0,0,20.69,20.62
2026-03-29T00:23:24.816162,0,0,20.56,20.5
2026-03-29T00:23:27.366027,0,0,20.56,20.5
2026-03-29T00:23:30.046000,0,0,20.5,20.5
2026-03-29T00:23:32.655976,0,0,20.56,20.5
2026-03-29T00:23:35.286945,0,0,20.62,20.5
2026-03-29T00:23:37.966896,0,0,20.62,20.5
2026-03-29T00:23:40.516718,0,0,20.62,20.5
2026-03-29T00:23:43.136664,0,0,20.5,20.5
2026-03-29T00:23:45.756614,0,0,20.56,20.5
2026-03-29T00:23:48.356529,0,0,20.56,20.5
2026-03-29T00:23:50.976591,0,0,20.56,20.5
2026-03-29T00:23:53.596372,0,0,20.56,20.5
2026-03-29T00:23:56.276414,0,0,20.56,20.5
2026-03-29T00:23:58.976242,0,0,20.62,20.5
2026-03-29T00:24:01.566222,0,0,20.62,20.62
2026-03-29T00:24:04.536104,0,0,20.5,20.5
2026-03-29T00:24:07.127118,0,0,20.69,20.5
2026-03-29T00:24:09.837053,0,0,20.56,20.5
2026-03-29T00:24:12.436949,0,0,20.62,20.5
2026-03-29T00:24:15.056860,0,0,20.56,20.5
2026-03-29T00:24:17.676800,0,0,20.56,20.5
2026-03-29T00:24:20.276800,0,0,20.56,20.5
2026-03-29T00:24:22.894713,0,0,20.56,20.5
2026-03-29T00:24:25.516604,0,0,20.56,20.5
2026-03-29T00:24:28.106610,0,0,20.56,20.5
2026-03-29T00:24:31.136473,0,0,20.5,20.5
2026-03-29T00:24:34.212421,0,0,20.69,20.62
2026-03-29T00:24:36.835415,0,0,20.69,20.5
2026-03-29T00:24:39.527365,0,0,20.56,20.5
2026-03-29T00:24:42.077240,0,0,20.62,20.5
2026-03-29T00:24:44.767403,0,0,20.5,20.5
2026-03-29T00:24:47.317178,0,0,20.56,20.5
2026-03-29T00:24:49.937174,0,0,20.5,20.5
2026-03-29T00:24:52.767222,0,0,20.56,20.5
2026-03-29T00:24:55.527032,0,0,20.62,20.5
2026-03-29T00:24:58.096826,0,0,20.69,20.5
2026-03-29T00:25:00.696791,0,0,20.5,20.5
2026-03-29T00:25:03.316749,0,0,20.56,20.5
2026-03-29T00:25:06.076696,0,0,20.5,20.5
2026-03-29T00:25:08.696630,0,0,20.69,20.5
2026-03-29T00:25:11.317664,0,0,20.56,20.5
2026-03-29T00:25:14.393587,0,0,20.69,20.5
2026-03-29T00:25:17.097579,0,0,20.69,20.62
2026-03-29T00:25:19.657407,0,0,20.62,20.5
2026-03-29T00:25:22.257353,0,0,20.5,20.5
2026-03-29T00:25:24.857404,0,0,20.5,20.5
2026-03-29T00:25:27.457294,0,0,20.56,20.5
2026-03-29T00:25:30.467229,0,0,20.5,20.5
2026-03-29T00:25:33.137144,0,0,20.69,20.5
2026-03-29T00:25:35.757085,0,0,20.56,20.5
2026-03-29T00:25:38.376983,0,0,20.56,20.5
2026-03-29T00:25:41.057130,0,0,20.5,20.5
2026-03-29T00:25:43.726928,0,0,20.56,20.5
2026-03-29T00:25:46.427741,0,0,20.56,20.5
2026-03-29T00:25:49.127780,0,0,20.62,20.5
2026-03-29T00:25:51.887660,0,0,20.62,20.5
2026-03-29T00:25:54.617693,0,0,20.62,20.5
2026-03-29T00:25:57.217557,0,0,20.56,20.5
2026-03-29T00:25:59.907546,0,0,20.5,20.5
2026-03-29T00:26:02.517399,0,0,20.56,20.5
2026-03-29T00:26:05.117587,0,0,20.5,20.5
2026-03-29T00:26:08.177306,0,0,20.5,20.5
2026-03-29T00:26:10.857352,0,0,20.62,20.5
2026-03-29T00:26:13.547229,0,0,20.56,20.5
2026-03-29T00:26:16.257147,0,0,20.56,20.5
2026-03-29T00:26:18.938069,0,0,20.56,20.5
2026-03-29T00:26:21.496979,0,0,20.56,20.5
2026-03-29T00:26:24.117995,0,0,20.5,20.5
2026-03-29T00:26:26.797854,0,0,20.5,20.5
2026-03-29T00:26:29.546862,0,0,20.56,20.5
2026-03-29T00:26:32.167734,0,0,20.69,20.5
2026-03-29T00:26:35.177776,0,0,20.5,20.5
2026-03-29T00:26:38.253694,0,0,20.5,20.5
2026-03-29T00:26:41.037610,0,0,20.5,20.5
2026-03-29T00:26:43.617535,0,0,20.69,20.5
2026-03-29T00:26:46.247442,0,0,20.5,20.5
2026-03-29T00:26:49.087387,0,0,20.56,20.5
2026-03-29T00:26:51.638387,0,0,20.69,20.5
2026-03-29T00:26:54.328245,0,0,20.44,20.5
2026-03-29T00:26:56.878277,0,0,20.5,20.5
2026-03-29T00:26:59.738152,0,0,20.44,20.5
2026-03-29T00:27:02.338169,0,0,20.5,20.5
2026-03-29T00:27:05.414122,0,0,20.5,20.5
2026-03-29T00:27:08.098189,0,0,20.5,20.5
2026-03-29T00:27:10.767051,0,0,20.56,20.5
2026-03-29T00:27:13.318170,0,0,20.56,20.5
2026-03-29T00:27:16.337753,0,0,20.5,20.5
2026-03-29T00:27:19.097687,0,0,20.62,20.5
2026-03-29T00:27:21.717751,0,0,20.62,20.5
2026-03-29T00:27:24.658614,0,0,20.5,20.5
2026-03-29T00:27:27.348570,0,0,20.62,20.5
2026-03-29T00:27:30.028383,0,0,20.5,20.5
2026-03-29T00:27:32.638457,0,0,20.5,20.5
2026-03-29T00:27:35.388387,0,0,20.5,20.5
2026-03-29T00:27:38.008242,0,0,20.62,20.62
2026-03-29T00:27:40.718273,0,0,20.5,20.5
2026-03-29T00:27:43.296108,0,0,20.56,20.5
2026-03-29T00:27:46.148164,0,0,20.5,20.5
2026-03-29T00:27:48.758152,0,0,20.62,20.5
2026-03-29T00:27:51.378003,0,0,20.5,20.5
2026-03-29T00:27:53.997974,0,0,20.5,20.5
2026-03-29T00:27:57.038924,0,0,20.5,20.5
2026-03-29T00:27:59.708944,0,0,20.62,20.5
2026-03-29T00:28:02.308714,0,0,20.56,20.5
2026-03-29T00:28:05.258714,0,0,20.5,20.5
2026-03-29T00:28:07.858678,0,0,20.62,20.5
2026-03-29T00:28:10.458751,0,0,20.5,20.5
2026-03-29T00:28:13.068533,0,0,20.5,20.5
2026-03-29T00:28:15.648390,0,0,20.5,20.5
2026-03-29T00:28:18.238463,0,0,20.5,20.5
2026-03-29T00:28:20.868332,0,0,20.5,20.5
2026-03-29T00:28:23.908255,0,0,20.5,20.5
2026-03-29T00:28:26.518260,0,0,20.5,20.5
2026-03-29T00:28:29.638193,0,0,20.62,20.5
2026-03-29T00:28:32.259051,0,0,20.62,20.5
2026-03-29T00:28:34.879326,0,0,20.56,20.5
2026-03-29T00:28:37.628863,0,0,20.5,20.5
2026-03-29T00:28:40.178837,0,0,20.62,20.62
2026-03-29T00:28:42.858906,0,0,20.44,20.5
2026-03-29T00:28:45.478985,0,0,20.5,20.5
2026-03-29T00:28:48.168664,0,0,20.5,20.5
2026-03-29T00:28:50.758693,0,0,20.5,20.5
2026-03-29T00:28:53.358644,0,0,20.5,20.5
2026-03-29T00:28:55.958558,0,0,20.5,20.5
2026-03-29T00:28:58.558508,0,0,20.5,20.5
2026-03-29T00:29:01.248593,0,0,20.5,20.5
2026-03-29T00:29:03.978383,0,0,20.5,20.5
2026-03-29T00:29:06.579257,0,0,20.5,20.5
2026-03-29T00:29:09.248144,0,0,20.5,20.5
2026-03-29T00:29:11.859194,0,0,20.5,20.5
2026-03-29T00:29:14.689141,0,0,20.5,20.5
2026-03-29T00:29:17.389077,0,0,20.62,20.5
2026-03-29T00:29:19.939015,0,0,20.56,20.5
2026-03-29T00:29:22.549079,0,0,20.5,20.5
2026-03-29T00:29:25.138935,0,0,20.5,20.5
2026-03-29T00:29:27.738842,0,0,20.5,20.5
2026-03-29T00:29:30.358778,0,0,20.5,20.5
2026-03-29T00:29:32.938723,0,0,20.5,20.5
2026-03-29T00:29:35.548623,0,0,20.5,20.5
2026-03-29T00:29:38.309632,0,0,20.5,20.5
2026-03-29T00:29:40.919523,0,0,20.69,20.5
2026-03-29T00:29:43.779445,0,0,20.5,20.5
2026-03-29T00:29:46.379443,0,0,20.62,20.5
2026-03-29T00:29:49.079232,0,0,20.5,20.5
2026-03-29T00:29:51.999210,0,0,20.56,20.5
2026-03-29T00:29:54.669164,0,0,20.62,20.5
2026-03-29T00:29:57.509179,0,0,20.5,20.5
2026-03-29T00:30:00.119253,0,0,20.81,20.5
2026-03-29T00:30:02.739031,0,0,20.5,20.5
2026-03-29T00:30:05.815896,0,0,20.62,20.5
2026-03-29T00:30:08.729880,0,0,20.62,20.5
2026-03-29T00:30:11.579724,0,0,20.62,20.5
2026-03-29T00:30:14.199675,0,0,20.69,20.5
2026-03-29T00:30:16.879706,0,0,20.5,20.5
2026-03-29T00:30:19.479543,0,0,20.56,20.5
2026-03-29T00:30:22.099444,0,0,20.5,20.5
2026-03-29T00:30:24.778518,0,0,20.5,20.5
2026-03-29T00:30:27.379535,0,0,20.56,20.5
2026-03-29T00:30:29.939299,0,0,20.5,20.5
2026-03-29T00:30:32.529295,0,0,20.44,20.5
2026-03-29T00:30:35.209238,0,0,20.5,20.5
2026-03-29T00:30:37.899196,0,0,20.5,20.5
2026-03-29T00:30:40.499125,0,0,20.56,20.5
2026-03-29T00:30:43.200046,0,0,20.44,20.5
2026-03-29T00:30:45.810063,0,0,20.5,20.5
2026-03-29T00:30:48.410007,0,0,20.5,20.5
2026-03-29T00:30:51.018932,0,0,20.5,20.5
2026-03-29T00:30:54.095956,0,0,20.69,20.5
2026-03-29T00:30:56.689756,0,0,20.69,20.5
2026-03-29T00:30:59.239698,0,0,20.5,20.5
2026-03-29T00:31:02.159748,0,0,20.44,20.5
2026-03-29T00:31:04.779538,0,0,20.62,20.5
2026-03-29T00:31:07.379463,0,0,20.56,20.5
2026-03-29T00:31:10.757439,0,0,20.62,20.5
2026-03-29T00:31:13.669307,0,0,20.62,20.5
2026-03-29T00:31:16.350303,0,0,20.56,20.5
2026-03-29T00:31:19.060312,0,0,20.5,20.5
2026-03-29T00:31:21.674166,0,0,20.56,20.5
2026-03-29T00:31:24.280080,0,0,20.5,20.5
2026-03-29T00:31:26.890156,0,0,20.5,20.5
2026-03-29T00:31:29.500151,0,0,20.44,20.5
2026-03-29T00:31:32.099964,0,0,20.5,20.5
2026-03-29T00:31:34.700317,0,0,20.5,20.5
2026-03-29T00:31:37.299739,0,0,20.5,20.5
2026-03-29T00:31:39.919834,0,0,20.5,20.5
2026-03-29T00:31:42.899240,0,0,20.5,20.5
2026-03-29T00:31:45.589295,0,0,20.56,20.5
2026-03-29T00:31:48.439192,0,0,20.56,20.5
2026-03-29T00:31:51.242966,0,0,20.62,20.5
2026-03-29T00:31:53.680413,0,0,20.56,20.5
2026-03-29T00:31:56.360345,0,0,20.44,20.5
2026-03-29T00:31:58.970394,0,0,20.62,20.5
2026-03-29T00:32:01.520261,0,0,20.5,20.5
2026-03-29T00:32:04.430231,0,0,20.5,20.5
2026-03-29T00:32:07.100139,0,0,20.81,20.5
2026-03-29T00:32:09.790089,0,0,20.56,20.5
2026-03-29T00:32:12.339979,0,0,20.56,20.5
2026-03-29T00:32:15.329972,0,0,20.44,20.5
2026-03-29T00:32:17.879948,0,0,20.62,20.5
2026-03-29T00:32:20.579859,0,0,20.44,20.5
2026-03-29T00:32:23.220793,0,0,20.56,20.5
2026-03-29T00:32:25.900700,0,0,20.56,20.5
2026-03-29T00:32:28.519633,0,0,20.56,20.5
2026-03-29T00:32:31.120619,0,0,20.56,20.5
2026-03-29T00:32:33.680515,0,0,20.5,20.5
2026-03-29T00:32:36.755498,0,0,20.56,20.5
2026-03-29T00:32:39.420363,0,0,20.56,20.5
2026-03-29T00:32:41.970331,0,0,20.5,20.5
2026-03-29T00:32:44.590361,0,0,20.5,20.5
2026-03-29T00:32:47.198172,0,0,20.5,20.5
2026-03-29T00:32:50.190229,0,0,20.5,20.5
2026-03-29T00:32:53.030240,0,0,20.69,20.5
2026-03-29T00:32:55.581133,0,0,20.56,20.5
2026-03-29T00:32:58.281070,0,0,20.5,20.5
2026-03-29T00:33:00.951257,0,0,20.56,20.5
2026-03-29T00:33:03.550943,0,0,20.56,20.5
2026-03-29T00:33:06.100991,0,0,20.5,20.5
2026-03-29T00:33:08.708729,0,0,20.5,20.5
2026-03-29T00:33:11.720823,0,0,20.5,20.5
2026-03-29T00:33:14.470675,0,0,20.69,20.62
2026-03-29T00:33:17.020505,0,0,20.62,20.5
2026-03-29T00:33:19.640513,0,0,20.5,20.5
2026-03-29T00:33:22.640466,0,0,20.56,20.5
2026-03-29T00:33:25.260376,0,0,20.62,20.5
2026-03-29T00:33:27.931313,0,0,20.56,20.5
2026-03-29T00:33:30.561393,0,0,20.5,20.5
2026-03-29T00:33:33.181266,0,0,20.56,20.5
2026-03-29T00:33:35.781219,0,0,20.5,20.5
2026-03-29T00:33:38.381132,0,0,20.5,20.5
2026-03-29T00:33:40.981147,0,0,20.5,20.5
2026-03-29T00:33:43.651101,0,0,20.5,20.5
2026-03-29T00:33:46.260967,0,0,20.56,20.5
2026-03-29T00:33:48.940992,0,0,20.5,20.5
2026-03-29T00:33:51.540815,0,0,20.56,20.5
2026-03-29T00:33:54.378701,0,0,20.5,20.5
2026-03-29T00:33:57.457731,0,0,20.56,20.5
2026-03-29T00:34:00.241691,0,0,20.56,20.5
2026-03-29T00:34:02.841449,0,0,20.69,20.5
2026-03-29T00:34:05.461616,0,0,20.5,20.5
2026-03-29T00:34:08.061438,0,0,20.56,20.5
2026-03-29T00:34:10.751329,0,0,20.56,20.5
2026-03-29T00:34:13.461382,0,0,20.56,20.5
2026-03-29T00:34:16.141350,0,0,20.56,20.5
2026-03-29T00:34:18.831346,0,0,20.56,20.5
2026-03-29T00:34:21.907233,0,0,20.69,20.5
2026-03-29T00:34:24.531359,0,0,20.69,20.5
2026-03-29T00:34:27.151182,0,0,20.56,20.5
2026-03-29T00:34:29.841161,0,0,20.56,20.5
2026-03-29T00:34:32.461102,0,0,20.56,20.5
2026-03-29T00:34:35.079939,0,0,20.56,20.5
2026-03-29T00:34:37.762011,0,0,20.56,20.5
2026-03-29T00:34:40.382070,0,0,20.56,20.5
2026-03-29T00:34:43.001970,0,0,20.56,20.5
2026-03-29T00:34:45.599875,0,0,20.56,20.5
2026-03-29T00:34:48.221877,0,0,20.56,20.5
2026-03-29T00:34:50.781858,0,0,20.56,20.5
2026-03-29T00:34:53.611551,0,0,20.5,20.5
2026-03-29T00:34:56.221783,0,0,20.69,20.62
2026-03-29T00:34:59.297759,0,0,20.69,20.5
2026-03-29T00:35:02.489692,0,0,20.56,20.5
2026-03-29T00:35:05.041605,0,0,20.56,20.5
2026-03-29T00:35:07.721497,0,0,20.5,20.5
2026-03-29T00:35:10.712509,0,0,20.56,20.5
2026-03-29T00:35:13.262442,0,0,20.69,20.5
2026-03-29T00:35:15.952390,0,0,20.5,20.5
2026-03-29T00:35:18.712344,0,0,20.62,20.5
2026-03-29T00:35:21.332279,0,0,20.62,20.5
2026-03-29T00:35:24.012230,0,0,20.56,20.5
2026-03-29T00:35:26.712147,0,0,20.62,20.5
2026-03-29T00:35:29.312141,0,0,20.69,20.5
2026-03-29T00:35:31.932127,0,0,20.56,20.5
2026-03-29T00:35:34.552154,0,0,20.56,20.5
2026-03-29T00:35:37.152106,0,0,20.56,20.5
2026-03-29T00:35:40.012029,0,0,20.56,20.5
2026-03-29T00:35:42.573063,0,0,20.62,20.62
2026-03-29T00:35:45.123033,0,0,20.5,20.5
2026-03-29T00:35:47.712995,0,0,20.5,20.5
2026-03-29T00:35:50.322960,0,0,20.56,20.62
2026-03-29T00:35:53.398931,0,0,20.56,20.5
2026-03-29T00:35:56.012809,0,0,20.56,20.5
2026-03-29T00:35:58.742793,0,0,20.56,20.5
2026-03-29T00:36:01.582849,0,0,20.62,20.5
2026-03-29T00:36:04.282750,0,0,20.69,20.62
2026-03-29T00:36:07.272597,0,0,20.56,20.5
2026-03-29T00:36:09.822803,0,0,20.75,20.5
2026-03-29T00:36:12.513609,0,0,20.5,20.5
2026-03-29T00:36:15.493568,0,0,20.62,20.5
2026-03-29T00:36:18.043449,0,0,20.62,20.5
2026-03-29T00:36:20.633509,0,0,20.5,20.5
2026-03-29T00:36:23.709381,0,0,20.62,20.5
2026-03-29T00:36:26.263362,0,0,20.62,20.5
2026-03-29T00:36:28.883319,0,0,20.5,20.5
2026-03-29T00:36:31.563331,0,0,20.5,20.5
2026-03-29T00:36:34.163196,0,0,20.56,20.62
2026-03-29T00:36:37.183203,0,0,20.5,20.5
2026-03-29T00:36:39.853236,0,0,20.56,20.62
2026-03-29T00:36:42.473116,0,0,20.62,20.5
2026-03-29T00:36:45.504086,0,0,20.56,20.5
2026-03-29T00:36:48.124050,0,0,20.75,20.62
2026-03-29T00:36:50.734083,0,0,20.56,20.5
2026-03-29T00:36:53.683867,0,0,20.5,20.5
2026-03-29T00:36:56.263863,0,0,20.69,20.62
2026-03-29T00:36:58.813842,0,0,20.5,20.5
2026-03-29T00:37:01.423699,0,0,20.5,20.5
2026-03-29T00:37:04.023718,0,0,20.56,20.5
2026-03-29T00:37:06.623745,0,0,20.56,20.5
2026-03-29T00:37:09.323708,0,0,20.62,20.5
2026-03-29T00:37:11.923667,0,0,20.62,20.5
2026-03-29T00:37:14.943628,0,0,20.56,20.5
2026-03-29T00:37:17.553615,0,0,20.75,20.62
2026-03-29T00:37:20.182545,0,0,20.56,20.5
2026-03-29T00:37:22.864521,0,0,20.56,20.5
2026-03-29T00:37:25.484420,0,0,20.62,20.62
2026-03-29T00:37:28.154366,0,0,20.56,20.5
2026-03-29T00:37:31.184327,0,0,20.56,20.62
2026-03-29T00:37:33.814340,0,0,20.62,20.62
2026-03-29T00:37:36.574284,0,0,20.56,20.62
2026-03-29T00:37:39.124187,0,0,20.69,20.62
2026-03-29T00:37:41.744194,0,0,20.5,20.62
2026-03-29T00:37:44.434190,0,0,20.56,20.5
2026-03-29T00:37:47.444150,0,0,20.62,20.62
2026-03-29T00:37:50.064046,0,0,20.62,20.62
2026-03-29T00:37:52.684970,0,0,20.56,20.5
2026-03-29T00:37:55.274959,0,0,20.56,20.62
2026-03-29T00:37:57.823855,0,0,20.56,20.5
2026-03-29T00:38:00.444993,0,0,20.5,20.62
2026-03-29T00:38:03.114913,0,0,20.56,20.5
2026-03-29T00:38:05.894798,0,0,20.56,20.62
2026-03-29T00:38:08.444679,0,0,20.75,20.62
2026-03-29T00:38:11.074686,0,0,20.56,20.5
2026-03-29T00:38:13.993672,0,0,20.56,20.62
2026-03-29T00:38:17.024541,0,0,20.69,20.62
2026-03-29T00:38:19.644576,0,0,20.56,20.5
2026-03-29T00:38:22.334543,0,0,20.56,20.5
2026-03-29T00:38:25.410454,0,0,20.62,20.5
2026-03-29T00:38:28.345615,0,0,20.62,20.62
2026-03-29T00:38:31.045436,0,0,20.69,20.62
2026-03-29T00:38:33.813351,0,0,20.62,20.62
2026-03-29T00:38:36.435410,0,0,20.69,20.62
2026-03-29T00:38:39.065257,0,0,20.56,20.5
2026-03-29T00:38:41.895187,0,0,20.56,20.5
2026-03-29T00:38:44.675176,0,0,20.69,20.5
2026-03-29T00:38:47.684117,0,0,20.69,20.62
2026-03-29T00:38:50.305082,0,0,20.69,20.62
2026-03-29T00:38:52.865084,0,0,20.56,20.62
2026-03-29T00:38:55.941983,0,0,20.75,20.5
2026-03-29T00:38:58.645935,0,0,20.75,20.62
2026-03-29T00:39:01.345943,0,0,20.56,20.62
2026-03-29T00:39:03.945871,0,0,20.62,20.62
2026-03-29T00:39:06.645888,0,0,20.56,20.62
2026-03-29T00:39:09.255757,0,0,20.62,20.62
2026-03-29T00:39:11.885697,0,0,20.56,20.5
2026-03-29T00:39:14.505707,0,0,20.56,20.62
2026-03-29T00:39:17.581681,0,0,20.56,20.5
2026-03-29T00:39:20.274648,0,0,20.56,20.62
2026-03-29T00:39:22.826212,0,0,20.56,20.62
2026-03-29T00:39:25.515371,0,0,20.5,20.5
2026-03-29T00:39:28.592310,0,0,20.69,20.62
2026-03-29T00:39:31.226279,0,0,20.69,20.62
2026-03-29T00:39:33.915271,0,0,20.56,20.5
2026-03-29T00:39:36.536252,0,0,20.62,20.62
2026-03-29T00:39:39.086184,0,0,20.5,20.5
2026-03-29T00:39:41.766216,0,0,20.5,20.5
2026-03-29T00:39:44.436044,0,0,20.62,20.62
2026-03-29T00:39:47.085778,0,0,20.62,20.62
2026-03-29T00:39:49.685744,0,0,20.62,20.62
2026-03-29T00:39:52.305676,0,0,20.62,20.62
2026-03-29T00:39:54.995475,0,0,20.56,20.62
2026-03-29T00:39:57.545534,0,0,20.62,20.62
2026-03-29T00:40:00.161941,0,0,20.5,20.62
2026-03-29T00:40:03.242501,0,0,20.56,20.62
2026-03-29T00:40:05.806369,0,0,20.56,20.62
2026-03-29T00:40:08.426346,0,0,20.56,20.62
2026-03-29T00:40:11.366260,0,0,20.56,20.5
2026-03-29T00:40:14.056174,0,0,20.69,20.62
2026-03-29T00:40:16.846254,0,0,20.62,20.62
2026-03-29T00:40:19.466098,0,0,20.75,20.62
2026-03-29T00:40:22.156081,0,0,20.56,20.5
2026-03-29T00:40:24.856012,0,0,20.62,20.62
2026-03-29T00:40:27.566020,0,0,20.62,20.62
2026-03-29T00:40:30.525928,0,0,20.62,20.62
2026-03-29T00:40:33.135899,0,0,20.69,20.62
2026-03-29T00:40:35.685878,0,0,20.56,20.62
2026-03-29T00:40:38.246733,0,0,20.56,20.5
2026-03-29T00:40:40.836731,0,0,20.56,20.5
2026-03-29T00:40:43.383858,0,0,20.56,20.5
2026-03-29T00:40:46.086709,0,0,20.5,20.5
2026-03-29T00:40:48.836587,0,0,20.62,20.62
2026-03-29T00:40:51.456608,0,0,20.69,20.62
2026-03-29T00:40:54.006658,0,0,20.56,20.62
2026-03-29T00:40:56.996515,0,0,20.56,20.62
2026-03-29T00:40:59.716422,0,0,20.69,20.62
2026-03-29T00:41:02.346472,0,0,20.62,20.62
2026-03-29T00:41:04.946322,0,0,20.62,20.62
2026-03-29T00:41:07.734426,0,0,20.56,20.62
2026-03-29T00:41:10.517213,0,0,20.69,20.62
2026-03-29T00:41:13.546129,0,0,20.75,20.62
2026-03-29T00:41:16.167074,0,0,20.75,20.62
2026-03-29T00:41:19.087053,0,0,20.62,20.62
2026-03-29T00:41:21.926970,0,0,20.62,20.62
2026-03-29T00:41:24.546927,0,0,20.69,20.62
2026-03-29T00:41:27.106899,0,0,20.62,20.5
2026-03-29T00:41:29.876832,0,0,20.5,20.62
2026-03-29T00:41:32.506729,0,0,20.75,20.62
2026-03-29T00:41:35.526759,0,0,20.56,20.62
2026-03-29T00:41:38.466642,0,0,20.69,20.62
2026-03-29T00:41:41.146747,0,0,20.75,20.62
2026-03-29T00:41:43.788074,0,0,20.62,20.62
2026-03-29T00:41:46.347929,0,0,20.62,20.62
2026-03-29T00:41:49.286956,0,0,20.56,20.62
2026-03-29T00:41:52.228044,0,0,20.69,20.62
2026-03-29T00:41:55.027885,0,0,20.75,20.62
2026-03-29T00:41:57.456743,0,0,20.62,20.62
2026-03-29T00:42:00.167719,0,0,20.56,20.62
2026-03-29T00:42:02.767643,0,0,20.62,20.62
2026-03-29T00:42:05.387621,0,0,20.62,20.62
2026-03-29T00:42:07.937657,0,0,20.62,20.62
2026-03-29T00:42:10.537581,0,0,20.56,20.62
2026-03-29T00:42:13.417479,0,0,20.62,20.62
2026-03-29T00:42:15.968417,0,0,20.69,20.62
2026-03-29T00:42:18.668353,0,0,20.56,20.62
2026-03-29T00:42:21.358486,0,0,20.69,20.62
2026-03-29T00:42:23.908264,0,0,20.62,20.62
2026-03-29T00:42:26.618293,0,0,20.56,20.62
2026-03-29T00:42:29.168194,0,0,20.62,20.62
2026-03-29T00:42:32.018199,0,0,20.56,20.62
2026-03-29T00:42:34.628027,0,0,20.69,20.62
2026-03-29T00:42:37.418097,0,0,20.62,20.62
2026-03-29T00:42:39.968002,0,0,20.69,20.62
2026-03-29T00:42:42.567918,0,0,20.56,20.62
2026-03-29T00:42:45.187941,0,0,20.56,20.62
2026-03-29T00:42:47.747787,0,0,20.62,20.62
2026-03-29T00:42:50.678858,0,0,20.56,20.62
2026-03-29T00:42:53.308844,0,0,20.81,20.62
2026-03-29T00:42:55.908683,0,0,20.62,20.62
2026-03-29T00:42:58.617634,0,0,20.62,20.62
2026-03-29T00:43:01.218660,0,0,20.69,20.62
2026-03-29T00:43:03.768517,0,0,20.62,20.62
2026-03-29T00:43:06.385560,0,0,20.56,20.62
2026-03-29T00:43:08.998480,0,0,20.62,20.62
2026-03-29T00:43:11.617395,0,0,20.62,20.62
2026-03-29T00:43:14.248267,0,0,20.69,20.62
2026-03-29T00:43:16.868261,0,0,20.62,20.62
2026-03-29T00:43:19.558241,0,0,20.62,20.62
2026-03-29T00:43:22.569154,0,0,20.69,20.62
2026-03-29T00:43:25.189215,0,0,20.81,20.62
2026-03-29T00:43:27.799159,0,0,20.62,20.62
2026-03-29T00:43:30.809080,0,0,20.62,20.62
2026-03-29T00:43:33.509029,0,0,20.81,20.62
2026-03-29T00:43:36.198987,0,0,20.69,20.62
2026-03-29T00:43:38.748971,0,0,20.69,20.62
2026-03-29T00:43:41.520448,0,0,20.56,20.62
2026-03-29T00:43:44.068746,0,0,20.75,20.62
2026-03-29T00:43:46.688802,0,0,20.56,20.62
2026-03-29T00:43:49.448654,0,0,20.62,20.62
2026-03-29T00:43:52.068633,0,0,20.69,20.62
2026-03-29T00:43:54.838607,0,0,20.62,20.62
2026-03-29T00:43:57.389552,0,0,20.69,20.62
2026-03-29T00:44:00.319520,0,0,20.56,20.62
2026-03-29T00:44:02.869444,0,0,20.81,20.62
2026-03-29T00:44:05.489400,0,0,20.56,20.62
2026-03-29T00:44:08.109598,0,0,20.62,20.62
2026-03-29T00:44:10.809438,0,0,20.69,20.62
2026-03-29T00:44:13.429235,0,0,20.69,20.62
2026-03-29T00:44:16.049216,0,0,20.62,20.62
2026-03-29T00:44:18.749178,0,0,20.62,20.62
2026-03-29T00:44:21.349155,0,0,20.69,20.62
2026-03-29T00:44:24.049125,0,0,20.69,20.62
2026-03-29T00:44:26.658981,0,0,20.69,20.62
2026-03-29T00:44:29.210143,0,0,20.62,20.62
2026-03-29T00:44:31.829901,0,0,20.62,20.62
2026-03-29T00:44:34.449893,0,0,20.62,20.62
2026-03-29T00:44:37.049882,0,0,20.62,20.62
2026-03-29T00:44:39.669780,0,0,20.62,20.62
2026-03-29T00:44:42.559722,0,0,20.62,20.62
2026-03-29T00:44:45.269665,0,0,20.62,20.62
2026-03-29T00:44:47.869620,0,0,20.69,20.62
2026-03-29T00:44:50.488481,0,0,20.62,20.62
2026-03-29T00:44:53.109485,0,0,20.69,20.62
2026-03-29T00:44:56.039493,0,0,20.62,20.62
2026-03-29T00:44:58.639439,0,0,20.69,20.62
2026-03-29T00:45:01.360610,0,0,20.62,20.62
2026-03-29T00:45:04.370314,0,0,20.81,20.62
2026-03-29T00:45:06.990494,0,0,20.87,20.62
2026-03-29T00:45:09.550232,0,0,20.69,20.62
2026-03-29T00:45:12.490160,0,0,20.56,20.62
2026-03-29T00:45:15.180033,0,0,20.81,20.62
2026-03-29T00:45:17.730049,0,0,20.69,20.62
2026-03-29T00:45:20.659997,0,0,20.62,20.62
2026-03-29T00:45:23.259916,0,0,20.81,20.62
2026-03-29T00:45:25.959919,0,0,20.62,20.62
2026-03-29T00:45:28.509858,0,0,20.75,20.62
2026-03-29T00:45:31.129809,0,0,20.62,20.62
2026-03-29T00:45:33.819757,0,0,20.62,20.62
2026-03-29T00:45:36.580645,0,0,20.69,20.62
2026-03-29T00:45:39.129679,0,0,20.75,20.62
2026-03-29T00:45:41.750582,0,0,20.56,20.62
2026-03-29T00:45:44.440522,0,0,20.62,20.62
2026-03-29T00:45:47.140427,0,0,20.69,20.62
2026-03-29T00:45:49.819349,0,0,20.69,20.62
2026-03-29T00:45:52.380325,0,0,20.62,20.62
2026-03-29T00:45:55.080338,0,0,20.62,20.62
2026-03-29T00:45:57.680255,0,0,20.62,20.62
2026-03-29T00:46:00.380235,0,0,20.62,20.62
2026-03-29T00:46:02.980140,0,0,20.69,20.62
2026-03-29T00:46:05.610130,0,0,20.62,20.62
2026-03-29T00:46:08.171094,0,0,20.69,20.62
2026-03-29T00:46:10.791169,0,0,20.62,20.62
2026-03-29T00:46:13.480984,0,0,20.62,20.62
2026-03-29T00:46:16.110870,0,0,20.75,20.62
2026-03-29T00:46:18.730854,0,0,20.62,20.62
2026-03-29T00:46:21.430794,0,0,20.69,20.62
2026-03-29T00:46:24.050726,0,0,20.75,20.62
2026-03-29T00:46:26.900630,0,0,20.69,20.62
2026-03-29T00:46:29.590697,0,0,20.75,20.62
2026-03-29T00:46:32.210590,0,0,20.69,20.62
2026-03-29T00:46:34.829567,0,0,20.69,20.62
2026-03-29T00:46:37.450461,0,0,20.62,20.62
2026-03-29T00:46:40.070443,0,0,20.62,20.62
2026-03-29T00:46:42.921398,0,0,20.69,20.62
2026-03-29T00:46:45.541313,0,0,20.75,20.62
2026-03-29T00:46:48.321282,0,0,20.69,20.62
2026-03-29T00:46:50.951203,0,0,20.75,20.62
2026-03-29T00:46:53.511139,0,0,20.69,20.62
2026-03-29T00:46:56.587097,0,0,20.81,20.62
2026-03-29T00:46:59.151082,0,0,20.81,20.62
2026-03-29T00:47:01.761027,0,0,20.56,20.62
2026-03-29T00:47:04.390970,0,0,20.69,20.62
2026-03-29T00:47:06.990961,0,0,20.69,20.62
2026-03-29T00:47:10.008734,0,0,20.69,20.62
2026-03-29T00:47:12.891809,0,0,20.69,20.62
2026-03-29T00:47:15.581787,0,0,20.75,20.62
2026-03-29T00:47:18.131688,0,0,20.69,20.62
2026-03-29T00:47:20.821700,0,0,20.56,20.62
2026-03-29T00:47:23.371621,0,0,20.75,20.62
2026-03-29T00:47:26.061616,0,0,20.62,20.62
2026-03-29T00:47:29.011545,0,0,20.75,20.62
2026-03-29T00:47:31.631369,0,0,20.75,20.62
2026-03-29T00:47:34.241428,0,0,20.62,20.62
2026-03-29T00:47:36.791328,0,0,20.69,20.62
2026-03-29T00:47:39.561317,0,0,20.62,20.62
2026-03-29T00:47:42.261241,0,0,20.75,20.62
2026-03-29T00:47:44.951211,0,0,20.62,20.62
2026-03-29T00:47:47.572063,0,0,20.81,20.62
2026-03-29T00:47:50.192005,0,0,20.69,20.62
2026-03-29T00:47:52.752002,0,0,20.62,20.62
2026-03-29T00:47:55.351874,0,0,20.62,20.62
2026-03-29T00:47:58.291932,0,0,20.62,20.62
2026-03-29T00:48:00.990886,0,0,20.75,20.62
2026-03-29T00:48:03.591802,0,0,20.69,20.62
2026-03-29T00:48:06.291741,0,0,20.62,20.62
2026-03-29T00:48:08.991643,0,0,20.69,20.62
2026-03-29T00:48:11.611558,0,0,20.69,20.62
2026-03-29T00:48:14.231472,0,0,20.62,20.62
2026-03-29T00:48:16.851414,0,0,20.62,20.62
2026-03-29T00:48:19.452420,0,0,20.62,20.62
2026-03-29T00:48:22.072419,0,0,20.62,20.62
2026-03-29T00:48:24.632323,0,0,20.62,20.62
2026-03-29T00:48:27.222327,0,0,20.62,20.62
2026-03-29T00:48:29.842274,0,0,20.62,20.62
2026-03-29T00:48:32.532216,0,0,20.62,20.62
2026-03-29T00:48:35.222236,0,0,20.69,20.62
2026-03-29T00:48:38.222138,0,0,20.75,20.62
2026-03-29T00:48:40.771970,0,0,20.81,20.62
2026-03-29T00:48:43.382030,0,0,20.62,20.62
2026-03-29T00:48:46.161983,0,0,20.56,20.62
2026-03-29T00:48:48.770961,0,0,20.81,20.62
2026-03-29T00:48:51.401888,0,0,20.62,20.62
2026-03-29T00:48:54.112798,0,0,20.62,20.62
2026-03-29T00:48:56.702735,0,0,20.62,20.62
2026-03-29T00:48:59.252649,0,0,20.62,20.62
2026-03-29T00:49:01.842805,0,0,20.62,20.62
2026-03-29T00:49:04.462767,0,0,20.62,20.62
2026-03-29T00:49:07.012500,0,0,20.62,20.62
2026-03-29T00:49:09.862575,0,0,20.56,20.62
2026-03-29T00:49:12.492398,0,0,20.75,20.62
2026-03-29T00:49:15.112544,0,0,20.69,20.62
2026-03-29T00:49:17.722362,0,0,20.69,20.62
2026-03-29T00:49:20.442258,0,0,20.62,20.62
2026-03-29T00:49:23.121234,0,0,20.69,20.62
2026-03-29T00:49:25.823267,0,0,20.69,20.62
2026-03-29T00:49:28.453071,0,0,20.69,20.62
2026-03-29T00:49:31.053121,0,0,20.69,20.62
2026-03-29T00:49:34.063024,0,0,20.62,20.62
2026-03-29T00:49:36.682989,0,0,20.75,20.62
2026-03-29T00:49:39.232924,0,0,20.62,20.62
2026-03-29T00:49:41.832976,0,0,20.62,20.62
2026-03-29T00:49:44.462831,0,0,20.62,20.62
2026-03-29T00:49:47.012759,0,0,20.69,20.62
2026-03-29T00:49:49.612703,0,0,20.62,20.62
2026-03-29T00:49:52.232651,0,0,20.69,20.62
2026-03-29T00:49:54.852532,0,0,20.62,20.62
2026-03-29T00:49:57.542576,0,0,20.62,20.62
2026-03-29T00:50:00.472546,0,0,20.75,20.62
2026-03-29T00:50:03.173425,0,0,20.81,20.62
2026-03-29T00:50:06.181337,0,0,20.75,20.62
2026-03-29T00:50:08.732178,0,0,20.81,20.62
2026-03-29T00:50:11.323235,0,0,20.56,20.62
2026-03-29T00:50:13.873262,0,0,20.62,20.62
2026-03-29T00:50:16.493195,0,0,20.56,20.62
2026-03-29T00:50:19.569145,0,0,20.69,20.62
2026-03-29T00:50:22.646086,0,0,20.75,20.75
2026-03-29T00:50:25.213056,0,0,20.75,20.62
2026-03-29T00:50:28.231853,0,0,20.62,20.62
2026-03-29T00:50:30.923844,0,0,20.81,20.62
2026-03-29T00:50:33.483795,0,0,20.69,20.62
2026-03-29T00:50:36.173829,0,0,20.62,20.62
2026-03-29T00:50:38.873754,0,0,20.75,20.62
2026-03-29T00:50:41.433711,0,0,20.69,20.62
2026-03-29T00:50:44.123551,0,0,20.56,20.62
2026-03-29T00:50:46.673619,0,0,20.69,20.62
2026-03-29T00:50:49.273537,0,0,20.56,20.62
2026-03-29T00:50:51.903393,0,0,20.62,20.62
2026-03-29T00:50:54.663364,0,0,20.62,20.62
2026-03-29T00:50:57.213254,0,0,20.75,20.62
2026-03-29T00:50:59.833270,0,0,20.56,20.62
2026-03-29T00:51:02.910293,0,0,20.69,20.62
2026-03-29T00:51:05.464246,0,0,20.69,20.62
2026-03-29T00:51:08.084083,0,0,20.56,20.62
2026-03-29T00:51:11.114135,0,0,20.62,20.62
2026-03-29T00:51:13.724001,0,0,20.75,20.62
2026-03-29T00:51:16.273955,0,0,20.62,20.62
2026-03-29T00:51:18.873884,0,0,20.62,20.5
2026-03-29T00:51:21.573916,0,0,20.62,20.62
2026-03-29T00:51:24.182792,0,0,20.69,20.62
2026-03-29T00:51:26.733031,0,0,20.62,20.62
2026-03-29T00:51:29.433732,0,0,20.56,20.62
2026-03-29T00:51:32.283588,0,0,20.75,20.62
2026-03-29T00:51:34.832569,0,0,20.87,20.62
2026-03-29T00:51:37.522568,0,0,20.62,20.62
2026-03-29T00:51:40.074497,0,0,20.69,20.62
2026-03-29T00:51:42.843006,0,0,20.56,20.62
2026-03-29T00:51:45.874417,0,0,20.81,20.62
2026-03-29T00:51:48.504321,0,0,20.75,20.62
2026-03-29T00:51:51.124259,0,0,20.62,20.62
2026-03-29T00:51:54.143327,0,0,20.69,20.62
2026-03-29T00:51:56.753860,0,0,20.75,20.62
2026-03-29T00:51:59.372672,0,0,20.62,20.62
2026-03-29T00:52:02.063680,0,0,20.62,20.62
2026-03-29T00:52:04.753693,0,0,20.62,20.62
2026-03-29T00:52:07.303573,0,0,20.69,20.62
2026-03-29T00:52:09.934642,0,0,20.56,20.62
2026-03-29T00:52:12.534520,0,0,20.62,20.62
2026-03-29T00:52:15.154420,0,0,20.62,20.62
2026-03-29T00:52:18.094405,0,0,20.62,20.62
2026-03-29T00:52:20.934327,0,0,20.87,20.62
2026-03-29T00:52:23.764221,0,0,20.75,20.62
2026-03-29T00:52:26.314225,0,0,20.75,20.62
2026-03-29T00:52:29.084139,0,0,20.56,20.62
2026-03-29T00:52:31.634181,0,0,20.75,20.62
2026-03-29T00:52:34.344098,0,0,20.56,20.62
2026-03-29T00:52:36.894036,0,0,20.69,20.62
2026-03-29T00:52:39.834054,0,0,20.56,20.62
2026-03-29T00:52:42.593954,0,0,20.69,20.62
2026-03-29T00:52:45.214838,0,0,20.75,20.62
2026-03-29T00:52:48.154876,0,0,20.62,20.62
2026-03-29T00:52:50.774737,0,0,20.87,20.62
2026-03-29T00:52:53.374694,0,0,20.62,20.62
2026-03-29T00:52:55.924616,0,0,20.56,20.62
2026-03-29T00:52:58.544587,0,0,20.56,20.62
2026-03-29T00:53:01.164492,0,0,20.62,20.62
2026-03-29T00:53:04.164533,0,0,20.62,20.62
2026-03-29T00:53:07.164357,0,0,20.87,20.62
2026-03-29T00:53:09.714331,0,0,20.81,20.62
2026-03-29T00:53:12.414308,0,0,20.62,20.62
2026-03-29T00:53:15.014152,0,0,20.62,20.62
2026-03-29T00:53:17.625217,0,0,20.62,20.62
2026-03-29T00:53:20.245229,0,0,20.56,20.62
2026-03-29T00:53:22.795097,0,0,20.62,20.62
2026-03-29T00:53:25.394125,0,0,20.56,20.62
2026-03-29T00:53:28.095001,0,0,20.56,20.62
2026-03-29T00:53:30.714892,0,0,20.69,20.62
2026-03-29T00:53:33.334855,0,0,20.62,20.62
2026-03-29T00:53:35.954813,0,0,20.62,20.62
2026-03-29T00:53:38.544729,0,0,20.62,20.62
2026-03-29T00:53:41.094711,0,0,20.62,20.62
2026-03-29T00:53:43.704633,0,0,20.56,20.62
2026-03-29T00:53:46.254549,0,0,20.62,20.62
2026-03-29T00:53:48.944642,0,0,20.56,20.62
2026-03-29T00:53:51.655529,0,0,20.69,20.62
2026-03-29T00:53:54.595514,0,0,20.62,20.62
2026-03-29T00:53:57.195433,0,0,20.75,20.62
2026-03-29T00:53:59.825461,0,0,20.62,20.62
2026-03-29T00:54:02.505356,0,0,20.62,20.62
2026-03-29T00:54:05.125326,0,0,20.62,20.62
2026-03-29T00:54:07.745191,0,0,20.62,20.62
2026-03-29T00:54:10.295098,0,0,20.62,20.62
2026-03-29T00:54:13.145186,0,0,20.56,20.62
2026-03-29T00:54:15.745158,0,0,20.62,20.62
2026-03-29T00:54:18.294937,0,0,20.62,20.62
2026-03-29T00:54:20.994899,0,0,20.56,20.62
2026-03-29T00:54:23.584728,0,0,20.62,20.62
2026-03-29T00:54:26.205889,0,0,20.62,20.62
2026-03-29T00:54:28.825890,0,0,20.62,20.62
2026-03-29T00:54:31.375730,0,0,20.62,20.62
2026-03-29T00:54:33.975654,0,0,20.62,20.62
2026-03-29T00:54:36.675608,0,0,20.56,20.62
2026-03-29T00:54:39.295498,0,0,20.69,20.62
2026-03-29T00:54:41.985525,0,0,20.62,20.62
2026-03-29T00:54:44.665641,0,0,20.69,20.62
2026-03-29T00:54:47.295402,0,0,20.62,20.62
2026-03-29T00:54:49.995320,0,0,20.62,20.62
2026-03-29T00:54:52.675458,0,0,20.62,20.62
2026-03-29T00:54:55.285264,0,0,20.62,20.62
2026-03-29T00:54:58.044361,0,0,20.62,20.62
2026-03-29T00:55:01.056023,0,0,20.75,20.62
2026-03-29T00:55:03.755969,0,0,20.87,20.62
2026-03-29T00:55:06.376031,0,0,20.69,20.62
2026-03-29T00:55:09.225896,0,0,20.62,20.62
2026-03-29T00:55:11.775825,0,0,20.75,20.62
2026-03-29T00:55:14.625848,0,0,20.56,20.62
2026-03-29T00:55:17.175716,0,0,20.69,20.62
2026-03-29T00:55:19.865760,0,0,20.56,20.62
2026-03-29T00:55:22.415666,0,0,20.62,20.62
2026-03-29T00:55:25.035572,0,0,20.56,20.62
2026-03-29T00:55:27.635514,0,0,20.62,20.62
2026-03-29T00:55:30.256477,0,0,20.56,20.62
2026-03-29T00:55:33.026502,0,0,20.62,20.62
2026-03-29T00:55:35.656373,0,0,20.75,20.62
2026-03-29T00:55:38.426353,0,0,20.62,20.62
2026-03-29T00:55:41.136271,0,0,20.81,20.62
2026-03-29T00:55:44.076217,0,0,20.69,20.62
2026-03-29T00:55:46.696142,0,0,20.75,20.62
2026-03-29T00:55:49.295986,0,0,20.62,20.62
2026-03-29T00:55:51.906077,0,0,20.62,20.62
2026-03-29T00:55:54.665048,0,0,20.62,20.62
2026-03-29T00:55:57.215833,0,0,20.69,20.62
2026-03-29T00:55:59.915842,0,0,20.56,20.62
2026-03-29T00:56:02.516840,0,0,20.69,20.62
2026-03-29T00:56:05.456517,0,0,20.62,20.62
2026-03-29T00:56:08.156715,0,0,20.87,20.62
2026-03-29T00:56:10.846665,0,0,20.69,20.62
2026-03-29T00:56:13.436494,0,0,20.75,20.62
2026-03-29T00:56:16.395507,0,0,20.62,20.62
2026-03-29T00:56:19.016490,0,0,20.75,20.62
2026-03-29T00:56:21.986454,0,0,20.62,20.62
2026-03-29T00:56:24.536267,0,0,20.81,20.62
2026-03-29T00:56:27.236279,0,0,20.56,20.62
2026-03-29T00:56:29.926311,0,0,20.75,20.62
2026-03-29T00:56:32.476088,0,0,20.69,20.62
2026-03-29T00:56:35.076136,0,0,20.62,20.62
2026-03-29T00:56:37.777120,0,0,20.62,20.62
2026-03-29T00:56:40.387023,0,0,20.75,20.62
2026-03-29T00:56:42.937032,0,0,20.62,20.62
2026-03-29T00:56:45.717954,0,0,20.56,20.62
2026-03-29T00:56:48.792864,0,0,20.69,20.62
2026-03-29T00:56:51.406802,0,0,20.69,20.62
2026-03-29T00:56:53.956793,0,0,20.62,20.62
2026-03-29T00:56:56.656660,0,0,20.56,20.62
2026-03-29T00:56:59.257035,0,0,20.69,20.62
2026-03-29T00:57:01.877062,0,0,20.62,20.62
2026-03-29T00:57:04.497059,0,0,20.62,20.62
2026-03-29T00:57:07.176862,0,0,20.69,20.62
2026-03-29T00:57:09.937911,0,0,20.75,20.62
2026-03-29T00:57:12.637786,0,0,20.81,20.62
2026-03-29T00:57:15.407779,0,0,20.69,20.62
2026-03-29T00:57:18.267479,0,0,20.75,20.62
2026-03-29T00:57:20.967553,0,0,20.69,20.62
2026-03-29T00:57:23.517507,0,0,20.69,20.62
2026-03-29T00:57:26.593414,0,0,20.62,20.62
2026-03-29T00:57:29.237348,0,0,20.62,20.62
2026-03-29T00:57:32.247370,0,0,20.62,20.62
2026-03-29T00:57:34.807445,0,0,20.62,20.62
2026-03-29T00:57:37.567281,0,0,20.56,20.62
2026-03-29T00:57:40.117165,0,0,20.75,20.62
2026-03-29T00:57:43.194191,0,0,20.69,20.62
2026-03-29T00:57:45.758093,0,0,20.69,20.62
2026-03-29T00:57:48.377967,0,0,20.56,20.62
2026-03-29T00:57:50.987916,0,0,20.69,20.62
2026-03-29T00:57:53.537858,0,0,20.62,20.62
2026-03-29T00:57:56.157871,0,0,20.56,20.62
2026-03-29T00:57:58.847756,0,0,20.62,20.62
2026-03-29T00:58:01.477694,0,0,20.69,20.62
2026-03-29T00:58:04.097822,0,0,20.69,20.62
2026-03-29T00:58:06.787588,0,0,20.62,20.62
2026-03-29T00:58:09.707586,0,0,20.75,20.62
2026-03-29T00:58:12.257569,0,0,20.75,20.62
2026-03-29T00:58:15.268520,0,0,20.56,20.62
2026-03-29T00:58:18.028415,0,0,20.75,20.62
2026-03-29T00:58:20.578362,0,0,20.75,20.62
2026-03-29T00:58:23.198316,0,0,20.56,20.62
2026-03-29T00:58:26.028342,0,0,20.62,20.62
2026-03-29T00:58:28.728155,0,0,20.69,20.62
2026-03-29T00:58:31.578140,0,0,20.69,20.62
2026-03-29T00:58:34.518164,0,0,20.75,20.62
2026-03-29T00:58:37.138083,0,0,20.69,20.62
2026-03-29T00:58:39.738021,0,0,20.62,20.62
2026-03-29T00:58:42.357937,0,0,20.62,20.62
2026-03-29T00:58:45.058069,0,0,20.62,20.62
2026-03-29T00:58:47.728864,0,0,20.69,20.62
2026-03-29T00:58:50.278728,0,0,20.69,20.62
2026-03-29T00:58:53.354687,0,0,20.75,20.62
2026-03-29T00:58:55.917677,0,0,20.75,20.62
2026-03-29T00:58:58.994589,0,0,20.75,20.62
2026-03-29T00:59:01.608476,0,0,20.75,20.62
2026-03-29T00:59:04.308486,0,0,20.69,20.62
2026-03-29T00:59:06.928425,0,0,20.75,20.62
2026-03-29T00:59:09.478406,0,0,20.62,20.62
2026-03-29T00:59:12.097280,0,0,20.56,20.62
2026-03-29T00:59:14.709505,0,0,20.62,20.62
2026-03-29T00:59:17.658253,0,0,20.62,20.62
2026-03-29T00:59:20.249136,0,0,20.81,20.62
2026-03-29T00:59:22.799130,0,0,20.62,20.62
2026-03-29T00:59:25.389055,0,0,20.62,20.62
2026-03-29T00:59:28.219032,0,0,20.62,20.62
2026-03-29T00:59:30.856839,0,0,20.87,20.62
2026-03-29T00:59:33.478933,0,0,20.69,20.62
2026-03-29T00:59:36.098896,0,0,20.69,20.62
2026-03-29T00:59:38.718815,0,0,20.69,20.62
2026-03-29T00:59:41.568765,0,0,20.69,20.62
2026-03-29T00:59:44.178717,0,0,20.81,20.62
2026-03-29T00:59:47.028757,0,0,20.62,20.62
2026-03-29T00:59:50.104572,0,0,20.81,20.62
2026-03-29T00:59:52.998421,0,0,20.81,20.62
2026-03-29T00:59:55.929391,0,0,20.69,20.62
2026-03-29T00:59:58.529337,0,0,20.87,20.62
2026-03-29T01:00:01.479288,0,0,20.62,20.62
2026-03-29T01:00:04.149315,0,0,20.75,20.75
2026-03-29T01:00:06.989176,0,0,20.75,20.62
2026-03-29T01:00:09.689123,0,0,20.81,20.62
2026-03-29T01:00:12.399145,0,0,20.75,20.62
2026-03-29T01:00:14.998989,0,0,20.69,20.62
2026-03-29T01:00:17.698959,0,0,20.69,20.62
2026-03-29T01:00:20.378986,0,0,20.75,20.62
2026-03-29T01:00:23.078969,0,0,20.69,20.75
2026-03-29T01:00:25.748780,0,0,20.69,20.62
2026-03-29T01:00:28.699745,0,0,20.69,20.62
2026-03-29T01:00:31.297912,0,0,20.81,20.62
2026-03-29T01:00:33.999625,0,0,20.62,20.62
2026-03-29T01:00:36.668480,0,0,20.75,20.62
2026-03-29T01:00:39.219574,0,0,20.75,20.62
2026-03-29T01:00:41.989479,0,0,20.62,20.62
2026-03-29T01:00:44.689406,0,0,20.87,20.62
2026-03-29T01:00:47.289364,0,0,20.81,20.62
2026-03-29T01:00:49.989315,0,0,20.62,20.62
2026-03-29T01:00:52.909302,0,0,20.69,20.62
2026-03-29T01:00:55.457159,0,0,20.87,20.62
2026-03-29T01:00:58.079193,0,0,20.62,20.62
2026-03-29T01:01:00.669160,0,0,20.69,20.62
2026-03-29T01:01:03.220072,0,0,20.62,20.62
2026-03-29T01:01:05.810072,0,0,20.62,20.62
2026-03-29T01:01:08.359878,0,0,20.69,20.62
2026-03-29T01:01:11.435886,0,0,20.75,20.62
2026-03-29T01:01:14.049904,0,0,20.75,20.62
2026-03-29T01:01:16.598704,0,0,20.75,20.62
2026-03-29T01:01:19.299688,0,0,20.62,20.62
2026-03-29T01:01:21.899677,0,0,20.75,20.62
2026-03-29T01:01:24.909734,0,0,20.75,20.62
2026-03-29T01:01:27.459541,0,0,20.75,20.62
2026-03-29T01:01:30.219468,0,0,20.62,20.62
2026-03-29T01:01:32.840376,0,0,20.75,20.62
2026-03-29T01:01:35.460333,0,0,20.69,20.62
2026-03-29T01:01:38.070329,0,0,20.69,20.62
2026-03-29T01:01:40.620239,0,0,20.69,20.62
2026-03-29T01:01:43.240219,0,0,20.62,20.62
2026-03-29T01:01:45.840167,0,0,20.69,20.62
2026-03-29T01:01:48.460087,0,0,20.69,20.62
2026-03-29T01:01:51.080082,0,0,20.75,20.62
2026-03-29T01:01:53.769012,0,0,20.69,20.62
2026-03-29T01:01:56.319955,0,0,20.75,20.62
2026-03-29T01:01:59.009941,0,0,20.62,20.62
2026-03-29T01:02:01.629811,0,0,20.69,20.62
2026-03-29T01:02:04.259649,0,0,20.69,20.62
2026-03-29T01:02:06.820677,0,0,20.69,20.62
2026-03-29T01:02:09.410741,0,0,20.62,20.62
2026-03-29T01:02:12.030438,0,0,20.62,20.62
2026-03-29T01:02:14.800412,0,0,20.69,20.62
2026-03-29T01:02:17.876407,0,0,20.75,20.62
2026-03-29T01:02:20.440359,0,0,20.75,20.62
2026-03-29T01:02:23.058349,0,0,20.62,20.62
2026-03-29T01:02:25.750372,0,0,20.75,20.62
2026-03-29T01:02:28.370272,0,0,20.75,20.62
2026-03-29T01:02:31.400161,0,0,20.69,20.62
2026-03-29T01:02:34.000104,0,0,20.81,20.62
2026-03-29T01:02:36.620104,0,0,20.69,20.62
2026-03-29T01:02:39.241094,0,0,20.69,20.62
2026-03-29T01:02:42.317088,0,0,20.87,20.62
2026-03-29T01:02:45.010933,0,0,20.87,20.75
2026-03-29T01:02:47.561054,0,0,20.75,20.62
2026-03-29T01:02:50.180806,0,0,20.62,20.62
2026-03-29T01:02:53.030807,0,0,20.69,20.62
2026-03-29T01:02:55.580694,0,0,20.81,20.62
2026-03-29T01:02:58.180650,0,0,20.62,20.62
2026-03-29T01:03:00.800601,0,0,20.62,20.62
2026-03-29T01:03:03.498444,0,0,20.69,20.62
2026-03-29T01:03:06.360384,0,0,20.81,20.62
2026-03-29T01:03:09.040333,0,0,20.87,20.62
2026-03-29T01:03:11.591302,0,0,20.69,20.62
2026-03-29T01:03:14.501275,0,0,20.62,20.62
2026-03-29T01:03:17.191211,0,0,20.69,20.62
2026-03-29T01:03:19.821274,0,0,20.75,20.62
2026-03-29T01:03:22.671382,0,0,20.69,20.62
2026-03-29T01:03:25.381136,0,0,20.81,20.75
2026-03-29T01:03:28.021023,0,0,20.75,20.62
2026-03-29T01:03:30.621008,0,0,20.69,20.62
2026-03-29T01:03:33.580984,0,0,20.69,20.62
2026-03-29T01:03:36.260772,0,0,20.81,20.62
2026-03-29T01:03:38.820742,0,0,20.75,20.62
2026-03-29T01:03:41.500676,0,0,20.69,20.62
2026-03-29T01:03:44.210674,0,0,20.75,20.75
2026-03-29T01:03:46.761609,0,0,20.81,20.62
2026-03-29T01:03:49.361543,0,0,20.62,20.62
2026-03-29T01:03:51.981713,0,0,20.69,20.62
2026-03-29T01:03:54.541369,0,0,20.69,20.62
2026-03-29T01:03:57.617401,0,0,20.81,20.62
2026-03-29T01:04:00.311254,0,0,20.81,20.62
2026-03-29T01:04:02.861338,0,0,20.69,20.62
2026-03-29T01:04:05.480154,0,0,20.62,20.62
2026-03-29T01:04:08.557227,0,0,20.62,20.62
2026-03-29T01:04:11.261137,0,0,20.62,20.62
2026-03-29T01:04:13.951094,0,0,20.69,20.75
2026-03-29T01:04:16.500973,0,0,20.81,20.75
2026-03-29T01:04:19.061942,0,0,20.62,20.62
2026-03-29T01:04:21.761912,0,0,20.62,20.62
2026-03-29T01:04:24.601809,0,0,20.69,20.62
2026-03-29T01:04:27.361745,0,0,20.75,20.62
2026-03-29T01:04:29.981787,0,0,20.87,20.62
2026-03-29T01:04:32.601616,0,0,20.69,20.62
2026-03-29T01:04:35.201630,0,0,20.75,20.62
2026-03-29T01:04:38.061504,0,0,20.75,20.62
2026-03-29T01:04:40.671423,0,0,20.94,20.62
2026-03-29T01:04:43.531395,0,0,20.69,20.62
2026-03-29T01:04:46.231325,0,0,20.87,20.62
2026-03-29T01:04:49.081328,0,0,20.81,20.62
2026-03-29T01:04:51.702227,0,0,21.0,20.62
2026-03-29T01:04:54.592217,0,0,20.75,20.62
2026-03-29T01:04:57.192125,0,0,20.81,20.62
2026-03-29T01:04:59.892043,0,0,20.69,20.62
2026-03-29T01:05:02.442080,0,0,20.75,20.62
2026-03-29T01:05:05.062061,0,0,20.69,20.62
2026-03-29T01:05:07.911909,0,0,20.75,20.62
2026-03-29T01:05:10.671904,0,0,20.87,20.75
2026-03-29T01:05:13.291775,0,0,20.87,20.62
2026-03-29T01:05:15.921814,0,0,20.75,20.62
2026-03-29T01:05:18.511652,0,0,20.69,20.62
2026-03-29T01:05:21.061708,0,0,20.69,20.62
2026-03-29T01:05:23.682599,0,0,20.69,20.62
2026-03-29T01:05:26.758576,0,0,20.81,20.62
2026-03-29T01:05:29.722485,0,0,20.81,20.62
2026-03-29T01:05:32.402452,0,0,20.87,20.62
2026-03-29T01:05:35.472336,0,0,20.94,20.62
2026-03-29T01:05:38.092212,0,0,20.94,20.62
2026-03-29T01:05:41.082234,0,0,20.75,20.62
2026-03-29T01:05:43.672119,0,0,20.81,20.62
2026-03-29T01:05:46.671145,0,0,20.69,20.62
2026-03-29T01:05:49.382134,0,0,20.87,20.75
2026-03-29T01:05:52.392059,0,0,20.87,20.62
2026-03-29T01:05:54.942020,0,0,20.87,20.62
2026-03-29T01:05:57.702983,0,0,20.69,20.62
2026-03-29T01:06:00.722914,0,0,20.94,20.62
2026-03-29T01:06:03.421144,0,0,20.94,20.62
2026-03-29T01:06:06.042753,0,0,20.75,20.62
2026-03-29T01:06:08.642713,0,0,20.75,20.62
2026-03-29T01:06:11.262620,0,0,20.75,20.62
2026-03-29T01:06:14.338536,0,0,20.94,20.62
2026-03-29T01:06:16.962524,0,0,20.94,20.62
2026-03-29T01:06:19.572411,0,0,20.69,20.62
2026-03-29T01:06:22.131402,0,0,20.75,20.62
2026-03-29T01:06:25.142411,0,0,20.69,20.62
2026-03-29T01:06:27.902343,0,0,20.94,20.75
2026-03-29T01:06:30.523204,0,0,21.0,20.62
2026-03-29T01:06:33.113208,0,0,20.75,20.62
2026-03-29T01:06:36.189378,0,0,20.87,20.62
2026-03-29T01:06:38.903151,0,0,20.87,20.62
2026-03-29T01:06:41.523117,0,0,20.81,20.62
2026-03-29T01:06:44.122980,0,0,20.75,20.62
2026-03-29T01:06:47.052965,0,0,20.75,20.62
2026-03-29T01:06:49.762905,0,0,20.94,20.62
2026-03-29T01:06:52.384170,0,0,20.81,20.62
2026-03-29T01:06:54.981842,0,0,20.75,20.62
2026-03-29T01:06:57.602737,0,0,20.69,20.62
2026-03-29T01:07:00.222623,0,0,20.81,20.62
2026-03-29T01:07:02.981460,0,0,20.75,20.62
2026-03-29T01:07:05.543465,0,0,20.69,20.62
2026-03-29T01:07:08.223493,0,0,20.87,20.62
2026-03-29T01:07:10.833449,0,0,20.75,20.62
2026-03-29T01:07:13.383360,0,0,20.75,20.62
2026-03-29T01:07:15.973307,0,0,20.69,20.62
2026-03-29T01:07:18.773507,0,0,20.75,20.75
2026-03-29T01:07:21.373239,0,0,21.0,20.62
2026-03-29T01:07:24.063193,0,0,20.75,20.62
2026-03-29T01:07:27.083100,0,0,20.87,20.62
2026-03-29T01:07:29.673068,0,0,21.0,20.62
2026-03-29T01:07:32.222973,0,0,20.69,20.62
2026-03-29T01:07:34.892963,0,0,20.69,20.62
2026-03-29T01:07:37.603829,0,0,20.87,20.62
2026-03-29T01:07:40.203890,0,0,20.87,20.62
2026-03-29T01:07:42.783787,0,0,20.75,20.62
2026-03-29T01:07:45.363714,0,0,20.69,20.62
2026-03-29T01:07:47.963644,0,0,20.69,20.62
2026-03-29T01:07:50.753606,0,0,20.75,20.62
2026-03-29T01:07:53.433680,0,0,20.94,20.62
2026-03-29T01:07:56.073471,0,0,20.81,20.62
2026-03-29T01:07:58.852307,0,0,20.75,20.62
2026-03-29T01:08:01.553424,0,0,20.87,20.62
2026-03-29T01:08:04.152251,0,0,20.81,20.62
2026-03-29T01:08:06.703282,0,0,20.69,20.62
2026-03-29T01:08:09.394341,0,0,20.69,20.62
2026-03-29T01:08:11.944143,0,0,20.81,20.62
2026-03-29T01:08:14.644108,0,0,20.69,20.62
2026-03-29T01:08:17.264061,0,0,20.81,20.62
2026-03-29T01:08:19.854239,0,0,20.75,20.62
2026-03-29T01:08:22.404029,0,0,20.75,20.62
2026-03-29T01:08:25.254079,0,0,20.69,20.62
2026-03-29T01:08:27.803977,0,0,20.94,20.62
2026-03-29T01:08:30.824000,0,0,20.69,20.62
2026-03-29T01:08:33.434025,0,0,21.06,20.62
2026-03-29T01:08:35.983110,0,0,20.75,20.62
2026-03-29T01:08:38.583983,0,0,20.69,20.62
2026-03-29T01:08:41.283987,0,0,20.75,20.62
2026-03-29T01:08:43.895024,0,0,20.81,20.62
2026-03-29T01:08:46.594960,0,0,20.75,20.62
2026-03-29T01:08:49.624959,0,0,20.81,20.75
2026-03-29T01:08:52.244979,0,0,20.87,20.62
2026-03-29T01:08:54.924972,0,0,20.69,20.62
2026-03-29T01:08:57.623894,0,0,20.81,20.62
2026-03-29T01:09:00.224926,0,0,20.75,20.62
2026-03-29T01:09:02.924958,0,0,20.69,20.62
2026-03-29T01:09:05.484832,0,0,20.75,20.62
2026-03-29T01:09:08.084981,0,0,20.69,20.62
2026-03-29T01:09:10.704846,0,0,20.69,20.62
2026-03-29T01:09:13.324804,0,0,20.69,20.62
2026-03-29T01:09:16.015832,0,0,20.75,20.62
2026-03-29T01:09:18.695850,0,0,20.75,20.62
2026-03-29T01:09:21.396010,0,0,20.81,20.62
2026-03-29T01:09:23.945894,0,0,20.75,20.62
2026-03-29T01:09:26.885934,0,0,20.69,20.62
2026-03-29T01:09:29.505826,0,0,20.81,20.62
2026-03-29T01:09:32.355925,0,0,20.75,20.62
2026-03-29T01:09:35.125799,0,0,20.81,20.62
2026-03-29T01:09:37.745816,0,0,20.81,20.62
2026-03-29T01:09:40.824478,0,0,20.69,20.62
2026-03-29T01:09:43.695718,0,0,20.69,20.62
2026-03-29T01:09:46.245754,0,0,20.87,20.75
2026-03-29T01:09:49.066673,0,0,20.62,20.62
2026-03-29T01:09:51.676669,0,0,20.75,20.62
2026-03-29T01:09:54.616661,0,0,20.62,20.62
2026-03-29T01:09:57.486754,0,0,20.62,20.75
2026-03-29T01:10:00.256618,0,0,20.81,20.62
2026-03-29T01:10:02.806707,0,0,20.81,20.62
2026-03-29T01:10:05.766630,0,0,20.62,20.62
2026-03-29T01:10:08.436575,0,0,20.81,20.62
2026-03-29T01:10:11.146634,0,0,20.75,20.62
2026-03-29T01:10:13.746606,0,0,20.69,20.75
2026-03-29T01:10:16.376503,0,0,20.62,20.62
2026-03-29T01:10:18.976464,0,0,20.69,20.62
2026-03-29T01:10:21.526544,0,0,20.62,20.62
2026-03-29T01:10:24.667533,0,0,20.81,20.62
2026-03-29T01:10:27.287462,0,0,20.81,20.62
2026-03-29T01:10:30.267459,0,0,20.62,20.62
2026-03-29T01:10:32.827413,0,0,20.87,20.62
2026-03-29T01:10:35.437682,0,0,20.62,20.62
2026-03-29T01:10:38.275435,0,0,20.69,20.62
2026-03-29T01:10:40.827829,0,0,20.94,20.62
2026-03-29T01:10:43.517387,0,0,20.62,20.62
2026-03-29T01:10:46.117457,0,0,20.75,20.62
2026-03-29T01:10:48.665289,0,0,20.62,20.62
2026-03-29T01:10:51.357491,0,0,20.62,20.62
2026-03-29T01:10:53.956967,0,0,20.69,20.62
2026-03-29T01:10:56.507863,0,0,20.62,20.62
2026-03-29T01:10:59.127978,0,0,20.62,20.62
2026-03-29T01:11:01.827828,0,0,20.62,20.62
2026-03-29T01:11:04.518002,0,0,20.69,20.62
2026-03-29T01:11:07.117919,0,0,20.62,20.62
2026-03-29T01:11:10.055751,0,0,20.62,20.62
2026-03-29T01:11:12.737843,0,0,20.75,20.62
2026-03-29T01:11:15.437848,0,0,20.62,20.62
2026-03-29T01:11:18.437890,0,0,20.69,20.62
2026-03-29T01:11:20.987754,0,0,20.81,20.62
2026-03-29T01:11:23.587750,0,0,20.62,20.62
2026-03-29T01:11:26.287708,0,0,20.62,20.62
2026-03-29T01:11:28.968685,0,0,20.69,20.62
2026-03-29T01:11:31.668645,0,0,20.69,20.62
2026-03-29T01:11:34.744661,0,0,20.81,20.62
2026-03-29T01:11:37.368610,0,0,20.81,20.75
2026-03-29T01:11:39.917624,0,0,20.62,20.62
2026-03-29T01:11:42.598564,0,0,20.62,20.62
2026-03-29T01:11:45.548556,0,0,20.69,20.62
2026-03-29T01:11:48.488523,0,0,20.75,20.62
2026-03-29T01:11:51.108702,0,0,20.87,20.62
2026-03-29T01:11:53.787461,0,0,20.69,20.62
2026-03-29T01:11:56.488458,0,0,20.62,20.62
2026-03-29T01:11:59.408415,0,0,20.75,20.62
2026-03-29T01:12:02.485523,0,0,20.69,20.62
2026-03-29T01:12:05.089818,0,0,20.69,20.75
2026-03-29T01:12:07.679668,0,0,20.62,20.62
2026-03-29T01:12:10.359647,0,0,20.69,20.62
2026-03-29T01:12:12.979677,0,0,20.62,20.62
2026-03-29T01:12:15.528618,0,0,20.69,20.62
2026-03-29T01:12:18.149652,0,0,20.56,20.62
2026-03-29T01:12:20.779625,0,0,20.62,20.62
2026-03-29T01:12:23.409633,0,0,20.62,20.62
2026-03-29T01:12:25.997785,0,0,20.69,20.62
2026-03-29T01:12:28.549543,0,0,20.62,20.62
2026-03-29T01:12:31.239507,0,0,20.62,20.62
2026-03-29T01:12:33.839508,0,0,20.69,20.62
2026-03-29T01:12:36.800408,0,0,20.62,20.62
2026-03-29T01:12:39.400388,0,0,20.87,20.62
2026-03-29T01:12:42.020407,0,0,20.62,20.62
2026-03-29T01:12:44.720351,0,0,20.62,20.62
2026-03-29T01:12:47.350386,0,0,20.75,20.62
2026-03-29T01:12:50.040329,0,0,20.69,20.62
2026-03-29T01:12:52.590290,0,0,20.69,20.62
2026-03-29T01:12:55.190377,0,0,20.62,20.62
2026-03-29T01:12:57.890328,0,0,20.62,20.62
2026-03-29T01:13:00.560239,0,0,20.69,20.62
2026-03-29T01:13:03.110226,0,0,20.62,20.62
2026-03-29T01:13:05.770236,0,0,20.62,20.62
2026-03-29T01:13:08.471199,0,0,20.62,20.62
2026-03-29T01:13:11.749167,0,0,20.75,20.62
2026-03-29T01:13:14.371186,0,0,20.75,20.62
2026-03-29T01:13:17.001223,0,0,20.62,20.62
2026-03-29T01:13:20.001155,0,0,20.62,20.62
2026-03-29T01:13:22.621086,0,0,20.75,20.75
2026-03-29T01:13:25.631127,0,0,20.62,20.62
2026-03-29T01:13:28.231012,0,0,20.69,20.62
2026-03-29T01:13:30.851184,0,0,20.62,20.62
2026-03-29T01:13:33.740954,0,0,20.62,20.62
2026-03-29T01:13:36.431015,0,0,20.69,20.62
2026-03-29T01:13:39.290932,0,0,20.69,20.62
2026-03-29T01:13:41.911945,0,0,20.69,20.75
2026-03-29T01:13:44.510865,0,0,20.62,20.62
2026-03-29T01:13:47.211870,0,0,20.62,20.62
2026-03-29T01:13:50.287741,0,0,20.81,20.62
2026-03-29T01:13:53.363703,0,0,20.75,20.62
2026-03-29T01:13:56.261671,0,0,20.75,20.62
2026-03-29T01:13:59.031666,0,0,20.62,20.75
2026-03-29T01:14:01.720603,0,0,20.75,20.62
2026-03-29T01:14:04.271565,0,0,20.69,20.62
2026-03-29T01:14:06.871569,0,0,20.56,20.62
2026-03-29T01:14:09.491524,0,0,20.62,20.62
2026-03-29T01:14:12.191527,0,0,20.62,20.62
2026-03-29T01:14:14.892484,0,0,20.69,20.62
2026-03-29T01:14:17.512503,0,0,20.69,20.62
2026-03-29T01:14:20.202536,0,0,20.62,20.62
2026-03-29T01:14:22.891501,0,0,20.62,20.62
2026-03-29T01:14:25.492367,0,0,20.69,20.62
2026-03-29T01:14:28.202366,0,0,20.62,20.62
2026-03-29T01:14:30.802315,0,0,20.69,20.62
2026-03-29T01:14:33.422270,0,0,20.62,20.62
2026-03-29T01:14:36.432257,0,0,20.69,20.62
2026-03-29T01:14:39.132209,0,0,20.81,20.62
2026-03-29T01:14:41.732227,0,0,20.69,20.62
2026-03-29T01:14:44.352186,0,0,20.62,20.62
2026-03-29T01:14:47.429220,0,0,20.69,20.62
2026-03-29T01:14:49.993152,0,0,20.69,20.62
2026-03-29T01:14:52.593129,0,0,20.56,20.62
2026-03-29T01:14:55.213095,0,0,20.62,20.62
2026-03-29T01:14:57.982975,0,0,20.69,20.62
2026-03-29T01:15:00.533021,0,0,20.81,20.62
2026-03-29T01:15:03.233001,0,0,20.62,20.62
2026-03-29T01:15:05.903092,0,0,20.81,20.62
2026-03-29T01:15:08.603012,0,0,20.62,20.62
2026-03-29T01:15:11.152809,0,0,20.69,20.62
2026-03-29T01:15:13.752779,0,0,20.62,20.62
2026-03-29T01:15:16.372784,0,0,20.62,20.62
2026-03-29T01:15:19.383750,0,0,20.69,20.62
2026-03-29T01:15:22.003681,0,0,20.69,20.62
2026-03-29T01:15:24.702787,0,0,20.62,20.62
2026-03-29T01:15:27.383723,0,0,20.69,20.62
2026-03-29T01:15:30.163624,0,0,20.69,20.62
2026-03-29T01:15:32.763774,0,0,20.81,20.75
2026-03-29T01:15:35.311635,0,0,20.62,20.62
2026-03-29T01:15:37.923511,0,0,20.56,20.62
2026-03-29T01:15:40.853652,0,0,20.69,20.62
2026-03-29T01:15:43.403464,0,0,20.87,20.62
2026-03-29T01:15:46.161761,0,0,20.62,20.62
2026-03-29T01:15:48.713437,0,0,20.81,20.62
2026-03-29T01:15:51.333223,0,0,20.62,20.62
2026-03-29T01:15:54.274112,0,0,20.62,20.62
2026-03-29T01:15:56.894141,0,0,20.81,20.62
2026-03-29T01:15:59.494038,0,0,20.69,20.62
2026-03-29T01:16:02.114028,0,0,20.62,20.62
2026-03-29T01:16:04.733979,0,0,20.69,20.62
2026-03-29T01:16:07.433724,0,0,20.69,20.62
2026-03-29T01:16:10.123895,0,0,20.75,20.75
2026-03-29T01:16:13.073882,0,0,20.69,20.62
2026-03-29T01:16:15.842866,0,0,20.81,20.62
2026-03-29T01:16:18.463745,0,0,20.81,20.62
2026-03-29T01:16:21.013799,0,0,20.62,20.62
2026-03-29T01:16:23.853794,0,0,20.56,20.62
2026-03-29T01:16:26.474677,0,0,20.75,20.62
2026-03-29T01:16:29.074689,0,0,20.69,20.62
2026-03-29T01:16:31.624650,0,0,20.62,20.62
2026-03-29T01:16:34.304532,0,0,20.62,20.62
2026-03-29T01:16:37.172564,0,0,20.69,20.62
2026-03-29T01:16:40.250612,0,0,20.75,20.62
2026-03-29T01:16:42.824451,0,0,20.75,20.75
2026-03-29T01:16:45.454431,0,0,20.62,20.62
2026-03-29T01:16:48.154483,0,0,20.69,20.62
2026-03-29T01:16:50.834368,0,0,20.75,20.62
2026-03-29T01:16:53.654411,0,0,20.75,20.62
2026-03-29T01:16:56.514292,0,0,20.75,20.62
2026-03-29T01:16:59.591229,0,0,20.87,20.62
2026-03-29T01:17:02.667240,0,0,20.81,20.75
2026-03-29T01:17:05.555857,0,0,20.81,20.62
2026-03-29T01:17:08.132508,0,0,20.75,20.62
2026-03-29T01:17:10.835408,0,0,20.81,20.62
2026-03-29T01:17:13.445433,0,0,20.69,20.62
2026-03-29T01:17:16.145393,0,0,20.69,20.62
2026-03-29T01:17:18.695285,0,0,20.75,20.62
2026-03-29T01:17:21.375273,0,0,20.62,20.62
2026-03-29T01:17:24.451216,0,0,20.87,20.62
2026-03-29T01:17:27.405173,0,0,20.87,20.62
2026-03-29T01:17:30.025172,0,0,20.94,20.62
2026-03-29T01:17:32.576092,0,0,20.69,20.62
2026-03-29T01:17:35.266145,0,0,20.62,20.62
2026-03-29T01:17:37.816019,0,0,20.69,20.62
2026-03-29T01:17:40.506084,0,0,20.62,20.62
2026-03-29T01:17:43.582066,0,0,20.75,20.62
2026-03-29T01:17:46.205974,0,0,20.75,20.62
2026-03-29T01:17:48.755863,0,0,20.69,20.62
2026-03-29T01:17:51.435826,0,0,20.62,20.62
2026-03-29T01:17:54.365844,0,0,20.75,20.62
2026-03-29T01:17:57.065772,0,0,20.81,20.62
2026-03-29T01:17:59.775744,0,0,20.75,20.62
2026-03-29T01:18:02.615670,0,0,20.75,20.62
2026-03-29T01:18:05.236811,0,0,20.87,20.62
2026-03-29T01:18:07.836692,0,0,20.69,20.62
2026-03-29T01:18:10.546772,0,0,20.69,20.62
2026-03-29T01:18:13.096647,0,0,20.75,20.62
2026-03-29T01:18:16.172612,0,0,20.75,20.62
2026-03-29T01:18:18.796555,0,0,20.75,20.62
2026-03-29T01:18:21.495195,0,0,20.69,20.62
2026-03-29T01:18:24.106573,0,0,20.75,20.75
2026-03-29T01:18:26.656459,0,0,20.62,20.62
2026-03-29T01:18:29.265394,0,0,20.62,20.62
2026-03-29T01:18:31.946447,0,0,20.69,20.62
2026-03-29T01:18:34.976359,0,0,20.69,20.62
2026-03-29T01:18:37.667352,0,0,20.75,20.62
2026-03-29T01:18:40.217273,0,0,20.69,20.62
2026-03-29T01:18:42.817284,0,0,20.62,20.62
2026-03-29T01:18:45.507234,0,0,20.62,20.62
2026-03-29T01:18:48.057341,0,0,20.75,20.62
2026-03-29T01:18:50.657177,0,0,20.62,20.62
2026-03-29T01:18:53.267148,0,0,20.69,20.62
2026-03-29T01:18:55.867044,0,0,20.69,20.62
2026-03-29T01:18:58.575758,0,0,20.62,20.62
2026-03-29T01:19:01.336969,0,0,20.81,20.62
2026-03-29T01:19:03.957024,0,0,20.81,20.75
2026-03-29T01:19:06.576955,0,0,20.62,20.62
2026-03-29T01:19:09.176942,0,0,20.69,20.62
2026-03-29T01:19:12.137936,0,0,20.62,20.62
2026-03-29T01:19:14.718024,0,0,20.81,20.62
2026-03-29T01:19:17.793906,0,0,20.81,20.62
2026-03-29T01:19:20.747732,0,0,20.81,20.62
2026-03-29T01:19:23.297820,0,0,20.87,20.75
2026-03-29T01:19:25.997768,0,0,20.62,20.62
2026-03-29T01:19:29.057655,0,0,20.69,20.62
2026-03-29T01:19:32.077587,0,0,20.81,20.62
2026-03-29T01:19:34.767560,0,0,20.75,20.75
2026-03-29T01:19:37.317521,0,0,20.69,20.62
2026-03-29T01:19:39.905490,0,0,20.62,20.62
2026-03-29T01:19:42.457421,0,0,20.62,20.62
2026-03-29T01:19:45.378447,0,0,20.62,20.62
2026-03-29T01:19:48.079039,0,0,20.81,20.75
2026-03-29T01:19:50.838298,0,0,20.75,20.62
2026-03-29T01:19:53.458300,0,0,20.94,20.62
2026-03-29T01:19:56.078277,0,0,20.75,20.62
2026-03-29T01:19:58.678220,0,0,20.75,20.62
2026-03-29T01:20:01.228080,0,0,20.69,20.62
2026-03-29T01:20:03.999654,0,0,20.62,20.62
2026-03-29T01:20:06.688077,0,0,20.87,20.62
2026-03-29T01:20:09.238076,0,0,20.75,20.75
2026-03-29T01:20:11.827991,0,0,20.62,20.62
2026-03-29T01:20:14.377944,0,0,20.69,20.62
2026-03-29T01:20:17.079142,0,0,20.62,20.62
2026-03-29T01:20:19.758910,0,0,20.75,20.62
2026-03-29T01:20:22.458874,0,0,20.69,20.75
2026-03-29T01:20:25.058865,0,0,20.75,20.62
2026-03-29T01:20:27.676683,0,0,20.69,20.62
2026-03-29T01:20:30.308662,0,0,20.69,20.62
2026-03-29T01:20:32.918715,0,0,20.69,20.62
2026-03-29T01:20:35.538618,0,0,20.69,20.62
2026-03-29T01:20:38.548508,0,0,20.69,20.62
2026-03-29T01:20:41.148491,0,0,20.75,20.75
2026-03-29T01:20:43.848446,0,0,20.69,20.62
2026-03-29T01:20:46.878550,0,0,20.75,20.62
2026-03-29T01:20:49.648352,0,0,20.94,20.75
2026-03-29T01:20:52.349316,0,0,20.94,20.62
2026-03-29T01:20:55.359375,0,0,20.75,20.62
2026-03-29T01:20:58.059340,0,0,20.87,20.62
2026-03-29T01:21:00.979256,0,0,20.75,20.62
2026-03-29T01:21:03.659240,0,0,20.81,20.62
2026-03-29T01:21:06.589195,0,0,20.75,20.62
2026-03-29T01:21:09.289164,0,0,20.81,20.75
2026-03-29T01:21:12.059050,0,0,20.75,20.75
2026-03-29T01:21:14.749156,0,0,20.81,20.75
2026-03-29T01:21:17.479136,0,0,20.81,20.62
2026-03-29T01:21:20.319027,0,0,20.75,20.62
2026-03-29T01:21:23.395919,0,0,20.81,20.62
2026-03-29T01:21:25.989948,0,0,20.81,20.62
2026-03-29T01:21:28.999866,0,0,20.69,20.62
2026-03-29T01:21:31.689857,0,0,20.81,20.62
2026-03-29T01:21:34.309782,0,0,20.81,20.62
2026-03-29T01:21:36.999700,0,0,20.69,20.62
2026-03-29T01:21:39.559641,0,0,20.81,20.62
2026-03-29T01:21:42.159625,0,0,20.69,20.62
2026-03-29T01:21:44.779586,0,0,20.69,20.62
2026-03-29T01:21:47.399677,0,0,20.75,20.62
2026-03-29T01:21:50.159612,0,0,20.75,20.62
2026-03-29T01:21:52.779473,0,0,20.81,20.62
2026-03-29T01:21:55.856415,0,0,21.0,20.62
2026-03-29T01:21:58.930341,0,0,20.81,20.62
2026-03-29T01:22:01.530457,0,0,20.81,20.62
2026-03-29T01:22:04.540189,0,0,20.75,20.62
2026-03-29T01:22:07.150283,0,0,20.94,20.62
2026-03-29T01:22:09.990185,0,0,20.75,20.62
2026-03-29T01:22:12.699138,0,0,20.94,20.62
2026-03-29T01:22:15.380086,0,0,20.87,20.75
2026-03-29T01:22:18.170154,0,0,20.75,20.62
2026-03-29T01:22:20.768992,0,0,20.94,20.75
2026-03-29T01:22:23.469974,0,0,20.75,20.62
2026-03-29T01:22:26.149909,0,0,20.81,20.62
2026-03-29T01:22:28.850032,0,0,20.75,20.75
2026-03-29T01:22:31.540796,0,0,20.87,20.62
2026-03-29T01:22:34.160795,0,0,20.81,20.62
2026-03-29T01:22:36.780765,0,0,20.69,20.62
2026-03-29T01:22:39.380679,0,0,20.75,20.62
2026-03-29T01:22:41.940684,0,0,20.69,20.62
2026-03-29T01:22:44.560606,0,0,20.69,20.62
2026-03-29T01:22:47.120625,0,0,20.75,20.75
2026-03-29T01:22:49.720520,0,0,20.69,20.62
2026-03-29T01:22:52.570562,0,0,20.75,20.62
2026-03-29T01:22:55.120471,0,0,20.75,20.62
2026-03-29T01:22:57.820496,0,0,20.69,20.62
2026-03-29T01:23:00.840397,0,0,20.87,20.62
2026-03-29T01:23:03.440308,0,0,20.94,20.62
2026-03-29T01:23:06.061312,0,0,20.69,20.62
2026-03-29T01:23:08.691285,0,0,20.69,20.75
2026-03-29T01:23:11.319154,0,0,20.75,20.62
2026-03-29T01:23:13.921184,0,0,20.81,20.62
2026-03-29T01:23:16.541172,0,0,20.69,20.62
2026-03-29T01:23:19.371128,0,0,20.75,20.62
2026-03-29T01:23:22.081074,0,0,20.81,20.62
2026-03-29T01:23:24.681173,0,0,20.87,20.62
2026-03-29T01:23:27.298897,0,0,20.69,20.62
2026-03-29T01:23:30.160931,0,0,20.75,20.62
2026-03-29T01:23:32.780830,0,0,20.87,20.62
2026-03-29T01:23:35.600812,0,0,20.75,20.62
2026-03-29T01:23:38.221803,0,0,20.75,20.62
2026-03-29T01:23:40.822136,0,0,20.69,20.62
2026-03-29T01:23:43.371671,0,0,20.75,20.62
2026-03-29T01:23:46.071616,0,0,20.69,20.62
2026-03-29T01:23:48.621640,0,0,20.81,20.62
2026-03-29T01:23:51.301729,0,0,20.69,20.62
2026-03-29T01:23:53.851444,0,0,20.87,20.62
2026-03-29T01:23:56.531410,0,0,20.69,20.62
2026-03-29T01:23:59.231405,0,0,20.81,20.62
2026-03-29T01:24:02.080276,0,0,20.81,20.62
2026-03-29T01:24:04.701265,0,0,20.94,20.62
2026-03-29T01:24:07.321243,0,0,20.75,20.75
2026-03-29T01:24:09.922238,0,0,20.81,20.62
2026-03-29T01:24:12.542152,0,0,20.75,20.62
2026-03-29T01:24:15.232109,0,0,20.75,20.62
2026-03-29T01:24:17.782272,0,0,20.81,20.75
2026-03-29T01:24:20.562064,0,0,20.69,20.62
2026-03-29T01:24:23.342032,0,0,20.87,20.75
2026-03-29T01:24:26.102025,0,0,20.94,20.62
2026-03-29T01:24:28.801925,0,0,20.94,20.62
2026-03-29T01:24:31.411755,0,0,20.81,20.62
2026-03-29T01:24:34.031873,0,0,20.81,20.62
2026-03-29T01:24:36.651790,0,0,20.75,20.62
2026-03-29T01:24:39.251762,0,0,20.75,20.62
2026-03-29T01:24:41.801802,0,0,20.75,20.62
2026-03-29T01:24:44.412700,0,0,20.69,20.62
2026-03-29T01:24:47.012721,0,0,20.81,20.62
2026-03-29T01:24:49.792545,0,0,20.75,20.62
2026-03-29T01:24:52.421646,0,0,20.94,20.62
2026-03-29T01:24:55.262573,0,0,20.81,20.62
2026-03-29T01:24:57.942670,0,0,20.94,20.62
2026-03-29T01:25:00.572380,0,0,20.87,20.62
2026-03-29T01:25:03.412366,0,0,20.75,20.62
2026-03-29T01:25:06.422347,0,0,20.94,20.62
2026-03-29T01:25:09.122339,0,0,20.94,20.62
2026-03-29T01:25:12.199322,0,0,20.94,20.62
2026-03-29T01:25:14.792183,0,0,20.94,20.62
2026-03-29T01:25:17.793211,0,0,20.75,20.62
2026-03-29T01:25:20.343115,0,0,21.12,20.75
2026-03-29T01:25:22.963252,0,0,20.69,20.62
2026-03-29T01:25:25.583039,0,0,20.81,20.62
2026-03-29T01:25:28.182995,0,0,20.81,20.62
2026-03-29T01:25:30.803019,0,0,20.75,20.62
2026-03-29T01:25:33.492956,0,0,20.75,20.62
2026-03-29T01:25:36.502919,0,0,20.87,20.75
2026-03-29T01:25:39.112754,0,0,21.0,20.62
2026-03-29T01:25:41.842787,0,0,20.75,20.62
2026-03-29T01:25:44.442734,0,0,20.75,20.62
2026-03-29T01:25:47.292629,0,0,20.75,20.62
2026-03-29T01:25:50.363605,0,0,21.06,20.62
2026-03-29T01:25:52.963498,0,0,21.06,20.62
2026-03-29T01:25:55.583471,0,0,20.81,20.62
2026-03-29T01:25:58.183456,0,0,20.75,20.62
2026-03-29T01:26:00.803407,0,0,20.75,20.62
2026-03-29T01:26:03.733435,0,0,20.75,20.62
2026-03-29T01:26:06.431247,0,0,20.87,20.62
2026-03-29T01:26:09.273301,0,0,20.87,20.75
2026-03-29T01:26:12.043231,0,0,21.06,20.75
2026-03-29T01:26:14.873306,0,0,21.0,20.62
2026-03-29T01:26:17.423204,0,0,21.0,20.62
2026-03-29T01:26:20.093198,0,0,20.69,20.62
2026-03-29T01:26:22.944103,0,0,20.87,20.75
2026-03-29T01:26:25.554027,0,0,21.06,20.75
2026-03-29T01:26:28.103965,0,0,20.81,20.62
2026-03-29T01:26:30.773994,0,0,20.69,20.62
2026-03-29T01:26:33.323857,0,0,20.81,20.75
2026-03-29T01:26:35.943896,0,0,20.75,20.62
2026-03-29T01:26:38.543749,0,0,20.81,20.62
2026-03-29T01:26:41.393972,0,0,20.75,20.62
2026-03-29T01:26:44.063790,0,0,20.94,20.75
2026-03-29T01:26:46.622637,0,0,20.81,20.62
2026-03-29T01:26:49.173874,0,0,20.69,20.62
2026-03-29T01:26:51.783545,0,0,20.69,20.62
2026-03-29T01:26:54.860494,0,0,20.87,20.62
2026-03-29T01:26:57.494492,0,0,20.87,20.75
2026-03-29T01:27:00.254420,0,0,20.75,20.62
2026-03-29T01:27:02.954442,0,0,20.94,20.62
2026-03-29T01:27:05.984337,0,0,20.81,20.75
2026-03-29T01:27:08.914315,0,0,20.87,20.75
2026-03-29T01:27:11.464188,0,0,20.87,20.75
2026-03-29T01:27:14.144177,0,0,20.69,20.62
2026-03-29T01:27:16.694141,0,0,20.87,20.62
2026-03-29T01:27:19.294072,0,0,20.69,20.62
2026-03-29T01:27:22.003107,0,0,20.75,20.62
2026-03-29T01:27:24.623982,0,0,20.94,20.62
2026-03-29T01:27:27.314051,0,0,20.75,20.62
2026-03-29T01:27:29.944858,0,0,20.87,20.62
2026-03-29T01:27:32.564836,0,0,20.81,20.62
2026-03-29T01:27:35.244855,0,0,20.75,20.62
2026-03-29T01:27:38.264725,0,0,20.81,20.62
2026-03-29T01:27:40.954810,0,0,21.12,20.75
2026-03-29T01:27:43.814709,0,0,20.87,20.62
2026-03-29T01:27:46.523510,0,0,21.0,20.62
2026-03-29T01:27:49.104532,0,0,20.87,20.62
2026-03-29T01:27:51.654505,0,0,20.75,20.62
2026-03-29T01:27:54.354575,0,0,20.69,20.62
2026-03-29T01:27:56.964458,0,0,20.94,20.62
2026-03-29T01:27:59.574410,0,0,20.75,20.62
2026-03-29T01:28:02.255355,0,0,20.75,20.62
2026-03-29T01:28:04.805360,0,0,20.87,20.62
2026-03-29T01:28:07.425288,0,0,20.69,20.62
2026-03-29T01:28:10.355228,0,0,20.81,20.62
2026-03-29T01:28:13.065208,0,0,20.87,20.75
2026-03-29T01:28:15.655149,0,0,20.94,20.75
2026-03-29T01:28:18.205085,0,0,20.75,20.62
2026-03-29T01:28:20.794999,0,0,20.75,20.62
2026-03-29T01:28:23.345071,0,0,20.75,20.62
2026-03-29T01:28:26.195165,0,0,20.69,20.62
2026-03-29T01:28:29.164968,0,0,21.06,20.62
2026-03-29T01:28:31.763781,0,0,20.94,20.62
2026-03-29T01:28:34.386042,0,0,20.75,20.62
2026-03-29T01:28:37.005908,0,0,20.75,20.75
2026-03-29T01:28:39.685765,0,0,20.81,20.62
2026-03-29T01:28:42.315690,0,0,20.81,20.62
2026-03-29T01:28:44.865706,0,0,20.81,20.62
2026-03-29T01:28:47.555480,0,0,20.69,20.62
2026-03-29T01:28:50.175520,0,0,20.87,20.75
2026-03-29T01:28:52.855480,0,0,20.75,20.62
2026-03-29T01:28:55.555441,0,0,20.87,20.62
2026-03-29T01:28:58.235374,0,0,20.87,20.75
2026-03-29T01:29:01.185416,0,0,20.81,20.62
2026-03-29T01:29:03.865223,0,0,21.0,20.75
2026-03-29T01:29:06.485181,0,0,20.87,20.62
2026-03-29T01:29:09.246238,0,0,20.75,20.62
2026-03-29T01:29:11.865843,0,0,21.06,20.62
2026-03-29T01:29:14.486121,0,0,20.75,20.62
2026-03-29T01:29:17.176085,0,0,20.81,20.62
2026-03-29T01:29:19.806153,0,0,20.75,20.62
2026-03-29T01:29:22.406029,0,0,20.75,20.62
2026-03-29T01:29:25.026003,0,0,20.69,20.62
2026-03-29T01:29:27.704805,0,0,20.75,20.62
2026-03-29T01:29:30.395743,0,0,20.69,20.62
2026-03-29T01:29:33.015956,0,0,20.81,20.75
2026-03-29T01:29:35.565764,0,0,20.75,20.62
2026-03-29T01:29:38.165723,0,0,20.69,20.62
2026-03-29T01:29:40.786687,0,0,20.75,20.62
2026-03-29T01:29:43.476588,0,0,20.75,20.62
2026-03-29T01:29:46.096577,0,0,20.81,20.62
2026-03-29T01:29:48.646482,0,0,20.81,20.62
2026-03-29T01:29:51.326508,0,0,20.69,20.62
2026-03-29T01:29:53.945425,0,0,20.81,20.62
2026-03-29T01:29:56.956388,0,0,20.75,20.62
2026-03-29T01:29:59.716272,0,0,20.81,20.75
2026-03-29T01:30:02.276233,0,0,21.0,20.75
2026-03-29T01:30:04.886307,0,0,20.69,20.62
2026-03-29T01:30:07.576179,0,0,20.75,20.62
2026-03-29T01:30:10.276061,0,0,20.94,20.62
2026-03-29T01:30:13.126061,0,0,20.87,20.62
2026-03-29T01:30:15.907007,0,0,20.94,20.62
2026-03-29T01:30:18.896938,0,0,21.0,20.62
2026-03-29T01:30:21.506926,0,0,20.94,20.62
2026-03-29T01:30:24.206859,0,0,20.75,20.62
2026-03-29T01:30:26.806785,0,0,20.75,20.62
2026-03-29T01:30:29.882834,0,0,20.94,20.62
2026-03-29T01:30:32.496763,0,0,20.94,20.75
2026-03-29T01:30:35.066748,0,0,20.75,20.62
2026-03-29T01:30:37.746642,0,0,20.69,20.62
2026-03-29T01:30:40.366775,0,0,20.81,20.62
2026-03-29T01:30:42.976498,0,0,20.69,20.62
2026-03-29T01:30:45.676505,0,0,20.75,20.62
2026-03-29T01:30:48.227448,0,0,20.81,20.62
2026-03-29T01:30:50.847469,0,0,20.69,20.62
2026-03-29T01:30:53.457395,0,0,20.75,20.62
2026-03-29T01:30:56.007333,0,0,20.75,20.62
2026-03-29T01:30:58.947302,0,0,20.69,20.62
2026-03-29T01:31:01.647292,0,0,20.87,20.62
2026-03-29T01:31:04.327275,0,0,20.81,20.62
2026-03-29T01:31:07.257170,0,0,20.75,20.62
2026-03-29T01:31:09.957126,0,0,20.87,20.62
2026-03-29T01:31:12.637112,0,0,20.81,20.62
2026-03-29T01:31:15.347014,0,0,20.81,20.62
2026-03-29T01:31:17.966942,0,0,20.81,20.75
2026-03-29T01:31:20.876957,0,0,20.75,20.62
2026-03-29T01:31:23.427820,0,0,20.87,20.75
2026-03-29T01:31:26.127918,0,0,20.62,20.62
2026-03-29T01:31:28.829660,0,0,20.87,20.62
2026-03-29T01:31:31.497769,0,0,20.87,20.62
2026-03-29T01:31:34.097812,0,0,20.81,20.62
2026-03-29T01:31:36.717777,0,0,20.75,20.62
2026-03-29T01:31:39.347534,0,0,20.75,20.62
2026-03-29T01:31:42.307496,0,0,20.75,20.62
2026-03-29T01:31:44.857513,0,0,20.81,20.62
2026-03-29T01:31:47.707409,0,0,20.62,20.62
2026-03-29T01:31:50.317443,0,0,20.94,20.62
2026-03-29T01:31:52.867451,0,0,20.75,20.62
2026-03-29T01:31:55.468280,0,0,20.62,20.62
2026-03-29T01:31:58.088229,0,0,20.69,20.62
2026-03-29T01:32:00.708229,0,0,20.69,20.62
2026-03-29T01:32:03.308192,0,0,20.69,20.62
2026-03-29T01:32:06.328126,0,0,20.69,20.62
2026-03-29T01:32:09.189271,0,0,20.81,20.75
2026-03-29T01:32:11.708023,0,0,20.81,20.62
2026-03-29T01:32:14.398004,0,0,20.75,20.62
2026-03-29T01:32:16.947975,0,0,20.69,20.62
2026-03-29T01:32:19.547895,0,0,20.62,20.62
2026-03-29T01:32:22.237906,0,0,20.69,20.62
2026-03-29T01:32:24.786803,0,0,20.75,20.62
2026-03-29T01:32:27.388745,0,0,20.69,20.62
2026-03-29T01:32:30.008740,0,0,20.69,20.62
2026-03-29T01:32:32.618659,0,0,20.69,20.62
2026-03-29T01:32:35.168636,0,0,20.69,20.62
2026-03-29T01:32:37.788522,0,0,20.62,20.62
2026-03-29T01:32:40.488495,0,0,20.69,20.62
2026-03-29T01:32:43.108446,0,0,20.75,20.62
2026-03-29T01:32:45.728514,0,0,20.75,20.62
2026-03-29T01:32:48.348280,0,0,20.69,20.62
2026-03-29T01:32:50.948267,0,0,20.69,20.62
2026-03-29T01:32:53.798257,0,0,20.75,20.62
2026-03-29T01:32:56.748180,0,0,20.81,20.62
2026-03-29T01:32:59.589236,0,0,20.87,20.62
2026-03-29T01:33:02.349110,0,0,20.81,20.62
2026-03-29T01:33:04.957103,0,0,20.81,20.62
2026-03-29T01:33:07.959287,0,0,20.69,20.62
2026-03-29T01:33:10.589015,0,0,20.81,20.62
2026-03-29T01:33:13.268983,0,0,20.69,20.62
2026-03-29T01:33:15.958881,0,0,20.81,20.62
2026-03-29T01:33:18.508847,0,0,20.75,20.62
2026-03-29T01:33:21.128749,0,0,20.62,20.62
2026-03-29T01:33:23.828953,0,0,20.69,20.62
2026-03-29T01:33:26.418748,0,0,20.75,20.62
2026-03-29T01:33:28.968638,0,0,20.69,20.62
2026-03-29T01:33:31.588641,0,0,20.62,20.62
2026-03-29T01:33:34.189660,0,0,20.69,20.62
2026-03-29T01:33:36.738536,0,0,20.69,20.62
2026-03-29T01:33:39.359438,0,0,20.62,20.62
2026-03-29T01:33:42.049462,0,0,20.69,20.62
2026-03-29T01:33:44.659318,0,0,20.75,20.62
2026-03-29T01:33:47.369344,0,0,20.69,20.62
2026-03-29T01:33:50.049256,0,0,20.81,20.62
2026-03-29T01:33:52.599249,0,0,20.75,20.62
2026-03-29T01:33:55.149216,0,0,20.56,20.62
2026-03-29T01:33:57.829264,0,0,20.62,20.62
2026-03-29T01:34:00.449118,0,0,20.75,20.62
2026-03-29T01:34:03.069038,0,0,20.69,20.62
2026-03-29T01:34:05.669050,0,0,20.75,20.62
2026-03-29T01:34:08.746016,0,0,20.75,20.62
2026-03-29T01:34:11.309920,0,0,20.75,20.62
2026-03-29T01:34:14.385955,0,0,20.75,20.62
2026-03-29T01:34:17.079906,0,0,20.75,20.62
2026-03-29T01:34:19.929803,0,0,20.81,20.62
2026-03-29T01:34:22.549752,0,0,20.87,20.62
2026-03-29T01:34:25.159676,0,0,20.69,20.62
2026-03-29T01:34:27.709610,0,0,20.69,20.62
2026-03-29T01:34:30.309548,0,0,20.62,20.62
2026-03-29T01:34:33.009469,0,0,20.69,20.62
2026-03-29T01:34:35.599414,0,0,20.75,20.62
2026-03-29T01:34:38.149495,0,0,20.69,20.62
2026-03-29T01:34:40.840340,0,0,20.62,20.62
2026-03-29T01:34:43.390345,0,0,20.75,20.62
2026-03-29T01:34:46.070275,0,0,20.62,20.62
2026-03-29T01:34:48.690239,0,0,20.81,20.62
2026-03-29T01:34:51.290336,0,0,20.75,20.62
2026-03-29T01:34:53.902168,0,0,20.69,20.62
2026-03-29T01:34:56.450128,0,0,20.75,20.62
2026-03-29T01:34:59.220074,0,0,20.62,20.62
2026-03-29T01:35:01.979944,0,0,21.0,20.62
2026-03-29T01:35:04.590008,0,0,20.87,20.62
2026-03-29T01:35:07.210034,0,0,20.69,20.62
2026-03-29T01:35:09.829873,0,0,20.75,20.62
2026-03-29T01:35:12.419753,0,0,20.69,20.62
2026-03-29T01:35:15.200683,0,0,20.69,20.62
2026-03-29T01:35:17.900608,0,0,20.87,20.62
2026-03-29T01:35:20.450617,0,0,20.75,20.62
2026-03-29T01:35:23.070554,0,0,20.62,20.62
2026-03-29T01:35:25.740476,0,0,20.75,20.62
2026-03-29T01:35:28.289542,0,0,20.75,20.62
2026-03-29T01:35:31.110523,0,0,20.62,20.62
2026-03-29T01:35:33.730427,0,0,20.81,20.62
2026-03-29T01:35:36.348782,0,0,20.81,20.62
2026-03-29T01:35:39.030361,0,0,20.69,20.62
2026-03-29T01:35:41.580274,0,0,20.69,20.62
2026-03-29T01:35:44.180131,0,0,20.62,20.62
2026-03-29T01:35:46.871234,0,0,20.69,20.62
2026-03-29T01:35:49.501135,0,0,20.75,20.62
2026-03-29T01:35:52.050106,0,0,20.69,20.62
2026-03-29T01:35:54.651057,0,0,20.69,20.62
2026-03-29T01:35:57.671009,0,0,20.69,20.62
2026-03-29T01:36:00.370954,0,0,21.06,20.75
2026-03-29T01:36:02.970886,0,0,20.75,20.62
2026-03-29T01:36:05.580797,0,0,20.69,20.62
2026-03-29T01:36:08.130797,0,0,20.69,20.62
2026-03-29T01:36:10.749754,0,0,20.62,20.62
2026-03-29T01:36:13.510802,0,0,20.75,20.62
2026-03-29T01:36:16.270739,0,0,20.94,20.62
2026-03-29T01:36:18.881611,0,0,21.0,20.62
2026-03-29T01:36:21.491518,0,0,20.69,20.62
2026-03-29T01:36:24.091468,0,0,20.69,20.62
2026-03-29T01:36:26.711425,0,0,20.69,20.62
2026-03-29T01:36:29.631451,0,0,20.75,20.62
2026-03-29T01:36:32.301315,0,0,20.94,20.62
2026-03-29T01:36:34.991323,0,0,20.75,20.62
2026-03-29T01:36:38.011167,0,0,20.81,20.62
2026-03-29T01:36:40.931044,0,0,21.0,20.62
2026-03-29T01:36:43.531055,0,0,20.94,20.62
2026-03-29T01:36:46.230700,0,0,20.69,20.62
2026-03-29T01:36:48.829687,0,0,20.87,20.62
2026-03-29T01:36:51.580572,0,0,20.75,20.62
2026-03-29T01:36:54.281515,0,0,20.94,20.62
2026-03-29T01:36:56.971477,0,0,20.87,20.62
2026-03-29T01:36:59.661353,0,0,20.87,20.62
2026-03-29T01:37:02.661340,0,0,20.87,20.62
2026-03-29T01:37:05.501302,0,0,20.87,20.62
2026-03-29T01:37:08.110468,0,0,20.87,20.62
2026-03-29T01:37:10.721652,0,0,20.69,20.62
2026-03-29T01:37:13.271545,0,0,20.69,20.62
2026-03-29T01:37:15.871611,0,0,20.69,20.62
2026-03-29T01:37:18.721450,0,0,20.69,20.62
2026-03-29T01:37:21.797390,0,0,21.0,20.62
2026-03-29T01:37:24.411326,0,0,21.0,20.62
2026-03-29T01:37:27.012327,0,0,20.75,20.62
2026-03-29T01:37:29.632226,0,0,20.69,20.62
2026-03-29T01:37:32.232206,0,0,20.75,20.62
2026-03-29T01:37:35.030144,0,0,20.75,20.62
2026-03-29T01:37:37.711063,0,0,20.81,20.62
2026-03-29T01:37:40.262078,0,0,20.87,20.62
2026-03-29T01:37:42.951988,0,0,20.62,20.62
2026-03-29T01:37:45.570870,0,0,20.81,20.62
2026-03-29T01:37:48.191919,0,0,20.69,20.62
2026-03-29T01:37:50.751841,0,0,20.81,20.62
2026-03-29T01:37:53.351878,0,0,20.69,20.62
2026-03-29T01:37:55.971785,0,0,20.69,20.62
2026-03-29T01:37:58.590644,0,0,20.75,20.62
2026-03-29T01:38:01.191373,0,0,20.75,20.62
2026-03-29T01:38:03.892589,0,0,20.69,20.62
2026-03-29T01:38:06.492559,0,0,20.81,20.62
2026-03-29T01:38:09.192715,0,0,20.69,20.62
2026-03-29T01:38:12.052463,0,0,20.81,20.62
2026-03-29T01:38:14.832446,0,0,20.94,20.62
2026-03-29T01:38:17.431393,0,0,20.87,20.62
2026-03-29T01:38:20.052324,0,0,20.69,20.62
2026-03-29T01:38:22.742244,0,0,20.75,20.62
2026-03-29T01:38:25.442242,0,0,20.81,20.62
2026-03-29T01:38:28.282249,0,0,20.75,20.62
2026-03-29T01:38:30.983156,0,0,20.94,20.75
2026-03-29T01:38:34.058088,0,0,21.0,20.62
2026-03-29T01:38:36.733051,0,0,21.0,20.62
2026-03-29T01:38:39.809039,0,0,20.81,20.62
2026-03-29T01:38:42.483021,0,0,20.81,20.62
2026-03-29T01:38:45.172833,0,0,20.69,20.62
2026-03-29T01:38:48.033021,0,0,20.69,20.62
2026-03-29T01:38:50.652693,0,0,20.81,20.62
2026-03-29T01:38:53.202724,0,0,20.69,20.62
2026-03-29T01:38:56.122881,0,0,20.69,20.62
2026-03-29T01:38:58.682741,0,0,20.87,20.62
2026-03-29T01:39:01.522649,0,0,20.69,20.62
2026-03-29T01:39:04.363460,0,0,21.0,20.62
2026-03-29T01:39:06.973634,0,0,21.0,20.62
2026-03-29T01:39:09.963391,0,0,20.69,20.62
2026-03-29T01:39:12.813530,0,0,20.75,20.62
2026-03-29T01:39:15.503350,0,0,20.75,20.62
2026-03-29T01:39:18.053265,0,0,20.69,20.62
2026-03-29T01:39:20.653255,0,0,20.69,20.62
2026-03-29T01:39:23.353184,0,0,20.69,20.62
2026-03-29T01:39:25.953137,0,0,20.81,20.62
2026-03-29T01:39:28.502219,0,0,20.69,20.62
2026-03-29T01:39:31.503175,0,0,20.69,20.62
2026-03-29T01:39:34.123017,0,0,21.0,20.62
2026-03-29T01:39:36.733922,0,0,20.75,20.62
2026-03-29T01:39:39.809932,0,0,20.81,20.62
2026-03-29T01:39:42.423821,0,0,20.81,20.62
2026-03-29T01:39:45.213847,0,0,20.69,20.62
2026-03-29T01:39:47.813749,0,0,20.81,20.62
2026-03-29T01:39:50.433704,0,0,20.69,20.62
2026-03-29T01:39:53.033685,0,0,20.75,20.62
2026-03-29T01:39:55.583524,0,0,20.69,20.62
2026-03-29T01:39:58.583647,0,0,20.69,20.62
2026-03-29T01:40:01.283532,0,0,21.0,20.62
2026-03-29T01:40:03.883322,0,0,20.81,20.62
2026-03-29T01:40:06.433322,0,0,20.69,20.62
2026-03-29T01:40:09.043218,0,0,20.69,20.62
2026-03-29T01:40:11.643197,0,0,20.75,20.62
2026-03-29T01:40:14.720143,0,0,20.94,20.62
2026-03-29T01:40:17.674124,0,0,20.94,20.62
2026-03-29T01:40:20.274132,0,0,20.94,20.62
2026-03-29T01:40:23.264150,0,0,20.69,20.62
2026-03-29T01:40:25.813971,0,0,21.0,20.75
2026-03-29T01:40:28.889616,0,0,20.94,20.62
2026-03-29T01:40:31.483487,0,0,20.94,20.75
2026-03-29T01:40:34.423475,0,0,20.69,20.62
2026-03-29T01:40:36.973499,0,0,20.87,20.62
2026-03-29T01:40:39.643374,0,0,20.69,20.62
2026-03-29T01:40:42.353351,0,0,20.81,20.62
2026-03-29T01:40:44.944247,0,0,20.81,20.62
2026-03-29T01:40:47.734195,0,0,20.69,20.62
2026-03-29T01:40:50.414230,0,0,21.0,20.62
2026-03-29T01:40:53.031253,0,0,20.75,20.62
2026-03-29T01:40:55.624041,0,0,20.75,20.75
2026-03-29T01:40:58.174064,0,0,20.69,20.62
2026-03-29T01:41:00.874042,0,0,20.62,20.62
2026-03-29T01:41:03.793960,0,0,20.81,20.75
2026-03-29T01:41:06.413909,0,0,20.87,20.62
2026-03-29T01:41:09.333829,0,0,20.75,20.62
2026-03-29T01:41:11.923743,0,0,20.81,20.62
2026-03-29T01:41:14.543684,0,0,20.69,20.62
2026-03-29T01:41:17.303620,0,0,20.69,20.62
2026-03-29T01:41:19.924585,0,0,20.87,20.75
2026-03-29T01:41:22.544768,0,0,20.75,20.62
2026-03-29T01:41:25.223476,0,0,20.75,20.62
2026-03-29T01:41:27.924509,0,0,20.75,20.62
2026-03-29T01:41:30.774419,0,0,20.87,20.62
2026-03-29T01:41:33.394392,0,0,20.87,20.62
2026-03-29T01:41:36.470364,0,0,20.87,20.62
2026-03-29T01:41:39.084233,0,0,20.87,20.62
2026-03-29T01:41:41.774373,0,0,20.69,20.62
2026-03-29T01:41:44.384183,0,0,20.75,20.62
2026-03-29T01:41:47.174232,0,0,20.69,20.62
2026-03-29T01:41:49.795117,0,0,20.94,20.62
2026-03-29T01:41:52.485061,0,0,20.69,20.62
2026-03-29T01:41:55.104975,0,0,20.81,20.62
2026-03-29T01:41:57.784973,0,0,20.75,20.62
2026-03-29T01:42:00.860854,0,0,20.87,20.62
2026-03-29T01:42:03.564810,0,0,20.87,20.62
2026-03-29T01:42:06.244849,0,0,20.81,20.62
2026-03-29T01:42:08.864713,0,0,20.81,20.62
2026-03-29T01:42:11.683451,0,0,20.75,20.62
2026-03-29T01:42:14.184999,0,0,20.69,20.62
2026-03-29T01:42:17.194983,0,0,20.81,20.62
2026-03-29T01:42:19.814927,0,0,20.81,20.62
2026-03-29T01:42:22.435880,0,0,20.75,20.62
2026-03-29T01:42:25.035809,0,0,20.69,20.62
2026-03-29T01:42:27.735651,0,0,20.69,20.62
2026-03-29T01:42:30.335440,0,0,20.81,20.62
2026-03-29T01:42:33.035220,0,0,20.69,20.62
2026-03-29T01:42:35.965117,0,0,20.75,20.62
2026-03-29T01:42:38.974606,0,0,20.87,20.62
2026-03-29T01:42:41.644276,0,0,20.87,20.62
2026-03-29T01:42:44.719997,0,0,20.94,20.62
2026-03-29T01:42:47.593746,0,0,20.94,20.62
2026-03-29T01:42:50.263424,0,0,20.87,20.62
2026-03-29T01:42:53.043143,0,0,20.75,20.62
2026-03-29T01:42:55.652846,0,0,20.87,20.62
2026-03-29T01:42:58.663555,0,0,20.69,20.62
2026-03-29T01:43:01.213374,0,0,20.81,20.62
2026-03-29T01:43:03.913083,0,0,20.62,20.62
2026-03-29T01:43:06.882795,0,0,20.87,20.62
2026-03-29T01:43:09.502517,0,0,20.81,20.75
2026-03-29T01:43:12.282315,0,0,20.69,20.62
2026-03-29T01:43:14.971948,0,0,20.81,20.62
2026-03-29T01:43:17.661684,0,0,20.81,20.62
2026-03-29T01:43:20.281413,0,0,20.75,20.62
2026-03-29T01:43:23.061180,0,0,20.69,20.62
2026-03-29T01:43:26.070887,0,0,20.81,20.62
2026-03-29T01:43:28.910816,0,0,20.81,20.75
2026-03-29T01:43:31.611311,0,0,20.75,20.62
2026-03-29T01:43:34.199999,0,0,20.75,20.62
2026-03-29T01:43:36.750840,0,0,20.69,20.62
2026-03-29T01:43:39.360634,0,0,20.62,20.62
2026-03-29T01:43:42.200234,0,0,20.69,20.62
2026-03-29T01:43:44.880060,0,0,20.87,20.62
2026-03-29T01:43:47.430064,0,0,20.81,20.62
2026-03-29T01:43:50.209730,0,0,20.62,20.62
2026-03-29T01:43:53.199272,0,0,20.87,20.62
2026-03-29T01:43:55.748996,0,0,20.81,20.62
2026-03-29T01:43:58.338752,0,0,20.62,20.62
2026-03-29T01:44:00.888509,0,0,20.69,20.62
2026-03-29T01:44:03.589272,0,0,20.69,20.62
2026-03-29T01:44:06.189019,0,0,20.75,20.62
2026-03-29T01:44:08.807711,0,0,20.69,20.62
2026-03-29T01:44:11.508598,0,0,20.69,20.62
2026-03-29T01:44:14.098306,0,0,20.75,20.62
2026-03-29T01:44:16.698111,0,0,20.69,20.62
2026-03-29T01:44:19.267521,0,0,20.69,20.62
2026-03-29T01:44:22.177600,0,0,20.69,20.62
2026-03-29T01:44:24.725219,0,0,20.81,20.62
2026-03-29T01:44:27.427218,0,0,20.62,20.62
2026-03-29T01:44:30.026879,0,0,20.81,20.62
2026-03-29T01:44:32.626627,0,0,20.75,20.62
2026-03-29T01:44:35.246416,0,0,20.69,20.62
2026-03-29T01:44:37.837210,0,0,20.69,20.62
2026-03-29T01:44:40.626927,0,0,20.69,20.62
2026-03-29T01:44:43.246865,0,0,20.81,20.62
2026-03-29T01:44:45.846463,0,0,20.69,20.62
2026-03-29T01:44:48.546202,0,0,20.69,20.62
2026-03-29T01:44:51.622001,0,0,20.81,20.62
2026-03-29T01:44:54.185779,0,0,20.81,20.62
2026-03-29T01:44:56.955498,0,0,20.62,20.62
2026-03-29T01:44:59.565340,0,0,20.81,20.62
2026-03-29T01:45:02.555038,0,0,20.69,20.62
2026-03-29T01:45:05.554803,0,0,20.94,20.62
2026-03-29T01:45:08.104458,0,0,20.87,20.62
2026-03-29T01:45:11.013156,0,0,20.62,20.62
2026-03-29T01:45:13.705043,0,0,20.87,20.62
2026-03-29T01:45:16.394822,0,0,20.75,20.75
2026-03-29T01:45:19.004522,0,0,20.81,20.62
2026-03-29T01:45:21.694417,0,0,20.69,20.62
2026-03-29T01:45:24.374162,0,0,20.75,20.62
2026-03-29T01:45:27.447750,0,0,20.81,20.62
2026-03-29T01:45:30.293573,0,0,20.81,20.62
2026-03-29T01:45:32.983484,0,0,20.81,20.62
2026-03-29T01:45:35.603159,0,0,20.81,20.62
2026-03-29T01:45:38.272848,0,0,20.81,20.62
2026-03-29T01:45:40.962744,0,0,20.87,20.62
2026-03-29T01:45:43.643433,0,0,20.75,20.75
2026-03-29T01:45:46.243195,0,0,20.75,20.62
2026-03-29T01:45:48.863167,0,0,20.69,20.62
2026-03-29T01:45:51.462810,0,0,20.75,20.62
2026-03-29T01:45:54.072590,0,0,20.75,20.62
2026-03-29T01:45:56.771457,0,0,20.69,20.62
2026-03-29T01:45:59.402177,0,0,20.81,20.62
2026-03-29T01:46:02.477951,0,0,20.81,20.62
2026-03-29T01:46:05.151771,0,0,20.81,20.75
2026-03-29T01:46:08.227535,0,0,20.94,20.62
2026-03-29T01:46:10.931325,0,0,20.94,20.75
2026-03-29T01:46:13.621055,0,0,20.81,20.62
2026-03-29T01:46:16.620848,0,0,20.81,20.62
2026-03-29T01:46:19.311602,0,0,20.81,20.75
2026-03-29T01:46:22.387378,0,0,20.87,20.75
2026-03-29T01:46:25.081197,0,0,20.87,20.62
2026-03-29T01:46:27.761023,0,0,20.81,20.75
2026-03-29T01:46:30.370785,0,0,20.87,20.62
2026-03-29T01:46:33.170565,0,0,20.75,20.62
2026-03-29T01:46:36.246325,0,0,20.87,20.62
2026-03-29T01:46:38.870185,0,0,20.87,20.62
2026-03-29T01:46:41.469920,0,0,20.75,20.62
2026-03-29T01:46:44.089701,0,0,20.75,20.62
2026-03-29T01:46:47.166454,0,0,20.75,20.62
2026-03-29T01:46:50.020206,0,0,20.75,20.62
2026-03-29T01:46:52.630033,0,0,20.87,20.62
2026-03-29T01:46:55.229908,0,0,20.69,20.62
2026-03-29T01:46:58.169677,0,0,20.75,20.62
2026-03-29T01:47:01.179580,0,0,20.87,20.62
2026-03-29T01:47:03.849239,0,0,20.87,20.62
2026-03-29T01:47:06.459045,0,0,20.75,20.75
2026-03-29T01:47:09.158818,0,0,20.75,20.62
2026-03-29T01:47:11.999557,0,0,20.81,20.62
2026-03-29T01:47:14.518056,0,0,20.87,20.62
2026-03-29T01:47:17.427838,0,0,20.87,20.62
2026-03-29T01:47:20.457694,0,0,21.0,20.62
2026-03-29T01:47:23.037430,0,0,21.0,20.62
2026-03-29T01:47:26.038268,0,0,20.69,20.62
2026-03-29T01:47:28.658079,0,0,21.0,20.62
2026-03-29T01:47:31.337951,0,0,20.75,20.62
2026-03-29T01:47:34.227613,0,0,20.87,20.75
2026-03-29T01:47:37.167433,0,0,20.87,20.62
2026-03-29T01:47:39.717205,0,0,21.0,20.62
2026-03-29T01:47:42.792998,0,0,20.87,20.62
2026-03-29T01:47:45.546751,0,0,20.87,20.62
2026-03-29T01:47:48.156592,0,0,21.0,20.75
2026-03-29T01:47:50.746348,0,0,20.75,20.62
2026-03-29T01:47:53.586310,0,0,20.69,20.62
2026-03-29T01:47:56.137106,0,0,21.0,20.62
2026-03-29T01:47:58.736770,0,0,20.69,20.62
2026-03-29T01:48:01.536655,0,0,20.75,20.62
2026-03-29T01:48:04.116974,0,0,20.94,20.75
2026-03-29T01:48:07.192541,0,0,20.87,20.62
2026-03-29T01:48:09.746414,0,0,20.87,20.75
2026-03-29T01:48:12.822365,0,0,21.0,20.62
2026-03-29T01:48:15.436054,0,0,21.0,20.62
2026-03-29T01:48:18.015815,0,0,20.75,20.62
2026-03-29T01:48:20.643638,0,0,20.69,20.62
2026-03-29T01:48:23.335480,0,0,20.75,20.62
2026-03-29T01:48:26.255286,0,0,20.81,20.62
2026-03-29T01:48:28.946137,0,0,20.94,20.75
2026-03-29T01:48:31.796044,0,0,20.81,20.62
2026-03-29T01:48:34.405760,0,0,20.94,20.62
2026-03-29T01:48:37.005588,0,0,20.75,20.62
2026-03-29T01:48:40.081394,0,0,20.87,20.62
2026-03-29T01:48:42.705156,0,0,20.87,20.62
2026-03-29T01:48:45.324996,0,0,20.81,20.62
2026-03-29T01:48:48.334834,0,0,20.75,20.75
2026-03-29T01:48:51.004565,0,0,20.94,20.75
2026-03-29T01:48:54.014556,0,0,20.87,20.75
2026-03-29T01:48:56.954219,0,0,21.0,20.62
2026-03-29T01:48:59.614040,0,0,20.87,20.62
2026-03-29T01:49:02.444848,0,0,20.81,20.62
2026-03-29T01:49:04.994698,0,0,21.0,20.75
2026-03-29T01:49:07.592777,0,0,20.69,20.62
2026-03-29T01:49:10.414377,0,0,20.75,20.62
2026-03-29T01:49:13.034202,0,0,20.81,20.62
2026-03-29T01:49:16.043942,0,0,20.75,20.62
2026-03-29T01:49:18.593975,0,0,20.94,20.75
2026-03-29T01:49:21.183601,0,0,20.75,20.62
2026-03-29T01:49:23.773440,0,0,20.75,20.62
2026-03-29T01:49:26.343313,0,0,20.75,20.62
2026-03-29T01:49:29.023066,0,0,20.75,20.62
2026-03-29T01:49:31.572958,0,0,20.94,20.62
2026-03-29T01:49:34.649742,0,0,21.0,20.62
2026-03-29T01:49:37.253585,0,0,21.0,20.75
2026-03-29T01:49:39.823313,0,0,20.75,20.62
2026-03-29T01:49:42.513225,0,0,20.75,20.62
2026-03-29T01:49:45.123104,0,0,20.81,20.75
2026-03-29T01:49:48.122895,0,0,20.75,20.62
2026-03-29T01:49:50.742814,0,0,20.94,20.62
2026-03-29T01:49:53.432519,0,0,20.75,20.62
2026-03-29T01:49:56.122364,0,0,20.94,20.75
2026-03-29T01:49:58.812199,0,0,20.81,20.62
2026-03-29T01:50:01.742080,0,0,20.81,20.75
2026-03-29T01:50:04.341994,0,0,21.0,20.75
2026-03-29T01:50:06.939597,0,0,20.75,20.75
2026-03-29T01:50:09.632500,0,0,20.81,20.62
2026-03-29T01:50:12.708320,0,0,20.87,20.62
2026-03-29T01:50:15.412183,0,0,20.87,20.75
2026-03-29T01:50:18.422015,0,0,20.81,20.62
2026-03-29T01:50:20.971825,0,0,20.87,20.62
2026-03-29T01:50:23.641651,0,0,20.75,20.62
2026-03-29T01:50:26.421530,0,0,20.87,20.62
2026-03-29T01:50:29.111307,0,0,20.94,20.75
2026-03-29T01:50:31.711171,0,0,20.81,20.75
2026-03-29T01:50:34.340965,0,0,20.75,20.62
2026-03-29T01:50:36.950830,0,0,20.81,20.62
2026-03-29T01:50:39.810657,0,0,20.75,20.75
2026-03-29T01:50:42.887406,0,0,21.0,20.62
2026-03-29T01:50:45.471280,0,0,21.0,20.75
2026-03-29T01:50:48.161119,0,0,20.75,20.62
2026-03-29T01:50:50.760938,0,0,20.81,20.62
2026-03-29T01:50:53.835777,0,0,20.94,20.62
2026-03-29T01:50:56.760578,0,0,20.94,20.75
2026-03-29T01:50:59.320398,0,0,20.87,20.75
2026-03-29T01:51:01.930299,0,0,20.75,20.62
2026-03-29T01:51:04.550197,0,0,20.75,20.75
2026-03-29T01:51:07.470098,0,0,20.81,20.75
2026-03-29T01:51:10.059823,0,0,20.94,20.75
2026-03-29T01:51:13.069735,0,0,20.81,20.75
2026-03-29T01:51:15.680466,0,0,21.06,20.75
2026-03-29T01:51:18.370357,0,0,20.75,20.62
2026-03-29T01:51:21.058246,0,0,20.75,20.75
2026-03-29T01:51:23.670052,0,0,20.81,20.75
2026-03-29T01:51:26.289909,0,0,20.81,20.62
2026-03-29T01:51:28.899797,0,0,20.87,20.62
2026-03-29T01:51:31.579560,0,0,20.81,20.62
2026-03-29T01:51:34.278442,0,0,20.94,20.75
2026-03-29T01:51:37.289268,0,0,20.94,20.62
2026-03-29T01:51:39.978147,0,0,21.0,20.75
2026-03-29T01:51:42.909035,0,0,20.87,20.75
2026-03-29T01:51:45.498826,0,0,20.94,20.75
2026-03-29T01:51:48.199609,0,0,20.75,20.62
2026-03-29T01:51:50.819494,0,0,20.94,20.75
2026-03-29T01:51:53.419314,0,0,20.81,20.62
2026-03-29T01:51:56.109236,0,0,20.87,20.75
2026-03-29T01:51:58.729092,0,0,20.94,20.75
2026-03-29T01:52:01.318986,0,0,20.81,20.75
2026-03-29T01:52:03.937854,0,0,20.81,20.62
2026-03-29T01:52:06.548526,0,0,20.81,20.75
2026-03-29T01:52:09.158482,0,0,20.81,20.62
2026-03-29T01:52:11.766254,0,0,20.81,20.62
2026-03-29T01:52:14.388241,0,0,20.81,20.62
2026-03-29T01:52:16.988002,0,0,20.81,20.62
2026-03-29T01:52:19.677852,0,0,20.81,20.75
2026-03-29T01:52:22.358718,0,0,20.87,20.75
2026-03-29T01:52:25.434548,0,0,21.0,20.75
2026-03-29T01:52:28.048355,0,0,21.0,20.75
2026-03-29T01:52:30.648208,0,0,20.87,20.75
2026-03-29T01:52:33.238128,0,0,20.81,20.62
2026-03-29T01:52:35.857960,0,0,20.75,20.62
2026-03-29T01:52:38.547843,0,0,20.81,20.75
2026-03-29T01:52:41.147687,0,0,20.87,20.75
2026-03-29T01:52:43.767570,0,0,20.81,20.62
2026-03-29T01:52:46.357488,0,0,20.75,20.62
2026-03-29T01:52:48.977340,0,0,20.75,20.75
2026-03-29T01:52:51.987273,0,0,20.81,20.75
2026-03-29T01:52:54.678017,0,0,20.87,20.75
2026-03-29T01:52:57.677873,0,0,20.87,20.62
2026-03-29T01:53:00.227677,0,0,20.87,20.75
2026-03-29T01:53:02.907543,0,0,20.75,20.62
2026-03-29T01:53:05.517445,0,0,20.87,20.75
2026-03-29T01:53:08.147259,0,0,20.87,20.75
2026-03-29T01:53:10.817169,0,0,20.87,20.75
2026-03-29T01:53:13.737030,0,0,20.87,20.75
2026-03-29T01:53:16.286825,0,0,21.0,20.75
2026-03-29T01:53:19.036636,0,0,20.75,20.75
2026-03-29T01:53:21.956480,0,0,21.06,20.75
2026-03-29T01:53:24.576392,0,0,21.06,20.75
2026-03-29T01:53:27.586373,0,0,20.87,20.75
2026-03-29T01:53:30.197127,0,0,21.06,20.75
2026-03-29T01:53:32.877028,0,0,20.87,20.62
2026-03-29T01:53:35.506976,0,0,20.94,20.75
2026-03-29T01:53:38.126648,0,0,20.87,20.75
2026-03-29T01:53:40.726708,0,0,20.87,20.62
2026-03-29T01:53:43.586442,0,0,20.87,20.62
2026-03-29T01:53:46.186320,0,0,21.0,20.75
2026-03-29T01:53:48.786126,0,0,20.81,20.75
2026-03-29T01:53:51.404280,0,0,20.81,20.62
2026-03-29T01:53:54.005913,0,0,20.81,20.62
2026-03-29T01:53:56.565783,0,0,20.81,20.75
2026-03-29T01:53:59.263598,0,0,20.75,20.62
2026-03-29T01:54:01.866523,0,0,21.0,20.75
2026-03-29T01:54:04.466385,0,0,20.81,20.62
2026-03-29T01:54:07.086273,0,0,20.81,20.75
2026-03-29T01:54:09.686115,0,0,20.87,20.62
2026-03-29T01:54:12.385933,0,0,20.81,20.75
2026-03-29T01:54:14.985858,0,0,21.0,20.75
2026-03-29T01:54:17.584524,0,0,20.81,20.75
2026-03-29T01:54:20.205496,0,0,20.81,20.62
2026-03-29T01:54:22.825930,0,0,20.94,20.75
2026-03-29T01:54:25.425295,0,0,20.87,20.75
2026-03-29T01:54:28.045122,0,0,20.87,20.75
2026-03-29T01:54:30.715012,0,0,20.87,20.75
2026-03-29T01:54:33.714902,0,0,20.94,20.75
2026-03-29T01:54:36.495620,0,0,21.12,20.75
2026-03-29T01:54:39.505709,0,0,21.06,20.75
2026-03-29T01:54:42.415384,0,0,20.94,20.75
2026-03-29T01:54:45.335254,0,0,20.94,20.75
2026-03-29T01:54:47.885146,0,0,21.19,20.75
2026-03-29T01:54:50.555009,0,0,20.75,20.75
2026-03-29T01:54:53.164823,0,0,20.94,20.75
2026-03-29T01:54:55.784826,0,0,20.87,20.75
2026-03-29T01:54:58.474633,0,0,20.94,20.75
2026-03-29T01:55:01.164476,0,0,20.87,20.75
2026-03-29T01:55:04.241296,0,0,21.06,20.75
2026-03-29T01:55:06.934219,0,0,21.06,20.75
2026-03-29T01:55:09.545118,0,0,21.0,20.75
2026-03-29T01:55:12.164969,0,0,20.87,20.75
2026-03-29T01:55:14.754808,0,0,20.94,20.62
2026-03-29T01:55:17.374699,0,0,20.87,20.75
2026-03-29T01:55:20.062439,0,0,20.94,20.75
2026-03-29T01:55:23.140435,0,0,21.06,20.75
2026-03-29T01:55:25.754282,0,0,21.06,20.75
2026-03-29T01:55:28.364175,0,0,20.87,20.75
2026-03-29T01:55:30.954070,0,0,20.87,20.75
2026-03-29T01:55:33.543884,0,0,20.87,20.62
2026-03-29T01:55:36.583760,0,0,20.81,20.62
2026-03-29T01:55:39.253697,0,0,21.0,20.75
2026-03-29T01:55:42.094476,0,0,20.94,20.75
2026-03-29T01:55:44.784379,0,0,21.06,20.75
2026-03-29T01:55:47.463410,0,0,20.87,20.75
2026-03-29T01:55:50.304125,0,0,20.87,20.75
2026-03-29T01:55:52.913035,0,0,21.06,20.75
2026-03-29T01:55:55.492794,0,0,20.87,20.75
2026-03-29T01:55:58.363666,0,0,20.87,20.75
2026-03-29T01:56:01.242730,0,0,21.12,20.75
2026-03-29T01:56:03.933425,0,0,21.0,20.75
2026-03-29T01:56:06.533308,0,0,21.06,20.75
2026-03-29T01:56:09.143174,0,0,20.87,20.75
2026-03-29T01:56:11.733127,0,0,20.94,20.62
2026-03-29T01:56:14.763957,0,0,20.87,20.75
2026-03-29T01:56:17.364160,0,0,21.12,20.75
2026-03-29T01:56:19.983691,0,0,20.87,20.75
2026-03-29T01:56:22.573637,0,0,20.94,20.75
2026-03-29T01:56:25.442449,0,0,20.87,20.62
2026-03-29T01:56:28.113377,0,0,21.0,20.75
2026-03-29T01:56:30.723171,0,0,20.87,20.75
2026-03-29T01:56:33.333095,0,0,20.87,20.75
2026-03-29T01:56:36.013087,0,0,20.87,20.62
2026-03-29T01:56:39.088816,0,0,21.19,20.75
2026-03-29T01:56:41.722724,0,0,21.19,20.75
2026-03-29T01:56:44.422594,0,0,20.94,20.62
2026-03-29T01:56:47.422432,0,0,21.06,20.75
2026-03-29T01:56:50.499279,0,0,21.19,20.75
2026-03-29T01:56:53.575240,0,0,21.12,20.75
2026-03-29T01:56:56.283095,0,0,21.12,20.75
2026-03-29T01:56:58.962952,0,0,21.06,20.75
2026-03-29T01:57:01.582827,0,0,21.0,20.75
2026-03-29T01:57:04.182845,0,0,20.87,20.75
2026-03-29T01:57:06.772497,0,0,20.87,20.75
2026-03-29T01:57:09.322389,0,0,20.87,20.75
2026-03-29T01:57:12.242268,0,0,20.81,20.75
2026-03-29T01:57:14.852176,0,0,21.06,20.75
2026-03-29T01:57:17.482130,0,0,20.94,20.75
2026-03-29T01:57:20.371985,0,0,20.94,20.75
2026-03-29T01:57:23.402847,0,0,21.06,20.75
2026-03-29T01:57:26.072666,0,0,21.12,20.75
2026-03-29T01:57:28.702573,0,0,21.06,20.75
2026-03-29T01:57:31.302439,0,0,20.94,20.75
2026-03-29T01:57:33.892269,0,0,20.94,20.75
2026-03-29T01:57:36.442214,0,0,20.87,20.75
2026-03-29T01:57:39.362110,0,0,20.87,20.75
2026-03-29T01:57:41.972012,0,0,21.19,20.75
2026-03-29T01:57:44.521964,0,0,20.94,20.62
2026-03-29T01:57:47.121837,0,0,20.81,20.75
2026-03-29T01:57:49.731536,0,0,20.94,20.75
2026-03-29T01:57:52.401564,0,0,20.94,20.75
2026-03-29T01:57:55.022483,0,0,21.06,20.75
2026-03-29T01:57:57.642349,0,0,20.94,20.75
2026-03-29T01:58:00.322190,0,0,20.94,20.75
2026-03-29T01:58:02.942100,0,0,21.06,20.75
2026-03-29T01:58:05.861932,0,0,20.94,20.75
2026-03-29T01:58:08.471765,0,0,21.19,20.75
2026-03-29T01:58:11.229624,0,0,21.0,20.75
2026-03-29T01:58:13.911577,0,0,21.19,20.75
2026-03-29T01:58:16.921453,0,0,21.06,20.75
2026-03-29T01:58:19.997315,0,0,21.06,20.75
2026-03-29T01:58:22.581194,0,0,21.06,20.75
2026-03-29T01:58:25.271053,0,0,20.87,20.75
2026-03-29T01:58:28.121967,0,0,21.06,20.75
2026-03-29T01:58:30.791796,0,0,21.19,20.75
2026-03-29T01:58:33.491654,0,0,21.0,20.75
2026-03-29T01:58:36.310553,0,0,21.06,20.75
2026-03-29T01:58:38.931379,0,0,21.19,20.75
2026-03-29T01:58:41.941240,0,0,21.0,20.62
2026-03-29T01:58:44.541218,0,0,21.25,20.75
2026-03-29T01:58:47.241168,0,0,20.94,20.75
2026-03-29T01:58:49.921000,0,0,21.06,20.75
2026-03-29T01:58:52.520960,0,0,21.06,20.75
2026-03-29T01:58:55.190902,0,0,20.94,20.75
2026-03-29T01:58:58.190637,0,0,21.06,20.75
2026-03-29T01:59:00.800493,0,0,21.19,20.75
2026-03-29T01:59:03.421430,0,0,20.94,20.75
2026-03-29T01:59:06.021285,0,0,20.94,20.62
2026-03-29T01:59:08.721225,0,0,20.94,20.75
2026-03-29T01:59:11.311080,0,0,21.12,20.75
2026-03-29T01:59:13.931135,0,0,20.87,20.75
2026-03-29T01:59:16.540790,0,0,20.94,20.75
2026-03-29T01:59:19.220708,0,0,20.94,20.75
2026-03-29T01:59:21.840574,0,0,21.06,20.75
2026-03-29T01:59:24.916484,0,0,21.31,20.75
2026-03-29T01:59:27.910400,0,0,21.31,20.75
2026-03-29T01:59:30.460197,0,0,21.31,20.75
2026-03-29T01:59:33.060146,0,0,20.81,20.75
2026-03-29T01:59:35.761114,0,0,20.94,20.75
2026-03-29T01:59:38.500988,0,0,21.12,20.75
2026-03-29T01:59:41.100804,0,0,21.0,20.75
2026-03-29T01:59:43.700662,0,0,20.94,20.75
2026-03-29T01:59:46.390672,0,0,20.94,20.75
2026-03-29T01:59:49.400372,0,0,21.06,20.75
2026-03-29T01:59:51.998375,0,0,21.19,20.75
2026-03-29T01:59:54.840092,0,0,20.94,20.75
2026-03-29T01:59:57.450284,0,0,21.19,20.75
2026-03-29T02:00:00.049967,0,0,20.94,20.75
2026-03-29T02:01:04.702042,0,0,20.94,20.75
2026-03-29T02:01:19.037124,0,0,20.94,20.75
2026-03-29T02:01:21.868465,0,0,21.19,20.75
2026-03-29T02:01:24.309847,0,0,20.94,20.75
2026-03-29T02:01:26.993171,0,0,20.94,20.75
