ISO-10303-21;
HEADER;
FILE_DESCRIPTION (( 'STEP AP214' ),
    '1' );
FILE_NAME ('Fuse Holder PCB.STEP',
    '2025-01-25T23:57:08',
    ( '' ),
    ( '' ),
    'SwSTEP 2.0',
    'SolidWorks 2025',
    '' );
FILE_SCHEMA (( 'AUTOMOTIVE_DESIGN' ));
ENDSEC;

DATA;
#1 = CARTESIAN_POINT ( 'NONE',  ( 9.500000000000001776, 1.769344485267118738, -2.267342643550368297 ) ) ;
#2 = STYLED_ITEM ( 'NONE', ( #2587 ), #801 ) ;
#3 = DIRECTION ( 'NONE',  ( 0.000000000000000000, 0.000000000000000000, 1.000000000000000000 ) ) ;
#4 = FILL_AREA_STYLE ('',( #2266 ) ) ;
#5 = CARTESIAN_POINT ( 'NONE',  ( 0.000000000000000000, 0.8231422074094445485, -1.767749107305984779 ) ) ;
#6 = MECHANICAL_DESIGN_GEOMETRIC_PRESENTATION_REPRESENTATION (  '', ( #1726 ), #1105 ) ;
#7 = ORIENTED_EDGE ( 'NONE', *, *, #2301, .F. ) ;
#8 = UNCERTAINTY_MEASURE_WITH_UNIT (LENGTH_MEASURE( 1.000000000000000082E-05 ), #1144, 'distance_accuracy_value', 'NONE');
#9 = TOROIDAL_SURFACE ( 'NONE', #6150, 0.4050331274601051135, 0.2500000000000000000 ) ;
#10 = SURFACE_SIDE_STYLE ('',( #1899 ) ) ;
#11 = CARTESIAN_POINT ( 'NONE',  ( 13.00000000000000178, 0.03649346519878907125, -2.449728194515685686 ) ) ;
#12 = FILL_AREA_STYLE ('',( #6276 ) ) ;
#13 = COLOUR_RGB ( '',0.9372549019607843146, 0.8823529411764705621, 0.8823529411764705621 ) ;
#14 = CARTESIAN_POINT ( 'NONE',  ( 9.500000000000001776, -2.761679942142320154, 2.209572282996065784 ) ) ;
#15 = EDGE_CURVE ( 'NONE', #1024, #3486, #1021, .T. ) ;
#16 = CARTESIAN_POINT ( 'NONE',  ( -0.4999999999999998890, -6.317137750622598524, -0.5999999999999990896 ) ) ;
#17 = PRESENTATION_LAYER_ASSIGNMENT (  '', '', ( #1636 ) ) ;
#18 = CARTESIAN_POINT ( 'NONE',  ( 9.500000000000001776, 1.032974534022424562, 2.221590333989759358 ) ) ;
#19 = DIRECTION ( 'NONE',  ( 0.000000000000000000, 0.000000000000000000, -1.000000000000000000 ) ) ;
#20 = CARTESIAN_POINT ( 'NONE',  ( 3.000000000000000000, -6.449446395972438850, -0.5596091947258451382 ) ) ;
#21 = CARTESIAN_POINT ( 'NONE',  ( 0.000000000000000000, -6.331521131137352043, 1.847389710217772318 ) ) ;
#22 = ORIENTED_EDGE ( 'NONE', *, *, #743, .F. ) ;
#23 = PRESENTATION_LAYER_ASSIGNMENT (  '', '', ( #1538 ) ) ;
#24 = PRESENTATION_LAYER_ASSIGNMENT (  '', '', ( #1426 ) ) ;
#25 = EDGE_CURVE ( 'NONE', #1657, #620, #5479, .T. ) ;
#26 = APPLICATION_PROTOCOL_DEFINITION ( 'draft international standard', 'automotive_design', 1998, #4602 ) ;
#27 = ORIENTED_EDGE ( 'NONE', *, *, #1611, .T. ) ;
#28 = CARTESIAN_POINT ( 'NONE',  ( 9.500000000000001776, -5.511447537303414634, -1.924131555431610963 ) ) ;
#29 = VECTOR ( 'NONE', #1412, 1000.000000000000000 ) ;
#30 = CIRCLE ( 'NONE', #332, 0.4050331274601051135 ) ;
#31 = CARTESIAN_POINT ( 'NONE',  ( 0.000000000000000000, -2.761679942142205579, 2.209572282996751014 ) ) ;
#32 = FILL_AREA_STYLE ('',( #4488 ) ) ;
#33 = ADVANCED_FACE ( 'NONE', ( #2383 ), #4278, .T. ) ;
#34 = ORIENTED_EDGE ( 'NONE', *, *, #3925, .F. ) ;
#35 = SURFACE_STYLE_USAGE ( .BOTH. , #128 ) ;
#36 = CARTESIAN_POINT ( 'NONE',  ( 12.50000000000000000, -5.949181936419980055, 0.5999999999999989786 ) ) ;
#37 = ADVANCED_FACE ( 'NONE', ( #6223 ), #1837, .T. ) ;
#38 = CARTESIAN_POINT ( 'NONE',  ( 3.000000000000000000, 1.850152416059487104, -2.310170725897713329 ) ) ;
#39 = ORIENTED_EDGE ( 'NONE', *, *, #1720, .T. ) ;
#40 = CARTESIAN_POINT ( 'NONE',  ( 12.50000000000000000, -1.230077907822999972, 2.128893911333789912 ) ) ;
#41 =( LENGTH_UNIT ( ) NAMED_UNIT ( * ) SI_UNIT ( .MILLI., .METRE. ) );
#42 = CARTESIAN_POINT ( 'NONE',  ( 12.50000000000000000, 0.000000000000000000, 0.000000000000000000 ) ) ;
#43 = CARTESIAN_POINT ( 'NONE',  ( 8.100000000000001421, 1.224646799147353207E-16, 1.000000000000000000 ) ) ;
#44 = UNCERTAINTY_MEASURE_WITH_UNIT (LENGTH_MEASURE( 1.000000000000000082E-05 ), #2174, 'distance_accuracy_value', 'NONE');
#45 = CARTESIAN_POINT ( 'NONE',  ( 12.50000000000000000, 1.625849179933230415, -1.625406433278026475 ) ) ;
#46 = SURFACE_STYLE_USAGE ( .BOTH. , #2452 ) ;
#47 = CARTESIAN_POINT ( 'NONE',  ( 12.50000000000000000, -5.511447537303413746, 1.924131555431612517 ) ) ;
#48 = LINE ( 'NONE', #3947, #3913 ) ;
#49 = CARTESIAN_POINT ( 'NONE',  ( 12.60000000000000142, 1.898608233058213148E-17, -0.1550331274601050857 ) ) ;
#50 = EDGE_CURVE ( 'NONE', #3381, #1065, #2227, .T. ) ;
#51 = ORIENTED_EDGE ( 'NONE', *, *, #4940, .F. ) ;
#52 = UNCERTAINTY_MEASURE_WITH_UNIT (LENGTH_MEASURE( 1.000000000000000082E-05 ), #5612, 'distance_accuracy_value', 'NONE');
#53 = ORIENTED_EDGE ( 'NONE', *, *, #4120, .T. ) ;
#54 = B_SPLINE_CURVE_WITH_KNOTS ( 'NONE', 3,
 ( #2456, #1077, #1598, #5465, #4423, #3021, #5007, #2550, #4513 ),
 .UNSPECIFIED., .F., .F.,
 ( 4, 1, 1, 1, 1, 1, 4 ),
 ( 0.000000000000000000, 0.1250000000000000000, 0.2500000000000000000, 0.3750000000000000000, 0.5000000000000000000, 0.7500000000000000000, 0.8394859867900433814 ),
 .UNSPECIFIED. ) ;
#55 = CARTESIAN_POINT ( 'NONE',  ( 3.000000000000000000, -5.950000000000001954, -0.2206616862118601641 ) ) ;
#56 = CARTESIAN_POINT ( 'NONE',  ( 9.000000000000001776, -6.450005241624683805, -0.3881786141299684578 ) ) ;
#57 = EDGE_CURVE ( 'NONE', #6047, #175, #5093, .T. ) ;
#58 = SURFACE_STYLE_USAGE ( .BOTH. , #2464 ) ;
#59 = ORIENTED_EDGE ( 'NONE', *, *, #1099, .F. ) ;
#60 = AXIS2_PLACEMENT_3D ( 'NONE', #1312, #4842, #4724 ) ;
#61 = VERTEX_POINT ( 'NONE', #3475 ) ;
#62 = MECHANICAL_DESIGN_GEOMETRIC_PRESENTATION_REPRESENTATION (  '', ( #262 ), #1575 ) ;
#63 = CARTESIAN_POINT ( 'NONE',  ( 4.399999999999999467, 0.000000000000000000, -1.000000000000000000 ) ) ;
#64 = CARTESIAN_POINT ( 'NONE',  ( 12.50000000000000000, -5.950548227390151546, -0.4048723443763870833 ) ) ;
#65 = SURFACE_STYLE_FILL_AREA ( #5583 ) ;
#66 = DIRECTION ( 'NONE',  ( 0.000000000000000000, 0.000000000000000000, 1.000000000000000000 ) ) ;
#67 = SURFACE_SIDE_STYLE ('',( #969 ) ) ;
#68 = SURFACE_STYLE_FILL_AREA ( #1006 ) ;
#69 = MECHANICAL_DESIGN_GEOMETRIC_PRESENTATION_REPRESENTATION (  '', ( #2883 ), #3300 ) ;
#70 = ORIENTED_EDGE ( 'NONE', *, *, #5506, .F. ) ;
#71 = ADVANCED_FACE ( 'NONE', ( #5351 ), #2004, .T. ) ;
#72 =( NAMED_UNIT ( * ) SI_UNIT ( $, .STERADIAN. ) SOLID_ANGLE_UNIT ( ) );
#73 = DIRECTION ( 'NONE',  ( 0.000000000000000000, 0.000000000000000000, 1.000000000000000000 ) ) ;
#74 = STYLED_ITEM ( 'NONE', ( #5423 ), #2757 ) ;
#75 = DIRECTION ( 'NONE',  ( 0.000000000000000000, 0.000000000000000000, -1.000000000000000000 ) ) ;
#76 = CYLINDRICAL_SURFACE ( 'NONE', #4915, 1.949999999999999956 ) ;
#77 = CARTESIAN_POINT ( 'NONE',  ( 9.500000000000001776, 0.000000000000000000, -2.450000000002283684 ) ) ;
#78 =( LENGTH_UNIT ( ) NAMED_UNIT ( * ) SI_UNIT ( .MILLI., .METRE. ) );
#79 = DIRECTION ( 'NONE',  ( -1.000000000000000000, 0.000000000000000000, 0.000000000000000000 ) ) ;
#80 = STYLED_ITEM ( 'NONE', ( #3969 ), #2988 ) ;
#81 = CARTESIAN_POINT ( 'NONE',  ( 12.50000000000000000, 1.381018271236887252, -2.152131625433289397 ) ) ;
#82 = VECTOR ( 'NONE', #867, 1000.000000000000000 ) ;
#83 = CARTESIAN_POINT ( 'NONE',  ( 12.10000000000000142, 0.000000000000000000, 0.000000000000000000 ) ) ;
#84 = CARTESIAN_POINT ( 'NONE',  ( 9.500000000000001776, 1.625849179933230637, 1.625406433278026030 ) ) ;
#85 = CARTESIAN_POINT ( 'NONE',  ( -0.5000000000000000000, -9.449999999999999289, 1.192622389734054877E-15 ) ) ;
#86 = ORIENTED_EDGE ( 'NONE', *, *, #3874, .T. ) ;
#87 = AXIS2_PLACEMENT_3D ( 'NONE', #1204, #5684, #1691 ) ;
#88 = ORIENTED_EDGE ( 'NONE', *, *, #4694, .F. ) ;
#89 = LINE ( 'NONE', #2430, #5647 ) ;
#90 = CARTESIAN_POINT ( 'NONE',  ( 3.500000000000000000, -6.450000000000001066, -0.05545408327538422361 ) ) ;
#91 = FILL_AREA_STYLE ('',( #558 ) ) ;
#93 = CARTESIAN_POINT ( 'NONE',  ( 13.00000000000000178, -5.950548199955223438, 0.4048751278124460007 ) ) ;
#92 = CIRCLE ( 'NONE', #4773, 0.1550331274601050857 ) ;
#94 = AXIS2_PLACEMENT_3D ( 'NONE', #4393, #2894, #5239 ) ;
#95 = EDGE_LOOP ( 'NONE', ( #1154, #2147 ) ) ;
#96 = VECTOR ( 'NONE', #592, 1000.000000000000000 ) ;
#97 = VERTEX_POINT ( 'NONE', #4507 ) ;
#98 = EDGE_CURVE ( 'NONE', #5126, #5167, #3331, .T. ) ;
#99 = MECHANICAL_DESIGN_GEOMETRIC_PRESENTATION_REPRESENTATION (  '', ( #1803 ), #3435 ) ;
#100 = EDGE_CURVE ( 'NONE', #4545, #5442, #3698, .T. ) ;
#101 = CARTESIAN_POINT ( 'NONE',  ( 12.50000000000000000, -5.950000000000000178, 7.286648454926784505E-16 ) ) ;
#102 =( GEOMETRIC_REPRESENTATION_CONTEXT ( 3 ) GLOBAL_UNCERTAINTY_ASSIGNED_CONTEXT ( ( #3865 ) ) GLOBAL_UNIT_ASSIGNED_CONTEXT ( ( #4764, #6309, #3872 ) ) REPRESENTATION_CONTEXT ( 'NONE', 'WORKASPACE' ) );
#103 = CYLINDRICAL_SURFACE ( 'NONE', #6307, 1.949999999999999956 ) ;
#104 = CARTESIAN_POINT ( 'NONE',  ( 3.000000000000000000, 1.625849179933230637, -1.625406433278026030 ) ) ;
#105 = DIRECTION ( 'NONE',  ( 0.000000000000000000, 0.000000000000000000, -1.000000000000000000 ) ) ;
#106 = EDGE_LOOP ( 'NONE', ( #611, #1372, #2875, #6015 ) ) ;
#107 = LINE ( 'NONE', #571, #1686 ) ;
#108 = CARTESIAN_POINT ( 'NONE',  ( 9.500000000000001776, 0.000000000000000000, 0.000000000000000000 ) ) ;
#109 = DIRECTION ( 'NONE',  ( -1.000000000000000000, 0.000000000000000000, 0.000000000000000000 ) ) ;
#110 = AXIS2_PLACEMENT_3D ( 'NONE', #1616, #3156, #5123 ) ;
#111 = LINE ( 'NONE', #816, #5366 ) ;
#112 = EDGE_CURVE ( 'NONE', #1657, #1401, #3979, .T. ) ;
#113 = CARTESIAN_POINT ( 'NONE',  ( -0.1000000000000011297, -1.898608233058213148E-17, -0.1550331274601050857 ) ) ;
#114 = COLOUR_RGB ( '',0.9372549019607843146, 0.8823529411764705621, 0.8823529411764705621 ) ;
#115 = CARTESIAN_POINT ( 'NONE',  ( 12.50000000000000000, 1.032974534022424562, 2.221590333989759358 ) ) ;
#116 =( NAMED_UNIT ( * ) PLANE_ANGLE_UNIT ( ) SI_UNIT ( $, .RADIAN. ) );
#117 = CARTESIAN_POINT ( 'NONE',  ( 9.500000000000001776, 2.084298718221028857, -1.868384002257875043 ) ) ;
#118 = ORIENTED_EDGE ( 'NONE', *, *, #3140, .T. ) ;
#119 =( GEOMETRIC_REPRESENTATION_CONTEXT ( 3 ) GLOBAL_UNCERTAINTY_ASSIGNED_CONTEXT ( ( #4083 ) ) GLOBAL_UNIT_ASSIGNED_CONTEXT ( ( #5993, #5928, #615 ) ) REPRESENTATION_CONTEXT ( 'NONE', 'WORKASPACE' ) );
#120 = CARTESIAN_POINT ( 'NONE',  ( 12.10000000000000142, 0.000000000000000000, 0.000000000000000000 ) ) ;
#121 = SURFACE_STYLE_FILL_AREA ( #2556 ) ;
#122 = CARTESIAN_POINT ( 'NONE',  ( 3.500000000000000000, -6.450005241624683805, -0.3881786141299613524 ) ) ;
#123 = LINE ( 'NONE', #5440, #5444 ) ;
#124 = CARTESIAN_POINT ( 'NONE',  ( 12.50000000000000000, -5.949157289289019879, 0.6035541714844818717 ) ) ;
#125 = ORIENTED_EDGE ( 'NONE', *, *, #5691, .T. ) ;
#126 = VERTEX_POINT ( 'NONE', #4859 ) ;
#127 = STYLED_ITEM ( 'NONE', ( #3490 ), #3936 ) ;
#128 = SURFACE_SIDE_STYLE ('',( #5968 ) ) ;
#129 = CARTESIAN_POINT ( 'NONE',  ( 13.00000000000000178, -5.950548219829769891, -0.4048723442807976580 ) ) ;
#130 = DIRECTION ( 'NONE',  ( 1.000000000000000000, 0.000000000000000000, -0.000000000000000000 ) ) ;
#131 = CARTESIAN_POINT ( 'NONE',  ( 0.000000000000000000, 0.000000000000000000, 0.000000000000000000 ) ) ;
#132 = CARTESIAN_POINT ( 'NONE',  ( 3.000000000000000000, -6.450574693421724959, -0.4911150690505905470 ) ) ;
#133 = EDGE_CURVE ( 'NONE', #531, #871, #2172, .T. ) ;
#134 = CIRCLE ( 'NONE', #5339, 0.1550331274601050857 ) ;
#135 = CARTESIAN_POINT ( 'NONE',  ( 12.50000000000000000, -5.892247557339151953, 1.924131555431611185 ) ) ;
#136 = EDGE_LOOP ( 'NONE', ( #2599, #5238, #5638, #5849, #6120 ) ) ;
#137 = UNCERTAINTY_MEASURE_WITH_UNIT (LENGTH_MEASURE( 1.000000000000000082E-05 ), #5148, 'distance_accuracy_value', 'NONE');
#138 = CARTESIAN_POINT ( 'NONE',  ( 0.000000000000000000, 1.087617498296542085, 2.196531237076412069 ) ) ;
#139 = CIRCLE ( 'NONE', #4116, 0.1550331274601050857 ) ;
#140 = CARTESIAN_POINT ( 'NONE',  ( 12.50000000000000000, -6.450000000000696510, -0.1584447975266683462 ) ) ;
#141 = CARTESIAN_POINT ( 'NONE',  ( 9.500000000000001776, 1.967225567140176379, -2.089277364077947841 ) ) ;
#142 = FILL_AREA_STYLE_COLOUR ( '', #5683 ) ;
#143 = DIRECTION ( 'NONE',  ( 0.000000000000000000, -1.000000000000000000, -6.193993248405338784E-17 ) ) ;
#144 =( NAMED_UNIT ( * ) SI_UNIT ( $, .STERADIAN. ) SOLID_ANGLE_UNIT ( ) );
#145 = DIRECTION ( 'NONE',  ( 0.000000000000000000, 0.000000000000000000, 1.000000000000000000 ) ) ;
#146 = CARTESIAN_POINT ( 'NONE',  ( 9.500000000000001776, 0.000000000000000000, 0.000000000000000000 ) ) ;
#147 = CARTESIAN_POINT ( 'NONE',  ( 11.60000000000000142, 0.000000000000000000, 0.000000000000000000 ) ) ;
#148 = VERTEX_POINT ( 'NONE', #2958 ) ;
#149 = ORIENTED_EDGE ( 'NONE', *, *, #1139, .T. ) ;
#150 = CARTESIAN_POINT ( 'NONE',  ( 3.500000000000000000, -6.450027152990229773, 0.1109081635062168225 ) ) ;
#151 = CARTESIAN_POINT ( 'NONE',  ( 3.000000000000000000, 0.000000000000000000, 2.450000000002283684 ) ) ;
#152 = CARTESIAN_POINT ( 'NONE',  ( 0.000000000000000000, -5.856555014391710223, -2.390956376934878502 ) ) ;
#153 = LINE ( 'NONE', #4140, #5934 ) ;
#154 = ORIENTED_EDGE ( 'NONE', *, *, #1346, .F. ) ;
#155 = COLOUR_RGB ( '',0.9372549019607843146, 0.8823529411764705621, 0.8823529411764705621 ) ;
#156 = VERTEX_POINT ( 'NONE', #43 ) ;
#157 = SURFACE_STYLE_FILL_AREA ( #6057 ) ;
#158 = CARTESIAN_POINT ( 'NONE',  ( 12.50000000000000000, -0.9536012874044283993, 1.700924626390192484 ) ) ;
#159 = FACE_BOUND ( 'NONE', #3139, .T. ) ;
#160 = FILL_AREA_STYLE_COLOUR ( '', #4660 ) ;
#161 = VERTEX_POINT ( 'NONE', #3439 ) ;
#162 =( NAMED_UNIT ( * ) SI_UNIT ( $, .STERADIAN. ) SOLID_ANGLE_UNIT ( ) );
#163 = COLOUR_RGB ( '',0.9372549019607843146, 0.8823529411764705621, 0.8823529411764705621 ) ;
#164 = ORIENTED_EDGE ( 'NONE', *, *, #4129, .F. ) ;
#165 = DIRECTION ( 'NONE',  ( 1.000000000000000000, -0.000000000000000000, 0.000000000000000000 ) ) ;
#166 = EDGE_CURVE ( 'NONE', #3399, #3455, #1290, .T. ) ;
#167 = CARTESIAN_POINT ( 'NONE',  ( 12.50000000000000000, -1.948279784402757731, 2.028884253203181665 ) ) ;
#168 = CARTESIAN_POINT ( 'NONE',  ( 9.499999999999998224, -6.183689156484496685, -2.146661974746719714 ) ) ;
#169 = FILL_AREA_STYLE_COLOUR ( '', #1122 ) ;
#170 = CARTESIAN_POINT ( 'NONE',  ( 0.000000000000000000, -4.153955876093443855, -2.386934677900609980 ) ) ;
#171 = EDGE_CURVE ( 'NONE', #1703, #2225, #2842, .T. ) ;
#172 = AXIS2_PLACEMENT_3D ( 'NONE', #860, #4793, #835 ) ;
#173 = CARTESIAN_POINT ( 'NONE',  ( 3.000000000000000000, 0.000000000000000000, 1.949999999999999734 ) ) ;
#174 = CARTESIAN_POINT ( 'NONE',  ( 0.000000000000000000, 0.000000000000000000, 2.450000000002283684 ) ) ;
#175 = VERTEX_POINT ( 'NONE', #697 ) ;
#176 = VERTEX_POINT ( 'NONE', #1166 ) ;
#177 = AXIS2_PLACEMENT_3D ( 'NONE', #5363, #932, #958 ) ;
#178 = SURFACE_STYLE_FILL_AREA ( #271 ) ;
#179 = UNCERTAINTY_MEASURE_WITH_UNIT (LENGTH_MEASURE( 1.000000000000000082E-05 ), #1934, 'distance_accuracy_value', 'NONE');
#180 = CARTESIAN_POINT ( 'NONE',  ( 0.000000000000000000, -5.627658374173602596, -2.424131555431612739 ) ) ;
#181 = UNCERTAINTY_MEASURE_WITH_UNIT (LENGTH_MEASURE( 1.000000000000000082E-05 ), #965, 'distance_accuracy_value', 'NONE');
#182 = LINE ( 'NONE', #3182, #3325 ) ;
#183 = ORIENTED_EDGE ( 'NONE', *, *, #4652, .T. ) ;
#184 = PRESENTATION_LAYER_ASSIGNMENT (  '', '', ( #5090 ) ) ;
#185 = VERTEX_POINT ( 'NONE', #731 ) ;
#186 = DIRECTION ( 'NONE',  ( 0.000000000000000000, 0.000000000000000000, -1.000000000000000000 ) ) ;
#187 = STYLED_ITEM ( 'NONE', ( #4028 ), #5326 ) ;
#188 = STYLED_ITEM ( 'NONE', ( #1381 ), #6084 ) ;
#189 = SURFACE_STYLE_FILL_AREA ( #4558 ) ;
#190 = CIRCLE ( 'NONE', #386, 1.949999999999999956 ) ;
#191 = CARTESIAN_POINT ( 'NONE',  ( -0.5000000000000000000, -5.949181936419980055, 0.6000000000000005329 ) ) ;
#192 = ORIENTED_EDGE ( 'NONE', *, *, #6302, .T. ) ;
#193 = SURFACE_SIDE_STYLE ('',( #2600 ) ) ;
#194 = STYLED_ITEM ( 'NONE', ( #1812 ), #33 ) ;
#195 = COLOUR_RGB ( '',0.9372549019607843146, 0.8823529411764705621, 0.8823529411764705621 ) ;
#196 = CYLINDRICAL_SURFACE ( 'NONE', #5966, 1.949999999999999734 ) ;
#197 = FACE_OUTER_BOUND ( 'NONE', #2819, .T. ) ;
#198 = CARTESIAN_POINT ( 'NONE',  ( 0.000000000000000000, -5.950548227390151546, 0.4048723443763870833 ) ) ;
#199 = PRESENTATION_LAYER_ASSIGNMENT (  '', '', ( #5527 ) ) ;
#200 = CARTESIAN_POINT ( 'NONE',  ( 9.000000000000001776, -6.449145272724125633, -0.6070548717187048693 ) ) ;
#201 = CYLINDRICAL_SURFACE ( 'NONE', #5977, 1.800000000000000044 ) ;
#202 = DIRECTION ( 'NONE',  ( 1.000000000000000000, 0.000000000000000000, 0.000000000000000000 ) ) ;
#203 =( NAMED_UNIT ( * ) SI_UNIT ( $, .STERADIAN. ) SOLID_ANGLE_UNIT ( ) );
#204 = ORIENTED_EDGE ( 'NONE', *, *, #5914, .T. ) ;
#205 = EDGE_CURVE ( 'NONE', #6039, #1646, #4231, .T. ) ;
#206 = ORIENTED_EDGE ( 'NONE', *, *, #2065, .T. ) ;
#207 = CARTESIAN_POINT ( 'NONE',  ( 13.00000000000000178, -0.7599983375294265819, -0.7101240512251330017 ) ) ;
#208 = CARTESIAN_POINT ( 'NONE',  ( 13.00000000000000178, 0.1802463793658169444, -1.941651679044009260 ) ) ;
#209 = CARTESIAN_POINT ( 'NONE',  ( 0.000000000000000000, -5.942797302828626727, 1.529506351174783063 ) ) ;
#210 = SURFACE_STYLE_USAGE ( .BOTH. , #1212 ) ;
#211 = B_SPLINE_CURVE_WITH_KNOTS ( 'NONE', 3,
 ( #2009, #4481, #2962, #4936 ),
 .UNSPECIFIED., .F., .F.,
 ( 4, 4 ),
 ( 0.000000000000000000, 1.000000000000000000 ),
 .UNSPECIFIED. ) ;
#212 = VERTEX_POINT ( 'NONE', #4601 ) ;
#213 = ADVANCED_FACE ( 'NONE', ( #6096 ), #463, .T. ) ;
#214 = STYLED_ITEM ( 'NONE', ( #5324 ), #3305 ) ;
#215 = ORIENTED_EDGE ( 'NONE', *, *, #547, .F. ) ;
#216 = CARTESIAN_POINT ( 'NONE',  ( 12.50000000000000000, -1.230077907823271977, -2.128893911334430289 ) ) ;
#217 = B_SPLINE_CURVE_WITH_KNOTS ( 'NONE', 3,
 ( #742, #6053, #4056, #5147 ),
 .UNSPECIFIED., .F., .F.,
 ( 4, 4 ),
 ( 0.000000000000000000, 0.9792420150902091391 ),
 .UNSPECIFIED. ) ;
#218 = CARTESIAN_POINT ( 'NONE',  ( 9.500000000000001776, -5.511447537303412858, 2.424131555431612739 ) ) ;
#219 = MECHANICAL_DESIGN_GEOMETRIC_PRESENTATION_REPRESENTATION (  '', ( #2949 ), #3054 ) ;
#220 = CARTESIAN_POINT ( 'NONE',  ( 12.50000000000000000, 0.3902346044188405583, -1.199474824451286725 ) ) ;
#221 = MECHANICAL_DESIGN_GEOMETRIC_PRESENTATION_REPRESENTATION (  '', ( #4707 ), #825 ) ;
#222 = ORIENTED_EDGE ( 'NONE', *, *, #1871, .F. ) ;
#223 = AXIS2_PLACEMENT_3D ( 'NONE', #3224, #2189, #2279 ) ;
#224 = DIRECTION ( 'NONE',  ( -1.000000000000000000, 0.000000000000000000, 0.000000000000000000 ) ) ;
#225 = ORIENTED_EDGE ( 'NONE', *, *, #2794, .F. ) ;
#226 = DIRECTION ( 'NONE',  ( -1.000000000000000000, 0.000000000000000000, 0.000000000000000000 ) ) ;
#227 = EDGE_CURVE ( 'NONE', #3746, #5010, #5521, .T. ) ;
#228 = CARTESIAN_POINT ( 'NONE',  ( 12.50000000000000000, -6.450368985389946630, 0.3720377589585569522 ) ) ;
#229 = STYLED_ITEM ( 'NONE', ( #4261 ), #4114 ) ;
#230 = CARTESIAN_POINT ( 'NONE',  ( 9.850000000000001421, 0.000000000000000000, -1.800000000000000044 ) ) ;
#231 = CARTESIAN_POINT ( 'NONE',  ( 3.000000000000000000, 1.967225567140176379, 2.089277364077947841 ) ) ;
#232 = SURFACE_SIDE_STYLE ('',( #5563 ) ) ;
#233 = PRESENTATION_LAYER_ASSIGNMENT (  '', '', ( #1653 ) ) ;
#234 = DIRECTION ( 'NONE',  ( -1.000000000000000000, -0.000000000000000000, -0.000000000000000000 ) ) ;
#235 = PRESENTATION_STYLE_ASSIGNMENT (( #2141 ) ) ;
#236 = ORIENTED_EDGE ( 'NONE', *, *, #3005, .T. ) ;
#237 = VERTEX_POINT ( 'NONE', #4219 ) ;
#238 = CARTESIAN_POINT ( 'NONE',  ( 3.000000000000000000, -2.761679942142320154, -2.209572282996065784 ) ) ;
#239 =( NAMED_UNIT ( * ) PLANE_ANGLE_UNIT ( ) SI_UNIT ( $, .RADIAN. ) );
#240 = EDGE_CURVE ( 'NONE', #3693, #2657, #1860, .T. ) ;
#241 = CARTESIAN_POINT ( 'NONE',  ( 3.000000000000000000, -5.511447537303415523, 2.424131555432306406 ) ) ;
#242 = CARTESIAN_POINT ( 'NONE',  ( 0.000000000000000000, -6.450000000000001066, 2.544803959115682914E-15 ) ) ;
#243 = ORIENTED_EDGE ( 'NONE', *, *, #358, .F. ) ;
#244 = ORIENTED_EDGE ( 'NONE', *, *, #1175, .T. ) ;
#245 = EDGE_CURVE ( 'NONE', #4228, #6180, #4024, .T. ) ;
#246 = CARTESIAN_POINT ( 'NONE',  ( 9.000000000000001776, -6.450005241624683805, 0.3881786141299613524 ) ) ;
#247 = FILL_AREA_STYLE ('',( #4060 ) ) ;
#248 =( NAMED_UNIT ( * ) PLANE_ANGLE_UNIT ( ) SI_UNIT ( $, .RADIAN. ) );
#249 = PRESENTATION_STYLE_ASSIGNMENT (( #4560 ) ) ;
#250 = CARTESIAN_POINT ( 'NONE',  ( 3.261506995438294698, -6.003516497311729871, 0.6000000000000008660 ) ) ;
#251 = UNCERTAINTY_MEASURE_WITH_UNIT (LENGTH_MEASURE( 1.000000000000000082E-05 ), #1722, 'distance_accuracy_value', 'NONE');
#252 = ORIENTED_EDGE ( 'NONE', *, *, #837, .T. ) ;
#253 = ORIENTED_EDGE ( 'NONE', *, *, #3313, .F. ) ;
#254 = CARTESIAN_POINT ( 'NONE',  ( 11.85000000000000142, 2.234980408443919708E-16, 1.699999999999999956 ) ) ;
#255 =( LENGTH_UNIT ( ) NAMED_UNIT ( * ) SI_UNIT ( .MILLI., .METRE. ) );
#256 = CARTESIAN_POINT ( 'NONE',  ( 13.00000000000000178, -6.449193518580324636, 0.5999999999999989786 ) ) ;
#257 = SURFACE_STYLE_FILL_AREA ( #3628 ) ;
#258 = PRESENTATION_STYLE_ASSIGNMENT (( #4658 ) ) ;
#259 = CARTESIAN_POINT ( 'NONE',  ( 0.000000000000000000, -1.558319229584292698, -2.027625431478922824 ) ) ;
#260 =( GEOMETRIC_REPRESENTATION_CONTEXT ( 3 ) GLOBAL_UNCERTAINTY_ASSIGNED_CONTEXT ( ( #5701 ) ) GLOBAL_UNIT_ASSIGNED_CONTEXT ( ( #1387, #4381, #6306 ) ) REPRESENTATION_CONTEXT ( 'NONE', 'WORKASPACE' ) );
#261 = EDGE_CURVE ( 'NONE', #5265, #3500, #3726, .T. ) ;
#262 = STYLED_ITEM ( 'NONE', ( #3133 ), #2351 ) ;
#263 = CARTESIAN_POINT ( 'NONE',  ( 2.649999999999999467, 0.000000000000000000, -1.800000000000000044 ) ) ;
#264 = SURFACE_STYLE_FILL_AREA ( #1723 ) ;
#265 = FACE_OUTER_BOUND ( 'NONE', #5049, .T. ) ;
#266 = DIRECTION ( 'NONE',  ( -0.000000000000000000, -1.000000000000000000, -1.224646799147353207E-16 ) ) ;
#267 = ORIENTED_EDGE ( 'NONE', *, *, #1664, .F. ) ;
#268 = VECTOR ( 'NONE', #1418, 1000.000000000000000 ) ;
#269 = ORIENTED_EDGE ( 'NONE', *, *, #281, .F. ) ;
#270 = CARTESIAN_POINT ( 'NONE',  ( 9.500000000000001776, -5.949181936419980055, 0.5999999999999985345 ) ) ;
#271 = FILL_AREA_STYLE ('',( #4580 ) ) ;
#272 = DIRECTION ( 'NONE',  ( -1.000000000000000000, 0.000000000000000000, -1.572292413564969908E-14 ) ) ;
#273 =( NAMED_UNIT ( * ) SI_UNIT ( $, .STERADIAN. ) SOLID_ANGLE_UNIT ( ) );
#274 = VERTEX_POINT ( 'NONE', #2262 ) ;
#275 = COLOUR_RGB ( '',0.9372549019607843146, 0.8823529411764705621, 0.8823529411764705621 ) ;
#276 = ADVANCED_FACE ( 'NONE', ( #1833 ), #5770, .T. ) ;
#277 = ORIENTED_EDGE ( 'NONE', *, *, #1346, .T. ) ;
#278 = CARTESIAN_POINT ( 'NONE',  ( 9.500000000000001776, -1.948279784402639159, -2.028884253203868226 ) ) ;
#279 = DIRECTION ( 'NONE',  ( 0.000000000000000000, 0.000000000000000000, 1.000000000000000000 ) ) ;
#280 = FILL_AREA_STYLE ('',( #5154 ) ) ;
#281 = EDGE_CURVE ( 'NONE', #5156, #6047, #1642, .T. ) ;
#282 = EDGE_CURVE ( 'NONE', #1574, #148, #1378, .T. ) ;
#283 = ORIENTED_EDGE ( 'NONE', *, *, #3883, .T. ) ;
#284 = MECHANICAL_DESIGN_GEOMETRIC_PRESENTATION_REPRESENTATION (  '', ( #5090 ), #1702 ) ;
#285 = ORIENTED_EDGE ( 'NONE', *, *, #1452, .F. ) ;
#286 = CARTESIAN_POINT ( 'NONE',  ( 3.000000000000000000, -1.168370712318190341, 2.153464622091685321 ) ) ;
#287 =( LENGTH_UNIT ( ) NAMED_UNIT ( * ) SI_UNIT ( .MILLI., .METRE. ) );
#288 = CARTESIAN_POINT ( 'NONE',  ( 12.94566955241933215, -6.187685465102418014, -0.6000000000000004219 ) ) ;
#289 = STYLED_ITEM ( 'NONE', ( #6028 ), #5368 ) ;
#290 = CARTESIAN_POINT ( 'NONE',  ( 12.50000000000000000, 2.084298718220865876, 1.868384002258182353 ) ) ;
#291 = CARTESIAN_POINT ( 'NONE',  ( -0.5000000000000000000, -5.950000000000000178, -7.286648454926784505E-16 ) ) ;
#292 = EDGE_CURVE ( 'NONE', #5327, #620, #3293, .T. ) ;
#293 = CARTESIAN_POINT ( 'NONE',  ( 3.000000000000000000, 1.425172436802283782, 1.660992101785016217 ) ) ;
#294 = MECHANICAL_DESIGN_GEOMETRIC_PRESENTATION_REPRESENTATION (  '', ( #3019 ), #102 ) ;
#295 = VECTOR ( 'NONE', #1910, 1000.000000000000000 ) ;
#296 = SURFACE_STYLE_FILL_AREA ( #6130 ) ;
#297 = DIRECTION ( 'NONE',  ( 1.000000000000000000, 0.000000000000000000, 0.000000000000000000 ) ) ;
#298 = CARTESIAN_POINT ( 'NONE',  ( 3.000000000000000000, -5.965857193527828173, 1.924131555431609630 ) ) ;
#299 = CARTESIAN_POINT ( 'NONE',  ( 12.50000000000000000, -0.9536012874044282883, -1.700924626390192484 ) ) ;
#300 = FACE_OUTER_BOUND ( 'NONE', #2108, .T. ) ;
#301 = VERTEX_POINT ( 'NONE', #792 ) ;
#302 = VERTEX_POINT ( 'NONE', #325 ) ;
#303 = DIRECTION ( 'NONE',  ( 0.000000000000000000, 1.000000000000000000, -6.193993248405337552E-17 ) ) ;
#304 = LINE ( 'NONE', #3707, #5413 ) ;
#305 = CARTESIAN_POINT ( 'NONE',  ( 13.00000000000000178, 0.1432629062301347400, -2.072365092888162952 ) ) ;
#306 = PRESENTATION_STYLE_ASSIGNMENT (( #3246 ) ) ;
#307 = SURFACE_STYLE_FILL_AREA ( #2704 ) ;
#308 = CARTESIAN_POINT ( 'NONE',  ( 0.000000000000000000, -5.950000000000001954, -0.2028847900965087825 ) ) ;
#309 = CARTESIAN_POINT ( 'NONE',  ( 3.000000000000000000, -6.450000000000001954, -0.1584447975266691788 ) ) ;
#310 = EDGE_LOOP ( 'NONE', ( #1777, #5059, #5544, #5407 ) ) ;
#311 = PRESENTATION_LAYER_ASSIGNMENT (  '', '', ( #5831 ) ) ;
#312 = ORIENTED_EDGE ( 'NONE', *, *, #100, .F. ) ;
#313 = CARTESIAN_POINT ( 'NONE',  ( 9.000000000000001776, -6.449193518580326412, 0.5999999999999985345 ) ) ;
#314 = FACE_OUTER_BOUND ( 'NONE', #2440, .T. ) ;
#315 = PLANE ( 'NONE',  #2741 ) ;
#316 =( GEOMETRIC_REPRESENTATION_CONTEXT ( 3 ) GLOBAL_UNCERTAINTY_ASSIGNED_CONTEXT ( ( #6151 ) ) GLOBAL_UNIT_ASSIGNED_CONTEXT ( ( #4638, #2703, #5080 ) ) REPRESENTATION_CONTEXT ( 'NONE', 'WORKASPACE' ) );
#317 = STYLED_ITEM ( 'NONE', ( #3760 ), #1049 ) ;
#318 = VERTEX_POINT ( 'NONE', #827 ) ;
#319 = STYLED_ITEM ( 'NONE', ( #3634 ), #3661 ) ;
#320 = LINE ( 'NONE', #2256, #1186 ) ;
#321 = FACE_OUTER_BOUND ( 'NONE', #1622, .T. ) ;
#322 = FACE_OUTER_BOUND ( 'NONE', #5168, .T. ) ;
#323 = EDGE_CURVE ( 'NONE', #2077, #97, #3862, .T. ) ;
#324 = CIRCLE ( 'NONE', #4505, 2.450000000002283684 ) ;
#325 = CARTESIAN_POINT ( 'NONE',  ( 4.399999999999999467, 0.000000000000000000, -1.500000000000000222 ) ) ;
#326 = DIRECTION ( 'NONE',  ( 0.000000000000000000, 0.000000000000000000, 1.000000000000000000 ) ) ;
#327 =( NAMED_UNIT ( * ) SI_UNIT ( $, .STERADIAN. ) SOLID_ANGLE_UNIT ( ) );
#328 = MECHANICAL_DESIGN_GEOMETRIC_PRESENTATION_REPRESENTATION (  '', ( #1645 ), #2349 ) ;
#329 = EDGE_CURVE ( 'NONE', #4545, #1024, #404, .T. ) ;
#330 =( NAMED_UNIT ( * ) PLANE_ANGLE_UNIT ( ) SI_UNIT ( $, .RADIAN. ) );
#331 =( NAMED_UNIT ( * ) PLANE_ANGLE_UNIT ( ) SI_UNIT ( $, .RADIAN. ) );
#332 = AXIS2_PLACEMENT_3D ( 'NONE', #1150, #5119, #4712 ) ;
#333 = SURFACE_SIDE_STYLE ('',( #6173 ) ) ;
#334 = PRESENTATION_STYLE_ASSIGNMENT (( #4672 ) ) ;
#335 = DIRECTION ( 'NONE',  ( 0.000000000000000000, 0.000000000000000000, -1.000000000000000000 ) ) ;
#336 = CARTESIAN_POINT ( 'NONE',  ( -0.5000000000000000000, -6.450000002576394387, -0.2023557024049508768 ) ) ;
#337 = VERTEX_POINT ( 'NONE', #2285 ) ;
#338 = EDGE_CURVE ( 'NONE', #237, #3078, #4247, .T. ) ;
#339 = ORIENTED_EDGE ( 'NONE', *, *, #1716, .F. ) ;
#340 = DIRECTION ( 'NONE',  ( 0.000000000000000000, 0.000000000000000000, 1.000000000000000000 ) ) ;
#341 = FILL_AREA_STYLE_COLOUR ( '', #905 ) ;
#342 =( NAMED_UNIT ( * ) SI_UNIT ( $, .STERADIAN. ) SOLID_ANGLE_UNIT ( ) );
#343 = UNCERTAINTY_MEASURE_WITH_UNIT (LENGTH_MEASURE( 1.000000000000000082E-05 ), #6165, 'distance_accuracy_value', 'NONE');
#344 = FILL_AREA_STYLE ('',( #4333 ) ) ;
#345 = EDGE_LOOP ( 'NONE', ( #5114, #5598, #1272, #4408 ) ) ;
#346 = FILL_AREA_STYLE ('',( #4729 ) ) ;
#347 = CARTESIAN_POINT ( 'NONE',  ( 3.000000000000000000, 0.000000000000000000, 1.949999999999999734 ) ) ;
#348 =( LENGTH_UNIT ( ) NAMED_UNIT ( * ) SI_UNIT ( .MILLI., .METRE. ) );
#349 = CARTESIAN_POINT ( 'NONE',  ( 12.50000000000000000, 0.000000000000000000, 0.000000000000000000 ) ) ;
#350 = EDGE_CURVE ( 'NONE', #2995, #337, #5886, .T. ) ;
#351 = FILL_AREA_STYLE ('',( #1929 ) ) ;
#352 = B_SPLINE_CURVE_WITH_KNOTS ( 'NONE', 3,
 ( #2289, #6195, #2729, #3700, #797, #1808, #5342 ),
 .UNSPECIFIED., .F., .F.,
 ( 4, 1, 1, 1, 4 ),
 ( 0.001225663607282756300, 0.2509192477054620340, 0.5006128318036413560, 0.7503064159018206780, 1.000000000000000000 ),
 .UNSPECIFIED. ) ;
#353 = DIRECTION ( 'NONE',  ( 1.000000000000000000, -0.000000000000000000, 0.000000000000000000 ) ) ;
#354 = DIRECTION ( 'NONE',  ( 0.000000000000000000, 0.2722482498591757838, -0.9622270472443682499 ) ) ;
#355 = VECTOR ( 'NONE', #3911, 1000.000000000000000 ) ;
#356 = DIRECTION ( 'NONE',  ( -1.000000000000000000, -0.000000000000000000, -0.000000000000000000 ) ) ;
#357 = CARTESIAN_POINT ( 'NONE',  ( 3.000000000000000000, -2.236639308303995932, 1.179614498202193884 ) ) ;
#358 = EDGE_CURVE ( 'NONE', #5724, #3842, #6293, .T. ) ;
#359 = UNCERTAINTY_MEASURE_WITH_UNIT (LENGTH_MEASURE( 1.000000000000000082E-05 ), #2990, 'distance_accuracy_value', 'NONE');
#360 = DIRECTION ( 'NONE',  ( -1.000000000000000000, 0.000000000000000000, 0.000000000000000000 ) ) ;
#361 =( NAMED_UNIT ( * ) PLANE_ANGLE_UNIT ( ) SI_UNIT ( $, .RADIAN. ) );
#362 = LINE ( 'NONE', #5259, #1630 ) ;
#363 = FILL_AREA_STYLE_COLOUR ( '', #3580 ) ;
#364 = CARTESIAN_POINT ( 'NONE',  ( -0.5000000000000000000, -5.950000000000000178, -7.286648454926730271E-16 ) ) ;
#365 = CARTESIAN_POINT ( 'NONE',  ( 11.85000000000000142, 0.000000000000000000, 0.000000000000000000 ) ) ;
#366 = EDGE_LOOP ( 'NONE', ( #4058, #3153, #3652, #5833 ) ) ;
#367 = B_SPLINE_CURVE_WITH_KNOTS ( 'NONE', 3,
 ( #2627, #4596, #228, #4127, #1295 ),
 .UNSPECIFIED., .F., .F.,
 ( 4, 1, 4 ),
 ( 0.000000000000000000, 0.1250000000000000000, 0.1605140132100208727 ),
 .UNSPECIFIED. ) ;
#368 = ORIENTED_EDGE ( 'NONE', *, *, #4150, .T. ) ;
#369 = DIRECTION ( 'NONE',  ( 1.000000000000000000, 0.000000000000000000, 0.000000000000000000 ) ) ;
#370 = CARTESIAN_POINT ( 'NONE',  ( 0.000000000000000000, -1.732354142640884165, 2.008456984256953071 ) ) ;
#371 = FILL_AREA_STYLE ('',( #2838 ) ) ;
#372 = CARTESIAN_POINT ( 'NONE',  ( 0.000000000000000000, -5.627658374173693190, 2.424131555432305962 ) ) ;
#373 = MECHANICAL_DESIGN_GEOMETRIC_PRESENTATION_REPRESENTATION (  '', ( #1693 ), #4356 ) ;
#374 = ORIENTED_EDGE ( 'NONE', *, *, #3298, .F. ) ;
#375 = DIRECTION ( 'NONE',  ( 0.000000000000000000, 0.000000000000000000, -1.000000000000000000 ) ) ;
#376 = COLOUR_RGB ( '',0.9372549019607843146, 0.8823529411764705621, 0.8823529411764705621 ) ;
#377 =( NAMED_UNIT ( * ) SI_UNIT ( $, .STERADIAN. ) SOLID_ANGLE_UNIT ( ) );
#378 = SURFACE_STYLE_FILL_AREA ( #3266 ) ;
#379 = DIRECTION ( 'NONE',  ( 0.000000000000000000, 1.224646799147353207E-16, -1.000000000000000000 ) ) ;
#380 = AXIS2_PLACEMENT_3D ( 'NONE', #5202, #2296, #4259 ) ;
#381 = DIRECTION ( 'NONE',  ( 0.000000000000000000, 0.000000000000000000, 1.000000000000000000 ) ) ;
#382 =( NAMED_UNIT ( * ) PLANE_ANGLE_UNIT ( ) SI_UNIT ( $, .RADIAN. ) );
#383 = SURFACE_STYLE_USAGE ( .BOTH. , #2732 ) ;
#384 =( NAMED_UNIT ( * ) PLANE_ANGLE_UNIT ( ) SI_UNIT ( $, .RADIAN. ) );
#385 = MECHANICAL_DESIGN_GEOMETRIC_PRESENTATION_REPRESENTATION (  '', ( #4173 ), #1390 ) ;
#386 = AXIS2_PLACEMENT_3D ( 'NONE', #873, #1846, #4271 ) ;
#387 = CARTESIAN_POINT ( 'NONE',  ( -0.5000000000000000000, 0.000000000000000000, 0.000000000000000000 ) ) ;
#388 = COLOUR_RGB ( '',0.9372549019607843146, 0.8823529411764705621, 0.8823529411764705621 ) ;
#389 = CARTESIAN_POINT ( 'NONE',  ( 12.50000000000000000, -1.558319229584445020, -2.027625431479605389 ) ) ;
#390 =( LENGTH_UNIT ( ) NAMED_UNIT ( * ) SI_UNIT ( .MILLI., .METRE. ) );
#391 = CARTESIAN_POINT ( 'NONE',  ( 12.10000000000000142, 4.960225230926596474E-17, 0.4050331274601051135 ) ) ;
#392 = ORIENTED_EDGE ( 'NONE', *, *, #1383, .F. ) ;
#393 = VECTOR ( 'NONE', #1706, 1000.000000000000000 ) ;
#394 = ORIENTED_EDGE ( 'NONE', *, *, #4129, .T. ) ;
#395 = CARTESIAN_POINT ( 'NONE',  ( 3.000000000000000000, 1.967225567140176379, 2.089277364077947841 ) ) ;
#396 = CARTESIAN_POINT ( 'NONE',  ( 0.000000000000000000, -5.950555673775724586, -0.4000045320404821414 ) ) ;
#397 = EDGE_CURVE ( 'NONE', #5247, #4167, #6187, .T. ) ;
#398 = LINE ( 'NONE', #4812, #2947 ) ;
#399 = EDGE_LOOP ( 'NONE', ( #2466, #2490, #651, #4584 ) ) ;
#400 = AXIS2_PLACEMENT_3D ( 'NONE', #1768, #1744, #4155 ) ;
#401 = EDGE_CURVE ( 'NONE', #126, #3500, #3410, .T. ) ;
#402 = FILL_AREA_STYLE_COLOUR ( '', #3218 ) ;
#403 = CARTESIAN_POINT ( 'NONE',  ( 12.50000000000000000, 1.850152416059487548, 2.310170725897712884 ) ) ;
#404 = LINE ( 'NONE', #6271, #1718 ) ;
#405 =( GEOMETRIC_REPRESENTATION_CONTEXT ( 3 ) GLOBAL_UNCERTAINTY_ASSIGNED_CONTEXT ( ( #5645 ) ) GLOBAL_UNIT_ASSIGNED_CONTEXT ( ( #1470, #3488, #4943 ) ) REPRESENTATION_CONTEXT ( 'NONE', 'WORKASPACE' ) );
#406 = CARTESIAN_POINT ( 'NONE',  ( -0.5000000000000000000, -6.449193518580326412, 0.6000000000000006439 ) ) ;
#407 = ADVANCED_FACE ( 'NONE', ( #3791 ), #2325, .T. ) ;
#408 = ORIENTED_EDGE ( 'NONE', *, *, #3642, .T. ) ;
#409 = MECHANICAL_DESIGN_GEOMETRIC_PRESENTATION_REPRESENTATION (  '', ( #1636 ), #1419 ) ;
#410 = DIRECTION ( 'NONE',  ( 0.000000000000000000, 0.000000000000000000, -1.000000000000000000 ) ) ;
#411 = PRODUCT_DEFINITION_SHAPE ( 'NONE', 'NONE',  #2126 ) ;
#412 = DIRECTION ( 'NONE',  ( 0.000000000000000000, 0.000000000000000000, 1.000000000000000000 ) ) ;
#413 = DIRECTION ( 'NONE',  ( -1.000000000000000000, -0.000000000000000000, -0.000000000000000000 ) ) ;
#414 = FILL_AREA_STYLE ('',( #5228 ) ) ;
#415 =( GEOMETRIC_REPRESENTATION_CONTEXT ( 3 ) GLOBAL_UNCERTAINTY_ASSIGNED_CONTEXT ( ( #4994 ) ) GLOBAL_UNIT_ASSIGNED_CONTEXT ( ( #1588, #2169, #5037 ) ) REPRESENTATION_CONTEXT ( 'NONE', 'WORKASPACE' ) );
#416 = PRESENTATION_STYLE_ASSIGNMENT (( #5354 ) ) ;
#417 = CARTESIAN_POINT ( 'NONE',  ( 9.500000000000001776, -1.365337641709120975, -2.079570557497269601 ) ) ;
#418 = SURFACE_STYLE_USAGE ( .BOTH. , #2827 ) ;
#419 = CARTESIAN_POINT ( 'NONE',  ( 12.50000000000000000, -6.443823137738911910, 1.061149213459819496 ) ) ;
#420 = MECHANICAL_DESIGN_GEOMETRIC_PRESENTATION_REPRESENTATION (  '', ( #6068 ), #4716 ) ;
#421 = ORIENTED_EDGE ( 'NONE', *, *, #5764, .F. ) ;
#422 = EDGE_LOOP ( 'NONE', ( #4118, #937, #1765, #5086, #2753 ) ) ;
#423 = ADVANCED_FACE ( 'NONE', ( #1890 ), #3759, .T. ) ;
#424 = COLOUR_RGB ( '',0.9372549019607843146, 0.8823529411764705621, 0.8823529411764705621 ) ;
#425 =( LENGTH_UNIT ( ) NAMED_UNIT ( * ) SI_UNIT ( .MILLI., .METRE. ) );
#426 = SURFACE_STYLE_FILL_AREA ( #874 ) ;
#427 = B_SPLINE_CURVE_WITH_KNOTS ( 'NONE', 3,
 ( #241, #2646, #2182, #5666, #2672, #5577, #4676, #3115, #1180 ),
 .UNSPECIFIED., .F., .F.,
 ( 4, 1, 1, 1, 1, 1, 4 ),
 ( 0.000000000000000000, 0.1250000000000000000, 0.2500000000000000000, 0.3750000000000000000, 0.5000000000000000000, 0.7500000000000000000, 0.8394859867900433814 ),
 .UNSPECIFIED. ) ;
#428 = CARTESIAN_POINT ( 'NONE',  ( 9.500000000000001776, 0.8231422074094449925, -1.767749107305984557 ) ) ;
#429 = PLANE ( 'NONE',  #5486 ) ;
#430 = EDGE_LOOP ( 'NONE', ( #5064, #1171, #4178, #3383 ) ) ;
#431 = ADVANCED_FACE ( 'NONE', ( #1480 ), #3728, .T. ) ;
#432 = FILL_AREA_STYLE ('',( #4690 ) ) ;
#433 = SURFACE_STYLE_USAGE ( .BOTH. , #2316 ) ;
#434 = SURFACE_SIDE_STYLE ('',( #1411 ) ) ;
#435 = CARTESIAN_POINT ( 'NONE',  ( 3.000000000000000000, 1.032974534022083279, 2.221590333988931132 ) ) ;
#436 = FILL_AREA_STYLE_COLOUR ( '', #1893 ) ;
#437 = ORIENTED_EDGE ( 'NONE', *, *, #4237, .T. ) ;
#438 =( NAMED_UNIT ( * ) PLANE_ANGLE_UNIT ( ) SI_UNIT ( $, .RADIAN. ) );
#439 = CARTESIAN_POINT ( 'NONE',  ( 0.000000000000000000, 1.205463676329423306, -1.591861468293961135 ) ) ;
#440 = LINE ( 'NONE', #3977, #3185 ) ;
#441 = ADVANCED_FACE ( 'NONE', ( #5473 ), #5371, .T. ) ;
#442 = LINE ( 'NONE', #4350, #5280 ) ;
#443 = CARTESIAN_POINT ( 'NONE',  ( 0.000000000000000000, -0.9536012874044282883, 1.700924626390192484 ) ) ;
#444 = COLOUR_RGB ( '',0.9372549019607843146, 0.8823529411764705621, 0.8823529411764705621 ) ;
#445 = PRESENTATION_STYLE_ASSIGNMENT (( #4831 ) ) ;
#446 = PRESENTATION_LAYER_ASSIGNMENT (  '', '', ( #2783 ) ) ;
#447 = DIRECTION ( 'NONE',  ( 1.000000000000000000, 0.000000000000000000, 0.000000000000000000 ) ) ;
#448 =( NAMED_UNIT ( * ) SI_UNIT ( $, .STERADIAN. ) SOLID_ANGLE_UNIT ( ) );
#449 = CARTESIAN_POINT ( 'NONE',  ( 0.000000000000000000, -1.031603706871464743, 1.670078913344185345 ) ) ;
#450 = CARTESIAN_POINT ( 'NONE',  ( 3.000000000000000000, -5.511447537303413746, -1.924131555431612517 ) ) ;
#451 = VERTEX_POINT ( 'NONE', #504 ) ;
#452 = AXIS2_PLACEMENT_3D ( 'NONE', #4636, #4224, #3176 ) ;
#453 = ORIENTED_EDGE ( 'NONE', *, *, #1322, .F. ) ;
#454 = CARTESIAN_POINT ( 'NONE',  ( 3.000000000000000000, 1.425172436802283560, -0.5999999999999989786 ) ) ;
#455 = CARTESIAN_POINT ( 'NONE',  ( 3.500000000000000888, -5.949157067572225621, -0.6036205291350632551 ) ) ;
#456 = CARTESIAN_POINT ( 'NONE',  ( 9.000000000000001776, -6.449915147370823831, -0.4436327997449451277 ) ) ;
#457 = CARTESIAN_POINT ( 'NONE',  ( 3.000000000000000000, -1.230077907823271977, 2.128893911334430289 ) ) ;
#458 = MECHANICAL_DESIGN_GEOMETRIC_PRESENTATION_REPRESENTATION (  '', ( #3195 ), #4448 ) ;
#459 = ORIENTED_EDGE ( 'NONE', *, *, #1407, .T. ) ;
#460 = VECTOR ( 'NONE', #5347, 1000.000000000000114 ) ;
#461 =( LENGTH_UNIT ( ) NAMED_UNIT ( * ) SI_UNIT ( .MILLI., .METRE. ) );
#462 = CARTESIAN_POINT ( 'NONE',  ( 0.000000000000000000, -5.949181936419980055, -0.5999999999999989786 ) ) ;
#463 =( BOUNDED_SURFACE ( )  B_SPLINE_SURFACE ( 3, 2, ( 
 ( #2688, #291, #2577 ),
 ( #2100, #4105, #4070 ),
 ( #3070, #5071, #198 ),
 ( #2136, #6071, #1663 ) ),
 .UNSPECIFIED., .F., .F., .F. ) 
 B_SPLINE_SURFACE_WITH_KNOTS ( ( 4, 4 ),
 ( 3, 3 ),
 ( 0.000000000000000000, 0.0006069557823676661546 ),
 ( 0.000000000000000000, 1.000000000000000000 ),
 .UNSPECIFIED. ) 
 GEOMETRIC_REPRESENTATION_ITEM ( )  RATIONAL_B_SPLINE_SURFACE ( (
 ( 1.000000000000000000, 0.7071067811865475727, 1.000000000000000000),
 ( 1.000000000000000000, 0.7071067811865475727, 1.000000000000000000),
 ( 1.000000000000000000, 0.7071067811865475727, 1.000000000000000000),
 ( 1.000000000000000000, 0.7071067811865475727, 1.000000000000000000) ) ) 
 REPRESENTATION_ITEM ( '' )  SURFACE ( )  );
#464 = EDGE_CURVE ( 'NONE', #2475, #2849, #2434, .T. ) ;
#465 = EDGE_CURVE ( 'NONE', #4790, #4269, #2125, .T. ) ;
#466 = CARTESIAN_POINT ( 'NONE',  ( 0.000000000000000000, 1.205463676329423306, -1.591861468293961135 ) ) ;
#467 =( LENGTH_UNIT ( ) NAMED_UNIT ( * ) SI_UNIT ( .MILLI., .METRE. ) );
#468 = CIRCLE ( 'NONE', #5389, 0.2500000000000000000 ) ;
#469 = ORIENTED_EDGE ( 'NONE', *, *, #2959, .T. ) ;
#470 = DIRECTION ( 'NONE',  ( -1.000000000000000000, -0.000000000000000000, -0.000000000000000000 ) ) ;
#471 = UNCERTAINTY_MEASURE_WITH_UNIT (LENGTH_MEASURE( 1.000000000000000082E-05 ), #1045, 'distance_accuracy_value', 'NONE');
#472 = CARTESIAN_POINT ( 'NONE',  ( 12.50000000000000000, -5.627658374173602596, 2.424131555431612739 ) ) ;
#473 = DIRECTION ( 'NONE',  ( 0.000000000000000000, 0.000000000000000000, -1.000000000000000000 ) ) ;
#474 = EDGE_CURVE ( 'NONE', #807, #2506, #2233, .T. ) ;
#475 = CARTESIAN_POINT ( 'NONE',  ( 9.500000000000001776, -5.950000000000000178, 7.286648454926751965E-16 ) ) ;
#476 = AXIS2_PLACEMENT_3D ( 'NONE', #5520, #470, #1100 ) ;
#477 = DIRECTION ( 'NONE',  ( 0.000000000000000000, 1.000000000000000000, 0.000000000000000000 ) ) ;
#478 = CARTESIAN_POINT ( 'NONE',  ( 9.500000000000001776, -4.153955876093443855, 2.386934677900609980 ) ) ;
#479 = UNCERTAINTY_MEASURE_WITH_UNIT (LENGTH_MEASURE( 1.000000000000000082E-05 ), #590, 'distance_accuracy_value', 'NONE');
#480 = STYLED_ITEM ( 'NONE', ( #1548 ), #5292 ) ;
#481 = UNCERTAINTY_MEASURE_WITH_UNIT (LENGTH_MEASURE( 1.000000000000000082E-05 ), #1133, 'distance_accuracy_value', 'NONE');
#482 = PRESENTATION_LAYER_ASSIGNMENT (  '', '', ( #5807 ) ) ;
#483 = CARTESIAN_POINT ( 'NONE',  ( 9.500000000000001776, 0.000000000000000000, 0.000000000000000000 ) ) ;
#484 = CARTESIAN_POINT ( 'NONE',  ( 3.000000000000000000, 0.000000000000000000, 0.000000000000000000 ) ) ;
#485 = LINE ( 'NONE', #4420, #3135 ) ;
#486 = STYLED_ITEM ( 'NONE', ( #1511 ), #1391 ) ;
#487 = CARTESIAN_POINT ( 'NONE',  ( 12.50000000000000000, 0.8231422074094451036, 1.767749107305984779 ) ) ;
#488 = CARTESIAN_POINT ( 'NONE',  ( 0.000000000000000000, 0.03649346519856323107, 2.449728194516483715 ) ) ;
#489 = ORIENTED_EDGE ( 'NONE', *, *, #2143, .F. ) ;
#490 = UNCERTAINTY_MEASURE_WITH_UNIT (LENGTH_MEASURE( 1.000000000000000082E-05 ), #4755, 'distance_accuracy_value', 'NONE');
#491 = VECTOR ( 'NONE', #4301, 1000.000000000000000 ) ;
#492 = VECTOR ( 'NONE', #2598, 1000.000000000000000 ) ;
#493 = EDGE_LOOP ( 'NONE', ( #2334, #658, #694, #643, #5151, #845, #2488, #717, #942, #2390, #851, #5396, #3297 ) ) ;
#494 =( GEOMETRIC_REPRESENTATION_CONTEXT ( 3 ) GLOBAL_UNCERTAINTY_ASSIGNED_CONTEXT ( ( #471 ) ) GLOBAL_UNIT_ASSIGNED_CONTEXT ( ( #1045, #5983, #2544 ) ) REPRESENTATION_CONTEXT ( 'NONE', 'WORKASPACE' ) );
#495 = CARTESIAN_POINT ( 'NONE',  ( 0.000000000000000000, -5.950000000000009948, -1.362196665616119517 ) ) ;
#496 = CARTESIAN_POINT ( 'NONE',  ( 9.500000000000001776, -2.236639308303995932, -1.179614498202193884 ) ) ;
#497 = VECTOR ( 'NONE', #4768, 1000.000000000000000 ) ;
#498 = DIRECTION ( 'NONE',  ( -1.000000000000000000, 0.000000000000000000, 0.000000000000000000 ) ) ;
#499 = PLANE ( 'NONE',  #787 ) ;
#500 = VECTOR ( 'NONE', #1955, 1000.000000000000000 ) ;
#501 = EDGE_LOOP ( 'NONE', ( #4298, #1038, #2706, #3953, #1571 ) ) ;
#502 = CARTESIAN_POINT ( 'NONE',  ( 9.000000000000000000, -5.950000002598672566, 0.2029191244044977471 ) ) ;
#503 = COLOUR_RGB ( '',0.7960784313725489669, 0.8235294117647058432, 0.9372549019607843146 ) ;
#504 = CARTESIAN_POINT ( 'NONE',  ( 8.100000000000001421, 0.000000000000000000, -1.500000000000000222 ) ) ;
#505 = SURFACE_STYLE_FILL_AREA ( #4 ) ;
#506 = CARTESIAN_POINT ( 'NONE',  ( 3.000000000000000000, 1.769344485267403400, -2.267342643549731918 ) ) ;
#507 = B_SPLINE_CURVE_WITH_KNOTS ( 'NONE', 3,
 ( #1650, #4059, #3062, #4618, #3121, #246, #1615, #5060, #4720, #3783, #4776, #5302, #3316 ),
 .UNSPECIFIED., .F., .F.,
 ( 4, 3, 3, 3, 4 ),
 ( 0.000000000000000000, 0.0001009147739179235649, 0.0002672772234554557542, 0.0004336394373635943291, 0.0006000016330845694317 ),
 .UNSPECIFIED. ) ;
#508 = CARTESIAN_POINT ( 'NONE',  ( 12.50000000000000000, -6.448448220536413089, -0.7017742220555998056 ) ) ;
#509 = PRESENTATION_LAYER_ASSIGNMENT (  '', '', ( #1726 ) ) ;
#510 = VERTEX_POINT ( 'NONE', #5548 ) ;
#511 = CARTESIAN_POINT ( 'NONE',  ( 9.500000000000001776, -4.153955876093443855, 2.386934677900609980 ) ) ;
#512 = TOROIDAL_SURFACE ( 'NONE', #4492, 0.4050331274601051135, 0.2500000000000000000 ) ;
#513 = FILL_AREA_STYLE_COLOUR ( '', #3830 ) ;
#514 = COLOUR_RGB ( '',0.9372549019607843146, 0.8823529411764705621, 0.8823529411764705621 ) ;
#515 = CARTESIAN_POINT ( 'NONE',  ( 9.500000000000001776, -1.365337641708880279, 2.079570557496615901 ) ) ;
#516 = COLOUR_RGB ( '',0.7960784313725489669, 0.8235294117647058432, 0.9372549019607843146 ) ;
#517 = EDGE_CURVE ( 'NONE', #6142, #4489, #1001, .T. ) ;
#518 = FACE_OUTER_BOUND ( 'NONE', #1343, .T. ) ;
#519 = DIRECTION ( 'NONE',  ( -1.000000000000000000, -0.000000000000000000, -0.000000000000000000 ) ) ;
#520 = DIRECTION ( 'NONE',  ( -1.000000000000000000, 0.000000000000000000, 0.000000000000000000 ) ) ;
#521 = DIRECTION ( 'NONE',  ( 0.000000000000000000, 0.000000000000000000, 1.000000000000000000 ) ) ;
#522 = DIRECTION ( 'NONE',  ( 1.000000000000000000, -0.000000000000000000, 0.000000000000000000 ) ) ;
#523 = VERTEX_POINT ( 'NONE', #2160 ) ;
#524 = CIRCLE ( 'NONE', #1931, 0.2500000000003476108 ) ;
#525 = B_SPLINE_SURFACE_WITH_KNOTS ( 'NONE', 3, 1, ( 
 ( #2056, #4062 ),
 ( #5938, #6031 ),
 ( #3394, #4884 ),
 ( #5372, #5448 ),
 ( #4404, #968 ),
 ( #506, #4953 ),
 ( #38, #1957 ) ),
 .UNSPECIFIED., .F., .F., .F.,
 ( 4, 1, 1, 1, 4 ),
 ( 2, 2 ),
 ( 0.001225663607282756300, 0.2509192477054620340, 0.5006128318036413560, 0.7503064159018206780, 1.000000000000000000 ),
 ( 0.000000000000000000, 1.000000000000000000 ),
 .UNSPECIFIED. ) ;
#526 = ORIENTED_EDGE ( 'NONE', *, *, #1491, .F. ) ;
#527 = CARTESIAN_POINT ( 'NONE',  ( 11.85000000000000142, 2.388061258337338643E-16, -1.949999999999999956 ) ) ;
#528 = CARTESIAN_POINT ( 'NONE',  ( 3.500000000000000000, -6.450067938952981805, -0.2218163245494262636 ) ) ;
#529 = AXIS2_PLACEMENT_3D ( 'NONE', #3051, #6013, #3916 ) ;
#530 = SURFACE_STYLE_FILL_AREA ( #2938 ) ;
#531 = VERTEX_POINT ( 'NONE', #218 ) ;
#532 = EDGE_CURVE ( 'NONE', #4228, #4854, #2622, .T. ) ;
#533 = ORIENTED_EDGE ( 'NONE', *, *, #5584, .F. ) ;
#534 = PRESENTATION_LAYER_ASSIGNMENT (  '', '', ( #5344 ) ) ;
#535 = FILL_AREA_STYLE ('',( #5901 ) ) ;
#536 = FACE_OUTER_BOUND ( 'NONE', #4325, .T. ) ;
#537 = DIRECTION ( 'NONE',  ( 1.000000000000000000, 0.000000000000000000, 0.000000000000000000 ) ) ;
#538 = COLOUR_RGB ( '',0.7960784313725489669, 0.8235294117647058432, 0.9372549019607843146 ) ;
#539 = FILL_AREA_STYLE_COLOUR ( '', #2799 ) ;
#540 = ORIENTED_EDGE ( 'NONE', *, *, #4335, .F. ) ;
#541 =( NAMED_UNIT ( * ) PLANE_ANGLE_UNIT ( ) SI_UNIT ( $, .RADIAN. ) );
#542 = DIRECTION ( 'NONE',  ( 1.000000000000000000, -0.000000000000000000, -0.000000000000000000 ) ) ;
#543 = CARTESIAN_POINT ( 'NONE',  ( 12.50000000000000000, -5.511447537303415523, -2.424131555432306406 ) ) ;
#544 = DIRECTION ( 'NONE',  ( 0.000000000000000000, 0.000000000000000000, 1.000000000000000000 ) ) ;
#545 = CARTESIAN_POINT ( 'NONE',  ( 12.50000000000000000, -5.950000000000009948, -1.362196665616118185 ) ) ;
#546 = DIRECTION ( 'NONE',  ( 1.000000000000000000, 0.000000000000000000, 1.572292413564968646E-14 ) ) ;
#547 = EDGE_CURVE ( 'NONE', #3693, #6047, #4619, .T. ) ;
#548 = CARTESIAN_POINT ( 'NONE',  ( 9.000000000000000000, -5.950000000000000178, 7.286648454926791408E-16 ) ) ;
#549 = CARTESIAN_POINT ( 'NONE',  ( 3.000000000000000000, 1.381018271236887252, 2.152131625433289397 ) ) ;
#550 = LINE ( 'NONE', #1534, #634 ) ;
#551 = SURFACE_STYLE_USAGE ( .BOTH. , #2487 ) ;
#552 = ORIENTED_EDGE ( 'NONE', *, *, #171, .F. ) ;
#553 = ADVANCED_FACE ( 'NONE', ( #1737 ), #5644, .T. ) ;
#554 = VERTEX_POINT ( 'NONE', #689 ) ;
#555 =( GEOMETRIC_REPRESENTATION_CONTEXT ( 3 ) GLOBAL_UNCERTAINTY_ASSIGNED_CONTEXT ( ( #8 ) ) GLOBAL_UNIT_ASSIGNED_CONTEXT ( ( #1144, #1597, #5046 ) ) REPRESENTATION_CONTEXT ( 'NONE', 'WORKASPACE' ) );
#556 = CARTESIAN_POINT ( 'NONE',  ( 3.000000000000000000, -5.965857193527828173, -1.924131555431610963 ) ) ;
#557 = PRESENTATION_STYLE_ASSIGNMENT (( #6321 ) ) ;
#558 = FILL_AREA_STYLE_COLOUR ( '', #2847 ) ;
#559 =( NAMED_UNIT ( * ) SI_UNIT ( $, .STERADIAN. ) SOLID_ANGLE_UNIT ( ) );
#560 = ORIENTED_EDGE ( 'NONE', *, *, #3954, .F. ) ;
#561 = COLOUR_RGB ( '',0.9372549019607843146, 0.8823529411764705621, 0.8823529411764705621 ) ;
#562 = ORIENTED_EDGE ( 'NONE', *, *, #1383, .T. ) ;
#563 =( GEOMETRIC_REPRESENTATION_CONTEXT ( 3 ) GLOBAL_UNCERTAINTY_ASSIGNED_CONTEXT ( ( #2750 ) ) GLOBAL_UNIT_ASSIGNED_CONTEXT ( ( #1176, #1696, #2701 ) ) REPRESENTATION_CONTEXT ( 'NONE', 'WORKASPACE' ) );
#564 = CARTESIAN_POINT ( 'NONE',  ( 9.000000000000001776, -6.450535166378257301, 0.4047073195340796792 ) ) ;
#565 =( NAMED_UNIT ( * ) PLANE_ANGLE_UNIT ( ) SI_UNIT ( $, .RADIAN. ) );
#566 = CARTESIAN_POINT ( 'NONE',  ( 0.000000000000000000, 0.000000000000000000, 1.949999999999999734 ) ) ;
#567 =( LENGTH_UNIT ( ) NAMED_UNIT ( * ) SI_UNIT ( .MILLI., .METRE. ) );
#568 =( LENGTH_UNIT ( ) NAMED_UNIT ( * ) SI_UNIT ( .MILLI., .METRE. ) );
#569 = DIRECTION ( 'NONE',  ( 1.000000000000000000, 0.000000000000000000, 0.000000000000000000 ) ) ;
#570 = ORIENTED_EDGE ( 'NONE', *, *, #1518, .T. ) ;
#571 = CARTESIAN_POINT ( 'NONE',  ( 3.000000000000000000, 0.8231422074094451036, -1.767749107305984779 ) ) ;
#572 = CIRCLE ( 'NONE', #172, 0.2499999999999997780 ) ;
#573 = CARTESIAN_POINT ( 'NONE',  ( 3.000000000000000000, -6.450000000000001066, 2.544803959115682914E-15 ) ) ;
#574 = B_SPLINE_SURFACE_WITH_KNOTS ( 'NONE', 3, 1, ( 
 ( #6167, #3701 ),
 ( #3105, #1169 ),
 ( #298, #4571 ),
 ( #1666, #3636 ) ),
 .UNSPECIFIED., .F., .F., .F.,
 ( 4, 4 ),
 ( 2, 2 ),
 ( 0.000000000000000000, 1.000000000000000000 ),
 ( 0.000000000000000000, 1.000000000000000000 ),
 .UNSPECIFIED. ) ;
#575 =( LENGTH_UNIT ( ) NAMED_UNIT ( * ) SI_UNIT ( .MILLI., .METRE. ) );
#576 = DIRECTION ( 'NONE',  ( 1.000000000000000000, -0.000000000000000000, -0.000000000000000000 ) ) ;
#577 = CARTESIAN_POINT ( 'NONE',  ( 9.500000000000001776, -1.230077907822999972, 2.128893911333789912 ) ) ;
#578 = AXIS2_PLACEMENT_3D ( 'NONE', #2980, #4955, #1483 ) ;
#579 = CARTESIAN_POINT ( 'NONE',  ( 9.000000000000001776, -6.450000000000001066, 4.659395879405089910E-15 ) ) ;
#580 = CARTESIAN_POINT ( 'NONE',  ( 3.000000000000000000, 1.087617498296542085, 2.196531237076412069 ) ) ;
#581 = VECTOR ( 'NONE', #5393, 1000.000000000000000 ) ;
#582 = CARTESIAN_POINT ( 'NONE',  ( 0.000000000000000000, 0.03649346519878907125, 2.449728194515685686 ) ) ;
#583 =( LENGTH_UNIT ( ) NAMED_UNIT ( * ) SI_UNIT ( .MILLI., .METRE. ) );
#584 = ORIENTED_EDGE ( 'NONE', *, *, #3391, .F. ) ;
#585 = MECHANICAL_DESIGN_GEOMETRIC_PRESENTATION_REPRESENTATION (  '', ( #4464 ), #981 ) ;
#586 = VERTEX_POINT ( 'NONE', #158 ) ;
#587 = CARTESIAN_POINT ( 'NONE',  ( 3.500000000000000000, -6.450000000000001954, 0.05545408327538801224 ) ) ;
#588 = CARTESIAN_POINT ( 'NONE',  ( 12.50000000000000000, -2.015728281175281911, -1.924131555431599194 ) ) ;
#589 = EDGE_CURVE ( 'NONE', #6285, #2244, #3126, .T. ) ;
#590 =( LENGTH_UNIT ( ) NAMED_UNIT ( * ) SI_UNIT ( .MILLI., .METRE. ) );
#592 = DIRECTION ( 'NONE',  ( -1.000000000000000000, -0.000000000000000000, -0.000000000000000000 ) ) ;
#591 = AXIS2_PLACEMENT_3D ( 'NONE', #2314, #4281, #3288 ) ;
#593 = B_SPLINE_CURVE_WITH_KNOTS ( 'NONE', 3,
 ( #5872, #5419, #4474, #978 ),
 .UNSPECIFIED., .F., .F.,
 ( 4, 4 ),
 ( 0.000000000000000000, 1.000000000000000000 ),
 .UNSPECIFIED. ) ;
#594 = ORIENTED_EDGE ( 'NONE', *, *, #1407, .F. ) ;
#595 = COLOUR_RGB ( '',0.9372549019607843146, 0.8823529411764705621, 0.8823529411764705621 ) ;
#596 = ORIENTED_EDGE ( 'NONE', *, *, #3883, .F. ) ;
#597 = AXIS2_PLACEMENT_3D ( 'NONE', #1025, #1052, #2968 ) ;
#598 = CARTESIAN_POINT ( 'NONE',  ( 3.000000000000000000, -6.450000000000001066, 2.544803959115682914E-15 ) ) ;
#599 = CARTESIAN_POINT ( 'NONE',  ( 9.500000000000001776, -5.892247557339151953, 1.924131555431611185 ) ) ;
#600 = SURFACE_STYLE_USAGE ( .BOTH. , #4096 ) ;
#601 = MECHANICAL_DESIGN_GEOMETRIC_PRESENTATION_REPRESENTATION (  '', ( #1810 ), #1903 ) ;
#602 = VERTEX_POINT ( 'NONE', #4647 ) ;
#603 = CARTESIAN_POINT ( 'NONE',  ( 8.100000000000001421, 0.000000000000000000, 0.000000000000000000 ) ) ;
#604 = PRESENTATION_STYLE_ASSIGNMENT (( #1999 ) ) ;
#605 = CIRCLE ( 'NONE', #5529, 0.1550331274601050857 ) ;
#606 = CARTESIAN_POINT ( 'NONE',  ( 12.50000000000000000, -1.230077907822999972, 2.128893911333789912 ) ) ;
#607 = CARTESIAN_POINT ( 'NONE',  ( 3.000000000000000000, 0.000000000000000000, 0.000000000000000000 ) ) ;
#608 = ADVANCED_FACE ( 'NONE', ( #2123 ), #2218, .T. ) ;
#609 = CARTESIAN_POINT ( 'NONE',  ( 3.000000000000000000, 1.204941612932368677, 2.159121886692098258 ) ) ;
#610 = CARTESIAN_POINT ( 'NONE',  ( 3.500000000000000000, -6.450000000000001066, 3.202066188419760422E-15 ) ) ;
#611 = ORIENTED_EDGE ( 'NONE', *, *, #1518, .F. ) ;
#612 =( GEOMETRIC_REPRESENTATION_CONTEXT ( 3 ) GLOBAL_UNCERTAINTY_ASSIGNED_CONTEXT ( ( #490 ) ) GLOBAL_UNIT_ASSIGNED_CONTEXT ( ( #4755, #4243, #377 ) ) REPRESENTATION_CONTEXT ( 'NONE', 'WORKASPACE' ) );
#613 = EDGE_LOOP ( 'NONE', ( #453, #2400, #1610, #6282 ) ) ;
#614 = STYLED_ITEM ( 'NONE', ( #5052 ), #3260 ) ;
#615 =( NAMED_UNIT ( * ) SI_UNIT ( $, .STERADIAN. ) SOLID_ANGLE_UNIT ( ) );
#616 = CARTESIAN_POINT ( 'NONE',  ( 12.60000000000000142, 0.000000000000000000, 0.000000000000000000 ) ) ;
#617 = SURFACE_STYLE_USAGE ( .BOTH. , #5961 ) ;
#618 = DIRECTION ( 'NONE',  ( 1.000000000000000000, -0.000000000000000000, 0.000000000000000000 ) ) ;
#619 = MECHANICAL_DESIGN_GEOMETRIC_PRESENTATION_REPRESENTATION (  '', ( #319 ), #3464 ) ;
#620 = VERTEX_POINT ( 'NONE', #2777 ) ;
#621 = EDGE_CURVE ( 'NONE', #5789, #6285, #1514, .T. ) ;
#622 = ORIENTED_EDGE ( 'NONE', *, *, #3669, .T. ) ;
#623 = B_SPLINE_SURFACE_WITH_KNOTS ( 'NONE', 3, 1, ( 
 ( #1479, #2054 ),
 ( #1, #3392 ),
 ( #5409, #1916 ),
 ( #3895, #1003 ),
 ( #5863, #2468 ),
 ( #5370, #3928 ),
 ( #5900, #2941 ) ),
 .UNSPECIFIED., .F., .F., .F.,
 ( 4, 1, 1, 1, 4 ),
 ( 2, 2 ),
 ( 0.001225663607338614829, 0.2509192477055039450, 0.5006128318036693337, 0.7503064159018346668, 1.000000000000000000 ),
 ( 0.000000000000000000, 1.000000000000000000 ),
 .UNSPECIFIED. ) ;
#624 = CARTESIAN_POINT ( 'NONE',  ( 12.50000000000000000, -3.416280893695002430, -2.317750945014162234 ) ) ;
#625 = SURFACE_STYLE_USAGE ( .BOTH. , #3459 ) ;
#626 = SURFACE_SIDE_STYLE ('',( #4920 ) ) ;
#627 = CARTESIAN_POINT ( 'NONE',  ( 0.000000000000000000, -5.511447537303415523, -2.424131555431613183 ) ) ;
#628 = EDGE_CURVE ( 'NONE', #4269, #1401, #4380, .T. ) ;
#629 = EDGE_LOOP ( 'NONE', ( #5032, #3250, #253, #277 ) ) ;
#630 = ORIENTED_EDGE ( 'NONE', *, *, #323, .T. ) ;
#631 = CARTESIAN_POINT ( 'NONE',  ( 12.60000000000000142, 0.000000000000000000, 0.000000000000000000 ) ) ;
#632 = UNCERTAINTY_MEASURE_WITH_UNIT (LENGTH_MEASURE( 1.000000000000000082E-05 ), #3826, 'distance_accuracy_value', 'NONE');
#633 = CARTESIAN_POINT ( 'NONE',  ( 12.50000000000000000, -3.416280893695073484, 2.317750945013471231 ) ) ;
#634 = VECTOR ( 'NONE', #5682, 1000.000000000000000 ) ;
#635 = CARTESIAN_POINT ( 'NONE',  ( 13.00000000000000178, -0.2160022778819082334, -0.3979136807316022151 ) ) ;
#636 = FILL_AREA_STYLE_COLOUR ( '', #3470 ) ;
#637 = CARTESIAN_POINT ( 'NONE',  ( 3.500000000000000000, -6.449193518580326412, 0.6000000000000008660 ) ) ;
#638 = LINE ( 'NONE', #113, #1880 ) ;
#639 = CARTESIAN_POINT ( 'NONE',  ( 3.000000000000000000, -1.365337641708880279, -2.079570557496615901 ) ) ;
#640 = SURFACE_STYLE_FILL_AREA ( #3981 ) ;
#641 = FILL_AREA_STYLE ('',( #5044 ) ) ;
#642 = CARTESIAN_POINT ( 'NONE',  ( 9.500000000000001776, -0.9536012874044283993, 1.700924626390192484 ) ) ;
#643 = ORIENTED_EDGE ( 'NONE', *, *, #2651, .T. ) ;
#644 = VERTEX_POINT ( 'NONE', #4778 ) ;
#645 = B_SPLINE_CURVE_WITH_KNOTS ( 'NONE', 3,
 ( #2586, #587, #150, #5573, #2046, #1604, #3144, #6022, #1670, #3582, #2612, #3111, #3549 ),
 .UNSPECIFIED., .F., .F.,
 ( 4, 3, 3, 3, 4 ),
 ( 0.000000000000000000, 0.0001663622498261544238, 0.0003327245178394916186, 0.0004990870214823017780, 0.0006000018282202477723 ),
 .UNSPECIFIED. ) ;
#646 = CARTESIAN_POINT ( 'NONE',  ( 12.50000000000000000, -5.950000000000001954, 0.2000001858965863022 ) ) ;
#647 = FILL_AREA_STYLE_COLOUR ( '', #503 ) ;
#648 = CARTESIAN_POINT ( 'NONE',  ( 0.000000000000000000, -5.511447537303415523, 2.424131555432306406 ) ) ;
#649 = CARTESIAN_POINT ( 'NONE',  ( 0.000000000000000000, -1.168370712318190341, 2.153464622091685321 ) ) ;
#650 = ORIENTED_EDGE ( 'NONE', *, *, #4340, .F. ) ;
#651 = ORIENTED_EDGE ( 'NONE', *, *, #2723, .T. ) ;
#652 = DIRECTION ( 'NONE',  ( 1.000000000000000000, -0.000000000000000000, -0.000000000000000000 ) ) ;
#653 =( NAMED_UNIT ( * ) PLANE_ANGLE_UNIT ( ) SI_UNIT ( $, .RADIAN. ) );
#654 = CARTESIAN_POINT ( 'NONE',  ( 3.000000000000000000, 1.586240938091250774, -2.189026805737763315 ) ) ;
#655 = FILL_AREA_STYLE_COLOUR ( '', #1011 ) ;
#656 = ORIENTED_EDGE ( 'NONE', *, *, #4339, .T. ) ;
#657 = FACE_OUTER_BOUND ( 'NONE', #4403, .T. ) ;
#658 = ORIENTED_EDGE ( 'NONE', *, *, #3512, .T. ) ;
#659 = PRESENTATION_STYLE_ASSIGNMENT (( #726 ) ) ;
#660 =( NAMED_UNIT ( * ) PLANE_ANGLE_UNIT ( ) SI_UNIT ( $, .RADIAN. ) );
#661 = CARTESIAN_POINT ( 'NONE',  ( 13.00000000000000178, -0.7599983375294265819, -0.7101240512251330017 ) ) ;
#662 = EDGE_CURVE ( 'NONE', #1125, #3578, #4949, .T. ) ;
#663 = CARTESIAN_POINT ( 'NONE',  ( 3.500000000000000000, -6.450000002576683933, 0.2023508809966188815 ) ) ;
#664 = AXIS2_PLACEMENT_3D ( 'NONE', #1162, #4100, #6122 ) ;
#665 =( NAMED_UNIT ( * ) SI_UNIT ( $, .STERADIAN. ) SOLID_ANGLE_UNIT ( ) );
#666 =( GEOMETRIC_REPRESENTATION_CONTEXT ( 3 ) GLOBAL_UNCERTAINTY_ASSIGNED_CONTEXT ( ( #179 ) ) GLOBAL_UNIT_ASSIGNED_CONTEXT ( ( #1934, #3474, #5459 ) ) REPRESENTATION_CONTEXT ( 'NONE', 'WORKASPACE' ) );
#667 = SURFACE_STYLE_USAGE ( .BOTH. , #3071 ) ;
#668 = EDGE_CURVE ( 'NONE', #4990, #2517, #3811, .T. ) ;
#669 = FACE_OUTER_BOUND ( 'NONE', #5085, .T. ) ;
#670 =( BOUNDED_SURFACE ( )  B_SPLINE_SURFACE ( 3, 2, ( 
 ( #4912, #5931, #4025 ),
 ( #3491, #5403, #3454 ),
 ( #5441, #93, #2050 ),
 ( #124, #3890, #2523 ) ),
 .UNSPECIFIED., .F., .F., .F. ) 
 B_SPLINE_SURFACE_WITH_KNOTS ( ( 4, 4 ),
 ( 3, 3 ),
 ( 0.000000000000000000, 0.0006069244388068661738 ),
 ( 0.000000000000000000, 1.000000000000000000 ),
 .UNSPECIFIED. ) 
 GEOMETRIC_REPRESENTATION_ITEM ( )  RATIONAL_B_SPLINE_SURFACE ( (
 ( 1.000000000000000000, 0.7071067811865463515, 1.000000000000000000),
 ( 1.000000000000000000, 0.7071067811865463515, 1.000000000000000000),
 ( 1.000000000000000000, 0.7071067811865463515, 1.000000000000000000),
 ( 1.000000000000000000, 0.7071067811865463515, 1.000000000000000000) ) ) 
 REPRESENTATION_ITEM ( '' )  SURFACE ( )  );
#671 = CARTESIAN_POINT ( 'NONE',  ( 12.50000000000000000, 1.967225567140176379, -2.339277364078295562 ) ) ;
#672 = ORIENTED_EDGE ( 'NONE', *, *, #5335, .T. ) ;
#673 = EDGE_CURVE ( 'NONE', #3118, #3465, #3484, .T. ) ;
#674 = ORIENTED_EDGE ( 'NONE', *, *, #1175, .F. ) ;
#675 = AXIS2_PLACEMENT_3D ( 'NONE', #6046, #5988, #1633 ) ;
#676 = DIRECTION ( 'NONE',  ( 0.000000000000000000, 0.000000000000000000, -1.000000000000000000 ) ) ;
#677 = CARTESIAN_POINT ( 'NONE',  ( 12.50000000000000000, -6.450000000000001954, 0.1584447975266691788 ) ) ;
#678 = UNCERTAINTY_MEASURE_WITH_UNIT (LENGTH_MEASURE( 1.000000000000000082E-05 ), #4218, 'distance_accuracy_value', 'NONE');
#679 = DIRECTION ( 'NONE',  ( 0.000000000000000000, -1.000000000000000000, 0.000000000000000000 ) ) ;
#680 = UNCERTAINTY_MEASURE_WITH_UNIT (LENGTH_MEASURE( 1.000000000000000082E-05 ), #4067, 'distance_accuracy_value', 'NONE');
#681 = FACE_OUTER_BOUND ( 'NONE', #2561, .T. ) ;
#682 = ORIENTED_EDGE ( 'NONE', *, *, #4191, .F. ) ;
#683 = STYLED_ITEM ( 'NONE', ( #2061 ), #5031 ) ;
#684 = AXIS2_PLACEMENT_3D ( 'NONE', #1496, #3877, #3443 ) ;
#685 = ADVANCED_FACE ( 'NONE', ( #2835 ), #3449, .F. ) ;
#686 = ORIENTED_EDGE ( 'NONE', *, *, #3840, .T. ) ;
#687 = CARTESIAN_POINT ( 'NONE',  ( 9.500000000000001776, -5.511447537303415523, -2.424131555432306406 ) ) ;
#688 = COLOUR_RGB ( '',0.7960784313725489669, 0.8235294117647058432, 0.9372549019607843146 ) ;
#689 = CARTESIAN_POINT ( 'NONE',  ( 3.000000000000000000, 0.8231422074094451036, -1.767749107305984779 ) ) ;
#690 = PRESENTATION_STYLE_ASSIGNMENT (( #5089 ) ) ;
#691 = CARTESIAN_POINT ( 'NONE',  ( 2.007359312880714786, 0.000000000000000000, 0.000000000000000000 ) ) ;
#692 = AXIS2_PLACEMENT_3D ( 'NONE', #5057, #4551, #2153 ) ;
#693 =( GEOMETRIC_REPRESENTATION_CONTEXT ( 3 ) GLOBAL_UNCERTAINTY_ASSIGNED_CONTEXT ( ( #4085 ) ) GLOBAL_UNIT_ASSIGNED_CONTEXT ( ( #2277, #901, #4806 ) ) REPRESENTATION_CONTEXT ( 'NONE', 'WORKASPACE' ) );
#694 = ORIENTED_EDGE ( 'NONE', *, *, #5264, .T. ) ;
#695 = DIRECTION ( 'NONE',  ( 0.000000000000000000, 0.000000000000000000, 1.000000000000000000 ) ) ;
#696 = COLOUR_RGB ( '',0.9372549019607843146, 0.8823529411764705621, 0.8823529411764705621 ) ;
#697 = CARTESIAN_POINT ( 'NONE',  ( -0.5000000000000000000, -6.450000000000001066, 2.773391560421764486E-15 ) ) ;
#698 = EDGE_CURVE ( 'NONE', #3756, #5555, #780, .T. ) ;
#699 = SURFACE_STYLE_USAGE ( .BOTH. , #5195 ) ;
#700 = STYLED_ITEM ( 'NONE', ( #2806 ), #706 ) ;
#701 = CARTESIAN_POINT ( 'NONE',  ( 12.50000000000000000, -5.511447537303414634, -1.924131555431610963 ) ) ;
#702 = FILL_AREA_STYLE_COLOUR ( '', #5565 ) ;
#703 = FILL_AREA_STYLE_COLOUR ( '', #155 ) ;
#704 = FILL_AREA_STYLE ('',( #3138 ) ) ;
#705 = EDGE_LOOP ( 'NONE', ( #2432, #3885, #2841, #3209 ) ) ;
#706 = ADVANCED_FACE ( 'NONE', ( #314 ), #2248, .T. ) ;
#707 = AXIS2_PLACEMENT_3D ( 'NONE', #3057, #6023, #5053 ) ;
#708 = VERTEX_POINT ( 'NONE', #2866 ) ;
#709 = FILL_AREA_STYLE ('',( #1235 ) ) ;
#710 = CARTESIAN_POINT ( 'NONE',  ( 12.50000000000000000, 0.03649346519856323107, -2.449728194516483715 ) ) ;
#711 = PRESENTATION_STYLE_ASSIGNMENT (( #3611 ) ) ;
#712 =( LENGTH_UNIT ( ) NAMED_UNIT ( * ) SI_UNIT ( .MILLI., .METRE. ) );
#713 = STYLED_ITEM ( 'NONE', ( #3290 ), #990 ) ;
#714 = DIRECTION ( 'NONE',  ( 0.000000000000000000, 0.000000000000000000, -1.000000000000000000 ) ) ;
#715 = ORIENTED_EDGE ( 'NONE', *, *, #673, .T. ) ;
#716 = CIRCLE ( 'NONE', #2943, 1.800000000000000044 ) ;
#717 = ORIENTED_EDGE ( 'NONE', *, *, #817, .T. ) ;
#718 = CARTESIAN_POINT ( 'NONE',  ( 2.649999999999999467, 0.000000000000000000, 0.000000000000000000 ) ) ;
#719 = DIRECTION ( 'NONE',  ( 0.000000000000000000, 0.000000000000000000, -1.000000000000000000 ) ) ;
#720 = AXIS2_PLACEMENT_3D ( 'NONE', #4919, #1773, #3393 ) ;
#721 = DIRECTION ( 'NONE',  ( -1.000000000000000000, 0.000000000000000000, 0.000000000000000000 ) ) ;
#722 = EDGE_CURVE ( 'NONE', #1065, #4343, #4722, .T. ) ;
#723 = MECHANICAL_DESIGN_GEOMETRIC_PRESENTATION_REPRESENTATION (  '', ( #1538 ), #2648 ) ;
#724 =( GEOMETRIC_REPRESENTATION_CONTEXT ( 3 ) GLOBAL_UNCERTAINTY_ASSIGNED_CONTEXT ( ( #4650 ) ) GLOBAL_UNIT_ASSIGNED_CONTEXT ( ( #4210, #4181, #342 ) ) REPRESENTATION_CONTEXT ( 'NONE', 'WORKASPACE' ) );
#725 = ORIENTED_EDGE ( 'NONE', *, *, #4808, .T. ) ;
#726 = SURFACE_STYLE_USAGE ( .BOTH. , #193 ) ;
#727 = CARTESIAN_POINT ( 'NONE',  ( 12.50000000000000000, -1.168370712317901239, 2.153464622091052050 ) ) ;
#728 = SURFACE_SIDE_STYLE ('',( #6093 ) ) ;
#729 = DIRECTION ( 'NONE',  ( 0.000000000000000000, 0.000000000000000000, 1.000000000000000000 ) ) ;
#730 = SURFACE_STYLE_FILL_AREA ( #6070 ) ;
#731 = CARTESIAN_POINT ( 'NONE',  ( 9.500000000000001776, -6.449162802206574341, 0.5999999999999985345 ) ) ;
#732 = COLOUR_RGB ( '',0.7960784313725489669, 0.8235294117647058432, 0.9372549019607843146 ) ;
#733 = FACE_OUTER_BOUND ( 'NONE', #2093, .T. ) ;
#734 = CARTESIAN_POINT ( 'NONE',  ( 12.50000000000000000, 1.850152416059487104, 2.310170725897713329 ) ) ;
#735 = DIRECTION ( 'NONE',  ( 0.000000000000000000, 0.000000000000000000, -1.000000000000000000 ) ) ;
#736 = ORIENTED_EDGE ( 'NONE', *, *, #6272, .T. ) ;
#737 = ORIENTED_EDGE ( 'NONE', *, *, #4952, .F. ) ;
#738 = CARTESIAN_POINT ( 'NONE',  ( 3.000000000000000000, -1.948279784402757731, -2.028884253203181665 ) ) ;
#739 = SURFACE_STYLE_USAGE ( .BOTH. , #5146 ) ;
#740 =( LENGTH_UNIT ( ) NAMED_UNIT ( * ) SI_UNIT ( .MILLI., .METRE. ) );
#741 = EDGE_CURVE ( 'NONE', #6180, #4872, #2413, .T. ) ;
#742 = CARTESIAN_POINT ( 'NONE',  ( 12.50000000000000000, -5.511447537303414634, -1.924131555431610963 ) ) ;
#743 = EDGE_CURVE ( 'NONE', #5686, #523, #5960, .T. ) ;
#744 = CARTESIAN_POINT ( 'NONE',  ( 9.500000000000001776, -0.9536012874044282883, -1.700924626390192484 ) ) ;
#745 = ORIENTED_EDGE ( 'NONE', *, *, #5620, .F. ) ;
#746 = ORIENTED_EDGE ( 'NONE', *, *, #240, .T. ) ;
#747 = CARTESIAN_POINT ( 'NONE',  ( 9.850000000000001421, 0.000000000000000000, 0.000000000000000000 ) ) ;
#748 = DIRECTION ( 'NONE',  ( 1.000000000000000000, 0.000000000000000000, -0.000000000000000000 ) ) ;
#749 = ADVANCED_FACE ( 'NONE', ( #4429 ), #5892, .T. ) ;
#750 = SURFACE_STYLE_USAGE ( .BOTH. , #4145 ) ;
#751 = CARTESIAN_POINT ( 'NONE',  ( 3.132055853621321884, -5.949181936419215333, 0.6000000000000008660 ) ) ;
#752 = COLOUR_RGB ( '',0.9372549019607843146, 0.8823529411764705621, 0.8823529411764705621 ) ;
#753 = UNCERTAINTY_MEASURE_WITH_UNIT (LENGTH_MEASURE( 1.000000000000000082E-05 ), #1446, 'distance_accuracy_value', 'NONE');
#754 = EDGE_LOOP ( 'NONE', ( #2652, #3152, #3060, #1676 ) ) ;
#755 = VERTEX_POINT ( 'NONE', #5400 ) ;
#756 = EDGE_CURVE ( 'NONE', #708, #161, #1509, .T. ) ;
#757 = MECHANICAL_DESIGN_GEOMETRIC_PRESENTATION_REPRESENTATION (  '', ( #6193 ), #555 ) ;
#758 = LINE ( 'NONE', #4530, #2105 ) ;
#759 =( NAMED_UNIT ( * ) PLANE_ANGLE_UNIT ( ) SI_UNIT ( $, .RADIAN. ) );
#760 = DIRECTION ( 'NONE',  ( -1.000000000000000000, 0.000000000000000000, 0.000000000000000000 ) ) ;
#761 = SURFACE_SIDE_STYLE ('',( #5161 ) ) ;
#762 = CARTESIAN_POINT ( 'NONE',  ( 3.000000000000000000, -1.168370712318658855, -2.153464622092449154 ) ) ;
#763 = COLOUR_RGB ( '',0.7960784313725489669, 0.8235294117647058432, 0.9372549019607843146 ) ;
#764 = CARTESIAN_POINT ( 'NONE',  ( 11.60000000000000142, 2.388061258337338643E-16, -1.949999999999999956 ) ) ;
#765 = DIRECTION ( 'NONE',  ( 1.000000000000000000, -0.000000000000000000, -0.000000000000000000 ) ) ;
#766 = FILL_AREA_STYLE ('',( #5166 ) ) ;
#767 = EDGE_LOOP ( 'NONE', ( #5630, #2674, #4907, #3995, #3124, #4643, #5283, #2782, #118, #5096 ) ) ;
#768 = COLOUR_RGB ( '',0.9372549019607843146, 0.8823529411764705621, 0.8823529411764705621 ) ;
#769 = ORIENTED_EDGE ( 'NONE', *, *, #2527, .F. ) ;
#770 = SURFACE_SIDE_STYLE ('',( #3772 ) ) ;
#771 = DIRECTION ( 'NONE',  ( 0.000000000000000000, 0.000000000000000000, 1.000000000000000000 ) ) ;
#772 = CARTESIAN_POINT ( 'NONE',  ( 9.500000000000001776, -5.511447537303415523, 2.424131555431613183 ) ) ;
#773 = DIRECTION ( 'NONE',  ( 1.572292413564969908E-14, 7.861462067824819566E-15, -1.000000000000000000 ) ) ;
#774 = COLOUR_RGB ( '',0.9372549019607843146, 0.8823529411764705621, 0.8823529411764705621 ) ;
#775 = PRESENTATION_STYLE_ASSIGNMENT (( #5754 ) ) ;
#776 = EDGE_LOOP ( 'NONE', ( #267, #2214, #3703, #5482, #1818, #540, #1078 ) ) ;
#777 = EDGE_LOOP ( 'NONE', ( #3807, #5599, #70, #4336 ) ) ;
#778 = EDGE_CURVE ( 'NONE', #1692, #3927, #605, .T. ) ;
#779 = DIRECTION ( 'NONE',  ( 0.000000000000000000, 1.000000000000000000, -1.858197974521601389E-16 ) ) ;
#780 = LINE ( 'NONE', #3845, #2530 ) ;
#781 = FILL_AREA_STYLE ('',( #2219 ) ) ;
#782 = SURFACE_STYLE_USAGE ( .BOTH. , #4620 ) ;
#783 = SURFACE_STYLE_FILL_AREA ( #6009 ) ;
#784 = EDGE_LOOP ( 'NONE', ( #4327, #1173, #4027, #1751, #5629 ) ) ;
#785 = EDGE_CURVE ( 'NONE', #2244, #4924, #3114, .T. ) ;
#786 = CARTESIAN_POINT ( 'NONE',  ( 12.50000000000000000, 0.000000000000000000, 0.000000000000000000 ) ) ;
#787 = AXIS2_PLACEMENT_3D ( 'NONE', #5667, #1731, #5605 ) ;
#788 = CARTESIAN_POINT ( 'NONE',  ( 12.63205585362397798, -5.949181936419981831, 0.5999999999999989786 ) ) ;
#789 = DIRECTION ( 'NONE',  ( -1.000000000000000000, 0.000000000000000000, 0.000000000000000000 ) ) ;
#790 = TOROIDAL_SURFACE ( 'NONE', #4469, 1.950000000002283684, 0.5000000000000000000 ) ;
#791 =( LENGTH_UNIT ( ) NAMED_UNIT ( * ) SI_UNIT ( .MILLI., .METRE. ) );
#792 = CARTESIAN_POINT ( 'NONE',  ( 0.000000000000000000, 0.8231422074094451036, -1.767749107305984779 ) ) ;
#793 = SURFACE_STYLE_FILL_AREA ( #3295 ) ;
#794 = COLOUR_RGB ( '',0.9372549019607843146, 0.8823529411764705621, 0.8823529411764705621 ) ;
#795 = AXIS2_PLACEMENT_3D ( 'NONE', #5601, #4052, #2079 ) ;
#796 = FILL_AREA_STYLE_COLOUR ( '', #763 ) ;
#797 = CARTESIAN_POINT ( 'NONE',  ( 0.000000000000000000, 1.586240938091250774, -2.189026805737763315 ) ) ;
#798 = PRESENTATION_STYLE_ASSIGNMENT (( #2355 ) ) ;
#799 = AXIS2_PLACEMENT_3D ( 'NONE', #1187, #2677, #5610 ) ;
#800 = CARTESIAN_POINT ( 'NONE',  ( 0.000000000000000000, -5.511447537303414634, 1.924131555431610963 ) ) ;
#801 = ADVANCED_FACE ( 'NONE', ( #5603 ), #3028, .T. ) ;
#802 = DIRECTION ( 'NONE',  ( 0.000000000000000000, 0.000000000000000000, -1.000000000000000000 ) ) ;
#803 = FILL_AREA_STYLE_COLOUR ( '', #6227 ) ;
#804 = CARTESIAN_POINT ( 'NONE',  ( 12.50000000000000000, -6.450574693421724959, 0.4911150690505905470 ) ) ;
#805 = LINE ( 'NONE', #2771, #1896 ) ;
#806 = CARTESIAN_POINT ( 'NONE',  ( 0.000000000000000000, -6.183689156483929139, -2.146661974746273405 ) ) ;
#807 = VERTEX_POINT ( 'NONE', #2557 ) ;
#808 = PRESENTATION_LAYER_ASSIGNMENT (  '', '', ( #909 ) ) ;
#809 = ORIENTED_EDGE ( 'NONE', *, *, #1199, .F. ) ;
#810 = FILL_AREA_STYLE_COLOUR ( '', #2716 ) ;
#811 = STYLED_ITEM ( 'NONE', ( #3460 ), #1164 ) ;
#812 = PRESENTATION_STYLE_ASSIGNMENT (( #1217 ) ) ;
#813 = B_SPLINE_CURVE_WITH_KNOTS ( 'NONE', 3,
 ( #1811, #1776, #3871, #5319 ),
 .UNSPECIFIED., .F., .F.,
 ( 4, 4 ),
 ( 0.000000000000000000, 0.8380104049718439807 ),
 .UNSPECIFIED. ) ;
#814 = CARTESIAN_POINT ( 'NONE',  ( -0.1000000000000011297, 0.000000000000000000, 0.000000000000000000 ) ) ;
#815 = STYLED_ITEM ( 'NONE', ( #4864 ), #3543 ) ;
#816 = CARTESIAN_POINT ( 'NONE',  ( 9.500000000000001776, -5.511447537303412858, 2.424131555431612739 ) ) ;
#817 = EDGE_CURVE ( 'NONE', #176, #888, #1409, .T. ) ;
#818 = PRESENTATION_LAYER_ASSIGNMENT (  '', '', ( #2639 ) ) ;
#819 = ORIENTED_EDGE ( 'NONE', *, *, #4458, .F. ) ;
#820 = COLOUR_RGB ( '',0.7960784313725489669, 0.8235294117647058432, 0.9372549019607843146 ) ;
#821 = PRESENTATION_STYLE_ASSIGNMENT (( #3815 ) ) ;
#822 = FILL_AREA_STYLE ('',( #3289 ) ) ;
#823 = SURFACE_STYLE_FILL_AREA ( #1285 ) ;
#824 = EDGE_CURVE ( 'NONE', #6065, #3657, #2629, .T. ) ;
#825 =( GEOMETRIC_REPRESENTATION_CONTEXT ( 3 ) GLOBAL_UNCERTAINTY_ASSIGNED_CONTEXT ( ( #5522 ) ) GLOBAL_UNIT_ASSIGNED_CONTEXT ( ( #3819, #6244, #3793 ) ) REPRESENTATION_CONTEXT ( 'NONE', 'WORKASPACE' ) );
#826 = FILL_AREA_STYLE_COLOUR ( '', #5385 ) ;
#827 = CARTESIAN_POINT ( 'NONE',  ( 0.000000000000000000, 1.850152416059487548, -2.310170725897712884 ) ) ;
#828 = CARTESIAN_POINT ( 'NONE',  ( 3.000000000000000000, 0.000000000000000000, 0.000000000000000000 ) ) ;
#829 = UNCERTAINTY_MEASURE_WITH_UNIT (LENGTH_MEASURE( 1.000000000000000082E-05 ), #1339, 'distance_accuracy_value', 'NONE');
#830 = CIRCLE ( 'NONE', #1649, 1.949999999999999734 ) ;
#831 = CARTESIAN_POINT ( 'NONE',  ( 9.500000000000001776, 1.967225567140176379, -2.089277364077947841 ) ) ;
#832 = PRESENTATION_STYLE_ASSIGNMENT (( #5226 ) ) ;
#833 = B_SPLINE_CURVE_WITH_KNOTS ( 'NONE', 3,
 ( #3696, #3627, #1196, #288, #1252, #3723 ),
 .UNSPECIFIED., .F., .F.,
 ( 4, 2, 4 ),
 ( 0.000000000000000000, 0.0003905443335554713226, 0.0007810886671109426452 ),
 .UNSPECIFIED. ) ;
#834 = DIRECTION ( 'NONE',  ( 0.000000000000000000, 1.858197974521601635E-16, 1.000000000000000000 ) ) ;
#835 = DIRECTION ( 'NONE',  ( 0.000000000000000000, 0.000000000000000000, 1.000000000000000000 ) ) ;
#836 = AXIS2_PLACEMENT_3D ( 'NONE', #6220, #5746, #4792 ) ;
#837 = EDGE_CURVE ( 'NONE', #1000, #5686, #5425, .T. ) ;
#838 = CARTESIAN_POINT ( 'NONE',  ( 0.000000000000000000, -1.168370712318658855, -2.153464622092449154 ) ) ;
#839 = DIRECTION ( 'NONE',  ( 0.000000000000000000, 0.000000000000000000, 1.000000000000000000 ) ) ;
#840 = CIRCLE ( 'NONE', #2443, 2.450000000002283684 ) ;
#841 = CARTESIAN_POINT ( 'NONE',  ( 3.000000000000000000, -5.511447537303415523, 2.424131555432306406 ) ) ;
#842 = SURFACE_STYLE_USAGE ( .BOTH. , #4834 ) ;
#843 = VERTEX_POINT ( 'NONE', #6080 ) ;
#844 = DIRECTION ( 'NONE',  ( 0.000000000000000000, 0.000000000000000000, -1.000000000000000000 ) ) ;
#845 = ORIENTED_EDGE ( 'NONE', *, *, #2063, .T. ) ;
#846 =( LENGTH_UNIT ( ) NAMED_UNIT ( * ) SI_UNIT ( .MILLI., .METRE. ) );
#847 = SURFACE_STYLE_FILL_AREA ( #4209 ) ;
#848 = DIRECTION ( 'NONE',  ( 0.000000000000000000, 0.000000000000000000, -1.000000000000000000 ) ) ;
#849 = UNCERTAINTY_MEASURE_WITH_UNIT (LENGTH_MEASURE( 1.000000000000000082E-05 ), #2451, 'distance_accuracy_value', 'NONE');
#850 = PRESENTATION_STYLE_ASSIGNMENT (( #5273 ) ) ;
#851 = ORIENTED_EDGE ( 'NONE', *, *, #2709, .T. ) ;
#852 =( LENGTH_UNIT ( ) NAMED_UNIT ( * ) SI_UNIT ( .MILLI., .METRE. ) );
#853 = SURFACE_STYLE_USAGE ( .BOTH. , #882 ) ;
#854 = FILL_AREA_STYLE_COLOUR ( '', #794 ) ;
#855 = AXIS2_PLACEMENT_3D ( 'NONE', #4450, #2455, #4969 ) ;
#856 = ADVANCED_FACE ( 'NONE', ( #5575 ), #1362, .F. ) ;
#857 = DIRECTION ( 'NONE',  ( 0.000000000000000000, 0.000000000000000000, 1.000000000000000000 ) ) ;
#858 = SURFACE_SIDE_STYLE ('',( #3270 ) ) ;
#859 =( NAMED_UNIT ( * ) SI_UNIT ( $, .STERADIAN. ) SOLID_ANGLE_UNIT ( ) );
#860 = CARTESIAN_POINT ( 'NONE',  ( 0.000000000000000000, 1.967225567140177267, -2.089277364077946952 ) ) ;
#861 = SURFACE_STYLE_USAGE ( .BOTH. , #2267 ) ;
#862 = ADVANCED_FACE ( 'NONE', ( #979 ), #4974, .F. ) ;
#863 = CARTESIAN_POINT ( 'NONE',  ( -0.5000000000000000000, -0.2160022778819082334, 1.027948851782856332 ) ) ;
#864 = CARTESIAN_POINT ( 'NONE',  ( 9.500000000000001776, -1.230077907823271977, -2.128893911334430289 ) ) ;
#865 = PRESENTATION_STYLE_ASSIGNMENT (( #418 ) ) ;
#866 = FILL_AREA_STYLE_COLOUR ( '', #4877 ) ;
#867 = DIRECTION ( 'NONE',  ( -1.000000000000000000, 0.000000000000000000, 0.000000000000000000 ) ) ;
#868 = ORIENTED_EDGE ( 'NONE', *, *, #2528, .T. ) ;
#869 = COLOUR_RGB ( '',0.9372549019607843146, 0.8823529411764705621, 0.8823529411764705621 ) ;
#870 = ADVANCED_FACE ( 'NONE', ( #3742, #2271 ), #4226, .F. ) ;
#871 = VERTEX_POINT ( 'NONE', #5484 ) ;
#872 = VECTOR ( 'NONE', #1326, 1000.000000000000000 ) ;
#873 = CARTESIAN_POINT ( 'NONE',  ( 0.8999999999999998002, 0.000000000000000000, 0.000000000000000000 ) ) ;
#874 = FILL_AREA_STYLE ('',( #341 ) ) ;
#875 = CARTESIAN_POINT ( 'NONE',  ( 13.00000000000000178, -1.027922532992818772, -1.657068274445725020 ) ) ;
#876 = CARTESIAN_POINT ( 'NONE',  ( 3.000000000000000000, 1.967225567140176379, 2.339277364078295562 ) ) ;
#877 = ADVANCED_FACE ( 'NONE', ( #4412 ), #5791, .F. ) ;
#878 = ORIENTED_EDGE ( 'NONE', *, *, #5764, .T. ) ;
#879 = DIRECTION ( 'NONE',  ( 1.000000000000000000, -0.000000000000000000, 0.000000000000000000 ) ) ;
#880 = MECHANICAL_DESIGN_GEOMETRIC_PRESENTATION_REPRESENTATION (  '', ( #6020 ), #5918 ) ;
#881 = DIRECTION ( 'NONE',  ( 0.000000000000000000, -1.000000000000000000, 6.193993248405337552E-17 ) ) ;
#882 = SURFACE_SIDE_STYLE ('',( #5279 ) ) ;
#883 = DIRECTION ( 'NONE',  ( -1.000000000000000000, -0.000000000000000000, -0.000000000000000000 ) ) ;
#884 = CARTESIAN_POINT ( 'NONE',  ( 3.500000000000000000, -6.449193518580326412, -0.5999999999999985345 ) ) ;
#885 = STYLED_ITEM ( 'NONE', ( #3208 ), #5022 ) ;
#886 = MECHANICAL_DESIGN_GEOMETRIC_PRESENTATION_REPRESENTATION (  '', ( #6029 ), #4257 ) ;
#887 = CARTESIAN_POINT ( 'NONE',  ( 12.50000000000000000, 0.000000000000000000, -1.949999999999999734 ) ) ;
#888 = VERTEX_POINT ( 'NONE', #1137 ) ;
#889 = AXIS2_PLACEMENT_3D ( 'NONE', #4126, #1223, #4153 ) ;
#890 = FILL_AREA_STYLE_COLOUR ( '', #752 ) ;
#891 = EDGE_CURVE ( 'NONE', #2428, #3756, #3566, .T. ) ;
#892 = CARTESIAN_POINT ( 'NONE',  ( 9.500000000000001776, 1.205463676329423306, -1.591861468293960913 ) ) ;
#893 =( NAMED_UNIT ( * ) SI_UNIT ( $, .STERADIAN. ) SOLID_ANGLE_UNIT ( ) );
#894 = COLOUR_RGB ( '',0.9372549019607843146, 0.8823529411764705621, 0.8823529411764705621 ) ;
#895 = CARTESIAN_POINT ( 'NONE',  ( 3.000000000000000000, 2.084298718221028857, 1.868384002257875043 ) ) ;
#896 = SURFACE_STYLE_FILL_AREA ( #3835 ) ;
#897 = CARTESIAN_POINT ( 'NONE',  ( 12.50000000000000000, -6.448448220535715869, 0.7017742220557302568 ) ) ;
#898 = ORIENTED_EDGE ( 'NONE', *, *, #1274, .T. ) ;
#899 = DIRECTION ( 'NONE',  ( 0.000000000000000000, 0.000000000000000000, -1.000000000000000000 ) ) ;
#900 = VERTEX_POINT ( 'NONE', #635 ) ;
#901 =( NAMED_UNIT ( * ) PLANE_ANGLE_UNIT ( ) SI_UNIT ( $, .RADIAN. ) );
#902 = PRESENTATION_STYLE_ASSIGNMENT (( #6235 ) ) ;
#903 = CARTESIAN_POINT ( 'NONE',  ( 12.50000000000000000, -5.942797302828626727, -1.529506351174783063 ) ) ;
#904 = CARTESIAN_POINT ( 'NONE',  ( 0.000000000000000000, -1.230077907823271977, 2.128893911334430289 ) ) ;
#905 = COLOUR_RGB ( '',0.7960784313725489669, 0.8235294117647058432, 0.9372549019607843146 ) ;
#906 = CARTESIAN_POINT ( 'NONE',  ( 13.00000000000000178, -6.450542501222611413, 0.4000043687630586708 ) ) ;
#907 = DIRECTION ( 'NONE',  ( -1.000000000000000000, 0.000000000000000000, 0.000000000000000000 ) ) ;
#908 = ORIENTED_EDGE ( 'NONE', *, *, #4970, .T. ) ;
#909 = STYLED_ITEM ( 'NONE', ( #604 ), #877 ) ;
#910 = CARTESIAN_POINT ( 'NONE',  ( 13.00000000000000178, -9.449999999999999289, 0.5999999999999987566 ) ) ;
#911 = EDGE_CURVE ( 'NONE', #1152, #4076, #5069, .T. ) ;
#912 = CARTESIAN_POINT ( 'NONE',  ( 3.000000000000000000, -5.949157067559266210, 0.6036205310216880005 ) ) ;
#913 = COLOUR_RGB ( '',0.9372549019607843146, 0.8823529411764705621, 0.8823529411764705621 ) ;
#914 = SURFACE_STYLE_USAGE ( .BOTH. , #6297 ) ;
#915 = DIRECTION ( 'NONE',  ( 1.000000000000000000, -0.000000000000000000, 0.000000000000000000 ) ) ;
#916 = VERTEX_POINT ( 'NONE', #4040 ) ;
#917 = UNCERTAINTY_MEASURE_WITH_UNIT (LENGTH_MEASURE( 1.000000000000000082E-05 ), #1353, 'distance_accuracy_value', 'NONE');
#918 = CARTESIAN_POINT ( 'NONE',  ( 9.500000000000001776, -6.445457888637967869, 1.030209834226573307 ) ) ;
#919 = AXIS2_PLACEMENT_3D ( 'NONE', #831, #353, #1956 ) ;
#920 = CARTESIAN_POINT ( 'NONE',  ( 0.3999999999999993006, 0.000000000000000000, 0.000000000000000000 ) ) ;
#921 = SURFACE_STYLE_FILL_AREA ( #414 ) ;
#922 =( GEOMETRIC_REPRESENTATION_CONTEXT ( 3 ) GLOBAL_UNCERTAINTY_ASSIGNED_CONTEXT ( ( #1248 ) ) GLOBAL_UNIT_ASSIGNED_CONTEXT ( ( #2977, #1092, #2022 ) ) REPRESENTATION_CONTEXT ( 'NONE', 'WORKASPACE' ) );
#923 =( NAMED_UNIT ( * ) PLANE_ANGLE_UNIT ( ) SI_UNIT ( $, .RADIAN. ) );
#924 = CARTESIAN_POINT ( 'NONE',  ( 12.50000000000000000, -1.230077907823271977, -2.128893911334430289 ) ) ;
#925 = EDGE_CURVE ( 'NONE', #4553, #4374, #1520, .T. ) ;
#926 = CARTESIAN_POINT ( 'NONE',  ( 12.50000000000000000, 2.084298718220865876, 1.868384002258182353 ) ) ;
#927 = CARTESIAN_POINT ( 'NONE',  ( 0.000000000000000000, -6.443823137739610019, 1.061149213459783525 ) ) ;
#928 = COLOUR_RGB ( '',0.7960784313725489669, 0.8235294117647058432, 0.9372549019607843146 ) ;
#929 = ORIENTED_EDGE ( 'NONE', *, *, #464, .F. ) ;
#930 = ORIENTED_EDGE ( 'NONE', *, *, #6163, .T. ) ;
#931 = ADVANCED_FACE ( 'NONE', ( #3042 ), #2442, .F. ) ;
#932 = DIRECTION ( 'NONE',  ( 1.000000000000000000, 0.000000000000000000, 0.000000000000000000 ) ) ;
#933 = EDGE_CURVE ( 'NONE', #1125, #2343, #833, .T. ) ;
#934 = CARTESIAN_POINT ( 'NONE',  ( 0.000000000000000000, -1.732354142640884165, 2.008456984256953071 ) ) ;
#935 = CARTESIAN_POINT ( 'NONE',  ( 13.00000000000000178, -6.450000000000001066, -2.773391560421764486E-15 ) ) ;
#936 = CARTESIAN_POINT ( 'NONE',  ( 9.500000000000001776, 1.032974534022424562, 2.221590333989759358 ) ) ;
#937 = ORIENTED_EDGE ( 'NONE', *, *, #3265, .T. ) ;
#938 = EDGE_CURVE ( 'NONE', #5542, #2475, #1805, .T. ) ;
#939 = CARTESIAN_POINT ( 'NONE',  ( 9.500000000000001776, 1.425172436802283560, -0.5999999999999994227 ) ) ;
#940 = ADVANCED_FACE ( 'NONE', ( #322 ), #3097, .T. ) ;
#941 = CARTESIAN_POINT ( 'NONE',  ( -0.5000000000000000000, -6.450542501222611413, -0.4000043687630586708 ) ) ;
#942 = ORIENTED_EDGE ( 'NONE', *, *, #3074, .T. ) ;
#943 = CARTESIAN_POINT ( 'NONE',  ( 12.60000000000000142, 0.000000000000000000, 0.1550331274601050857 ) ) ;
#944 = CARTESIAN_POINT ( 'NONE',  ( 12.50000000000000000, -5.511447537303415523, 2.424131555431613183 ) ) ;
#945 = CARTESIAN_POINT ( 'NONE',  ( 12.10000000000000142, 0.000000000000000000, 0.1550331274601050857 ) ) ;
#946 = DIRECTION ( 'NONE',  ( -0.000000000000000000, -0.2722482498591757283, 0.9622270472443682499 ) ) ;
#947 = MECHANICAL_DESIGN_GEOMETRIC_PRESENTATION_REPRESENTATION (  '', ( #5777 ), #5475 ) ;
#948 = SURFACE_STYLE_FILL_AREA ( #2359 ) ;
#949 = PRESENTATION_STYLE_ASSIGNMENT (( #46 ) ) ;
#950 = VECTOR ( 'NONE', #4041, 1000.000000000000000 ) ;
#951 = CARTESIAN_POINT ( 'NONE',  ( 4.399999999999999467, 0.000000000000000000, -1.800000000000000044 ) ) ;
#952 = SURFACE_SIDE_STYLE ('',( #2298 ) ) ;
#953 = DIRECTION ( 'NONE',  ( -1.000000000000000000, -0.000000000000000000, -0.000000000000000000 ) ) ;
#954 = DIRECTION ( 'NONE',  ( 1.000000000000000000, 0.000000000000000000, 0.000000000000000000 ) ) ;
#955 = VERTEX_POINT ( 'NONE', #6123 ) ;
#956 = ORIENTED_EDGE ( 'NONE', *, *, #824, .F. ) ;
#957 = CARTESIAN_POINT ( 'NONE',  ( 0.000000000000000000, -5.511447537303413746, -1.924131555431612517 ) ) ;
#958 = DIRECTION ( 'NONE',  ( 0.000000000000000000, 0.000000000000000000, -1.000000000000000000 ) ) ;
#959 = CARTESIAN_POINT ( 'NONE',  ( 9.000000000000001776, -6.450043540926369445, -0.3327244987854284242 ) ) ;
#960 = CIRCLE ( 'NONE', #4645, 2.450000000001589129 ) ;
#961 = B_SPLINE_CURVE_WITH_KNOTS ( 'NONE', 3,
 ( #208, #305, #5663, #1638, #3583, #5574 ),
 .UNSPECIFIED., .F., .F.,
 ( 4, 2, 4 ),
 ( 0.000000000000000000, 0.0004019701080137393664, 0.0008039402160274787329 ),
 .UNSPECIFIED. ) ;
#962 = EDGE_CURVE ( 'NONE', #5724, #3348, #5619, .T. ) ;
#963 = ORIENTED_EDGE ( 'NONE', *, *, #4866, .T. ) ;
#964 =( GEOMETRIC_REPRESENTATION_CONTEXT ( 3 ) GLOBAL_UNCERTAINTY_ASSIGNED_CONTEXT ( ( #1118 ) ) GLOBAL_UNIT_ASSIGNED_CONTEXT ( ( #78, #3069, #2170 ) ) REPRESENTATION_CONTEXT ( 'NONE', 'WORKASPACE' ) );
#965 =( LENGTH_UNIT ( ) NAMED_UNIT ( * ) SI_UNIT ( .MILLI., .METRE. ) );
#966 = CARTESIAN_POINT ( 'NONE',  ( 12.50000000000000000, 1.425172436802283782, -1.660992101785016217 ) ) ;
#967 = LINE ( 'NONE', #4220, #1533 ) ;
#968 = CARTESIAN_POINT ( 'NONE',  ( 0.000000000000000000, 1.586240938091250774, -2.189026805737763315 ) ) ;
#969 = SURFACE_STYLE_FILL_AREA ( #2979 ) ;
#970 = STYLED_ITEM ( 'NONE', ( #3820 ), #2953 ) ;
#971 =( NAMED_UNIT ( * ) SI_UNIT ( $, .STERADIAN. ) SOLID_ANGLE_UNIT ( ) );
#972 = ADVANCED_FACE ( 'NONE', ( #4565 ), #6156, .F. ) ;
#973 = CARTESIAN_POINT ( 'NONE',  ( 0.000000000000000000, 1.625849179933230415, 1.625406433278026475 ) ) ;
#974 = AXIS2_PLACEMENT_3D ( 'NONE', #1536, #3510, #6014 ) ;
#975 = ORIENTED_EDGE ( 'NONE', *, *, #4425, .F. ) ;
#976 = PRESENTATION_LAYER_ASSIGNMENT (  '', '', ( #1996 ) ) ;
#977 = SURFACE_STYLE_FILL_AREA ( #3400 ) ;
#978 = CARTESIAN_POINT ( 'NONE',  ( 12.50000000000000000, 2.084298718221028857, -1.868384002257875043 ) ) ;
#979 = FACE_OUTER_BOUND ( 'NONE', #6233, .T. ) ;
#980 = CARTESIAN_POINT ( 'NONE',  ( 9.500000000000001776, -5.965857193527828173, -1.924131555431609630 ) ) ;
#981 =( GEOMETRIC_REPRESENTATION_CONTEXT ( 3 ) GLOBAL_UNCERTAINTY_ASSIGNED_CONTEXT ( ( #3085 ) ) GLOBAL_UNIT_ASSIGNED_CONTEXT ( ( #4443, #3905, #1523 ) ) REPRESENTATION_CONTEXT ( 'NONE', 'WORKASPACE' ) );
#982 = CARTESIAN_POINT ( 'NONE',  ( 9.500000000000001776, -6.450000000000001066, 4.659395879405089121E-15 ) ) ;
#983 = UNCERTAINTY_MEASURE_WITH_UNIT (LENGTH_MEASURE( 1.000000000000000082E-05 ), #1188, 'distance_accuracy_value', 'NONE');
#984 = TOROIDAL_SURFACE ( 'NONE', #591, 0.4050331274601051135, 0.2500000000000000000 ) ;
#985 = UNCERTAINTY_MEASURE_WITH_UNIT (LENGTH_MEASURE( 1.000000000000000082E-05 ), #4328, 'distance_accuracy_value', 'NONE');
#986 = STYLED_ITEM ( 'NONE', ( #6298 ), #6094 ) ;
#987 = DIRECTION ( 'NONE',  ( 0.000000000000000000, 0.000000000000000000, 1.000000000000000000 ) ) ;
#988 = LINE ( 'NONE', #4419, #4876 ) ;
#989 = CARTESIAN_POINT ( 'NONE',  ( 12.50000000000000000, 1.381018271236925665, 2.152131625432586848 ) ) ;
#990 = ADVANCED_FACE ( 'NONE', ( #1376 ), #9, .F. ) ;
#991 = VECTOR ( 'NONE', #4235, 1000.000000000000000 ) ;
#992 = DIRECTION ( 'NONE',  ( -1.000000000000000000, 0.000000000000000000, 0.000000000000000000 ) ) ;
#993 = LINE ( 'NONE', #3481, #1374 ) ;
#994 = ORIENTED_EDGE ( 'NONE', *, *, #2527, .T. ) ;
#995 = ORIENTED_EDGE ( 'NONE', *, *, #3064, .F. ) ;
#996 =( GEOMETRIC_REPRESENTATION_CONTEXT ( 3 ) GLOBAL_UNCERTAINTY_ASSIGNED_CONTEXT ( ( #917 ) ) GLOBAL_UNIT_ASSIGNED_CONTEXT ( ( #1353, #1327, #4319 ) ) REPRESENTATION_CONTEXT ( 'NONE', 'WORKASPACE' ) );
#997 = CARTESIAN_POINT ( 'NONE',  ( -0.5000000000000000000, 0.03649346519878907125, 2.449728194515685686 ) ) ;
#998 = CARTESIAN_POINT ( 'NONE',  ( 0.000000000000000000, -6.422442313217244347, -1.465803793296738489 ) ) ;
#999 = LINE ( 'NONE', #5017, #4270 ) ;
#1000 = VERTEX_POINT ( 'NONE', #6243 ) ;
#1001 = CIRCLE ( 'NONE', #4577, 1.800000000000000044 ) ;
#1002 = ORIENTED_EDGE ( 'NONE', *, *, #1901, .T. ) ;
#1003 = CARTESIAN_POINT ( 'NONE',  ( 12.50000000000000000, 1.381018271236887252, -2.152131625433289397 ) ) ;
#1004 = CARTESIAN_POINT ( 'NONE',  ( 13.00000000000000178, -6.450000000000001066, 4.230721251407115668E-15 ) ) ;
#1005 = FACE_OUTER_BOUND ( 'NONE', #430, .T. ) ;
#1006 = FILL_AREA_STYLE ('',( #539 ) ) ;
#1007 =( GEOMETRIC_REPRESENTATION_CONTEXT ( 3 ) GLOBAL_UNCERTAINTY_ASSIGNED_CONTEXT ( ( #5194 ) ) GLOBAL_UNIT_ASSIGNED_CONTEXT ( ( #740, #2209, #1639 ) ) REPRESENTATION_CONTEXT ( 'NONE', 'WORKASPACE' ) );
#1008 = ORIENTED_EDGE ( 'NONE', *, *, #1689, .F. ) ;
#1009 = CARTESIAN_POINT ( 'NONE',  ( 9.500000000000001776, -1.558319229584292698, 2.027625431478922824 ) ) ;
#1010 = EDGE_CURVE ( 'NONE', #3118, #1712, #1802, .T. ) ;
#1011 = COLOUR_RGB ( '',0.7960784313725489669, 0.8235294117647058432, 0.9372549019607843146 ) ;
#1012 = FILL_AREA_STYLE ('',( #5420 ) ) ;
#1013 = PRESENTATION_STYLE_ASSIGNMENT (( #6007 ) ) ;
#1014 = CARTESIAN_POINT ( 'NONE',  ( 0.000000000000000000, -2.088292368742854510, 1.924131555431599416 ) ) ;
#1015 = CARTESIAN_POINT ( 'NONE',  ( 9.850000000000001421, 0.000000000000000000, 0.000000000000000000 ) ) ;
#1016 = AXIS2_PLACEMENT_3D ( 'NONE', #3356, #5336, #2340 ) ;
#1017 = CARTESIAN_POINT ( 'NONE',  ( 9.500000000000001776, 2.084298718220865432, -1.868384002258182131 ) ) ;
#1018 = CARTESIAN_POINT ( 'NONE',  ( 3.000000000000000000, 1.032974534022083279, 2.221590333988931132 ) ) ;
#1019 = CARTESIAN_POINT ( 'NONE',  ( 3.000000000000000000, -5.949181936419980055, -0.5999999999999985345 ) ) ;
#1020 = CARTESIAN_POINT ( 'NONE',  ( 9.500000000000001776, 2.084298718220865876, 1.868384002258182353 ) ) ;
#1021 = B_SPLINE_CURVE_WITH_KNOTS ( 'NONE', 3,
 ( #2292, #1296, #5199, #3339 ),
 .UNSPECIFIED., .F., .F.,
 ( 4, 4 ),
 ( 0.1619895955917463604, 1.000000000000000000 ),
 .UNSPECIFIED. ) ;
#1022 = VERTEX_POINT ( 'NONE', #5829 ) ;
#1023 = PRESENTATION_LAYER_ASSIGNMENT (  '', '', ( #4603 ) ) ;
#1024 = VERTEX_POINT ( 'NONE', #5767 ) ;
#1025 = CARTESIAN_POINT ( 'NONE',  ( 9.500000000000001776, 1.967225567140176379, -2.089277364077947841 ) ) ;
#1026 = CARTESIAN_POINT ( 'NONE',  ( 9.500000000000001776, 2.084298718220865876, 1.868384002258182353 ) ) ;
#1027 = CARTESIAN_POINT ( 'NONE',  ( -0.5000000000000000000, -5.949181936419980055, -0.5999999999999989786 ) ) ;
#1028 =( GEOMETRIC_REPRESENTATION_CONTEXT ( 3 ) GLOBAL_UNCERTAINTY_ASSIGNED_CONTEXT ( ( #5352 ) ) GLOBAL_UNIT_ASSIGNED_CONTEXT ( ( #3774, #5753, #6203 ) ) REPRESENTATION_CONTEXT ( 'NONE', 'WORKASPACE' ) );
#1029 = CARTESIAN_POINT ( 'NONE',  ( 12.60000000000000142, 0.000000000000000000, 0.1550331274601050857 ) ) ;
#1030 = ORIENTED_EDGE ( 'NONE', *, *, #4708, .T. ) ;
#1031 = ORIENTED_EDGE ( 'NONE', *, *, #15, .F. ) ;
#1032 = STYLED_ITEM ( 'NONE', ( #832 ), #4384 ) ;
#1033 = FACE_OUTER_BOUND ( 'NONE', #1191, .T. ) ;
#1034 = PRESENTATION_STYLE_ASSIGNMENT (( #3457 ) ) ;
#1035 = CARTESIAN_POINT ( 'NONE',  ( 12.50000000000000000, -1.031603706871464743, -1.670078913344185345 ) ) ;
#1036 =( NAMED_UNIT ( * ) PLANE_ANGLE_UNIT ( ) SI_UNIT ( $, .RADIAN. ) );
#1037 = SURFACE_STYLE_USAGE ( .BOTH. , #5416 ) ;
#1038 = ORIENTED_EDGE ( 'NONE', *, *, #6100, .T. ) ;
#1039 =( NAMED_UNIT ( * ) PLANE_ANGLE_UNIT ( ) SI_UNIT ( $, .RADIAN. ) );
#1040 = SURFACE_STYLE_USAGE ( .BOTH. , #5943 ) ;
#1041 = CARTESIAN_POINT ( 'NONE',  ( 12.50000000000000000, -6.450574693422420403, -0.4911150690505885485 ) ) ;
#1042 = PRESENTATION_STYLE_ASSIGNMENT (( #4962 ) ) ;
#1043 = DIRECTION ( 'NONE',  ( 0.000000000000000000, 0.000000000000000000, 1.000000000000000000 ) ) ;
#1044 = SURFACE_SIDE_STYLE ('',( #5488 ) ) ;
#1045 =( LENGTH_UNIT ( ) NAMED_UNIT ( * ) SI_UNIT ( .MILLI., .METRE. ) );
#1046 = DIRECTION ( 'NONE',  ( 0.000000000000000000, 1.000000000000000000, 7.004112811828866349E-15 ) ) ;
#1047 = DIRECTION ( 'NONE',  ( -1.000000000000000000, 0.000000000000000000, 0.000000000000000000 ) ) ;
#1048 = ORIENTED_EDGE ( 'NONE', *, *, #5654, .T. ) ;
#1049 = ADVANCED_FACE ( 'NONE', ( #2345 ), #512, .F. ) ;
#1050 = ORIENTED_EDGE ( 'NONE', *, *, #5454, .F. ) ;
#1051 = CIRCLE ( 'NONE', #5361, 1.800000000000000044 ) ;
#1052 = DIRECTION ( 'NONE',  ( -1.000000000000000000, 0.000000000000000000, 0.000000000000000000 ) ) ;
#1053 = CARTESIAN_POINT ( 'NONE',  ( 13.00000000000000178, -5.949181936419980055, -0.6000000000000005329 ) ) ;
#1054 = CARTESIAN_POINT ( 'NONE',  ( 3.500000000000000000, -6.450027152990230661, -0.1109081635062156429 ) ) ;
#1055 = VERTEX_POINT ( 'NONE', #3262 ) ;
#1056 = CIRCLE ( 'NONE', #5782, 1.800000000000000044 ) ;
#1057 = ORIENTED_EDGE ( 'NONE', *, *, #668, .T. ) ;
#1058 = PRESENTATION_LAYER_ASSIGNMENT (  '', '', ( #4234 ) ) ;
#1059 = CARTESIAN_POINT ( 'NONE',  ( 9.000000000000000000, -5.949157067572226509, 0.6036205291350632551 ) ) ;
#1060 = SURFACE_SIDE_STYLE ('',( #2501 ) ) ;
#1061 = CARTESIAN_POINT ( 'NONE',  ( 12.10000000000000142, 0.000000000000000000, 0.000000000000000000 ) ) ;
#1062 = DIRECTION ( 'NONE',  ( 0.000000000000000000, 0.000000000000000000, 1.000000000000000000 ) ) ;
#1063 = LINE ( 'NONE', #4405, #5501 ) ;
#1064 = AXIS2_PLACEMENT_3D ( 'NONE', #603, #542, #73 ) ;
#1065 = VERTEX_POINT ( 'NONE', #2472 ) ;
#1066 = UNCERTAINTY_MEASURE_WITH_UNIT (LENGTH_MEASURE( 1.000000000000000082E-05 ), #5945, 'distance_accuracy_value', 'NONE');
#1067 = CARTESIAN_POINT ( 'NONE',  ( 12.50000000000000000, -5.303916665296943833, 2.424131555431610963 ) ) ;
#1068 = AXIS2_PLACEMENT_3D ( 'NONE', #5000, #5040, #143 ) ;
#1069 = PRESENTATION_STYLE_ASSIGNMENT (( #2003 ) ) ;
#1070 = CARTESIAN_POINT ( 'NONE',  ( 9.500000000000001776, -6.450000000000696510, -0.1584447975266683462 ) ) ;
#1071 = MECHANICAL_DESIGN_GEOMETRIC_PRESENTATION_REPRESENTATION (  '', ( #4368 ), #3323 ) ;
#1072 = CARTESIAN_POINT ( 'NONE',  ( 9.500000000000001776, -5.627658374173602596, 2.424131555431612739 ) ) ;
#1073 = DIRECTION ( 'NONE',  ( -1.000000000000000000, 0.000000000000000000, 0.000000000000000000 ) ) ;
#1074 = PRESENTATION_LAYER_ASSIGNMENT (  '', '', ( #6020 ) ) ;
#1075 = DIRECTION ( 'NONE',  ( 1.000000000000000000, 0.000000000000000000, -0.000000000000000000 ) ) ;
#1076 = EDGE_CURVE ( 'NONE', #5442, #4484, #3528, .T. ) ;
#1077 = CARTESIAN_POINT ( 'NONE',  ( 9.500000000000001776, -5.627658374173693190, -2.424131555432305962 ) ) ;
#1078 = ORIENTED_EDGE ( 'NONE', *, *, #474, .F. ) ;
#1079 = COLOUR_RGB ( '',0.9372549019607843146, 0.8823529411764705621, 0.8823529411764705621 ) ;
#1080 = PRESENTATION_LAYER_ASSIGNMENT (  '', '', ( #2406 ) ) ;
#1081 = ORIENTED_EDGE ( 'NONE', *, *, #5971, .F. ) ;
#1082 = CARTESIAN_POINT ( 'NONE',  ( 0.000000000000000000, 0.03649346519856323107, 2.449728194516483715 ) ) ;
#1083 = DIRECTION ( 'NONE',  ( 0.000000000000000000, 0.000000000000000000, -1.000000000000000000 ) ) ;
#1084 = CARTESIAN_POINT ( 'NONE',  ( 0.000000000000000000, -4.153955876093410993, 2.386934677901304980 ) ) ;
#1085 = STYLED_ITEM ( 'NONE', ( #659 ), #5193 ) ;
#1086 = VERTEX_POINT ( 'NONE', #5970 ) ;
#1087 = AXIS2_PLACEMENT_3D ( 'NONE', #1967, #79, #3375 ) ;
#1088 = VERTEX_POINT ( 'NONE', #566 ) ;
#1089 = CIRCLE ( 'NONE', #5523, 0.1550331274601050857 ) ;
#1090 = SURFACE_STYLE_USAGE ( .BOTH. , #2621 ) ;
#1091 = CARTESIAN_POINT ( 'NONE',  ( 12.50000000000000000, -5.950000000000001954, -0.2028841591310447390 ) ) ;
#1092 =( NAMED_UNIT ( * ) PLANE_ANGLE_UNIT ( ) SI_UNIT ( $, .RADIAN. ) );
#1093 = AXIS2_PLACEMENT_3D ( 'NONE', #2350, #4312, #5742 ) ;
#1094 = CARTESIAN_POINT ( 'NONE',  ( 3.000000000000000000, -5.511447537303415523, -2.424131555431613183 ) ) ;
#1095 = ORIENTED_EDGE ( 'NONE', *, *, #5898, .T. ) ;
#1096 = PRESENTATION_STYLE_ASSIGNMENT (( #5586 ) ) ;
#1097 =( GEOMETRIC_REPRESENTATION_CONTEXT ( 3 ) GLOBAL_UNCERTAINTY_ASSIGNED_CONTEXT ( ( #5711 ) ) GLOBAL_UNIT_ASSIGNED_CONTEXT ( ( #2521, #5858, #5929 ) ) REPRESENTATION_CONTEXT ( 'NONE', 'WORKASPACE' ) );
#1098 = EDGE_LOOP ( 'NONE', ( #5443, #4291, #5240, #5140, #408 ) ) ;
#1099 = EDGE_CURVE ( 'NONE', #3065, #1657, #2436, .T. ) ;
#1100 = DIRECTION ( 'NONE',  ( 0.000000000000000000, 0.000000000000000000, 1.000000000000000000 ) ) ;
#1101 = FILL_AREA_STYLE_COLOUR ( '', #5275 ) ;
#1102 = CARTESIAN_POINT ( 'NONE',  ( 12.50000000000000000, -6.331521131137352043, -1.847389710217772318 ) ) ;
#1103 = CARTESIAN_POINT ( 'NONE',  ( 3.000000000000000000, -1.168370712318190341, 2.153464622091685321 ) ) ;
#1104 = CARTESIAN_POINT ( 'NONE',  ( 0.000000000000000000, -5.303916665296943833, -2.424131555431610963 ) ) ;
#1105 =( GEOMETRIC_REPRESENTATION_CONTEXT ( 3 ) GLOBAL_UNCERTAINTY_ASSIGNED_CONTEXT ( ( #3296 ) ) GLOBAL_UNIT_ASSIGNED_CONTEXT ( ( #4711, #2852, #4174 ) ) REPRESENTATION_CONTEXT ( 'NONE', 'WORKASPACE' ) );
#1106 = CARTESIAN_POINT ( 'NONE',  ( 9.500000000000001776, 1.625849179933230415, -1.625406433278026475 ) ) ;
#1107 = B_SPLINE_CURVE_WITH_KNOTS ( 'NONE', 3,
 ( #1743, #2659, #2228, #4691, #3695, #3570, #1195 ),
 .UNSPECIFIED., .F., .F.,
 ( 4, 1, 1, 1, 4 ),
 ( 0.001225663607282756300, 0.2509192477054620340, 0.5006128318036413560, 0.7503064159018206780, 1.000000000000000000 ),
 .UNSPECIFIED. ) ;
#1108 = CARTESIAN_POINT ( 'NONE',  ( 11.85000000000000142, 4.960225230926596474E-17, 0.4050331274601051135 ) ) ;
#1109 = CIRCLE ( 'NONE', #1918, 0.5999999999999999778 ) ;
#1110 = FILL_AREA_STYLE_COLOUR ( '', #5048 ) ;
#1111 = CARTESIAN_POINT ( 'NONE',  ( 12.50000000000000000, -6.422442313217244347, 1.465803793296738489 ) ) ;
#1112 = EDGE_LOOP ( 'NONE', ( #1754, #622, #2274, #489 ) ) ;
#1113 = ORIENTED_EDGE ( 'NONE', *, *, #5985, .T. ) ;
#1114 = AXIS2_PLACEMENT_3D ( 'NONE', #2694, #297, #4540 ) ;
#1115 = SURFACE_STYLE_USAGE ( .BOTH. , #5536 ) ;
#1116 = LINE ( 'NONE', #1026, #4908 ) ;
#1117 = DIRECTION ( 'NONE',  ( 0.000000000000000000, 0.000000000000000000, -1.000000000000000000 ) ) ;
#1118 = UNCERTAINTY_MEASURE_WITH_UNIT (LENGTH_MEASURE( 1.000000000000000082E-05 ), #78, 'distance_accuracy_value', 'NONE');
#1119 = SURFACE_SIDE_STYLE ('',( #4054 ) ) ;
#1120 = UNCERTAINTY_MEASURE_WITH_UNIT (LENGTH_MEASURE( 1.000000000000000082E-05 ), #1373, 'distance_accuracy_value', 'NONE');
#1121 = CARTESIAN_POINT ( 'NONE',  ( 12.50000000000000000, -5.950000000000000178, 7.286648454926751965E-16 ) ) ;
#1122 = COLOUR_RGB ( '',0.9372549019607843146, 0.8823529411764705621, 0.8823529411764705621 ) ;
#1123 = COLOUR_RGB ( '',0.9372549019607843146, 0.8823529411764705621, 0.8823529411764705621 ) ;
#1124 = ORIENTED_EDGE ( 'NONE', *, *, #4808, .F. ) ;
#1125 = VERTEX_POINT ( 'NONE', #3035 ) ;
#1126 = EDGE_CURVE ( 'NONE', #4705, #4521, #1308, .T. ) ;
#1127 = AXIS2_PLACEMENT_3D ( 'NONE', #1921, #4851, #5830 ) ;
#1128 = CARTESIAN_POINT ( 'NONE',  ( 12.50000000000000000, -5.511447537303415523, -2.424131555432306406 ) ) ;
#1129 = PRESENTATION_STYLE_ASSIGNMENT (( #3561 ) ) ;
#1130 = FACE_BOUND ( 'NONE', #6103, .T. ) ;
#1131 = COLOUR_RGB ( '',1.000000000000000000, 1.000000000000000000, 1.000000000000000000 ) ;
#1132 = EDGE_LOOP ( 'NONE', ( #269, #4110, #2052, #4005 ) ) ;
#1133 =( LENGTH_UNIT ( ) NAMED_UNIT ( * ) SI_UNIT ( .MILLI., .METRE. ) );
#1134 = EDGE_CURVE ( 'NONE', #2611, #2626, #5124, .T. ) ;
#1135 = ORIENTED_EDGE ( 'NONE', *, *, #5011, .T. ) ;
#1136 =( NAMED_UNIT ( * ) PLANE_ANGLE_UNIT ( ) SI_UNIT ( $, .RADIAN. ) );
#1137 = CARTESIAN_POINT ( 'NONE',  ( 3.000000000000000000, 1.967225567140176379, 2.339277364078295562 ) ) ;
#1138 = DIRECTION ( 'NONE',  ( 1.000000000000000000, -0.000000000000000000, -0.000000000000000000 ) ) ;
#1139 = EDGE_CURVE ( 'NONE', #6111, #5840, #3427, .T. ) ;
#1140 =( LENGTH_UNIT ( ) NAMED_UNIT ( * ) SI_UNIT ( .MILLI., .METRE. ) );
#1141 = FILL_AREA_STYLE ('',( #5491 ) ) ;
#1142 = FILL_AREA_STYLE_COLOUR ( '', #5652 ) ;
#1143 = EDGE_CURVE ( 'NONE', #620, #1088, #5842, .T. ) ;
#1144 =( LENGTH_UNIT ( ) NAMED_UNIT ( * ) SI_UNIT ( .MILLI., .METRE. ) );
#1145 = FACE_OUTER_BOUND ( 'NONE', #3779, .T. ) ;
#1146 = ORIENTED_EDGE ( 'NONE', *, *, #1675, .F. ) ;
#1147 = ORIENTED_EDGE ( 'NONE', *, *, #6137, .F. ) ;
#1148 = CARTESIAN_POINT ( 'NONE',  ( 12.50000000000000000, -5.950555673775724586, 0.4000045320404821414 ) ) ;
#1149 = SURFACE_SIDE_STYLE ('',( #6106 ) ) ;
#1150 = CARTESIAN_POINT ( 'NONE',  ( 0.6499999999999995781, 0.000000000000000000, 0.000000000000000000 ) ) ;
#1151 = DIRECTION ( 'NONE',  ( 1.000000000000000000, 0.000000000000000000, 0.000000000000000000 ) ) ;
#1152 = VERTEX_POINT ( 'NONE', #1035 ) ;
#1153 =( GEOMETRIC_REPRESENTATION_CONTEXT ( 3 ) GLOBAL_UNCERTAINTY_ASSIGNED_CONTEXT ( ( #359 ) ) GLOBAL_UNIT_ASSIGNED_CONTEXT ( ( #2990, #4357, #6314 ) ) REPRESENTATION_CONTEXT ( 'NONE', 'WORKASPACE' ) );
#1154 = ORIENTED_EDGE ( 'NONE', *, *, #2187, .T. ) ;
#1155 = FACE_OUTER_BOUND ( 'NONE', #4183, .T. ) ;
#1156 = DIRECTION ( 'NONE',  ( 0.000000000000000000, 0.000000000000000000, -1.000000000000000000 ) ) ;
#1157 = MECHANICAL_DESIGN_GEOMETRIC_PRESENTATION_REPRESENTATION (  '', ( #2783 ), #260 ) ;
#1158 = ORIENTED_EDGE ( 'NONE', *, *, #5748, .F. ) ;
#1159 = CARTESIAN_POINT ( 'NONE',  ( 9.850000000000001421, 2.204364238465235576E-16, 1.800000000000000044 ) ) ;
#1160 = EDGE_LOOP ( 'NONE', ( #469, #5765, #4772, #312, #1741, #1240 ) ) ;
#1161 = PLANE ( 'NONE',  #4670 ) ;
#1162 = CARTESIAN_POINT ( 'NONE',  ( 0.8999999999999998002, 0.000000000000000000, 0.000000000000000000 ) ) ;
#1163 = CARTESIAN_POINT ( 'NONE',  ( 3.500000000000000000, -6.450535166369618878, 0.4047073207916942472 ) ) ;
#1164 = ADVANCED_FACE ( 'NONE', ( #1005 ), #525, .F. ) ;
#1165 = STYLED_ITEM ( 'NONE', ( #3434 ), #2542 ) ;
#1166 = CARTESIAN_POINT ( 'NONE',  ( 3.000000000000000000, 2.084298718221028857, 1.868384002257875043 ) ) ;
#1167 = VECTOR ( 'NONE', #1388, 1000.000000000000227 ) ;
#1168 = DIRECTION ( 'NONE',  ( 0.000000000000000000, 0.000000000000000000, -1.000000000000000000 ) ) ;
#1169 = CARTESIAN_POINT ( 'NONE',  ( 0.000000000000000000, -5.950000000000009948, 1.362196665616118185 ) ) ;
#1170 = SURFACE_SIDE_STYLE ('',( #3052 ) ) ;
#1171 = ORIENTED_EDGE ( 'NONE', *, *, #4894, .F. ) ;
#1172 = AXIS2_PLACEMENT_3D ( 'NONE', #2474, #2504, #4440 ) ;
#1173 = ORIENTED_EDGE ( 'NONE', *, *, #2809, .F. ) ;
#1174 = AXIS2_PLACEMENT_3D ( 'NONE', #365, #954, #1434 ) ;
#1175 = EDGE_CURVE ( 'NONE', #1674, #3986, #4467, .T. ) ;
#1176 =( LENGTH_UNIT ( ) NAMED_UNIT ( * ) SI_UNIT ( .MILLI., .METRE. ) );
#1177 = CIRCLE ( 'NONE', #4561, 1.500000000000000222 ) ;
#1178 = DIRECTION ( 'NONE',  ( 0.000000000000000000, 2.398081733190337812E-14, -1.000000000000000000 ) ) ;
#1179 =( NAMED_UNIT ( * ) PLANE_ANGLE_UNIT ( ) SI_UNIT ( $, .RADIAN. ) );
#1180 = CARTESIAN_POINT ( 'NONE',  ( 3.000000000000000000, -6.449162802238361358, 0.6000000000000008660 ) ) ;
#1181 = CARTESIAN_POINT ( 'NONE',  ( 12.10000000000000142, 0.000000000000000000, -0.4050331274601051135 ) ) ;
#1182 = VERTEX_POINT ( 'NONE', #5411 ) ;
#1183 = CIRCLE ( 'NONE', #684, 0.6300351710512540615 ) ;
#1184 = EDGE_LOOP ( 'NONE', ( #5122, #1927, #6231, #1583, #154 ) ) ;
#1185 = CARTESIAN_POINT ( 'NONE',  ( 12.50000000000000000, -5.303916665296939392, -2.424131555432305518 ) ) ;
#1186 = VECTOR ( 'NONE', #4215, 1000.000000000000000 ) ;
#1187 = CARTESIAN_POINT ( 'NONE',  ( 0.000000000000000000, 0.000000000000000000, 0.000000000000000000 ) ) ;
#1188 =( LENGTH_UNIT ( ) NAMED_UNIT ( * ) SI_UNIT ( .MILLI., .METRE. ) );
#1189 = ORIENTED_EDGE ( 'NONE', *, *, #5654, .F. ) ;
#1190 = CARTESIAN_POINT ( 'NONE',  ( 3.500000000000000000, -9.449999999999999289, 1.192622389734054877E-15 ) ) ;
#1191 = EDGE_LOOP ( 'NONE', ( #3823, #1081, #1389, #5309 ) ) ;
#1192 = CARTESIAN_POINT ( 'NONE',  ( 3.000000000000000000, -1.365337641709120975, 2.079570557497269601 ) ) ;
#1193 = CLOSED_SHELL ( 'NONE', ( #407, #5070, #1835, #37, #1600, #4511, #940, #1391, #6084, #2837, #2507, #6051, #3825, #2109, #4625, #2265, #5978, #1164, #2640, #2988, #4591, #4607, #5537, #4263, #862, #5031, #6010, #2268, #4376, #5891, #972, #2601, #5798, #33, #6094, #2953, #2730, #6234, #3181, #3661, #1852, #6164, #2221, #3936, #213, #1531, #4490, #3032 ) ) ;
#1194 = ADVANCED_FACE ( 'NONE', ( #6115 ), #3689, .T. ) ;
#1195 = CARTESIAN_POINT ( 'NONE',  ( 12.50000000000000000, 1.850152416059487548, 2.310170725897712884 ) ) ;
#1196 = CARTESIAN_POINT ( 'NONE',  ( 12.76118845130582891, -6.003329803090579730, -0.6000000000000005329 ) ) ;
#1197 = DIRECTION ( 'NONE',  ( 0.000000000000000000, 0.000000000000000000, -1.000000000000000000 ) ) ;
#1198 =( NAMED_UNIT ( * ) PLANE_ANGLE_UNIT ( ) SI_UNIT ( $, .RADIAN. ) );
#1199 = EDGE_CURVE ( 'NONE', #2745, #1401, #3157, .T. ) ;
#1200 = ADVANCED_FACE ( 'NONE', ( #5183, #5091 ), #315, .T. ) ;
#1201 = DIRECTION ( 'NONE',  ( 1.000000000000000000, 0.000000000000000000, 0.000000000000000000 ) ) ;
#1202 = VECTOR ( 'NONE', #3489, 1000.000000000000227 ) ;
#1203 = CARTESIAN_POINT ( 'NONE',  ( 3.000000000000000000, -9.449999999999999289, 1.192622389734054877E-15 ) ) ;
#1204 = CARTESIAN_POINT ( 'NONE',  ( 0.000000000000000000, 1.967225567140176379, 2.089277364077947841 ) ) ;
#1205 = EDGE_LOOP ( 'NONE', ( #3904, #2992, #3109, #745 ) ) ;
#1206 = ORIENTED_EDGE ( 'NONE', *, *, #465, .T. ) ;
#1207 =( NAMED_UNIT ( * ) PLANE_ANGLE_UNIT ( ) SI_UNIT ( $, .RADIAN. ) );
#1208 = CARTESIAN_POINT ( 'NONE',  ( -0.4506248638932536243, 0.1068686292778692898, 2.200996067252503074 ) ) ;
#1209 = CARTESIAN_POINT ( 'NONE',  ( 0.000000000000000000, -5.511447537303414634, 1.924131555431610963 ) ) ;
#1210 = CARTESIAN_POINT ( 'NONE',  ( 3.000000000000000000, 1.967225567140176379, 2.089277364077947841 ) ) ;
#1211 = STYLED_ITEM ( 'NONE', ( #3663 ), #972 ) ;
#1212 = SURFACE_SIDE_STYLE ('',( #4583 ) ) ;
#1213 = CARTESIAN_POINT ( 'NONE',  ( 9.500000000000001776, -2.015728281175281911, -1.924131555431599194 ) ) ;
#1214 = ORIENTED_EDGE ( 'NONE', *, *, #2151, .T. ) ;
#1215 = ORIENTED_EDGE ( 'NONE', *, *, #1664, .T. ) ;
#1216 = STYLED_ITEM ( 'NONE', ( #4702 ), #3675 ) ;
#1217 = SURFACE_STYLE_USAGE ( .BOTH. , #5027 ) ;
#1218 = PRESENTATION_STYLE_ASSIGNMENT (( #750 ) ) ;
#1219 = CARTESIAN_POINT ( 'NONE',  ( 4.399999999999999467, -2.204364238465235576E-16, 1.800000000000000044 ) ) ;
#1220 = STYLED_ITEM ( 'NONE', ( #4156 ), #4490 ) ;
#1221 = MECHANICAL_DESIGN_GEOMETRIC_PRESENTATION_REPRESENTATION (  '', ( #1426 ), #922 ) ;
#1222 = EDGE_LOOP ( 'NONE', ( #3595, #1635, #3567, #3421, #2744 ) ) ;
#1223 = DIRECTION ( 'NONE',  ( -1.000000000000000000, 0.000000000000000000, 0.000000000000000000 ) ) ;
#1224 = SURFACE_SIDE_STYLE ('',( #2131 ) ) ;
#1225 = STYLED_ITEM ( 'NONE', ( #865 ), #4091 ) ;
#1226 = CARTESIAN_POINT ( 'NONE',  ( 3.000000000000000000, 0.000000000000000000, 0.000000000000000000 ) ) ;
#1227 = FILL_AREA_STYLE_COLOUR ( '', #1273 ) ;
#1228 = SURFACE_STYLE_USAGE ( .BOTH. , #232 ) ;
#1229 = SURFACE_STYLE_USAGE ( .BOTH. , #5627 ) ;
#1230 = CARTESIAN_POINT ( 'NONE',  ( -0.1000000000000011297, 0.000000000000000000, 0.000000000000000000 ) ) ;
#1231 = DIRECTION ( 'NONE',  ( -1.000000000000000000, 0.000000000000000000, 0.000000000000000000 ) ) ;
#1232 = ORIENTED_EDGE ( 'NONE', *, *, #2240, .T. ) ;
#1233 = ADVANCED_FACE ( 'NONE', ( #2251 ), #6088, .T. ) ;
#1234 = ORIENTED_EDGE ( 'NONE', *, *, #4534, .T. ) ;
#1235 = FILL_AREA_STYLE_COLOUR ( '', #2381 ) ;
#1236 = LINE ( 'NONE', #6252, #497 ) ;
#1237 = CARTESIAN_POINT ( 'NONE',  ( 3.000000000000000000, -6.450000000000001066, -4.659395879405089121E-15 ) ) ;
#1238 = DIRECTION ( 'NONE',  ( 1.000000000000000000, -0.000000000000000000, -0.000000000000000000 ) ) ;
#1239 = SURFACE_SIDE_STYLE ('',( #5029 ) ) ;
#1240 = ORIENTED_EDGE ( 'NONE', *, *, #5300, .T. ) ;
#1241 = EDGE_CURVE ( 'NONE', #2343, #843, #2497, .T. ) ;
#1242 = ORIENTED_EDGE ( 'NONE', *, *, #2718, .T. ) ;
#1243 = FACE_OUTER_BOUND ( 'NONE', #5895, .T. ) ;
#1244 = PRESENTATION_STYLE_ASSIGNMENT (( #5672 ) ) ;
#1245 =( LENGTH_UNIT ( ) NAMED_UNIT ( * ) SI_UNIT ( .MILLI., .METRE. ) );
#1246 = DIRECTION ( 'NONE',  ( 0.000000000000000000, 0.000000000000000000, 1.000000000000000000 ) ) ;
#1247 = MECHANICAL_DESIGN_GEOMETRIC_PRESENTATION_REPRESENTATION (  '', ( #1764 ), #1153 ) ;
#1248 = UNCERTAINTY_MEASURE_WITH_UNIT (LENGTH_MEASURE( 1.000000000000000082E-05 ), #2977, 'distance_accuracy_value', 'NONE');
#1249 = ORIENTED_EDGE ( 'NONE', *, *, #1865, .T. ) ;
#1250 =( GEOMETRIC_REPRESENTATION_CONTEXT ( 3 ) GLOBAL_UNCERTAINTY_ASSIGNED_CONTEXT ( ( #1341 ) ) GLOBAL_UNIT_ASSIGNED_CONTEXT ( ( #5673, #3690, #5702 ) ) REPRESENTATION_CONTEXT ( 'NONE', 'WORKASPACE' ) );
#1251 = CARTESIAN_POINT ( 'NONE',  ( -0.1000000000000011297, 0.000000000000000000, 0.000000000000000000 ) ) ;
#1252 = CARTESIAN_POINT ( 'NONE',  ( 13.00000000000000355, -6.317137804267295209, -0.6000000000000006439 ) ) ;
#1253 =( NAMED_UNIT ( * ) SI_UNIT ( $, .STERADIAN. ) SOLID_ANGLE_UNIT ( ) );
#1254 = CARTESIAN_POINT ( 'NONE',  ( 3.000000000000000000, -5.511447537303415523, 2.424131555432306406 ) ) ;
#1255 = COLOUR_RGB ( '',0.9372549019607843146, 0.8823529411764705621, 0.8823529411764705621 ) ;
#1256 = UNCERTAINTY_MEASURE_WITH_UNIT (LENGTH_MEASURE( 1.000000000000000082E-05 ), #41, 'distance_accuracy_value', 'NONE');
#1257 = PLANE ( 'NONE',  #1877 ) ;
#1258 = STYLED_ITEM ( 'NONE', ( #4106 ), #2411 ) ;
#1259 = FILL_AREA_STYLE_COLOUR ( '', #3792 ) ;
#1260 =( NAMED_UNIT ( * ) PLANE_ANGLE_UNIT ( ) SI_UNIT ( $, .RADIAN. ) );
#1261 = CARTESIAN_POINT ( 'NONE',  ( 0.6499999999999994671, -4.960225230926596474E-17, 0.4050331274601051135 ) ) ;
#1262 = ORIENTED_EDGE ( 'NONE', *, *, #3172, .T. ) ;
#1263 = ORIENTED_EDGE ( 'NONE', *, *, #3873, .F. ) ;
#1264 = CARTESIAN_POINT ( 'NONE',  ( 0.000000000000000000, -5.511447537303412858, -2.424131555431612739 ) ) ;
#1265 = DIRECTION ( 'NONE',  ( -1.000000000000000000, 0.000000000000000000, 0.000000000000000000 ) ) ;
#1266 = ADVANCED_FACE ( 'NONE', ( #4841 ), #4749, .T. ) ;
#1267 = CARTESIAN_POINT ( 'NONE',  ( 9.500000000000001776, -6.422442313217244347, 1.465803793296738489 ) ) ;
#1268 = CARTESIAN_POINT ( 'NONE',  ( 12.50000000000000000, 2.084298718221028857, -1.868384002257875043 ) ) ;
#1269 = CARTESIAN_POINT ( 'NONE',  ( 3.000000000000000000, -6.183689156483929139, -2.146661974746273405 ) ) ;
#1270 = ORIENTED_EDGE ( 'NONE', *, *, #933, .T. ) ;
#1271 =( GEOMETRIC_REPRESENTATION_CONTEXT ( 3 ) GLOBAL_UNCERTAINTY_ASSIGNED_CONTEXT ( ( #3040 ) ) GLOBAL_UNIT_ASSIGNED_CONTEXT ( ( #583, #4903, #4482 ) ) REPRESENTATION_CONTEXT ( 'NONE', 'WORKASPACE' ) );
#1272 = ORIENTED_EDGE ( 'NONE', *, *, #4547, .T. ) ;
#1273 = COLOUR_RGB ( '',0.9372549019607843146, 0.8823529411764705621, 0.8823529411764705621 ) ;
#1274 = EDGE_CURVE ( 'NONE', #5126, #3399, #398, .T. ) ;
#1275 = CARTESIAN_POINT ( 'NONE',  ( 3.000000000000000000, -5.511447537303413746, -1.924131555431612517 ) ) ;
#1276 = FILL_AREA_STYLE_COLOUR ( '', #1123 ) ;
#1278 =( NAMED_UNIT ( * ) PLANE_ANGLE_UNIT ( ) SI_UNIT ( $, .RADIAN. ) );
#1277 = VECTOR ( 'NONE', #1928, 1000.000000000000000 ) ;
#1279 = UNCERTAINTY_MEASURE_WITH_UNIT (LENGTH_MEASURE( 1.000000000000000082E-05 ), #2820, 'distance_accuracy_value', 'NONE');
#1280 = CYLINDRICAL_SURFACE ( 'NONE', #4843, 1.000000000000000000 ) ;
#1281 = VERTEX_POINT ( 'NONE', #428 ) ;
#1282 = FILL_AREA_STYLE_COLOUR ( '', #5200 ) ;
#1283 = DIRECTION ( 'NONE',  ( 0.000000000000000000, 0.000000000000000000, 1.000000000000000000 ) ) ;
#1284 = CIRCLE ( 'NONE', #4168, 1.949999999999999956 ) ;
#1285 = FILL_AREA_STYLE ('',( #6189 ) ) ;
#1286 = COLOUR_RGB ( '',0.9372549019607843146, 0.8823529411764705621, 0.8823529411764705621 ) ;
#1287 = DIRECTION ( 'NONE',  ( -1.000000000000000000, -0.000000000000000000, -0.000000000000000000 ) ) ;
#1288 =( GEOMETRIC_REPRESENTATION_CONTEXT ( 3 ) GLOBAL_UNCERTAINTY_ASSIGNED_CONTEXT ( ( #4387 ) ) GLOBAL_UNIT_ASSIGNED_CONTEXT ( ( #6207, #6038, #3009 ) ) REPRESENTATION_CONTEXT ( 'NONE', 'WORKASPACE' ) );
#1289 = EDGE_CURVE ( 'NONE', #843, #5542, #3641, .T. ) ;
#1290 = CIRCLE ( 'NONE', #4883, 1.949999999999999956 ) ;
#1291 = AXIS2_PLACEMENT_3D ( 'NONE', #863, #5718, #1755 ) ;
#1292 = DIRECTION ( 'NONE',  ( -1.000000000000000000, 0.000000000000000000, 0.000000000000000000 ) ) ;
#1293 = SURFACE_STYLE_FILL_AREA ( #5714 ) ;
#1294 = STYLED_ITEM ( 'NONE', ( #3855 ), #407 ) ;
#1295 = CARTESIAN_POINT ( 'NONE',  ( 12.50000000000000000, -6.449162802206574341, 0.5999999999999989786 ) ) ;
#1296 = CARTESIAN_POINT ( 'NONE',  ( 9.500000000000001776, -5.942797302760635780, -1.529506351705580025 ) ) ;
#1297 = UNCERTAINTY_MEASURE_WITH_UNIT (LENGTH_MEASURE( 1.000000000000000082E-05 ), #2272, 'distance_accuracy_value', 'NONE');
#1298 = CARTESIAN_POINT ( 'NONE',  ( 9.500000000000001776, -5.950000000000000178, 7.286648454926751965E-16 ) ) ;
#1299 = SURFACE_SIDE_STYLE ('',( #4172 ) ) ;
#1300 = DIRECTION ( 'NONE',  ( 1.000000000000000000, -0.000000000000000000, -0.000000000000000000 ) ) ;
#1301 = CARTESIAN_POINT ( 'NONE',  ( 0.000000000000000000, -2.236639308303995932, 1.179614498202193884 ) ) ;
#1302 = CARTESIAN_POINT ( 'NONE',  ( 12.50000000000000000, -5.950000000000009948, 1.362196665616119517 ) ) ;
#1303 = ORIENTED_EDGE ( 'NONE', *, *, #2920, .T. ) ;
#1304 = MECHANICAL_DESIGN_GEOMETRIC_PRESENTATION_REPRESENTATION (  '', ( #3665 ), #2025 ) ;
#1305 = DIRECTION ( 'NONE',  ( -1.000000000000000000, -0.000000000000000000, -0.000000000000000000 ) ) ;
#1306 = EDGE_LOOP ( 'NONE', ( #2087, #6004 ) ) ;
#1307 = PRESENTATION_STYLE_ASSIGNMENT (( #2306 ) ) ;
#1308 = CIRCLE ( 'NONE', #1922, 0.5999999999999999778 ) ;
#1309 = DIRECTION ( 'NONE',  ( -1.000000000000000000, -0.000000000000000000, -0.000000000000000000 ) ) ;
#1310 = CARTESIAN_POINT ( 'NONE',  ( 3.000000000000000000, -6.331521131136688574, -1.847389710217548053 ) ) ;
#1311 = AXIS2_PLACEMENT_3D ( 'NONE', #4082, #6138, #1729 ) ;
#1312 = CARTESIAN_POINT ( 'NONE',  ( 8.100000000000001421, 0.000000000000000000, 0.000000000000000000 ) ) ;
#1313 =( BOUNDED_SURFACE ( )  B_SPLINE_SURFACE ( 3, 2, ( 
 ( #2368, #3844, #5819 ),
 ( #3386, #1911, #5856 ),
 ( #4747, #1403, #4777 ),
 ( #3354, #455, #5268 ) ),
 .UNSPECIFIED., .F., .F., .T. ) 
 B_SPLINE_SURFACE_WITH_KNOTS ( ( 4, 4 ),
 ( 3, 3 ),
 ( 0.000000000000000000, 0.0006070569696464957156 ),
 ( 0.000000000000000000, 1.000000000000000000 ),
 .UNSPECIFIED. ) 
 GEOMETRIC_REPRESENTATION_ITEM ( )  RATIONAL_B_SPLINE_SURFACE ( (
 ( 1.000000000000000000, 0.7071067811865472397, 1.000000000000000000),
 ( 1.000000000000000000, 0.7071067811865472397, 1.000000000000000000),
 ( 1.000000000000000000, 0.7071067811865465735, 1.000000000000000000),
 ( 1.000000000000000000, 0.7071067811865465735, 1.000000000000000000) ) ) 
 REPRESENTATION_ITEM ( '' )  SURFACE ( )  );
#1314 = PRESENTATION_LAYER_ASSIGNMENT (  '', '', ( #4597 ) ) ;
#1315 = EDGE_CURVE ( 'NONE', #4854, #6039, #1878, .T. ) ;
#1316 = ORIENTED_EDGE ( 'NONE', *, *, #4739, .T. ) ;
#1317 =( NAMED_UNIT ( * ) PLANE_ANGLE_UNIT ( ) SI_UNIT ( $, .RADIAN. ) );
#1318 = CARTESIAN_POINT ( 'NONE',  ( 0.000000000000000000, 1.850152416059160920, 2.310170725898328392 ) ) ;
#1319 =( NAMED_UNIT ( * ) SI_UNIT ( $, .STERADIAN. ) SOLID_ANGLE_UNIT ( ) );
#1320 = FACE_OUTER_BOUND ( 'NONE', #1306, .T. ) ;
#1321 = CARTESIAN_POINT ( 'NONE',  ( -0.5000000000000000000, -5.949181936419980055, -0.5999999999999989786 ) ) ;
#1322 = EDGE_CURVE ( 'NONE', #888, #5757, #6263, .T. ) ;
#1323 = CARTESIAN_POINT ( 'NONE',  ( 0.000000000000000000, 1.769344485267118738, 2.267342643550368297 ) ) ;
#1324 = ADVANCED_FACE ( 'NONE', ( #3752 ), #670, .T. ) ;
#1325 = CARTESIAN_POINT ( 'NONE',  ( 8.100000000000001421, 0.000000000000000000, -1.800000000000000044 ) ) ;
#1326 = DIRECTION ( 'NONE',  ( 1.000000000000000000, -0.000000000000000000, -0.000000000000000000 ) ) ;
#1327 =( NAMED_UNIT ( * ) PLANE_ANGLE_UNIT ( ) SI_UNIT ( $, .RADIAN. ) );
#1328 =( GEOMETRIC_REPRESENTATION_CONTEXT ( 3 ) GLOBAL_UNCERTAINTY_ASSIGNED_CONTEXT ( ( #3943 ) ) GLOBAL_UNIT_ASSIGNED_CONTEXT ( ( #6305, #1420, #5837 ) ) REPRESENTATION_CONTEXT ( 'NONE', 'WORKASPACE' ) );
#1329 = B_SPLINE_CURVE_WITH_KNOTS ( 'NONE', 3,
 ( #2853, #4704, #3335, #4252 ),
 .UNSPECIFIED., .F., .F.,
 ( 4, 4 ),
 ( 0.000000000000000000, 1.000000000000000000 ),
 .UNSPECIFIED. ) ;
#1330 = CARTESIAN_POINT ( 'NONE',  ( 12.50000000000000000, 0.8231422074094445485, -1.767749107305984779 ) ) ;
#1331 = ADVANCED_FACE ( 'NONE', ( #3926 ), #1605, .T. ) ;
#1332 = CARTESIAN_POINT ( 'NONE',  ( 3.000000000000000000, 1.625849179933230415, 1.625406433278026475 ) ) ;
#1333 = CARTESIAN_POINT ( 'NONE',  ( 12.50000000000000000, 1.032974534022424562, 2.221590333989759358 ) ) ;
#1334 = CARTESIAN_POINT ( 'NONE',  ( 9.500000000000001776, 1.381018271236925665, 2.152131625432586848 ) ) ;
#1335 = ORIENTED_EDGE ( 'NONE', *, *, #465, .F. ) ;
#1336 = B_SPLINE_CURVE_WITH_KNOTS ( 'NONE', 3,
 ( #642, #2636, #4761, #2326 ),
 .UNSPECIFIED., .F., .F.,
 ( 4, 4 ),
 ( 0.000000000000000000, 1.000000000000000000 ),
 .UNSPECIFIED. ) ;
#1337 = EDGE_LOOP ( 'NONE', ( #374, #4426 ) ) ;
#1338 = SURFACE_SIDE_STYLE ('',( #3253 ) ) ;
#1339 =( LENGTH_UNIT ( ) NAMED_UNIT ( * ) SI_UNIT ( .MILLI., .METRE. ) );
#1340 = CARTESIAN_POINT ( 'NONE',  ( 0.000000000000000000, -6.450368985389946630, -0.3720377589585569522 ) ) ;
#1341 = UNCERTAINTY_MEASURE_WITH_UNIT (LENGTH_MEASURE( 1.000000000000000082E-05 ), #5673, 'distance_accuracy_value', 'NONE');
#1342 = CARTESIAN_POINT ( 'NONE',  ( 3.000000000000000000, -6.450000000000695621, -4.124598330020490182E-15 ) ) ;
#1343 = EDGE_LOOP ( 'NONE', ( #1095, #1915, #5615, #2700, #3882 ) ) ;
#1344 = CARTESIAN_POINT ( 'NONE',  ( 0.000000000000000000, 1.032974534022083279, 2.221590333988931132 ) ) ;
#1345 = FILL_AREA_STYLE_COLOUR ( '', #1730 ) ;
#1346 = EDGE_CURVE ( 'NONE', #4514, #2506, #3029, .T. ) ;
#1347 = PLANE ( 'NONE',  #3254 ) ;
#1348 = DIRECTION ( 'NONE',  ( 1.000000000000000000, -0.000000000000000000, 0.000000000000000000 ) ) ;
#1349 = DIRECTION ( 'NONE',  ( -1.000000000000000000, -0.000000000000000000, -0.000000000000000000 ) ) ;
#1350 = FILL_AREA_STYLE_COLOUR ( '', #6218 ) ;
#1351 = AXIS2_PLACEMENT_3D ( 'NONE', #6149, #3013, #1246 ) ;
#1352 = FILL_AREA_STYLE ('',( #2793 ) ) ;
#1353 =( LENGTH_UNIT ( ) NAMED_UNIT ( * ) SI_UNIT ( .MILLI., .METRE. ) );
#1354 = CARTESIAN_POINT ( 'NONE',  ( 0.000000000000000000, -1.168370712317901239, -2.153464622091052050 ) ) ;
#1355 = PRESENTATION_STYLE_ASSIGNMENT (( #4709 ) ) ;
#1356 = CARTESIAN_POINT ( 'NONE',  ( 9.500000000000001776, -5.511447537303412858, -2.424131555432306406 ) ) ;
#1357 = CARTESIAN_POINT ( 'NONE',  ( 12.50000000000000000, -5.511447537303413746, 1.924131555431612517 ) ) ;
#1358 = FILL_AREA_STYLE ('',( #866 ) ) ;
#1359 = DIRECTION ( 'NONE',  ( 0.000000000000000000, -0.2722482498591757283, -0.9622270472443682499 ) ) ;
#1360 = ORIENTED_EDGE ( 'NONE', *, *, #5150, .F. ) ;
#1361 = CIRCLE ( 'NONE', #1064, 1.000000000000000000 ) ;
#1362 = B_SPLINE_SURFACE_WITH_KNOTS ( 'NONE', 3, 1, ( 
 ( #5081, #4115 ),
 ( #5994, #677 ),
 ( #5204, #804 ),
 ( #918, #6139 ),
 ( #1267, #5688 ),
 ( #6304, #3371 ),
 ( #1930, #1783 ),
 ( #4378, #4857 ),
 ( #5173, #472 ),
 ( #772, #944 ) ),
 .UNSPECIFIED., .F., .F., .F.,
 ( 4, 1, 1, 1, 1, 1, 1, 4 ),
 ( 2, 2 ),
 ( 0.000000000000000000, 0.1250000000000000000, 0.2500000000000000000, 0.5000000000000000000, 0.6250000000000000000, 0.7500000000000000000, 0.8750000000000000000, 1.000000000000000000 ),
 ( 0.000000000000000000, 1.000000000000000000 ),
 .UNSPECIFIED. ) ;
#1363 = EDGE_CURVE ( 'NONE', #6039, #1703, #5894, .T. ) ;
#1364 = ORIENTED_EDGE ( 'NONE', *, *, #1716, .T. ) ;
#1365 = VECTOR ( 'NONE', #5255, 1000.000000000000000 ) ;
#1366 = SURFACE_STYLE_USAGE ( .BOTH. , #1449 ) ;
#1367 = DIRECTION ( 'NONE',  ( 0.000000000000000000, 0.000000000000000000, 1.000000000000000000 ) ) ;
#1368 = CARTESIAN_POINT ( 'NONE',  ( 0.000000000000000000, -5.303916665296939392, 2.424131555432305518 ) ) ;
#1369 = PRESENTATION_STYLE_ASSIGNMENT (( #4780 ) ) ;
#1370 = CARTESIAN_POINT ( 'NONE',  ( 3.000000000000000000, -6.450574693422420403, 0.4911150690505885485 ) ) ;
#1371 = CIRCLE ( 'NONE', #2095, 1.949999999999999956 ) ;
#1372 = ORIENTED_EDGE ( 'NONE', *, *, #3798, .T. ) ;
#1373 =( LENGTH_UNIT ( ) NAMED_UNIT ( * ) SI_UNIT ( .MILLI., .METRE. ) );
#1374 = VECTOR ( 'NONE', #522, 1000.000000000000000 ) ;
#1375 = DIRECTION ( 'NONE',  ( -1.000000000000000000, 0.000000000000000000, 0.000000000000000000 ) ) ;
#1376 = FACE_OUTER_BOUND ( 'NONE', #754, .T. ) ;
#1377 = PLANE ( 'NONE',  #5087 ) ;
#1378 = LINE ( 'NONE', #1254, #3122 ) ;
#1379 = AXIS2_PLACEMENT_3D ( 'NONE', #5597, #1231, #3106 ) ;
#1380 = MECHANICAL_DESIGN_GEOMETRIC_PRESENTATION_REPRESENTATION (  '', ( #188 ), #3849 ) ;
#1381 = PRESENTATION_STYLE_ASSIGNMENT (( #3239 ) ) ;
#1382 = ORIENTED_EDGE ( 'NONE', *, *, #4940, .T. ) ;
#1383 = EDGE_CURVE ( 'NONE', #1485, #2939, #999, .T. ) ;
#1384 = VECTOR ( 'NONE', #6254, 1000.000000000000000 ) ;
#1385 = CARTESIAN_POINT ( 'NONE',  ( 3.000000000000000000, -9.449999999999999289, -0.5999999999999987566 ) ) ;
#1386 = CARTESIAN_POINT ( 'NONE',  ( 0.000000000000000000, 2.084298718220865876, -1.868384002258182353 ) ) ;
#1387 =( LENGTH_UNIT ( ) NAMED_UNIT ( * ) SI_UNIT ( .MILLI., .METRE. ) );
#1388 = DIRECTION ( 'NONE',  ( 0.000000000000000000, 0.2722482498591757838, 0.9622270472443682499 ) ) ;
#1389 = ORIENTED_EDGE ( 'NONE', *, *, #350, .F. ) ;
#1390 =( GEOMETRIC_REPRESENTATION_CONTEXT ( 3 ) GLOBAL_UNCERTAINTY_ASSIGNED_CONTEXT ( ( #5229 ) ) GLOBAL_UNIT_ASSIGNED_CONTEXT ( ( #1785, #3743, #2331 ) ) REPRESENTATION_CONTEXT ( 'NONE', 'WORKASPACE' ) );
#1391 = ADVANCED_FACE ( 'NONE', ( #4364 ), #499, .T. ) ;
#1392 = MECHANICAL_DESIGN_GEOMETRIC_PRESENTATION_REPRESENTATION (  '', ( #3974 ), #1504 ) ;
#1393 = EDGE_CURVE ( 'NONE', #2085, #3286, #3117, .T. ) ;
#1394 = B_SPLINE_CURVE_WITH_KNOTS ( 'NONE', 3,
 ( #6315, #897, #419, #1111, #2931, #3544, #5532, #2991, #2964 ),
 .UNSPECIFIED., .F., .F.,
 ( 4, 1, 1, 1, 1, 1, 4 ),
 ( 0.1605140132100208727, 0.2500000000000000000, 0.5000000000000000000, 0.6250000000000000000, 0.7500000000000000000, 0.8750000000000000000, 1.000000000000000000 ),
 .UNSPECIFIED. ) ;
#1395 = CYLINDRICAL_SURFACE ( 'NONE', #5616, 2.450000000001589129 ) ;
#1396 =( GEOMETRIC_REPRESENTATION_CONTEXT ( 3 ) GLOBAL_UNCERTAINTY_ASSIGNED_CONTEXT ( ( #2877 ) ) GLOBAL_UNIT_ASSIGNED_CONTEXT ( ( #1140, #2232, #4537 ) ) REPRESENTATION_CONTEXT ( 'NONE', 'WORKASPACE' ) );
#1397 = SURFACE_STYLE_FILL_AREA ( #1842 ) ;
#1398 = ORIENTED_EDGE ( 'NONE', *, *, #5461, .T. ) ;
#1399 = EDGE_CURVE ( 'NONE', #3448, #6142, #153, .T. ) ;
#1400 = AXIS2_PLACEMENT_3D ( 'NONE', #4494, #4435, #3 ) ;
#1401 = VERTEX_POINT ( 'NONE', #649 ) ;
#1402 = DIRECTION ( 'NONE',  ( 0.000000000000000000, 0.000000000000000000, -1.000000000000000000 ) ) ;
#1403 = CARTESIAN_POINT ( 'NONE',  ( 3.500000000000087486, -5.950522921052280090, -0.4047728636964313953 ) ) ;
#1404 = CARTESIAN_POINT ( 'NONE',  ( 9.000000000000001776, -6.450081840198148342, -0.2772704267438448333 ) ) ;
#1405 = CARTESIAN_POINT ( 'NONE',  ( 0.000000000000000000, -6.450000000000001954, -0.1584447975266691788 ) ) ;
#1406 =( GEOMETRIC_REPRESENTATION_CONTEXT ( 3 ) GLOBAL_UNCERTAINTY_ASSIGNED_CONTEXT ( ( #6162 ) ) GLOBAL_UNIT_ASSIGNED_CONTEXT ( ( #6058, #653, #3592 ) ) REPRESENTATION_CONTEXT ( 'NONE', 'WORKASPACE' ) );
#1407 = EDGE_CURVE ( 'NONE', #4123, #6065, #2409, .T. ) ;
#1408 = ORIENTED_EDGE ( 'NONE', *, *, #3391, .T. ) ;
#1409 = CIRCLE ( 'NONE', #4695, 0.2500000000003476108 ) ;
#1410 = FILL_AREA_STYLE_COLOUR ( '', #2623 ) ;
#1411 = SURFACE_STYLE_FILL_AREA ( #2845 ) ;
#1412 = DIRECTION ( 'NONE',  ( 0.000000000000000000, -1.000000000000000000, -6.193993248405337552E-17 ) ) ;
#1413 = VECTOR ( 'NONE', #881, 1000.000000000000000 ) ;
#1414 = CARTESIAN_POINT ( 'NONE',  ( 9.500000000000001776, 2.084298718220865876, 1.868384002258182353 ) ) ;
#1415 = CIRCLE ( 'NONE', #4796, 1.949999999999999956 ) ;
#1416 =( NAMED_UNIT ( * ) SI_UNIT ( $, .STERADIAN. ) SOLID_ANGLE_UNIT ( ) );
#1417 = EDGE_LOOP ( 'NONE', ( #3321, #930, #3935, #4837 ) ) ;
#1418 = DIRECTION ( 'NONE',  ( -1.000000000000000000, -0.000000000000000000, -0.000000000000000000 ) ) ;
#1419 =( GEOMETRIC_REPRESENTATION_CONTEXT ( 3 ) GLOBAL_UNCERTAINTY_ASSIGNED_CONTEXT ( ( #753 ) ) GLOBAL_UNIT_ASSIGNED_CONTEXT ( ( #1446, #5681, #2237 ) ) REPRESENTATION_CONTEXT ( 'NONE', 'WORKASPACE' ) );
#1420 =( NAMED_UNIT ( * ) PLANE_ANGLE_UNIT ( ) SI_UNIT ( $, .RADIAN. ) );
#1421 = B_SPLINE_SURFACE_WITH_KNOTS ( 'NONE', 3, 1, ( 
 ( #1275, #957 ),
 ( #556, #1439 ),
 ( #2461, #495 ),
 ( #3385, #4397 ) ),
 .UNSPECIFIED., .F., .F., .F.,
 ( 4, 4 ),
 ( 2, 2 ),
 ( 0.000000000000000000, 1.000000000000000000 ),
 ( 0.000000000000000000, 1.000000000000000000 ),
 .UNSPECIFIED. ) ;
#1422 = CARTESIAN_POINT ( 'NONE',  ( 12.50000000000000000, -5.965857193527828173, -1.924131555431609630 ) ) ;
#1423 = CARTESIAN_POINT ( 'NONE',  ( 3.000000000000000000, 0.000000000000000000, 0.000000000000000000 ) ) ;
#1424 = SURFACE_STYLE_FILL_AREA ( #4896 ) ;
#1425 = STYLED_ITEM ( 'NONE', ( #3858 ), #4539 ) ;
#1426 = STYLED_ITEM ( 'NONE', ( #2470 ), #3748 ) ;
#1427 = UNCERTAINTY_MEASURE_WITH_UNIT (LENGTH_MEASURE( 1.000000000000000082E-05 ), #5205, 'distance_accuracy_value', 'NONE');
#1428 = UNCERTAINTY_MEASURE_WITH_UNIT (LENGTH_MEASURE( 1.000000000000000082E-05 ), #5222, 'distance_accuracy_value', 'NONE');
#1429 = CARTESIAN_POINT ( 'NONE',  ( 3.000000000000000000, -1.230077907822999972, -2.128893911333789912 ) ) ;
#1430 = SURFACE_STYLE_FILL_AREA ( #3343 ) ;
#1431 = CARTESIAN_POINT ( 'NONE',  ( 9.500000000000001776, 0.000000000000000000, 0.000000000000000000 ) ) ;
#1432 = CARTESIAN_POINT ( 'NONE',  ( 12.50000000000000000, 0.000000000000000000, 0.000000000000000000 ) ) ;
#1433 = EDGE_CURVE ( 'NONE', #3311, #1436, #6224, .T. ) ;
#1434 = DIRECTION ( 'NONE',  ( 0.000000000000000000, 0.000000000000000000, -1.000000000000000000 ) ) ;
#1435 = CIRCLE ( 'NONE', #529, 1.000000000000000000 ) ;
#1436 = VERTEX_POINT ( 'NONE', #5541 ) ;
#1437 = ORIENTED_EDGE ( 'NONE', *, *, #25, .T. ) ;
#1438 = MECHANICAL_DESIGN_GEOMETRIC_PRESENTATION_REPRESENTATION (  '', ( #4017 ), #3482 ) ;
#1439 = CARTESIAN_POINT ( 'NONE',  ( 0.000000000000000000, -5.965857193527828173, -1.924131555431610963 ) ) ;
#1440 = CARTESIAN_POINT ( 'NONE',  ( 0.000000000000000000, -0.7599983375294265819, 0.7101240512251330017 ) ) ;
#1441 = CARTESIAN_POINT ( 'NONE',  ( 0.000000000000000000, -1.230077907823271977, 2.128893911334430289 ) ) ;
#1442 = EDGE_CURVE ( 'NONE', #161, #212, #2084, .T. ) ;
#1443 =( NAMED_UNIT ( * ) PLANE_ANGLE_UNIT ( ) SI_UNIT ( $, .RADIAN. ) );
#1444 = EDGE_LOOP ( 'NONE', ( #5685, #2562, #650, #3558 ) ) ;
#1445 = CARTESIAN_POINT ( 'NONE',  ( 9.500000000000001776, -5.950000000000001954, 0.2029191244294280549 ) ) ;
#1446 =( LENGTH_UNIT ( ) NAMED_UNIT ( * ) SI_UNIT ( .MILLI., .METRE. ) );
#1447 =( LENGTH_UNIT ( ) NAMED_UNIT ( * ) SI_UNIT ( .MILLI., .METRE. ) );
#1448 = DIRECTION ( 'NONE',  ( -1.000000000000000000, -0.000000000000000000, -0.000000000000000000 ) ) ;
#1449 = SURFACE_SIDE_STYLE ('',( #3901 ) ) ;
#1450 = SURFACE_STYLE_FILL_AREA ( #4956 ) ;
#1451 = ORIENTED_EDGE ( 'NONE', *, *, #741, .T. ) ;
#1452 = EDGE_CURVE ( 'NONE', #3107, #4269, #182, .T. ) ;
#1453 = FILL_AREA_STYLE_COLOUR ( '', #6119 ) ;
#1454 = UNCERTAINTY_MEASURE_WITH_UNIT (LENGTH_MEASURE( 1.000000000000000082E-05 ), #2823, 'distance_accuracy_value', 'NONE');
#1455 = CARTESIAN_POINT ( 'NONE',  ( 9.500000000000001776, -1.948279784402757731, 2.028884253203181665 ) ) ;
#1456 = CARTESIAN_POINT ( 'NONE',  ( 3.000000000000000000, -0.9536012874044283993, 1.700924626390192484 ) ) ;
#1457 = FACE_OUTER_BOUND ( 'NONE', #1603, .T. ) ;
#1458 = CARTESIAN_POINT ( 'NONE',  ( 0.000000000000000000, -1.168370712318190341, 2.153464622091685321 ) ) ;
#1459 = AXIS2_PLACEMENT_3D ( 'NONE', #3672, #1724, #412 ) ;
#1460 = FILL_AREA_STYLE ('',( #3831 ) ) ;
#1461 = CARTESIAN_POINT ( 'NONE',  ( 9.500000000000001776, 1.381018271236925665, 2.152131625432586848 ) ) ;
#1462 = FACE_OUTER_BOUND ( 'NONE', #2365, .T. ) ;
#1463 =( NAMED_UNIT ( * ) PLANE_ANGLE_UNIT ( ) SI_UNIT ( $, .RADIAN. ) );
#1464 = ORIENTED_EDGE ( 'NONE', *, *, #4147, .F. ) ;
#1465 = AXIS2_PLACEMENT_3D ( 'NONE', #6225, #360, #987 ) ;
#1466 = PRODUCT_DEFINITION_CONTEXT ( 'detailed design', #5267, 'design' ) ;
#1467 = ORIENTED_EDGE ( 'NONE', *, *, #4708, .F. ) ;
#1468 = EDGE_CURVE ( 'NONE', #2457, #5555, #4783, .T. ) ;
#1469 =( NAMED_UNIT ( * ) SI_UNIT ( $, .STERADIAN. ) SOLID_ANGLE_UNIT ( ) );
#1470 =( LENGTH_UNIT ( ) NAMED_UNIT ( * ) SI_UNIT ( .MILLI., .METRE. ) );
#1471 = DIRECTION ( 'NONE',  ( -1.000000000000000000, -0.000000000000000000, -0.000000000000000000 ) ) ;
#1472 = CARTESIAN_POINT ( 'NONE',  ( 0.000000000000000000, -5.511447537303412858, -2.424131555431612739 ) ) ;
#1473 = AXIS2_PLACEMENT_3D ( 'NONE', #2323, #3765, #6301 ) ;
#1474 = SURFACE_STYLE_USAGE ( .BOTH. , #3000 ) ;
#1475 = VERTEX_POINT ( 'NONE', #1121 ) ;
#1476 = ORIENTED_EDGE ( 'NONE', *, *, #5971, .T. ) ;
#1477 = EDGE_CURVE ( 'NONE', #3286, #2517, #2033, .T. ) ;
#1478 = MECHANICAL_DESIGN_GEOMETRIC_PRESENTATION_REPRESENTATION (  '', ( #3415 ), #1886 ) ;
#1479 = CARTESIAN_POINT ( 'NONE',  ( 9.500000000000001776, 1.850152416059160920, -2.310170725898328392 ) ) ;
#1480 = FACE_OUTER_BOUND ( 'NONE', #1978, .T. ) ;
#1481 = CARTESIAN_POINT ( 'NONE',  ( 9.500000000000001776, -5.511447537303413746, 1.924131555431612517 ) ) ;
#1482 = PRESENTATION_LAYER_ASSIGNMENT (  '', '', ( #1693 ) ) ;
#1483 = DIRECTION ( 'NONE',  ( 0.000000000000000000, 0.000000000000000000, 1.000000000000000000 ) ) ;
#1484 = AXIS2_PLACEMENT_3D ( 'NONE', #6169, #4222, #802 ) ;
#1485 = VERTEX_POINT ( 'NONE', #4175 ) ;
#1486 = AXIS2_PLACEMENT_3D ( 'NONE', #395, #369, #6260 ) ;
#1487 = CARTESIAN_POINT ( 'NONE',  ( 12.50000000000000000, -4.153955876093443855, 2.386934677900609980 ) ) ;
#1488 = CARTESIAN_POINT ( 'NONE',  ( 12.50000000000000000, -5.856555014391969571, -2.390956376935549965 ) ) ;
#1489 = FILL_AREA_STYLE_COLOUR ( '', #5169 ) ;
#1490 = STYLED_ITEM ( 'NONE', ( #2476 ), #5070 ) ;
#1491 = EDGE_CURVE ( 'NONE', #3578, #1152, #217, .T. ) ;
#1492 = CARTESIAN_POINT ( 'NONE',  ( 9.500000000000001776, -5.511447537303412858, 2.424131555431612739 ) ) ;
#1493 = PRESENTATION_LAYER_ASSIGNMENT (  '', '', ( #289 ) ) ;
#1494 = CIRCLE ( 'NONE', #2006, 0.2500000000000000000 ) ;
#1495 = FILL_AREA_STYLE_COLOUR ( '', #163 ) ;
#1496 = CARTESIAN_POINT ( 'NONE',  ( 0.000000000000000000, -0.2160022778819082334, 1.027948851782856332 ) ) ;
#1497 = DIRECTION ( 'NONE',  ( 0.000000000000000000, 0.000000000000000000, -1.000000000000000000 ) ) ;
#1498 = FILL_AREA_STYLE ('',( #1110 ) ) ;
#1499 = AXIS2_PLACEMENT_3D ( 'NONE', #2117, #1151, #5084 ) ;
#1500 = DIRECTION ( 'NONE',  ( 0.000000000000000000, 0.000000000000000000, 1.000000000000000000 ) ) ;
#1501 = CARTESIAN_POINT ( 'NONE',  ( 9.500000000000001776, -1.168370712318190341, -2.153464622091685321 ) ) ;
#1502 = EDGE_LOOP ( 'NONE', ( #5360, #4432, #4026, #4255 ) ) ;
#1503 = UNCERTAINTY_MEASURE_WITH_UNIT (LENGTH_MEASURE( 1.000000000000000082E-05 ), #4276, 'distance_accuracy_value', 'NONE');
#1504 =( GEOMETRIC_REPRESENTATION_CONTEXT ( 3 ) GLOBAL_UNCERTAINTY_ASSIGNED_CONTEXT ( ( #1643 ) ) GLOBAL_UNIT_ASSIGNED_CONTEXT ( ( #846, #1820, #5959 ) ) REPRESENTATION_CONTEXT ( 'NONE', 'WORKASPACE' ) );
#1505 = ORIENTED_EDGE ( 'NONE', *, *, #2651, .F. ) ;
#1506 = DIRECTION ( 'NONE',  ( 0.000000000000000000, 0.000000000000000000, -1.000000000000000000 ) ) ;
#1507 = CARTESIAN_POINT ( 'NONE',  ( 9.500000000000001776, -2.015728281175281911, -1.924131555431599194 ) ) ;
#1508 = PRESENTATION_LAYER_ASSIGNMENT (  '', '', ( #4279 ) ) ;
#1509 = LINE ( 'NONE', #1027, #4286 ) ;
#1510 = CARTESIAN_POINT ( 'NONE',  ( 9.500000000000001776, -5.511447537303414634, 1.924131555431612295 ) ) ;
#1511 = PRESENTATION_STYLE_ASSIGNMENT (( #58 ) ) ;
#1512 = ORIENTED_EDGE ( 'NONE', *, *, #5225, .T. ) ;
#1513 = EDGE_LOOP ( 'NONE', ( #5178, #1270, #4671, #2668, #5641 ) ) ;
#1514 = CIRCLE ( 'NONE', #1908, 0.5000000000000000000 ) ;
#1515 = FILL_AREA_STYLE_COLOUR ( '', #2927 ) ;
#1516 = FILL_AREA_STYLE_COLOUR ( '', #3682 ) ;
#1517 = DIRECTION ( 'NONE',  ( 0.000000000000000000, 1.000000000000000000, 1.858197974521601389E-16 ) ) ;
#1518 = EDGE_CURVE ( 'NONE', #900, #5724, #3112, .T. ) ;
#1519 = CARTESIAN_POINT ( 'NONE',  ( 0.000000000000000000, 2.084298718220865876, -1.868384002258182353 ) ) ;
#1520 = CIRCLE ( 'NONE', #4588, 1.949999999999999956 ) ;
#1521 = CARTESIAN_POINT ( 'NONE',  ( -0.5000000000000000000, -6.449193518580324636, -0.5999999999999989786 ) ) ;
#1522 = ORIENTED_EDGE ( 'NONE', *, *, #5626, .T. ) ;
#1523 =( NAMED_UNIT ( * ) SI_UNIT ( $, .STERADIAN. ) SOLID_ANGLE_UNIT ( ) );
#1524 = DIRECTION ( 'NONE',  ( -1.000000000000000000, 0.000000000000000000, 0.000000000000000000 ) ) ;
#1525 = FILL_AREA_STYLE ('',( #3436 ) ) ;
#1526 =( NAMED_UNIT ( * ) SI_UNIT ( $, .STERADIAN. ) SOLID_ANGLE_UNIT ( ) );
#1527 = EDGE_CURVE ( 'NONE', #5840, #4804, #3221, .T. ) ;
#1528 = CARTESIAN_POINT ( 'NONE',  ( 3.000000000000000000, -5.950416102733617763, 0.4203240015334918089 ) ) ;
#1529 = FILL_AREA_STYLE ('',( #5912 ) ) ;
#1530 = DIRECTION ( 'NONE',  ( 0.000000000000000000, 0.000000000000000000, 1.000000000000000000 ) ) ;
#1531 = ADVANCED_FACE ( 'NONE', ( #681 ), #4396, .T. ) ;
#1532 = DIRECTION ( 'NONE',  ( 0.000000000000000000, -1.000000000000000000, -1.858197974521601635E-16 ) ) ;
#1533 = VECTOR ( 'NONE', #3930, 1000.000000000000000 ) ;
#1534 = CARTESIAN_POINT ( 'NONE',  ( 2.007359312880714786, 0.000000000000000000, -1.000000000000000000 ) ) ;
#1535 = SURFACE_STYLE_USAGE ( .BOTH. , #2930 ) ;
#1536 = CARTESIAN_POINT ( 'NONE',  ( 9.850000000000001421, 0.000000000000000000, 0.000000000000000000 ) ) ;
#1537 = ORIENTED_EDGE ( 'NONE', *, *, #1143, .T. ) ;
#1538 = STYLED_ITEM ( 'NONE', ( #2603 ), #4463 ) ;
#1539 = B_SPLINE_SURFACE_WITH_KNOTS ( 'NONE', 3, 1, ( 
 ( #1983, #5504 ),
 ( #3958, #5930 ),
 ( #4023, #2522 ),
 ( #1510, #3453 ) ),
 .UNSPECIFIED., .F., .F., .F.,
 ( 4, 4 ),
 ( 2, 2 ),
 ( 0.000000000000000000, 1.000000000000000000 ),
 ( 0.000000000000000000, 1.000000000000000000 ),
 .UNSPECIFIED. ) ;
#1540 = VERTEX_POINT ( 'NONE', #6204 ) ;
#1541 = EDGE_CURVE ( 'NONE', #5126, #3564, #1284, .T. ) ;
#1542 = MECHANICAL_DESIGN_GEOMETRIC_PRESENTATION_REPRESENTATION (  '', ( #5560 ), #1028 ) ;
#1543 =( NAMED_UNIT ( * ) PLANE_ANGLE_UNIT ( ) SI_UNIT ( $, .RADIAN. ) );
#1544 = CARTESIAN_POINT ( 'NONE',  ( 3.000000000000000000, -5.511447537303412858, -2.424131555431612739 ) ) ;
#1545 = EDGE_LOOP ( 'NONE', ( #1701, #4152, #5206, #86 ) ) ;
#1546 = VERTEX_POINT ( 'NONE', #1333 ) ;
#1547 = MECHANICAL_DESIGN_GEOMETRIC_PRESENTATION_REPRESENTATION (  '', ( #1032 ), #4612 ) ;
#1548 = PRESENTATION_STYLE_ASSIGNMENT (( #5446 ) ) ;
#1549 = DIRECTION ( 'NONE',  ( 0.000000000000000000, 0.000000000000000000, 1.000000000000000000 ) ) ;
#1550 = FILL_AREA_STYLE_COLOUR ( '', #3563 ) ;
#1551 = CARTESIAN_POINT ( 'NONE',  ( 9.500000000000001776, 1.425172436802283560, 0.5999999999999989786 ) ) ;
#1552 = FACE_OUTER_BOUND ( 'NONE', #1727, .T. ) ;
#1553 = CARTESIAN_POINT ( 'NONE',  ( 0.000000000000000000, 1.205463676329423306, 1.591861468293960913 ) ) ;
#1554 = ORIENTED_EDGE ( 'NONE', *, *, #3873, .T. ) ;
#1555 = EDGE_CURVE ( 'NONE', #4553, #5075, #2363, .T. ) ;
#1556 = CARTESIAN_POINT ( 'NONE',  ( 12.50000000000000000, -6.445457888638662425, -1.030209834226589516 ) ) ;
#1557 = CARTESIAN_POINT ( 'NONE',  ( 0.6499999999999995781, 0.000000000000000000, 0.000000000000000000 ) ) ;
#1558 = DIRECTION ( 'NONE',  ( 0.000000000000000000, 0.000000000000000000, -1.000000000000000000 ) ) ;
#1559 = FILL_AREA_STYLE ('',( #3978 ) ) ;
#1560 = ADVANCED_BREP_SHAPE_REPRESENTATION ( 'Fuse Holder PCB', ( #3816, #3780, #1561, #94 ), #5932 ) ;
#1561 = BREP_WITH_VOIDS ( 'NONE', #5410, ( #1573 ) );
#1562 = EDGE_CURVE ( 'NONE', #2571, #1887, #805, .T. ) ;
#1563 = CARTESIAN_POINT ( 'NONE',  ( 3.000000000000000000, 1.586240938091048047, 2.189026805738434334 ) ) ;
#1564 = DIRECTION ( 'NONE',  ( 1.000000000000000000, 0.000000000000000000, 0.000000000000000000 ) ) ;
#1565 =( LENGTH_UNIT ( ) NAMED_UNIT ( * ) SI_UNIT ( .MILLI., .METRE. ) );
#1566 = LINE ( 'NONE', #5495, #581 ) ;
#1567 = ORIENTED_EDGE ( 'NONE', *, *, #3798, .F. ) ;
#1568 = EDGE_LOOP ( 'NONE', ( #2129, #2045, #4576, #4049 ) ) ;
#1569 = CARTESIAN_POINT ( 'NONE',  ( 12.50000000000000000, 0.000000000000000000, -2.450000000002283684 ) ) ;
#1570 = PRESENTATION_STYLE_ASSIGNMENT (( #2114 ) ) ;
#1571 = ORIENTED_EDGE ( 'NONE', *, *, #547, .T. ) ;
#1572 = COLOUR_RGB ( '',0.9372549019607843146, 0.8823529411764705621, 0.8823529411764705621 ) ;
#1573 = ORIENTED_CLOSED_SHELL ( 'NONE', *, #3754, .F. );
#1574 = VERTEX_POINT ( 'NONE', #841 ) ;
#1575 =( GEOMETRIC_REPRESENTATION_CONTEXT ( 3 ) GLOBAL_UNCERTAINTY_ASSIGNED_CONTEXT ( ( #6183 ) ) GLOBAL_UNIT_ASSIGNED_CONTEXT ( ( #4130, #3103, #327 ) ) REPRESENTATION_CONTEXT ( 'NONE', 'WORKASPACE' ) );
#1576 = CARTESIAN_POINT ( 'NONE',  ( 9.500000000000001776, -4.869898583757766630, -2.418288910156850768 ) ) ;
#1577 = CARTESIAN_POINT ( 'NONE',  ( 13.00000000000000178, -6.450000002576825153, -0.2023550851072062062 ) ) ;
#1578 = SURFACE_STYLE_USAGE ( .BOTH. , #3063 ) ;
#1579 = DIRECTION ( 'NONE',  ( -1.000000000000000000, -0.000000000000000000, 0.000000000000000000 ) ) ;
#1580 = CARTESIAN_POINT ( 'NONE',  ( 3.000000000000000000, -5.627658374173602596, -2.424131555431612739 ) ) ;
#1581 = MECHANICAL_DESIGN_GEOMETRIC_PRESENTATION_REPRESENTATION (  '', ( #2999 ), #1987 ) ;
#1582 = CARTESIAN_POINT ( 'NONE',  ( 12.50000000000000000, -5.942797302828626727, 1.529506351174783507 ) ) ;
#1583 = ORIENTED_EDGE ( 'NONE', *, *, #474, .T. ) ;
#1584 = UNCERTAINTY_MEASURE_WITH_UNIT (LENGTH_MEASURE( 1.000000000000000082E-05 ), #2830, 'distance_accuracy_value', 'NONE');
#1585 = CARTESIAN_POINT ( 'NONE',  ( 0.000000000000000000, -5.511447537303413746, -1.924131555431612517 ) ) ;
#1586 = AXIS2_PLACEMENT_3D ( 'NONE', #5350, #477, #2414 ) ;
#1587 = DIRECTION ( 'NONE',  ( 0.000000000000000000, 0.000000000000000000, 1.000000000000000000 ) ) ;
#1588 =( LENGTH_UNIT ( ) NAMED_UNIT ( * ) SI_UNIT ( .MILLI., .METRE. ) );
#1589 = B_SPLINE_SURFACE_WITH_KNOTS ( 'NONE', 3, 1, ( 
 ( #4678, #5236 ),
 ( #309, #2243 ),
 ( #132, #4202 ),
 ( #2273, #5514 ),
 ( #6205, #6179 ),
 ( #2058, #3712 ),
 ( #1269, #806 ),
 ( #4498, #6001 ),
 ( #1580, #3529 ),
 ( #1094, #627 ) ),
 .UNSPECIFIED., .F., .F., .F.,
 ( 4, 1, 1, 1, 1, 1, 1, 4 ),
 ( 2, 2 ),
 ( 0.000000000000000000, 0.1250000000000000000, 0.2500000000000000000, 0.5000000000000000000, 0.6250000000000000000, 0.7500000000000000000, 0.8750000000000000000, 1.000000000000000000 ),
 ( 0.000000000000000000, 1.000000000000000000 ),
 .UNSPECIFIED. ) ;
#1590 = SURFACE_SIDE_STYLE ('',( #783 ) ) ;
#1591 = SURFACE_STYLE_FILL_AREA ( #1529 ) ;
#1592 = CARTESIAN_POINT ( 'NONE',  ( 0.000000000000000000, -5.511447537303412858, -2.424131555431612739 ) ) ;
#1593 = CARTESIAN_POINT ( 'NONE',  ( 12.50000000000000000, 2.084298718220865432, -1.868384002258182131 ) ) ;
#1594 = DIRECTION ( 'NONE',  ( 0.000000000000000000, 0.000000000000000000, -1.000000000000000000 ) ) ;
#1595 = AXIS2_PLACEMENT_3D ( 'NONE', #4572, #5198, #735 ) ;
#1596 = CARTESIAN_POINT ( 'NONE',  ( 12.50000000000000000, -9.449999999999999289, 0.5999999999999987566 ) ) ;
#1597 =( NAMED_UNIT ( * ) PLANE_ANGLE_UNIT ( ) SI_UNIT ( $, .RADIAN. ) );
#1598 = CARTESIAN_POINT ( 'NONE',  ( 9.500000000000001776, -5.856555014391969571, -2.390956376935549965 ) ) ;
#1599 = ORIENTED_EDGE ( 'NONE', *, *, #673, .F. ) ;
#1600 = ADVANCED_FACE ( 'NONE', ( #3346 ), #5260, .T. ) ;
#1601 = EDGE_CURVE ( 'NONE', #3448, #510, #1051, .T. ) ;
#1602 =( GEOMETRIC_REPRESENTATION_CONTEXT ( 3 ) GLOBAL_UNCERTAINTY_ASSIGNED_CONTEXT ( ( #2450 ) ) GLOBAL_UNIT_ASSIGNED_CONTEXT ( ( #2856, #923, #893 ) ) REPRESENTATION_CONTEXT ( 'NONE', 'WORKASPACE' ) );
#1603 = EDGE_LOOP ( 'NONE', ( #6118, #1735, #4452, #4125, #1669 ) ) ;
#1604 = CARTESIAN_POINT ( 'NONE',  ( 3.500000000000000000, -6.450081840198148342, 0.2772704267438448333 ) ) ;
#1605 = TOROIDAL_SURFACE ( 'NONE', #3433, 1.699999999999999956, 0.2500000000000000000 ) ;
#1606 = DIRECTION ( 'NONE',  ( 0.000000000000000000, -1.000000000000000000, 6.193993248405337552E-17 ) ) ;
#1607 = FILL_AREA_STYLE_COLOUR ( '', #4916 ) ;
#1609 = CARTESIAN_POINT ( 'NONE',  ( 3.000000000000000000, -0.9536012874044283993, -1.700924626390192484 ) ) ;
#1608 = PRESENTATION_LAYER_ASSIGNMENT (  '', '', ( #5402 ) ) ;
#1610 = ORIENTED_EDGE ( 'NONE', *, *, #4205, .T. ) ;
#1611 = EDGE_CURVE ( 'NONE', #237, #302, #2987, .T. ) ;
#1612 = PRESENTATION_LAYER_ASSIGNMENT (  '', '', ( #4371 ) ) ;
#1613 = ORIENTED_EDGE ( 'NONE', *, *, #1857, .F. ) ;
#1614 = MECHANICAL_DESIGN_GEOMETRIC_PRESENTATION_REPRESENTATION (  '', ( #3546 ), #693 ) ;
#1615 = CARTESIAN_POINT ( 'NONE',  ( 9.000000000000001776, -6.450043540926369445, 0.3327244987854241498 ) ) ;
#1616 = CARTESIAN_POINT ( 'NONE',  ( 13.00000000000000178, 0.000000000000000000, 0.000000000000000000 ) ) ;
#1617 = PLANE ( 'NONE',  #3471 ) ;
#1618 = COLOUR_RGB ( '',0.7960784313725489669, 0.8235294117647058432, 0.9372549019607843146 ) ;
#1619 = DIRECTION ( 'NONE',  ( 0.000000000000000000, 1.000000000000000000, -1.858197974521601389E-16 ) ) ;
#1620 = EDGE_LOOP ( 'NONE', ( #5974, #4668, #1985, #2914 ) ) ;
#1621 = CARTESIAN_POINT ( 'NONE',  ( 12.50000000000000000, -5.511447537303413746, 1.924131555431612517 ) ) ;
#1622 = EDGE_LOOP ( 'NONE', ( #368, #5884 ) ) ;
#1623 = DIRECTION ( 'NONE',  ( -1.000000000000000000, -0.000000000000000000, -0.000000000000000000 ) ) ;
#1624 = PRESENTATION_STYLE_ASSIGNMENT (( #1715 ) ) ;
#1625 = CARTESIAN_POINT ( 'NONE',  ( 9.499999999999998224, -6.450000000000696510, -0.1584447975266683462 ) ) ;
#1626 = DIRECTION ( 'NONE',  ( 0.000000000000000000, 0.000000000000000000, -1.000000000000000000 ) ) ;
#1627 = FILL_AREA_STYLE ('',( #4629 ) ) ;
#1628 = SURFACE_STYLE_FILL_AREA ( #1141 ) ;
#1629 =( NAMED_UNIT ( * ) SI_UNIT ( $, .STERADIAN. ) SOLID_ANGLE_UNIT ( ) );
#1630 = VECTOR ( 'NONE', #2547, 1000.000000000000000 ) ;
#1631 = PRESENTATION_STYLE_ASSIGNMENT (( #4193 ) ) ;
#1632 = CARTESIAN_POINT ( 'NONE',  ( 13.00000000000000178, 0.000000000000000000, 0.000000000000000000 ) ) ;
#1633 = DIRECTION ( 'NONE',  ( 0.000000000000000000, 0.000000000000000000, -1.000000000000000000 ) ) ;
#1634 = ORIENTED_EDGE ( 'NONE', *, *, #1936, .T. ) ;
#1635 = ORIENTED_EDGE ( 'NONE', *, *, #2275, .T. ) ;
#1636 = STYLED_ITEM ( 'NONE', ( #1750 ), #3684 ) ;
#1637 = DIRECTION ( 'NONE',  ( -1.000000000000000000, 0.000000000000000000, 0.000000000000000000 ) ) ;
#1638 = CARTESIAN_POINT ( 'NONE',  ( 12.76783727109405930, 0.05288555502413985754, -2.391792423766119668 ) ) ;
#1639 =( NAMED_UNIT ( * ) SI_UNIT ( $, .STERADIAN. ) SOLID_ANGLE_UNIT ( ) );
#1640 = UNCERTAINTY_MEASURE_WITH_UNIT (LENGTH_MEASURE( 1.000000000000000082E-05 ), #2231, 'distance_accuracy_value', 'NONE');
#1641 =( NAMED_UNIT ( * ) SI_UNIT ( $, .STERADIAN. ) SOLID_ANGLE_UNIT ( ) );
#1642 = B_SPLINE_CURVE_WITH_KNOTS ( 'NONE', 3,
 ( #5678, #1746, #3821, #2817, #3763, #5793 ),
 .UNSPECIFIED., .F., .F.,
 ( 4, 2, 4 ),
 ( 0.000000000000000000, 0.0003905443335554713226, 0.0007810886671109426452 ),
 .UNSPECIFIED. ) ;
#1643 = UNCERTAINTY_MEASURE_WITH_UNIT (LENGTH_MEASURE( 1.000000000000000082E-05 ), #846, 'distance_accuracy_value', 'NONE');
#1644 = AXIS2_PLACEMENT_3D ( 'NONE', #4310, #4693, #1856 ) ;
#1645 = STYLED_ITEM ( 'NONE', ( #1244 ), #3796 ) ;
#1646 = VERTEX_POINT ( 'NONE', #3948 ) ;
#1647 = B_SPLINE_CURVE_WITH_KNOTS ( 'NONE', 3,
 ( #6079, #2113, #1208, #3515, #5502, #1082 ),
 .UNSPECIFIED., .F., .F.,
 ( 4, 2, 4 ),
 ( 0.000000000000000000, 0.0004019701080137390954, 0.0008039402160274781908 ),
 .UNSPECIFIED. ) ;
#1648 = ORIENTED_EDGE ( 'NONE', *, *, #1433, .F. ) ;
#1649 = AXIS2_PLACEMENT_3D ( 'NONE', #5428, #5531, #145 ) ;
#1650 = CARTESIAN_POINT ( 'NONE',  ( 9.000000000000001776, -6.449193518580326412, 0.5999999999999985345 ) ) ;
#1651 = CARTESIAN_POINT ( 'NONE',  ( 2.649999999999999467, 0.000000000000000000, 0.000000000000000000 ) ) ;
#1652 = FILL_AREA_STYLE_COLOUR ( '', #2137 ) ;
#1653 = STYLED_ITEM ( 'NONE', ( #798 ), #4376 ) ;
#1654 = ORIENTED_EDGE ( 'NONE', *, *, #2282, .F. ) ;
#1655 =( NAMED_UNIT ( * ) PLANE_ANGLE_UNIT ( ) SI_UNIT ( $, .RADIAN. ) );
#1656 = B_SPLINE_CURVE_WITH_KNOTS ( 'NONE', 3,
 ( #1679, #2250, #2161, #5698 ),
 .UNSPECIFIED., .F., .F.,
 ( 4, 4 ),
 ( 0.000000000000000000, 0.0006000005576897595545 ),
 .UNSPECIFIED. ) ;
#1657 = VERTEX_POINT ( 'NONE', #449 ) ;
#1658 = FILL_AREA_STYLE ('',( #4564 ) ) ;
#1659 = SURFACE_SIDE_STYLE ('',( #5618 ) ) ;
#1660 = COLOUR_RGB ( '',0.7960784313725489669, 0.8235294117647058432, 0.9372549019607843146 ) ;
#1661 = CARTESIAN_POINT ( 'NONE',  ( 12.76150699543910250, -6.003516497312271660, 0.5999999999999989786 ) ) ;
#1662 = CARTESIAN_POINT ( 'NONE',  ( 8.100000000000001421, 0.000000000000000000, 0.000000000000000000 ) ) ;
#1663 = CARTESIAN_POINT ( 'NONE',  ( 0.000000000000000000, -5.949157288921806952, 0.6035542239370846884 ) ) ;
#1664 = EDGE_CURVE ( 'NONE', #4790, #807, #5847, .T. ) ;
#1665 =( NAMED_UNIT ( * ) SI_UNIT ( $, .STERADIAN. ) SOLID_ANGLE_UNIT ( ) );
#1666 = CARTESIAN_POINT ( 'NONE',  ( 3.000000000000000000, -5.511447537303413746, 1.924131555431611185 ) ) ;
#1667 = PLANE ( 'NONE',  #1379 ) ;
#1668 = ORIENTED_EDGE ( 'NONE', *, *, #778, .T. ) ;
#1669 = ORIENTED_EDGE ( 'NONE', *, *, #397, .F. ) ;
#1670 = CARTESIAN_POINT ( 'NONE',  ( 3.500000000000000000, -6.449915147370823831, 0.4436327997449451277 ) ) ;
#1671 = CARTESIAN_POINT ( 'NONE',  ( 13.00000000000000178, 0.03649346519878907125, -2.449728194515685686 ) ) ;
#1672 = CARTESIAN_POINT ( 'NONE',  ( 0.000000000000000000, -5.511447537303414634, 1.924131555431610963 ) ) ;
#1673 = DIRECTION ( 'NONE',  ( -1.000000000000000000, -0.000000000000000000, -0.000000000000000000 ) ) ;
#1674 = VERTEX_POINT ( 'NONE', #117 ) ;
#1675 = EDGE_CURVE ( 'NONE', #1475, #1125, #2401, .T. ) ;
#1676 = ORIENTED_EDGE ( 'NONE', *, *, #2723, .F. ) ;
#1677 = CARTESIAN_POINT ( 'NONE',  ( 12.50000000000000000, -1.558319229584445020, -2.027625431479605389 ) ) ;
#1678 = CARTESIAN_POINT ( 'NONE',  ( -0.5000000000000000000, -5.949181936419980055, 0.6000000000000005329 ) ) ;
#1679 = CARTESIAN_POINT ( 'NONE',  ( 0.000000000000000000, -5.950000000000000178, -7.286648454926751965E-16 ) ) ;
#1680 = STYLED_ITEM ( 'NONE', ( #3656 ), #2076 ) ;
#1681 = EDGE_CURVE ( 'NONE', #1055, #5075, #3866, .T. ) ;
#1682 = STYLED_ITEM ( 'NONE', ( #4538 ), #2315 ) ;
#1683 = ORIENTED_EDGE ( 'NONE', *, *, #6018, .F. ) ;
#1684 = DIRECTION ( 'NONE',  ( 1.000000000000000000, -0.000000000000000000, -0.000000000000000000 ) ) ;
#1685 = CARTESIAN_POINT ( 'NONE',  ( 3.500000000000000000, -5.950000000000001066, -7.286648454926761826E-16 ) ) ;
#1686 = VECTOR ( 'NONE', #3938, 1000.000000000000000 ) ;
#1687 = CARTESIAN_POINT ( 'NONE',  ( 3.000000000000000000, -5.303916665296943833, -2.424131555431610963 ) ) ;
#1688 = FILL_AREA_STYLE ('',( #1142 ) ) ;
#1689 = EDGE_CURVE ( 'NONE', #3756, #4854, #3162, .T. ) ;
#1690 =( NAMED_UNIT ( * ) SI_UNIT ( $, .STERADIAN. ) SOLID_ANGLE_UNIT ( ) );
#1691 = DIRECTION ( 'NONE',  ( 0.000000000000000000, 0.000000000000000000, -1.000000000000000000 ) ) ;
#1692 = VERTEX_POINT ( 'NONE', #49 ) ;
#1693 = STYLED_ITEM ( 'NONE', ( #5677 ), #2837 ) ;
#1694 = ORIENTED_EDGE ( 'NONE', *, *, #1010, .F. ) ;
#1695 = STYLED_ITEM ( 'NONE', ( #4451 ), #4852 ) ;
#1696 =( NAMED_UNIT ( * ) PLANE_ANGLE_UNIT ( ) SI_UNIT ( $, .RADIAN. ) );
#1697 = FILL_AREA_STYLE_COLOUR ( '', #1286 ) ;
#1698 =( NAMED_UNIT ( * ) PLANE_ANGLE_UNIT ( ) SI_UNIT ( $, .RADIAN. ) );
#1699 = CARTESIAN_POINT ( 'NONE',  ( 0.000000000000000000, -5.949181936419979166, 0.6000000000000005329 ) ) ;
#1700 = CARTESIAN_POINT ( 'NONE',  ( 0.000000000000000000, -2.015728281175274805, -1.924131555431600971 ) ) ;
#1701 = ORIENTED_EDGE ( 'NONE', *, *, #5850, .F. ) ;
#1702 =( GEOMETRIC_REPRESENTATION_CONTEXT ( 3 ) GLOBAL_UNCERTAINTY_ASSIGNED_CONTEXT ( ( #5056 ) ) GLOBAL_UNIT_ASSIGNED_CONTEXT ( ( #2203, #6102, #5074 ) ) REPRESENTATION_CONTEXT ( 'NONE', 'WORKASPACE' ) );
#1703 = VERTEX_POINT ( 'NONE', #1974 ) ;
#1704 = DIRECTION ( 'NONE',  ( 0.000000000000000000, 0.000000000000000000, -1.000000000000000000 ) ) ;
#1705 =( GEOMETRIC_REPRESENTATION_CONTEXT ( 3 ) GLOBAL_UNCERTAINTY_ASSIGNED_CONTEXT ( ( #2590 ) ) GLOBAL_UNIT_ASSIGNED_CONTEXT ( ( #4784, #1317, #1829 ) ) REPRESENTATION_CONTEXT ( 'NONE', 'WORKASPACE' ) );
#1706 = DIRECTION ( 'NONE',  ( -0.000000000000000000, 1.000000000000000000, -1.858197974521601389E-16 ) ) ;
#1707 =( NAMED_UNIT ( * ) PLANE_ANGLE_UNIT ( ) SI_UNIT ( $, .RADIAN. ) );
#1708 = CARTESIAN_POINT ( 'NONE',  ( 12.50000000000000000, -4.153955876093443855, 2.386934677900609980 ) ) ;
#1709 = PRESENTATION_LAYER_ASSIGNMENT (  '', '', ( #486 ) ) ;
#1710 = PRESENTATION_LAYER_ASSIGNMENT (  '', '', ( #3546 ) ) ;
#1711 = UNCERTAINTY_MEASURE_WITH_UNIT (LENGTH_MEASURE( 1.000000000000000082E-05 ), #4030, 'distance_accuracy_value', 'NONE');
#1712 = VERTEX_POINT ( 'NONE', #5429 ) ;
#1713 = ORIENTED_EDGE ( 'NONE', *, *, #589, .T. ) ;
#1714 = CARTESIAN_POINT ( 'NONE',  ( 3.000000000000000000, -4.869898583757766630, 2.418288910156850768 ) ) ;
#1715 = SURFACE_STYLE_USAGE ( .BOTH. , #1224 ) ;
#1716 = EDGE_CURVE ( 'NONE', #2892, #4553, #5794, .T. ) ;
#1717 = CARTESIAN_POINT ( 'NONE',  ( 3.000000000000000000, -1.230077907822999972, -2.128893911333789912 ) ) ;
#1718 = VECTOR ( 'NONE', #4732, 1000.000000000000000 ) ;
#1719 =( NAMED_UNIT ( * ) PLANE_ANGLE_UNIT ( ) SI_UNIT ( $, .RADIAN. ) );
#1720 = EDGE_CURVE ( 'NONE', #2939, #1055, #3813, .T. ) ;
#1721 = COLOUR_RGB ( '',0.9372549019607843146, 0.8823529411764705621, 0.8823529411764705621 ) ;
#1722 =( LENGTH_UNIT ( ) NAMED_UNIT ( * ) SI_UNIT ( .MILLI., .METRE. ) );
#1723 = FILL_AREA_STYLE ('',( #1259 ) ) ;
#1724 = DIRECTION ( 'NONE',  ( -1.000000000000000000, -0.000000000000000000, -0.000000000000000000 ) ) ;
#1725 = ORIENTED_EDGE ( 'NONE', *, *, #3190, .T. ) ;
#1726 = STYLED_ITEM ( 'NONE', ( #3213 ), #862 ) ;
#1727 = EDGE_LOOP ( 'NONE', ( #5290, #5367, #2407, #1512 ) ) ;
#1728 =( LENGTH_UNIT ( ) NAMED_UNIT ( * ) SI_UNIT ( .MILLI., .METRE. ) );
#1729 = DIRECTION ( 'NONE',  ( 0.000000000000000000, 1.000000000000000000, 1.858197974521601389E-16 ) ) ;
#1730 = COLOUR_RGB ( '',0.7960784313725489669, 0.8235294117647058432, 0.9372549019607843146 ) ;
#1731 = DIRECTION ( 'NONE',  ( -1.000000000000000000, 0.000000000000000000, 0.000000000000000000 ) ) ;
#1732 = CARTESIAN_POINT ( 'NONE',  ( 3.000000000000000000, -2.015728281175274805, -1.924131555431600971 ) ) ;
#1733 = ORIENTED_EDGE ( 'NONE', *, *, #4894, .T. ) ;
#1734 = COLOUR_RGB ( '',0.9372549019607843146, 0.8823529411764705621, 0.8823529411764705621 ) ;
#1735 = ORIENTED_EDGE ( 'NONE', *, *, #938, .T. ) ;
#1736 = DIRECTION ( 'NONE',  ( 0.000000000000000000, 0.000000000000000000, -1.000000000000000000 ) ) ;
#1737 = FACE_OUTER_BOUND ( 'NONE', #3988, .T. ) ;
#1738 = COLOUR_RGB ( '',0.9372549019607843146, 0.8823529411764705621, 0.8823529411764705621 ) ;
#1739 = FILL_AREA_STYLE ('',( #1652 ) ) ;
#1740 = FACE_OUTER_BOUND ( 'NONE', #4939, .T. ) ;
#1741 = ORIENTED_EDGE ( 'NONE', *, *, #4933, .F. ) ;
#1742 = MECHANICAL_DESIGN_GEOMETRIC_PRESENTATION_REPRESENTATION (  '', ( #3575 ), #5333 ) ;
#1743 = CARTESIAN_POINT ( 'NONE',  ( 12.50000000000000000, 1.032974534022424562, 2.221590333989759358 ) ) ;
#1744 = DIRECTION ( 'NONE',  ( 1.000000000000000000, -0.000000000000000000, 0.000000000000000000 ) ) ;
#1745 = DIRECTION ( 'NONE',  ( 0.000000000000000000, 1.000000000000000000, 1.858197974521601389E-16 ) ) ;
#1746 = CARTESIAN_POINT ( 'NONE',  ( -0.1320558004850870271, -5.949181936419978278, 0.6000000000000006439 ) ) ;
#1747 = DIRECTION ( 'NONE',  ( 1.000000000000000000, -0.000000000000000000, 0.000000000000000000 ) ) ;
#1748 = EDGE_CURVE ( 'NONE', #3530, #5695, #3708, .T. ) ;
#1749 = CARTESIAN_POINT ( 'NONE',  ( 3.000000000000000000, -6.449162802238361358, 0.6000000000000008660 ) ) ;
#1750 = PRESENTATION_STYLE_ASSIGNMENT (( #3897 ) ) ;
#1751 = ORIENTED_EDGE ( 'NONE', *, *, #4613, .F. ) ;
#1752 = ADVANCED_FACE ( 'NONE', ( #2010, #1462 ), #2859, .T. ) ;
#1753 = UNCERTAINTY_MEASURE_WITH_UNIT (LENGTH_MEASURE( 1.000000000000000082E-05 ), #3086, 'distance_accuracy_value', 'NONE');
#1754 = ORIENTED_EDGE ( 'NONE', *, *, #5935, .F. ) ;
#1755 = DIRECTION ( 'NONE',  ( 0.000000000000000000, 0.000000000000000000, -1.000000000000000000 ) ) ;
#1756 = FILL_AREA_STYLE_COLOUR ( '', #1734 ) ;
#1757 = SURFACE_SIDE_STYLE ('',( #307 ) ) ;
#1758 = CARTESIAN_POINT ( 'NONE',  ( -0.5000000000000000000, -6.450561480303281137, -0.4047282839087930628 ) ) ;
#1759 = EDGE_LOOP ( 'NONE', ( #39, #2011, #5358, #562 ) ) ;
#1760 = ORIENTED_EDGE ( 'NONE', *, *, #3621, .T. ) ;
#1761 = SURFACE_STYLE_USAGE ( .BOTH. , #6182 ) ;
#1762 = CARTESIAN_POINT ( 'NONE',  ( 0.000000000000000000, -9.449999999999999289, 1.192622389734054877E-15 ) ) ;
#1763 = CARTESIAN_POINT ( 'NONE',  ( 12.50000000000000000, -2.761679942142320154, 2.209572282996065784 ) ) ;
#1764 = STYLED_ITEM ( 'NONE', ( #775 ), #1600 ) ;
#1765 = ORIENTED_EDGE ( 'NONE', *, *, #2794, .T. ) ;
#1766 = CARTESIAN_POINT ( 'NONE',  ( 3.000000000000000000, -5.949181936407098803, 0.6000000018753710584 ) ) ;
#1767 = CARTESIAN_POINT ( 'NONE',  ( 0.000000000000000000, 1.769344485267118738, 2.267342643550368297 ) ) ;
#1768 = CARTESIAN_POINT ( 'NONE',  ( 9.500000000000001776, 0.000000000000000000, 0.000000000000000000 ) ) ;
#1769 =( NAMED_UNIT ( * ) PLANE_ANGLE_UNIT ( ) SI_UNIT ( $, .RADIAN. ) );
#1770 =( NAMED_UNIT ( * ) SI_UNIT ( $, .STERADIAN. ) SOLID_ANGLE_UNIT ( ) );
#1771 = PRESENTATION_LAYER_ASSIGNMENT (  '', '', ( #4642 ) ) ;
#1772 = CARTESIAN_POINT ( 'NONE',  ( 3.000000000000000000, 1.967225567140177267, -2.089277364077946952 ) ) ;
#1773 = DIRECTION ( 'NONE',  ( 1.000000000000000000, 0.000000000000000000, 0.000000000000000000 ) ) ;
#1774 = FACE_OUTER_BOUND ( 'NONE', #5466, .T. ) ;
#1775 =( LENGTH_UNIT ( ) NAMED_UNIT ( * ) SI_UNIT ( .MILLI., .METRE. ) );
#1776 = CARTESIAN_POINT ( 'NONE',  ( 0.000000000000000000, -5.892247557339151953, -1.924131555431611185 ) ) ;
#1777 = ORIENTED_EDGE ( 'NONE', *, *, #628, .F. ) ;
#1778 = COLOUR_RGB ( '',0.9372549019607843146, 0.8823529411764705621, 0.8823529411764705621 ) ;
#1779 = CARTESIAN_POINT ( 'NONE',  ( 9.500000000000001776, -5.950416102730720525, 0.4203240001441722606 ) ) ;
#1780 = B_SPLINE_CURVE_WITH_KNOTS ( 'NONE', 3,
 ( #4556, #216, #6085, #1677, #3617, #5509, #3033, #5025, #624, #2564, #2089, #1185, #1128 ),
 .UNSPECIFIED., .F., .F.,
 ( 4, 1, 1, 1, 1, 1, 1, 1, 1, 1, 4 ),
 ( 0.007813538992011093143, 0.06982519280501031655, 0.1318368466180096510, 0.2558601542440082088, 0.3798834618700068777, 0.5039067694960055466, 0.6279300771220042154, 0.7519533847480027733, 0.8759766923740013311, 0.9379883461870006656, 1.000000000000000000 ),
 .UNSPECIFIED. ) ;
#1781 = FACE_OUTER_BOUND ( 'NONE', #4814, .T. ) ;
#1782 = SURFACE_SIDE_STYLE ('',( #1840 ) ) ;
#1783 = CARTESIAN_POINT ( 'NONE',  ( 12.50000000000000000, -6.183689156483929139, 2.146661974746273405 ) ) ;
#1784 = MECHANICAL_DESIGN_GEOMETRIC_PRESENTATION_REPRESENTATION (  '', ( #80 ), #4455 ) ;
#1785 =( LENGTH_UNIT ( ) NAMED_UNIT ( * ) SI_UNIT ( .MILLI., .METRE. ) );
#1786 = ORIENTED_EDGE ( 'NONE', *, *, #3668, .F. ) ;
#1787 = CIRCLE ( 'NONE', #5803, 0.5999999999999999778 ) ;
#1788 = ORIENTED_EDGE ( 'NONE', *, *, #3396, .T. ) ;
#1789 = MECHANICAL_DESIGN_GEOMETRIC_PRESENTATION_REPRESENTATION (  '', ( #1996 ), #119 ) ;
#1790 = SURFACE_STYLE_FILL_AREA ( #4232 ) ;
#1791 =( LENGTH_UNIT ( ) NAMED_UNIT ( * ) SI_UNIT ( .MILLI., .METRE. ) );
#1792 = ADVANCED_FACE ( 'NONE', ( #265 ), #3604, .T. ) ;
#1794 = CARTESIAN_POINT ( 'NONE',  ( 3.000000000000000000, -6.183689156483929139, -2.146661974746273405 ) ) ;
#1793 = AXIS2_PLACEMENT_3D ( 'NONE', #5098, #1684, #5066 ) ;
#1795 = UNCERTAINTY_MEASURE_WITH_UNIT (LENGTH_MEASURE( 1.000000000000000082E-05 ), #255, 'distance_accuracy_value', 'NONE');
#1796 = CARTESIAN_POINT ( 'NONE',  ( 3.000000000000000000, -6.445457888638662425, 1.030209834226589516 ) ) ;
#1797 = ORIENTED_EDGE ( 'NONE', *, *, #2715, .T. ) ;
#1798 = ADVANCED_FACE ( 'NONE', ( #4134 ), #2142, .T. ) ;
#1799 = CARTESIAN_POINT ( 'NONE',  ( 3.000000000000000000, -5.942797302760635780, 1.529506351705580025 ) ) ;
#1800 = CARTESIAN_POINT ( 'NONE',  ( 9.500000000000001776, 1.032974534022083279, -2.221590333988931132 ) ) ;
#1801 = VECTOR ( 'NONE', #5962, 1000.000000000000000 ) ;
#1802 = LINE ( 'NONE', #462, #1413 ) ;
#1803 = STYLED_ITEM ( 'NONE', ( #3989 ), #5564 ) ;
#1804 = DIRECTION ( 'NONE',  ( 0.000000000000000000, 0.000000000000000000, -1.000000000000000000 ) ) ;
#1805 = B_SPLINE_CURVE_WITH_KNOTS ( 'NONE', 3,
 ( #256, #4627, #5159, #1661, #788, #4598 ),
 .UNSPECIFIED., .F., .F.,
 ( 4, 2, 4 ),
 ( 0.000000000000000000, 0.0003905443398186318315, 0.0007810886796372636630 ),
 .UNSPECIFIED. ) ;
#1806 = EDGE_CURVE ( 'NONE', #1281, #1674, #5725, .T. ) ;
#1807 = CARTESIAN_POINT ( 'NONE',  ( 3.000000000000000000, 1.586240938091048047, 2.189026805738434334 ) ) ;
#1808 = CARTESIAN_POINT ( 'NONE',  ( 0.000000000000000000, 1.769344485267403400, -2.267342643549731918 ) ) ;
#1809 = DIRECTION ( 'NONE',  ( 0.000000000000000000, 0.000000000000000000, -1.000000000000000000 ) ) ;
#1810 = STYLED_ITEM ( 'NONE', ( #4950 ), #431 ) ;
#1811 = CARTESIAN_POINT ( 'NONE',  ( 0.000000000000000000, -5.511447537303413746, -1.924131555431612517 ) ) ;
#1812 = PRESENTATION_STYLE_ASSIGNMENT (( #5256 ) ) ;
#1813 = CARTESIAN_POINT ( 'NONE',  ( -0.5000000000000000000, -6.449193518580324636, -0.5999999999999989786 ) ) ;
#1814 = FILL_AREA_STYLE ('',( #1841 ) ) ;
#1815 = DIRECTION ( 'NONE',  ( 1.000000000000000000, -0.000000000000000000, 0.000000000000000000 ) ) ;
#1816 = CARTESIAN_POINT ( 'NONE',  ( 9.000000000000001776, -9.449999999999999289, -0.6000000000000014211 ) ) ;
#1817 = ORIENTED_EDGE ( 'NONE', *, *, #1748, .T. ) ;
#1818 = ORIENTED_EDGE ( 'NONE', *, *, #3591, .F. ) ;
#1819 = EDGE_CURVE ( 'NONE', #4374, #2611, #1336, .T. ) ;
#1820 =( NAMED_UNIT ( * ) PLANE_ANGLE_UNIT ( ) SI_UNIT ( $, .RADIAN. ) );
#1821 = MECHANICAL_DESIGN_GEOMETRIC_PRESENTATION_REPRESENTATION (  '', ( #811 ), #4905 ) ;
#1822 = DIRECTION ( 'NONE',  ( 0.000000000000000000, 1.000000000000000000, 0.000000000000000000 ) ) ;
#1823 = SURFACE_SIDE_STYLE ('',( #847 ) ) ;
#1824 = CARTESIAN_POINT ( 'NONE',  ( 0.000000000000000000, -5.511447537303412858, 2.424131555432306406 ) ) ;
#1825 = FILL_AREA_STYLE ('',( #6237 ) ) ;
#1826 = VECTOR ( 'NONE', #2462, 1000.000000000000000 ) ;
#1827 = CARTESIAN_POINT ( 'NONE',  ( 0.000000000000000000, -6.450000000000696510, 0.1584447975266683462 ) ) ;
#1828 = ORIENTED_EDGE ( 'NONE', *, *, #1126, .F. ) ;
#1829 =( NAMED_UNIT ( * ) SI_UNIT ( $, .STERADIAN. ) SOLID_ANGLE_UNIT ( ) );
#1830 = CARTESIAN_POINT ( 'NONE',  ( 0.000000000000000000, 1.381018271236887252, 2.152131625433289397 ) ) ;
#1831 = FILL_AREA_STYLE_COLOUR ( '', #5851 ) ;
#1832 =( GEOMETRIC_REPRESENTATION_CONTEXT ( 3 ) GLOBAL_UNCERTAINTY_ASSIGNED_CONTEXT ( ( #479 ) ) GLOBAL_UNIT_ASSIGNED_CONTEXT ( ( #590, #1543, #4084 ) ) REPRESENTATION_CONTEXT ( 'NONE', 'WORKASPACE' ) );
#1833 = FACE_OUTER_BOUND ( 'NONE', #5965, .T. ) ;
#1834 = CIRCLE ( 'NONE', #6256, 1.949999999999999734 ) ;
#1835 = ADVANCED_FACE ( 'NONE', ( #3020 ), #5287, .F. ) ;
#1836 = CARTESIAN_POINT ( 'NONE',  ( 12.50000000000000000, -6.450000000000001066, -2.544803959115682914E-15 ) ) ;
#1837 = CYLINDRICAL_SURFACE ( 'NONE', #4781, 2.450000000002283684 ) ;
#1838 = MECHANICAL_DESIGN_GEOMETRIC_PRESENTATION_REPRESENTATION (  '', ( #2563 ), #3691 ) ;
#1839 = DIRECTION ( 'NONE',  ( 0.000000000000000000, 0.000000000000000000, 1.000000000000000000 ) ) ;
#1840 = SURFACE_STYLE_FILL_AREA ( #3276 ) ;
#1841 = FILL_AREA_STYLE_COLOUR ( '', #6171 ) ;
#1842 = FILL_AREA_STYLE ('',( #3776 ) ) ;
#1843 = CARTESIAN_POINT ( 'NONE',  ( 3.000000000000000000, -5.942797302828628503, -1.529506351174783507 ) ) ;
#1844 = ORIENTED_EDGE ( 'NONE', *, *, #2495, .F. ) ;
#1845 = ORIENTED_EDGE ( 'NONE', *, *, #1720, .F. ) ;
#1846 = DIRECTION ( 'NONE',  ( -1.000000000000000000, 0.000000000000000000, 0.000000000000000000 ) ) ;
#1847 = DIRECTION ( 'NONE',  ( -1.000000000000000000, 0.000000000000000000, 0.000000000000000000 ) ) ;
#1848 = CARTESIAN_POINT ( 'NONE',  ( 12.50000000000000000, 0.000000000000000000, -1.950000000002283684 ) ) ;
#1849 = CARTESIAN_POINT ( 'NONE',  ( 0.000000000000000000, -1.168370712318190341, 2.153464622091685321 ) ) ;
#1850 = CARTESIAN_POINT ( 'NONE',  ( 3.000000000000000000, -5.856555014391710223, -2.390956376934878502 ) ) ;
#1851 = CARTESIAN_POINT ( 'NONE',  ( 3.000000000000000000, -6.422442313217941567, 1.465803793296805546 ) ) ;
#1852 = ADVANCED_FACE ( 'NONE', ( #3702 ), #5715, .T. ) ;
#1853 = B_SPLINE_CURVE_WITH_KNOTS ( 'NONE', 3,
 ( #4863, #4389, #3307, #5844, #4353, #3832 ),
 .UNSPECIFIED., .F., .F.,
 ( 4, 2, 4 ),
 ( 2.615037283285535053E-16, 0.0003969888044124633719, 0.0007939776088246655594 ),
 .UNSPECIFIED. ) ;
#1854 = VERTEX_POINT ( 'NONE', #6248 ) ;
#1855 = LINE ( 'NONE', #6267, #4367 ) ;
#1856 = DIRECTION ( 'NONE',  ( 0.000000000000000000, 0.000000000000000000, 1.000000000000000000 ) ) ;
#1857 = EDGE_CURVE ( 'NONE', #185, #1854, #4221, .T. ) ;
#1858 = EDGE_CURVE ( 'NONE', #1152, #1887, #4861, .T. ) ;
#1859 = SURFACE_STYLE_USAGE ( .BOTH. , #2348 ) ;
#1860 = LINE ( 'NONE', #2319, #6319 ) ;
#1861 = SURFACE_SIDE_STYLE ('',( #5743 ) ) ;
#1862 = MECHANICAL_DESIGN_GEOMETRIC_PRESENTATION_REPRESENTATION (  '', ( #2373 ), #1968 ) ;
#1863 = ORIENTED_EDGE ( 'NONE', *, *, #25, .F. ) ;
#1864 = CARTESIAN_POINT ( 'NONE',  ( -0.5000000000000000000, -1.168370712318190341, 2.153464622091685321 ) ) ;
#1865 = EDGE_CURVE ( 'NONE', #916, #3614, #1056, .T. ) ;
#1866 = CIRCLE ( 'NONE', #5263, 0.6300351710512540615 ) ;
#1867 = SURFACE_STYLE_FILL_AREA ( #12 ) ;
#1868 = CARTESIAN_POINT ( 'NONE',  ( 12.50000000000000000, -6.450368985390642074, -0.3720377589584699107 ) ) ;
#1869 = FILL_AREA_STYLE ('',( #803 ) ) ;
#1870 =( GEOMETRIC_REPRESENTATION_CONTEXT ( 3 ) GLOBAL_UNCERTAINTY_ASSIGNED_CONTEXT ( ( #2252 ) ) GLOBAL_UNIT_ASSIGNED_CONTEXT ( ( #5322, #2417, #2855 ) ) REPRESENTATION_CONTEXT ( 'NONE', 'WORKASPACE' ) );
#1871 = EDGE_CURVE ( 'NONE', #1436, #3311, #2678, .T. ) ;
#1872 = FACE_OUTER_BOUND ( 'NONE', #493, .T. ) ;
#1873 = CARTESIAN_POINT ( 'NONE',  ( 9.500000000000001776, -4.869898583757766630, -2.418288910156850768 ) ) ;
#1874 = SURFACE_STYLE_USAGE ( .BOTH. , #5811 ) ;
#1875 = CARTESIAN_POINT ( 'NONE',  ( 0.000000000000000000, -6.448448220536413089, 0.7017742220555998056 ) ) ;
#1876 = ORIENTED_EDGE ( 'NONE', *, *, #517, .T. ) ;
#1877 = AXIS2_PLACEMENT_3D ( 'NONE', #2354, #1292, #857 ) ;
#1878 = B_SPLINE_CURVE_WITH_KNOTS ( 'NONE', 3,
 ( #2808, #4723, #1884, #5244, #1310, #1794, #1850, #5307, #5823 ),
 .UNSPECIFIED., .F., .F.,
 ( 4, 1, 1, 1, 1, 1, 4 ),
 ( 0.1605140132100207895, 0.2500000000000000000, 0.5000000000000000000, 0.6250000000000000000, 0.7500000000000000000, 0.8750000000000000000, 1.000000000000000000 ),
 .UNSPECIFIED. ) ;
#1879 = ORIENTED_EDGE ( 'NONE', *, *, #5690, .F. ) ;
#1880 = VECTOR ( 'NONE', #4931, 1000.000000000000000 ) ;
#1881 = FACE_OUTER_BOUND ( 'NONE', #4109, .T. ) ;
#1882 =( NAMED_UNIT ( * ) SI_UNIT ( $, .STERADIAN. ) SOLID_ANGLE_UNIT ( ) );
#1883 = CARTESIAN_POINT ( 'NONE',  ( 0.000000000000000000, -1.365337641709120975, 2.079570557497269601 ) ) ;
#1884 = CARTESIAN_POINT ( 'NONE',  ( 3.000000000000000000, -6.443823137738912799, -1.061149213459819496 ) ) ;
#1885 = CARTESIAN_POINT ( 'NONE',  ( 3.000000000000000000, -6.183689156484496685, 2.146661974746719714 ) ) ;
#1886 =( GEOMETRIC_REPRESENTATION_CONTEXT ( 3 ) GLOBAL_UNCERTAINTY_ASSIGNED_CONTEXT ( ( #1640 ) ) GLOBAL_UNIT_ASSIGNED_CONTEXT ( ( #2231, #1198, #2196 ) ) REPRESENTATION_CONTEXT ( 'NONE', 'WORKASPACE' ) );
#1887 = VERTEX_POINT ( 'NONE', #299 ) ;
#1888 = DIRECTION ( 'NONE',  ( -1.000000000000000000, -0.000000000000000000, -0.000000000000000000 ) ) ;
#1889 = PRESENTATION_LAYER_ASSIGNMENT (  '', '', ( #5288 ) ) ;
#1890 = FACE_OUTER_BOUND ( 'NONE', #1620, .T. ) ;
#1891 =( LENGTH_UNIT ( ) NAMED_UNIT ( * ) SI_UNIT ( .MILLI., .METRE. ) );
#1892 = CARTESIAN_POINT ( 'NONE',  ( 9.500000000000001776, 1.967225567140176379, -2.089277364077947841 ) ) ;
#1893 = COLOUR_RGB ( '',0.7960784313725489669, 0.8235294117647058432, 0.9372549019607843146 ) ;
#1894 =( LENGTH_UNIT ( ) NAMED_UNIT ( * ) SI_UNIT ( .MILLI., .METRE. ) );
#1895 = ORIENTED_EDGE ( 'NONE', *, *, #4120, .F. ) ;
#1896 = VECTOR ( 'NONE', #1815, 1000.000000000000000 ) ;
#1897 = EDGE_CURVE ( 'NONE', #3220, #1657, #3312, .T. ) ;
#1898 =( GEOMETRIC_REPRESENTATION_CONTEXT ( 3 ) GLOBAL_UNCERTAINTY_ASSIGNED_CONTEXT ( ( #1120 ) ) GLOBAL_UNIT_ASSIGNED_CONTEXT ( ( #1373, #3757, #6241 ) ) REPRESENTATION_CONTEXT ( 'NONE', 'WORKASPACE' ) );
#1899 = SURFACE_STYLE_FILL_AREA ( #5836 ) ;
#1900 = CIRCLE ( 'NONE', #6129, 0.6300351710512540615 ) ;
#1901 = EDGE_CURVE ( 'NONE', #3863, #2204, #1866, .T. ) ;
#1902 =( NAMED_UNIT ( * ) PLANE_ANGLE_UNIT ( ) SI_UNIT ( $, .RADIAN. ) );
#1903 =( GEOMETRIC_REPRESENTATION_CONTEXT ( 3 ) GLOBAL_UNCERTAINTY_ASSIGNED_CONTEXT ( ( #4825 ) ) GLOBAL_UNIT_ASSIGNED_CONTEXT ( ( #3425, #565, #1917 ) ) REPRESENTATION_CONTEXT ( 'NONE', 'WORKASPACE' ) );
#1904 = CARTESIAN_POINT ( 'NONE',  ( 0.6499999999999995781, 0.000000000000000000, 1.949999999999999956 ) ) ;
#1905 = CARTESIAN_POINT ( 'NONE',  ( 12.50000000000000000, -5.950000000000001954, -0.2000001858965856083 ) ) ;
#1906 = PRESENTATION_STYLE_ASSIGNMENT (( #842 ) ) ;
#1907 = ORIENTED_EDGE ( 'NONE', *, *, #1241, .T. ) ;
#1908 = AXIS2_PLACEMENT_3D ( 'NONE', #1848, #4273, #3785 ) ;
#1909 = ORIENTED_EDGE ( 'NONE', *, *, #5898, .F. ) ;
#1910 = DIRECTION ( 'NONE',  ( 0.000000000000000000, -1.000000000000000000, 6.193993248405337552E-17 ) ) ;
#1911 = CARTESIAN_POINT ( 'NONE',  ( 3.500000000000175415, -5.950000002598583748, -0.2029191244044979137 ) ) ;
#1912 = SURFACE_STYLE_FILL_AREA ( #4302 ) ;
#1913 = PRESENTATION_LAYER_ASSIGNMENT (  '', '', ( #4689 ) ) ;
#1914 =( LENGTH_UNIT ( ) NAMED_UNIT ( * ) SI_UNIT ( .MILLI., .METRE. ) );
#1915 = ORIENTED_EDGE ( 'NONE', *, *, #5850, .T. ) ;
#1916 = CARTESIAN_POINT ( 'NONE',  ( 12.50000000000000000, 1.586240938091048047, -2.189026805738434334 ) ) ;
#1917 =( NAMED_UNIT ( * ) SI_UNIT ( $, .STERADIAN. ) SOLID_ANGLE_UNIT ( ) );
#1918 = AXIS2_PLACEMENT_3D ( 'NONE', #2270, #447, #4225 ) ;
#1919 = CARTESIAN_POINT ( 'NONE',  ( 8.100000000000001421, 0.000000000000000000, -1.000000000000000000 ) ) ;
#1920 = CARTESIAN_POINT ( 'NONE',  ( 0.3999999999999993006, 0.000000000000000000, 0.000000000000000000 ) ) ;
#1921 = CARTESIAN_POINT ( 'NONE',  ( 8.100000000000001421, 0.000000000000000000, 0.000000000000000000 ) ) ;
#1922 = AXIS2_PLACEMENT_3D ( 'NONE', #2502, #5028, #4497 ) ;
#1923 = CARTESIAN_POINT ( 'NONE',  ( 3.000000000000000000, 2.084298718220865876, -1.868384002258182353 ) ) ;
#1924 = B_SPLINE_CURVE_WITH_KNOTS ( 'NONE', 3,
 ( #4800, #3347, #4324, #3919, #21, #3837, #927, #1875, #3806 ),
 .UNSPECIFIED., .F., .F.,
 ( 4, 1, 1, 1, 1, 1, 4 ),
 ( 0.000000000000000000, 0.1250000000000000000, 0.2500000000000000000, 0.3750000000000000000, 0.5000000000000000000, 0.7500000000000000000, 0.8394859867900433814 ),
 .UNSPECIFIED. ) ;
#1925 = AXIS2_PLACEMENT_3D ( 'NONE', #1203, #6131, #3073 ) ;
#1926 = CYLINDRICAL_SURFACE ( 'NONE', #5395, 1.800000000000000044 ) ;
#1927 = ORIENTED_EDGE ( 'NONE', *, *, #3629, .T. ) ;
#1928 = DIRECTION ( 'NONE',  ( 1.000000000000000000, -0.000000000000000000, 0.000000000000000000 ) ) ;
#1929 = FILL_AREA_STYLE_COLOUR ( '', #5694 ) ;
#1930 = CARTESIAN_POINT ( 'NONE',  ( 9.500000000000001776, -6.183689156483929139, 2.146661974746273405 ) ) ;
#1931 = AXIS2_PLACEMENT_3D ( 'NONE', #141, #109, #544 ) ;
#1932 =( NAMED_UNIT ( * ) SI_UNIT ( $, .STERADIAN. ) SOLID_ANGLE_UNIT ( ) );
#1933 = CARTESIAN_POINT ( 'NONE',  ( 0.6499999999999995781, 0.000000000000000000, 0.000000000000000000 ) ) ;
#1934 =( LENGTH_UNIT ( ) NAMED_UNIT ( * ) SI_UNIT ( .MILLI., .METRE. ) );
#1935 = CARTESIAN_POINT ( 'NONE',  ( 9.500000000000001776, -4.869898583757783506, 2.418288910156157989 ) ) ;
#1936 = EDGE_CURVE ( 'NONE', #1182, #5789, #4414, .T. ) ;
#1937 = TOROIDAL_SURFACE ( 'NONE', #3365, 1.699999999999999956, 0.2500000000000000000 ) ;
#1938 =( GEOMETRIC_REPRESENTATION_CONTEXT ( 3 ) GLOBAL_UNCERTAINTY_ASSIGNED_CONTEXT ( ( #2884 ) ) GLOBAL_UNIT_ASSIGNED_CONTEXT ( ( #2362, #2858, #448 ) ) REPRESENTATION_CONTEXT ( 'NONE', 'WORKASPACE' ) );
#1939 = UNCERTAINTY_MEASURE_WITH_UNIT (LENGTH_MEASURE( 1.000000000000000082E-05 ), #4015, 'distance_accuracy_value', 'NONE');
#1940 = UNCERTAINTY_MEASURE_WITH_UNIT (LENGTH_MEASURE( 1.000000000000000082E-05 ), #4326, 'distance_accuracy_value', 'NONE');
#1941 = SURFACE_STYLE_FILL_AREA ( #1460 ) ;
#1942 =( LENGTH_UNIT ( ) NAMED_UNIT ( * ) SI_UNIT ( .MILLI., .METRE. ) );
#1943 = CARTESIAN_POINT ( 'NONE',  ( 12.50000000000000000, 1.204941612932218797, 2.159121886691410808 ) ) ;
#1944 = CARTESIAN_POINT ( 'NONE',  ( 9.500000000000001776, 0.000000000000000000, 0.000000000000000000 ) ) ;
#1945 = CARTESIAN_POINT ( 'NONE',  ( 9.500000000000001776, 1.205463676329423306, 1.591861468293961135 ) ) ;
#1946 = DIRECTION ( 'NONE',  ( 0.000000000000000000, 1.224646799147352714E-16, 1.000000000000000000 ) ) ;
#1947 = ORIENTED_EDGE ( 'NONE', *, *, #911, .T. ) ;
#1948 = UNCERTAINTY_MEASURE_WITH_UNIT (LENGTH_MEASURE( 1.000000000000000082E-05 ), #1447, 'distance_accuracy_value', 'NONE');
#1949 = ADVANCED_FACE ( 'NONE', ( #5838 ), #5910, .F. ) ;
#1950 = ORIENTED_EDGE ( 'NONE', *, *, #2039, .F. ) ;
#1951 = CARTESIAN_POINT ( 'NONE',  ( 0.000000000000000000, -6.450000000000001066, 2.773391560421764486E-15 ) ) ;
#1952 = CARTESIAN_POINT ( 'NONE',  ( 3.500000000000000000, -6.449193518580326412, 0.6000000000000008660 ) ) ;
#1953 = CARTESIAN_POINT ( 'NONE',  ( 9.000000000000001776, -6.450047545971240304, -0.1663622430318895951 ) ) ;
#1954 = VERTEX_POINT ( 'NONE', #4446 ) ;
#1955 = DIRECTION ( 'NONE',  ( 0.000000000000000000, -1.000000000000000000, -6.193993248405337552E-17 ) ) ;
#1956 = DIRECTION ( 'NONE',  ( 0.000000000000000000, 0.000000000000000000, -1.000000000000000000 ) ) ;
#1957 = CARTESIAN_POINT ( 'NONE',  ( 0.000000000000000000, 1.850152416059487104, -2.310170725897713329 ) ) ;
#1958 =( NAMED_UNIT ( * ) SI_UNIT ( $, .STERADIAN. ) SOLID_ANGLE_UNIT ( ) );
#1959 = DIRECTION ( 'NONE',  ( 1.000000000000000000, 0.000000000000000000, 0.000000000000000000 ) ) ;
#1960 = PLANE ( 'NONE',  #4879 ) ;
#1961 = ORIENTED_EDGE ( 'NONE', *, *, #292, .T. ) ;
#1962 = PRESENTATION_STYLE_ASSIGNMENT (( #4409 ) ) ;
#1963 = CARTESIAN_POINT ( 'NONE',  ( 9.500000000000001776, -1.168370712317901239, 2.153464622091052050 ) ) ;
#1964 = CARTESIAN_POINT ( 'NONE',  ( 3.000000000000000000, -6.449446395973134294, 0.5596091947256971455 ) ) ;
#1965 = SURFACE_SIDE_STYLE ('',( #4827 ) ) ;
#1966 = CARTESIAN_POINT ( 'NONE',  ( 9.500000000000001776, 2.084298718220865876, 1.868384002258182353 ) ) ;
#1967 = CARTESIAN_POINT ( 'NONE',  ( 12.50000000000000000, -5.901127389735865592, 1.472889527321850522 ) ) ;
#1968 =( GEOMETRIC_REPRESENTATION_CONTEXT ( 3 ) GLOBAL_UNCERTAINTY_ASSIGNED_CONTEXT ( ( #4256 ) ) GLOBAL_UNIT_ASSIGNED_CONTEXT ( ( #1565, #3509, #1690 ) ) REPRESENTATION_CONTEXT ( 'NONE', 'WORKASPACE' ) );
#1969 =( BOUNDED_SURFACE ( )  B_SPLINE_SURFACE ( 3, 2, ( 
 ( #4535, #1685, #4068 ),
 ( #3572, #6069, #663 ),
 ( #3600, #5590, #1163 ),
 ( #912, #2846, #5739 ) ),
 .UNSPECIFIED., .F., .F., .T. ) 
 B_SPLINE_SURFACE_WITH_KNOTS ( ( 4, 4 ),
 ( 3, 3 ),
 ( 0.000000000000000000, 0.0006070569715331683913 ),
 ( 0.000000000000000000, 1.000000000000000000 ),
 .UNSPECIFIED. ) 
 GEOMETRIC_REPRESENTATION_ITEM ( )  RATIONAL_B_SPLINE_SURFACE ( (
 ( 1.000000000000000000, 0.7071067811865472397, 1.000000000000000000),
 ( 1.000000000000000000, 0.7071067811865472397, 1.000000000000000000),
 ( 1.000000000000000000, 0.7071067811865472397, 1.000000000000000000),
 ( 1.000000000000000000, 0.7071067811865472397, 1.000000000000000000) ) ) 
 REPRESENTATION_ITEM ( '' )  SURFACE ( )  );
#1970 =( NAMED_UNIT ( * ) PLANE_ANGLE_UNIT ( ) SI_UNIT ( $, .RADIAN. ) );
#1971 = CIRCLE ( 'NONE', #2190, 0.4050331274601051135 ) ;
#1972 = CARTESIAN_POINT ( 'NONE',  ( 3.000000000000000000, 1.769344485267118738, 2.267342643550368297 ) ) ;
#1973 = DIRECTION ( 'NONE',  ( 0.000000000000000000, -7.004112811828872660E-15, 1.000000000000000000 ) ) ;
#1974 = CARTESIAN_POINT ( 'NONE',  ( 0.000000000000000000, -5.511447537303412858, -2.424131555431612739 ) ) ;
#1975 = DIRECTION ( 'NONE',  ( 0.000000000000000000, 0.000000000000000000, -1.000000000000000000 ) ) ;
#1976 = EDGE_LOOP ( 'NONE', ( #1907, #3093, #1788, #2803, #2667 ) ) ;
#1977 = STYLED_ITEM ( 'NONE', ( #416 ), #2268 ) ;
#1978 = EDGE_LOOP ( 'NONE', ( #3120, #1146, #164, #3545 ) ) ;
#1979 = CARTESIAN_POINT ( 'NONE',  ( 3.000000000000000000, -5.949181936419980055, -0.5999999999999985345 ) ) ;
#1980 = SURFACE_STYLE_FILL_AREA ( #2014 ) ;
#1981 = EDGE_CURVE ( 'NONE', #4705, #2498, #440, .T. ) ;
#1982 = CARTESIAN_POINT ( 'NONE',  ( 9.000000000000001776, -6.450027152990229773, -0.1109081635062168225 ) ) ;
#1983 = CARTESIAN_POINT ( 'NONE',  ( 9.500000000000001776, -0.9536012874044283993, 1.700924626390192484 ) ) ;
#1984 =( LENGTH_UNIT ( ) NAMED_UNIT ( * ) SI_UNIT ( .MILLI., .METRE. ) );
#1985 = ORIENTED_EDGE ( 'NONE', *, *, #3340, .F. ) ;
#1986 = ORIENTED_EDGE ( 'NONE', *, *, #6198, .F. ) ;
#1987 =( GEOMETRIC_REPRESENTATION_CONTEXT ( 3 ) GLOBAL_UNCERTAINTY_ASSIGNED_CONTEXT ( ( #2588 ) ) GLOBAL_UNIT_ASSIGNED_CONTEXT ( ( #287, #660, #5189 ) ) REPRESENTATION_CONTEXT ( 'NONE', 'WORKASPACE' ) );
#1988 = B_SPLINE_SURFACE_WITH_KNOTS ( 'NONE', 3, 1, ( 
 ( #3706, #1264 ),
 ( #4111, #6078 ),
 ( #3609, #5144 ),
 ( #5600, #3110 ),
 ( #5116, #2642 ),
 ( #238, #2179 ),
 ( #5631, #3143 ),
 ( #738, #2207 ),
 ( #4171, #4862 ),
 ( #3914, #2886 ),
 ( #5878, #2295 ),
 ( #1429, #5808 ),
 ( #3377, #1354 ) ),
 .UNSPECIFIED., .F., .F., .F.,
 ( 4, 1, 1, 1, 1, 1, 1, 1, 1, 1, 4 ),
 ( 2, 2 ),
 ( 0.007813538992001545225, 0.06982519280500143477, 0.1318368466180013243, 0.2558601542440011034, 0.3798834618700008825, 0.5039067694960007726, 0.6279300771220005517, 0.7519533847480003308, 0.8759766923740001099, 0.9379883461869999994, 0.9999999999999998890 ),
 ( 0.000000000000000000, 1.000000000000000000 ),
 .UNSPECIFIED. ) ;
#1989 = EDGE_CURVE ( 'NONE', #6318, #3037, #3079, .T. ) ;
#1990 = DIRECTION ( 'NONE',  ( 1.000000000000000000, -0.000000000000000000, -0.000000000000000000 ) ) ;
#1991 = SURFACE_STYLE_USAGE ( .BOTH. , #626 ) ;
#1992 = STYLED_ITEM ( 'NONE', ( #3860 ), #2880 ) ;
#1993 = SURFACE_STYLE_USAGE ( .BOTH. , #2948 ) ;
#1994 = DIRECTION ( 'NONE',  ( 0.000000000000000000, 0.000000000000000000, -1.000000000000000000 ) ) ;
#1995 = ORIENTED_EDGE ( 'NONE', *, *, #4766, .F. ) ;
#1996 = STYLED_ITEM ( 'NONE', ( #4428 ), #3108 ) ;
#1997 = FACE_OUTER_BOUND ( 'NONE', #6258, .T. ) ;
#1998 =( LENGTH_UNIT ( ) NAMED_UNIT ( * ) SI_UNIT ( .MILLI., .METRE. ) );
#1999 = SURFACE_STYLE_USAGE ( .BOTH. , #2031 ) ;
#2000 = DIRECTION ( 'NONE',  ( 0.000000000000000000, 0.000000000000000000, -1.000000000000000000 ) ) ;
#2001 =( NAMED_UNIT ( * ) PLANE_ANGLE_UNIT ( ) SI_UNIT ( $, .RADIAN. ) );
#2002 =( GEOMETRIC_REPRESENTATION_CONTEXT ( 3 ) GLOBAL_UNCERTAINTY_ASSIGNED_CONTEXT ( ( #3554 ) ) GLOBAL_UNIT_ASSIGNED_CONTEXT ( ( #4925, #541, #72 ) ) REPRESENTATION_CONTEXT ( 'NONE', 'WORKASPACE' ) );
#2003 = SURFACE_STYLE_USAGE ( .BOTH. , #1044 ) ;
#2004 = PLANE ( 'NONE',  #1087 ) ;
#2005 = MECHANICAL_DESIGN_GEOMETRIC_PRESENTATION_REPRESENTATION (  '', ( #1085 ), #5197 ) ;
#2006 = AXIS2_PLACEMENT_3D ( 'NONE', #5328, #3781, #844 ) ;
#2007 = CARTESIAN_POINT ( 'NONE',  ( 9.500000000000001776, -6.422442313217244347, 1.465803793296738489 ) ) ;
#2008 = CARTESIAN_POINT ( 'NONE',  ( 12.50000000000000000, 1.769344485267118738, -2.267342643550368297 ) ) ;
#2009 = CARTESIAN_POINT ( 'NONE',  ( 3.000000000000000000, -0.9536012874044283993, -1.700924626390192484 ) ) ;
#2010 = FACE_BOUND ( 'NONE', #3744, .T. ) ;
#2011 = ORIENTED_EDGE ( 'NONE', *, *, #3172, .F. ) ;
#2012 = PRESENTATION_LAYER_ASSIGNMENT (  '', '', ( #3974 ) ) ;
#2013 = ORIENTED_EDGE ( 'NONE', *, *, #2070, .F. ) ;
#2014 = FILL_AREA_STYLE ('',( #3026 ) ) ;
#2015 = DIRECTION ( 'NONE',  ( -1.000000000000000000, 0.000000000000000000, 0.000000000000000000 ) ) ;
#2016 = CARTESIAN_POINT ( 'NONE',  ( 0.000000000000000000, -3.416280893695002430, 2.317750945014162234 ) ) ;
#2017 = ORIENTED_EDGE ( 'NONE', *, *, #3002, .T. ) ;
#2018 = EDGE_CURVE ( 'NONE', #6214, #61, #3506, .T. ) ;
#2019 = ORIENTED_EDGE ( 'NONE', *, *, #282, .T. ) ;
#2020 = CARTESIAN_POINT ( 'NONE',  ( 9.500000000000001776, -5.949157067572225621, 0.6036205291350632551 ) ) ;
#2021 = STYLED_ITEM ( 'NONE', ( #557 ), #749 ) ;
#2022 =( NAMED_UNIT ( * ) SI_UNIT ( $, .STERADIAN. ) SOLID_ANGLE_UNIT ( ) );
#2023 = CARTESIAN_POINT ( 'NONE',  ( 3.000000000000000000, 1.205463676329423306, -1.591861468293961135 ) ) ;
#2024 = ADVANCED_FACE ( 'NONE', ( #4964 ), #2509, .F. ) ;
#2025 =( GEOMETRIC_REPRESENTATION_CONTEXT ( 3 ) GLOBAL_UNCERTAINTY_ASSIGNED_CONTEXT ( ( #2726 ) ) GLOBAL_UNIT_ASSIGNED_CONTEXT ( ( #3166, #5650, #2132 ) ) REPRESENTATION_CONTEXT ( 'NONE', 'WORKASPACE' ) );
#2026 = FACE_OUTER_BOUND ( 'NONE', #136, .T. ) ;
#2027 = ORIENTED_EDGE ( 'NONE', *, *, #1477, .F. ) ;
#2028 = CYLINDRICAL_SURFACE ( 'NONE', #476, 1.949999999999999734 ) ;
#2029 = UNCERTAINTY_MEASURE_WITH_UNIT (LENGTH_MEASURE( 1.000000000000000082E-05 ), #6295, 'distance_accuracy_value', 'NONE');
#2030 = VECTOR ( 'NONE', #2532, 1000.000000000000000 ) ;
#2031 = SURFACE_SIDE_STYLE ('',( #5035 ) ) ;
#2032 = PLANE ( 'NONE',  #4007 ) ;
#2033 = B_SPLINE_CURVE_WITH_KNOTS ( 'NONE', 3,
 ( #6109, #5579, #1700, #3059 ),
 .UNSPECIFIED., .F., .F.,
 ( 4, 4 ),
 ( 0.000000000000000000, 1.000000000000000000 ),
 .UNSPECIFIED. ) ;
#2034 = CARTESIAN_POINT ( 'NONE',  ( 12.50000000000000000, -2.282428645141714618, 2.102202052405111043 ) ) ;
#2035 = PRESENTATION_STYLE_ASSIGNMENT (( #3505 ) ) ;
#2036 = STYLED_ITEM ( 'NONE', ( #2047 ), #3181 ) ;
#2037 = CARTESIAN_POINT ( 'NONE',  ( 9.500000000000001776, -5.950000000000001954, -0.2029191250801020141 ) ) ;
#2038 = CARTESIAN_POINT ( 'NONE',  ( 9.500000000000001776, -5.511447537303414634, -1.924131555431610963 ) ) ;
#2039 = EDGE_CURVE ( 'NONE', #531, #274, #111, .T. ) ;
#2040 = PLANE ( 'NONE',  #2358 ) ;
#2041 = CARTESIAN_POINT ( 'NONE',  ( 3.000000000000000000, -6.450000000000001954, -0.1584447975266691788 ) ) ;
#2042 = FACE_OUTER_BOUND ( 'NONE', #1444, .T. ) ;
#2043 = EDGE_LOOP ( 'NONE', ( #2641, #1654, #3547, #192 ) ) ;
#2044 = MECHANICAL_DESIGN_GEOMETRIC_PRESENTATION_REPRESENTATION (  '', ( #4603 ), #2247 ) ;
#2045 = ORIENTED_EDGE ( 'NONE', *, *, #2426, .F. ) ;
#2046 = CARTESIAN_POINT ( 'NONE',  ( 3.500000000000000000, -6.450067938952982693, 0.2218163245494267910 ) ) ;
#2047 = PRESENTATION_STYLE_ASSIGNMENT (( #5399 ) ) ;
#2048 = CIRCLE ( 'NONE', #4207, 1.949999999999999734 ) ;
#2049 =( LENGTH_UNIT ( ) NAMED_UNIT ( * ) SI_UNIT ( .MILLI., .METRE. ) );
#2050 = CARTESIAN_POINT ( 'NONE',  ( 13.00000000000000178, -6.450561480303281137, 0.4047282839087930628 ) ) ;
#2051 = ORIENTED_EDGE ( 'NONE', *, *, #2301, .T. ) ;
#2052 = ORIENTED_EDGE ( 'NONE', *, *, #5595, .F. ) ;
#2053 = COLOUR_RGB ( '',0.9372549019607843146, 0.8823529411764705621, 0.8823529411764705621 ) ;
#2054 = CARTESIAN_POINT ( 'NONE',  ( 12.50000000000000000, 1.850152416059160920, -2.310170725898328392 ) ) ;
#2055 = FILL_AREA_STYLE_COLOUR ( '', #2649 ) ;
#2056 = CARTESIAN_POINT ( 'NONE',  ( 3.000000000000000000, 1.032974534022424562, -2.221590333989759358 ) ) ;
#2057 = EDGE_CURVE ( 'NONE', #3175, #3037, #3630, .T. ) ;
#2058 = CARTESIAN_POINT ( 'NONE',  ( 3.000000000000000000, -6.331521131136688574, -1.847389710217548053 ) ) ;
#2059 = CARTESIAN_POINT ( 'NONE',  ( 13.00000000000000178, -1.064440354695364688, -1.786135902123084040 ) ) ;
#2060 = EDGE_LOOP ( 'NONE', ( #3001, #4366, #3685, #584 ) ) ;
#2061 = PRESENTATION_STYLE_ASSIGNMENT (( #5483 ) ) ;
#2062 = CARTESIAN_POINT ( 'NONE',  ( 9.500000000000001776, -5.303916665296943833, 2.424131555431610963 ) ) ;
#2063 = EDGE_CURVE ( 'NONE', #4528, #4514, #5164, .T. ) ;
#2064 = CARTESIAN_POINT ( 'NONE',  ( 3.000000000000000000, -6.450000000000696510, 0.1584447975266683462 ) ) ;
#2065 = EDGE_CURVE ( 'NONE', #274, #4394, #4706, .T. ) ;
#2066 = FILL_AREA_STYLE ('',( #5980 ) ) ;
#2067 = CARTESIAN_POINT ( 'NONE',  ( 12.50000000000000000, -1.732354142640875505, 2.008456984256251410 ) ) ;
#2068 = CARTESIAN_POINT ( 'NONE',  ( 11.60000000000000142, 2.081899558550500280E-16, 1.699999999999999956 ) ) ;
#2069 = PRESENTATION_STYLE_ASSIGNMENT (( #5003 ) ) ;
#2070 = EDGE_CURVE ( 'NONE', #1954, #6299, #4011, .T. ) ;
#2071 =( NAMED_UNIT ( * ) PLANE_ANGLE_UNIT ( ) SI_UNIT ( $, .RADIAN. ) );
#2072 = CARTESIAN_POINT ( 'NONE',  ( 3.000000000000000000, -9.449999999999999289, 0.6000000000000014211 ) ) ;
#2073 = PRESENTATION_STYLE_ASSIGNMENT (( #3637 ) ) ;
#2074 = CARTESIAN_POINT ( 'NONE',  ( 13.00000000000000178, 0.3902346044188405583, -1.199474824451286725 ) ) ;
#2075 = EDGE_LOOP ( 'NONE', ( #686, #283, #2861, #4170, #1008, #4214 ) ) ;
#2076 = ADVANCED_FACE ( 'NONE', ( #1740 ), #1280, .F. ) ;
#2077 = VERTEX_POINT ( 'NONE', #1219 ) ;
#2078 = COLOUR_RGB ( '',0.7960784313725489669, 0.8235294117647058432, 0.9372549019607843146 ) ;
#2079 = DIRECTION ( 'NONE',  ( 0.000000000000000000, 0.000000000000000000, -1.000000000000000000 ) ) ;
#2080 = SURFACE_STYLE_USAGE ( .BOTH. , #4873 ) ;
#2081 = SURFACE_STYLE_FILL_AREA ( #3647 ) ;
#2082 = UNCERTAINTY_MEASURE_WITH_UNIT (LENGTH_MEASURE( 1.000000000000000082E-05 ), #791, 'distance_accuracy_value', 'NONE');
#2083 = CARTESIAN_POINT ( 'NONE',  ( 0.000000000000000000, -4.869898583757766630, 2.418288910156850768 ) ) ;
#2084 = LINE ( 'NONE', #5175, #4365 ) ;
#2085 = VERTEX_POINT ( 'NONE', #3159 ) ;
#2086 = MECHANICAL_DESIGN_GEOMETRIC_PRESENTATION_REPRESENTATION (  '', ( #3294 ), #6003 ) ;
#2087 = ORIENTED_EDGE ( 'NONE', *, *, #2018, .F. ) ;
#2088 = AXIS2_PLACEMENT_3D ( 'NONE', #1772, #2199, #5625 ) ;
#2089 = CARTESIAN_POINT ( 'NONE',  ( 12.50000000000000000, -4.869898583757766630, -2.418288910156850768 ) ) ;
#2090 = SURFACE_SIDE_STYLE ('',( #5671 ) ) ;
#2091 = LINE ( 'NONE', #4063, #3207 ) ;
#2092 = ORIENTED_EDGE ( 'NONE', *, *, #4002, .F. ) ;
#2093 = EDGE_LOOP ( 'NONE', ( #3390, #929, #1147, #2224, #1683, #2177, #1845, #3252, #3094, #6019 ) ) ;
#2094 = FACE_OUTER_BOUND ( 'NONE', #5050, .T. ) ;
#2095 = AXIS2_PLACEMENT_3D ( 'NONE', #3329, #3292, #2261 ) ;
#2096 = CARTESIAN_POINT ( 'NONE',  ( 9.499999999999998224, -6.422442313217941567, -1.465803793296805546 ) ) ;
#2097 = DIRECTION ( 'NONE',  ( 0.000000000000000000, 0.000000000000000000, 1.000000000000000000 ) ) ;
#2098 = PRODUCT ( 'Fuse Holder PCB', 'Fuse Holder PCB', '', ( #5853 ) ) ;
#2099 = LINE ( 'NONE', #6125, #4550 ) ;
#2100 = CARTESIAN_POINT ( 'NONE',  ( -0.5000000000000000000, -6.450000002576825153, 0.2023550851072062062 ) ) ;
#2101 = MECHANICAL_DESIGN_GEOMETRIC_PRESENTATION_REPRESENTATION (  '', ( #3632 ), #4762 ) ;
#2102 = AXIS2_PLACEMENT_3D ( 'NONE', #1892, #1348, #4820 ) ;
#2103 = CARTESIAN_POINT ( 'NONE',  ( 9.500000000000001776, -6.183689156483929139, 2.146661974746273405 ) ) ;
#2104 = SURFACE_SIDE_STYLE ('',( #3670 ) ) ;
#2105 = VECTOR ( 'NONE', #3164, 1000.000000000000000 ) ;
#2106 =( LENGTH_UNIT ( ) NAMED_UNIT ( * ) SI_UNIT ( .MILLI., .METRE. ) );
#2107 = CARTESIAN_POINT ( 'NONE',  ( -0.1000000000000011297, 0.000000000000000000, 0.000000000000000000 ) ) ;
#2108 = EDGE_LOOP ( 'NONE', ( #5262, #4593, #437, #868 ) ) ;
#2109 = ADVANCED_FACE ( 'NONE', ( #5155 ), #3952, .F. ) ;
#2110 =( GEOMETRIC_REPRESENTATION_CONTEXT ( 3 ) GLOBAL_UNCERTAINTY_ASSIGNED_CONTEXT ( ( #181 ) ) GLOBAL_UNIT_ASSIGNED_CONTEXT ( ( #965, #2905, #3362 ) ) REPRESENTATION_CONTEXT ( 'NONE', 'WORKASPACE' ) );
#2111 = MECHANICAL_DESIGN_GEOMETRIC_PRESENTATION_REPRESENTATION (  '', ( #5807 ), #1602 ) ;
#2112 = VERTEX_POINT ( 'NONE', #936 ) ;
#2113 = CARTESIAN_POINT ( 'NONE',  ( -0.4999999999999998890, 0.1432629062301347678, 2.072365092888162508 ) ) ;
#2114 = SURFACE_STYLE_USAGE ( .BOTH. , #3146 ) ;
#2115 = CARTESIAN_POINT ( 'NONE',  ( 9.500000000000001776, -5.950000000000002842, -0.2206616869795796909 ) ) ;
#2117 = CARTESIAN_POINT ( 'NONE',  ( 9.000000000000001776, -9.449999999999999289, -1.192622389734054877E-15 ) ) ;
#2116 = STYLED_ITEM ( 'NONE', ( #4578 ), #5798 ) ;
#2118 = ORIENTED_EDGE ( 'NONE', *, *, #2973, .F. ) ;
#2119 = MECHANICAL_DESIGN_GEOMETRIC_PRESENTATION_REPRESENTATION (  '', ( #3980 ), #1396 ) ;
#2120 = ORIENTED_EDGE ( 'NONE', *, *, #3423, .F. ) ;
#2121 = AXIS2_PLACEMENT_3D ( 'NONE', #3644, #5992, #4112 ) ;
#2122 =( LENGTH_UNIT ( ) NAMED_UNIT ( * ) SI_UNIT ( .MILLI., .METRE. ) );
#2123 = FACE_OUTER_BOUND ( 'NONE', #4615, .T. ) ;
#2124 = PRESENTATION_STYLE_ASSIGNMENT (( #625 ) ) ;
#2125 = CIRCLE ( 'NONE', #3548, 2.450000000002283684 ) ;
#2126 = PRODUCT_DEFINITION ( 'UNKNOWN', '', #6219, #1466 ) ;
#2127 = ORIENTED_EDGE ( 'NONE', *, *, #628, .T. ) ;
#2128 = DIRECTION ( 'NONE',  ( 0.000000000000000000, 0.000000000000000000, -1.000000000000000000 ) ) ;
#2129 = ORIENTED_EDGE ( 'NONE', *, *, #171, .T. ) ;
#2130 = DIRECTION ( 'NONE',  ( 0.000000000000000000, 0.000000000000000000, -1.000000000000000000 ) ) ;
#2131 = SURFACE_STYLE_FILL_AREA ( #5158 ) ;
#2132 =( NAMED_UNIT ( * ) SI_UNIT ( $, .STERADIAN. ) SOLID_ANGLE_UNIT ( ) );
#2133 = CARTESIAN_POINT ( 'NONE',  ( 9.500000000000001776, 0.000000000000000000, 0.000000000000000000 ) ) ;
#2134 = COLOUR_RGB ( '',0.9372549019607843146, 0.8823529411764705621, 0.8823529411764705621 ) ;
#2135 = CARTESIAN_POINT ( 'NONE',  ( 9.500000000000001776, 1.205463676329423306, 1.591861468293961135 ) ) ;
#2136 = CARTESIAN_POINT ( 'NONE',  ( -0.5000000000000000000, -6.449145036459873914, 0.6070545541800316247 ) ) ;
#2137 = COLOUR_RGB ( '',1.000000000000000000, 1.000000000000000000, 1.000000000000000000 ) ;
#2138 = LINE ( 'NONE', #6194, #2384 ) ;
#2139 =( NAMED_UNIT ( * ) PLANE_ANGLE_UNIT ( ) SI_UNIT ( $, .RADIAN. ) );
#2140 = MECHANICAL_DESIGN_GEOMETRIC_PRESENTATION_REPRESENTATION (  '', ( #2036 ), #405 ) ;
#2141 = SURFACE_STYLE_USAGE ( .BOTH. , #2607 ) ;
#2142 = CYLINDRICAL_SURFACE ( 'NONE', #4334, 2.450000000002283684 ) ;
#2143 = EDGE_CURVE ( 'NONE', #644, #3065, #3285, .T. ) ;
#2144 = CARTESIAN_POINT ( 'NONE',  ( 3.000000000000000000, -5.511447537303413746, -1.924131555431612517 ) ) ;
#2145 = VERTEX_POINT ( 'NONE', #3753 ) ;
#2146 =( GEOMETRIC_REPRESENTATION_CONTEXT ( 3 ) GLOBAL_UNCERTAINTY_ASSIGNED_CONTEXT ( ( #1503 ) ) GLOBAL_UNIT_ASSIGNED_CONTEXT ( ( #4276, #1278, #3225 ) ) REPRESENTATION_CONTEXT ( 'NONE', 'WORKASPACE' ) );
#2147 = ORIENTED_EDGE ( 'NONE', *, *, #1601, .T. ) ;
#2148 = TOROIDAL_SURFACE ( 'NONE', #3891, 1.950000000002283684, 0.5000000000000000000 ) ;
#2149 = FACE_OUTER_BOUND ( 'NONE', #3031, .T. ) ;
#2150 = CARTESIAN_POINT ( 'NONE',  ( 0.8999999999999998002, 0.000000000000000000, 0.000000000000000000 ) ) ;
#2151 = EDGE_CURVE ( 'NONE', #6037, #5008, #4238, .T. ) ;
#2152 = UNCERTAINTY_MEASURE_WITH_UNIT (LENGTH_MEASURE( 1.000000000000000082E-05 ), #3466, 'distance_accuracy_value', 'NONE');
#2153 = DIRECTION ( 'NONE',  ( 0.000000000000000000, 0.000000000000000000, -1.000000000000000000 ) ) ;
#2154 = AXIS2_PLACEMENT_3D ( 'NONE', #1226, #5561, #729 ) ;
#2155 = STYLED_ITEM ( 'NONE', ( #5539 ), #3918 ) ;
#2156 = VERTEX_POINT ( 'NONE', #2869 ) ;
#2157 = EDGE_LOOP ( 'NONE', ( #1895, #6208, #4265, #5329, #6257 ) ) ;
#2158 =( GEOMETRIC_REPRESENTATION_CONTEXT ( 3 ) GLOBAL_UNCERTAINTY_ASSIGNED_CONTEXT ( ( #2449 ) ) GLOBAL_UNIT_ASSIGNED_CONTEXT ( ( #2049, #5604, #1641 ) ) REPRESENTATION_CONTEXT ( 'NONE', 'WORKASPACE' ) );
#2159 =( NAMED_UNIT ( * ) PLANE_ANGLE_UNIT ( ) SI_UNIT ( $, .RADIAN. ) );
#2160 = CARTESIAN_POINT ( 'NONE',  ( -0.5000000000000000000, 0.3902346044188405583, 1.199474824451286725 ) ) ;
#2161 = CARTESIAN_POINT ( 'NONE',  ( 0.000000000000000000, -5.950555673975649995, 0.4000045320418553763 ) ) ;
#2162 =( NAMED_UNIT ( * ) PLANE_ANGLE_UNIT ( ) SI_UNIT ( $, .RADIAN. ) );
#2163 = CARTESIAN_POINT ( 'NONE',  ( 0.6499999999999995781, -2.388061258337338643E-16, -1.949999999999999956 ) ) ;
#2164 = ORIENTED_EDGE ( 'NONE', *, *, #112, .T. ) ;
#2165 = EDGE_CURVE ( 'NONE', #5010, #602, #1971, .T. ) ;
#2166 = CARTESIAN_POINT ( 'NONE',  ( 0.000000000000000000, -5.949181936419979166, 0.6000000000000005329 ) ) ;
#2167 = FILL_AREA_STYLE_COLOUR ( '', #5790 ) ;
#2168 = FILL_AREA_STYLE ('',( #5101 ) ) ;
#2169 =( NAMED_UNIT ( * ) PLANE_ANGLE_UNIT ( ) SI_UNIT ( $, .RADIAN. ) );
#2170 =( NAMED_UNIT ( * ) SI_UNIT ( $, .STERADIAN. ) SOLID_ANGLE_UNIT ( ) );
#2171 = CARTESIAN_POINT ( 'NONE',  ( 0.000000000000000000, -3.416280893695073484, -2.317750945013471231 ) ) ;
#2172 = B_SPLINE_CURVE_WITH_KNOTS ( 'NONE', 3,
 ( #1492, #5384, #1935, #478, #4383, #14, #3912, #5424, #3406, #5460, #515, #577, #5913 ),
 .UNSPECIFIED., .F., .F.,
 ( 4, 1, 1, 1, 1, 1, 1, 1, 1, 1, 4 ),
 ( 0.007813538992001545225, 0.06982519280500143477, 0.1318368466180013243, 0.2558601542440011034, 0.3798834618700008825, 0.5039067694960007726, 0.6279300771220005517, 0.7519533847480003308, 0.8759766923740001099, 0.9379883461869999994, 0.9999999999999998890 ),
 .UNSPECIFIED. ) ;
#2173 = CARTESIAN_POINT ( 'NONE',  ( 12.50000000000000000, 0.1802463793664835223, -1.941651679041653589 ) ) ;
#2174 =( LENGTH_UNIT ( ) NAMED_UNIT ( * ) SI_UNIT ( .MILLI., .METRE. ) );
#2175 =( NAMED_UNIT ( * ) SI_UNIT ( $, .STERADIAN. ) SOLID_ANGLE_UNIT ( ) );
#2176 = CARTESIAN_POINT ( 'NONE',  ( 0.8999999999999998002, 0.000000000000000000, -1.949999999999999956 ) ) ;
#2177 = ORIENTED_EDGE ( 'NONE', *, *, #1681, .F. ) ;
#2178 = EDGE_LOOP ( 'NONE', ( #533, #1451, #5587, #2831, #1828 ) ) ;
#2179 = CARTESIAN_POINT ( 'NONE',  ( 0.000000000000000000, -2.761679942142320154, -2.209572282996065784 ) ) ;
#2180 =( NAMED_UNIT ( * ) SI_UNIT ( $, .STERADIAN. ) SOLID_ANGLE_UNIT ( ) );
#2181 = DIRECTION ( 'NONE',  ( -1.000000000000000000, -0.000000000000000000, -0.000000000000000000 ) ) ;
#2182 = CARTESIAN_POINT ( 'NONE',  ( 3.000000000000000000, -5.856555014391969571, 2.390956376935549965 ) ) ;
#2183 = FILL_AREA_STYLE_COLOUR ( '', #595 ) ;
#2184 = EDGE_LOOP ( 'NONE', ( #5704, #975, #1476, #1817, #125 ) ) ;
#2185 =( GEOMETRIC_REPRESENTATION_CONTEXT ( 3 ) GLOBAL_UNCERTAINTY_ASSIGNED_CONTEXT ( ( #3906 ) ) GLOBAL_UNIT_ASSIGNED_CONTEXT ( ( #1775, #330, #3733 ) ) REPRESENTATION_CONTEXT ( 'NONE', 'WORKASPACE' ) );
#2186 = ORIENTED_EDGE ( 'NONE', *, *, #662, .F. ) ;
#2187 = EDGE_CURVE ( 'NONE', #510, #3448, #5592, .T. ) ;
#2188 = CARTESIAN_POINT ( 'NONE',  ( 12.60000000000000142, 0.000000000000000000, 0.000000000000000000 ) ) ;
#2189 = DIRECTION ( 'NONE',  ( 1.000000000000000000, 0.000000000000000000, 0.000000000000000000 ) ) ;
#2190 = AXIS2_PLACEMENT_3D ( 'NONE', #5245, #907, #6238 ) ;
#2191 = SURFACE_SIDE_STYLE ('',( #4211 ) ) ;
#2192 = CARTESIAN_POINT ( 'NONE',  ( 12.50000000000000000, -1.948279784402757731, 2.028884253203181665 ) ) ;
#2193 = ORIENTED_EDGE ( 'NONE', *, *, #3064, .T. ) ;
#2194 = CARTESIAN_POINT ( 'NONE',  ( 11.85000000000000142, 0.000000000000000000, 0.000000000000000000 ) ) ;
#2195 = EDGE_LOOP ( 'NONE', ( #737, #2638, #2193, #3055 ) ) ;
#2196 =( NAMED_UNIT ( * ) SI_UNIT ( $, .STERADIAN. ) SOLID_ANGLE_UNIT ( ) );
#2197 = CARTESIAN_POINT ( 'NONE',  ( 3.000000000000000000, -1.732354142640875505, -2.008456984256251410 ) ) ;
#2198 = MECHANICAL_DESIGN_GEOMETRIC_PRESENTATION_REPRESENTATION (  '', ( #4973 ), #2691 ) ;
#2199 = DIRECTION ( 'NONE',  ( 1.000000000000000000, 0.000000000000000000, -0.000000000000000000 ) ) ;
#2200 = FACE_OUTER_BOUND ( 'NONE', #5186, .T. ) ;
#2201 = FILL_AREA_STYLE ('',( #4541 ) ) ;
#2202 = CARTESIAN_POINT ( 'NONE',  ( 9.500000000000001776, 1.205463676329423306, -1.591861468293960913 ) ) ;
#2203 =( LENGTH_UNIT ( ) NAMED_UNIT ( * ) SI_UNIT ( .MILLI., .METRE. ) );
#2204 = VERTEX_POINT ( 'NONE', #2840 ) ;
#2205 = EDGE_LOOP ( 'NONE', ( #1760, #5453, #2609, #2304 ) ) ;
#2206 = VECTOR ( 'NONE', #3447, 1000.000000000000000 ) ;
#2207 = CARTESIAN_POINT ( 'NONE',  ( 0.000000000000000000, -1.948279784402757731, -2.028884253203181665 ) ) ;
#2208 = FILL_AREA_STYLE_COLOUR ( '', #696 ) ;
#2209 =( NAMED_UNIT ( * ) PLANE_ANGLE_UNIT ( ) SI_UNIT ( $, .RADIAN. ) );
#2210 = CARTESIAN_POINT ( 'NONE',  ( 12.50000000000000000, -1.168370712318190341, -2.153464622091685321 ) ) ;
#2211 = LINE ( 'NONE', #4176, #3101 ) ;
#2212 = ORIENTED_EDGE ( 'NONE', *, *, #722, .T. ) ;
#2213 = COLOUR_RGB ( '',0.9372549019607843146, 0.8823529411764705621, 0.8823529411764705621 ) ;
#2214 = ORIENTED_EDGE ( 'NONE', *, *, #3789, .F. ) ;
#2215 = COLOUR_RGB ( '',0.9372549019607843146, 0.8823529411764705621, 0.8823529411764705621 ) ;
#2216 = CARTESIAN_POINT ( 'NONE',  ( 9.500000000000001776, -2.282428645141570733, -2.102202052405789612 ) ) ;
#2217 = MECHANICAL_DESIGN_GEOMETRIC_PRESENTATION_REPRESENTATION (  '', ( #187 ), #4266 ) ;
#2218 = PLANE ( 'NONE',  #6143 ) ;
#2219 = FILL_AREA_STYLE_COLOUR ( '', #4203 ) ;
#2220 = DIRECTION ( 'NONE',  ( 1.000000000000000000, -0.000000000000000000, -0.000000000000000000 ) ) ;
#2221 = ADVANCED_FACE ( 'NONE', ( #4813 ), #429, .T. ) ;
#2222 = AXIS2_PLACEMENT_3D ( 'NONE', #4942, #2996, #1402 ) ;
#2223 = UNCERTAINTY_MEASURE_WITH_UNIT (LENGTH_MEASURE( 1.000000000000000082E-05 ), #5153, 'distance_accuracy_value', 'NONE');
#2224 = ORIENTED_EDGE ( 'NONE', *, *, #3621, .F. ) ;
#2225 = VERTEX_POINT ( 'NONE', #838 ) ;
#2226 = CARTESIAN_POINT ( 'NONE',  ( 3.000000000000000000, -2.282428645141570733, 2.102202052405789612 ) ) ;
#2227 = CIRCLE ( 'NONE', #4993, 0.5000000000000004441 ) ;
#2228 = CARTESIAN_POINT ( 'NONE',  ( 12.50000000000000000, 1.204941612932218797, 2.159121886691410808 ) ) ;
#2229 =( NAMED_UNIT ( * ) PLANE_ANGLE_UNIT ( ) SI_UNIT ( $, .RADIAN. ) );
#2230 = EDGE_CURVE ( 'NONE', #97, #2077, #2994, .T. ) ;
#2231 =( LENGTH_UNIT ( ) NAMED_UNIT ( * ) SI_UNIT ( .MILLI., .METRE. ) );
#2232 =( NAMED_UNIT ( * ) PLANE_ANGLE_UNIT ( ) SI_UNIT ( $, .RADIAN. ) );
#2233 = CIRCLE ( 'NONE', #799, 1.949999999999999734 ) ;
#2234 = CARTESIAN_POINT ( 'NONE',  ( 9.500000000000001776, 1.967225567140176379, -2.339277364078295562 ) ) ;
#2235 = UNCERTAINTY_MEASURE_WITH_UNIT (LENGTH_MEASURE( 1.000000000000000082E-05 ), #4330, 'distance_accuracy_value', 'NONE');
#2236 = AXIS2_PLACEMENT_3D ( 'NONE', #3188, #5181, #4748 ) ;
#2237 =( NAMED_UNIT ( * ) SI_UNIT ( $, .STERADIAN. ) SOLID_ANGLE_UNIT ( ) );
#2238 = VERTEX_POINT ( 'NONE', #2735 ) ;
#2239 = ORIENTED_EDGE ( 'NONE', *, *, #2763, .F. ) ;
#2240 = EDGE_CURVE ( 'NONE', #3381, #2626, #4557, .T. ) ;
#2241 = SURFACE_STYLE_USAGE ( .BOTH. , #1757 ) ;
#2242 = VECTOR ( 'NONE', #2908, 1000.000000000000114 ) ;
#2243 = CARTESIAN_POINT ( 'NONE',  ( 0.000000000000000000, -6.450000000000001954, -0.1584447975266691788 ) ) ;
#2244 = VERTEX_POINT ( 'NONE', #3643 ) ;
#2245 = EDGE_LOOP ( 'NONE', ( #3674, #392, #1124, #4947 ) ) ;
#2246 = FACE_OUTER_BOUND ( 'NONE', #4738, .T. ) ;
#2247 =( GEOMETRIC_REPRESENTATION_CONTEXT ( 3 ) GLOBAL_UNCERTAINTY_ASSIGNED_CONTEXT ( ( #4531 ) ) GLOBAL_UNIT_ASSIGNED_CONTEXT ( ( #4819, #3235, #1253 ) ) REPRESENTATION_CONTEXT ( 'NONE', 'WORKASPACE' ) );
#2248 = CYLINDRICAL_SURFACE ( 'NONE', #3341, 0.6300351710512541725 ) ;
#2249 = PRESENTATION_LAYER_ASSIGNMENT (  '', '', ( #4197 ) ) ;
#2250 = CARTESIAN_POINT ( 'NONE',  ( 0.000000000000000000, -5.950000000000001954, 0.2000001858965856083 ) ) ;
#2251 = FACE_OUTER_BOUND ( 'NONE', #3432, .T. ) ;
#2252 = UNCERTAINTY_MEASURE_WITH_UNIT (LENGTH_MEASURE( 1.000000000000000082E-05 ), #5322, 'distance_accuracy_value', 'NONE');
#2253 = B_SPLINE_CURVE_WITH_KNOTS ( 'NONE', 3,
 ( #2825, #4797, #4320, #5880, #6279 ),
 .UNSPECIFIED., .F., .F.,
 ( 4, 1, 4 ),
 ( 0.000000000000000000, 0.1250000000000000000, 0.1605140132100207895 ),
 .UNSPECIFIED. ) ;
#2254 = PRESENTATION_LAYER_ASSIGNMENT (  '', '', ( #1425 ) ) ;
#2255 = EDGE_LOOP ( 'NONE', ( #3369, #4097 ) ) ;
#2256 = CARTESIAN_POINT ( 'NONE',  ( 13.00000000000000178, 0.3902346044188405583, -1.199474824451286725 ) ) ;
#2257 = CARTESIAN_POINT ( 'NONE',  ( 9.500000000000001776, 1.087617498296542085, -2.196531237076412069 ) ) ;
#2258 = FILL_AREA_STYLE ('',( #4692 ) ) ;
#2259 = AXIS2_PLACEMENT_3D ( 'NONE', #2150, #4117, #5779 ) ;
#2260 = DIRECTION ( 'NONE',  ( -0.000000000000000000, 1.000000000000000000, -1.858197974521601389E-16 ) ) ;
#2261 = DIRECTION ( 'NONE',  ( 0.000000000000000000, 0.000000000000000000, -1.000000000000000000 ) ) ;
#2262 = CARTESIAN_POINT ( 'NONE',  ( 12.50000000000000000, -5.511447537303412858, 2.424131555431612739 ) ) ;
#2263 =( NAMED_UNIT ( * ) PLANE_ANGLE_UNIT ( ) SI_UNIT ( $, .RADIAN. ) );
#2264 = STYLED_ITEM ( 'NONE', ( #2513 ), #4186 ) ;
#2265 = ADVANCED_FACE ( 'NONE', ( #3676 ), #1988, .F. ) ;
#2266 = FILL_AREA_STYLE_COLOUR ( '', #1738 ) ;
#2267 = SURFACE_SIDE_STYLE ('',( #921 ) ) ;
#2268 = ADVANCED_FACE ( 'NONE', ( #3342 ), #5386, .T. ) ;
#2269 =( NAMED_UNIT ( * ) SI_UNIT ( $, .STERADIAN. ) SOLID_ANGLE_UNIT ( ) );
#2270 = CARTESIAN_POINT ( 'NONE',  ( 13.00000000000000178, -9.449999999999999289, -1.192622389734054877E-15 ) ) ;
#2271 = FACE_OUTER_BOUND ( 'NONE', #2833, .T. ) ;
#2272 =( LENGTH_UNIT ( ) NAMED_UNIT ( * ) SI_UNIT ( .MILLI., .METRE. ) );
#2273 = CARTESIAN_POINT ( 'NONE',  ( 3.000000000000000000, -6.445457888637967869, -1.030209834226573307 ) ) ;
#2274 = ORIENTED_EDGE ( 'NONE', *, *, #5979, .T. ) ;
#2275 = EDGE_CURVE ( 'NONE', #708, #3118, #5792, .T. ) ;
#2276 = ORIENTED_EDGE ( 'NONE', *, *, #4933, .T. ) ;
#2277 =( LENGTH_UNIT ( ) NAMED_UNIT ( * ) SI_UNIT ( .MILLI., .METRE. ) );
#2278 = DIRECTION ( 'NONE',  ( 0.000000000000000000, 0.000000000000000000, 1.000000000000000000 ) ) ;
#2279 = DIRECTION ( 'NONE',  ( 0.000000000000000000, 0.000000000000000000, -1.000000000000000000 ) ) ;
#2280 = CARTESIAN_POINT ( 'NONE',  ( 13.00000000000000178, -6.450000000000002842, 0.2000001806699940876 ) ) ;
#2281 = CARTESIAN_POINT ( 'NONE',  ( 3.000000000000000000, -6.450000000000696510, 0.1584447975266683462 ) ) ;
#2282 = EDGE_CURVE ( 'NONE', #2571, #4641, #3191, .T. ) ;
#2283 = ORIENTED_EDGE ( 'NONE', *, *, #3098, .F. ) ;
#2284 = FACE_BOUND ( 'NONE', #2619, .T. ) ;
#2285 = CARTESIAN_POINT ( 'NONE',  ( 9.500000000000001776, 1.032974534022083279, -2.221590333988931132 ) ) ;
#2286 = CARTESIAN_POINT ( 'NONE',  ( 3.000000000000000000, 1.625849179933230637, -1.625406433278026030 ) ) ;
#2287 = FILL_AREA_STYLE ('',( #3333 ) ) ;
#2288 = STYLED_ITEM ( 'NONE', ( #1624 ), #2585 ) ;
#2289 = CARTESIAN_POINT ( 'NONE',  ( 0.000000000000000000, 1.032974534022424562, -2.221590333989759358 ) ) ;
#2290 = DIRECTION ( 'NONE',  ( 0.000000000000000000, 0.000000000000000000, 1.000000000000000000 ) ) ;
#2291 = CARTESIAN_POINT ( 'NONE',  ( 12.50000000000000000, -6.450000000000696510, -0.1584447975266683462 ) ) ;
#2292 = CARTESIAN_POINT ( 'NONE',  ( 9.500000000000001776, -5.949181936407098803, -0.6000000018753710584 ) ) ;
#2293 = ADVANCED_FACE ( 'NONE', ( #5751 ), #2553, .F. ) ;
#2294 = PRESENTATION_LAYER_ASSIGNMENT (  '', '', ( #74 ) ) ;
#2295 = CARTESIAN_POINT ( 'NONE',  ( 0.000000000000000000, -1.365337641708880279, -2.079570557496615901 ) ) ;
#2296 = DIRECTION ( 'NONE',  ( 1.000000000000000000, -0.000000000000000000, 0.000000000000000000 ) ) ;
#2297 = CARTESIAN_POINT ( 'NONE',  ( 12.50000000000000000, -1.365337641709120975, -2.079570557497269601 ) ) ;
#2298 = SURFACE_STYLE_FILL_AREA ( #5846 ) ;
#2299 = DIRECTION ( 'NONE',  ( -1.000000000000000000, -0.000000000000000000, -0.000000000000000000 ) ) ;
#2300 = ORIENTED_EDGE ( 'NONE', *, *, #662, .T. ) ;
#2301 = EDGE_CURVE ( 'NONE', #185, #531, #3478, .T. ) ;
#2302 = CIRCLE ( 'NONE', #1174, 1.699999999999999956 ) ;
#2303 = DIRECTION ( 'NONE',  ( 0.000000000000000000, 1.000000000000000000, -1.858197974521601389E-16 ) ) ;
#2304 = ORIENTED_EDGE ( 'NONE', *, *, #5284, .T. ) ;
#2305 = AXIS2_PLACEMENT_3D ( 'NONE', #3810, #2865, #3749 ) ;
#2306 = SURFACE_STYLE_USAGE ( .BOTH. , #5730 ) ;
#2307 =( NAMED_UNIT ( * ) SI_UNIT ( $, .STERADIAN. ) SOLID_ANGLE_UNIT ( ) );
#2308 = CARTESIAN_POINT ( 'NONE',  ( 3.000000000000000000, -4.153955876093410993, 2.386934677901304980 ) ) ;
#2310 = DIRECTION ( 'NONE',  ( -1.000000000000000000, -0.000000000000000000, -0.000000000000000000 ) ) ;
#2309 = VECTOR ( 'NONE', #165, 1000.000000000000000 ) ;
#2311 = ORIENTED_EDGE ( 'NONE', *, *, #4739, .F. ) ;
#2312 = MECHANICAL_DESIGN_GEOMETRIC_PRESENTATION_REPRESENTATION (  '', ( #289 ), #3970 ) ;
#2313 = VECTOR ( 'NONE', #224, 1000.000000000000000 ) ;
#2314 = CARTESIAN_POINT ( 'NONE',  ( 12.10000000000000142, 0.000000000000000000, 0.000000000000000000 ) ) ;
#2315 = ADVANCED_FACE ( 'NONE', ( #518 ), #3017, .T. ) ;
#2316 = SURFACE_SIDE_STYLE ('',( #4817 ) ) ;
#2317 = CIRCLE ( 'NONE', #4072, 0.2500000000003476108 ) ;
#2318 = CARTESIAN_POINT ( 'NONE',  ( 12.50000000000000000, -5.627658374173693190, -2.424131555432305962 ) ) ;
#2319 = CARTESIAN_POINT ( 'NONE',  ( -0.5000000000000000000, -9.449999999999999289, 0.6000000000000010880 ) ) ;
#2320 = SURFACE_STYLE_USAGE ( .BOTH. , #3822 ) ;
#2321 = STYLED_ITEM ( 'NONE', ( #4012 ), #71 ) ;
#2322 =( GEOMETRIC_REPRESENTATION_CONTEXT ( 3 ) GLOBAL_UNCERTAINTY_ASSIGNED_CONTEXT ( ( #3409 ) ) GLOBAL_UNIT_ASSIGNED_CONTEXT ( ( #5145, #6174, #4741 ) ) REPRESENTATION_CONTEXT ( 'NONE', 'WORKASPACE' ) );
#2323 = CARTESIAN_POINT ( 'NONE',  ( -0.5000000000000000000, -0.2160022778819082334, 1.027948851782856332 ) ) ;
#2324 = FILL_AREA_STYLE_COLOUR ( '', #424 ) ;
#2325 = TOROIDAL_SURFACE ( 'NONE', #3025, 1.950000000002283684, 0.5000000000000000000 ) ;
#2326 = CARTESIAN_POINT ( 'NONE',  ( 9.500000000000001776, -5.511447537303413746, 1.924131555431612517 ) ) ;
#2327 = PRESENTATION_STYLE_ASSIGNMENT (( #6222 ) ) ;
#2328 =( GEOMETRIC_REPRESENTATION_CONTEXT ( 3 ) GLOBAL_UNCERTAINTY_ASSIGNED_CONTEXT ( ( #829 ) ) GLOBAL_UNIT_ASSIGNED_CONTEXT ( ( #1339, #5697, #5469 ) ) REPRESENTATION_CONTEXT ( 'NONE', 'WORKASPACE' ) );
#2329 = FILL_AREA_STYLE_COLOUR ( '', #6288 ) ;
#2330 = FILL_AREA_STYLE_COLOUR ( '', #4698 ) ;
#2331 =( NAMED_UNIT ( * ) SI_UNIT ( $, .STERADIAN. ) SOLID_ANGLE_UNIT ( ) );
#2332 = VERTEX_POINT ( 'NONE', #6011 ) ;
#2333 = B_SPLINE_CURVE_WITH_KNOTS ( 'NONE', 3,
 ( #4756, #2318, #4284, #3932, #4922, #5973, #4888, #508, #5867 ),
 .UNSPECIFIED., .F., .F.,
 ( 4, 1, 1, 1, 1, 1, 4 ),
 ( 0.000000000000000000, 0.1250000000000000000, 0.2500000000000000000, 0.3750000000000000000, 0.5000000000000000000, 0.7500000000000000000, 0.8394859867900433814 ),
 .UNSPECIFIED. ) ;
#2334 = ORIENTED_EDGE ( 'NONE', *, *, #3963, .T. ) ;
#2335 = ADVANCED_FACE ( 'NONE', ( #5043 ), #5067, .T. ) ;
#2336 = CARTESIAN_POINT ( 'NONE',  ( 3.000000000000000000, -5.950000000000000178, -7.286648454926751965E-16 ) ) ;
#2337 = MECHANICAL_DESIGN_GEOMETRIC_PRESENTATION_REPRESENTATION (  '', ( #1211 ), #2540 ) ;
#2338 = CARTESIAN_POINT ( 'NONE',  ( 8.100000000000001421, 1.836970198721030181E-16, 1.500000000000000222 ) ) ;
#2339 = SURFACE_SIDE_STYLE ('',( #426 ) ) ;
#2340 = DIRECTION ( 'NONE',  ( 0.000000000000000000, 0.000000000000000000, 1.000000000000000000 ) ) ;
#2341 = AXIS2_PLACEMENT_3D ( 'NONE', #3833, #3740, #5719 ) ;
#2342 =( NAMED_UNIT ( * ) PLANE_ANGLE_UNIT ( ) SI_UNIT ( $, .RADIAN. ) );
#2343 = VERTEX_POINT ( 'NONE', #3633 ) ;
#2344 = FILL_AREA_STYLE ('',( #402 ) ) ;
#2345 = FACE_OUTER_BOUND ( 'NONE', #3261, .T. ) ;
#2346 = CARTESIAN_POINT ( 'NONE',  ( 12.50000000000000000, -0.2160022778819082334, -0.3979136807316022151 ) ) ;
#2347 =( GEOMETRIC_REPRESENTATION_CONTEXT ( 3 ) GLOBAL_UNCERTAINTY_ASSIGNED_CONTEXT ( ( #1066 ) ) GLOBAL_UNIT_ASSIGNED_CONTEXT ( ( #5945, #2444, #1526 ) ) REPRESENTATION_CONTEXT ( 'NONE', 'WORKASPACE' ) );
#2348 = SURFACE_SIDE_STYLE ('',( #6270 ) ) ;
#2349 =( GEOMETRIC_REPRESENTATION_CONTEXT ( 3 ) GLOBAL_UNCERTAINTY_ASSIGNED_CONTEXT ( ( #2223 ) ) GLOBAL_UNIT_ASSIGNED_CONTEXT ( ( #5153, #3619, #3189 ) ) REPRESENTATION_CONTEXT ( 'NONE', 'WORKASPACE' ) );
#2350 = CARTESIAN_POINT ( 'NONE',  ( 4.399999999999999467, 0.000000000000000000, 0.000000000000000000 ) ) ;
#2351 = ADVANCED_FACE ( 'NONE', ( #5072 ), #6199, .T. ) ;
#2352 = FACE_OUTER_BOUND ( 'NONE', #6090, .T. ) ;
#2353 = EDGE_LOOP ( 'NONE', ( #2460, #672 ) ) ;
#2354 = CARTESIAN_POINT ( 'NONE',  ( 9.000000000000001776, -5.950053780576518569, 0.3153696323835121218 ) ) ;
#2355 = SURFACE_STYLE_USAGE ( .BOTH. , #858 ) ;
#2356 = SURFACE_SIDE_STYLE ('',( #4763 ) ) ;
#2357 = EDGE_LOOP ( 'NONE', ( #3416, #204, #252, #2372, #4230, #3281 ) ) ;
#2358 = AXIS2_PLACEMENT_3D ( 'NONE', #5881, #1564, #2929 ) ;
#2359 = FILL_AREA_STYLE ('',( #2329 ) ) ;
#2360 = DIRECTION ( 'NONE',  ( 1.000000000000000000, -0.000000000000000000, 0.000000000000000000 ) ) ;
#2361 = CARTESIAN_POINT ( 'NONE',  ( 3.000000000000000000, 0.8231422074094449925, 1.767749107305984557 ) ) ;
#2362 =( LENGTH_UNIT ( ) NAMED_UNIT ( * ) SI_UNIT ( .MILLI., .METRE. ) );
#2363 = LINE ( 'NONE', #3711, #1384 ) ;
#2364 = PLANE ( 'NONE',  #3527 ) ;
#2365 = EDGE_LOOP ( 'NONE', ( #3713, #1316 ) ) ;
#2366 = SHAPE_DEFINITION_REPRESENTATION ( #411, #1560 ) ;
#2367 = ORIENTED_EDGE ( 'NONE', *, *, #1858, .F. ) ;
#2368 = CARTESIAN_POINT ( 'NONE',  ( 3.500000000000000000, -6.450000000000001066, 3.202066188419759633E-15 ) ) ;
#2369 = SURFACE_STYLE_USAGE ( .BOTH. , #2339 ) ;
#2370 = CARTESIAN_POINT ( 'NONE',  ( 0.000000000000000000, -6.450574693422420403, 0.4911150690505885485 ) ) ;
#2371 = EDGE_CURVE ( 'NONE', #4641, #6025, #2138, .T. ) ;
#2372 = ORIENTED_EDGE ( 'NONE', *, *, #743, .T. ) ;
#2373 = STYLED_ITEM ( 'NONE', ( #3480 ), #1752 ) ;
#2374 = PRESENTATION_STYLE_ASSIGNMENT (( #853 ) ) ;
#2375 = EDGE_CURVE ( 'NONE', #4681, #2145, #6008, .T. ) ;
#2376 = CARTESIAN_POINT ( 'NONE',  ( 0.000000000000000000, 2.084298718220865432, 1.868384002258182131 ) ) ;
#2377 = MECHANICAL_DESIGN_GEOMETRIC_PRESENTATION_REPRESENTATION (  '', ( #1680 ), #1250 ) ;
#2378 = ORIENTED_EDGE ( 'NONE', *, *, #5414, .T. ) ;
#2379 = UNCERTAINTY_MEASURE_WITH_UNIT (LENGTH_MEASURE( 1.000000000000000082E-05 ), #2976, 'distance_accuracy_value', 'NONE');
#2380 = FACE_OUTER_BOUND ( 'NONE', #5661, .T. ) ;
#2381 = COLOUR_RGB ( '',0.9372549019607843146, 0.8823529411764705621, 0.8823529411764705621 ) ;
#2382 = CARTESIAN_POINT ( 'NONE',  ( 12.50000000000000000, -6.449446395973134294, -0.5596091947256971455 ) ) ;
#2383 = FACE_OUTER_BOUND ( 'NONE', #4066, .T. ) ;
#2384 = VECTOR ( 'NONE', #2663, 1000.000000000000000 ) ;
#2385 = SURFACE_STYLE_USAGE ( .BOTH. , #3802 ) ;
#2386 = CARTESIAN_POINT ( 'NONE',  ( 12.50000000000000000, -4.869898583757766630, -2.418288910156850768 ) ) ;
#2387 = B_SPLINE_CURVE_WITH_KNOTS ( 'NONE', 3,
 ( #2935, #55, #5927, #1979 ),
 .UNSPECIFIED., .F., .F.,
 ( 4, 4 ),
 ( 0.000000000000000000, 1.000000000000000000 ),
 .UNSPECIFIED. ) ;
#2388 = CARTESIAN_POINT ( 'NONE',  ( 12.50000000000000000, -5.949181936419979166, -0.6000000000000005329 ) ) ;
#2389 = CARTESIAN_POINT ( 'NONE',  ( 3.500000000000000000, -9.449999999999999289, -0.5999999999999987566 ) ) ;
#2390 = ORIENTED_EDGE ( 'NONE', *, *, #3423, .T. ) ;
#2391 = ORIENTED_EDGE ( 'NONE', *, *, #938, .F. ) ;
#2392 = PRESENTATION_LAYER_ASSIGNMENT (  '', '', ( #2795 ) ) ;
#2393 = SURFACE_SIDE_STYLE ('',( #3843 ) ) ;
#2394 = CARTESIAN_POINT ( 'NONE',  ( 0.8999999999999998002, 0.000000000000000000, -1.699999999999999956 ) ) ;
#2395 = CARTESIAN_POINT ( 'NONE',  ( 13.00000000000000178, -0.2160022778819082334, -1.027948851782856332 ) ) ;
#2396 = CARTESIAN_POINT ( 'NONE',  ( 0.000000000000000000, -1.948279784402639159, 2.028884253203868226 ) ) ;
#2397 = B_SPLINE_CURVE_WITH_KNOTS ( 'NONE', 3,
 ( #3091, #2595, #4436, #5061, #654, #4496, #4466 ),
 .UNSPECIFIED., .F., .F.,
 ( 4, 1, 1, 1, 4 ),
 ( 0.001225663607282756300, 0.2509192477054620340, 0.5006128318036413560, 0.7503064159018206780, 1.000000000000000000 ),
 .UNSPECIFIED. ) ;
#2398 = CIRCLE ( 'NONE', #4981, 1.949999999999999956 ) ;
#2399 = PRESENTATION_LAYER_ASSIGNMENT (  '', '', ( #1992 ) ) ;
#2400 = ORIENTED_EDGE ( 'NONE', *, *, #817, .F. ) ;
#2401 = B_SPLINE_CURVE_WITH_KNOTS ( 'NONE', 3,
 ( #4902, #1905, #2963, #2388 ),
 .UNSPECIFIED., .F., .F.,
 ( 4, 4 ),
 ( 0.000000000000000000, 0.0006000005576897595545 ),
 .UNSPECIFIED. ) ;
#2402 = FILL_AREA_STYLE ('',( #4370 ) ) ;
#2403 = CARTESIAN_POINT ( 'NONE',  ( -0.5000000000000000000, -1.168370712318190341, 2.153464622091685321 ) ) ;
#2404 = CARTESIAN_POINT ( 'NONE',  ( 3.000000000000000000, 0.8231422074094445485, -1.767749107305984779 ) ) ;
#2405 = PRESENTATION_LAYER_ASSIGNMENT (  '', '', ( #4069 ) ) ;
#2406 = STYLED_ITEM ( 'NONE', ( #445 ), #6010 ) ;
#2407 = ORIENTED_EDGE ( 'NONE', *, *, #6032, .F. ) ;
#2408 = CARTESIAN_POINT ( 'NONE',  ( 9.500000000000001776, -1.168370712318658855, 2.153464622092449154 ) ) ;
#2409 = CIRCLE ( 'NONE', #3539, 0.2500000000000000555 ) ;
#2410 = LINE ( 'NONE', #1864, #460 ) ;
#2411 = ADVANCED_FACE ( 'NONE', ( #733 ), #5593, .T. ) ;
#2412 = AXIS2_PLACEMENT_3D ( 'NONE', #6284, #4803, #899 ) ;
#2413 = B_SPLINE_CURVE_WITH_KNOTS ( 'NONE', 3,
 ( #4944, #5332, #5439, #2969, #4362, #122, #3889, #3957, #528, #2463, #1054, #90, #3991 ),
 .UNSPECIFIED., .F., .F.,
 ( 4, 3, 3, 3, 4 ),
 ( 0.000000000000000000, 0.0001009147739179235649, 0.0002672772234554557542, 0.0004336394373635943291, 0.0006000016330845694317 ),
 .UNSPECIFIED. ) ;
#2414 = DIRECTION ( 'NONE',  ( 0.000000000000000000, 0.000000000000000000, 1.000000000000000000 ) ) ;
#2415 = CARTESIAN_POINT ( 'NONE',  ( -0.5000000000000000000, -6.450542501222612302, 0.4000043687630616129 ) ) ;
#2416 = VECTOR ( 'NONE', #6145, 1000.000000000000000 ) ;
#2417 =( NAMED_UNIT ( * ) PLANE_ANGLE_UNIT ( ) SI_UNIT ( $, .RADIAN. ) );
#2418 = DIRECTION ( 'NONE',  ( 0.000000000000000000, 0.000000000000000000, 1.000000000000000000 ) ) ;
#2419 = MECHANICAL_DESIGN_GEOMETRIC_PRESENTATION_REPRESENTATION (  '', ( #5527 ), #3758 ) ;
#2420 = CARTESIAN_POINT ( 'NONE',  ( 12.50000000000000000, 1.087617498296270302, 2.196531237075769027 ) ) ;
#2421 = CARTESIAN_POINT ( 'NONE',  ( 12.50000000000000000, -6.450000000000001066, -2.773391560421764486E-15 ) ) ;
#2422 = CARTESIAN_POINT ( 'NONE',  ( 12.50000000000000000, 1.205463676329423306, 1.591861468293961135 ) ) ;
#2423 = DIRECTION ( 'NONE',  ( 0.000000000000000000, 1.000000000000000000, -1.224646799147353207E-16 ) ) ;
#2424 = ORIENTED_EDGE ( 'NONE', *, *, #4570, .F. ) ;
#2425 = PRESENTATION_LAYER_ASSIGNMENT (  '', '', ( #700 ) ) ;
#2426 = EDGE_CURVE ( 'NONE', #1646, #2225, #5137, .T. ) ;
#2427 =( NAMED_UNIT ( * ) SI_UNIT ( $, .STERADIAN. ) SOLID_ANGLE_UNIT ( ) );
#2428 = VERTEX_POINT ( 'NONE', #1749 ) ;
#2429 = DIRECTION ( 'NONE',  ( 0.000000000000000000, -1.000000000000000000, 6.193993248405337552E-17 ) ) ;
#2430 = CARTESIAN_POINT ( 'NONE',  ( 13.00000000000000178, -9.449999999999999289, -0.6000000000000010880 ) ) ;
#2431 = CARTESIAN_POINT ( 'NONE',  ( 9.000000000000001776, -6.449710760119539366, -0.4990865516588919859 ) ) ;
#2432 = ORIENTED_EDGE ( 'NONE', *, *, #5422, .T. ) ;
#2433 =( GEOMETRIC_REPRESENTATION_CONTEXT ( 3 ) GLOBAL_UNCERTAINTY_ASSIGNED_CONTEXT ( ( #2458 ) ) GLOBAL_UNIT_ASSIGNED_CONTEXT ( ( #1245, #1707, #3594 ) ) REPRESENTATION_CONTEXT ( 'NONE', 'WORKASPACE' ) );
#2434 = LINE ( 'NONE', #36, #500 ) ;
#2435 = MECHANICAL_DESIGN_GEOMETRIC_PRESENTATION_REPRESENTATION (  '', ( #815 ), #5745 ) ;
#2436 = LINE ( 'NONE', #4985, #2242 ) ;
#2437 = COLOUR_RGB ( '',0.7960784313725489669, 0.8235294117647058432, 0.9372549019607843146 ) ;
#2438 = CARTESIAN_POINT ( 'NONE',  ( 0.000000000000000000, 1.625849179933230637, -1.625406433278026030 ) ) ;
#2439 = AXIS2_PLACEMENT_3D ( 'NONE', #4663, #3169, #1594 ) ;
#2440 = EDGE_LOOP ( 'NONE', ( #1567, #1189, #5120, #1522 ) ) ;
#2441 = CARTESIAN_POINT ( 'NONE',  ( 9.500000000000001776, -1.365337641708880279, 2.079570557496615901 ) ) ;
#2442 = CYLINDRICAL_SURFACE ( 'NONE', #400, 1.949999999999999956 ) ;
#2443 = AXIS2_PLACEMENT_3D ( 'NONE', #4998, #4009, #473 ) ;
#2444 =( NAMED_UNIT ( * ) PLANE_ANGLE_UNIT ( ) SI_UNIT ( $, .RADIAN. ) );
#2445 = CARTESIAN_POINT ( 'NONE',  ( 3.000000000000000000, -5.949181936407098803, 0.6000000018753710584 ) ) ;
#2446 = SURFACE_STYLE_USAGE ( .BOTH. , #3044 ) ;
#2447 = ADVANCED_FACE ( 'NONE', ( #5680 ), #1257, .T. ) ;
#2448 = CIRCLE ( 'NONE', #3058, 0.5000000000000000000 ) ;
#2449 = UNCERTAINTY_MEASURE_WITH_UNIT (LENGTH_MEASURE( 1.000000000000000082E-05 ), #2049, 'distance_accuracy_value', 'NONE');
#2450 = UNCERTAINTY_MEASURE_WITH_UNIT (LENGTH_MEASURE( 1.000000000000000082E-05 ), #2856, 'distance_accuracy_value', 'NONE');
#2451 =( LENGTH_UNIT ( ) NAMED_UNIT ( * ) SI_UNIT ( .MILLI., .METRE. ) );
#2452 = SURFACE_SIDE_STYLE ('',( #5426 ) ) ;
#2453 = CARTESIAN_POINT ( 'NONE',  ( 0.000000000000000000, -5.950000000000000178, -7.286648454926751965E-16 ) ) ;
#2454 = DIRECTION ( 'NONE',  ( 1.000000000000000000, 0.000000000000000000, -0.000000000000000000 ) ) ;
#2455 = DIRECTION ( 'NONE',  ( -1.000000000000000000, -0.000000000000000000, -0.000000000000000000 ) ) ;
#2456 = CARTESIAN_POINT ( 'NONE',  ( 9.500000000000001776, -5.511447537303415523, -2.424131555432306406 ) ) ;
#2457 = VERTEX_POINT ( 'NONE', #4344 ) ;
#2458 = UNCERTAINTY_MEASURE_WITH_UNIT (LENGTH_MEASURE( 1.000000000000000082E-05 ), #1245, 'distance_accuracy_value', 'NONE');
#2459 = EDGE_CURVE ( 'NONE', #523, #3996, #3721, .T. ) ;
#2460 = ORIENTED_EDGE ( 'NONE', *, *, #3387, .T. ) ;
#2461 = CARTESIAN_POINT ( 'NONE',  ( 3.000000000000000000, -5.950000000000009948, -1.362196665616119517 ) ) ;
#2462 = DIRECTION ( 'NONE',  ( 0.000000000000000000, 1.000000000000000000, 1.858197974521601389E-16 ) ) ;
#2463 = CARTESIAN_POINT ( 'NONE',  ( 3.500000000000000000, -6.450047545971240304, -0.1663622430318910106 ) ) ;
#2464 = SURFACE_SIDE_STYLE ('',( #530 ) ) ;
#2465 = B_SPLINE_CURVE_WITH_KNOTS ( 'NONE', 3,
 ( #2555, #2669, #3275, #5257, #2737, #2702 ),
 .UNSPECIFIED., .F., .F.,
 ( 4, 2, 4 ),
 ( 8.673617379884034509E-19, 0.0003905443398193561870, 0.0007810886796387115066 ),
 .UNSPECIFIED. ) ;
#2466 = ORIENTED_EDGE ( 'NONE', *, *, #227, .F. ) ;
#2467 = ORIENTED_EDGE ( 'NONE', *, *, #2151, .F. ) ;
#2468 = CARTESIAN_POINT ( 'NONE',  ( 12.50000000000000000, 1.204941612932368677, -2.159121886692098258 ) ) ;
#2469 = SURFACE_SIDE_STYLE ('',( #4369 ) ) ;
#2470 = PRESENTATION_STYLE_ASSIGNMENT (( #1578 ) ) ;
#2471 = EDGE_CURVE ( 'NONE', #644, #3024, #2410, .T. ) ;
#2472 = CARTESIAN_POINT ( 'NONE',  ( 9.000000000000001776, -6.450000000000001066, -3.202066188419760422E-15 ) ) ;
#2473 = CARTESIAN_POINT ( 'NONE',  ( 3.000000000000000000, 0.000000000000000000, 0.000000000000000000 ) ) ;
#2474 = CARTESIAN_POINT ( 'NONE',  ( 0.3999999999999993006, 0.000000000000000000, 0.000000000000000000 ) ) ;
#2475 = VERTEX_POINT ( 'NONE', #2850 ) ;
#2476 = PRESENTATION_STYLE_ASSIGNMENT (( #4892 ) ) ;
#2477 = CARTESIAN_POINT ( 'NONE',  ( 12.50000000000000000, -5.511447537303412858, 2.424131555431612739 ) ) ;
#2478 = SURFACE_SIDE_STYLE ('',( #4961 ) ) ;
#2479 = CARTESIAN_POINT ( 'NONE',  ( 12.50000000000000000, -1.168370712318658855, 2.153464622092449154 ) ) ;
#2480 = CARTESIAN_POINT ( 'NONE',  ( 12.50000000000000000, -5.511447537303413746, -1.924131555431611185 ) ) ;
#2481 = FILL_AREA_STYLE_COLOUR ( '', #5109 ) ;
#2482 = PRESENTATION_LAYER_ASSIGNMENT (  '', '', ( #5777 ) ) ;
#2483 = STYLED_ITEM ( 'NONE', ( #850 ), #2109 ) ;
#2484 = LINE ( 'NONE', #951, #5543 ) ;
#2485 = DIRECTION ( 'NONE',  ( 0.000000000000000000, 0.000000000000000000, -1.000000000000000000 ) ) ;
#2486 = EDGE_CURVE ( 'NONE', #3927, #4424, #5744, .T. ) ;
#2487 = SURFACE_SIDE_STYLE ('',( #4938 ) ) ;
#2488 = ORIENTED_EDGE ( 'NONE', *, *, #3313, .T. ) ;
#2489 = AXIS2_PLACEMENT_3D ( 'NONE', #3442, #3048, #1532 ) ;
#2490 = ORIENTED_EDGE ( 'NONE', *, *, #4340, .T. ) ;
#2491 = DIRECTION ( 'NONE',  ( 0.000000000000000000, -0.2722482498591756728, -0.9622270472443682499 ) ) ;
#2492 = DIRECTION ( 'NONE',  ( 1.000000000000000000, -0.000000000000000000, 0.000000000000000000 ) ) ;
#2493 = CARTESIAN_POINT ( 'NONE',  ( 9.000000000000001776, -6.449193518580326412, -0.6000000000000008660 ) ) ;
#2494 = CARTESIAN_POINT ( 'NONE',  ( 0.000000000000000000, -2.761679942142205579, 2.209572282996751014 ) ) ;
#2495 = EDGE_CURVE ( 'NONE', #523, #3863, #2876, .T. ) ;
#2496 = ORIENTED_EDGE ( 'NONE', *, *, #3104, .T. ) ;
#2497 = B_SPLINE_CURVE_WITH_KNOTS ( 'NONE', 3,
 ( #2779, #2868, #3848, #935 ),
 .UNSPECIFIED., .F., .F.,
 ( 4, 4 ),
 ( 0.000000000000000000, 0.0006000005420099865363 ),
 .UNSPECIFIED. ) ;
#2498 = VERTEX_POINT ( 'NONE', #1385 ) ;
#2499 = B_SPLINE_SURFACE_WITH_KNOTS ( 'NONE', 3, 1, ( 
 ( #28, #3451 ),
 ( #1507, #588 ),
 ( #496, #3516 ),
 ( #3956, #4909 ) ),
 .UNSPECIFIED., .F., .F., .F.,
 ( 4, 4 ),
 ( 2, 2 ),
 ( 0.000000000000000000, 1.000000000000000000 ),
 ( 0.000000000000000000, 1.000000000000000000 ),
 .UNSPECIFIED. ) ;
#2500 =( NAMED_UNIT ( * ) PLANE_ANGLE_UNIT ( ) SI_UNIT ( $, .RADIAN. ) );
#2501 = SURFACE_STYLE_FILL_AREA ( #3525 ) ;
#2502 = CARTESIAN_POINT ( 'NONE',  ( 3.500000000000000000, -9.449999999999999289, 1.192622389734054877E-15 ) ) ;
#2503 = COLOUR_RGB ( '',0.9372549019607843146, 0.8823529411764705621, 0.8823529411764705621 ) ;
#2504 = DIRECTION ( 'NONE',  ( 1.000000000000000000, -0.000000000000000000, -0.000000000000000000 ) ) ;
#2505 = AXIS2_PLACEMENT_3D ( 'NONE', #2107, #4016, #3985 ) ;
#2506 = VERTEX_POINT ( 'NONE', #4377 ) ;
#2507 = ADVANCED_FACE ( 'NONE', ( #3907 ), #4347, .F. ) ;
#2508 = SURFACE_STYLE_USAGE ( .BOTH. , #2478 ) ;
#2509 = CYLINDRICAL_SURFACE ( 'NONE', #4337, 1.949999999999999734 ) ;
#2510 = CIRCLE ( 'NONE', #4163, 1.949999999999999956 ) ;
#2511 = DIRECTION ( 'NONE',  ( -1.572292413564969908E-14, 7.861462067824819566E-15, 1.000000000000000000 ) ) ;
#2512 = PRESENTATION_LAYER_ASSIGNMENT (  '', '', ( #1085 ) ) ;
#2513 = PRESENTATION_STYLE_ASSIGNMENT (( #5390 ) ) ;
#2514 = AXIS2_PLACEMENT_3D ( 'NONE', #2647, #4614, #4086 ) ;
#2515 = EDGE_LOOP ( 'NONE', ( #5128, #5570, #2719, #1232, #5827, #6185 ) ) ;
#2516 = AXIS2_PLACEMENT_3D ( 'NONE', #1951, #5468, #6320 ) ;
#2517 = VERTEX_POINT ( 'NONE', #1585 ) ;
#2518 = EDGE_CURVE ( 'NONE', #554, #301, #107, .T. ) ;
#2519 =( LENGTH_UNIT ( ) NAMED_UNIT ( * ) SI_UNIT ( .MILLI., .METRE. ) );
#2520 = CARTESIAN_POINT ( 'NONE',  ( 0.000000000000000000, -5.949181936419980943, -0.5999999999999992006 ) ) ;
#2521 =( LENGTH_UNIT ( ) NAMED_UNIT ( * ) SI_UNIT ( .MILLI., .METRE. ) );
#2522 = CARTESIAN_POINT ( 'NONE',  ( 12.50000000000000000, -2.015728281175274805, 1.924131555431600971 ) ) ;
#2523 = CARTESIAN_POINT ( 'NONE',  ( 13.00000000000000178, -6.449145036833946243, 0.6070545007477305965 ) ) ;
#2524 = ORIENTED_EDGE ( 'NONE', *, *, #292, .F. ) ;
#2525 = COLOUR_RGB ( '',0.9372549019607843146, 0.8823529411764705621, 0.8823529411764705621 ) ;
#2526 = ORIENTED_EDGE ( 'NONE', *, *, #3074, .F. ) ;
#2527 = EDGE_CURVE ( 'NONE', #4980, #3986, #593, .T. ) ;
#2528 = EDGE_CURVE ( 'NONE', #3683, #156, #1361, .T. ) ;
#2529 = CARTESIAN_POINT ( 'NONE',  ( 9.500000000000001776, -5.511447537303415523, -2.424131555432306406 ) ) ;
#2530 = VECTOR ( 'NONE', #1309, 1000.000000000000000 ) ;
#2531 = CARTESIAN_POINT ( 'NONE',  ( 0.000000000000000000, 0.000000000000000000, 0.000000000000000000 ) ) ;
#2532 = DIRECTION ( 'NONE',  ( 0.000000000000000000, -1.000000000000000000, -6.193993248405337552E-17 ) ) ;
#2533 = CARTESIAN_POINT ( 'NONE',  ( 0.000000000000000000, -2.236639308303995932, -1.179614498202194328 ) ) ;
#2534 = VECTOR ( 'NONE', #2984, 1000.000000000000114 ) ;
#2535 = EDGE_CURVE ( 'NONE', #4394, #1546, #960, .T. ) ;
#2536 = ORIENTED_EDGE ( 'NONE', *, *, #3005, .F. ) ;
#2537 = CARTESIAN_POINT ( 'NONE',  ( 9.500000000000001776, -5.950053780576518569, 0.3153696323835121218 ) ) ;
#2538 = UNCERTAINTY_MEASURE_WITH_UNIT (LENGTH_MEASURE( 1.000000000000000082E-05 ), #4986, 'distance_accuracy_value', 'NONE');
#2539 = CARTESIAN_POINT ( 'NONE',  ( 3.000000000000000000, 1.087617498296542085, 2.196531237076412069 ) ) ;
#2540 =( GEOMETRIC_REPRESENTATION_CONTEXT ( 3 ) GLOBAL_UNCERTAINTY_ASSIGNED_CONTEXT ( ( #5885 ) ) GLOBAL_UNIT_ASSIGNED_CONTEXT ( ( #1891, #3326, #2785 ) ) REPRESENTATION_CONTEXT ( 'NONE', 'WORKASPACE' ) );
#2541 = SURFACE_STYLE_FILL_AREA ( #6184 ) ;
#2542 = ADVANCED_FACE ( 'NONE', ( #3535 ), #6017, .F. ) ;
#2543 = AXIS2_PLACEMENT_3D ( 'NONE', #3646, #6175, #4199 ) ;
#2544 =( NAMED_UNIT ( * ) SI_UNIT ( $, .STERADIAN. ) SOLID_ANGLE_UNIT ( ) );
#2545 = CARTESIAN_POINT ( 'NONE',  ( 9.500000000000001776, -6.443823137738912799, 1.061149213459819496 ) ) ;
#2546 = VECTOR ( 'NONE', #234, 1000.000000000000000 ) ;
#2547 = DIRECTION ( 'NONE',  ( 0.000000000000000000, -1.000000000000000000, -6.193993248405337552E-17 ) ) ;
#2548 = SURFACE_STYLE_FILL_AREA ( #1498 ) ;
#2549 = SURFACE_STYLE_USAGE ( .BOTH. , #4108 ) ;
#2550 = CARTESIAN_POINT ( 'NONE',  ( 9.500000000000001776, -6.448448220536413089, -0.7017742220555998056 ) ) ;
#2551 = ORIENTED_EDGE ( 'NONE', *, *, #2993, .T. ) ;
#2552 = PRESENTATION_LAYER_ASSIGNMENT (  '', '', ( #127 ) ) ;
#2553 = B_SPLINE_SURFACE_WITH_KNOTS ( 'NONE', 3, 1, ( 
 ( #5843, #1330 ),
 ( #892, #4795 ),
 ( #1106, #45 ),
 ( #1017, #1593 ) ),
 .UNSPECIFIED., .F., .F., .F.,
 ( 4, 4 ),
 ( 2, 2 ),
 ( 0.000000000000000000, 1.000000000000000000 ),
 ( 0.000000000000000000, 1.000000000000000000 ),
 .UNSPECIFIED. ) ;
#2554 = ORIENTED_EDGE ( 'NONE', *, *, #4348, .F. ) ;
#2555 = CARTESIAN_POINT ( 'NONE',  ( 9.000000000000001776, -6.449193518580326412, -0.6000000000000008660 ) ) ;
#2556 = FILL_AREA_STYLE ('',( #5890 ) ) ;
#2557 = CARTESIAN_POINT ( 'NONE',  ( 0.000000000000000000, 0.1802463793664835223, 1.941651679041653589 ) ) ;
#2558 = AXIS2_PLACEMENT_3D ( 'NONE', #5325, #4743, #2798 ) ;
#2559 = CARTESIAN_POINT ( 'NONE',  ( 0.000000000000000000, -2.282428645141570733, 2.102202052405789612 ) ) ;
#2560 = CARTESIAN_POINT ( 'NONE',  ( -4.336808689942017736E-16, -6.450368985390642074, 0.3720377589584699107 ) ) ;
#2561 = EDGE_LOOP ( 'NONE', ( #4501, #1599, #4891, #6104 ) ) ;
#2562 = ORIENTED_EDGE ( 'NONE', *, *, #2773, .T. ) ;
#2563 = STYLED_ITEM ( 'NONE', ( #2665 ), #4275 ) ;
#2564 = CARTESIAN_POINT ( 'NONE',  ( 12.50000000000000000, -4.153955876093410993, -2.386934677901304980 ) ) ;
#2565 = DIRECTION ( 'NONE',  ( 1.000000000000000000, 0.000000000000000000, 0.000000000000000000 ) ) ;
#2566 = DIRECTION ( 'NONE',  ( 0.000000000000000000, 0.000000000000000000, 1.000000000000000000 ) ) ;
#2567 = PRESENTATION_STYLE_ASSIGNMENT (( #4032 ) ) ;
#2568 = EDGE_CURVE ( 'NONE', #1546, #2939, #1107, .T. ) ;
#2569 = ORIENTED_EDGE ( 'NONE', *, *, #4402, .T. ) ;
#2570 = CARTESIAN_POINT ( 'NONE',  ( 3.500000000000000000, -6.449193518580326412, -0.5999999999999985345 ) ) ;
#2571 = VERTEX_POINT ( 'NONE', #6092 ) ;
#2572 = CARTESIAN_POINT ( 'NONE',  ( 3.000000000000000000, -1.732354142640884165, 2.008456984256953071 ) ) ;
#2573 = CARTESIAN_POINT ( 'NONE',  ( 9.500000000000001776, -2.761679942142320154, 2.209572282996065784 ) ) ;
#2574 = CARTESIAN_POINT ( 'NONE',  ( 9.499999999999998224, -5.627658374173693190, -2.424131555432305962 ) ) ;
#2575 = EDGE_CURVE ( 'NONE', #1086, #4972, #4240, .T. ) ;
#2576 = CARTESIAN_POINT ( 'NONE',  ( 3.000000000000000000, -5.949181936407098803, 0.6000000018753710584 ) ) ;
#2577 = CARTESIAN_POINT ( 'NONE',  ( 0.000000000000000000, -5.950000000000000178, -7.286648454926784505E-16 ) ) ;
#2578 = CARTESIAN_POINT ( 'NONE',  ( 9.500000000000001776, -5.511447537303412858, 2.424131555431612739 ) ) ;
#2579 =( LENGTH_UNIT ( ) NAMED_UNIT ( * ) SI_UNIT ( .MILLI., .METRE. ) );
#2580 = CARTESIAN_POINT ( 'NONE',  ( 13.00000000000000178, -0.2160022778819082334, -1.027948851782856332 ) ) ;
#2581 = PRESENTATION_LAYER_ASSIGNMENT (  '', '', ( #2373 ) ) ;
#2582 = ORIENTED_EDGE ( 'NONE', *, *, #401, .T. ) ;
#2583 = ORIENTED_EDGE ( 'NONE', *, *, #1562, .F. ) ;
#2584 = VECTOR ( 'NONE', #5657, 1000.000000000000000 ) ;
#2585 = ADVANCED_FACE ( 'NONE', ( #321 ), #3662, .T. ) ;
#2586 = CARTESIAN_POINT ( 'NONE',  ( 3.500000000000000000, -6.450000000000001066, 3.202066188419760422E-15 ) ) ;
#2587 = PRESENTATION_STYLE_ASSIGNMENT (( #2645 ) ) ;
#2588 = UNCERTAINTY_MEASURE_WITH_UNIT (LENGTH_MEASURE( 1.000000000000000082E-05 ), #287, 'distance_accuracy_value', 'NONE');
#2589 = CARTESIAN_POINT ( 'NONE',  ( 0.000000000000000000, -5.303916665296939392, 2.424131555432305518 ) ) ;
#2590 = UNCERTAINTY_MEASURE_WITH_UNIT (LENGTH_MEASURE( 1.000000000000000082E-05 ), #4784, 'distance_accuracy_value', 'NONE');
#2591 = EDGE_LOOP ( 'NONE', ( #2526, #5861, #1135, #3808 ) ) ;
#2592 = ORIENTED_EDGE ( 'NONE', *, *, #1491, .T. ) ;
#2593 = MECHANICAL_DESIGN_GEOMETRIC_PRESENTATION_REPRESENTATION (  '', ( #1165 ), #3407 ) ;
#2594 =( NAMED_UNIT ( * ) SI_UNIT ( $, .STERADIAN. ) SOLID_ANGLE_UNIT ( ) );
#2595 = CARTESIAN_POINT ( 'NONE',  ( 3.000000000000000000, 1.087617498296270302, -2.196531237075769027 ) ) ;
#2596 = COLOUR_RGB ( '',0.9372549019607843146, 0.8823529411764705621, 0.8823529411764705621 ) ;
#2597 = ORIENTED_EDGE ( 'NONE', *, *, #2920, .F. ) ;
#2598 = DIRECTION ( 'NONE',  ( 1.000000000000000000, -0.000000000000000000, -0.000000000000000000 ) ) ;
#2599 = ORIENTED_EDGE ( 'NONE', *, *, #1468, .F. ) ;
#2600 = SURFACE_STYLE_FILL_AREA ( #1658 ) ;
#2601 = ADVANCED_FACE ( 'NONE', ( #3165 ), #5557, .T. ) ;
#2602 = MECHANICAL_DESIGN_GEOMETRIC_PRESENTATION_REPRESENTATION (  '', ( #4154 ), #6300 ) ;
#2603 = PRESENTATION_STYLE_ASSIGNMENT (( #5160 ) ) ;
#2604 = DIRECTION ( 'NONE',  ( 0.000000000000000000, 0.000000000000000000, -1.000000000000000000 ) ) ;
#2605 = EDGE_CURVE ( 'NONE', #4484, #2849, #367, .T. ) ;
#2606 = COLOUR_RGB ( '',0.9372549019607843146, 0.8823529411764705621, 0.8823529411764705621 ) ;
#2607 = SURFACE_SIDE_STYLE ('',( #5139 ) ) ;
#2608 =( NAMED_UNIT ( * ) PLANE_ANGLE_UNIT ( ) SI_UNIT ( $, .RADIAN. ) );
#2609 = ORIENTED_EDGE ( 'NONE', *, *, #1819, .F. ) ;
#2610 = CIRCLE ( 'NONE', #2412, 1.949999999999999734 ) ;
#2611 = VERTEX_POINT ( 'NONE', #5227 ) ;
#2612 = CARTESIAN_POINT ( 'NONE',  ( 3.500000000000000000, -6.449586779610561926, 0.5327245811533067865 ) ) ;
#2613 = STYLED_ITEM ( 'NONE', ( #2971 ), #1331 ) ;
#2614 = FACE_OUTER_BOUND ( 'NONE', #1513, .T. ) ;
#2615 = CARTESIAN_POINT ( 'NONE',  ( 11.85000000000000142, 0.000000000000000000, 0.000000000000000000 ) ) ;
#2616 = COLOUR_RGB ( '',0.9372549019607843146, 0.8823529411764705621, 0.8823529411764705621 ) ;
#2617 = ORIENTED_EDGE ( 'NONE', *, *, #323, .F. ) ;
#2618 = EDGE_CURVE ( 'NONE', #318, #3514, #572, .T. ) ;
#2619 = EDGE_LOOP ( 'NONE', ( #3161, #6110 ) ) ;
#2620 = CIRCLE ( 'NONE', #3441, 0.6300351710512540615 ) ;
#2621 = SURFACE_SIDE_STYLE ('',( #157 ) ) ;
#2622 = LINE ( 'NONE', #4589, #4373 ) ;
#2623 = COLOUR_RGB ( '',0.9372549019607843146, 0.8823529411764705621, 0.8823529411764705621 ) ;
#2624 = FILL_AREA_STYLE ('',( #655 ) ) ;
#2625 = MECHANICAL_DESIGN_GEOMETRIC_PRESENTATION_REPRESENTATION (  '', ( #2 ), #4585 ) ;
#2626 = VERTEX_POINT ( 'NONE', #3243 ) ;
#2627 = CARTESIAN_POINT ( 'NONE',  ( 12.50000000000000000, -6.450000000000001066, -2.544803959115682914E-15 ) ) ;
#2628 = DIRECTION ( 'NONE',  ( 0.000000000000000000, 0.000000000000000000, 1.000000000000000000 ) ) ;
#2629 = CIRCLE ( 'NONE', #6146, 0.4050331274601051135 ) ;
#2630 = CARTESIAN_POINT ( 'NONE',  ( 9.500000000000001776, 1.625849179933230637, 1.625406433278026030 ) ) ;
#2631 = B_SPLINE_CURVE_WITH_KNOTS ( 'NONE', 3,
 ( #3800, #4318, #357, #3768 ),
 .UNSPECIFIED., .F., .F.,
 ( 4, 4 ),
 ( 0.000000000000000000, 1.000000000000000000 ),
 .UNSPECIFIED. ) ;
#2632 = CARTESIAN_POINT ( 'NONE',  ( 3.000000000000000000, -4.153955876093443855, -2.386934677900609980 ) ) ;
#2633 = CARTESIAN_POINT ( 'NONE',  ( 0.8999999999999998002, 0.000000000000000000, 0.000000000000000000 ) ) ;
#2634 = CARTESIAN_POINT ( 'NONE',  ( 12.50000000000000000, -5.511447537303413746, 1.924131555431612517 ) ) ;
#2635 = FILL_AREA_STYLE ('',( #702 ) ) ;
#2636 = CARTESIAN_POINT ( 'NONE',  ( 9.500000000000001776, -2.236639308303995932, 1.179614498202194328 ) ) ;
#2637 = PRESENTATION_STYLE_ASSIGNMENT (( #2666 ) ) ;
#2638 = ORIENTED_EDGE ( 'NONE', *, *, #2575, .T. ) ;
#2639 = STYLED_ITEM ( 'NONE', ( #5213 ), #1266 ) ;
#2640 = ADVANCED_FACE ( 'NONE', ( #2766 ), #2881, .T. ) ;
#2641 = ORIENTED_EDGE ( 'NONE', *, *, #2371, .F. ) ;
#2642 = CARTESIAN_POINT ( 'NONE',  ( 0.000000000000000000, -3.416280893695073484, -2.317750945013471231 ) ) ;
#2643 = DIRECTION ( 'NONE',  ( 1.000000000000000000, 0.000000000000000000, 0.000000000000000000 ) ) ;
#2644 = FILL_AREA_STYLE_COLOUR ( '', #6245 ) ;
#2645 = SURFACE_STYLE_USAGE ( .BOTH. , #3584 ) ;
#2646 = CARTESIAN_POINT ( 'NONE',  ( 3.000000000000000000, -5.627658374173693190, 2.424131555432305962 ) ) ;
#2647 = CARTESIAN_POINT ( 'NONE',  ( -0.1000000000000011297, 0.000000000000000000, 0.000000000000000000 ) ) ;
#2648 =( GEOMETRIC_REPRESENTATION_CONTEXT ( 3 ) GLOBAL_UNCERTAINTY_ASSIGNED_CONTEXT ( ( #5975 ) ) GLOBAL_UNIT_ASSIGNED_CONTEXT ( ( #4599, #2229, #5651 ) ) REPRESENTATION_CONTEXT ( 'NONE', 'WORKASPACE' ) );
#2649 = COLOUR_RGB ( '',0.9372549019607843146, 0.8823529411764705621, 0.8823529411764705621 ) ;
#2650 = EDGE_LOOP ( 'NONE', ( #3061, #5519, #4679, #5674, #5887 ) ) ;
#2651 = EDGE_CURVE ( 'NONE', #4483, #5327, #2631, .T. ) ;
#2652 = ORIENTED_EDGE ( 'NONE', *, *, #2973, .T. ) ;
#2653 = CARTESIAN_POINT ( 'NONE',  ( 9.500000000000001776, -1.365337641709120975, -2.079570557497269601 ) ) ;
#2654 = EDGE_CURVE ( 'NONE', #3280, #4484, #5879, .T. ) ;
#2655 = SURFACE_STYLE_FILL_AREA ( #247 ) ;
#2656 = DIRECTION ( 'NONE',  ( 0.000000000000000000, 0.000000000000000000, 1.000000000000000000 ) ) ;
#2657 = VERTEX_POINT ( 'NONE', #5289 ) ;
#2658 = EDGE_CURVE ( 'NONE', #3659, #3782, #3828, .T. ) ;
#2659 = CARTESIAN_POINT ( 'NONE',  ( 12.50000000000000000, 1.087617498296270302, 2.196531237075769027 ) ) ;
#2660 = SURFACE_STYLE_USAGE ( .BOTH. , #728 ) ;
#2661 = SURFACE_SIDE_STYLE ('',( #257 ) ) ;
#2662 = CARTESIAN_POINT ( 'NONE',  ( 0.000000000000000000, -1.732354142640875505, -2.008456984256251410 ) ) ;
#2663 = DIRECTION ( 'NONE',  ( 1.000000000000000000, -0.000000000000000000, 0.000000000000000000 ) ) ;
#2664 = CARTESIAN_POINT ( 'NONE',  ( 12.50000000000000000, -2.015728281175274805, 1.924131555431600971 ) ) ;
#2665 = PRESENTATION_STYLE_ASSIGNMENT (( #5568 ) ) ;
#2666 = SURFACE_STYLE_USAGE ( .BOTH. , #4166 ) ;
#2667 = ORIENTED_EDGE ( 'NONE', *, *, #3132, .T. ) ;
#2668 = ORIENTED_EDGE ( 'NONE', *, *, #3158, .T. ) ;
#2669 = CARTESIAN_POINT ( 'NONE',  ( 9.000000000000003553, -6.317137750622355163, -0.6000000000000009770 ) ) ;
#2670 = PLANE ( 'NONE',  #1311 ) ;
#2671 = EDGE_CURVE ( 'NONE', #2517, #3118, #813, .T. ) ;
#2672 = CARTESIAN_POINT ( 'NONE',  ( 3.000000000000000000, -6.331521131137352043, 1.847389710217772318 ) ) ;
#2673 =( NAMED_UNIT ( * ) PLANE_ANGLE_UNIT ( ) SI_UNIT ( $, .RADIAN. ) );
#2674 = ORIENTED_EDGE ( 'NONE', *, *, #532, .T. ) ;
#2675 = COLOUR_RGB ( '',0.9372549019607843146, 0.8823529411764705621, 0.8823529411764705621 ) ;
#2676 = ORIENTED_EDGE ( 'NONE', *, *, #1126, .T. ) ;
#2677 = DIRECTION ( 'NONE',  ( -1.000000000000000000, -0.000000000000000000, 0.000000000000000000 ) ) ;
#2678 = CIRCLE ( 'NONE', #5481, 0.1550331274601050857 ) ;
#2679 = CARTESIAN_POINT ( 'NONE',  ( 12.50000000000000000, -5.511447537303412858, 2.424131555431612739 ) ) ;
#2680 = ORIENTED_EDGE ( 'NONE', *, *, #1981, .F. ) ;
#2681 = MECHANICAL_DESIGN_GEOMETRIC_PRESENTATION_REPRESENTATION (  '', ( #4234 ), #3513 ) ;
#2682 = ORIENTED_EDGE ( 'NONE', *, *, #3298, .T. ) ;
#2683 = LINE ( 'NONE', #3625, #5095 ) ;
#2684 = PRESENTATION_STYLE_ASSIGNMENT (( #3067 ) ) ;
#2685 = FILL_AREA_STYLE ('',( #636 ) ) ;
#2686 = VECTOR ( 'NONE', #2692, 1000.000000000000000 ) ;
#2687 = CARTESIAN_POINT ( 'NONE',  ( 12.50000000000000000, 0.03649346519878907125, -2.449728194515685686 ) ) ;
#2688 = CARTESIAN_POINT ( 'NONE',  ( -0.5000000000000000000, -6.450000000000001066, -4.230721251407115668E-15 ) ) ;
#2689 = EDGE_CURVE ( 'NONE', #302, #451, #4254, .T. ) ;
#2690 = LINE ( 'NONE', #4190, #4567 ) ;
#2691 =( GEOMETRIC_REPRESENTATION_CONTEXT ( 3 ) GLOBAL_UNCERTAINTY_ASSIGNED_CONTEXT ( ( #3084 ) ) GLOBAL_UNIT_ASSIGNED_CONTEXT ( ( #4965, #3438, #3015 ) ) REPRESENTATION_CONTEXT ( 'NONE', 'WORKASPACE' ) );
#2692 = DIRECTION ( 'NONE',  ( -1.000000000000000000, -0.000000000000000000, -0.000000000000000000 ) ) ;
#2693 = B_SPLINE_CURVE_WITH_KNOTS ( 'NONE', 3,
 ( #4978, #2115, #5055, #5401 ),
 .UNSPECIFIED., .F., .F.,
 ( 4, 4 ),
 ( 0.000000000000000000, 0.1619895955917463604 ),
 .UNSPECIFIED. ) ;
#2694 = CARTESIAN_POINT ( 'NONE',  ( 0.000000000000000000, 1.967225567140176379, 2.089277364077947841 ) ) ;
#2695 = SURFACE_STYLE_FILL_AREA ( #2792 ) ;
#2696 = COLOUR_RGB ( '',0.9372549019607843146, 0.8823529411764705621, 0.8823529411764705621 ) ;
#2697 = SURFACE_STYLE_FILL_AREA ( #766 ) ;
#2698 = VERTEX_POINT ( 'NONE', #3338 ) ;
#2699 = AXIS2_PLACEMENT_3D ( 'NONE', #5904, #1959, #5450 ) ;
#2700 = ORIENTED_EDGE ( 'NONE', *, *, #4575, .F. ) ;
#2701 =( NAMED_UNIT ( * ) SI_UNIT ( $, .STERADIAN. ) SOLID_ANGLE_UNIT ( ) );
#2702 = CARTESIAN_POINT ( 'NONE',  ( 9.500000000000001776, -5.949181936407098803, -0.6000000018753710584 ) ) ;
#2703 =( NAMED_UNIT ( * ) PLANE_ANGLE_UNIT ( ) SI_UNIT ( $, .RADIAN. ) );
#2704 = FILL_AREA_STYLE ('',( #4139 ) ) ;
#2705 =( NAMED_UNIT ( * ) PLANE_ANGLE_UNIT ( ) SI_UNIT ( $, .RADIAN. ) );
#2706 = ORIENTED_EDGE ( 'NONE', *, *, #756, .T. ) ;
#2707 = AXIS2_PLACEMENT_3D ( 'NONE', #2537, #4375, #4992 ) ;
#2708 = PRESENTATION_LAYER_ASSIGNMENT (  '', '', ( #5511 ) ) ;
#2709 = EDGE_CURVE ( 'NONE', #5265, #3107, #4148, .T. ) ;
#2710 = ORIENTED_EDGE ( 'NONE', *, *, #2959, .F. ) ;
#2711 = COLOUR_RGB ( '',0.9372549019607843146, 0.8823529411764705621, 0.8823529411764705621 ) ;
#2712 = CARTESIAN_POINT ( 'NONE',  ( 9.500000000000001776, -5.949181936419980055, 0.5999999999999985345 ) ) ;
#2713 = DIRECTION ( 'NONE',  ( -1.000000000000000000, -0.000000000000000000, -0.000000000000000000 ) ) ;
#2714 = AXIS2_PLACEMENT_3D ( 'NONE', #2848, #4697, #379 ) ;
#2715 = EDGE_CURVE ( 'NONE', #5840, #1854, #442, .T. ) ;
#2716 = COLOUR_RGB ( '',0.9372549019607843146, 0.8823529411764705621, 0.8823529411764705621 ) ;
#2717 = UNCERTAINTY_MEASURE_WITH_UNIT (LENGTH_MEASURE( 1.000000000000000082E-05 ), #5633, 'distance_accuracy_value', 'NONE');
#2718 = EDGE_CURVE ( 'NONE', #3381, #1475, #6308, .T. ) ;
#2719 = ORIENTED_EDGE ( 'NONE', *, *, #2718, .F. ) ;
#2720 = FACE_OUTER_BOUND ( 'NONE', #366, .T. ) ;
#2721 = SURFACE_STYLE_USAGE ( .BOTH. , #4216 ) ;
#2722 = CARTESIAN_POINT ( 'NONE',  ( 3.500000000000000444, -6.317137804267295209, -0.5999999999999985345 ) ) ;
#2723 = EDGE_CURVE ( 'NONE', #1540, #602, #6016, .T. ) ;
#2724 = VECTOR ( 'NONE', #5014, 1000.000000000000227 ) ;
#2725 = FACE_OUTER_BOUND ( 'NONE', #629, .T. ) ;
#2726 = UNCERTAINTY_MEASURE_WITH_UNIT (LENGTH_MEASURE( 1.000000000000000082E-05 ), #3166, 'distance_accuracy_value', 'NONE');
#2727 = DIRECTION ( 'NONE',  ( 0.000000000000000000, 0.000000000000000000, -1.000000000000000000 ) ) ;
#2728 = PRESENTATION_LAYER_ASSIGNMENT (  '', '', ( #3665 ) ) ;
#2729 = CARTESIAN_POINT ( 'NONE',  ( 0.000000000000000000, 1.204941612932218797, -2.159121886691410808 ) ) ;
#2730 = ADVANCED_FACE ( 'NONE', ( #4382 ), #3734, .T. ) ;
#2731 = CARTESIAN_POINT ( 'NONE',  ( 9.000000000000001776, -6.449193518580326412, -0.6000000000000008660 ) ) ;
#2732 = SURFACE_SIDE_STYLE ('',( #2695 ) ) ;
#2733 = SURFACE_SIDE_STYLE ('',( #5569 ) ) ;
#2734 = AXIS2_PLACEMENT_3D ( 'NONE', #131, #1579, #66 ) ;
#2735 = CARTESIAN_POINT ( 'NONE',  ( 12.50000000000000000, -5.511447537303415523, -2.424131555432306406 ) ) ;
#2736 = AXIS2_PLACEMENT_3D ( 'NONE', #1431, #1073, #1497 ) ;
#2737 = CARTESIAN_POINT ( 'NONE',  ( 9.367944146378679449, -5.949181936419216221, -0.6000000000000008660 ) ) ;
#2738 = CARTESIAN_POINT ( 'NONE',  ( 12.50000000000000000, -2.282428645141570733, -2.102202052405789612 ) ) ;
#2739 = CARTESIAN_POINT ( 'NONE',  ( 0.000000000000000000, -2.015728281175281911, 1.924131555431599194 ) ) ;
#2740 =( NAMED_UNIT ( * ) SI_UNIT ( $, .STERADIAN. ) SOLID_ANGLE_UNIT ( ) );
#2741 = AXIS2_PLACEMENT_3D ( 'NONE', #4648, #721, #3620 ) ;
#2742 = CARTESIAN_POINT ( 'NONE',  ( 11.60000000000000142, 0.000000000000000000, 0.000000000000000000 ) ) ;
#2743 = DIRECTION ( 'NONE',  ( 0.000000000000000000, -1.000000000000000000, -6.193993248405337552E-17 ) ) ;
#2744 = ORIENTED_EDGE ( 'NONE', *, *, #1442, .F. ) ;
#2745 = VERTEX_POINT ( 'NONE', #1103 ) ;
#2746 = DIRECTION ( 'NONE',  ( 1.000000000000000000, -0.000000000000000000, 0.000000000000000000 ) ) ;
#2747 = PRESENTATION_LAYER_ASSIGNMENT (  '', '', ( #5230 ) ) ;
#2748 = CARTESIAN_POINT ( 'NONE',  ( 3.000000000000000000, -5.511447537303413746, -1.924131555431612517 ) ) ;
#2749 = DIRECTION ( 'NONE',  ( 1.000000000000000000, -0.000000000000000000, -0.000000000000000000 ) ) ;
#2750 = UNCERTAINTY_MEASURE_WITH_UNIT (LENGTH_MEASURE( 1.000000000000000082E-05 ), #1176, 'distance_accuracy_value', 'NONE');
#2751 = CARTESIAN_POINT ( 'NONE',  ( 0.000000000000000000, -6.331521131137352043, 1.847389710217772318 ) ) ;
#2752 = COLOUR_RGB ( '',0.9372549019607843146, 0.8823529411764705621, 0.8823529411764705621 ) ;
#2753 = ORIENTED_EDGE ( 'NONE', *, *, #5252, .F. ) ;
#2754 = DIRECTION ( 'NONE',  ( 1.000000000000000000, 0.000000000000000000, 0.000000000000000000 ) ) ;
#2755 =( NAMED_UNIT ( * ) SI_UNIT ( $, .STERADIAN. ) SOLID_ANGLE_UNIT ( ) );
#2756 = DIRECTION ( 'NONE',  ( 0.000000000000000000, 0.9622270472443683609, 0.2722482498591757283 ) ) ;
#2757 = ADVANCED_FACE ( 'NONE', ( #1457 ), #4415, .F. ) ;
#2758 = AXIS2_PLACEMENT_3D ( 'NONE', #4901, #2454, #4421 ) ;
#2759 = SURFACE_SIDE_STYLE ('',( #823 ) ) ;
#2760 =( LENGTH_UNIT ( ) NAMED_UNIT ( * ) SI_UNIT ( .MILLI., .METRE. ) );
#2761 = DIRECTION ( 'NONE',  ( -1.000000000000000000, 0.000000000000000000, 0.000000000000000000 ) ) ;
#2762 = CARTESIAN_POINT ( 'NONE',  ( 3.000000000000000000, 1.850152416059160920, 2.310170725898328392 ) ) ;
#2763 = EDGE_CURVE ( 'NONE', #3659, #4980, #3725, .T. ) ;
#2764 =( NAMED_UNIT ( * ) PLANE_ANGLE_UNIT ( ) SI_UNIT ( $, .RADIAN. ) );
#2765 = CARTESIAN_POINT ( 'NONE',  ( 12.50000000000000000, -1.006219812630343657, -1.679827368101835416 ) ) ;
#2766 = FACE_OUTER_BOUND ( 'NONE', #5021, .T. ) ;
#2767 = EDGE_LOOP ( 'NONE', ( #2017, #2013, #1158, #6170 ) ) ;
#2768 = CYLINDRICAL_SURFACE ( 'NONE', #1291, 0.6300351710512541725 ) ;
#2769 =( NAMED_UNIT ( * ) SI_UNIT ( $, .STERADIAN. ) SOLID_ANGLE_UNIT ( ) );
#2770 = FACE_OUTER_BOUND ( 'NONE', #345, .T. ) ;
#2771 = CARTESIAN_POINT ( 'NONE',  ( 9.500000000000001776, -0.9536012874044282883, -1.700924626390192484 ) ) ;
#2772 = ORIENTED_EDGE ( 'NONE', *, *, #3461, .T. ) ;
#2773 = EDGE_CURVE ( 'NONE', #3311, #1540, #638, .T. ) ;
#2774 = ORIENTED_EDGE ( 'NONE', *, *, #5584, .T. ) ;
#2775 = CARTESIAN_POINT ( 'NONE',  ( 9.238811548694176423, -6.003329803090577954, 0.5999999999999985345 ) ) ;
#2776 =( NAMED_UNIT ( * ) SI_UNIT ( $, .STERADIAN. ) SOLID_ANGLE_UNIT ( ) );
#2777 = CARTESIAN_POINT ( 'NONE',  ( 0.000000000000000000, -0.9536012874044282883, 1.700924626390192484 ) ) ;
#2778 = FILL_AREA_STYLE_COLOUR ( '', #3256 ) ;
#2779 = CARTESIAN_POINT ( 'NONE',  ( 13.00000000000000178, -6.449193518580326412, -0.6000000000000006439 ) ) ;
#2780 = CARTESIAN_POINT ( 'NONE',  ( 0.000000000000000000, -6.445457888638662425, 1.030209834226589516 ) ) ;
#2781 = VECTOR ( 'NONE', #4422, 1000.000000000000227 ) ;
#2782 = ORIENTED_EDGE ( 'NONE', *, *, #6032, .T. ) ;
#2783 = STYLED_ITEM ( 'NONE', ( #4349 ), #2024 ) ;
#2784 = CARTESIAN_POINT ( 'NONE',  ( 9.500000000000001776, 1.381018271236887252, -2.152131625433289397 ) ) ;
#2785 =( NAMED_UNIT ( * ) SI_UNIT ( $, .STERADIAN. ) SOLID_ANGLE_UNIT ( ) );
#2786 = DIRECTION ( 'NONE',  ( 0.000000000000000000, -1.000000000000000000, 6.193993248405338784E-17 ) ) ;
#2787 = PRESENTATION_STYLE_ASSIGNMENT (( #6191 ) ) ;
#2788 = MECHANICAL_DESIGN_GEOMETRIC_PRESENTATION_REPRESENTATION (  '', ( #1682 ), #5899 ) ;
#2789 = CYLINDRICAL_SURFACE ( 'NONE', #5925, 2.450000000002283684 ) ;
#2790 = ADVANCED_FACE ( 'NONE', ( #2922 ), #5445, .F. ) ;
#2791 =( LENGTH_UNIT ( ) NAMED_UNIT ( * ) SI_UNIT ( .MILLI., .METRE. ) );
#2792 = FILL_AREA_STYLE ('',( #6221 ) ) ;
#2793 = FILL_AREA_STYLE_COLOUR ( '', #1778 ) ;
#2794 = EDGE_CURVE ( 'NONE', #5695, #3659, #4600, .T. ) ;
#2795 = STYLED_ITEM ( 'NONE', ( #2327 ), #2640 ) ;
#2796 = DIRECTION ( 'NONE',  ( 0.000000000000000000, 1.000000000000000000, 1.858197974521601389E-16 ) ) ;
#2797 = CARTESIAN_POINT ( 'NONE',  ( 3.000000000000000000, 1.205463676329423306, 1.591861468293960913 ) ) ;
#2798 = DIRECTION ( 'NONE',  ( 0.000000000000000000, 0.000000000000000000, -1.000000000000000000 ) ) ;
#2799 = COLOUR_RGB ( '',0.9372549019607843146, 0.8823529411764705621, 0.8823529411764705621 ) ;
#2800 = CARTESIAN_POINT ( 'NONE',  ( 9.500000000000001776, 1.850152416059487548, 2.310170725897712884 ) ) ;
#2801 = ORIENTED_EDGE ( 'NONE', *, *, #2715, .F. ) ;
#2802 =( GEOMETRIC_REPRESENTATION_CONTEXT ( 3 ) GLOBAL_UNCERTAINTY_ASSIGNED_CONTEXT ( ( #2538 ) ) GLOBAL_UNIT_ASSIGNED_CONTEXT ( ( #4986, #1036, #3899 ) ) REPRESENTATION_CONTEXT ( 'NONE', 'WORKASPACE' ) );
#2803 = ORIENTED_EDGE ( 'NONE', *, *, #3340, .T. ) ;
#2804 = CARTESIAN_POINT ( 'NONE',  ( 3.000000000000000000, 1.425172436802283560, 0.5999999999999994227 ) ) ;
#2805 = CARTESIAN_POINT ( 'NONE',  ( 3.000000000000000000, -5.949181936407098803, 0.6000000018753710584 ) ) ;
#2806 = PRESENTATION_STYLE_ASSIGNMENT (( #5761 ) ) ;
#2807 = SURFACE_STYLE_USAGE ( .BOTH. , #5270 ) ;
#2808 = CARTESIAN_POINT ( 'NONE',  ( 3.000000000000000000, -6.449162802206574341, -0.5999999999999985345 ) ) ;
#2809 = EDGE_CURVE ( 'NONE', #4089, #3280, #2099, .T. ) ;
#2810 =( GEOMETRIC_REPRESENTATION_CONTEXT ( 3 ) GLOBAL_UNCERTAINTY_ASSIGNED_CONTEXT ( ( #6311 ) ) GLOBAL_UNIT_ASSIGNED_CONTEXT ( ( #1942, #5387, #4661 ) ) REPRESENTATION_CONTEXT ( 'NONE', 'WORKASPACE' ) );
#2811 = ORIENTED_EDGE ( 'NONE', *, *, #282, .F. ) ;
#2812 = AXIS2_PLACEMENT_3D ( 'NONE', #191, #3350, #2303 ) ;
#2813 = CARTESIAN_POINT ( 'NONE',  ( 9.500000000000001776, 1.586240938091048047, -2.189026805738434334 ) ) ;
#2814 = VECTOR ( 'NONE', #1673, 1000.000000000000000 ) ;
#2815 = AXIS2_PLACEMENT_3D ( 'NONE', #3716, #2746, #1736 ) ;
#2816 = FACE_OUTER_BOUND ( 'NONE', #4653, .T. ) ;
#2817 = CARTESIAN_POINT ( 'NONE',  ( -0.4456695524193318714, -6.187685465102418014, 0.6000000000000004219 ) ) ;
#2818 = PRESENTATION_LAYER_ASSIGNMENT (  '', '', ( #3019 ) ) ;
#2819 = EDGE_LOOP ( 'NONE', ( #2283, #2801, #5216, #2551 ) ) ;
#2820 =( LENGTH_UNIT ( ) NAMED_UNIT ( * ) SI_UNIT ( .MILLI., .METRE. ) );
#2821 = CARTESIAN_POINT ( 'NONE',  ( 9.500000000000001776, -0.9536012874044283993, 1.700924626390192484 ) ) ;
#2822 = VECTOR ( 'NONE', #5248, 1000.000000000000114 ) ;
#2823 =( LENGTH_UNIT ( ) NAMED_UNIT ( * ) SI_UNIT ( .MILLI., .METRE. ) );
#2824 = CARTESIAN_POINT ( 'NONE',  ( 0.000000000000000000, -1.031603706871464743, 1.670078913344185345 ) ) ;
#2825 = CARTESIAN_POINT ( 'NONE',  ( 9.500000000000001776, -6.450000000000001066, -2.544803959115682914E-15 ) ) ;
#2826 = SURFACE_STYLE_USAGE ( .BOTH. , #1782 ) ;
#2827 = SURFACE_SIDE_STYLE ('',( #896 ) ) ;
#2828 = PRESENTATION_STYLE_ASSIGNMENT (( #5722 ) ) ;
#2829 = ADVANCED_FACE ( 'NONE', ( #197 ), #3131, .T. ) ;
#2830 =( LENGTH_UNIT ( ) NAMED_UNIT ( * ) SI_UNIT ( .MILLI., .METRE. ) );
#2831 = ORIENTED_EDGE ( 'NONE', *, *, #4644, .F. ) ;
#2832 = LINE ( 'NONE', #4268, #6036 ) ;
#2833 = EDGE_LOOP ( 'NONE', ( #5796, #5954 ) ) ;
#2834 = MECHANICAL_DESIGN_GEOMETRIC_PRESENTATION_REPRESENTATION (  '', ( #713 ), #612 ) ;
#2835 = FACE_OUTER_BOUND ( 'NONE', #399, .T. ) ;
#2836 = CARTESIAN_POINT ( 'NONE',  ( 0.000000000000000000, -1.365337641709120975, 2.079570557497269601 ) ) ;
#2837 = ADVANCED_FACE ( 'NONE', ( #4157 ), #3099, .T. ) ;
#2838 = FILL_AREA_STYLE_COLOUR ( '', #516 ) ;
#2839 = PRESENTATION_LAYER_ASSIGNMENT (  '', '', ( #2036 ) ) ;
#2840 = CARTESIAN_POINT ( 'NONE',  ( 0.000000000000000000, -0.2160022778819082334, 0.3979136807316022151 ) ) ;
#2841 = ORIENTED_EDGE ( 'NONE', *, *, #5382, .F. ) ;
#2842 = B_SPLINE_CURVE_WITH_KNOTS ( 'NONE', 3,
 ( #1592, #1104, #4659, #170, #2171, #5103, #3100, #3667, #2662, #259, #4568, #4158, #4128 ),
 .UNSPECIFIED., .F., .F.,
 ( 4, 1, 1, 1, 1, 1, 1, 1, 1, 1, 4 ),
 ( 0.007813538992001545225, 0.06982519280500143477, 0.1318368466180013243, 0.2558601542440011034, 0.3798834618700008825, 0.5039067694960007726, 0.6279300771220005517, 0.7519533847480003308, 0.8759766923740001099, 0.9379883461869999994, 0.9999999999999998890 ),
 .UNSPECIFIED. ) ;
#2843 = AXIS2_PLACEMENT_3D ( 'NONE', #5196, #6030, #1549 ) ;
#2844 = CARTESIAN_POINT ( 'NONE',  ( 0.000000000000000000, 0.000000000000000000, 0.000000000000000000 ) ) ;
#2845 = FILL_AREA_STYLE ('',( #1345 ) ) ;
#2846 = CARTESIAN_POINT ( 'NONE',  ( 3.500000000000000000, -5.949157067559266210, 0.6036205310216880005 ) ) ;
#2847 = COLOUR_RGB ( '',0.9372549019607843146, 0.8823529411764705621, 0.8823529411764705621 ) ;
#2848 = CARTESIAN_POINT ( 'NONE',  ( 0.3999999999999993006, -4.960225230926596474E-17, 0.4050331274601051135 ) ) ;
#2849 = VERTEX_POINT ( 'NONE', #4311 ) ;
#2850 = CARTESIAN_POINT ( 'NONE',  ( 12.50000000000000000, -5.949181936419980943, 0.5999999999999992006 ) ) ;
#2851 = AXIS2_PLACEMENT_3D ( 'NONE', #2421, #1973, #1046 ) ;
#2852 =( NAMED_UNIT ( * ) PLANE_ANGLE_UNIT ( ) SI_UNIT ( $, .RADIAN. ) );
#2853 = CARTESIAN_POINT ( 'NONE',  ( 0.000000000000000000, 0.8231422074094449925, 1.767749107305984557 ) ) ;
#2854 = DIRECTION ( 'NONE',  ( 1.000000000000000000, 0.000000000000000000, -0.000000000000000000 ) ) ;
#2855 =( NAMED_UNIT ( * ) SI_UNIT ( $, .STERADIAN. ) SOLID_ANGLE_UNIT ( ) );
#2856 =( LENGTH_UNIT ( ) NAMED_UNIT ( * ) SI_UNIT ( .MILLI., .METRE. ) );
#2857 = CARTESIAN_POINT ( 'NONE',  ( 12.50000000000000000, -5.303916665296939392, -2.424131555432305518 ) ) ;
#2858 =( NAMED_UNIT ( * ) PLANE_ANGLE_UNIT ( ) SI_UNIT ( $, .RADIAN. ) );
#2859 = PLANE ( 'NONE',  #5258 ) ;
#2860 = CARTESIAN_POINT ( 'NONE',  ( 9.500000000000001776, 1.586240938091250774, 2.189026805737763315 ) ) ;
#2861 = ORIENTED_EDGE ( 'NONE', *, *, #1363, .F. ) ;
#2862 = ORIENTED_EDGE ( 'NONE', *, *, #2618, .T. ) ;
#2863 = EDGE_CURVE ( 'NONE', #301, #3286, #1371, .T. ) ;
#2864 = FILL_AREA_STYLE_COLOUR ( '', #5820 ) ;
#2865 = DIRECTION ( 'NONE',  ( 1.000000000000000000, 0.000000000000000000, 0.000000000000000000 ) ) ;
#2866 = CARTESIAN_POINT ( 'NONE',  ( -0.5000000000000000000, -6.449193518580324636, -0.5999999999999989786 ) ) ;
#2867 =( NAMED_UNIT ( * ) SI_UNIT ( $, .STERADIAN. ) SOLID_ANGLE_UNIT ( ) );
#2868 = CARTESIAN_POINT ( 'NONE',  ( 13.00000000000000178, -6.450542501222612302, -0.4000043687630616129 ) ) ;
#2869 = CARTESIAN_POINT ( 'NONE',  ( 9.500000000000001776, -9.449999999999999289, -0.6000000000000014211 ) ) ;
#2870 = VERTEX_POINT ( 'NONE', #5314 ) ;
#2871 = CARTESIAN_POINT ( 'NONE',  ( 9.000000000000001776, -6.449145272737084156, 0.6070548698320801240 ) ) ;
#2872 = SURFACE_STYLE_USAGE ( .BOTH. , #4251 ) ;
#2873 = PRESENTATION_STYLE_ASSIGNMENT (( #3008 ) ) ;
#2874 = MECHANICAL_DESIGN_GEOMETRIC_PRESENTATION_REPRESENTATION (  '', ( #2483 ), #5896 ) ;
#2875 = ORIENTED_EDGE ( 'NONE', *, *, #4010, .T. ) ;
#2876 = LINE ( 'NONE', #3824, #3199 ) ;
#2877 = UNCERTAINTY_MEASURE_WITH_UNIT (LENGTH_MEASURE( 1.000000000000000082E-05 ), #1140, 'distance_accuracy_value', 'NONE');
#2878 = CARTESIAN_POINT ( 'NONE',  ( 3.000000000000000000, -2.015728281175281911, 1.924131555431599194 ) ) ;
#2879 =( NAMED_UNIT ( * ) SI_UNIT ( $, .STERADIAN. ) SOLID_ANGLE_UNIT ( ) );
#2880 = ADVANCED_FACE ( 'NONE', ( #2816 ), #5769, .T. ) ;
#2881 = CYLINDRICAL_SURFACE ( 'NONE', #3951, 0.2499999999999997780 ) ;
#2882 = DIRECTION ( 'NONE',  ( 0.000000000000000000, 1.000000000000000000, -1.224646799147353207E-16 ) ) ;
#2883 = STYLED_ITEM ( 'NONE', ( #6275 ), #2447 ) ;
#2884 = UNCERTAINTY_MEASURE_WITH_UNIT (LENGTH_MEASURE( 1.000000000000000082E-05 ), #2362, 'distance_accuracy_value', 'NONE');
#2885 = UNCERTAINTY_MEASURE_WITH_UNIT (LENGTH_MEASURE( 1.000000000000000082E-05 ), #1894, 'distance_accuracy_value', 'NONE');
#2886 = CARTESIAN_POINT ( 'NONE',  ( 0.000000000000000000, -1.558319229584292698, -2.027625431478922824 ) ) ;
#2887 = FILL_AREA_STYLE ('',( #5355 ) ) ;
#2888 = SURFACE_STYLE_FILL_AREA ( #4935 ) ;
#2889 = SURFACE_STYLE_USAGE ( .BOTH. , #952 ) ;
#2890 = DIRECTION ( 'NONE',  ( 0.000000000000000000, 0.000000000000000000, -1.000000000000000000 ) ) ;
#2891 = LINE ( 'NONE', #3412, #3960 ) ;
#2892 = VERTEX_POINT ( 'NONE', #1414 ) ;
#2893 = UNCERTAINTY_MEASURE_WITH_UNIT (LENGTH_MEASURE( 1.000000000000000082E-05 ), #4657, 'distance_accuracy_value', 'NONE');
#2894 = DIRECTION ( 'NONE',  ( 0.000000000000000000, 0.000000000000000000, 1.000000000000000000 ) ) ;
#2895 = ORIENTED_EDGE ( 'NONE', *, *, #5063, .F. ) ;
#2896 = AXIS2_PLACEMENT_3D ( 'NONE', #231, #1287, #3762 ) ;
#2897 = LINE ( 'NONE', #527, #3859 ) ;
#2898 = CARTESIAN_POINT ( 'NONE',  ( 8.100000000000001421, 0.000000000000000000, 0.000000000000000000 ) ) ;
#2899 = CARTESIAN_POINT ( 'NONE',  ( 9.000000000000001776, -6.449420405505986054, -0.5663625072016859052 ) ) ;
#2900 = CARTESIAN_POINT ( 'NONE',  ( 3.000000000000000000, -1.732354142640884165, 2.008456984256953071 ) ) ;
#2901 = CARTESIAN_POINT ( 'NONE',  ( 3.000000000000000000, 0.8231422074094449925, 1.767749107305984557 ) ) ;
#2902 = AXIS2_PLACEMENT_3D ( 'NONE', #391, #2423, #1946 ) ;
#2903 = PRESENTATION_LAYER_ASSIGNMENT (  '', '', ( #3961 ) ) ;
#2904 = ORIENTED_EDGE ( 'NONE', *, *, #4766, .T. ) ;
#2905 =( NAMED_UNIT ( * ) PLANE_ANGLE_UNIT ( ) SI_UNIT ( $, .RADIAN. ) );
#2906 = DIRECTION ( 'NONE',  ( 1.000000000000000000, 0.000000000000000000, 0.000000000000000000 ) ) ;
#2907 = FACE_OUTER_BOUND ( 'NONE', #6239, .T. ) ;
#2908 = DIRECTION ( 'NONE',  ( -0.000000000000000000, -0.2722482498591757283, 0.9622270472443682499 ) ) ;
#2909 = SURFACE_STYLE_USAGE ( .BOTH. , #67 ) ;
#2910 = FACE_OUTER_BOUND ( 'NONE', #5208, .T. ) ;
#2911 = VECTOR ( 'NONE', #4493, 1000.000000000000000 ) ;
#2912 = AXIS2_PLACEMENT_3D ( 'NONE', #293, #2761, #326 ) ;
#2913 = SURFACE_STYLE_USAGE ( .BOTH. , #4923 ) ;
#2914 = ORIENTED_EDGE ( 'NONE', *, *, #397, .T. ) ;
#2915 = SURFACE_SIDE_STYLE ('',( #977 ) ) ;
#2916 = CARTESIAN_POINT ( 'NONE',  ( 9.500000000000001776, -5.511447537303412858, 2.424131555431612739 ) ) ;
#2917 = MECHANICAL_DESIGN_GEOMETRIC_PRESENTATION_REPRESENTATION (  '', ( #2116 ), #4574 ) ;
#2918 = FILL_AREA_STYLE ('',( #6202 ) ) ;
#2919 = DIRECTION ( 'NONE',  ( -1.000000000000000000, 0.000000000000000000, 0.000000000000000000 ) ) ;
#2920 = EDGE_CURVE ( 'NONE', #3657, #6065, #6021, .T. ) ;
#2921 = CARTESIAN_POINT ( 'NONE',  ( 3.000000000000000000, -5.950000000000002842, 0.2206616869795796909 ) ) ;
#2922 = FACE_OUTER_BOUND ( 'NONE', #3141, .T. ) ;
#2923 = B_SPLINE_CURVE_WITH_KNOTS ( 'NONE', 3,
 ( #5755, #5848, #4358, #1334, #2860, #5261, #2800 ),
 .UNSPECIFIED., .F., .F.,
 ( 4, 1, 1, 1, 4 ),
 ( 0.001225663607282756300, 0.2509192477054620340, 0.5006128318036413560, 0.7503064159018206780, 1.000000000000000000 ),
 .UNSPECIFIED. ) ;
#2924 = SURFACE_STYLE_USAGE ( .BOTH. , #5001 ) ;
#2925 = EDGE_CURVE ( 'NONE', #5471, #126, #3366, .T. ) ;
#2926 = CARTESIAN_POINT ( 'NONE',  ( -0.1320558536239748726, -5.949181936419981831, -0.5999999999999989786 ) ) ;
#2927 = COLOUR_RGB ( '',0.9372549019607843146, 0.8823529411764705621, 0.8823529411764705621 ) ;
#2928 = CARTESIAN_POINT ( 'NONE',  ( 9.500000000000001776, 1.586240938091250774, 2.189026805737763315 ) ) ;
#2929 = DIRECTION ( 'NONE',  ( 0.000000000000000000, 0.000000000000000000, -1.000000000000000000 ) ) ;
#2930 = SURFACE_SIDE_STYLE ('',( #5952 ) ) ;
#2931 = CARTESIAN_POINT ( 'NONE',  ( 12.50000000000000000, -6.331521131136688574, 1.847389710217548053 ) ) ;
#2932 = EDGE_LOOP ( 'NONE', ( #682, #3520, #2127, #809 ) ) ;
#2933 = MECHANICAL_DESIGN_GEOMETRIC_PRESENTATION_REPRESENTATION (  '', ( #700 ), #2328 ) ;
#2934 = EDGE_LOOP ( 'NONE', ( #5781, #5505, #5991, #4079 ) ) ;
#2935 = CARTESIAN_POINT ( 'NONE',  ( 3.000000000000000000, -5.950000000000000178, -7.286648454926751965E-16 ) ) ;
#2936 = SURFACE_STYLE_FILL_AREA ( #4874 ) ;
#2937 = FILL_AREA_STYLE ('',( #1607 ) ) ;
#2938 = FILL_AREA_STYLE ('',( #6323 ) ) ;
#2939 = VERTEX_POINT ( 'NONE', #403 ) ;
#2940 = ORIENTED_EDGE ( 'NONE', *, *, #4043, .F. ) ;
#2941 = CARTESIAN_POINT ( 'NONE',  ( 12.50000000000000000, 1.032974534022752744, -2.221590333990373090 ) ) ;
#2942 = SURFACE_STYLE_USAGE ( .BOTH. , #2469 ) ;
#2943 = AXIS2_PLACEMENT_3D ( 'NONE', #4674, #4579, #4321 ) ;
#2944 = DIRECTION ( 'NONE',  ( 0.000000000000000000, 0.000000000000000000, -1.000000000000000000 ) ) ;
#2945 =( LENGTH_UNIT ( ) NAMED_UNIT ( * ) SI_UNIT ( .MILLI., .METRE. ) );
#2946 = FACE_OUTER_BOUND ( 'NONE', #3892, .T. ) ;
#2947 = VECTOR ( 'NONE', #2310, 1000.000000000000000 ) ;
#2948 = SURFACE_SIDE_STYLE ('',( #68 ) ) ;
#2949 = STYLED_ITEM ( 'NONE', ( #2124 ), #3741 ) ;
#2950 = CARTESIAN_POINT ( 'NONE',  ( -0.5000000000000000000, -6.450000000000002842, -0.2000001806699940876 ) ) ;
#2951 = ORIENTED_EDGE ( 'NONE', *, *, #261, .T. ) ;
#2952 = LINE ( 'NONE', #2408, #1277 ) ;
#2953 = ADVANCED_FACE ( 'NONE', ( #5741 ), #1377, .F. ) ;
#2954 = CARTESIAN_POINT ( 'NONE',  ( 9.500000000000001776, -3.416280893695073484, 2.317750945013471231 ) ) ;
#2955 = FILL_AREA_STYLE_COLOUR ( '', #3590 ) ;
#2956 = SURFACE_STYLE_USAGE ( .BOTH. , #1965 ) ;
#2957 = DIRECTION ( 'NONE',  ( 0.000000000000000000, 0.000000000000000000, -1.000000000000000000 ) ) ;
#2958 = CARTESIAN_POINT ( 'NONE',  ( 0.000000000000000000, -5.511447537303415523, 2.424131555432306406 ) ) ;
#2959 = EDGE_CURVE ( 'NONE', #2238, #3280, #2333, .T. ) ;
#2960 = CARTESIAN_POINT ( 'NONE',  ( 9.500000000000001776, -6.448448220535715869, 0.7017742220557301458 ) ) ;
#2961 = CARTESIAN_POINT ( 'NONE',  ( 9.500000000000001776, 1.087617498296270302, 2.196531237075769027 ) ) ;
#2962 = CARTESIAN_POINT ( 'NONE',  ( 3.000000000000000000, -2.015728281175274805, -1.924131555431600971 ) ) ;
#2963 = CARTESIAN_POINT ( 'NONE',  ( 12.50000000000000000, -5.950555673975649995, -0.4000045320418553763 ) ) ;
#2964 = CARTESIAN_POINT ( 'NONE',  ( 12.50000000000000000, -5.511447537303412858, 2.424131555431612739 ) ) ;
#2965 = MECHANICAL_DESIGN_GEOMETRIC_PRESENTATION_REPRESENTATION (  '', ( #5344 ), #5456 ) ;
#2966 = ORIENTED_EDGE ( 'NONE', *, *, #2495, .T. ) ;
#2967 = ORIENTED_EDGE ( 'NONE', *, *, #4402, .F. ) ;
#2968 = DIRECTION ( 'NONE',  ( 0.000000000000000000, 0.000000000000000000, 1.000000000000000000 ) ) ;
#2969 = CARTESIAN_POINT ( 'NONE',  ( 3.500000000000000000, -6.449710760119538477, -0.4990865516588793294 ) ) ;
#2970 = FACE_OUTER_BOUND ( 'NONE', #2178, .T. ) ;
#2971 = PRESENTATION_STYLE_ASSIGNMENT (( #1474 ) ) ;
#2972 = ORIENTED_EDGE ( 'NONE', *, *, #2575, .F. ) ;
#2973 = EDGE_CURVE ( 'NONE', #1540, #3746, #5915, .T. ) ;
#2974 = ORIENTED_EDGE ( 'NONE', *, *, #100, .T. ) ;
#2975 = SURFACE_SIDE_STYLE ('',( #5705 ) ) ;
#2976 =( LENGTH_UNIT ( ) NAMED_UNIT ( * ) SI_UNIT ( .MILLI., .METRE. ) );
#2977 =( LENGTH_UNIT ( ) NAMED_UNIT ( * ) SI_UNIT ( .MILLI., .METRE. ) );
#2978 = FILL_AREA_STYLE ('',( #1550 ) ) ;
#2979 = FILL_AREA_STYLE ('',( #4439 ) ) ;
#2980 = CARTESIAN_POINT ( 'NONE',  ( 4.399999999999999467, 0.000000000000000000, 0.000000000000000000 ) ) ;
#2981 =( NAMED_UNIT ( * ) PLANE_ANGLE_UNIT ( ) SI_UNIT ( $, .RADIAN. ) );
#2982 = ORIENTED_EDGE ( 'NONE', *, *, #5640, .T. ) ;
#2983 = CARTESIAN_POINT ( 'NONE',  ( 0.000000000000000000, 1.204941612932368677, 2.159121886692098258 ) ) ;
#2984 = DIRECTION ( 'NONE',  ( 0.000000000000000000, -0.2722482498591757283, -0.9622270472443682499 ) ) ;
#2985 = FILL_AREA_STYLE ('',( #513 ) ) ;
#2986 = CARTESIAN_POINT ( 'NONE',  ( 9.500000000000001776, -6.450368985390642074, -0.3720377589584699107 ) ) ;
#2987 = CIRCLE ( 'NONE', #5162, 1.500000000000000222 ) ;
#2988 = ADVANCED_FACE ( 'NONE', ( #1552 ), #4453, .F. ) ;
#2989 = AXIS2_PLACEMENT_3D ( 'NONE', #1933, #5947, #3473 ) ;
#2990 =( LENGTH_UNIT ( ) NAMED_UNIT ( * ) SI_UNIT ( .MILLI., .METRE. ) );
#2991 = CARTESIAN_POINT ( 'NONE',  ( 12.50000000000000000, -5.627658374173602596, 2.424131555431612739 ) ) ;
#2992 = ORIENTED_EDGE ( 'NONE', *, *, #741, .F. ) ;
#2993 = EDGE_CURVE ( 'NONE', #4804, #2156, #1063, .T. ) ;
#2994 = CIRCLE ( 'NONE', #452, 1.800000000000000044 ) ;
#2995 = VERTEX_POINT ( 'NONE', #3462 ) ;
#2996 = DIRECTION ( 'NONE',  ( 1.000000000000000000, 0.000000000000000000, 0.000000000000000000 ) ) ;
#2997 = CARTESIAN_POINT ( 'NONE',  ( 11.85000000000000142, 0.000000000000000000, 0.000000000000000000 ) ) ;
#2998 = FACE_OUTER_BOUND ( 'NONE', #2205, .T. ) ;
#2999 = STYLED_ITEM ( 'NONE', ( #2684 ), #2601 ) ;
#3000 = SURFACE_SIDE_STYLE ('',( #4430 ) ) ;
#3001 = ORIENTED_EDGE ( 'NONE', *, *, #5489, .F. ) ;
#3002 = EDGE_CURVE ( 'NONE', #2225, #6299, #5285, .T. ) ;
#3003 = ORIENTED_EDGE ( 'NONE', *, *, #166, .T. ) ;
#3004 = LINE ( 'NONE', #2529, #2911 ) ;
#3005 = EDGE_CURVE ( 'NONE', #302, #237, #4656, .T. ) ;
#3006 = CARTESIAN_POINT ( 'NONE',  ( 12.50000000000000000, -5.949157288921806952, -0.6035542239370846884 ) ) ;
#3007 = DIRECTION ( 'NONE',  ( 1.000000000000000000, -0.000000000000000000, 0.000000000000000000 ) ) ;
#3008 = SURFACE_STYLE_USAGE ( .BOTH. , #4954 ) ;
#3009 =( NAMED_UNIT ( * ) SI_UNIT ( $, .STERADIAN. ) SOLID_ANGLE_UNIT ( ) );
#3010 = ORIENTED_EDGE ( 'NONE', *, *, #3098, .T. ) ;
#3011 = CARTESIAN_POINT ( 'NONE',  ( 12.50000000000000000, -4.869898583757783506, 2.418288910156157989 ) ) ;
#3012 = DIRECTION ( 'NONE',  ( 0.000000000000000000, 0.000000000000000000, 1.000000000000000000 ) ) ;
#3013 = DIRECTION ( 'NONE',  ( -1.000000000000000000, -0.000000000000000000, 0.000000000000000000 ) ) ;
#3014 = PRESENTATION_LAYER_ASSIGNMENT (  '', '', ( #683 ) ) ;
#3015 =( NAMED_UNIT ( * ) SI_UNIT ( $, .STERADIAN. ) SOLID_ANGLE_UNIT ( ) );
#3016 = MECHANICAL_DESIGN_GEOMETRIC_PRESENTATION_REPRESENTATION (  '', ( #5716 ), #4669 ) ;
#3017 = PLANE ( 'NONE',  #2489 ) ;
#3018 = SURFACE_STYLE_USAGE ( .BOTH. , #3982 ) ;
#3019 = STYLED_ITEM ( 'NONE', ( #5805 ), #37 ) ;
#3020 = FACE_OUTER_BOUND ( 'NONE', #1184, .T. ) ;
#3021 = CARTESIAN_POINT ( 'NONE',  ( 9.500000000000001776, -6.422442313217941567, -1.465803793296805546 ) ) ;
#3022 = ORIENTED_EDGE ( 'NONE', *, *, #1143, .F. ) ;
#3023 = CIRCLE ( 'NONE', #4272, 2.450000000002283684 ) ;
#3024 = VERTEX_POINT ( 'NONE', #3429 ) ;
#3025 = AXIS2_PLACEMENT_3D ( 'NONE', #2844, #1375, #1283 ) ;
#3026 = FILL_AREA_STYLE_COLOUR ( '', #4765 ) ;
#3027 = ADVANCED_FACE ( 'NONE', ( #2910 ), #4003, .F. ) ;
#3028 = CYLINDRICAL_SURFACE ( 'NONE', #4188, 0.1550331274601050857 ) ;
#3029 = LINE ( 'NONE', #2901, #1801 ) ;
#3030 = ORIENTED_EDGE ( 'NONE', *, *, #5141, .F. ) ;
#3031 = EDGE_LOOP ( 'NONE', ( #4775, #1382, #898, #3003 ) ) ;
#3032 = ADVANCED_FACE ( 'NONE', ( #4329 ), #1313, .T. ) ;
#3033 = CARTESIAN_POINT ( 'NONE',  ( 12.50000000000000000, -2.282428645141570733, -2.102202052405789612 ) ) ;
#3034 = PRESENTATION_LAYER_ASSIGNMENT (  '', '', ( #5009 ) ) ;
#3035 = CARTESIAN_POINT ( 'NONE',  ( 12.50000000000000000, -5.949181936419979166, -0.6000000000000005329 ) ) ;
#3036 = FILL_AREA_STYLE_COLOUR ( '', #275 ) ;
#3037 = VERTEX_POINT ( 'NONE', #2805 ) ;
#3038 =( GEOMETRIC_REPRESENTATION_CONTEXT ( 3 ) GLOBAL_UNCERTAINTY_ASSIGNED_CONTEXT ( ( #2717 ) ) GLOBAL_UNIT_ASSIGNED_CONTEXT ( ( #5633, #1698, #3145 ) ) REPRESENTATION_CONTEXT ( 'NONE', 'WORKASPACE' ) );
#3039 = PLANE ( 'NONE',  #2707 ) ;
#3040 = UNCERTAINTY_MEASURE_WITH_UNIT (LENGTH_MEASURE( 1.000000000000000082E-05 ), #583, 'distance_accuracy_value', 'NONE');
#3041 = STYLED_ITEM ( 'NONE', ( #1218 ), #1194 ) ;
#3042 = FACE_OUTER_BOUND ( 'NONE', #5149, .T. ) ;
#3043 = FILL_AREA_STYLE_COLOUR ( '', #2078 ) ;
#3044 = SURFACE_SIDE_STYLE ('',( #5383 ) ) ;
#3045 =( GEOMETRIC_REPRESENTATION_CONTEXT ( 3 ) GLOBAL_UNCERTAINTY_ASSIGNED_CONTEXT ( ( #251 ) ) GLOBAL_UNIT_ASSIGNED_CONTEXT ( ( #1722, #4162, #1629 ) ) REPRESENTATION_CONTEXT ( 'NONE', 'WORKASPACE' ) );
#3046 = CARTESIAN_POINT ( 'NONE',  ( 3.000000000000000000, -1.558319229584292698, -2.027625431478922824 ) ) ;
#3047 = MECHANICAL_DESIGN_GEOMETRIC_PRESENTATION_REPRESENTATION (  '', ( #5136 ), #2347 ) ;
#3048 = DIRECTION ( 'NONE',  ( 0.000000000000000000, 1.858197974521601635E-16, -1.000000000000000000 ) ) ;
#3049 = CIRCLE ( 'NONE', #2843, 1.000000000000000000 ) ;
#3050 = PLANE ( 'NONE',  #720 ) ;
#3051 = CARTESIAN_POINT ( 'NONE',  ( 4.399999999999999467, 0.000000000000000000, 0.000000000000000000 ) ) ;
#3052 = SURFACE_STYLE_FILL_AREA ( #3076 ) ;
#3053 = ORIENTED_EDGE ( 'NONE', *, *, #281, .T. ) ;
#3054 =( GEOMETRIC_REPRESENTATION_CONTEXT ( 3 ) GLOBAL_UNCERTAINTY_ASSIGNED_CONTEXT ( ( #1711 ) ) GLOBAL_UNIT_ASSIGNED_CONTEXT ( ( #4030, #3967, #6059 ) ) REPRESENTATION_CONTEXT ( 'NONE', 'WORKASPACE' ) );
#3055 = ORIENTED_EDGE ( 'NONE', *, *, #2018, .T. ) ;
#3056 = DIRECTION ( 'NONE',  ( -1.000000000000000000, 0.000000000000000000, 0.000000000000000000 ) ) ;
#3057 = CARTESIAN_POINT ( 'NONE',  ( -0.5000000000000000000, 0.000000000000000000, 0.000000000000000000 ) ) ;
#3058 = AXIS2_PLACEMENT_3D ( 'NONE', #1237, #773, #272 ) ;
#3059 = CARTESIAN_POINT ( 'NONE',  ( 0.000000000000000000, -5.511447537303413746, -1.924131555431612517 ) ) ;
#3060 = ORIENTED_EDGE ( 'NONE', *, *, #2165, .T. ) ;
#3061 = ORIENTED_EDGE ( 'NONE', *, *, #4644, .T. ) ;
#3062 = CARTESIAN_POINT ( 'NONE',  ( 9.000000000000001776, -6.449586779610561926, 0.5327245811532974606 ) ) ;
#3063 = SURFACE_SIDE_STYLE ('',( #65 ) ) ;
#3064 = EDGE_CURVE ( 'NONE', #4972, #6214, #5391, .T. ) ;
#3065 = VERTEX_POINT ( 'NONE', #1440 ) ;
#3066 = ORIENTED_EDGE ( 'NONE', *, *, #1433, .T. ) ;
#3067 = SURFACE_STYLE_USAGE ( .BOTH. , #1659 ) ;
#3068 = CARTESIAN_POINT ( 'NONE',  ( 3.000000000000000000, -6.449162802238361358, 0.6000000000000008660 ) ) ;
#3069 =( NAMED_UNIT ( * ) PLANE_ANGLE_UNIT ( ) SI_UNIT ( $, .RADIAN. ) );
#3070 = CARTESIAN_POINT ( 'NONE',  ( -0.5000000000000000000, -6.450561500430842088, 0.4047254653073710240 ) ) ;
#3071 = SURFACE_SIDE_STYLE ('',( #5712 ) ) ;
#3072 = B_SPLINE_CURVE_WITH_KNOTS ( 'NONE', 3,
 ( #1699, #209, #5689, #1672 ),
 .UNSPECIFIED., .F., .F.,
 ( 4, 4 ),
 ( 0.1619895950281568520, 1.000000000000000000 ),
 .UNSPECIFIED. ) ;
#3073 = DIRECTION ( 'NONE',  ( 0.000000000000000000, 0.000000000000000000, 1.000000000000000000 ) ) ;
#3074 = EDGE_CURVE ( 'NONE', #888, #5471, #3422, .T. ) ;
#3075 =( LENGTH_UNIT ( ) NAMED_UNIT ( * ) SI_UNIT ( .MILLI., .METRE. ) );
#3076 = FILL_AREA_STYLE ('',( #6101 ) ) ;
#3077 = CARTESIAN_POINT ( 'NONE',  ( 12.50000000000000000, 0.8231422074094449925, -1.767749107305984557 ) ) ;
#3078 = VERTEX_POINT ( 'NONE', #2338 ) ;
#3079 = B_SPLINE_CURVE_WITH_KNOTS ( 'NONE', 3,
 ( #5458, #2921, #1528, #2445 ),
 .UNSPECIFIED., .F., .F.,
 ( 4, 4 ),
 ( 0.000000000000000000, 0.1619895955917463604 ),
 .UNSPECIFIED. ) ;
#3080 = ORIENTED_EDGE ( 'NONE', *, *, #1139, .F. ) ;
#3081 = VECTOR ( 'NONE', #5308, 1000.000000000000000 ) ;
#3082 = FILL_AREA_STYLE ('',( #1697 ) ) ;
#3083 = CARTESIAN_POINT ( 'NONE',  ( 9.500000000000001776, 1.967225567140177267, 2.089277364077946952 ) ) ;
#3084 = UNCERTAINTY_MEASURE_WITH_UNIT (LENGTH_MEASURE( 1.000000000000000082E-05 ), #4965, 'distance_accuracy_value', 'NONE');
#3085 = UNCERTAINTY_MEASURE_WITH_UNIT (LENGTH_MEASURE( 1.000000000000000082E-05 ), #4443, 'distance_accuracy_value', 'NONE');
#3086 =( LENGTH_UNIT ( ) NAMED_UNIT ( * ) SI_UNIT ( .MILLI., .METRE. ) );
#3087 = ORIENTED_EDGE ( 'NONE', *, *, #1806, .F. ) ;
#3088 = PRESENTATION_LAYER_ASSIGNMENT (  '', '', ( #1682 ) ) ;
#3089 = ORIENTED_EDGE ( 'NONE', *, *, #5806, .T. ) ;
#3090 = CARTESIAN_POINT ( 'NONE',  ( 2.649999999999999467, 0.000000000000000000, 0.000000000000000000 ) ) ;
#3091 = CARTESIAN_POINT ( 'NONE',  ( 3.000000000000000000, 1.032974534022424562, -2.221590333989759358 ) ) ;
#3092 = DIRECTION ( 'NONE',  ( 1.000000000000000000, -0.000000000000000000, -0.000000000000000000 ) ) ;
#3093 = ORIENTED_EDGE ( 'NONE', *, *, #1289, .T. ) ;
#3094 = ORIENTED_EDGE ( 'NONE', *, *, #2535, .F. ) ;
#3095 = DIRECTION ( 'NONE',  ( 0.000000000000000000, 0.000000000000000000, -1.000000000000000000 ) ) ;
#3096 = COLOUR_RGB ( '',0.9372549019607843146, 0.8823529411764705621, 0.8823529411764705621 ) ;
#3097 = PLANE ( 'NONE',  #3240 ) ;
#3098 = EDGE_CURVE ( 'NONE', #1854, #2156, #5920, .T. ) ;
#3099 = CYLINDRICAL_SURFACE ( 'NONE', #2896, 0.2500000000003476108 ) ;
#3100 = CARTESIAN_POINT ( 'NONE',  ( 0.000000000000000000, -2.282428645141714618, -2.102202052405111043 ) ) ;
#3101 = VECTOR ( 'NONE', #2743, 1000.000000000000000 ) ;
#3102 =( GEOMETRIC_REPRESENTATION_CONTEXT ( 3 ) GLOBAL_UNCERTAINTY_ASSIGNED_CONTEXT ( ( #3551 ) ) GLOBAL_UNIT_ASSIGNED_CONTEXT ( ( #425, #5242, #2776 ) ) REPRESENTATION_CONTEXT ( 'NONE', 'WORKASPACE' ) );
#3103 =( NAMED_UNIT ( * ) PLANE_ANGLE_UNIT ( ) SI_UNIT ( $, .RADIAN. ) );
#3104 = EDGE_CURVE ( 'NONE', #451, #3078, #1177, .T. ) ;
#3105 = CARTESIAN_POINT ( 'NONE',  ( 3.000000000000000000, -5.950000000000009948, 1.362196665616118185 ) ) ;
#3106 = DIRECTION ( 'NONE',  ( 0.000000000000000000, 0.000000000000000000, 1.000000000000000000 ) ) ;
#3107 = VERTEX_POINT ( 'NONE', #151 ) ;
#3108 = ADVANCED_FACE ( 'NONE', ( #4399 ), #2499, .F. ) ;
#3109 = ORIENTED_EDGE ( 'NONE', *, *, #245, .F. ) ;
#3110 = CARTESIAN_POINT ( 'NONE',  ( 0.000000000000000000, -4.153955876093443855, -2.386934677900609980 ) ) ;
#3111 = CARTESIAN_POINT ( 'NONE',  ( 3.500000000000000000, -6.449420405505986054, 0.5663625072016859052 ) ) ;
#3112 = CIRCLE ( 'NONE', #692, 0.6300351710512540615 ) ;
#3113 = FILL_AREA_STYLE ('',( #1756 ) ) ;
#3114 = LINE ( 'NONE', #1671, #2724 ) ;
#3115 = CARTESIAN_POINT ( 'NONE',  ( 3.000000000000000000, -6.448448220536413089, 0.7017742220555998056 ) ) ;
#3117 = LINE ( 'NONE', #1609, #2814 ) ;
#3116 = AXIS2_PLACEMENT_3D ( 'NONE', #3090, #4587, #4121 ) ;
#3118 = VERTEX_POINT ( 'NONE', #2520 ) ;
#3119 = PRESENTATION_LAYER_ASSIGNMENT (  '', '', ( #3980 ) ) ;
#3120 = ORIENTED_EDGE ( 'NONE', *, *, #933, .F. ) ;
#3121 = CARTESIAN_POINT ( 'NONE',  ( 9.000000000000001776, -6.449915147370822055, 0.4436327997449351912 ) ) ;
#3122 = VECTOR ( 'NONE', #1349, 1000.000000000000000 ) ;
#3123 = DIRECTION ( 'NONE',  ( 0.000000000000000000, 0.000000000000000000, -1.000000000000000000 ) ) ;
#3124 = ORIENTED_EDGE ( 'NONE', *, *, #5748, .T. ) ;
#3125 = CARTESIAN_POINT ( 'NONE',  ( 12.76506202544815949, -1.152652291959477715, -2.097909850970352430 ) ) ;
#3126 = CIRCLE ( 'NONE', #110, 1.950000000002283684 ) ;
#3127 = ORIENTED_EDGE ( 'NONE', *, *, #3265, .F. ) ;
#3128 = CARTESIAN_POINT ( 'NONE',  ( 3.000000000000000000, -1.948279784402639159, 2.028884253203868226 ) ) ;
#3129 =( NAMED_UNIT ( * ) SI_UNIT ( $, .STERADIAN. ) SOLID_ANGLE_UNIT ( ) );
#3130 = CARTESIAN_POINT ( 'NONE',  ( 12.50000000000000000, -6.450000000000001066, -2.544803959115682914E-15 ) ) ;
#3131 = CYLINDRICAL_SURFACE ( 'NONE', #4064, 0.5999999999999999778 ) ;
#3132 = EDGE_CURVE ( 'NONE', #755, #2343, #4457, .T. ) ;
#3133 = PRESENTATION_STYLE_ASSIGNMENT (( #699 ) ) ;
#3134 = SURFACE_STYLE_USAGE ( .BOTH. , #2104 ) ;
#3135 = VECTOR ( 'NONE', #5950, 1000.000000000000000 ) ;
#3136 =( NAMED_UNIT ( * ) PLANE_ANGLE_UNIT ( ) SI_UNIT ( $, .RADIAN. ) );
#3137 = DIRECTION ( 'NONE',  ( 0.000000000000000000, 0.000000000000000000, -1.000000000000000000 ) ) ;
#3138 = FILL_AREA_STYLE_COLOUR ( '', #3635 ) ;
#3139 = EDGE_LOOP ( 'NONE', ( #2378, #1249 ) ) ;
#3140 = EDGE_CURVE ( 'NONE', #554, #2085, #1415, .T. ) ;
#3141 = EDGE_LOOP ( 'NONE', ( #3588, #5112, #339, #1262 ) ) ;
#3142 =( GEOMETRIC_REPRESENTATION_CONTEXT ( 3 ) GLOBAL_UNCERTAINTY_ASSIGNED_CONTEXT ( ( #4149 ) ) GLOBAL_UNIT_ASSIGNED_CONTEXT ( ( #3856, #3241, #5902 ) ) REPRESENTATION_CONTEXT ( 'NONE', 'WORKASPACE' ) );
#3143 = CARTESIAN_POINT ( 'NONE',  ( 0.000000000000000000, -2.282428645141714618, -2.102202052405111043 ) ) ;
#3144 = CARTESIAN_POINT ( 'NONE',  ( 3.500000000000000000, -6.450043540926369445, 0.3327244987854284242 ) ) ;
#3145 =( NAMED_UNIT ( * ) SI_UNIT ( $, .STERADIAN. ) SOLID_ANGLE_UNIT ( ) );
#3146 = SURFACE_SIDE_STYLE ('',( #178 ) ) ;
#3147 = DIRECTION ( 'NONE',  ( 1.000000000000000000, 0.000000000000000000, 0.000000000000000000 ) ) ;
#3148 = PRESENTATION_STYLE_ASSIGNMENT (( #210 ) ) ;
#3149 = MECHANICAL_DESIGN_GEOMETRIC_PRESENTATION_REPRESENTATION (  '', ( #5230 ), #5246 ) ;
#3150 = CARTESIAN_POINT ( 'NONE',  ( 9.500000000000001776, -2.236639308303995932, -1.179614498202193884 ) ) ;
#3151 = MECHANICAL_DESIGN_GEOMETRIC_PRESENTATION_REPRESENTATION (  '', ( #5859 ), #4107 ) ;
#3152 = ORIENTED_EDGE ( 'NONE', *, *, #227, .T. ) ;
#3153 = ORIENTED_EDGE ( 'NONE', *, *, #621, .T. ) ;
#3154 = CIRCLE ( 'NONE', #5237, 0.6300351710512540615 ) ;
#3155 = CARTESIAN_POINT ( 'NONE',  ( 9.500000000000001776, -1.558319229584445020, -2.027625431479605389 ) ) ;
#3156 = DIRECTION ( 'NONE',  ( 1.000000000000000000, 0.000000000000000000, 0.000000000000000000 ) ) ;
#3157 = LINE ( 'NONE', #3192, #4094 ) ;
#3158 = EDGE_CURVE ( 'NONE', #755, #4089, #89, .T. ) ;
#3159 = CARTESIAN_POINT ( 'NONE',  ( 3.000000000000000000, -0.9536012874044283993, -1.700924626390192484 ) ) ;
#3160 = UNCERTAINTY_MEASURE_WITH_UNIT (LENGTH_MEASURE( 1.000000000000000082E-05 ), #2579, 'distance_accuracy_value', 'NONE');
#3161 = ORIENTED_EDGE ( 'NONE', *, *, #4020, .F. ) ;
#3162 = B_SPLINE_CURVE_WITH_KNOTS ( 'NONE', 3,
 ( #3446, #2041, #5921, #20, #3380 ),
 .UNSPECIFIED., .F., .F.,
 ( 4, 1, 4 ),
 ( 0.000000000000000000, 0.1250000000000000000, 0.1605140132100207895 ),
 .UNSPECIFIED. ) ;
#3163 = ORIENTED_EDGE ( 'NONE', *, *, #6163, .F. ) ;
#3164 = DIRECTION ( 'NONE',  ( 1.000000000000000000, -0.000000000000000000, 0.000000000000000000 ) ) ;
#3165 = FACE_OUTER_BOUND ( 'NONE', #2357, .T. ) ;
#3166 =( LENGTH_UNIT ( ) NAMED_UNIT ( * ) SI_UNIT ( .MILLI., .METRE. ) );
#3167 = FACE_OUTER_BOUND ( 'NONE', #2157, .T. ) ;
#3168 = FILL_AREA_STYLE ('',( #1227 ) ) ;
#3169 = DIRECTION ( 'NONE',  ( 1.000000000000000000, 0.000000000000000000, 0.000000000000000000 ) ) ;
#3170 =( NAMED_UNIT ( * ) SI_UNIT ( $, .STERADIAN. ) SOLID_ANGLE_UNIT ( ) );
#3171 = CARTESIAN_POINT ( 'NONE',  ( 12.50000000000000000, -0.9802345712809495959, -1.690103278615944893 ) ) ;
#3172 = EDGE_CURVE ( 'NONE', #2892, #1055, #1116, .T. ) ;
#3173 =( LENGTH_UNIT ( ) NAMED_UNIT ( * ) SI_UNIT ( .MILLI., .METRE. ) );
#3174 = ORIENTED_EDGE ( 'NONE', *, *, #2471, .F. ) ;
#3175 = VERTEX_POINT ( 'NONE', #1952 ) ;
#3176 = DIRECTION ( 'NONE',  ( 0.000000000000000000, 0.000000000000000000, 1.000000000000000000 ) ) ;
#3177 = AXIS2_PLACEMENT_3D ( 'NONE', #1632, #202, #4512 ) ;
#3178 = DIRECTION ( 'NONE',  ( 0.000000000000000000, 0.000000000000000000, -1.000000000000000000 ) ) ;
#3179 = FILL_AREA_STYLE_COLOUR ( '', #3349 ) ;
#3180 = CARTESIAN_POINT ( 'NONE',  ( 12.50000000000000000, -0.2160022778819082334, -1.027948851782856332 ) ) ;
#3181 = ADVANCED_FACE ( 'NONE', ( #5013 ), #4976, .F. ) ;
#3182 = CARTESIAN_POINT ( 'NONE',  ( 3.000000000000000000, 0.000000000000000000, 2.450000000002283684 ) ) ;
#3183 = ADVANCED_FACE ( 'NONE', ( #2149 ), #5602, .T. ) ;
#3184 = EDGE_LOOP ( 'NONE', ( #1554, #2811, #4608, #4239 ) ) ;
#3185 = VECTOR ( 'NONE', #5349, 1000.000000000000000 ) ;
#3186 = ORIENTED_EDGE ( 'NONE', *, *, #2925, .T. ) ;
#3187 = PRESENTATION_STYLE_ASSIGNMENT (( #1761 ) ) ;
#3188 = CARTESIAN_POINT ( 'NONE',  ( 0.3999999999999993006, 0.000000000000000000, 0.000000000000000000 ) ) ;
#3189 =( NAMED_UNIT ( * ) SI_UNIT ( $, .STERADIAN. ) SOLID_ANGLE_UNIT ( ) );
#3190 = EDGE_CURVE ( 'NONE', #1485, #2892, #3245, .T. ) ;
#3191 = CIRCLE ( 'NONE', #4846, 1.949999999999999734 ) ;
#3192 = CARTESIAN_POINT ( 'NONE',  ( 3.000000000000000000, -1.168370712318190341, 2.153464622091685321 ) ) ;
#3193 = CARTESIAN_POINT ( 'NONE',  ( 12.50000000000000000, -4.869898583757783506, 2.418288910156157989 ) ) ;
#3194 = EDGE_LOOP ( 'NONE', ( #1242, #3606, #2300, #5317, #1031, #4586 ) ) ;
#3195 = STYLED_ITEM ( 'NONE', ( #4759 ), #2507 ) ;
#3196 = PRESENTATION_STYLE_ASSIGNMENT (( #5828 ) ) ;
#3197 = DIRECTION ( 'NONE',  ( 1.000000000000000000, 0.000000000000000000, -0.000000000000000000 ) ) ;
#3198 = PRESENTATION_STYLE_ASSIGNMENT (( #2508 ) ) ;
#3199 = VECTOR ( 'NONE', #5799, 1000.000000000000000 ) ;
#3200 = SURFACE_STYLE_FILL_AREA ( #4285 ) ;
#3201 = CARTESIAN_POINT ( 'NONE',  ( 2.649999999999999467, -2.388061258337338643E-16, -1.949999999999999956 ) ) ;
#3202 = AXIS2_PLACEMENT_3D ( 'NONE', #3599, #5100, #695 ) ;
#3203 = CARTESIAN_POINT ( 'NONE',  ( 9.000000000000001776, -6.450535166369618878, -0.4047073207916942472 ) ) ;
#3204 = CARTESIAN_POINT ( 'NONE',  ( -0.5000000000000000000, -9.449999999999999289, 0.6000000000000010880 ) ) ;
#3205 =( LENGTH_UNIT ( ) NAMED_UNIT ( * ) SI_UNIT ( .MILLI., .METRE. ) );
#3206 = DIRECTION ( 'NONE',  ( 0.000000000000000000, 0.000000000000000000, -1.000000000000000000 ) ) ;
#3207 = VECTOR ( 'NONE', #1619, 1000.000000000000000 ) ;
#3208 = PRESENTATION_STYLE_ASSIGNMENT (( #5111 ) ) ;
#3209 = ORIENTED_EDGE ( 'NONE', *, *, #4946, .T. ) ;
#3210 = SURFACE_STYLE_USAGE ( .BOTH. , #333 ) ;
#3211 = CARTESIAN_POINT ( 'NONE',  ( -0.5000000000000000000, -0.2160022778819082334, 1.027948851782856332 ) ) ;
#3212 = CARTESIAN_POINT ( 'NONE',  ( 12.50000000000000000, -1.948279784402639159, -2.028884253203868226 ) ) ;
#3213 = PRESENTATION_STYLE_ASSIGNMENT (( #3678 ) ) ;
#3214 = FACE_OUTER_BOUND ( 'NONE', #2195, .T. ) ;
#3215 = SURFACE_STYLE_FILL_AREA ( #1358 ) ;
#3216 = CARTESIAN_POINT ( 'NONE',  ( 0.000000000000000000, -5.511447537303414634, -1.924131555431612295 ) ) ;
#3217 = ORIENTED_EDGE ( 'NONE', *, *, #133, .T. ) ;
#3218 = COLOUR_RGB ( '',0.9372549019607843146, 0.8823529411764705621, 0.8823529411764705621 ) ;
#3219 = COLOUR_RGB ( '',0.9372549019607843146, 0.8823529411764705621, 0.8823529411764705621 ) ;
#3220 = VERTEX_POINT ( 'NONE', #1209 ) ;
#3221 = CIRCLE ( 'NONE', #1499, 0.5999999999999999778 ) ;
#3222 = EDGE_CURVE ( 'NONE', #3986, #5008, #4293, .T. ) ;
#3223 = CIRCLE ( 'NONE', #795, 2.450000000001589129 ) ;
#3224 = CARTESIAN_POINT ( 'NONE',  ( 12.50000000000000000, 1.425172436802283782, -1.660992101785016217 ) ) ;
#3225 =( NAMED_UNIT ( * ) SI_UNIT ( $, .STERADIAN. ) SOLID_ANGLE_UNIT ( ) );
#3226 = UNCERTAINTY_MEASURE_WITH_UNIT (LENGTH_MEASURE( 1.000000000000000082E-05 ), #575, 'distance_accuracy_value', 'NONE');
#3227 = B_SPLINE_CURVE_WITH_KNOTS ( 'NONE', 3,
 ( #5609, #4522, #2653, #3155, #4646, #278, #2216, #5998, #4090, #5088, #1576, #3524, #687 ),
 .UNSPECIFIED., .F., .F.,
 ( 4, 1, 1, 1, 1, 1, 1, 1, 1, 1, 4 ),
 ( 0.007813538992011093143, 0.06982519280501031655, 0.1318368466180096510, 0.2558601542440082088, 0.3798834618700068777, 0.5039067694960055466, 0.6279300771220042154, 0.7519533847480027733, 0.8759766923740013311, 0.9379883461870006656, 1.000000000000000000 ),
 .UNSPECIFIED. ) ;
#3228 = DIRECTION ( 'NONE',  ( 1.000000000000000000, -0.000000000000000000, 0.000000000000000000 ) ) ;
#3229 = MECHANICAL_DESIGN_GEOMETRIC_PRESENTATION_REPRESENTATION (  '', ( #194 ), #996 ) ;
#3230 = CIRCLE ( 'NONE', #3116, 1.800000000000000044 ) ;
#3231 = ORIENTED_EDGE ( 'NONE', *, *, #2143, .T. ) ;
#3232 = SURFACE_STYLE_FILL_AREA ( #4753 ) ;
#3233 = FILL_AREA_STYLE ('',( #1410 ) ) ;
#3234 = SURFACE_STYLE_FILL_AREA ( #2258 ) ;
#3235 =( NAMED_UNIT ( * ) PLANE_ANGLE_UNIT ( ) SI_UNIT ( $, .RADIAN. ) );
#3236 =( NAMED_UNIT ( * ) SI_UNIT ( $, .STERADIAN. ) SOLID_ANGLE_UNIT ( ) );
#3237 = DIRECTION ( 'NONE',  ( 1.000000000000000000, -0.000000000000000000, -0.000000000000000000 ) ) ;
#3238 = VECTOR ( 'NONE', #4721, 1000.000000000000000 ) ;
#3239 = SURFACE_STYLE_USAGE ( .BOTH. , #1861 ) ;
#3240 = AXIS2_PLACEMENT_3D ( 'NONE', #5708, #760, #2628 ) ;
#3241 =( NAMED_UNIT ( * ) PLANE_ANGLE_UNIT ( ) SI_UNIT ( $, .RADIAN. ) );
#3242 = SURFACE_SIDE_STYLE ('',( #1293 ) ) ;
#3243 = CARTESIAN_POINT ( 'NONE',  ( 9.500000000000001776, -5.949181936419980055, 0.5999999999999985345 ) ) ;
#3244 = CARTESIAN_POINT ( 'NONE',  ( 9.500000000000001776, -5.950000000000001954, 0.2206616862118601641 ) ) ;
#3245 = CIRCLE ( 'NONE', #5435, 0.2499999999999997780 ) ;
#3246 = SURFACE_STYLE_USAGE ( .BOTH. , #3867 ) ;
#3247 = SURFACE_STYLE_FILL_AREA ( #1814 ) ;
#3248 =( GEOMETRIC_REPRESENTATION_CONTEXT ( 3 ) GLOBAL_UNCERTAINTY_ASSIGNED_CONTEXT ( ( #3950 ) ) GLOBAL_UNIT_ASSIGNED_CONTEXT ( ( #5550, #6060, #4332 ) ) REPRESENTATION_CONTEXT ( 'NONE', 'WORKASPACE' ) );
#3249 = SURFACE_SIDE_STYLE ('',( #3215 ) ) ;
#3250 = ORIENTED_EDGE ( 'NONE', *, *, #4205, .F. ) ;
#3251 = CIRCLE ( 'NONE', #1925, 0.5999999999999999778 ) ;
#3252 = ORIENTED_EDGE ( 'NONE', *, *, #2568, .F. ) ;
#3253 = SURFACE_STYLE_FILL_AREA ( #4807 ) ;
#3254 = AXIS2_PLACEMENT_3D ( 'NONE', #3291, #789, #4217 ) ;
#3255 = FILL_AREA_STYLE_COLOUR ( '', #1721 ) ;
#3256 = COLOUR_RGB ( '',0.9372549019607843146, 0.8823529411764705621, 0.8823529411764705621 ) ;
#3257 =( LENGTH_UNIT ( ) NAMED_UNIT ( * ) SI_UNIT ( .MILLI., .METRE. ) );
#3258 = UNCERTAINTY_MEASURE_WITH_UNIT (LENGTH_MEASURE( 1.000000000000000082E-05 ), #3274, 'distance_accuracy_value', 'NONE');
#3259 = CARTESIAN_POINT ( 'NONE',  ( 3.000000000000000000, -6.331521131137352043, 1.847389710217772318 ) ) ;
#3260 = ADVANCED_FACE ( 'NONE', ( #2614 ), #2670, .F. ) ;
#3261 = EDGE_LOOP ( 'NONE', ( #1995, #5670, #459, #2597 ) ) ;
#3262 = CARTESIAN_POINT ( 'NONE',  ( 12.50000000000000000, 2.084298718220865876, 1.868384002258182353 ) ) ;
#3263 = PRESENTATION_LAYER_ASSIGNMENT (  '', '', ( #2264 ) ) ;
#3264 = SURFACE_SIDE_STYLE ('',( #3761 ) ) ;
#3265 = EDGE_CURVE ( 'NONE', #2244, #5695, #961, .T. ) ;
#3266 = FILL_AREA_STYLE ('',( #826 ) ) ;
#3267 = DIRECTION ( 'NONE',  ( -1.000000000000000000, -0.000000000000000000, -0.000000000000000000 ) ) ;
#3268 = PRESENTATION_LAYER_ASSIGNMENT (  '', '', ( #1220 ) ) ;
#3269 = CARTESIAN_POINT ( 'NONE',  ( 0.000000000000000000, 1.586240938091048047, 2.189026805738434334 ) ) ;
#3270 = SURFACE_STYLE_FILL_AREA ( #4736 ) ;
#3271 = CARTESIAN_POINT ( 'NONE',  ( 3.500000000000000000, 1.425172436802283560, 0.5999999999999994227 ) ) ;
#3272 = DIRECTION ( 'NONE',  ( 1.000000000000000000, 0.000000000000000000, 0.000000000000000000 ) ) ;
#3273 = DIRECTION ( 'NONE',  ( 0.000000000000000000, 0.000000000000000000, 1.000000000000000000 ) ) ;
#3274 =( LENGTH_UNIT ( ) NAMED_UNIT ( * ) SI_UNIT ( .MILLI., .METRE. ) );
#3275 = CARTESIAN_POINT ( 'NONE',  ( 9.054143415298982589, -6.188004364894504228, -0.6000000000000009770 ) ) ;
#3276 = FILL_AREA_STYLE ('',( #2330 ) ) ;
#3277 = CYLINDRICAL_SURFACE ( 'NONE', #2558, 1.500000000000000222 ) ;
#3278 = CARTESIAN_POINT ( 'NONE',  ( -0.5000000000000878186, -5.950548199955225215, -0.4048751278124460562 ) ) ;
#3279 = FILL_AREA_STYLE ('',( #3881 ) ) ;
#3280 = VERTEX_POINT ( 'NONE', #5171 ) ;
#3281 = ORIENTED_EDGE ( 'NONE', *, *, #5935, .T. ) ;
#3282 = CARTESIAN_POINT ( 'NONE',  ( 12.50000000000000000, -5.949181936419979166, -0.6000000000000005329 ) ) ;
#3283 = CARTESIAN_POINT ( 'NONE',  ( 3.000000000000000000, -2.761679942142205579, 2.209572282996751014 ) ) ;
#3284 = CARTESIAN_POINT ( 'NONE',  ( 13.00000000000000178, -6.450000000000001066, -2.773391560421764486E-15 ) ) ;
#3285 = LINE ( 'NONE', #3850, #3081 ) ;
#3286 = VERTEX_POINT ( 'NONE', #5118 ) ;
#3287 =( GEOMETRIC_REPRESENTATION_CONTEXT ( 3 ) GLOBAL_UNCERTAINTY_ASSIGNED_CONTEXT ( ( #3226 ) ) GLOBAL_UNIT_ASSIGNED_CONTEXT ( ( #575, #2001, #3941 ) ) REPRESENTATION_CONTEXT ( 'NONE', 'WORKASPACE' ) );
#3288 = DIRECTION ( 'NONE',  ( 0.000000000000000000, 0.000000000000000000, -1.000000000000000000 ) ) ;
#3289 = FILL_AREA_STYLE_COLOUR ( '', #5825 ) ;
#3290 = PRESENTATION_STYLE_ASSIGNMENT (( #4849 ) ) ;
#3291 = CARTESIAN_POINT ( 'NONE',  ( 0.6499999999999995781, 0.000000000000000000, 0.000000000000000000 ) ) ;
#3292 = DIRECTION ( 'NONE',  ( -1.000000000000000000, -0.000000000000000000, -0.000000000000000000 ) ) ;
#3293 = LINE ( 'NONE', #4787, #5417 ) ;
#3294 = STYLED_ITEM ( 'NONE', ( #4352 ), #2293 ) ;
#3295 = FILL_AREA_STYLE ('',( #1350 ) ) ;
#3296 = UNCERTAINTY_MEASURE_WITH_UNIT (LENGTH_MEASURE( 1.000000000000000082E-05 ), #4711, 'distance_accuracy_value', 'NONE');
#3297 = ORIENTED_EDGE ( 'NONE', *, *, #5172, .T. ) ;
#3298 = EDGE_CURVE ( 'NONE', #4489, #6142, #716, .T. ) ;
#3299 = CARTESIAN_POINT ( 'NONE',  ( 0.000000000000000000, 1.381018271236887252, 2.152131625433289397 ) ) ;
#3300 =( GEOMETRIC_REPRESENTATION_CONTEXT ( 3 ) GLOBAL_UNCERTAINTY_ASSIGNED_CONTEXT ( ( #1279 ) ) GLOBAL_UNIT_ASSIGNED_CONTEXT ( ( #2820, #382, #4855 ) ) REPRESENTATION_CONTEXT ( 'NONE', 'WORKASPACE' ) );
#3301 = DIRECTION ( 'NONE',  ( 1.000000000000000000, -0.000000000000000000, -0.000000000000000000 ) ) ;
#3302 =( LENGTH_UNIT ( ) NAMED_UNIT ( * ) SI_UNIT ( .MILLI., .METRE. ) );
#3303 = CARTESIAN_POINT ( 'NONE',  ( 0.000000000000000000, 0.000000000000000000, 0.000000000000000000 ) ) ;
#3304 = B_SPLINE_CURVE_WITH_KNOTS ( 'NONE', 3,
 ( #5306, #904, #2836, #4331, #934, #2396, #2559, #2494, #2016, #1084, #2083, #2589, #648 ),
 .UNSPECIFIED., .F., .F.,
 ( 4, 1, 1, 1, 1, 1, 1, 1, 1, 1, 4 ),
 ( 0.007813538992011093143, 0.06982519280501031655, 0.1318368466180096510, 0.2558601542440082088, 0.3798834618700068777, 0.5039067694960055466, 0.6279300771220042154, 0.7519533847480027733, 0.8759766923740013311, 0.9379883461870006656, 1.000000000000000000 ),
 .UNSPECIFIED. ) ;
#3305 = ADVANCED_FACE ( 'NONE', ( #5233 ), #3361, .F. ) ;
#3306 = CARTESIAN_POINT ( 'NONE',  ( -0.2615069954391022189, -6.003516497312271660, -0.5999999999999989786 ) ) ;
#3307 = CARTESIAN_POINT ( 'NONE',  ( -0.2650620254481559912, -1.152652291959477715, 2.097909850970352430 ) ) ;
#3308 = CARTESIAN_POINT ( 'NONE',  ( 9.500000000000001776, -1.732354142640884165, -2.008456984256953071 ) ) ;
#3309 = CARTESIAN_POINT ( 'NONE',  ( 9.500000000000001776, -5.950000000000000178, 7.286648454926751965E-16 ) ) ;
#3310 = CARTESIAN_POINT ( 'NONE',  ( 3.000000000000000000, -5.892247557339151953, -1.924131555431611185 ) ) ;
#3311 = VERTEX_POINT ( 'NONE', #4832 ) ;
#3312 = B_SPLINE_CURVE_WITH_KNOTS ( 'NONE', 3,
 ( #800, #1014, #3437, #3827 ),
 .UNSPECIFIED., .F., .F.,
 ( 4, 4 ),
 ( 0.000000000000000000, 0.9792420150902091391 ),
 .UNSPECIFIED. ) ;
#3313 = EDGE_CURVE ( 'NONE', #4514, #176, #4034, .T. ) ;
#3314 = CIRCLE ( 'NONE', #974, 1.949999999999999956 ) ;
#3315 = EDGE_LOOP ( 'NONE', ( #3640, #3556, #908, #995 ) ) ;
#3316 = CARTESIAN_POINT ( 'NONE',  ( 9.000000000000001776, -6.450000000000001066, -3.202066188419760422E-15 ) ) ;
#3317 = PRESENTATION_STYLE_ASSIGNMENT (( #1366 ) ) ;
#3318 = CARTESIAN_POINT ( 'NONE',  ( 0.000000000000000000, -5.950000000000000178, -7.286648454926751965E-16 ) ) ;
#3319 = CARTESIAN_POINT ( 'NONE',  ( 0.000000000000000000, -6.449162802206574341, -0.5999999999999989786 ) ) ;
#3320 = CARTESIAN_POINT ( 'NONE',  ( 0.000000000000000000, -6.450000000000695621, -4.124598330020490182E-15 ) ) ;
#3321 = ORIENTED_EDGE ( 'NONE', *, *, #2230, .T. ) ;
#3322 = MECHANICAL_DESIGN_GEOMETRIC_PRESENTATION_REPRESENTATION (  '', ( #480 ), #2110 ) ;
#3323 =( GEOMETRIC_REPRESENTATION_CONTEXT ( 3 ) GLOBAL_UNCERTAINTY_ASSIGNED_CONTEXT ( ( #481 ) ) GLOBAL_UNIT_ASSIGNED_CONTEXT ( ( #1133, #1655, #162 ) ) REPRESENTATION_CONTEXT ( 'NONE', 'WORKASPACE' ) );
#3324 = SURFACE_STYLE_USAGE ( .BOTH. , #5311 ) ;
#3325 = VECTOR ( 'NONE', #3587, 1000.000000000000000 ) ;
#3326 =( NAMED_UNIT ( * ) PLANE_ANGLE_UNIT ( ) SI_UNIT ( $, .RADIAN. ) );
#3327 = CARTESIAN_POINT ( 'NONE',  ( 3.000000000000000000, 0.8231422074094449925, 1.767749107305984557 ) ) ;
#3328 = AXIS2_PLACEMENT_3D ( 'NONE', #5437, #3487, #2491 ) ;
#3329 = CARTESIAN_POINT ( 'NONE',  ( 0.000000000000000000, 0.000000000000000000, 0.000000000000000000 ) ) ;
#3330 = DIRECTION ( 'NONE',  ( 0.000000000000000000, 0.000000000000000000, -1.000000000000000000 ) ) ;
#3331 = CIRCLE ( 'NONE', #4478, 0.2500000000000000000 ) ;
#3332 = ORIENTED_EDGE ( 'NONE', *, *, #5841, .F. ) ;
#3333 = FILL_AREA_STYLE_COLOUR ( '', #768 ) ;
#3334 = UNCERTAINTY_MEASURE_WITH_UNIT (LENGTH_MEASURE( 1.000000000000000082E-05 ), #852, 'distance_accuracy_value', 'NONE');
#3335 = CARTESIAN_POINT ( 'NONE',  ( 0.000000000000000000, 1.625849179933230415, 1.625406433278026475 ) ) ;
#3336 = MECHANICAL_DESIGN_GEOMETRIC_PRESENTATION_REPRESENTATION (  '', ( #1294 ), #4785 ) ;
#3337 = CARTESIAN_POINT ( 'NONE',  ( 9.500000000000001776, -5.511447537303413746, -1.924131555431611185 ) ) ;
#3338 = CARTESIAN_POINT ( 'NONE',  ( 4.399999999999999467, 1.224646799147353207E-16, 1.000000000000000000 ) ) ;
#3339 = CARTESIAN_POINT ( 'NONE',  ( 9.500000000000001776, -5.511447537303414634, -1.924131555431610963 ) ) ;
#3340 = EDGE_CURVE ( 'NONE', #5247, #755, #1109, .T. ) ;
#3341 = AXIS2_PLACEMENT_3D ( 'NONE', #2395, #2015, #5364 ) ;
#3342 = FACE_OUTER_BOUND ( 'NONE', #776, .T. ) ;
#3343 = FILL_AREA_STYLE ('',( #5809 ) ) ;
#3344 = CARTESIAN_POINT ( 'NONE',  ( 9.500000000000001776, -1.168370712318190341, -2.153464622091685321 ) ) ;
#3345 = CARTESIAN_POINT ( 'NONE',  ( 9.500000000000001776, -5.511447537303413746, 1.924131555431612517 ) ) ;
#3346 = FACE_OUTER_BOUND ( 'NONE', #2591, .T. ) ;
#3347 = CARTESIAN_POINT ( 'NONE',  ( 0.000000000000000000, -5.627658374173693190, 2.424131555432305962 ) ) ;
#3348 = VERTEX_POINT ( 'NONE', #6201 ) ;
#3349 = COLOUR_RGB ( '',0.9372549019607843146, 0.8823529411764705621, 0.8823529411764705621 ) ;
#3350 = DIRECTION ( 'NONE',  ( 0.000000000000000000, -1.858197974521601389E-16, -1.000000000000000000 ) ) ;
#3351 = ORIENTED_EDGE ( 'NONE', *, *, #1134, .T. ) ;
#3352 = CARTESIAN_POINT ( 'NONE',  ( -0.5000000000000000000, 0.1802463793658169444, 1.941651679044009260 ) ) ;
#3353 = VECTOR ( 'NONE', #5903, 1000.000000000000000 ) ;
#3354 = CARTESIAN_POINT ( 'NONE',  ( 3.500000000000000000, -6.449145272737084156, -0.6070548698320801240 ) ) ;
#3355 = CARTESIAN_POINT ( 'NONE',  ( 0.000000000000000000, -6.449446395972437962, -0.5596091947258452493 ) ) ;
#3356 = CARTESIAN_POINT ( 'NONE',  ( 0.6499999999999995781, 0.000000000000000000, 0.000000000000000000 ) ) ;
#3357 = AXIS2_PLACEMENT_3D ( 'NONE', #4138, #5687, #771 ) ;
#3358 = CARTESIAN_POINT ( 'NONE',  ( 3.000000000000000000, -5.856555014391969571, 2.390956376935549965 ) ) ;
#3359 = ORIENTED_EDGE ( 'NONE', *, *, #2658, .F. ) ;
#3360 = PRESENTATION_LAYER_ASSIGNMENT (  '', '', ( #1216 ) ) ;
#3361 = B_SPLINE_SURFACE_WITH_KNOTS ( 'NONE', 3, 1, ( 
 ( #3344, #3773 ),
 ( #864, #924 ),
 ( #417, #2297 ),
 ( #4295, #389 ),
 ( #3308, #3804 ),
 ( #4769, #3212 ),
 ( #6253, #2738 ),
 ( #3878, #4742 ),
 ( #5778, #5295 ),
 ( #4260, #5752 ),
 ( #1873, #2386 ),
 ( #4710, #2857 ),
 ( #1356, #6228 ) ),
 .UNSPECIFIED., .F., .F., .F.,
 ( 4, 1, 1, 1, 1, 1, 1, 1, 1, 1, 4 ),
 ( 2, 2 ),
 ( 0.007813538992011093143, 0.06982519280501031655, 0.1318368466180096510, 0.2558601542440082088, 0.3798834618700068777, 0.5039067694960055466, 0.6279300771220042154, 0.7519533847480027733, 0.8759766923740013311, 0.9379883461870006656, 1.000000000000000000 ),
 ( 0.000000000000000000, 1.000000000000000000 ),
 .UNSPECIFIED. ) ;
#3362 =( NAMED_UNIT ( * ) SI_UNIT ( $, .STERADIAN. ) SOLID_ANGLE_UNIT ( ) );
#3363 = SURFACE_STYLE_FILL_AREA ( #2402 ) ;
#3364 = SURFACE_STYLE_FILL_AREA ( #4468 ) ;
#3365 = AXIS2_PLACEMENT_3D ( 'NONE', #5412, #5477, #5449 ) ;
#3366 = LINE ( 'NONE', #5281, #4860 ) ;
#3367 = AXIS2_PLACEMENT_3D ( 'NONE', #4984, #130, #2566 ) ;
#3368 = CARTESIAN_POINT ( 'NONE',  ( 3.000000000000000000, 2.084298718220865432, 1.868384002258182131 ) ) ;
#3369 = ORIENTED_EDGE ( 'NONE', *, *, #3104, .F. ) ;
#3370 = SURFACE_STYLE_FILL_AREA ( #351 ) ;
#3371 = CARTESIAN_POINT ( 'NONE',  ( 12.50000000000000000, -6.331521131136688574, 1.847389710217548053 ) ) ;
#3372 = CARTESIAN_POINT ( 'NONE',  ( 4.399999999999999467, 0.000000000000000000, 0.000000000000000000 ) ) ;
#3373 = SURFACE_SIDE_STYLE ('',( #1867 ) ) ;
#3374 = CARTESIAN_POINT ( 'NONE',  ( 9.500000000000001776, -5.950000000000000178, 7.286648454926751965E-16 ) ) ;
#3375 = DIRECTION ( 'NONE',  ( 0.000000000000000000, 0.000000000000000000, 1.000000000000000000 ) ) ;
#3376 = PRESENTATION_LAYER_ASSIGNMENT (  '', '', ( #2563 ) ) ;
#3377 = CARTESIAN_POINT ( 'NONE',  ( 3.000000000000000000, -1.168370712317901239, -2.153464622091052050 ) ) ;
#3378 = B_SPLINE_CURVE_WITH_KNOTS ( 'NONE', 3,
 ( #5637, #1213, #3150, #744 ),
 .UNSPECIFIED., .F., .F.,
 ( 4, 4 ),
 ( 0.000000000000000000, 1.000000000000000000 ),
 .UNSPECIFIED. ) ;
#3379 = PLANE ( 'NONE',  #2912 ) ;
#3380 = CARTESIAN_POINT ( 'NONE',  ( 3.000000000000000000, -6.449162802206574341, -0.5999999999999985345 ) ) ;
#3381 = VERTEX_POINT ( 'NONE', #4354 ) ;
#3382 = CARTESIAN_POINT ( 'NONE',  ( 0.000000000000000000, 1.032974534022424562, -2.221590333989759358 ) ) ;
#3383 = ORIENTED_EDGE ( 'NONE', *, *, #2070, .T. ) ;
#3384 = B_SPLINE_CURVE_WITH_KNOTS ( 'NONE', 3,
 ( #5907, #2950, #941, #1521 ),
 .UNSPECIFIED., .F., .F.,
 ( 4, 4 ),
 ( 0.000000000000000000, 0.0006000005420099905479 ),
 .UNSPECIFIED. ) ;
#3385 = CARTESIAN_POINT ( 'NONE',  ( 3.000000000000000000, -5.950000000000000178, -7.286648454926751965E-16 ) ) ;
#3386 = CARTESIAN_POINT ( 'NONE',  ( 3.500000000000000000, -6.450000002576508074, -0.2023508803675937995 ) ) ;
#3387 = EDGE_CURVE ( 'NONE', #2870, #6082, #4000, .T. ) ;
#3388 = FILL_AREA_STYLE_COLOUR ( '', #4788 ) ;
#3389 = CARTESIAN_POINT ( 'NONE',  ( 0.000000000000000000, -1.558319229584445020, 2.027625431479605389 ) ) ;
#3390 = ORIENTED_EDGE ( 'NONE', *, *, #4816, .F. ) ;
#3391 = EDGE_CURVE ( 'NONE', #1086, #2870, #6313, .T. ) ;
#3392 = CARTESIAN_POINT ( 'NONE',  ( 12.50000000000000000, 1.769344485267118738, -2.267342643550368297 ) ) ;
#3393 = DIRECTION ( 'NONE',  ( 0.000000000000000000, 0.000000000000000000, -1.000000000000000000 ) ) ;
#3394 = CARTESIAN_POINT ( 'NONE',  ( 3.000000000000000000, 1.204941612932218797, -2.159121886691410808 ) ) ;
#3395 =( NAMED_UNIT ( * ) PLANE_ANGLE_UNIT ( ) SI_UNIT ( $, .RADIAN. ) );
#3396 = EDGE_CURVE ( 'NONE', #5542, #5247, #362, .T. ) ;
#3397 = FACE_OUTER_BOUND ( 'NONE', #1417, .T. ) ;
#3398 = PRESENTATION_LAYER_ASSIGNMENT (  '', '', ( #6283 ) ) ;
#3399 = VERTEX_POINT ( 'NONE', #3444 ) ;
#3400 = FILL_AREA_STYLE ('',( #1453 ) ) ;
#3401 = FILL_AREA_STYLE ('',( #1101 ) ) ;
#3402 = SURFACE_STYLE_FILL_AREA ( #2918 ) ;
#3403 = PRESENTATION_LAYER_ASSIGNMENT (  '', '', ( #262 ) ) ;
#3404 = CARTESIAN_POINT ( 'NONE',  ( 12.50000000000000000, -5.950000000000000178, 7.286648454926751965E-16 ) ) ;
#3405 = SURFACE_SIDE_STYLE ('',( #1591 ) ) ;
#3406 = CARTESIAN_POINT ( 'NONE',  ( 9.500000000000001776, -1.732354142640875505, 2.008456984256251410 ) ) ;
#3407 =( GEOMETRIC_REPRESENTATION_CONTEXT ( 3 ) GLOBAL_UNCERTAINTY_ASSIGNED_CONTEXT ( ( #4236 ) ) GLOBAL_UNIT_ASSIGNED_CONTEXT ( ( #1998, #3973, #5976 ) ) REPRESENTATION_CONTEXT ( 'NONE', 'WORKASPACE' ) );
#3408 = UNCERTAINTY_MEASURE_WITH_UNIT (LENGTH_MEASURE( 1.000000000000000082E-05 ), #3205, 'distance_accuracy_value', 'NONE');
#3409 = UNCERTAINTY_MEASURE_WITH_UNIT (LENGTH_MEASURE( 1.000000000000000082E-05 ), #5145, 'distance_accuracy_value', 'NONE');
#3410 = B_SPLINE_CURVE_WITH_KNOTS ( 'NONE', 3,
 ( #1318, #1767, #4754, #1830, #6242, #4786, #1344 ),
 .UNSPECIFIED., .F., .F.,
 ( 4, 1, 1, 1, 4 ),
 ( 0.001225663607338614829, 0.2509192477055039450, 0.5006128318036693337, 0.7503064159018346668, 1.000000000000000000 ),
 .UNSPECIFIED. ) ;
#3411 = FILL_AREA_STYLE ('',( #5987 ) ) ;
#3412 = CARTESIAN_POINT ( 'NONE',  ( 12.50000000000000000, -1.168370712318190341, -2.153464622091685321 ) ) ;
#3413 = ORIENTED_EDGE ( 'NONE', *, *, #5906, .F. ) ;
#3414 = UNCERTAINTY_MEASURE_WITH_UNIT (LENGTH_MEASURE( 1.000000000000000082E-05 ), #2945, 'distance_accuracy_value', 'NONE');
#3415 = STYLED_ITEM ( 'NONE', ( #258 ), #2829 ) ;
#3416 = ORIENTED_EDGE ( 'NONE', *, *, #2471, .T. ) ;
#3417 = LINE ( 'NONE', #5818, #295 ) ;
#3418 = DIRECTION ( 'NONE',  ( -1.000000000000000000, -0.000000000000000000, -0.000000000000000000 ) ) ;
#3419 = DIRECTION ( 'NONE',  ( 0.000000000000000000, 0.000000000000000000, 1.000000000000000000 ) ) ;
#3420 = CARTESIAN_POINT ( 'NONE',  ( 11.60000000000000142, 0.000000000000000000, 0.000000000000000000 ) ) ;
#3421 = ORIENTED_EDGE ( 'NONE', *, *, #3485, .T. ) ;
#3422 = CIRCLE ( 'NONE', #1486, 0.2500000000003476108 ) ;
#3423 = EDGE_CURVE ( 'NONE', #5471, #5265, #4617, .T. ) ;
#3424 = ORIENTED_EDGE ( 'NONE', *, *, #2671, .T. ) ;
#3425 =( LENGTH_UNIT ( ) NAMED_UNIT ( * ) SI_UNIT ( .MILLI., .METRE. ) );
#3426 = CARTESIAN_POINT ( 'NONE',  ( 12.50000000000000000, 0.000000000000000000, 0.000000000000000000 ) ) ;
#3427 = LINE ( 'NONE', #5513, #2030 ) ;
#3428 = LINE ( 'NONE', #1551, #29 ) ;
#3429 = CARTESIAN_POINT ( 'NONE',  ( -0.5000000000000000000, -1.027922532992818772, 1.657068274445725020 ) ) ;
#3430 = PRESENTATION_LAYER_ASSIGNMENT (  '', '', ( #480 ) ) ;
#3431 = CARTESIAN_POINT ( 'NONE',  ( 0.000000000000000000, 0.8231422074094445485, 1.767749107305984779 ) ) ;
#3432 = EDGE_LOOP ( 'NONE', ( #1986, #2972, #1408, #4135 ) ) ;
#3433 = AXIS2_PLACEMENT_3D ( 'NONE', #3420, #3994, #4979 ) ;
#3434 = PRESENTATION_STYLE_ASSIGNMENT (( #1040 ) ) ;
#3435 =( GEOMETRIC_REPRESENTATION_CONTEXT ( 3 ) GLOBAL_UNCERTAINTY_ASSIGNED_CONTEXT ( ( #985 ) ) GLOBAL_UNIT_ASSIGNED_CONTEXT ( ( #4328, #5889, #1469 ) ) REPRESENTATION_CONTEXT ( 'NONE', 'WORKASPACE' ) );
#3436 = FILL_AREA_STYLE_COLOUR ( '', #5534 ) ;
#3437 = CARTESIAN_POINT ( 'NONE',  ( 0.000000000000000000, -2.229069446225947715, 1.210203037993957231 ) ) ;
#3438 =( NAMED_UNIT ( * ) PLANE_ANGLE_UNIT ( ) SI_UNIT ( $, .RADIAN. ) );
#3439 = CARTESIAN_POINT ( 'NONE',  ( -0.5000000000000000000, -9.449999999999999289, -0.5999999999999987566 ) ) ;
#3440 = AXIS2_PLACEMENT_3D ( 'NONE', #3303, #3801, #3273 ) ;
#3441 = AXIS2_PLACEMENT_3D ( 'NONE', #3211, #4294, #1839 ) ;
#3442 = CARTESIAN_POINT ( 'NONE',  ( 9.000000000000001776, 1.425172436802283560, -0.5999999999999994227 ) ) ;
#3443 = DIRECTION ( 'NONE',  ( 0.000000000000000000, 0.000000000000000000, 1.000000000000000000 ) ) ;
#3444 = CARTESIAN_POINT ( 'NONE',  ( 9.850000000000001421, 0.000000000000000000, 1.949999999999999956 ) ) ;
#3445 = EDGE_CURVE ( 'NONE', #1022, #3530, #5571, .T. ) ;
#3446 = CARTESIAN_POINT ( 'NONE',  ( 3.000000000000000000, -6.450000000000001066, 2.544803959115682914E-15 ) ) ;
#3447 = DIRECTION ( 'NONE',  ( 1.000000000000000000, -0.000000000000000000, 0.000000000000000000 ) ) ;
#3448 = VERTEX_POINT ( 'NONE', #5986 ) ;
#3449 = TOROIDAL_SURFACE ( 'NONE', #2236, 0.4050331274601051135, 0.2500000000000000000 ) ;
#3450 = ORIENTED_EDGE ( 'NONE', *, *, #4010, .F. ) ;
#3451 = CARTESIAN_POINT ( 'NONE',  ( 12.50000000000000000, -5.511447537303414634, -1.924131555431610963 ) ) ;
#3452 = CARTESIAN_POINT ( 'NONE',  ( 9.000000000000001776, -6.450000000000001954, -0.05545408327538801224 ) ) ;
#3453 = CARTESIAN_POINT ( 'NONE',  ( 12.50000000000000000, -5.511447537303414634, 1.924131555431612295 ) ) ;
#3454 = CARTESIAN_POINT ( 'NONE',  ( 13.00000000000000178, -6.450000002576394387, 0.2023557024049508768 ) ) ;
#3455 = VERTEX_POINT ( 'NONE', #5492 ) ;
#3456 = ORIENTED_EDGE ( 'NONE', *, *, #5382, .T. ) ;
#3457 = SURFACE_STYLE_USAGE ( .BOTH. , #1060 ) ;
#3458 = MECHANICAL_DESIGN_GEOMETRIC_PRESENTATION_REPRESENTATION (  '', ( #614 ), #316 ) ;
#3459 = SURFACE_SIDE_STYLE ('',( #189 ) ) ;
#3460 = PRESENTATION_STYLE_ASSIGNMENT (( #1991 ) ) ;
#3461 = EDGE_CURVE ( 'NONE', #97, #3614, #2484, .T. ) ;
#3462 = CARTESIAN_POINT ( 'NONE',  ( 9.500000000000001776, 1.850152416059160920, -2.310170725898328392 ) ) ;
#3463 = B_SPLINE_CURVE_WITH_KNOTS ( 'NONE', 3,
 ( #4046, #5567, #2664, #2634 ),
 .UNSPECIFIED., .F., .F.,
 ( 4, 4 ),
 ( 0.000000000000000000, 1.000000000000000000 ),
 .UNSPECIFIED. ) ;
#3464 =( GEOMETRIC_REPRESENTATION_CONTEXT ( 3 ) GLOBAL_UNCERTAINTY_ASSIGNED_CONTEXT ( ( #3160 ) ) GLOBAL_UNIT_ASSIGNED_CONTEXT ( ( #2579, #2139, #3602 ) ) REPRESENTATION_CONTEXT ( 'NONE', 'WORKASPACE' ) );
#3465 = VERTEX_POINT ( 'NONE', #2453 ) ;
#3466 =( LENGTH_UNIT ( ) NAMED_UNIT ( * ) SI_UNIT ( .MILLI., .METRE. ) );
#3467 = DIRECTION ( 'NONE',  ( 0.000000000000000000, 0.000000000000000000, 1.000000000000000000 ) ) ;
#3468 = EDGE_CURVE ( 'NONE', #1182, #2332, #3568, .T. ) ;
#3469 = CARTESIAN_POINT ( 'NONE',  ( 9.499999999999998224, -5.511447537303415523, -2.424131555432306406 ) ) ;
#3470 = COLOUR_RGB ( '',0.9372549019607843146, 0.8823529411764705621, 0.8823529411764705621 ) ;
#3471 = AXIS2_PLACEMENT_3D ( 'NONE', #1651, #3593, #1156 ) ;
#3472 =( NAMED_UNIT ( * ) PLANE_ANGLE_UNIT ( ) SI_UNIT ( $, .RADIAN. ) );
#3473 = DIRECTION ( 'NONE',  ( 0.000000000000000000, 0.000000000000000000, -1.000000000000000000 ) ) ;
#3474 =( NAMED_UNIT ( * ) PLANE_ANGLE_UNIT ( ) SI_UNIT ( $, .RADIAN. ) );
#3475 = CARTESIAN_POINT ( 'NONE',  ( 0.6499999999999995781, -2.234980408443919708E-16, 1.699999999999999956 ) ) ;
#3476 = AXIS2_PLACEMENT_3D ( 'NONE', #5635, #679, #5174 ) ;
#3477 =( LENGTH_UNIT ( ) NAMED_UNIT ( * ) SI_UNIT ( .MILLI., .METRE. ) );
#3478 = B_SPLINE_CURVE_WITH_KNOTS ( 'NONE', 3,
 ( #5916, #2960, #2545, #2007, #5528, #2103, #4073, #1072, #2578 ),
 .UNSPECIFIED., .F., .F.,
 ( 4, 1, 1, 1, 1, 1, 4 ),
 ( 0.1605140132100207895, 0.2500000000000000000, 0.5000000000000000000, 0.6250000000000000000, 0.7500000000000000000, 0.8750000000000000000, 1.000000000000000000 ),
 .UNSPECIFIED. ) ;
#3479 = CARTESIAN_POINT ( 'NONE',  ( 12.10000000000000142, 1.898608233058213148E-17, -0.1550331274601050857 ) ) ;
#3480 = PRESENTATION_STYLE_ASSIGNMENT (( #1535 ) ) ;
#3481 = CARTESIAN_POINT ( 'NONE',  ( 9.500000000000001776, 1.032974534022424562, 2.221590333989759358 ) ) ;
#3482 =( GEOMETRIC_REPRESENTATION_CONTEXT ( 3 ) GLOBAL_UNCERTAINTY_ASSIGNED_CONTEXT ( ( #44 ) ) GLOBAL_UNIT_ASSIGNED_CONTEXT ( ( #2174, #2764, #4316 ) ) REPRESENTATION_CONTEXT ( 'NONE', 'WORKASPACE' ) );
#3483 = ORIENTED_EDGE ( 'NONE', *, *, #891, .F. ) ;
#3484 = B_SPLINE_CURVE_WITH_KNOTS ( 'NONE', 3,
 ( #5786, #396, #5210, #3318 ),
 .UNSPECIFIED., .F., .F.,
 ( 4, 4 ),
 ( 0.000000000000000000, 0.0006000005576897567356 ),
 .UNSPECIFIED. ) ;
#3485 = EDGE_CURVE ( 'NONE', #1712, #212, #485, .T. ) ;
#3486 = VERTEX_POINT ( 'NONE', #2038 ) ;
#3487 = DIRECTION ( 'NONE',  ( 0.000000000000000000, 0.9622270472443683609, -0.2722482498591757283 ) ) ;
#3488 =( NAMED_UNIT ( * ) PLANE_ANGLE_UNIT ( ) SI_UNIT ( $, .RADIAN. ) );
#3489 = DIRECTION ( 'NONE',  ( 0.000000000000000000, 0.2722482498591757838, -0.9622270472443682499 ) ) ;
#3490 = PRESENTATION_STYLE_ASSIGNMENT (( #617 ) ) ;
#3491 = CARTESIAN_POINT ( 'NONE',  ( 12.50000000000000000, -5.950000000000001954, 0.2028847900965087825 ) ) ;
#3492 = VERTEX_POINT ( 'NONE', #47 ) ;
#3493 = ORIENTED_EDGE ( 'NONE', *, *, #3669, .F. ) ;
#3494 = CARTESIAN_POINT ( 'NONE',  ( 9.000000000000001776, -6.450000000000001066, -3.202066188419759633E-15 ) ) ;
#3495 = CARTESIAN_POINT ( 'NONE',  ( 13.00000000000000178, -6.450561500430842088, -0.4047254653073710240 ) ) ;
#3496 = FACE_OUTER_BOUND ( 'NONE', #2353, .T. ) ;
#3497 = LINE ( 'NONE', #939, #5331 ) ;
#3498 = FILL_AREA_STYLE_COLOUR ( '', #2503 ) ;
#3499 = CARTESIAN_POINT ( 'NONE',  ( 4.399999999999999467, 0.000000000000000000, 0.000000000000000000 ) ) ;
#3500 = VERTEX_POINT ( 'NONE', #4510 ) ;
#3501 = SURFACE_SIDE_STYLE ('',( #4472 ) ) ;
#3502 = UNCERTAINTY_MEASURE_WITH_UNIT (LENGTH_MEASURE( 1.000000000000000082E-05 ), #567, 'distance_accuracy_value', 'NONE');
#3503 = CARTESIAN_POINT ( 'NONE',  ( 12.50000000000000000, -6.422442313217941567, -1.465803793296805546 ) ) ;
#3504 = CARTESIAN_POINT ( 'NONE',  ( 3.000000000000000000, -5.511447537303415523, 2.424131555432306406 ) ) ;
#3505 = SURFACE_STYLE_USAGE ( .BOTH. , #3405 ) ;
#3506 = CIRCLE ( 'NONE', #2989, 1.699999999999999956 ) ;
#3507 = CARTESIAN_POINT ( 'NONE',  ( 12.50000000000000000, 1.586240938091048047, -2.189026805738434334 ) ) ;
#3508 = DIRECTION ( 'NONE',  ( -1.000000000000000000, -0.000000000000000000, -0.000000000000000000 ) ) ;
#3509 =( NAMED_UNIT ( * ) PLANE_ANGLE_UNIT ( ) SI_UNIT ( $, .RADIAN. ) );
#3510 = DIRECTION ( 'NONE',  ( 1.000000000000000000, 0.000000000000000000, 0.000000000000000000 ) ) ;
#3511 = ORIENTED_EDGE ( 'NONE', *, *, #3789, .T. ) ;
#3512 = EDGE_CURVE ( 'NONE', #2428, #3037, #5356, .T. ) ;
#3513 =( GEOMETRIC_REPRESENTATION_CONTEXT ( 3 ) GLOBAL_UNCERTAINTY_ASSIGNED_CONTEXT ( ( #4686 ) ) GLOBAL_UNIT_ASSIGNED_CONTEXT ( ( #5170, #1207, #5662 ) ) REPRESENTATION_CONTEXT ( 'NONE', 'WORKASPACE' ) );
#3514 = VERTEX_POINT ( 'NONE', #4014 ) ;
#3515 = CARTESIAN_POINT ( 'NONE',  ( -0.2678372710940586376, 0.05288555502413991305, 2.391792423766119224 ) ) ;
#3516 = CARTESIAN_POINT ( 'NONE',  ( 12.50000000000000000, -2.236639308303995932, -1.179614498202193884 ) ) ;
#3517 = DIRECTION ( 'NONE',  ( 0.000000000000000000, 0.000000000000000000, -1.000000000000000000 ) ) ;
#3518 = CARTESIAN_POINT ( 'NONE',  ( 0.000000000000000000, -6.331521131136688574, -1.847389710217548053 ) ) ;
#3519 = PRESENTATION_LAYER_ASSIGNMENT (  '', '', ( #2999 ) ) ;
#3520 = ORIENTED_EDGE ( 'NONE', *, *, #1452, .T. ) ;
#3521 = ORIENTED_EDGE ( 'NONE', *, *, #4470, .F. ) ;
#3522 = MECHANICAL_DESIGN_GEOMETRIC_PRESENTATION_REPRESENTATION (  '', ( #2795 ), #6296 ) ;
#3523 = B_SPLINE_SURFACE_WITH_KNOTS ( 'NONE', 3, 1, ( 
 ( #3345, #1357 ),
 ( #3805, #5721 ),
 ( #4833, #1302 ),
 ( #3309, #4322 ) ),
 .UNSPECIFIED., .F., .F., .F.,
 ( 4, 4 ),
 ( 2, 2 ),
 ( 0.000000000000000000, 1.000000000000000000 ),
 ( 0.000000000000000000, 1.000000000000000000 ),
 .UNSPECIFIED. ) ;
#3524 = CARTESIAN_POINT ( 'NONE',  ( 9.500000000000001776, -5.303916665296939392, -2.424131555432305518 ) ) ;
#3525 = FILL_AREA_STYLE ('',( #1515 ) ) ;
#3526 = FILL_AREA_STYLE ('',( #2055 ) ) ;
#3528 = LINE ( 'NONE', #5476, #5321 ) ;
#3527 = AXIS2_PLACEMENT_3D ( 'NONE', #4264, #6230, #6255 ) ;
#3529 = CARTESIAN_POINT ( 'NONE',  ( 0.000000000000000000, -5.627658374173602596, -2.424131555431612739 ) ) ;
#3530 = VERTEX_POINT ( 'NONE', #4449 ) ;
#3531 = SURFACE_STYLE_FILL_AREA ( #5554 ) ;
#3532 = VECTOR ( 'NONE', #4869, 1000.000000000000000 ) ;
#3533 = ORIENTED_EDGE ( 'NONE', *, *, #1748, .F. ) ;
#3534 =( NAMED_UNIT ( * ) SI_UNIT ( $, .STERADIAN. ) SOLID_ANGLE_UNIT ( ) );
#3535 = FACE_OUTER_BOUND ( 'NONE', #5581, .T. ) ;
#3536 = CARTESIAN_POINT ( 'NONE',  ( 9.499999999999998224, -6.445457888638662425, -1.030209834226589516 ) ) ;
#3537 = CARTESIAN_POINT ( 'NONE',  ( 3.000000000000000000, 1.032974534022424562, -2.221590333989759358 ) ) ;
#3538 =( GEOMETRIC_REPRESENTATION_CONTEXT ( 3 ) GLOBAL_UNCERTAINTY_ASSIGNED_CONTEXT ( ( #2152 ) ) GLOBAL_UNIT_ASSIGNED_CONTEXT ( ( #3466, #1039, #3534 ) ) REPRESENTATION_CONTEXT ( 'NONE', 'WORKASPACE' ) );
#3539 = AXIS2_PLACEMENT_3D ( 'NONE', #1181, #3555, #714 ) ;
#3540 = COLOUR_RGB ( '',0.9372549019607843146, 0.8823529411764705621, 0.8823529411764705621 ) ;
#3541 = FACE_OUTER_BOUND ( 'NONE', #5585, .T. ) ;
#3542 = VECTOR ( 'NONE', #3267, 1000.000000000000000 ) ;
#3543 = ADVANCED_FACE ( 'NONE', ( #5917 ), #6292, .F. ) ;
#3544 = CARTESIAN_POINT ( 'NONE',  ( 12.50000000000000000, -6.183689156483929139, 2.146661974746273405 ) ) ;
#3545 = ORIENTED_EDGE ( 'NONE', *, *, #1241, .F. ) ;
#3546 = STYLED_ITEM ( 'NONE', ( #3187 ), #5499 ) ;
#3547 = ORIENTED_EDGE ( 'NONE', *, *, #1562, .T. ) ;
#3548 = AXIS2_PLACEMENT_3D ( 'NONE', #3929, #1990, #6113 ) ;
#3549 = CARTESIAN_POINT ( 'NONE',  ( 3.500000000000000000, -6.449193518580326412, 0.6000000000000008660 ) ) ;
#3550 = DIRECTION ( 'NONE',  ( 0.000000000000000000, 0.000000000000000000, 1.000000000000000000 ) ) ;
#3551 = UNCERTAINTY_MEASURE_WITH_UNIT (LENGTH_MEASURE( 1.000000000000000082E-05 ), #425, 'distance_accuracy_value', 'NONE');
#3552 = CARTESIAN_POINT ( 'NONE',  ( 0.000000000000000000, -6.183689156483929139, -2.146661974746273405 ) ) ;
#3553 = ADVANCED_FACE ( 'NONE', ( #2200 ), #5108, .F. ) ;
#3554 = UNCERTAINTY_MEASURE_WITH_UNIT (LENGTH_MEASURE( 1.000000000000000082E-05 ), #4925, 'distance_accuracy_value', 'NONE');
#3555 = DIRECTION ( 'NONE',  ( 0.000000000000000000, -1.000000000000000000, 0.000000000000000000 ) ) ;
#3556 = ORIENTED_EDGE ( 'NONE', *, *, #4952, .T. ) ;
#3557 = PRESENTATION_LAYER_ASSIGNMENT (  '', '', ( #2 ) ) ;
#3558 = ORIENTED_EDGE ( 'NONE', *, *, #6045, .F. ) ;
#3559 = CARTESIAN_POINT ( 'NONE',  ( 3.000000000000000000, -0.9536012874044282883, 1.700924626390192484 ) ) ;
#3560 = STYLED_ITEM ( 'NONE', ( #4101 ), #940 ) ;
#3561 = SURFACE_STYLE_USAGE ( .BOTH. , #2090 ) ;
#3562 =( NAMED_UNIT ( * ) SI_UNIT ( $, .STERADIAN. ) SOLID_ANGLE_UNIT ( ) );
#3563 = COLOUR_RGB ( '',0.9372549019607843146, 0.8823529411764705621, 0.8823529411764705621 ) ;
#3564 = VERTEX_POINT ( 'NONE', #764 ) ;
#3565 = CARTESIAN_POINT ( 'NONE',  ( 4.399999999999999467, -2.204364238465235576E-16, 1.800000000000000044 ) ) ;
#3566 = B_SPLINE_CURVE_WITH_KNOTS ( 'NONE', 3,
 ( #3068, #1964, #5909, #2064, #573 ),
 .UNSPECIFIED., .F., .F.,
 ( 4, 1, 4 ),
 ( 0.8394859867900433814, 0.8750000000000000000, 1.000000000000000000 ),
 .UNSPECIFIED. ) ;
#3567 = ORIENTED_EDGE ( 'NONE', *, *, #1010, .T. ) ;
#3568 = CIRCLE ( 'NONE', #2736, 2.450000000002283684 ) ;
#3569 = CARTESIAN_POINT ( 'NONE',  ( 3.000000000000000000, -3.416280893695002430, 2.317750945014162234 ) ) ;
#3570 = CARTESIAN_POINT ( 'NONE',  ( 12.50000000000000000, 1.769344485267403400, 2.267342643549731918 ) ) ;
#3571 = CARTESIAN_POINT ( 'NONE',  ( 9.499999999999998224, -6.450000000000695621, 4.124598330020490182E-15 ) ) ;
#3572 = CARTESIAN_POINT ( 'NONE',  ( 3.000000000000000000, -5.950000000000001954, 0.2029191250801020141 ) ) ;
#3573 = CARTESIAN_POINT ( 'NONE',  ( 3.000000000000000000, -1.168370712318658855, -2.153464622092449154 ) ) ;
#3574 = SURFACE_SIDE_STYLE ('',( #1628 ) ) ;
#3575 = STYLED_ITEM ( 'NONE', ( #690 ), #3816 ) ;
#3576 = CARTESIAN_POINT ( 'NONE',  ( 9.500000000000001776, 1.769344485267403400, 2.267342643549731918 ) ) ;
#3577 = FILL_AREA_STYLE_COLOUR ( '', #4865 ) ;
#3578 = VERTEX_POINT ( 'NONE', #701 ) ;
#3579 = STYLED_ITEM ( 'NONE', ( #2873 ), #4591 ) ;
#3580 = COLOUR_RGB ( '',0.7960784313725489669, 0.8235294117647058432, 0.9372549019607843146 ) ;
#3581 = ORIENTED_EDGE ( 'NONE', *, *, #1399, .F. ) ;
#3582 = CARTESIAN_POINT ( 'NONE',  ( 3.500000000000000000, -6.449710760119539366, 0.4990865516588919859 ) ) ;
#3583 = CARTESIAN_POINT ( 'NONE',  ( 12.63609575327984480, 0.03649346519847004866, -2.449728194516813229 ) ) ;
#3584 = SURFACE_SIDE_STYLE ('',( #2081 ) ) ;
#3585 = CIRCLE ( 'NONE', #836, 0.5999999999999999778 ) ;
#3586 = CARTESIAN_POINT ( 'NONE',  ( 3.500000000000000000, -5.950053780576518569, -0.3153696323835121218 ) ) ;
#3587 = DIRECTION ( 'NONE',  ( -1.000000000000000000, -0.000000000000000000, -0.000000000000000000 ) ) ;
#3588 = ORIENTED_EDGE ( 'NONE', *, *, #1681, .T. ) ;
#3589 = EDGE_LOOP ( 'NONE', ( #5535, #4087, #1950, #7, #4594, #3838 ) ) ;
#3590 = COLOUR_RGB ( '',0.9372549019607843146, 0.8823529411764705621, 0.8823529411764705621 ) ;
#3591 = EDGE_CURVE ( 'NONE', #955, #5757, #5852, .T. ) ;
#3592 =( NAMED_UNIT ( * ) SI_UNIT ( $, .STERADIAN. ) SOLID_ANGLE_UNIT ( ) );
#3593 = DIRECTION ( 'NONE',  ( -1.000000000000000000, 0.000000000000000000, 0.000000000000000000 ) ) ;
#3594 =( NAMED_UNIT ( * ) SI_UNIT ( $, .STERADIAN. ) SOLID_ANGLE_UNIT ( ) );
#3595 = ORIENTED_EDGE ( 'NONE', *, *, #756, .F. ) ;
#3596 = SURFACE_STYLE_FILL_AREA ( #6064 ) ;
#3597 = ORIENTED_EDGE ( 'NONE', *, *, #5436, .T. ) ;
#3598 = CARTESIAN_POINT ( 'NONE',  ( 3.000000000000000000, -1.558319229584445020, 2.027625431479605389 ) ) ;
#3599 = CARTESIAN_POINT ( 'NONE',  ( -0.5000000000000000000, 0.000000000000000000, 0.000000000000000000 ) ) ;
#3600 = CARTESIAN_POINT ( 'NONE',  ( 3.000000000000000000, -5.950522921043988944, 0.4047728648778093352 ) ) ;
#3601 = DIRECTION ( 'NONE',  ( 1.000000000000000000, 0.000000000000000000, 0.000000000000000000 ) ) ;
#3602 =( NAMED_UNIT ( * ) SI_UNIT ( $, .STERADIAN. ) SOLID_ANGLE_UNIT ( ) );
#3603 = DIRECTION ( 'NONE',  ( 0.000000000000000000, 0.000000000000000000, 1.000000000000000000 ) ) ;
#3604 = PLANE ( 'NONE',  #3177 ) ;
#3605 = DIRECTION ( 'NONE',  ( 0.000000000000000000, 1.224646799147353454E-16, -1.000000000000000000 ) ) ;
#3606 = ORIENTED_EDGE ( 'NONE', *, *, #1675, .T. ) ;
#3607 = ORIENTED_EDGE ( 'NONE', *, *, #1541, .T. ) ;
#3608 = STYLED_ITEM ( 'NONE', ( #3738 ), #2221 ) ;
#3609 = CARTESIAN_POINT ( 'NONE',  ( 3.000000000000000000, -4.869898583757783506, -2.418288910156157989 ) ) ;
#3610 = CARTESIAN_POINT ( 'NONE',  ( 13.00000000000000178, 0.000000000000000000, 0.000000000000000000 ) ) ;
#3611 = SURFACE_STYLE_USAGE ( .BOTH. , #1149 ) ;
#3612 = DIRECTION ( 'NONE',  ( 0.000000000000000000, 0.000000000000000000, -1.000000000000000000 ) ) ;
#3613 = CARTESIAN_POINT ( 'NONE',  ( -4.336808689942017736E-16, -6.449446395973134294, 0.5596091947256971455 ) ) ;
#3614 = VERTEX_POINT ( 'NONE', #263 ) ;
#3615 = ORIENTED_EDGE ( 'NONE', *, *, #1393, .F. ) ;
#3616 =( GEOMETRIC_REPRESENTATION_CONTEXT ( 3 ) GLOBAL_UNCERTAINTY_ASSIGNED_CONTEXT ( ( #343 ) ) GLOBAL_UNIT_ASSIGNED_CONTEXT ( ( #6165, #1719, #1665 ) ) REPRESENTATION_CONTEXT ( 'NONE', 'WORKASPACE' ) );
#3617 = CARTESIAN_POINT ( 'NONE',  ( 12.50000000000000000, -1.732354142640884165, -2.008456984256953071 ) ) ;
#3618 =( NAMED_UNIT ( * ) PLANE_ANGLE_UNIT ( ) SI_UNIT ( $, .RADIAN. ) );
#3619 =( NAMED_UNIT ( * ) PLANE_ANGLE_UNIT ( ) SI_UNIT ( $, .RADIAN. ) );
#3620 = DIRECTION ( 'NONE',  ( 0.000000000000000000, 0.000000000000000000, 1.000000000000000000 ) ) ;
#3621 = EDGE_CURVE ( 'NONE', #586, #3492, #3463, .T. ) ;
#3622 = MECHANICAL_DESIGN_GEOMETRIC_PRESENTATION_REPRESENTATION (  '', ( #74 ), #666 ) ;
#3623 = CYLINDRICAL_SURFACE ( 'NONE', #6126, 0.5999999999999999778 ) ;
#3624 = ORIENTED_EDGE ( 'NONE', *, *, #589, .F. ) ;
#3625 = CARTESIAN_POINT ( 'NONE',  ( 0.000000000000000000, -5.949181936419980055, 0.6000000000000005329 ) ) ;
#3626 = FILL_AREA_STYLE ('',( #2167 ) ) ;
#3627 = CARTESIAN_POINT ( 'NONE',  ( 12.63205580048508558, -5.949181936419978278, -0.6000000000000006439 ) ) ;
#3628 = FILL_AREA_STYLE ('',( #169 ) ) ;
#3629 = EDGE_CURVE ( 'NONE', #4528, #1088, #4604, .T. ) ;
#3630 = B_SPLINE_CURVE_WITH_KNOTS ( 'NONE', 3,
 ( #637, #4212, #4621, #250, #751, #2576 ),
 .UNSPECIFIED., .F., .F.,
 ( 4, 2, 4 ),
 ( 8.673617379884035472E-19, 0.0003905443398193558075, 0.0007810886796387107476 ),
 .UNSPECIFIED. ) ;
#3631 = CARTESIAN_POINT ( 'NONE',  ( 9.500000000000001776, 0.8231422074094445485, 1.767749107305984779 ) ) ;
#3632 = STYLED_ITEM ( 'NONE', ( #1906 ), #4799 ) ;
#3633 = CARTESIAN_POINT ( 'NONE',  ( 13.00000000000000178, -6.449193518580326412, -0.6000000000000006439 ) ) ;
#3634 = PRESENTATION_STYLE_ASSIGNMENT (( #3134 ) ) ;
#3635 = COLOUR_RGB ( '',0.7960784313725489669, 0.8235294117647058432, 0.9372549019607843146 ) ;
#3636 = CARTESIAN_POINT ( 'NONE',  ( 0.000000000000000000, -5.511447537303413746, 1.924131555431611185 ) ) ;
#3637 = SURFACE_STYLE_USAGE ( .BOTH. , #1170 ) ;
#3638 = EDGE_LOOP ( 'NONE', ( #4136, #4801, #3127, #3624 ) ) ;
#3639 = COLOUR_RGB ( '',0.7960784313725489669, 0.8235294117647058432, 0.9372549019607843146 ) ;
#3640 = ORIENTED_EDGE ( 'NONE', *, *, #5489, .T. ) ;
#3641 = B_SPLINE_CURVE_WITH_KNOTS ( 'NONE', 3,
 ( #3284, #2280, #906, #5272 ),
 .UNSPECIFIED., .F., .F.,
 ( 4, 4 ),
 ( 0.000000000000000000, 0.0006000005420099905479 ),
 .UNSPECIFIED. ) ;
#3642 = EDGE_CURVE ( 'NONE', #2498, #4119, #3251, .T. ) ;
#3643 = CARTESIAN_POINT ( 'NONE',  ( 13.00000000000000178, 0.1802463793658169444, -1.941651679044009260 ) ) ;
#3644 = CARTESIAN_POINT ( 'NONE',  ( 0.000000000000000000, 0.000000000000000000, 0.000000000000000000 ) ) ;
#3645 = COLOUR_RGB ( '',0.9372549019607843146, 0.8823529411764705621, 0.8823529411764705621 ) ;
#3646 = CARTESIAN_POINT ( 'NONE',  ( 12.50000000000000000, 1.967225567140176379, -2.089277364077947841 ) ) ;
#3647 = FILL_AREA_STYLE ('',( #647 ) ) ;
#3648 = CARTESIAN_POINT ( 'NONE',  ( 12.50000000000000000, 0.000000000000000000, 0.000000000000000000 ) ) ;
#3649 = CARTESIAN_POINT ( 'NONE',  ( -4.336808689942017736E-16, -6.450000000000696510, 0.1584447975266683462 ) ) ;
#3650 = ORIENTED_EDGE ( 'NONE', *, *, #5220, .T. ) ;
#3651 = PRESENTATION_LAYER_ASSIGNMENT (  '', '', ( #194 ) ) ;
#3652 = ORIENTED_EDGE ( 'NONE', *, *, #5729, .F. ) ;
#3653 = DIRECTION ( 'NONE',  ( -1.000000000000000000, 0.000000000000000000, 0.000000000000000000 ) ) ;
#3654 = VECTOR ( 'NONE', #3817, 1000.000000000000000 ) ;
#3655 = SURFACE_STYLE_FILL_AREA ( #1739 ) ;
#3656 = PRESENTATION_STYLE_ASSIGNMENT (( #5184 ) ) ;
#3657 = VERTEX_POINT ( 'NONE', #1108 ) ;
#3658 = MECHANICAL_DESIGN_GEOMETRIC_PRESENTATION_REPRESENTATION (  '', ( #5831 ), #1406 ) ;
#3659 = VERTEX_POINT ( 'NONE', #2173 ) ;
#3660 = DIRECTION ( 'NONE',  ( 1.000000000000000000, 0.000000000000000000, 0.000000000000000000 ) ) ;
#3661 = ADVANCED_FACE ( 'NONE', ( #4131 ), #3050, .F. ) ;
#3662 = PLANE ( 'NONE',  #4752 ) ;
#3663 = PRESENTATION_STYLE_ASSIGNMENT (( #2660 ) ) ;
#3664 = CARTESIAN_POINT ( 'NONE',  ( 3.000000000000000000, -5.511447537303414634, 1.924131555431610963 ) ) ;
#3665 = STYLED_ITEM ( 'NONE', ( #3198 ), #931 ) ;
#3666 = CARTESIAN_POINT ( 'NONE',  ( 12.50000000000000000, 1.205463676329423306, 1.591861468293961135 ) ) ;
#3667 = CARTESIAN_POINT ( 'NONE',  ( 0.000000000000000000, -1.948279784402757731, -2.028884253203181665 ) ) ;
#3668 = EDGE_CURVE ( 'NONE', #6299, #318, #352, .T. ) ;
#3669 = EDGE_CURVE ( 'NONE', #3996, #2204, #967, .T. ) ;
#3670 = SURFACE_STYLE_FILL_AREA ( #641 ) ;
#3671 = PRESENTATION_LAYER_ASSIGNMENT (  '', '', ( #6153 ) ) ;
#3672 = CARTESIAN_POINT ( 'NONE',  ( 3.000000000000000000, 0.000000000000000000, 0.000000000000000000 ) ) ;
#3673 = ORIENTED_EDGE ( 'NONE', *, *, #358, .T. ) ;
#3674 = ORIENTED_EDGE ( 'NONE', *, *, #2568, .T. ) ;
#3675 = ADVANCED_FACE ( 'NONE', ( #3731 ), #2148, .T. ) ;
#3676 = FACE_OUTER_BOUND ( 'NONE', #1568, .T. ) ;
#3677 = DIRECTION ( 'NONE',  ( 0.000000000000000000, 0.000000000000000000, -1.000000000000000000 ) ) ;
#3678 = SURFACE_STYLE_USAGE ( .BOTH. , #10 ) ;
#3679 = DIRECTION ( 'NONE',  ( 0.000000000000000000, 0.000000000000000000, -1.000000000000000000 ) ) ;
#3680 = MECHANICAL_DESIGN_GEOMETRIC_PRESENTATION_REPRESENTATION (  '', ( #3579 ), #2802 ) ;
#3681 = FACE_OUTER_BOUND ( 'NONE', #2075, .T. ) ;
#3682 = COLOUR_RGB ( '',0.7960784313725489669, 0.8235294117647058432, 0.9372549019607843146 ) ;
#3683 = VERTEX_POINT ( 'NONE', #1919 ) ;
#3684 = ADVANCED_FACE ( 'NONE', ( #2907 ), #4735, .T. ) ;
#3685 = ORIENTED_EDGE ( 'NONE', *, *, #3387, .F. ) ;
#3686 = CARTESIAN_POINT ( 'NONE',  ( 2.007359312880714786, 1.224646799147353207E-16, 1.000000000000000000 ) ) ;
#3687 = FILL_AREA_STYLE ('',( #4180 ) ) ;
#3688 = SURFACE_SIDE_STYLE ('',( #5182 ) ) ;
#3689 = CYLINDRICAL_SURFACE ( 'NONE', #5740, 1.500000000000000222 ) ;
#3690 =( NAMED_UNIT ( * ) PLANE_ANGLE_UNIT ( ) SI_UNIT ( $, .RADIAN. ) );
#3691 =( GEOMETRIC_REPRESENTATION_CONTEXT ( 3 ) GLOBAL_UNCERTAINTY_ASSIGNED_CONTEXT ( ( #3408 ) ) GLOBAL_UNIT_ASSIGNED_CONTEXT ( ( #3205, #3136, #6044 ) ) REPRESENTATION_CONTEXT ( 'NONE', 'WORKASPACE' ) );
#3692 = UNCERTAINTY_MEASURE_WITH_UNIT (LENGTH_MEASURE( 1.000000000000000082E-05 ), #5810, 'distance_accuracy_value', 'NONE');
#3693 = VERTEX_POINT ( 'NONE', #3204 ) ;
#3694 = CARTESIAN_POINT ( 'NONE',  ( 11.60000000000000142, 0.000000000000000000, 1.949999999999999956 ) ) ;
#3695 = CARTESIAN_POINT ( 'NONE',  ( 12.50000000000000000, 1.586240938091250774, 2.189026805737763315 ) ) ;
#3696 = CARTESIAN_POINT ( 'NONE',  ( 12.50000000000000000, -5.949181936419979166, -0.6000000000000005329 ) ) ;
#3697 = CARTESIAN_POINT ( 'NONE',  ( 3.500000000000000000, -9.449999999999999289, 0.6000000000000014211 ) ) ;
#3698 = B_SPLINE_CURVE_WITH_KNOTS ( 'NONE', 3,
 ( #4416, #3942, #2986, #1070, #4042 ),
 .UNSPECIFIED., .F., .F.,
 ( 4, 1, 4 ),
 ( 0.8394859867900433814, 0.8750000000000000000, 1.000000000000000000 ),
 .UNSPECIFIED. ) ;
#3699 = SURFACE_STYLE_USAGE ( .BOTH. , #761 ) ;
#3700 = CARTESIAN_POINT ( 'NONE',  ( 0.000000000000000000, 1.381018271236925665, -2.152131625432586848 ) ) ;
#3701 = CARTESIAN_POINT ( 'NONE',  ( 0.000000000000000000, -5.950000000000000178, -7.286648454926751965E-16 ) ) ;
#3702 = FACE_OUTER_BOUND ( 'NONE', #2650, .T. ) ;
#3703 = ORIENTED_EDGE ( 'NONE', *, *, #401, .F. ) ;
#3704 = EDGE_CURVE ( 'NONE', #2698, #5301, #3049, .T. ) ;
#3705 = ORIENTED_EDGE ( 'NONE', *, *, #5626, .F. ) ;
#3706 = CARTESIAN_POINT ( 'NONE',  ( 3.000000000000000000, -5.511447537303412858, -2.424131555431612739 ) ) ;
#3707 = CARTESIAN_POINT ( 'NONE',  ( 9.000000000000001776, 1.425172436802283560, -0.5999999999999994227 ) ) ;
#3708 = CIRCLE ( 'NONE', #5065, 2.450000000002283684 ) ;
#3709 = SURFACE_STYLE_FILL_AREA ( #3113 ) ;
#3710 = CARTESIAN_POINT ( 'NONE',  ( -0.5000000000000000000, -0.2160022778819082334, 0.3979136807316022151 ) ) ;
#3711 = CARTESIAN_POINT ( 'NONE',  ( 9.500000000000001776, 0.8231422074094451036, 1.767749107305984779 ) ) ;
#3712 = CARTESIAN_POINT ( 'NONE',  ( 0.000000000000000000, -6.331521131136688574, -1.847389710217548053 ) ) ;
#3713 = ORIENTED_EDGE ( 'NONE', *, *, #6155, .T. ) ;
#3714 = EDGE_CURVE ( 'NONE', #1954, #4681, #2397, .T. ) ;
#3715 = ORIENTED_EDGE ( 'NONE', *, *, #4906, .F. ) ;
#3716 = CARTESIAN_POINT ( 'NONE',  ( 9.500000000000001776, 0.000000000000000000, 0.000000000000000000 ) ) ;
#3717 = FACE_OUTER_BOUND ( 'NONE', #5018, .T. ) ;
#3718 = DIRECTION ( 'NONE',  ( 0.000000000000000000, 0.000000000000000000, 1.000000000000000000 ) ) ;
#3719 = UNCERTAINTY_MEASURE_WITH_UNIT (LENGTH_MEASURE( 1.000000000000000082E-05 ), #3477, 'distance_accuracy_value', 'NONE');
#3720 = EDGE_LOOP ( 'NONE', ( #5646, #3053, #215, #746, #1234 ) ) ;
#3721 = CIRCLE ( 'NONE', #1473, 0.6300351710512540615 ) ;
#3722 = CARTESIAN_POINT ( 'NONE',  ( 3.000000000000000000, -5.892247557083051035, 1.924131555431609852 ) ) ;
#3723 = CARTESIAN_POINT ( 'NONE',  ( 13.00000000000000178, -6.449193518580326412, -0.6000000000000006439 ) ) ;
#3724 = SURFACE_STYLE_USAGE ( .BOTH. , #3264 ) ;
#3725 = CIRCLE ( 'NONE', #4649, 1.949999999999999734 ) ;
#3726 = LINE ( 'NONE', #435, #3542 ) ;
#3727 = DIRECTION ( 'NONE',  ( 0.000000000000000000, 0.000000000000000000, 1.000000000000000000 ) ) ;
#3728 =( BOUNDED_SURFACE ( )  B_SPLINE_SURFACE ( 3, 2, ( 
 ( #1004, #4918, #101 ),
 ( #1577, #4029, #1091 ),
 ( #3495, #129, #64 ),
 ( #5447, #3966, #3006 ) ),
 .UNSPECIFIED., .F., .F., .F. ) 
 B_SPLINE_SURFACE_WITH_KNOTS ( ( 4, 4 ),
 ( 3, 3 ),
 ( 0.000000000000000000, 0.0006069557823676661546 ),
 ( 0.000000000000000000, 1.000000000000000000 ),
 .UNSPECIFIED. ) 
 GEOMETRIC_REPRESENTATION_ITEM ( )  RATIONAL_B_SPLINE_SURFACE ( (
 ( 1.000000000000000000, 0.7071067811865463515, 1.000000000000000000),
 ( 1.000000000000000000, 0.7071067811865463515, 1.000000000000000000),
 ( 1.000000000000000000, 0.7071067811865463515, 1.000000000000000000),
 ( 1.000000000000000000, 0.7071067811865463515, 1.000000000000000000) ) ) 
 REPRESENTATION_ITEM ( '' )  SURFACE ( )  );
#3729 = AXIS2_PLACEMENT_3D ( 'NONE', #4246, #4696, #1804 ) ;
#3730 = FILL_AREA_STYLE_COLOUR ( '', #869 ) ;
#3731 = FACE_OUTER_BOUND ( 'NONE', #3638, .T. ) ;
#3732 = FILL_AREA_STYLE_COLOUR ( '', #732 ) ;
#3733 =( NAMED_UNIT ( * ) SI_UNIT ( $, .STERADIAN. ) SOLID_ANGLE_UNIT ( ) );
#3734 = CYLINDRICAL_SURFACE ( 'NONE', #4856, 0.5999999999999999778 ) ;
#3735 = CARTESIAN_POINT ( 'NONE',  ( 0.000000000000000000, -1.006219812630343657, 1.679827368101835416 ) ) ;
#3736 = UNCERTAINTY_MEASURE_WITH_UNIT (LENGTH_MEASURE( 1.000000000000000082E-05 ), #1984, 'distance_accuracy_value', 'NONE');
#3737 = PRESENTATION_LAYER_ASSIGNMENT (  '', '', ( #4464 ) ) ;
#3738 = PRESENTATION_STYLE_ASSIGNMENT (( #4740 ) ) ;
#3739 = FACE_OUTER_BOUND ( 'NONE', #1759, .T. ) ;
#3740 = DIRECTION ( 'NONE',  ( 1.000000000000000000, -0.000000000000000000, -0.000000000000000000 ) ) ;
#3741 = ADVANCED_FACE ( 'NONE', ( #159, #3496 ), #1617, .F. ) ;
#3742 = FACE_BOUND ( 'NONE', #1337, .T. ) ;
#3743 =( NAMED_UNIT ( * ) PLANE_ANGLE_UNIT ( ) SI_UNIT ( $, .RADIAN. ) );
#3744 = EDGE_LOOP ( 'NONE', ( #4051, #1303 ) ) ;
#3745 = PRESENTATION_LAYER_ASSIGNMENT (  '', '', ( #187 ) ) ;
#3746 = VERTEX_POINT ( 'NONE', #5549 ) ;
#3747 = COLOUR_RGB ( '',0.7960784313725489669, 0.8235294117647058432, 0.9372549019607843146 ) ;
#3748 = ADVANCED_FACE ( 'NONE', ( #1130, #536 ), #5474, .T. ) ;
#3749 = DIRECTION ( 'NONE',  ( 0.000000000000000000, 0.000000000000000000, -1.000000000000000000 ) ) ;
#3750 = CIRCLE ( 'NONE', #4677, 1.950000000002283684 ) ;
#3751 = FILL_AREA_STYLE ('',( #1276 ) ) ;
#3752 = FACE_OUTER_BOUND ( 'NONE', #3852, .T. ) ;
#3753 = CARTESIAN_POINT ( 'NONE',  ( 3.000000000000000000, 2.084298718220865876, -1.868384002258182353 ) ) ;
#3754 = CLOSED_SHELL ( 'NONE', ( #2076, #2585, #5022, #4991 ) ) ;
#3755 = MECHANICAL_DESIGN_GEOMETRIC_PRESENTATION_REPRESENTATION (  '', ( #5939 ), #2322 ) ;
#3756 = VERTEX_POINT ( 'NONE', #598 ) ;
#3757 =( NAMED_UNIT ( * ) PLANE_ANGLE_UNIT ( ) SI_UNIT ( $, .RADIAN. ) );
#3758 =( GEOMETRIC_REPRESENTATION_CONTEXT ( 3 ) GLOBAL_UNCERTAINTY_ASSIGNED_CONTEXT ( ( #2379 ) ) GLOBAL_UNIT_ASSIGNED_CONTEXT ( ( #2976, #3999, #3896 ) ) REPRESENTATION_CONTEXT ( 'NONE', 'WORKASPACE' ) );
#3759 = CYLINDRICAL_SURFACE ( 'NONE', #1400, 0.5999999999999999778 ) ;
#3760 = PRESENTATION_STYLE_ASSIGNMENT (( #5864 ) ) ;
#3761 = SURFACE_STYLE_FILL_AREA ( #4244 ) ;
#3762 = DIRECTION ( 'NONE',  ( 0.000000000000000000, 0.000000000000000000, 1.000000000000000000 ) ) ;
#3763 = CARTESIAN_POINT ( 'NONE',  ( -0.5000000000000001110, -6.317137804267295209, 0.6000000000000006439 ) ) ;
#3764 = FILL_AREA_STYLE_COLOUR ( '', #2213 ) ;
#3765 = DIRECTION ( 'NONE',  ( -1.000000000000000000, 0.000000000000000000, 0.000000000000000000 ) ) ;
#3766 =( GEOMETRIC_REPRESENTATION_CONTEXT ( 3 ) GLOBAL_UNCERTAINTY_ASSIGNED_CONTEXT ( ( #1256 ) ) GLOBAL_UNIT_ASSIGNED_CONTEXT ( ( #41, #3939, #4997 ) ) REPRESENTATION_CONTEXT ( 'NONE', 'WORKASPACE' ) );
#3767 = LINE ( 'NONE', #1325, #4411 ) ;
#3768 = CARTESIAN_POINT ( 'NONE',  ( 3.000000000000000000, -0.9536012874044282883, 1.700924626390192484 ) ) ;
#3769 = ORIENTED_EDGE ( 'NONE', *, *, #778, .F. ) ;
#3770 = STYLED_ITEM ( 'NONE', ( #5062 ), #1200 ) ;
#3771 = DIRECTION ( 'NONE',  ( 1.000000000000000000, 0.000000000000000000, -0.000000000000000000 ) ) ;
#3772 = SURFACE_STYLE_FILL_AREA ( #4198 ) ;
#3773 = CARTESIAN_POINT ( 'NONE',  ( 12.50000000000000000, -1.168370712318190341, -2.153464622091685321 ) ) ;
#3774 =( LENGTH_UNIT ( ) NAMED_UNIT ( * ) SI_UNIT ( .MILLI., .METRE. ) );
#3775 = AXIS2_PLACEMENT_3D ( 'NONE', #814, #2749, #3718 ) ;
#3776 = FILL_AREA_STYLE_COLOUR ( '', #2711 ) ;
#3777 = FACE_OUTER_BOUND ( 'NONE', #1976, .T. ) ;
#3778 = B_SPLINE_CURVE_WITH_KNOTS ( 'NONE', 3,
 ( #3787, #1405, #1340, #3355, #3319 ),
 .UNSPECIFIED., .F., .F.,
 ( 4, 1, 4 ),
 ( 0.000000000000000000, 0.1250000000000000000, 0.1605140132100208727 ),
 .UNSPECIFIED. ) ;
#3779 = EDGE_LOOP ( 'NONE', ( #4904, #3521 ) ) ;
#3780 = MANIFOLD_SOLID_BREP ( 'CirPattern1', #5817 ) ;
#3781 = DIRECTION ( 'NONE',  ( 0.000000000000000000, -1.000000000000000000, 0.000000000000000000 ) ) ;
#3782 = VERTEX_POINT ( 'NONE', #220 ) ;
#3783 = CARTESIAN_POINT ( 'NONE',  ( 9.000000000000001776, -6.450047545971240304, 0.1663622430318910106 ) ) ;
#3784 = MECHANICAL_DESIGN_GEOMETRIC_PRESENTATION_REPRESENTATION (  '', ( #1220 ), #415 ) ;
#3785 = DIRECTION ( 'NONE',  ( 0.000000000000000000, 0.000000000000000000, -1.000000000000000000 ) ) ;
#3786 = PRESENTATION_LAYER_ASSIGNMENT (  '', '', ( #3902 ) ) ;
#3787 = CARTESIAN_POINT ( 'NONE',  ( 0.000000000000000000, -6.450000000000001066, 2.544803959115682914E-15 ) ) ;
#3788 = SURFACE_STYLE_FILL_AREA ( #1825 ) ;
#3789 = EDGE_CURVE ( 'NONE', #3500, #4790, #324, .T. ) ;
#3790 = EDGE_LOOP ( 'NONE', ( #4206, #51, #736, #2311 ) ) ;
#3791 = FACE_OUTER_BOUND ( 'NONE', #310, .T. ) ;
#3792 = COLOUR_RGB ( '',0.9372549019607843146, 0.8823529411764705621, 0.8823529411764705621 ) ;
#3793 =( NAMED_UNIT ( * ) SI_UNIT ( $, .STERADIAN. ) SOLID_ANGLE_UNIT ( ) );
#3794 =( NAMED_UNIT ( * ) PLANE_ANGLE_UNIT ( ) SI_UNIT ( $, .RADIAN. ) );
#3795 = CARTESIAN_POINT ( 'NONE',  ( 3.445669552419329484, -6.187685465102418902, -0.5999999999999986455 ) ) ;
#3796 = ADVANCED_FACE ( 'NONE', ( #3717 ), #6087, .T. ) ;
#3797 = SURFACE_STYLE_FILL_AREA ( #2287 ) ;
#3798 = EDGE_CURVE ( 'NONE', #900, #4491, #4684, .T. ) ;
#3799 = CARTESIAN_POINT ( 'NONE',  ( 9.500000000000001776, 1.425172436802283560, 0.5999999999999989786 ) ) ;
#3800 = CARTESIAN_POINT ( 'NONE',  ( 3.000000000000000000, -5.511447537303414634, 1.924131555431610963 ) ) ;
#3801 = DIRECTION ( 'NONE',  ( -1.000000000000000000, 0.000000000000000000, 0.000000000000000000 ) ) ;
#3802 = SURFACE_SIDE_STYLE ('',( #948 ) ) ;
#3803 = EDGE_CURVE ( 'NONE', #3465, #5156, #1656, .T. ) ;
#3804 = CARTESIAN_POINT ( 'NONE',  ( 12.50000000000000000, -1.732354142640884165, -2.008456984256953071 ) ) ;
#3805 = CARTESIAN_POINT ( 'NONE',  ( 9.500000000000001776, -5.965857193527828173, 1.924131555431610963 ) ) ;
#3806 = CARTESIAN_POINT ( 'NONE',  ( 0.000000000000000000, -6.449162802238361358, 0.6000000000000006439 ) ) ;
#3807 = ORIENTED_EDGE ( 'NONE', *, *, #50, .T. ) ;
#3808 = ORIENTED_EDGE ( 'NONE', *, *, #2925, .F. ) ;
#3809 = CARTESIAN_POINT ( 'NONE',  ( 9.500000000000001776, -6.450000000000001066, -2.544803959115682914E-15 ) ) ;
#3810 = CARTESIAN_POINT ( 'NONE',  ( 9.500000000000001776, 1.425172436802283782, -1.660992101785016217 ) ) ;
#3811 = LINE ( 'NONE', #2748, #3238 ) ;
#3812 = CARTESIAN_POINT ( 'NONE',  ( 0.000000000000000000, -6.422442313217941567, 1.465803793296805546 ) ) ;
#3813 = CIRCLE ( 'NONE', #4437, 0.2499999999999997780 ) ;
#3814 = ORIENTED_EDGE ( 'NONE', *, *, #4946, .F. ) ;
#3815 = SURFACE_STYLE_USAGE ( .BOTH. , #5217 ) ;
#3816 = MANIFOLD_SOLID_BREP ( 'Fillet2', #1193 ) ;
#3817 = DIRECTION ( 'NONE',  ( -1.000000000000000000, 0.000000000000000000, 0.000000000000000000 ) ) ;
#3818 = EDGE_CURVE ( 'NONE', #212, #2657, #5967, .T. ) ;
#3819 =( LENGTH_UNIT ( ) NAMED_UNIT ( * ) SI_UNIT ( .MILLI., .METRE. ) );
#3820 = PRESENTATION_STYLE_ASSIGNMENT (( #1859 ) ) ;
#3821 = CARTESIAN_POINT ( 'NONE',  ( -0.2611884513058262969, -6.003329803090579730, 0.6000000000000005329 ) ) ;
#3822 = SURFACE_SIDE_STYLE ('',( #793 ) ) ;
#3823 = ORIENTED_EDGE ( 'NONE', *, *, #3445, .T. ) ;
#3824 = CARTESIAN_POINT ( 'NONE',  ( -0.5000000000000000000, 0.3902346044188405583, 1.199474824451286725 ) ) ;
#3825 = ADVANCED_FACE ( 'NONE', ( #6287 ), #4555, .F. ) ;
#3826 =( LENGTH_UNIT ( ) NAMED_UNIT ( * ) SI_UNIT ( .MILLI., .METRE. ) );
#3827 = CARTESIAN_POINT ( 'NONE',  ( 0.000000000000000000, -1.031603706871464743, 1.670078913344185345 ) ) ;
#3828 = LINE ( 'NONE', #5804, #1167 ) ;
#3829 = SURFACE_SIDE_STYLE ('',( #5320 ) ) ;
#3830 = COLOUR_RGB ( '',0.9372549019607843146, 0.8823529411764705621, 0.8823529411764705621 ) ;
#3831 = FILL_AREA_STYLE_COLOUR ( '', #1255 ) ;
#3832 = CARTESIAN_POINT ( 'NONE',  ( -0.5000000000000000000, -1.027922532992818772, 1.657068274445725020 ) ) ;
#3833 = CARTESIAN_POINT ( 'NONE',  ( 2.649999999999999467, 0.000000000000000000, 0.000000000000000000 ) ) ;
#3834 = PRESENTATION_LAYER_ASSIGNMENT (  '', '', ( #4368 ) ) ;
#3835 = FILL_AREA_STYLE ('',( #5296 ) ) ;
#3836 = PRESENTATION_LAYER_ASSIGNMENT (  '', '', ( #4154 ) ) ;
#3837 = CARTESIAN_POINT ( 'NONE',  ( 0.000000000000000000, -6.422442313217941567, 1.465803793296805546 ) ) ;
#3838 = ORIENTED_EDGE ( 'NONE', *, *, #1076, .T. ) ;
#3839 = COLOUR_RGB ( '',0.9372549019607843146, 0.8823529411764705621, 0.8823529411764705621 ) ;
#3840 = EDGE_CURVE ( 'NONE', #5555, #1712, #3778, .T. ) ;
#3841 = LINE ( 'NONE', #5783, #4655 ) ;
#3842 = VERTEX_POINT ( 'NONE', #875 ) ;
#3843 = SURFACE_STYLE_FILL_AREA ( #5398 ) ;
#3844 = CARTESIAN_POINT ( 'NONE',  ( 3.500000000000000000, -5.950000000000001066, -7.286648454926752951E-16 ) ) ;
#3845 = CARTESIAN_POINT ( 'NONE',  ( 3.000000000000000000, -6.450000000000001066, 2.544803959115682914E-15 ) ) ;
#3846 = CARTESIAN_POINT ( 'NONE',  ( 3.000000000000000000, -1.558319229584445020, 2.027625431479605389 ) ) ;
#3848 = CARTESIAN_POINT ( 'NONE',  ( 13.00000000000000178, -6.450000000000002842, -0.2000001806699982232 ) ) ;
#3847 =( GEOMETRIC_REPRESENTATION_CONTEXT ( 3 ) GLOBAL_UNCERTAINTY_ASSIGNED_CONTEXT ( ( #5578 ) ) GLOBAL_UNIT_ASSIGNED_CONTEXT ( ( #3173, #331, #203 ) ) REPRESENTATION_CONTEXT ( 'NONE', 'WORKASPACE' ) );
#3849 =( GEOMETRIC_REPRESENTATION_CONTEXT ( 3 ) GLOBAL_UNCERTAINTY_ASSIGNED_CONTEXT ( ( #1428 ) ) GLOBAL_UNIT_ASSIGNED_CONTEXT ( ( #5222, #4287, #1416 ) ) REPRESENTATION_CONTEXT ( 'NONE', 'WORKASPACE' ) );
#3850 = CARTESIAN_POINT ( 'NONE',  ( -0.5000000000000000000, -0.7599983375294265819, 0.7101240512251330017 ) ) ;
#3851 = PRESENTATION_LAYER_ASSIGNMENT (  '', '', ( #3972 ) ) ;
#3852 = EDGE_LOOP ( 'NONE', ( #394, #3332, #2391, #4718 ) ) ;
#3853 = VECTOR ( 'NONE', #1888, 1000.000000000000000 ) ;
#3854 = STYLED_ITEM ( 'NONE', ( #1096 ), #6234 ) ;
#3855 = PRESENTATION_STYLE_ASSIGNMENT (( #3324 ) ) ;
#3856 =( LENGTH_UNIT ( ) NAMED_UNIT ( * ) SI_UNIT ( .MILLI., .METRE. ) );
#3857 = MECHANICAL_DESIGN_GEOMETRIC_PRESENTATION_REPRESENTATION (  '', ( #2321 ), #494 ) ;
#3858 = PRESENTATION_STYLE_ASSIGNMENT (( #4730 ) ) ;
#3859 = VECTOR ( 'NONE', #5362, 1000.000000000000000 ) ;
#3860 = PRESENTATION_STYLE_ASSIGNMENT (( #914 ) ) ;
#3861 = CARTESIAN_POINT ( 'NONE',  ( 0.000000000000000000, -5.901127389735865592, -1.472889527321850522 ) ) ;
#3862 = CIRCLE ( 'NONE', #1093, 1.800000000000000044 ) ;
#3863 = VERTEX_POINT ( 'NONE', #4779 ) ;
#3864 =( NAMED_UNIT ( * ) SI_UNIT ( $, .STERADIAN. ) SOLID_ANGLE_UNIT ( ) );
#3865 = UNCERTAINTY_MEASURE_WITH_UNIT (LENGTH_MEASURE( 1.000000000000000082E-05 ), #4764, 'distance_accuracy_value', 'NONE');
#3866 = B_SPLINE_CURVE_WITH_KNOTS ( 'NONE', 3,
 ( #926, #3984, #2422, #487 ),
 .UNSPECIFIED., .F., .F.,
 ( 4, 4 ),
 ( 0.000000000000000000, 1.000000000000000000 ),
 .UNSPECIFIED. ) ;
#3867 = SURFACE_SIDE_STYLE ('',( #3402 ) ) ;
#3868 = DIRECTION ( 'NONE',  ( 0.000000000000000000, -0.9622270472443683609, -0.2722482498591758393 ) ) ;
#3869 =( GEOMETRIC_REPRESENTATION_CONTEXT ( 3 ) GLOBAL_UNCERTAINTY_ASSIGNED_CONTEXT ( ( #2235 ) ) GLOBAL_UNIT_ASSIGNED_CONTEXT ( ( #4330, #6286, #1882 ) ) REPRESENTATION_CONTEXT ( 'NONE', 'WORKASPACE' ) );
#3870 = CARTESIAN_POINT ( 'NONE',  ( 9.500000000000001776, -5.950000000000009948, -1.362196665616118185 ) ) ;
#3871 = CARTESIAN_POINT ( 'NONE',  ( 0.000000000000000000, -5.942797302828626727, -1.529506351174783507 ) ) ;
#3872 =( NAMED_UNIT ( * ) SI_UNIT ( $, .STERADIAN. ) SOLID_ANGLE_UNIT ( ) );
#3873 = EDGE_CURVE ( 'NONE', #1401, #148, #3304, .T. ) ;
#3874 = EDGE_CURVE ( 'NONE', #3381, #1024, #2693, .T. ) ;
#3875 = UNCERTAINTY_MEASURE_WITH_UNIT (LENGTH_MEASURE( 1.000000000000000082E-05 ), #5679, 'distance_accuracy_value', 'NONE');
#3876 =( NAMED_UNIT ( * ) SI_UNIT ( $, .STERADIAN. ) SOLID_ANGLE_UNIT ( ) );
#3877 = DIRECTION ( 'NONE',  ( -1.000000000000000000, 0.000000000000000000, 0.000000000000000000 ) ) ;
#3878 = CARTESIAN_POINT ( 'NONE',  ( 9.500000000000001776, -2.761679942142205579, -2.209572282996751014 ) ) ;
#3879 = CYLINDRICAL_SURFACE ( 'NONE', #4406, 0.1550331274601050857 ) ;
#3880 = DIRECTION ( 'NONE',  ( -1.000000000000000000, 0.000000000000000000, 0.000000000000000000 ) ) ;
#3881 = FILL_AREA_STYLE_COLOUR ( '', #4559 ) ;
#3882 = ORIENTED_EDGE ( 'NONE', *, *, #2993, .F. ) ;
#3883 = EDGE_CURVE ( 'NONE', #1712, #1703, #5868, .T. ) ;
#3884 =( NAMED_UNIT ( * ) PLANE_ANGLE_UNIT ( ) SI_UNIT ( $, .RADIAN. ) );
#3885 = ORIENTED_EDGE ( 'NONE', *, *, #5300, .F. ) ;
#3886 = MECHANICAL_DESIGN_GEOMETRIC_PRESENTATION_REPRESENTATION (  '', ( #214 ), #4595 ) ;
#3887 = DIRECTION ( 'NONE',  ( 1.000000000000000000, 0.000000000000000000, 0.000000000000000000 ) ) ;
#3888 = PRESENTATION_LAYER_ASSIGNMENT (  '', '', ( #3041 ) ) ;
#3889 = CARTESIAN_POINT ( 'NONE',  ( 3.500000000000000000, -6.450043540926369445, -0.3327244987854241498 ) ) ;
#3890 = CARTESIAN_POINT ( 'NONE',  ( 13.00000000000000178, -5.949157289289018102, 0.6035541714844818717 ) ) ;
#3891 = AXIS2_PLACEMENT_3D ( 'NONE', #3426, #4882, #2944 ) ;
#3892 = EDGE_LOOP ( 'NONE', ( #6206, #3615, #6266, #5659 ) ) ;
#3893 = AXIS2_PLACEMENT_3D ( 'NONE', #3372, #2919, #2000 ) ;
#3894 = VECTOR ( 'NONE', #3653, 1000.000000000000000 ) ;
#3895 = CARTESIAN_POINT ( 'NONE',  ( 9.500000000000001776, 1.381018271236887252, -2.152131625433289397 ) ) ;
#3896 =( NAMED_UNIT ( * ) SI_UNIT ( $, .STERADIAN. ) SOLID_ANGLE_UNIT ( ) );
#3897 = SURFACE_STYLE_USAGE ( .BOTH. , #5224 ) ;
#3898 = DIRECTION ( 'NONE',  ( -1.000000000000000000, 0.000000000000000000, 0.000000000000000000 ) ) ;
#3899 =( NAMED_UNIT ( * ) SI_UNIT ( $, .STERADIAN. ) SOLID_ANGLE_UNIT ( ) );
#3900 = CIRCLE ( 'NONE', #1127, 1.500000000000000222 ) ;
#3901 = SURFACE_STYLE_FILL_AREA ( #5478 ) ;
#3902 = STYLED_ITEM ( 'NONE', ( #812 ), #3780 ) ;
#3903 = DIRECTION ( 'NONE',  ( -1.000000000000000000, 0.000000000000000000, 0.000000000000000000 ) ) ;
#3904 = ORIENTED_EDGE ( 'NONE', *, *, #4002, .T. ) ;
#3905 =( NAMED_UNIT ( * ) PLANE_ANGLE_UNIT ( ) SI_UNIT ( $, .RADIAN. ) );
#3906 = UNCERTAINTY_MEASURE_WITH_UNIT (LENGTH_MEASURE( 1.000000000000000082E-05 ), #1775, 'distance_accuracy_value', 'NONE');
#3907 = FACE_OUTER_BOUND ( 'NONE', #4359, .T. ) ;
#3908 = PRESENTATION_LAYER_ASSIGNMENT (  '', '', ( #6068 ) ) ;
#3909 = CARTESIAN_POINT ( 'NONE',  ( 0.000000000000000000, -5.511447537303414634, 1.924131555431610963 ) ) ;
#3910 = FACE_OUTER_BOUND ( 'NONE', #2060, .T. ) ;
#3911 = DIRECTION ( 'NONE',  ( 1.000000000000000000, -0.000000000000000000, 0.000000000000000000 ) ) ;
#3912 = CARTESIAN_POINT ( 'NONE',  ( 9.500000000000001776, -2.282428645141714618, 2.102202052405111043 ) ) ;
#3913 = VECTOR ( 'NONE', #5919, 1000.000000000000000 ) ;
#3914 = CARTESIAN_POINT ( 'NONE',  ( 3.000000000000000000, -1.558319229584292698, -2.027625431478922824 ) ) ;
#3915 = CARTESIAN_POINT ( 'NONE',  ( 12.50000000000000000, 1.087617498296542085, -2.196531237076412069 ) ) ;
#3916 = DIRECTION ( 'NONE',  ( 0.000000000000000000, 0.000000000000000000, 1.000000000000000000 ) ) ;
#3917 = DIRECTION ( 'NONE',  ( -1.000000000000000000, 0.000000000000000000, 0.000000000000000000 ) ) ;
#3918 = ADVANCED_FACE ( 'NONE', ( #2998 ), #1539, .F. ) ;
#3919 = CARTESIAN_POINT ( 'NONE',  ( 0.000000000000000000, -6.183689156484496685, 2.146661974746719714 ) ) ;
#3920 = ORIENTED_EDGE ( 'NONE', *, *, #3963, .F. ) ;
#3921 = EDGE_LOOP ( 'NONE', ( #3022, #1863, #59, #5933, #4958, #4782, #6135 ) ) ;
#3922 = CARTESIAN_POINT ( 'NONE',  ( 0.000000000000000000, -6.450000000000001066, 2.544803959115682914E-15 ) ) ;
#3923 = CARTESIAN_POINT ( 'NONE',  ( -0.5000000000000000000, -5.901127389735865592, -1.472889527321850522 ) ) ;
#3924 = CARTESIAN_POINT ( 'NONE',  ( 3.000000000000000000, -3.416280893695002430, 2.317750945014162234 ) ) ;
#3925 = EDGE_CURVE ( 'NONE', #2995, #1022, #123, .T. ) ;
#3926 = FACE_OUTER_BOUND ( 'NONE', #4462, .T. ) ;
#3927 = VERTEX_POINT ( 'NONE', #1029 ) ;
#3928 = CARTESIAN_POINT ( 'NONE',  ( 12.50000000000000000, 1.087617498296542085, -2.196531237076412069 ) ) ;
#3929 = CARTESIAN_POINT ( 'NONE',  ( 0.000000000000000000, 0.000000000000000000, 0.000000000000000000 ) ) ;
#3930 = DIRECTION ( 'NONE',  ( 1.000000000000000000, -0.000000000000000000, -0.000000000000000000 ) ) ;
#3931 = CARTESIAN_POINT ( 'NONE',  ( 9.500000000000001776, 2.084298718221028857, -1.868384002257875043 ) ) ;
#3932 = CARTESIAN_POINT ( 'NONE',  ( 12.50000000000000000, -6.183689156484496685, -2.146661974746719714 ) ) ;
#3933 = CARTESIAN_POINT ( 'NONE',  ( 12.63425145487635248, -1.168370712318948623, -2.153464622093083314 ) ) ;
#3934 = AXIS2_PLACEMENT_3D ( 'NONE', #3271, #834, #4317 ) ;
#3935 = ORIENTED_EDGE ( 'NONE', *, *, #5414, .F. ) ;
#3936 = ADVANCED_FACE ( 'NONE', ( #2970 ), #4945, .T. ) ;
#3937 = SURFACE_SIDE_STYLE ('',( #2697 ) ) ;
#3938 = DIRECTION ( 'NONE',  ( -1.000000000000000000, -0.000000000000000000, -0.000000000000000000 ) ) ;
#3939 =( NAMED_UNIT ( * ) PLANE_ANGLE_UNIT ( ) SI_UNIT ( $, .RADIAN. ) );
#3940 = COLOUR_RGB ( '',0.9372549019607843146, 0.8823529411764705621, 0.8823529411764705621 ) ;
#3941 =( NAMED_UNIT ( * ) SI_UNIT ( $, .STERADIAN. ) SOLID_ANGLE_UNIT ( ) );
#3942 = CARTESIAN_POINT ( 'NONE',  ( 9.500000000000001776, -6.449446395973134294, -0.5596091947256971455 ) ) ;
#3943 = UNCERTAINTY_MEASURE_WITH_UNIT (LENGTH_MEASURE( 1.000000000000000082E-05 ), #6305, 'distance_accuracy_value', 'NONE');
#3944 = SURFACE_STYLE_USAGE ( .BOTH. , #5566 ) ;
#3945 = FACE_OUTER_BOUND ( 'NONE', #2767, .T. ) ;
#3946 = CARTESIAN_POINT ( 'NONE',  ( 3.000000000000000000, 1.425172436802283560, 0.5999999999999994227 ) ) ;
#3947 = CARTESIAN_POINT ( 'NONE',  ( 3.000000000000000000, 2.084298718221028857, 1.868384002257875043 ) ) ;
#3948 = CARTESIAN_POINT ( 'NONE',  ( 3.000000000000000000, -1.168370712318658855, -2.153464622092449154 ) ) ;
#3949 = DIRECTION ( 'NONE',  ( -1.000000000000000000, -0.000000000000000000, -0.000000000000000000 ) ) ;
#3950 = UNCERTAINTY_MEASURE_WITH_UNIT (LENGTH_MEASURE( 1.000000000000000082E-05 ), #5550, 'distance_accuracy_value', 'NONE');
#3951 = AXIS2_PLACEMENT_3D ( 'NONE', #4858, #413, #5839 ) ;
#3952 = B_SPLINE_SURFACE_WITH_KNOTS ( 'NONE', 3, 1, ( 
 ( #3504, #6213 ),
 ( #5788, #372 ),
 ( #3358, #5337 ),
 ( #1885, #6264 ),
 ( #3259, #2751 ),
 ( #1851, #3812 ),
 ( #1796, #2780 ),
 ( #1370, #2370 ),
 ( #2281, #1827 ),
 ( #1342, #3320 ) ),
 .UNSPECIFIED., .F., .F., .F.,
 ( 4, 1, 1, 1, 1, 1, 1, 4 ),
 ( 2, 2 ),
 ( 0.000000000000000000, 0.1250000000000000000, 0.2500000000000000000, 0.3750000000000000000, 0.5000000000000000000, 0.7500000000000000000, 0.8750000000000000000, 1.000000000000000000 ),
 ( 0.000000000000000000, 1.000000000000000000 ),
 .UNSPECIFIED. ) ;
#3953 = ORIENTED_EDGE ( 'NONE', *, *, #4844, .T. ) ;
#3954 = EDGE_CURVE ( 'NONE', #6025, #3659, #1834, .T. ) ;
#3955 = SURFACE_STYLE_USAGE ( .BOTH. , #2393 ) ;
#3956 = CARTESIAN_POINT ( 'NONE',  ( 9.500000000000001776, -0.9536012874044283993, -1.700924626390192484 ) ) ;
#3957 = CARTESIAN_POINT ( 'NONE',  ( 3.500000000000000000, -6.450081840198148342, -0.2772704267438424464 ) ) ;
#3958 = CARTESIAN_POINT ( 'NONE',  ( 9.500000000000001776, -2.236639308303995932, 1.179614498202194328 ) ) ;
#3959 = EDGE_LOOP ( 'NONE', ( #4746, #3066, #4624, #2118 ) ) ;
#3960 = VECTOR ( 'NONE', #1359, 1000.000000000000114 ) ;
#3961 = STYLED_ITEM ( 'NONE', ( #902 ), #3032 ) ;
#3962 = ORIENTED_EDGE ( 'NONE', *, *, #4339, .F. ) ;
#3963 = EDGE_CURVE ( 'NONE', #1574, #2428, #427, .T. ) ;
#3964 = FILL_AREA_STYLE ('',( #4847 ) ) ;
#3965 = COLOUR_RGB ( '',0.9372549019607843146, 0.8823529411764705621, 0.8823529411764705621 ) ;
#3966 = CARTESIAN_POINT ( 'NONE',  ( 13.00000000000000178, -5.949157288921804287, -0.6035542239370846884 ) ) ;
#3967 =( NAMED_UNIT ( * ) PLANE_ANGLE_UNIT ( ) SI_UNIT ( $, .RADIAN. ) );
#3968 =( NAMED_UNIT ( * ) PLANE_ANGLE_UNIT ( ) SI_UNIT ( $, .RADIAN. ) );
#3969 = PRESENTATION_STYLE_ASSIGNMENT (( #1993 ) ) ;
#3970 =( GEOMETRIC_REPRESENTATION_CONTEXT ( 3 ) GLOBAL_UNCERTAINTY_ASSIGNED_CONTEXT ( ( #6081 ) ) GLOBAL_UNIT_ASSIGNED_CONTEXT ( ( #2122, #2159, #2594 ) ) REPRESENTATION_CONTEXT ( 'NONE', 'WORKASPACE' ) );
#3971 = ORIENTED_EDGE ( 'NONE', *, *, #6018, .T. ) ;
#3972 = STYLED_ITEM ( 'NONE', ( #1369 ), #1324 ) ;
#3973 =( NAMED_UNIT ( * ) PLANE_ANGLE_UNIT ( ) SI_UNIT ( $, .RADIAN. ) );
#3974 = STYLED_ITEM ( 'NONE', ( #1307 ), #5537 ) ;
#3975 = CARTESIAN_POINT ( 'NONE',  ( 12.50000000000000000, -6.183689156484496685, -2.146661974746719714 ) ) ;
#3976 = FILL_AREA_STYLE ('',( #2955 ) ) ;
#3977 = CARTESIAN_POINT ( 'NONE',  ( 3.500000000000000000, -9.449999999999999289, -0.5999999999999987566 ) ) ;
#3978 = FILL_AREA_STYLE_COLOUR ( '', #4351 ) ;
#3979 = LINE ( 'NONE', #1458, #4673 ) ;
#3980 = STYLED_ITEM ( 'NONE', ( #5041 ), #213 ) ;
#3981 = FILL_AREA_STYLE ('',( #1495 ) ) ;
#3982 = SURFACE_SIDE_STYLE ('',( #2888 ) ) ;
#3983 = DIRECTION ( 'NONE',  ( 0.000000000000000000, 0.000000000000000000, 1.000000000000000000 ) ) ;
#3984 = CARTESIAN_POINT ( 'NONE',  ( 12.50000000000000000, 1.625849179933230637, 1.625406433278026030 ) ) ;
#3985 = DIRECTION ( 'NONE',  ( 0.000000000000000000, 0.000000000000000000, 1.000000000000000000 ) ) ;
#3986 = VERTEX_POINT ( 'NONE', #1268 ) ;
#3987 = AXIS2_PLACEMENT_3D ( 'NONE', #6261, #4809, #1367 ) ;
#3988 = EDGE_LOOP ( 'NONE', ( #6049, #1668 ) ) ;
#3989 = PRESENTATION_STYLE_ASSIGNMENT (( #3955 ) ) ;
#3990 = SURFACE_SIDE_STYLE ('',( #121 ) ) ;
#3991 = CARTESIAN_POINT ( 'NONE',  ( 3.500000000000000000, -6.450000000000001066, 3.202066188419760422E-15 ) ) ;
#3992 = SURFACE_STYLE_FILL_AREA ( #91 ) ;
#3993 = MECHANICAL_DESIGN_GEOMETRIC_PRESENTATION_REPRESENTATION (  '', ( #3560 ), #6048 ) ;
#3994 = DIRECTION ( 'NONE',  ( 1.000000000000000000, 0.000000000000000000, 0.000000000000000000 ) ) ;
#3995 = ORIENTED_EDGE ( 'NONE', *, *, #205, .T. ) ;
#3996 = VERTEX_POINT ( 'NONE', #3710 ) ;
#3997 = PRESENTATION_LAYER_ASSIGNMENT (  '', '', ( #811 ) ) ;
#3998 =( NAMED_UNIT ( * ) SI_UNIT ( $, .STERADIAN. ) SOLID_ANGLE_UNIT ( ) );
#3999 =( NAMED_UNIT ( * ) PLANE_ANGLE_UNIT ( ) SI_UNIT ( $, .RADIAN. ) );
#4000 = CIRCLE ( 'NONE', #2341, 1.949999999999999956 ) ;
#4001 =( NAMED_UNIT ( * ) PLANE_ANGLE_UNIT ( ) SI_UNIT ( $, .RADIAN. ) );
#4002 = EDGE_CURVE ( 'NONE', #6318, #4872, #2448, .T. ) ;
#4003 = PLANE ( 'NONE',  #2305 ) ;
#4004 =( NAMED_UNIT ( * ) PLANE_ANGLE_UNIT ( ) SI_UNIT ( $, .RADIAN. ) );
#4005 = ORIENTED_EDGE ( 'NONE', *, *, #57, .F. ) ;
#4006 = CARTESIAN_POINT ( 'NONE',  ( 0.000000000000000000, 1.032974534022752744, 2.221590333990373090 ) ) ;
#4007 = AXIS2_PLACEMENT_3D ( 'NONE', #11, #6041, #5621 ) ;
#4008 = PRESENTATION_LAYER_ASSIGNMENT (  '', '', ( #3575 ) ) ;
#4009 = DIRECTION ( 'NONE',  ( -1.000000000000000000, 0.000000000000000000, 0.000000000000000000 ) ) ;
#4010 = EDGE_CURVE ( 'NONE', #4491, #3348, #3154, .T. ) ;
#4011 = LINE ( 'NONE', #3537, #950 ) ;
#4012 = PRESENTATION_STYLE_ASSIGNMENT (( #2924 ) ) ;
#4013 = CARTESIAN_POINT ( 'NONE',  ( 9.000000000000000000, -5.950000002598847537, -0.2029191250551699577 ) ) ;
#4014 = CARTESIAN_POINT ( 'NONE',  ( 0.000000000000000000, 2.084298718220865876, -1.868384002258182353 ) ) ;
#4015 =( LENGTH_UNIT ( ) NAMED_UNIT ( * ) SI_UNIT ( .MILLI., .METRE. ) );
#4016 = DIRECTION ( 'NONE',  ( 1.000000000000000000, -0.000000000000000000, -0.000000000000000000 ) ) ;
#4017 = STYLED_ITEM ( 'NONE', ( #235 ), #4288 ) ;
#4018 = ORIENTED_EDGE ( 'NONE', *, *, #6302, .F. ) ;
#4019 = ORIENTED_EDGE ( 'NONE', *, *, #4570, .T. ) ;
#4020 = EDGE_CURVE ( 'NONE', #602, #5010, #30, .T. ) ;
#4021 = DIRECTION ( 'NONE',  ( 1.000000000000000000, 0.000000000000000000, 0.000000000000000000 ) ) ;
#4022 = CARTESIAN_POINT ( 'NONE',  ( 9.000000000000001776, -6.449586779610561926, -0.5327245811533067865 ) ) ;
#4023 = CARTESIAN_POINT ( 'NONE',  ( 9.500000000000001776, -2.015728281175274805, 1.924131555431600971 ) ) ;
#4024 = B_SPLINE_CURVE_WITH_KNOTS ( 'NONE', 3,
 ( #6160, #4189, #4821, #3795, #2722, #884 ),
 .UNSPECIFIED., .F., .F.,
 ( 4, 2, 4 ),
 ( 0.000000000000000000, 0.0003905443335554715394, 0.0007810886671109430789 ),
 .UNSPECIFIED. ) ;
#4025 = CARTESIAN_POINT ( 'NONE',  ( 13.00000000000000178, -6.450000000000001066, -2.773391560421764486E-15 ) ) ;
#4026 = ORIENTED_EDGE ( 'NONE', *, *, #4844, .F. ) ;
#4027 = ORIENTED_EDGE ( 'NONE', *, *, #4300, .F. ) ;
#4028 = PRESENTATION_STYLE_ASSIGNMENT (( #35 ) ) ;
#4029 = CARTESIAN_POINT ( 'NONE',  ( 13.00000000000000178, -5.950000002598134330, -0.2028841592017938678 ) ) ;
#4030 =( LENGTH_UNIT ( ) NAMED_UNIT ( * ) SI_UNIT ( .MILLI., .METRE. ) );
#4031 = DIRECTION ( 'NONE',  ( 0.000000000000000000, 0.000000000000000000, -1.000000000000000000 ) ) ;
#4032 = SURFACE_STYLE_USAGE ( .BOTH. , #1239 ) ;
#4033 = CARTESIAN_POINT ( 'NONE',  ( 13.00000000000000178, -1.027922532992818772, -1.657068274445725020 ) ) ;
#4034 = B_SPLINE_CURVE_WITH_KNOTS ( 'NONE', 3,
 ( #2361, #2797, #1332, #895 ),
 .UNSPECIFIED., .F., .F.,
 ( 4, 4 ),
 ( 0.000000000000000000, 1.000000000000000000 ),
 .UNSPECIFIED. ) ;
#4035 = EDGE_LOOP ( 'NONE', ( #2186, #3413, #2710, #5533, #5418, #526 ) ) ;
#4036 = MECHANICAL_DESIGN_GEOMETRIC_PRESENTATION_REPRESENTATION (  '', ( #5996 ), #4441 ) ;
#4037 = EDGE_CURVE ( 'NONE', #5156, #3220, #3072, .T. ) ;
#4038 = UNCERTAINTY_MEASURE_WITH_UNIT (LENGTH_MEASURE( 1.000000000000000082E-05 ), #4413, 'distance_accuracy_value', 'NONE');
#4039 = CARTESIAN_POINT ( 'NONE',  ( 3.000000000000000000, 1.032974534022752744, 2.221590333990373090 ) ) ;
#4040 = CARTESIAN_POINT ( 'NONE',  ( 2.649999999999999467, -2.204364238465235576E-16, 1.800000000000000044 ) ) ;
#4041 = DIRECTION ( 'NONE',  ( -1.000000000000000000, -0.000000000000000000, -0.000000000000000000 ) ) ;
#4042 = CARTESIAN_POINT ( 'NONE',  ( 9.500000000000001776, -6.450000000000001066, -2.544803959115682914E-15 ) ) ;
#4043 = EDGE_CURVE ( 'NONE', #4269, #1000, #5451, .T. ) ;
#4044 = CARTESIAN_POINT ( 'NONE',  ( 9.500000000000001776, -5.950522921043988944, -0.4047728648778093352 ) ) ;
#4045 = MECHANICAL_DESIGN_GEOMETRIC_PRESENTATION_REPRESENTATION (  '', ( #1977 ), #1870 ) ;
#4046 = CARTESIAN_POINT ( 'NONE',  ( 12.50000000000000000, -0.9536012874044283993, 1.700924626390192484 ) ) ;
#4047 = CARTESIAN_POINT ( 'NONE',  ( 12.60000000000000142, 0.000000000000000000, 0.000000000000000000 ) ) ;
#4048 = FILL_AREA_STYLE ('',( #5953 ) ) ;
#4049 = ORIENTED_EDGE ( 'NONE', *, *, #1363, .T. ) ;
#4050 = PRESENTATION_LAYER_ASSIGNMENT (  '', '', ( #1258 ) ) ;
#4051 = ORIENTED_EDGE ( 'NONE', *, *, #824, .T. ) ;
#4052 = DIRECTION ( 'NONE',  ( 1.000000000000000000, 0.000000000000000000, 0.000000000000000000 ) ) ;
#4053 = DIRECTION ( 'NONE',  ( -1.000000000000000000, -0.000000000000000000, -0.000000000000000000 ) ) ;
#4054 = SURFACE_STYLE_FILL_AREA ( #2937 ) ;
#4055 = MECHANICAL_DESIGN_GEOMETRIC_PRESENTATION_REPRESENTATION (  '', ( #5380 ), #964 ) ;
#4056 = CARTESIAN_POINT ( 'NONE',  ( 12.50000000000000000, -2.229069446225947715, -1.210203037993957231 ) ) ;
#4057 = EDGE_LOOP ( 'NONE', ( #994, #674, #3087, #5995 ) ) ;
#4058 = ORIENTED_EDGE ( 'NONE', *, *, #4866, .F. ) ;
#4059 = CARTESIAN_POINT ( 'NONE',  ( 9.000000000000001776, -6.449420405505986054, 0.5663625072016801321 ) ) ;
#4060 = FILL_AREA_STYLE_COLOUR ( '', #1618 ) ;
#4062 = CARTESIAN_POINT ( 'NONE',  ( 0.000000000000000000, 1.032974534022424562, -2.221590333989759358 ) ) ;
#4061 = CIRCLE ( 'NONE', #1484, 1.699999999999999956 ) ;
#4063 = CARTESIAN_POINT ( 'NONE',  ( 3.500000000000000000, 1.425172436802283560, 0.5999999999999994227 ) ) ;
#4064 = AXIS2_PLACEMENT_3D ( 'NONE', #6158, #5133, #1626 ) ;
#4065 = ORIENTED_EDGE ( 'NONE', *, *, #1989, .T. ) ;
#4066 = EDGE_LOOP ( 'NONE', ( #2940, #1335, #5572, #5957 ) ) ;
#4067 =( LENGTH_UNIT ( ) NAMED_UNIT ( * ) SI_UNIT ( .MILLI., .METRE. ) );
#4068 = CARTESIAN_POINT ( 'NONE',  ( 3.500000000000000000, -6.450000000000001066, -4.659395879405089910E-15 ) ) ;
#4069 = STYLED_ITEM ( 'NONE', ( #821 ), #5291 ) ;
#4070 = CARTESIAN_POINT ( 'NONE',  ( 5.264180473273879002E-13, -5.950000000000001954, 0.2028841591310447390 ) ) ;
#4071 = PRESENTATION_LAYER_ASSIGNMENT (  '', '', ( #4173 ) ) ;
#4072 = AXIS2_PLACEMENT_3D ( 'NONE', #6050, #1637, #5632 ) ;
#4073 = CARTESIAN_POINT ( 'NONE',  ( 9.500000000000001776, -5.856555014391710223, 2.390956376934878502 ) ) ;
#4074 = PRESENTATION_STYLE_ASSIGNMENT (( #2549 ) ) ;
#4075 = CARTESIAN_POINT ( 'NONE',  ( 3.000000000000000000, -6.449162802206574341, -0.5999999999999985345 ) ) ;
#4076 = VERTEX_POINT ( 'NONE', #2210 ) ;
#4077 = PRESENTATION_LAYER_ASSIGNMENT (  '', '', ( #5939 ) ) ;
#4078 = ADVANCED_FACE ( 'NONE', ( #3214 ), #4306, .T. ) ;
#4079 = ORIENTED_EDGE ( 'NONE', *, *, #1393, .T. ) ;
#4080 = VECTOR ( 'NONE', #4242, 1000.000000000000000 ) ;
#4081 = CARTESIAN_POINT ( 'NONE',  ( 0.000000000000000000, 1.967225567140176379, 2.339277364078295562 ) ) ;
#4082 = CARTESIAN_POINT ( 'NONE',  ( 13.00000000000000178, -5.949181936419980055, -0.6000000000000005329 ) ) ;
#4083 = UNCERTAINTY_MEASURE_WITH_UNIT (LENGTH_MEASURE( 1.000000000000000082E-05 ), #5993, 'distance_accuracy_value', 'NONE');
#4084 =( NAMED_UNIT ( * ) SI_UNIT ( $, .STERADIAN. ) SOLID_ANGLE_UNIT ( ) );
#4085 = UNCERTAINTY_MEASURE_WITH_UNIT (LENGTH_MEASURE( 1.000000000000000082E-05 ), #2277, 'distance_accuracy_value', 'NONE');
#4086 = DIRECTION ( 'NONE',  ( 0.000000000000000000, 0.000000000000000000, -1.000000000000000000 ) ) ;
#4087 = ORIENTED_EDGE ( 'NONE', *, *, #4816, .T. ) ;
#4088 = ADVANCED_FACE ( 'NONE', ( #4581 ), #3523, .F. ) ;
#4089 = VERTEX_POINT ( 'NONE', #5234 ) ;
#4090 = CARTESIAN_POINT ( 'NONE',  ( 9.500000000000001776, -3.416280893695002430, -2.317750945014162234 ) ) ;
#4091 = ADVANCED_FACE ( 'NONE', ( #2770 ), #3277, .T. ) ;
#4092 = PRESENTATION_STYLE_ASSIGNMENT (( #4523 ) ) ;
#4093 = B_SPLINE_CURVE_WITH_KNOTS ( 'NONE', 3,
 ( #2712, #5696, #2775, #4682, #5209, #313 ),
 .UNSPECIFIED., .F., .F.,
 ( 4, 2, 4 ),
 ( 0.000000000000000000, 0.0003905443335554717021, 0.0007810886671109434042 ),
 .UNSPECIFIED. ) ;
#4094 = VECTOR ( 'NONE', #2713, 1000.000000000000000 ) ;
#4095 = ORIENTED_EDGE ( 'NONE', *, *, #5729, .T. ) ;
#4096 = SURFACE_SIDE_STYLE ('',( #3531 ) ) ;
#4097 = ORIENTED_EDGE ( 'NONE', *, *, #4547, .F. ) ;
#4098 = B_SPLINE_CURVE_WITH_KNOTS ( 'NONE', 3,
 ( #450, #3310, #1843, #5298 ),
 .UNSPECIFIED., .F., .F.,
 ( 4, 4 ),
 ( 0.000000000000000000, 0.8380104049718442027 ),
 .UNSPECIFIED. ) ;
#4099 = CARTESIAN_POINT ( 'NONE',  ( 9.500000000000001776, 0.8231422074094449925, -1.767749107305984557 ) ) ;
#4100 = DIRECTION ( 'NONE',  ( -1.000000000000000000, 0.000000000000000000, 0.000000000000000000 ) ) ;
#4101 = PRESENTATION_STYLE_ASSIGNMENT (( #2721 ) ) ;
#4102 = DIRECTION ( 'NONE',  ( 1.000000000000000000, -0.000000000000000000, 0.000000000000000000 ) ) ;
#4103 = FILL_AREA_STYLE_COLOUR ( '', #2596 ) ;
#4104 = PRESENTATION_LAYER_ASSIGNMENT (  '', '', ( #319 ) ) ;
#4105 = CARTESIAN_POINT ( 'NONE',  ( -0.4999999999992104094, -5.950000002598486937, 0.2028841592017904261 ) ) ;
#4106 = PRESENTATION_STYLE_ASSIGNMENT (( #667 ) ) ;
#4107 =( GEOMETRIC_REPRESENTATION_CONTEXT ( 3 ) GLOBAL_UNCERTAINTY_ASSIGNED_CONTEXT ( ( #4897 ) ) GLOBAL_UNIT_ASSIGNED_CONTEXT ( ( #3257, #6262, #2867 ) ) REPRESENTATION_CONTEXT ( 'NONE', 'WORKASPACE' ) );
#4108 = SURFACE_SIDE_STYLE ('',( #6073 ) ) ;
#4109 = EDGE_LOOP ( 'NONE', ( #1947, #4913, #243, #4151, #5157 ) ) ;
#4110 = ORIENTED_EDGE ( 'NONE', *, *, #3803, .F. ) ;
#4111 = CARTESIAN_POINT ( 'NONE',  ( 3.000000000000000000, -5.303916665296943833, -2.424131555431610963 ) ) ;
#4112 = DIRECTION ( 'NONE',  ( 0.000000000000000000, 0.000000000000000000, 1.000000000000000000 ) ) ;
#4113 = FILL_AREA_STYLE ('',( #2644 ) ) ;
#4114 = ADVANCED_FACE ( 'NONE', ( #4867 ), #3879, .T. ) ;
#4115 = CARTESIAN_POINT ( 'NONE',  ( 12.50000000000000000, -6.450000000000001066, -2.544803959115682914E-15 ) ) ;
#4116 = AXIS2_PLACEMENT_3D ( 'NONE', #920, #3301, #410 ) ;
#4117 = DIRECTION ( 'NONE',  ( -1.000000000000000000, 0.000000000000000000, 0.000000000000000000 ) ) ;
#4118 = ORIENTED_EDGE ( 'NONE', *, *, #785, .F. ) ;
#4119 = VERTEX_POINT ( 'NONE', #2072 ) ;
#4120 = EDGE_CURVE ( 'NONE', #4641, #1281, #2048, .T. ) ;
#4121 = DIRECTION ( 'NONE',  ( 0.000000000000000000, 0.000000000000000000, 1.000000000000000000 ) ) ;
#4122 = DIRECTION ( 'NONE',  ( 0.000000000000000000, -1.000000000000000000, 6.193993248405337552E-17 ) ) ;
#4123 = VERTEX_POINT ( 'NONE', #3479 ) ;
#4124 = FILL_AREA_STYLE_COLOUR ( '', #2696 ) ;
#4125 = ORIENTED_EDGE ( 'NONE', *, *, #4613, .T. ) ;
#4126 = CARTESIAN_POINT ( 'NONE',  ( 9.500000000000001776, 0.000000000000000000, 0.000000000000000000 ) ) ;
#4127 = CARTESIAN_POINT ( 'NONE',  ( 12.50000000000000000, -6.449446395972437962, 0.5596091947258452493 ) ) ;
#4128 = CARTESIAN_POINT ( 'NONE',  ( 0.000000000000000000, -1.168370712318658855, -2.153464622092449154 ) ) ;
#4129 = EDGE_CURVE ( 'NONE', #843, #1475, #5660, .T. ) ;
#4130 =( LENGTH_UNIT ( ) NAMED_UNIT ( * ) SI_UNIT ( .MILLI., .METRE. ) );
#4131 = FACE_OUTER_BOUND ( 'NONE', #1098, .T. ) ;
#4132 = SURFACE_STYLE_FILL_AREA ( #2201 ) ;
#4133 = PRESENTATION_LAYER_ASSIGNMENT (  '', '', ( #6193 ) ) ;
#4134 = FACE_OUTER_BOUND ( 'NONE', #2184, .T. ) ;
#4135 = ORIENTED_EDGE ( 'NONE', *, *, #5335, .F. ) ;
#4136 = ORIENTED_EDGE ( 'NONE', *, *, #621, .F. ) ;
#4137 = PRESENTATION_LAYER_ASSIGNMENT (  '', '', ( #3608 ) ) ;
#4138 = CARTESIAN_POINT ( 'NONE',  ( 11.85000000000000142, 0.000000000000000000, 0.000000000000000000 ) ) ;
#4139 = FILL_AREA_STYLE_COLOUR ( '', #928 ) ;
#4140 = CARTESIAN_POINT ( 'NONE',  ( 8.100000000000001421, 2.204364238465235576E-16, 1.800000000000000044 ) ) ;
#4141 = ORIENTED_EDGE ( 'NONE', *, *, #4575, .T. ) ;
#4142 = ORIENTED_EDGE ( 'NONE', *, *, #4425, .T. ) ;
#4143 = CYLINDRICAL_SURFACE ( 'NONE', #5937, 1.800000000000000044 ) ;
#4144 = SURFACE_SIDE_STYLE ('',( #5732 ) ) ;
#4145 = SURFACE_SIDE_STYLE ('',( #3655 ) ) ;
#4146 = CARTESIAN_POINT ( 'NONE',  ( 12.50000000000000000, -1.168370712318658855, 2.153464622092449154 ) ) ;
#4147 = EDGE_CURVE ( 'NONE', #4424, #4123, #134, .T. ) ;
#4148 = CIRCLE ( 'NONE', #6209, 2.450000000002283684 ) ;
#4149 = UNCERTAINTY_MEASURE_WITH_UNIT (LENGTH_MEASURE( 1.000000000000000082E-05 ), #3856, 'distance_accuracy_value', 'NONE');
#4150 = EDGE_CURVE ( 'NONE', #5301, #2698, #1435, .T. ) ;
#4151 = ORIENTED_EDGE ( 'NONE', *, *, #962, .T. ) ;
#4152 = ORIENTED_EDGE ( 'NONE', *, *, #722, .F. ) ;
#4153 = DIRECTION ( 'NONE',  ( 0.000000000000000000, 0.000000000000000000, 1.000000000000000000 ) ) ;
#4154 = STYLED_ITEM ( 'NONE', ( #3317 ), #3027 ) ;
#4155 = DIRECTION ( 'NONE',  ( 0.000000000000000000, 0.000000000000000000, -1.000000000000000000 ) ) ;
#4156 = PRESENTATION_STYLE_ASSIGNMENT (( #5102 ) ) ;
#4157 = FACE_OUTER_BOUND ( 'NONE', #613, .T. ) ;
#4158 = CARTESIAN_POINT ( 'NONE',  ( 0.000000000000000000, -1.230077907822999972, -2.128893911333789912 ) ) ;
#4159 = EDGE_CURVE ( 'NONE', #1088, #807, #830, .T. ) ;
#4160 = CIRCLE ( 'NONE', #2902, 0.2500000000000000555 ) ;
#4161 = CARTESIAN_POINT ( 'NONE',  ( 12.50000000000000000, 1.425172436802283782, -1.660992101785016217 ) ) ;
#4162 =( NAMED_UNIT ( * ) PLANE_ANGLE_UNIT ( ) SI_UNIT ( $, .RADIAN. ) );
#4163 = AXIS2_PLACEMENT_3D ( 'NONE', #349, #1747, #381 ) ;
#4164 = SURFACE_SIDE_STYLE ('',( #4132 ) ) ;
#4165 = CARTESIAN_POINT ( 'NONE',  ( 9.500000000000001776, 1.625849179933230415, -1.625406433278026475 ) ) ;
#4166 = SURFACE_SIDE_STYLE ('',( #6133 ) ) ;
#4167 = VERTEX_POINT ( 'NONE', #1596 ) ;
#4168 = AXIS2_PLACEMENT_3D ( 'NONE', #2742, #2299, #4201 ) ;
#4169 = COLOUR_RGB ( '',0.9372549019607843146, 0.8823529411764705621, 0.8823529411764705621 ) ;
#4170 = ORIENTED_EDGE ( 'NONE', *, *, #1315, .F. ) ;
#4171 = CARTESIAN_POINT ( 'NONE',  ( 3.000000000000000000, -1.732354142640875505, -2.008456984256251410 ) ) ;
#4172 = SURFACE_STYLE_FILL_AREA ( #5776 ) ;
#4173 = STYLED_ITEM ( 'NONE', ( #3148 ), #1531 ) ;
#4174 =( NAMED_UNIT ( * ) SI_UNIT ( $, .STERADIAN. ) SOLID_ANGLE_UNIT ( ) );
#4175 = CARTESIAN_POINT ( 'NONE',  ( 9.500000000000001776, 1.850152416059487548, 2.310170725897712884 ) ) ;
#4176 = CARTESIAN_POINT ( 'NONE',  ( 12.50000000000000000, -5.949181936419980055, 0.5999999999999989786 ) ) ;
#4177 = ORIENTED_EDGE ( 'NONE', *, *, #4805, .F. ) ;
#4178 = ORIENTED_EDGE ( 'NONE', *, *, #3714, .F. ) ;
#4179 = CYLINDRICAL_SURFACE ( 'NONE', #2815, 2.450000000001589129 ) ;
#4180 = FILL_AREA_STYLE_COLOUR ( '', #5733 ) ;
#4181 =( NAMED_UNIT ( * ) PLANE_ANGLE_UNIT ( ) SI_UNIT ( $, .RADIAN. ) );
#4182 = DIRECTION ( 'NONE',  ( 0.000000000000000000, 0.000000000000000000, -1.000000000000000000 ) ) ;
#4183 = EDGE_LOOP ( 'NONE', ( #3581, #4982, #656, #2682 ) ) ;
#4184 =( GEOMETRIC_REPRESENTATION_CONTEXT ( 3 ) GLOBAL_UNCERTAINTY_ASSIGNED_CONTEXT ( ( #6303 ) ) GLOBAL_UNIT_ASSIGNED_CONTEXT ( ( #5582, #3618, #5026 ) ) REPRESENTATION_CONTEXT ( 'NONE', 'WORKASPACE' ) );
#4185 = CARTESIAN_POINT ( 'NONE',  ( 3.000000000000000000, -2.761679942142205579, 2.209572282996751014 ) ) ;
#4186 = ADVANCED_FACE ( 'NONE', ( #3541 ), #2040, .F. ) ;
#4187 = FACE_OUTER_BOUND ( 'NONE', #6055, .T. ) ;
#4188 = AXIS2_PLACEMENT_3D ( 'NONE', #616, #2181, #3550 ) ;
#4189 = CARTESIAN_POINT ( 'NONE',  ( 3.132055800485086916, -5.949181936419979166, -0.5999999999999992006 ) ) ;
#4190 = CARTESIAN_POINT ( 'NONE',  ( -0.1000000000000011297, 0.000000000000000000, 0.1550331274601050857 ) ) ;
#4191 = EDGE_CURVE ( 'NONE', #3107, #2745, #5865, .T. ) ;
#4192 = PRESENTATION_LAYER_ASSIGNMENT (  '', '', ( #614 ) ) ;
#4193 = SURFACE_STYLE_USAGE ( .BOTH. , #4164 ) ;
#4194 = CARTESIAN_POINT ( 'NONE',  ( 0.000000000000000000, -0.2160022778819082334, 1.027948851782856332 ) ) ;
#4195 = ORIENTED_EDGE ( 'NONE', *, *, #1399, .T. ) ;
#4196 = ORIENTED_EDGE ( 'NONE', *, *, #3468, .T. ) ;
#4197 = STYLED_ITEM ( 'NONE', ( #5530 ), #3553 ) ;
#4198 = FILL_AREA_STYLE ('',( #4637 ) ) ;
#4199 = DIRECTION ( 'NONE',  ( 0.000000000000000000, 0.000000000000000000, 1.000000000000000000 ) ) ;
#4200 = PRESENTATION_STYLE_ASSIGNMENT (( #2241 ) ) ;
#4201 = DIRECTION ( 'NONE',  ( 0.000000000000000000, 0.000000000000000000, -1.000000000000000000 ) ) ;
#4202 = CARTESIAN_POINT ( 'NONE',  ( 0.000000000000000000, -6.450574693421724959, -0.4911150690505905470 ) ) ;
#4203 = COLOUR_RGB ( '',0.9372549019607843146, 0.8823529411764705621, 0.8823529411764705621 ) ;
#4204 = ORIENTED_EDGE ( 'NONE', *, *, #15, .T. ) ;
#4205 = EDGE_CURVE ( 'NONE', #176, #955, #48, .T. ) ;
#4206 = ORIENTED_EDGE ( 'NONE', *, *, #98, .F. ) ;
#4207 = AXIS2_PLACEMENT_3D ( 'NONE', #1944, #1075, #2485 ) ;
#4208 = FILL_AREA_STYLE_COLOUR ( '', #2616 ) ;
#4209 = FILL_AREA_STYLE ('',( #3255 ) ) ;
#4210 =( LENGTH_UNIT ( ) NAMED_UNIT ( * ) SI_UNIT ( .MILLI., .METRE. ) );
#4211 = SURFACE_STYLE_FILL_AREA ( #280 ) ;
#4212 = CARTESIAN_POINT ( 'NONE',  ( 3.499999999999999556, -6.317137750622355163, 0.6000000000000009770 ) ) ;
#4213 = PRESENTATION_LAYER_ASSIGNMENT (  '', '', ( #4017 ) ) ;
#4214 = ORIENTED_EDGE ( 'NONE', *, *, #698, .T. ) ;
#4215 = DIRECTION ( 'NONE',  ( -1.000000000000000000, 0.000000000000000000, 0.000000000000000000 ) ) ;
#4216 = SURFACE_SIDE_STYLE ('',( #3234 ) ) ;
#4217 = DIRECTION ( 'NONE',  ( 0.000000000000000000, 0.000000000000000000, -1.000000000000000000 ) ) ;
#4218 =( LENGTH_UNIT ( ) NAMED_UNIT ( * ) SI_UNIT ( .MILLI., .METRE. ) );
#4219 = CARTESIAN_POINT ( 'NONE',  ( 4.399999999999999467, 1.836970198721030181E-16, 1.500000000000000222 ) ) ;
#4220 = CARTESIAN_POINT ( 'NONE',  ( -0.5000000000000000000, -0.2160022778819082334, 0.3979136807316022151 ) ) ;
#4221 = LINE ( 'NONE', #3799, #2584 ) ;
#4222 = DIRECTION ( 'NONE',  ( 1.000000000000000000, -0.000000000000000000, -0.000000000000000000 ) ) ;
#4223 = EDGE_CURVE ( 'NONE', #2085, #4990, #211, .T. ) ;
#4224 = DIRECTION ( 'NONE',  ( -1.000000000000000000, -0.000000000000000000, -0.000000000000000000 ) ) ;
#4225 = DIRECTION ( 'NONE',  ( 0.000000000000000000, 0.000000000000000000, 1.000000000000000000 ) ) ;
#4226 = PLANE ( 'NONE',  #5736 ) ;
#4227 = CARTESIAN_POINT ( 'NONE',  ( 0.000000000000000000, -5.949157289289019879, -0.6035541714844818717 ) ) ;
#4228 = VERTEX_POINT ( 'NONE', #1019 ) ;
#4229 = B_SPLINE_CURVE_WITH_KNOTS ( 'NONE', 3,
 ( #286, #5617, #1192, #3598, #2572, #3128, #2226, #4185, #3569, #5556, #1714, #6154, #5130 ),
 .UNSPECIFIED., .F., .F.,
 ( 4, 1, 1, 1, 1, 1, 1, 1, 1, 1, 4 ),
 ( 0.007813538992011093143, 0.06982519280501031655, 0.1318368466180096510, 0.2558601542440082088, 0.3798834618700068777, 0.5039067694960055466, 0.6279300771220042154, 0.7519533847480027733, 0.8759766923740013311, 0.9379883461870006656, 1.000000000000000000 ),
 .UNSPECIFIED. ) ;
#4230 = ORIENTED_EDGE ( 'NONE', *, *, #2459, .T. ) ;
#4231 = B_SPLINE_CURVE_WITH_KNOTS ( 'NONE', 3,
 ( #6042, #1687, #5135, #2632, #5653, #5591, #5526, #6127, #2197, #3046, #639, #1717, #3573 ),
 .UNSPECIFIED., .F., .F.,
 ( 4, 1, 1, 1, 1, 1, 1, 1, 1, 1, 4 ),
 ( 0.007813538992001545225, 0.06982519280500143477, 0.1318368466180013243, 0.2558601542440011034, 0.3798834618700008825, 0.5039067694960007726, 0.6279300771220005517, 0.7519533847480003308, 0.8759766923740001099, 0.9379883461869999994, 0.9999999999999998890 ),
 .UNSPECIFIED. ) ;
#4232 = FILL_AREA_STYLE ('',( #810 ) ) ;
#4233 = CARTESIAN_POINT ( 'NONE',  ( 9.000000000000001776, 1.425172436802283560, 0.5999999999999989786 ) ) ;
#4234 = STYLED_ITEM ( 'NONE', ( #5231 ), #2265 ) ;
#4235 = DIRECTION ( 'NONE',  ( -1.000000000000000000, -0.000000000000000000, -0.000000000000000000 ) ) ;
#4236 = UNCERTAINTY_MEASURE_WITH_UNIT (LENGTH_MEASURE( 1.000000000000000082E-05 ), #1998, 'distance_accuracy_value', 'NONE');
#4237 = EDGE_CURVE ( 'NONE', #5301, #3683, #550, .T. ) ;
#4238 = LINE ( 'NONE', #4277, #4745 ) ;
#4239 = ORIENTED_EDGE ( 'NONE', *, *, #1199, .T. ) ;
#4240 = CIRCLE ( 'NONE', #664, 1.949999999999999956 ) ;
#4241 = SURFACE_STYLE_FILL_AREA ( #432 ) ;
#4242 = DIRECTION ( 'NONE',  ( 1.000000000000000000, -0.000000000000000000, -0.000000000000000000 ) ) ;
#4243 =( NAMED_UNIT ( * ) PLANE_ANGLE_UNIT ( ) SI_UNIT ( $, .RADIAN. ) );
#4244 = FILL_AREA_STYLE ('',( #6269 ) ) ;
#4245 = PRESENTATION_LAYER_ASSIGNMENT (  '', '', ( #3415 ) ) ;
#4246 = CARTESIAN_POINT ( 'NONE',  ( 11.85000000000000142, 0.000000000000000000, 0.000000000000000000 ) ) ;
#4247 = LINE ( 'NONE', #6217, #4080 ) ;
#4248 = CARTESIAN_POINT ( 'NONE',  ( 3.000000000000000000, 1.205463676329423306, -1.591861468293961135 ) ) ;
#4249 =( GEOMETRIC_REPRESENTATION_CONTEXT ( 3 ) GLOBAL_UNCERTAINTY_ASSIGNED_CONTEXT ( ( #4518 ) ) GLOBAL_UNIT_ASSIGNED_CONTEXT ( ( #348, #3794, #4341 ) ) REPRESENTATION_CONTEXT ( 'NONE', 'WORKASPACE' ) );
#4250 = CARTESIAN_POINT ( 'NONE',  ( 3.000000000000000000, 1.769344485267118738, 2.267342643550368297 ) ) ;
#4251 = SURFACE_SIDE_STYLE ('',( #3363 ) ) ;
#4252 = CARTESIAN_POINT ( 'NONE',  ( 0.000000000000000000, 2.084298718221028857, 1.868384002257875043 ) ) ;
#4253 =( GEOMETRIC_REPRESENTATION_CONTEXT ( 3 ) GLOBAL_UNCERTAINTY_ASSIGNED_CONTEXT ( ( #137 ) ) GLOBAL_UNIT_ASSIGNED_CONTEXT ( ( #5148, #2705, #3562 ) ) REPRESENTATION_CONTEXT ( 'NONE', 'WORKASPACE' ) );
#4254 = LINE ( 'NONE', #5749, #872 ) ;
#4255 = ORIENTED_EDGE ( 'NONE', *, *, #1442, .T. ) ;
#4256 = UNCERTAINTY_MEASURE_WITH_UNIT (LENGTH_MEASURE( 1.000000000000000082E-05 ), #1565, 'distance_accuracy_value', 'NONE');
#4257 =( GEOMETRIC_REPRESENTATION_CONTEXT ( 3 ) GLOBAL_UNCERTAINTY_ASSIGNED_CONTEXT ( ( #3875 ) ) GLOBAL_UNIT_ASSIGNED_CONTEXT ( ( #5679, #2263, #5282 ) ) REPRESENTATION_CONTEXT ( 'NONE', 'WORKASPACE' ) );
#4258 = SURFACE_SIDE_STYLE ('',( #1941 ) ) ;
#4259 = DIRECTION ( 'NONE',  ( 0.000000000000000000, 0.000000000000000000, -1.000000000000000000 ) ) ;
#4260 = CARTESIAN_POINT ( 'NONE',  ( 9.500000000000001776, -4.153955876093410993, -2.386934677901304980 ) ) ;
#4261 = PRESENTATION_STYLE_ASSIGNMENT (( #2889 ) ) ;
#4262 =( NAMED_UNIT ( * ) SI_UNIT ( $, .STERADIAN. ) SOLID_ANGLE_UNIT ( ) );
#4263 = ADVANCED_FACE ( 'NONE', ( #4665 ), #574, .F. ) ;
#4264 = CARTESIAN_POINT ( 'NONE',  ( 13.00000000000000178, -5.901127389735865592, 1.472889527321850522 ) ) ;
#4265 = ORIENTED_EDGE ( 'NONE', *, *, #3954, .T. ) ;
#4266 =( GEOMETRIC_REPRESENTATION_CONTEXT ( 3 ) GLOBAL_UNCERTAINTY_ASSIGNED_CONTEXT ( ( #4582 ) ) GLOBAL_UNIT_ASSIGNED_CONTEXT ( ( #461, #2500, #3998 ) ) REPRESENTATION_CONTEXT ( 'NONE', 'WORKASPACE' ) );
#4267 = PRESENTATION_LAYER_ASSIGNMENT (  '', '', ( #3854 ) ) ;
#4268 = CARTESIAN_POINT ( 'NONE',  ( 0.000000000000000000, 0.03649346519878907125, 2.449728194515685686 ) ) ;
#4269 = VERTEX_POINT ( 'NONE', #174 ) ;
#4270 = VECTOR ( 'NONE', #618, 1000.000000000000000 ) ;
#4271 = DIRECTION ( 'NONE',  ( 0.000000000000000000, 0.000000000000000000, -1.000000000000000000 ) ) ;
#4272 = AXIS2_PLACEMENT_3D ( 'NONE', #4361, #5855, #1178 ) ;
#4273 = DIRECTION ( 'NONE',  ( 0.000000000000000000, -1.000000000000000000, 0.000000000000000000 ) ) ;
#4274 = CARTESIAN_POINT ( 'NONE',  ( 0.000000000000000000, -4.869898583757766630, 2.418288910156850768 ) ) ;
#4275 = ADVANCED_FACE ( 'NONE', ( #5163 ), #5073, .T. ) ;
#4276 =( LENGTH_UNIT ( ) NAMED_UNIT ( * ) SI_UNIT ( .MILLI., .METRE. ) );
#4277 = CARTESIAN_POINT ( 'NONE',  ( 9.500000000000001776, 1.967225567140176379, -2.339277364078295562 ) ) ;
#4278 = TOROIDAL_SURFACE ( 'NONE', #3440, 1.950000000002283684, 0.5000000000000000000 ) ;
#4279 = STYLED_ITEM ( 'NONE', ( #1355 ), #5951 ) ;
#4280 = ORIENTED_EDGE ( 'NONE', *, *, #1541, .F. ) ;
#4281 = DIRECTION ( 'NONE',  ( 1.000000000000000000, 0.000000000000000000, 0.000000000000000000 ) ) ;
#4282 = DIRECTION ( 'NONE',  ( 0.000000000000000000, 0.000000000000000000, -1.000000000000000000 ) ) ;
#4283 = FILL_AREA_STYLE ('',( #1831 ) ) ;
#4284 = CARTESIAN_POINT ( 'NONE',  ( 12.50000000000000000, -5.856555014391969571, -2.390956376935549965 ) ) ;
#4285 = FILL_AREA_STYLE ('',( #854 ) ) ;
#4286 = VECTOR ( 'NONE', #1606, 1000.000000000000000 ) ;
#4287 =( NAMED_UNIT ( * ) PLANE_ANGLE_UNIT ( ) SI_UNIT ( $, .RADIAN. ) );
#4288 = ADVANCED_FACE ( 'NONE', ( #669 ), #201, .T. ) ;
#4289 = MECHANICAL_DESIGN_GEOMETRIC_PRESENTATION_REPRESENTATION (  '', ( #909 ), #3766 ) ;
#4290 = SURFACE_STYLE_FILL_AREA ( #4666 ) ;
#4291 = ORIENTED_EDGE ( 'NONE', *, *, #891, .T. ) ;
#4292 = PRESENTATION_LAYER_ASSIGNMENT (  '', '', ( #713 ) ) ;
#4293 = CIRCLE ( 'NONE', #2543, 0.2500000000003476108 ) ;
#4294 = DIRECTION ( 'NONE',  ( -1.000000000000000000, 0.000000000000000000, 0.000000000000000000 ) ) ;
#4295 = CARTESIAN_POINT ( 'NONE',  ( 9.500000000000001776, -1.558319229584445020, -2.027625431479605389 ) ) ;
#4296 = CARTESIAN_POINT ( 'NONE',  ( 0.000000000000000000, -5.950548207513795873, -0.4048751279080054499 ) ) ;
#4297 = LINE ( 'NONE', #4771, #82 ) ;
#4298 = ORIENTED_EDGE ( 'NONE', *, *, #57, .T. ) ;
#4299 = EDGE_LOOP ( 'NONE', ( #4526, #4878, #1467, #1263, #6152, #4941 ) ) ;
#4300 = EDGE_CURVE ( 'NONE', #4167, #4089, #3585, .T. ) ;
#4301 = DIRECTION ( 'NONE',  ( 1.000000000000000000, -0.000000000000000000, -0.000000000000000000 ) ) ;
#4302 = FILL_AREA_STYLE ('',( #2778 ) ) ;
#4303 = SURFACE_STYLE_FILL_AREA ( #371 ) ;
#4304 =( NAMED_UNIT ( * ) SI_UNIT ( $, .STERADIAN. ) SOLID_ANGLE_UNIT ( ) );
#4305 = ORIENTED_EDGE ( 'NONE', *, *, #5264, .F. ) ;
#4306 = TOROIDAL_SURFACE ( 'NONE', #2259, 1.699999999999999956, 0.2500000000000000000 ) ;
#4307 = FACE_OUTER_BOUND ( 'NONE', #4622, .T. ) ;
#4308 = CARTESIAN_POINT ( 'NONE',  ( 9.500000000000001776, 1.769344485267118738, -2.267342643550368297 ) ) ;
#4309 = PRESENTATION_LAYER_ASSIGNMENT (  '', '', ( #1032 ) ) ;
#4310 = CARTESIAN_POINT ( 'NONE',  ( 3.000000000000000000, 1.425172436802283782, 1.660992101785016217 ) ) ;
#4311 = CARTESIAN_POINT ( 'NONE',  ( 12.50000000000000000, -6.449162802206574341, 0.5999999999999989786 ) ) ;
#4312 = DIRECTION ( 'NONE',  ( -1.000000000000000000, -0.000000000000000000, -0.000000000000000000 ) ) ;
#4313 = ORIENTED_EDGE ( 'NONE', *, *, #6294, .T. ) ;
#4314 = SURFACE_SIDE_STYLE ('',( #3370 ) ) ;
#4315 = UNCERTAINTY_MEASURE_WITH_UNIT (LENGTH_MEASURE( 1.000000000000000082E-05 ), #2760, 'distance_accuracy_value', 'NONE');
#4316 =( NAMED_UNIT ( * ) SI_UNIT ( $, .STERADIAN. ) SOLID_ANGLE_UNIT ( ) );
#4317 = DIRECTION ( 'NONE',  ( 0.000000000000000000, -1.000000000000000000, 1.858197974521601635E-16 ) ) ;
#4318 = CARTESIAN_POINT ( 'NONE',  ( 3.000000000000000000, -2.015728281175281911, 1.924131555431599194 ) ) ;
#4319 =( NAMED_UNIT ( * ) SI_UNIT ( $, .STERADIAN. ) SOLID_ANGLE_UNIT ( ) );
#4320 = CARTESIAN_POINT ( 'NONE',  ( 9.500000000000001776, -6.450368985389946630, 0.3720377589585568412 ) ) ;
#4321 = DIRECTION ( 'NONE',  ( 0.000000000000000000, 0.000000000000000000, 1.000000000000000000 ) ) ;
#4322 = CARTESIAN_POINT ( 'NONE',  ( 12.50000000000000000, -5.950000000000000178, 7.286648454926751965E-16 ) ) ;
#4323 = CARTESIAN_POINT ( 'NONE',  ( -0.5000000000000000000, -5.949157289289019879, -0.6035541714844818717 ) ) ;
#4324 = CARTESIAN_POINT ( 'NONE',  ( 0.000000000000000000, -5.856555014391969571, 2.390956376935549965 ) ) ;
#4325 = EDGE_LOOP ( 'NONE', ( #5784, #2617 ) ) ;
#4326 =( LENGTH_UNIT ( ) NAMED_UNIT ( * ) SI_UNIT ( .MILLI., .METRE. ) );
#4327 = ORIENTED_EDGE ( 'NONE', *, *, #2654, .F. ) ;
#4328 =( LENGTH_UNIT ( ) NAMED_UNIT ( * ) SI_UNIT ( .MILLI., .METRE. ) );
#4329 = FACE_OUTER_BOUND ( 'NONE', #1205, .T. ) ;
#4330 =( LENGTH_UNIT ( ) NAMED_UNIT ( * ) SI_UNIT ( .MILLI., .METRE. ) );
#4331 = CARTESIAN_POINT ( 'NONE',  ( 0.000000000000000000, -1.558319229584445020, 2.027625431479605389 ) ) ;
#4332 =( NAMED_UNIT ( * ) SI_UNIT ( $, .STERADIAN. ) SOLID_ANGLE_UNIT ( ) );
#4333 = FILL_AREA_STYLE_COLOUR ( '', #561 ) ;
#4334 = AXIS2_PLACEMENT_3D ( 'NONE', #146, #5110, #6132 ) ;
#4335 = EDGE_CURVE ( 'NONE', #2506, #955, #1329, .T. ) ;
#4336 = ORIENTED_EDGE ( 'NONE', *, *, #2240, .F. ) ;
#4337 = AXIS2_PLACEMENT_3D ( 'NONE', #5525, #5039, #4182 ) ;
#4338 = PRESENTATION_STYLE_ASSIGNMENT (( #433 ) ) ;
#4339 = EDGE_CURVE ( 'NONE', #510, #4489, #3767, .T. ) ;
#4340 = EDGE_CURVE ( 'NONE', #3746, #1540, #139, .T. ) ;
#4341 =( NAMED_UNIT ( * ) SI_UNIT ( $, .STERADIAN. ) SOLID_ANGLE_UNIT ( ) );
#4342 = FILL_AREA_STYLE ('',( #436 ) ) ;
#4343 = VERTEX_POINT ( 'NONE', #2731 ) ;
#4344 = CARTESIAN_POINT ( 'NONE',  ( 0.000000000000000000, -6.449162802238361358, 0.6000000000000006439 ) ) ;
#4345 = PRESENTATION_LAYER_ASSIGNMENT (  '', '', ( #3195 ) ) ;
#4346 =( NAMED_UNIT ( * ) SI_UNIT ( $, .STERADIAN. ) SOLID_ANGLE_UNIT ( ) );
#4347 = B_SPLINE_SURFACE_WITH_KNOTS ( 'NONE', 3, 1, ( 
 ( #2762, #4734 ),
 ( #4250, #1323 ),
 ( #1807, #3269 ),
 ( #6246, #3299 ),
 ( #4960, #2983 ),
 ( #2539, #138 ),
 ( #4039, #4006 ) ),
 .UNSPECIFIED., .F., .F., .F.,
 ( 4, 1, 1, 1, 4 ),
 ( 2, 2 ),
 ( 0.001225663607338614829, 0.2509192477055039450, 0.5006128318036693337, 0.7503064159018346668, 1.000000000000000000 ),
 ( 0.000000000000000000, 1.000000000000000000 ),
 .UNSPECIFIED. ) ;
#4348 = EDGE_CURVE ( 'NONE', #3514, #301, #5956, .T. ) ;
#4349 = PRESENTATION_STYLE_ASSIGNMENT (( #5802 ) ) ;
#4350 = CARTESIAN_POINT ( 'NONE',  ( 9.000000000000001776, -9.449999999999999289, 0.5999999999999987566 ) ) ;
#4351 = COLOUR_RGB ( '',0.9372549019607843146, 0.8823529411764705621, 0.8823529411764705621 ) ;
#4352 = PRESENTATION_STYLE_ASSIGNMENT (( #2385 ) ) ;
#4353 = CARTESIAN_POINT ( 'NONE',  ( -0.5000000000000002220, -1.064440354695364688, 1.786135902123084707 ) ) ;
#4354 = CARTESIAN_POINT ( 'NONE',  ( 9.500000000000001776, -5.950000000000000178, 7.286648454926751965E-16 ) ) ;
#4355 = PRESENTATION_STYLE_ASSIGNMENT (( #1874 ) ) ;
#4356 =( GEOMETRIC_REPRESENTATION_CONTEXT ( 3 ) GLOBAL_UNCERTAINTY_ASSIGNED_CONTEXT ( ( #2082 ) ) GLOBAL_UNIT_ASSIGNED_CONTEXT ( ( #791, #5562, #665 ) ) REPRESENTATION_CONTEXT ( 'NONE', 'WORKASPACE' ) );
#4357 =( NAMED_UNIT ( * ) PLANE_ANGLE_UNIT ( ) SI_UNIT ( $, .RADIAN. ) );
#4358 = CARTESIAN_POINT ( 'NONE',  ( 9.500000000000001776, 1.204941612932218797, 2.159121886691410808 ) ) ;
#4359 = EDGE_LOOP ( 'NONE', ( #2582, #4454, #2120, #3186 ) ) ;
#4360 = EDGE_LOOP ( 'NONE', ( #2592, #4635, #2583, #5058, #5434 ) ) ;
#4361 = CARTESIAN_POINT ( 'NONE',  ( 12.50000000000000000, 0.000000000000000000, 0.000000000000000000 ) ) ;
#4362 = CARTESIAN_POINT ( 'NONE',  ( 3.500000000000000000, -6.449915147370822055, -0.4436327997449351912 ) ) ;
#4364 = FACE_OUTER_BOUND ( 'NONE', #4299, .T. ) ;
#4363 = PRESENTATION_LAYER_ASSIGNMENT (  '', '', ( #885 ) ) ;
#4365 = VECTOR ( 'NONE', #1238, 1000.000000000000000 ) ;
#4366 = ORIENTED_EDGE ( 'NONE', *, *, #6198, .T. ) ;
#4367 = VECTOR ( 'NONE', #879, 1000.000000000000000 ) ;
#4368 = STYLED_ITEM ( 'NONE', ( #5518 ), #6164 ) ;
#4369 = SURFACE_STYLE_FILL_AREA ( #535 ) ;
#4370 = FILL_AREA_STYLE_COLOUR ( '', #4703 ) ;
#4371 = STYLED_ITEM ( 'NONE', ( #2787 ), #276 ) ;
#4372 =( NAMED_UNIT ( * ) SI_UNIT ( $, .STERADIAN. ) SOLID_ANGLE_UNIT ( ) );
#4373 = VECTOR ( 'NONE', #4122, 1000.000000000000000 ) ;
#4374 = VERTEX_POINT ( 'NONE', #2821 ) ;
#4375 = DIRECTION ( 'NONE',  ( -1.000000000000000000, 0.000000000000000000, 0.000000000000000000 ) ) ;
#4376 = ADVANCED_FACE ( 'NONE', ( #2380 ), #5774, .F. ) ;
#4377 = CARTESIAN_POINT ( 'NONE',  ( 0.000000000000000000, 0.8231422074094449925, 1.767749107305984557 ) ) ;
#4378 = CARTESIAN_POINT ( 'NONE',  ( 9.500000000000001776, -5.856555014391710223, 2.390956376934878502 ) ) ;
#4379 = FACE_OUTER_BOUND ( 'NONE', #422, .T. ) ;
#4380 = CIRCLE ( 'NONE', #3987, 2.450000000002283684 ) ;
#4381 =( NAMED_UNIT ( * ) PLANE_ANGLE_UNIT ( ) SI_UNIT ( $, .RADIAN. ) );
#4382 = FACE_OUTER_BOUND ( 'NONE', #1502, .T. ) ;
#4383 = CARTESIAN_POINT ( 'NONE',  ( 9.500000000000001776, -3.416280893695073484, 2.317750945013471231 ) ) ;
#4384 = ADVANCED_FACE ( 'NONE', ( #1774 ), #4760, .T. ) ;
#4385 = PRESENTATION_LAYER_ASSIGNMENT (  '', '', ( #3560 ) ) ;
#4386 = UNCERTAINTY_MEASURE_WITH_UNIT (LENGTH_MEASURE( 1.000000000000000082E-05 ), #390, 'distance_accuracy_value', 'NONE');
#4387 = UNCERTAINTY_MEASURE_WITH_UNIT (LENGTH_MEASURE( 1.000000000000000082E-05 ), #6207, 'distance_accuracy_value', 'NONE');
#4388 = CARTESIAN_POINT ( 'NONE',  ( -0.4458565847012349592, -6.188004364894990061, -0.5999999999999989786 ) ) ;
#4389 = CARTESIAN_POINT ( 'NONE',  ( -0.1342514548763550919, -1.168370712318948401, 2.153464622093083314 ) ) ;
#4390 = CARTESIAN_POINT ( 'NONE',  ( 9.500000000000001776, 1.204941612932218797, 2.159121886691410808 ) ) ;
#4391 = CARTESIAN_POINT ( 'NONE',  ( 4.399999999999999467, 0.000000000000000000, 0.000000000000000000 ) ) ;
#4392 = ORIENTED_EDGE ( 'NONE', *, *, #5768, .F. ) ;
#4393 = CARTESIAN_POINT ( 'NONE',  ( 0.000000000000000000, 0.000000000000000000, 0.000000000000000000 ) ) ;
#4394 = VERTEX_POINT ( 'NONE', #2479 ) ;
#4395 = VECTOR ( 'NONE', #5388, 1000.000000000000000 ) ;
#4396 =( BOUNDED_SURFACE ( )  B_SPLINE_SURFACE ( 3, 2, ( 
 ( #5235, #364, #6178 ),
 ( #308, #5780, #336 ),
 ( #4296, #3278, #1758 ),
 ( #4227, #4323, #5297 ) ),
 .UNSPECIFIED., .F., .F., .T. ) 
 B_SPLINE_SURFACE_WITH_KNOTS ( ( 4, 4 ),
 ( 3, 3 ),
 ( 0.000000000000000000, 0.0006069244388068661738 ),
 ( 0.000000000000000000, 1.000000000000000000 ),
 .UNSPECIFIED. ) 
 GEOMETRIC_REPRESENTATION_ITEM ( )  RATIONAL_B_SPLINE_SURFACE ( (
 ( 1.000000000000000000, 0.7071067811865475727, 1.000000000000000000),
 ( 1.000000000000000000, 0.7071067811865475727, 1.000000000000000000),
 ( 1.000000000000000000, 0.7071067811865475727, 1.000000000000000000),
 ( 1.000000000000000000, 0.7071067811865475727, 1.000000000000000000) ) ) 
 REPRESENTATION_ITEM ( '' )  SURFACE ( )  );
#4397 = CARTESIAN_POINT ( 'NONE',  ( 0.000000000000000000, -5.950000000000000178, -7.286648454926751965E-16 ) ) ;
#4398 = MECHANICAL_DESIGN_GEOMETRIC_PRESENTATION_REPRESENTATION (  '', ( #2639 ), #2146 ) ;
#4399 = FACE_OUTER_BOUND ( 'NONE', #4360, .T. ) ;
#4400 = CARTESIAN_POINT ( 'NONE',  ( 3.000000000000000000, -1.365337641709120975, 2.079570557497269601 ) ) ;
#4401 =( NAMED_UNIT ( * ) SI_UNIT ( $, .STERADIAN. ) SOLID_ANGLE_UNIT ( ) );
#4402 = EDGE_CURVE ( 'NONE', #6037, #2995, #524, .T. ) ;
#4403 = EDGE_LOOP ( 'NONE', ( #5143, #2680, #2676, #4688 ) ) ;
#4404 = CARTESIAN_POINT ( 'NONE',  ( 3.000000000000000000, 1.586240938091250774, -2.189026805737763315 ) ) ;
#4405 = CARTESIAN_POINT ( 'NONE',  ( 9.000000000000001776, -9.449999999999999289, -0.6000000000000014211 ) ) ;
#4406 = AXIS2_PLACEMENT_3D ( 'NONE', #4047, #3508, #3983 ) ;
#4407 = CARTESIAN_POINT ( 'NONE',  ( 3.000000000000000000, 1.205463676329423306, 1.591861468293960913 ) ) ;
#4408 = ORIENTED_EDGE ( 'NONE', *, *, #2689, .F. ) ;
#4409 = SURFACE_STYLE_USAGE ( .BOTH. , #3937 ) ;
#4410 = CARTESIAN_POINT ( 'NONE',  ( 9.500000000000001776, -1.230077907822999972, 2.128893911333789912 ) ) ;
#4411 = VECTOR ( 'NONE', #5801, 1000.000000000000000 ) ;
#4412 = FACE_OUTER_BOUND ( 'NONE', #1160, .T. ) ;
#4413 =( LENGTH_UNIT ( ) NAMED_UNIT ( * ) SI_UNIT ( .MILLI., .METRE. ) );
#4414 = LINE ( 'NONE', #77, #355 ) ;
#4415 = PLANE ( 'NONE',  #1068 ) ;
#4416 = CARTESIAN_POINT ( 'NONE',  ( 9.500000000000001776, -6.449162802238361358, -0.6000000000000008660 ) ) ;
#4417 = ADVANCED_FACE ( 'NONE', ( #3910 ), #76, .T. ) ;
#4418 = PRESENTATION_LAYER_ASSIGNMENT (  '', '', ( #5136 ) ) ;
#4419 = CARTESIAN_POINT ( 'NONE',  ( 9.500000000000001776, 1.032974534022083279, -2.221590333988931132 ) ) ;
#4420 = CARTESIAN_POINT ( 'NONE',  ( 0.000000000000000000, -5.949181936419980055, -0.5999999999999989786 ) ) ;
#4421 = DIRECTION ( 'NONE',  ( 0.000000000000000000, 0.000000000000000000, 1.000000000000000000 ) ) ;
#4422 = DIRECTION ( 'NONE',  ( 0.000000000000000000, 0.2722482498591757838, -0.9622270472443682499 ) ) ;
#4423 = CARTESIAN_POINT ( 'NONE',  ( 9.500000000000001776, -6.331521131137352043, -1.847389710217772318 ) ) ;
#4424 = VERTEX_POINT ( 'NONE', #945 ) ;
#4425 = EDGE_CURVE ( 'NONE', #337, #1182, #840, .T. ) ;
#4426 = ORIENTED_EDGE ( 'NONE', *, *, #517, .F. ) ;
#4427 = CARTESIAN_POINT ( 'NONE',  ( 12.50000000000000000, -0.2160022778819082334, -1.027948851782856332 ) ) ;
#4428 = PRESENTATION_STYLE_ASSIGNMENT (( #2080 ) ) ;
#4429 = FACE_OUTER_BOUND ( 'NONE', #4548, .T. ) ;
#4430 = SURFACE_STYLE_FILL_AREA ( #32 ) ;
#4431 = ORIENTED_EDGE ( 'NONE', *, *, #1806, .T. ) ;
#4432 = ORIENTED_EDGE ( 'NONE', *, *, #240, .F. ) ;
#4433 = CARTESIAN_POINT ( 'NONE',  ( 9.000000000000000000, -5.950000000000000178, 7.286648454926716466E-16 ) ) ;
#4434 = ADVANCED_FACE ( 'NONE', ( #4379 ), #2032, .F. ) ;
#4435 = DIRECTION ( 'NONE',  ( -1.000000000000000000, 0.000000000000000000, 0.000000000000000000 ) ) ;
#4436 = CARTESIAN_POINT ( 'NONE',  ( 3.000000000000000000, 1.204941612932218797, -2.159121886691410808 ) ) ;
#4437 = AXIS2_PLACEMENT_3D ( 'NONE', #4937, #3917, #2890 ) ;
#4438 = CARTESIAN_POINT ( 'NONE',  ( 9.500000000000001776, -5.942797302828628503, 1.529506351174783507 ) ) ;
#4439 = FILL_AREA_STYLE_COLOUR ( '', #3839 ) ;
#4440 = DIRECTION ( 'NONE',  ( 0.000000000000000000, 0.000000000000000000, -1.000000000000000000 ) ) ;
#4441 =( GEOMETRIC_REPRESENTATION_CONTEXT ( 3 ) GLOBAL_UNCERTAINTY_ASSIGNED_CONTEXT ( ( #1454 ) ) GLOBAL_UNIT_ASSIGNED_CONTEXT ( ( #2823, #1260, #859 ) ) REPRESENTATION_CONTEXT ( 'NONE', 'WORKASPACE' ) );
#4442 = VERTEX_POINT ( 'NONE', #4628 ) ;
#4443 =( LENGTH_UNIT ( ) NAMED_UNIT ( * ) SI_UNIT ( .MILLI., .METRE. ) );
#4444 = CARTESIAN_POINT ( 'NONE',  ( 12.50000000000000000, -1.365337641708880279, 2.079570557496615901 ) ) ;
#4445 = CARTESIAN_POINT ( 'NONE',  ( 9.850000000000001421, 0.000000000000000000, 0.000000000000000000 ) ) ;
#4446 = CARTESIAN_POINT ( 'NONE',  ( 3.000000000000000000, 1.032974534022424562, -2.221590333989759358 ) ) ;
#4447 = DIRECTION ( 'NONE',  ( -1.000000000000000000, -0.000000000000000000, -0.000000000000000000 ) ) ;
#4448 =( GEOMETRIC_REPRESENTATION_CONTEXT ( 3 ) GLOBAL_UNCERTAINTY_ASSIGNED_CONTEXT ( ( #5214 ) ) GLOBAL_UNIT_ASSIGNED_CONTEXT ( ( #2791, #4824, #3864 ) ) REPRESENTATION_CONTEXT ( 'NONE', 'WORKASPACE' ) );
#4449 = CARTESIAN_POINT ( 'NONE',  ( 12.50000000000000000, 1.032974534022083279, -2.221590333988931132 ) ) ;
#4450 = CARTESIAN_POINT ( 'NONE',  ( 3.000000000000000000, 1.967225567140176379, 2.089277364077947841 ) ) ;
#4451 = PRESENTATION_STYLE_ASSIGNMENT (( #551 ) ) ;
#4452 = ORIENTED_EDGE ( 'NONE', *, *, #464, .T. ) ;
#4453 = B_SPLINE_SURFACE_WITH_KNOTS ( 'NONE', 3, 1, ( 
 ( #1923, #1519 ),
 ( #104, #2438 ),
 ( #2023, #466 ),
 ( #2404, #5 ) ),
 .UNSPECIFIED., .F., .F., .F.,
 ( 4, 4 ),
 ( 2, 2 ),
 ( 0.000000000000000000, 1.000000000000000000 ),
 ( 0.000000000000000000, 1.000000000000000000 ),
 .UNSPECIFIED. ) ;
#4454 = ORIENTED_EDGE ( 'NONE', *, *, #261, .F. ) ;
#4455 =( GEOMETRIC_REPRESENTATION_CONTEXT ( 3 ) GLOBAL_UNCERTAINTY_ASSIGNED_CONTEXT ( ( #6024 ) ) GLOBAL_UNIT_ASSIGNED_CONTEXT ( ( #568, #5940, #971 ) ) REPRESENTATION_CONTEXT ( 'NONE', 'WORKASPACE' ) );
#4456 = CARTESIAN_POINT ( 'NONE',  ( 13.00000000000000178, -6.449193518580324636, 0.5999999999999989786 ) ) ;
#4457 = LINE ( 'NONE', #1053, #1826 ) ;
#4458 = EDGE_CURVE ( 'NONE', #5327, #4528, #6061, .T. ) ;
#4459 = DIRECTION ( 'NONE',  ( 1.000000000000000000, -0.000000000000000000, 0.000000000000000000 ) ) ;
#4460 = ORIENTED_EDGE ( 'NONE', *, *, #245, .T. ) ;
#4461 = COLOUR_RGB ( '',0.7960784313725489669, 0.8235294117647058432, 0.9372549019607843146 ) ;
#4462 = EDGE_LOOP ( 'NONE', ( #4280, #5813, #4717, #6325 ) ) ;
#4463 = ADVANCED_FACE ( 'NONE', ( #3167 ), #196, .F. ) ;
#4464 = STYLED_ITEM ( 'NONE', ( #1962 ), #5024 ) ;
#4465 =( GEOMETRIC_REPRESENTATION_CONTEXT ( 3 ) GLOBAL_UNCERTAINTY_ASSIGNED_CONTEXT ( ( #4898 ) ) GLOBAL_UNIT_ASSIGNED_CONTEXT ( ( #1728, #361, #2269 ) ) REPRESENTATION_CONTEXT ( 'NONE', 'WORKASPACE' ) );
#4466 = CARTESIAN_POINT ( 'NONE',  ( 3.000000000000000000, 1.850152416059487548, -2.310170725897712884 ) ) ;
#4467 = LINE ( 'NONE', #3931, #3353 ) ;
#4468 = FILL_AREA_STYLE ('',( #4921 ) ) ;
#4469 = AXIS2_PLACEMENT_3D ( 'NONE', #786, #2754, #375 ) ;
#4470 = EDGE_CURVE ( 'NONE', #156, #3683, #6075, .T. ) ;
#4471 = ORIENTED_EDGE ( 'NONE', *, *, #5699, .T. ) ;
#4472 = SURFACE_STYLE_FILL_AREA ( #5377 ) ;
#4473 =( GEOMETRIC_REPRESENTATION_CONTEXT ( 3 ) GLOBAL_UNCERTAINTY_ASSIGNED_CONTEXT ( ( #3736 ) ) GLOBAL_UNIT_ASSIGNED_CONTEXT ( ( #1984, #1443, #4401 ) ) REPRESENTATION_CONTEXT ( 'NONE', 'WORKASPACE' ) );
#4474 = CARTESIAN_POINT ( 'NONE',  ( 12.50000000000000000, 1.625849179933230415, -1.625406433278026475 ) ) ;
#4475 = CARTESIAN_POINT ( 'NONE',  ( 12.50000000000000000, -5.627658374173693190, -2.424131555432305962 ) ) ;
#4476 = CARTESIAN_POINT ( 'NONE',  ( 2.007359312880714786, 0.000000000000000000, 0.000000000000000000 ) ) ;
#4477 = CARTESIAN_POINT ( 'NONE',  ( -0.5000000000000000000, -6.450000000000002842, 0.2000001806699982232 ) ) ;
#4478 = AXIS2_PLACEMENT_3D ( 'NONE', #2068, #2882, #5875 ) ;
#4479 = PRESENTATION_LAYER_ASSIGNMENT (  '', '', ( #1294 ) ) ;
#4480 = CARTESIAN_POINT ( 'NONE',  ( 3.000000000000000000, 1.850152416059160920, 2.310170725898328392 ) ) ;
#4481 = CARTESIAN_POINT ( 'NONE',  ( 3.000000000000000000, -2.236639308303995932, -1.179614498202194328 ) ) ;
#4482 =( NAMED_UNIT ( * ) SI_UNIT ( $, .STERADIAN. ) SOLID_ANGLE_UNIT ( ) );
#4483 = VERTEX_POINT ( 'NONE', #3664 ) ;
#4484 = VERTEX_POINT ( 'NONE', #3130 ) ;
#4485 = DIRECTION ( 'NONE',  ( 1.000000000000000000, 0.000000000000000000, 0.000000000000000000 ) ) ;
#4486 = CARTESIAN_POINT ( 'NONE',  ( 3.000000000000000000, 0.000000000000000000, 0.000000000000000000 ) ) ;
#4487 = PRESENTATION_LAYER_ASSIGNMENT (  '', '', ( #4791 ) ) ;
#4488 = FILL_AREA_STYLE_COLOUR ( '', #3747 ) ;
#4489 = VERTEX_POINT ( 'NONE', #230 ) ;
#4490 = ADVANCED_FACE ( 'NONE', ( #4187 ), #1969, .T. ) ;
#4491 = VERTEX_POINT ( 'NONE', #2346 ) ;
#4492 = AXIS2_PLACEMENT_3D ( 'NONE', #1061, #537, #4031 ) ;
#4493 = DIRECTION ( 'NONE',  ( 1.000000000000000000, -0.000000000000000000, 0.000000000000000000 ) ) ;
#4494 = CARTESIAN_POINT ( 'NONE',  ( 13.00000000000000178, -9.449999999999999289, -1.192622389734054877E-15 ) ) ;
#4495 = AXIS2_PLACEMENT_3D ( 'NONE', #3923, #4021, #3677 ) ;
#4496 = CARTESIAN_POINT ( 'NONE',  ( 3.000000000000000000, 1.769344485267403400, -2.267342643549731918 ) ) ;
#4497 = DIRECTION ( 'NONE',  ( 0.000000000000000000, 0.000000000000000000, 1.000000000000000000 ) ) ;
#4498 = CARTESIAN_POINT ( 'NONE',  ( 3.000000000000000000, -5.856555014391710223, -2.390956376934878502 ) ) ;
#4499 = ADVANCED_FACE ( 'NONE', ( #2284, #1320 ), #1347, .T. ) ;
#4500 = PRESENTATION_LAYER_ASSIGNMENT (  '', '', ( #2949 ) ) ;
#4501 = ORIENTED_EDGE ( 'NONE', *, *, #5595, .T. ) ;
#4502 = SURFACE_STYLE_FILL_AREA ( #3401 ) ;
#4503 = CARTESIAN_POINT ( 'NONE',  ( 9.499999999999998224, -5.856555014391969571, -2.390956376935549965 ) ) ;
#4504 = PRESENTATION_LAYER_ASSIGNMENT (  '', '', ( #3579 ) ) ;
#4505 = AXIS2_PLACEMENT_3D ( 'NONE', #2531, #748, #279 ) ;
#4506 = CARTESIAN_POINT ( 'NONE',  ( -0.5000000000000000000, -9.449999999999999289, 1.192622389734054877E-15 ) ) ;
#4507 = CARTESIAN_POINT ( 'NONE',  ( 4.399999999999999467, 0.000000000000000000, -1.800000000000000044 ) ) ;
#4508 = MECHANICAL_DESIGN_GEOMETRIC_PRESENTATION_REPRESENTATION (  '', ( #229 ), #5142 ) ;
#4509 = CARTESIAN_POINT ( 'NONE',  ( 9.500000000000001776, -5.950000000000000178, 7.286648454926792394E-16 ) ) ;
#4510 = CARTESIAN_POINT ( 'NONE',  ( 0.000000000000000000, 1.032974534022083279, 2.221590333988931132 ) ) ;
#4511 = ADVANCED_FACE ( 'NONE', ( #6157 ), #6216, .F. ) ;
#4512 = DIRECTION ( 'NONE',  ( 0.000000000000000000, 0.000000000000000000, -1.000000000000000000 ) ) ;
#4513 = CARTESIAN_POINT ( 'NONE',  ( 9.500000000000001776, -6.449162802238361358, -0.6000000000000008660 ) ) ;
#4514 = VERTEX_POINT ( 'NONE', #3327 ) ;
#4515 = EDGE_LOOP ( 'NONE', ( #4141, #2974, #6172, #5941, #3010 ) ) ;
#4516 = SURFACE_STYLE_FILL_AREA ( #3082 ) ;
#4517 = DIRECTION ( 'NONE',  ( 1.000000000000000000, 0.000000000000000000, 0.000000000000000000 ) ) ;
#4518 = UNCERTAINTY_MEASURE_WITH_UNIT (LENGTH_MEASURE( 1.000000000000000082E-05 ), #348, 'distance_accuracy_value', 'NONE');
#4519 = CARTESIAN_POINT ( 'NONE',  ( 0.000000000000000000, -6.448448220535715869, -0.7017742220557302568 ) ) ;
#4520 = ORIENTED_EDGE ( 'NONE', *, *, #2282, .T. ) ;
#4521 = VERTEX_POINT ( 'NONE', #3697 ) ;
#4522 = CARTESIAN_POINT ( 'NONE',  ( 9.500000000000001776, -1.230077907823271977, -2.128893911334430289 ) ) ;
#4523 = SURFACE_STYLE_USAGE ( .BOTH. , #5152 ) ;
#4524 =( NAMED_UNIT ( * ) SI_UNIT ( $, .STERADIAN. ) SOLID_ANGLE_UNIT ( ) );
#4525 = CARTESIAN_POINT ( 'NONE',  ( 9.500000000000001776, 0.000000000000000000, -1.949999999999999734 ) ) ;
#4526 = ORIENTED_EDGE ( 'NONE', *, *, #4037, .F. ) ;
#4527 = PLANE ( 'NONE',  #2812 ) ;
#4528 = VERTEX_POINT ( 'NONE', #347 ) ;
#4529 = PRESENTATION_LAYER_ASSIGNMENT (  '', '', ( #4951 ) ) ;
#4530 = CARTESIAN_POINT ( 'NONE',  ( 9.500000000000001776, -5.511447537303413746, 1.924131555431612517 ) ) ;
#4531 = UNCERTAINTY_MEASURE_WITH_UNIT (LENGTH_MEASURE( 1.000000000000000082E-05 ), #4819, 'distance_accuracy_value', 'NONE');
#4532 = CARTESIAN_POINT ( 'NONE',  ( 9.500000000000001776, -2.282428645141714618, 2.102202052405111043 ) ) ;
#4533 = DIRECTION ( 'NONE',  ( 1.000000000000000000, 0.000000000000000000, 0.000000000000000000 ) ) ;
#4534 = EDGE_CURVE ( 'NONE', #2657, #2457, #5313, .T. ) ;
#4535 = CARTESIAN_POINT ( 'NONE',  ( 3.000000000000000000, -5.950000000000000178, -7.286648454926792394E-16 ) ) ;
#4536 = DIRECTION ( 'NONE',  ( 0.000000000000000000, 0.2722482498591757838, 0.9622270472443682499 ) ) ;
#4537 =( NAMED_UNIT ( * ) SI_UNIT ( $, .STERADIAN. ) SOLID_ANGLE_UNIT ( ) );
#4538 = PRESENTATION_STYLE_ASSIGNMENT (( #3944 ) ) ;
#4539 = ADVANCED_FACE ( 'NONE', ( #5676 ), #1937, .T. ) ;
#4540 = DIRECTION ( 'NONE',  ( 0.000000000000000000, 0.000000000000000000, -1.000000000000000000 ) ) ;
#4541 = FILL_AREA_STYLE_COLOUR ( '', #2053 ) ;
#4542 = DIRECTION ( 'NONE',  ( 1.000000000000000000, 0.000000000000000000, 0.000000000000000000 ) ) ;
#4543 = B_SPLINE_CURVE_WITH_KNOTS ( 'NONE', 3,
 ( #5316, #2286, #4248, #5251 ),
 .UNSPECIFIED., .F., .F.,
 ( 4, 4 ),
 ( 0.000000000000000000, 1.000000000000000000 ),
 .UNSPECIFIED. ) ;
#4544 = CYLINDRICAL_SURFACE ( 'NONE', #2505, 0.1550331274601050857 ) ;
#4545 = VERTEX_POINT ( 'NONE', #5709 ) ;
#4546 = AXIS2_PLACEMENT_3D ( 'NONE', #4161, #1201, #1168 ) ;
#4547 = EDGE_CURVE ( 'NONE', #3078, #451, #3900, .T. ) ;
#4548 = EDGE_LOOP ( 'NONE', ( #3607, #5693, #6027, #5735 ) ) ;
#4549 = CARTESIAN_POINT ( 'NONE',  ( 0.000000000000000000, -6.449162802206574341, -0.5999999999999989786 ) ) ;
#4550 = VECTOR ( 'NONE', #1745, 1000.000000000000000 ) ;
#4551 = DIRECTION ( 'NONE',  ( 1.000000000000000000, 0.000000000000000000, 0.000000000000000000 ) ) ;
#4552 = ORIENTED_EDGE ( 'NONE', *, *, #2486, .T. ) ;
#4553 = VERTEX_POINT ( 'NONE', #5972 ) ;
#4554 =( GEOMETRIC_REPRESENTATION_CONTEXT ( 3 ) GLOBAL_UNCERTAINTY_ASSIGNED_CONTEXT ( ( #678 ) ) GLOBAL_UNIT_ASSIGNED_CONTEXT ( ( #4218, #1769, #3236 ) ) REPRESENTATION_CONTEXT ( 'NONE', 'WORKASPACE' ) );
#4555 = B_SPLINE_SURFACE_WITH_KNOTS ( 'NONE', 3, 1, ( 
 ( #6322, #1849 ),
 ( #457, #1441 ),
 ( #4400, #1883 ),
 ( #3846, #3389 ),
 ( #2900, #370 ),
 ( #5787, #4875 ),
 ( #5762, #5365 ),
 ( #3283, #31 ),
 ( #3924, #5893 ),
 ( #2308, #5334 ),
 ( #5243, #4274 ),
 ( #5822, #1368 ),
 ( #6236, #1824 ) ),
 .UNSPECIFIED., .F., .F., .F.,
 ( 4, 1, 1, 1, 1, 1, 1, 1, 1, 1, 4 ),
 ( 2, 2 ),
 ( 0.007813538992011093143, 0.06982519280501031655, 0.1318368466180096510, 0.2558601542440082088, 0.3798834618700068777, 0.5039067694960055466, 0.6279300771220042154, 0.7519533847480027733, 0.8759766923740013311, 0.9379883461870006656, 1.000000000000000000 ),
 ( 0.000000000000000000, 1.000000000000000000 ),
 .UNSPECIFIED. ) ;
#4556 = CARTESIAN_POINT ( 'NONE',  ( 12.50000000000000000, -1.168370712318190341, -2.153464622091685321 ) ) ;
#4557 = B_SPLINE_CURVE_WITH_KNOTS ( 'NONE', 3,
 ( #1298, #3244, #1779, #270 ),
 .UNSPECIFIED., .F., .F.,
 ( 4, 4 ),
 ( 0.000000000000000000, 1.000000000000000000 ),
 .UNSPECIFIED. ) ;
#4558 = FILL_AREA_STYLE ('',( #5969 ) ) ;
#4560 = SURFACE_STYLE_USAGE ( .BOTH. , #2191 ) ;
#4559 = COLOUR_RGB ( '',0.9372549019607843146, 0.8823529411764705621, 0.8823529411764705621 ) ;
#4561 = AXIS2_PLACEMENT_3D ( 'NONE', #2898, #1847, #340 ) ;
#4562 = FACE_OUTER_BOUND ( 'NONE', #3720, .T. ) ;
#4563 = EDGE_LOOP ( 'NONE', ( #3030, #1360, #4552, #4914 ) ) ;
#4564 = FILL_AREA_STYLE_COLOUR ( '', #3639 ) ;
#4565 = FACE_OUTER_BOUND ( 'NONE', #5077, .T. ) ;
#4566 = SURFACE_SIDE_STYLE ('',( #730 ) ) ;
#4567 = VECTOR ( 'NONE', #5771, 1000.000000000000000 ) ;
#4568 = CARTESIAN_POINT ( 'NONE',  ( 0.000000000000000000, -1.365337641708880279, -2.079570557496615901 ) ) ;
#4569 = MECHANICAL_DESIGN_GEOMETRIC_PRESENTATION_REPRESENTATION (  '', ( #3972 ), #5406 ) ;
#4570 = EDGE_CURVE ( 'NONE', #2626, #185, #3428, .T. ) ;
#4571 = CARTESIAN_POINT ( 'NONE',  ( 0.000000000000000000, -5.965857193527828173, 1.924131555431609630 ) ) ;
#4572 = CARTESIAN_POINT ( 'NONE',  ( 2.007359312880714786, 0.000000000000000000, 0.000000000000000000 ) ) ;
#4573 = ORIENTED_EDGE ( 'NONE', *, *, #2459, .F. ) ;
#4574 =( GEOMETRIC_REPRESENTATION_CONTEXT ( 3 ) GLOBAL_UNCERTAINTY_ASSIGNED_CONTEXT ( ( #5877 ) ) GLOBAL_UNIT_ASSIGNED_CONTEXT ( ( #2519, #239, #2180 ) ) REPRESENTATION_CONTEXT ( 'NONE', 'WORKASPACE' ) );
#4575 = EDGE_CURVE ( 'NONE', #2156, #4545, #3497, .T. ) ;
#4576 = ORIENTED_EDGE ( 'NONE', *, *, #205, .F. ) ;
#4577 = AXIS2_PLACEMENT_3D ( 'NONE', #747, #6086, #6147 ) ;
#4578 = PRESENTATION_STYLE_ASSIGNMENT (( #1115 ) ) ;
#4579 = DIRECTION ( 'NONE',  ( -1.000000000000000000, 0.000000000000000000, 0.000000000000000000 ) ) ;
#4580 = FILL_AREA_STYLE_COLOUR ( '', #2134 ) ;
#4581 = FACE_OUTER_BOUND ( 'NONE', #2515, .T. ) ;
#4582 = UNCERTAINTY_MEASURE_WITH_UNIT (LENGTH_MEASURE( 1.000000000000000082E-05 ), #461, 'distance_accuracy_value', 'NONE');
#4583 = SURFACE_STYLE_FILL_AREA ( #5636 ) ;
#4584 = ORIENTED_EDGE ( 'NONE', *, *, #4020, .T. ) ;
#4585 =( GEOMETRIC_REPRESENTATION_CONTEXT ( 3 ) GLOBAL_UNCERTAINTY_ASSIGNED_CONTEXT ( ( #5772 ) ) GLOBAL_UNIT_ASSIGNED_CONTEXT ( ( #712, #1179, #5634 ) ) REPRESENTATION_CONTEXT ( 'NONE', 'WORKASPACE' ) );
#4586 = ORIENTED_EDGE ( 'NONE', *, *, #3874, .F. ) ;
#4587 = DIRECTION ( 'NONE',  ( -1.000000000000000000, -0.000000000000000000, -0.000000000000000000 ) ) ;
#4588 = AXIS2_PLACEMENT_3D ( 'NONE', #108, #6006, #1587 ) ;
#4589 = CARTESIAN_POINT ( 'NONE',  ( 3.000000000000000000, 1.425172436802283560, -0.5999999999999989786 ) ) ;
#4590 = SURFACE_STYLE_FILL_AREA ( #2624 ) ;
#4591 = ADVANCED_FACE ( 'NONE', ( #2946 ), #103, .F. ) ;
#4592 = PRESENTATION_LAYER_ASSIGNMENT (  '', '', ( #3770 ) ) ;
#4593 = ORIENTED_EDGE ( 'NONE', *, *, #4150, .F. ) ;
#4594 = ORIENTED_EDGE ( 'NONE', *, *, #5990, .F. ) ;
#4595 =( GEOMETRIC_REPRESENTATION_CONTEXT ( 3 ) GLOBAL_UNCERTAINTY_ASSIGNED_CONTEXT ( ( #3692 ) ) GLOBAL_UNIT_ASSIGNED_CONTEXT ( ( #5810, #4798, #2769 ) ) REPRESENTATION_CONTEXT ( 'NONE', 'WORKASPACE' ) );
#4596 = CARTESIAN_POINT ( 'NONE',  ( 12.50000000000000000, -6.450000000000001954, 0.1584447975266691788 ) ) ;
#4597 = STYLED_ITEM ( 'NONE', ( #249 ), #1233 ) ;
#4598 = CARTESIAN_POINT ( 'NONE',  ( 12.50000000000000000, -5.949181936419980943, 0.5999999999999992006 ) ) ;
#4599 =( LENGTH_UNIT ( ) NAMED_UNIT ( * ) SI_UNIT ( .MILLI., .METRE. ) );
#4600 = LINE ( 'NONE', #2687, #5083 ) ;
#4601 = CARTESIAN_POINT ( 'NONE',  ( 0.000000000000000000, -9.449999999999999289, -0.5999999999999987566 ) ) ;
#4602 = APPLICATION_CONTEXT ( 'automotive_design' ) ;
#4603 = STYLED_ITEM ( 'NONE', ( #5190 ), #4499 ) ;
#4604 = LINE ( 'NONE', #173, #2546 ) ;
#4605 = DIRECTION ( 'NONE',  ( -1.000000000000000000, 0.000000000000000000, 0.000000000000000000 ) ) ;
#4606 = CARTESIAN_POINT ( 'NONE',  ( 11.85000000000000142, 0.000000000000000000, 0.000000000000000000 ) ) ;
#4607 = ADVANCED_FACE ( 'NONE', ( #5866 ), #4802, .F. ) ;
#4608 = ORIENTED_EDGE ( 'NONE', *, *, #5172, .F. ) ;
#4609 = ORIENTED_EDGE ( 'NONE', *, *, #3704, .F. ) ;
#4610 = CARTESIAN_POINT ( 'NONE',  ( 3.500000000000000000, 1.425172436802283560, -0.5999999999999989786 ) ) ;
#4611 = DIRECTION ( 'NONE',  ( 1.000000000000000000, 0.000000000000000000, 0.000000000000000000 ) ) ;
#4612 =( GEOMETRIC_REPRESENTATION_CONTEXT ( 3 ) GLOBAL_UNCERTAINTY_ASSIGNED_CONTEXT ( ( #632 ) ) GLOBAL_UNIT_ASSIGNED_CONTEXT ( ( #3826, #4929, #1932 ) ) REPRESENTATION_CONTEXT ( 'NONE', 'WORKASPACE' ) );
#4613 = EDGE_CURVE ( 'NONE', #2849, #4167, #2211, .T. ) ;
#4614 = DIRECTION ( 'NONE',  ( 1.000000000000000000, -0.000000000000000000, -0.000000000000000000 ) ) ;
#4615 = EDGE_LOOP ( 'NONE', ( #2424, #5517, #149, #1797, #1613 ) ) ;
#4616 = ORIENTED_EDGE ( 'NONE', *, *, #5220, .F. ) ;
#4617 = B_SPLINE_CURVE_WITH_KNOTS ( 'NONE', 3,
 ( #4480, #1972, #1563, #549, #609, #580, #1018 ),
 .UNSPECIFIED., .F., .F.,
 ( 4, 1, 1, 1, 4 ),
 ( 0.001225663607338614829, 0.2509192477055039450, 0.5006128318036693337, 0.7503064159018346668, 1.000000000000000000 ),
 .UNSPECIFIED. ) ;
#4618 = CARTESIAN_POINT ( 'NONE',  ( 9.000000000000001776, -6.449710760119538477, 0.4990865516588793294 ) ) ;
#4619 = LINE ( 'NONE', #1678, #393 ) ;
#4620 = SURFACE_SIDE_STYLE ('',( #4590 ) ) ;
#4621 = CARTESIAN_POINT ( 'NONE',  ( 3.445856584701020520, -6.188004364894504228, 0.6000000000000009770 ) ) ;
#4622 = EDGE_LOOP ( 'NONE', ( #1464, #2904, #956, #594 ) ) ;
#4623 = DIRECTION ( 'NONE',  ( 1.000000000000000000, 0.000000000000000000, 0.000000000000000000 ) ) ;
#4624 = ORIENTED_EDGE ( 'NONE', *, *, #6045, .T. ) ;
#4625 = ADVANCED_FACE ( 'NONE', ( #3681 ), #1589, .F. ) ;
#4626 =( NAMED_UNIT ( * ) SI_UNIT ( $, .STERADIAN. ) SOLID_ANGLE_UNIT ( ) );
#4627 = CARTESIAN_POINT ( 'NONE',  ( 13.00000000000000355, -6.317137750622598524, 0.5999999999999990896 ) ) ;
#4628 = CARTESIAN_POINT ( 'NONE',  ( 9.500000000000001776, -5.511447537303415523, -2.424131555432306406 ) ) ;
#4629 = FILL_AREA_STYLE_COLOUR ( '', #388 ) ;
#4630 = CARTESIAN_POINT ( 'NONE',  ( 9.000000000000000000, -5.949157067559265322, -0.6036205310216880005 ) ) ;
#4631 = SURFACE_STYLE_FILL_AREA ( #1688 ) ;
#4632 = COLOUR_RGB ( '',0.7960784313725489669, 0.8235294117647058432, 0.9372549019607843146 ) ;
#4633 = CARTESIAN_POINT ( 'NONE',  ( 9.500000000000001776, 0.8231422074094449925, -1.767749107305984557 ) ) ;
#4634 = ORIENTED_EDGE ( 'NONE', *, *, #1819, .T. ) ;
#4635 = ORIENTED_EDGE ( 'NONE', *, *, #1858, .T. ) ;
#4636 = CARTESIAN_POINT ( 'NONE',  ( 4.399999999999999467, 0.000000000000000000, 0.000000000000000000 ) ) ;
#4637 = FILL_AREA_STYLE_COLOUR ( '', #195 ) ;
#4638 =( LENGTH_UNIT ( ) NAMED_UNIT ( * ) SI_UNIT ( .MILLI., .METRE. ) );
#4639 = CARTESIAN_POINT ( 'NONE',  ( 0.000000000000000000, -6.449162802238361358, 0.6000000000000006439 ) ) ;
#4640 = FILL_AREA_STYLE ('',( #160 ) ) ;
#4641 = VERTEX_POINT ( 'NONE', #4525 ) ;
#4642 = STYLED_ITEM ( 'NONE', ( #2069 ), #2335 ) ;
#4643 = ORIENTED_EDGE ( 'NONE', *, *, #3714, .T. ) ;
#4644 = EDGE_CURVE ( 'NONE', #4521, #3175, #2091, .T. ) ;
#4645 = AXIS2_PLACEMENT_3D ( 'NONE', #6005, #1524, #3467 ) ;
#4646 = CARTESIAN_POINT ( 'NONE',  ( 9.500000000000001776, -1.732354142640884165, -2.008456984256953071 ) ) ;
#4647 = CARTESIAN_POINT ( 'NONE',  ( 0.6499999999999994671, 0.000000000000000000, -0.4050331274601051135 ) ) ;
#4648 = CARTESIAN_POINT ( 'NONE',  ( 8.100000000000001421, 0.000000000000000000, 0.000000000000000000 ) ) ;
#4649 = AXIS2_PLACEMENT_3D ( 'NONE', #42, #5982, #2957 ) ;
#4650 = UNCERTAINTY_MEASURE_WITH_UNIT (LENGTH_MEASURE( 1.000000000000000082E-05 ), #4210, 'distance_accuracy_value', 'NONE');
#4651 = EDGE_LOOP ( 'NONE', ( #3769, #4829, #4471, #5394 ) ) ;
#4652 = EDGE_CURVE ( 'NONE', #3486, #2571, #3378, .T. ) ;
#4653 = EDGE_LOOP ( 'NONE', ( #2967, #1214, #878, #34 ) ) ;
#4654 = LINE ( 'NONE', #6066, #5515 ) ;
#4655 = VECTOR ( 'NONE', #1305, 1000.000000000000000 ) ;
#4656 = CIRCLE ( 'NONE', #578, 1.500000000000000222 ) ;
#4657 =( LENGTH_UNIT ( ) NAMED_UNIT ( * ) SI_UNIT ( .MILLI., .METRE. ) );
#4658 = SURFACE_STYLE_USAGE ( .BOTH. , #4566 ) ;
#4659 = CARTESIAN_POINT ( 'NONE',  ( 0.000000000000000000, -4.869898583757783506, -2.418288910156157989 ) ) ;
#4660 = COLOUR_RGB ( '',0.9372549019607843146, 0.8823529411764705621, 0.8823529411764705621 ) ;
#4661 =( NAMED_UNIT ( * ) SI_UNIT ( $, .STERADIAN. ) SOLID_ANGLE_UNIT ( ) );
#4662 = CARTESIAN_POINT ( 'NONE',  ( 9.000000000000000000, -5.950522921043945423, -0.4047728649099411324 ) ) ;
#4663 = CARTESIAN_POINT ( 'NONE',  ( 9.500000000000001776, 1.425172436802283782, -1.660992101785016217 ) ) ;
#4664 = PRESENTATION_LAYER_ASSIGNMENT (  '', '', ( #6029 ) ) ;
#4665 = FACE_OUTER_BOUND ( 'NONE', #4870, .T. ) ;
#4666 = FILL_AREA_STYLE ('',( #890 ) ) ;
#4667 = FILL_AREA_STYLE ('',( #3577 ) ) ;
#4668 = ORIENTED_EDGE ( 'NONE', *, *, #3158, .F. ) ;
#4669 =( GEOMETRIC_REPRESENTATION_CONTEXT ( 3 ) GLOBAL_UNCERTAINTY_ASSIGNED_CONTEXT ( ( #1297 ) ) GLOBAL_UNIT_ASSIGNED_CONTEXT ( ( #2272, #4770, #4262 ) ) REPRESENTATION_CONTEXT ( 'NONE', 'WORKASPACE' ) );
#4670 = AXIS2_PLACEMENT_3D ( 'NONE', #1251, #226, #3095 ) ;
#4671 = ORIENTED_EDGE ( 'NONE', *, *, #3132, .F. ) ;
#4672 = SURFACE_STYLE_USAGE ( .BOTH. , #770 ) ;
#4673 = VECTOR ( 'NONE', #946, 1000.000000000000114 ) ;
#4674 = CARTESIAN_POINT ( 'NONE',  ( 9.850000000000001421, 0.000000000000000000, 0.000000000000000000 ) ) ;
#4675 = CARTESIAN_POINT ( 'NONE',  ( 3.000000000000000000, -5.511447537303414634, 1.924131555431610963 ) ) ;
#4676 = CARTESIAN_POINT ( 'NONE',  ( 3.000000000000000000, -6.443823137739610019, 1.061149213459783525 ) ) ;
#4677 = AXIS2_PLACEMENT_3D ( 'NONE', #3610, #2643, #676 ) ;
#4678 = CARTESIAN_POINT ( 'NONE',  ( 3.000000000000000000, -6.450000000000001066, 2.544803959115682914E-15 ) ) ;
#4679 = ORIENTED_EDGE ( 'NONE', *, *, #3512, .F. ) ;
#4680 =( GEOMETRIC_REPRESENTATION_CONTEXT ( 3 ) GLOBAL_UNCERTAINTY_ASSIGNED_CONTEXT ( ( #4315 ) ) GLOBAL_UNIT_ASSIGNED_CONTEXT ( ( #2760, #4757, #1770 ) ) REPRESENTATION_CONTEXT ( 'NONE', 'WORKASPACE' ) );
#4681 = VERTEX_POINT ( 'NONE', #6033 ) ;
#4682 = CARTESIAN_POINT ( 'NONE',  ( 9.054330447580667851, -6.187685465102418902, 0.5999999999999986455 ) ) ;
#4683 = PRESENTATION_STYLE_ASSIGNMENT (( #2369 ) ) ;
#4684 = LINE ( 'NONE', #5211, #3894 ) ;
#4685 = AXIS2_PLACEMENT_3D ( 'NONE', #2997, #1471, #3419 ) ;
#4686 = UNCERTAINTY_MEASURE_WITH_UNIT (LENGTH_MEASURE( 1.000000000000000082E-05 ), #5170, 'distance_accuracy_value', 'NONE');
#4687 = EDGE_CURVE ( 'NONE', #4521, #4119, #4297, .T. ) ;
#4688 = ORIENTED_EDGE ( 'NONE', *, *, #4687, .T. ) ;
#4689 = STYLED_ITEM ( 'NONE', ( #1570 ), #856 ) ;
#4690 = FILL_AREA_STYLE_COLOUR ( '', #3540 ) ;
#4691 = CARTESIAN_POINT ( 'NONE',  ( 12.50000000000000000, 1.381018271236925665, 2.152131625432586848 ) ) ;
#4692 = FILL_AREA_STYLE_COLOUR ( '', #5949 ) ;
#4693 = DIRECTION ( 'NONE',  ( -1.000000000000000000, 0.000000000000000000, 0.000000000000000000 ) ) ;
#4694 = EDGE_CURVE ( 'NONE', #3348, #1152, #2891, .T. ) ;
#4695 = AXIS2_PLACEMENT_3D ( 'NONE', #1210, #4517, #3517 ) ;
#4696 = DIRECTION ( 'NONE',  ( -1.000000000000000000, -0.000000000000000000, -0.000000000000000000 ) ) ;
#4697 = DIRECTION ( 'NONE',  ( -0.000000000000000000, -1.000000000000000000, -1.224646799147353207E-16 ) ) ;
#4698 = COLOUR_RGB ( '',0.9372549019607843146, 0.8823529411764705621, 0.8823529411764705621 ) ;
#4699 = CARTESIAN_POINT ( 'NONE',  ( 3.000000000000000000, -5.511447537303412858, -2.424131555431612739 ) ) ;
#4700 = PRESENTATION_LAYER_ASSIGNMENT (  '', '', ( #317 ) ) ;
#4701 = FILL_AREA_STYLE ('',( #3730 ) ) ;
#4702 = PRESENTATION_STYLE_ASSIGNMENT (( #2872 ) ) ;
#4703 = COLOUR_RGB ( '',0.9372549019607843146, 0.8823529411764705621, 0.8823529411764705621 ) ;
#4704 = CARTESIAN_POINT ( 'NONE',  ( 0.000000000000000000, 1.205463676329423306, 1.591861468293960913 ) ) ;
#4705 = VERTEX_POINT ( 'NONE', #2389 ) ;
#4706 = B_SPLINE_CURVE_WITH_KNOTS ( 'NONE', 3,
 ( #2679, #5487, #3193, #1708, #5215, #1763, #2034, #2192, #2067, #4999, #5981, #606, #4146 ),
 .UNSPECIFIED., .F., .F.,
 ( 4, 1, 1, 1, 1, 1, 1, 1, 1, 1, 4 ),
 ( 0.007813538992001545225, 0.06982519280500143477, 0.1318368466180013243, 0.2558601542440011034, 0.3798834618700008825, 0.5039067694960007726, 0.6279300771220005517, 0.7519533847480003308, 0.8759766923740001099, 0.9379883461869999994, 0.9999999999999998890 ),
 .UNSPECIFIED. ) ;
#4707 = STYLED_ITEM ( 'NONE', ( #2374 ), #4511 ) ;
#4708 = EDGE_CURVE ( 'NONE', #148, #2457, #1924, .T. ) ;
#4709 = SURFACE_STYLE_USAGE ( .BOTH. , #1299 ) ;
#4710 = CARTESIAN_POINT ( 'NONE',  ( 9.500000000000001776, -5.303916665296939392, -2.424131555432305518 ) ) ;
#4711 =( LENGTH_UNIT ( ) NAMED_UNIT ( * ) SI_UNIT ( .MILLI., .METRE. ) );
#4712 = DIRECTION ( 'NONE',  ( 0.000000000000000000, 0.000000000000000000, -1.000000000000000000 ) ) ;
#4713 = SURFACE_SIDE_STYLE ('',( #1397 ) ) ;
#4714 =( GEOMETRIC_REPRESENTATION_CONTEXT ( 3 ) GLOBAL_UNCERTAINTY_ASSIGNED_CONTEXT ( ( #2029 ) ) GLOBAL_UNIT_ASSIGNED_CONTEXT ( ( #6295, #3395, #1958 ) ) REPRESENTATION_CONTEXT ( 'NONE', 'WORKASPACE' ) );
#4715 = CARTESIAN_POINT ( 'NONE',  ( 0.000000000000000000, -0.9536012874044283993, -1.700924626390192484 ) ) ;
#4716 =( GEOMETRIC_REPRESENTATION_CONTEXT ( 3 ) GLOBAL_UNCERTAINTY_ASSIGNED_CONTEXT ( ( #1427 ) ) GLOBAL_UNIT_ASSIGNED_CONTEXT ( ( #5205, #6177, #2740 ) ) REPRESENTATION_CONTEXT ( 'NONE', 'WORKASPACE' ) );
#4717 = ORIENTED_EDGE ( 'NONE', *, *, #6155, .F. ) ;
#4718 = ORIENTED_EDGE ( 'NONE', *, *, #1289, .F. ) ;
#4719 = PRESENTATION_LAYER_ASSIGNMENT (  '', '', ( #1225 ) ) ;
#4720 = CARTESIAN_POINT ( 'NONE',  ( 9.000000000000001776, -6.450067938952981805, 0.2218163245494262636 ) ) ;
#4721 = DIRECTION ( 'NONE',  ( -1.000000000000000000, -0.000000000000000000, -0.000000000000000000 ) ) ;
#4722 = B_SPLINE_CURVE_WITH_KNOTS ( 'NONE', 3,
 ( #4839, #3452, #1982, #1953, #4910, #1404, #959, #56, #456, #2431, #4022, #2899, #2493 ),
 .UNSPECIFIED., .F., .F.,
 ( 4, 3, 3, 3, 4 ),
 ( 0.000000000000000000, 0.0001663622498261544238, 0.0003327245178394916186, 0.0004990870214823017780, 0.0006000018282202477723 ),
 .UNSPECIFIED. ) ;
#4723 = CARTESIAN_POINT ( 'NONE',  ( 3.000000000000000000, -6.448448220535715869, -0.7017742220557301458 ) ) ;
#4724 = DIRECTION ( 'NONE',  ( 0.000000000000000000, 0.000000000000000000, 1.000000000000000000 ) ) ;
#4725 =( GEOMETRIC_REPRESENTATION_CONTEXT ( 3 ) GLOBAL_UNCERTAINTY_ASSIGNED_CONTEXT ( ( #1939 ) ) GLOBAL_UNIT_ASSIGNED_CONTEXT ( ( #4015, #116, #5006 ) ) REPRESENTATION_CONTEXT ( 'NONE', 'WORKASPACE' ) );
#4726 = ORIENTED_EDGE ( 'NONE', *, *, #338, .F. ) ;
#4727 = CARTESIAN_POINT ( 'NONE',  ( 3.000000000000000000, -5.511447537303414634, 1.924131555431610963 ) ) ;
#4728 = CARTESIAN_POINT ( 'NONE',  ( 13.00000000000000178, -1.168370712318190341, -2.153464622091685321 ) ) ;
#4729 = FILL_AREA_STYLE_COLOUR ( '', #5023 ) ;
#4730 = SURFACE_STYLE_USAGE ( .BOTH. , #2759 ) ;
#4731 = DIRECTION ( 'NONE',  ( 0.000000000000000000, 6.193993248405338784E-17, 1.000000000000000000 ) ) ;
#4732 = DIRECTION ( 'NONE',  ( 0.000000000000000000, 1.000000000000000000, 1.858197974521601389E-16 ) ) ;
#4733 = EDGE_CURVE ( 'NONE', #3486, #3578, #6281, .T. ) ;
#4734 = CARTESIAN_POINT ( 'NONE',  ( 0.000000000000000000, 1.850152416059160920, 2.310170725898328392 ) ) ;
#4735 = CYLINDRICAL_SURFACE ( 'NONE', #919, 0.2500000000003476108 ) ;
#4736 = FILL_AREA_STYLE ('',( #2324 ) ) ;
#4737 = CARTESIAN_POINT ( 'NONE',  ( 2.649999999999999467, 0.000000000000000000, 0.000000000000000000 ) ) ;
#4738 = EDGE_LOOP ( 'NONE', ( #3424, #715, #1050, #5500, #4177, #1057 ) ) ;
#4739 = EDGE_CURVE ( 'NONE', #5167, #4845, #2302, .T. ) ;
#4740 = SURFACE_STYLE_USAGE ( .BOTH. , #6200 ) ;
#4741 =( NAMED_UNIT ( * ) SI_UNIT ( $, .STERADIAN. ) SOLID_ANGLE_UNIT ( ) );
#4742 = CARTESIAN_POINT ( 'NONE',  ( 12.50000000000000000, -2.761679942142205579, -2.209572282996751014 ) ) ;
#4743 = DIRECTION ( 'NONE',  ( 1.000000000000000000, -0.000000000000000000, -0.000000000000000000 ) ) ;
#4744 = ORIENTED_EDGE ( 'NONE', *, *, #3222, .F. ) ;
#4745 = VECTOR ( 'NONE', #4750, 1000.000000000000000 ) ;
#4746 = ORIENTED_EDGE ( 'NONE', *, *, #2773, .F. ) ;
#4747 = CARTESIAN_POINT ( 'NONE',  ( 3.500000000000000000, -6.450535166378257301, -0.4047073195340796792 ) ) ;
#4748 = DIRECTION ( 'NONE',  ( 0.000000000000000000, 0.000000000000000000, -1.000000000000000000 ) ) ;
#4749 = CYLINDRICAL_SURFACE ( 'NONE', #3775, 0.1550331274601050857 ) ;
#4750 = DIRECTION ( 'NONE',  ( 1.000000000000000000, -0.000000000000000000, 0.000000000000000000 ) ) ;
#4751 = ORIENTED_EDGE ( 'NONE', *, *, #925, .F. ) ;
#4752 = AXIS2_PLACEMENT_3D ( 'NONE', #5649, #3197, #6067 ) ;
#4753 = FILL_AREA_STYLE ('',( #1282 ) ) ;
#4754 = CARTESIAN_POINT ( 'NONE',  ( 0.000000000000000000, 1.586240938091048047, 2.189026805738434334 ) ) ;
#4755 =( LENGTH_UNIT ( ) NAMED_UNIT ( * ) SI_UNIT ( .MILLI., .METRE. ) );
#4756 = CARTESIAN_POINT ( 'NONE',  ( 12.50000000000000000, -5.511447537303415523, -2.424131555432306406 ) ) ;
#4757 =( NAMED_UNIT ( * ) PLANE_ANGLE_UNIT ( ) SI_UNIT ( $, .RADIAN. ) );
#4758 = MECHANICAL_DESIGN_GEOMETRIC_PRESENTATION_REPRESENTATION (  '', ( #1992 ), #4249 ) ;
#4759 = PRESENTATION_STYLE_ASSIGNMENT (( #5318 ) ) ;
#4760 = CYLINDRICAL_SURFACE ( 'NONE', #3893, 1.800000000000000044 ) ;
#4761 = CARTESIAN_POINT ( 'NONE',  ( 9.500000000000001776, -2.015728281175274805, 1.924131555431600971 ) ) ;
#4762 =( GEOMETRIC_REPRESENTATION_CONTEXT ( 3 ) GLOBAL_UNCERTAINTY_ASSIGNED_CONTEXT ( ( #1584 ) ) GLOBAL_UNIT_ASSIGNED_CONTEXT ( ( #2830, #1463, #5357 ) ) REPRESENTATION_CONTEXT ( 'NONE', 'WORKASPACE' ) );
#4763 = SURFACE_STYLE_FILL_AREA ( #1352 ) ;
#4764 =( LENGTH_UNIT ( ) NAMED_UNIT ( * ) SI_UNIT ( .MILLI., .METRE. ) );
#4765 = COLOUR_RGB ( '',0.9372549019607843146, 0.8823529411764705621, 0.8823529411764705621 ) ;
#4766 = EDGE_CURVE ( 'NONE', #4424, #3657, #4160, .T. ) ;
#4767 = PRESENTATION_LAYER_ASSIGNMENT (  '', '', ( #986 ) ) ;
#4768 = DIRECTION ( 'NONE',  ( 0.000000000000000000, 1.000000000000000000, 1.858197974521601389E-16 ) ) ;
#4769 = CARTESIAN_POINT ( 'NONE',  ( 9.500000000000001776, -1.948279784402639159, -2.028884253203868226 ) ) ;
#4770 =( NAMED_UNIT ( * ) PLANE_ANGLE_UNIT ( ) SI_UNIT ( $, .RADIAN. ) );
#4771 = CARTESIAN_POINT ( 'NONE',  ( 3.500000000000000000, -9.449999999999999289, 0.6000000000000014211 ) ) ;
#4772 = ORIENTED_EDGE ( 'NONE', *, *, #1076, .F. ) ;
#4773 = AXIS2_PLACEMENT_3D ( 'NONE', #631, #3660, #2130 ) ;
#4774 = MECHANICAL_DESIGN_GEOMETRIC_PRESENTATION_REPRESENTATION (  '', ( #3854 ), #1288 ) ;
#4775 = ORIENTED_EDGE ( 'NONE', *, *, #5546, .F. ) ;
#4776 = CARTESIAN_POINT ( 'NONE',  ( 9.000000000000001776, -6.450027152990230661, 0.1109081635062156429 ) ) ;
#4777 = CARTESIAN_POINT ( 'NONE',  ( 3.000000000000000000, -5.950522921052325387, -0.4047728636643020961 ) ) ;
#4778 = CARTESIAN_POINT ( 'NONE',  ( -0.5000000000000000000, -0.7599983375294265819, 0.7101240512251330017 ) ) ;
#4779 = CARTESIAN_POINT ( 'NONE',  ( 0.000000000000000000, 0.3902346044188405583, 1.199474824451286725 ) ) ;
#4780 = SURFACE_STYLE_USAGE ( .BOTH. , #5763 ) ;
#4781 = AXIS2_PLACEMENT_3D ( 'NONE', #607, #4447, #1530 ) ;
#4782 = ORIENTED_EDGE ( 'NONE', *, *, #6294, .F. ) ;
#4783 = B_SPLINE_CURVE_WITH_KNOTS ( 'NONE', 3,
 ( #4639, #3613, #2560, #3649, #242 ),
 .UNSPECIFIED., .F., .F.,
 ( 4, 1, 4 ),
 ( 0.8394859867900433814, 0.8750000000000000000, 1.000000000000000000 ),
 .UNSPECIFIED. ) ;
#4784 =( LENGTH_UNIT ( ) NAMED_UNIT ( * ) SI_UNIT ( .MILLI., .METRE. ) );
#4785 =( GEOMETRIC_REPRESENTATION_CONTEXT ( 3 ) GLOBAL_UNCERTAINTY_ASSIGNED_CONTEXT ( ( #5800 ) ) GLOBAL_UNIT_ASSIGNED_CONTEXT ( ( #5341, #6215, #5277 ) ) REPRESENTATION_CONTEXT ( 'NONE', 'WORKASPACE' ) );
#4786 = CARTESIAN_POINT ( 'NONE',  ( 0.000000000000000000, 1.087617498296542085, 2.196531237076412069 ) ) ;
#4787 = CARTESIAN_POINT ( 'NONE',  ( 3.000000000000000000, -0.9536012874044282883, 1.700924626390192484 ) ) ;
#4788 = COLOUR_RGB ( '',0.7960784313725489669, 0.8235294117647058432, 0.9372549019607843146 ) ;
#4789 = UNCERTAINTY_MEASURE_WITH_UNIT (LENGTH_MEASURE( 1.000000000000000082E-05 ), #5664, 'distance_accuracy_value', 'NONE');
#4790 = VERTEX_POINT ( 'NONE', #488 ) ;
#4791 = STYLED_ITEM ( 'NONE', ( #306 ), #870 ) ;
#4792 = DIRECTION ( 'NONE',  ( 0.000000000000000000, 0.000000000000000000, 1.000000000000000000 ) ) ;
#4793 = DIRECTION ( 'NONE',  ( 1.000000000000000000, 0.000000000000000000, -0.000000000000000000 ) ) ;
#4794 = MECHANICAL_DESIGN_GEOMETRIC_PRESENTATION_REPRESENTATION (  '', ( #317 ), #5540 ) ;
#4795 = CARTESIAN_POINT ( 'NONE',  ( 12.50000000000000000, 1.205463676329423306, -1.591861468293960913 ) ) ;
#4796 = AXIS2_PLACEMENT_3D ( 'NONE', #4486, #3418, #1083 ) ;
#4797 = CARTESIAN_POINT ( 'NONE',  ( 9.500000000000001776, -6.450000000000001954, 0.1584447975266691788 ) ) ;
#4798 =( NAMED_UNIT ( * ) PLANE_ANGLE_UNIT ( ) SI_UNIT ( $, .RADIAN. ) );
#4799 = ADVANCED_FACE ( 'NONE', ( #3777 ), #2364, .F. ) ;
#4800 = CARTESIAN_POINT ( 'NONE',  ( 0.000000000000000000, -5.511447537303415523, 2.424131555432306406 ) ) ;
#4801 = ORIENTED_EDGE ( 'NONE', *, *, #5691, .F. ) ;
#4802 = B_SPLINE_SURFACE_WITH_KNOTS ( 'NONE', 3, 1, ( 
 ( #5373, #4715 ),
 ( #5723, #2533 ),
 ( #1732, #6141 ),
 ( #5692, #3216 ) ),
 .UNSPECIFIED., .F., .F., .F.,
 ( 4, 4 ),
 ( 2, 2 ),
 ( 0.000000000000000000, 1.000000000000000000 ),
 ( 0.000000000000000000, 1.000000000000000000 ),
 .UNSPECIFIED. ) ;
#4803 = DIRECTION ( 'NONE',  ( 1.000000000000000000, 0.000000000000000000, -0.000000000000000000 ) ) ;
#4804 = VERTEX_POINT ( 'NONE', #1816 ) ;
#4805 = EDGE_CURVE ( 'NONE', #4990, #4228, #4098, .T. ) ;
#4806 =( NAMED_UNIT ( * ) SI_UNIT ( $, .STERADIAN. ) SOLID_ANGLE_UNIT ( ) );
#4807 = FILL_AREA_STYLE ('',( #5303 ) ) ;
#4808 = EDGE_CURVE ( 'NONE', #2112, #1485, #2923, .T. ) ;
#4809 = DIRECTION ( 'NONE',  ( 1.000000000000000000, -0.000000000000000000, -0.000000000000000000 ) ) ;
#4810 = MECHANICAL_DESIGN_GEOMETRIC_PRESENTATION_REPRESENTATION (  '', ( #2155 ), #1832 ) ;
#4811 = PRESENTATION_STYLE_ASSIGNMENT (( #2807 ) ) ;
#4812 = CARTESIAN_POINT ( 'NONE',  ( 11.85000000000000142, 0.000000000000000000, 1.949999999999999956 ) ) ;
#4813 = FACE_OUTER_BOUND ( 'NONE', #4975, .T. ) ;
#4814 = EDGE_LOOP ( 'NONE', ( #3493, #4573, #2966, #1002 ) ) ;
#4815 = PRESENTATION_LAYER_ASSIGNMENT (  '', '', ( #229 ) ) ;
#4816 = EDGE_CURVE ( 'NONE', #2849, #274, #1394, .T. ) ;
#4817 = SURFACE_STYLE_FILL_AREA ( #3233 ) ;
#4818 = MECHANICAL_DESIGN_GEOMETRIC_PRESENTATION_REPRESENTATION (  '', ( #2264 ), #4725 ) ;
#4819 =( LENGTH_UNIT ( ) NAMED_UNIT ( * ) SI_UNIT ( .MILLI., .METRE. ) );
#4820 = DIRECTION ( 'NONE',  ( 0.000000000000000000, 0.000000000000000000, -1.000000000000000000 ) ) ;
#4821 = CARTESIAN_POINT ( 'NONE',  ( 3.261188451305825353, -6.003329803090577954, -0.5999999999999985345 ) ) ;
#4822 = CARTESIAN_POINT ( 'NONE',  ( 3.000000000000000000, 1.625849179933230415, 1.625406433278026475 ) ) ;
#4823 = EDGE_LOOP ( 'NONE', ( #3080, #3597, #2212, #1909, #6144 ) ) ;
#4824 =( NAMED_UNIT ( * ) PLANE_ANGLE_UNIT ( ) SI_UNIT ( $, .RADIAN. ) );
#4825 = UNCERTAINTY_MEASURE_WITH_UNIT (LENGTH_MEASURE( 1.000000000000000082E-05 ), #3425, 'distance_accuracy_value', 'NONE');
#4826 = CARTESIAN_POINT ( 'NONE',  ( 0.000000000000000000, 1.625849179933230637, -1.625406433278026030 ) ) ;
#4827 = SURFACE_STYLE_FILL_AREA ( #5381 ) ;
#4828 = DIRECTION ( 'NONE',  ( 0.000000000000000000, 0.000000000000000000, 1.000000000000000000 ) ) ;
#4829 = ORIENTED_EDGE ( 'NONE', *, *, #5141, .T. ) ;
#4830 = DIRECTION ( 'NONE',  ( 0.000000000000000000, 0.000000000000000000, -1.000000000000000000 ) ) ;
#4831 = SURFACE_STYLE_USAGE ( .BOTH. , #5323 ) ;
#4832 = CARTESIAN_POINT ( 'NONE',  ( -0.1000000000000011297, -1.898608233058213148E-17, -0.1550331274601050857 ) ) ;
#4833 = CARTESIAN_POINT ( 'NONE',  ( 9.500000000000001776, -5.950000000000009948, 1.362196665616119517 ) ) ;
#4834 = SURFACE_SIDE_STYLE ('',( #5883 ) ) ;
#4835 = ORIENTED_EDGE ( 'NONE', *, *, #3468, .F. ) ;
#4836 = DIRECTION ( 'NONE',  ( 0.000000000000000000, 0.2722482498591757838, -0.9622270472443682499 ) ) ;
#4837 = ORIENTED_EDGE ( 'NONE', *, *, #3461, .F. ) ;
#4838 = PLANE ( 'NONE',  #3328 ) ;
#4839 = CARTESIAN_POINT ( 'NONE',  ( 9.000000000000001776, -6.450000000000001066, -3.202066188419760422E-15 ) ) ;
#4840 =( NAMED_UNIT ( * ) SI_UNIT ( $, .STERADIAN. ) SOLID_ANGLE_UNIT ( ) );
#4841 = FACE_OUTER_BOUND ( 'NONE', #3959, .T. ) ;
#4842 = DIRECTION ( 'NONE',  ( -1.000000000000000000, 0.000000000000000000, 0.000000000000000000 ) ) ;
#4843 = AXIS2_PLACEMENT_3D ( 'NONE', #4476, #2220, #1558 ) ;
#4844 = EDGE_CURVE ( 'NONE', #161, #3693, #1787, .T. ) ;
#4845 = VERTEX_POINT ( 'NONE', #4971 ) ;
#4846 = AXIS2_PLACEMENT_3D ( 'NONE', #483, #3771, #4830 ) ;
#4847 = FILL_AREA_STYLE_COLOUR ( '', #4169 ) ;
#4848 =( NAMED_UNIT ( * ) PLANE_ANGLE_UNIT ( ) SI_UNIT ( $, .RADIAN. ) );
#4849 = SURFACE_STYLE_USAGE ( .BOTH. , #5312 ) ;
#4850 = B_SPLINE_CURVE_WITH_KNOTS ( 'NONE', 3,
 ( #5051, #1148, #646, #6226 ),
 .UNSPECIFIED., .F., .F.,
 ( 4, 4 ),
 ( 0.000000000000000000, 0.0006000005576897567356 ),
 .UNSPECIFIED. ) ;
#4851 = DIRECTION ( 'NONE',  ( -1.000000000000000000, 0.000000000000000000, 0.000000000000000000 ) ) ;
#4852 = ADVANCED_FACE ( 'NONE', ( #2042 ), #4544, .T. ) ;
#4853 = CARTESIAN_POINT ( 'NONE',  ( 9.000000000000001776, -6.449193518580326412, 0.5999999999999985345 ) ) ;
#4854 = VERTEX_POINT ( 'NONE', #4075 ) ;
#4855 =( NAMED_UNIT ( * ) SI_UNIT ( $, .STERADIAN. ) SOLID_ANGLE_UNIT ( ) );
#4856 = AXIS2_PLACEMENT_3D ( 'NONE', #4506, #576, #5874 ) ;
#4857 = CARTESIAN_POINT ( 'NONE',  ( 12.50000000000000000, -5.856555014391710223, 2.390956376934878502 ) ) ;
#4858 = CARTESIAN_POINT ( 'NONE',  ( 3.000000000000000000, 1.967225567140177267, -2.089277364077946952 ) ) ;
#4859 = CARTESIAN_POINT ( 'NONE',  ( 0.000000000000000000, 1.850152416059160920, 2.310170725898328392 ) ) ;
#4860 = VECTOR ( 'NONE', #883, 1000.000000000000000 ) ;
#4861 = B_SPLINE_CURVE_WITH_KNOTS ( 'NONE', 3,
 ( #6197, #2765, #3171, #5165 ),
 .UNSPECIFIED., .F., .F.,
 ( 4, 4 ),
 ( 0.9792420150902091391, 1.000000000000000000 ),
 .UNSPECIFIED. ) ;
#4862 = CARTESIAN_POINT ( 'NONE',  ( 0.000000000000000000, -1.732354142640875505, -2.008456984256251410 ) ) ;
#4863 = CARTESIAN_POINT ( 'NONE',  ( 0.000000000000000000, -1.168370712318190341, 2.153464622091685321 ) ) ;
#4864 = PRESENTATION_STYLE_ASSIGNMENT (( #3018 ) ) ;
#4865 = COLOUR_RGB ( '',0.7960784313725489669, 0.8235294117647058432, 0.9372549019607843146 ) ;
#4866 = EDGE_CURVE ( 'NONE', #5789, #4076, #5188, .T. ) ;
#4867 = FACE_OUTER_BOUND ( 'NONE', #4651, .T. ) ;
#4868 = DIRECTION ( 'NONE',  ( 0.000000000000000000, 0.000000000000000000, -1.000000000000000000 ) ) ;
#4869 = DIRECTION ( 'NONE',  ( 1.000000000000000000, -0.000000000000000000, 0.000000000000000000 ) ) ;
#4870 = EDGE_LOOP ( 'NONE', ( #5989, #4948, #5580, #5669, #4305, #5728 ) ) ;
#4871 = MECHANICAL_DESIGN_GEOMETRIC_PRESENTATION_REPRESENTATION (  '', ( #1490 ), #2002 ) ;
#4872 = VERTEX_POINT ( 'NONE', #610 ) ;
#4873 = SURFACE_SIDE_STYLE ('',( #1980 ) ) ;
#4874 = FILL_AREA_STYLE ('',( #3388 ) ) ;
#4875 = CARTESIAN_POINT ( 'NONE',  ( 0.000000000000000000, -1.948279784402639159, 2.028884253203868226 ) ) ;
#4876 = VECTOR ( 'NONE', #2360, 1000.000000000000000 ) ;
#4877 = COLOUR_RGB ( '',0.7960784313725489669, 0.8235294117647058432, 0.9372549019607843146 ) ;
#4878 = ORIENTED_EDGE ( 'NONE', *, *, #5105, .F. ) ;
#4879 = AXIS2_PLACEMENT_3D ( 'NONE', #3861, #569, #105 ) ;
#4880 = CARTESIAN_POINT ( 'NONE',  ( 9.000000000000001776, -6.450000002576508074, 0.2023508803675937995 ) ) ;
#4881 = DIRECTION ( 'NONE',  ( 0.000000000000000000, 0.000000000000000000, -1.000000000000000000 ) ) ;
#4882 = DIRECTION ( 'NONE',  ( 1.000000000000000000, 0.000000000000000000, 0.000000000000000000 ) ) ;
#4883 = AXIS2_PLACEMENT_3D ( 'NONE', #1015, #3601, #2604 ) ;
#4884 = CARTESIAN_POINT ( 'NONE',  ( 0.000000000000000000, 1.204941612932218797, -2.159121886691410808 ) ) ;
#4885 = EDGE_CURVE ( 'NONE', #3455, #3399, #3314, .T. ) ;
#4886 = PRESENTATION_STYLE_ASSIGNMENT (( #2909 ) ) ;
#4887 = CIRCLE ( 'NONE', #6229, 1.950000000002283684 ) ;
#4888 = CARTESIAN_POINT ( 'NONE',  ( 12.50000000000000000, -6.443823137739610019, -1.061149213459783525 ) ) ;
#4889 =( NAMED_UNIT ( * ) SI_UNIT ( $, .STERADIAN. ) SOLID_ANGLE_UNIT ( ) );
#4890 = MECHANICAL_DESIGN_GEOMETRIC_PRESENTATION_REPRESENTATION (  '', ( #6232 ), #5310 ) ;
#4891 = ORIENTED_EDGE ( 'NONE', *, *, #2275, .F. ) ;
#4892 = SURFACE_STYLE_USAGE ( .BOTH. , #2915 ) ;
#4893 = CARTESIAN_POINT ( 'NONE',  ( 12.50000000000000000, -1.558319229584292698, 2.027625431478922824 ) ) ;
#4894 = EDGE_CURVE ( 'NONE', #4681, #318, #1566, .T. ) ;
#4895 = SURFACE_STYLE_FILL_AREA ( #3976 ) ;
#4896 = FILL_AREA_STYLE ('',( #2481 ) ) ;
#4897 = UNCERTAINTY_MEASURE_WITH_UNIT (LENGTH_MEASURE( 1.000000000000000082E-05 ), #3257, 'distance_accuracy_value', 'NONE');
#4898 = UNCERTAINTY_MEASURE_WITH_UNIT (LENGTH_MEASURE( 1.000000000000000082E-05 ), #1728, 'distance_accuracy_value', 'NONE');
#4899 =( BOUNDED_SURFACE ( )  B_SPLINE_SURFACE ( 3, 2, ( 
 ( #3494, #4433, #5340 ),
 ( #4880, #502, #1445 ),
 ( #564, #4917, #5472 ),
 ( #2871, #1059, #2020 ) ),
 .UNSPECIFIED., .F., .F., .T. ) 
 B_SPLINE_SURFACE_WITH_KNOTS ( ( 4, 4 ),
 ( 3, 3 ),
 ( 0.000000000000000000, 0.0006070569696464957156 ),
 ( 0.000000000000000000, 1.000000000000000000 ),
 .UNSPECIFIED. ) 
 GEOMETRIC_REPRESENTATION_ITEM ( )  RATIONAL_B_SPLINE_SURFACE ( (
 ( 1.000000000000000000, 0.7071067811865475727, 1.000000000000000000),
 ( 1.000000000000000000, 0.7071067811865475727, 1.000000000000000000),
 ( 1.000000000000000000, 0.7071067811865469066, 1.000000000000000000),
 ( 1.000000000000000000, 0.7071067811865469066, 1.000000000000000000) ) ) 
 REPRESENTATION_ITEM ( '' )  SURFACE ( )  );
#4900 = CARTESIAN_POINT ( 'NONE',  ( 12.50000000000000000, 1.204941612932368677, -2.159121886692098258 ) ) ;
#4901 = CARTESIAN_POINT ( 'NONE',  ( 3.000000000000000000, 0.000000000000000000, 0.000000000000000000 ) ) ;
#4902 = CARTESIAN_POINT ( 'NONE',  ( 12.50000000000000000, -5.950000000000000178, 7.286648454926751965E-16 ) ) ;
#4903 =( NAMED_UNIT ( * ) PLANE_ANGLE_UNIT ( ) SI_UNIT ( $, .RADIAN. ) );
#4904 = ORIENTED_EDGE ( 'NONE', *, *, #2528, .F. ) ;
#4905 =( GEOMETRIC_REPRESENTATION_CONTEXT ( 3 ) GLOBAL_UNCERTAINTY_ASSIGNED_CONTEXT ( ( #3414 ) ) GLOBAL_UNIT_ASSIGNED_CONTEXT ( ( #2945, #4001, #4524 ) ) REPRESENTATION_CONTEXT ( 'NONE', 'WORKASPACE' ) );
#4906 = EDGE_CURVE ( 'NONE', #2112, #1546, #993, .T. ) ;
#4907 = ORIENTED_EDGE ( 'NONE', *, *, #1315, .T. ) ;
#4908 = VECTOR ( 'NONE', #2492, 1000.000000000000000 ) ;
#4909 = CARTESIAN_POINT ( 'NONE',  ( 12.50000000000000000, -0.9536012874044283993, -1.700924626390192484 ) ) ;
#4910 = CARTESIAN_POINT ( 'NONE',  ( 9.000000000000001776, -6.450067938952982693, -0.2218163245494267910 ) ) ;
#4911 = SURFACE_STYLE_USAGE ( .BOTH. , #1119 ) ;
#4912 = CARTESIAN_POINT ( 'NONE',  ( 12.50000000000000000, -5.950000000000000178, 7.286648454926723369E-16 ) ) ;
#4913 = ORIENTED_EDGE ( 'NONE', *, *, #6117, .T. ) ;
#4914 = ORIENTED_EDGE ( 'NONE', *, *, #4147, .T. ) ;
#4915 = AXIS2_PLACEMENT_3D ( 'NONE', #1557, #5348, #3012 ) ;
#4916 = COLOUR_RGB ( '',0.9372549019607843146, 0.8823529411764705621, 0.8823529411764705621 ) ;
#4917 = CARTESIAN_POINT ( 'NONE',  ( 9.000000000000000000, -5.950522921052280978, 0.4047728636964318949 ) ) ;
#4918 = CARTESIAN_POINT ( 'NONE',  ( 13.00000000000000178, -5.949999999999998401, 7.286648454926669134E-16 ) ) ;
#4919 = CARTESIAN_POINT ( 'NONE',  ( 3.000000000000000000, -5.950053780576518569, -0.3153696323835121218 ) ) ;
#4920 = SURFACE_STYLE_FILL_AREA ( #2978 ) ;
#4921 = FILL_AREA_STYLE_COLOUR ( '', #2752 ) ;
#4922 = CARTESIAN_POINT ( 'NONE',  ( 12.50000000000000000, -6.331521131137352043, -1.847389710217772318 ) ) ;
#4923 = SURFACE_SIDE_STYLE ('',( #1450 ) ) ;
#4924 = VERTEX_POINT ( 'NONE', #2074 ) ;
#4925 =( LENGTH_UNIT ( ) NAMED_UNIT ( * ) SI_UNIT ( .MILLI., .METRE. ) );
#4926 = CARTESIAN_POINT ( 'NONE',  ( 12.50000000000000000, -2.282428645141714618, 2.102202052405111043 ) ) ;
#4927 = AXIS2_PLACEMENT_3D ( 'NONE', #6196, #3868, #354 ) ;
#4928 = CARTESIAN_POINT ( 'NONE',  ( 12.50000000000000000, -1.168370712318190341, -2.153464622091685321 ) ) ;
#4929 =( NAMED_UNIT ( * ) PLANE_ANGLE_UNIT ( ) SI_UNIT ( $, .RADIAN. ) );
#4930 = PRESENTATION_STYLE_ASSIGNMENT (( #2956 ) ) ;
#4931 = DIRECTION ( 'NONE',  ( 1.000000000000000000, -0.000000000000000000, -0.000000000000000000 ) ) ;
#4932 = CARTESIAN_POINT ( 'NONE',  ( -0.5000000000000000000, -6.450000000000001066, 2.773391560421764486E-15 ) ) ;
#4933 = EDGE_CURVE ( 'NONE', #4442, #4545, #54, .T. ) ;
#4934 =( NAMED_UNIT ( * ) SI_UNIT ( $, .STERADIAN. ) SOLID_ANGLE_UNIT ( ) );
#4935 = FILL_AREA_STYLE ('',( #5427 ) ) ;
#4936 = CARTESIAN_POINT ( 'NONE',  ( 3.000000000000000000, -5.511447537303413746, -1.924131555431612517 ) ) ;
#4937 = CARTESIAN_POINT ( 'NONE',  ( 12.50000000000000000, 1.967225567140177267, 2.089277364077946952 ) ) ;
#4938 = SURFACE_STYLE_FILL_AREA ( #4048 ) ;
#4939 = EDGE_LOOP ( 'NONE', ( #4609, #1398, #5870, #5274 ) ) ;
#4940 = EDGE_CURVE ( 'NONE', #3564, #5126, #2398, .T. ) ;
#4941 = ORIENTED_EDGE ( 'NONE', *, *, #1897, .F. ) ;
#4942 = CARTESIAN_POINT ( 'NONE',  ( 13.00000000000000178, -0.2160022778819082334, -1.027948851782856332 ) ) ;
#4943 =( NAMED_UNIT ( * ) SI_UNIT ( $, .STERADIAN. ) SOLID_ANGLE_UNIT ( ) );
#4944 = CARTESIAN_POINT ( 'NONE',  ( 3.500000000000000000, -6.449193518580326412, -0.5999999999999985345 ) ) ;
#4945 = PLANE ( 'NONE',  #5042 ) ;
#4946 = EDGE_CURVE ( 'NONE', #2332, #4076, #5922, .T. ) ;
#4947 = ORIENTED_EDGE ( 'NONE', *, *, #4906, .T. ) ;
#4948 = ORIENTED_EDGE ( 'NONE', *, *, #3803, .T. ) ;
#4949 = B_SPLINE_CURVE_WITH_KNOTS ( 'NONE', 3,
 ( #3282, #903, #5821, #5305 ),
 .UNSPECIFIED., .F., .F.,
 ( 4, 4 ),
 ( 0.1619895950281568520, 1.000000000000000000 ),
 .UNSPECIFIED. ) ;
#4950 = PRESENTATION_STYLE_ASSIGNMENT (( #2942 ) ) ;
#4951 = STYLED_ITEM ( 'NONE', ( #5775 ), #1835 ) ;
#4952 = EDGE_CURVE ( 'NONE', #1086, #61, #468, .T. ) ;
#4953 = CARTESIAN_POINT ( 'NONE',  ( 0.000000000000000000, 1.769344485267403400, -2.267342643549731918 ) ) ;
#4954 = SURFACE_SIDE_STYLE ('',( #3364 ) ) ;
#4955 = DIRECTION ( 'NONE',  ( -1.000000000000000000, -0.000000000000000000, -0.000000000000000000 ) ) ;
#4956 = FILL_AREA_STYLE ('',( #5869 ) ) ;
#4957 = PRESENTATION_LAYER_ASSIGNMENT (  '', '', ( #2483 ) ) ;
#4958 = ORIENTED_EDGE ( 'NONE', *, *, #1901, .F. ) ;
#4959 = CYLINDRICAL_SURFACE ( 'NONE', #1793, 0.6300351710512541725 ) ;
#4960 = CARTESIAN_POINT ( 'NONE',  ( 3.000000000000000000, 1.204941612932368677, 2.159121886692098258 ) ) ;
#4961 = SURFACE_STYLE_FILL_AREA ( #1012 ) ;
#4962 = SURFACE_STYLE_USAGE ( .BOTH. , #5873 ) ;
#4963 =( GEOMETRIC_REPRESENTATION_CONTEXT ( 3 ) GLOBAL_UNCERTAINTY_ASSIGNED_CONTEXT ( ( #3719 ) ) GLOBAL_UNIT_ASSIGNED_CONTEXT ( ( #3477, #5462, #144 ) ) REPRESENTATION_CONTEXT ( 'NONE', 'WORKASPACE' ) );
#4964 = FACE_OUTER_BOUND ( 'NONE', #2043, .T. ) ;
#4965 =( LENGTH_UNIT ( ) NAMED_UNIT ( * ) SI_UNIT ( .MILLI., .METRE. ) );
#4966 = PRESENTATION_LAYER_ASSIGNMENT (  '', '', ( #2288 ) ) ;
#4967 =( NAMED_UNIT ( * ) SI_UNIT ( $, .STERADIAN. ) SOLID_ANGLE_UNIT ( ) );
#4968 = DIRECTION ( 'NONE',  ( 1.000000000000000000, 0.000000000000000000, 0.000000000000000000 ) ) ;
#4969 = DIRECTION ( 'NONE',  ( 0.000000000000000000, 0.000000000000000000, 1.000000000000000000 ) ) ;
#4970 = EDGE_CURVE ( 'NONE', #61, #6214, #4061, .T. ) ;
#4971 = CARTESIAN_POINT ( 'NONE',  ( 11.85000000000000142, 0.000000000000000000, -1.699999999999999956 ) ) ;
#4972 = VERTEX_POINT ( 'NONE', #2176 ) ;
#4973 = STYLED_ITEM ( 'NONE', ( #2035 ), #2730 ) ;
#4974 = B_SPLINE_SURFACE_WITH_KNOTS ( 'NONE', 3, 1, ( 
 ( #4675, #3909 ),
 ( #2878, #2739 ),
 ( #6176, #1301 ),
 ( #1456, #5720 ) ),
 .UNSPECIFIED., .F., .F., .F.,
 ( 4, 4 ),
 ( 2, 2 ),
 ( 0.000000000000000000, 1.000000000000000000 ),
 ( 0.000000000000000000, 1.000000000000000000 ),
 .UNSPECIFIED. ) ;
#4975 = EDGE_LOOP ( 'NONE', ( #5467, #4460, #2774, #5470, #1879 ) ) ;
#4976 = PLANE ( 'NONE',  #4495 ) ;
#4977 = SURFACE_SIDE_STYLE ('',( #2936 ) ) ;
#4978 = CARTESIAN_POINT ( 'NONE',  ( 9.500000000000001776, -5.950000000000000178, 7.286648454926751965E-16 ) ) ;
#4979 = DIRECTION ( 'NONE',  ( 0.000000000000000000, 0.000000000000000000, -1.000000000000000000 ) ) ;
#4980 = VERTEX_POINT ( 'NONE', #3077 ) ;
#4981 = AXIS2_PLACEMENT_3D ( 'NONE', #147, #3949, #1975 ) ;
#4982 = ORIENTED_EDGE ( 'NONE', *, *, #2187, .F. ) ;
#4983 = MECHANICAL_DESIGN_GEOMETRIC_PRESENTATION_REPRESENTATION (  '', ( #2406 ), #2810 ) ;
#4984 = CARTESIAN_POINT ( 'NONE',  ( 4.399999999999999467, 0.000000000000000000, 0.000000000000000000 ) ) ;
#4985 = CARTESIAN_POINT ( 'NONE',  ( 0.000000000000000000, -1.168370712318190341, 2.153464622091685321 ) ) ;
#4986 =( LENGTH_UNIT ( ) NAMED_UNIT ( * ) SI_UNIT ( .MILLI., .METRE. ) );
#4987 = PRESENTATION_LAYER_ASSIGNMENT (  '', '', ( #5716 ) ) ;
#4988 = CIRCLE ( 'NONE', #5814, 1.949999999999999956 ) ;
#4989 = LINE ( 'NONE', #3565, #2313 ) ;
#4990 = VERTEX_POINT ( 'NONE', #2144 ) ;
#4991 = ADVANCED_FACE ( 'NONE', ( #300 ), #6074, .F. ) ;
#4992 = DIRECTION ( 'NONE',  ( 0.000000000000000000, 0.000000000000000000, 1.000000000000000000 ) ) ;
#4993 = AXIS2_PLACEMENT_3D ( 'NONE', #982, #2511, #546 ) ;
#4994 = UNCERTAINTY_MEASURE_WITH_UNIT (LENGTH_MEASURE( 1.000000000000000082E-05 ), #1588, 'distance_accuracy_value', 'NONE');
#4995 = CARTESIAN_POINT ( 'NONE',  ( 12.50000000000000000, -2.761679942142320154, 2.209572282996065784 ) ) ;
#4996 = CIRCLE ( 'NONE', #2222, 0.6300351710512540615 ) ;
#4997 =( NAMED_UNIT ( * ) SI_UNIT ( $, .STERADIAN. ) SOLID_ANGLE_UNIT ( ) );
#4998 = CARTESIAN_POINT ( 'NONE',  ( 9.500000000000001776, 0.000000000000000000, 0.000000000000000000 ) ) ;
#4999 = CARTESIAN_POINT ( 'NONE',  ( 12.50000000000000000, -1.558319229584292698, 2.027625431478922824 ) ) ;
#5000 = CARTESIAN_POINT ( 'NONE',  ( 13.00000000000000178, -5.949181936419980055, 0.5999999999999989786 ) ) ;
#5001 = SURFACE_SIDE_STYLE ('',( #1424 ) ) ;
#5002 = PRESENTATION_LAYER_ASSIGNMENT (  '', '', ( #2321 ) ) ;
#5003 = SURFACE_STYLE_USAGE ( .BOTH. , #3574 ) ;
#5004 = AXIS2_PLACEMENT_3D ( 'NONE', #966, #2906, #4881 ) ;
#5005 = CARTESIAN_POINT ( 'NONE',  ( 12.50000000000000000, 1.850152416059160920, -2.310170725898328392 ) ) ;
#5006 =( NAMED_UNIT ( * ) SI_UNIT ( $, .STERADIAN. ) SOLID_ANGLE_UNIT ( ) );
#5007 = CARTESIAN_POINT ( 'NONE',  ( 9.500000000000001776, -6.443823137739610019, -1.061149213459783525 ) ) ;
#5008 = VERTEX_POINT ( 'NONE', #671 ) ;
#5009 = STYLED_ITEM ( 'NONE', ( #4683 ), #685 ) ;
#5010 = VERTEX_POINT ( 'NONE', #1261 ) ;
#5011 = EDGE_CURVE ( 'NONE', #5757, #126, #5510, .T. ) ;
#5012 = CARTESIAN_POINT ( 'NONE',  ( 9.000000000000001776, -9.449999999999999289, 0.5999999999999987566 ) ) ;
#5013 = FACE_OUTER_BOUND ( 'NONE', #501, .T. ) ;
#5014 = DIRECTION ( 'NONE',  ( 0.000000000000000000, 0.2722482498591757838, 0.9622270472443682499 ) ) ;
#5015 = CARTESIAN_POINT ( 'NONE',  ( 0.000000000000000000, -6.443823137738911910, -1.061149213459819496 ) ) ;
#5016 = MECHANICAL_DESIGN_GEOMETRIC_PRESENTATION_REPRESENTATION (  '', ( #4791 ), #6240 ) ;
#5017 = CARTESIAN_POINT ( 'NONE',  ( 9.500000000000001776, 1.850152416059487548, 2.310170725897712884 ) ) ;
#5018 = EDGE_LOOP ( 'NONE', ( #225, #3533, #5936, #421, #4744, #769, #2239 ) ) ;
#5019 = B_SPLINE_CURVE_WITH_KNOTS ( 'NONE', 3,
 ( #1766, #1799, #3722, #4727 ),
 .UNSPECIFIED., .F., .F.,
 ( 4, 4 ),
 ( 0.1619895955917463604, 1.000000000000000000 ),
 .UNSPECIFIED. ) ;
#5020 = MECHANICAL_DESIGN_GEOMETRIC_PRESENTATION_REPRESENTATION (  '', ( #6153 ), #3038 ) ;
#5021 = EDGE_LOOP ( 'NONE', ( #2862, #5405, #5552, #1733 ) ) ;
#5022 = ADVANCED_FACE ( 'NONE', ( #1145 ), #1667, .T. ) ;
#5023 = COLOUR_RGB ( '',0.7960784313725489669, 0.8235294117647058432, 0.9372549019607843146 ) ;
#5024 = ADVANCED_FACE ( 'NONE', ( #5658 ), #3039, .F. ) ;
#5025 = CARTESIAN_POINT ( 'NONE',  ( 12.50000000000000000, -2.761679942142205579, -2.209572282996751014 ) ) ;
#5026 =( NAMED_UNIT ( * ) SI_UNIT ( $, .STERADIAN. ) SOLID_ANGLE_UNIT ( ) );
#5027 = SURFACE_SIDE_STYLE ('',( #5512 ) ) ;
#5028 = DIRECTION ( 'NONE',  ( -1.000000000000000000, 0.000000000000000000, 0.000000000000000000 ) ) ;
#5029 = SURFACE_STYLE_FILL_AREA ( #4640 ) ;
#5030 = SURFACE_SIDE_STYLE ('',( #3596 ) ) ;
#5031 = ADVANCED_FACE ( 'NONE', ( #1997 ), #2028, .F. ) ;
#5032 = ORIENTED_EDGE ( 'NONE', *, *, #4335, .T. ) ;
#5033 = CARTESIAN_POINT ( 'NONE',  ( 3.000000000000000000, 2.084298718220865876, -1.868384002258182353 ) ) ;
#5034 = CARTESIAN_POINT ( 'NONE',  ( 9.500000000000001776, -4.869898583757783506, 2.418288910156157989 ) ) ;
#5035 = SURFACE_STYLE_FILL_AREA ( #1525 ) ;
#5036 = COLOUR_RGB ( '',0.7960784313725489669, 0.8235294117647058432, 0.9372549019607843146 ) ;
#5037 =( NAMED_UNIT ( * ) SI_UNIT ( $, .STERADIAN. ) SOLID_ANGLE_UNIT ( ) );
#5038 = B_SPLINE_SURFACE_WITH_KNOTS ( 'NONE', 3, 1, ( 
 ( #5795, #3431 ),
 ( #4407, #1553 ),
 ( #4822, #973 ),
 ( #3368, #2376 ) ),
 .UNSPECIFIED., .F., .F., .F.,
 ( 4, 4 ),
 ( 2, 2 ),
 ( 0.000000000000000000, 1.000000000000000000 ),
 ( 0.000000000000000000, 1.000000000000000000 ),
 .UNSPECIFIED. ) ;
#5039 = DIRECTION ( 'NONE',  ( 1.000000000000000000, -0.000000000000000000, 0.000000000000000000 ) ) ;
#5040 = DIRECTION ( 'NONE',  ( 0.000000000000000000, 6.193993248405338784E-17, -1.000000000000000000 ) ) ;
#5041 = PRESENTATION_STYLE_ASSIGNMENT (( #1228 ) ) ;
#5042 = AXIS2_PLACEMENT_3D ( 'NONE', #3586, #6107, #3612 ) ;
#5043 = FACE_OUTER_BOUND ( 'NONE', #1545, .T. ) ;
#5044 = FILL_AREA_STYLE_COLOUR ( '', #6159 ) ;
#5045 = SURFACE_SIDE_STYLE ('',( #2548 ) ) ;
#5046 =( NAMED_UNIT ( * ) SI_UNIT ( $, .STERADIAN. ) SOLID_ANGLE_UNIT ( ) );
#5047 = DIRECTION ( 'NONE',  ( 0.000000000000000000, 0.000000000000000000, -1.000000000000000000 ) ) ;
#5048 = COLOUR_RGB ( '',0.9372549019607843146, 0.8823529411764705621, 0.8823529411764705621 ) ;
#5049 = EDGE_LOOP ( 'NONE', ( #3673, #4095, #1713, #6316, #1048, #570 ) ) ;
#5050 = EDGE_LOOP ( 'NONE', ( #222, #1648 ) ) ;
#5051 = CARTESIAN_POINT ( 'NONE',  ( 12.50000000000000000, -5.949181936419980943, 0.5999999999999992006 ) ) ;
#5052 = PRESENTATION_STYLE_ASSIGNMENT (( #739 ) ) ;
#5053 = DIRECTION ( 'NONE',  ( 0.000000000000000000, 0.000000000000000000, 1.000000000000000000 ) ) ;
#5054 = UNCERTAINTY_MEASURE_WITH_UNIT (LENGTH_MEASURE( 1.000000000000000082E-05 ), #1791, 'distance_accuracy_value', 'NONE');
#5055 = CARTESIAN_POINT ( 'NONE',  ( 9.500000000000001776, -5.950416102733617763, -0.4203240015334918089 ) ) ;
#5056 = UNCERTAINTY_MEASURE_WITH_UNIT (LENGTH_MEASURE( 1.000000000000000082E-05 ), #2203, 'distance_accuracy_value', 'NONE');
#5057 = CARTESIAN_POINT ( 'NONE',  ( 13.00000000000000178, -0.2160022778819082334, -1.027948851782856332 ) ) ;
#5058 = ORIENTED_EDGE ( 'NONE', *, *, #4652, .F. ) ;
#5059 = ORIENTED_EDGE ( 'NONE', *, *, #4043, .T. ) ;
#5060 = CARTESIAN_POINT ( 'NONE',  ( 9.000000000000001776, -6.450081840198148342, 0.2772704267438424464 ) ) ;
#5061 = CARTESIAN_POINT ( 'NONE',  ( 3.000000000000000000, 1.381018271236925665, -2.152131625432586848 ) ) ;
#5062 = PRESENTATION_STYLE_ASSIGNMENT (( #782 ) ) ;
#5063 = EDGE_CURVE ( 'NONE', #871, #4394, #2952, .T. ) ;
#5064 = ORIENTED_EDGE ( 'NONE', *, *, #3668, .T. ) ;
#5065 = AXIS2_PLACEMENT_3D ( 'NONE', #1432, #3880, #4868 ) ;
#5066 = DIRECTION ( 'NONE',  ( 0.000000000000000000, 0.000000000000000000, -1.000000000000000000 ) ) ;
#5067 =( BOUNDED_SURFACE ( )  B_SPLINE_SURFACE ( 3, 2, ( 
 ( #4509, #548, #579 ),
 ( #2037, #4013, #5984 ),
 ( #4044, #4662, #3203 ),
 ( #5107, #4630, #200 ) ),
 .UNSPECIFIED., .F., .F., .T. ) 
 B_SPLINE_SURFACE_WITH_KNOTS ( ( 4, 4 ),
 ( 3, 3 ),
 ( 0.000000000000000000, 0.0006070569715331683913 ),
 ( 0.000000000000000000, 1.000000000000000000 ),
 .UNSPECIFIED. ) 
 GEOMETRIC_REPRESENTATION_ITEM ( )  RATIONAL_B_SPLINE_SURFACE ( (
 ( 1.000000000000000000, 0.7071067811865475727, 1.000000000000000000),
 ( 1.000000000000000000, 0.7071067811865475727, 1.000000000000000000),
 ( 1.000000000000000000, 0.7071067811865475727, 1.000000000000000000),
 ( 1.000000000000000000, 0.7071067811865475727, 1.000000000000000000) ) ) 
 REPRESENTATION_ITEM ( '' )  SURFACE ( )  );
#5068 = FILL_AREA_STYLE_COLOUR ( '', #5076 ) ;
#5069 = LINE ( 'NONE', #4928, #2534 ) ;
#5070 = ADVANCED_FACE ( 'NONE', ( #5871 ), #4959, .T. ) ;
#5071 = CARTESIAN_POINT ( 'NONE',  ( -0.5000000000000000000, -5.950548219829772556, 0.4048723442808021544 ) ) ;
#5072 = FACE_OUTER_BOUND ( 'NONE', #3315, .T. ) ;
#5073 = CYLINDRICAL_SURFACE ( 'NONE', #5665, 0.6300351710512541725 ) ;
#5074 =( NAMED_UNIT ( * ) SI_UNIT ( $, .STERADIAN. ) SOLID_ANGLE_UNIT ( ) );
#5075 = VERTEX_POINT ( 'NONE', #5589 ) ;
#5076 = COLOUR_RGB ( '',0.7960784313725489669, 0.8235294117647058432, 0.9372549019607843146 ) ;
#5077 = EDGE_LOOP ( 'NONE', ( #2164, #1113, #3174, #3231, #5338 ) ) ;
#5078 = EDGE_CURVE ( 'NONE', #2611, #3492, #758, .T. ) ;
#5079 = DIRECTION ( 'NONE',  ( 0.000000000000000000, 0.000000000000000000, -1.000000000000000000 ) ) ;
#5080 =( NAMED_UNIT ( * ) SI_UNIT ( $, .STERADIAN. ) SOLID_ANGLE_UNIT ( ) );
#5081 = CARTESIAN_POINT ( 'NONE',  ( 9.500000000000001776, -6.450000000000001066, -2.544803959115682914E-15 ) ) ;
#5082 = DIRECTION ( 'NONE',  ( 1.000000000000000000, 0.000000000000000000, -0.000000000000000000 ) ) ;
#5083 = VECTOR ( 'NONE', #4536, 1000.000000000000227 ) ;
#5084 = DIRECTION ( 'NONE',  ( 0.000000000000000000, 0.000000000000000000, -1.000000000000000000 ) ) ;
#5085 = EDGE_LOOP ( 'NONE', ( #6274, #4195, #1876, #3962 ) ) ;
#5086 = ORIENTED_EDGE ( 'NONE', *, *, #2658, .T. ) ;
#5087 = AXIS2_PLACEMENT_3D ( 'NONE', #1321, #4731, #2786 ) ;
#5088 = CARTESIAN_POINT ( 'NONE',  ( 9.500000000000001776, -4.153955876093410993, -2.386934677901304980 ) ) ;
#5089 = SURFACE_STYLE_USAGE ( .BOTH. , #4144 ) ;
#5091 = FACE_OUTER_BOUND ( 'NONE', #95, .T. ) ;
#5090 = STYLED_ITEM ( 'NONE', ( #2637 ), #4991 ) ;
#5092 = AXIS2_PLACEMENT_3D ( 'NONE', #2394, #1822, #2278 ) ;
#5093 = B_SPLINE_CURVE_WITH_KNOTS ( 'NONE', 3,
 ( #5948, #2415, #4477, #4932 ),
 .UNSPECIFIED., .F., .F.,
 ( 4, 4 ),
 ( 0.000000000000000000, 0.0006000005420099865363 ),
 .UNSPECIFIED. ) ;
#5094 = CARTESIAN_POINT ( 'NONE',  ( 0.6499999999999995781, 0.000000000000000000, -1.699999999999999956 ) ) ;
#5095 = VECTOR ( 'NONE', #6091, 1000.000000000000000 ) ;
#5096 = ORIENTED_EDGE ( 'NONE', *, *, #4223, .T. ) ;
#5097 = PRESENTATION_LAYER_ASSIGNMENT (  '', '', ( #188 ) ) ;
#5098 = CARTESIAN_POINT ( 'NONE',  ( -0.5000000000000000000, -0.2160022778819082334, 1.027948851782856332 ) ) ;
#5099 = B_SPLINE_CURVE_WITH_KNOTS ( 'NONE', 3,
 ( #1621, #135, #1582, #6002 ),
 .UNSPECIFIED., .F., .F.,
 ( 4, 4 ),
 ( 0.000000000000000000, 0.8380104049718439807 ),
 .UNSPECIFIED. ) ;
#5100 = DIRECTION ( 'NONE',  ( -1.000000000000000000, 0.000000000000000000, 0.000000000000000000 ) ) ;
#5101 = FILL_AREA_STYLE_COLOUR ( '', #913 ) ;
#5102 = SURFACE_STYLE_USAGE ( .BOTH. , #5132 ) ;
#5103 = CARTESIAN_POINT ( 'NONE',  ( 0.000000000000000000, -2.761679942142320154, -2.209572282996065784 ) ) ;
#5104 = PRESENTATION_LAYER_ASSIGNMENT (  '', '', ( #2613 ) ) ;
#5105 = EDGE_CURVE ( 'NONE', #2457, #5156, #2683, .T. ) ;
#5106 = CIRCLE ( 'NONE', #597, 0.2500000000003476108 ) ;
#5107 = CARTESIAN_POINT ( 'NONE',  ( 9.500000000000001776, -5.949157067559266210, -0.6036205310216880005 ) ) ;
#5108 = PLANE ( 'NONE',  #2439 ) ;
#5109 = COLOUR_RGB ( '',0.9372549019607843146, 0.8823529411764705621, 0.8823529411764705621 ) ;
#5110 = DIRECTION ( 'NONE',  ( 1.000000000000000000, -0.000000000000000000, 0.000000000000000000 ) ) ;
#5111 = SURFACE_STYLE_USAGE ( .BOTH. , #2733 ) ;
#5112 = ORIENTED_EDGE ( 'NONE', *, *, #1555, .F. ) ;
#5113 = MECHANICAL_DESIGN_GEOMETRIC_PRESENTATION_REPRESENTATION (  '', ( #4279 ), #4465 ) ;
#5114 = ORIENTED_EDGE ( 'NONE', *, *, #1611, .F. ) ;
#5115 = MECHANICAL_DESIGN_GEOMETRIC_PRESENTATION_REPRESENTATION (  '', ( #5207 ), #4184 ) ;
#5116 = CARTESIAN_POINT ( 'NONE',  ( 3.000000000000000000, -3.416280893695073484, -2.317750945013471231 ) ) ;
#5117 = FACE_OUTER_BOUND ( 'NONE', #3921, .T. ) ;
#5118 = CARTESIAN_POINT ( 'NONE',  ( 0.000000000000000000, -0.9536012874044283993, -1.700924626390192484 ) ) ;
#5119 = DIRECTION ( 'NONE',  ( -1.000000000000000000, 0.000000000000000000, 0.000000000000000000 ) ) ;
#5120 = ORIENTED_EDGE ( 'NONE', *, *, #5252, .T. ) ;
#5121 = EDGE_CURVE ( 'NONE', #1281, #4980, #5648, .T. ) ;
#5122 = ORIENTED_EDGE ( 'NONE', *, *, #2063, .F. ) ;
#5123 = DIRECTION ( 'NONE',  ( 0.000000000000000000, 0.000000000000000000, -1.000000000000000000 ) ) ;
#5124 = B_SPLINE_CURVE_WITH_KNOTS ( 'NONE', 3,
 ( #1481, #599, #4438, #6000 ),
 .UNSPECIFIED., .F., .F.,
 ( 4, 4 ),
 ( 0.000000000000000000, 0.8380104049718442027 ),
 .UNSPECIFIED. ) ;
#5125 = AXIS2_PLACEMENT_3D ( 'NONE', #2403, #2756, #5278 ) ;
#5126 = VERTEX_POINT ( 'NONE', #3694 ) ;
#5127 = DIRECTION ( 'NONE',  ( -1.000000000000000000, 0.000000000000000000, 0.000000000000000000 ) ) ;
#5128 = ORIENTED_EDGE ( 'NONE', *, *, #6137, .T. ) ;
#5129 = PRESENTATION_LAYER_ASSIGNMENT (  '', '', ( #214 ) ) ;
#5130 = CARTESIAN_POINT ( 'NONE',  ( 3.000000000000000000, -5.511447537303415523, 2.424131555432306406 ) ) ;
#5131 = DIRECTION ( 'NONE',  ( -1.000000000000000000, 0.000000000000000000, 0.000000000000000000 ) ) ;
#5132 = SURFACE_SIDE_STYLE ('',( #5524 ) ) ;
#5133 = DIRECTION ( 'NONE',  ( 1.000000000000000000, 0.000000000000000000, 0.000000000000000000 ) ) ;
#5134 = MECHANICAL_DESIGN_GEOMETRIC_PRESENTATION_REPRESENTATION (  '', ( #4197 ), #3045 ) ;
#5135 = CARTESIAN_POINT ( 'NONE',  ( 3.000000000000000000, -4.869898583757783506, -2.418288910156157989 ) ) ;
#5136 = STYLED_ITEM ( 'NONE', ( #1042 ), #4434 ) ;
#5137 = LINE ( 'NONE', #762, #2686 ) ;
#5138 = CARTESIAN_POINT ( 'NONE',  ( 12.50000000000000000, 1.769344485267403400, 2.267342643549731918 ) ) ;
#5139 = SURFACE_STYLE_FILL_AREA ( #2635 ) ;
#5140 = ORIENTED_EDGE ( 'NONE', *, *, #5690, .T. ) ;
#5141 = EDGE_CURVE ( 'NONE', #1692, #4123, #4654, .T. ) ;
#5142 =( GEOMETRIC_REPRESENTATION_CONTEXT ( 3 ) GLOBAL_UNCERTAINTY_ASSIGNED_CONTEXT ( ( #4386 ) ) GLOBAL_UNIT_ASSIGNED_CONTEXT ( ( #390, #5493, #5464 ) ) REPRESENTATION_CONTEXT ( 'NONE', 'WORKASPACE' ) );
#5143 = ORIENTED_EDGE ( 'NONE', *, *, #3642, .F. ) ;
#5144 = CARTESIAN_POINT ( 'NONE',  ( 0.000000000000000000, -4.869898583757783506, -2.418288910156157989 ) ) ;
#5145 =( LENGTH_UNIT ( ) NAMED_UNIT ( * ) SI_UNIT ( .MILLI., .METRE. ) );
#5146 = SURFACE_SIDE_STYLE ('',( #3709 ) ) ;
#5147 = CARTESIAN_POINT ( 'NONE',  ( 12.50000000000000000, -1.031603706871464743, -1.670078913344185345 ) ) ;
#5148 =( LENGTH_UNIT ( ) NAMED_UNIT ( * ) SI_UNIT ( .MILLI., .METRE. ) );
#5149 = EDGE_LOOP ( 'NONE', ( #3971, #5496, #4751, #5926 ) ) ;
#5150 = EDGE_CURVE ( 'NONE', #3927, #1692, #92, .T. ) ;
#5151 = ORIENTED_EDGE ( 'NONE', *, *, #4458, .T. ) ;
#5152 = SURFACE_SIDE_STYLE ('',( #2655 ) ) ;
#5153 =( LENGTH_UNIT ( ) NAMED_UNIT ( * ) SI_UNIT ( .MILLI., .METRE. ) );
#5154 = FILL_AREA_STYLE_COLOUR ( '', #2437 ) ;
#5155 = FACE_OUTER_BOUND ( 'NONE', #5997, .T. ) ;
#5156 = VERTEX_POINT ( 'NONE', #2166 ) ;
#5157 = ORIENTED_EDGE ( 'NONE', *, *, #4694, .T. ) ;
#5158 = FILL_AREA_STYLE ('',( #5068 ) ) ;
#5159 = CARTESIAN_POINT ( 'NONE',  ( 12.94585658470123768, -6.188004364894990061, 0.5999999999999989786 ) ) ;
#5160 = SURFACE_STYLE_USAGE ( .BOTH. , #2661 ) ;
#5161 = SURFACE_STYLE_FILL_AREA ( #3168 ) ;
#5162 = AXIS2_PLACEMENT_3D ( 'NONE', #4391, #953, #521 ) ;
#5163 = FACE_OUTER_BOUND ( 'NONE', #106, .T. ) ;
#5164 = CIRCLE ( 'NONE', #1351, 1.949999999999999734 ) ;
#5165 = CARTESIAN_POINT ( 'NONE',  ( 12.50000000000000000, -0.9536012874044282883, -1.700924626390192484 ) ) ;
#5166 = FILL_AREA_STYLE_COLOUR ( '', #1079 ) ;
#5167 = VERTEX_POINT ( 'NONE', #254 ) ;
#5168 = EDGE_LOOP ( 'NONE', ( #596, #1694, #5759, #2027, #5964, #2554, #6076, #1786, #5176, #552 ) ) ;
#5169 = COLOUR_RGB ( '',0.9372549019607843146, 0.8823529411764705621, 0.8823529411764705621 ) ;
#5170 =( LENGTH_UNIT ( ) NAMED_UNIT ( * ) SI_UNIT ( .MILLI., .METRE. ) );
#5171 = CARTESIAN_POINT ( 'NONE',  ( 12.50000000000000000, -6.449162802238361358, -0.6000000000000006439 ) ) ;
#5172 = EDGE_CURVE ( 'NONE', #2745, #1574, #4229, .T. ) ;
#5173 = CARTESIAN_POINT ( 'NONE',  ( 9.500000000000001776, -5.627658374173602596, 2.424131555431612739 ) ) ;
#5174 = DIRECTION ( 'NONE',  ( 0.000000000000000000, 0.000000000000000000, -1.000000000000000000 ) ) ;
#5175 = CARTESIAN_POINT ( 'NONE',  ( -0.5000000000000000000, -9.449999999999999289, -0.5999999999999987566 ) ) ;
#5176 = ORIENTED_EDGE ( 'NONE', *, *, #3002, .F. ) ;
#5177 = AXIS2_PLACEMENT_3D ( 'NONE', #2633, #5655, #2727 ) ;
#5178 = ORIENTED_EDGE ( 'NONE', *, *, #5906, .T. ) ;
#5179 =( GEOMETRIC_REPRESENTATION_CONTEXT ( 3 ) GLOBAL_UNCERTAINTY_ASSIGNED_CONTEXT ( ( #1795 ) ) GLOBAL_UNIT_ASSIGNED_CONTEXT ( ( #255, #759, #4626 ) ) REPRESENTATION_CONTEXT ( 'NONE', 'WORKASPACE' ) );
#5180 = LINE ( 'NONE', #2804, #6035 ) ;
#5181 = DIRECTION ( 'NONE',  ( -1.000000000000000000, 0.000000000000000000, 0.000000000000000000 ) ) ;
#5182 = SURFACE_STYLE_FILL_AREA ( #781 ) ;
#5183 = FACE_BOUND ( 'NONE', #2255, .T. ) ;
#5184 = SURFACE_STYLE_USAGE ( .BOTH. , #6116 ) ;
#5185 = UNCERTAINTY_MEASURE_WITH_UNIT (LENGTH_MEASURE( 1.000000000000000082E-05 ), #5463, 'distance_accuracy_value', 'NONE');
#5186 = EDGE_LOOP ( 'NONE', ( #3351, #4019, #2051, #3217, #3650, #725, #1725, #1364, #5816, #4634 ) ) ;
#5187 = SURFACE_SIDE_STYLE ('',( #4241 ) ) ;
#5188 = CIRCLE ( 'NONE', #675, 2.450000000002283684 ) ;
#5189 =( NAMED_UNIT ( * ) SI_UNIT ( $, .STERADIAN. ) SOLID_ANGLE_UNIT ( ) );
#5190 = PRESENTATION_STYLE_ASSIGNMENT (( #3724 ) ) ;
#5191 = DIRECTION ( 'NONE',  ( -1.000000000000000000, -0.000000000000000000, -0.000000000000000000 ) ) ;
#5192 = MECHANICAL_DESIGN_GEOMETRIC_PRESENTATION_REPRESENTATION (  '', ( #885 ), #3847 ) ;
#5193 = ADVANCED_FACE ( 'NONE', ( #2094 ), #1161, .T. ) ;
#5194 = UNCERTAINTY_MEASURE_WITH_UNIT (LENGTH_MEASURE( 1.000000000000000082E-05 ), #740, 'distance_accuracy_value', 'NONE');
#5195 = SURFACE_SIDE_STYLE ('',( #296 ) ) ;
#5196 = CARTESIAN_POINT ( 'NONE',  ( 4.399999999999999467, 0.000000000000000000, 0.000000000000000000 ) ) ;
#5197 =( GEOMETRIC_REPRESENTATION_CONTEXT ( 3 ) GLOBAL_UNCERTAINTY_ASSIGNED_CONTEXT ( ( #680 ) ) GLOBAL_UNIT_ASSIGNED_CONTEXT ( ( #4067, #1136, #5675 ) ) REPRESENTATION_CONTEXT ( 'NONE', 'WORKASPACE' ) );
#5198 = DIRECTION ( 'NONE',  ( 1.000000000000000000, -0.000000000000000000, -0.000000000000000000 ) ) ;
#5199 = CARTESIAN_POINT ( 'NONE',  ( 9.500000000000001776, -5.892247557083051035, -1.924131555431609852 ) ) ;
#5200 = COLOUR_RGB ( '',0.7960784313725489669, 0.8235294117647058432, 0.9372549019607843146 ) ;
#5201 = DIRECTION ( 'NONE',  ( 0.000000000000000000, -6.193993248405337552E-17, -1.000000000000000000 ) ) ;
#5202 = CARTESIAN_POINT ( 'NONE',  ( 9.500000000000001776, 1.967225567140177267, 2.089277364077946952 ) ) ;
#5203 = MECHANICAL_DESIGN_GEOMETRIC_PRESENTATION_REPRESENTATION (  '', ( #4371 ), #4680 ) ;
#5204 = CARTESIAN_POINT ( 'NONE',  ( 9.500000000000001776, -6.450574693421724959, 0.4911150690505905470 ) ) ;
#5205 =( LENGTH_UNIT ( ) NAMED_UNIT ( * ) SI_UNIT ( .MILLI., .METRE. ) );
#5206 = ORIENTED_EDGE ( 'NONE', *, *, #50, .F. ) ;
#5207 = STYLED_ITEM ( 'NONE', ( #4092 ), #553 ) ;
#5208 = EDGE_LOOP ( 'NONE', ( #2276, #5908, #4204, #183, #4520, #53, #4431, #2982, #2569, #5923, #4142, #4196, #3456 ) ) ;
#5209 = CARTESIAN_POINT ( 'NONE',  ( 9.000000000000001776, -6.317137804267295209, 0.5999999999999985345 ) ) ;
#5210 = CARTESIAN_POINT ( 'NONE',  ( 0.000000000000000000, -5.950000000000001954, -0.2000001858965863022 ) ) ;
#5211 = CARTESIAN_POINT ( 'NONE',  ( 13.00000000000000178, -0.2160022778819082334, -0.3979136807316022151 ) ) ;
#5212 = AXIS2_PLACEMENT_3D ( 'NONE', #2188, #2565, #719 ) ;
#5213 = PRESENTATION_STYLE_ASSIGNMENT (( #6212 ) ) ;
#5214 = UNCERTAINTY_MEASURE_WITH_UNIT (LENGTH_MEASURE( 1.000000000000000082E-05 ), #2791, 'distance_accuracy_value', 'NONE');
#5215 = CARTESIAN_POINT ( 'NONE',  ( 12.50000000000000000, -3.416280893695073484, 2.317750945013471231 ) ) ;
#5216 = ORIENTED_EDGE ( 'NONE', *, *, #1527, .T. ) ;
#5217 = SURFACE_SIDE_STYLE ('',( #3232 ) ) ;
#5218 = CARTESIAN_POINT ( 'NONE',  ( 0.000000000000000000, -5.949181936419980055, 0.6000000000000005329 ) ) ;
#5219 = SURFACE_SIDE_STYLE ('',( #3200 ) ) ;
#5220 = EDGE_CURVE ( 'NONE', #871, #2112, #6317, .T. ) ;
#5221 = PRESENTATION_LAYER_ASSIGNMENT (  '', '', ( #815 ) ) ;
#5222 =( LENGTH_UNIT ( ) NAMED_UNIT ( * ) SI_UNIT ( .MILLI., .METRE. ) );
#5223 =( GEOMETRIC_REPRESENTATION_CONTEXT ( 3 ) GLOBAL_UNCERTAINTY_ASSIGNED_CONTEXT ( ( #52 ) ) GLOBAL_UNIT_ASSIGNED_CONTEXT ( ( #5612, #2162, #6148 ) ) REPRESENTATION_CONTEXT ( 'NONE', 'WORKASPACE' ) );
#5224 = SURFACE_SIDE_STYLE ('',( #505 ) ) ;
#5225 = EDGE_CURVE ( 'NONE', #2145, #3514, #6121, .T. ) ;
#5226 = SURFACE_STYLE_USAGE ( .BOTH. , #3242 ) ;
#5227 = CARTESIAN_POINT ( 'NONE',  ( 9.500000000000001776, -5.511447537303413746, 1.924131555431612517 ) ) ;
#5228 = FILL_AREA_STYLE_COLOUR ( '', #894 ) ;
#5229 = UNCERTAINTY_MEASURE_WITH_UNIT (LENGTH_MEASURE( 1.000000000000000082E-05 ), #1785, 'distance_accuracy_value', 'NONE');
#5230 = STYLED_ITEM ( 'NONE', ( #1013 ), #4417 ) ;
#5231 = PRESENTATION_STYLE_ASSIGNMENT (( #3210 ) ) ;
#5232 = CYLINDRICAL_SURFACE ( 'NONE', #380, 0.2499999999999997780 ) ;
#5233 = FACE_OUTER_BOUND ( 'NONE', #705, .T. ) ;
#5234 = CARTESIAN_POINT ( 'NONE',  ( 12.50000000000000000, -9.449999999999999289, -0.6000000000000010880 ) ) ;
#5235 = CARTESIAN_POINT ( 'NONE',  ( 0.000000000000000000, -5.950000000000000178, -7.286648454926723369E-16 ) ) ;
#5236 = CARTESIAN_POINT ( 'NONE',  ( 0.000000000000000000, -6.450000000000001066, 2.544803959115682914E-15 ) ) ;
#5237 = AXIS2_PLACEMENT_3D ( 'NONE', #3180, #3147, #335 ) ;
#5238 = ORIENTED_EDGE ( 'NONE', *, *, #4534, .F. ) ;
#5239 = DIRECTION ( 'NONE',  ( 1.000000000000000000, 0.000000000000000000, 0.000000000000000000 ) ) ;
#5240 = ORIENTED_EDGE ( 'NONE', *, *, #1689, .T. ) ;
#5241 = MECHANICAL_DESIGN_GEOMETRIC_PRESENTATION_REPRESENTATION (  '', ( #1653 ), #1328 ) ;
#5242 =( NAMED_UNIT ( * ) PLANE_ANGLE_UNIT ( ) SI_UNIT ( $, .RADIAN. ) );
#5243 = CARTESIAN_POINT ( 'NONE',  ( 3.000000000000000000, -4.869898583757766630, 2.418288910156850768 ) ) ;
#5244 = CARTESIAN_POINT ( 'NONE',  ( 3.000000000000000000, -6.422442313217244347, -1.465803793296738489 ) ) ;
#5245 = CARTESIAN_POINT ( 'NONE',  ( 0.6499999999999995781, 0.000000000000000000, 0.000000000000000000 ) ) ;
#5246 =( GEOMETRIC_REPRESENTATION_CONTEXT ( 3 ) GLOBAL_UNCERTAINTY_ASSIGNED_CONTEXT ( ( #4038 ) ) GLOBAL_UNIT_ASSIGNED_CONTEXT ( ( #4413, #3472, #2879 ) ) REPRESENTATION_CONTEXT ( 'NONE', 'WORKASPACE' ) );
#5247 = VERTEX_POINT ( 'NONE', #910 ) ;
#5248 = DIRECTION ( 'NONE',  ( 0.000000000000000000, -0.2722482498591757283, -0.9622270472443682499 ) ) ;
#5249 = ADVANCED_FACE ( 'NONE', ( #2720 ), #790, .T. ) ;
#5250 = CARTESIAN_POINT ( 'NONE',  ( 9.500000000000001776, 0.000000000000000000, 0.000000000000000000 ) ) ;
#5251 = CARTESIAN_POINT ( 'NONE',  ( 3.000000000000000000, 0.8231422074094451036, -1.767749107305984779 ) ) ;
#5252 = EDGE_CURVE ( 'NONE', #4924, #3782, #320, .T. ) ;
#5253 = CARTESIAN_POINT ( 'NONE',  ( 0.000000000000000000, 0.8231422074094451036, -1.767749107305984779 ) ) ;
#5254 = SURFACE_STYLE_USAGE ( .BOTH. , #6168 ) ;
#5255 = DIRECTION ( 'NONE',  ( 1.000000000000000000, -0.000000000000000000, 0.000000000000000000 ) ) ;
#5256 = SURFACE_STYLE_USAGE ( .BOTH. , #3829 ) ;
#5257 = CARTESIAN_POINT ( 'NONE',  ( 9.238493004561707522, -6.003516497311728095, -0.6000000000000008660 ) ) ;
#5258 = AXIS2_PLACEMENT_3D ( 'NONE', #4606, #4542, #3137 ) ;
#5259 = CARTESIAN_POINT ( 'NONE',  ( 13.00000000000000178, -5.949181936419980055, 0.5999999999999989786 ) ) ;
#5260 = CYLINDRICAL_SURFACE ( 'NONE', #855, 0.2500000000003476108 ) ;
#5261 = CARTESIAN_POINT ( 'NONE',  ( 9.500000000000001776, 1.769344485267403400, 2.267342643549731918 ) ) ;
#5262 = ORIENTED_EDGE ( 'NONE', *, *, #5461, .F. ) ;
#5263 = AXIS2_PLACEMENT_3D ( 'NONE', #4194, #5911, #1043 ) ;
#5264 = EDGE_CURVE ( 'NONE', #3037, #4483, #5019, .T. ) ;
#5265 = VERTEX_POINT ( 'NONE', #6186 ) ;
#5266 = CARTESIAN_POINT ( 'NONE',  ( 3.000000000000000000, 1.850152416059160920, 2.310170725898328392 ) ) ;
#5267 = APPLICATION_CONTEXT ( 'automotive_design' ) ;
#5268 = CARTESIAN_POINT ( 'NONE',  ( 3.000000000000000000, -5.949157067572225621, -0.6036205291350632551 ) ) ;
#5269 = DIRECTION ( 'NONE',  ( 0.000000000000000000, 1.000000000000000000, 6.193993248405337552E-17 ) ) ;
#5270 = SURFACE_SIDE_STYLE ('',( #1912 ) ) ;
#5271 = MECHANICAL_DESIGN_GEOMETRIC_PRESENTATION_REPRESENTATION (  '', ( #3608 ), #563 ) ;
#5272 = CARTESIAN_POINT ( 'NONE',  ( 13.00000000000000178, -6.449193518580324636, 0.5999999999999989786 ) ) ;
#5273 = SURFACE_STYLE_USAGE ( .BOTH. , #1590 ) ;
#5274 = ORIENTED_EDGE ( 'NONE', *, *, #4237, .F. ) ;
#5275 = COLOUR_RGB ( '',0.9372549019607843146, 0.8823529411764705621, 0.8823529411764705621 ) ;
#5276 = FACE_OUTER_BOUND ( 'NONE', #777, .T. ) ;
#5277 =( NAMED_UNIT ( * ) SI_UNIT ( $, .STERADIAN. ) SOLID_ANGLE_UNIT ( ) );
#5278 = DIRECTION ( 'NONE',  ( 0.000000000000000000, -0.2722482498591756728, 0.9622270472443682499 ) ) ;
#5279 = SURFACE_STYLE_FILL_AREA ( #4283 ) ;
#5280 = VECTOR ( 'NONE', #3272, 1000.000000000000000 ) ;
#5281 = CARTESIAN_POINT ( 'NONE',  ( 3.000000000000000000, 1.850152416059160920, 2.310170725898328392 ) ) ;
#5282 =( NAMED_UNIT ( * ) SI_UNIT ( $, .STERADIAN. ) SOLID_ANGLE_UNIT ( ) );
#5283 = ORIENTED_EDGE ( 'NONE', *, *, #2375, .T. ) ;
#5284 = EDGE_CURVE ( 'NONE', #4374, #586, #1855, .T. ) ;
#5285 = CIRCLE ( 'NONE', #2699, 2.450000000001589129 ) ;
#5286 = CARTESIAN_POINT ( 'NONE',  ( 8.100000000000001421, 0.000000000000000000, 0.000000000000000000 ) ) ;
#5287 = CYLINDRICAL_SURFACE ( 'NONE', #1459, 1.949999999999999734 ) ;
#5288 = STYLED_ITEM ( 'NONE', ( #2567 ), #4625 ) ;
#5289 = CARTESIAN_POINT ( 'NONE',  ( 0.000000000000000000, -9.449999999999999289, 0.6000000000000010880 ) ) ;
#5290 = ORIENTED_EDGE ( 'NONE', *, *, #4348, .T. ) ;
#5291 = ADVANCED_FACE ( 'NONE', ( #4307 ), #984, .F. ) ;
#5292 = ADVANCED_FACE ( 'NONE', ( #5276 ), #4899, .T. ) ;
#5293 =( GEOMETRIC_REPRESENTATION_CONTEXT ( 3 ) GLOBAL_UNCERTAINTY_ASSIGNED_CONTEXT ( ( #5353 ) ) GLOBAL_UNIT_ASSIGNED_CONTEXT ( ( #467, #2981, #4372 ) ) REPRESENTATION_CONTEXT ( 'NONE', 'WORKASPACE' ) );
#5294 = CARTESIAN_POINT ( 'NONE',  ( 0.000000000000000000, -5.949181936419980943, -0.5999999999999992006 ) ) ;
#5295 = CARTESIAN_POINT ( 'NONE',  ( 12.50000000000000000, -3.416280893695002430, -2.317750945014162234 ) ) ;
#5296 = FILL_AREA_STYLE_COLOUR ( '', #1131 ) ;
#5297 = CARTESIAN_POINT ( 'NONE',  ( -0.5000000000000000000, -6.449145036833946243, -0.6070545007477305965 ) ) ;
#5298 = CARTESIAN_POINT ( 'NONE',  ( 3.000000000000000000, -5.949181936419980055, -0.5999999999999985345 ) ) ;
#5299 = ORIENTED_EDGE ( 'NONE', *, *, #3629, .F. ) ;
#5300 = EDGE_CURVE ( 'NONE', #4442, #2238, #3004, .T. ) ;
#5301 = VERTEX_POINT ( 'NONE', #63 ) ;
#5302 = CARTESIAN_POINT ( 'NONE',  ( 9.000000000000001776, -6.450000000000001066, 0.05545408327538422361 ) ) ;
#5303 = FILL_AREA_STYLE_COLOUR ( '', #376 ) ;
#5304 = CIRCLE ( 'NONE', #2516, 0.5000000000000004441 ) ;
#5305 = CARTESIAN_POINT ( 'NONE',  ( 12.50000000000000000, -5.511447537303414634, -1.924131555431610963 ) ) ;
#5306 = CARTESIAN_POINT ( 'NONE',  ( 0.000000000000000000, -1.168370712318190341, 2.153464622091685321 ) ) ;
#5307 = CARTESIAN_POINT ( 'NONE',  ( 3.000000000000000000, -5.627658374173602596, -2.424131555431612739 ) ) ;
#5308 = DIRECTION ( 'NONE',  ( 1.000000000000000000, -0.000000000000000000, -0.000000000000000000 ) ) ;
#5309 = ORIENTED_EDGE ( 'NONE', *, *, #3925, .T. ) ;
#5310 =( GEOMETRIC_REPRESENTATION_CONTEXT ( 3 ) GLOBAL_UNCERTAINTY_ASSIGNED_CONTEXT ( ( #3334 ) ) GLOBAL_UNIT_ASSIGNED_CONTEXT ( ( #852, #4848, #2755 ) ) REPRESENTATION_CONTEXT ( 'NONE', 'WORKASPACE' ) );
#5311 = SURFACE_SIDE_STYLE ('',( #6268 ) ) ;
#5312 = SURFACE_SIDE_STYLE ('',( #5343 ) ) ;
#5313 = LINE ( 'NONE', #5218, #5559 ) ;
#5314 = CARTESIAN_POINT ( 'NONE',  ( 2.649999999999999467, 0.000000000000000000, 1.949999999999999956 ) ) ;
#5315 = MECHANICAL_DESIGN_GEOMETRIC_PRESENTATION_REPRESENTATION (  '', ( #2021 ), #1097 ) ;
#5316 = CARTESIAN_POINT ( 'NONE',  ( 3.000000000000000000, 2.084298718220865876, -1.868384002258182353 ) ) ;
#5317 = ORIENTED_EDGE ( 'NONE', *, *, #4733, .F. ) ;
#5318 = SURFACE_STYLE_USAGE ( .BOTH. , #5834 ) ;
#5319 = CARTESIAN_POINT ( 'NONE',  ( 0.000000000000000000, -5.949181936419980943, -0.5999999999999992006 ) ) ;
#5320 = SURFACE_STYLE_FILL_AREA ( #1869 ) ;
#5321 = VECTOR ( 'NONE', #3007, 1000.000000000000000 ) ;
#5322 =( LENGTH_UNIT ( ) NAMED_UNIT ( * ) SI_UNIT ( .MILLI., .METRE. ) );
#5323 = SURFACE_SIDE_STYLE ('',( #1430 ) ) ;
#5324 = PRESENTATION_STYLE_ASSIGNMENT (( #2826 ) ) ;
#5325 = CARTESIAN_POINT ( 'NONE',  ( 2.007359312880714786, 0.000000000000000000, 0.000000000000000000 ) ) ;
#5326 = ADVANCED_FACE ( 'NONE', ( #1033 ), #623, .F. ) ;
#5327 = VERTEX_POINT ( 'NONE', #3559 ) ;
#5328 = CARTESIAN_POINT ( 'NONE',  ( 11.60000000000000142, 0.000000000000000000, -1.699999999999999956 ) ) ;
#5329 = ORIENTED_EDGE ( 'NONE', *, *, #2763, .T. ) ;
#5330 = LINE ( 'NONE', #454, #6040 ) ;
#5331 = VECTOR ( 'NONE', #1517, 1000.000000000000000 ) ;
#5332 = CARTESIAN_POINT ( 'NONE',  ( 3.500000000000000000, -6.449420405505986054, -0.5663625072016801321 ) ) ;
#5333 =( GEOMETRIC_REPRESENTATION_CONTEXT ( 3 ) GLOBAL_UNCERTAINTY_ASSIGNED_CONTEXT ( ( #983 ) ) GLOBAL_UNIT_ASSIGNED_CONTEXT ( ( #1188, #248, #4840 ) ) REPRESENTATION_CONTEXT ( 'NONE', 'WORKASPACE' ) );
#5334 = CARTESIAN_POINT ( 'NONE',  ( 0.000000000000000000, -4.153955876093410993, 2.386934677901304980 ) ) ;
#5335 = EDGE_CURVE ( 'NONE', #6082, #2870, #4988, .T. ) ;
#5336 = DIRECTION ( 'NONE',  ( 1.000000000000000000, -0.000000000000000000, -0.000000000000000000 ) ) ;
#5337 = CARTESIAN_POINT ( 'NONE',  ( 0.000000000000000000, -5.856555014391969571, 2.390956376935549965 ) ) ;
#5338 = ORIENTED_EDGE ( 'NONE', *, *, #1099, .T. ) ;
#5339 = AXIS2_PLACEMENT_3D ( 'NONE', #83, #4968, #19 ) ;
#5340 = CARTESIAN_POINT ( 'NONE',  ( 9.500000000000001776, -5.950000000000000178, 7.286648454926723369E-16 ) ) ;
#5341 =( LENGTH_UNIT ( ) NAMED_UNIT ( * ) SI_UNIT ( .MILLI., .METRE. ) );
#5342 = CARTESIAN_POINT ( 'NONE',  ( 0.000000000000000000, 1.850152416059487548, -2.310170725897712884 ) ) ;
#5343 = SURFACE_STYLE_FILL_AREA ( #346 ) ;
#5344 = STYLED_ITEM ( 'NONE', ( #1631 ), #4263 ) ;
#5345 = FILL_AREA_STYLE_COLOUR ( '', #3096 ) ;
#5346 = ORIENTED_EDGE ( 'NONE', *, *, #698, .F. ) ;
#5347 = DIRECTION ( 'NONE',  ( -0.000000000000000000, -0.2722482498591757283, 0.9622270472443682499 ) ) ;
#5348 = DIRECTION ( 'NONE',  ( 1.000000000000000000, -0.000000000000000000, -0.000000000000000000 ) ) ;
#5349 = DIRECTION ( 'NONE',  ( -1.000000000000000000, 0.000000000000000000, 0.000000000000000000 ) ) ;
#5350 = CARTESIAN_POINT ( 'NONE',  ( 0.3999999999999993006, 0.000000000000000000, -0.4050331274601051135 ) ) ;
#5351 = FACE_OUTER_BOUND ( 'NONE', #784, .T. ) ;
#5352 = UNCERTAINTY_MEASURE_WITH_UNIT (LENGTH_MEASURE( 1.000000000000000082E-05 ), #3774, 'distance_accuracy_value', 'NONE');
#5353 = UNCERTAINTY_MEASURE_WITH_UNIT (LENGTH_MEASURE( 1.000000000000000082E-05 ), #467, 'distance_accuracy_value', 'NONE');
#5354 = SURFACE_STYLE_USAGE ( .BOTH. , #4258 ) ;
#5355 = FILL_AREA_STYLE_COLOUR ( '', #3219 ) ;
#5356 = LINE ( 'NONE', #3946, #4395 ) ;
#5357 =( NAMED_UNIT ( * ) SI_UNIT ( $, .STERADIAN. ) SOLID_ANGLE_UNIT ( ) );
#5358 = ORIENTED_EDGE ( 'NONE', *, *, #3190, .F. ) ;
#5359 = APPLICATION_PROTOCOL_DEFINITION ( 'draft international standard', 'automotive_design', 1998, #5267 ) ;
#5360 = ORIENTED_EDGE ( 'NONE', *, *, #3818, .T. ) ;
#5361 = AXIS2_PLACEMENT_3D ( 'NONE', #5392, #992, #1500 ) ;
#5362 = DIRECTION ( 'NONE',  ( -1.000000000000000000, -0.000000000000000000, -0.000000000000000000 ) ) ;
#5363 = CARTESIAN_POINT ( 'NONE',  ( 9.500000000000001776, -9.449999999999999289, -1.192622389734054877E-15 ) ) ;
#5364 = DIRECTION ( 'NONE',  ( 0.000000000000000000, 0.000000000000000000, 1.000000000000000000 ) ) ;
#5365 = CARTESIAN_POINT ( 'NONE',  ( 0.000000000000000000, -2.282428645141570733, 2.102202052405789612 ) ) ;
#5366 = VECTOR ( 'NONE', #3228, 1000.000000000000000 ) ;
#5367 = ORIENTED_EDGE ( 'NONE', *, *, #2518, .F. ) ;
#5368 = ADVANCED_FACE ( 'NONE', ( #1155 ), #4143, .T. ) ;
#5369 = PRESENTATION_LAYER_ASSIGNMENT (  '', '', ( #1977 ) ) ;
#5370 = CARTESIAN_POINT ( 'NONE',  ( 9.500000000000001776, 1.087617498296542085, -2.196531237076412069 ) ) ;
#5371 = PLANE ( 'NONE',  #5004 ) ;
#5372 = CARTESIAN_POINT ( 'NONE',  ( 3.000000000000000000, 1.381018271236925665, -2.152131625432586848 ) ) ;
#5373 = CARTESIAN_POINT ( 'NONE',  ( 3.000000000000000000, -0.9536012874044283993, -1.700924626390192484 ) ) ;
#5374 = PRESENTATION_LAYER_ASSIGNMENT (  '', '', ( #1165 ) ) ;
#5375 = PRESENTATION_STYLE_ASSIGNMENT (( #1037 ) ) ;
#5376 = ORIENTED_EDGE ( 'NONE', *, *, #1897, .T. ) ;
#5377 = FILL_AREA_STYLE ('',( #5942 ) ) ;
#5378 = UNCERTAINTY_MEASURE_WITH_UNIT (LENGTH_MEASURE( 1.000000000000000082E-05 ), #2106, 'distance_accuracy_value', 'NONE');
#5379 = CARTESIAN_POINT ( 'NONE',  ( 12.50000000000000000, -1.732354142640875505, 2.008456984256251410 ) ) ;
#5380 = STYLED_ITEM ( 'NONE', ( #1069 ), #2790 ) ;
#5381 = FILL_AREA_STYLE ('',( #1489 ) ) ;
#5382 = EDGE_CURVE ( 'NONE', #2332, #4442, #3227, .T. ) ;
#5383 = SURFACE_STYLE_FILL_AREA ( #2985 ) ;
#5384 = CARTESIAN_POINT ( 'NONE',  ( 9.500000000000001776, -5.303916665296943833, 2.424131555431610963 ) ) ;
#5385 = COLOUR_RGB ( '',0.9372549019607843146, 0.8823529411764705621, 0.8823529411764705621 ) ;
#5386 = PLANE ( 'NONE',  #1465 ) ;
#5387 =( NAMED_UNIT ( * ) PLANE_ANGLE_UNIT ( ) SI_UNIT ( $, .RADIAN. ) );
#5388 = DIRECTION ( 'NONE',  ( 0.000000000000000000, 1.000000000000000000, -1.858197974521601389E-16 ) ) ;
#5389 = AXIS2_PLACEMENT_3D ( 'NONE', #5430, #266, #3605 ) ;
#5390 = SURFACE_STYLE_USAGE ( .BOTH. , #5045 ) ;
#5391 = CIRCLE ( 'NONE', #5092, 0.2500000000000000000 ) ;
#5392 = CARTESIAN_POINT ( 'NONE',  ( 8.100000000000001421, 0.000000000000000000, 0.000000000000000000 ) ) ;
#5393 = DIRECTION ( 'NONE',  ( -1.000000000000000000, -0.000000000000000000, -0.000000000000000000 ) ) ;
#5394 = ORIENTED_EDGE ( 'NONE', *, *, #2486, .F. ) ;
#5395 = AXIS2_PLACEMENT_3D ( 'NONE', #3499, #3903, #1994 ) ;
#5396 = ORIENTED_EDGE ( 'NONE', *, *, #4191, .T. ) ;
#5397 = B_SPLINE_CURVE_WITH_KNOTS ( 'NONE', 3,
 ( #5832, #3933, #3125, #5614, #2059, #4033 ),
 .UNSPECIFIED., .F., .F.,
 ( 4, 2, 4 ),
 ( 2.622160381577896666E-16, 0.0003969888044124641308, 0.0007939776088246655594 ),
 .UNSPECIFIED. ) ;
#5398 = FILL_AREA_STYLE ('',( #2864 ) ) ;
#5399 = SURFACE_STYLE_USAGE ( .BOTH. , #3990 ) ;
#5400 = CARTESIAN_POINT ( 'NONE',  ( 13.00000000000000178, -9.449999999999999289, -0.6000000000000010880 ) ) ;
#5401 = CARTESIAN_POINT ( 'NONE',  ( 9.500000000000001776, -5.949181936407098803, -0.6000000018753710584 ) ) ;
#5403 = CARTESIAN_POINT ( 'NONE',  ( 13.00000000000000178, -5.950000002598055282, 0.2028847901672356235 ) ) ;
#5402 = STYLED_ITEM ( 'NONE', ( #3196 ), #5249 ) ;
#5404 = MECHANICAL_DESIGN_GEOMETRIC_PRESENTATION_REPRESENTATION (  '', ( #986 ), #5516 ) ;
#5405 = ORIENTED_EDGE ( 'NONE', *, *, #5225, .F. ) ;
#5406 =( GEOMETRIC_REPRESENTATION_CONTEXT ( 3 ) GLOBAL_UNCERTAINTY_ASSIGNED_CONTEXT ( ( #5432 ) ) GLOBAL_UNIT_ASSIGNED_CONTEXT ( ( #1914, #5860, #559 ) ) REPRESENTATION_CONTEXT ( 'NONE', 'WORKASPACE' ) );
#5407 = ORIENTED_EDGE ( 'NONE', *, *, #5985, .F. ) ;
#5408 = PRESENTATION_LAYER_ASSIGNMENT (  '', '', ( #1803 ) ) ;
#5409 = CARTESIAN_POINT ( 'NONE',  ( 9.500000000000001776, 1.586240938091048047, -2.189026805738434334 ) ) ;
#5410 = CLOSED_SHELL ( 'NONE', ( #4417, #6089, #4852, #990, #2351, #1331, #5291, #4114, #4091, #4288, #749, #3183, #1752, #870, #5368, #1200, #1194, #801, #553, #1049, #4539, #4078, #685, #5193, #1266, #3748, #4384, #3741, #4499, #1233 ) ) ;
#5411 = CARTESIAN_POINT ( 'NONE',  ( 9.500000000000001776, 0.000000000000000000, -2.450000000002283684 ) ) ;
#5412 = CARTESIAN_POINT ( 'NONE',  ( 11.60000000000000142, 0.000000000000000000, 0.000000000000000000 ) ) ;
#5413 = VECTOR ( 'NONE', #2796, 1000.000000000000000 ) ;
#5414 = EDGE_CURVE ( 'NONE', #3614, #916, #3230, .T. ) ;
#5415 = DIRECTION ( 'NONE',  ( 1.000000000000000000, 0.000000000000000000, 0.000000000000000000 ) ) ;
#5416 = SURFACE_SIDE_STYLE ('',( #5452 ) ) ;
#5417 = VECTOR ( 'NONE', #5191, 1000.000000000000000 ) ;
#5418 = ORIENTED_EDGE ( 'NONE', *, *, #911, .F. ) ;
#5419 = CARTESIAN_POINT ( 'NONE',  ( 12.50000000000000000, 1.205463676329423306, -1.591861468293960913 ) ) ;
#5420 = FILL_AREA_STYLE_COLOUR ( '', #114 ) ;
#5421 = SURFACE_STYLE_FILL_AREA ( #2066 ) ;
#5422 = EDGE_CURVE ( 'NONE', #4076, #2238, #1780, .T. ) ;
#5423 = PRESENTATION_STYLE_ASSIGNMENT (( #2446 ) ) ;
#5424 = CARTESIAN_POINT ( 'NONE',  ( 9.500000000000001776, -1.948279784402757731, 2.028884253203181665 ) ) ;
#5425 = CIRCLE ( 'NONE', #707, 1.950000000002283684 ) ;
#5426 = SURFACE_STYLE_FILL_AREA ( #2887 ) ;
#5427 = FILL_AREA_STYLE_COLOUR ( '', #13 ) ;
#5428 = CARTESIAN_POINT ( 'NONE',  ( 0.000000000000000000, 0.000000000000000000, 0.000000000000000000 ) ) ;
#5429 = CARTESIAN_POINT ( 'NONE',  ( 0.000000000000000000, -6.449162802206574341, -0.5999999999999989786 ) ) ;
#5430 = CARTESIAN_POINT ( 'NONE',  ( 0.8999999999999998002, -2.081899558550500280E-16, 1.699999999999999956 ) ) ;
#5431 = EDGE_LOOP ( 'NONE', ( #4726, #2536, #5606, #2496 ) ) ;
#5432 = UNCERTAINTY_MEASURE_WITH_UNIT (LENGTH_MEASURE( 1.000000000000000082E-05 ), #1914, 'distance_accuracy_value', 'NONE');
#5433 = MECHANICAL_DESIGN_GEOMETRIC_PRESENTATION_REPRESENTATION (  '', ( #3770 ), #5223 ) ;
#5434 = ORIENTED_EDGE ( 'NONE', *, *, #4733, .T. ) ;
#5435 = AXIS2_PLACEMENT_3D ( 'NONE', #3083, #3056, #3178 ) ;
#5436 = EDGE_CURVE ( 'NONE', #6111, #1065, #507, .T. ) ;
#5437 = CARTESIAN_POINT ( 'NONE',  ( 13.00000000000000178, -1.168370712318190341, -2.153464622091685321 ) ) ;
#5438 = DIRECTION ( 'NONE',  ( -1.000000000000000000, 0.000000000000000000, 0.000000000000000000 ) ) ;
#5439 = CARTESIAN_POINT ( 'NONE',  ( 3.500000000000000000, -6.449586779610561926, -0.5327245811532974606 ) ) ;
#5440 = CARTESIAN_POINT ( 'NONE',  ( 9.500000000000001776, 1.850152416059160920, -2.310170725898328392 ) ) ;
#5441 = CARTESIAN_POINT ( 'NONE',  ( 12.50000000000000000, -5.950548207513795873, 0.4048751279080054499 ) ) ;
#5442 = VERTEX_POINT ( 'NONE', #3809 ) ;
#5443 = ORIENTED_EDGE ( 'NONE', *, *, #5497, .T. ) ;
#5444 = VECTOR ( 'NONE', #4459, 1000.000000000000000 ) ;
#5445 = B_SPLINE_SURFACE_WITH_KNOTS ( 'NONE', 3, 1, ( 
 ( #1966, #290 ),
 ( #2630, #6095 ),
 ( #2135, #3666 ),
 ( #3631, #5622 ) ),
 .UNSPECIFIED., .F., .F., .F.,
 ( 4, 4 ),
 ( 2, 2 ),
 ( 0.000000000000000000, 1.000000000000000000 ),
 ( 0.000000000000000000, 1.000000000000000000 ),
 .UNSPECIFIED. ) ;
#5446 = SURFACE_STYLE_USAGE ( .BOTH. , #2975 ) ;
#5447 = CARTESIAN_POINT ( 'NONE',  ( 13.00000000000000178, -6.449145036459873914, -0.6070545541800316247 ) ) ;
#5448 = CARTESIAN_POINT ( 'NONE',  ( 0.000000000000000000, 1.381018271236925665, -2.152131625432586848 ) ) ;
#5449 = DIRECTION ( 'NONE',  ( 0.000000000000000000, 0.000000000000000000, -1.000000000000000000 ) ) ;
#5450 = DIRECTION ( 'NONE',  ( 0.000000000000000000, 0.000000000000000000, -1.000000000000000000 ) ) ;
#5451 = CIRCLE ( 'NONE', #3476, 0.5000000000000000000 ) ;
#5452 = SURFACE_STYLE_FILL_AREA ( #4342 ) ;
#5453 = ORIENTED_EDGE ( 'NONE', *, *, #5078, .F. ) ;
#5454 = EDGE_CURVE ( 'NONE', #6318, #3465, #6210, .T. ) ;
#5455 = CARTESIAN_POINT ( 'NONE',  ( 9.500000000000001776, -1.732354142640875505, 2.008456984256251410 ) ) ;
#5456 =( GEOMETRIC_REPRESENTATION_CONTEXT ( 3 ) GLOBAL_UNCERTAINTY_ASSIGNED_CONTEXT ( ( #5876 ) ) GLOBAL_UNIT_ASSIGNED_CONTEXT ( ( #3075, #6072, #3170 ) ) REPRESENTATION_CONTEXT ( 'NONE', 'WORKASPACE' ) );
#5457 = CARTESIAN_POINT ( 'NONE',  ( 9.499999999999998224, -6.331521131137352043, -1.847389710217772318 ) ) ;
#5458 = CARTESIAN_POINT ( 'NONE',  ( 3.000000000000000000, -5.950000000000000178, -7.286648454926751965E-16 ) ) ;
#5459 =( NAMED_UNIT ( * ) SI_UNIT ( $, .STERADIAN. ) SOLID_ANGLE_UNIT ( ) );
#5460 = CARTESIAN_POINT ( 'NONE',  ( 9.500000000000001776, -1.558319229584292698, 2.027625431478922824 ) ) ;
#5461 = EDGE_CURVE ( 'NONE', #2698, #156, #6259, .T. ) ;
#5462 =( NAMED_UNIT ( * ) PLANE_ANGLE_UNIT ( ) SI_UNIT ( $, .RADIAN. ) );
#5463 =( LENGTH_UNIT ( ) NAMED_UNIT ( * ) SI_UNIT ( .MILLI., .METRE. ) );
#5464 =( NAMED_UNIT ( * ) SI_UNIT ( $, .STERADIAN. ) SOLID_ANGLE_UNIT ( ) );
#5465 = CARTESIAN_POINT ( 'NONE',  ( 9.500000000000001776, -6.183689156484496685, -2.146661974746719714 ) ) ;
#5466 = EDGE_LOOP ( 'NONE', ( #3163, #630, #2772, #5897 ) ) ;
#5467 = ORIENTED_EDGE ( 'NONE', *, *, #532, .F. ) ;
#5468 = DIRECTION ( 'NONE',  ( -0.000000000000000000, -7.004112811828872660E-15, -1.000000000000000000 ) ) ;
#5469 =( NAMED_UNIT ( * ) SI_UNIT ( $, .STERADIAN. ) SOLID_ANGLE_UNIT ( ) );
#5470 = ORIENTED_EDGE ( 'NONE', *, *, #1981, .T. ) ;
#5471 = VERTEX_POINT ( 'NONE', #5266 ) ;
#5472 = CARTESIAN_POINT ( 'NONE',  ( 9.500000000000001776, -5.950522921052325387, 0.4047728636643020961 ) ) ;
#5473 = FACE_OUTER_BOUND ( 'NONE', #4035, .T. ) ;
#5474 = PLANE ( 'NONE',  #3367 ) ;
#5475 =( GEOMETRIC_REPRESENTATION_CONTEXT ( 3 ) GLOBAL_UNCERTAINTY_ASSIGNED_CONTEXT ( ( #5378 ) ) GLOBAL_UNIT_ASSIGNED_CONTEXT ( ( #2106, #2608, #2175 ) ) REPRESENTATION_CONTEXT ( 'NONE', 'WORKASPACE' ) );
#5476 = CARTESIAN_POINT ( 'NONE',  ( 9.500000000000001776, -6.450000000000001066, -2.544803959115682914E-15 ) ) ;
#5477 = DIRECTION ( 'NONE',  ( 1.000000000000000000, 0.000000000000000000, 0.000000000000000000 ) ) ;
#5478 = FILL_AREA_STYLE ('',( #3498 ) ) ;
#5479 = B_SPLINE_CURVE_WITH_KNOTS ( 'NONE', 3,
 ( #2824, #3735, #6278, #443 ),
 .UNSPECIFIED., .F., .F.,
 ( 4, 4 ),
 ( 0.9792420150902091391, 1.000000000000000000 ),
 .UNSPECIFIED. ) ;
#5480 = LINE ( 'NONE', #2163, #492 ) ;
#5481 = AXIS2_PLACEMENT_3D ( 'NONE', #1230, #765, #3206 ) ;
#5482 = ORIENTED_EDGE ( 'NONE', *, *, #5011, .F. ) ;
#5483 = SURFACE_STYLE_USAGE ( .BOTH. , #3501 ) ;
#5484 = CARTESIAN_POINT ( 'NONE',  ( 9.500000000000001776, -1.168370712318658855, 2.153464622092449154 ) ) ;
#5485 = SURFACE_SIDE_STYLE ('',( #5421 ) ) ;
#5486 = AXIS2_PLACEMENT_3D ( 'NONE', #4610, #5201, #303 ) ;
#5487 = CARTESIAN_POINT ( 'NONE',  ( 12.50000000000000000, -5.303916665296943833, 2.424131555431610963 ) ) ;
#5488 = SURFACE_STYLE_FILL_AREA ( #1559 ) ;
#5489 = EDGE_CURVE ( 'NONE', #4972, #1086, #190, .T. ) ;
#5490 = MECHANICAL_DESIGN_GEOMETRIC_PRESENTATION_REPRESENTATION (  '', ( #1258 ), #3616 ) ;
#5491 = FILL_AREA_STYLE_COLOUR ( '', #3940 ) ;
#5492 = CARTESIAN_POINT ( 'NONE',  ( 9.850000000000001421, 2.388061258337338643E-16, -1.949999999999999956 ) ) ;
#5493 =( NAMED_UNIT ( * ) PLANE_ANGLE_UNIT ( ) SI_UNIT ( $, .RADIAN. ) );
#5494 = CARTESIAN_POINT ( 'NONE',  ( 9.500000000000001776, 2.084298718221028857, -1.868384002257875043 ) ) ;
#5495 = CARTESIAN_POINT ( 'NONE',  ( 3.000000000000000000, 1.850152416059487548, -2.310170725897712884 ) ) ;
#5496 = ORIENTED_EDGE ( 'NONE', *, *, #5284, .F. ) ;
#5497 = EDGE_CURVE ( 'NONE', #4119, #2428, #5180, .T. ) ;
#5498 = PRESENTATION_LAYER_ASSIGNMENT (  '', '', ( #5380 ) ) ;
#5499 = ADVANCED_FACE ( 'NONE', ( #1243 ), #4179, .T. ) ;
#5500 = ORIENTED_EDGE ( 'NONE', *, *, #5620, .T. ) ;
#5501 = VECTOR ( 'NONE', #5415, 1000.000000000000000 ) ;
#5502 = CARTESIAN_POINT ( 'NONE',  ( -0.1360957532798448277, 0.03649346519847011111, 2.449728194516813229 ) ) ;
#5503 = CARTESIAN_POINT ( 'NONE',  ( 12.60000000000000142, 0.000000000000000000, 0.000000000000000000 ) ) ;
#5504 = CARTESIAN_POINT ( 'NONE',  ( 12.50000000000000000, -0.9536012874044283993, 1.700924626390192484 ) ) ;
#5505 = ORIENTED_EDGE ( 'NONE', *, *, #668, .F. ) ;
#5506 = EDGE_CURVE ( 'NONE', #2626, #6111, #4093, .T. ) ;
#5507 = MECHANICAL_DESIGN_GEOMETRIC_PRESENTATION_REPRESENTATION (  '', ( #5288 ), #4253 ) ;
#5508 = ORIENTED_EDGE ( 'NONE', *, *, #5640, .F. ) ;
#5509 = CARTESIAN_POINT ( 'NONE',  ( 12.50000000000000000, -1.948279784402639159, -2.028884253203868226 ) ) ;
#5510 = CIRCLE ( 'NONE', #87, 0.2500000000003476108 ) ;
#5511 = STYLED_ITEM ( 'NONE', ( #5375 ), #6089 ) ;
#5512 = SURFACE_STYLE_FILL_AREA ( #3526 ) ;
#5513 = CARTESIAN_POINT ( 'NONE',  ( 9.000000000000001776, 1.425172436802283560, 0.5999999999999989786 ) ) ;
#5514 = CARTESIAN_POINT ( 'NONE',  ( 0.000000000000000000, -6.445457888637967869, -1.030209834226573307 ) ) ;
#5515 = VECTOR ( 'NONE', #1623, 1000.000000000000000 ) ;
#5516 =( GEOMETRIC_REPRESENTATION_CONTEXT ( 3 ) GLOBAL_UNCERTAINTY_ASSIGNED_CONTEXT ( ( #2885 ) ) GLOBAL_UNIT_ASSIGNED_CONTEXT ( ( #1894, #4004, #4889 ) ) REPRESENTATION_CONTEXT ( 'NONE', 'WORKASPACE' ) );
#5517 = ORIENTED_EDGE ( 'NONE', *, *, #5506, .T. ) ;
#5518 = PRESENTATION_STYLE_ASSIGNMENT (( #600 ) ) ;
#5519 = ORIENTED_EDGE ( 'NONE', *, *, #2057, .T. ) ;
#5520 = CARTESIAN_POINT ( 'NONE',  ( 3.000000000000000000, 0.000000000000000000, 0.000000000000000000 ) ) ;
#5521 = CIRCLE ( 'NONE', #2714, 0.2500000000000000000 ) ;
#5522 = UNCERTAINTY_MEASURE_WITH_UNIT (LENGTH_MEASURE( 1.000000000000000082E-05 ), #3819, 'distance_accuracy_value', 'NONE');
#5523 = AXIS2_PLACEMENT_3D ( 'NONE', #120, #4485, #5079 ) ;
#5524 = SURFACE_STYLE_FILL_AREA ( #2685 ) ;
#5525 = CARTESIAN_POINT ( 'NONE',  ( 9.500000000000001776, 0.000000000000000000, 0.000000000000000000 ) ) ;
#5526 = CARTESIAN_POINT ( 'NONE',  ( 3.000000000000000000, -2.282428645141714618, -2.102202052405111043 ) ) ;
#5527 = STYLED_ITEM ( 'NONE', ( #1034 ), #441 ) ;
#5528 = CARTESIAN_POINT ( 'NONE',  ( 9.500000000000001776, -6.331521131136688574, 1.847389710217548053 ) ) ;
#5529 = AXIS2_PLACEMENT_3D ( 'NONE', #5503, #4611, #5538 ) ;
#5530 = PRESENTATION_STYLE_ASSIGNMENT (( #1229 ) ) ;
#5531 = DIRECTION ( 'NONE',  ( -1.000000000000000000, -0.000000000000000000, 0.000000000000000000 ) ) ;
#5532 = CARTESIAN_POINT ( 'NONE',  ( 12.50000000000000000, -5.856555014391710223, 2.390956376934878502 ) ) ;
#5533 = ORIENTED_EDGE ( 'NONE', *, *, #5422, .F. ) ;
#5534 = COLOUR_RGB ( '',0.9372549019607843146, 0.8823529411764705621, 0.8823529411764705621 ) ;
#5535 = ORIENTED_EDGE ( 'NONE', *, *, #2605, .T. ) ;
#5536 = SURFACE_SIDE_STYLE ('',( #4516 ) ) ;
#5537 = ADVANCED_FACE ( 'NONE', ( #2246 ), #1421, .F. ) ;
#5538 = DIRECTION ( 'NONE',  ( 0.000000000000000000, 0.000000000000000000, -1.000000000000000000 ) ) ;
#5539 = PRESENTATION_STYLE_ASSIGNMENT (( #4911 ) ) ;
#5540 =( GEOMETRIC_REPRESENTATION_CONTEXT ( 3 ) GLOBAL_UNCERTAINTY_ASSIGNED_CONTEXT ( ( #1948 ) ) GLOBAL_UNIT_ASSIGNED_CONTEXT ( ( #1447, #5738, #1319 ) ) REPRESENTATION_CONTEXT ( 'NONE', 'WORKASPACE' ) );
#5541 = CARTESIAN_POINT ( 'NONE',  ( -0.1000000000000011297, 0.000000000000000000, 0.1550331274601050857 ) ) ;
#5542 = VERTEX_POINT ( 'NONE', #4456 ) ;
#5543 = VECTOR ( 'NONE', #520, 1000.000000000000000 ) ;
#5544 = ORIENTED_EDGE ( 'NONE', *, *, #5914, .F. ) ;
#5545 = MECHANICAL_DESIGN_GEOMETRIC_PRESENTATION_REPRESENTATION (  '', ( #3041 ), #2433 ) ;
#5546 = EDGE_CURVE ( 'NONE', #3564, #3455, #2897, .T. ) ;
#5547 = FILL_AREA_STYLE_COLOUR ( '', #688 ) ;
#5548 = CARTESIAN_POINT ( 'NONE',  ( 8.100000000000001421, 0.000000000000000000, -1.800000000000000044 ) ) ;
#5549 = CARTESIAN_POINT ( 'NONE',  ( 0.3999999999999993006, -3.429416731992404657E-17, 0.1550331274601050857 ) ) ;
#5550 =( LENGTH_UNIT ( ) NAMED_UNIT ( * ) SI_UNIT ( .MILLI., .METRE. ) );
#5551 = PRESENTATION_LAYER_ASSIGNMENT (  '', '', ( #4707 ) ) ;
#5552 = ORIENTED_EDGE ( 'NONE', *, *, #2375, .F. ) ;
#5553 = PRESENTATION_LAYER_ASSIGNMENT (  '', '', ( #5859 ) ) ;
#5554 = FILL_AREA_STYLE ('',( #3036 ) ) ;
#5555 = VERTEX_POINT ( 'NONE', #3922 ) ;
#5556 = CARTESIAN_POINT ( 'NONE',  ( 3.000000000000000000, -4.153955876093410993, 2.386934677901304980 ) ) ;
#5557 = PLANE ( 'NONE',  #3202 ) ;
#5558 = CARTESIAN_POINT ( 'NONE',  ( 12.50000000000000000, -6.450000000000695621, 4.124598330020490182E-15 ) ) ;
#5559 = VECTOR ( 'NONE', #2260, 1000.000000000000000 ) ;
#5560 = STYLED_ITEM ( 'NONE', ( #4355 ), #4088 ) ;
#5561 = DIRECTION ( 'NONE',  ( -1.000000000000000000, -0.000000000000000000, 0.000000000000000000 ) ) ;
#5562 =( NAMED_UNIT ( * ) PLANE_ANGLE_UNIT ( ) SI_UNIT ( $, .RADIAN. ) );
#5563 = SURFACE_STYLE_FILL_AREA ( #1627 ) ;
#5564 = ADVANCED_FACE ( 'NONE', ( #1881 ), #4838, .F. ) ;
#5565 = COLOUR_RGB ( '',0.7960784313725489669, 0.8235294117647058432, 0.9372549019607843146 ) ;
#5566 = SURFACE_SIDE_STYLE ('',( #640 ) ) ;
#5567 = CARTESIAN_POINT ( 'NONE',  ( 12.50000000000000000, -2.236639308303995932, 1.179614498202194328 ) ) ;
#5568 = SURFACE_STYLE_USAGE ( .BOTH. , #5628 ) ;
#5569 = SURFACE_STYLE_FILL_AREA ( #704 ) ;
#5570 = ORIENTED_EDGE ( 'NONE', *, *, #5841, .T. ) ;
#5571 = B_SPLINE_CURVE_WITH_KNOTS ( 'NONE', 3,
 ( #5005, #2008, #3507, #81, #4900, #3915, #5845 ),
 .UNSPECIFIED., .F., .F.,
 ( 4, 1, 1, 1, 4 ),
 ( 0.001225663607338614829, 0.2509192477055039450, 0.5006128318036693337, 0.7503064159018346668, 1.000000000000000000 ),
 .UNSPECIFIED. ) ;
#5572 = ORIENTED_EDGE ( 'NONE', *, *, #5806, .F. ) ;
#5573 = CARTESIAN_POINT ( 'NONE',  ( 3.500000000000000000, -6.450047545971240304, 0.1663622430318895951 ) ) ;
#5574 = CARTESIAN_POINT ( 'NONE',  ( 12.50000000000000000, 0.03649346519856323107, -2.449728194516483715 ) ) ;
#5575 = FACE_OUTER_BOUND ( 'NONE', #3589, .T. ) ;
#5576 = UNCERTAINTY_MEASURE_WITH_UNIT (LENGTH_MEASURE( 1.000000000000000082E-05 ), #3302, 'distance_accuracy_value', 'NONE');
#5577 = CARTESIAN_POINT ( 'NONE',  ( 3.000000000000000000, -6.422442313217941567, 1.465803793296805546 ) ) ;
#5578 = UNCERTAINTY_MEASURE_WITH_UNIT (LENGTH_MEASURE( 1.000000000000000082E-05 ), #3173, 'distance_accuracy_value', 'NONE');
#5579 = CARTESIAN_POINT ( 'NONE',  ( 0.000000000000000000, -2.236639308303995932, -1.179614498202194328 ) ) ;
#5580 = ORIENTED_EDGE ( 'NONE', *, *, #4037, .T. ) ;
#5581 = EDGE_LOOP ( 'NONE', ( #206, #2895, #6134, #5607 ) ) ;
#5582 =( LENGTH_UNIT ( ) NAMED_UNIT ( * ) SI_UNIT ( .MILLI., .METRE. ) );
#5583 = FILL_AREA_STYLE ('',( #1516 ) ) ;
#5584 = EDGE_CURVE ( 'NONE', #6180, #4705, #3417, .T. ) ;
#5585 = EDGE_LOOP ( 'NONE', ( #4018, #2367, #88, #3450, #3705, #3359, #560 ) ) ;
#5586 = SURFACE_STYLE_USAGE ( .BOTH. , #5030 ) ;
#5587 = ORIENTED_EDGE ( 'NONE', *, *, #5768, .T. ) ;
#5588 = PRESENTATION_LAYER_ASSIGNMENT (  '', '', ( #1764 ) ) ;
#5589 = CARTESIAN_POINT ( 'NONE',  ( 12.50000000000000000, 0.8231422074094451036, 1.767749107305984779 ) ) ;
#5590 = CARTESIAN_POINT ( 'NONE',  ( 3.500000000000000000, -5.950522921043945423, 0.4047728649099424647 ) ) ;
#5591 = CARTESIAN_POINT ( 'NONE',  ( 3.000000000000000000, -2.761679942142320154, -2.209572282996065784 ) ) ;
#5592 = CIRCLE ( 'NONE', #60, 1.800000000000000044 ) ;
#5593 = PLANE ( 'NONE',  #4546 ) ;
#5594 = PRESENTATION_LAYER_ASSIGNMENT (  '', '', ( #3294 ) ) ;
#5595 = EDGE_CURVE ( 'NONE', #175, #3465, #5304, .T. ) ;
#5596 = FILL_AREA_STYLE ('',( #703 ) ) ;
#5597 = CARTESIAN_POINT ( 'NONE',  ( 8.100000000000001421, 0.000000000000000000, 0.000000000000000000 ) ) ;
#5598 = ORIENTED_EDGE ( 'NONE', *, *, #338, .T. ) ;
#5599 = ORIENTED_EDGE ( 'NONE', *, *, #5436, .F. ) ;
#5600 = CARTESIAN_POINT ( 'NONE',  ( 3.000000000000000000, -4.153955876093443855, -2.386934677900609980 ) ) ;
#5601 = CARTESIAN_POINT ( 'NONE',  ( 3.000000000000000000, 0.000000000000000000, 0.000000000000000000 ) ) ;
#5602 = CYLINDRICAL_SURFACE ( 'NONE', #3357, 1.949999999999999956 ) ;
#5603 = FACE_OUTER_BOUND ( 'NONE', #4563, .T. ) ;
#5604 =( NAMED_UNIT ( * ) PLANE_ANGLE_UNIT ( ) SI_UNIT ( $, .RADIAN. ) );
#5605 = DIRECTION ( 'NONE',  ( 0.000000000000000000, 0.000000000000000000, 1.000000000000000000 ) ) ;
#5606 = ORIENTED_EDGE ( 'NONE', *, *, #2689, .T. ) ;
#5607 = ORIENTED_EDGE ( 'NONE', *, *, #2039, .T. ) ;
#5608 = PRESENTATION_LAYER_ASSIGNMENT (  '', '', ( #970 ) ) ;
#5609 = CARTESIAN_POINT ( 'NONE',  ( 9.500000000000001776, -1.168370712318190341, -2.153464622091685321 ) ) ;
#5610 = DIRECTION ( 'NONE',  ( 0.000000000000000000, 0.000000000000000000, 1.000000000000000000 ) ) ;
#5612 =( LENGTH_UNIT ( ) NAMED_UNIT ( * ) SI_UNIT ( .MILLI., .METRE. ) );
#5611 = PRESENTATION_LAYER_ASSIGNMENT (  '', '', ( #3632 ) ) ;
#5613 = MECHANICAL_DESIGN_GEOMETRIC_PRESENTATION_REPRESENTATION (  '', ( #3961 ), #3102 ) ;
#5614 = CARTESIAN_POINT ( 'NONE',  ( 12.94808392442651623, -1.100517191539042150, -1.913644924524385615 ) ) ;
#5615 = ORIENTED_EDGE ( 'NONE', *, *, #329, .F. ) ;
#5616 = AXIS2_PLACEMENT_3D ( 'NONE', #484, #519, #2418 ) ;
#5617 = CARTESIAN_POINT ( 'NONE',  ( 3.000000000000000000, -1.230077907823271977, 2.128893911334430289 ) ) ;
#5618 = SURFACE_STYLE_FILL_AREA ( #3626 ) ;
#5619 = LINE ( 'NONE', #661, #5955 ) ;
#5620 = EDGE_CURVE ( 'NONE', #6318, #4228, #2387, .T. ) ;
#5621 = DIRECTION ( 'NONE',  ( 0.000000000000000000, 0.2722482498591757838, 0.9622270472443682499 ) ) ;
#5622 = CARTESIAN_POINT ( 'NONE',  ( 12.50000000000000000, 0.8231422074094445485, 1.767749107305984779 ) ) ;
#5623 = AXIS2_PLACEMENT_3D ( 'NONE', #2194, #4623, #2128 ) ;
#5624 =( GEOMETRIC_REPRESENTATION_CONTEXT ( 3 ) GLOBAL_UNCERTAINTY_ASSIGNED_CONTEXT ( ( #1753 ) ) GLOBAL_UNIT_ASSIGNED_CONTEXT ( ( #3086, #2673, #273 ) ) REPRESENTATION_CONTEXT ( 'NONE', 'WORKASPACE' ) );
#5625 = DIRECTION ( 'NONE',  ( 0.000000000000000000, 0.000000000000000000, 1.000000000000000000 ) ) ;
#5626 = EDGE_CURVE ( 'NONE', #3782, #4491, #1900, .T. ) ;
#5627 = SURFACE_SIDE_STYLE ('',( #4631 ) ) ;
#5628 = SURFACE_SIDE_STYLE ('',( #264 ) ) ;
#5629 = ORIENTED_EDGE ( 'NONE', *, *, #2605, .F. ) ;
#5630 = ORIENTED_EDGE ( 'NONE', *, *, #4805, .T. ) ;
#5631 = CARTESIAN_POINT ( 'NONE',  ( 3.000000000000000000, -2.282428645141714618, -2.102202052405111043 ) ) ;
#5632 = DIRECTION ( 'NONE',  ( 0.000000000000000000, 0.000000000000000000, 1.000000000000000000 ) ) ;
#5633 =( LENGTH_UNIT ( ) NAMED_UNIT ( * ) SI_UNIT ( .MILLI., .METRE. ) );
#5634 =( NAMED_UNIT ( * ) SI_UNIT ( $, .STERADIAN. ) SOLID_ANGLE_UNIT ( ) );
#5635 = CARTESIAN_POINT ( 'NONE',  ( 0.000000000000000000, 0.000000000000000000, 1.950000000002283684 ) ) ;
#5636 = FILL_AREA_STYLE ('',( #2183 ) ) ;
#5637 = CARTESIAN_POINT ( 'NONE',  ( 9.500000000000001776, -5.511447537303414634, -1.924131555431610963 ) ) ;
#5638 = ORIENTED_EDGE ( 'NONE', *, *, #3818, .F. ) ;
#5639 = PRESENTATION_LAYER_ASSIGNMENT (  '', '', ( #2021 ) ) ;
#5640 = EDGE_CURVE ( 'NONE', #1674, #6037, #5106, .T. ) ;
#5641 = ORIENTED_EDGE ( 'NONE', *, *, #2809, .T. ) ;
#5642 = DIRECTION ( 'NONE',  ( 1.000000000000000000, -0.000000000000000000, -0.000000000000000000 ) ) ;
#5643 = MECHANICAL_DESIGN_GEOMETRIC_PRESENTATION_REPRESENTATION (  '', ( #4689 ), #1007 ) ;
#5644 = PLANE ( 'NONE',  #5212 ) ;
#5645 = UNCERTAINTY_MEASURE_WITH_UNIT (LENGTH_MEASURE( 1.000000000000000082E-05 ), #1470, 'distance_accuracy_value', 'NONE');
#5646 = ORIENTED_EDGE ( 'NONE', *, *, #5105, .T. ) ;
#5647 = VECTOR ( 'NONE', #5438, 1000.000000000000000 ) ;
#5648 = LINE ( 'NONE', #4099, #2309 ) ;
#5649 = CARTESIAN_POINT ( 'NONE',  ( 4.399999999999999467, 0.000000000000000000, 0.000000000000000000 ) ) ;
#5650 =( NAMED_UNIT ( * ) PLANE_ANGLE_UNIT ( ) SI_UNIT ( $, .RADIAN. ) );
#5651 =( NAMED_UNIT ( * ) SI_UNIT ( $, .STERADIAN. ) SOLID_ANGLE_UNIT ( ) );
#5652 = COLOUR_RGB ( '',0.9372549019607843146, 0.8823529411764705621, 0.8823529411764705621 ) ;
#5653 = CARTESIAN_POINT ( 'NONE',  ( 3.000000000000000000, -3.416280893695073484, -2.317750945013471231 ) ) ;
#5654 = EDGE_CURVE ( 'NONE', #4924, #900, #4996, .T. ) ;
#5655 = DIRECTION ( 'NONE',  ( -1.000000000000000000, 0.000000000000000000, 0.000000000000000000 ) ) ;
#5656 = PRESENTATION_LAYER_ASSIGNMENT (  '', '', ( #1645 ) ) ;
#5657 = DIRECTION ( 'NONE',  ( 0.000000000000000000, -1.000000000000000000, -6.193993248405337552E-17 ) ) ;
#5658 = FACE_OUTER_BOUND ( 'NONE', #4515, .T. ) ;
#5659 = ORIENTED_EDGE ( 'NONE', *, *, #2518, .T. ) ;
#5660 = CIRCLE ( 'NONE', #2851, 0.5000000000000004441 ) ;
#5661 = EDGE_LOOP ( 'NONE', ( #22, #3089, #1215, #4313, #1844 ) ) ;
#5662 =( NAMED_UNIT ( * ) SI_UNIT ( $, .STERADIAN. ) SOLID_ANGLE_UNIT ( ) );
#5663 = CARTESIAN_POINT ( 'NONE',  ( 12.95062486389325329, 0.1068686292778692343, -2.200996067252503519 ) ) ;
#5664 =( LENGTH_UNIT ( ) NAMED_UNIT ( * ) SI_UNIT ( .MILLI., .METRE. ) );
#5665 = AXIS2_PLACEMENT_3D ( 'NONE', #2580, #4605, #3603 ) ;
#5666 = CARTESIAN_POINT ( 'NONE',  ( 3.000000000000000000, -6.183689156484496685, 2.146661974746719714 ) ) ;
#5667 = CARTESIAN_POINT ( 'NONE',  ( 0.000000000000000000, 1.425172436802283782, 1.660992101785016217 ) ) ;
#5668 =( NAMED_UNIT ( * ) SI_UNIT ( $, .STERADIAN. ) SOLID_ANGLE_UNIT ( ) );
#5669 = ORIENTED_EDGE ( 'NONE', *, *, #6265, .F. ) ;
#5670 = ORIENTED_EDGE ( 'NONE', *, *, #5699, .F. ) ;
#5671 = SURFACE_STYLE_FILL_AREA ( #3687 ) ;
#5672 = SURFACE_STYLE_USAGE ( .BOTH. , #3688 ) ;
#5673 =( LENGTH_UNIT ( ) NAMED_UNIT ( * ) SI_UNIT ( .MILLI., .METRE. ) );
#5674 = ORIENTED_EDGE ( 'NONE', *, *, #5497, .F. ) ;
#5675 =( NAMED_UNIT ( * ) SI_UNIT ( $, .STERADIAN. ) SOLID_ANGLE_UNIT ( ) );
#5676 = FACE_OUTER_BOUND ( 'NONE', #3790, .T. ) ;
#5677 = PRESENTATION_STYLE_ASSIGNMENT (( #3699 ) ) ;
#5678 = CARTESIAN_POINT ( 'NONE',  ( 0.000000000000000000, -5.949181936419979166, 0.6000000000000005329 ) ) ;
#5679 =( LENGTH_UNIT ( ) NAMED_UNIT ( * ) SI_UNIT ( .MILLI., .METRE. ) );
#5680 = FACE_OUTER_BOUND ( 'NONE', #4823, .T. ) ;
#5681 =( NAMED_UNIT ( * ) PLANE_ANGLE_UNIT ( ) SI_UNIT ( $, .RADIAN. ) );
#5682 = DIRECTION ( 'NONE',  ( 1.000000000000000000, -0.000000000000000000, -0.000000000000000000 ) ) ;
#5683 = COLOUR_RGB ( '',0.9372549019607843146, 0.8823529411764705621, 0.8823529411764705621 ) ;
#5684 = DIRECTION ( 'NONE',  ( 1.000000000000000000, 0.000000000000000000, 0.000000000000000000 ) ) ;
#5685 = ORIENTED_EDGE ( 'NONE', *, *, #1871, .T. ) ;
#5686 = VERTEX_POINT ( 'NONE', #3352 ) ;
#5687 = DIRECTION ( 'NONE',  ( -1.000000000000000000, -0.000000000000000000, -0.000000000000000000 ) ) ;
#5688 = CARTESIAN_POINT ( 'NONE',  ( 12.50000000000000000, -6.422442313217244347, 1.465803793296738489 ) ) ;
#5689 = CARTESIAN_POINT ( 'NONE',  ( 0.000000000000000000, -5.892247557339150177, 1.924131555431609630 ) ) ;
#5690 = EDGE_CURVE ( 'NONE', #4854, #2498, #5330, .T. ) ;
#5691 = EDGE_CURVE ( 'NONE', #5695, #5789, #3023, .T. ) ;
#5692 = CARTESIAN_POINT ( 'NONE',  ( 3.000000000000000000, -5.511447537303414634, -1.924131555431612295 ) ) ;
#5693 = ORIENTED_EDGE ( 'NONE', *, *, #5546, .T. ) ;
#5694 = COLOUR_RGB ( '',0.9372549019607843146, 0.8823529411764705621, 0.8823529411764705621 ) ;
#5695 = VERTEX_POINT ( 'NONE', #710 ) ;
#5696 = CARTESIAN_POINT ( 'NONE',  ( 9.367944199514914416, -5.949181936419979166, 0.5999999999999992006 ) ) ;
#5697 =( NAMED_UNIT ( * ) PLANE_ANGLE_UNIT ( ) SI_UNIT ( $, .RADIAN. ) );
#5698 = CARTESIAN_POINT ( 'NONE',  ( 0.000000000000000000, -5.949181936419979166, 0.6000000000000005329 ) ) ;
#5699 = EDGE_CURVE ( 'NONE', #4123, #4424, #1089, .T. ) ;
#5700 = SURFACE_SIDE_STYLE ('',( #4303 ) ) ;
#5701 = UNCERTAINTY_MEASURE_WITH_UNIT (LENGTH_MEASURE( 1.000000000000000082E-05 ), #1387, 'distance_accuracy_value', 'NONE');
#5702 =( NAMED_UNIT ( * ) SI_UNIT ( $, .STERADIAN. ) SOLID_ANGLE_UNIT ( ) );
#5703 = MECHANICAL_DESIGN_GEOMETRIC_PRESENTATION_REPRESENTATION (  '', ( #970 ), #4554 ) ;
#5704 = ORIENTED_EDGE ( 'NONE', *, *, #1936, .F. ) ;
#5705 = SURFACE_STYLE_FILL_AREA ( #2344 ) ;
#5706 = PRESENTATION_LAYER_ASSIGNMENT (  '', '', ( #1695 ) ) ;
#5707 = CARTESIAN_POINT ( 'NONE',  ( 9.500000000000001776, 1.850152416059160920, -2.310170725898328392 ) ) ;
#5708 = CARTESIAN_POINT ( 'NONE',  ( 0.000000000000000000, 1.425172436802283782, 1.660992101785016217 ) ) ;
#5709 = CARTESIAN_POINT ( 'NONE',  ( 9.500000000000001776, -6.449162802238361358, -0.6000000000000008660 ) ) ;
#5710 = FILL_AREA_STYLE ('',( #3764 ) ) ;
#5711 = UNCERTAINTY_MEASURE_WITH_UNIT (LENGTH_MEASURE( 1.000000000000000082E-05 ), #2521, 'distance_accuracy_value', 'NONE');
#5712 = SURFACE_STYLE_FILL_AREA ( #4701 ) ;
#5713 = MECHANICAL_DESIGN_GEOMETRIC_PRESENTATION_REPRESENTATION (  '', ( #5402 ), #1898 ) ;
#5714 = FILL_AREA_STYLE ('',( #3732 ) ) ;
#5715 = PLANE ( 'NONE',  #3934 ) ;
#5716 = STYLED_ITEM ( 'NONE', ( #2828 ), #1561 ) ;
#5717 = PRESENTATION_LAYER_ASSIGNMENT (  '', '', ( #2116 ) ) ;
#5718 = DIRECTION ( 'NONE',  ( 1.000000000000000000, -0.000000000000000000, -0.000000000000000000 ) ) ;
#5719 = DIRECTION ( 'NONE',  ( 0.000000000000000000, 0.000000000000000000, -1.000000000000000000 ) ) ;
#5720 = CARTESIAN_POINT ( 'NONE',  ( 0.000000000000000000, -0.9536012874044283993, 1.700924626390192484 ) ) ;
#5721 = CARTESIAN_POINT ( 'NONE',  ( 12.50000000000000000, -5.965857193527828173, 1.924131555431610963 ) ) ;
#5722 = SURFACE_STYLE_USAGE ( .BOTH. , #3249 ) ;
#5723 = CARTESIAN_POINT ( 'NONE',  ( 3.000000000000000000, -2.236639308303995932, -1.179614498202194328 ) ) ;
#5724 = VERTEX_POINT ( 'NONE', #207 ) ;
#5725 = B_SPLINE_CURVE_WITH_KNOTS ( 'NONE', 3,
 ( #4633, #2202, #4165, #5494 ),
 .UNSPECIFIED., .F., .F.,
 ( 4, 4 ),
 ( 0.000000000000000000, 1.000000000000000000 ),
 .UNSPECIFIED. ) ;
#5726 = PRESENTATION_LAYER_ASSIGNMENT (  '', '', ( #1810 ) ) ;
#5727 = CARTESIAN_POINT ( 'NONE',  ( 3.000000000000000000, -5.950000000000000178, -7.286648454926751965E-16 ) ) ;
#5728 = ORIENTED_EDGE ( 'NONE', *, *, #1989, .F. ) ;
#5729 = EDGE_CURVE ( 'NONE', #3842, #6285, #3750, .T. ) ;
#5730 = SURFACE_SIDE_STYLE ('',( #1790 ) ) ;
#5731 =( NAMED_UNIT ( * ) PLANE_ANGLE_UNIT ( ) SI_UNIT ( $, .RADIAN. ) );
#5732 = SURFACE_STYLE_FILL_AREA ( #3751 ) ;
#5733 = COLOUR_RGB ( '',0.9372549019607843146, 0.8823529411764705621, 0.8823529411764705621 ) ;
#5734 = UNCERTAINTY_MEASURE_WITH_UNIT (LENGTH_MEASURE( 1.000000000000000082E-05 ), #5824, 'distance_accuracy_value', 'NONE');
#5735 = ORIENTED_EDGE ( 'NONE', *, *, #1274, .F. ) ;
#5736 = AXIS2_PLACEMENT_3D ( 'NONE', #4445, #4533, #75 ) ;
#5737 = CARTESIAN_POINT ( 'NONE',  ( 13.00000000000000178, -9.449999999999999289, 0.5999999999999987566 ) ) ;
#5738 =( NAMED_UNIT ( * ) PLANE_ANGLE_UNIT ( ) SI_UNIT ( $, .RADIAN. ) );
#5739 = CARTESIAN_POINT ( 'NONE',  ( 3.500000000000000000, -6.449145272724125633, 0.6070548717187048693 ) ) ;
#5740 = AXIS2_PLACEMENT_3D ( 'NONE', #691, #3092, #3123 ) ;
#5741 = FACE_OUTER_BOUND ( 'NONE', #1222, .T. ) ;
#5742 = DIRECTION ( 'NONE',  ( 0.000000000000000000, 0.000000000000000000, 1.000000000000000000 ) ) ;
#5743 = SURFACE_STYLE_FILL_AREA ( #5710 ) ;
#5744 = LINE ( 'NONE', #943, #268 ) ;
#5745 =( GEOMETRIC_REPRESENTATION_CONTEXT ( 3 ) GLOBAL_UNCERTAINTY_ASSIGNED_CONTEXT ( ( #5185 ) ) GLOBAL_UNIT_ASSIGNED_CONTEXT ( ( #5463, #2071, #4967 ) ) REPRESENTATION_CONTEXT ( 'NONE', 'WORKASPACE' ) );
#5746 = DIRECTION ( 'NONE',  ( 1.000000000000000000, 0.000000000000000000, 0.000000000000000000 ) ) ;
#5747 = PRESENTATION_STYLE_ASSIGNMENT (( #5254 ) ) ;
#5748 = EDGE_CURVE ( 'NONE', #1646, #1954, #3223, .T. ) ;
#5749 = CARTESIAN_POINT ( 'NONE',  ( 2.007359312880714786, 0.000000000000000000, -1.500000000000000222 ) ) ;
#5750 = PRESENTATION_LAYER_ASSIGNMENT (  '', '', ( #2155 ) ) ;
#5751 = FACE_OUTER_BOUND ( 'NONE', #4057, .T. ) ;
#5752 = CARTESIAN_POINT ( 'NONE',  ( 12.50000000000000000, -4.153955876093410993, -2.386934677901304980 ) ) ;
#5753 =( NAMED_UNIT ( * ) PLANE_ANGLE_UNIT ( ) SI_UNIT ( $, .RADIAN. ) );
#5754 = SURFACE_STYLE_USAGE ( .BOTH. , #4713 ) ;
#5755 = CARTESIAN_POINT ( 'NONE',  ( 9.500000000000001776, 1.032974534022424562, 2.221590333989759358 ) ) ;
#5756 = PRESENTATION_LAYER_ASSIGNMENT (  '', '', ( #5560 ) ) ;
#5757 = VERTEX_POINT ( 'NONE', #4081 ) ;
#5758 = CARTESIAN_POINT ( 'NONE',  ( 13.00000000000000178, 0.000000000000000000, -1.950000000002283684 ) ) ;
#5759 = ORIENTED_EDGE ( 'NONE', *, *, #2671, .F. ) ;
#5760 = FILL_AREA_STYLE ('',( #4208 ) ) ;
#5761 = SURFACE_STYLE_USAGE ( .BOTH. , #1823 ) ;
#5762 = CARTESIAN_POINT ( 'NONE',  ( 3.000000000000000000, -2.282428645141570733, 2.102202052405789612 ) ) ;
#5763 = SURFACE_SIDE_STYLE ('',( #3788 ) ) ;
#5764 = EDGE_CURVE ( 'NONE', #5008, #1022, #2317, .T. ) ;
#5765 = ORIENTED_EDGE ( 'NONE', *, *, #2654, .T. ) ;
#5766 = CARTESIAN_POINT ( 'NONE',  ( 9.500000000000001776, 1.204941612932368677, -2.159121886692098258 ) ) ;
#5767 = CARTESIAN_POINT ( 'NONE',  ( 9.500000000000001776, -5.949181936407098803, -0.6000000018753710584 ) ) ;
#5768 = EDGE_CURVE ( 'NONE', #4872, #3175, #645, .T. ) ;
#5769 = CYLINDRICAL_SURFACE ( 'NONE', #2102, 0.2500000000003476108 ) ;
#5770 = CYLINDRICAL_SURFACE ( 'NONE', #6136, 2.450000000002283684 ) ;
#5771 = DIRECTION ( 'NONE',  ( 1.000000000000000000, -0.000000000000000000, -0.000000000000000000 ) ) ;
#5772 = UNCERTAINTY_MEASURE_WITH_UNIT (LENGTH_MEASURE( 1.000000000000000082E-05 ), #712, 'distance_accuracy_value', 'NONE');
#5773 = SURFACE_STYLE_USAGE ( .BOTH. , #4314 ) ;
#5774 = PLANE ( 'NONE',  #4927 ) ;
#5775 = PRESENTATION_STYLE_ASSIGNMENT (( #383 ) ) ;
#5776 = FILL_AREA_STYLE ('',( #2208 ) ) ;
#5777 = STYLED_ITEM ( 'NONE', ( #4074 ), #1792 ) ;
#5778 = CARTESIAN_POINT ( 'NONE',  ( 9.500000000000001776, -3.416280893695002430, -2.317750945014162234 ) ) ;
#5779 = DIRECTION ( 'NONE',  ( 0.000000000000000000, 0.000000000000000000, -1.000000000000000000 ) ) ;
#5780 = CARTESIAN_POINT ( 'NONE',  ( -0.5000000000000878186, -5.950000002598056170, -0.2028847901672357068 ) ) ;
#5781 = ORIENTED_EDGE ( 'NONE', *, *, #1477, .T. ) ;
#5782 = AXIS2_PLACEMENT_3D ( 'NONE', #4737, #356, #2290 ) ;
#5783 = CARTESIAN_POINT ( 'NONE',  ( 3.000000000000000000, -5.511447537303414634, 1.924131555431610963 ) ) ;
#5784 = ORIENTED_EDGE ( 'NONE', *, *, #2230, .F. ) ;
#5785 = SURFACE_STYLE_FILL_AREA ( #5760 ) ;
#5786 = CARTESIAN_POINT ( 'NONE',  ( 0.000000000000000000, -5.949181936419980943, -0.5999999999999992006 ) ) ;
#5787 = CARTESIAN_POINT ( 'NONE',  ( 3.000000000000000000, -1.948279784402639159, 2.028884253203868226 ) ) ;
#5788 = CARTESIAN_POINT ( 'NONE',  ( 3.000000000000000000, -5.627658374173693190, 2.424131555432305962 ) ) ;
#5789 = VERTEX_POINT ( 'NONE', #1569 ) ;
#5790 = COLOUR_RGB ( '',0.9372549019607843146, 0.8823529411764705621, 0.8823529411764705621 ) ;
#5791 = B_SPLINE_SURFACE_WITH_KNOTS ( 'NONE', 3, 1, ( 
 ( #3469, #543 ),
 ( #2574, #4475 ),
 ( #4503, #1488 ),
 ( #168, #3975 ),
 ( #5457, #1102 ),
 ( #2096, #3503 ),
 ( #3536, #1556 ),
 ( #5944, #1041 ),
 ( #1625, #140 ),
 ( #3571, #5558 ) ),
 .UNSPECIFIED., .F., .F., .F.,
 ( 4, 1, 1, 1, 1, 1, 1, 4 ),
 ( 2, 2 ),
 ( 0.000000000000000000, 0.1250000000000000000, 0.2500000000000000000, 0.3750000000000000000, 0.5000000000000000000, 0.7500000000000000000, 0.8750000000000000000, 1.000000000000000000 ),
 ( 0.000000000000000000, 1.000000000000000000 ),
 .UNSPECIFIED. ) ;
#5792 = B_SPLINE_CURVE_WITH_KNOTS ( 'NONE', 3,
 ( #1813, #16, #4388, #3306, #2926, #5294 ),
 .UNSPECIFIED., .F., .F.,
 ( 4, 2, 4 ),
 ( 0.000000000000000000, 0.0003905443398186313978, 0.0007810886796372627956 ),
 .UNSPECIFIED. ) ;
#5793 = CARTESIAN_POINT ( 'NONE',  ( -0.5000000000000000000, -6.449193518580326412, 0.6000000000000006439 ) ) ;
#5794 = B_SPLINE_CURVE_WITH_KNOTS ( 'NONE', 3,
 ( #1020, #84, #1945, #5882 ),
 .UNSPECIFIED., .F., .F.,
 ( 4, 4 ),
 ( 0.000000000000000000, 1.000000000000000000 ),
 .UNSPECIFIED. ) ;
#5795 = CARTESIAN_POINT ( 'NONE',  ( 3.000000000000000000, 0.8231422074094445485, 1.767749107305984779 ) ) ;
#5796 = ORIENTED_EDGE ( 'NONE', *, *, #166, .F. ) ;
#5797 = PRESENTATION_LAYER_ASSIGNMENT (  '', '', ( #80 ) ) ;
#5798 = ADVANCED_FACE ( 'NONE', ( #5117 ), #6105, .F. ) ;
#5799 = DIRECTION ( 'NONE',  ( 1.000000000000000000, -0.000000000000000000, -0.000000000000000000 ) ) ;
#5800 = UNCERTAINTY_MEASURE_WITH_UNIT (LENGTH_MEASURE( 1.000000000000000082E-05 ), #5341, 'distance_accuracy_value', 'NONE');
#5801 = DIRECTION ( 'NONE',  ( 1.000000000000000000, -0.000000000000000000, -0.000000000000000000 ) ) ;
#5802 = SURFACE_STYLE_USAGE ( .BOTH. , #3373 ) ;
#5803 = AXIS2_PLACEMENT_3D ( 'NONE', #85, #1047, #5047 ) ;
#5804 = CARTESIAN_POINT ( 'NONE',  ( 12.50000000000000000, 0.03649346519878907125, -2.449728194515685686 ) ) ;
#5805 = PRESENTATION_STYLE_ASSIGNMENT (( #861 ) ) ;
#5806 = EDGE_CURVE ( 'NONE', #5686, #4790, #1647, .T. ) ;
#5807 = STYLED_ITEM ( 'NONE', ( #949 ), #5978 ) ;
#5808 = CARTESIAN_POINT ( 'NONE',  ( 0.000000000000000000, -1.230077907822999972, -2.128893911333789912 ) ) ;
#5809 = FILL_AREA_STYLE_COLOUR ( '', #2606 ) ;
#5810 =( LENGTH_UNIT ( ) NAMED_UNIT ( * ) SI_UNIT ( .MILLI., .METRE. ) );
#5811 = SURFACE_SIDE_STYLE ('',( #3247 ) ) ;
#5812 = CARTESIAN_POINT ( 'NONE',  ( 9.500000000000001776, -5.511447537303414634, -1.924131555431610963 ) ) ;
#5813 = ORIENTED_EDGE ( 'NONE', *, *, #98, .T. ) ;
#5814 = AXIS2_PLACEMENT_3D ( 'NONE', #718, #652, #186 ) ;
#5815 = CIRCLE ( 'NONE', #5623, 1.699999999999999956 ) ;
#5816 = ORIENTED_EDGE ( 'NONE', *, *, #925, .T. ) ;
#5817 = CLOSED_SHELL ( 'NONE', ( #5249, #4275, #4463, #276, #2880, #3553, #2411, #441, #2293, #3684, #5326, #1798, #3305, #877, #856, #2542, #5499, #3543, #5951, #2790, #931, #3918, #4088, #1949, #3108, #2024, #3027, #3796, #4434, #706, #5564, #1792, #4186, #3675, #71, #2757, #423, #3260, #4799, #5024, #2315, #2829, #608, #2447, #431, #1324, #2335, #5292 ) ) ;
#5818 = CARTESIAN_POINT ( 'NONE',  ( 3.500000000000000000, 1.425172436802283560, -0.5999999999999989786 ) ) ;
#5819 = CARTESIAN_POINT ( 'NONE',  ( 3.000000000000000000, -5.950000000000000178, -7.286648454926723369E-16 ) ) ;
#5820 = COLOUR_RGB ( '',0.9372549019607843146, 0.8823529411764705621, 0.8823529411764705621 ) ;
#5821 = CARTESIAN_POINT ( 'NONE',  ( 12.50000000000000000, -5.892247557339150177, -1.924131555431609630 ) ) ;
#5822 = CARTESIAN_POINT ( 'NONE',  ( 3.000000000000000000, -5.303916665296939392, 2.424131555432305518 ) ) ;
#5823 = CARTESIAN_POINT ( 'NONE',  ( 3.000000000000000000, -5.511447537303412858, -2.424131555431612739 ) ) ;
#5824 =( LENGTH_UNIT ( ) NAMED_UNIT ( * ) SI_UNIT ( .MILLI., .METRE. ) );
#5825 = COLOUR_RGB ( '',0.9372549019607843146, 0.8823529411764705621, 0.8823529411764705621 ) ;
#5826 = PRODUCT_RELATED_PRODUCT_CATEGORY ( 'part', '', ( #2098 ) ) ;
#5827 = ORIENTED_EDGE ( 'NONE', *, *, #1134, .F. ) ;
#5828 = SURFACE_STYLE_USAGE ( .BOTH. , #5187 ) ;
#5829 = CARTESIAN_POINT ( 'NONE',  ( 12.50000000000000000, 1.850152416059160920, -2.310170725898328392 ) ) ;
#5830 = DIRECTION ( 'NONE',  ( 0.000000000000000000, 0.000000000000000000, 1.000000000000000000 ) ) ;
#5831 = STYLED_ITEM ( 'NONE', ( #1129 ), #608 ) ;
#5832 = CARTESIAN_POINT ( 'NONE',  ( 12.50000000000000000, -1.168370712318190341, -2.153464622091685321 ) ) ;
#5833 = ORIENTED_EDGE ( 'NONE', *, *, #6117, .F. ) ;
#5834 = SURFACE_SIDE_STYLE ('',( #3797 ) ) ;
#5835 = COLOUR_RGB ( '',0.7960784313725489669, 0.8235294117647058432, 0.9372549019607843146 ) ;
#5836 = FILL_AREA_STYLE ('',( #3179 ) ) ;
#5837 =( NAMED_UNIT ( * ) SI_UNIT ( $, .STERADIAN. ) SOLID_ANGLE_UNIT ( ) );
#5838 = FACE_OUTER_BOUND ( 'NONE', #3194, .T. ) ;
#5839 = DIRECTION ( 'NONE',  ( 0.000000000000000000, 0.000000000000000000, 1.000000000000000000 ) ) ;
#5840 = VERTEX_POINT ( 'NONE', #5012 ) ;
#5841 = EDGE_CURVE ( 'NONE', #2475, #1475, #4850, .T. ) ;
#5842 = CIRCLE ( 'NONE', #2734, 1.949999999999999734 ) ;
#5843 = CARTESIAN_POINT ( 'NONE',  ( 9.500000000000001776, 0.8231422074094445485, -1.767749107305984779 ) ) ;
#5844 = CARTESIAN_POINT ( 'NONE',  ( -0.4480839244265157895, -1.100517191539042150, 1.913644924524385837 ) ) ;
#5845 = CARTESIAN_POINT ( 'NONE',  ( 12.50000000000000000, 1.032974534022083279, -2.221590333988931132 ) ) ;
#5846 = FILL_AREA_STYLE ('',( #363 ) ) ;
#5847 = LINE ( 'NONE', #582, #2781 ) ;
#5848 = CARTESIAN_POINT ( 'NONE',  ( 9.500000000000001776, 1.087617498296270302, 2.196531237075769027 ) ) ;
#5849 = ORIENTED_EDGE ( 'NONE', *, *, #3485, .F. ) ;
#5850 = EDGE_CURVE ( 'NONE', #4343, #1024, #2465, .T. ) ;
#5851 = COLOUR_RGB ( '',0.9372549019607843146, 0.8823529411764705621, 0.8823529411764705621 ) ;
#5852 = CIRCLE ( 'NONE', #1114, 0.2500000000003476108 ) ;
#5853 = PRODUCT_CONTEXT ( 'NONE', #4602, 'mechanical' ) ;
#5854 = ORIENTED_EDGE ( 'NONE', *, *, #5063, .T. ) ;
#5855 = DIRECTION ( 'NONE',  ( -1.000000000000000000, -0.000000000000000000, -0.000000000000000000 ) ) ;
#5856 = CARTESIAN_POINT ( 'NONE',  ( 3.000000000000131894, -5.950000000000001954, -0.2029191244294280549 ) ) ;
#5857 = MECHANICAL_DESIGN_GEOMETRIC_PRESENTATION_REPRESENTATION (  '', ( #1425 ), #4714 ) ;
#5858 =( NAMED_UNIT ( * ) PLANE_ANGLE_UNIT ( ) SI_UNIT ( $, .RADIAN. ) );
#5859 = STYLED_ITEM ( 'NONE', ( #4811 ), #3825 ) ;
#5860 =( NAMED_UNIT ( * ) PLANE_ANGLE_UNIT ( ) SI_UNIT ( $, .RADIAN. ) );
#5861 = ORIENTED_EDGE ( 'NONE', *, *, #1322, .T. ) ;
#5862 = MECHANICAL_DESIGN_GEOMETRIC_PRESENTATION_REPRESENTATION (  '', ( #1225 ), #1938 ) ;
#5863 = CARTESIAN_POINT ( 'NONE',  ( 9.500000000000001776, 1.204941612932368677, -2.159121886692098258 ) ) ;
#5864 = SURFACE_STYLE_USAGE ( .BOTH. , #434 ) ;
#5865 = CIRCLE ( 'NONE', #2758, 2.450000000002283684 ) ;
#5866 = FACE_OUTER_BOUND ( 'NONE', #2934, .T. ) ;
#5867 = CARTESIAN_POINT ( 'NONE',  ( 12.50000000000000000, -6.449162802238361358, -0.6000000000000006439 ) ) ;
#5868 = B_SPLINE_CURVE_WITH_KNOTS ( 'NONE', 3,
 ( #4549, #4519, #5015, #998, #3518, #3552, #152, #180, #1472 ),
 .UNSPECIFIED., .F., .F.,
 ( 4, 1, 1, 1, 1, 1, 4 ),
 ( 0.1605140132100208727, 0.2500000000000000000, 0.5000000000000000000, 0.6250000000000000000, 0.7500000000000000000, 0.8750000000000000000, 1.000000000000000000 ),
 .UNSPECIFIED. ) ;
#5869 = FILL_AREA_STYLE_COLOUR ( '', #3965 ) ;
#5870 = ORIENTED_EDGE ( 'NONE', *, *, #4470, .T. ) ;
#5871 = FACE_OUTER_BOUND ( 'NONE', #1112, .T. ) ;
#5872 = CARTESIAN_POINT ( 'NONE',  ( 12.50000000000000000, 0.8231422074094449925, -1.767749107305984557 ) ) ;
#5873 = SURFACE_SIDE_STYLE ('',( #4895 ) ) ;
#5874 = DIRECTION ( 'NONE',  ( 0.000000000000000000, 0.000000000000000000, -1.000000000000000000 ) ) ;
#5875 = DIRECTION ( 'NONE',  ( 0.000000000000000000, 1.224646799147352468E-16, 1.000000000000000000 ) ) ;
#5876 = UNCERTAINTY_MEASURE_WITH_UNIT (LENGTH_MEASURE( 1.000000000000000082E-05 ), #3075, 'distance_accuracy_value', 'NONE');
#5877 = UNCERTAINTY_MEASURE_WITH_UNIT (LENGTH_MEASURE( 1.000000000000000082E-05 ), #2519, 'distance_accuracy_value', 'NONE');
#5878 = CARTESIAN_POINT ( 'NONE',  ( 3.000000000000000000, -1.365337641708880279, -2.079570557496615901 ) ) ;
#5879 = B_SPLINE_CURVE_WITH_KNOTS ( 'NONE', 3,
 ( #6277, #2382, #1868, #2291, #1836 ),
 .UNSPECIFIED., .F., .F.,
 ( 4, 1, 4 ),
 ( 0.8394859867900433814, 0.8750000000000000000, 1.000000000000000000 ),
 .UNSPECIFIED. ) ;
#5880 = CARTESIAN_POINT ( 'NONE',  ( 9.500000000000001776, -6.449446395972438850, 0.5596091947258451382 ) ) ;
#5881 = CARTESIAN_POINT ( 'NONE',  ( 12.50000000000000000, 0.000000000000000000, 0.000000000000000000 ) ) ;
#5882 = CARTESIAN_POINT ( 'NONE',  ( 9.500000000000001776, 0.8231422074094451036, 1.767749107305984779 ) ) ;
#5883 = SURFACE_STYLE_FILL_AREA ( #3279 ) ;
#5884 = ORIENTED_EDGE ( 'NONE', *, *, #3704, .T. ) ;
#5885 = UNCERTAINTY_MEASURE_WITH_UNIT (LENGTH_MEASURE( 1.000000000000000082E-05 ), #1891, 'distance_accuracy_value', 'NONE');
#5886 = B_SPLINE_CURVE_WITH_KNOTS ( 'NONE', 3,
 ( #5707, #4308, #2813, #2784, #5766, #2257, #1800 ),
 .UNSPECIFIED., .F., .F.,
 ( 4, 1, 1, 1, 4 ),
 ( 0.001225663607338614829, 0.2509192477055039450, 0.5006128318036693337, 0.7503064159018346668, 1.000000000000000000 ),
 .UNSPECIFIED. ) ;
#5887 = ORIENTED_EDGE ( 'NONE', *, *, #4687, .F. ) ;
#5888 = PRESENTATION_LAYER_ASSIGNMENT (  '', '', ( #5996 ) ) ;
#5889 =( NAMED_UNIT ( * ) PLANE_ANGLE_UNIT ( ) SI_UNIT ( $, .RADIAN. ) );
#5890 = FILL_AREA_STYLE_COLOUR ( '', #514 ) ;
#5891 = ADVANCED_FACE ( 'NONE', ( #1781 ), #2768, .T. ) ;
#5892 = CYLINDRICAL_SURFACE ( 'NONE', #4685, 1.949999999999999956 ) ;
#5893 = CARTESIAN_POINT ( 'NONE',  ( 0.000000000000000000, -3.416280893695002430, 2.317750945014162234 ) ) ;
#5894 = LINE ( 'NONE', #1544, #96 ) ;
#5895 = EDGE_LOOP ( 'NONE', ( #6290, #3715, #4616, #5854 ) ) ;
#5896 =( GEOMETRIC_REPRESENTATION_CONTEXT ( 3 ) GLOBAL_UNCERTAINTY_ASSIGNED_CONTEXT ( ( #5734 ) ) GLOBAL_UNIT_ASSIGNED_CONTEXT ( ( #5824, #2342, #4304 ) ) REPRESENTATION_CONTEXT ( 'NONE', 'WORKASPACE' ) );
#5897 = ORIENTED_EDGE ( 'NONE', *, *, #1865, .F. ) ;
#5898 = EDGE_CURVE ( 'NONE', #4804, #4343, #304, .T. ) ;
#5899 =( GEOMETRIC_REPRESENTATION_CONTEXT ( 3 ) GLOBAL_UNCERTAINTY_ASSIGNED_CONTEXT ( ( #849 ) ) GLOBAL_UNIT_ASSIGNED_CONTEXT ( ( #2451, #1970, #4934 ) ) REPRESENTATION_CONTEXT ( 'NONE', 'WORKASPACE' ) );
#5900 = CARTESIAN_POINT ( 'NONE',  ( 9.500000000000001776, 1.032974534022752744, -2.221590333990373090 ) ) ;
#5901 = FILL_AREA_STYLE_COLOUR ( '', #2525 ) ;
#5902 =( NAMED_UNIT ( * ) SI_UNIT ( $, .STERADIAN. ) SOLID_ANGLE_UNIT ( ) );
#5903 = DIRECTION ( 'NONE',  ( 1.000000000000000000, -0.000000000000000000, 0.000000000000000000 ) ) ;
#5904 = CARTESIAN_POINT ( 'NONE',  ( 0.000000000000000000, 0.000000000000000000, 0.000000000000000000 ) ) ;
#5905 = MECHANICAL_DESIGN_GEOMETRIC_PRESENTATION_REPRESENTATION (  '', ( #2288 ), #5179 ) ;
#5906 = EDGE_CURVE ( 'NONE', #3280, #1125, #1236, .T. ) ;
#5907 = CARTESIAN_POINT ( 'NONE',  ( -0.5000000000000000000, -6.450000000000001066, 2.773391560421764486E-15 ) ) ;
#5908 = ORIENTED_EDGE ( 'NONE', *, *, #329, .T. ) ;
#5909 = CARTESIAN_POINT ( 'NONE',  ( 3.000000000000000000, -6.450368985390642074, 0.3720377589584699107 ) ) ;
#5910 = B_SPLINE_SURFACE_WITH_KNOTS ( 'NONE', 3, 1, ( 
 ( #475, #3404 ),
 ( #3870, #545 ),
 ( #980, #1422 ),
 ( #3337, #2480 ) ),
 .UNSPECIFIED., .F., .F., .F.,
 ( 4, 4 ),
 ( 2, 2 ),
 ( 0.000000000000000000, 1.000000000000000000 ),
 ( 0.000000000000000000, 1.000000000000000000 ),
 .UNSPECIFIED. ) ;
#5911 = DIRECTION ( 'NONE',  ( -1.000000000000000000, 0.000000000000000000, 0.000000000000000000 ) ) ;
#5912 = FILL_AREA_STYLE_COLOUR ( '', #774 ) ;
#5913 = CARTESIAN_POINT ( 'NONE',  ( 9.500000000000001776, -1.168370712318658855, 2.153464622092449154 ) ) ;
#5914 = EDGE_CURVE ( 'NONE', #3024, #1000, #4887, .T. ) ;
#5915 = CIRCLE ( 'NONE', #1172, 0.1550331274601050857 ) ;
#5916 = CARTESIAN_POINT ( 'NONE',  ( 9.500000000000001776, -6.449162802206574341, 0.5999999999999985345 ) ) ;
#5917 = FACE_OUTER_BOUND ( 'NONE', #2245, .T. ) ;
#5918 =( GEOMETRIC_REPRESENTATION_CONTEXT ( 3 ) GLOBAL_UNCERTAINTY_ASSIGNED_CONTEXT ( ( #3502 ) ) GLOBAL_UNIT_ASSIGNED_CONTEXT ( ( #567, #3968, #5668 ) ) REPRESENTATION_CONTEXT ( 'NONE', 'WORKASPACE' ) );
#5919 = DIRECTION ( 'NONE',  ( -1.000000000000000000, -0.000000000000000000, -0.000000000000000000 ) ) ;
#5920 = CIRCLE ( 'NONE', #177, 0.5999999999999999778 ) ;
#5921 = CARTESIAN_POINT ( 'NONE',  ( 3.000000000000000000, -6.450368985389946630, -0.3720377589585568412 ) ) ;
#5922 = LINE ( 'NONE', #1501, #2206 ) ;
#5923 = ORIENTED_EDGE ( 'NONE', *, *, #350, .T. ) ;
#5924 = PRESENTATION_LAYER_ASSIGNMENT (  '', '', ( #1490 ) ) ;
#5925 = AXIS2_PLACEMENT_3D ( 'NONE', #828, #6192, #3727 ) ;
#5926 = ORIENTED_EDGE ( 'NONE', *, *, #1555, .T. ) ;
#5927 = CARTESIAN_POINT ( 'NONE',  ( 3.000000000000000000, -5.950416102730720525, -0.4203240001441722606 ) ) ;
#5928 =( NAMED_UNIT ( * ) PLANE_ANGLE_UNIT ( ) SI_UNIT ( $, .RADIAN. ) );
#5929 =( NAMED_UNIT ( * ) SI_UNIT ( $, .STERADIAN. ) SOLID_ANGLE_UNIT ( ) );
#5930 = CARTESIAN_POINT ( 'NONE',  ( 12.50000000000000000, -2.236639308303995932, 1.179614498202194328 ) ) ;
#5931 = CARTESIAN_POINT ( 'NONE',  ( 13.00000000000000178, -5.949999999999998401, 7.286648454926847614E-16 ) ) ;
#5932 =( GEOMETRIC_REPRESENTATION_CONTEXT ( 3 ) GLOBAL_UNCERTAINTY_ASSIGNED_CONTEXT ( ( #1940 ) ) GLOBAL_UNIT_ASSIGNED_CONTEXT ( ( #4326, #3884, #2427 ) ) REPRESENTATION_CONTEXT ( 'NONE', 'WORKASPACE' ) );
#5933 = ORIENTED_EDGE ( 'NONE', *, *, #5979, .F. ) ;
#5934 = VECTOR ( 'NONE', #6140, 1000.000000000000000 ) ;
#5935 = EDGE_CURVE ( 'NONE', #3996, #644, #2620, .T. ) ;
#5936 = ORIENTED_EDGE ( 'NONE', *, *, #3445, .F. ) ;
#5937 = AXIS2_PLACEMENT_3D ( 'NONE', #6112, #5642, #1704 ) ;
#5938 = CARTESIAN_POINT ( 'NONE',  ( 3.000000000000000000, 1.087617498296270302, -2.196531237075769027 ) ) ;
#5939 = STYLED_ITEM ( 'NONE', ( #334 ), #5891 ) ;
#5940 =( NAMED_UNIT ( * ) PLANE_ANGLE_UNIT ( ) SI_UNIT ( $, .RADIAN. ) );
#5941 = ORIENTED_EDGE ( 'NONE', *, *, #1857, .T. ) ;
#5942 = FILL_AREA_STYLE_COLOUR ( '', #6026 ) ;
#5943 = SURFACE_SIDE_STYLE ('',( #4502 ) ) ;
#5944 = CARTESIAN_POINT ( 'NONE',  ( 9.499999999999998224, -6.450574693422420403, -0.4911150690505885485 ) ) ;
#5945 =( LENGTH_UNIT ( ) NAMED_UNIT ( * ) SI_UNIT ( .MILLI., .METRE. ) );
#5946 = MECHANICAL_DESIGN_GEOMETRIC_PRESENTATION_REPRESENTATION (  '', ( #5009 ), #3869 ) ;
#5947 = DIRECTION ( 'NONE',  ( 1.000000000000000000, -0.000000000000000000, -0.000000000000000000 ) ) ;
#5948 = CARTESIAN_POINT ( 'NONE',  ( -0.5000000000000000000, -6.449193518580326412, 0.6000000000000006439 ) ) ;
#5949 = COLOUR_RGB ( '',0.9372549019607843146, 0.8823529411764705621, 0.8823529411764705621 ) ;
#5950 = DIRECTION ( 'NONE',  ( 0.000000000000000000, -1.000000000000000000, 6.193993248405337552E-17 ) ) ;
#5951 = ADVANCED_FACE ( 'NONE', ( #3739 ), #5232, .T. ) ;
#5952 = SURFACE_STYLE_FILL_AREA ( #3411 ) ;
#5953 = FILL_AREA_STYLE_COLOUR ( '', #4461 ) ;
#5954 = ORIENTED_EDGE ( 'NONE', *, *, #4885, .F. ) ;
#5955 = VECTOR ( 'NONE', #5131, 1000.000000000000000 ) ;
#5956 = B_SPLINE_CURVE_WITH_KNOTS ( 'NONE', 3,
 ( #1386, #4826, #439, #5253 ),
 .UNSPECIFIED., .F., .F.,
 ( 4, 4 ),
 ( 0.000000000000000000, 1.000000000000000000 ),
 .UNSPECIFIED. ) ;
#5957 = ORIENTED_EDGE ( 'NONE', *, *, #837, .F. ) ;
#5958 = VECTOR ( 'NONE', #1300, 1000.000000000000000 ) ;
#5959 =( NAMED_UNIT ( * ) SI_UNIT ( $, .STERADIAN. ) SOLID_ANGLE_UNIT ( ) );
#5960 = LINE ( 'NONE', #997, #1202 ) ;
#5961 = SURFACE_SIDE_STYLE ('',( #3992 ) ) ;
#5962 = DIRECTION ( 'NONE',  ( -1.000000000000000000, -0.000000000000000000, -0.000000000000000000 ) ) ;
#5963 = MECHANICAL_DESIGN_GEOMETRIC_PRESENTATION_REPRESENTATION (  '', ( #1216 ), #3142 ) ;
#5964 = ORIENTED_EDGE ( 'NONE', *, *, #2863, .F. ) ;
#5965 = EDGE_LOOP ( 'NONE', ( #4835, #1634, #963, #3814 ) ) ;
#5966 = AXIS2_PLACEMENT_3D ( 'NONE', #2133, #4102, #1197 ) ;
#5967 = CIRCLE ( 'NONE', #6063, 0.5999999999999999778 ) ;
#5968 = SURFACE_STYLE_FILL_AREA ( #3964 ) ;
#5969 = FILL_AREA_STYLE_COLOUR ( '', #820 ) ;
#5970 = CARTESIAN_POINT ( 'NONE',  ( 0.8999999999999998002, -2.388061258337338643E-16, 1.949999999999999956 ) ) ;
#5971 = EDGE_CURVE ( 'NONE', #337, #3530, #988, .T. ) ;
#5972 = CARTESIAN_POINT ( 'NONE',  ( 9.500000000000001776, 0.8231422074094451036, 1.767749107305984779 ) ) ;
#5973 = CARTESIAN_POINT ( 'NONE',  ( 12.50000000000000000, -6.422442313217941567, -1.465803793296805546 ) ) ;
#5974 = ORIENTED_EDGE ( 'NONE', *, *, #4300, .T. ) ;
#5975 = UNCERTAINTY_MEASURE_WITH_UNIT (LENGTH_MEASURE( 1.000000000000000082E-05 ), #4599, 'distance_accuracy_value', 'NONE');
#5976 =( NAMED_UNIT ( * ) SI_UNIT ( $, .STERADIAN. ) SOLID_ANGLE_UNIT ( ) );
#5977 = AXIS2_PLACEMENT_3D ( 'NONE', #5286, #6247, #1809 ) ;
#5978 = ADVANCED_FACE ( 'NONE', ( #3945 ), #1395, .T. ) ;
#5979 = EDGE_CURVE ( 'NONE', #2204, #3065, #1183, .T. ) ;
#5980 = FILL_AREA_STYLE_COLOUR ( '', #1660 ) ;
#5981 = CARTESIAN_POINT ( 'NONE',  ( 12.50000000000000000, -1.365337641708880279, 2.079570557496615901 ) ) ;
#5982 = DIRECTION ( 'NONE',  ( 1.000000000000000000, 0.000000000000000000, -0.000000000000000000 ) ) ;
#5983 =( NAMED_UNIT ( * ) PLANE_ANGLE_UNIT ( ) SI_UNIT ( $, .RADIAN. ) );
#5984 = CARTESIAN_POINT ( 'NONE',  ( 9.000000000000001776, -6.450000002576683933, -0.2023508809966188815 ) ) ;
#5985 = EDGE_CURVE ( 'NONE', #1401, #3024, #1853, .T. ) ;
#5986 = CARTESIAN_POINT ( 'NONE',  ( 8.100000000000001421, 2.204364238465235576E-16, 1.800000000000000044 ) ) ;
#5987 = FILL_AREA_STYLE_COLOUR ( '', #4632 ) ;
#5988 = DIRECTION ( 'NONE',  ( -1.000000000000000000, -0.000000000000000000, -0.000000000000000000 ) ) ;
#5989 = ORIENTED_EDGE ( 'NONE', *, *, #5454, .T. ) ;
#5990 = EDGE_CURVE ( 'NONE', #5442, #185, #2253, .T. ) ;
#5991 = ORIENTED_EDGE ( 'NONE', *, *, #4223, .F. ) ;
#5992 = DIRECTION ( 'NONE',  ( -1.000000000000000000, 0.000000000000000000, 0.000000000000000000 ) ) ;
#5993 =( LENGTH_UNIT ( ) NAMED_UNIT ( * ) SI_UNIT ( .MILLI., .METRE. ) );
#5994 = CARTESIAN_POINT ( 'NONE',  ( 9.500000000000001776, -6.450000000000001954, 0.1584447975266691788 ) ) ;
#5995 = ORIENTED_EDGE ( 'NONE', *, *, #5121, .T. ) ;
#5996 = STYLED_ITEM ( 'NONE', ( #5747 ), #1852 ) ;
#5997 = EDGE_LOOP ( 'NONE', ( #1030, #6083, #5346, #3483, #3920, #2019 ) ) ;
#5998 = CARTESIAN_POINT ( 'NONE',  ( 9.500000000000001776, -2.761679942142205579, -2.209572282996751014 ) ) ;
#5999 = PRESENTATION_LAYER_ASSIGNMENT (  '', '', ( #1680 ) ) ;
#6000 = CARTESIAN_POINT ( 'NONE',  ( 9.500000000000001776, -5.949181936419980055, 0.5999999999999985345 ) ) ;
#6001 = CARTESIAN_POINT ( 'NONE',  ( 0.000000000000000000, -5.856555014391710223, -2.390956376934878502 ) ) ;
#6002 = CARTESIAN_POINT ( 'NONE',  ( 12.50000000000000000, -5.949181936419980943, 0.5999999999999992006 ) ) ;
#6003 =( GEOMETRIC_REPRESENTATION_CONTEXT ( 3 ) GLOBAL_UNCERTAINTY_ASSIGNED_CONTEXT ( ( #3258 ) ) GLOBAL_UNIT_ASSIGNED_CONTEXT ( ( #3274, #1902, #3876 ) ) REPRESENTATION_CONTEXT ( 'NONE', 'WORKASPACE' ) );
#6004 = ORIENTED_EDGE ( 'NONE', *, *, #4970, .F. ) ;
#6005 = CARTESIAN_POINT ( 'NONE',  ( 12.50000000000000000, 0.000000000000000000, 0.000000000000000000 ) ) ;
#6006 = DIRECTION ( 'NONE',  ( 1.000000000000000000, -0.000000000000000000, 0.000000000000000000 ) ) ;
#6007 = SURFACE_STYLE_USAGE ( .BOTH. , #5485 ) ;
#6008 = CIRCLE ( 'NONE', #2088, 0.2499999999999997780 ) ;
#6009 = FILL_AREA_STYLE ('',( #142 ) ) ;
#6010 = ADVANCED_FACE ( 'NONE', ( #1872 ), #3379, .F. ) ;
#6011 = CARTESIAN_POINT ( 'NONE',  ( 9.500000000000001776, -1.168370712318190341, -2.153464622091685321 ) ) ;
#6012 = CARTESIAN_POINT ( 'NONE',  ( 12.50000000000000000, 1.586240938091250774, 2.189026805737763315 ) ) ;
#6013 = DIRECTION ( 'NONE',  ( 1.000000000000000000, 0.000000000000000000, 0.000000000000000000 ) ) ;
#6014 = DIRECTION ( 'NONE',  ( 0.000000000000000000, 0.000000000000000000, -1.000000000000000000 ) ) ;
#6015 = ORIENTED_EDGE ( 'NONE', *, *, #962, .F. ) ;
#6016 = CIRCLE ( 'NONE', #1586, 0.2500000000000000000 ) ;
#6017 = B_SPLINE_SURFACE_WITH_KNOTS ( 'NONE', 3, 1, ( 
 ( #2916, #2477 ),
 ( #2062, #1067 ),
 ( #5034, #3011 ),
 ( #511, #1487 ),
 ( #2954, #633 ),
 ( #2573, #4995 ),
 ( #4532, #4926 ),
 ( #1455, #167 ),
 ( #5455, #5379 ),
 ( #1009, #4893 ),
 ( #2441, #4444 ),
 ( #4410, #40 ),
 ( #1963, #727 ) ),
 .UNSPECIFIED., .F., .F., .F.,
 ( 4, 1, 1, 1, 1, 1, 1, 1, 1, 1, 4 ),
 ( 2, 2 ),
 ( 0.007813538992001545225, 0.06982519280500143477, 0.1318368466180013243, 0.2558601542440011034, 0.3798834618700008825, 0.5039067694960007726, 0.6279300771220005517, 0.7519533847480003308, 0.8759766923740001099, 0.9379883461869999994, 0.9999999999999998890 ),
 ( 0.000000000000000000, 1.000000000000000000 ),
 .UNSPECIFIED. ) ;
#6018 = EDGE_CURVE ( 'NONE', #5075, #586, #2510, .T. ) ;
#6019 = ORIENTED_EDGE ( 'NONE', *, *, #2065, .F. ) ;
#6020 = STYLED_ITEM ( 'NONE', ( #4886 ), #4607 ) ;
#6021 = CIRCLE ( 'NONE', #3729, 0.4050331274601051135 ) ;
#6022 = CARTESIAN_POINT ( 'NONE',  ( 3.500000000000000000, -6.450005241624683805, 0.3881786141299684578 ) ) ;
#6023 = DIRECTION ( 'NONE',  ( -1.000000000000000000, 0.000000000000000000, 0.000000000000000000 ) ) ;
#6024 = UNCERTAINTY_MEASURE_WITH_UNIT (LENGTH_MEASURE( 1.000000000000000082E-05 ), #568, 'distance_accuracy_value', 'NONE');
#6025 = VERTEX_POINT ( 'NONE', #887 ) ;
#6026 = COLOUR_RGB ( '',0.9372549019607843146, 0.8823529411764705621, 0.8823529411764705621 ) ;
#6027 = ORIENTED_EDGE ( 'NONE', *, *, #4885, .T. ) ;
#6028 = PRESENTATION_STYLE_ASSIGNMENT (( #1090 ) ) ;
#6029 = STYLED_ITEM ( 'NONE', ( #6161 ), #6051 ) ;
#6030 = DIRECTION ( 'NONE',  ( 1.000000000000000000, 0.000000000000000000, 0.000000000000000000 ) ) ;
#6031 = CARTESIAN_POINT ( 'NONE',  ( 0.000000000000000000, 1.087617498296270302, -2.196531237075769027 ) ) ;
#6032 = EDGE_CURVE ( 'NONE', #2145, #554, #4543, .T. ) ;
#6033 = CARTESIAN_POINT ( 'NONE',  ( 3.000000000000000000, 1.850152416059487548, -2.310170725897712884 ) ) ;
#6034 = MECHANICAL_DESIGN_GEOMETRIC_PRESENTATION_REPRESENTATION (  '', ( #2613 ), #4473 ) ;
#6035 = VECTOR ( 'NONE', #779, 1000.000000000000000 ) ;
#6036 = VECTOR ( 'NONE', #4836, 1000.000000000000227 ) ;
#6037 = VERTEX_POINT ( 'NONE', #2234 ) ;
#6038 =( NAMED_UNIT ( * ) PLANE_ANGLE_UNIT ( ) SI_UNIT ( $, .RADIAN. ) );
#6039 = VERTEX_POINT ( 'NONE', #4699 ) ;
#6040 = VECTOR ( 'NONE', #2429, 1000.000000000000000 ) ;
#6041 = DIRECTION ( 'NONE',  ( 0.000000000000000000, -0.9622270472443683609, 0.2722482498591758393 ) ) ;
#6042 = CARTESIAN_POINT ( 'NONE',  ( 3.000000000000000000, -5.511447537303412858, -2.424131555431612739 ) ) ;
#6043 = PRESENTATION_LAYER_ASSIGNMENT (  '', '', ( #5207 ) ) ;
#6044 =( NAMED_UNIT ( * ) SI_UNIT ( $, .STERADIAN. ) SOLID_ANGLE_UNIT ( ) );
#6045 = EDGE_CURVE ( 'NONE', #1436, #3746, #2690, .T. ) ;
#6046 = CARTESIAN_POINT ( 'NONE',  ( 12.50000000000000000, 0.000000000000000000, 0.000000000000000000 ) ) ;
#6047 = VERTEX_POINT ( 'NONE', #406 ) ;
#6048 =( GEOMETRIC_REPRESENTATION_CONTEXT ( 3 ) GLOBAL_UNCERTAINTY_ASSIGNED_CONTEXT ( ( #2893 ) ) GLOBAL_UNIT_ASSIGNED_CONTEXT ( ( #4657, #6188, #3129 ) ) REPRESENTATION_CONTEXT ( 'NONE', 'WORKASPACE' ) );
#6049 = ORIENTED_EDGE ( 'NONE', *, *, #5150, .T. ) ;
#6050 = CARTESIAN_POINT ( 'NONE',  ( 12.50000000000000000, 1.967225567140176379, -2.089277364077947841 ) ) ;
#6051 = ADVANCED_FACE ( 'NONE', ( #2352 ), #2789, .T. ) ;
#6052 = PRESENTATION_LAYER_ASSIGNMENT (  '', '', ( #1211 ) ) ;
#6053 = CARTESIAN_POINT ( 'NONE',  ( 12.50000000000000000, -2.088292368742854510, -1.924131555431599416 ) ) ;
#6054 = ORIENTED_EDGE ( 'NONE', *, *, #3222, .T. ) ;
#6055 = EDGE_LOOP ( 'NONE', ( #6181, #4392, #2092, #4065 ) ) ;
#6056 = MECHANICAL_DESIGN_GEOMETRIC_PRESENTATION_REPRESENTATION (  '', ( #4597 ), #3248 ) ;
#6057 = FILL_AREA_STYLE ('',( #5547 ) ) ;
#6058 =( LENGTH_UNIT ( ) NAMED_UNIT ( * ) SI_UNIT ( .MILLI., .METRE. ) );
#6059 =( NAMED_UNIT ( * ) SI_UNIT ( $, .STERADIAN. ) SOLID_ANGLE_UNIT ( ) );
#6060 =( NAMED_UNIT ( * ) PLANE_ANGLE_UNIT ( ) SI_UNIT ( $, .RADIAN. ) );
#6061 = CIRCLE ( 'NONE', #2154, 1.949999999999999734 ) ;
#6062 = ORIENTED_EDGE ( 'NONE', *, *, #2709, .F. ) ;
#6063 = AXIS2_PLACEMENT_3D ( 'NONE', #1762, #498, #848 ) ;
#6064 = FILL_AREA_STYLE ('',( #4124 ) ) ;
#6065 = VERTEX_POINT ( 'NONE', #6273 ) ;
#6066 = CARTESIAN_POINT ( 'NONE',  ( 12.60000000000000142, 1.898608233058213148E-17, -0.1550331274601050857 ) ) ;
#6067 = DIRECTION ( 'NONE',  ( 0.000000000000000000, 0.000000000000000000, 1.000000000000000000 ) ) ;
#6068 = STYLED_ITEM ( 'NONE', ( #4200 ), #4078 ) ;
#6069 = CARTESIAN_POINT ( 'NONE',  ( 3.499999999999912070, -5.950000002598935467, 0.2029191250551689585 ) ) ;
#6070 = FILL_AREA_STYLE ('',( #4103 ) ) ;
#6071 = CARTESIAN_POINT ( 'NONE',  ( -0.5000000000000000000, -5.949157288921806952, 0.6035542239370846884 ) ) ;
#6072 =( NAMED_UNIT ( * ) PLANE_ANGLE_UNIT ( ) SI_UNIT ( $, .RADIAN. ) );
#6073 = SURFACE_STYLE_FILL_AREA ( #5596 ) ;
#6074 = CYLINDRICAL_SURFACE ( 'NONE', #1595, 1.000000000000000000 ) ;
#6075 = CIRCLE ( 'NONE', #6250, 1.000000000000000000 ) ;
#6076 = ORIENTED_EDGE ( 'NONE', *, *, #2618, .F. ) ;
#6077 = ORIENTED_EDGE ( 'NONE', *, *, #6265, .T. ) ;
#6078 = CARTESIAN_POINT ( 'NONE',  ( 0.000000000000000000, -5.303916665296943833, -2.424131555431610963 ) ) ;
#6079 = CARTESIAN_POINT ( 'NONE',  ( -0.5000000000000000000, 0.1802463793658169444, 1.941651679044009260 ) ) ;
#6080 = CARTESIAN_POINT ( 'NONE',  ( 13.00000000000000178, -6.450000000000001066, -2.773391560421764486E-15 ) ) ;
#6081 = UNCERTAINTY_MEASURE_WITH_UNIT (LENGTH_MEASURE( 1.000000000000000082E-05 ), #2122, 'distance_accuracy_value', 'NONE');
#6082 = VERTEX_POINT ( 'NONE', #3201 ) ;
#6083 = ORIENTED_EDGE ( 'NONE', *, *, #1468, .T. ) ;
#6084 = ADVANCED_FACE ( 'NONE', ( #2725 ), #5038, .F. ) ;
#6085 = CARTESIAN_POINT ( 'NONE',  ( 12.50000000000000000, -1.365337641709120975, -2.079570557497269601 ) ) ;
#6086 = DIRECTION ( 'NONE',  ( -1.000000000000000000, 0.000000000000000000, 0.000000000000000000 ) ) ;
#6087 = PLANE ( 'NONE',  #223 ) ;
#6088 = CYLINDRICAL_SURFACE ( 'NONE', #1016, 1.949999999999999956 ) ;
#6089 = ADVANCED_FACE ( 'NONE', ( #3397 ), #1926, .T. ) ;
#6090 = EDGE_LOOP ( 'NONE', ( #285, #6062, #2951, #3511, #1206 ) ) ;
#6091 = DIRECTION ( 'NONE',  ( -0.000000000000000000, 1.000000000000000000, -1.858197974521601389E-16 ) ) ;
#6092 = CARTESIAN_POINT ( 'NONE',  ( 9.500000000000001776, -0.9536012874044282883, -1.700924626390192484 ) ) ;
#6093 = SURFACE_STYLE_FILL_AREA ( #2168 ) ;
#6094 = ADVANCED_FACE ( 'NONE', ( #2026 ), #1960, .T. ) ;
#6095 = CARTESIAN_POINT ( 'NONE',  ( 12.50000000000000000, 1.625849179933230637, 1.625406433278026030 ) ) ;
#6096 = FACE_OUTER_BOUND ( 'NONE', #1132, .T. ) ;
#6097 = MECHANICAL_DESIGN_GEOMETRIC_PRESENTATION_REPRESENTATION (  '', ( #6283 ), #3287 ) ;
#6098 = MECHANICAL_DESIGN_GEOMETRIC_PRESENTATION_REPRESENTATION (  '', ( #4642 ), #4963 ) ;
#6099 = CARTESIAN_POINT ( 'NONE',  ( 9.500000000000001776, 1.850152416059487104, 2.310170725897713329 ) ) ;
#6100 = EDGE_CURVE ( 'NONE', #175, #708, #3384, .T. ) ;
#6101 = FILL_AREA_STYLE_COLOUR ( '', #2675 ) ;
#6102 =( NAMED_UNIT ( * ) PLANE_ANGLE_UNIT ( ) SI_UNIT ( $, .RADIAN. ) );
#6103 = EDGE_LOOP ( 'NONE', ( #236, #27 ) ) ;
#6104 = ORIENTED_EDGE ( 'NONE', *, *, #6100, .F. ) ;
#6105 = PLANE ( 'NONE',  #2121 ) ;
#6106 = SURFACE_STYLE_FILL_AREA ( #4113 ) ;
#6107 = DIRECTION ( 'NONE',  ( 1.000000000000000000, 0.000000000000000000, 0.000000000000000000 ) ) ;
#6108 = PRESENTATION_LAYER_ASSIGNMENT (  '', '', ( #4973 ) ) ;
#6109 = CARTESIAN_POINT ( 'NONE',  ( 0.000000000000000000, -0.9536012874044283993, -1.700924626390192484 ) ) ;
#6110 = ORIENTED_EDGE ( 'NONE', *, *, #2165, .F. ) ;
#6111 = VERTEX_POINT ( 'NONE', #4853 ) ;
#6112 = CARTESIAN_POINT ( 'NONE',  ( 8.100000000000001421, 0.000000000000000000, 0.000000000000000000 ) ) ;
#6113 = DIRECTION ( 'NONE',  ( 0.000000000000000000, 2.398081733190337812E-14, 1.000000000000000000 ) ) ;
#6115 = FACE_OUTER_BOUND ( 'NONE', #5431, .T. ) ;
#6114 = MECHANICAL_DESIGN_GEOMETRIC_PRESENTATION_REPRESENTATION (  '', ( #1695 ), #1271 ) ;
#6116 = SURFACE_SIDE_STYLE ('',( #2541 ) ) ;
#6117 = EDGE_CURVE ( 'NONE', #4076, #3842, #5397, .T. ) ;
#6118 = ORIENTED_EDGE ( 'NONE', *, *, #3396, .F. ) ;
#6119 = COLOUR_RGB ( '',0.9372549019607843146, 0.8823529411764705621, 0.8823529411764705621 ) ;
#6120 = ORIENTED_EDGE ( 'NONE', *, *, #3840, .F. ) ;
#6121 = LINE ( 'NONE', #5033, #3853 ) ;
#6122 = DIRECTION ( 'NONE',  ( 0.000000000000000000, 0.000000000000000000, -1.000000000000000000 ) ) ;
#6123 = CARTESIAN_POINT ( 'NONE',  ( 0.000000000000000000, 2.084298718221028857, 1.868384002257875043 ) ) ;
#6124 = MECHANICAL_DESIGN_GEOMETRIC_PRESENTATION_REPRESENTATION (  '', ( #4069 ), #1705 ) ;
#6125 = CARTESIAN_POINT ( 'NONE',  ( 12.50000000000000000, -5.949181936419980055, -0.6000000000000005329 ) ) ;
#6126 = AXIS2_PLACEMENT_3D ( 'NONE', #1190, #5127, #2656 ) ;
#6127 = CARTESIAN_POINT ( 'NONE',  ( 3.000000000000000000, -1.948279784402757731, -2.028884253203181665 ) ) ;
#6128 = MECHANICAL_DESIGN_GEOMETRIC_PRESENTATION_REPRESENTATION (  '', ( #486 ), #5624 ) ;
#6129 = AXIS2_PLACEMENT_3D ( 'NONE', #4427, #3887, #1506 ) ;
#6130 = FILL_AREA_STYLE ('',( #796 ) ) ;
#6131 = DIRECTION ( 'NONE',  ( -1.000000000000000000, 0.000000000000000000, 0.000000000000000000 ) ) ;
#6132 = DIRECTION ( 'NONE',  ( 0.000000000000000000, 0.000000000000000000, -1.000000000000000000 ) ) ;
#6133 = SURFACE_STYLE_FILL_AREA ( #4667 ) ;
#6134 = ORIENTED_EDGE ( 'NONE', *, *, #133, .F. ) ;
#6135 = ORIENTED_EDGE ( 'NONE', *, *, #4159, .F. ) ;
#6136 = AXIS2_PLACEMENT_3D ( 'NONE', #5250, #915, #3330 ) ;
#6137 = EDGE_CURVE ( 'NONE', #3492, #2475, #5099, .T. ) ;
#6138 = DIRECTION ( 'NONE',  ( 0.000000000000000000, -1.858197974521601389E-16, 1.000000000000000000 ) ) ;
#6139 = CARTESIAN_POINT ( 'NONE',  ( 12.50000000000000000, -6.445457888637967869, 1.030209834226573307 ) ) ;
#6140 = DIRECTION ( 'NONE',  ( 1.000000000000000000, -0.000000000000000000, -0.000000000000000000 ) ) ;
#6141 = CARTESIAN_POINT ( 'NONE',  ( 0.000000000000000000, -2.015728281175274805, -1.924131555431600971 ) ) ;
#6142 = VERTEX_POINT ( 'NONE', #1159 ) ;
#6143 = AXIS2_PLACEMENT_3D ( 'NONE', #4233, #6211, #5269 ) ;
#6144 = ORIENTED_EDGE ( 'NONE', *, *, #1527, .F. ) ;
#6145 = DIRECTION ( 'NONE',  ( -1.000000000000000000, -0.000000000000000000, -0.000000000000000000 ) ) ;
#6146 = AXIS2_PLACEMENT_3D ( 'NONE', #2615, #4053, #1117 ) ;
#6147 = DIRECTION ( 'NONE',  ( 0.000000000000000000, 0.000000000000000000, 1.000000000000000000 ) ) ;
#6148 =( NAMED_UNIT ( * ) SI_UNIT ( $, .STERADIAN. ) SOLID_ANGLE_UNIT ( ) );
#6149 = CARTESIAN_POINT ( 'NONE',  ( 3.000000000000000000, 0.000000000000000000, 0.000000000000000000 ) ) ;
#6150 = AXIS2_PLACEMENT_3D ( 'NONE', #1920, #3898, #4282 ) ;
#6151 = UNCERTAINTY_MEASURE_WITH_UNIT (LENGTH_MEASURE( 1.000000000000000082E-05 ), #4638, 'distance_accuracy_value', 'NONE');
#6152 = ORIENTED_EDGE ( 'NONE', *, *, #112, .F. ) ;
#6153 = STYLED_ITEM ( 'NONE', ( #711 ), #3183 ) ;
#6154 = CARTESIAN_POINT ( 'NONE',  ( 3.000000000000000000, -5.303916665296939392, 2.424131555432305518 ) ) ;
#6155 = EDGE_CURVE ( 'NONE', #4845, #5167, #5815, .T. ) ;
#6156 = PLANE ( 'NONE',  #5125 ) ;
#6157 = FACE_OUTER_BOUND ( 'NONE', #767, .T. ) ;
#6158 = CARTESIAN_POINT ( 'NONE',  ( 9.000000000000001776, -9.449999999999999289, -1.192622389734054877E-15 ) ) ;
#6159 = COLOUR_RGB ( '',0.9372549019607843146, 0.8823529411764705621, 0.8823529411764705621 ) ;
#6160 = CARTESIAN_POINT ( 'NONE',  ( 3.000000000000000000, -5.949181936419980055, -0.5999999999999985345 ) ) ;
#6161 = PRESENTATION_STYLE_ASSIGNMENT (( #2320 ) ) ;
#6162 = UNCERTAINTY_MEASURE_WITH_UNIT (LENGTH_MEASURE( 1.000000000000000082E-05 ), #6058, 'distance_accuracy_value', 'NONE');
#6163 = EDGE_CURVE ( 'NONE', #2077, #916, #4989, .T. ) ;
#6164 = ADVANCED_FACE ( 'NONE', ( #657 ), #3623, .T. ) ;
#6165 =( LENGTH_UNIT ( ) NAMED_UNIT ( * ) SI_UNIT ( .MILLI., .METRE. ) );
#6166 = MECHANICAL_DESIGN_GEOMETRIC_PRESENTATION_REPRESENTATION (  '', ( #127 ), #2158 ) ;
#6167 = CARTESIAN_POINT ( 'NONE',  ( 3.000000000000000000, -5.950000000000000178, -7.286648454926751965E-16 ) ) ;
#6168 = SURFACE_SIDE_STYLE ('',( #4290 ) ) ;
#6169 = CARTESIAN_POINT ( 'NONE',  ( 0.6499999999999995781, 0.000000000000000000, 0.000000000000000000 ) ) ;
#6170 = ORIENTED_EDGE ( 'NONE', *, *, #2426, .T. ) ;
#6171 = COLOUR_RGB ( '',0.9372549019607843146, 0.8823529411764705621, 0.8823529411764705621 ) ;
#6172 = ORIENTED_EDGE ( 'NONE', *, *, #5990, .T. ) ;
#6173 = SURFACE_STYLE_FILL_AREA ( #709 ) ;
#6174 =( NAMED_UNIT ( * ) PLANE_ANGLE_UNIT ( ) SI_UNIT ( $, .RADIAN. ) );
#6175 = DIRECTION ( 'NONE',  ( -1.000000000000000000, 0.000000000000000000, 0.000000000000000000 ) ) ;
#6176 = CARTESIAN_POINT ( 'NONE',  ( 3.000000000000000000, -2.236639308303995932, 1.179614498202193884 ) ) ;
#6177 =( NAMED_UNIT ( * ) PLANE_ANGLE_UNIT ( ) SI_UNIT ( $, .RADIAN. ) );
#6178 = CARTESIAN_POINT ( 'NONE',  ( -0.5000000000000000000, -6.450000000000001066, 2.773391560421764486E-15 ) ) ;
#6179 = CARTESIAN_POINT ( 'NONE',  ( 0.000000000000000000, -6.422442313217244347, -1.465803793296738489 ) ) ;
#6180 = VERTEX_POINT ( 'NONE', #2570 ) ;
#6181 = ORIENTED_EDGE ( 'NONE', *, *, #2057, .F. ) ;
#6182 = SURFACE_SIDE_STYLE ('',( #5785 ) ) ;
#6183 = UNCERTAINTY_MEASURE_WITH_UNIT (LENGTH_MEASURE( 1.000000000000000082E-05 ), #4130, 'distance_accuracy_value', 'NONE');
#6184 = FILL_AREA_STYLE ('',( #3043 ) ) ;
#6185 = ORIENTED_EDGE ( 'NONE', *, *, #5078, .T. ) ;
#6186 = CARTESIAN_POINT ( 'NONE',  ( 3.000000000000000000, 1.032974534022083279, 2.221590333988931132 ) ) ;
#6187 = LINE ( 'NONE', #5737, #3654 ) ;
#6188 =( NAMED_UNIT ( * ) PLANE_ANGLE_UNIT ( ) SI_UNIT ( $, .RADIAN. ) );
#6189 = FILL_AREA_STYLE_COLOUR ( '', #5036 ) ;
#6190 = FILL_AREA_STYLE ('',( #5345 ) ) ;
#6191 = SURFACE_STYLE_USAGE ( .BOTH. , #5219 ) ;
#6192 = DIRECTION ( 'NONE',  ( -1.000000000000000000, -0.000000000000000000, -0.000000000000000000 ) ) ;
#6193 = STYLED_ITEM ( 'NONE', ( #2073 ), #1798 ) ;
#6194 = CARTESIAN_POINT ( 'NONE',  ( 9.500000000000001776, 0.000000000000000000, -1.949999999999999734 ) ) ;
#6195 = CARTESIAN_POINT ( 'NONE',  ( 0.000000000000000000, 1.087617498296270302, -2.196531237075769027 ) ) ;
#6196 = CARTESIAN_POINT ( 'NONE',  ( -0.5000000000000000000, 0.03649346519878907125, 2.449728194515685686 ) ) ;
#6197 = CARTESIAN_POINT ( 'NONE',  ( 12.50000000000000000, -1.031603706871464743, -1.670078913344185345 ) ) ;
#6198 = EDGE_CURVE ( 'NONE', #4972, #6082, #5480, .T. ) ;
#6199 = TOROIDAL_SURFACE ( 'NONE', #5177, 1.699999999999999956, 0.2500000000000000000 ) ;
#6200 = SURFACE_SIDE_STYLE ('',( #6289 ) ) ;
#6201 = CARTESIAN_POINT ( 'NONE',  ( 12.50000000000000000, -0.7599983375294265819, -0.7101240512251330017 ) ) ;
#6202 = FILL_AREA_STYLE_COLOUR ( '', #5835 ) ;
#6203 =( NAMED_UNIT ( * ) SI_UNIT ( $, .STERADIAN. ) SOLID_ANGLE_UNIT ( ) );
#6204 = CARTESIAN_POINT ( 'NONE',  ( 0.3999999999999993006, 0.000000000000000000, -0.1550331274601050857 ) ) ;
#6205 = CARTESIAN_POINT ( 'NONE',  ( 3.000000000000000000, -6.422442313217244347, -1.465803793296738489 ) ) ;
#6206 = ORIENTED_EDGE ( 'NONE', *, *, #2863, .T. ) ;
#6207 =( LENGTH_UNIT ( ) NAMED_UNIT ( * ) SI_UNIT ( .MILLI., .METRE. ) );
#6208 = ORIENTED_EDGE ( 'NONE', *, *, #2371, .T. ) ;
#6209 = AXIS2_PLACEMENT_3D ( 'NONE', #1423, #2854, #4828 ) ;
#6210 = LINE ( 'NONE', #2336, #2416 ) ;
#6211 = DIRECTION ( 'NONE',  ( 0.000000000000000000, -6.193993248405337552E-17, 1.000000000000000000 ) ) ;
#6212 = SURFACE_STYLE_USAGE ( .BOTH. , #5700 ) ;
#6213 = CARTESIAN_POINT ( 'NONE',  ( 0.000000000000000000, -5.511447537303415523, 2.424131555432306406 ) ) ;
#6214 = VERTEX_POINT ( 'NONE', #5094 ) ;
#6215 =( NAMED_UNIT ( * ) PLANE_ANGLE_UNIT ( ) SI_UNIT ( $, .RADIAN. ) );
#6216 = PLANE ( 'NONE',  #1644 ) ;
#6217 = CARTESIAN_POINT ( 'NONE',  ( 2.007359312880714786, 1.836970198721030181E-16, 1.500000000000000222 ) ) ;
#6218 = COLOUR_RGB ( '',0.9372549019607843146, 0.8823529411764705621, 0.8823529411764705621 ) ;
#6219 = PRODUCT_DEFINITION_FORMATION_WITH_SPECIFIED_SOURCE ( 'ANY', '', #2098, .NOT_KNOWN. ) ;
#6220 = CARTESIAN_POINT ( 'NONE',  ( 12.50000000000000000, -9.449999999999999289, -1.192622389734054877E-15 ) ) ;
#6221 = FILL_AREA_STYLE_COLOUR ( '', #444 ) ;
#6222 = SURFACE_STYLE_USAGE ( .BOTH. , #2356 ) ;
#6223 = FACE_OUTER_BOUND ( 'NONE', #2932, .T. ) ;
#6224 = CIRCLE ( 'NONE', #2514, 0.1550331274601050857 ) ;
#6225 = CARTESIAN_POINT ( 'NONE',  ( 0.000000000000000000, 1.425172436802283782, 1.660992101785016217 ) ) ;
#6226 = CARTESIAN_POINT ( 'NONE',  ( 12.50000000000000000, -5.950000000000000178, 7.286648454926751965E-16 ) ) ;
#6227 = COLOUR_RGB ( '',0.9372549019607843146, 0.8823529411764705621, 0.8823529411764705621 ) ;
#6228 = CARTESIAN_POINT ( 'NONE',  ( 12.50000000000000000, -5.511447537303412858, -2.424131555432306406 ) ) ;
#6229 = AXIS2_PLACEMENT_3D ( 'NONE', #387, #1265, #839 ) ;
#6230 = DIRECTION ( 'NONE',  ( -1.000000000000000000, 0.000000000000000000, 0.000000000000000000 ) ) ;
#6231 = ORIENTED_EDGE ( 'NONE', *, *, #4159, .T. ) ;
#6232 = STYLED_ITEM ( 'NONE', ( #4338 ), #423 ) ;
#6233 = EDGE_LOOP ( 'NONE', ( #5376, #1437, #2524, #1505, #6077 ) ) ;
#6234 = ADVANCED_FACE ( 'NONE', ( #4562 ), #4527, .F. ) ;
#6235 = SURFACE_STYLE_USAGE ( .BOTH. , #1338 ) ;
#6236 = CARTESIAN_POINT ( 'NONE',  ( 3.000000000000000000, -5.511447537303412858, 2.424131555432306406 ) ) ;
#6237 = FILL_AREA_STYLE_COLOUR ( '', #2215 ) ;
#6238 = DIRECTION ( 'NONE',  ( 0.000000000000000000, 0.000000000000000000, -1.000000000000000000 ) ) ;
#6239 = EDGE_LOOP ( 'NONE', ( #2467, #5508, #244, #6054 ) ) ;
#6240 =( GEOMETRIC_REPRESENTATION_CONTEXT ( 3 ) GLOBAL_UNCERTAINTY_ASSIGNED_CONTEXT ( ( #4789 ) ) GLOBAL_UNIT_ASSIGNED_CONTEXT ( ( #5664, #438, #4346 ) ) REPRESENTATION_CONTEXT ( 'NONE', 'WORKASPACE' ) );
#6241 =( NAMED_UNIT ( * ) SI_UNIT ( $, .STERADIAN. ) SOLID_ANGLE_UNIT ( ) );
#6242 = CARTESIAN_POINT ( 'NONE',  ( 0.000000000000000000, 1.204941612932368677, 2.159121886692098258 ) ) ;
#6243 = CARTESIAN_POINT ( 'NONE',  ( -0.5000000000000000000, 0.000000000000000000, 1.950000000002283684 ) ) ;
#6244 =( NAMED_UNIT ( * ) PLANE_ANGLE_UNIT ( ) SI_UNIT ( $, .RADIAN. ) );
#6245 = COLOUR_RGB ( '',0.7960784313725489669, 0.8235294117647058432, 0.9372549019607843146 ) ;
#6246 = CARTESIAN_POINT ( 'NONE',  ( 3.000000000000000000, 1.381018271236887252, 2.152131625433289397 ) ) ;
#6247 = DIRECTION ( 'NONE',  ( 1.000000000000000000, -0.000000000000000000, -0.000000000000000000 ) ) ;
#6248 = CARTESIAN_POINT ( 'NONE',  ( 9.500000000000001776, -9.449999999999999289, 0.5999999999999987566 ) ) ;
#6249 =( NAMED_UNIT ( * ) SI_UNIT ( $, .STERADIAN. ) SOLID_ANGLE_UNIT ( ) );
#6250 = AXIS2_PLACEMENT_3D ( 'NONE', #1662, #1138, #2097 ) ;
#6251 = MECHANICAL_DESIGN_GEOMETRIC_PRESENTATION_REPRESENTATION (  '', ( #3902 ), #724 ) ;
#6252 = CARTESIAN_POINT ( 'NONE',  ( 12.50000000000000000, -5.949181936419980055, -0.6000000000000005329 ) ) ;
#6253 = CARTESIAN_POINT ( 'NONE',  ( 9.500000000000001776, -2.282428645141570733, -2.102202052405789612 ) ) ;
#6254 = DIRECTION ( 'NONE',  ( 1.000000000000000000, -0.000000000000000000, 0.000000000000000000 ) ) ;
#6255 = DIRECTION ( 'NONE',  ( 0.000000000000000000, 0.000000000000000000, 1.000000000000000000 ) ) ;
#6256 = AXIS2_PLACEMENT_3D ( 'NONE', #3648, #5082, #3679 ) ;
#6257 = ORIENTED_EDGE ( 'NONE', *, *, #5121, .F. ) ;
#6258 = EDGE_LOOP ( 'NONE', ( #5299, #819, #1961, #1537 ) ) ;
#6259 = LINE ( 'NONE', #3686, #491 ) ;
#6260 = DIRECTION ( 'NONE',  ( 0.000000000000000000, 0.000000000000000000, -1.000000000000000000 ) ) ;
#6261 = CARTESIAN_POINT ( 'NONE',  ( 0.000000000000000000, 0.000000000000000000, 0.000000000000000000 ) ) ;
#6262 =( NAMED_UNIT ( * ) PLANE_ANGLE_UNIT ( ) SI_UNIT ( $, .RADIAN. ) );
#6263 = LINE ( 'NONE', #876, #991 ) ;
#6264 = CARTESIAN_POINT ( 'NONE',  ( 0.000000000000000000, -6.183689156484496685, 2.146661974746719714 ) ) ;
#6265 = EDGE_CURVE ( 'NONE', #4483, #3220, #3841, .T. ) ;
#6266 = ORIENTED_EDGE ( 'NONE', *, *, #3140, .F. ) ;
#6267 = CARTESIAN_POINT ( 'NONE',  ( 9.500000000000001776, -0.9536012874044283993, 1.700924626390192484 ) ) ;
#6268 = SURFACE_STYLE_FILL_AREA ( #822 ) ;
#6269 = FILL_AREA_STYLE_COLOUR ( '', #538 ) ;
#6270 = SURFACE_STYLE_FILL_AREA ( #6190 ) ;
#6271 = CARTESIAN_POINT ( 'NONE',  ( 9.500000000000001776, 1.425172436802283560, -0.5999999999999994227 ) ) ;
#6272 = EDGE_CURVE ( 'NONE', #3564, #4845, #1494, .T. ) ;
#6273 = CARTESIAN_POINT ( 'NONE',  ( 11.85000000000000142, 0.000000000000000000, -0.4050331274601051135 ) ) ;
#6274 = ORIENTED_EDGE ( 'NONE', *, *, #1601, .F. ) ;
#6275 = PRESENTATION_STYLE_ASSIGNMENT (( #5773 ) ) ;
#6276 = FILL_AREA_STYLE_COLOUR ( '', #1572 ) ;
#6277 = CARTESIAN_POINT ( 'NONE',  ( 12.50000000000000000, -6.449162802238361358, -0.6000000000000006439 ) ) ;
#6278 = CARTESIAN_POINT ( 'NONE',  ( 0.000000000000000000, -0.9802345712809495959, 1.690103278615944893 ) ) ;
#6279 = CARTESIAN_POINT ( 'NONE',  ( 9.500000000000001776, -6.449162802206574341, 0.5999999999999985345 ) ) ;
#6280 = MECHANICAL_DESIGN_GEOMETRIC_PRESENTATION_REPRESENTATION (  '', ( #4951 ), #2185 ) ;
#6281 = LINE ( 'NONE', #5812, #3532 ) ;
#6282 = ORIENTED_EDGE ( 'NONE', *, *, #3591, .T. ) ;
#6283 = STYLED_ITEM ( 'NONE', ( #4930 ), #1949 ) ;
#6284 = CARTESIAN_POINT ( 'NONE',  ( 12.50000000000000000, 0.000000000000000000, 0.000000000000000000 ) ) ;
#6285 = VERTEX_POINT ( 'NONE', #5758 ) ;
#6286 =( NAMED_UNIT ( * ) PLANE_ANGLE_UNIT ( ) SI_UNIT ( $, .RADIAN. ) );
#6287 = FACE_OUTER_BOUND ( 'NONE', #3184, .T. ) ;
#6288 = COLOUR_RGB ( '',0.9372549019607843146, 0.8823529411764705621, 0.8823529411764705621 ) ;
#6289 = SURFACE_STYLE_FILL_AREA ( #344 ) ;
#6290 = ORIENTED_EDGE ( 'NONE', *, *, #2535, .T. ) ;
#6291 = PRESENTATION_LAYER_ASSIGNMENT (  '', '', ( #2883 ) ) ;
#6292 = B_SPLINE_SURFACE_WITH_KNOTS ( 'NONE', 3, 1, ( 
 ( #18, #115 ),
 ( #2961, #2420 ),
 ( #4390, #1943 ),
 ( #1461, #989 ),
 ( #2928, #6012 ),
 ( #3576, #5138 ),
 ( #6099, #734 ) ),
 .UNSPECIFIED., .F., .F., .F.,
 ( 4, 1, 1, 1, 4 ),
 ( 2, 2 ),
 ( 0.001225663607282756300, 0.2509192477054620340, 0.5006128318036413560, 0.7503064159018206780, 1.000000000000000000 ),
 ( 0.000000000000000000, 1.000000000000000000 ),
 .UNSPECIFIED. ) ;
#6293 = LINE ( 'NONE', #4728, #2822 ) ;
#6294 = EDGE_CURVE ( 'NONE', #807, #3863, #2832, .T. ) ;
#6295 =( LENGTH_UNIT ( ) NAMED_UNIT ( * ) SI_UNIT ( .MILLI., .METRE. ) );
#6296 =( GEOMETRIC_REPRESENTATION_CONTEXT ( 3 ) GLOBAL_UNCERTAINTY_ASSIGNED_CONTEXT ( ( #5576 ) ) GLOBAL_UNIT_ASSIGNED_CONTEXT ( ( #3302, #384, #6249 ) ) REPRESENTATION_CONTEXT ( 'NONE', 'WORKASPACE' ) );
#6297 = SURFACE_SIDE_STYLE ('',( #378 ) ) ;
#6298 = PRESENTATION_STYLE_ASSIGNMENT (( #2913 ) ) ;
#6299 = VERTEX_POINT ( 'NONE', #3382 ) ;
#6300 =( GEOMETRIC_REPRESENTATION_CONTEXT ( 3 ) GLOBAL_UNCERTAINTY_ASSIGNED_CONTEXT ( ( #5054 ) ) GLOBAL_UNIT_ASSIGNED_CONTEXT ( ( #1791, #5731, #2307 ) ) REPRESENTATION_CONTEXT ( 'NONE', 'WORKASPACE' ) );
#6301 = DIRECTION ( 'NONE',  ( 0.000000000000000000, 0.000000000000000000, 1.000000000000000000 ) ) ;
#6302 = EDGE_CURVE ( 'NONE', #1887, #6025, #2610, .T. ) ;
#6303 = UNCERTAINTY_MEASURE_WITH_UNIT (LENGTH_MEASURE( 1.000000000000000082E-05 ), #5582, 'distance_accuracy_value', 'NONE');
#6304 = CARTESIAN_POINT ( 'NONE',  ( 9.500000000000001776, -6.331521131136688574, 1.847389710217548053 ) ) ;
#6305 =( LENGTH_UNIT ( ) NAMED_UNIT ( * ) SI_UNIT ( .MILLI., .METRE. ) );
#6306 =( NAMED_UNIT ( * ) SI_UNIT ( $, .STERADIAN. ) SOLID_ANGLE_UNIT ( ) );
#6307 = AXIS2_PLACEMENT_3D ( 'NONE', #2473, #1448, #1062 ) ;
#6308 = LINE ( 'NONE', #3374, #1365 ) ;
#6309 =( NAMED_UNIT ( * ) PLANE_ANGLE_UNIT ( ) SI_UNIT ( $, .RADIAN. ) );
#6310 = MECHANICAL_DESIGN_GEOMETRIC_PRESENTATION_REPRESENTATION (  '', ( #683 ), #3538 ) ;
#6311 = UNCERTAINTY_MEASURE_WITH_UNIT (LENGTH_MEASURE( 1.000000000000000082E-05 ), #1942, 'distance_accuracy_value', 'NONE');
#6312 = MECHANICAL_DESIGN_GEOMETRIC_PRESENTATION_REPRESENTATION (  '', ( #5511 ), #5293 ) ;
#6313 = LINE ( 'NONE', #1904, #5958 ) ;
#6314 =( NAMED_UNIT ( * ) SI_UNIT ( $, .STERADIAN. ) SOLID_ANGLE_UNIT ( ) );
#6315 = CARTESIAN_POINT ( 'NONE',  ( 12.50000000000000000, -6.449162802206574341, 0.5999999999999989786 ) ) ;
#6316 = ORIENTED_EDGE ( 'NONE', *, *, #785, .T. ) ;
#6317 = CIRCLE ( 'NONE', #889, 2.450000000001589129 ) ;
#6318 = VERTEX_POINT ( 'NONE', #5727 ) ;
#6319 = VECTOR ( 'NONE', #3237, 1000.000000000000000 ) ;
#6320 = DIRECTION ( 'NONE',  ( 0.000000000000000000, 1.000000000000000000, -7.004112811828866349E-15 ) ) ;
#6321 = SURFACE_STYLE_USAGE ( .BOTH. , #4977 ) ;
#6322 = CARTESIAN_POINT ( 'NONE',  ( 3.000000000000000000, -1.168370712318190341, 2.153464622091685321 ) ) ;
#6323 = FILL_AREA_STYLE_COLOUR ( '', #3645 ) ;
#6324 = PRESENTATION_LAYER_ASSIGNMENT (  '', '', ( #6232 ) ) ;
#6325 = ORIENTED_EDGE ( 'NONE', *, *, #6272, .F. ) ;
ENDSEC;
END-ISO-10303-21;
